version 1
nodes
0 "root" -1
end
skeleton
time 0
0 0.000000 0.000000 0.000000 0.000000 0.000000 0.000000
end
triangles
caja_madera
0 -15.748000 23.622000 0.000000 0.000000 1.000000 0.000000 0.716834 0.943135 1 0 1.0
0 -15.748000 23.622000 23.622000 0.000000 1.000000 0.000000 0.716834 0.812315 1 0 1.0
0 -13.779500 23.622000 23.622000 0.000000 1.000000 0.000000 0.716834 0.812315 1 0 1.0
caja_madera
0 -15.748000 23.622000 0.000000 0.000000 1.000000 0.000000 0.716834 0.943135 1 0 1.0
0 -13.779500 23.622000 23.622000 0.000000 1.000000 0.000000 0.716834 0.812315 1 0 1.0
0 -13.779500 23.622000 -0.000000 0.000000 1.000000 0.000000 0.716834 0.943135 1 0 1.0
caja_madera
0 -13.779500 23.622000 -0.000000 1.000000 -0.000000 -0.000000 0.716834 0.943135 1 0 1.0
0 -13.779500 23.622000 23.622000 1.000000 -0.000000 -0.000000 0.716834 0.812315 1 0 1.0
0 -13.779500 21.653500 23.622000 1.000000 -0.000000 -0.000000 0.727736 0.812315 1 0 1.0
caja_madera
0 -13.779500 23.622000 -0.000000 1.000000 -0.000000 -0.000000 0.716834 0.943135 1 0 1.0
0 -13.779500 21.653500 23.622000 1.000000 -0.000000 -0.000000 0.727736 0.812315 1 0 1.0
0 -13.779500 21.653500 -0.000000 1.000000 -0.000000 -0.000000 0.727736 0.943135 1 0 1.0
caja_madera
0 -13.779500 21.653500 -0.000000 0.000000 -1.000000 0.000000 0.754252 0.943135 1 0 1.0
0 -13.779500 21.653500 23.622000 0.000000 -1.000000 0.000000 0.754252 0.812315 1 0 1.0
0 -15.748000 21.653500 23.622000 0.000000 -1.000000 0.000000 0.754252 0.812315 1 0 1.0
caja_madera
0 -13.779500 21.653500 -0.000000 0.000000 -1.000000 0.000000 0.754252 0.943135 1 0 1.0
0 -15.748000 21.653500 23.622000 0.000000 -1.000000 0.000000 0.754252 0.812315 1 0 1.0
0 -15.748000 21.653500 0.000000 0.000000 -1.000000 0.000000 0.754252 0.943135 1 0 1.0
caja_madera
0 -15.748000 21.653500 0.000000 -1.000000 -0.000000 0.000000 0.754252 0.943135 1 0 1.0
0 -15.748000 21.653500 23.622000 -1.000000 -0.000000 0.000000 0.754252 0.812315 1 0 1.0
0 -15.748000 23.622000 23.622000 -1.000000 -0.000000 0.000000 0.765154 0.812315 1 0 1.0
caja_madera
0 -15.748000 21.653500 0.000000 -1.000000 -0.000000 0.000000 0.754252 0.943135 1 0 1.0
0 -15.748000 23.622000 23.622000 -1.000000 -0.000000 0.000000 0.765154 0.812315 1 0 1.0
0 -15.748000 23.622000 0.000000 -1.000000 -0.000000 0.000000 0.765154 0.943135 1 0 1.0
caja_madera
0 -13.779500 23.622000 -0.000000 -0.000000 -0.000000 -1.000000 0.765154 0.943135 1 0 1.0
0 -13.779500 21.653500 -0.000000 -0.000000 -0.000000 -1.000000 0.754252 0.943135 1 0 1.0
0 -15.748000 21.653500 0.000000 -0.000000 -0.000000 -1.000000 0.754252 0.943135 1 0 1.0
caja_madera
0 -13.779500 23.622000 -0.000000 -0.000000 -0.000000 -1.000000 0.765154 0.943135 1 0 1.0
0 -15.748000 21.653500 0.000000 -0.000000 -0.000000 -1.000000 0.754252 0.943135 1 0 1.0
0 -15.748000 23.622000 0.000000 -0.000000 -0.000000 -1.000000 0.765154 0.943135 1 0 1.0
caja_madera
0 -13.779500 21.653500 23.622000 0.000000 -0.000000 1.000000 0.727736 0.812315 1 0 1.0
0 -13.779500 23.622000 23.622000 0.000000 -0.000000 1.000000 0.716834 0.812315 1 0 1.0
0 -15.748000 23.622000 23.622000 0.000000 -0.000000 1.000000 0.716834 0.812315 1 0 1.0
caja_madera
0 -13.779500 21.653500 23.622000 0.000000 -0.000000 1.000000 0.727736 0.812315 1 0 1.0
0 -15.748000 23.622000 23.622000 0.000000 -0.000000 1.000000 0.716834 0.812315 1 0 1.0
0 -15.748000 21.653500 23.622000 0.000000 -0.000000 1.000000 0.727736 0.812315 1 0 1.0
caja_madera
0 13.779500 23.622000 -0.000000 0.000000 1.000000 0.000000 0.791670 0.943135 1 0 1.0
0 13.779500 23.622000 23.622000 0.000000 1.000000 0.000000 0.791670 0.812315 1 0 1.0
0 15.748000 23.622000 23.622000 0.000000 1.000000 0.000000 0.791670 0.812315 1 0 1.0
caja_madera
0 13.779500 23.622000 -0.000000 0.000000 1.000000 0.000000 0.791670 0.943135 1 0 1.0
0 15.748000 23.622000 23.622000 0.000000 1.000000 0.000000 0.791670 0.812315 1 0 1.0
0 15.748000 23.622000 -0.000000 0.000000 1.000000 0.000000 0.791670 0.943135 1 0 1.0
caja_madera
0 15.748000 23.622000 -0.000000 1.000000 -0.000000 -0.000000 0.791670 0.943135 1 0 1.0
0 15.748000 23.622000 23.622000 1.000000 -0.000000 -0.000000 0.791670 0.812315 1 0 1.0
0 15.748000 21.653500 23.622000 1.000000 -0.000000 -0.000000 0.802572 0.812316 1 0 1.0
caja_madera
0 15.748000 23.622000 -0.000000 1.000000 -0.000000 -0.000000 0.791670 0.943135 1 0 1.0
0 15.748000 21.653500 23.622000 1.000000 -0.000000 -0.000000 0.802572 0.812316 1 0 1.0
0 15.748000 21.653500 -0.000000 1.000000 -0.000000 -0.000000 0.802572 0.943135 1 0 1.0
caja_madera
0 15.748000 21.653500 -0.000000 0.000000 -1.000000 0.000000 0.802572 0.943135 1 0 1.0
0 15.748000 21.653500 23.622000 0.000000 -1.000000 0.000000 0.802572 0.812316 1 0 1.0
0 13.779500 21.653500 23.622000 0.000000 -1.000000 0.000000 0.802572 0.812315 1 0 1.0
caja_madera
0 15.748000 21.653500 -0.000000 0.000000 -1.000000 0.000000 0.802572 0.943135 1 0 1.0
0 13.779500 21.653500 23.622000 0.000000 -1.000000 0.000000 0.802572 0.812315 1 0 1.0
0 13.779500 21.653500 -0.000000 0.000000 -1.000000 0.000000 0.802572 0.943135 1 0 1.0
caja_madera
0 13.779500 21.653500 -0.000000 -1.000000 -0.000000 0.000000 0.829088 0.943135 1 0 1.0
0 13.779500 21.653500 23.622000 -1.000000 -0.000000 0.000000 0.829088 0.812315 1 0 1.0
0 13.779500 23.622000 23.622000 -1.000000 -0.000000 0.000000 0.839989 0.812315 1 0 1.0
caja_madera
0 13.779500 21.653500 -0.000000 -1.000000 -0.000000 0.000000 0.829088 0.943135 1 0 1.0
0 13.779500 23.622000 23.622000 -1.000000 -0.000000 0.000000 0.839989 0.812315 1 0 1.0
0 13.779500 23.622000 -0.000000 -1.000000 -0.000000 0.000000 0.839989 0.943135 1 0 1.0
caja_madera
0 15.748000 23.622000 -0.000000 -0.000000 -0.000000 -1.000000 0.839989 0.943135 1 0 1.0
0 15.748000 21.653500 -0.000000 -0.000000 -0.000000 -1.000000 0.829088 0.943135 1 0 1.0
0 13.779500 21.653500 -0.000000 -0.000000 -0.000000 -1.000000 0.829088 0.943135 1 0 1.0
caja_madera
0 15.748000 23.622000 -0.000000 -0.000000 -0.000000 -1.000000 0.839989 0.943135 1 0 1.0
0 13.779500 21.653500 -0.000000 -0.000000 -0.000000 -1.000000 0.829088 0.943135 1 0 1.0
0 13.779500 23.622000 -0.000000 -0.000000 -0.000000 -1.000000 0.839989 0.943135 1 0 1.0
caja_madera
0 15.748000 21.653500 23.622000 0.000000 -0.000000 1.000000 0.802572 0.812316 1 0 1.0
0 15.748000 23.622000 23.622000 0.000000 -0.000000 1.000000 0.791670 0.812315 1 0 1.0
0 13.779500 23.622000 23.622000 0.000000 -0.000000 1.000000 0.791670 0.812315 1 0 1.0
caja_madera
0 15.748000 21.653500 23.622000 0.000000 -0.000000 1.000000 0.802572 0.812316 1 0 1.0
0 13.779500 23.622000 23.622000 0.000000 -0.000000 1.000000 0.791670 0.812315 1 0 1.0
0 13.779500 21.653500 23.622000 0.000000 -0.000000 1.000000 0.802572 0.812315 1 0 1.0
caja_madera
0 -15.748000 -21.653500 0.000000 0.000000 1.000000 0.000000 0.866506 0.943135 1 0 1.0
0 -15.748000 -21.653500 23.622000 0.000000 1.000000 0.000000 0.866506 0.812315 1 0 1.0
0 -13.779500 -21.653500 23.622000 0.000000 1.000000 0.000000 0.866506 0.812315 1 0 1.0
caja_madera
0 -15.748000 -21.653500 0.000000 0.000000 1.000000 0.000000 0.866506 0.943135 1 0 1.0
0 -13.779500 -21.653500 23.622000 0.000000 1.000000 0.000000 0.866506 0.812315 1 0 1.0
0 -13.779500 -21.653500 -0.000000 0.000000 1.000000 0.000000 0.866506 0.943135 1 0 1.0
caja_madera
0 -13.779500 -21.653500 -0.000000 1.000000 -0.000000 -0.000000 0.866506 0.943135 1 0 1.0
0 -13.779500 -21.653500 23.622000 1.000000 -0.000000 -0.000000 0.866506 0.812315 1 0 1.0
0 -13.779500 -23.622000 23.622000 1.000000 -0.000000 -0.000000 0.877407 0.812315 1 0 1.0
caja_madera
0 -13.779500 -21.653500 -0.000000 1.000000 -0.000000 -0.000000 0.866506 0.943135 1 0 1.0
0 -13.779500 -23.622000 23.622000 1.000000 -0.000000 -0.000000 0.877407 0.812315 1 0 1.0
0 -13.779500 -23.622000 -0.000000 1.000000 -0.000000 -0.000000 0.877407 0.943135 1 0 1.0
caja_madera
0 -13.779500 -23.622000 -0.000000 0.000000 -1.000000 0.000000 0.947966 0.698586 1 0 1.0
0 -13.779500 -23.622000 23.622000 0.000000 -1.000000 0.000000 0.947966 0.567766 1 0 1.0
0 -15.748000 -23.622000 23.622000 0.000000 -1.000000 0.000000 0.947966 0.567766 1 0 1.0
caja_madera
0 -13.779500 -23.622000 -0.000000 0.000000 -1.000000 0.000000 0.947966 0.698586 1 0 1.0
0 -15.748000 -23.622000 23.622000 0.000000 -1.000000 0.000000 0.947966 0.567766 1 0 1.0
0 -15.748000 -23.622000 0.000000 0.000000 -1.000000 0.000000 0.947966 0.698586 1 0 1.0
caja_madera
0 -15.748000 -23.622000 0.000000 -1.000000 -0.000000 0.000000 0.947966 0.698586 1 0 1.0
0 -15.748000 -23.622000 23.622000 -1.000000 -0.000000 0.000000 0.947966 0.567766 1 0 1.0
0 -15.748000 -21.653500 23.622000 -1.000000 -0.000000 0.000000 0.958868 0.567766 1 0 1.0
caja_madera
0 -15.748000 -23.622000 0.000000 -1.000000 -0.000000 0.000000 0.947966 0.698586 1 0 1.0
0 -15.748000 -21.653500 23.622000 -1.000000 -0.000000 0.000000 0.958868 0.567766 1 0 1.0
0 -15.748000 -21.653500 0.000000 -1.000000 -0.000000 0.000000 0.958868 0.698586 1 0 1.0
caja_madera
0 -13.779500 -21.653500 -0.000000 -0.000000 -0.000000 -1.000000 0.958868 0.698586 1 0 1.0
0 -13.779500 -23.622000 -0.000000 -0.000000 -0.000000 -1.000000 0.947966 0.698586 1 0 1.0
0 -15.748000 -23.622000 0.000000 -0.000000 -0.000000 -1.000000 0.947966 0.698586 1 0 1.0
caja_madera
0 -13.779500 -21.653500 -0.000000 -0.000000 -0.000000 -1.000000 0.958868 0.698586 1 0 1.0
0 -15.748000 -23.622000 0.000000 -0.000000 -0.000000 -1.000000 0.947966 0.698586 1 0 1.0
0 -15.748000 -21.653500 0.000000 -0.000000 -0.000000 -1.000000 0.958868 0.698586 1 0 1.0
caja_madera
0 -13.779500 -23.622000 23.622000 0.000000 -0.000000 1.000000 0.877407 0.812315 1 0 1.0
0 -13.779500 -21.653500 23.622000 0.000000 -0.000000 1.000000 0.866506 0.812315 1 0 1.0
0 -15.748000 -21.653500 23.622000 0.000000 -0.000000 1.000000 0.866506 0.812315 1 0 1.0
caja_madera
0 -13.779500 -23.622000 23.622000 0.000000 -0.000000 1.000000 0.877407 0.812315 1 0 1.0
0 -15.748000 -21.653500 23.622000 0.000000 -0.000000 1.000000 0.866506 0.812315 1 0 1.0
0 -15.748000 -23.622000 23.622000 0.000000 -0.000000 1.000000 0.877407 0.812315 1 0 1.0
caja_madera
0 13.779500 -21.653500 -0.000000 0.000000 1.000000 0.000000 0.641998 0.943135 1 0 1.0
0 13.779500 -21.653500 23.622000 0.000000 1.000000 0.000000 0.641998 0.812315 1 0 1.0
0 15.748000 -21.653500 23.622000 0.000000 1.000000 0.000000 0.641998 0.812315 1 0 1.0
caja_madera
0 13.779500 -21.653500 -0.000000 0.000000 1.000000 0.000000 0.641998 0.943135 1 0 1.0
0 15.748000 -21.653500 23.622000 0.000000 1.000000 0.000000 0.641998 0.812315 1 0 1.0
0 15.748000 -21.653500 -0.000000 0.000000 1.000000 0.000000 0.641998 0.943135 1 0 1.0
caja_madera
0 15.748000 -21.653500 -0.000000 1.000000 -0.000000 -0.000000 0.641998 0.943135 1 0 1.0
0 15.748000 -21.653500 23.622000 1.000000 -0.000000 -0.000000 0.641998 0.812315 1 0 1.0
0 15.748000 -23.622000 23.622000 1.000000 -0.000000 -0.000000 0.652900 0.812315 1 0 1.0
caja_madera
0 15.748000 -21.653500 -0.000000 1.000000 -0.000000 -0.000000 0.641998 0.943135 1 0 1.0
0 15.748000 -23.622000 23.622000 1.000000 -0.000000 -0.000000 0.652900 0.812315 1 0 1.0
0 15.748000 -23.622000 -0.000000 1.000000 -0.000000 -0.000000 0.652900 0.943135 1 0 1.0
caja_madera
0 15.748000 -23.622000 -0.000000 0.000001 -1.000000 -0.000000 0.652900 0.943135 1 0 1.0
0 15.748000 -23.622000 23.622000 0.000001 -1.000000 -0.000000 0.652900 0.812315 1 0 1.0
0 13.779500 -23.622000 23.622000 0.000001 -1.000000 -0.000000 0.652900 0.812316 1 0 1.0
caja_madera
0 15.748000 -23.622000 -0.000000 0.000001 -1.000000 -0.000000 0.652900 0.943135 1 0 1.0
0 13.779500 -23.622000 23.622000 0.000001 -1.000000 -0.000000 0.652900 0.812316 1 0 1.0
0 13.779500 -23.622000 -0.000000 0.000001 -1.000000 -0.000000 0.652900 0.943135 1 0 1.0
caja_madera
0 13.779500 -23.622000 -0.000000 -1.000000 -0.000000 0.000000 0.679416 0.943135 1 0 1.0
0 13.779500 -23.622000 23.622000 -1.000000 -0.000000 0.000000 0.679416 0.812315 1 0 1.0
0 13.779500 -21.653500 23.622000 -1.000000 -0.000000 0.000000 0.690318 0.812315 1 0 1.0
caja_madera
0 13.779500 -23.622000 -0.000000 -1.000000 -0.000000 0.000000 0.679416 0.943135 1 0 1.0
0 13.779500 -21.653500 23.622000 -1.000000 -0.000000 0.000000 0.690318 0.812315 1 0 1.0
0 13.779500 -21.653500 -0.000000 -1.000000 -0.000000 0.000000 0.690318 0.943135 1 0 1.0
caja_madera
0 15.748000 -21.653500 -0.000000 -0.000000 -0.000000 -1.000000 0.690318 0.943135 1 0 1.0
0 15.748000 -23.622000 -0.000000 -0.000000 -0.000000 -1.000000 0.679416 0.943135 1 0 1.0
0 13.779500 -23.622000 -0.000000 -0.000000 -0.000000 -1.000000 0.679416 0.943135 1 0 1.0
caja_madera
0 15.748000 -21.653500 -0.000000 -0.000000 -0.000000 -1.000000 0.690318 0.943135 1 0 1.0
0 13.779500 -23.622000 -0.000000 -0.000000 -0.000000 -1.000000 0.679416 0.943135 1 0 1.0
0 13.779500 -21.653500 -0.000000 -0.000000 -0.000000 -1.000000 0.690318 0.943135 1 0 1.0
caja_madera
0 15.748000 -23.622000 23.622000 -0.000000 -0.000000 1.000000 0.679416 0.812315 1 0 1.0
0 15.748000 -21.653500 23.622000 -0.000000 -0.000000 1.000000 0.690318 0.812315 1 0 1.0
0 13.779500 -21.653500 23.622000 -0.000000 -0.000000 1.000000 0.690318 0.812315 1 0 1.0
caja_madera
0 15.748000 -23.622000 23.622000 -0.000000 -0.000000 1.000000 0.679416 0.812315 1 0 1.0
0 13.779500 -21.653500 23.622000 -0.000000 -0.000000 1.000000 0.690318 0.812315 1 0 1.0
0 13.779500 -23.622000 23.622000 -0.000000 -0.000000 1.000000 0.679416 0.812315 1 0 1.0
caja_madera
0 14.881860 21.653500 0.787400 0.000000 1.000000 0.000000 0.669253 0.519447 1 0 1.0
0 14.881860 21.653500 5.708650 0.000000 1.000000 0.000000 0.641998 0.519447 1 0 1.0
0 15.748000 21.653500 5.708650 0.000000 1.000000 0.000000 0.641998 0.519447 1 0 1.0
caja_madera
0 14.881860 21.653500 0.787400 0.000000 1.000000 0.000000 0.669253 0.519447 1 0 1.0
0 15.748000 21.653500 5.708650 0.000000 1.000000 0.000000 0.641998 0.519447 1 0 1.0
0 15.748000 21.653500 0.787400 0.000000 1.000000 0.000000 0.669253 0.519447 1 0 1.0
caja_madera
0 15.748000 21.653500 0.787400 1.000000 -0.000000 -0.000000 0.669253 0.519447 1 0 1.0
0 15.748000 21.653500 5.708650 1.000000 -0.000000 -0.000000 0.641998 0.519447 1 0 1.0
0 15.748000 -21.653500 5.708650 1.000000 -0.000000 -0.000000 0.641999 0.279611 1 0 1.0
caja_madera
0 15.748000 21.653500 0.787400 1.000000 -0.000000 -0.000000 0.669253 0.519447 1 0 1.0
0 15.748000 -21.653500 5.708650 1.000000 -0.000000 -0.000000 0.641999 0.279611 1 0 1.0
0 15.748000 -21.653500 0.787400 1.000000 -0.000000 -0.000000 0.669253 0.279611 1 0 1.0
caja_madera
0 15.748000 -21.653500 0.787400 0.000000 -1.000000 0.000000 0.412443 0.831150 1 0 1.0
0 15.748000 -21.653500 5.708650 0.000000 -1.000000 0.000000 0.385189 0.831150 1 0 1.0
0 14.881860 -21.653500 5.708650 0.000000 -1.000000 0.000000 0.385189 0.831150 1 0 1.0
caja_madera
0 15.748000 -21.653500 0.787400 0.000000 -1.000000 0.000000 0.412443 0.831150 1 0 1.0
0 14.881860 -21.653500 5.708650 0.000000 -1.000000 0.000000 0.385189 0.831150 1 0 1.0
0 14.881860 -21.653500 0.787400 0.000000 -1.000000 0.000000 0.412443 0.831150 1 0 1.0
caja_madera
0 14.881860 -21.653500 0.787400 -1.000000 -0.000000 0.000000 0.412443 0.831150 1 0 1.0
0 14.881860 -21.653500 5.708650 -1.000000 -0.000000 0.000000 0.385189 0.831150 1 0 1.0
0 14.881860 21.653500 5.708650 -1.000000 -0.000000 0.000000 0.385189 0.591314 1 0 1.0
caja_madera
0 14.881860 -21.653500 0.787400 -1.000000 -0.000000 0.000000 0.412443 0.831150 1 0 1.0
0 14.881860 21.653500 5.708650 -1.000000 -0.000000 0.000000 0.385189 0.591314 1 0 1.0
0 14.881860 21.653500 0.787400 -1.000000 -0.000000 0.000000 0.412443 0.591314 1 0 1.0
caja_madera
0 15.748000 21.653500 0.787400 -0.000000 -0.000000 -1.000000 0.412443 0.591314 1 0 1.0
0 15.748000 -21.653500 0.787400 -0.000000 -0.000000 -1.000000 0.412443 0.831150 1 0 1.0
0 14.881860 -21.653500 0.787400 -0.000000 -0.000000 -1.000000 0.412443 0.831150 1 0 1.0
caja_madera
0 15.748000 21.653500 0.787400 -0.000000 -0.000000 -1.000000 0.412443 0.591314 1 0 1.0
0 14.881860 -21.653500 0.787400 -0.000000 -0.000000 -1.000000 0.412443 0.831150 1 0 1.0
0 14.881860 21.653500 0.787400 -0.000000 -0.000000 -1.000000 0.412443 0.591314 1 0 1.0
caja_madera
0 15.748000 -21.653500 5.708650 0.000000 -0.000000 1.000000 0.641999 0.279611 1 0 1.0
0 15.748000 21.653500 5.708650 0.000000 -0.000000 1.000000 0.641998 0.519447 1 0 1.0
0 14.881860 21.653500 5.708650 0.000000 -0.000000 1.000000 0.641998 0.519447 1 0 1.0
caja_madera
0 15.748000 -21.653500 5.708650 0.000000 -0.000000 1.000000 0.641999 0.279611 1 0 1.0
0 14.881860 21.653500 5.708650 0.000000 -0.000000 1.000000 0.641998 0.519447 1 0 1.0
0 14.881860 -21.653500 5.708650 0.000000 -0.000000 1.000000 0.641999 0.279611 1 0 1.0
caja_madera
0 -15.748000 21.653500 0.787400 0.000000 1.000000 0.000000 0.723023 0.253094 1 0 1.0
0 -15.748000 21.653500 5.708650 0.000000 1.000000 0.000000 0.695769 0.253094 1 0 1.0
0 -14.881860 21.653500 5.708650 0.000000 1.000000 0.000000 0.695769 0.253094 1 0 1.0
caja_madera
0 -15.748000 21.653500 0.787400 0.000000 1.000000 0.000000 0.723023 0.253094 1 0 1.0
0 -14.881860 21.653500 5.708650 0.000000 1.000000 0.000000 0.695769 0.253094 1 0 1.0
0 -14.881860 21.653500 0.787400 0.000000 1.000000 0.000000 0.723023 0.253094 1 0 1.0
caja_madera
0 -14.881860 21.653500 0.787400 1.000000 -0.000000 -0.000000 0.723023 0.253094 1 0 1.0
0 -14.881860 21.653500 5.708650 1.000000 -0.000000 -0.000000 0.695769 0.253094 1 0 1.0
0 -14.881860 -21.653500 5.708650 1.000000 -0.000000 -0.000000 0.695769 0.013258 1 0 1.0
caja_madera
0 -14.881860 21.653500 0.787400 1.000000 -0.000000 -0.000000 0.723023 0.253094 1 0 1.0
0 -14.881860 -21.653500 5.708650 1.000000 -0.000000 -0.000000 0.695769 0.013258 1 0 1.0
0 -14.881860 -21.653500 0.787400 1.000000 -0.000000 -0.000000 0.723023 0.013258 1 0 1.0
caja_madera
0 -14.881860 -21.653500 0.787400 0.000000 -1.000000 0.000000 0.723023 0.519447 1 0 1.0
0 -14.881860 -21.653500 5.708650 0.000000 -1.000000 0.000000 0.695769 0.519447 1 0 1.0
0 -15.748000 -21.653500 5.708650 0.000000 -1.000000 0.000000 0.695769 0.519447 1 0 1.0
caja_madera
0 -14.881860 -21.653500 0.787400 0.000000 -1.000000 0.000000 0.723023 0.519447 1 0 1.0
0 -15.748000 -21.653500 5.708650 0.000000 -1.000000 0.000000 0.695769 0.519447 1 0 1.0
0 -15.748000 -21.653500 0.787400 0.000000 -1.000000 0.000000 0.723023 0.519447 1 0 1.0
caja_madera
0 -15.748000 -21.653500 0.787400 -1.000000 -0.000000 0.000000 0.723023 0.519447 1 0 1.0
0 -15.748000 -21.653500 5.708650 -1.000000 -0.000000 0.000000 0.695769 0.519447 1 0 1.0
0 -15.748000 21.653500 5.708650 -1.000000 -0.000000 0.000000 0.695769 0.279611 1 0 1.0
caja_madera
0 -15.748000 -21.653500 0.787400 -1.000000 -0.000000 0.000000 0.723023 0.519447 1 0 1.0
0 -15.748000 21.653500 5.708650 -1.000000 -0.000000 0.000000 0.695769 0.279611 1 0 1.0
0 -15.748000 21.653500 0.787400 -1.000000 -0.000000 0.000000 0.723023 0.279611 1 0 1.0
caja_madera
0 -14.881860 21.653500 0.787400 -0.000000 -0.000000 -1.000000 0.723023 0.279611 1 0 1.0
0 -14.881860 -21.653500 0.787400 -0.000000 -0.000000 -1.000000 0.723023 0.519447 1 0 1.0
0 -15.748000 -21.653500 0.787400 -0.000000 -0.000000 -1.000000 0.723023 0.519447 1 0 1.0
caja_madera
0 -14.881860 21.653500 0.787400 -0.000000 -0.000000 -1.000000 0.723023 0.279611 1 0 1.0
0 -15.748000 -21.653500 0.787400 -0.000000 -0.000000 -1.000000 0.723023 0.519447 1 0 1.0
0 -15.748000 21.653500 0.787400 -0.000000 -0.000000 -1.000000 0.723023 0.279611 1 0 1.0
caja_madera
0 -14.881860 -21.653500 5.708650 0.000000 -0.000000 1.000000 0.695769 0.013258 1 0 1.0
0 -14.881860 21.653500 5.708650 0.000000 -0.000000 1.000000 0.695769 0.253094 1 0 1.0
0 -15.748000 21.653500 5.708650 0.000000 -0.000000 1.000000 0.695769 0.253094 1 0 1.0
caja_madera
0 -14.881860 -21.653500 5.708650 0.000000 -0.000000 1.000000 0.695769 0.013258 1 0 1.0
0 -15.748000 21.653500 5.708650 0.000000 -0.000000 1.000000 0.695769 0.253094 1 0 1.0
0 -15.748000 -21.653500 5.708650 0.000000 -0.000000 1.000000 0.695769 0.013258 1 0 1.0
caja_madera
0 -13.779500 23.622000 0.787400 0.000000 1.000000 0.000000 0.107197 0.886665 1 0 1.0
0 -13.779500 23.622000 5.708650 0.000000 1.000000 0.000000 0.107197 0.859411 1 0 1.0
0 13.779500 23.622000 5.708650 0.000000 1.000000 0.000000 0.107197 0.859411 1 0 1.0
caja_madera
0 -13.779500 23.622000 0.787400 0.000000 1.000000 0.000000 0.107197 0.886665 1 0 1.0
0 13.779500 23.622000 5.708650 0.000000 1.000000 0.000000 0.107197 0.859411 1 0 1.0
0 13.779500 23.622000 0.787400 0.000000 1.000000 0.000000 0.107197 0.886665 1 0 1.0
caja_madera
0 13.779500 23.622000 0.787400 1.000000 -0.000000 -0.000000 0.107197 0.886665 1 0 1.0
0 13.779500 23.622000 5.708650 1.000000 -0.000000 -0.000000 0.107197 0.859411 1 0 1.0
0 13.779500 22.755860 5.708650 1.000000 -0.000000 -0.000000 0.111994 0.859411 1 0 1.0
caja_madera
0 13.779500 23.622000 0.787400 1.000000 -0.000000 -0.000000 0.107197 0.886665 1 0 1.0
0 13.779500 22.755860 5.708650 1.000000 -0.000000 -0.000000 0.111994 0.859411 1 0 1.0
0 13.779500 22.755860 0.787400 1.000000 -0.000000 -0.000000 0.111994 0.886665 1 0 1.0
caja_madera
0 13.779500 22.755860 0.787400 0.000000 -1.000000 0.000000 0.234964 0.888409 1 0 1.0
0 13.779500 22.755860 5.708650 0.000000 -1.000000 0.000000 0.234964 0.861155 1 0 1.0
0 -13.779500 22.755860 5.708650 0.000000 -1.000000 0.000000 0.234964 0.861155 1 0 1.0
caja_madera
0 13.779500 22.755860 0.787400 0.000000 -1.000000 0.000000 0.234964 0.888409 1 0 1.0
0 -13.779500 22.755860 5.708650 0.000000 -1.000000 0.000000 0.234964 0.861155 1 0 1.0
0 -13.779500 22.755860 0.787400 0.000000 -1.000000 0.000000 0.234964 0.888409 1 0 1.0
caja_madera
0 -13.779500 22.755860 0.787400 -1.000000 -0.000000 0.000000 0.234964 0.888409 1 0 1.0
0 -13.779500 22.755860 5.708650 -1.000000 -0.000000 0.000000 0.234964 0.861155 1 0 1.0
0 -13.779500 23.622000 5.708650 -1.000000 -0.000000 0.000000 0.239761 0.861155 1 0 1.0
caja_madera
0 -13.779500 22.755860 0.787400 -1.000000 -0.000000 0.000000 0.234964 0.888409 1 0 1.0
0 -13.779500 23.622000 5.708650 -1.000000 -0.000000 0.000000 0.239761 0.861155 1 0 1.0
0 -13.779500 23.622000 0.787400 -1.000000 -0.000000 0.000000 0.239761 0.888409 1 0 1.0
caja_madera
0 13.779500 23.622000 0.787400 -0.000000 -0.000000 -1.000000 0.239761 0.888409 1 0 1.0
0 13.779500 22.755860 0.787400 -0.000000 -0.000000 -1.000000 0.234964 0.888409 1 0 1.0
0 -13.779500 22.755860 0.787400 -0.000000 -0.000000 -1.000000 0.234964 0.888409 1 0 1.0
caja_madera
0 13.779500 23.622000 0.787400 -0.000000 -0.000000 -1.000000 0.239761 0.888409 1 0 1.0
0 -13.779500 22.755860 0.787400 -0.000000 -0.000000 -1.000000 0.234964 0.888409 1 0 1.0
0 -13.779500 23.622000 0.787400 -0.000000 -0.000000 -1.000000 0.239761 0.888409 1 0 1.0
caja_madera
0 13.779500 22.755860 5.708650 0.000000 -0.000000 1.000000 0.111994 0.859411 1 0 1.0
0 13.779500 23.622000 5.708650 0.000000 -0.000000 1.000000 0.107197 0.859411 1 0 1.0
0 -13.779500 23.622000 5.708650 0.000000 -0.000000 1.000000 0.107197 0.859411 1 0 1.0
caja_madera
0 13.779500 22.755860 5.708650 0.000000 -0.000000 1.000000 0.111994 0.859411 1 0 1.0
0 -13.779500 23.622000 5.708650 0.000000 -0.000000 1.000000 0.107197 0.859411 1 0 1.0
0 -13.779500 22.755860 5.708650 0.000000 -0.000000 1.000000 0.111994 0.859411 1 0 1.0
caja_madera
0 -13.779500 -22.755860 0.787400 0.000000 1.000000 0.000000 0.331419 0.884920 1 0 1.0
0 -13.779500 -22.755860 5.708650 0.000000 1.000000 0.000000 0.331419 0.857666 1 0 1.0
0 13.779500 -22.755860 5.708650 0.000000 1.000000 0.000000 0.331419 0.857666 1 0 1.0
caja_madera
0 -13.779500 -22.755860 0.787400 0.000000 1.000000 0.000000 0.331419 0.884920 1 0 1.0
0 13.779500 -22.755860 5.708650 0.000000 1.000000 0.000000 0.331419 0.857666 1 0 1.0
0 13.779500 -22.755860 0.787400 0.000000 1.000000 0.000000 0.331419 0.884920 1 0 1.0
caja_madera
0 13.779500 -22.755860 0.787400 1.000000 -0.000000 -0.000000 0.331419 0.884920 1 0 1.0
0 13.779500 -22.755860 5.708650 1.000000 -0.000000 -0.000000 0.331419 0.857666 1 0 1.0
0 13.779500 -23.622000 5.708650 1.000000 -0.000000 -0.000000 0.336215 0.857666 1 0 1.0
caja_madera
0 13.779500 -22.755860 0.787400 1.000000 -0.000000 -0.000000 0.331419 0.884920 1 0 1.0
0 13.779500 -23.622000 5.708650 1.000000 -0.000000 -0.000000 0.336215 0.857666 1 0 1.0
0 13.779500 -23.622000 0.787400 1.000000 -0.000000 -0.000000 0.336215 0.884920 1 0 1.0
caja_madera
0 13.779500 -23.622000 0.787400 0.000000 -1.000000 0.000000 0.456670 0.884920 1 0 1.0
0 13.779500 -23.622000 5.708650 0.000000 -1.000000 0.000000 0.456670 0.857666 1 0 1.0
0 -13.779500 -23.622000 5.708650 0.000000 -1.000000 0.000000 0.456670 0.857666 1 0 1.0
caja_madera
0 13.779500 -23.622000 0.787400 0.000000 -1.000000 0.000000 0.456670 0.884920 1 0 1.0
0 -13.779500 -23.622000 5.708650 0.000000 -1.000000 0.000000 0.456670 0.857666 1 0 1.0
0 -13.779500 -23.622000 0.787400 0.000000 -1.000000 0.000000 0.456670 0.884920 1 0 1.0
caja_madera
0 -13.779500 -23.622000 0.787400 -1.000000 -0.000000 0.000000 0.456670 0.884920 1 0 1.0
0 -13.779500 -23.622000 5.708650 -1.000000 -0.000000 0.000000 0.456670 0.857666 1 0 1.0
0 -13.779500 -22.755860 5.708650 -1.000000 -0.000000 0.000000 0.461467 0.857666 1 0 1.0
caja_madera
0 -13.779500 -23.622000 0.787400 -1.000000 -0.000000 0.000000 0.456670 0.884920 1 0 1.0
0 -13.779500 -22.755860 5.708650 -1.000000 -0.000000 0.000000 0.461467 0.857666 1 0 1.0
0 -13.779500 -22.755860 0.787400 -1.000000 -0.000000 0.000000 0.461467 0.884920 1 0 1.0
caja_madera
0 13.779500 -22.755860 0.787400 -0.000000 -0.000000 -1.000000 0.461467 0.884920 1 0 1.0
0 13.779500 -23.622000 0.787400 -0.000000 -0.000000 -1.000000 0.456670 0.884920 1 0 1.0
0 -13.779500 -23.622000 0.787400 -0.000000 -0.000000 -1.000000 0.456670 0.884920 1 0 1.0
caja_madera
0 13.779500 -22.755860 0.787400 -0.000000 -0.000000 -1.000000 0.461467 0.884920 1 0 1.0
0 -13.779500 -23.622000 0.787400 -0.000000 -0.000000 -1.000000 0.456670 0.884920 1 0 1.0
0 -13.779500 -22.755860 0.787400 -0.000000 -0.000000 -1.000000 0.461467 0.884920 1 0 1.0
caja_madera
0 13.779500 -23.622000 5.708650 0.000000 -0.000000 1.000000 0.336215 0.857666 1 0 1.0
0 13.779500 -22.755860 5.708650 0.000000 -0.000000 1.000000 0.331419 0.857666 1 0 1.0
0 -13.779500 -22.755860 5.708650 0.000000 -0.000000 1.000000 0.331419 0.857666 1 0 1.0
caja_madera
0 13.779500 -23.622000 5.708650 0.000000 -0.000000 1.000000 0.336215 0.857666 1 0 1.0
0 -13.779500 -22.755860 5.708650 0.000000 -0.000000 1.000000 0.331419 0.857666 1 0 1.0
0 -13.779500 -23.622000 5.708650 0.000000 -0.000000 1.000000 0.336215 0.857666 1 0 1.0
caja_madera
0 14.881860 21.653500 6.496050 0.000000 1.000000 0.000000 0.776793 0.253094 1 0 1.0
0 14.881860 21.653500 11.417300 0.000000 1.000000 0.000000 0.749539 0.253094 1 0 1.0
0 15.748000 21.653500 11.417300 0.000000 1.000000 0.000000 0.749539 0.253094 1 0 1.0
caja_madera
0 14.881860 21.653500 6.496050 0.000000 1.000000 0.000000 0.776793 0.253094 1 0 1.0
0 15.748000 21.653500 11.417300 0.000000 1.000000 0.000000 0.749539 0.253094 1 0 1.0
0 15.748000 21.653500 6.496050 0.000000 1.000000 0.000000 0.776793 0.253094 1 0 1.0
caja_madera
0 15.748000 21.653500 6.496050 1.000000 -0.000000 -0.000000 0.776793 0.253094 1 0 1.0
0 15.748000 21.653500 11.417300 1.000000 -0.000000 -0.000000 0.749539 0.253094 1 0 1.0
0 15.748000 -21.653500 11.417300 1.000000 -0.000000 -0.000000 0.749539 0.013258 1 0 1.0
caja_madera
0 15.748000 21.653500 6.496050 1.000000 -0.000000 -0.000000 0.776793 0.253094 1 0 1.0
0 15.748000 -21.653500 11.417300 1.000000 -0.000000 -0.000000 0.749539 0.013258 1 0 1.0
0 15.748000 -21.653500 6.496050 1.000000 -0.000000 -0.000000 0.776793 0.013258 1 0 1.0
caja_madera
0 15.748000 -21.653500 6.496050 0.000000 -1.000000 0.000000 0.776793 0.519447 1 0 1.0
0 15.748000 -21.653500 11.417300 0.000000 -1.000000 0.000000 0.749539 0.519447 1 0 1.0
0 14.881860 -21.653500 11.417300 0.000000 -1.000000 0.000000 0.749539 0.519447 1 0 1.0
caja_madera
0 15.748000 -21.653500 6.496050 0.000000 -1.000000 0.000000 0.776793 0.519447 1 0 1.0
0 14.881860 -21.653500 11.417300 0.000000 -1.000000 0.000000 0.749539 0.519447 1 0 1.0
0 14.881860 -21.653500 6.496050 0.000000 -1.000000 0.000000 0.776793 0.519447 1 0 1.0
caja_madera
0 14.881860 -21.653500 6.496050 -1.000000 -0.000000 0.000000 0.776793 0.519447 1 0 1.0
0 14.881860 -21.653500 11.417300 -1.000000 -0.000000 0.000000 0.749539 0.519447 1 0 1.0
0 14.881860 21.653500 11.417300 -1.000000 -0.000000 0.000000 0.749539 0.279611 1 0 1.0
caja_madera
0 14.881860 -21.653500 6.496050 -1.000000 -0.000000 0.000000 0.776793 0.519447 1 0 1.0
0 14.881860 21.653500 11.417300 -1.000000 -0.000000 0.000000 0.749539 0.279611 1 0 1.0
0 14.881860 21.653500 6.496050 -1.000000 -0.000000 0.000000 0.776793 0.279611 1 0 1.0
caja_madera
0 15.748000 21.653500 6.496050 -0.000000 -0.000000 -1.000000 0.776793 0.279611 1 0 1.0
0 15.748000 -21.653500 6.496050 -0.000000 -0.000000 -1.000000 0.776793 0.519447 1 0 1.0
0 14.881860 -21.653500 6.496050 -0.000000 -0.000000 -1.000000 0.776793 0.519447 1 0 1.0
caja_madera
0 15.748000 21.653500 6.496050 -0.000000 -0.000000 -1.000000 0.776793 0.279611 1 0 1.0
0 14.881860 -21.653500 6.496050 -0.000000 -0.000000 -1.000000 0.776793 0.519447 1 0 1.0
0 14.881860 21.653500 6.496050 -0.000000 -0.000000 -1.000000 0.776793 0.279611 1 0 1.0
caja_madera
0 15.748000 -21.653500 11.417300 0.000000 -0.000000 1.000000 0.749539 0.013258 1 0 1.0
0 15.748000 21.653500 11.417300 0.000000 -0.000000 1.000000 0.749539 0.253094 1 0 1.0
0 14.881860 21.653500 11.417300 0.000000 -0.000000 1.000000 0.749539 0.253094 1 0 1.0
caja_madera
0 15.748000 -21.653500 11.417300 0.000000 -0.000000 1.000000 0.749539 0.013258 1 0 1.0
0 14.881860 21.653500 11.417300 0.000000 -0.000000 1.000000 0.749539 0.253094 1 0 1.0
0 14.881860 -21.653500 11.417300 0.000000 -0.000000 1.000000 0.749539 0.013258 1 0 1.0
caja_madera
0 -15.748000 21.653500 6.496050 0.000000 1.000000 0.000000 0.669253 0.785799 1 0 1.0
0 -15.748000 21.653500 11.417300 0.000000 1.000000 0.000000 0.641998 0.785799 1 0 1.0
0 -14.881860 21.653500 11.417300 0.000000 1.000000 0.000000 0.641998 0.785799 1 0 1.0
caja_madera
0 -15.748000 21.653500 6.496050 0.000000 1.000000 0.000000 0.669253 0.785799 1 0 1.0
0 -14.881860 21.653500 11.417300 0.000000 1.000000 0.000000 0.641998 0.785799 1 0 1.0
0 -14.881860 21.653500 6.496050 0.000000 1.000000 0.000000 0.669253 0.785799 1 0 1.0
caja_madera
0 -14.881860 21.653500 6.496050 1.000000 -0.000000 -0.000000 0.669253 0.785799 1 0 1.0
0 -14.881860 21.653500 11.417300 1.000000 -0.000000 -0.000000 0.641998 0.785799 1 0 1.0
0 -14.881860 -21.653500 11.417300 1.000000 -0.000000 -0.000000 0.641998 0.545963 1 0 1.0
caja_madera
0 -14.881860 21.653500 6.496050 1.000000 -0.000000 -0.000000 0.669253 0.785799 1 0 1.0
0 -14.881860 -21.653500 11.417300 1.000000 -0.000000 -0.000000 0.641998 0.545963 1 0 1.0
0 -14.881860 -21.653500 6.496050 1.000000 -0.000000 -0.000000 0.669253 0.545963 1 0 1.0
caja_madera
0 -14.881860 -21.653500 6.496050 0.000000 -1.000000 0.000000 0.723023 0.785799 1 0 1.0
0 -14.881860 -21.653500 11.417300 0.000000 -1.000000 0.000000 0.695769 0.785799 1 0 1.0
0 -15.748000 -21.653500 11.417300 0.000000 -1.000000 0.000000 0.695769 0.785799 1 0 1.0
caja_madera
0 -14.881860 -21.653500 6.496050 0.000000 -1.000000 0.000000 0.723023 0.785799 1 0 1.0
0 -15.748000 -21.653500 11.417300 0.000000 -1.000000 0.000000 0.695769 0.785799 1 0 1.0
0 -15.748000 -21.653500 6.496050 0.000000 -1.000000 0.000000 0.723023 0.785799 1 0 1.0
caja_madera
0 -15.748000 -21.653500 6.496050 -1.000000 -0.000000 0.000000 0.723023 0.785799 1 0 1.0
0 -15.748000 -21.653500 11.417300 -1.000000 -0.000000 0.000000 0.695769 0.785799 1 0 1.0
0 -15.748000 21.653500 11.417300 -1.000000 -0.000000 0.000000 0.695769 0.545963 1 0 1.0
caja_madera
0 -15.748000 -21.653500 6.496050 -1.000000 -0.000000 0.000000 0.723023 0.785799 1 0 1.0
0 -15.748000 21.653500 11.417300 -1.000000 -0.000000 0.000000 0.695769 0.545963 1 0 1.0
0 -15.748000 21.653500 6.496050 -1.000000 -0.000000 0.000000 0.723023 0.545963 1 0 1.0
caja_madera
0 -14.881860 21.653500 6.496050 -0.000000 -0.000000 -1.000000 0.723023 0.545963 1 0 1.0
0 -14.881860 -21.653500 6.496050 -0.000000 -0.000000 -1.000000 0.723023 0.785799 1 0 1.0
0 -15.748000 -21.653500 6.496050 -0.000000 -0.000000 -1.000000 0.723023 0.785799 1 0 1.0
caja_madera
0 -14.881860 21.653500 6.496050 -0.000000 -0.000000 -1.000000 0.723023 0.545963 1 0 1.0
0 -15.748000 -21.653500 6.496050 -0.000000 -0.000000 -1.000000 0.723023 0.785799 1 0 1.0
0 -15.748000 21.653500 6.496050 -0.000000 -0.000000 -1.000000 0.723023 0.545963 1 0 1.0
caja_madera
0 -14.881860 -21.653500 11.417300 0.000000 -0.000000 1.000000 0.641998 0.545963 1 0 1.0
0 -14.881860 21.653500 11.417300 0.000000 -0.000000 1.000000 0.641998 0.785799 1 0 1.0
0 -15.748000 21.653500 11.417300 0.000000 -0.000000 1.000000 0.641998 0.785799 1 0 1.0
caja_madera
0 -14.881860 -21.653500 11.417300 0.000000 -0.000000 1.000000 0.641998 0.545963 1 0 1.0
0 -15.748000 21.653500 11.417300 0.000000 -0.000000 1.000000 0.641998 0.785799 1 0 1.0
0 -15.748000 -21.653500 11.417300 0.000000 -0.000000 1.000000 0.641998 0.545963 1 0 1.0
caja_madera
0 -13.779500 23.622000 6.496050 0.000000 1.000000 0.000000 0.138510 0.886665 1 0 1.0
0 -13.779500 23.622000 11.417300 0.000000 1.000000 0.000000 0.138510 0.859411 1 0 1.0
0 13.779500 23.622000 11.417300 0.000000 1.000000 0.000000 0.138510 0.859411 1 0 1.0
caja_madera
0 -13.779500 23.622000 6.496050 0.000000 1.000000 0.000000 0.138510 0.886665 1 0 1.0
0 13.779500 23.622000 11.417300 0.000000 1.000000 0.000000 0.138510 0.859411 1 0 1.0
0 13.779500 23.622000 6.496050 0.000000 1.000000 0.000000 0.138510 0.886665 1 0 1.0
caja_madera
0 13.779500 23.622000 6.496050 1.000000 -0.000000 -0.000000 0.138510 0.886665 1 0 1.0
0 13.779500 23.622000 11.417300 1.000000 -0.000000 -0.000000 0.138510 0.859411 1 0 1.0
0 13.779500 22.755860 11.417300 1.000000 -0.000000 -0.000000 0.143307 0.859411 1 0 1.0
caja_madera
0 13.779500 23.622000 6.496050 1.000000 -0.000000 -0.000000 0.138510 0.886665 1 0 1.0
0 13.779500 22.755860 11.417300 1.000000 -0.000000 -0.000000 0.143307 0.859411 1 0 1.0
0 13.779500 22.755860 6.496050 1.000000 -0.000000 -0.000000 0.143307 0.886665 1 0 1.0
caja_madera
0 13.779500 22.755860 6.496050 0.000000 -1.000000 0.000000 0.266277 0.888409 1 0 1.0
0 13.779500 22.755860 11.417300 0.000000 -1.000000 0.000000 0.266277 0.861155 1 0 1.0
0 -13.779500 22.755860 11.417300 0.000000 -1.000000 0.000000 0.266277 0.861155 1 0 1.0
caja_madera
0 13.779500 22.755860 6.496050 0.000000 -1.000000 0.000000 0.266277 0.888409 1 0 1.0
0 -13.779500 22.755860 11.417300 0.000000 -1.000000 0.000000 0.266277 0.861155 1 0 1.0
0 -13.779500 22.755860 6.496050 0.000000 -1.000000 0.000000 0.266277 0.888409 1 0 1.0
caja_madera
0 -13.779500 22.755860 6.496050 -1.000000 -0.000000 0.000000 0.266277 0.888409 1 0 1.0
0 -13.779500 22.755860 11.417300 -1.000000 -0.000000 0.000000 0.266277 0.861155 1 0 1.0
0 -13.779500 23.622000 11.417300 -1.000000 -0.000000 0.000000 0.271074 0.861155 1 0 1.0
caja_madera
0 -13.779500 22.755860 6.496050 -1.000000 -0.000000 0.000000 0.266277 0.888409 1 0 1.0
0 -13.779500 23.622000 11.417300 -1.000000 -0.000000 0.000000 0.271074 0.861155 1 0 1.0
0 -13.779500 23.622000 6.496050 -1.000000 -0.000000 0.000000 0.271074 0.888409 1 0 1.0
caja_madera
0 13.779500 23.622000 6.496050 -0.000000 -0.000000 -1.000000 0.271074 0.888409 1 0 1.0
0 13.779500 22.755860 6.496050 -0.000000 -0.000000 -1.000000 0.266277 0.888409 1 0 1.0
0 -13.779500 22.755860 6.496050 -0.000000 -0.000000 -1.000000 0.266277 0.888409 1 0 1.0
caja_madera
0 13.779500 23.622000 6.496050 -0.000000 -0.000000 -1.000000 0.271074 0.888409 1 0 1.0
0 -13.779500 22.755860 6.496050 -0.000000 -0.000000 -1.000000 0.266277 0.888409 1 0 1.0
0 -13.779500 23.622000 6.496050 -0.000000 -0.000000 -1.000000 0.271074 0.888409 1 0 1.0
caja_madera
0 13.779500 22.755860 11.417300 0.000000 -0.000000 1.000000 0.143307 0.859411 1 0 1.0
0 13.779500 23.622000 11.417300 0.000000 -0.000000 1.000000 0.138510 0.859411 1 0 1.0
0 -13.779500 23.622000 11.417300 0.000000 -0.000000 1.000000 0.138510 0.859411 1 0 1.0
caja_madera
0 13.779500 22.755860 11.417300 0.000000 -0.000000 1.000000 0.143307 0.859411 1 0 1.0
0 -13.779500 23.622000 11.417300 0.000000 -0.000000 1.000000 0.138510 0.859411 1 0 1.0
0 -13.779500 22.755860 11.417300 0.000000 -0.000000 1.000000 0.143307 0.859411 1 0 1.0
caja_madera
0 -13.779500 -22.755860 6.496050 0.000000 1.000000 0.000000 0.362732 0.884920 1 0 1.0
0 -13.779500 -22.755860 11.417300 0.000000 1.000000 0.000000 0.362732 0.857666 1 0 1.0
0 13.779500 -22.755860 11.417300 0.000000 1.000000 0.000000 0.362732 0.857666 1 0 1.0
caja_madera
0 -13.779500 -22.755860 6.496050 0.000000 1.000000 0.000000 0.362732 0.884920 1 0 1.0
0 13.779500 -22.755860 11.417300 0.000000 1.000000 0.000000 0.362732 0.857666 1 0 1.0
0 13.779500 -22.755860 6.496050 0.000000 1.000000 0.000000 0.362732 0.884920 1 0 1.0
caja_madera
0 13.779500 -22.755860 6.496050 1.000000 -0.000000 -0.000000 0.362732 0.884920 1 0 1.0
0 13.779500 -22.755860 11.417300 1.000000 -0.000000 -0.000000 0.362732 0.857666 1 0 1.0
0 13.779500 -23.622000 11.417300 1.000000 -0.000000 -0.000000 0.367528 0.857666 1 0 1.0
caja_madera
0 13.779500 -22.755860 6.496050 1.000000 -0.000000 -0.000000 0.362732 0.884920 1 0 1.0
0 13.779500 -23.622000 11.417300 1.000000 -0.000000 -0.000000 0.367528 0.857666 1 0 1.0
0 13.779500 -23.622000 6.496050 1.000000 -0.000000 -0.000000 0.367528 0.884920 1 0 1.0
caja_madera
0 13.779500 -23.622000 6.496050 0.000000 -1.000000 0.000000 0.013258 0.886665 1 0 1.0
0 13.779500 -23.622000 11.417300 0.000000 -1.000000 0.000000 0.013258 0.859411 1 0 1.0
0 -13.779500 -23.622000 11.417300 0.000000 -1.000000 0.000000 0.013258 0.859411 1 0 1.0
caja_madera
0 13.779500 -23.622000 6.496050 0.000000 -1.000000 0.000000 0.013258 0.886665 1 0 1.0
0 -13.779500 -23.622000 11.417300 0.000000 -1.000000 0.000000 0.013258 0.859411 1 0 1.0
0 -13.779500 -23.622000 6.496050 0.000000 -1.000000 0.000000 0.013258 0.886665 1 0 1.0
caja_madera
0 -13.779500 -23.622000 6.496050 -1.000000 -0.000000 0.000000 0.013258 0.886665 1 0 1.0
0 -13.779500 -23.622000 11.417300 -1.000000 -0.000000 0.000000 0.013258 0.859411 1 0 1.0
0 -13.779500 -22.755860 11.417300 -1.000000 -0.000000 0.000000 0.018055 0.859411 1 0 1.0
caja_madera
0 -13.779500 -23.622000 6.496050 -1.000000 -0.000000 0.000000 0.013258 0.886665 1 0 1.0
0 -13.779500 -22.755860 11.417300 -1.000000 -0.000000 0.000000 0.018055 0.859411 1 0 1.0
0 -13.779500 -22.755860 6.496050 -1.000000 -0.000000 0.000000 0.018055 0.886665 1 0 1.0
caja_madera
0 13.779500 -22.755860 6.496050 -0.000000 -0.000000 -1.000000 0.018055 0.886665 1 0 1.0
0 13.779500 -23.622000 6.496050 -0.000000 -0.000000 -1.000000 0.013258 0.886665 1 0 1.0
0 -13.779500 -23.622000 6.496050 -0.000000 -0.000000 -1.000000 0.013258 0.886665 1 0 1.0
caja_madera
0 13.779500 -22.755860 6.496050 -0.000000 -0.000000 -1.000000 0.018055 0.886665 1 0 1.0
0 -13.779500 -23.622000 6.496050 -0.000000 -0.000000 -1.000000 0.013258 0.886665 1 0 1.0
0 -13.779500 -22.755860 6.496050 -0.000000 -0.000000 -1.000000 0.018055 0.886665 1 0 1.0
caja_madera
0 13.779500 -23.622000 11.417300 0.000000 -0.000000 1.000000 0.367528 0.857666 1 0 1.0
0 13.779500 -22.755860 11.417300 0.000000 -0.000000 1.000000 0.362732 0.857666 1 0 1.0
0 -13.779500 -22.755860 11.417300 0.000000 -0.000000 1.000000 0.362732 0.857666 1 0 1.0
caja_madera
0 13.779500 -23.622000 11.417300 0.000000 -0.000000 1.000000 0.367528 0.857666 1 0 1.0
0 -13.779500 -22.755860 11.417300 0.000000 -0.000000 1.000000 0.362732 0.857666 1 0 1.0
0 -13.779500 -23.622000 11.417300 0.000000 -0.000000 1.000000 0.367528 0.857666 1 0 1.0
caja_madera
0 14.881860 21.653500 12.204700 0.000000 1.000000 0.000000 0.776793 0.785799 1 0 1.0
0 14.881860 21.653500 17.125950 0.000000 1.000000 0.000000 0.749539 0.785799 1 0 1.0
0 15.748000 21.653500 17.125950 0.000000 1.000000 0.000000 0.749539 0.785799 1 0 1.0
caja_madera
0 14.881860 21.653500 12.204700 0.000000 1.000000 0.000000 0.776793 0.785799 1 0 1.0
0 15.748000 21.653500 17.125950 0.000000 1.000000 0.000000 0.749539 0.785799 1 0 1.0
0 15.748000 21.653500 12.204700 0.000000 1.000000 0.000000 0.776793 0.785799 1 0 1.0
caja_madera
0 15.748000 21.653500 12.204700 1.000000 -0.000000 -0.000000 0.776793 0.785799 1 0 1.0
0 15.748000 21.653500 17.125950 1.000000 -0.000000 -0.000000 0.749539 0.785799 1 0 1.0
0 15.748000 -21.653500 17.125950 1.000000 -0.000000 -0.000000 0.749539 0.545963 1 0 1.0
caja_madera
0 15.748000 21.653500 12.204700 1.000000 -0.000000 -0.000000 0.776793 0.785799 1 0 1.0
0 15.748000 -21.653500 17.125950 1.000000 -0.000000 -0.000000 0.749539 0.545963 1 0 1.0
0 15.748000 -21.653500 12.204700 1.000000 -0.000000 -0.000000 0.776793 0.545963 1 0 1.0
caja_madera
0 15.748000 -21.653500 12.204700 0.000000 -1.000000 0.000000 0.517753 0.829406 1 0 1.0
0 15.748000 -21.653500 17.125950 0.000000 -1.000000 0.000000 0.490499 0.829406 1 0 1.0
0 14.881860 -21.653500 17.125950 0.000000 -1.000000 0.000000 0.490499 0.829406 1 0 1.0
caja_madera
0 15.748000 -21.653500 12.204700 0.000000 -1.000000 0.000000 0.517753 0.829406 1 0 1.0
0 14.881860 -21.653500 17.125950 0.000000 -1.000000 0.000000 0.490499 0.829406 1 0 1.0
0 14.881860 -21.653500 12.204700 0.000000 -1.000000 0.000000 0.517753 0.829406 1 0 1.0
caja_madera
0 14.881860 -21.653500 12.204700 -1.000000 -0.000000 0.000000 0.517753 0.829406 1 0 1.0
0 14.881860 -21.653500 17.125950 -1.000000 -0.000000 0.000000 0.490499 0.829406 1 0 1.0
0 14.881860 21.653500 17.125950 -1.000000 -0.000000 0.000000 0.490499 0.589570 1 0 1.0
caja_madera
0 14.881860 -21.653500 12.204700 -1.000000 -0.000000 0.000000 0.517753 0.829406 1 0 1.0
0 14.881860 21.653500 17.125950 -1.000000 -0.000000 0.000000 0.490499 0.589570 1 0 1.0
0 14.881860 21.653500 12.204700 -1.000000 -0.000000 0.000000 0.517753 0.589570 1 0 1.0
caja_madera
0 15.748000 21.653500 12.204700 -0.000000 -0.000000 -1.000000 0.517753 0.589570 1 0 1.0
0 15.748000 -21.653500 12.204700 -0.000000 -0.000000 -1.000000 0.517753 0.829406 1 0 1.0
0 14.881860 -21.653500 12.204700 -0.000000 -0.000000 -1.000000 0.517753 0.829406 1 0 1.0
caja_madera
0 15.748000 21.653500 12.204700 -0.000000 -0.000000 -1.000000 0.517753 0.589570 1 0 1.0
0 14.881860 -21.653500 12.204700 -0.000000 -0.000000 -1.000000 0.517753 0.829406 1 0 1.0
0 14.881860 21.653500 12.204700 -0.000000 -0.000000 -1.000000 0.517753 0.589570 1 0 1.0
caja_madera
0 15.748000 -21.653500 17.125950 0.000000 -0.000000 1.000000 0.749539 0.545963 1 0 1.0
0 15.748000 21.653500 17.125950 0.000000 -0.000000 1.000000 0.749539 0.785799 1 0 1.0
0 14.881860 21.653500 17.125950 0.000000 -0.000000 1.000000 0.749539 0.785799 1 0 1.0
caja_madera
0 15.748000 -21.653500 17.125950 0.000000 -0.000000 1.000000 0.749539 0.545963 1 0 1.0
0 14.881860 21.653500 17.125950 0.000000 -0.000000 1.000000 0.749539 0.785799 1 0 1.0
0 14.881860 -21.653500 17.125950 0.000000 -0.000000 1.000000 0.749539 0.545963 1 0 1.0
caja_madera
0 -15.748000 21.653500 12.204700 0.000000 1.000000 0.000000 0.571523 0.829406 1 0 1.0
0 -15.748000 21.653500 17.125950 0.000000 1.000000 0.000000 0.544269 0.829406 1 0 1.0
0 -14.881860 21.653500 17.125950 0.000000 1.000000 0.000000 0.544269 0.829406 1 0 1.0
caja_madera
0 -15.748000 21.653500 12.204700 0.000000 1.000000 0.000000 0.571523 0.829406 1 0 1.0
0 -14.881860 21.653500 17.125950 0.000000 1.000000 0.000000 0.544269 0.829406 1 0 1.0
0 -14.881860 21.653500 12.204700 0.000000 1.000000 0.000000 0.571523 0.829406 1 0 1.0
caja_madera
0 -14.881860 21.653500 12.204700 1.000000 -0.000000 -0.000000 0.571523 0.829406 1 0 1.0
0 -14.881860 21.653500 17.125950 1.000000 -0.000000 -0.000000 0.544269 0.829406 1 0 1.0
0 -14.881860 -21.653500 17.125950 1.000000 -0.000000 -0.000000 0.544269 0.589570 1 0 1.0
caja_madera
0 -14.881860 21.653500 12.204700 1.000000 -0.000000 -0.000000 0.571523 0.829406 1 0 1.0
0 -14.881860 -21.653500 17.125950 1.000000 -0.000000 -0.000000 0.544269 0.589570 1 0 1.0
0 -14.881860 -21.653500 12.204700 1.000000 -0.000000 -0.000000 0.571523 0.589570 1 0 1.0
caja_madera
0 -14.881860 -21.653500 12.204700 0.000000 -1.000000 0.000000 0.830564 0.253094 1 0 1.0
0 -14.881860 -21.653500 17.125950 0.000000 -1.000000 0.000000 0.803309 0.253094 1 0 1.0
0 -15.748000 -21.653500 17.125950 0.000000 -1.000000 0.000000 0.803309 0.253094 1 0 1.0
caja_madera
0 -14.881860 -21.653500 12.204700 0.000000 -1.000000 0.000000 0.830564 0.253094 1 0 1.0
0 -15.748000 -21.653500 17.125950 0.000000 -1.000000 0.000000 0.803309 0.253094 1 0 1.0
0 -15.748000 -21.653500 12.204700 0.000000 -1.000000 0.000000 0.830564 0.253094 1 0 1.0
caja_madera
0 -15.748000 -21.653500 12.204700 -1.000000 -0.000000 0.000000 0.830564 0.253094 1 0 1.0
0 -15.748000 -21.653500 17.125950 -1.000000 -0.000000 0.000000 0.803309 0.253094 1 0 1.0
0 -15.748000 21.653500 17.125950 -1.000000 -0.000000 0.000000 0.803309 0.013258 1 0 1.0
caja_madera
0 -15.748000 -21.653500 12.204700 -1.000000 -0.000000 0.000000 0.830564 0.253094 1 0 1.0
0 -15.748000 21.653500 17.125950 -1.000000 -0.000000 0.000000 0.803309 0.013258 1 0 1.0
0 -15.748000 21.653500 12.204700 -1.000000 -0.000000 0.000000 0.830564 0.013258 1 0 1.0
caja_madera
0 -14.881860 21.653500 12.204700 -0.000000 -0.000000 -1.000000 0.830564 0.013258 1 0 1.0
0 -14.881860 -21.653500 12.204700 -0.000000 -0.000000 -1.000000 0.830564 0.253094 1 0 1.0
0 -15.748000 -21.653500 12.204700 -0.000000 -0.000000 -1.000000 0.830564 0.253094 1 0 1.0
caja_madera
0 -14.881860 21.653500 12.204700 -0.000000 -0.000000 -1.000000 0.830564 0.013258 1 0 1.0
0 -15.748000 -21.653500 12.204700 -0.000000 -0.000000 -1.000000 0.830564 0.253094 1 0 1.0
0 -15.748000 21.653500 12.204700 -0.000000 -0.000000 -1.000000 0.830564 0.013258 1 0 1.0
caja_madera
0 -14.881860 -21.653500 17.125950 0.000000 -0.000000 1.000000 0.544269 0.589570 1 0 1.0
0 -14.881860 21.653500 17.125950 0.000000 -0.000000 1.000000 0.544269 0.829406 1 0 1.0
0 -15.748000 21.653500 17.125950 0.000000 -0.000000 1.000000 0.544269 0.829406 1 0 1.0
caja_madera
0 -14.881860 -21.653500 17.125950 0.000000 -0.000000 1.000000 0.544269 0.589570 1 0 1.0
0 -15.748000 21.653500 17.125950 0.000000 -0.000000 1.000000 0.544269 0.829406 1 0 1.0
0 -15.748000 -21.653500 17.125950 0.000000 -0.000000 1.000000 0.544269 0.589570 1 0 1.0
caja_madera
0 -13.779500 23.622000 12.204700 0.000000 1.000000 0.000000 0.172338 0.888409 1 0 1.0
0 -13.779500 23.622000 17.125950 0.000000 1.000000 0.000000 0.172338 0.861155 1 0 1.0
0 13.779500 23.622000 17.125950 0.000000 1.000000 0.000000 0.172338 0.861155 1 0 1.0
caja_madera
0 -13.779500 23.622000 12.204700 0.000000 1.000000 0.000000 0.172338 0.888409 1 0 1.0
0 13.779500 23.622000 17.125950 0.000000 1.000000 0.000000 0.172338 0.861155 1 0 1.0
0 13.779500 23.622000 12.204700 0.000000 1.000000 0.000000 0.172338 0.888409 1 0 1.0
caja_madera
0 13.779500 23.622000 12.204700 1.000000 -0.000000 -0.000000 0.172338 0.888409 1 0 1.0
0 13.779500 23.622000 17.125950 1.000000 -0.000000 -0.000000 0.172338 0.861155 1 0 1.0
0 13.779500 22.755860 17.125950 1.000000 -0.000000 -0.000000 0.177135 0.861155 1 0 1.0
caja_madera
0 13.779500 23.622000 12.204700 1.000000 -0.000000 -0.000000 0.172338 0.888409 1 0 1.0
0 13.779500 22.755860 17.125950 1.000000 -0.000000 -0.000000 0.177135 0.861155 1 0 1.0
0 13.779500 22.755860 12.204700 1.000000 -0.000000 -0.000000 0.177135 0.888409 1 0 1.0
caja_madera
0 13.779500 22.755860 12.204700 0.000000 -1.000000 0.000000 0.297590 0.888409 1 0 1.0
0 13.779500 22.755860 17.125950 0.000000 -1.000000 0.000000 0.297590 0.861155 1 0 1.0
0 -13.779500 22.755860 17.125950 0.000000 -1.000000 0.000000 0.297590 0.861155 1 0 1.0
caja_madera
0 13.779500 22.755860 12.204700 0.000000 -1.000000 0.000000 0.297590 0.888409 1 0 1.0
0 -13.779500 22.755860 17.125950 0.000000 -1.000000 0.000000 0.297590 0.861155 1 0 1.0
0 -13.779500 22.755860 12.204700 0.000000 -1.000000 0.000000 0.297590 0.888409 1 0 1.0
caja_madera
0 -13.779500 22.755860 12.204700 -1.000000 -0.000000 0.000000 0.297590 0.888409 1 0 1.0
0 -13.779500 22.755860 17.125950 -1.000000 -0.000000 0.000000 0.297590 0.861155 1 0 1.0
0 -13.779500 23.622000 17.125950 -1.000000 -0.000000 0.000000 0.302387 0.861155 1 0 1.0
caja_madera
0 -13.779500 22.755860 12.204700 -1.000000 -0.000000 0.000000 0.297590 0.888409 1 0 1.0
0 -13.779500 23.622000 17.125950 -1.000000 -0.000000 0.000000 0.302387 0.861155 1 0 1.0
0 -13.779500 23.622000 12.204700 -1.000000 -0.000000 0.000000 0.302387 0.888409 1 0 1.0
caja_madera
0 13.779500 23.622000 12.204700 -0.000000 -0.000000 -1.000000 0.302387 0.888409 1 0 1.0
0 13.779500 22.755860 12.204700 -0.000000 -0.000000 -1.000000 0.297590 0.888409 1 0 1.0
0 -13.779500 22.755860 12.204700 -0.000000 -0.000000 -1.000000 0.297590 0.888409 1 0 1.0
caja_madera
0 13.779500 23.622000 12.204700 -0.000000 -0.000000 -1.000000 0.302387 0.888409 1 0 1.0
0 -13.779500 22.755860 12.204700 -0.000000 -0.000000 -1.000000 0.297590 0.888409 1 0 1.0
0 -13.779500 23.622000 12.204700 -0.000000 -0.000000 -1.000000 0.302387 0.888409 1 0 1.0
caja_madera
0 13.779500 22.755860 17.125950 0.000000 -0.000000 1.000000 0.177135 0.861155 1 0 1.0
0 13.779500 23.622000 17.125950 0.000000 -0.000000 1.000000 0.172338 0.861155 1 0 1.0
0 -13.779500 23.622000 17.125950 0.000000 -0.000000 1.000000 0.172338 0.861155 1 0 1.0
caja_madera
0 13.779500 22.755860 17.125950 0.000000 -0.000000 1.000000 0.177135 0.861155 1 0 1.0
0 -13.779500 23.622000 17.125950 0.000000 -0.000000 1.000000 0.172338 0.861155 1 0 1.0
0 -13.779500 22.755860 17.125950 0.000000 -0.000000 1.000000 0.177135 0.861155 1 0 1.0
caja_madera
0 -13.779500 -22.755860 12.204700 0.000000 1.000000 0.000000 0.394045 0.884920 1 0 1.0
0 -13.779500 -22.755860 17.125950 0.000000 1.000000 0.000000 0.394045 0.857666 1 0 1.0
0 13.779500 -22.755860 17.125950 0.000000 1.000000 0.000000 0.394045 0.857666 1 0 1.0
caja_madera
0 -13.779500 -22.755860 12.204700 0.000000 1.000000 0.000000 0.394045 0.884920 1 0 1.0
0 13.779500 -22.755860 17.125950 0.000000 1.000000 0.000000 0.394045 0.857666 1 0 1.0
0 13.779500 -22.755860 12.204700 0.000000 1.000000 0.000000 0.394045 0.884920 1 0 1.0
caja_madera
0 13.779500 -22.755860 12.204700 1.000000 -0.000000 -0.000000 0.394045 0.884920 1 0 1.0
0 13.779500 -22.755860 17.125950 1.000000 -0.000000 -0.000000 0.394045 0.857666 1 0 1.0
0 13.779500 -23.622000 17.125950 1.000000 -0.000000 -0.000000 0.398841 0.857666 1 0 1.0
caja_madera
0 13.779500 -22.755860 12.204700 1.000000 -0.000000 -0.000000 0.394045 0.884920 1 0 1.0
0 13.779500 -23.622000 17.125950 1.000000 -0.000000 -0.000000 0.398841 0.857666 1 0 1.0
0 13.779500 -23.622000 12.204700 1.000000 -0.000000 -0.000000 0.398841 0.884920 1 0 1.0
caja_madera
0 13.779500 -23.622000 12.204700 0.000000 -1.000000 0.000000 0.044571 0.886665 1 0 1.0
0 13.779500 -23.622000 17.125950 0.000000 -1.000000 0.000000 0.044571 0.859411 1 0 1.0
0 -13.779500 -23.622000 17.125950 0.000000 -1.000000 0.000000 0.044571 0.859411 1 0 1.0
caja_madera
0 13.779500 -23.622000 12.204700 0.000000 -1.000000 0.000000 0.044571 0.886665 1 0 1.0
0 -13.779500 -23.622000 17.125950 0.000000 -1.000000 0.000000 0.044571 0.859411 1 0 1.0
0 -13.779500 -23.622000 12.204700 0.000000 -1.000000 0.000000 0.044571 0.886665 1 0 1.0
caja_madera
0 -13.779500 -23.622000 12.204700 -1.000000 -0.000000 0.000000 0.044571 0.886665 1 0 1.0
0 -13.779500 -23.622000 17.125950 -1.000000 -0.000000 0.000000 0.044571 0.859411 1 0 1.0
0 -13.779500 -22.755860 17.125950 -1.000000 -0.000000 0.000000 0.049368 0.859411 1 0 1.0
caja_madera
0 -13.779500 -23.622000 12.204700 -1.000000 -0.000000 0.000000 0.044571 0.886665 1 0 1.0
0 -13.779500 -22.755860 17.125950 -1.000000 -0.000000 0.000000 0.049368 0.859411 1 0 1.0
0 -13.779500 -22.755860 12.204700 -1.000000 -0.000000 0.000000 0.049368 0.886665 1 0 1.0
caja_madera
0 13.779500 -22.755860 12.204700 -0.000000 -0.000000 -1.000000 0.049368 0.886665 1 0 1.0
0 13.779500 -23.622000 12.204700 -0.000000 -0.000000 -1.000000 0.044571 0.886665 1 0 1.0
0 -13.779500 -23.622000 12.204700 -0.000000 -0.000000 -1.000000 0.044571 0.886665 1 0 1.0
caja_madera
0 13.779500 -22.755860 12.204700 -0.000000 -0.000000 -1.000000 0.049368 0.886665 1 0 1.0
0 -13.779500 -23.622000 12.204700 -0.000000 -0.000000 -1.000000 0.044571 0.886665 1 0 1.0
0 -13.779500 -22.755860 12.204700 -0.000000 -0.000000 -1.000000 0.049368 0.886665 1 0 1.0
caja_madera
0 13.779500 -23.622000 17.125950 0.000000 -0.000000 1.000000 0.398841 0.857666 1 0 1.0
0 13.779500 -22.755860 17.125950 0.000000 -0.000000 1.000000 0.394045 0.857666 1 0 1.0
0 -13.779500 -22.755860 17.125950 0.000000 -0.000000 1.000000 0.394045 0.857666 1 0 1.0
caja_madera
0 13.779500 -23.622000 17.125950 0.000000 -0.000000 1.000000 0.398841 0.857666 1 0 1.0
0 -13.779500 -22.755860 17.125950 0.000000 -0.000000 1.000000 0.394045 0.857666 1 0 1.0
0 -13.779500 -23.622000 17.125950 0.000000 -0.000000 1.000000 0.398841 0.857666 1 0 1.0
caja_madera
0 14.881860 21.653500 17.913350 0.000000 1.000000 0.000000 0.830564 0.519447 1 0 1.0
0 14.881860 21.653500 22.834600 0.000000 1.000000 0.000000 0.803309 0.519447 1 0 1.0
0 15.748000 21.653500 22.834600 0.000000 1.000000 0.000000 0.803309 0.519447 1 0 1.0
caja_madera
0 14.881860 21.653500 17.913350 0.000000 1.000000 0.000000 0.830564 0.519447 1 0 1.0
0 15.748000 21.653500 22.834600 0.000000 1.000000 0.000000 0.803309 0.519447 1 0 1.0
0 15.748000 21.653500 17.913350 0.000000 1.000000 0.000000 0.830564 0.519447 1 0 1.0
caja_madera
0 15.748000 21.653500 17.913350 1.000000 -0.000000 -0.000000 0.830564 0.519447 1 0 1.0
0 15.748000 21.653500 22.834600 1.000000 -0.000000 -0.000000 0.803309 0.519447 1 0 1.0
0 15.748000 -21.653500 22.834600 1.000000 -0.000000 -0.000000 0.803309 0.279611 1 0 1.0
caja_madera
0 15.748000 21.653500 17.913350 1.000000 -0.000000 -0.000000 0.830564 0.519447 1 0 1.0
0 15.748000 -21.653500 22.834600 1.000000 -0.000000 -0.000000 0.803309 0.279611 1 0 1.0
0 15.748000 -21.653500 17.913350 1.000000 -0.000000 -0.000000 0.830564 0.279611 1 0 1.0
caja_madera
0 15.748000 -21.653500 17.913350 0.000000 -1.000000 0.000000 0.669253 0.253094 1 0 1.0
0 15.748000 -21.653500 22.834600 0.000000 -1.000000 0.000000 0.641998 0.253094 1 0 1.0
0 14.881860 -21.653500 22.834600 0.000000 -1.000000 0.000000 0.641998 0.253094 1 0 1.0
caja_madera
0 15.748000 -21.653500 17.913350 0.000000 -1.000000 0.000000 0.669253 0.253094 1 0 1.0
0 14.881860 -21.653500 22.834600 0.000000 -1.000000 0.000000 0.641998 0.253094 1 0 1.0
0 14.881860 -21.653500 17.913350 0.000000 -1.000000 0.000000 0.669253 0.253094 1 0 1.0
caja_madera
0 14.881860 -21.653500 17.913350 -1.000000 -0.000000 0.000000 0.669253 0.253094 1 0 1.0
0 14.881860 -21.653500 22.834600 -1.000000 -0.000000 0.000000 0.641998 0.253094 1 0 1.0
0 14.881860 21.653500 22.834600 -1.000000 -0.000000 0.000000 0.641998 0.013258 1 0 1.0
caja_madera
0 14.881860 -21.653500 17.913350 -1.000000 -0.000000 0.000000 0.669253 0.253094 1 0 1.0
0 14.881860 21.653500 22.834600 -1.000000 -0.000000 0.000000 0.641998 0.013258 1 0 1.0
0 14.881860 21.653500 17.913350 -1.000000 -0.000000 0.000000 0.669253 0.013258 1 0 1.0
caja_madera
0 15.748000 21.653500 17.913350 -0.000000 -0.000000 -1.000000 0.669253 0.013258 1 0 1.0
0 15.748000 -21.653500 17.913350 -0.000000 -0.000000 -1.000000 0.669253 0.253094 1 0 1.0
0 14.881860 -21.653500 17.913350 -0.000000 -0.000000 -1.000000 0.669253 0.253094 1 0 1.0
caja_madera
0 15.748000 21.653500 17.913350 -0.000000 -0.000000 -1.000000 0.669253 0.013258 1 0 1.0
0 14.881860 -21.653500 17.913350 -0.000000 -0.000000 -1.000000 0.669253 0.253094 1 0 1.0
0 14.881860 21.653500 17.913350 -0.000000 -0.000000 -1.000000 0.669253 0.013258 1 0 1.0
caja_madera
0 15.748000 -21.653500 22.834600 0.000000 -0.000000 1.000000 0.803309 0.279611 1 0 1.0
0 15.748000 21.653500 22.834600 0.000000 -0.000000 1.000000 0.803309 0.519447 1 0 1.0
0 14.881860 21.653500 22.834600 0.000000 -0.000000 1.000000 0.803309 0.519447 1 0 1.0
caja_madera
0 15.748000 -21.653500 22.834600 0.000000 -0.000000 1.000000 0.803309 0.279611 1 0 1.0
0 14.881860 21.653500 22.834600 0.000000 -0.000000 1.000000 0.803309 0.519447 1 0 1.0
0 14.881860 -21.653500 22.834600 0.000000 -0.000000 1.000000 0.803309 0.279611 1 0 1.0
caja_madera
0 -15.748000 21.653500 17.913350 0.000000 1.000000 0.000000 0.830564 0.785799 1 0 1.0
0 -15.748000 21.653500 22.834600 0.000000 1.000000 0.000000 0.803309 0.785799 1 0 1.0
0 -14.881860 21.653500 22.834600 0.000000 1.000000 0.000000 0.803309 0.785799 1 0 1.0
caja_madera
0 -15.748000 21.653500 17.913350 0.000000 1.000000 0.000000 0.830564 0.785799 1 0 1.0
0 -14.881860 21.653500 22.834600 0.000000 1.000000 0.000000 0.803309 0.785799 1 0 1.0
0 -14.881860 21.653500 17.913350 0.000000 1.000000 0.000000 0.830564 0.785799 1 0 1.0
caja_madera
0 -14.881860 21.653500 17.913350 1.000000 -0.000000 -0.000000 0.830564 0.785799 1 0 1.0
0 -14.881860 21.653500 22.834600 1.000000 -0.000000 -0.000000 0.803309 0.785799 1 0 1.0
0 -14.881860 -21.653500 22.834600 1.000000 -0.000000 -0.000000 0.803310 0.545963 1 0 1.0
caja_madera
0 -14.881860 21.653500 17.913350 1.000000 -0.000000 -0.000000 0.830564 0.785799 1 0 1.0
0 -14.881860 -21.653500 22.834600 1.000000 -0.000000 -0.000000 0.803310 0.545963 1 0 1.0
0 -14.881860 -21.653500 17.913350 1.000000 -0.000000 -0.000000 0.830564 0.545963 1 0 1.0
caja_madera
0 -14.881860 -21.653500 17.913350 0.000000 -1.000000 0.000000 0.358673 0.831150 1 0 1.0
0 -14.881860 -21.653500 22.834600 0.000000 -1.000000 0.000000 0.331419 0.831150 1 0 1.0
0 -15.748000 -21.653500 22.834600 0.000000 -1.000000 0.000000 0.331419 0.831150 1 0 1.0
caja_madera
0 -14.881860 -21.653500 17.913350 0.000000 -1.000000 0.000000 0.358673 0.831150 1 0 1.0
0 -15.748000 -21.653500 22.834600 0.000000 -1.000000 0.000000 0.331419 0.831150 1 0 1.0
0 -15.748000 -21.653500 17.913350 0.000000 -1.000000 0.000000 0.358673 0.831150 1 0 1.0
caja_madera
0 -15.748000 -21.653500 17.913350 -1.000000 -0.000000 0.000000 0.358673 0.831150 1 0 1.0
0 -15.748000 -21.653500 22.834600 -1.000000 -0.000000 0.000000 0.331419 0.831150 1 0 1.0
0 -15.748000 21.653500 22.834600 -1.000000 -0.000000 0.000000 0.331419 0.591314 1 0 1.0
caja_madera
0 -15.748000 -21.653500 17.913350 -1.000000 -0.000000 0.000000 0.358673 0.831150 1 0 1.0
0 -15.748000 21.653500 22.834600 -1.000000 -0.000000 0.000000 0.331419 0.591314 1 0 1.0
0 -15.748000 21.653500 17.913350 -1.000000 -0.000000 0.000000 0.358673 0.591314 1 0 1.0
caja_madera
0 -14.881860 21.653500 17.913350 -0.000000 -0.000000 -1.000000 0.358673 0.591314 1 0 1.0
0 -14.881860 -21.653500 17.913350 -0.000000 -0.000000 -1.000000 0.358673 0.831150 1 0 1.0
0 -15.748000 -21.653500 17.913350 -0.000000 -0.000000 -1.000000 0.358673 0.831150 1 0 1.0
caja_madera
0 -14.881860 21.653500 17.913350 -0.000000 -0.000000 -1.000000 0.358673 0.591314 1 0 1.0
0 -15.748000 -21.653500 17.913350 -0.000000 -0.000000 -1.000000 0.358673 0.831150 1 0 1.0
0 -15.748000 21.653500 17.913350 -0.000000 -0.000000 -1.000000 0.358673 0.591314 1 0 1.0
caja_madera
0 -14.881860 -21.653500 22.834600 0.000000 -0.000000 1.000000 0.803310 0.545963 1 0 1.0
0 -14.881860 21.653500 22.834600 0.000000 -0.000000 1.000000 0.803309 0.785799 1 0 1.0
0 -15.748000 21.653500 22.834600 0.000000 -0.000000 1.000000 0.803309 0.785799 1 0 1.0
caja_madera
0 -14.881860 -21.653500 22.834600 0.000000 -0.000000 1.000000 0.803310 0.545963 1 0 1.0
0 -15.748000 21.653500 22.834600 0.000000 -0.000000 1.000000 0.803309 0.785799 1 0 1.0
0 -15.748000 -21.653500 22.834600 0.000000 -0.000000 1.000000 0.803310 0.545963 1 0 1.0
caja_madera
0 -13.779500 23.622000 17.913350 0.000000 1.000000 0.000000 0.203651 0.888409 1 0 1.0
0 -13.779500 23.622000 22.834600 0.000000 1.000000 0.000000 0.203651 0.861155 1 0 1.0
0 13.779500 23.622000 22.834600 0.000000 1.000000 0.000000 0.203651 0.861155 1 0 1.0
caja_madera
0 -13.779500 23.622000 17.913350 0.000000 1.000000 0.000000 0.203651 0.888409 1 0 1.0
0 13.779500 23.622000 22.834600 0.000000 1.000000 0.000000 0.203651 0.861155 1 0 1.0
0 13.779500 23.622000 17.913350 0.000000 1.000000 0.000000 0.203651 0.888409 1 0 1.0
caja_madera
0 13.779500 23.622000 17.913350 1.000000 -0.000000 -0.000000 0.203651 0.888409 1 0 1.0
0 13.779500 23.622000 22.834600 1.000000 -0.000000 -0.000000 0.203651 0.861155 1 0 1.0
0 13.779500 22.755860 22.834600 1.000000 -0.000000 -0.000000 0.208448 0.861155 1 0 1.0
caja_madera
0 13.779500 23.622000 17.913350 1.000000 -0.000000 -0.000000 0.203651 0.888409 1 0 1.0
0 13.779500 22.755860 22.834600 1.000000 -0.000000 -0.000000 0.208448 0.861155 1 0 1.0
0 13.779500 22.755860 17.913350 1.000000 -0.000000 -0.000000 0.208448 0.888409 1 0 1.0
caja_madera
0 13.779500 22.755860 17.913350 0.000000 -1.000000 0.000000 0.331419 0.938691 1 0 1.0
0 13.779500 22.755860 22.834600 0.000000 -1.000000 0.000000 0.331419 0.911437 1 0 1.0
0 -13.779500 22.755860 22.834600 0.000000 -1.000000 0.000000 0.331419 0.911437 1 0 1.0
caja_madera
0 13.779500 22.755860 17.913350 0.000000 -1.000000 0.000000 0.331419 0.938691 1 0 1.0
0 -13.779500 22.755860 22.834600 0.000000 -1.000000 0.000000 0.331419 0.911437 1 0 1.0
0 -13.779500 22.755860 17.913350 0.000000 -1.000000 0.000000 0.331419 0.938691 1 0 1.0
caja_madera
0 -13.779500 22.755860 17.913350 -1.000000 -0.000000 0.000000 0.331419 0.938691 1 0 1.0
0 -13.779500 22.755860 22.834600 -1.000000 -0.000000 0.000000 0.331419 0.911437 1 0 1.0
0 -13.779500 23.622000 22.834600 -1.000000 -0.000000 0.000000 0.336215 0.911437 1 0 1.0
caja_madera
0 -13.779500 22.755860 17.913350 -1.000000 -0.000000 0.000000 0.331419 0.938691 1 0 1.0
0 -13.779500 23.622000 22.834600 -1.000000 -0.000000 0.000000 0.336215 0.911437 1 0 1.0
0 -13.779500 23.622000 17.913350 -1.000000 -0.000000 0.000000 0.336215 0.938691 1 0 1.0
caja_madera
0 13.779500 23.622000 17.913350 -0.000000 -0.000000 -1.000000 0.336215 0.938691 1 0 1.0
0 13.779500 22.755860 17.913350 -0.000000 -0.000000 -1.000000 0.331419 0.938691 1 0 1.0
0 -13.779500 22.755860 17.913350 -0.000000 -0.000000 -1.000000 0.331419 0.938691 1 0 1.0
caja_madera
0 13.779500 23.622000 17.913350 -0.000000 -0.000000 -1.000000 0.336215 0.938691 1 0 1.0
0 -13.779500 22.755860 17.913350 -0.000000 -0.000000 -1.000000 0.331419 0.938691 1 0 1.0
0 -13.779500 23.622000 17.913350 -0.000000 -0.000000 -1.000000 0.336215 0.938691 1 0 1.0
caja_madera
0 13.779500 22.755860 22.834600 0.000000 -0.000000 1.000000 0.208448 0.861155 1 0 1.0
0 13.779500 23.622000 22.834600 0.000000 -0.000000 1.000000 0.203651 0.861155 1 0 1.0
0 -13.779500 23.622000 22.834600 0.000000 -0.000000 1.000000 0.203651 0.861155 1 0 1.0
caja_madera
0 13.779500 22.755860 22.834600 0.000000 -0.000000 1.000000 0.208448 0.861155 1 0 1.0
0 -13.779500 23.622000 22.834600 0.000000 -0.000000 1.000000 0.203651 0.861155 1 0 1.0
0 -13.779500 22.755860 22.834600 0.000000 -0.000000 1.000000 0.208448 0.861155 1 0 1.0
caja_madera
0 -13.779500 -22.755860 17.913350 0.000000 1.000000 0.000000 0.425357 0.884920 1 0 1.0
0 -13.779500 -22.755860 22.834600 0.000000 1.000000 0.000000 0.425357 0.857666 1 0 1.0
0 13.779500 -22.755860 22.834600 0.000000 1.000000 0.000000 0.425357 0.857666 1 0 1.0
caja_madera
0 -13.779500 -22.755860 17.913350 0.000000 1.000000 0.000000 0.425357 0.884920 1 0 1.0
0 13.779500 -22.755860 22.834600 0.000000 1.000000 0.000000 0.425357 0.857666 1 0 1.0
0 13.779500 -22.755860 17.913350 0.000000 1.000000 0.000000 0.425357 0.884921 1 0 1.0
caja_madera
0 13.779500 -22.755860 17.913350 1.000000 -0.000000 -0.000000 0.425357 0.884921 1 0 1.0
0 13.779500 -22.755860 22.834600 1.000000 -0.000000 -0.000000 0.425357 0.857666 1 0 1.0
0 13.779500 -23.622000 22.834600 1.000000 -0.000000 -0.000000 0.430154 0.857666 1 0 1.0
caja_madera
0 13.779500 -22.755860 17.913350 1.000000 -0.000000 -0.000000 0.425357 0.884921 1 0 1.0
0 13.779500 -23.622000 22.834600 1.000000 -0.000000 -0.000000 0.430154 0.857666 1 0 1.0
0 13.779500 -23.622000 17.913350 1.000000 -0.000000 -0.000000 0.430154 0.884921 1 0 1.0
caja_madera
0 13.779500 -23.622000 17.913350 0.000000 -1.000000 0.000000 0.075884 0.886665 1 0 1.0
0 13.779500 -23.622000 22.834600 0.000000 -1.000000 0.000000 0.075884 0.859411 1 0 1.0
0 -13.779500 -23.622000 22.834600 0.000000 -1.000000 0.000000 0.075884 0.859411 1 0 1.0
caja_madera
0 13.779500 -23.622000 17.913350 0.000000 -1.000000 0.000000 0.075884 0.886665 1 0 1.0
0 -13.779500 -23.622000 22.834600 0.000000 -1.000000 0.000000 0.075884 0.859411 1 0 1.0
0 -13.779500 -23.622000 17.913350 0.000000 -1.000000 0.000000 0.075884 0.886665 1 0 1.0
caja_madera
0 -13.779500 -23.622000 17.913350 -1.000000 -0.000000 0.000000 0.075884 0.886665 1 0 1.0
0 -13.779500 -23.622000 22.834600 -1.000000 -0.000000 0.000000 0.075884 0.859411 1 0 1.0
0 -13.779500 -22.755860 22.834600 -1.000000 -0.000000 0.000000 0.080681 0.859411 1 0 1.0
caja_madera
0 -13.779500 -23.622000 17.913350 -1.000000 -0.000000 0.000000 0.075884 0.886665 1 0 1.0
0 -13.779500 -22.755860 22.834600 -1.000000 -0.000000 0.000000 0.080681 0.859411 1 0 1.0
0 -13.779500 -22.755860 17.913350 -1.000000 -0.000000 0.000000 0.080681 0.886665 1 0 1.0
caja_madera
0 13.779500 -22.755860 17.913350 -0.000000 -0.000000 -1.000000 0.080681 0.886665 1 0 1.0
0 13.779500 -23.622000 17.913350 -0.000000 -0.000000 -1.000000 0.075884 0.886665 1 0 1.0
0 -13.779500 -23.622000 17.913350 -0.000000 -0.000000 -1.000000 0.075884 0.886665 1 0 1.0
caja_madera
0 13.779500 -22.755860 17.913350 -0.000000 -0.000000 -1.000000 0.080681 0.886665 1 0 1.0
0 -13.779500 -23.622000 17.913350 -0.000000 -0.000000 -1.000000 0.075884 0.886665 1 0 1.0
0 -13.779500 -22.755860 17.913350 -0.000000 -0.000000 -1.000000 0.080681 0.886665 1 0 1.0
caja_madera
0 13.779500 -23.622000 22.834600 0.000000 -0.000000 1.000000 0.430154 0.857666 1 0 1.0
0 13.779500 -22.755860 22.834600 0.000000 -0.000000 1.000000 0.425357 0.857666 1 0 1.0
0 -13.779500 -22.755860 22.834600 0.000000 -0.000000 1.000000 0.425357 0.857666 1 0 1.0
caja_madera
0 13.779500 -23.622000 22.834600 0.000000 -0.000000 1.000000 0.430154 0.857666 1 0 1.0
0 -13.779500 -22.755860 22.834600 0.000000 -0.000000 1.000000 0.425357 0.857666 1 0 1.0
0 -13.779500 -23.622000 22.834600 0.000000 -0.000000 1.000000 0.430154 0.857666 1 0 1.0
caja_madera
0 -12.992100 21.653500 -0.000000 0.000000 1.000000 0.000000 0.119055 0.832894 1 0 1.0
0 -12.992100 21.653500 0.866140 0.000000 1.000000 0.000000 0.114258 0.832894 1 0 1.0
0 -9.954980 21.653500 0.866140 0.000000 1.000000 0.000000 0.114258 0.832894 1 0 1.0
caja_madera
0 -12.992100 21.653500 -0.000000 0.000000 1.000000 0.000000 0.119055 0.832894 1 0 1.0
0 -9.954980 21.653500 0.866140 0.000000 1.000000 0.000000 0.114258 0.832894 1 0 1.0
0 -9.954980 21.653500 -0.000000 0.000000 1.000000 0.000000 0.119055 0.832894 1 0 1.0
caja_madera
0 -9.954980 21.653500 -0.000000 1.000000 -0.000000 -0.000000 0.119055 0.832894 1 0 1.0
0 -9.954980 21.653500 0.866140 1.000000 -0.000000 -0.000000 0.114258 0.832894 1 0 1.0
0 -9.954980 -21.653500 0.866140 1.000000 -0.000000 -0.000000 0.114258 0.593058 1 0 1.0
caja_madera
0 -9.954980 21.653500 -0.000000 1.000000 -0.000000 -0.000000 0.119055 0.832894 1 0 1.0
0 -9.954980 -21.653500 0.866140 1.000000 -0.000000 -0.000000 0.114258 0.593058 1 0 1.0
0 -9.954980 -21.653500 -0.000000 1.000000 -0.000000 -0.000000 0.119055 0.593058 1 0 1.0
caja_madera
0 -9.954980 -21.653500 -0.000000 0.000000 -1.000000 0.000000 0.177135 0.834639 1 0 1.0
0 -9.954980 -21.653500 0.866140 0.000000 -1.000000 0.000000 0.172338 0.834639 1 0 1.0
0 -12.992100 -21.653500 0.866140 0.000000 -1.000000 0.000000 0.172338 0.834639 1 0 1.0
caja_madera
0 -9.954980 -21.653500 -0.000000 0.000000 -1.000000 0.000000 0.177135 0.834639 1 0 1.0
0 -12.992100 -21.653500 0.866140 0.000000 -1.000000 0.000000 0.172338 0.834639 1 0 1.0
0 -12.992100 -21.653500 -0.000000 0.000000 -1.000000 0.000000 0.177135 0.834639 1 0 1.0
caja_madera
0 -12.992100 -21.653500 -0.000000 -1.000000 -0.000000 0.000000 0.177135 0.834639 1 0 1.0
0 -12.992100 -21.653500 0.866140 -1.000000 -0.000000 0.000000 0.172338 0.834639 1 0 1.0
0 -12.992100 21.653500 0.866140 -1.000000 -0.000000 0.000000 0.172338 0.594802 1 0 1.0
caja_madera
0 -12.992100 -21.653500 -0.000000 -1.000000 -0.000000 0.000000 0.177135 0.834639 1 0 1.0
0 -12.992100 21.653500 0.866140 -1.000000 -0.000000 0.000000 0.172338 0.594802 1 0 1.0
0 -12.992100 21.653500 -0.000000 -1.000000 -0.000000 0.000000 0.177135 0.594802 1 0 1.0
caja_madera
0 -9.954980 21.653500 -0.000000 -0.000000 -0.000000 -1.000000 0.177135 0.594802 1 0 1.0
0 -9.954980 -21.653500 -0.000000 -0.000000 -0.000000 -1.000000 0.177135 0.834639 1 0 1.0
0 -12.992100 -21.653500 -0.000000 -0.000000 -0.000000 -1.000000 0.177135 0.834639 1 0 1.0
caja_madera
0 -9.954980 21.653500 -0.000000 -0.000000 -0.000000 -1.000000 0.177135 0.594802 1 0 1.0
0 -12.992100 -21.653500 -0.000000 -0.000000 -0.000000 -1.000000 0.177135 0.834639 1 0 1.0
0 -12.992100 21.653500 -0.000000 -0.000000 -0.000000 -1.000000 0.177135 0.594802 1 0 1.0
caja_madera
0 -9.954980 -21.653500 0.866140 0.000000 -0.000000 1.000000 0.114258 0.593058 1 0 1.0
0 -9.954980 21.653500 0.866140 0.000000 -0.000000 1.000000 0.114258 0.832894 1 0 1.0
0 -12.992100 21.653500 0.866140 0.000000 -0.000000 1.000000 0.114258 0.832894 1 0 1.0
caja_madera
0 -9.954980 -21.653500 0.866140 0.000000 -0.000000 1.000000 0.114258 0.593058 1 0 1.0
0 -12.992100 21.653500 0.866140 0.000000 -0.000000 1.000000 0.114258 0.832894 1 0 1.0
0 -12.992100 -21.653500 0.866140 0.000000 -0.000000 1.000000 0.114258 0.593058 1 0 1.0
caja_madera
0 -9.167580 21.653500 -0.000000 0.000000 1.000000 0.000000 0.602836 0.829406 1 0 1.0
0 -9.167580 21.653500 0.866140 0.000000 1.000000 0.000000 0.598039 0.829406 1 0 1.0
0 -6.130460 21.653500 0.866140 0.000000 1.000000 0.000000 0.598040 0.829406 1 0 1.0
caja_madera
0 -9.167580 21.653500 -0.000000 0.000000 1.000000 0.000000 0.602836 0.829406 1 0 1.0
0 -6.130460 21.653500 0.866140 0.000000 1.000000 0.000000 0.598040 0.829406 1 0 1.0
0 -6.130460 21.653500 -0.000000 0.000000 1.000000 0.000000 0.602836 0.829406 1 0 1.0
caja_madera
0 -6.130460 21.653500 -0.000000 1.000000 -0.000000 -0.000000 0.602836 0.829406 1 0 1.0
0 -6.130460 21.653500 0.866140 1.000000 -0.000000 -0.000000 0.598040 0.829406 1 0 1.0
0 -6.130460 -21.653500 0.866140 1.000000 -0.000000 -0.000000 0.598040 0.589570 1 0 1.0
caja_madera
0 -6.130460 21.653500 -0.000000 1.000000 -0.000000 -0.000000 0.602836 0.829406 1 0 1.0
0 -6.130460 -21.653500 0.866140 1.000000 -0.000000 -0.000000 0.598040 0.589570 1 0 1.0
0 -6.130460 -21.653500 -0.000000 1.000000 -0.000000 -0.000000 0.602836 0.589570 1 0 1.0
caja_madera
0 -6.130460 -21.653500 -0.000000 0.000000 -1.000000 0.000000 0.208448 0.834639 1 0 1.0
0 -6.130460 -21.653500 0.866140 0.000000 -1.000000 0.000000 0.203651 0.834639 1 0 1.0
0 -9.167580 -21.653500 0.866140 0.000000 -1.000000 0.000000 0.203651 0.834639 1 0 1.0
caja_madera
0 -6.130460 -21.653500 -0.000000 0.000000 -1.000000 0.000000 0.208448 0.834639 1 0 1.0
0 -9.167580 -21.653500 0.866140 0.000000 -1.000000 0.000000 0.203651 0.834639 1 0 1.0
0 -9.167580 -21.653500 -0.000000 0.000000 -1.000000 0.000000 0.208448 0.834639 1 0 1.0
caja_madera
0 -9.167580 -21.653500 -0.000000 -1.000000 -0.000000 0.000000 0.208448 0.834639 1 0 1.0
0 -9.167580 -21.653500 0.866140 -1.000000 -0.000000 0.000000 0.203651 0.834639 1 0 1.0
0 -9.167580 21.653500 0.866140 -1.000000 -0.000000 0.000000 0.203651 0.594802 1 0 1.0
caja_madera
0 -9.167580 -21.653500 -0.000000 -1.000000 -0.000000 0.000000 0.208448 0.834639 1 0 1.0
0 -9.167580 21.653500 0.866140 -1.000000 -0.000000 0.000000 0.203651 0.594802 1 0 1.0
0 -9.167580 21.653500 -0.000000 -1.000000 -0.000000 0.000000 0.208448 0.594802 1 0 1.0
caja_madera
0 -6.130460 21.653500 -0.000000 -0.000000 -0.000000 -1.000000 0.208448 0.594802 1 0 1.0
0 -6.130460 -21.653500 -0.000000 -0.000000 -0.000000 -1.000000 0.208448 0.834639 1 0 1.0
0 -9.167580 -21.653500 -0.000000 -0.000000 -0.000000 -1.000000 0.208448 0.834639 1 0 1.0
caja_madera
0 -6.130460 21.653500 -0.000000 -0.000000 -0.000000 -1.000000 0.208448 0.594802 1 0 1.0
0 -9.167580 -21.653500 -0.000000 -0.000000 -0.000000 -1.000000 0.208448 0.834639 1 0 1.0
0 -9.167580 21.653500 -0.000000 -0.000000 -0.000000 -1.000000 0.208448 0.594802 1 0 1.0
caja_madera
0 -6.130460 -21.653500 0.866140 0.000000 -0.000000 1.000000 0.598040 0.589570 1 0 1.0
0 -6.130460 21.653500 0.866140 0.000000 -0.000000 1.000000 0.598040 0.829406 1 0 1.0
0 -9.167580 21.653500 0.866140 0.000000 -0.000000 1.000000 0.598039 0.829406 1 0 1.0
caja_madera
0 -6.130460 -21.653500 0.866140 0.000000 -0.000000 1.000000 0.598040 0.589570 1 0 1.0
0 -9.167580 21.653500 0.866140 0.000000 -0.000000 1.000000 0.598039 0.829406 1 0 1.0
0 -9.167580 -21.653500 0.866140 0.000000 -0.000000 1.000000 0.598040 0.589570 1 0 1.0
caja_madera
0 -5.343060 21.653500 -0.000000 0.000000 1.000000 0.000000 0.239761 0.834639 1 0 1.0
0 -5.343060 21.653500 0.866140 0.000000 1.000000 0.000000 0.234964 0.834639 1 0 1.0
0 -2.305980 21.653500 0.866140 0.000000 1.000000 0.000000 0.234964 0.834639 1 0 1.0
caja_madera
0 -5.343060 21.653500 -0.000000 0.000000 1.000000 0.000000 0.239761 0.834639 1 0 1.0
0 -2.305980 21.653500 0.866140 0.000000 1.000000 0.000000 0.234964 0.834639 1 0 1.0
0 -2.305980 21.653500 -0.000000 0.000000 1.000000 0.000000 0.239761 0.834639 1 0 1.0
caja_madera
0 -2.305980 21.653500 -0.000000 1.000000 -0.000000 -0.000000 0.239761 0.834639 1 0 1.0
0 -2.305980 21.653500 0.866140 1.000000 -0.000000 -0.000000 0.234964 0.834639 1 0 1.0
0 -2.305980 -21.653500 0.866140 1.000000 -0.000000 -0.000000 0.234964 0.594802 1 0 1.0
caja_madera
0 -2.305980 21.653500 -0.000000 1.000000 -0.000000 -0.000000 0.239761 0.834639 1 0 1.0
0 -2.305980 -21.653500 0.866140 1.000000 -0.000000 -0.000000 0.234964 0.594802 1 0 1.0
0 -2.305980 -21.653500 -0.000000 1.000000 -0.000000 -0.000000 0.239761 0.594802 1 0 1.0
caja_madera
0 -2.305980 -21.653500 -0.000000 0.000000 -1.000000 0.000000 0.271074 0.834639 1 0 1.0
0 -2.305980 -21.653500 0.866140 0.000000 -1.000000 0.000000 0.266277 0.834639 1 0 1.0
0 -5.343060 -21.653500 0.866140 0.000000 -1.000000 0.000000 0.266277 0.834639 1 0 1.0
caja_madera
0 -2.305980 -21.653500 -0.000000 0.000000 -1.000000 0.000000 0.271074 0.834639 1 0 1.0
0 -5.343060 -21.653500 0.866140 0.000000 -1.000000 0.000000 0.266277 0.834639 1 0 1.0
0 -5.343060 -21.653500 -0.000000 0.000000 -1.000000 0.000000 0.271074 0.834639 1 0 1.0
caja_madera
0 -5.343060 -21.653500 -0.000000 -1.000000 -0.000000 0.000000 0.271074 0.834639 1 0 1.0
0 -5.343060 -21.653500 0.866140 -1.000000 -0.000000 0.000000 0.266277 0.834639 1 0 1.0
0 -5.343060 21.653500 0.866140 -1.000000 -0.000000 0.000000 0.266277 0.594802 1 0 1.0
caja_madera
0 -5.343060 -21.653500 -0.000000 -1.000000 -0.000000 0.000000 0.271074 0.834639 1 0 1.0
0 -5.343060 21.653500 0.866140 -1.000000 -0.000000 0.000000 0.266277 0.594802 1 0 1.0
0 -5.343060 21.653500 -0.000000 -1.000000 -0.000000 0.000000 0.271074 0.594802 1 0 1.0
caja_madera
0 -2.305980 21.653500 -0.000000 -0.000000 -0.000000 -1.000000 0.271074 0.594802 1 0 1.0
0 -2.305980 -21.653500 -0.000000 -0.000000 -0.000000 -1.000000 0.271074 0.834639 1 0 1.0
0 -5.343060 -21.653500 -0.000000 -0.000000 -0.000000 -1.000000 0.271074 0.834639 1 0 1.0
caja_madera
0 -2.305980 21.653500 -0.000000 -0.000000 -0.000000 -1.000000 0.271074 0.594802 1 0 1.0
0 -5.343060 -21.653500 -0.000000 -0.000000 -0.000000 -1.000000 0.271074 0.834639 1 0 1.0
0 -5.343060 21.653500 -0.000000 -0.000000 -0.000000 -1.000000 0.271074 0.594802 1 0 1.0
caja_madera
0 -2.305980 -21.653500 0.866140 0.000000 -0.000000 1.000000 0.234964 0.594802 1 0 1.0
0 -2.305980 21.653500 0.866140 0.000000 -0.000000 1.000000 0.234964 0.834639 1 0 1.0
0 -5.343060 21.653500 0.866140 0.000000 -0.000000 1.000000 0.234964 0.834639 1 0 1.0
caja_madera
0 -2.305980 -21.653500 0.866140 0.000000 -0.000000 1.000000 0.234964 0.594802 1 0 1.0
0 -5.343060 21.653500 0.866140 0.000000 -0.000000 1.000000 0.234964 0.834639 1 0 1.0
0 -5.343060 -21.653500 0.866140 0.000000 -0.000000 1.000000 0.234964 0.594802 1 0 1.0
caja_madera
0 -1.518540 21.653500 -0.000000 0.000000 1.000000 0.000000 0.302387 0.834639 1 0 1.0
0 -1.518540 21.653500 0.866140 0.000000 1.000000 0.000000 0.297590 0.834639 1 0 1.0
0 1.518540 21.653500 0.866140 0.000000 1.000000 0.000000 0.297590 0.834639 1 0 1.0
caja_madera
0 -1.518540 21.653500 -0.000000 0.000000 1.000000 0.000000 0.302387 0.834639 1 0 1.0
0 1.518540 21.653500 0.866140 0.000000 1.000000 0.000000 0.297590 0.834639 1 0 1.0
0 1.518540 21.653500 -0.000000 0.000000 1.000000 0.000000 0.302387 0.834639 1 0 1.0
caja_madera
0 1.518540 21.653500 -0.000000 1.000000 -0.000000 -0.000000 0.302387 0.834639 1 0 1.0
0 1.518540 21.653500 0.866140 1.000000 -0.000000 -0.000000 0.297590 0.834639 1 0 1.0
0 1.518540 -21.653500 0.866140 1.000000 -0.000000 -0.000000 0.297590 0.594802 1 0 1.0
caja_madera
0 1.518540 21.653500 -0.000000 1.000000 -0.000000 -0.000000 0.302387 0.834639 1 0 1.0
0 1.518540 -21.653500 0.866140 1.000000 -0.000000 -0.000000 0.297590 0.594802 1 0 1.0
0 1.518540 -21.653500 -0.000000 1.000000 -0.000000 -0.000000 0.302387 0.594802 1 0 1.0
caja_madera
0 1.518540 -21.653500 -0.000000 0.000000 -1.000000 0.000000 0.861876 0.253094 1 0 1.0
0 1.518540 -21.653500 0.866140 0.000000 -1.000000 0.000000 0.857080 0.253094 1 0 1.0
0 -1.518540 -21.653500 0.866140 0.000000 -1.000000 0.000000 0.857080 0.253094 1 0 1.0
caja_madera
0 1.518540 -21.653500 -0.000000 0.000000 -1.000000 0.000000 0.861876 0.253094 1 0 1.0
0 -1.518540 -21.653500 0.866140 0.000000 -1.000000 0.000000 0.857080 0.253094 1 0 1.0
0 -1.518540 -21.653500 -0.000000 0.000000 -1.000000 0.000000 0.861876 0.253094 1 0 1.0
caja_madera
0 -1.518540 -21.653500 -0.000000 -1.000000 -0.000000 0.000000 0.861876 0.253094 1 0 1.0
0 -1.518540 -21.653500 0.866140 -1.000000 -0.000000 0.000000 0.857080 0.253094 1 0 1.0
0 -1.518540 21.653500 0.866140 -1.000000 -0.000000 0.000000 0.857080 0.013258 1 0 1.0
caja_madera
0 -1.518540 -21.653500 -0.000000 -1.000000 -0.000000 0.000000 0.861876 0.253094 1 0 1.0
0 -1.518540 21.653500 0.866140 -1.000000 -0.000000 0.000000 0.857080 0.013258 1 0 1.0
0 -1.518540 21.653500 -0.000000 -1.000000 -0.000000 0.000000 0.861876 0.013258 1 0 1.0
caja_madera
0 1.518540 21.653500 -0.000000 -0.000000 -0.000000 -1.000000 0.861876 0.013258 1 0 1.0
0 1.518540 -21.653500 -0.000000 -0.000000 -0.000000 -1.000000 0.861876 0.253094 1 0 1.0
0 -1.518540 -21.653500 -0.000000 -0.000000 -0.000000 -1.000000 0.861876 0.253094 1 0 1.0
caja_madera
0 1.518540 21.653500 -0.000000 -0.000000 -0.000000 -1.000000 0.861876 0.013258 1 0 1.0
0 -1.518540 -21.653500 -0.000000 -0.000000 -0.000000 -1.000000 0.861876 0.253094 1 0 1.0
0 -1.518540 21.653500 -0.000000 -0.000000 -0.000000 -1.000000 0.861876 0.013258 1 0 1.0
caja_madera
0 1.518540 -21.653500 0.866140 0.000000 -0.000000 1.000000 0.297590 0.594802 1 0 1.0
0 1.518540 21.653500 0.866140 0.000000 -0.000000 1.000000 0.297590 0.834639 1 0 1.0
0 -1.518540 21.653500 0.866140 0.000000 -0.000000 1.000000 0.297590 0.834639 1 0 1.0
caja_madera
0 1.518540 -21.653500 0.866140 0.000000 -0.000000 1.000000 0.297590 0.594802 1 0 1.0
0 -1.518540 21.653500 0.866140 0.000000 -0.000000 1.000000 0.297590 0.834639 1 0 1.0
0 -1.518540 -21.653500 0.866140 0.000000 -0.000000 1.000000 0.297590 0.594802 1 0 1.0
caja_madera
0 2.305940 21.653500 -0.000000 0.000000 1.000000 0.000000 0.861876 0.519447 1 0 1.0
0 2.305940 21.653500 0.866140 0.000000 1.000000 0.000000 0.857080 0.519447 1 0 1.0
0 5.343060 21.653500 0.866140 0.000000 1.000000 0.000000 0.857080 0.519447 1 0 1.0
caja_madera
0 2.305940 21.653500 -0.000000 0.000000 1.000000 0.000000 0.861876 0.519447 1 0 1.0
0 5.343060 21.653500 0.866140 0.000000 1.000000 0.000000 0.857080 0.519447 1 0 1.0
0 5.343060 21.653500 -0.000000 0.000000 1.000000 0.000000 0.861876 0.519447 1 0 1.0
caja_madera
0 5.343060 21.653500 -0.000000 1.000000 -0.000000 -0.000000 0.861876 0.519447 1 0 1.0
0 5.343060 21.653500 0.866140 1.000000 -0.000000 -0.000000 0.857080 0.519447 1 0 1.0
0 5.343060 -21.653500 0.866140 1.000000 -0.000000 -0.000000 0.857080 0.279611 1 0 1.0
caja_madera
0 5.343060 21.653500 -0.000000 1.000000 -0.000000 -0.000000 0.861876 0.519447 1 0 1.0
0 5.343060 -21.653500 0.866140 1.000000 -0.000000 -0.000000 0.857080 0.279611 1 0 1.0
0 5.343060 -21.653500 -0.000000 1.000000 -0.000000 -0.000000 0.861877 0.279611 1 0 1.0
caja_madera
0 5.343060 -21.653500 -0.000000 0.000000 -1.000000 0.000000 0.861876 0.785799 1 0 1.0
0 5.343060 -21.653500 0.866140 0.000000 -1.000000 0.000000 0.857080 0.785799 1 0 1.0
0 2.305940 -21.653500 0.866140 0.000000 -1.000000 0.000000 0.857080 0.785799 1 0 1.0
caja_madera
0 5.343060 -21.653500 -0.000000 0.000000 -1.000000 0.000000 0.861876 0.785799 1 0 1.0
0 2.305940 -21.653500 0.866140 0.000000 -1.000000 0.000000 0.857080 0.785799 1 0 1.0
0 2.305940 -21.653500 -0.000000 0.000000 -1.000000 0.000000 0.861876 0.785799 1 0 1.0
caja_madera
0 2.305940 -21.653500 -0.000000 -1.000000 -0.000000 0.000000 0.861876 0.785799 1 0 1.0
0 2.305940 -21.653500 0.866140 -1.000000 -0.000000 0.000000 0.857080 0.785799 1 0 1.0
0 2.305940 21.653500 0.866140 -1.000000 -0.000000 0.000000 0.857080 0.545963 1 0 1.0
caja_madera
0 2.305940 -21.653500 -0.000000 -1.000000 -0.000000 0.000000 0.861876 0.785799 1 0 1.0
0 2.305940 21.653500 0.866140 -1.000000 -0.000000 0.000000 0.857080 0.545963 1 0 1.0
0 2.305940 21.653500 -0.000000 -1.000000 -0.000000 0.000000 0.861876 0.545963 1 0 1.0
caja_madera
0 5.343060 21.653500 -0.000000 -0.000000 -0.000000 -1.000000 0.861876 0.545963 1 0 1.0
0 5.343060 -21.653500 -0.000000 -0.000000 -0.000000 -1.000000 0.861876 0.785799 1 0 1.0
0 2.305940 -21.653500 -0.000000 -0.000000 -0.000000 -1.000000 0.861876 0.785799 1 0 1.0
caja_madera
0 5.343060 21.653500 -0.000000 -0.000000 -0.000000 -1.000000 0.861876 0.545963 1 0 1.0
0 2.305940 -21.653500 -0.000000 -0.000000 -0.000000 -1.000000 0.861876 0.785799 1 0 1.0
0 2.305940 21.653500 -0.000000 -0.000000 -0.000000 -1.000000 0.861876 0.545963 1 0 1.0
caja_madera
0 5.343060 -21.653500 0.866140 0.000000 -0.000000 1.000000 0.857080 0.279611 1 0 1.0
0 5.343060 21.653500 0.866140 0.000000 -0.000000 1.000000 0.857080 0.519447 1 0 1.0
0 2.305940 21.653500 0.866140 0.000000 -0.000000 1.000000 0.857080 0.519447 1 0 1.0
caja_madera
0 5.343060 -21.653500 0.866140 0.000000 -0.000000 1.000000 0.857080 0.279611 1 0 1.0
0 2.305940 21.653500 0.866140 0.000000 -0.000000 1.000000 0.857080 0.519447 1 0 1.0
0 2.305940 -21.653500 0.866140 0.000000 -0.000000 1.000000 0.857080 0.279611 1 0 1.0
caja_madera
0 6.130460 21.653500 -0.000000 0.000000 1.000000 0.000000 0.443756 0.831150 1 0 1.0
0 6.130460 21.653500 0.866140 0.000000 1.000000 0.000000 0.438959 0.831150 1 0 1.0
0 9.167580 21.653500 0.866140 0.000000 1.000000 0.000000 0.438959 0.831150 1 0 1.0
caja_madera
0 6.130460 21.653500 -0.000000 0.000000 1.000000 0.000000 0.443756 0.831150 1 0 1.0
0 9.167580 21.653500 0.866140 0.000000 1.000000 0.000000 0.438959 0.831150 1 0 1.0
0 9.167580 21.653500 -0.000000 0.000000 1.000000 0.000000 0.443756 0.831150 1 0 1.0
caja_madera
0 9.167580 21.653500 -0.000000 1.000000 -0.000000 -0.000000 0.443756 0.831150 1 0 1.0
0 9.167580 21.653500 0.866140 1.000000 -0.000000 -0.000000 0.438959 0.831150 1 0 1.0
0 9.167580 -21.653500 0.866140 1.000000 -0.000000 -0.000000 0.438959 0.591314 1 0 1.0
caja_madera
0 9.167580 21.653500 -0.000000 1.000000 -0.000000 -0.000000 0.443756 0.831150 1 0 1.0
0 9.167580 -21.653500 0.866140 1.000000 -0.000000 -0.000000 0.438959 0.591314 1 0 1.0
0 9.167580 -21.653500 -0.000000 1.000000 -0.000000 -0.000000 0.443756 0.591314 1 0 1.0
caja_madera
0 9.167580 -21.653500 -0.000000 0.000000 -1.000000 0.000000 0.893189 0.253094 1 0 1.0
0 9.167580 -21.653500 0.866140 0.000000 -1.000000 0.000000 0.888393 0.253094 1 0 1.0
0 6.130460 -21.653500 0.866140 0.000000 -1.000000 0.000000 0.888393 0.253094 1 0 1.0
caja_madera
0 9.167580 -21.653500 -0.000000 0.000000 -1.000000 0.000000 0.893189 0.253094 1 0 1.0
0 6.130460 -21.653500 0.866140 0.000000 -1.000000 0.000000 0.888393 0.253094 1 0 1.0
0 6.130460 -21.653500 -0.000000 0.000000 -1.000000 0.000000 0.893189 0.253094 1 0 1.0
caja_madera
0 6.130460 -21.653500 -0.000000 -1.000000 -0.000000 0.000000 0.893189 0.253094 1 0 1.0
0 6.130460 -21.653500 0.866140 -1.000000 -0.000000 0.000000 0.888393 0.253094 1 0 1.0
0 6.130460 21.653500 0.866140 -1.000000 -0.000000 0.000000 0.888393 0.013258 1 0 1.0
caja_madera
0 6.130460 -21.653500 -0.000000 -1.000000 -0.000000 0.000000 0.893189 0.253094 1 0 1.0
0 6.130460 21.653500 0.866140 -1.000000 -0.000000 0.000000 0.888393 0.013258 1 0 1.0
0 6.130460 21.653500 -0.000000 -1.000000 -0.000000 0.000000 0.893189 0.013258 1 0 1.0
caja_madera
0 9.167580 21.653500 -0.000000 -0.000000 -0.000000 -1.000000 0.893189 0.013258 1 0 1.0
0 9.167580 -21.653500 -0.000000 -0.000000 -0.000000 -1.000000 0.893189 0.253094 1 0 1.0
0 6.130460 -21.653500 -0.000000 -0.000000 -0.000000 -1.000000 0.893189 0.253094 1 0 1.0
caja_madera
0 9.167580 21.653500 -0.000000 -0.000000 -0.000000 -1.000000 0.893189 0.013258 1 0 1.0
0 6.130460 -21.653500 -0.000000 -0.000000 -0.000000 -1.000000 0.893189 0.253094 1 0 1.0
0 6.130460 21.653500 -0.000000 -0.000000 -0.000000 -1.000000 0.893189 0.013258 1 0 1.0
caja_madera
0 9.167580 -21.653500 0.866140 0.000000 -0.000000 1.000000 0.438959 0.591314 1 0 1.0
0 9.167580 21.653500 0.866140 0.000000 -0.000000 1.000000 0.438959 0.831150 1 0 1.0
0 6.130460 21.653500 0.866140 0.000000 -0.000000 1.000000 0.438959 0.831150 1 0 1.0
caja_madera
0 9.167580 -21.653500 0.866140 0.000000 -0.000000 1.000000 0.438959 0.591314 1 0 1.0
0 6.130460 21.653500 0.866140 0.000000 -0.000000 1.000000 0.438959 0.831150 1 0 1.0
0 6.130460 -21.653500 0.866140 0.000000 -0.000000 1.000000 0.438959 0.591314 1 0 1.0
caja_madera
0 9.954980 21.653500 -0.000000 0.000000 1.000000 0.000000 0.893189 0.519447 1 0 1.0
0 9.954980 21.653500 0.866140 0.000000 1.000000 0.000000 0.888393 0.519447 1 0 1.0
0 12.992100 21.653500 0.866140 0.000000 1.000000 0.000000 0.888393 0.519447 1 0 1.0
caja_madera
0 9.954980 21.653500 -0.000000 0.000000 1.000000 0.000000 0.893189 0.519447 1 0 1.0
0 12.992100 21.653500 0.866140 0.000000 1.000000 0.000000 0.888393 0.519447 1 0 1.0
0 12.992100 21.653500 -0.000000 0.000000 1.000000 0.000000 0.893189 0.519447 1 0 1.0
caja_madera
0 12.992100 21.653500 -0.000000 1.000000 -0.000000 -0.000000 0.893189 0.519447 1 0 1.0
0 12.992100 21.653500 0.866140 1.000000 -0.000000 -0.000000 0.888393 0.519447 1 0 1.0
0 12.992100 -21.653500 0.866140 1.000000 -0.000000 -0.000000 0.888393 0.279611 1 0 1.0
caja_madera
0 12.992100 21.653500 -0.000000 1.000000 -0.000000 -0.000000 0.893189 0.519447 1 0 1.0
0 12.992100 -21.653500 0.866140 1.000000 -0.000000 -0.000000 0.888393 0.279611 1 0 1.0
0 12.992100 -21.653500 -0.000000 1.000000 -0.000000 -0.000000 0.893189 0.279611 1 0 1.0
caja_madera
0 12.992100 -21.653500 -0.000000 0.000000 -1.000000 0.000000 0.888393 0.545963 1 0 1.0
0 12.992100 -21.653500 0.866140 0.000000 -1.000000 0.000000 0.893189 0.545963 1 0 1.0
0 9.954980 -21.653500 0.866140 0.000000 -1.000000 0.000000 0.893189 0.545963 1 0 1.0
caja_madera
0 12.992100 -21.653500 -0.000000 0.000000 -1.000000 0.000000 0.888393 0.545963 1 0 1.0
0 9.954980 -21.653500 0.866140 0.000000 -1.000000 0.000000 0.893189 0.545963 1 0 1.0
0 9.954980 -21.653500 -0.000000 0.000000 -1.000000 0.000000 0.888393 0.545963 1 0 1.0
caja_madera
0 9.954980 -21.653500 -0.000000 -1.000000 -0.000000 0.000000 0.888393 0.545963 1 0 1.0
0 9.954980 -21.653500 0.866140 -1.000000 -0.000000 0.000000 0.893189 0.545963 1 0 1.0
0 9.954980 21.653500 0.866140 -1.000000 -0.000000 0.000000 0.893189 0.785799 1 0 1.0
caja_madera
0 9.954980 -21.653500 -0.000000 -1.000000 -0.000000 0.000000 0.888393 0.545963 1 0 1.0
0 9.954980 21.653500 0.866140 -1.000000 -0.000000 0.000000 0.893189 0.785799 1 0 1.0
0 9.954980 21.653500 -0.000000 -1.000000 -0.000000 0.000000 0.888393 0.785799 1 0 1.0
caja_madera
0 12.992100 21.653500 -0.000000 -0.000000 -0.000000 -1.000000 0.888393 0.785799 1 0 1.0
0 12.992100 -21.653500 -0.000000 -0.000000 -0.000000 -1.000000 0.888393 0.545963 1 0 1.0
0 9.954980 -21.653500 -0.000000 -0.000000 -0.000000 -1.000000 0.888393 0.545963 1 0 1.0
caja_madera
0 12.992100 21.653500 -0.000000 -0.000000 -0.000000 -1.000000 0.888393 0.785799 1 0 1.0
0 9.954980 -21.653500 -0.000000 -0.000000 -0.000000 -1.000000 0.888393 0.545963 1 0 1.0
0 9.954980 21.653500 -0.000000 -0.000000 -0.000000 -1.000000 0.888393 0.785799 1 0 1.0
caja_madera
0 12.992100 -21.653500 0.866140 0.000000 -0.000000 1.000000 0.888393 0.279611 1 0 1.0
0 12.992100 21.653500 0.866140 0.000000 -0.000000 1.000000 0.888393 0.519447 1 0 1.0
0 9.954980 21.653500 0.866140 0.000000 -0.000000 1.000000 0.888393 0.519447 1 0 1.0
caja_madera
0 12.992100 -21.653500 0.866140 0.000000 -0.000000 1.000000 0.888393 0.279611 1 0 1.0
0 9.954980 21.653500 0.866140 0.000000 -0.000000 1.000000 0.888393 0.519447 1 0 1.0
0 9.954980 -21.653500 0.866140 0.000000 -0.000000 1.000000 0.888393 0.279611 1 0 1.0
caja_madera
0 14.881860 21.653500 22.755860 0.000000 1.000000 0.000000 0.013258 0.593058 1 0 1.0
0 14.881860 21.653500 23.622000 0.000000 1.000000 0.000000 0.018055 0.593058 1 0 1.0
0 15.748000 21.653500 23.622000 0.000000 1.000000 0.000000 0.018055 0.593058 1 0 1.0
caja_madera
0 14.881860 21.653500 22.755860 0.000000 1.000000 0.000000 0.013258 0.593058 1 0 1.0
0 15.748000 21.653500 23.622000 0.000000 1.000000 0.000000 0.018055 0.593058 1 0 1.0
0 15.748000 21.653500 22.755860 0.000000 1.000000 0.000000 0.013258 0.593058 1 0 1.0
caja_madera
0 15.748000 21.653500 22.755860 1.000000 -0.000000 -0.000000 0.013258 0.593058 1 0 1.0
0 15.748000 21.653500 23.622000 1.000000 -0.000000 -0.000000 0.018055 0.593058 1 0 1.0
0 15.748000 -21.653500 23.622000 1.000000 -0.000000 -0.000000 0.018055 0.832894 1 0 1.0
caja_madera
0 15.748000 21.653500 22.755860 1.000000 -0.000000 -0.000000 0.013258 0.593058 1 0 1.0
0 15.748000 -21.653500 23.622000 1.000000 -0.000000 -0.000000 0.018055 0.832894 1 0 1.0
0 15.748000 -21.653500 22.755860 1.000000 -0.000000 -0.000000 0.013258 0.832894 1 0 1.0
caja_madera
0 15.748000 -21.653500 22.755860 0.000000 -1.000000 0.000000 0.919706 0.013258 1 0 1.0
0 15.748000 -21.653500 23.622000 0.000000 -1.000000 0.000000 0.924502 0.013258 1 0 1.0
0 14.881860 -21.653500 23.622000 0.000000 -1.000000 0.000000 0.924502 0.013258 1 0 1.0
caja_madera
0 15.748000 -21.653500 22.755860 0.000000 -1.000000 0.000000 0.919706 0.013258 1 0 1.0
0 14.881860 -21.653500 23.622000 0.000000 -1.000000 0.000000 0.924502 0.013258 1 0 1.0
0 14.881860 -21.653500 22.755860 0.000000 -1.000000 0.000000 0.919706 0.013258 1 0 1.0
caja_madera
0 14.881860 -21.653500 22.755860 -1.000000 -0.000000 0.000000 0.919706 0.013258 1 0 1.0
0 14.881860 -21.653500 23.622000 -1.000000 -0.000000 0.000000 0.924502 0.013258 1 0 1.0
0 14.881860 21.653500 23.622000 -1.000000 -0.000000 0.000000 0.924502 0.253094 1 0 1.0
caja_madera
0 14.881860 -21.653500 22.755860 -1.000000 -0.000000 0.000000 0.919706 0.013258 1 0 1.0
0 14.881860 21.653500 23.622000 -1.000000 -0.000000 0.000000 0.924502 0.253094 1 0 1.0
0 14.881860 21.653500 22.755860 -1.000000 -0.000000 0.000000 0.919706 0.253094 1 0 1.0
caja_madera
0 15.748000 21.653500 22.755860 -0.000000 -0.000000 -1.000000 0.919706 0.253094 1 0 1.0
0 15.748000 -21.653500 22.755860 -0.000000 -0.000000 -1.000000 0.919706 0.013258 1 0 1.0
0 14.881860 -21.653500 22.755860 -0.000000 -0.000000 -1.000000 0.919706 0.013258 1 0 1.0
caja_madera
0 15.748000 21.653500 22.755860 -0.000000 -0.000000 -1.000000 0.919706 0.253094 1 0 1.0
0 14.881860 -21.653500 22.755860 -0.000000 -0.000000 -1.000000 0.919706 0.013258 1 0 1.0
0 14.881860 21.653500 22.755860 -0.000000 -0.000000 -1.000000 0.919706 0.253094 1 0 1.0
caja_madera
0 15.748000 -21.653500 23.622000 -0.000001 0.000000 1.000000 0.924502 0.013258 1 0 1.0
0 15.748000 21.653500 23.622000 -0.000001 0.000000 1.000000 0.924502 0.253094 1 0 1.0
0 14.881860 21.653500 23.622000 -0.000001 0.000000 1.000000 0.924502 0.253094 1 0 1.0
caja_madera
0 15.748000 -21.653500 23.622000 -0.000001 0.000000 1.000000 0.924502 0.013258 1 0 1.0
0 14.881860 21.653500 23.622000 -0.000001 0.000000 1.000000 0.924502 0.253094 1 0 1.0
0 14.881860 -21.653500 23.622000 -0.000001 0.000000 1.000000 0.924502 0.013258 1 0 1.0
caja_madera
0 -15.748000 21.653500 22.755860 -0.000001 1.000000 0.000001 0.049368 0.593058 1 0 1.0
0 -15.748000 21.653500 23.622000 -0.000001 1.000000 0.000001 0.044571 0.593058 1 0 1.0
0 -14.881860 21.653500 23.622000 -0.000001 1.000000 0.000001 0.044571 0.593058 1 0 1.0
caja_madera
0 -15.748000 21.653500 22.755860 -0.000001 1.000000 0.000001 0.049368 0.593058 1 0 1.0
0 -14.881860 21.653500 23.622000 -0.000001 1.000000 0.000001 0.044571 0.593058 1 0 1.0
0 -14.881860 21.653500 22.755860 -0.000001 1.000000 0.000001 0.049368 0.593058 1 0 1.0
caja_madera
0 -14.881860 21.653500 22.755860 1.000000 -0.000000 -0.000000 0.080681 0.832894 1 0 1.0
0 -14.881860 21.653500 23.622000 1.000000 -0.000000 -0.000000 0.075884 0.832894 1 0 1.0
0 -14.881860 -21.653500 23.622000 1.000000 -0.000000 -0.000000 0.075884 0.593058 1 0 1.0
caja_madera
0 -14.881860 21.653500 22.755860 1.000000 -0.000000 -0.000000 0.080681 0.832894 1 0 1.0
0 -14.881860 -21.653500 23.622000 1.000000 -0.000000 -0.000000 0.075884 0.593058 1 0 1.0
0 -14.881860 -21.653500 22.755860 1.000000 -0.000000 -0.000000 0.080681 0.593058 1 0 1.0
caja_madera
0 -14.881860 -21.653500 22.755860 0.000000 -1.000000 0.000000 0.049368 0.832894 1 0 1.0
0 -14.881860 -21.653500 23.622000 0.000000 -1.000000 0.000000 0.044571 0.832894 1 0 1.0
0 -15.748000 -21.653500 23.622000 0.000000 -1.000000 0.000000 0.044571 0.832894 1 0 1.0
caja_madera
0 -14.881860 -21.653500 22.755860 0.000000 -1.000000 0.000000 0.049368 0.832894 1 0 1.0
0 -15.748000 -21.653500 23.622000 0.000000 -1.000000 0.000000 0.044571 0.832894 1 0 1.0
0 -15.748000 -21.653500 22.755860 0.000000 -1.000000 0.000000 0.049368 0.832894 1 0 1.0
caja_madera
0 -15.748000 -21.653500 22.755860 -1.000000 -0.000000 0.000000 0.049368 0.832894 1 0 1.0
0 -15.748000 -21.653500 23.622000 -1.000000 -0.000000 0.000000 0.044571 0.832894 1 0 1.0
0 -15.748000 21.653500 23.622000 -1.000000 -0.000000 0.000000 0.044571 0.593058 1 0 1.0
caja_madera
0 -15.748000 -21.653500 22.755860 -1.000000 -0.000000 0.000000 0.049368 0.832894 1 0 1.0
0 -15.748000 21.653500 23.622000 -1.000000 -0.000000 0.000000 0.044571 0.593058 1 0 1.0
0 -15.748000 21.653500 22.755860 -1.000000 -0.000000 0.000000 0.049368 0.593058 1 0 1.0
caja_madera
0 -14.881860 21.653500 22.755860 -0.000000 -0.000000 -1.000000 0.049368 0.593058 1 0 1.0
0 -14.881860 -21.653500 22.755860 -0.000000 -0.000000 -1.000000 0.049368 0.832894 1 0 1.0
0 -15.748000 -21.653500 22.755860 -0.000000 -0.000000 -1.000000 0.049368 0.832894 1 0 1.0
caja_madera
0 -14.881860 21.653500 22.755860 -0.000000 -0.000000 -1.000000 0.049368 0.593058 1 0 1.0
0 -15.748000 -21.653500 22.755860 -0.000000 -0.000000 -1.000000 0.049368 0.832894 1 0 1.0
0 -15.748000 21.653500 22.755860 -0.000000 -0.000000 -1.000000 0.049368 0.593058 1 0 1.0
caja_madera
0 -14.881860 -21.653500 23.622000 0.000002 -0.000000 1.000000 0.075884 0.593058 1 0 1.0
0 -14.881860 21.653500 23.622000 0.000002 -0.000000 1.000000 0.075884 0.832894 1 0 1.0
0 -15.748000 21.653500 23.622000 0.000002 -0.000000 1.000000 0.075884 0.832894 1 0 1.0
caja_madera
0 -14.881860 -21.653500 23.622000 0.000002 -0.000000 1.000000 0.075884 0.593058 1 0 1.0
0 -15.748000 21.653500 23.622000 0.000002 -0.000000 1.000000 0.075884 0.832894 1 0 1.0
0 -15.748000 -21.653500 23.622000 0.000002 -0.000000 1.000000 0.075884 0.593058 1 0 1.0
caja_madera
0 -13.779500 23.622000 22.755860 -0.000000 1.000000 -0.000000 0.044571 0.917978 1 0 1.0
0 -13.779500 23.622000 23.622000 -0.000000 1.000000 -0.000000 0.044571 0.913181 1 0 1.0
0 13.779500 23.622000 23.622000 -0.000000 1.000000 -0.000000 0.044571 0.913181 1 0 1.0
caja_madera
0 -13.779500 23.622000 22.755860 -0.000000 1.000000 -0.000000 0.044571 0.917978 1 0 1.0
0 13.779500 23.622000 23.622000 -0.000000 1.000000 -0.000000 0.044571 0.913181 1 0 1.0
0 13.779500 23.622000 22.755860 -0.000000 1.000000 -0.000000 0.044571 0.917978 1 0 1.0
caja_madera
0 13.779500 23.622000 22.755860 1.000000 -0.000000 -0.000000 0.044571 0.917978 1 0 1.0
0 13.779500 23.622000 23.622000 1.000000 -0.000000 -0.000000 0.044571 0.913181 1 0 1.0
0 13.779500 22.755860 23.622000 1.000000 -0.000000 -0.000000 0.049368 0.913181 1 0 1.0
caja_madera
0 13.779500 23.622000 22.755860 1.000000 -0.000000 -0.000000 0.044571 0.917978 1 0 1.0
0 13.779500 22.755860 23.622000 1.000000 -0.000000 -0.000000 0.049368 0.913181 1 0 1.0
0 13.779500 22.755860 22.755860 1.000000 -0.000000 -0.000000 0.049368 0.917978 1 0 1.0
caja_madera
0 13.779500 22.755860 22.755860 0.000000 -1.000000 0.000000 0.107197 0.917978 1 0 1.0
0 13.779500 22.755860 23.622000 0.000000 -1.000000 0.000000 0.107197 0.913181 1 0 1.0
0 -13.779500 22.755860 23.622000 0.000000 -1.000000 0.000000 0.107197 0.913181 1 0 1.0
caja_madera
0 13.779500 22.755860 22.755860 0.000000 -1.000000 0.000000 0.107197 0.917978 1 0 1.0
0 -13.779500 22.755860 23.622000 0.000000 -1.000000 0.000000 0.107197 0.913181 1 0 1.0
0 -13.779500 22.755860 22.755860 0.000000 -1.000000 0.000000 0.107197 0.917978 1 0 1.0
caja_madera
0 -13.779500 22.755860 22.755860 -1.000000 -0.000000 0.000000 0.107197 0.917978 1 0 1.0
0 -13.779500 22.755860 23.622000 -1.000000 -0.000000 0.000000 0.107197 0.913181 1 0 1.0
0 -13.779500 23.622000 23.622000 -1.000000 -0.000000 0.000000 0.111994 0.913181 1 0 1.0
caja_madera
0 -13.779500 22.755860 22.755860 -1.000000 -0.000000 0.000000 0.107197 0.917978 1 0 1.0
0 -13.779500 23.622000 23.622000 -1.000000 -0.000000 0.000000 0.111994 0.913181 1 0 1.0
0 -13.779500 23.622000 22.755860 -1.000000 -0.000000 0.000000 0.111994 0.917978 1 0 1.0
caja_madera
0 13.779500 23.622000 22.755860 -0.000000 -0.000000 -1.000000 0.111994 0.917978 1 0 1.0
0 13.779500 22.755860 22.755860 -0.000000 -0.000000 -1.000000 0.107197 0.917978 1 0 1.0
0 -13.779500 22.755860 22.755860 -0.000000 -0.000000 -1.000000 0.107197 0.917978 1 0 1.0
caja_madera
0 13.779500 23.622000 22.755860 -0.000000 -0.000000 -1.000000 0.111994 0.917978 1 0 1.0
0 -13.779500 22.755860 22.755860 -0.000000 -0.000000 -1.000000 0.107197 0.917978 1 0 1.0
0 -13.779500 23.622000 22.755860 -0.000000 -0.000000 -1.000000 0.111994 0.917978 1 0 1.0
caja_madera
0 13.779500 22.755860 23.622000 0.000000 -0.000001 1.000000 0.049368 0.913181 1 0 1.0
0 13.779500 23.622000 23.622000 0.000000 -0.000001 1.000000 0.044571 0.913181 1 0 1.0
0 -13.779500 23.622000 23.622000 0.000000 -0.000001 1.000000 0.044571 0.913181 1 0 1.0
caja_madera
0 13.779500 22.755860 23.622000 0.000000 -0.000001 1.000000 0.049368 0.913181 1 0 1.0
0 -13.779500 23.622000 23.622000 0.000000 -0.000001 1.000000 0.044571 0.913181 1 0 1.0
0 -13.779500 22.755860 23.622000 0.000000 -0.000001 1.000000 0.049368 0.913181 1 0 1.0
caja_madera
0 -13.779500 -22.755860 22.755860 0.000000 1.000000 0.000000 0.013258 0.917978 1 0 1.0
0 -13.779500 -22.755860 23.622000 0.000000 1.000000 0.000000 0.013258 0.913181 1 0 1.0
0 13.779500 -22.755860 23.622000 0.000000 1.000000 0.000000 0.013258 0.913181 1 0 1.0
caja_madera
0 -13.779500 -22.755860 22.755860 0.000000 1.000000 0.000000 0.013258 0.917978 1 0 1.0
0 13.779500 -22.755860 23.622000 0.000000 1.000000 0.000000 0.013258 0.913181 1 0 1.0
0 13.779500 -22.755860 22.755860 0.000000 1.000000 0.000000 0.013258 0.917978 1 0 1.0
caja_madera
0 13.779500 -22.755860 22.755860 1.000000 -0.000000 -0.000000 0.013258 0.917978 1 0 1.0
0 13.779500 -22.755860 23.622000 1.000000 -0.000000 -0.000000 0.013258 0.913181 1 0 1.0
0 13.779500 -23.622000 23.622000 1.000000 -0.000000 -0.000000 0.018055 0.913181 1 0 1.0
caja_madera
0 13.779500 -22.755860 22.755860 1.000000 -0.000000 -0.000000 0.013258 0.917978 1 0 1.0
0 13.779500 -23.622000 23.622000 1.000000 -0.000000 -0.000000 0.018055 0.913181 1 0 1.0
0 13.779500 -23.622000 22.755860 1.000000 -0.000000 -0.000000 0.018055 0.917978 1 0 1.0
caja_madera
0 13.779500 -23.622000 22.755860 -0.000000 -1.000000 0.000003 0.080681 0.917978 1 0 1.0
0 13.779500 -23.622000 23.622000 -0.000000 -1.000000 0.000003 0.075884 0.917978 1 0 1.0
0 -13.779500 -23.622000 23.622000 -0.000000 -1.000000 0.000003 0.075884 0.917978 1 0 1.0
caja_madera
0 13.779500 -23.622000 22.755860 -0.000000 -1.000000 0.000003 0.080681 0.917978 1 0 1.0
0 -13.779500 -23.622000 23.622000 -0.000000 -1.000000 0.000003 0.075884 0.917978 1 0 1.0
0 -13.779500 -23.622000 22.755860 -0.000000 -1.000000 0.000003 0.080681 0.917978 1 0 1.0
caja_madera
0 -13.779500 -23.622000 22.755860 -1.000000 0.000000 0.000000 0.080681 0.917978 1 0 1.0
0 -13.779500 -23.622000 23.622000 -1.000000 0.000000 0.000000 0.075884 0.917978 1 0 1.0
0 -13.779500 -22.755860 23.622000 -1.000000 0.000000 0.000000 0.075884 0.913181 1 0 1.0
caja_madera
0 -13.779500 -23.622000 22.755860 -1.000000 0.000000 0.000000 0.080681 0.917978 1 0 1.0
0 -13.779500 -22.755860 23.622000 -1.000000 0.000000 0.000000 0.075884 0.913181 1 0 1.0
0 -13.779500 -22.755860 22.755860 -1.000000 0.000000 0.000000 0.080681 0.913181 1 0 1.0
caja_madera
0 13.779500 -22.755860 22.755860 -0.000000 -0.000000 -1.000000 0.080681 0.913181 1 0 1.0
0 13.779500 -23.622000 22.755860 -0.000000 -0.000000 -1.000000 0.080681 0.917978 1 0 1.0
0 -13.779500 -23.622000 22.755860 -0.000000 -0.000000 -1.000000 0.080681 0.917978 1 0 1.0
caja_madera
0 13.779500 -22.755860 22.755860 -0.000000 -0.000000 -1.000000 0.080681 0.913181 1 0 1.0
0 -13.779500 -23.622000 22.755860 -0.000000 -0.000000 -1.000000 0.080681 0.917978 1 0 1.0
0 -13.779500 -22.755860 22.755860 -0.000000 -0.000000 -1.000000 0.080681 0.913181 1 0 1.0
caja_madera
0 13.779500 -23.622000 23.622000 0.000000 0.000001 1.000000 0.018055 0.913181 1 0 1.0
0 13.779500 -22.755860 23.622000 0.000000 0.000001 1.000000 0.013258 0.913181 1 0 1.0
0 -13.779500 -22.755860 23.622000 0.000000 0.000001 1.000000 0.013258 0.913181 1 0 1.0
caja_madera
0 13.779500 -23.622000 23.622000 0.000000 0.000001 1.000000 0.018055 0.913181 1 0 1.0
0 -13.779500 -22.755860 23.622000 0.000000 0.000001 1.000000 0.013258 0.913181 1 0 1.0
0 -13.779500 -23.622000 23.622000 0.000000 0.000001 1.000000 0.018055 0.913181 1 0 1.0
caja_poliester
0 15.748000 9.448800 -0.330590 0.000000 1.000000 0.000000 0.976227 0.410430 1 0 1.0
0 15.748000 9.448800 23.622000 0.000000 1.000000 0.000000 0.976227 0.279611 1 0 1.0
0 16.062960 9.448800 23.622000 0.000000 1.000000 0.000000 0.976227 0.279611 1 0 1.0
caja_poliester
0 15.748000 9.448800 -0.330590 0.000000 1.000000 0.000000 0.976227 0.410430 1 0 1.0
0 16.062960 9.448800 23.622000 0.000000 1.000000 0.000000 0.976227 0.279611 1 0 1.0
0 16.062960 9.448800 -0.330590 0.000000 1.000000 0.000000 0.976227 0.410430 1 0 1.0
caja_poliester
0 16.062960 9.448800 -0.330590 1.000000 -0.000000 -0.000000 0.976227 0.410430 1 0 1.0
0 16.062960 9.448800 23.622000 1.000000 -0.000000 -0.000000 0.976227 0.279611 1 0 1.0
0 16.062960 7.874000 23.622000 1.000000 -0.000000 -0.000000 0.984948 0.279611 1 0 1.0
caja_poliester
0 16.062960 9.448800 -0.330590 1.000000 -0.000000 -0.000000 0.976227 0.410430 1 0 1.0
0 16.062960 7.874000 23.622000 1.000000 -0.000000 -0.000000 0.984948 0.279611 1 0 1.0
0 16.062960 7.874000 -0.330590 1.000000 -0.000000 -0.000000 0.984948 0.410430 1 0 1.0
caja_poliester
0 16.062960 7.874000 -0.330590 0.000000 -1.000000 0.000000 0.947966 0.857666 1 0 1.0
0 16.062960 7.874000 23.622000 0.000000 -1.000000 0.000000 0.947966 0.726847 1 0 1.0
0 15.748000 7.874000 23.622000 0.000000 -1.000000 0.000000 0.947966 0.726847 1 0 1.0
caja_poliester
0 16.062960 7.874000 -0.330590 0.000000 -1.000000 0.000000 0.947966 0.857666 1 0 1.0
0 15.748000 7.874000 23.622000 0.000000 -1.000000 0.000000 0.947966 0.726847 1 0 1.0
0 15.748000 7.874000 -0.330590 0.000000 -1.000000 0.000000 0.947966 0.857666 1 0 1.0
caja_poliester
0 15.748000 7.874000 -0.330590 -1.000000 -0.000000 0.000000 0.947966 0.857666 1 0 1.0
0 15.748000 7.874000 23.622000 -1.000000 -0.000000 0.000000 0.947966 0.726847 1 0 1.0
0 15.748000 9.448800 23.622000 -1.000000 -0.000000 0.000000 0.956688 0.726847 1 0 1.0
caja_poliester
0 15.748000 7.874000 -0.330590 -1.000000 -0.000000 0.000000 0.947966 0.857666 1 0 1.0
0 15.748000 9.448800 23.622000 -1.000000 -0.000000 0.000000 0.956688 0.726847 1 0 1.0
0 15.748000 9.448800 -0.330590 -1.000000 -0.000000 0.000000 0.956688 0.857666 1 0 1.0
caja_poliester
0 16.062960 9.448800 -0.330590 -0.000000 -0.000000 -1.000000 0.956688 0.857666 1 0 1.0
0 16.062960 7.874000 -0.330590 -0.000000 -0.000000 -1.000000 0.947966 0.857666 1 0 1.0
0 15.748000 7.874000 -0.330590 -0.000000 -0.000000 -1.000000 0.947966 0.857666 1 0 1.0
caja_poliester
0 16.062960 9.448800 -0.330590 -0.000000 -0.000000 -1.000000 0.956688 0.857666 1 0 1.0
0 15.748000 7.874000 -0.330590 -0.000000 -0.000000 -1.000000 0.947966 0.857666 1 0 1.0
0 15.748000 9.448800 -0.330590 -0.000000 -0.000000 -1.000000 0.956688 0.857666 1 0 1.0
caja_poliester
0 16.062960 7.874000 23.622000 -0.000007 -0.000000 1.000000 0.947966 0.726847 1 0 1.0
0 16.062960 9.448800 23.622000 -0.000007 -0.000000 1.000000 0.956688 0.726847 1 0 1.0
0 15.748000 9.448800 23.622000 -0.000007 -0.000000 1.000000 0.956688 0.726847 1 0 1.0
caja_poliester
0 16.062960 7.874000 23.622000 -0.000007 -0.000000 1.000000 0.947966 0.726847 1 0 1.0
0 15.748000 9.448800 23.622000 -0.000007 -0.000000 1.000000 0.956688 0.726847 1 0 1.0
0 15.748000 7.874000 23.622000 -0.000007 -0.000000 1.000000 0.947966 0.726847 1 0 1.0
caja_poliester
0 -16.062960 9.448800 -0.330590 0.000000 1.000000 0.000000 0.490499 0.986742 1 0 1.0
0 -16.062960 9.448800 23.622000 0.000000 1.000000 0.000000 0.490499 0.855922 1 0 1.0
0 -15.748000 9.448800 23.622000 0.000000 1.000000 0.000000 0.490499 0.855922 1 0 1.0
caja_poliester
0 -16.062960 9.448800 -0.330590 0.000000 1.000000 0.000000 0.490499 0.986742 1 0 1.0
0 -15.748000 9.448800 23.622000 0.000000 1.000000 0.000000 0.490499 0.855922 1 0 1.0
0 -15.748000 9.448800 -0.330590 0.000000 1.000000 0.000000 0.490499 0.986742 1 0 1.0
caja_poliester
0 -15.748000 9.448800 -0.330590 1.000000 0.000000 -0.000000 0.490499 0.986742 1 0 1.0
0 -15.748000 9.448800 23.622000 1.000000 0.000000 -0.000000 0.490499 0.855922 1 0 1.0
0 -15.748000 7.874000 23.622000 1.000000 0.000000 -0.000000 0.499220 0.855922 1 0 1.0
caja_poliester
0 -15.748000 9.448800 -0.330590 1.000000 0.000000 -0.000000 0.490499 0.986742 1 0 1.0
0 -15.748000 7.874000 23.622000 1.000000 0.000000 -0.000000 0.499220 0.855922 1 0 1.0
0 -15.748000 7.874000 -0.330590 1.000000 0.000000 -0.000000 0.499220 0.986742 1 0 1.0
caja_poliester
0 -15.748000 7.874000 -0.330590 0.000000 -1.000000 0.000000 0.947966 0.857666 1 0 1.0
0 -15.748000 7.874000 23.622000 0.000000 -1.000000 0.000000 0.947966 0.726847 1 0 1.0
0 -16.062960 7.874000 23.622000 0.000000 -1.000000 0.000000 0.947966 0.726847 1 0 1.0
caja_poliester
0 -15.748000 7.874000 -0.330590 0.000000 -1.000000 0.000000 0.947966 0.857666 1 0 1.0
0 -16.062960 7.874000 23.622000 0.000000 -1.000000 0.000000 0.947966 0.726847 1 0 1.0
0 -16.062960 7.874000 -0.330590 0.000000 -1.000000 0.000000 0.947966 0.857666 1 0 1.0
caja_poliester
0 -16.062960 7.874000 -0.330590 -1.000000 -0.000000 0.000000 0.947966 0.857666 1 0 1.0
0 -16.062960 7.874000 23.622000 -1.000000 -0.000000 0.000000 0.947966 0.726847 1 0 1.0
0 -16.062960 9.448800 23.622000 -1.000000 -0.000000 0.000000 0.956688 0.726847 1 0 1.0
caja_poliester
0 -16.062960 7.874000 -0.330590 -1.000000 -0.000000 0.000000 0.947966 0.857666 1 0 1.0
0 -16.062960 9.448800 23.622000 -1.000000 -0.000000 0.000000 0.956688 0.726847 1 0 1.0
0 -16.062960 9.448800 -0.330590 -1.000000 -0.000000 0.000000 0.956688 0.857666 1 0 1.0
caja_poliester
0 -15.748000 9.448800 -0.330590 -0.000000 -0.000000 -1.000000 0.956688 0.857666 1 0 1.0
0 -15.748000 7.874000 -0.330590 -0.000000 -0.000000 -1.000000 0.947966 0.857666 1 0 1.0
0 -16.062960 7.874000 -0.330590 -0.000000 -0.000000 -1.000000 0.947966 0.857666 1 0 1.0
caja_poliester
0 -15.748000 9.448800 -0.330590 -0.000000 -0.000000 -1.000000 0.956688 0.857666 1 0 1.0
0 -16.062960 7.874000 -0.330590 -0.000000 -0.000000 -1.000000 0.947966 0.857666 1 0 1.0
0 -16.062960 9.448800 -0.330590 -0.000000 -0.000000 -1.000000 0.956688 0.857666 1 0 1.0
caja_poliester
0 -15.748000 7.874000 23.622000 0.000008 -0.000000 1.000000 0.499220 0.855922 1 0 1.0
0 -15.748000 9.448800 23.622000 0.000008 -0.000000 1.000000 0.490499 0.855922 1 0 1.0
0 -16.062960 9.448800 23.622000 0.000008 -0.000000 1.000000 0.490499 0.855922 1 0 1.0
caja_poliester
0 -15.748000 7.874000 23.622000 0.000008 -0.000000 1.000000 0.499220 0.855922 1 0 1.0
0 -16.062960 9.448800 23.622000 0.000008 -0.000000 1.000000 0.490499 0.855922 1 0 1.0
0 -16.062960 7.874000 23.622000 0.000008 -0.000000 1.000000 0.499220 0.855922 1 0 1.0
caja_poliester
0 -15.748000 9.448800 -0.330590 0.000000 1.000000 0.000000 0.395789 0.920158 1 0 1.0
0 -15.748000 9.448800 -0.015630 0.000000 1.000000 0.000000 0.394045 0.920158 1 0 1.0
0 15.748000 9.448800 -0.015630 0.000000 1.000000 0.000000 0.394045 0.920158 1 0 1.0
caja_poliester
0 -15.748000 9.448800 -0.330590 0.000000 1.000000 0.000000 0.395789 0.920158 1 0 1.0
0 15.748000 9.448800 -0.015630 0.000000 1.000000 0.000000 0.394045 0.920158 1 0 1.0
0 15.748000 9.448800 -0.330590 0.000000 1.000000 0.000000 0.395789 0.920158 1 0 1.0
caja_poliester
0 15.748000 9.448800 -0.330590 1.000000 -0.000000 -0.000000 0.395789 0.920158 1 0 1.0
0 15.748000 9.448800 -0.015630 1.000000 -0.000000 -0.000000 0.394045 0.920158 1 0 1.0
0 15.748000 7.874000 -0.015630 1.000000 -0.000000 -0.000000 0.394045 0.911437 1 0 1.0
caja_poliester
0 15.748000 9.448800 -0.330590 1.000000 -0.000000 -0.000000 0.395789 0.920158 1 0 1.0
0 15.748000 7.874000 -0.015630 1.000000 -0.000000 -0.000000 0.394045 0.911437 1 0 1.0
0 15.748000 7.874000 -0.330590 1.000000 -0.000000 -0.000000 0.395789 0.911437 1 0 1.0
caja_poliester
0 15.748000 7.874000 -0.330590 0.000000 -1.000000 0.000000 0.947966 0.857666 1 0 1.0
0 15.748000 7.874000 -0.015630 0.000000 -1.000000 0.000000 0.947966 0.855922 1 0 1.0
0 -15.748000 7.874000 -0.015630 0.000000 -1.000000 0.000000 0.947966 0.855922 1 0 1.0
caja_poliester
0 15.748000 7.874000 -0.330590 0.000000 -1.000000 0.000000 0.947966 0.857666 1 0 1.0
0 -15.748000 7.874000 -0.015630 0.000000 -1.000000 0.000000 0.947966 0.855922 1 0 1.0
0 -15.748000 7.874000 -0.330590 0.000000 -1.000000 0.000000 0.947966 0.857666 1 0 1.0
caja_poliester
0 -15.748000 7.874000 -0.330590 -1.000000 -0.000000 0.000001 0.947966 0.857666 1 0 1.0
0 -15.748000 7.874000 -0.015630 -1.000000 -0.000000 0.000001 0.947966 0.855922 1 0 1.0
0 -15.748000 9.448800 -0.015630 -1.000000 -0.000000 0.000001 0.956688 0.855922 1 0 1.0
caja_poliester
0 -15.748000 7.874000 -0.330590 -1.000000 -0.000000 0.000001 0.947966 0.857666 1 0 1.0
0 -15.748000 9.448800 -0.015630 -1.000000 -0.000000 0.000001 0.956688 0.855922 1 0 1.0
0 -15.748000 9.448800 -0.330590 -1.000000 -0.000000 0.000001 0.956688 0.857666 1 0 1.0
caja_poliester
0 15.748000 9.448800 -0.330590 -0.000000 -0.000000 -1.000000 0.956688 0.857666 1 0 1.0
0 15.748000 7.874000 -0.330590 -0.000000 -0.000000 -1.000000 0.947966 0.857666 1 0 1.0
0 -15.748000 7.874000 -0.330590 -0.000000 -0.000000 -1.000000 0.947966 0.857666 1 0 1.0
caja_poliester
0 15.748000 9.448800 -0.330590 -0.000000 -0.000000 -1.000000 0.956688 0.857666 1 0 1.0
0 -15.748000 7.874000 -0.330590 -0.000000 -0.000000 -1.000000 0.947966 0.857666 1 0 1.0
0 -15.748000 9.448800 -0.330590 -0.000000 -0.000000 -1.000000 0.956688 0.857666 1 0 1.0
caja_poliester
0 15.748000 7.874000 -0.015630 0.000000 -0.000000 1.000000 0.394045 0.911437 1 0 1.0
0 15.748000 9.448800 -0.015630 0.000000 -0.000000 1.000000 0.394045 0.920158 1 0 1.0
0 -15.748000 9.448800 -0.015630 0.000000 -0.000000 1.000000 0.394045 0.920158 1 0 1.0
caja_poliester
0 15.748000 7.874000 -0.015630 0.000000 -0.000000 1.000000 0.394045 0.911437 1 0 1.0
0 -15.748000 9.448800 -0.015630 0.000000 -0.000000 1.000000 0.394045 0.920158 1 0 1.0
0 -15.748000 7.874000 -0.015630 0.000000 -0.000000 1.000000 0.394045 0.911437 1 0 1.0
caja_poliester
0 15.748000 -7.874000 -0.330590 0.000000 1.000000 0.000000 0.525736 0.986742 1 0 1.0
0 15.748000 -7.874000 23.622000 0.000000 1.000000 0.000000 0.525736 0.855922 1 0 1.0
0 16.062960 -7.874000 23.622000 0.000000 1.000000 0.000000 0.525736 0.855922 1 0 1.0
caja_poliester
0 15.748000 -7.874000 -0.330590 0.000000 1.000000 0.000000 0.525736 0.986742 1 0 1.0
0 16.062960 -7.874000 23.622000 0.000000 1.000000 0.000000 0.525736 0.855922 1 0 1.0
0 16.062960 -7.874000 -0.330590 0.000000 1.000000 0.000000 0.525736 0.986742 1 0 1.0
caja_poliester
0 16.062960 -7.874000 -0.330590 1.000000 -0.000000 -0.000000 0.525736 0.986742 1 0 1.0
0 16.062960 -7.874000 23.622000 1.000000 -0.000000 -0.000000 0.525736 0.855922 1 0 1.0
0 16.062960 -9.448800 23.622000 1.000000 -0.000000 -0.000000 0.534458 0.855922 1 0 1.0
caja_poliester
0 16.062960 -7.874000 -0.330590 1.000000 -0.000000 -0.000000 0.525736 0.986742 1 0 1.0
0 16.062960 -9.448800 23.622000 1.000000 -0.000000 -0.000000 0.534458 0.855922 1 0 1.0
0 16.062960 -9.448800 -0.330590 1.000000 -0.000000 -0.000000 0.534458 0.986742 1 0 1.0
caja_poliester
0 16.062960 -9.448800 -0.330590 0.000000 -1.000000 0.000000 0.951019 0.145822 1 0 1.0
0 16.062960 -9.448800 23.622000 0.000000 -1.000000 0.000000 0.951019 0.015002 1 0 1.0
0 15.748000 -9.448800 23.622000 0.000000 -1.000000 0.000000 0.951019 0.015002 1 0 1.0
caja_poliester
0 16.062960 -9.448800 -0.330590 0.000000 -1.000000 0.000000 0.951019 0.145822 1 0 1.0
0 15.748000 -9.448800 23.622000 0.000000 -1.000000 0.000000 0.951019 0.015002 1 0 1.0
0 15.748000 -9.448800 -0.330590 0.000000 -1.000000 0.000000 0.951019 0.145822 1 0 1.0
caja_poliester
0 15.748000 -9.448800 -0.330590 -1.000000 -0.000001 0.000000 0.951019 0.145822 1 0 1.0
0 15.748000 -9.448800 23.622000 -1.000000 -0.000001 0.000000 0.951019 0.015002 1 0 1.0
0 15.748000 -7.874000 23.622000 -1.000000 -0.000001 0.000000 0.959740 0.015002 1 0 1.0
caja_poliester
0 15.748000 -9.448800 -0.330590 -1.000000 -0.000001 0.000000 0.951019 0.145822 1 0 1.0
0 15.748000 -7.874000 23.622000 -1.000000 -0.000001 0.000000 0.959740 0.015002 1 0 1.0
0 15.748000 -7.874000 -0.330590 -1.000000 -0.000001 0.000000 0.959740 0.145822 1 0 1.0
caja_poliester
0 16.062960 -7.874000 -0.330590 -0.000000 -0.000000 -1.000000 0.959740 0.145822 1 0 1.0
0 16.062960 -9.448800 -0.330590 -0.000000 -0.000000 -1.000000 0.951019 0.145822 1 0 1.0
0 15.748000 -9.448800 -0.330590 -0.000000 -0.000000 -1.000000 0.951019 0.145822 1 0 1.0
caja_poliester
0 16.062960 -7.874000 -0.330590 -0.000000 -0.000000 -1.000000 0.959740 0.145822 1 0 1.0
0 15.748000 -9.448800 -0.330590 -0.000000 -0.000000 -1.000000 0.951019 0.145822 1 0 1.0
0 15.748000 -7.874000 -0.330590 -0.000000 -0.000000 -1.000000 0.959740 0.145822 1 0 1.0
caja_poliester
0 16.062960 -9.448800 23.622000 -0.000007 -0.000000 1.000000 0.951019 0.015002 1 0 1.0
0 16.062960 -7.874000 23.622000 -0.000007 -0.000000 1.000000 0.959740 0.015002 1 0 1.0
0 15.748000 -7.874000 23.622000 -0.000007 -0.000000 1.000000 0.959740 0.015002 1 0 1.0
caja_poliester
0 16.062960 -9.448800 23.622000 -0.000007 -0.000000 1.000000 0.951019 0.015002 1 0 1.0
0 15.748000 -7.874000 23.622000 -0.000007 -0.000000 1.000000 0.959740 0.015002 1 0 1.0
0 15.748000 -9.448800 23.622000 -0.000007 -0.000000 1.000000 0.951019 0.015002 1 0 1.0
caja_poliester
0 -16.062960 -7.874000 -0.330590 0.000000 1.000000 0.000000 0.560974 0.986742 1 0 1.0
0 -16.062960 -7.874000 23.622000 0.000000 1.000000 0.000000 0.560974 0.855922 1 0 1.0
0 -15.748000 -7.874000 23.622000 0.000000 1.000000 0.000000 0.560974 0.855922 1 0 1.0
caja_poliester
0 -16.062960 -7.874000 -0.330590 0.000000 1.000000 0.000000 0.560974 0.986742 1 0 1.0
0 -15.748000 -7.874000 23.622000 0.000000 1.000000 0.000000 0.560974 0.855922 1 0 1.0
0 -15.748000 -7.874000 -0.330590 0.000000 1.000000 0.000000 0.560974 0.986742 1 0 1.0
caja_poliester
0 -15.748000 -7.874000 -0.330590 1.000000 -0.000000 -0.000000 0.560974 0.986742 1 0 1.0
0 -15.748000 -7.874000 23.622000 1.000000 -0.000000 -0.000000 0.560974 0.855922 1 0 1.0
0 -15.748000 -9.448800 23.622000 1.000000 -0.000000 -0.000000 0.569695 0.855922 1 0 1.0
caja_poliester
0 -15.748000 -7.874000 -0.330590 1.000000 -0.000000 -0.000000 0.560974 0.986742 1 0 1.0
0 -15.748000 -9.448800 23.622000 1.000000 -0.000000 -0.000000 0.569695 0.855922 1 0 1.0
0 -15.748000 -9.448800 -0.330590 1.000000 -0.000000 -0.000000 0.569695 0.986742 1 0 1.0
caja_poliester
0 -15.748000 -9.448800 -0.330590 0.000000 -1.000000 0.000000 0.951019 0.145822 1 0 1.0
0 -15.748000 -9.448800 23.622000 0.000000 -1.000000 0.000000 0.951019 0.015002 1 0 1.0
0 -16.062960 -9.448800 23.622000 0.000000 -1.000000 0.000000 0.951019 0.015002 1 0 1.0
caja_poliester
0 -15.748000 -9.448800 -0.330590 0.000000 -1.000000 0.000000 0.951019 0.145822 1 0 1.0
0 -16.062960 -9.448800 23.622000 0.000000 -1.000000 0.000000 0.951019 0.015002 1 0 1.0
0 -16.062960 -9.448800 -0.330590 0.000000 -1.000000 0.000000 0.951019 0.145822 1 0 1.0
caja_poliester
0 -16.062960 -9.448800 -0.330590 -1.000000 -0.000000 0.000000 0.951019 0.145822 1 0 1.0
0 -16.062960 -9.448800 23.622000 -1.000000 -0.000000 0.000000 0.951019 0.015002 1 0 1.0
0 -16.062960 -7.874000 23.622000 -1.000000 -0.000000 0.000000 0.959740 0.015002 1 0 1.0
caja_poliester
0 -16.062960 -9.448800 -0.330590 -1.000000 -0.000000 0.000000 0.951019 0.145822 1 0 1.0
0 -16.062960 -7.874000 23.622000 -1.000000 -0.000000 0.000000 0.959740 0.015002 1 0 1.0
0 -16.062960 -7.874000 -0.330590 -1.000000 -0.000000 0.000000 0.959740 0.145822 1 0 1.0
caja_poliester
0 -15.748000 -7.874000 -0.330590 -0.000000 -0.000000 -1.000000 0.959740 0.145822 1 0 1.0
0 -15.748000 -9.448800 -0.330590 -0.000000 -0.000000 -1.000000 0.951019 0.145822 1 0 1.0
0 -16.062960 -9.448800 -0.330590 -0.000000 -0.000000 -1.000000 0.951019 0.145822 1 0 1.0
caja_poliester
0 -15.748000 -7.874000 -0.330590 -0.000000 -0.000000 -1.000000 0.959740 0.145822 1 0 1.0
0 -16.062960 -9.448800 -0.330590 -0.000000 -0.000000 -1.000000 0.951019 0.145822 1 0 1.0
0 -16.062960 -7.874000 -0.330590 -0.000000 -0.000000 -1.000000 0.959740 0.145822 1 0 1.0
caja_poliester
0 -15.748000 -9.448800 23.622000 0.000004 -0.000001 1.000000 0.569695 0.855922 1 0 1.0
0 -15.748000 -7.874000 23.622000 0.000004 -0.000001 1.000000 0.560974 0.855922 1 0 1.0
0 -16.062960 -7.874000 23.622000 0.000004 -0.000001 1.000000 0.560974 0.855922 1 0 1.0
caja_poliester
0 -15.748000 -9.448800 23.622000 0.000004 -0.000001 1.000000 0.569695 0.855922 1 0 1.0
0 -16.062960 -7.874000 23.622000 0.000004 -0.000001 1.000000 0.560974 0.855922 1 0 1.0
0 -16.062960 -9.448800 23.622000 0.000004 -0.000001 1.000000 0.569695 0.855922 1 0 1.0
caja_poliester
0 -15.748000 -7.874000 -0.330590 0.000000 1.000000 0.000000 0.455362 0.920158 1 0 1.0
0 -15.748000 -7.874000 -0.015630 0.000000 1.000000 0.000000 0.453618 0.920158 1 0 1.0
0 15.748000 -7.874000 -0.015630 0.000000 1.000000 0.000000 0.453618 0.920158 1 0 1.0
caja_poliester
0 -15.748000 -7.874000 -0.330590 0.000000 1.000000 0.000000 0.455362 0.920158 1 0 1.0
0 15.748000 -7.874000 -0.015630 0.000000 1.000000 0.000000 0.453618 0.920158 1 0 1.0
0 15.748000 -7.874000 -0.330590 0.000000 1.000000 0.000000 0.455362 0.920158 1 0 1.0
caja_poliester
0 15.748000 -7.874000 -0.330590 1.000000 0.000001 0.000004 0.455362 0.920158 1 0 1.0
0 15.748000 -7.874000 -0.015630 1.000000 0.000001 0.000004 0.453618 0.920158 1 0 1.0
0 15.748000 -9.448800 -0.015630 1.000000 0.000001 0.000004 0.453618 0.911437 1 0 1.0
caja_poliester
0 15.748000 -7.874000 -0.330590 1.000000 0.000001 0.000004 0.455362 0.920158 1 0 1.0
0 15.748000 -9.448800 -0.015630 1.000000 0.000001 0.000004 0.453618 0.911437 1 0 1.0
0 15.748000 -9.448800 -0.330590 1.000000 0.000001 0.000004 0.455362 0.911437 1 0 1.0
caja_poliester
0 15.748000 -9.448800 -0.330590 0.000000 -1.000000 0.000000 0.951019 0.145822 1 0 1.0
0 15.748000 -9.448800 -0.015630 0.000000 -1.000000 0.000000 0.951019 0.144078 1 0 1.0
0 -15.748000 -9.448800 -0.015630 0.000000 -1.000000 0.000000 0.951019 0.144078 1 0 1.0
caja_poliester
0 15.748000 -9.448800 -0.330590 0.000000 -1.000000 0.000000 0.951019 0.145822 1 0 1.0
0 -15.748000 -9.448800 -0.015630 0.000000 -1.000000 0.000000 0.951019 0.144078 1 0 1.0
0 -15.748000 -9.448800 -0.330590 0.000000 -1.000000 0.000000 0.951019 0.145822 1 0 1.0
caja_poliester
0 -15.748000 -9.448800 -0.330590 -1.000000 0.000000 0.000001 0.951019 0.145822 1 0 1.0
0 -15.748000 -9.448800 -0.015630 -1.000000 0.000000 0.000001 0.951019 0.144078 1 0 1.0
0 -15.748000 -7.874000 -0.015630 -1.000000 0.000000 0.000001 0.959740 0.144078 1 0 1.0
caja_poliester
0 -15.748000 -9.448800 -0.330590 -1.000000 0.000000 0.000001 0.951019 0.145822 1 0 1.0
0 -15.748000 -7.874000 -0.015630 -1.000000 0.000000 0.000001 0.959740 0.144078 1 0 1.0
0 -15.748000 -7.874000 -0.330590 -1.000000 0.000000 0.000001 0.959740 0.145822 1 0 1.0
caja_poliester
0 15.748000 -7.874000 -0.330590 -0.000000 -0.000000 -1.000000 0.959740 0.145822 1 0 1.0
0 15.748000 -9.448800 -0.330590 -0.000000 -0.000000 -1.000000 0.951019 0.145822 1 0 1.0
0 -15.748000 -9.448800 -0.330590 -0.000000 -0.000000 -1.000000 0.951019 0.145822 1 0 1.0
caja_poliester
0 15.748000 -7.874000 -0.330590 -0.000000 -0.000000 -1.000000 0.959740 0.145822 1 0 1.0
0 -15.748000 -9.448800 -0.330590 -0.000000 -0.000000 -1.000000 0.951019 0.145822 1 0 1.0
0 -15.748000 -7.874000 -0.330590 -0.000000 -0.000000 -1.000000 0.959740 0.145822 1 0 1.0
caja_poliester
0 15.748000 -9.448800 -0.015630 0.000000 -0.000000 1.000000 0.453618 0.911437 1 0 1.0
0 15.748000 -7.874000 -0.015630 0.000000 -0.000000 1.000000 0.453618 0.920158 1 0 1.0
0 -15.748000 -7.874000 -0.015630 0.000000 -0.000000 1.000000 0.453618 0.920158 1 0 1.0
caja_poliester
0 15.748000 -9.448800 -0.015630 0.000000 -0.000000 1.000000 0.453618 0.911437 1 0 1.0
0 -15.748000 -7.874000 -0.015630 0.000000 -0.000000 1.000000 0.453618 0.920158 1 0 1.0
0 -15.748000 -9.448800 -0.015630 0.000000 -0.000000 1.000000 0.453618 0.911437 1 0 1.0
caja_poliester
0 -7.874000 -23.622000 -0.330590 0.000000 1.000000 0.000000 0.983204 0.855922 1 0 1.0
0 -7.874000 -23.622000 23.622000 0.000000 1.000000 0.000000 0.983204 0.725102 1 0 1.0
0 -6.299200 -23.622000 23.622000 0.000000 1.000000 0.000000 0.983204 0.725102 1 0 1.0
caja_poliester
0 -7.874000 -23.622000 -0.330590 0.000000 1.000000 0.000000 0.983204 0.855922 1 0 1.0
0 -6.299200 -23.622000 23.622000 0.000000 1.000000 0.000000 0.983204 0.725102 1 0 1.0
0 -6.299200 -23.622000 -0.330590 0.000000 1.000000 0.000000 0.983204 0.855922 1 0 1.0
caja_poliester
0 -6.299200 -23.622000 -0.330590 1.000000 -0.000000 -0.000000 0.983204 0.855922 1 0 1.0
0 -6.299200 -23.622000 23.622000 1.000000 -0.000000 -0.000000 0.983204 0.725102 1 0 1.0
0 -6.299200 -23.936960 23.622000 1.000000 -0.000000 -0.000000 0.984948 0.725102 1 0 1.0
caja_poliester
0 -6.299200 -23.622000 -0.330590 1.000000 -0.000000 -0.000000 0.983204 0.855922 1 0 1.0
0 -6.299200 -23.936960 23.622000 1.000000 -0.000000 -0.000000 0.984948 0.725102 1 0 1.0
0 -6.299200 -23.936960 -0.330590 1.000000 -0.000000 -0.000000 0.984948 0.855922 1 0 1.0
caja_poliester
0 -6.299200 -23.936960 -0.330590 0.000000 -1.000000 0.000000 0.145822 0.278386 1 0 1.0
0 -6.299200 -23.936960 23.622000 0.000000 -1.000000 0.000000 0.015002 0.278386 1 0 1.0
0 -7.874000 -23.936960 23.622000 0.000000 -1.000000 0.000000 0.015002 0.278386 1 0 1.0
caja_poliester
0 -6.299200 -23.936960 -0.330590 0.000000 -1.000000 0.000000 0.145822 0.278386 1 0 1.0
0 -7.874000 -23.936960 23.622000 0.000000 -1.000000 0.000000 0.015002 0.278386 1 0 1.0
0 -7.874000 -23.936960 -0.330590 0.000000 -1.000000 0.000000 0.145822 0.278386 1 0 1.0
caja_poliester
0 -7.874000 -23.936960 -0.330590 -1.000000 -0.000000 0.000000 0.145822 0.278386 1 0 1.0
0 -7.874000 -23.936960 23.622000 -1.000000 -0.000000 0.000000 0.015002 0.278386 1 0 1.0
0 -7.874000 -23.622000 23.622000 -1.000000 -0.000000 0.000000 0.015002 0.276642 1 0 1.0
caja_poliester
0 -7.874000 -23.936960 -0.330590 -1.000000 -0.000000 0.000000 0.145822 0.278386 1 0 1.0
0 -7.874000 -23.622000 23.622000 -1.000000 -0.000000 0.000000 0.015002 0.276642 1 0 1.0
0 -7.874000 -23.622000 -0.330590 -1.000000 -0.000000 0.000000 0.145822 0.276642 1 0 1.0
caja_poliester
0 -6.299200 -23.622000 -0.330590 -0.000000 -0.000000 -1.000000 0.145822 0.276642 1 0 1.0
0 -6.299200 -23.936960 -0.330590 -0.000000 -0.000000 -1.000000 0.145822 0.278386 1 0 1.0
0 -7.874000 -23.936960 -0.330590 -0.000000 -0.000000 -1.000000 0.145822 0.278386 1 0 1.0
caja_poliester
0 -6.299200 -23.622000 -0.330590 -0.000000 -0.000000 -1.000000 0.145822 0.276642 1 0 1.0
0 -7.874000 -23.936960 -0.330590 -0.000000 -0.000000 -1.000000 0.145822 0.278386 1 0 1.0
0 -7.874000 -23.622000 -0.330590 -0.000000 -0.000000 -1.000000 0.145822 0.276642 1 0 1.0
caja_poliester
0 -6.299200 -23.936960 23.622000 0.000000 -0.000000 1.000000 0.984948 0.725102 1 0 1.0
0 -6.299200 -23.622000 23.622000 0.000000 -0.000000 1.000000 0.983204 0.725102 1 0 1.0
0 -7.874000 -23.622000 23.622000 0.000000 -0.000000 1.000000 0.983204 0.725102 1 0 1.0
caja_poliester
0 -6.299200 -23.936960 23.622000 0.000000 -0.000000 1.000000 0.984948 0.725102 1 0 1.0
0 -7.874000 -23.622000 23.622000 0.000000 -0.000000 1.000000 0.983204 0.725102 1 0 1.0
0 -7.874000 -23.936960 23.622000 0.000000 -0.000000 1.000000 0.984948 0.725102 1 0 1.0
caja_poliester
0 -7.874000 23.936960 -0.330590 0.000000 1.000000 0.000000 0.304902 0.276642 1 0 1.0
0 -7.874000 23.936960 23.622000 0.000000 1.000000 0.000000 0.174083 0.276642 1 0 1.0
0 -6.299200 23.936960 23.622000 0.000000 1.000000 0.000000 0.174083 0.276642 1 0 1.0
caja_poliester
0 -7.874000 23.936960 -0.330590 0.000000 1.000000 0.000000 0.304902 0.276642 1 0 1.0
0 -6.299200 23.936960 23.622000 0.000000 1.000000 0.000000 0.174083 0.276642 1 0 1.0
0 -6.299200 23.936960 -0.330590 0.000000 1.000000 0.000000 0.304902 0.276642 1 0 1.0
caja_poliester
0 -6.299200 23.936960 -0.330590 1.000000 -0.000000 -0.000000 0.304902 0.276642 1 0 1.0
0 -6.299200 23.936960 23.622000 1.000000 -0.000000 -0.000000 0.174083 0.276642 1 0 1.0
0 -6.299200 23.622000 23.622000 1.000000 -0.000000 -0.000000 0.174083 0.274898 1 0 1.0
caja_poliester
0 -6.299200 23.936960 -0.330590 1.000000 -0.000000 -0.000000 0.304902 0.276642 1 0 1.0
0 -6.299200 23.622000 23.622000 1.000000 -0.000000 -0.000000 0.174083 0.274898 1 0 1.0
0 -6.299200 23.622000 -0.330590 1.000000 -0.000000 -0.000000 0.304902 0.274898 1 0 1.0
caja_poliester
0 -6.299200 23.622000 -0.330590 0.000000 -1.000000 0.000000 0.145822 0.015002 1 0 1.0
0 -6.299200 23.622000 23.622000 0.000000 -1.000000 0.000000 0.015002 0.015002 1 0 1.0
0 -7.874000 23.622000 23.622000 0.000000 -1.000000 0.000000 0.015002 0.015002 1 0 1.0
caja_poliester
0 -6.299200 23.622000 -0.330590 0.000000 -1.000000 0.000000 0.145822 0.015002 1 0 1.0
0 -7.874000 23.622000 23.622000 0.000000 -1.000000 0.000000 0.015002 0.015002 1 0 1.0
0 -7.874000 23.622000 -0.330590 0.000000 -1.000000 0.000000 0.145822 0.015002 1 0 1.0
caja_poliester
0 -7.874000 23.622000 -0.330590 -1.000000 -0.000000 0.000000 0.145822 0.015002 1 0 1.0
0 -7.874000 23.622000 23.622000 -1.000000 -0.000000 0.000000 0.015002 0.015002 1 0 1.0
0 -7.874000 23.936960 23.622000 -1.000000 -0.000000 0.000000 0.015002 0.013258 1 0 1.0
caja_poliester
0 -7.874000 23.622000 -0.330590 -1.000000 -0.000000 0.000000 0.145822 0.015002 1 0 1.0
0 -7.874000 23.936960 23.622000 -1.000000 -0.000000 0.000000 0.015002 0.013258 1 0 1.0
0 -7.874000 23.936960 -0.330590 -1.000000 -0.000000 0.000000 0.145822 0.013258 1 0 1.0
caja_poliester
0 -6.299200 23.936960 -0.330590 -0.000000 -0.000000 -1.000000 0.145822 0.013258 1 0 1.0
0 -6.299200 23.622000 -0.330590 -0.000000 -0.000000 -1.000000 0.145822 0.015002 1 0 1.0
0 -7.874000 23.622000 -0.330590 -0.000000 -0.000000 -1.000000 0.145822 0.015002 1 0 1.0
caja_poliester
0 -6.299200 23.936960 -0.330590 -0.000000 -0.000000 -1.000000 0.145822 0.013258 1 0 1.0
0 -7.874000 23.622000 -0.330590 -0.000000 -0.000000 -1.000000 0.145822 0.015002 1 0 1.0
0 -7.874000 23.936960 -0.330590 -0.000000 -0.000000 -1.000000 0.145822 0.013258 1 0 1.0
caja_poliester
0 -6.299200 23.622000 23.622000 0.000000 -0.000007 1.000000 0.174083 0.274898 1 0 1.0
0 -6.299200 23.936960 23.622000 0.000000 -0.000007 1.000000 0.174083 0.276642 1 0 1.0
0 -7.874000 23.936960 23.622000 0.000000 -0.000007 1.000000 0.174083 0.276642 1 0 1.0
caja_poliester
0 -6.299200 23.622000 23.622000 0.000000 -0.000007 1.000000 0.174083 0.274898 1 0 1.0
0 -7.874000 23.936960 23.622000 0.000000 -0.000007 1.000000 0.174083 0.276642 1 0 1.0
0 -7.874000 23.622000 23.622000 0.000000 -0.000007 1.000000 0.174083 0.274898 1 0 1.0
caja_poliester
0 -7.874000 23.622000 -0.330590 0.000000 1.000000 0.000000 0.921450 0.541250 1 0 1.0
0 -7.874000 23.622000 -0.015630 0.000000 1.000000 0.000000 0.919706 0.541250 1 0 1.0
0 -6.299200 23.622000 -0.015630 0.000000 1.000000 0.000000 0.919706 0.541250 1 0 1.0
caja_poliester
0 -7.874000 23.622000 -0.330590 0.000000 1.000000 0.000000 0.921450 0.541250 1 0 1.0
0 -6.299200 23.622000 -0.015630 0.000000 1.000000 0.000000 0.919706 0.541250 1 0 1.0
0 -6.299200 23.622000 -0.330590 0.000000 1.000000 0.000000 0.921450 0.541250 1 0 1.0
caja_poliester
0 -6.299200 23.622000 -0.330590 1.000000 -0.000000 -0.000000 0.921450 0.541250 1 0 1.0
0 -6.299200 23.622000 -0.015630 1.000000 -0.000000 -0.000000 0.919706 0.541250 1 0 1.0
0 -6.299200 -23.622000 -0.015630 1.000000 -0.000000 -0.000000 0.919706 0.279611 1 0 1.0
caja_poliester
0 -6.299200 23.622000 -0.330590 1.000000 -0.000000 -0.000000 0.921450 0.541250 1 0 1.0
0 -6.299200 -23.622000 -0.015630 1.000000 -0.000000 -0.000000 0.919706 0.279611 1 0 1.0
0 -6.299200 -23.622000 -0.330590 1.000000 -0.000000 -0.000000 0.921450 0.279611 1 0 1.0
caja_poliester
0 -6.299200 -23.622000 -0.330590 0.000000 -1.000000 0.000000 0.145822 0.276642 1 0 1.0
0 -6.299200 -23.622000 -0.015630 0.000000 -1.000000 0.000000 0.144078 0.276642 1 0 1.0
0 -7.874000 -23.622000 -0.015630 0.000000 -1.000000 0.000000 0.144078 0.276642 1 0 1.0
caja_poliester
0 -6.299200 -23.622000 -0.330590 0.000000 -1.000000 0.000000 0.145822 0.276642 1 0 1.0
0 -7.874000 -23.622000 -0.015630 0.000000 -1.000000 0.000000 0.144078 0.276642 1 0 1.0
0 -7.874000 -23.622000 -0.330590 0.000000 -1.000000 0.000000 0.145822 0.276642 1 0 1.0
caja_poliester
0 -7.874000 -23.622000 -0.330590 -1.000000 -0.000000 0.000000 0.145822 0.276642 1 0 1.0
0 -7.874000 -23.622000 -0.015630 -1.000000 -0.000000 0.000000 0.144078 0.276642 1 0 1.0
0 -7.874000 23.622000 -0.015630 -1.000000 -0.000000 0.000000 0.144078 0.015002 1 0 1.0
caja_poliester
0 -7.874000 -23.622000 -0.330590 -1.000000 -0.000000 0.000000 0.145822 0.276642 1 0 1.0
0 -7.874000 23.622000 -0.015630 -1.000000 -0.000000 0.000000 0.144078 0.015002 1 0 1.0
0 -7.874000 23.622000 -0.330590 -1.000000 -0.000000 0.000000 0.145822 0.015002 1 0 1.0
caja_poliester
0 -6.299200 23.622000 -0.330590 -0.000000 -0.000000 -1.000000 0.145822 0.015002 1 0 1.0
0 -6.299200 -23.622000 -0.330590 -0.000000 -0.000000 -1.000000 0.145822 0.276642 1 0 1.0
0 -7.874000 -23.622000 -0.330590 -0.000000 -0.000000 -1.000000 0.145822 0.276642 1 0 1.0
caja_poliester
0 -6.299200 23.622000 -0.330590 -0.000000 -0.000000 -1.000000 0.145822 0.015002 1 0 1.0
0 -7.874000 -23.622000 -0.330590 -0.000000 -0.000000 -1.000000 0.145822 0.276642 1 0 1.0
0 -7.874000 23.622000 -0.330590 -0.000000 -0.000000 -1.000000 0.145822 0.015002 1 0 1.0
caja_poliester
0 -6.299200 -23.622000 -0.015630 0.000000 -0.000000 1.000000 0.919706 0.279611 1 0 1.0
0 -6.299200 23.622000 -0.015630 0.000000 -0.000000 1.000000 0.919706 0.541250 1 0 1.0
0 -7.874000 23.622000 -0.015630 0.000000 -0.000000 1.000000 0.919706 0.541250 1 0 1.0
caja_poliester
0 -6.299200 -23.622000 -0.015630 0.000000 -0.000000 1.000000 0.919706 0.279611 1 0 1.0
0 -7.874000 23.622000 -0.015630 0.000000 -0.000000 1.000000 0.919706 0.541250 1 0 1.0
0 -7.874000 -23.622000 -0.015630 0.000000 -0.000000 1.000000 0.919706 0.279611 1 0 1.0
caja_poliester
0 6.299200 -23.622000 -0.330590 0.000000 1.000000 0.000000 0.596211 0.986742 1 0 1.0
0 6.299200 -23.622000 23.622000 0.000000 1.000000 0.000000 0.596211 0.855922 1 0 1.0
0 7.874000 -23.622000 23.622000 0.000000 1.000000 0.000000 0.596211 0.855922 1 0 1.0
caja_poliester
0 6.299200 -23.622000 -0.330590 0.000000 1.000000 0.000000 0.596211 0.986742 1 0 1.0
0 7.874000 -23.622000 23.622000 0.000000 1.000000 0.000000 0.596211 0.855922 1 0 1.0
0 7.874000 -23.622000 -0.330590 0.000000 1.000000 0.000000 0.596211 0.986742 1 0 1.0
caja_poliester
0 7.874000 -23.622000 -0.330590 1.000000 -0.000000 -0.000000 0.596211 0.986742 1 0 1.0
0 7.874000 -23.622000 23.622000 1.000000 -0.000000 -0.000000 0.596211 0.855922 1 0 1.0
0 7.874000 -23.936960 23.622000 1.000000 -0.000000 -0.000000 0.597956 0.855922 1 0 1.0
caja_poliester
0 7.874000 -23.622000 -0.330590 1.000000 -0.000000 -0.000000 0.596211 0.986742 1 0 1.0
0 7.874000 -23.936960 23.622000 1.000000 -0.000000 -0.000000 0.597956 0.855922 1 0 1.0
0 7.874000 -23.936960 -0.330590 1.000000 -0.000000 -0.000000 0.597956 0.986742 1 0 1.0
caja_poliester
0 7.874000 -23.936960 -0.330590 0.000000 -1.000000 0.000000 0.303158 0.568286 1 0 1.0
0 7.874000 -23.936960 23.622000 0.000000 -1.000000 0.000000 0.172338 0.568286 1 0 1.0
0 6.299200 -23.936960 23.622000 0.000000 -1.000000 0.000000 0.172338 0.568286 1 0 1.0
caja_poliester
0 7.874000 -23.936960 -0.330590 0.000000 -1.000000 0.000000 0.303158 0.568286 1 0 1.0
0 6.299200 -23.936960 23.622000 0.000000 -1.000000 0.000000 0.172338 0.568286 1 0 1.0
0 6.299200 -23.936960 -0.330590 0.000000 -1.000000 0.000000 0.303158 0.568286 1 0 1.0
caja_poliester
0 6.299200 -23.936960 -0.330590 -1.000000 -0.000000 0.000000 0.303158 0.568286 1 0 1.0
0 6.299200 -23.936960 23.622000 -1.000000 -0.000000 0.000000 0.172338 0.568286 1 0 1.0
0 6.299200 -23.622000 23.622000 -1.000000 -0.000000 0.000000 0.172338 0.566542 1 0 1.0
caja_poliester
0 6.299200 -23.936960 -0.330590 -1.000000 -0.000000 0.000000 0.303158 0.568286 1 0 1.0
0 6.299200 -23.622000 23.622000 -1.000000 -0.000000 0.000000 0.172338 0.566542 1 0 1.0
0 6.299200 -23.622000 -0.330590 -1.000000 -0.000000 0.000000 0.303158 0.566542 1 0 1.0
caja_poliester
0 7.874000 -23.622000 -0.330590 -0.000000 -0.000000 -1.000000 0.303158 0.566542 1 0 1.0
0 7.874000 -23.936960 -0.330590 -0.000000 -0.000000 -1.000000 0.303158 0.568286 1 0 1.0
0 6.299200 -23.936960 -0.330590 -0.000000 -0.000000 -1.000000 0.303158 0.568286 1 0 1.0
caja_poliester
0 7.874000 -23.622000 -0.330590 -0.000000 -0.000000 -1.000000 0.303158 0.566542 1 0 1.0
0 6.299200 -23.936960 -0.330590 -0.000000 -0.000000 -1.000000 0.303158 0.568286 1 0 1.0
0 6.299200 -23.622000 -0.330590 -0.000000 -0.000000 -1.000000 0.303158 0.566542 1 0 1.0
caja_poliester
0 7.874000 -23.936960 23.622000 0.000000 -0.000000 1.000000 0.597956 0.855922 1 0 1.0
0 7.874000 -23.622000 23.622000 0.000000 -0.000000 1.000000 0.596211 0.855922 1 0 1.0
0 6.299200 -23.622000 23.622000 0.000000 -0.000000 1.000000 0.596211 0.855922 1 0 1.0
caja_poliester
0 7.874000 -23.936960 23.622000 0.000000 -0.000000 1.000000 0.597956 0.855922 1 0 1.0
0 6.299200 -23.622000 23.622000 0.000000 -0.000000 1.000000 0.596211 0.855922 1 0 1.0
0 6.299200 -23.936960 23.622000 0.000000 -0.000000 1.000000 0.597956 0.855922 1 0 1.0
caja_poliester
0 6.299200 23.936960 -0.330590 0.000000 1.000000 0.000000 0.463983 0.276642 1 0 1.0
0 6.299200 23.936960 23.622000 0.000000 1.000000 0.000000 0.333163 0.276642 1 0 1.0
0 7.874000 23.936960 23.622000 0.000000 1.000000 0.000000 0.333163 0.276642 1 0 1.0
caja_poliester
0 6.299200 23.936960 -0.330590 0.000000 1.000000 0.000000 0.463983 0.276642 1 0 1.0
0 7.874000 23.936960 23.622000 0.000000 1.000000 0.000000 0.333163 0.276642 1 0 1.0
0 7.874000 23.936960 -0.330590 0.000000 1.000000 0.000000 0.463983 0.276642 1 0 1.0
caja_poliester
0 7.874000 23.936960 -0.330590 1.000000 -0.000000 -0.000000 0.463983 0.276642 1 0 1.0
0 7.874000 23.936960 23.622000 1.000000 -0.000000 -0.000000 0.333163 0.276642 1 0 1.0
0 7.874000 23.622000 23.622000 1.000000 -0.000000 -0.000000 0.333163 0.274898 1 0 1.0
caja_poliester
0 7.874000 23.936960 -0.330590 1.000000 -0.000000 -0.000000 0.463983 0.276642 1 0 1.0
0 7.874000 23.622000 23.622000 1.000000 -0.000000 -0.000000 0.333163 0.274898 1 0 1.0
0 7.874000 23.622000 -0.330590 1.000000 -0.000000 -0.000000 0.463983 0.274898 1 0 1.0
caja_poliester
0 7.874000 23.622000 -0.330590 0.000001 -1.000000 0.000000 0.463983 0.274898 1 0 1.0
0 7.874000 23.622000 23.622000 0.000001 -1.000000 0.000000 0.333163 0.274898 1 0 1.0
0 6.299200 23.622000 23.622000 0.000001 -1.000000 0.000000 0.333163 0.274898 1 0 1.0
caja_poliester
0 7.874000 23.622000 -0.330590 0.000001 -1.000000 0.000000 0.463983 0.274898 1 0 1.0
0 6.299200 23.622000 23.622000 0.000001 -1.000000 0.000000 0.333163 0.274898 1 0 1.0
0 6.299200 23.622000 -0.330590 0.000001 -1.000000 0.000000 0.463983 0.274898 1 0 1.0
caja_poliester
0 6.299200 23.622000 -0.330590 -1.000000 -0.000000 0.000000 0.303158 0.304902 1 0 1.0
0 6.299200 23.622000 23.622000 -1.000000 -0.000000 0.000000 0.172338 0.304902 1 0 1.0
0 6.299200 23.936960 23.622000 -1.000000 -0.000000 0.000000 0.172338 0.303158 1 0 1.0
caja_poliester
0 6.299200 23.622000 -0.330590 -1.000000 -0.000000 0.000000 0.303158 0.304902 1 0 1.0
0 6.299200 23.936960 23.622000 -1.000000 -0.000000 0.000000 0.172338 0.303158 1 0 1.0
0 6.299200 23.936960 -0.330590 -1.000000 -0.000000 0.000000 0.303158 0.303158 1 0 1.0
caja_poliester
0 7.874000 23.936960 -0.330590 -0.000000 -0.000000 -1.000000 0.303158 0.303158 1 0 1.0
0 7.874000 23.622000 -0.330590 -0.000000 -0.000000 -1.000000 0.303158 0.304902 1 0 1.0
0 6.299200 23.622000 -0.330590 -0.000000 -0.000000 -1.000000 0.303158 0.304902 1 0 1.0
caja_poliester
0 7.874000 23.936960 -0.330590 -0.000000 -0.000000 -1.000000 0.303158 0.303158 1 0 1.0
0 6.299200 23.622000 -0.330590 -0.000000 -0.000000 -1.000000 0.303158 0.304902 1 0 1.0
0 6.299200 23.936960 -0.330590 -0.000000 -0.000000 -1.000000 0.303158 0.303158 1 0 1.0
caja_poliester
0 7.874000 23.622000 23.622000 0.000000 -0.000007 1.000000 0.333163 0.274898 1 0 1.0
0 7.874000 23.936960 23.622000 0.000000 -0.000007 1.000000 0.333163 0.276642 1 0 1.0
0 6.299200 23.936960 23.622000 0.000000 -0.000007 1.000000 0.333163 0.276642 1 0 1.0
caja_poliester
0 7.874000 23.622000 23.622000 0.000000 -0.000007 1.000000 0.333163 0.274898 1 0 1.0
0 6.299200 23.936960 23.622000 0.000000 -0.000007 1.000000 0.333163 0.276642 1 0 1.0
0 6.299200 23.622000 23.622000 0.000000 -0.000007 1.000000 0.333163 0.274898 1 0 1.0
caja_poliester
0 6.299200 23.622000 -0.330590 -0.000001 1.000000 -0.000003 0.303158 0.304902 1 0 1.0
0 6.299200 23.622000 -0.015630 -0.000001 1.000000 -0.000003 0.301414 0.304902 1 0 1.0
0 7.874000 23.622000 -0.015630 -0.000001 1.000000 -0.000003 0.301414 0.304902 1 0 1.0
caja_poliester
0 6.299200 23.622000 -0.330590 -0.000001 1.000000 -0.000003 0.303158 0.304902 1 0 1.0
0 7.874000 23.622000 -0.015630 -0.000001 1.000000 -0.000003 0.301414 0.304902 1 0 1.0
0 7.874000 23.622000 -0.330590 -0.000001 1.000000 -0.000003 0.303158 0.304902 1 0 1.0
caja_poliester
0 7.874000 23.622000 -0.330590 1.000000 -0.000000 -0.000000 0.921450 0.829406 1 0 1.0
0 7.874000 23.622000 -0.015630 1.000000 -0.000000 -0.000000 0.919706 0.829406 1 0 1.0
0 7.874000 -23.622000 -0.015630 1.000000 -0.000000 -0.000000 0.919706 0.567766 1 0 1.0
caja_poliester
0 7.874000 23.622000 -0.330590 1.000000 -0.000000 -0.000000 0.921450 0.829406 1 0 1.0
0 7.874000 -23.622000 -0.015630 1.000000 -0.000000 -0.000000 0.919706 0.567766 1 0 1.0
0 7.874000 -23.622000 -0.330590 1.000000 -0.000000 -0.000000 0.921450 0.567766 1 0 1.0
caja_poliester
0 7.874000 -23.622000 -0.330590 0.000000 -1.000000 0.000000 0.303158 0.566542 1 0 1.0
0 7.874000 -23.622000 -0.015630 0.000000 -1.000000 0.000000 0.301414 0.566542 1 0 1.0
0 6.299200 -23.622000 -0.015630 0.000000 -1.000000 0.000000 0.301414 0.566542 1 0 1.0
caja_poliester
0 7.874000 -23.622000 -0.330590 0.000000 -1.000000 0.000000 0.303158 0.566542 1 0 1.0
0 6.299200 -23.622000 -0.015630 0.000000 -1.000000 0.000000 0.301414 0.566542 1 0 1.0
0 6.299200 -23.622000 -0.330590 0.000000 -1.000000 0.000000 0.303158 0.566542 1 0 1.0
caja_poliester
0 6.299200 -23.622000 -0.330590 -1.000000 -0.000000 0.000000 0.303158 0.566542 1 0 1.0
0 6.299200 -23.622000 -0.015630 -1.000000 -0.000000 0.000000 0.301414 0.566542 1 0 1.0
0 6.299200 23.622000 -0.015630 -1.000000 -0.000000 0.000000 0.301414 0.304902 1 0 1.0
caja_poliester
0 6.299200 -23.622000 -0.330590 -1.000000 -0.000000 0.000000 0.303158 0.566542 1 0 1.0
0 6.299200 23.622000 -0.015630 -1.000000 -0.000000 0.000000 0.301414 0.304902 1 0 1.0
0 6.299200 23.622000 -0.330590 -1.000000 -0.000000 0.000000 0.303158 0.304902 1 0 1.0
caja_poliester
0 7.874000 23.622000 -0.330590 -0.000000 -0.000000 -1.000000 0.303158 0.304902 1 0 1.0
0 7.874000 -23.622000 -0.330590 -0.000000 -0.000000 -1.000000 0.303158 0.566542 1 0 1.0
0 6.299200 -23.622000 -0.330590 -0.000000 -0.000000 -1.000000 0.303158 0.566542 1 0 1.0
caja_poliester
0 7.874000 23.622000 -0.330590 -0.000000 -0.000000 -1.000000 0.303158 0.304902 1 0 1.0
0 6.299200 -23.622000 -0.330590 -0.000000 -0.000000 -1.000000 0.303158 0.566542 1 0 1.0
0 6.299200 23.622000 -0.330590 -0.000000 -0.000000 -1.000000 0.303158 0.304902 1 0 1.0
caja_poliester
0 7.874000 -23.622000 -0.015630 0.000000 -0.000000 1.000000 0.919706 0.567766 1 0 1.0
0 7.874000 23.622000 -0.015630 0.000000 -0.000000 1.000000 0.919706 0.829406 1 0 1.0
0 6.299200 23.622000 -0.015630 0.000000 -0.000000 1.000000 0.919706 0.829406 1 0 1.0
caja_poliester
0 7.874000 -23.622000 -0.015630 0.000000 -0.000000 1.000000 0.919706 0.567766 1 0 1.0
0 6.299200 23.622000 -0.015630 0.000000 -0.000000 1.000000 0.919706 0.829406 1 0 1.0
0 6.299200 -23.622000 -0.015630 0.000000 -0.000000 1.000000 0.919706 0.567766 1 0 1.0
end
