mtllib TitanTriggerFishDrip.mtl
g TitanTriggerFishDrip
usemtl Default
v 0.221813858 -0.0545088574 0.0333593599
v 0.155594274 -0.0636705533 0.0434944034
v 0.221008688 -0.0251915231 0.0980547667
v 0.155594274 -0.0636705533 0.0434944034
v 0.067094326 -0.0635864511 0.0521006472
v 0.14407596 -0.0314084701 0.125714481
v -0.096854575 0 -0.183634609
v -0.0950716659 -0.00507486286 -0.16698423
v -0.00988727808 0 -0.136412635
v 0.295719951 -0.0244224668 0.048511751
v 0.296397537 -0.0160149578 0.0574273244
v 0.323445141 -0.0206778683 0.0343227983
v 0.302122682 0 0.00144856982
v 0.299169689 -0.0187388957 0.000335322693
v 0.343607098 0 -0.00431107543
v 0.303034872 -0.0391414613 0.0199190024
v 0.295719951 -0.0244224668 0.048511751
v 0.323445141 -0.0206778683 0.0343227983
v 0.30202353 -0.0512290075 -0.0148656815
v 0.329250604 -0.0392592289 0.00266656233
v 0.334615201 -0.0377518311 -0.00415851688
v 0.30202353 -0.0512290075 -0.0148656815
v 0.328001767 -0.0412715897 -0.0256360453
v 0.324370593 -0.0397767238 -0.0298887789
v 0.328001767 -0.0412715897 -0.0256360453
v 0.30202353 -0.0512290075 -0.0148656815
v 0.331311703 -0.0378506891 -0.0165918451
v 0.30202353 -0.0512290075 -0.0148656815
v 0.322401285 -0.0378207825 0.00640010275
v 0.329250604 -0.0392592289 0.00266656233
v -0.338864952 0 -0.138624504
v -0.3260746 -0.00118294125 -0.118804395
v -0.324638009 0 -0.119763911
v -0.338864952 0 0.123274669
v -0.324614167 0 0.105989963
v -0.3260746 -0.00118294125 0.104897283
v -0.24351503 0 0.023519814
v -0.211174622 0 0.0585802794
v -0.207857907 -0.00419695349 0.0318775102
v -0.0868689418 -0.00389962341 0.12147297
v -0.125302553 -0.00161657587 0.151977047
v -0.00988727808 0 0.140829861
v -0.207857907 -0.00453730207 -0.0496354066
v -0.20593439 0 -0.0823350623
v -0.24351503 0 -0.0331228934
v 0.0427456088 -0.111914448 0.00946819037
v 0.0791066736 -0.0782897398 0.0399129577
v 0.0649377033 -0.105835818 0.00801559165
v 0.0649590939 -0.109145105 -0.0501714163
v 0.0807461664 -0.0865105614 -0.0822957233
v 0.0420528762 -0.112968005 -0.0523925796
v 0.134540662 -0.0585349388 -0.00651189405
v 0.0649377033 -0.105835818 0.00801559165
v 0.0791066736 -0.0782897398 0.0399129577
v 0.0649590939 -0.109145105 -0.0501714163
v 0.133872777 -0.0612470321 -0.0453628711
v 0.0807461664 -0.0865105614 -0.0822957233
v 0.194279596 -0.0298783518 0.0698270276
v 0.191855863 -0.0471251346 0.0867191553
v 0.203437194 -0.0380174965 0.0914122462
v 0.203437194 -0.0380174965 0.0914122462
v 0.208007276 -0.0223819129 0.0895917863
v 0.194279596 -0.0298783518 0.0698270276
v 0.194279596 -0.0298783518 0.0698270276
v 0.176731065 -0.0341496095 0.0774142668
v 0.191855863 -0.0471251346 0.0867191553
v 0.203437194 -0.0380174965 0.0914122462
v 0.19847171 -0.0215727985 0.107848369
v 0.208007276 -0.0223819129 0.0895917863
v 0.191855863 -0.0471251346 0.0867191553
v 0.19351171 -0.0438441671 0.101739101
v 0.203437194 -0.0380174965 0.0914122462
v 0.176731065 -0.0341496095 0.0774142668
v 0.18257764 -0.0429466851 0.0959682092
v 0.191855863 -0.0471251346 0.0867191553
v 0.203437194 -0.0380174965 0.0914122462
v 0.19351171 -0.0438441671 0.101739101
v 0.19847171 -0.0215727985 0.107848369
v 0.191855863 -0.0471251346 0.0867191553
v 0.18257764 -0.0429466851 0.0959682092
v 0.19351171 -0.0438441671 0.101739101
v 0.176731065 -0.0341496095 0.0774142668
v 0.168639421 -0.0334943756 0.0928592831
v 0.18257764 -0.0429466851 0.0959682092
v 0.19351171 -0.0438441671 0.101739101
v 0.178852409 -0.0279850811 0.105576344
v 0.19847171 -0.0215727985 0.107848369
v 0.18257764 -0.0429466851 0.0959682092
v 0.178852409 -0.0279850811 0.105576344
v 0.19351171 -0.0438441671 0.101739101
v 0.168639421 -0.0334943756 0.0928592831
v 0.178852409 -0.0279850811 0.105576344
v 0.18257764 -0.0429466851 0.0959682092
v -0.211174622 0 0.0585802794
v -0.206950113 0 0.125034362
v -0.194273457 -0.00185093109 0.109237105
v -0.0950716659 -0.00507486286 -0.16698423
v -0.0868689418 -0.00949493889 -0.110366456
v -0.00988727808 0 -0.136412635
v -0.179586276 -0.00237326021 -0.133127987
v -0.188471422 0 -0.150828153
v -0.20593439 0 -0.0823350623
v 0.155594274 -0.0636705533 0.0434944034
v 0.14407596 -0.0314084701 0.125714481
v 0.221008688 -0.0251915231 0.0980547667
v 0.067094326 -0.0635864511 0.0521006472
v 0.067094326 -0.0323140249 0.127986178
v 0.14407596 -0.0314084701 0.125714481
v -0.207857907 -0.0157719553 0.0154228937
v -0.149249107 -0.0185277909 0.0528788157
v -0.138481438 -0.0370382331 0.0244425442
v -0.207857907 -0.0166267455 -0.0294608418
v -0.138481438 -0.0409224406 -0.0328821838
v -0.149691015 -0.0300403293 -0.0593880303
v 0.221813858 0.0545088574 0.0333593599
v 0.221008688 0.0251915231 0.0980547667
v 0.155594274 0.0636705533 0.0434944034
v 0.155594274 0.0636705533 0.0434944034
v 0.14407596 0.0314084701 0.125714481
v 0.067094326 0.0635864511 0.0521006472
v -0.096854575 0 -0.183634609
v -0.00988727808 0 -0.136412635
v -0.0950716659 0.00507486286 -0.16698423
v 0.295719951 0.0244224668 0.048511751
v 0.323445141 0.0206778683 0.0343227983
v 0.296397537 0.0160149578 0.0574273244
v 0.302122682 0 0.00144856982
v 0.343607098 0 -0.00431107543
v 0.299169689 0.0187388957 0.000335322693
v 0.303034872 0.0391414613 0.0199190024
v 0.323445141 0.0206778683 0.0343227983
v 0.295719951 0.0244224668 0.048511751
v 0.30202353 0.0512290075 -0.0148656815
v 0.334615201 0.0377518311 -0.00415851688
v 0.329250604 0.0392592289 0.00266656233
v 0.30202353 0.0512290075 -0.0148656815
v 0.324370593 0.0397767238 -0.0298887789
v 0.328001767 0.0412715897 -0.0256360453
v 0.328001767 0.0412715897 -0.0256360453
v 0.331311703 0.0378506891 -0.0165918451
v 0.30202353 0.0512290075 -0.0148656815
v 0.30202353 0.0512290075 -0.0148656815
v 0.329250604 0.0392592289 0.00266656233
v 0.322401285 0.0378207825 0.00640010275
v -0.338864952 0 -0.138624504
v -0.324638009 0 -0.119763911
v -0.3260746 0.00118294125 -0.118804395
v -0.338864952 0 0.123274669
v -0.3260746 0.00118294125 0.104897283
v -0.324614167 0 0.105989963
v -0.24351503 0 0.023519814
v -0.207857907 0.00419695349 0.0318775102
v -0.211174622 0 0.0585802794
v -0.0868689418 0.00389962341 0.12147297
v -0.00988727808 0 0.140829861
v -0.125302553 0.00161657587 0.151977047
v -0.207857907 0.00453730207 -0.0496354066
v -0.24351503 0 -0.0331228934
v -0.20593439 0 -0.0823350623
v 0.0427456088 0.111914448 0.00946819037
v 0.0649377033 0.105835818 0.00801559165
v 0.0791066736 0.0782897398 0.0399129577
v 0.0649590939 0.109145105 -0.0501714163
v 0.0420528762 0.112968005 -0.0523925796
v 0.0807461664 0.0865105614 -0.0822957233
v 0.134540662 0.0585349388 -0.00651189405
v 0.0791066736 0.0782897398 0.0399129577
v 0.0649377033 0.105835818 0.00801559165
v 0.0649590939 0.109145105 -0.0501714163
v 0.0807461664 0.0865105614 -0.0822957233
v 0.133872777 0.0612470321 -0.0453628711
v 0.194279596 0.0298783518 0.0698270276
v 0.203437194 0.0380174965 0.0914122462
v 0.191855863 0.0471251346 0.0867191553
v 0.203437194 0.0380174965 0.0914122462
v 0.194279596 0.0298783518 0.0698270276
v 0.208007276 0.0223819129 0.0895917863
v 0.194279596 0.0298783518 0.0698270276
v 0.191855863 0.0471251346 0.0867191553
v 0.176731065 0.0341496095 0.0774142668
v 0.203437194 0.0380174965 0.0914122462
v 0.208007276 0.0223819129 0.0895917863
v 0.19847171 0.0215727985 0.107848369
v 0.191855863 0.0471251346 0.0867191553
v 0.203437194 0.0380174965 0.0914122462
v 0.19351171 0.0438441671 0.101739101
v 0.176731065 0.0341496095 0.0774142668
v 0.191855863 0.0471251346 0.0867191553
v 0.18257764 0.0429466851 0.0959682092
v 0.203437194 0.0380174965 0.0914122462
v 0.19847171 0.0215727985 0.107848369
v 0.19351171 0.0438441671 0.101739101
v 0.191855863 0.0471251346 0.0867191553
v 0.19351171 0.0438441671 0.101739101
v 0.18257764 0.0429466851 0.0959682092
v 0.176731065 0.0341496095 0.0774142668
v 0.18257764 0.0429466851 0.0959682092
v 0.168639421 0.0334943756 0.0928592831
v 0.19351171 0.0438441671 0.101739101
v 0.19847171 0.0215727985 0.107848369
v 0.178852409 0.0279850811 0.105576344
v 0.18257764 0.0429466851 0.0959682092
v 0.19351171 0.0438441671 0.101739101
v 0.178852409 0.0279850811 0.105576344
v 0.168639421 0.0334943756 0.0928592831
v 0.18257764 0.0429466851 0.0959682092
v 0.178852409 0.0279850811 0.105576344
v -0.211174622 0 0.0585802794
v -0.194273457 0.00185093109 0.109237105
v -0.206950113 0 0.125034362
v -0.0950716659 0.00507486286 -0.16698423
v -0.00988727808 0 -0.136412635
v -0.0868689418 0.00949493889 -0.110366456
v -0.179586276 0.00237326021 -0.133127987
v -0.20593439 0 -0.0823350623
v -0.188471422 0 -0.150828153
v 0.155594274 0.0636705533 0.0434944034
v 0.221008688 0.0251915231 0.0980547667
v 0.14407596 0.0314084701 0.125714481
v 0.067094326 0.0635864511 0.0521006472
v 0.14407596 0.0314084701 0.125714481
v 0.067094326 0.0323140249 0.127986178
v -0.207857907 0.0157719553 0.0154228937
v -0.138481438 0.0370382331 0.0244425442
v -0.149249107 0.0185277909 0.0528788157
v -0.207857907 0.0166267455 -0.0294608418
v -0.149691015 0.0300403293 -0.0593880303
v -0.138481438 0.0409224406 -0.0328821838
v 0.213240206 -0.0159000121 0.104929678
v 0.212425336 -0.00788619928 0.111379281
v 0.204201728 -0.015805915 0.111209922
v 0.233682737 -0.0611234419 0.00509515358
v 0.234036312 -0.0632201433 0.00725102751
v 0.236334324 -0.062077228 0.00543975038
v 0.182538018 -0.0201348998 0.111577593
v 0.189673901 -0.0136544351 0.115260705
v 0.179353714 -0.0139889158 0.120135136
v 0.18815513 -0.0930230692 0.00755606871
v 0.18600373 -0.0951518044 0.00746149104
v 0.188336119 -0.0950239375 0.00956186187
v 0.179262161 0.0212414227 0.111056715
v 0.176111355 0.012117181 0.114704087
v 0.185881332 0.0166163221 0.118535995
v 0.154617026 0.0789305046 0.0380128697
v 0.155631691 0.0817824453 0.0379370041
v 0.153882846 0.0805411488 0.0402323641
v 0.203868702 0.0163387395 0.112210281
v 0.19538945 0.0117808199 0.115926519
v 0.205571085 0.00688568782 0.117584854
v 0.208783418 0.0821933225 0.0189392194
v 0.211610258 0.0820749998 0.0178604424
v 0.209901527 0.0846910179 0.0181838237
v 0.224116147 -0.00330872182 0.0953678563
v 0.21900548 0.00505978614 0.0921534896
v 0.213236913 -0.00350546651 0.0970256701
v 0.336083621 -0.00387417176 0.0299232621
v 0.336396158 -0.00677217823 0.0291031189
v 0.338582486 -0.00505704107 0.0305681173
v 0.190636709 0.00845777895 0.122228317
v 0.180588737 0.0082303565 0.124566898
v 0.18631725 -0.00158754364 0.123484522
v 0.295031041 0.0361367688 0.0419634655
v 0.295991123 0.0350460969 0.0446200892
v 0.296153426 0.0380544364 0.0437304527
v -0.24351503 0 -0.0331228934
v -0.250889778 -0.00908976234 -0.0300238244
v -0.207857907 -0.00907460414 -0.0496354066
v -0.207857907 -0.00453730207 -0.0496354066
v -0.207857907 0.00453730207 -0.0496354066
v -0.207857907 0.00907460414 -0.0496354066
v -0.250889778 0.00908976234 -0.0300238244
v 0.067094326 -0.0635864511 0.0521006472
v -0.0205068961 -0.0494646616 0.0452728756
v -0.0143121183 -0.0319259316 0.117677167
v 0.067094326 -0.0323140249 0.127986178
v -0.0205068961 -0.0494646616 0.0452728756
v -0.0957186222 -0.0436891951 0.0355493315
v -0.0918548182 -0.0284963455 0.101601802
v -0.0143121183 -0.0319259316 0.117677167
v -0.0957186222 -0.0436891951 0.0355493315
v -0.138481438 -0.0370382331 0.0244425442
v -0.149249107 -0.0185277909 0.0528788157
v -0.0918548182 -0.0284963455 0.101601802
v -0.0930637196 -0.0395143852 -0.0770700574
v -0.149691015 -0.0300403293 -0.0593880303
v -0.138481438 -0.0409224406 -0.0328821838
v -0.0957186222 -0.0438723229 -0.0468783006
v -0.0160820559 -0.0441549644 -0.103138812
v -0.0205068961 -0.058018595 -0.0606021956
v 0.0701917782 -0.0534899235 -0.114098549
v -0.0160820559 -0.0441549644 -0.103138812
v -0.0205068961 -0.058018595 -0.0606021956
v 0.0520499125 -0.0641448349 -0.0632959008
v 0.152303323 -0.0534899235 -0.107526146
v 0.0701917782 -0.0534899235 -0.114098549
v 0.0520499125 -0.0641448349 -0.0632959008
v 0.14407596 -0.0679606423 -0.0599328764
v 0.221057594 -0.048288092 -0.0911328718
v 0.152303323 -0.0534899235 -0.107526146
v 0.14407596 -0.0679606423 -0.0599328764
v 0.221057594 -0.0642348006 -0.0460742153
v 0.303716004 -0.0447931476 -0.0420860834
v 0.221057594 -0.048288092 -0.0911328718
v 0.221057594 -0.0642348006 -0.0460742153
v 0.28576082 -0.0612846985 -0.0181055069
v 0.303034872 -0.0391414613 0.0199190024
v 0.221813858 -0.0545088574 0.0333593599
v 0.221008688 -0.0251915231 0.0980547667
v 0.295719951 -0.0244224668 0.048511751
v 0.298039228 0 0.0613811016
v 0.296397537 -0.0160149578 0.0574273244
v 0.23187916 -0.0167009067 0.104090855
v 0.232246816 0 0.108826302
v 0.232246816 0 0.108826302
v 0.23187916 -0.0167009067 0.104090855
v 0.152035341 -0.0117465965 0.138647869
v 0.153078467 0 0.141898841
v 0.153078467 0 0.141898841
v 0.152035341 -0.0117465965 0.138647869
v 0.067094326 -0.0117465975 0.144977495
v 0.0670943856 0 0.148391724
v 0.0670943856 0 0.148391724
v 0.067094326 -0.0117465975 0.144977495
v -0.00988727808 -0.0117465975 0.137415633
v -0.00988727808 0 0.140829861
v -0.353734642 -0.00173845119 0.0517091565
v -0.29714644 -0.00908812042 0.0159762464
v -0.29714644 -0.00908812042 -0.0307366103
v -0.353734642 -0.00173845119 -0.0600845963
v -0.29714644 -0.00908812042 -0.0307366103
v -0.292998165 -0.00618407503 -0.0544493198
v -0.3260746 -0.00118294125 -0.118804395
v -0.259800911 -0.0130736902 -0.0177111048
v -0.29714644 -0.00908812042 -0.0307366103
v -0.29714644 -0.00908812042 0.0159762464
v -0.259800911 -0.0130736902 0.00765158515
v -0.20593439 0 -0.0823350623
v -0.207857907 -0.00453730207 -0.0496354066
v -0.163850516 -0.0042888606 -0.0767346025
v -0.179586276 -0.00237326021 -0.133127987
v -0.0868689418 -0.00949493889 -0.110366456
v -0.0950716659 -0.00507486286 -0.16698423
v -0.188471422 0 -0.150828153
v -0.179586276 -0.00237326021 -0.133127987
v -0.0950716659 -0.00507486286 -0.16698423
v -0.096854575 0 -0.183634609
v -0.00988727808 0 -0.136412635
v -0.00988727808 -0.0355762541 -0.126934707
v 0.0852361843 -0.0355762541 -0.137439787
v 0.090103507 0 -0.146917716
v 0.090103507 0 -0.146917716
v 0.0852361843 -0.0355762541 -0.137439787
v 0.166454405 -0.0355762541 -0.127564102
v 0.174023584 0 -0.137042031
v 0.174023584 0 -0.137042031
v 0.166454405 -0.0355762541 -0.127564102
v 0.221057594 -0.0303744227 -0.113152839
v 0.221057594 0 -0.122630768
v 0.221057594 0 -0.122630768
v 0.221057594 -0.0303744227 -0.113152839
v 0.292865902 -0.0242569614 -0.0751208514
v 0.298039228 0 -0.0781056657
v -0.207857907 -0.00907460414 -0.0496354066
v -0.207857907 -0.0166267455 -0.0294608418
v -0.149691015 -0.0300403293 -0.0593880303
v -0.163850516 -0.00857772119 -0.0767346025
v -0.163850516 -0.00857772119 -0.0767346025
v -0.149691015 -0.0300403293 -0.0593880303
v -0.0930637196 -0.0395143852 -0.0770700574
v -0.0868689418 -0.0189898778 -0.110366456
v -0.0868689418 -0.0189898778 -0.110366456
v -0.0930637196 -0.0395143852 -0.0770700574
v -0.0160820559 -0.0441549644 -0.103138812
v -0.00988727808 -0.0355762541 -0.126934707
v -0.00988727808 -0.0355762541 -0.126934707
v -0.0160820559 -0.0441549644 -0.103138812
v 0.0701917782 -0.0534899235 -0.114098549
v 0.0852361843 -0.0355762541 -0.137439787
v 0.0852361843 -0.0355762541 -0.137439787
v 0.0701917782 -0.0534899235 -0.114098549
v 0.152303323 -0.0534899235 -0.107526146
v 0.166454405 -0.0355762541 -0.127564102
v 0.166454405 -0.0355762541 -0.127564102
v 0.152303323 -0.0534899235 -0.107526146
v 0.221057594 -0.048288092 -0.0911328718
v 0.221057594 -0.0303744227 -0.113152839
v 0.221057594 -0.0303744227 -0.113152839
v 0.221057594 -0.048288092 -0.0911328718
v 0.303716004 -0.0447931476 -0.0420860834
v 0.292865902 -0.0242569614 -0.0751208514
v 0.325653911 -0.02718536 -0.0524064638
v 0.296397537 -0.0160149578 0.0574273244
v 0.295719951 -0.0244224668 0.048511751
v 0.221008688 -0.0251915231 0.0980547667
v 0.23187916 -0.0167009067 0.104090855
v 0.23187916 -0.0167009067 0.104090855
v 0.221008688 -0.0251915231 0.0980547667
v 0.14407596 -0.0314084701 0.125714481
v 0.152035341 -0.0117465965 0.138647869
v 0.152035341 -0.0117465965 0.138647869
v 0.14407596 -0.0314084701 0.125714481
v 0.067094326 -0.0323140249 0.127986178
v 0.067094326 -0.0117465975 0.144977495
v 0.067094326 -0.0117465975 0.144977495
v 0.067094326 -0.0323140249 0.127986178
v -0.0143121183 -0.0319259316 0.117677167
v -0.00988727808 -0.0117465975 0.137415633
v -0.00988727808 -0.0117465975 0.137415633
v -0.0143121183 -0.0319259316 0.117677167
v -0.0918548182 -0.0284963455 0.101601802
v -0.0868689418 -0.00779924681 0.12147297
v -0.0868689418 -0.00779924681 0.12147297
v -0.0918548182 -0.0284963455 0.101601802
v -0.149249107 -0.0185277909 0.0528788157
v -0.163850516 -0.00857772119 0.0692134798
v -0.250889778 -0.00908976234 0.0186174363
v -0.259800911 -0.0130736902 0.00765158515
v -0.29714644 -0.00908812042 0.0159762464
v -0.292998165 -0.00618407503 0.039881479
v -0.250889778 -0.00908976234 -0.0300238244
v -0.259800911 -0.0130736902 -0.0177111048
v -0.207857907 -0.0166267455 -0.0294608418
v -0.207857907 -0.00907460414 -0.0496354066
v -0.163850516 -0.00857772119 0.0692134798
v -0.149249107 -0.0185277909 0.0528788157
v -0.207857907 -0.0157719553 0.0154228937
v -0.207857907 -0.00839390699 0.0318775102
v -0.353734642 -0.00173845119 0.0517091565
v -0.373067558 0 0.0612349473
v -0.338864952 0 0.123274669
v -0.3260746 -0.00118294125 0.104897283
v 0.28576082 -0.0612846985 -0.0181055069
v 0.221057594 -0.0642348006 -0.0460742153
v 0.221813858 -0.0545088574 0.0333593599
v 0.303034872 -0.0391414613 0.0199190024
v -0.0957186222 -0.0438723229 -0.0468783006
v -0.138481438 -0.0409224406 -0.0328821838
v -0.138481438 -0.0370382331 0.0244425442
v -0.0957186222 -0.0436891951 0.0355493315
v -0.0205068961 -0.058018595 -0.0606021956
v -0.0205068961 -0.0494646616 0.0452728756
v 0.0520499125 -0.0641448349 -0.0632959008
v 0.067094326 -0.0635864511 0.0521006472
v 0.14407596 -0.0679606423 -0.0599328764
v 0.0520499125 -0.0641448349 -0.0632959008
v 0.067094326 -0.0635864511 0.0521006472
v 0.155594274 -0.0636705533 0.0434944034
v 0.221057594 -0.0642348006 -0.0460742153
v 0.14407596 -0.0679606423 -0.0599328764
v 0.155594274 -0.0636705533 0.0434944034
v 0.221813858 -0.0545088574 0.0333593599
v 0.298039228 0 0.0613811016
v 0.327855527 0 0.037092112
v 0.323445141 -0.0206778683 0.0343227983
v 0.296397537 -0.0160149578 0.0574273244
v 0.327855527 0 0.037092112
v 0.343067825 0 0.0167288501
v 0.341768771 -0.0197841376 0.0155548565
v 0.323445141 -0.0206778683 0.0343227983
v 0.341768771 -0.0197841376 0.0155548565
v 0.322401285 -0.0378207825 0.00640010275
v 0.303034872 -0.0391414613 0.0199190024
v 0.323445141 -0.0206778683 0.0343227983
v 0.292865902 -0.0242569614 -0.0751208514
v 0.325653911 -0.02718536 -0.0524064638
v 0.325653911 0 -0.0524064638
v 0.298039228 0 -0.0781056657
v 0.325653911 -0.02718536 -0.0524064638
v 0.340502948 -0.0261889175 -0.0338352248
v 0.340666741 0 -0.0357264914
v 0.325653911 0 -0.0524064638
v 0.342719704 0 -0.0164848324
v 0.351267517 0 -0.0199852083
v 0.348047137 -0.0223506019 -0.0200503729
v 0.339780301 -0.018698819 -0.0166035891
v 0.305283546 -0.0427884497 -0.014366759
v 0.328887701 -0.0347085856 -0.0149825886
v 0.331311703 -0.0378506891 -0.0165918451
v 0.30202353 -0.0512290075 -0.0148656815
v 0.343607098 -0.0157043226 -0.00431107543
v 0.351709455 -0.0169744026 0.00405498408
v 0.352990091 0 0.00418348424
v 0.343607098 0 -0.00431107543
v 0.303716004 -0.0447931476 -0.0420860834
v 0.28576082 -0.0612846985 -0.0181055069
v 0.30202353 -0.0512290075 -0.0148656815
v 0.324370593 -0.0397767238 -0.0298887789
v 0.340502948 -0.0261889175 -0.0338352248
v 0.325653911 -0.02718536 -0.0524064638
v 0.303716004 -0.0447931476 -0.0420860834
v 0.324370593 -0.0397767238 -0.0298887789
v 0.28576082 -0.0612846985 -0.0181055069
v 0.303034872 -0.0391414613 0.0199190024
v 0.322401285 -0.0378207825 0.00640010275
v 0.30202353 -0.0512290075 -0.0148656815
v 0.339780301 -0.018698819 -0.0166035891
v 0.328887701 -0.0347085856 -0.0149825886
v 0.303176612 -0.0211487263 -0.0244690534
v 0.342719704 0 -0.0164848324
v 0.328887701 -0.0347085856 -0.0149825886
v 0.305283546 -0.0427884497 -0.014366759
v 0.290034384 -0.0292893946 -0.0184027925
v 0.303176612 -0.0211487263 -0.0244690534
v 0.305283546 -0.0427884497 -0.014366759
v 0.330437839 -0.0369672254 -0.00886969827
v 0.299169689 -0.0187388957 0.000335322693
v 0.290034384 -0.0292893946 -0.0184027925
v 0.343607098 0 -0.00431107543
v 0.299169689 -0.0187388957 0.000335322693
v 0.330437839 -0.0369672254 -0.00886969827
v 0.343607098 -0.0157043226 -0.00431107543
v 0.290508479 0 -0.0183236524
v 0.290034384 -0.0292893946 -0.0184027925
v 0.299169689 -0.0187388957 0.000335322693
v 0.302122682 0 0.00144856982
v 0.301788539 0 -0.0246245489
v 0.303176612 -0.0211487263 -0.0244690534
v 0.290034384 -0.0292893946 -0.0184027925
v 0.290508479 0 -0.0183236524
v 0.290034384 0.0292893946 -0.0184027925
v 0.303176612 0.0211487263 -0.0244690534
v 0.301788539 0 -0.0246245489
v 0.342719704 0 -0.0164848324
v 0.303176612 -0.0211487263 -0.0244690534
v 0.303176612 0.0211487263 -0.0244690534
v 0.330437839 -0.0369672254 -0.00886969827
v 0.305283546 -0.0427884497 -0.014366759
v 0.30202353 -0.0512290075 -0.0148656815
v 0.334615201 -0.0377518311 -0.00415851688
v 0.340666741 0 -0.0357264914
v 0.349176705 0 -0.0318514071
v 0.351267517 0 -0.0199852083
v 0.342719704 0 -0.0164848324
v 0.349223524 -0.016795855 0.0131660458
v 0.351709455 -0.0169744026 0.00405498408
v 0.334615201 -0.0377518311 -0.00415851688
v 0.329250604 -0.0392592289 0.00266656233
v 0.345660239 -0.0252515189 -0.0307702236
v 0.348047137 -0.0223506019 -0.0200503729
v 0.351267517 0 -0.0199852083
v 0.349176705 0 -0.0318514071
v 0.328001767 -0.0412715897 -0.0256360453
v 0.331311703 -0.0378506891 -0.0165918451
v 0.348047137 -0.0223506019 -0.0200503729
v 0.345660239 -0.0252515189 -0.0307702236
v 0.35050413 0 0.0132945497
v 0.352990091 0 0.00418348424
v 0.351709455 -0.0169744026 0.00405498408
v 0.349223524 -0.016795855 0.0131660458
v 0.324370593 -0.0397767238 -0.0298887789
v 0.328001767 -0.0412715897 -0.0256360453
v 0.345660239 -0.0252515189 -0.0307702236
v 0.340502948 -0.0261889175 -0.0338352248
v 0.341768771 -0.0197841376 0.0155548565
v 0.349223524 -0.016795855 0.0131660458
v 0.329250604 -0.0392592289 0.00266656233
v 0.322401285 -0.0378207825 0.00640010275
v 0.343067825 0 0.0167288501
v 0.35050413 0 0.0132945497
v 0.349223524 -0.016795855 0.0131660458
v 0.341768771 -0.0197841376 0.0155548565
v 0.339780301 -0.018698819 -0.0166035891
v 0.348047137 -0.0223506019 -0.0200503729
v 0.331311703 -0.0378506891 -0.0165918451
v 0.328887701 -0.0347085856 -0.0149825886
v 0.340502948 -0.0261889175 -0.0338352248
v 0.345660239 -0.0252515189 -0.0307702236
v 0.349176705 0 -0.0318514071
v 0.340666741 0 -0.0357264914
v 0.330437839 -0.0369672254 -0.00886969827
v 0.334615201 -0.0377518311 -0.00415851688
v 0.351709455 -0.0169744026 0.00405498408
v 0.343607098 -0.0157043226 -0.00431107543
v -0.292998165 -0.00618407503 -0.0544493198
v -0.29714644 -0.00908812042 -0.0307366103
v -0.259800911 -0.0130736902 -0.0177111048
v -0.250889778 -0.00908976234 -0.0300238244
v -0.207857907 -0.00839390699 0.0318775102
v -0.207857907 -0.0157719553 0.0154228937
v -0.259800911 -0.0130736902 0.00765158515
v -0.250889778 -0.00908976234 0.0186174363
v -0.259800911 -0.0130736902 0.00765158515
v -0.207857907 -0.0157719553 0.0154228937
v -0.207857907 -0.0166267455 -0.0294608418
v -0.259800911 -0.0130736902 -0.0177111048
v -0.287671953 0 -0.0771507397
v -0.292998165 -0.00618407503 -0.0544493198
v -0.250889778 -0.00908976234 -0.0300238244
v -0.24351503 0 -0.0331228934
v -0.00988727808 0 0.140829861
v -0.00988727808 -0.0117465975 0.137415633
v -0.0868689418 -0.00779924681 0.12147297
v -0.0868689418 -0.00389962341 0.12147297
v -0.0868689418 -0.00389962341 0.12147297
v -0.0868689418 -0.00779924681 0.12147297
v -0.163850516 -0.00857772119 0.0692134798
v -0.163850516 -0.0042888606 0.0692134798
v -0.163850516 -0.0042888606 0.0692134798
v -0.163850516 -0.00857772119 0.0692134798
v -0.207857907 -0.00839390699 0.0318775102
v -0.207857907 -0.00419695349 0.0318775102
v -0.24351503 0 0.023519814
v -0.250889778 -0.00908976234 0.0186174363
v -0.292998165 -0.00618407503 0.039881479
v -0.287671953 0 0.0625828877
v -0.207857907 -0.00419695349 0.0318775102
v -0.207857907 -0.00839390699 0.0318775102
v -0.250889778 -0.00908976234 0.0186174363
v -0.24351503 0 0.023519814
v -0.163850516 -0.0042888606 0.0692134798
v -0.194273457 -0.00185093109 0.109237105
v -0.125302553 -0.00161657587 0.151977047
v -0.0868689418 -0.00389962341 0.12147297
v -0.207857907 -0.00419695349 0.0318775102
v -0.211174622 0 0.0585802794
v -0.194273457 -0.00185093109 0.109237105
v -0.163850516 -0.0042888606 0.0692134798
v -0.163850516 -0.0042888606 -0.0767346025
v -0.163850516 -0.00857772119 -0.0767346025
v -0.0868689418 -0.0189898778 -0.110366456
v -0.0868689418 -0.00949493889 -0.110366456
v -0.207857907 -0.00453730207 -0.0496354066
v -0.207857907 -0.00907460414 -0.0496354066
v -0.163850516 -0.00857772119 -0.0767346025
v -0.163850516 -0.0042888606 -0.0767346025
v -0.0868689418 -0.00949493889 -0.110366456
v -0.0868689418 -0.0189898778 -0.110366456
v -0.00988727808 -0.0355762541 -0.126934707
v -0.00988727808 0 -0.136412635
v 0.0649590939 -0.109145105 -0.0501714163
v 0.0420528762 -0.112968005 -0.0523925796
v 0.0427456088 -0.111914448 0.00946819037
v 0.0649377033 -0.105835818 0.00801559165
v 0.133872777 -0.0612470321 -0.0453628711
v 0.0649590939 -0.109145105 -0.0501714163
v 0.0649377033 -0.105835818 0.00801559165
v 0.134540662 -0.0585349388 -0.00651189405
v 0.0427456088 -0.111914448 0.00946819037
v 0.0420528762 -0.112968005 -0.0523925796
v 0.0807461664 -0.0865105614 -0.0822957233
v 0.0791066736 -0.0782897398 0.0399129577
v 0.134540662 -0.0585349388 -0.00651189405
v 0.0791066736 -0.0782897398 0.0399129577
v 0.0807461664 -0.0865105614 -0.0822957233
v 0.133872777 -0.0612470321 -0.0453628711
v -0.194273457 -0.00185093109 0.109237105
v -0.206950113 0 0.125034362
v -0.13820155 0 0.169990182
v -0.125302553 -0.00161657587 0.151977047
v -0.125302553 -0.00161657587 0.151977047
v -0.13820155 0 0.169990182
v -0.0898544639 0 0.16949065
v -0.00988727808 0 0.140829861
v -0.373067558 0 -0.0697146505
v -0.3260746 -0.00118294125 -0.118804395
v -0.338864952 0 -0.138624504
v -0.353734642 -0.00173845119 -0.0600845963
v -0.373067558 0 0.0612349473
v -0.353734642 -0.00173845119 0.0517091565
v -0.29714644 -0.00908812042 0.0159762464
v -0.353734642 -0.00173845119 0.0517091565
v -0.3260746 -0.00118294125 0.104897283
v -0.292998165 -0.00618407503 0.039881479
v -0.3260746 -0.00118294125 -0.118804395
v -0.292998165 -0.00618407503 -0.0544493198
v -0.287671953 0 -0.0771507397
v -0.324638009 0 -0.119763911
v -0.324614167 0 0.105989963
v -0.287671953 0 0.0625828877
v -0.292998165 -0.00618407503 0.039881479
v -0.3260746 -0.00118294125 0.104897283
v -0.138481438 -0.0409224406 -0.0328821838
v -0.207857907 -0.0166267455 -0.0294608418
v -0.207857907 -0.0157719553 0.0154228937
v -0.138481438 -0.0370382331 0.0244425442
v 0.339717358 -0.00138320634 -0.0116250571
v 0.339350134 -0.00418325979 -0.0121814869
v 0.340703756 -0.00516497251 -0.0201839693
v 0.34120068 0 -0.0189629011
v 0.33762452 -0.00120490254 -0.0116419075
v 0.337455302 0 -0.0198398288
v 0.337002039 -0.0050065089 -0.0208976511
v 0.337443054 -0.00434439722 -0.0122607276
v 0.339717358 -0.00138320634 -0.0116250571
v 0.33762452 -0.00120490254 -0.0116419075
v 0.337443054 -0.00434439722 -0.0122607276
v 0.339350134 -0.00418325979 -0.0121814869
v 0.339350134 -0.00418325979 -0.0121814869
v 0.337443054 -0.00434439722 -0.0122607276
v 0.337002039 -0.0050065089 -0.0208976511
v 0.340703756 -0.00516497251 -0.0201839693
v 0.34120068 0 -0.0189629011
v 0.337455302 0 -0.0198398288
v 0.33762452 -0.00120490254 -0.0116419075
v 0.339717358 -0.00138320634 -0.0116250571
v 0.342276037 -0.00372196129 -0.00906621013
v 0.342372388 -0.000500301423 -0.00813067053
v 0.341165394 -0.000500301423 -0.00131664029
v 0.341831505 -0.00636893744 -0.00294254255
v 0.340269744 -0.00376517931 -0.00968675036
v 0.338005573 -0.00596549222 -0.00318481517
v 0.337416857 -0.000500301423 -0.00174745382
v 0.340535462 -0.000500301423 -0.00859865081
v 0.342276037 -0.00372196129 -0.00906621013
v 0.340269744 -0.00376517931 -0.00968675036
v 0.340535462 -0.000500301423 -0.00859865081
v 0.342372388 -0.000500301423 -0.00813067053
v 0.342372388 -0.000500301423 -0.00813067053
v 0.340535462 -0.000500301423 -0.00859865081
v 0.337416857 -0.000500301423 -0.00174745382
v 0.341165394 -0.000500301423 -0.00131664029
v 0.341831505 -0.00636893744 -0.00294254255
v 0.338005573 -0.00596549222 -0.00318481517
v 0.340269744 -0.00376517931 -0.00968675036
v 0.342276037 -0.00372196129 -0.00906621013
v 0.337365091 -0.0112701654 -0.00853242446
v 0.338439077 -0.00912472047 -0.00796210207
v 0.337939799 -0.00738198822 -0.00127540156
v 0.336308956 -0.0126216598 -0.00207011821
v 0.335475326 -0.0105725657 -0.00912768859
v 0.332966238 -0.0107225049 -0.00235089241
v 0.33449626 -0.00589401787 -0.00168212038
v 0.336843163 -0.00818798039 -0.00845701061
v 0.337365091 -0.0112701654 -0.00853242446
v 0.335475326 -0.0105725657 -0.00912768859
v 0.336843163 -0.00818798039 -0.00845701061
v 0.338439077 -0.00912472047 -0.00796210207
v 0.338439077 -0.00912472047 -0.00796210207
v 0.336843163 -0.00818798039 -0.00845701061
v 0.33449626 -0.00589401787 -0.00168212038
v 0.337939799 -0.00738198822 -0.00127540156
v 0.336308956 -0.0126216598 -0.00207011821
v 0.332966238 -0.0107225049 -0.00235089241
v 0.335475326 -0.0105725657 -0.00912768859
v 0.337365091 -0.0112701654 -0.00853242446
v 0.331712216 -0.0160271842 -0.00796930492
v 0.333022803 -0.0127739394 -0.00740757678
v 0.331714004 -0.0122887278 -0.000550985336
v 0.329978704 -0.0193812791 -0.00314286491
v 0.329790711 -0.015489039 -0.00867826492
v 0.326498747 -0.0177517813 -0.00345897675
v 0.328134388 -0.0111926282 -0.00112680718
v 0.331405729 -0.0118675707 -0.0078970613
v 0.331712216 -0.0160271842 -0.00796930492
v 0.329790711 -0.015489039 -0.00867826492
v 0.331405729 -0.0118675707 -0.0078970613
v 0.333022803 -0.0127739394 -0.00740757678
v 0.333022803 -0.0127739394 -0.00740757678
v 0.331405729 -0.0118675707 -0.0078970613
v 0.328134388 -0.0111926282 -0.00112680718
v 0.331714004 -0.0122887278 -0.000550985336
v 0.329978704 -0.0193812791 -0.00314286491
v 0.326498747 -0.0177517813 -0.00345897675
v 0.329790711 -0.015489039 -0.00867826492
v 0.331712216 -0.0160271842 -0.00796930492
v 0.332046211 -0.00593181653 -0.0138694197
v 0.33321929 -0.00855100434 -0.0140896048
v 0.336834639 -0.00887574162 -0.021414876
v 0.331702799 0 -0.0216717497
v 0.330204844 -0.00682281097 -0.0143464915
v 0.328772783 0 -0.0233001057
v 0.333824426 -0.010600456 -0.0228984859
v 0.331712544 -0.00964442454 -0.0145405363
v 0.332046211 -0.00593181653 -0.0138694197
v 0.330204844 -0.00682281097 -0.0143464915
v 0.331712544 -0.00964442454 -0.0145405363
v 0.33321929 -0.00855100434 -0.0140896048
v 0.33321929 -0.00855100434 -0.0140896048
v 0.331712544 -0.00964442454 -0.0145405363
v 0.333824426 -0.010600456 -0.0228984859
v 0.336834639 -0.00887574162 -0.021414876
v 0.331702799 0 -0.0216717497
v 0.328772783 0 -0.0233001057
v 0.330204844 -0.00682281097 -0.0143464915
v 0.332046211 -0.00593181653 -0.0138694197
v 0.067094326 0.0635864511 0.0521006472
v 0.067094326 0.0323140249 0.127986178
v -0.0143121183 0.0319259316 0.117677167
v -0.0205068961 0.0494646616 0.0452728756
v -0.0205068961 0.0494646616 0.0452728756
v -0.0143121183 0.0319259316 0.117677167
v -0.0918548182 0.0284963455 0.101601802
v -0.0957186222 0.0436891951 0.0355493315
v -0.0957186222 0.0436891951 0.0355493315
v -0.0918548182 0.0284963455 0.101601802
v -0.149249107 0.0185277909 0.0528788157
v -0.138481438 0.0370382331 0.0244425442
v -0.0930637196 0.0395143852 -0.0770700574
v -0.138481438 0.0409224406 -0.0328821838
v -0.149691015 0.0300403293 -0.0593880303
v -0.0957186222 0.0438723229 -0.0468783006
v -0.0160820559 0.0441549644 -0.103138812
v -0.0205068961 0.058018595 -0.0606021956
v 0.0701917782 0.0534899235 -0.114098549
v 0.0520499125 0.0641448349 -0.0632959008
v -0.0205068961 0.058018595 -0.0606021956
v -0.0160820559 0.0441549644 -0.103138812
v 0.152303323 0.0534899235 -0.107526146
v 0.14407596 0.0679606423 -0.0599328764
v 0.0520499125 0.0641448349 -0.0632959008
v 0.0701917782 0.0534899235 -0.114098549
v 0.221057594 0.048288092 -0.0911328718
v 0.221057594 0.0642348006 -0.0460742153
v 0.14407596 0.0679606423 -0.0599328764
v 0.152303323 0.0534899235 -0.107526146
v 0.303716004 0.0447931476 -0.0420860834
v 0.28576082 0.0612846985 -0.0181055069
v 0.221057594 0.0642348006 -0.0460742153
v 0.221057594 0.048288092 -0.0911328718
v 0.303034872 0.0391414613 0.0199190024
v 0.295719951 0.0244224668 0.048511751
v 0.221008688 0.0251915231 0.0980547667
v 0.221813858 0.0545088574 0.0333593599
v 0.298039228 0 0.0613811016
v 0.232246816 0 0.108826302
v 0.23187916 0.0167009067 0.104090855
v 0.296397537 0.0160149578 0.0574273244
v 0.232246816 0 0.108826302
v 0.153078467 0 0.141898841
v 0.152035341 0.0117465965 0.138647869
v 0.23187916 0.0167009067 0.104090855
v 0.153078467 0 0.141898841
v 0.0670943856 0 0.148391724
v 0.067094326 0.0117465975 0.144977495
v 0.152035341 0.0117465965 0.138647869
v 0.0670943856 0 0.148391724
v -0.00988727808 0 0.140829861
v -0.00988727808 0.0117465975 0.137415633
v 0.067094326 0.0117465975 0.144977495
v -0.353734642 0.00173845119 0.0517091565
v -0.29714644 0.00908812042 -0.0307366103
v -0.29714644 0.00908812042 0.0159762464
v -0.353734642 0.00173845119 -0.0600845963
v -0.3260746 0.00118294125 -0.118804395
v -0.292998165 0.00618407503 -0.0544493198
v -0.29714644 0.00908812042 -0.0307366103
v -0.259800911 0.0130736902 -0.0177111048
v -0.259800911 0.0130736902 0.00765158515
v -0.29714644 0.00908812042 0.0159762464
v -0.29714644 0.00908812042 -0.0307366103
v -0.20593439 0 -0.0823350623
v -0.163850516 0.0042888606 -0.0767346025
v -0.207857907 0.00453730207 -0.0496354066
v -0.179586276 0.00237326021 -0.133127987
v -0.0868689418 0.00949493889 -0.110366456
v -0.0950716659 0.00507486286 -0.16698423
v -0.188471422 0 -0.150828153
v -0.096854575 0 -0.183634609
v -0.0950716659 0.00507486286 -0.16698423
v -0.179586276 0.00237326021 -0.133127987
v -0.00988727808 0 -0.136412635
v 0.090103507 0 -0.146917716
v 0.0852361843 0.0355762541 -0.137439787
v -0.00988727808 0.0355762541 -0.126934707
v 0.090103507 0 -0.146917716
v 0.174023584 0 -0.137042031
v 0.166454405 0.0355762541 -0.127564102
v 0.0852361843 0.0355762541 -0.137439787
v 0.174023584 0 -0.137042031
v 0.221057594 0 -0.122630768
v 0.221057594 0.0303744227 -0.113152839
v 0.166454405 0.0355762541 -0.127564102
v 0.221057594 0 -0.122630768
v 0.298039228 0 -0.0781056657
v 0.292865902 0.0242569614 -0.0751208514
v 0.221057594 0.0303744227 -0.113152839
v -0.207857907 0.00907460414 -0.0496354066
v -0.163850516 0.00857772119 -0.0767346025
v -0.149691015 0.0300403293 -0.0593880303
v -0.207857907 0.0166267455 -0.0294608418
v -0.163850516 0.00857772119 -0.0767346025
v -0.0868689418 0.0189898778 -0.110366456
v -0.0930637196 0.0395143852 -0.0770700574
v -0.149691015 0.0300403293 -0.0593880303
v -0.0868689418 0.0189898778 -0.110366456
v -0.00988727808 0.0355762541 -0.126934707
v -0.0160820559 0.0441549644 -0.103138812
v -0.0930637196 0.0395143852 -0.0770700574
v -0.00988727808 0.0355762541 -0.126934707
v 0.0852361843 0.0355762541 -0.137439787
v 0.0701917782 0.0534899235 -0.114098549
v -0.0160820559 0.0441549644 -0.103138812
v 0.0852361843 0.0355762541 -0.137439787
v 0.166454405 0.0355762541 -0.127564102
v 0.152303323 0.0534899235 -0.107526146
v 0.0701917782 0.0534899235 -0.114098549
v 0.166454405 0.0355762541 -0.127564102
v 0.221057594 0.0303744227 -0.113152839
v 0.221057594 0.048288092 -0.0911328718
v 0.152303323 0.0534899235 -0.107526146
v 0.221057594 0.0303744227 -0.113152839
v 0.303716004 0.0447931476 -0.0420860834
v 0.221057594 0.048288092 -0.0911328718
v 0.292865902 0.0242569614 -0.0751208514
v 0.325653911 0.02718536 -0.0524064638
v 0.296397537 0.0160149578 0.0574273244
v 0.23187916 0.0167009067 0.104090855
v 0.221008688 0.0251915231 0.0980547667
v 0.295719951 0.0244224668 0.048511751
v 0.23187916 0.0167009067 0.104090855
v 0.152035341 0.0117465965 0.138647869
v 0.14407596 0.0314084701 0.125714481
v 0.221008688 0.0251915231 0.0980547667
v 0.152035341 0.0117465965 0.138647869
v 0.067094326 0.0117465975 0.144977495
v 0.067094326 0.0323140249 0.127986178
v 0.14407596 0.0314084701 0.125714481
v 0.067094326 0.0117465975 0.144977495
v -0.00988727808 0.0117465975 0.137415633
v -0.0143121183 0.0319259316 0.117677167
v 0.067094326 0.0323140249 0.127986178
v -0.00988727808 0.0117465975 0.137415633
v -0.0868689418 0.00779924681 0.12147297
v -0.0918548182 0.0284963455 0.101601802
v -0.0143121183 0.0319259316 0.117677167
v -0.0868689418 0.00779924681 0.12147297
v -0.163850516 0.00857772119 0.0692134798
v -0.149249107 0.0185277909 0.0528788157
v -0.0918548182 0.0284963455 0.101601802
v -0.250889778 0.00908976234 0.0186174363
v -0.292998165 0.00618407503 0.039881479
v -0.29714644 0.00908812042 0.0159762464
v -0.259800911 0.0130736902 0.00765158515
v -0.250889778 0.00908976234 -0.0300238244
v -0.207857907 0.00907460414 -0.0496354066
v -0.207857907 0.0166267455 -0.0294608418
v -0.259800911 0.0130736902 -0.0177111048
v -0.163850516 0.00857772119 0.0692134798
v -0.207857907 0.00839390699 0.0318775102
v -0.207857907 0.0157719553 0.0154228937
v -0.149249107 0.0185277909 0.0528788157
v -0.353734642 0.00173845119 0.0517091565
v -0.3260746 0.00118294125 0.104897283
v -0.338864952 0 0.123274669
v -0.373067558 0 0.0612349473
v 0.28576082 0.0612846985 -0.0181055069
v 0.303034872 0.0391414613 0.0199190024
v 0.221813858 0.0545088574 0.0333593599
v 0.221057594 0.0642348006 -0.0460742153
v -0.0957186222 0.0438723229 -0.0468783006
v -0.138481438 0.0370382331 0.0244425442
v -0.138481438 0.0409224406 -0.0328821838
v -0.0957186222 0.0436891951 0.0355493315
v -0.0205068961 0.058018595 -0.0606021956
v -0.0205068961 0.0494646616 0.0452728756
v 0.0520499125 0.0641448349 -0.0632959008
v 0.067094326 0.0635864511 0.0521006472
v 0.14407596 0.0679606423 -0.0599328764
v 0.155594274 0.0636705533 0.0434944034
v 0.067094326 0.0635864511 0.0521006472
v 0.0520499125 0.0641448349 -0.0632959008
v 0.221057594 0.0642348006 -0.0460742153
v 0.221813858 0.0545088574 0.0333593599
v 0.155594274 0.0636705533 0.0434944034
v 0.14407596 0.0679606423 -0.0599328764
v 0.298039228 0 0.0613811016
v 0.296397537 0.0160149578 0.0574273244
v 0.323445141 0.0206778683 0.0343227983
v 0.327855527 0 0.037092112
v 0.327855527 0 0.037092112
v 0.323445141 0.0206778683 0.0343227983
v 0.341768771 0.0197841376 0.0155548565
v 0.343067825 0 0.0167288501
v 0.341768771 0.0197841376 0.0155548565
v 0.323445141 0.0206778683 0.0343227983
v 0.303034872 0.0391414613 0.0199190024
v 0.322401285 0.0378207825 0.00640010275
v 0.292865902 0.0242569614 -0.0751208514
v 0.298039228 0 -0.0781056657
v 0.325653911 0 -0.0524064638
v 0.325653911 0.02718536 -0.0524064638
v 0.325653911 0.02718536 -0.0524064638
v 0.325653911 0 -0.0524064638
v 0.340666741 0 -0.0357264914
v 0.340502948 0.0261889175 -0.0338352248
v 0.342719704 0 -0.0164848324
v 0.339780301 0.018698819 -0.0166035891
v 0.348047137 0.0223506019 -0.0200503729
v 0.351267517 0 -0.0199852083
v 0.305283546 0.0427884497 -0.014366759
v 0.30202353 0.0512290075 -0.0148656815
v 0.331311703 0.0378506891 -0.0165918451
v 0.328887701 0.0347085856 -0.0149825886
v 0.343607098 0.0157043226 -0.00431107543
v 0.343607098 0 -0.00431107543
v 0.352990091 0 0.00418348424
v 0.351709455 0.0169744026 0.00405498408
v 0.303716004 0.0447931476 -0.0420860834
v 0.324370593 0.0397767238 -0.0298887789
v 0.30202353 0.0512290075 -0.0148656815
v 0.28576082 0.0612846985 -0.0181055069
v 0.340502948 0.0261889175 -0.0338352248
v 0.324370593 0.0397767238 -0.0298887789
v 0.303716004 0.0447931476 -0.0420860834
v 0.325653911 0.02718536 -0.0524064638
v 0.28576082 0.0612846985 -0.0181055069
v 0.30202353 0.0512290075 -0.0148656815
v 0.322401285 0.0378207825 0.00640010275
v 0.303034872 0.0391414613 0.0199190024
v 0.339780301 0.018698819 -0.0166035891
v 0.342719704 0 -0.0164848324
v 0.303176612 0.0211487263 -0.0244690534
v 0.328887701 0.0347085856 -0.0149825886
v 0.328887701 0.0347085856 -0.0149825886
v 0.303176612 0.0211487263 -0.0244690534
v 0.290034384 0.0292893946 -0.0184027925
v 0.305283546 0.0427884497 -0.014366759
v 0.305283546 0.0427884497 -0.014366759
v 0.290034384 0.0292893946 -0.0184027925
v 0.299169689 0.0187388957 0.000335322693
v 0.330437839 0.0369672254 -0.00886969827
v 0.343607098 0 -0.00431107543
v 0.343607098 0.0157043226 -0.00431107543
v 0.330437839 0.0369672254 -0.00886969827
v 0.299169689 0.0187388957 0.000335322693
v 0.290508479 0 -0.0183236524
v 0.302122682 0 0.00144856982
v 0.299169689 0.0187388957 0.000335322693
v 0.290034384 0.0292893946 -0.0184027925
v 0.330437839 0.0369672254 -0.00886969827
v 0.334615201 0.0377518311 -0.00415851688
v 0.30202353 0.0512290075 -0.0148656815
v 0.305283546 0.0427884497 -0.014366759
v 0.349223524 0.016795855 0.0131660458
v 0.329250604 0.0392592289 0.00266656233
v 0.334615201 0.0377518311 -0.00415851688
v 0.351709455 0.0169744026 0.00405498408
v 0.345660239 0.0252515189 -0.0307702236
v 0.349176705 0 -0.0318514071
v 0.351267517 0 -0.0199852083
v 0.348047137 0.0223506019 -0.0200503729
v 0.328001767 0.0412715897 -0.0256360453
v 0.345660239 0.0252515189 -0.0307702236
v 0.348047137 0.0223506019 -0.0200503729
v 0.331311703 0.0378506891 -0.0165918451
v 0.35050413 0 0.0132945497
v 0.349223524 0.016795855 0.0131660458
v 0.351709455 0.0169744026 0.00405498408
v 0.352990091 0 0.00418348424
v 0.324370593 0.0397767238 -0.0298887789
v 0.340502948 0.0261889175 -0.0338352248
v 0.345660239 0.0252515189 -0.0307702236
v 0.328001767 0.0412715897 -0.0256360453
v 0.341768771 0.0197841376 0.0155548565
v 0.322401285 0.0378207825 0.00640010275
v 0.329250604 0.0392592289 0.00266656233
v 0.349223524 0.016795855 0.0131660458
v 0.343067825 0 0.0167288501
v 0.341768771 0.0197841376 0.0155548565
v 0.349223524 0.016795855 0.0131660458
v 0.35050413 0 0.0132945497
v 0.339780301 0.018698819 -0.0166035891
v 0.328887701 0.0347085856 -0.0149825886
v 0.331311703 0.0378506891 -0.0165918451
v 0.348047137 0.0223506019 -0.0200503729
v 0.340502948 0.0261889175 -0.0338352248
v 0.340666741 0 -0.0357264914
v 0.349176705 0 -0.0318514071
v 0.345660239 0.0252515189 -0.0307702236
v 0.330437839 0.0369672254 -0.00886969827
v 0.343607098 0.0157043226 -0.00431107543
v 0.351709455 0.0169744026 0.00405498408
v 0.334615201 0.0377518311 -0.00415851688
v -0.292998165 0.00618407503 -0.0544493198
v -0.250889778 0.00908976234 -0.0300238244
v -0.259800911 0.0130736902 -0.0177111048
v -0.29714644 0.00908812042 -0.0307366103
v -0.207857907 0.00839390699 0.0318775102
v -0.250889778 0.00908976234 0.0186174363
v -0.259800911 0.0130736902 0.00765158515
v -0.207857907 0.0157719553 0.0154228937
v -0.259800911 0.0130736902 0.00765158515
v -0.259800911 0.0130736902 -0.0177111048
v -0.207857907 0.0166267455 -0.0294608418
v -0.207857907 0.0157719553 0.0154228937
v -0.287671953 0 -0.0771507397
v -0.24351503 0 -0.0331228934
v -0.250889778 0.00908976234 -0.0300238244
v -0.292998165 0.00618407503 -0.0544493198
v -0.00988727808 0 0.140829861
v -0.0868689418 0.00389962341 0.12147297
v -0.0868689418 0.00779924681 0.12147297
v -0.00988727808 0.0117465975 0.137415633
v -0.0868689418 0.00389962341 0.12147297
v -0.163850516 0.0042888606 0.0692134798
v -0.163850516 0.00857772119 0.0692134798
v -0.0868689418 0.00779924681 0.12147297
v -0.163850516 0.0042888606 0.0692134798
v -0.207857907 0.00419695349 0.0318775102
v -0.207857907 0.00839390699 0.0318775102
v -0.163850516 0.00857772119 0.0692134798
v -0.24351503 0 0.023519814
v -0.287671953 0 0.0625828877
v -0.292998165 0.00618407503 0.039881479
v -0.250889778 0.00908976234 0.0186174363
v -0.207857907 0.00419695349 0.0318775102
v -0.24351503 0 0.023519814
v -0.250889778 0.00908976234 0.0186174363
v -0.207857907 0.00839390699 0.0318775102
v -0.163850516 0.0042888606 0.0692134798
v -0.0868689418 0.00389962341 0.12147297
v -0.125302553 0.00161657587 0.151977047
v -0.194273457 0.00185093109 0.109237105
v -0.207857907 0.00419695349 0.0318775102
v -0.163850516 0.0042888606 0.0692134798
v -0.194273457 0.00185093109 0.109237105
v -0.211174622 0 0.0585802794
v -0.163850516 0.0042888606 -0.0767346025
v -0.0868689418 0.00949493889 -0.110366456
v -0.0868689418 0.0189898778 -0.110366456
v -0.163850516 0.00857772119 -0.0767346025
v -0.207857907 0.00453730207 -0.0496354066
v -0.163850516 0.0042888606 -0.0767346025
v -0.163850516 0.00857772119 -0.0767346025
v -0.207857907 0.00907460414 -0.0496354066
v -0.0868689418 0.00949493889 -0.110366456
v -0.00988727808 0 -0.136412635
v -0.00988727808 0.0355762541 -0.126934707
v -0.0868689418 0.0189898778 -0.110366456
v 0.0649590939 0.109145105 -0.0501714163
v 0.0649377033 0.105835818 0.00801559165
v 0.0427456088 0.111914448 0.00946819037
v 0.0420528762 0.112968005 -0.0523925796
v 0.133872777 0.0612470321 -0.0453628711
v 0.134540662 0.0585349388 -0.00651189405
v 0.0649377033 0.105835818 0.00801559165
v 0.0649590939 0.109145105 -0.0501714163
v 0.0427456088 0.111914448 0.00946819037
v 0.0791066736 0.0782897398 0.0399129577
v 0.0807461664 0.0865105614 -0.0822957233
v 0.0420528762 0.112968005 -0.0523925796
v 0.134540662 0.0585349388 -0.00651189405
v 0.133872777 0.0612470321 -0.0453628711
v 0.0807461664 0.0865105614 -0.0822957233
v 0.0791066736 0.0782897398 0.0399129577
v -0.194273457 0.00185093109 0.109237105
v -0.125302553 0.00161657587 0.151977047
v -0.13820155 0 0.169990182
v -0.206950113 0 0.125034362
v -0.125302553 0.00161657587 0.151977047
v -0.00988727808 0 0.140829861
v -0.0898544639 0 0.16949065
v -0.13820155 0 0.169990182
v -0.373067558 0 -0.0697146505
v -0.338864952 0 -0.138624504
v -0.3260746 0.00118294125 -0.118804395
v -0.353734642 0.00173845119 -0.0600845963
v -0.373067558 0 0.0612349473
v -0.353734642 0.00173845119 0.0517091565
v -0.29714644 0.00908812042 0.0159762464
v -0.292998165 0.00618407503 0.039881479
v -0.3260746 0.00118294125 0.104897283
v -0.353734642 0.00173845119 0.0517091565
v -0.3260746 0.00118294125 -0.118804395
v -0.324638009 0 -0.119763911
v -0.287671953 0 -0.0771507397
v -0.292998165 0.00618407503 -0.0544493198
v -0.324614167 0 0.105989963
v -0.3260746 0.00118294125 0.104897283
v -0.292998165 0.00618407503 0.039881479
v -0.287671953 0 0.0625828877
v -0.138481438 0.0409224406 -0.0328821838
v -0.138481438 0.0370382331 0.0244425442
v -0.207857907 0.0157719553 0.0154228937
v -0.207857907 0.0166267455 -0.0294608418
v 0.339717358 0.00138320634 -0.0116250571
v 0.34120068 0 -0.0189629011
v 0.340703756 0.00516497251 -0.0201839693
v 0.339350134 0.00418325979 -0.0121814869
v 0.33762452 0.00120490254 -0.0116419075
v 0.337443054 0.00434439722 -0.0122607276
v 0.337002039 0.0050065089 -0.0208976511
v 0.337455302 0 -0.0198398288
v 0.339717358 0.00138320634 -0.0116250571
v 0.339350134 0.00418325979 -0.0121814869
v 0.337443054 0.00434439722 -0.0122607276
v 0.33762452 0.00120490254 -0.0116419075
v 0.339350134 0.00418325979 -0.0121814869
v 0.340703756 0.00516497251 -0.0201839693
v 0.337002039 0.0050065089 -0.0208976511
v 0.337443054 0.00434439722 -0.0122607276
v 0.34120068 0 -0.0189629011
v 0.339717358 0.00138320634 -0.0116250571
v 0.33762452 0.00120490254 -0.0116419075
v 0.337455302 0 -0.0198398288
v 0.342276037 0.00372196129 -0.00906621013
v 0.341831505 0.00636893744 -0.00294254255
v 0.341165394 0.000500301423 -0.00131664029
v 0.342372388 0.000500301423 -0.00813067053
v 0.340269744 0.00376517931 -0.00968675036
v 0.340535462 0.000500301423 -0.00859865081
v 0.337416857 0.000500301423 -0.00174745382
v 0.338005573 0.00596549222 -0.00318481517
v 0.342276037 0.00372196129 -0.00906621013
v 0.342372388 0.000500301423 -0.00813067053
v 0.340535462 0.000500301423 -0.00859865081
v 0.340269744 0.00376517931 -0.00968675036
v 0.342372388 0.000500301423 -0.00813067053
v 0.341165394 0.000500301423 -0.00131664029
v 0.337416857 0.000500301423 -0.00174745382
v 0.340535462 0.000500301423 -0.00859865081
v 0.341831505 0.00636893744 -0.00294254255
v 0.342276037 0.00372196129 -0.00906621013
v 0.340269744 0.00376517931 -0.00968675036
v 0.338005573 0.00596549222 -0.00318481517
v 0.337365091 0.0112701654 -0.00853242446
v 0.336308956 0.0126216598 -0.00207011821
v 0.337939799 0.00738198822 -0.00127540156
v 0.338439077 0.00912472047 -0.00796210207
v 0.335475326 0.0105725657 -0.00912768859
v 0.336843163 0.00818798039 -0.00845701061
v 0.33449626 0.00589401787 -0.00168212038
v 0.332966238 0.0107225049 -0.00235089241
v 0.337365091 0.0112701654 -0.00853242446
v 0.338439077 0.00912472047 -0.00796210207
v 0.336843163 0.00818798039 -0.00845701061
v 0.335475326 0.0105725657 -0.00912768859
v 0.338439077 0.00912472047 -0.00796210207
v 0.337939799 0.00738198822 -0.00127540156
v 0.33449626 0.00589401787 -0.00168212038
v 0.336843163 0.00818798039 -0.00845701061
v 0.336308956 0.0126216598 -0.00207011821
v 0.337365091 0.0112701654 -0.00853242446
v 0.335475326 0.0105725657 -0.00912768859
v 0.332966238 0.0107225049 -0.00235089241
v 0.331712216 0.0160271842 -0.00796930492
v 0.329978704 0.0193812791 -0.00314286491
v 0.331714004 0.0122887278 -0.000550985336
v 0.333022803 0.0127739394 -0.00740757678
v 0.329790711 0.015489039 -0.00867826492
v 0.331405729 0.0118675707 -0.0078970613
v 0.328134388 0.0111926282 -0.00112680718
v 0.326498747 0.0177517813 -0.00345897675
v 0.331712216 0.0160271842 -0.00796930492
v 0.333022803 0.0127739394 -0.00740757678
v 0.331405729 0.0118675707 -0.0078970613
v 0.329790711 0.015489039 -0.00867826492
v 0.333022803 0.0127739394 -0.00740757678
v 0.331714004 0.0122887278 -0.000550985336
v 0.328134388 0.0111926282 -0.00112680718
v 0.331405729 0.0118675707 -0.0078970613
v 0.329978704 0.0193812791 -0.00314286491
v 0.331712216 0.0160271842 -0.00796930492
v 0.329790711 0.015489039 -0.00867826492
v 0.326498747 0.0177517813 -0.00345897675
v 0.332046211 0.00593181653 -0.0138694197
v 0.331702799 0 -0.0216717497
v 0.336834639 0.00887574162 -0.021414876
v 0.33321929 0.00855100434 -0.0140896048
v 0.330204844 0.00682281097 -0.0143464915
v 0.331712544 0.00964442454 -0.0145405363
v 0.333824426 0.010600456 -0.0228984859
v 0.328772783 0 -0.0233001057
v 0.332046211 0.00593181653 -0.0138694197
v 0.33321929 0.00855100434 -0.0140896048
v 0.331712544 0.00964442454 -0.0145405363
v 0.330204844 0.00682281097 -0.0143464915
v 0.33321929 0.00855100434 -0.0140896048
v 0.336834639 0.00887574162 -0.021414876
v 0.333824426 0.010600456 -0.0228984859
v 0.331712544 0.00964442454 -0.0145405363
v 0.331702799 0 -0.0216717497
v 0.332046211 0.00593181653 -0.0138694197
v 0.330204844 0.00682281097 -0.0143464915
v 0.328772783 0 -0.0233001057
v 0.221259966 -0.0375144407 0.110907406
v 0.227637559 -0.0329057053 0.110432968
v 0.235618576 -0.0450149067 0.104510866
v 0.230562001 -0.0485857986 0.105137058
v 0.204201728 -0.015805915 0.111209922
v 0.212425336 -0.00788619928 0.111379281
v 0.227637559 -0.0329057053 0.110432968
v 0.221259966 -0.0375144407 0.110907406
v 0.212425336 -0.00788619928 0.111379281
v 0.213240206 -0.0159000121 0.104929678
v 0.225743771 -0.0368473753 0.104809135
v 0.227637559 -0.0329057053 0.110432968
v 0.213240206 -0.0159000121 0.104929678
v 0.204201728 -0.015805915 0.111209922
v 0.221259966 -0.0375144407 0.110907406
v 0.225743771 -0.0368473753 0.104809135
v 0.230562001 -0.0485857986 0.105137058
v 0.235618576 -0.0450149067 0.104510866
v 0.240313172 -0.0534084365 0.0803177208
v 0.236391559 -0.0570567995 0.0824427456
v 0.227637559 -0.0329057053 0.110432968
v 0.225743771 -0.0368473753 0.104809135
v 0.231028691 -0.0438586436 0.101475514
v 0.235618576 -0.0450149067 0.104510866
v 0.225743771 -0.0368473753 0.104809135
v 0.221259966 -0.0375144407 0.110907406
v 0.230562001 -0.0485857986 0.105137058
v 0.231028691 -0.0438586436 0.101475514
v 0.236391559 -0.0570567995 0.0824427456
v 0.240313172 -0.0534084365 0.0803177208
v 0.23814863 -0.0668549836 0.0443180501
v 0.235872433 -0.068700254 0.0454501696
v 0.235618576 -0.0450149067 0.104510866
v 0.231028691 -0.0438586436 0.101475514
v 0.235406518 -0.051791437 0.0809732378
v 0.240313172 -0.0534084365 0.0803177208
v 0.231028691 -0.0438586436 0.101475514
v 0.230562001 -0.0485857986 0.105137058
v 0.236391559 -0.0570567995 0.0824427456
v 0.235406518 -0.051791437 0.0809732378
v 0.235872433 -0.068700254 0.0454501696
v 0.23814863 -0.0668549836 0.0443180501
v 0.236334324 -0.062077228 0.00543975038
v 0.234036312 -0.0632201433 0.00725102751
v 0.240313172 -0.0534084365 0.0803177208
v 0.235406518 -0.051791437 0.0809732378
v 0.235443026 -0.066022709 0.0441028289
v 0.23814863 -0.0668549836 0.0443180501
v 0.235406518 -0.051791437 0.0809732378
v 0.236391559 -0.0570567995 0.0824427456
v 0.235872433 -0.068700254 0.0454501696
v 0.235443026 -0.066022709 0.0441028289
v 0.234036312 -0.0632201433 0.00725102751
v 0.233682737 -0.0611234419 0.00509515358
v 0.23814863 -0.0668549836 0.0443180501
v 0.235443026 -0.066022709 0.0441028289
v 0.233682737 -0.0611234419 0.00509515358
v 0.236334324 -0.062077228 0.00543975038
v 0.180152759 -0.0401354581 0.126239151
v 0.187972441 -0.0410110801 0.125764713
v 0.185086221 -0.0567331277 0.121151507
v 0.178942204 -0.0559772737 0.121777698
v 0.179353714 -0.0139889158 0.120135136
v 0.189673901 -0.0136544351 0.115260705
v 0.187972441 -0.0410110801 0.125764713
v 0.180152759 -0.0401354581 0.126239151
v 0.189673901 -0.0136544351 0.115260705
v 0.182538018 -0.0201348998 0.111577593
v 0.183920577 -0.0426559672 0.12014088
v 0.187972441 -0.0410110801 0.125764713
v 0.182538018 -0.0201348998 0.111577593
v 0.179353714 -0.0139889158 0.120135136
v 0.180152759 -0.0401354581 0.126239151
v 0.183920577 -0.0426559672 0.12014088
v 0.178942204 -0.0559772737 0.121777698
v 0.185086221 -0.0567331277 0.121151507
v 0.182918906 -0.0661029369 0.096958369
v 0.177563027 -0.0661674365 0.0990833938
v 0.187972441 -0.0410110801 0.125764713
v 0.183920577 -0.0426559672 0.12014088
v 0.182465643 -0.0527914874 0.118116155
v 0.185086221 -0.0567331277 0.121151507
v 0.183920577 -0.0426559672 0.12014088
v 0.180152759 -0.0401354581 0.126239151
v 0.178942204 -0.0559772737 0.121777698
v 0.182465643 -0.0527914874 0.118116155
v 0.177563027 -0.0661674365 0.0990833938
v 0.182918906 -0.0661029369 0.096958369
v 0.184988111 -0.0720476061 0.0487110764
v 0.182062507 -0.07188344 0.0498431996
v 0.185086221 -0.0567331277 0.121151507
v 0.182465643 -0.0527914874 0.118116155
v 0.180373564 -0.0616072565 0.097613886
v 0.182918906 -0.0661029369 0.096958369
v 0.182465643 -0.0527914874 0.118116155
v 0.178942204 -0.0559772737 0.121777698
v 0.177563027 -0.0661674365 0.0990833938
v 0.180373564 -0.0616072565 0.097613886
v 0.182062507 -0.07188344 0.0498431996
v 0.184988111 -0.0720476061 0.0487110764
v 0.188336119 -0.0950239375 0.00956186187
v 0.18600373 -0.0951518044 0.00746149104
v 0.182918906 -0.0661029369 0.096958369
v 0.180373564 -0.0616072565 0.097613886
v 0.183544666 -0.0696125701 0.0484958589
v 0.184988111 -0.0720476061 0.0487110764
v 0.180373564 -0.0616072565 0.097613886
v 0.177563027 -0.0661674365 0.0990833938
v 0.182062507 -0.07188344 0.0498431996
v 0.183544666 -0.0696125701 0.0484958589
v 0.184988111 -0.0720476061 0.0487110764
v 0.183544666 -0.0696125701 0.0484958589
v 0.18815513 -0.0930230692 0.00755606871
v 0.188336119 -0.0950239375 0.00956186187
v 0.183544666 -0.0696125701 0.0484958589
v 0.182062507 -0.07188344 0.0498431996
v 0.18600373 -0.0951518044 0.00746149104
v 0.18815513 -0.0930230692 0.00755606871
v 0.175934255 0.0400267094 0.125473112
v 0.168493584 0.0374551006 0.125876278
v 0.162814617 0.0525350533 0.124759659
v 0.16872412 0.0544804856 0.124686167
v 0.185881332 0.0166163221 0.118535995
v 0.176111355 0.012117181 0.114704087
v 0.168493584 0.0374551006 0.125876278
v 0.175934255 0.0400267094 0.125473112
v 0.176111355 0.012117181 0.114704087
v 0.179262161 0.0212414227 0.111056715
v 0.17066063 0.0410010181 0.120089993
v 0.168493584 0.0374551006 0.125876278
v 0.179262161 0.0212414227 0.111056715
v 0.185881332 0.0166163221 0.118535995
v 0.175934255 0.0400267094 0.125473112
v 0.17066063 0.0410010181 0.120089993
v 0.16872412 0.0544804856 0.124686167
v 0.162814617 0.0525350533 0.124759659
v 0.157492816 0.0632442534 0.10163413
v 0.162554026 0.0655034482 0.103210673
v 0.168493584 0.0374551006 0.125876278
v 0.17066063 0.0410010181 0.120089993
v 0.166414365 0.0502916016 0.121068291
v 0.162814617 0.0525350533 0.124759659
v 0.17066063 0.0410010181 0.120089993
v 0.175934255 0.0400267094 0.125473112
v 0.16872412 0.0544804856 0.124686167
v 0.166414365 0.0502916016 0.121068291
v 0.162554026 0.0655034482 0.103210673
v 0.157492816 0.0632442534 0.10163413
v 0.146267116 0.0680107623 0.069496654
v 0.149111703 0.0692249984 0.0700460449
v 0.162814617 0.0525350533 0.124759659
v 0.166414365 0.0502916016 0.121068291
v 0.161763206 0.0602652021 0.101540588
v 0.157492816 0.0632442534 0.10163413
v 0.166414365 0.0502916016 0.121068291
v 0.16872412 0.0544804856 0.124686167
v 0.162554026 0.0655034482 0.103210673
v 0.161763206 0.0602652021 0.101540588
v 0.149111703 0.0692249984 0.0700460449
v 0.146267116 0.0680107623 0.069496654
v 0.153882846 0.0805411488 0.0402323641
v 0.155631691 0.0817824453 0.0379370041
v 0.157492816 0.0632442534 0.10163413
v 0.161763206 0.0602652021 0.101540588
v 0.148568958 0.0663897395 0.0691318959
v 0.146267116 0.0680107623 0.069496654
v 0.161763206 0.0602652021 0.101540588
v 0.162554026 0.0655034482 0.103210673
v 0.149111703 0.0692249984 0.0700460449
v 0.148568958 0.0663897395 0.0691318959
v 0.146267116 0.0680107623 0.069496654
v 0.148568958 0.0663897395 0.0691318959
v 0.154617026 0.0789305046 0.0380128697
v 0.153882846 0.0805411488 0.0402323641
v 0.148568958 0.0663897395 0.0691318959
v 0.149111703 0.0692249984 0.0700460449
v 0.155631691 0.0817824453 0.0379370041
v 0.154617026 0.0789305046 0.0380128697
v 0.219701156 0.0268384833 0.126189277
v 0.212961733 0.0303998571 0.128198236
v 0.219293669 0.0537056252 0.122093596
v 0.224601433 0.0507588461 0.120731004
v 0.205571085 0.00688568782 0.117584854
v 0.19538945 0.0117808199 0.115926519
v 0.212961733 0.0303998571 0.128198236
v 0.219701156 0.0268384833 0.126189277
v 0.19538945 0.0117808199 0.115926519
v 0.203868702 0.0163387395 0.112210281
v 0.216379851 0.0324549638 0.122295372
v 0.212961733 0.0303998571 0.128198236
v 0.203868702 0.0163387395 0.112210281
v 0.205571085 0.00688568782 0.117584854
v 0.219701156 0.0268384833 0.126189277
v 0.216379851 0.0324549638 0.122295372
v 0.224601433 0.0507588461 0.120731004
v 0.219293669 0.0537056252 0.122093596
v 0.221636221 0.0700311363 0.0991313607
v 0.226811051 0.0675379634 0.0995901078
v 0.212961733 0.0303998571 0.128198236
v 0.216379851 0.0324549638 0.122295372
v 0.219548106 0.0504508838 0.117515452
v 0.219293669 0.0537056252 0.122093596
v 0.216379851 0.0324549638 0.122295372
v 0.219701156 0.0268384833 0.126189277
v 0.224601433 0.0507588461 0.120731004
v 0.219548106 0.0504508838 0.117515452
v 0.226811051 0.0675379634 0.0995901078
v 0.221636221 0.0700311363 0.0991313607
v 0.213812575 0.0732202083 0.0604521893
v 0.216547042 0.0717036948 0.0607531592
v 0.219293669 0.0537056252 0.122093596
v 0.219548106 0.0504508838 0.117515452
v 0.222183451 0.0650177449 0.097832948
v 0.221636221 0.0700311363 0.0991313607
v 0.219548106 0.0504508838 0.117515452
v 0.224601433 0.0507588461 0.120731004
v 0.226811051 0.0675379634 0.0995901078
v 0.222183451 0.0650177449 0.097832948
v 0.216547042 0.0717036948 0.0607531592
v 0.213812575 0.0732202083 0.0604521893
v 0.209901527 0.0846910179 0.0181838237
v 0.211610258 0.0820749998 0.0178604424
v 0.221636221 0.0700311363 0.0991313607
v 0.222183451 0.0650177449 0.097832948
v 0.214060411 0.07057897 0.0594414398
v 0.213812575 0.0732202083 0.0604521893
v 0.222183451 0.0650177449 0.097832948
v 0.226811051 0.0675379634 0.0995901078
v 0.216547042 0.0717036948 0.0607531592
v 0.214060411 0.07057897 0.0594414398
v 0.213812575 0.0732202083 0.0604521893
v 0.214060411 0.07057897 0.0594414398
v 0.208783418 0.0821933225 0.0189392194
v 0.209901527 0.0846910179 0.0181838237
v 0.214060411 0.07057897 0.0594414398
v 0.216547042 0.0717036948 0.0607531592
v 0.211610258 0.0820749998 0.0178604424
v 0.208783418 0.0821933225 0.0189392194
v 0.236570671 -0.0108219646 0.117421232
v 0.240405291 -0.00428731646 0.115245633
v 0.25809598 -0.00637612026 0.114287734
v 0.255583733 -0.0120276809 0.114966631
v 0.213236913 -0.00350546651 0.0970256701
v 0.21900548 0.00505978614 0.0921534896
v 0.240405291 -0.00428731646 0.115245633
v 0.236570671 -0.0108219646 0.117421232
v 0.21900548 0.00505978614 0.0921534896
v 0.224116147 -0.00330872182 0.0953678563
v 0.239222735 -0.00941281859 0.110441305
v 0.240405291 -0.00428731646 0.115245633
v 0.224116147 -0.00330872182 0.0953678563
v 0.213236913 -0.00350546651 0.0970256701
v 0.236570671 -0.0108219646 0.117421232
v 0.239222735 -0.00941281859 0.110441305
v 0.255583733 -0.0120276809 0.114966631
v 0.256848752 -0.00941011962 0.109720819
v 0.255583733 -0.0120276809 0.114966631
v 0.25809598 -0.00637612026 0.114287734
v 0.284222156 -0.00412585028 0.0919742584
v 0.281433553 -0.00867403485 0.0941521153
v 0.240405291 -0.00428731646 0.115245633
v 0.239222735 -0.00941281859 0.110441305
v 0.256848752 -0.00941011962 0.109720819
v 0.25809598 -0.00637612026 0.114287734
v 0.281433553 -0.00867403485 0.0941521153
v 0.284222156 -0.00412585028 0.0919742584
v 0.314169526 -0.00782672968 0.0586789846
v 0.312530935 -0.0103031462 0.0597036928
v 0.25809598 -0.00637612026 0.114287734
v 0.256848752 -0.00941011962 0.109720819
v 0.280073524 -0.00602434017 0.0894634798
v 0.284222156 -0.00412585028 0.0919742584
v 0.256848752 -0.00941011962 0.109720819
v 0.255583733 -0.0120276809 0.114966631
v 0.281433553 -0.00867403485 0.0941521153
v 0.280073524 -0.00602434017 0.0894634798
v 0.312530935 -0.0103031462 0.0597036928
v 0.314169526 -0.00782672968 0.0586789846
v 0.338582486 -0.00505704107 0.0305681173
v 0.336396158 -0.00677217823 0.0291031189
v 0.284222156 -0.00412585028 0.0919742584
v 0.280073524 -0.00602434017 0.0894634798
v 0.312299192 -0.00907457899 0.0569458157
v 0.314169526 -0.00782672968 0.0586789846
v 0.280073524 -0.00602434017 0.0894634798
v 0.281433553 -0.00867403485 0.0941521153
v 0.312530935 -0.0103031462 0.0597036928
v 0.312299192 -0.00907457899 0.0569458157
v 0.314169526 -0.00782672968 0.0586789846
v 0.312299192 -0.00907457899 0.0569458157
v 0.336083621 -0.00387417176 0.0299232621
v 0.338582486 -0.00505704107 0.0305681173
v 0.312299192 -0.00907457899 0.0569458157
v 0.312530935 -0.0103031462 0.0597036928
v 0.336396158 -0.00677217823 0.0291031189
v 0.336083621 -0.00387417176 0.0299232621
v 0.208397731 0.00647044089 0.137970954
v 0.205575615 0.0137817794 0.13881892
v 0.231889307 0.028030226 0.130012304
v 0.233943298 0.0221777223 0.129520714
v 0.18631725 -0.00158754364 0.123484522
v 0.180588737 0.0082303565 0.124566898
v 0.205575615 0.0137817794 0.13881892
v 0.208397731 0.00647044089 0.137970954
v 0.180588737 0.0082303565 0.124566898
v 0.190636709 0.00845777895 0.122228317
v 0.211223185 0.0126771005 0.13461946
v 0.205575615 0.0137817794 0.13881892
v 0.190636709 0.00845777895 0.122228317
v 0.18631725 -0.00158754364 0.123484522
v 0.208397731 0.00647044089 0.137970954
v 0.211223185 0.0126771005 0.13461946
v 0.233943298 0.0221777223 0.129520714
v 0.231889307 0.028030226 0.130012304
v 0.253856212 0.0386074185 0.106218152
v 0.255503774 0.0332363211 0.107499607
v 0.205575615 0.0137817794 0.13881892
v 0.211223185 0.0126771005 0.13461946
v 0.231456816 0.0253569521 0.125084445
v 0.231889307 0.028030226 0.130012304
v 0.211223185 0.0126771005 0.13461946
v 0.208397731 0.00647044089 0.137970954
v 0.233943298 0.0221777223 0.129520714
v 0.231456816 0.0253569521 0.125084445
v 0.255503774 0.0332363211 0.107499607
v 0.253856212 0.0386074185 0.106218152
v 0.28268376 0.0428806618 0.0813182518
v 0.283444136 0.0398861766 0.0818862021
v 0.231889307 0.028030226 0.130012304
v 0.231456816 0.0253569521 0.125084445
v 0.251340747 0.0345815085 0.104077138
v 0.253856212 0.0386074185 0.106218152
v 0.231456816 0.0253569521 0.125084445
v 0.233943298 0.0221777223 0.129520714
v 0.255503774 0.0332363211 0.107499607
v 0.251340747 0.0345815085 0.104077138
v 0.283444136 0.0398861766 0.0818862021
v 0.28268376 0.0428806618 0.0813182518
v 0.296153426 0.0380544364 0.0437304527
v 0.295991123 0.0350460969 0.0446200892
v 0.253856212 0.0386074185 0.106218152
v 0.251340747 0.0345815085 0.104077138
v 0.281602919 0.0408324376 0.079676345
v 0.28268376 0.0428806618 0.0813182518
v 0.251340747 0.0345815085 0.104077138
v 0.255503774 0.0332363211 0.107499607
v 0.283444136 0.0398861766 0.0818862021
v 0.281602919 0.0408324376 0.079676345
v 0.28268376 0.0428806618 0.0813182518
v 0.281602919 0.0408324376 0.079676345
v 0.295031041 0.0361367688 0.0419634655
v 0.296153426 0.0380544364 0.0437304527
v 0.281602919 0.0408324376 0.079676345
v 0.283444136 0.0398861766 0.0818862021
v 0.295991123 0.0350460969 0.0446200892
v 0.295031041 0.0361367688 0.0419634655
v 0.336405724 -0.0116655324 -0.0463052988
v 0.345251471 -0.0122209331 -0.048943501
v 0.338813931 -0.0372694507 -0.0450763293
v 0.331635535 -0.0318227187 -0.0429979973
v 0.347369254 -0.0128101725 -0.0579258874
v 0.34064129 -0.0128440149 -0.0642701089
v 0.331702232 -0.0413973629 -0.0588215552
v 0.33884728 -0.0420567654 -0.0529880896
v 0.331795543 -0.0122886132 -0.0616318919
v 0.329677761 -0.0116993738 -0.0526495054
v 0.324490488 -0.0311633106 -0.0488314517
v 0.324523836 -0.0359506235 -0.056743212
v 0.345251471 -0.0122209331 -0.048943501
v 0.347369254 -0.0128101725 -0.0579258874
v 0.33884728 -0.0420567654 -0.0529880896
v 0.338813931 -0.0372694507 -0.0450763293
v 0.34064129 -0.0128440149 -0.0642701089
v 0.331795543 -0.0122886132 -0.0616318919
v 0.324523836 -0.0359506235 -0.056743212
v 0.331702232 -0.0413973629 -0.0588215552
v 0.329677761 -0.0116993738 -0.0526495054
v 0.336405724 -0.0116655324 -0.0463052988
v 0.331635535 -0.0318227187 -0.0429979973
v 0.324490488 -0.0311633106 -0.0488314517
v 0.324523836 -0.0359506235 -0.056743212
v 0.324490488 -0.0311633106 -0.0488314517
v 0.291694283 -0.0549803264 -0.0416476168
v 0.292772412 -0.0614640154 -0.0481526069
v 0.338813931 -0.0372694507 -0.0450763293
v 0.33884728 -0.0420567654 -0.0529880896
v 0.304483116 -0.0681715086 -0.039526131
v 0.303404987 -0.0616878197 -0.0330211408
v 0.331702232 -0.0413973629 -0.0588215552
v 0.324523836 -0.0359506235 -0.056743212
v 0.292772412 -0.0614640154 -0.0481526069
v 0.299166828 -0.0680596158 -0.0470918827
v 0.324490488 -0.0311633106 -0.0488314517
v 0.331635535 -0.0318227187 -0.0429979973
v 0.297010571 -0.0550922267 -0.0340818726
v 0.291694283 -0.0549803264 -0.0416476168
v 0.331635535 -0.0318227187 -0.0429979973
v 0.338813931 -0.0372694507 -0.0450763293
v 0.303404987 -0.0616878197 -0.0330211408
v 0.297010571 -0.0550922267 -0.0340818726
v 0.33884728 -0.0420567654 -0.0529880896
v 0.331702232 -0.0413973629 -0.0588215552
v 0.299166828 -0.0680596158 -0.0470918827
v 0.304483116 -0.0681715086 -0.039526131
v 0.345251471 -0.0122209331 -0.048943501
v 0.336405724 -0.0116655324 -0.0463052988
v 0.33063212 0.0243376829 -0.0483115092
v 0.338067949 0.0297136717 -0.0494618267
v 0.34064129 -0.0128440149 -0.0642701089
v 0.347369254 -0.0128101725 -0.0579258874
v 0.340242773 0.0328573063 -0.0578822196
v 0.334981769 0.0306249727 -0.0651523396
v 0.329677761 -0.0116993738 -0.0526495054
v 0.331795543 -0.0122886132 -0.0616318919
v 0.327545941 0.0252489913 -0.0640020072
v 0.325371116 0.0221053436 -0.0555816144
v 0.347369254 -0.0128101725 -0.0579258874
v 0.345251471 -0.0122209331 -0.048943501
v 0.338067949 0.0297136717 -0.0494618267
v 0.340242773 0.0328573063 -0.0578822196
v 0.331795543 -0.0122886132 -0.0616318919
v 0.34064129 -0.0128440149 -0.0642701089
v 0.334981769 0.0306249727 -0.0651523396
v 0.327545941 0.0252489913 -0.0640020072
v 0.336405724 -0.0116655324 -0.0463052988
v 0.329677761 -0.0116993738 -0.0526495054
v 0.325371116 0.0221053436 -0.0555816144
v 0.33063212 0.0243376829 -0.0483115092
v 0.340242773 0.0328573063 -0.0578822196
v 0.338067949 0.0297136717 -0.0494618267
v 0.316380471 0.0536103286 -0.0442477614
v 0.31717521 0.0597754344 -0.0510943085
v 0.327545941 0.0252489913 -0.0640020072
v 0.334981769 0.0306249727 -0.0651523396
v 0.312796652 0.05836628 -0.0591166988
v 0.307623357 0.0507919788 -0.0602924861
v 0.33063212 0.0243376829 -0.0483115092
v 0.325371116 0.0221053436 -0.0555816144
v 0.306828618 0.044626873 -0.0534459427
v 0.311207145 0.0460360236 -0.0454235859
v 0.338067949 0.0297136717 -0.0494618267
v 0.33063212 0.0243376829 -0.0483115092
v 0.311207145 0.0460360236 -0.0454235859
v 0.316380471 0.0536103286 -0.0442477614
v 0.334981769 0.0306249727 -0.0651523396
v 0.340242773 0.0328573063 -0.0578822196
v 0.31717521 0.0597754344 -0.0510943085
v 0.312796652 0.05836628 -0.0591166988
v 0.325371116 0.0221053436 -0.0555816144
v 0.327545941 0.0252489913 -0.0640020072
v 0.307623357 0.0507919788 -0.0602924861
v 0.306828618 0.044626873 -0.0534459427
v 0.31717521 0.0597754344 -0.0510943085
v 0.316380471 0.0536103286 -0.0442477614
v 0.282565176 0.073922731 -0.0388166495
v 0.282536954 0.0795823261 -0.0461299047
v 0.307623357 0.0507919788 -0.0602924861
v 0.312796652 0.05836628 -0.0591166988
v 0.279149294 0.0766616836 -0.0542237237
v 0.275789917 0.0680814609 -0.0550042242
v 0.311207145 0.0460360236 -0.0454235859
v 0.306828618 0.044626873 -0.0534459427
v 0.275818139 0.062421862 -0.0476909727
v 0.279205739 0.0653424785 -0.0395971909
v 0.316380471 0.0536103286 -0.0442477614
v 0.311207145 0.0460360236 -0.0454235859
v 0.279205739 0.0653424785 -0.0395971909
v 0.282565176 0.073922731 -0.0388166495
v 0.312796652 0.05836628 -0.0591166988
v 0.31717521 0.0597754344 -0.0510943085
v 0.282536954 0.0795823261 -0.0461299047
v 0.279149294 0.0766616836 -0.0542237237
v 0.306828618 0.044626873 -0.0534459427
v 0.307623357 0.0507919788 -0.0602924861
v 0.275789917 0.0680814609 -0.0550042242
v 0.275818139 0.062421862 -0.0476909727
v 0.115574785 0.0704969317 0.0934507549
v 0.110305741 0.0816128477 0.0536343791
v 0.110869452 0.0735272542 0.0491822548
v 0.116138496 0.0624113418 0.0889986306
v 0.0998184159 0.0709624812 0.0906102136
v 0.0945493728 0.0820783973 0.0507938378
v 0.102145717 0.0858883485 0.0544402115
v 0.10741476 0.0747724324 0.0942565873
v 0.116138496 0.0624113418 0.0889986306
v 0.110869452 0.0735272542 0.0491822548
v 0.103273161 0.0697172806 0.0455359109
v 0.108542204 0.0586013682 0.0853522867
v 0.108542204 0.0586013682 0.0853522867
v 0.103273161 0.0697172806 0.0455359109
v 0.0951131731 0.0739928633 0.046341721
v 0.100382216 0.0628769472 0.0861580968
v 0.100382216 0.0628769472 0.0861580968
v 0.0951131731 0.0739928633 0.046341721
v 0.0945493728 0.0820783973 0.0507938378
v 0.0998184159 0.0709624812 0.0906102136
v 0.10741476 0.0747724324 0.0942565873
v 0.102145717 0.0858883485 0.0544402115
v 0.110305741 0.0816128477 0.0536343791
v 0.115574785 0.0704969317 0.0934507549
v 0.105358444 0.0394968949 0.123167641
v 0.108542204 0.0586013682 0.0853522867
v 0.100382216 0.0628769472 0.0861580968
v 0.0973133594 0.0418715216 0.127060354
v 0.113009952 0.0443397909 0.125042781
v 0.116138496 0.0624113418 0.0889986306
v 0.108542204 0.0586013682 0.0853522867
v 0.105358444 0.0394968949 0.123167641
v 0.104571261 0.0539319031 0.134703338
v 0.10741476 0.0747724324 0.0942565873
v 0.115574785 0.0704969317 0.0934507549
v 0.112616353 0.0515573546 0.130810603
v 0.112616353 0.0515573546 0.130810603
v 0.115574785 0.0704969317 0.0934507549
v 0.116138496 0.0624113418 0.0889986306
v 0.113009952 0.0443397909 0.125042781
v 0.0969196931 0.0490890145 0.132828191
v 0.0998184159 0.0709624812 0.0906102136
v 0.10741476 0.0747724324 0.0942565873
v 0.104571261 0.0539319031 0.134703338
v 0.0973133594 0.0418715216 0.127060354
v 0.100382216 0.0628769472 0.0861580968
v 0.0998184159 0.0709624812 0.0906102136
v 0.0969196931 0.0490890145 0.132828191
v 0.103164181 0.0166607387 0.151960373
v 0.0973133594 0.0418715216 0.127060354
v 0.0969196931 0.0490890145 0.132828191
v 0.103354946 0.0194182359 0.160785064
v 0.119177788 0.0165938456 0.151634946
v 0.113009952 0.0443397909 0.125042781
v 0.105358444 0.0394968949 0.123167641
v 0.111075565 0.0152485436 0.147385314
v 0.111457236 0.0207635164 0.165034682
v 0.104571261 0.0539319031 0.134703338
v 0.112616353 0.0515573546 0.130810603
v 0.119368635 0.019351393 0.160459638
v 0.119368635 0.019351393 0.160459638
v 0.112616353 0.0515573546 0.130810603
v 0.113009952 0.0443397909 0.125042781
v 0.119177788 0.0165938456 0.151634946
v 0.103354946 0.0194182359 0.160785064
v 0.0969196931 0.0490890145 0.132828191
v 0.104571261 0.0539319031 0.134703338
v 0.111457236 0.0207635164 0.165034682
v 0.111075565 0.0152485436 0.147385314
v 0.105358444 0.0394968949 0.123167641
v 0.0973133594 0.0418715216 0.127060354
v 0.103164181 0.0166607387 0.151960373
v 0.119203657 -0.0148090431 0.151212901
v 0.119177788 0.0165938456 0.151634946
v 0.111075565 0.0152485436 0.147385314
v 0.11145319 -0.012244992 0.14686881
v 0.103450969 -0.011924468 0.151492342
v 0.103164181 0.0166607387 0.151960373
v 0.103354946 0.0194182359 0.160785064
v 0.103199139 -0.0141679933 0.16045998
v 0.103199139 -0.0141679933 0.16045998
v 0.103354946 0.0194182359 0.160785064
v 0.111457236 0.0207635164 0.165034682
v 0.110949665 -0.0167320725 0.164804056
v 0.110949665 -0.0167320725 0.164804056
v 0.111457236 0.0207635164 0.165034682
v 0.119368635 0.019351393 0.160459638
v 0.118951909 -0.0170525424 0.160180569
v 0.11145319 -0.012244992 0.14686881
v 0.111075565 0.0152485436 0.147385314
v 0.103164181 0.0166607387 0.151960373
v 0.103450969 -0.011924468 0.151492342
v 0.118951909 -0.0170525424 0.160180569
v 0.119368635 0.019351393 0.160459638
v 0.119177788 0.0165938456 0.151634946
v 0.119203657 -0.0148090431 0.151212901
v 0.0996103808 -0.0399855152 0.129811183
v 0.103450969 -0.011924468 0.151492342
v 0.103199139 -0.0141679933 0.16045998
v 0.100041434 -0.0469936542 0.135829091
v 0.115170404 -0.0370052904 0.132167011
v 0.119203657 -0.0148090431 0.151212901
v 0.11145319 -0.012244992 0.14686881
v 0.107174829 -0.03499135 0.127980113
v 0.107174829 -0.03499135 0.127980113
v 0.11145319 -0.012244992 0.14686881
v 0.103450969 -0.011924468 0.151492342
v 0.0996103808 -0.0399855152 0.129811183
v 0.108037084 -0.0490075909 0.140015975
v 0.110949665 -0.0167320725 0.164804056
v 0.118951909 -0.0170525424 0.160180569
v 0.115601532 -0.0440134108 0.13818498
v 0.100041434 -0.0469936542 0.135829091
v 0.103199139 -0.0141679933 0.16045998
v 0.110949665 -0.0167320725 0.164804056
v 0.108037084 -0.0490075909 0.140015975
v 0.115601532 -0.0440134108 0.13818498
v 0.118951909 -0.0170525424 0.160180569
v 0.119203657 -0.0148090431 0.151212901
v 0.115170404 -0.0370052904 0.132167011
v 0.13272813 -0.0644516274 0.0869176388
v 0.115601532 -0.0440134108 0.13818498
v 0.115170404 -0.0370052904 0.132167011
v 0.132476553 -0.0560544915 0.0830523521
v 0.132476553 -0.0560544915 0.0830523521
v 0.115170404 -0.0370052904 0.132167011
v 0.107174829 -0.03499135 0.127980113
v 0.12448293 -0.0526689366 0.0798656121
v 0.124986097 -0.0694631934 0.0875960961
v 0.108037084 -0.0490075909 0.140015975
v 0.115601532 -0.0440134108 0.13818498
v 0.13272813 -0.0644516274 0.0869176388
v 0.116992399 -0.0660776421 0.0844093487
v 0.100041434 -0.0469936542 0.135829091
v 0.108037084 -0.0490075909 0.140015975
v 0.124986097 -0.0694631934 0.0875960961
v 0.12448293 -0.0526689366 0.0798656121
v 0.107174829 -0.03499135 0.127980113
v 0.0996103808 -0.0399855152 0.129811183
v 0.116740897 -0.0576805063 0.080544129
v 0.116740897 -0.0576805063 0.080544129
v 0.0996103808 -0.0399855152 0.129811183
v 0.100041434 -0.0469936542 0.135829091
v 0.116992399 -0.0660776421 0.0844093487
v 0.128870994 -0.0723741353 0.0404304825
v 0.116740897 -0.0576805063 0.080544129
v 0.116992399 -0.0660776421 0.0844093487
v 0.129565358 -0.0815951079 0.0403493792
v 0.129565358 -0.0815951079 0.0403493792
v 0.116992399 -0.0660776421 0.0844093487
v 0.124986097 -0.0694631934 0.0875960961
v 0.137663275 -0.0856388956 0.0422435664
v 0.136274412 -0.0671969503 0.0424057208
v 0.12448293 -0.0526689366 0.0798656121
v 0.116740897 -0.0576805063 0.080544129
v 0.128870994 -0.0723741353 0.0404304825
v 0.137663275 -0.0856388956 0.0422435664
v 0.124986097 -0.0694631934 0.0875960961
v 0.13272813 -0.0644516274 0.0869176388
v 0.145066693 -0.080461733 0.0442188531
v 0.144372255 -0.071240738 0.0442998968
v 0.132476553 -0.0560544915 0.0830523521
v 0.12448293 -0.0526689366 0.0798656121
v 0.136274412 -0.0671969503 0.0424057208
v 0.145066693 -0.080461733 0.0442188531
v 0.13272813 -0.0644516274 0.0869176388
v 0.132476553 -0.0560544915 0.0830523521
v 0.144372255 -0.071240738 0.0442998968
v 0.163896099 -0.0721926838 0.0114441747
v 0.144372255 -0.071240738 0.0442998968
v 0.136274412 -0.0671969503 0.0424057208
v 0.155958608 -0.0693055615 0.00767909875
v 0.150705427 -0.0752062052 0.00287262676
v 0.128870994 -0.0723741353 0.0404304825
v 0.129565358 -0.0815951079 0.0403493792
v 0.153389767 -0.0839939788 0.00183119019
v 0.161327302 -0.0868810937 0.00559630105
v 0.137663275 -0.0856388956 0.0422435664
v 0.145066693 -0.080461733 0.0442188531
v 0.166580468 -0.0809804723 0.0104028117
v 0.155958608 -0.0693055615 0.00767909875
v 0.136274412 -0.0671969503 0.0424057208
v 0.128870994 -0.0723741353 0.0404304825
v 0.150705427 -0.0752062052 0.00287262676
v 0.166580468 -0.0809804723 0.0104028117
v 0.145066693 -0.080461733 0.0442188531
v 0.144372255 -0.071240738 0.0442998968
v 0.163896099 -0.0721926838 0.0114441747
v 0.153389767 -0.0839939788 0.00183119019
v 0.129565358 -0.0815951079 0.0403493792
v 0.137663275 -0.0856388956 0.0422435664
v 0.161327302 -0.0868810937 0.00559630105
v 0.197060078 -0.0792379379 -0.0266072582
v 0.153389767 -0.0839939788 0.00183119019
v 0.161327302 -0.0868810937 0.00559630105
v 0.199310631 -0.0821250528 -0.0181151647
v 0.199310631 -0.0821250528 -0.0181151647
v 0.161327302 -0.0868810937 0.00559630105
v 0.166580468 -0.0809804723 0.0104028117
v 0.199032634 -0.0762244314 -0.0110003166
v 0.199032634 -0.0762244314 -0.0110003166
v 0.166580468 -0.0809804723 0.0104028117
v 0.163896099 -0.0721926838 0.0114441747
v 0.196504116 -0.0674366429 -0.0123775825
v 0.19453153 -0.0704501644 -0.0279844459
v 0.150705427 -0.0752062052 0.00287262676
v 0.153389767 -0.0839939788 0.00183119019
v 0.197060078 -0.0792379379 -0.0266072582
v 0.196504116 -0.0674366429 -0.0123775825
v 0.163896099 -0.0721926838 0.0114441747
v 0.155958608 -0.0693055615 0.00767909875
v 0.194253564 -0.0645495206 -0.020869622
v 0.194253564 -0.0645495206 -0.020869622
v 0.155958608 -0.0693055615 0.00767909875
v 0.150705427 -0.0752062052 0.00287262676
v 0.19453153 -0.0704501644 -0.0279844459
v 0.252495646 -0.0647927746 -0.0361699723
v 0.194253564 -0.0645495206 -0.020869622
v 0.19453153 -0.0704501644 -0.0279844459
v 0.252773613 -0.0706934184 -0.0432847962
v 0.254746199 -0.067679897 -0.0276779309
v 0.196504116 -0.0674366429 -0.0123775825
v 0.194253564 -0.0645495206 -0.020869622
v 0.252495646 -0.0647927746 -0.0361699723
v 0.255302161 -0.0794811919 -0.0419076085
v 0.197060078 -0.0792379379 -0.0266072582
v 0.199310631 -0.0821250528 -0.0181151647
v 0.257552713 -0.0823683068 -0.033415515
v 0.252773613 -0.0706934184 -0.0432847962
v 0.19453153 -0.0704501644 -0.0279844459
v 0.197060078 -0.0792379379 -0.0266072582
v 0.255302161 -0.0794811919 -0.0419076085
v 0.257552713 -0.0823683068 -0.033415515
v 0.199310631 -0.0821250528 -0.0181151647
v 0.199032634 -0.0762244314 -0.0110003166
v 0.257274717 -0.0764676854 -0.026300665
v 0.257274717 -0.0764676854 -0.026300665
v 0.199032634 -0.0762244314 -0.0110003166
v 0.196504116 -0.0674366429 -0.0123775825
v 0.254746199 -0.067679897 -0.0276779309
v 0.304483116 -0.0681715086 -0.039526131
v 0.257552713 -0.0823683068 -0.033415515
v 0.257274717 -0.0764676854 -0.026300665
v 0.303404987 -0.0616878197 -0.0330211408
v 0.299166828 -0.0680596158 -0.0470918827
v 0.255302161 -0.0794811919 -0.0419076085
v 0.257552713 -0.0823683068 -0.033415515
v 0.304483116 -0.0681715086 -0.039526131
v 0.292772412 -0.0614640154 -0.0481526069
v 0.252773613 -0.0706934184 -0.0432847962
v 0.255302161 -0.0794811919 -0.0419076085
v 0.299166828 -0.0680596158 -0.0470918827
v 0.291694283 -0.0549803264 -0.0416476168
v 0.252495646 -0.0647927746 -0.0361699723
v 0.252773613 -0.0706934184 -0.0432847962
v 0.292772412 -0.0614640154 -0.0481526069
v 0.297010571 -0.0550922267 -0.0340818726
v 0.254746199 -0.067679897 -0.0276779309
v 0.252495646 -0.0647927746 -0.0361699723
v 0.291694283 -0.0549803264 -0.0416476168
v 0.303404987 -0.0616878197 -0.0330211408
v 0.257274717 -0.0764676854 -0.026300665
v 0.254746199 -0.067679897 -0.0276779309
v 0.297010571 -0.0550922267 -0.0340818726
v 0.103273161 0.0697172806 0.0455359109
v 0.121061407 0.0706646442 0.0117182173
v 0.11643634 0.0785416216 0.0102769416
v 0.0951131731 0.0739928633 0.046341721
v 0.110869452 0.0735272542 0.0491822548
v 0.127257958 0.0701269805 0.0185614042
v 0.121061407 0.0706646442 0.0117182173
v 0.103273161 0.0697172806 0.0455359109
v 0.0951131731 0.0739928633 0.046341721
v 0.11643634 0.0785416216 0.0102769416
v 0.118007727 0.085880965 0.0156787764
v 0.0945493728 0.0820783973 0.0507938378
v 0.102145717 0.0858883485 0.0544402115
v 0.124204285 0.0853432566 0.0225220043
v 0.128829435 0.0774663314 0.0239632893
v 0.110305741 0.0816128477 0.0536343791
v 0.0945493728 0.0820783973 0.0507938378
v 0.118007727 0.085880965 0.0156787764
v 0.124204285 0.0853432566 0.0225220043
v 0.102145717 0.0858883485 0.0544402115
v 0.110305741 0.0816128477 0.0536343791
v 0.128829435 0.0774663314 0.0239632893
v 0.127257958 0.0701269805 0.0185614042
v 0.110869452 0.0735272542 0.0491822548
v 0.118007727 0.085880965 0.0156787764
v 0.148702309 0.0878337026 -0.0258850381
v 0.152646214 0.0875859484 -0.0175243914
v 0.124204285 0.0853432566 0.0225220043
v 0.11643634 0.0785416216 0.0102769416
v 0.148758128 0.0803008601 -0.0312486365
v 0.148702309 0.0878337026 -0.0258850381
v 0.118007727 0.085880965 0.0156787764
v 0.128829435 0.0774663314 0.0239632893
v 0.156645939 0.079805471 -0.0145274587
v 0.156701699 0.0722726285 -0.0198911335
v 0.127257958 0.0701269805 0.0185614042
v 0.127257958 0.0701269805 0.0185614042
v 0.156701699 0.0722726285 -0.0198911335
v 0.152757794 0.072520338 -0.0282517355
v 0.121061407 0.0706646442 0.0117182173
v 0.121061407 0.0706646442 0.0117182173
v 0.152757794 0.072520338 -0.0282517355
v 0.148758128 0.0803008601 -0.0312486365
v 0.11643634 0.0785416216 0.0102769416
v 0.124204285 0.0853432566 0.0225220043
v 0.152646214 0.0875859484 -0.0175243914
v 0.156645939 0.079805471 -0.0145274587
v 0.128829435 0.0774663314 0.0239632893
v 0.152757794 0.072520338 -0.0282517355
v 0.187983811 0.0677730888 -0.0448803082
v 0.186910734 0.076171644 -0.0485989004
v 0.148758128 0.0803008601 -0.0312486365
v 0.152646214 0.0875859484 -0.0175243914
v 0.193406165 0.0827850401 -0.0355368555
v 0.194479316 0.0743865073 -0.0318182334
v 0.156645939 0.079805471 -0.0145274587
v 0.148702309 0.0878337026 -0.0258850381
v 0.189621896 0.0836776644 -0.0439272486
v 0.193406165 0.0827850401 -0.0355368555
v 0.152646214 0.0875859484 -0.0175243914
v 0.148758128 0.0803008601 -0.0312486365
v 0.186910734 0.076171644 -0.0485989004
v 0.189621896 0.0836776644 -0.0439272486
v 0.148702309 0.0878337026 -0.0258850381
v 0.156645939 0.079805471 -0.0145274587
v 0.194479316 0.0743865073 -0.0318182334
v 0.19176811 0.0668805018 -0.0364899635
v 0.156701699 0.0722726285 -0.0198911335
v 0.156701699 0.0722726285 -0.0198911335
v 0.19176811 0.0668805018 -0.0364899635
v 0.187983811 0.0677730888 -0.0448803082
v 0.152757794 0.072520338 -0.0282517355
v 0.186910734 0.076171644 -0.0485989004
v 0.234346464 0.0737398192 -0.0533943586
v 0.233375371 0.0823997334 -0.0502995402
v 0.189621896 0.0836776644 -0.0439272486
v 0.194479316 0.0743865073 -0.0318182334
v 0.228882328 0.0767814815 -0.03598883
v 0.229853436 0.0681215599 -0.0390837491
v 0.19176811 0.0668805018 -0.0364899635
v 0.19176811 0.0668805018 -0.0364899635
v 0.229853436 0.0681215599 -0.0390837491
v 0.23258549 0.06660074 -0.0477865301
v 0.187983811 0.0677730888 -0.0448803082
v 0.187983811 0.0677730888 -0.0448803082
v 0.23258549 0.06660074 -0.0477865301
v 0.234346464 0.0737398192 -0.0533943586
v 0.186910734 0.076171644 -0.0485989004
v 0.193406165 0.0827850401 -0.0355368555
v 0.230643257 0.0839205161 -0.0415967256
v 0.228882328 0.0767814815 -0.03598883
v 0.194479316 0.0743865073 -0.0318182334
v 0.189621896 0.0836776644 -0.0439272486
v 0.233375371 0.0823997334 -0.0502995402
v 0.230643257 0.0839205161 -0.0415967256
v 0.193406165 0.0827850401 -0.0355368555
v 0.282536954 0.0795823261 -0.0461299047
v 0.282565176 0.073922731 -0.0388166495
v 0.228882328 0.0767814815 -0.03598883
v 0.230643257 0.0839205161 -0.0415967256
v 0.279149294 0.0766616836 -0.0542237237
v 0.282536954 0.0795823261 -0.0461299047
v 0.230643257 0.0839205161 -0.0415967256
v 0.233375371 0.0823997334 -0.0502995402
v 0.275789917 0.0680814609 -0.0550042242
v 0.279149294 0.0766616836 -0.0542237237
v 0.233375371 0.0823997334 -0.0502995402
v 0.234346464 0.0737398192 -0.0533943586
v 0.275818139 0.062421862 -0.0476909727
v 0.275789917 0.0680814609 -0.0550042242
v 0.234346464 0.0737398192 -0.0533943586
v 0.23258549 0.06660074 -0.0477865301
v 0.279205739 0.0653424785 -0.0395971909
v 0.275818139 0.062421862 -0.0476909727
v 0.23258549 0.06660074 -0.0477865301
v 0.229853436 0.0681215599 -0.0390837491
v 0.282565176 0.073922731 -0.0388166495
v 0.279205739 0.0653424785 -0.0395971909
v 0.229853436 0.0681215599 -0.0390837491
v 0.228882328 0.0767814815 -0.03598883
vt 0.166381836 0.916992188
vt 0.166381836 0.916992188
vt 0.166381836 0.916992188
vt 0.202514648 0.888671875
vt 0.202514648 0.888671875
vt 0.202514648 0.888671875
vt 0.981933594 0.546875
vt 0.981933594 0.546875
vt 0.981933594 0.546875
vt 0.172241211 0.89453125
vt 0.172241211 0.89453125
vt 0.172241211 0.89453125
vt 0.984375 0.547851562
vt 0.984375 0.547851562
vt 0.984863281 0.546875
vt 0.172241211 0.89453125
vt 0.172241211 0.89453125
vt 0.172241211 0.89453125
vt 0.981933594 0.578125
vt 0.981933594 0.578125
vt 0.981933594 0.578125
vt 0.0775756836 0.420654297
vt 0.0775756836 0.420654297
vt 0.0775756836 0.420654297
vt 0.0775756836 0.420654297
vt 0.0775756836 0.420654297
vt 0.0775756836 0.420654297
vt 0.981933594 0.578125
vt 0.981933594 0.578125
vt 0.981933594 0.578125
vt 0.983398438 0.553710938
vt 0.982910156 0.553710938
vt 0.982910156 0.553710938
vt 0.983398438 0.553710938
vt 0.982910156 0.553710938
vt 0.982910156 0.553710938
vt 0.198608398 0.672851562
vt 0.198608398 0.672851562
vt 0.198608398 0.672851562
vt 0.198608398 0.672851562
vt 0.198608398 0.672851562
vt 0.198608398 0.672851562
vt 0.198608398 0.672851562
vt 0.198608398 0.672851562
vt 0.198608398 0.672851562
vt 0.982910156 0.552734375
vt 0.985351562 0.553710938
vt 0.982910156 0.552734375
vt 0.982910156 0.552734375
vt 0.985351562 0.553710938
vt 0.982910156 0.552734375
vt 0.201538086 0.677734375
vt 0.201538086 0.677734375
vt 0.204101562 0.678710938
vt 0.201538086 0.677734375
vt 0.201538086 0.677734375
vt 0.204101562 0.678710938
vt 0.325195312 0.448974609
vt 0.325195312 0.448974609
vt 0.325195312 0.448974609
vt 0.325195312 0.448974609
vt 0.325195312 0.448974609
vt 0.325195312 0.448974609
vt 0.325195312 0.448974609
vt 0.325195312 0.448974609
vt 0.325195312 0.448974609
vt 0.325195312 0.448974609
vt 0.325195312 0.448974609
vt 0.325195312 0.448974609
vt 0.364257812 0.888671875
vt 0.364257812 0.888671875
vt 0.364257812 0.888671875
vt 0.325195312 0.448974609
vt 0.325195312 0.448974609
vt 0.325195312 0.448974609
vt 0.325195312 0.448974609
vt 0.325195312 0.448974609
vt 0.325195312 0.448974609
vt 0.356445312 0.884765625
vt 0.356445312 0.884765625
vt 0.356445312 0.884765625
vt 0.325195312 0.448974609
vt 0.325195312 0.448974609
vt 0.325195312 0.448974609
vt 0.325195312 0.448974609
vt 0.325195312 0.448974609
vt 0.325195312 0.448974609
vt 0.325195312 0.448974609
vt 0.325195312 0.448974609
vt 0.325195312 0.448974609
vt 0.325195312 0.448974609
vt 0.325195312 0.448974609
vt 0.325195312 0.448974609
vt 0.981933594 0.546875
vt 0.981933594 0.546875
vt 0.981933594 0.546875
vt 0.198608398 0.672851562
vt 0.198608398 0.672851562
vt 0.198608398 0.672851562
vt 0.981933594 0.546875
vt 0.981933594 0.546875
vt 0.981933594 0.546875
vt 0.202514648 0.88671875
vt 0.202514648 0.88671875
vt 0.202514648 0.88671875
vt 0.19934082 0.897460938
vt 0.19934082 0.897460938
vt 0.19934082 0.897460938
vt 0.20703125 0.669921875
vt 0.20703125 0.669921875
vt 0.20703125 0.669921875
vt 0.20703125 0.669921875
vt 0.20703125 0.669921875
vt 0.20703125 0.669921875
vt 0.166381836 0.916992188
vt 0.166381836 0.916992188
vt 0.166381836 0.916992188
vt 0.202514648 0.888671875
vt 0.202514648 0.888671875
vt 0.202514648 0.888671875
vt 0.981933594 0.546875
vt 0.981933594 0.546875
vt 0.981933594 0.546875
vt 0.172241211 0.89453125
vt 0.172241211 0.89453125
vt 0.172241211 0.89453125
vt 0.984375 0.547851562
vt 0.984863281 0.546875
vt 0.984375 0.547851562
vt 0.172241211 0.89453125
vt 0.172241211 0.89453125
vt 0.172241211 0.89453125
vt 0.981933594 0.578125
vt 0.981933594 0.578125
vt 0.981933594 0.578125
vt 0.0775756836 0.420654297
vt 0.0775756836 0.420654297
vt 0.0775756836 0.420654297
vt 0.0775756836 0.420654297
vt 0.0775756836 0.420654297
vt 0.0775756836 0.420654297
vt 0.981933594 0.578125
vt 0.981933594 0.578125
vt 0.981933594 0.578125
vt 0.983398438 0.553710938
vt 0.982910156 0.553710938
vt 0.982910156 0.553710938
vt 0.983398438 0.553710938
vt 0.982910156 0.553710938
vt 0.982910156 0.553710938
vt 0.198608398 0.672851562
vt 0.198608398 0.672851562
vt 0.198608398 0.672851562
vt 0.198608398 0.672851562
vt 0.198608398 0.672851562
vt 0.198608398 0.672851562
vt 0.198608398 0.672851562
vt 0.198608398 0.672851562
vt 0.198608398 0.672851562
vt 0.982910156 0.552734375
vt 0.982910156 0.552734375
vt 0.985351562 0.553710938
vt 0.982910156 0.552734375
vt 0.982910156 0.552734375
vt 0.985351562 0.553710938
vt 0.201538086 0.677734375
vt 0.204101562 0.678710938
vt 0.201538086 0.677734375
vt 0.201538086 0.677734375
vt 0.204101562 0.678710938
vt 0.201538086 0.677734375
vt 0.325195312 0.448974609
vt 0.325195312 0.448974609
vt 0.325195312 0.448974609
vt 0.325195312 0.448974609
vt 0.325195312 0.448974609
vt 0.325195312 0.448974609
vt 0.325195312 0.448974609
vt 0.325195312 0.448974609
vt 0.325195312 0.448974609
vt 0.325195312 0.448974609
vt 0.325195312 0.448974609
vt 0.325195312 0.448974609
vt 0.364257812 0.888671875
vt 0.364257812 0.888671875
vt 0.364257812 0.888671875
vt 0.325195312 0.448974609
vt 0.325195312 0.448974609
vt 0.325195312 0.448974609
vt 0.325195312 0.448974609
vt 0.325195312 0.448974609
vt 0.325195312 0.448974609
vt 0.356445312 0.884765625
vt 0.356445312 0.884765625
vt 0.356445312 0.884765625
vt 0.325195312 0.448974609
vt 0.325195312 0.448974609
vt 0.325195312 0.448974609
vt 0.325195312 0.448974609
vt 0.325195312 0.448974609
vt 0.325195312 0.448974609
vt 0.325195312 0.448974609
vt 0.325195312 0.448974609
vt 0.325195312 0.448974609
vt 0.325195312 0.448974609
vt 0.325195312 0.448974609
vt 0.325195312 0.448974609
vt 0.981933594 0.546875
vt 0.981933594 0.546875
vt 0.981933594 0.546875
vt 0.198608398 0.672851562
vt 0.198608398 0.672851562
vt 0.198608398 0.672851562
vt 0.981933594 0.546875
vt 0.981933594 0.546875
vt 0.981933594 0.546875
vt 0.202514648 0.88671875
vt 0.202514648 0.88671875
vt 0.202514648 0.88671875
vt 0.19934082 0.897460938
vt 0.19934082 0.897460938
vt 0.19934082 0.897460938
vt 0.20703125 0.669921875
vt 0.20703125 0.669921875
vt 0.20703125 0.669921875
vt 0.20703125 0.669921875
vt 0.20703125 0.669921875
vt 0.20703125 0.669921875
vt 0.982421875 0.514648438
vt 0.982421875 0.514648438
vt 0.982421875 0.514648438
vt 0.982421875 0.514648438
vt 0.982421875 0.514648438
vt 0.982421875 0.514648438
vt 0.982421875 0.514648438
vt 0.982421875 0.514648438
vt 0.982421875 0.514648438
vt 0.982421875 0.514648438
vt 0.982421875 0.514648438
vt 0.982421875 0.514648438
vt 0.982421875 0.514648438
vt 0.982421875 0.514648438
vt 0.982421875 0.514648438
vt 0.982421875 0.514648438
vt 0.982421875 0.514648438
vt 0.982421875 0.514648438
vt 0.982421875 0.514648438
vt 0.982421875 0.514648438
vt 0.982421875 0.514648438
vt 0.982421875 0.514648438
vt 0.982421875 0.514648438
vt 0.982421875 0.514648438
vt 0.982421875 0.514648438
vt 0.982421875 0.514648438
vt 0.982421875 0.514648438
vt 0.982421875 0.514648438
vt 0.982421875 0.514648438
vt 0.982421875 0.514648438
vt 0.982421875 0.514648438
vt 0.982421875 0.514648438
vt 0.982421875 0.514648438
vt 0.982421875 0.514648438
vt 0.982421875 0.514648438
vt 0.982421875 0.514648438
vt 0.20703125 0.669921875
vt 0.20703125 0.669921875
vt 0.20703125 0.669921875
vt 0.20703125 0.669921875
vt 0.20703125 0.669921875
vt 0.20703125 0.669921875
vt 0.20703125 0.669921875
vt 0.19934082 0.897460938
vt 0.19934082 0.897460938
vt 0.19934082 0.897460938
vt 0.19934082 0.897460938
vt 0.19934082 0.897460938
vt 0.19934082 0.897460938
vt 0.19934082 0.897460938
vt 0.19934082 0.897460938
vt 0.19934082 0.897460938
vt 0.19934082 0.897460938
vt 0.19934082 0.897460938
vt 0.19934082 0.897460938
vt 0.19934082 0.897460938
vt 0.19934082 0.897460938
vt 0.19934082 0.897460938
vt 0.19934082 0.897460938
vt 0.19934082 0.897460938
vt 0.19934082 0.897460938
vt 0.19934082 0.897460938
vt 0.19934082 0.897460938
vt 0.19934082 0.897460938
vt 0.19934082 0.897460938
vt 0.202514648 0.888671875
vt 0.202514648 0.888671875
vt 0.202514648 0.888671875
vt 0.202514648 0.888671875
vt 0.181030273 0.23425293
vt 0.181030273 0.23425293
vt 0.181030273 0.23425293
vt 0.181030273 0.23425293
vt 0.181030273 0.23425293
vt 0.181030273 0.23425293
vt 0.181030273 0.23425293
vt 0.181030273 0.23425293
vt 0.166381836 0.916992188
vt 0.166381836 0.916992188
vt 0.166381836 0.916992188
vt 0.166381836 0.916992188
vt 0.166381836 0.916992188
vt 0.166381836 0.916992188
vt 0.166381836 0.916992188
vt 0.166381836 0.916992188
vt 0.202514648 0.88671875
vt 0.202514648 0.88671875
vt 0.202514648 0.88671875
vt 0.202514648 0.88671875
vt 0.19934082 0.897460938
vt 0.19934082 0.897460938
vt 0.19934082 0.897460938
vt 0.19934082 0.897460938
vt 0.19934082 0.897460938
vt 0.19934082 0.897460938
vt 0.19934082 0.897460938
vt 0.19934082 0.897460938
vt 0.175292969 0.916015625
vt 0.173217773 0.915039062
vt 0.173217773 0.915039062
vt 0.175292969 0.916015625
vt 0.173217773 0.915039062
vt 0.173217773 0.915039062
vt 0.175292969 0.916015625
vt 0.193237305 0.884277344
vt 0.193237305 0.884277344
vt 0.193237305 0.884277344
vt 0.193237305 0.884277344
vt 0.198608398 0.672851562
vt 0.198608398 0.672851562
vt 0.198608398 0.672851562
vt 0.198608398 0.672851562
vt 0.198608398 0.672851562
vt 0.198608398 0.672851562
vt 0.981933594 0.546875
vt 0.981933594 0.546875
vt 0.981933594 0.546875
vt 0.981933594 0.546875
vt 0.19934082 0.897460938
vt 0.19934082 0.897460938
vt 0.19934082 0.897460938
vt 0.19934082 0.897460938
vt 0.202514648 0.888671875
vt 0.202514648 0.888671875
vt 0.202514648 0.888671875
vt 0.202514648 0.888671875
vt 0.181030273 0.23425293
vt 0.181030273 0.23425293
vt 0.181030273 0.23425293
vt 0.181030273 0.23425293
vt 0.181030273 0.23425293
vt 0.181030273 0.23425293
vt 0.181030273 0.23425293
vt 0.181030273 0.23425293
vt 0.20703125 0.669921875
vt 0.20703125 0.669921875
vt 0.20703125 0.669921875
vt 0.20703125 0.669921875
vt 0.19934082 0.897460938
vt 0.19934082 0.897460938
vt 0.19934082 0.897460938
vt 0.19934082 0.897460938
vt 0.19934082 0.897460938
vt 0.19934082 0.897460938
vt 0.19934082 0.897460938
vt 0.19934082 0.897460938
vt 0.19934082 0.897460938
vt 0.19934082 0.897460938
vt 0.19934082 0.897460938
vt 0.19934082 0.897460938
vt 0.202514648 0.888671875
vt 0.202514648 0.888671875
vt 0.202514648 0.888671875
vt 0.202514648 0.888671875
vt 0.181030273 0.23425293
vt 0.181030273 0.23425293
vt 0.181030273 0.23425293
vt 0.181030273 0.23425293
vt 0.181030273 0.23425293
vt 0.181030273 0.23425293
vt 0.181030273 0.23425293
vt 0.181030273 0.23425293
vt 0.181030273 0.23425293
vt 0.166381836 0.916992188
vt 0.166381836 0.916992188
vt 0.166381836 0.916992188
vt 0.166381836 0.916992188
vt 0.202514648 0.88671875
vt 0.202514648 0.88671875
vt 0.202514648 0.88671875
vt 0.202514648 0.88671875
vt 0.19934082 0.897460938
vt 0.19934082 0.897460938
vt 0.19934082 0.897460938
vt 0.19934082 0.897460938
vt 0.19934082 0.897460938
vt 0.19934082 0.897460938
vt 0.19934082 0.897460938
vt 0.19934082 0.897460938
vt 0.19934082 0.897460938
vt 0.19934082 0.897460938
vt 0.19934082 0.897460938
vt 0.19934082 0.897460938
vt 0.19934082 0.897460938
vt 0.19934082 0.897460938
vt 0.19934082 0.897460938
vt 0.19934082 0.897460938
vt 0.193237305 0.884277344
vt 0.193237305 0.884277344
vt 0.193237305 0.884277344
vt 0.193237305 0.884277344
vt 0.20703125 0.669921875
vt 0.20703125 0.669921875
vt 0.20703125 0.669921875
vt 0.20703125 0.669921875
vt 0.20703125 0.669921875
vt 0.20703125 0.669921875
vt 0.20703125 0.669921875
vt 0.20703125 0.669921875
vt 0.982910156 0.553710938
vt 0.983398438 0.553710938
vt 0.983398438 0.553710938
vt 0.982910156 0.553710938
vt 0.166381836 0.916992188
vt 0.166381836 0.916992188
vt 0.166381836 0.916992188
vt 0.166381836 0.916992188
vt 0.19934082 0.897460938
vt 0.19934082 0.897460938
vt 0.19934082 0.897460938
vt 0.19934082 0.897460938
vt 0.19934082 0.897460938
vt 0.19934082 0.897460938
vt 0.19934082 0.897460938
vt 0.19934082 0.897460938
vt 0.202514648 0.888671875
vt 0.202514648 0.888671875
vt 0.202514648 0.888671875
vt 0.202514648 0.888671875
vt 0.166381836 0.916992188
vt 0.166381836 0.916992188
vt 0.166381836 0.916992188
vt 0.166381836 0.916992188
vt 0.169311523 0.891601562
vt 0.169311523 0.891601562
vt 0.169311523 0.891601562
vt 0.169311523 0.891601562
vt 0.981933594 0.578125
vt 0.981933594 0.578125
vt 0.981933594 0.578125
vt 0.981933594 0.578125
vt 0.981933594 0.578125
vt 0.981933594 0.578125
vt 0.981933594 0.578125
vt 0.981933594 0.578125
vt 0.181030273 0.23425293
vt 0.181030273 0.23425293
vt 0.181030273 0.23425293
vt 0.181030273 0.23425293
vt 0.186889648 0.232299805
vt 0.186889648 0.232299805
vt 0.186889648 0.232299805
vt 0.186889648 0.232299805
vt 0.0775756836 0.420654297
vt 0.0775756836 0.420654297
vt 0.0775756836 0.420654297
vt 0.0775756836 0.420654297
vt 0.0775756836 0.420654297
vt 0.0775756836 0.420654297
vt 0.0775756836 0.420654297
vt 0.0775756836 0.420654297
vt 0.981933594 0.578125
vt 0.981933594 0.578125
vt 0.981933594 0.578125
vt 0.981933594 0.578125
vt 0.186889648 0.232299805
vt 0.186889648 0.232299805
vt 0.186889648 0.232299805
vt 0.186889648 0.232299805
vt 0.186889648 0.232299805
vt 0.186889648 0.232299805
vt 0.186889648 0.232299805
vt 0.186889648 0.232299805
vt 0.981933594 0.578125
vt 0.981933594 0.578125
vt 0.981933594 0.578125
vt 0.981933594 0.578125
vt 0.984375 0.547851562
vt 0.984375 0.547851562
vt 0.984375 0.547851562
vt 0.984375 0.547851562
vt 0.984863281 0.546875
vt 0.984863281 0.546875
vt 0.984863281 0.546875
vt 0.984863281 0.546875
vt 0.984863281 0.546875
vt 0.984863281 0.546875
vt 0.984863281 0.546875
vt 0.984863281 0.546875
vt 0.984863281 0.546875
vt 0.984863281 0.546875
vt 0.984863281 0.546875
vt 0.984863281 0.546875
vt 0.984375 0.547851562
vt 0.984375 0.547851562
vt 0.984375 0.547851562
vt 0.984375 0.547851562
vt 0.984375 0.547851562
vt 0.984375 0.547851562
vt 0.984375 0.547851562
vt 0.984375 0.547851562
vt 0.984375 0.547851562
vt 0.984375 0.547851562
vt 0.984375 0.547851562
vt 0.984375 0.547851562
vt 0.984375 0.547851562
vt 0.984375 0.547851562
vt 0.981933594 0.578125
vt 0.981933594 0.578125
vt 0.981933594 0.578125
vt 0.981933594 0.578125
vt 0.080078125 0.420898438
vt 0.080078125 0.420898438
vt 0.080078125 0.420898438
vt 0.080078125 0.420898438
vt 0.981933594 0.578125
vt 0.981933594 0.578125
vt 0.981933594 0.578125
vt 0.981933594 0.578125
vt 0.0775756836 0.420654297
vt 0.0775756836 0.420654297
vt 0.0775756836 0.420654297
vt 0.0775756836 0.420654297
vt 0.0775756836 0.420654297
vt 0.0775756836 0.420654297
vt 0.0775756836 0.420654297
vt 0.0775756836 0.420654297
vt 0.981933594 0.578125
vt 0.981933594 0.578125
vt 0.981933594 0.578125
vt 0.981933594 0.578125
vt 0.0775756836 0.420654297
vt 0.0775756836 0.420654297
vt 0.0775756836 0.420654297
vt 0.0775756836 0.420654297
vt 0.981933594 0.578125
vt 0.981933594 0.578125
vt 0.981933594 0.578125
vt 0.981933594 0.578125
vt 0.981933594 0.578125
vt 0.981933594 0.578125
vt 0.981933594 0.578125
vt 0.981933594 0.578125
vt 0.0775756836 0.420654297
vt 0.0775756836 0.420654297
vt 0.0775756836 0.420654297
vt 0.0775756836 0.420654297
vt 0.0775756836 0.420654297
vt 0.0775756836 0.420654297
vt 0.0775756836 0.420654297
vt 0.0775756836 0.420654297
vt 0.981933594 0.578125
vt 0.981933594 0.578125
vt 0.981933594 0.578125
vt 0.981933594 0.578125
vt 0.193237305 0.884277344
vt 0.193237305 0.884277344
vt 0.193237305 0.884277344
vt 0.193237305 0.884277344
vt 0.20703125 0.669921875
vt 0.20703125 0.669921875
vt 0.20703125 0.669921875
vt 0.20703125 0.669921875
vt 0.20703125 0.669921875
vt 0.20703125 0.669921875
vt 0.20703125 0.669921875
vt 0.20703125 0.669921875
vt 0.193237305 0.884277344
vt 0.193237305 0.884277344
vt 0.193237305 0.884277344
vt 0.193237305 0.884277344
vt 0.19934082 0.897460938
vt 0.19934082 0.897460938
vt 0.19934082 0.897460938
vt 0.19934082 0.897460938
vt 0.19934082 0.897460938
vt 0.19934082 0.897460938
vt 0.19934082 0.897460938
vt 0.19934082 0.897460938
vt 0.20703125 0.669921875
vt 0.20703125 0.669921875
vt 0.20703125 0.669921875
vt 0.20703125 0.669921875
vt 0.193237305 0.884277344
vt 0.193237305 0.884277344
vt 0.193237305 0.884277344
vt 0.193237305 0.884277344
vt 0.20703125 0.669921875
vt 0.20703125 0.669921875
vt 0.20703125 0.669921875
vt 0.20703125 0.669921875
vt 0.198608398 0.672851562
vt 0.198608398 0.672851562
vt 0.198608398 0.672851562
vt 0.198608398 0.672851562
vt 0.198608398 0.672851562
vt 0.198608398 0.672851562
vt 0.198608398 0.672851562
vt 0.198608398 0.672851562
vt 0.198608398 0.672851562
vt 0.198608398 0.672851562
vt 0.198608398 0.672851562
vt 0.198608398 0.672851562
vt 0.20703125 0.669921875
vt 0.20703125 0.669921875
vt 0.20703125 0.669921875
vt 0.20703125 0.669921875
vt 0.19934082 0.897460938
vt 0.19934082 0.897460938
vt 0.19934082 0.897460938
vt 0.19934082 0.897460938
vt 0.982910156 0.552734375
vt 0.982910156 0.552734375
vt 0.982910156 0.552734375
vt 0.982910156 0.552734375
vt 0.201538086 0.677734375
vt 0.201538086 0.677734375
vt 0.201538086 0.677734375
vt 0.201538086 0.677734375
vt 0.201538086 0.677734375
vt 0.201538086 0.677734375
vt 0.204101562 0.678710938
vt 0.204101562 0.678710938
vt 0.201538086 0.677734375
vt 0.204101562 0.678710938
vt 0.204101562 0.678710938
vt 0.201538086 0.677734375
vt 0.981933594 0.546875
vt 0.981933594 0.546875
vt 0.981933594 0.546875
vt 0.981933594 0.546875
vt 0.981933594 0.546875
vt 0.981933594 0.546875
vt 0.981933594 0.546875
vt 0.981933594 0.546875
vt 0.983398438 0.553710938
vt 0.982910156 0.553710938
vt 0.983398438 0.553710938
vt 0.982910156 0.553710938
vt 0.983398438 0.553710938
vt 0.982910156 0.553710938
vt 0.173217773 0.915039062
vt 0.175292969 0.916015625
vt 0.175292969 0.916015625
vt 0.173217773 0.915039062
vt 0.175292969 0.916015625
vt 0.173217773 0.915039062
vt 0.173217773 0.915039062
vt 0.175292969 0.916015625
vt 0.175292969 0.916015625
vt 0.173217773 0.915039062
vt 0.173217773 0.915039062
vt 0.175292969 0.916015625
vt 0.20703125 0.669921875
vt 0.20703125 0.669921875
vt 0.20703125 0.669921875
vt 0.20703125 0.669921875
vt 0.266113281 0.451904297
vt 0.266113281 0.451904297
vt 0.266113281 0.451904297
vt 0.266113281 0.451904297
vt 0.266113281 0.451904297
vt 0.266113281 0.451904297
vt 0.266113281 0.451904297
vt 0.266113281 0.451904297
vt 0.266113281 0.451904297
vt 0.266113281 0.451904297
vt 0.266113281 0.451904297
vt 0.266113281 0.451904297
vt 0.266113281 0.451904297
vt 0.266113281 0.451904297
vt 0.266113281 0.451904297
vt 0.266113281 0.451904297
vt 0.266113281 0.451904297
vt 0.266113281 0.451904297
vt 0.266113281 0.451904297
vt 0.266113281 0.451904297
vt 0.266113281 0.451904297
vt 0.266113281 0.451904297
vt 0.266113281 0.451904297
vt 0.266113281 0.451904297
vt 0.266113281 0.451904297
vt 0.266113281 0.451904297
vt 0.266113281 0.451904297
vt 0.266113281 0.451904297
vt 0.266113281 0.451904297
vt 0.266113281 0.451904297
vt 0.266113281 0.451904297
vt 0.266113281 0.451904297
vt 0.266113281 0.451904297
vt 0.266113281 0.451904297
vt 0.266113281 0.451904297
vt 0.266113281 0.451904297
vt 0.266113281 0.451904297
vt 0.266113281 0.451904297
vt 0.266113281 0.451904297
vt 0.266113281 0.451904297
vt 0.266113281 0.451904297
vt 0.266113281 0.451904297
vt 0.266113281 0.451904297
vt 0.266113281 0.451904297
vt 0.266113281 0.451904297
vt 0.266113281 0.451904297
vt 0.266113281 0.451904297
vt 0.266113281 0.451904297
vt 0.266113281 0.451904297
vt 0.266113281 0.451904297
vt 0.266113281 0.451904297
vt 0.266113281 0.451904297
vt 0.266113281 0.451904297
vt 0.266113281 0.451904297
vt 0.266113281 0.451904297
vt 0.266113281 0.451904297
vt 0.266113281 0.451904297
vt 0.266113281 0.451904297
vt 0.266113281 0.451904297
vt 0.266113281 0.451904297
vt 0.266113281 0.451904297
vt 0.266113281 0.451904297
vt 0.266113281 0.451904297
vt 0.266113281 0.451904297
vt 0.266113281 0.451904297
vt 0.266113281 0.451904297
vt 0.266113281 0.451904297
vt 0.266113281 0.451904297
vt 0.266113281 0.451904297
vt 0.266113281 0.451904297
vt 0.266113281 0.451904297
vt 0.266113281 0.451904297
vt 0.266113281 0.451904297
vt 0.266113281 0.451904297
vt 0.266113281 0.451904297
vt 0.266113281 0.451904297
vt 0.266113281 0.451904297
vt 0.266113281 0.451904297
vt 0.266113281 0.451904297
vt 0.266113281 0.451904297
vt 0.266113281 0.451904297
vt 0.266113281 0.451904297
vt 0.266113281 0.451904297
vt 0.266113281 0.451904297
vt 0.266113281 0.451904297
vt 0.266113281 0.451904297
vt 0.266113281 0.451904297
vt 0.266113281 0.451904297
vt 0.266113281 0.451904297
vt 0.266113281 0.451904297
vt 0.266113281 0.451904297
vt 0.266113281 0.451904297
vt 0.266113281 0.451904297
vt 0.266113281 0.451904297
vt 0.266113281 0.451904297
vt 0.266113281 0.451904297
vt 0.266113281 0.451904297
vt 0.266113281 0.451904297
vt 0.266113281 0.451904297
vt 0.266113281 0.451904297
vt 0.19934082 0.897460938
vt 0.19934082 0.897460938
vt 0.19934082 0.897460938
vt 0.19934082 0.897460938
vt 0.19934082 0.897460938
vt 0.19934082 0.897460938
vt 0.19934082 0.897460938
vt 0.19934082 0.897460938
vt 0.19934082 0.897460938
vt 0.19934082 0.897460938
vt 0.19934082 0.897460938
vt 0.19934082 0.897460938
vt 0.19934082 0.897460938
vt 0.19934082 0.897460938
vt 0.19934082 0.897460938
vt 0.19934082 0.897460938
vt 0.19934082 0.897460938
vt 0.19934082 0.897460938
vt 0.19934082 0.897460938
vt 0.19934082 0.897460938
vt 0.19934082 0.897460938
vt 0.19934082 0.897460938
vt 0.202514648 0.888671875
vt 0.202514648 0.888671875
vt 0.202514648 0.888671875
vt 0.202514648 0.888671875
vt 0.181030273 0.23425293
vt 0.181030273 0.23425293
vt 0.181030273 0.23425293
vt 0.181030273 0.23425293
vt 0.181030273 0.23425293
vt 0.181030273 0.23425293
vt 0.181030273 0.23425293
vt 0.181030273 0.23425293
vt 0.166381836 0.916992188
vt 0.166381836 0.916992188
vt 0.166381836 0.916992188
vt 0.166381836 0.916992188
vt 0.166381836 0.916992188
vt 0.166381836 0.916992188
vt 0.166381836 0.916992188
vt 0.166381836 0.916992188
vt 0.202514648 0.88671875
vt 0.202514648 0.88671875
vt 0.202514648 0.88671875
vt 0.202514648 0.88671875
vt 0.19934082 0.897460938
vt 0.19934082 0.897460938
vt 0.19934082 0.897460938
vt 0.19934082 0.897460938
vt 0.19934082 0.897460938
vt 0.19934082 0.897460938
vt 0.19934082 0.897460938
vt 0.19934082 0.897460938
vt 0.175292969 0.916015625
vt 0.173217773 0.915039062
vt 0.173217773 0.915039062
vt 0.175292969 0.916015625
vt 0.175292969 0.916015625
vt 0.173217773 0.915039062
vt 0.173217773 0.915039062
vt 0.193237305 0.884277344
vt 0.193237305 0.884277344
vt 0.193237305 0.884277344
vt 0.193237305 0.884277344
vt 0.198608398 0.672851562
vt 0.198608398 0.672851562
vt 0.198608398 0.672851562
vt 0.198608398 0.672851562
vt 0.198608398 0.672851562
vt 0.198608398 0.672851562
vt 0.981933594 0.546875
vt 0.981933594 0.546875
vt 0.981933594 0.546875
vt 0.981933594 0.546875
vt 0.19934082 0.897460938
vt 0.19934082 0.897460938
vt 0.19934082 0.897460938
vt 0.19934082 0.897460938
vt 0.202514648 0.888671875
vt 0.202514648 0.888671875
vt 0.202514648 0.888671875
vt 0.202514648 0.888671875
vt 0.181030273 0.23425293
vt 0.181030273 0.23425293
vt 0.181030273 0.23425293
vt 0.181030273 0.23425293
vt 0.181030273 0.23425293
vt 0.181030273 0.23425293
vt 0.181030273 0.23425293
vt 0.181030273 0.23425293
vt 0.20703125 0.669921875
vt 0.20703125 0.669921875
vt 0.20703125 0.669921875
vt 0.20703125 0.669921875
vt 0.19934082 0.897460938
vt 0.19934082 0.897460938
vt 0.19934082 0.897460938
vt 0.19934082 0.897460938
vt 0.19934082 0.897460938
vt 0.19934082 0.897460938
vt 0.19934082 0.897460938
vt 0.19934082 0.897460938
vt 0.19934082 0.897460938
vt 0.19934082 0.897460938
vt 0.19934082 0.897460938
vt 0.19934082 0.897460938
vt 0.202514648 0.888671875
vt 0.202514648 0.888671875
vt 0.202514648 0.888671875
vt 0.202514648 0.888671875
vt 0.181030273 0.23425293
vt 0.181030273 0.23425293
vt 0.181030273 0.23425293
vt 0.181030273 0.23425293
vt 0.181030273 0.23425293
vt 0.181030273 0.23425293
vt 0.181030273 0.23425293
vt 0.181030273 0.23425293
vt 0.181030273 0.23425293
vt 0.166381836 0.916992188
vt 0.166381836 0.916992188
vt 0.166381836 0.916992188
vt 0.166381836 0.916992188
vt 0.202514648 0.88671875
vt 0.202514648 0.88671875
vt 0.202514648 0.88671875
vt 0.202514648 0.88671875
vt 0.19934082 0.897460938
vt 0.19934082 0.897460938
vt 0.19934082 0.897460938
vt 0.19934082 0.897460938
vt 0.19934082 0.897460938
vt 0.19934082 0.897460938
vt 0.19934082 0.897460938
vt 0.19934082 0.897460938
vt 0.19934082 0.897460938
vt 0.19934082 0.897460938
vt 0.19934082 0.897460938
vt 0.19934082 0.897460938
vt 0.19934082 0.897460938
vt 0.19934082 0.897460938
vt 0.19934082 0.897460938
vt 0.19934082 0.897460938
vt 0.193237305 0.884277344
vt 0.193237305 0.884277344
vt 0.193237305 0.884277344
vt 0.193237305 0.884277344
vt 0.20703125 0.669921875
vt 0.20703125 0.669921875
vt 0.20703125 0.669921875
vt 0.20703125 0.669921875
vt 0.20703125 0.669921875
vt 0.20703125 0.669921875
vt 0.20703125 0.669921875
vt 0.20703125 0.669921875
vt 0.982910156 0.553710938
vt 0.982910156 0.553710938
vt 0.983398438 0.553710938
vt 0.983398438 0.553710938
vt 0.166381836 0.916992188
vt 0.166381836 0.916992188
vt 0.166381836 0.916992188
vt 0.166381836 0.916992188
vt 0.19934082 0.897460938
vt 0.19934082 0.897460938
vt 0.19934082 0.897460938
vt 0.19934082 0.897460938
vt 0.19934082 0.897460938
vt 0.19934082 0.897460938
vt 0.19934082 0.897460938
vt 0.19934082 0.897460938
vt 0.202514648 0.888671875
vt 0.202514648 0.888671875
vt 0.202514648 0.888671875
vt 0.202514648 0.888671875
vt 0.166381836 0.916992188
vt 0.166381836 0.916992188
vt 0.166381836 0.916992188
vt 0.166381836 0.916992188
vt 0.169311523 0.891601562
vt 0.169311523 0.891601562
vt 0.169311523 0.891601562
vt 0.169311523 0.891601562
vt 0.981933594 0.578125
vt 0.981933594 0.578125
vt 0.981933594 0.578125
vt 0.981933594 0.578125
vt 0.981933594 0.578125
vt 0.981933594 0.578125
vt 0.981933594 0.578125
vt 0.981933594 0.578125
vt 0.181030273 0.23425293
vt 0.181030273 0.23425293
vt 0.181030273 0.23425293
vt 0.181030273 0.23425293
vt 0.186889648 0.232299805
vt 0.186889648 0.232299805
vt 0.186889648 0.232299805
vt 0.186889648 0.232299805
vt 0.0775756836 0.420654297
vt 0.0775756836 0.420654297
vt 0.0775756836 0.420654297
vt 0.0775756836 0.420654297
vt 0.0775756836 0.420654297
vt 0.0775756836 0.420654297
vt 0.0775756836 0.420654297
vt 0.0775756836 0.420654297
vt 0.981933594 0.578125
vt 0.981933594 0.578125
vt 0.981933594 0.578125
vt 0.981933594 0.578125
vt 0.186889648 0.232299805
vt 0.186889648 0.232299805
vt 0.186889648 0.232299805
vt 0.186889648 0.232299805
vt 0.186889648 0.232299805
vt 0.186889648 0.232299805
vt 0.186889648 0.232299805
vt 0.186889648 0.232299805
vt 0.981933594 0.578125
vt 0.981933594 0.578125
vt 0.981933594 0.578125
vt 0.981933594 0.578125
vt 0.984375 0.547851562
vt 0.984375 0.547851562
vt 0.984375 0.547851562
vt 0.984375 0.547851562
vt 0.984863281 0.546875
vt 0.984863281 0.546875
vt 0.984863281 0.546875
vt 0.984863281 0.546875
vt 0.984863281 0.546875
vt 0.984863281 0.546875
vt 0.984863281 0.546875
vt 0.984863281 0.546875
vt 0.984863281 0.546875
vt 0.984863281 0.546875
vt 0.984863281 0.546875
vt 0.984863281 0.546875
vt 0.984375 0.547851562
vt 0.984375 0.547851562
vt 0.984375 0.547851562
vt 0.984375 0.547851562
vt 0.981933594 0.578125
vt 0.981933594 0.578125
vt 0.981933594 0.578125
vt 0.981933594 0.578125
vt 0.981933594 0.578125
vt 0.981933594 0.578125
vt 0.981933594 0.578125
vt 0.981933594 0.578125
vt 0.0775756836 0.420654297
vt 0.0775756836 0.420654297
vt 0.0775756836 0.420654297
vt 0.0775756836 0.420654297
vt 0.0775756836 0.420654297
vt 0.0775756836 0.420654297
vt 0.0775756836 0.420654297
vt 0.0775756836 0.420654297
vt 0.981933594 0.578125
vt 0.981933594 0.578125
vt 0.981933594 0.578125
vt 0.981933594 0.578125
vt 0.0775756836 0.420654297
vt 0.0775756836 0.420654297
vt 0.0775756836 0.420654297
vt 0.0775756836 0.420654297
vt 0.981933594 0.578125
vt 0.981933594 0.578125
vt 0.981933594 0.578125
vt 0.981933594 0.578125
vt 0.981933594 0.578125
vt 0.981933594 0.578125
vt 0.981933594 0.578125
vt 0.981933594 0.578125
vt 0.0775756836 0.420654297
vt 0.0775756836 0.420654297
vt 0.0775756836 0.420654297
vt 0.0775756836 0.420654297
vt 0.0775756836 0.420654297
vt 0.0775756836 0.420654297
vt 0.0775756836 0.420654297
vt 0.0775756836 0.420654297
vt 0.981933594 0.578125
vt 0.981933594 0.578125
vt 0.981933594 0.578125
vt 0.981933594 0.578125
vt 0.193237305 0.884277344
vt 0.193237305 0.884277344
vt 0.193237305 0.884277344
vt 0.193237305 0.884277344
vt 0.20703125 0.669921875
vt 0.20703125 0.669921875
vt 0.20703125 0.669921875
vt 0.20703125 0.669921875
vt 0.20703125 0.669921875
vt 0.20703125 0.669921875
vt 0.20703125 0.669921875
vt 0.20703125 0.669921875
vt 0.193237305 0.884277344
vt 0.193237305 0.884277344
vt 0.193237305 0.884277344
vt 0.193237305 0.884277344
vt 0.19934082 0.897460938
vt 0.19934082 0.897460938
vt 0.19934082 0.897460938
vt 0.19934082 0.897460938
vt 0.19934082 0.897460938
vt 0.19934082 0.897460938
vt 0.19934082 0.897460938
vt 0.19934082 0.897460938
vt 0.20703125 0.669921875
vt 0.20703125 0.669921875
vt 0.20703125 0.669921875
vt 0.20703125 0.669921875
vt 0.193237305 0.884277344
vt 0.193237305 0.884277344
vt 0.193237305 0.884277344
vt 0.193237305 0.884277344
vt 0.20703125 0.669921875
vt 0.20703125 0.669921875
vt 0.20703125 0.669921875
vt 0.20703125 0.669921875
vt 0.198608398 0.672851562
vt 0.198608398 0.672851562
vt 0.198608398 0.672851562
vt 0.198608398 0.672851562
vt 0.198608398 0.672851562
vt 0.198608398 0.672851562
vt 0.198608398 0.672851562
vt 0.198608398 0.672851562
vt 0.198608398 0.672851562
vt 0.198608398 0.672851562
vt 0.198608398 0.672851562
vt 0.198608398 0.672851562
vt 0.20703125 0.669921875
vt 0.20703125 0.669921875
vt 0.20703125 0.669921875
vt 0.20703125 0.669921875
vt 0.19934082 0.897460938
vt 0.19934082 0.897460938
vt 0.19934082 0.897460938
vt 0.19934082 0.897460938
vt 0.982910156 0.552734375
vt 0.982910156 0.552734375
vt 0.982910156 0.552734375
vt 0.982910156 0.552734375
vt 0.201538086 0.677734375
vt 0.201538086 0.677734375
vt 0.201538086 0.677734375
vt 0.201538086 0.677734375
vt 0.201538086 0.677734375
vt 0.204101562 0.678710938
vt 0.204101562 0.678710938
vt 0.201538086 0.677734375
vt 0.201538086 0.677734375
vt 0.201538086 0.677734375
vt 0.204101562 0.678710938
vt 0.204101562 0.678710938
vt 0.981933594 0.546875
vt 0.981933594 0.546875
vt 0.981933594 0.546875
vt 0.981933594 0.546875
vt 0.981933594 0.546875
vt 0.981933594 0.546875
vt 0.981933594 0.546875
vt 0.981933594 0.546875
vt 0.983398438 0.553710938
vt 0.983398438 0.553710938
vt 0.982910156 0.553710938
vt 0.982910156 0.553710938
vt 0.983398438 0.553710938
vt 0.982910156 0.553710938
vt 0.173217773 0.915039062
vt 0.173217773 0.915039062
vt 0.175292969 0.916015625
vt 0.175292969 0.916015625
vt 0.175292969 0.916015625
vt 0.175292969 0.916015625
vt 0.173217773 0.915039062
vt 0.173217773 0.915039062
vt 0.175292969 0.916015625
vt 0.175292969 0.916015625
vt 0.173217773 0.915039062
vt 0.173217773 0.915039062
vt 0.20703125 0.669921875
vt 0.20703125 0.669921875
vt 0.20703125 0.669921875
vt 0.20703125 0.669921875
vt 0.266113281 0.451904297
vt 0.266113281 0.451904297
vt 0.266113281 0.451904297
vt 0.266113281 0.451904297
vt 0.266113281 0.451904297
vt 0.266113281 0.451904297
vt 0.266113281 0.451904297
vt 0.266113281 0.451904297
vt 0.266113281 0.451904297
vt 0.266113281 0.451904297
vt 0.266113281 0.451904297
vt 0.266113281 0.451904297
vt 0.266113281 0.451904297
vt 0.266113281 0.451904297
vt 0.266113281 0.451904297
vt 0.266113281 0.451904297
vt 0.266113281 0.451904297
vt 0.266113281 0.451904297
vt 0.266113281 0.451904297
vt 0.266113281 0.451904297
vt 0.266113281 0.451904297
vt 0.266113281 0.451904297
vt 0.266113281 0.451904297
vt 0.266113281 0.451904297
vt 0.266113281 0.451904297
vt 0.266113281 0.451904297
vt 0.266113281 0.451904297
vt 0.266113281 0.451904297
vt 0.266113281 0.451904297
vt 0.266113281 0.451904297
vt 0.266113281 0.451904297
vt 0.266113281 0.451904297
vt 0.266113281 0.451904297
vt 0.266113281 0.451904297
vt 0.266113281 0.451904297
vt 0.266113281 0.451904297
vt 0.266113281 0.451904297
vt 0.266113281 0.451904297
vt 0.266113281 0.451904297
vt 0.266113281 0.451904297
vt 0.266113281 0.451904297
vt 0.266113281 0.451904297
vt 0.266113281 0.451904297
vt 0.266113281 0.451904297
vt 0.266113281 0.451904297
vt 0.266113281 0.451904297
vt 0.266113281 0.451904297
vt 0.266113281 0.451904297
vt 0.266113281 0.451904297
vt 0.266113281 0.451904297
vt 0.266113281 0.451904297
vt 0.266113281 0.451904297
vt 0.266113281 0.451904297
vt 0.266113281 0.451904297
vt 0.266113281 0.451904297
vt 0.266113281 0.451904297
vt 0.266113281 0.451904297
vt 0.266113281 0.451904297
vt 0.266113281 0.451904297
vt 0.266113281 0.451904297
vt 0.266113281 0.451904297
vt 0.266113281 0.451904297
vt 0.266113281 0.451904297
vt 0.266113281 0.451904297
vt 0.266113281 0.451904297
vt 0.266113281 0.451904297
vt 0.266113281 0.451904297
vt 0.266113281 0.451904297
vt 0.266113281 0.451904297
vt 0.266113281 0.451904297
vt 0.266113281 0.451904297
vt 0.266113281 0.451904297
vt 0.266113281 0.451904297
vt 0.266113281 0.451904297
vt 0.266113281 0.451904297
vt 0.266113281 0.451904297
vt 0.266113281 0.451904297
vt 0.266113281 0.451904297
vt 0.266113281 0.451904297
vt 0.266113281 0.451904297
vt 0.266113281 0.451904297
vt 0.266113281 0.451904297
vt 0.266113281 0.451904297
vt 0.266113281 0.451904297
vt 0.266113281 0.451904297
vt 0.266113281 0.451904297
vt 0.266113281 0.451904297
vt 0.266113281 0.451904297
vt 0.266113281 0.451904297
vt 0.266113281 0.451904297
vt 0.266113281 0.451904297
vt 0.266113281 0.451904297
vt 0.266113281 0.451904297
vt 0.266113281 0.451904297
vt 0.266113281 0.451904297
vt 0.266113281 0.451904297
vt 0.266113281 0.451904297
vt 0.266113281 0.451904297
vt 0.266113281 0.451904297
vt 0.266113281 0.451904297
vt 0.982421875 0.514648438
vt 0.982421875 0.514648438
vt 0.982421875 0.514648438
vt 0.982421875 0.514648438
vt 0.982421875 0.514648438
vt 0.982421875 0.514648438
vt 0.982421875 0.514648438
vt 0.982421875 0.514648438
vt 0.982421875 0.514648438
vt 0.982421875 0.514648438
vt 0.982421875 0.514648438
vt 0.982421875 0.514648438
vt 0.982421875 0.514648438
vt 0.982421875 0.514648438
vt 0.982421875 0.514648438
vt 0.982421875 0.514648438
vt 0.982421875 0.514648438
vt 0.982421875 0.514648438
vt 0.982421875 0.514648438
vt 0.982421875 0.514648438
vt 0.982421875 0.514648438
vt 0.982421875 0.514648438
vt 0.982421875 0.514648438
vt 0.982421875 0.514648438
vt 0.982421875 0.514648438
vt 0.982421875 0.514648438
vt 0.982421875 0.514648438
vt 0.982421875 0.514648438
vt 0.982421875 0.514648438
vt 0.982421875 0.514648438
vt 0.982421875 0.514648438
vt 0.982421875 0.514648438
vt 0.982421875 0.514648438
vt 0.982421875 0.514648438
vt 0.982421875 0.514648438
vt 0.982421875 0.514648438
vt 0.982421875 0.514648438
vt 0.982421875 0.514648438
vt 0.982421875 0.514648438
vt 0.982421875 0.514648438
vt 0.982421875 0.514648438
vt 0.982421875 0.514648438
vt 0.982421875 0.514648438
vt 0.982421875 0.514648438
vt 0.982421875 0.514648438
vt 0.982421875 0.514648438
vt 0.982421875 0.514648438
vt 0.982421875 0.514648438
vt 0.982421875 0.514648438
vt 0.982421875 0.514648438
vt 0.982421875 0.514648438
vt 0.982421875 0.514648438
vt 0.982421875 0.514648438
vt 0.982421875 0.514648438
vt 0.982421875 0.514648438
vt 0.982421875 0.514648438
vt 0.982421875 0.514648438
vt 0.982421875 0.514648438
vt 0.982421875 0.514648438
vt 0.982421875 0.514648438
vt 0.982421875 0.514648438
vt 0.982421875 0.514648438
vt 0.982421875 0.514648438
vt 0.982421875 0.514648438
vt 0.982421875 0.514648438
vt 0.982421875 0.514648438
vt 0.982421875 0.514648438
vt 0.982421875 0.514648438
vt 0.982421875 0.514648438
vt 0.982421875 0.514648438
vt 0.982421875 0.514648438
vt 0.982421875 0.514648438
vt 0.982421875 0.514648438
vt 0.982421875 0.514648438
vt 0.982421875 0.514648438
vt 0.982421875 0.514648438
vt 0.982421875 0.514648438
vt 0.982421875 0.514648438
vt 0.982421875 0.514648438
vt 0.982421875 0.514648438
vt 0.982421875 0.514648438
vt 0.982421875 0.514648438
vt 0.982421875 0.514648438
vt 0.982421875 0.514648438
vt 0.982421875 0.514648438
vt 0.982421875 0.514648438
vt 0.982421875 0.514648438
vt 0.982421875 0.514648438
vt 0.982421875 0.514648438
vt 0.982421875 0.514648438
vt 0.982421875 0.514648438
vt 0.982421875 0.514648438
vt 0.982421875 0.514648438
vt 0.982421875 0.514648438
vt 0.982421875 0.514648438
vt 0.982421875 0.514648438
vt 0.982421875 0.514648438
vt 0.982421875 0.514648438
vt 0.982421875 0.514648438
vt 0.982421875 0.514648438
vt 0.982421875 0.514648438
vt 0.982421875 0.514648438
vt 0.982421875 0.514648438
vt 0.982421875 0.514648438
vt 0.982421875 0.514648438
vt 0.982421875 0.514648438
vt 0.982421875 0.514648438
vt 0.982421875 0.514648438
vt 0.982421875 0.514648438
vt 0.982421875 0.514648438
vt 0.982421875 0.514648438
vt 0.982421875 0.514648438
vt 0.982421875 0.514648438
vt 0.982421875 0.514648438
vt 0.982421875 0.514648438
vt 0.982421875 0.514648438
vt 0.982421875 0.514648438
vt 0.982421875 0.514648438
vt 0.982421875 0.514648438
vt 0.982421875 0.514648438
vt 0.982421875 0.514648438
vt 0.982421875 0.514648438
vt 0.982421875 0.514648438
vt 0.982421875 0.514648438
vt 0.982421875 0.514648438
vt 0.982421875 0.514648438
vt 0.982421875 0.514648438
vt 0.982421875 0.514648438
vt 0.982421875 0.514648438
vt 0.982421875 0.514648438
vt 0.982421875 0.514648438
vt 0.982421875 0.514648438
vt 0.982421875 0.514648438
vt 0.982421875 0.514648438
vt 0.982421875 0.514648438
vt 0.982421875 0.514648438
vt 0.982421875 0.514648438
vt 0.982421875 0.514648438
vt 0.982421875 0.514648438
vt 0.982421875 0.514648438
vt 0.982421875 0.514648438
vt 0.982421875 0.514648438
vt 0.982421875 0.514648438
vt 0.982421875 0.514648438
vt 0.982421875 0.514648438
vt 0.982421875 0.514648438
vt 0.982421875 0.514648438
vt 0.982421875 0.514648438
vt 0.982421875 0.514648438
vt 0.982421875 0.514648438
vt 0.982421875 0.514648438
vt 0.982421875 0.514648438
vt 0.982421875 0.514648438
vt 0.982421875 0.514648438
vt 0.982421875 0.514648438
vt 0.982421875 0.514648438
vt 0.982421875 0.514648438
vt 0.982421875 0.514648438
vt 0.982421875 0.514648438
vt 0.982421875 0.514648438
vt 0.982421875 0.514648438
vt 0.982421875 0.514648438
vt 0.982421875 0.514648438
vt 0.982421875 0.514648438
vt 0.982421875 0.514648438
vt 0.982421875 0.514648438
vt 0.982421875 0.514648438
vt 0.982421875 0.514648438
vt 0.982421875 0.514648438
vt 0.982421875 0.514648438
vt 0.982421875 0.514648438
vt 0.982421875 0.514648438
vt 0.982421875 0.514648438
vt 0.982421875 0.514648438
vt 0.982421875 0.514648438
vt 0.982421875 0.514648438
vt 0.982421875 0.514648438
vt 0.982421875 0.514648438
vt 0.982421875 0.514648438
vt 0.982421875 0.514648438
vt 0.982421875 0.514648438
vt 0.982421875 0.514648438
vt 0.982421875 0.514648438
vt 0.982421875 0.514648438
vt 0.982421875 0.514648438
vt 0.982421875 0.514648438
vt 0.982421875 0.514648438
vt 0.982421875 0.514648438
vt 0.982421875 0.514648438
vt 0.982421875 0.514648438
vt 0.982421875 0.514648438
vt 0.982421875 0.514648438
vt 0.982421875 0.514648438
vt 0.982421875 0.514648438
vt 0.982421875 0.514648438
vt 0.982421875 0.514648438
vt 0.982421875 0.514648438
vt 0.982421875 0.514648438
vt 0.982421875 0.514648438
vt 0.982421875 0.514648438
vt 0.982421875 0.514648438
vt 0.982421875 0.514648438
vt 0.982421875 0.514648438
vt 0.982421875 0.514648438
vt 0.982421875 0.514648438
vt 0.982421875 0.514648438
vt 0.982421875 0.514648438
vt 0.982421875 0.514648438
vt 0.982421875 0.514648438
vt 0.982421875 0.514648438
vt 0.982421875 0.514648438
vt 0.982421875 0.514648438
vt 0.982421875 0.514648438
vt 0.982421875 0.514648438
vt 0.982421875 0.514648438
vt 0.982421875 0.514648438
vt 0.982421875 0.514648438
vt 0.982421875 0.514648438
vt 0.982421875 0.514648438
vt 0.982421875 0.514648438
vt 0.982421875 0.514648438
vt 0.982421875 0.514648438
vt 0.982421875 0.514648438
vt 0.982421875 0.514648438
vt 0.982421875 0.514648438
vt 0.982421875 0.514648438
vt 0.982421875 0.514648438
vt 0.982421875 0.514648438
vt 0.982421875 0.514648438
vt 0.982421875 0.514648438
vt 0.982421875 0.514648438
vt 0.982421875 0.514648438
vt 0.982421875 0.514648438
vt 0.982421875 0.514648438
vt 0.982421875 0.514648438
vt 0.982421875 0.514648438
vt 0.982421875 0.514648438
vt 0.982421875 0.514648438
vt 0.982421875 0.514648438
vt 0.982421875 0.514648438
vt 0.982421875 0.514648438
vt 0.982421875 0.514648438
vt 0.982421875 0.514648438
vt 0.982421875 0.514648438
vt 0.982421875 0.514648438
vt 0.982421875 0.514648438
vt 0.982421875 0.514648438
vt 0.982421875 0.514648438
vt 0.982421875 0.514648438
vt 0.982421875 0.514648438
vt 0.982421875 0.514648438
vt 0.982421875 0.514648438
vt 0.982421875 0.514648438
vt 0.982421875 0.514648438
vt 0.982421875 0.514648438
vt 0.982421875 0.514648438
vt 0.982421875 0.514648438
vt 0.982421875 0.514648438
vt 0.982421875 0.514648438
vt 0.982421875 0.514648438
vt 0.982421875 0.514648438
vt 0.982421875 0.514648438
vt 0.982421875 0.514648438
vt 0.982421875 0.514648438
vt 0.982421875 0.514648438
vt 0.982421875 0.514648438
vt 0.982421875 0.514648438
vt 0.982421875 0.514648438
vt 0.982421875 0.514648438
vt 0.982421875 0.514648438
vt 0.982421875 0.514648438
vt 0.982421875 0.514648438
vt 0.982421875 0.514648438
vt 0.982421875 0.514648438
vt 0.982421875 0.514648438
vt 0.982421875 0.514648438
vt 0.982421875 0.514648438
vt 0.982421875 0.514648438
vt 0.982421875 0.514648438
vt 0.982421875 0.514648438
vt 0.982421875 0.514648438
vt 0.982421875 0.514648438
vt 0.982421875 0.514648438
vt 0.982421875 0.514648438
vt 0.982421875 0.514648438
vt 0.982421875 0.514648438
vt 0.982421875 0.514648438
vt 0.982421875 0.514648438
vt 0.982421875 0.514648438
vt 0.982421875 0.514648438
vt 0.982421875 0.514648438
vt 0.982421875 0.514648438
vt 0.982421875 0.514648438
vt 0.982421875 0.514648438
vt 0.982421875 0.514648438
vt 0.982421875 0.514648438
vt 0.982421875 0.514648438
vt 0.982421875 0.514648438
vt 0.982421875 0.514648438
vt 0.982421875 0.514648438
vt 0.982421875 0.514648438
vt 0.982421875 0.514648438
vt 0.982421875 0.514648438
vt 0.982421875 0.514648438
vt 0.982421875 0.514648438
vt 0.982421875 0.514648438
vt 0.982421875 0.514648438
vt 0.982421875 0.514648438
vt 0.982421875 0.514648438
vt 0.982421875 0.514648438
vt 0.982421875 0.514648438
vt 0.982421875 0.514648438
vt 0.982421875 0.514648438
vt 0.982421875 0.514648438
vt 0.982421875 0.514648438
vt 0.982421875 0.514648438
vt 0.982421875 0.514648438
vt 0.982421875 0.514648438
vt 0.982421875 0.514648438
vt 0.982421875 0.514648438
vt 0.982421875 0.514648438
vt 0.982421875 0.514648438
vt 0.982421875 0.514648438
vt 0.982421875 0.514648438
vt 0.982421875 0.514648438
vt 0.982421875 0.514648438
vt 0.982421875 0.514648438
vt 0.982421875 0.514648438
vt 0.982421875 0.514648438
vt 0.982421875 0.514648438
vt 0.982421875 0.514648438
vt 0.982421875 0.514648438
vt 0.982421875 0.514648438
vt 0.982421875 0.514648438
vt 0.982421875 0.514648438
vt 0.982421875 0.514648438
vt 0.982421875 0.514648438
vt 0.982421875 0.514648438
vt 0.982421875 0.514648438
vt 0.982421875 0.514648438
vt 0.982421875 0.514648438
vt 0.982421875 0.514648438
vt 0.982421875 0.514648438
vt 0.982421875 0.514648438
vt 0.982421875 0.514648438
vt 0.982421875 0.514648438
vt 0.982421875 0.514648438
vt 0.982421875 0.514648438
vt 0.982421875 0.514648438
vt 0.982421875 0.514648438
vt 0.982421875 0.514648438
vt 0.982421875 0.514648438
vt 0.982421875 0.514648438
vt 0.982421875 0.514648438
vt 0.982421875 0.514648438
vt 0.982421875 0.514648438
vt 0.2265625 0.982421875
vt 0.2265625 0.982421875
vt 0.2265625 0.982421875
vt 0.2265625 0.982421875
vt 0.2265625 0.982421875
vt 0.2265625 0.982421875
vt 0.2265625 0.982421875
vt 0.2265625 0.982421875
vt 0.2265625 0.982421875
vt 0.2265625 0.982421875
vt 0.2265625 0.982421875
vt 0.2265625 0.982421875
vt 0.2265625 0.982421875
vt 0.2265625 0.982421875
vt 0.2265625 0.982421875
vt 0.2265625 0.982421875
vt 0.2265625 0.982421875
vt 0.2265625 0.982421875
vt 0.2265625 0.982421875
vt 0.2265625 0.982421875
vt 0.2265625 0.982421875
vt 0.2265625 0.982421875
vt 0.2265625 0.982421875
vt 0.2265625 0.982421875
vt 0.2265625 0.982421875
vt 0.2265625 0.982421875
vt 0.2265625 0.982421875
vt 0.2265625 0.982421875
vt 0.2265625 0.982421875
vt 0.2265625 0.982421875
vt 0.2265625 0.982421875
vt 0.2265625 0.982421875
vt 0.2265625 0.982421875
vt 0.2265625 0.982421875
vt 0.2265625 0.982421875
vt 0.2265625 0.982421875
vt 0.2265625 0.982421875
vt 0.2265625 0.982421875
vt 0.2265625 0.982421875
vt 0.2265625 0.982421875
vt 0.2265625 0.982421875
vt 0.2265625 0.982421875
vt 0.2265625 0.982421875
vt 0.2265625 0.982421875
vt 0.2265625 0.982421875
vt 0.2265625 0.982421875
vt 0.2265625 0.982421875
vt 0.2265625 0.982421875
vt 0.2265625 0.982421875
vt 0.2265625 0.982421875
vt 0.2265625 0.982421875
vt 0.2265625 0.982421875
vt 0.2265625 0.982421875
vt 0.2265625 0.982421875
vt 0.2265625 0.982421875
vt 0.2265625 0.982421875
vt 0.2265625 0.982421875
vt 0.2265625 0.982421875
vt 0.2265625 0.982421875
vt 0.2265625 0.982421875
vt 0.2265625 0.982421875
vt 0.2265625 0.982421875
vt 0.2265625 0.982421875
vt 0.2265625 0.982421875
vt 0.2265625 0.982421875
vt 0.2265625 0.982421875
vt 0.2265625 0.982421875
vt 0.2265625 0.982421875
vt 0.2265625 0.982421875
vt 0.2265625 0.982421875
vt 0.2265625 0.982421875
vt 0.2265625 0.982421875
vt 0.2265625 0.982421875
vt 0.2265625 0.982421875
vt 0.2265625 0.982421875
vt 0.2265625 0.982421875
vt 0.2265625 0.982421875
vt 0.2265625 0.982421875
vt 0.2265625 0.982421875
vt 0.2265625 0.982421875
vt 0.2265625 0.982421875
vt 0.2265625 0.982421875
vt 0.2265625 0.982421875
vt 0.2265625 0.982421875
vt 0.2265625 0.982421875
vt 0.2265625 0.982421875
vt 0.2265625 0.982421875
vt 0.2265625 0.982421875
vt 0.2265625 0.982421875
vt 0.2265625 0.982421875
vt 0.2265625 0.982421875
vt 0.2265625 0.982421875
vt 0.2265625 0.982421875
vt 0.2265625 0.982421875
vt 0.2265625 0.982421875
vt 0.2265625 0.982421875
vt 0.2265625 0.982421875
vt 0.2265625 0.982421875
vt 0.2265625 0.982421875
vt 0.2265625 0.982421875
vt 0.2265625 0.982421875
vt 0.2265625 0.982421875
vt 0.2265625 0.982421875
vt 0.2265625 0.982421875
vt 0.2265625 0.982421875
vt 0.2265625 0.982421875
vt 0.2265625 0.982421875
vt 0.2265625 0.982421875
vt 0.2265625 0.982421875
vt 0.2265625 0.982421875
vt 0.2265625 0.982421875
vt 0.2265625 0.982421875
vt 0.2265625 0.982421875
vt 0.2265625 0.982421875
vt 0.2265625 0.982421875
vt 0.2265625 0.982421875
vt 0.2265625 0.982421875
vt 0.2265625 0.982421875
vt 0.2265625 0.982421875
vt 0.2265625 0.982421875
vt 0.2265625 0.982421875
vt 0.2265625 0.982421875
vt 0.2265625 0.982421875
vt 0.2265625 0.982421875
vt 0.2265625 0.982421875
vt 0.2265625 0.982421875
vt 0.2265625 0.982421875
vt 0.2265625 0.982421875
vt 0.2265625 0.982421875
vt 0.2265625 0.982421875
vt 0.2265625 0.982421875
vt 0.2265625 0.982421875
vt 0.2265625 0.982421875
vt 0.2265625 0.982421875
vt 0.2265625 0.982421875
vt 0.2265625 0.982421875
vt 0.2265625 0.982421875
vt 0.2265625 0.982421875
vt 0.2265625 0.982421875
vt 0.2265625 0.982421875
vt 0.2265625 0.982421875
vt 0.2265625 0.982421875
vt 0.2265625 0.982421875
vt 0.2265625 0.982421875
vt 0.2265625 0.982421875
vt 0.2265625 0.982421875
vt 0.2265625 0.982421875
vt 0.2265625 0.982421875
vt 0.2265625 0.982421875
vt 0.2265625 0.982421875
vt 0.2265625 0.982421875
vt 0.2265625 0.982421875
vt 0.2265625 0.982421875
vt 0.2265625 0.982421875
vt 0.2265625 0.982421875
vt 0.2265625 0.982421875
vt 0.2265625 0.982421875
vt 0.2265625 0.982421875
vt 0.2265625 0.982421875
vt 0.2265625 0.982421875
vt 0.2265625 0.982421875
vt 0.2265625 0.982421875
vt 0.2265625 0.982421875
vt 0.2265625 0.982421875
vt 0.2265625 0.982421875
vt 0.2265625 0.982421875
vt 0.2265625 0.982421875
vt 0.2265625 0.982421875
vt 0.2265625 0.982421875
vt 0.2265625 0.982421875
vt 0.2265625 0.982421875
vt 0.2265625 0.982421875
vt 0.2265625 0.982421875
vt 0.2265625 0.982421875
vt 0.2265625 0.982421875
vt 0.2265625 0.982421875
vt 0.2265625 0.982421875
vt 0.2265625 0.982421875
vt 0.2265625 0.982421875
vt 0.2265625 0.982421875
vt 0.2265625 0.982421875
vt 0.2265625 0.982421875
vt 0.2265625 0.982421875
vt 0.2265625 0.982421875
vt 0.2265625 0.982421875
vt 0.2265625 0.982421875
vt 0.2265625 0.982421875
vt 0.2265625 0.982421875
vt 0.2265625 0.982421875
vt 0.2265625 0.982421875
vt 0.2265625 0.982421875
vt 0.2265625 0.982421875
vt 0.2265625 0.982421875
vt 0.2265625 0.982421875
vt 0.2265625 0.982421875
vt 0.2265625 0.982421875
vt 0.2265625 0.982421875
vt 0.2265625 0.982421875
vt 0.2265625 0.982421875
vt 0.2265625 0.982421875
vt 0.2265625 0.982421875
vt 0.2265625 0.982421875
vt 0.2265625 0.982421875
vt 0.2265625 0.982421875
vt 0.2265625 0.982421875
vt 0.2265625 0.982421875
vt 0.2265625 0.982421875
vt 0.2265625 0.982421875
vt 0.2265625 0.982421875
vt 0.2265625 0.982421875
vt 0.2265625 0.982421875
vt 0.2265625 0.982421875
vt 0.2265625 0.982421875
vt 0.2265625 0.982421875
vt 0.2265625 0.982421875
vt 0.2265625 0.982421875
vt 0.2265625 0.982421875
vt 0.2265625 0.982421875
vt 0.2265625 0.982421875
vt 0.2265625 0.982421875
vt 0.2265625 0.982421875
vt 0.2265625 0.982421875
vt 0.2265625 0.982421875
vt 0.2265625 0.982421875
vt 0.2265625 0.982421875
vt 0.2265625 0.982421875
vt 0.2265625 0.982421875
vt 0.2265625 0.982421875
vt 0.2265625 0.982421875
vt 0.2265625 0.982421875
vt 0.2265625 0.982421875
vt 0.2265625 0.982421875
vt 0.2265625 0.982421875
vt 0.2265625 0.982421875
vt 0.2265625 0.982421875
vt 0.2265625 0.982421875
vt 0.2265625 0.982421875
vt 0.2265625 0.982421875
vt 0.2265625 0.982421875
vt 0.2265625 0.982421875
vt 0.2265625 0.982421875
vt 0.2265625 0.982421875
vt 0.2265625 0.982421875
vt 0.2265625 0.982421875
vt 0.2265625 0.982421875
vt 0.2265625 0.982421875
vt 0.2265625 0.982421875
vt 0.2265625 0.982421875
vt 0.2265625 0.982421875
vt 0.2265625 0.982421875
vt 0.2265625 0.982421875
vt 0.2265625 0.982421875
vt 0.2265625 0.982421875
vt 0.2265625 0.982421875
vt 0.2265625 0.982421875
vt 0.2265625 0.982421875
vt 0.2265625 0.982421875
vt 0.2265625 0.982421875
vt 0.2265625 0.982421875
vt 0.2265625 0.982421875
vt 0.2265625 0.982421875
vt 0.2265625 0.982421875
vt 0.2265625 0.982421875
vt 0.2265625 0.982421875
vt 0.2265625 0.982421875
vt 0.2265625 0.982421875
vt 0.2265625 0.982421875
vt 0.2265625 0.982421875
vt 0.2265625 0.982421875
vt 0.2265625 0.982421875
vt 0.2265625 0.982421875
vt 0.2265625 0.982421875
vt 0.2265625 0.982421875
vt 0.2265625 0.982421875
vt 0.2265625 0.982421875
vt 0.2265625 0.982421875
vt 0.2265625 0.982421875
vt 0.2265625 0.982421875
vt 0.2265625 0.982421875
vt 0.2265625 0.982421875
vt 0.2265625 0.982421875
vt 0.2265625 0.982421875
vt 0.2265625 0.982421875
vt 0.2265625 0.982421875
vt 0.2265625 0.982421875
vt 0.2265625 0.982421875
vt 0.2265625 0.982421875
vt 0.2265625 0.982421875
vt 0.2265625 0.982421875
vt 0.2265625 0.982421875
vt 0.2265625 0.982421875
vt 0.2265625 0.982421875
vt 0.2265625 0.982421875
vt 0.2265625 0.982421875
vt 0.2265625 0.982421875
vt 0.2265625 0.982421875
vt 0.2265625 0.982421875
vt 0.2265625 0.982421875
vt 0.2265625 0.982421875
vt 0.2265625 0.982421875
vt 0.2265625 0.982421875
vt 0.2265625 0.982421875
vt 0.2265625 0.982421875
vt 0.2265625 0.982421875
vt 0.2265625 0.982421875
vt 0.2265625 0.982421875
vt 0.2265625 0.982421875
vt 0.2265625 0.982421875
vt 0.2265625 0.982421875
vt 0.2265625 0.982421875
vt 0.2265625 0.982421875
vt 0.2265625 0.982421875
vt 0.2265625 0.982421875
vt 0.2265625 0.982421875
vt 0.2265625 0.982421875
vt 0.2265625 0.982421875
vt 0.2265625 0.982421875
vt 0.2265625 0.982421875
vt 0.2265625 0.982421875
vt 0.2265625 0.982421875
vt 0.2265625 0.982421875
vt 0.2265625 0.982421875
vt 0.2265625 0.982421875
vt 0.2265625 0.982421875
vt 0.2265625 0.982421875
vt 0.2265625 0.982421875
vt 0.2265625 0.982421875
vt 0.2265625 0.982421875
vt 0.2265625 0.982421875
vt 0.2265625 0.982421875
vt 0.2265625 0.982421875
vt 0.2265625 0.982421875
vt 0.2265625 0.982421875
vt 0.2265625 0.982421875
vt 0.2265625 0.982421875
vt 0.2265625 0.982421875
vt 0.2265625 0.982421875
vt 0.2265625 0.982421875
vt 0.2265625 0.982421875
vt 0.2265625 0.982421875
vt 0.2265625 0.982421875
vt 0.2265625 0.982421875
vt 0.2265625 0.982421875
vt 0.2265625 0.982421875
vt 0.2265625 0.982421875
vt 0.2265625 0.982421875
vt 0.2265625 0.982421875
vt 0.2265625 0.982421875
vt 0.2265625 0.982421875
vt 0.2265625 0.982421875
vt 0.2265625 0.982421875
vt 0.2265625 0.982421875
vt 0.2265625 0.982421875
vt 0.2265625 0.982421875
vt 0.2265625 0.982421875
vt 0.2265625 0.982421875
vt 0.2265625 0.982421875
vt 0.2265625 0.982421875
vt 0.2265625 0.982421875
vt 0.2265625 0.982421875
vt 0.2265625 0.982421875
vt 0.2265625 0.982421875
vt 0.2265625 0.982421875
vt 0.2265625 0.982421875
vt 0.2265625 0.982421875
vt 0.2265625 0.982421875
vt 0.2265625 0.982421875
vt 0.2265625 0.982421875
vt 0.2265625 0.982421875
vt 0.2265625 0.982421875
vt 0.2265625 0.982421875
vt 0.2265625 0.982421875
vt 0.2265625 0.982421875
vt 0.2265625 0.982421875
vt 0.2265625 0.982421875
vt 0.2265625 0.982421875
vt 0.2265625 0.982421875
vt 0.2265625 0.982421875
vt 0.2265625 0.982421875
vt 0.2265625 0.982421875
vt 0.2265625 0.982421875
vt 0.2265625 0.982421875
vt 0.2265625 0.982421875
vt 0.2265625 0.982421875
vt 0.2265625 0.982421875
vt 0.2265625 0.982421875
vt 0.2265625 0.982421875
vt 0.2265625 0.982421875
vt 0.2265625 0.982421875
vt 0.2265625 0.982421875
vt 0.2265625 0.982421875
vt 0.2265625 0.982421875
vt 0.2265625 0.982421875
vt 0.2265625 0.982421875
vt 0.2265625 0.982421875
vt 0.2265625 0.982421875
vt 0.2265625 0.982421875
vt 0.2265625 0.982421875
vt 0.2265625 0.982421875
vt 0.2265625 0.982421875
vt 0.2265625 0.982421875
vt 0.2265625 0.982421875
vt 0.2265625 0.982421875
vt 0.2265625 0.982421875
vt 0.2265625 0.982421875
vt 0.2265625 0.982421875
vt 0.2265625 0.982421875
vt 0.2265625 0.982421875
vt 0.2265625 0.982421875
vt 0.2265625 0.982421875
vt 0.2265625 0.982421875
vt 0.2265625 0.982421875
vt 0.2265625 0.982421875
vt 0.2265625 0.982421875
vt 0.2265625 0.982421875
vt 0.2265625 0.982421875
vt 0.2265625 0.982421875
vt 0.2265625 0.982421875
vt 0.2265625 0.982421875
vt 0.2265625 0.982421875
vt 0.2265625 0.982421875
vt 0.2265625 0.982421875
vt 0.2265625 0.982421875
vt 0.2265625 0.982421875
vt 0.2265625 0.982421875
vt 0.2265625 0.982421875
vt 0.2265625 0.982421875
vt 0.2265625 0.982421875
vt 0.2265625 0.982421875
vt 0.2265625 0.982421875
vt 0.2265625 0.982421875
vt 0.2265625 0.982421875
vt 0.2265625 0.982421875
vt 0.2265625 0.982421875
vt 0.2265625 0.982421875
vt 0.2265625 0.982421875
vt 0.2265625 0.982421875
vt 0.2265625 0.982421875
vt 0.2265625 0.982421875
vt 0.2265625 0.982421875
vt 0.2265625 0.982421875
vt 0.2265625 0.982421875
vt 0.2265625 0.982421875
vt 0.2265625 0.982421875
vt 0.2265625 0.982421875
vt 0.2265625 0.982421875
vt 0.2265625 0.982421875
vt 0.2265625 0.982421875
vt 0.2265625 0.982421875
vt 0.2265625 0.982421875
vt 0.2265625 0.982421875
vt 0.2265625 0.982421875
vt 0.2265625 0.982421875
vt 0.2265625 0.982421875
vt 0.2265625 0.982421875
vt 0.2265625 0.982421875
vt 0.2265625 0.982421875
vt 0.2265625 0.982421875
vt 0.2265625 0.982421875
vt 0.2265625 0.982421875
vt 0.2265625 0.982421875
vt 0.2265625 0.982421875
vt 0.2265625 0.982421875
vt 0.2265625 0.982421875
vt 0.2265625 0.982421875
vt 0.2265625 0.982421875
vt 0.2265625 0.982421875
vt 0.2265625 0.982421875
vt 0.2265625 0.982421875
vt 0.2265625 0.982421875
vt 0.2265625 0.982421875
vt 0.2265625 0.982421875
vt 0.2265625 0.982421875
vt 0.2265625 0.982421875
vt 0.2265625 0.982421875
vt 0.2265625 0.982421875
vt 0.2265625 0.982421875
vt 0.2265625 0.982421875
vt 0.2265625 0.982421875
vt 0.2265625 0.982421875
vt 0.2265625 0.982421875
vt 0.2265625 0.982421875
vt 0.2265625 0.982421875
vt 0.2265625 0.982421875
vt 0.2265625 0.982421875
vt 0.2265625 0.982421875
vt 0.2265625 0.982421875
vt 0.2265625 0.982421875
vt 0.2265625 0.982421875
vt 0.2265625 0.982421875
vt 0.2265625 0.982421875
vt 0.2265625 0.982421875
vt 0.2265625 0.982421875
vt 0.2265625 0.982421875
vt 0.2265625 0.982421875
vt 0.2265625 0.982421875
vt 0.2265625 0.982421875
vt 0.2265625 0.982421875
vt 0.2265625 0.982421875
vt 0.2265625 0.982421875
vt 0.2265625 0.982421875
vt 0.2265625 0.982421875
vt 0.2265625 0.982421875
vt 0.2265625 0.982421875
vn 0.186060667 -0.89406395 0.407469153
vn 0.198173299 -0.897033811 0.395041406
vn 0.198173299 -0.897033811 0.395041406
vn 0.0350301377 -0.928650618 0.369297802
vn 0.028573269 -0.926533878 0.375124753
vn 0.028573269 -0.926533878 0.375124753
vn 0.164888903 -0.938400626 -0.303670943
vn 0.164888903 -0.938400626 -0.303670943
vn 0.164888903 -0.938400626 -0.303670943
vn 0.404575378 -0.680480361 0.610954404
vn 0.404575378 -0.680480361 0.610954404
vn 0.404575378 -0.680480361 0.610954404
vn -0.13707608 0.080255419 -0.987304032
vn -0.13707608 0.080255419 -0.987304032
vn -0.13707608 0.080255419 -0.987304032
vn 0.361407846 -0.788158059 0.498188019
vn 0.361407846 -0.788158059 0.498188019
vn 0.361407846 -0.788158059 0.498188019
vn 0.359292239 -0.93004328 0.0769973025
vn 0.359292239 -0.93004328 0.0769973025
vn 0.359292239 -0.93004328 0.0769973025
vn 0.154955104 -0.883157492 -0.44274351
vn 0.154955104 -0.883157492 -0.44274351
vn 0.154955104 -0.883157492 -0.44274351
vn 0.417349905 -0.889948368 0.183877394
vn 0.417349905 -0.889948368 0.183877394
vn 0.417349905 -0.889948368 0.183877394
vn 0.0768296123 -0.874965668 0.478050649
vn 0.0768296123 -0.874965668 0.478050649
vn 0.0768296123 -0.874965668 0.478050649
vn 0.45155707 -0.82466656 -0.340618998
vn 0.45155707 -0.82466656 -0.340618998
vn 0.45155707 -0.82466656 -0.340618998
vn 0.420170307 -0.838719666 0.346419364
vn 0.420170307 -0.838719666 0.346419364
vn 0.420170307 -0.838719666 0.346419364
vn -0.147131801 -0.979761839 0.135717019
vn -0.147131801 -0.979761839 0.135717019
vn -0.147131801 -0.979761839 0.135717019
vn 0.0240375418 -0.994213641 0.104697026
vn 0.019192066 -0.9962883 0.0839130655
vn 0.019192066 -0.9962883 0.0839130655
vn -0.191092804 -0.970664203 -0.145927131
vn -0.191092804 -0.970664203 -0.145927131
vn -0.191092804 -0.970664203 -0.145927131
vn 0.252056479 -0.784978032 0.565930188
vn 0.252056479 -0.784978032 0.565930188
vn 0.252056479 -0.784978032 0.565930188
vn 0.189511672 -0.844085157 -0.501602948
vn 0.189511672 -0.844085157 -0.501602948
vn 0.189511672 -0.844085157 -0.501602948
vn 0.573365629 -0.72866261 0.374570072
vn 0.573365629 -0.72866261 0.374570072
vn 0.573365629 -0.72866261 0.374570072
vn 0.561704576 -0.780649424 -0.273997217
vn 0.561704576 -0.780649424 -0.273997217
vn 0.561704576 -0.780649424 -0.273997217
vn 0.652332425 -0.575148821 -0.493625641
vn 0.652332425 -0.575148821 -0.493625641
vn 0.652332425 -0.575148821 -0.493625641
vn 0.833273947 -0.297789544 -0.465806752
vn 0.833273947 -0.297789544 -0.465806752
vn 0.833273947 -0.297789544 -0.465806752
vn -0.144000739 -0.682027936 -0.717008948
vn -0.144000739 -0.682027936 -0.717008948
vn -0.144000739 -0.682027936 -0.717008948
vn 0.864965379 -0.199189678 0.460606605
vn 0.864965379 -0.199189678 0.460606605
vn 0.864965379 -0.199189678 0.460606605
vn 0.586263537 -0.802525163 0.110672593
vn 0.586263537 -0.802525163 0.110672593
vn 0.586263537 -0.802525163 0.110672593
vn -0.562842727 -0.801352084 -0.20259054
vn -0.562842727 -0.801352084 -0.20259054
vn -0.562842727 -0.801352084 -0.20259054
vn 0.7667768 -0.322943836 0.554761767
vn 0.7667768 -0.322943836 0.554761767
vn 0.7667768 -0.322943836 0.554761767
vn -0.199607953 -0.952484131 0.230066717
vn -0.199607953 -0.952484131 0.230066717
vn -0.199607953 -0.952484131 0.230066717
vn -0.509968162 -0.828307569 -0.232032463
vn -0.509968162 -0.828307569 -0.232032463
vn -0.509968162 -0.828307569 -0.232032463
vn -0.0272324961 -0.258795023 0.965548277
vn -0.0272324961 -0.258795023 0.965548277
vn -0.0272324961 -0.258795023 0.965548277
vn -0.421697348 -0.561970174 0.71159029
vn -0.421697348 -0.561970174 0.71159029
vn -0.421697348 -0.561970174 0.71159029
vn -0.518800974 -0.549657524 0.654768705
vn -0.518800974 -0.549657524 0.654768705
vn -0.518800974 -0.549657524 0.654768705
vn -0.134066805 -0.990935624 0.00852267444
vn -0.134066805 -0.990935624 0.00852267444
vn -0.134066805 -0.990935624 0.00852267444
vn 0.091626063 -0.991654992 -0.0906919092
vn 0.091626063 -0.991654992 -0.0906919092
vn 0.091626063 -0.991654992 -0.0906919092
vn -0.174248323 -0.983699083 -0.0444262773
vn -0.174248323 -0.983699083 -0.0444262773
vn -0.174248323 -0.983699083 -0.0444262773
vn 0.198173299 -0.897033811 0.395041406
vn 0.210224479 -0.899725616 0.382491171
vn 0.198173299 -0.897033811 0.395041406
vn 0.028573269 -0.926533878 0.375124753
vn 0.0221141055 -0.924342811 0.380921632
vn 0.028573269 -0.926533878 0.375124753
vn -0.315210849 -0.845498621 0.431015313
vn -0.315210849 -0.845498621 0.431015313
vn -0.315210849 -0.845498621 0.431015313
vn -0.331569254 -0.913717747 -0.234907672
vn -0.331569254 -0.913717747 -0.234907672
vn -0.331569254 -0.913717747 -0.234907672
vn 0.186060667 0.89406395 0.407469153
vn 0.198173299 0.897033811 0.395041406
vn 0.198173299 0.897033811 0.395041406
vn 0.0350301377 0.928650618 0.369297802
vn 0.028573269 0.926533878 0.375124753
vn 0.028573269 0.926533878 0.375124753
vn 0.164888903 0.938400626 -0.303670943
vn 0.164888903 0.938400626 -0.303670943
vn 0.164888903 0.938400626 -0.303670943
vn 0.404575378 0.680480361 0.610954404
vn 0.404575378 0.680480361 0.610954404
vn 0.404575378 0.680480361 0.610954404
vn -0.13707608 -0.080255419 -0.987304032
vn -0.13707608 -0.080255419 -0.987304032
vn -0.13707608 -0.080255419 -0.987304032
vn 0.361407846 0.788158059 0.498188019
vn 0.361407846 0.788158059 0.498188019
vn 0.361407846 0.788158059 0.498188019
vn 0.359292209 0.93004328 0.0769974068
vn 0.359292209 0.93004328 0.0769974068
vn 0.359292209 0.93004328 0.0769974068
vn 0.154955044 0.883157432 -0.44274354
vn 0.154955044 0.883157432 -0.44274354
vn 0.154955044 0.883157432 -0.44274354
vn 0.417349905 0.889948368 0.183877379
vn 0.417349905 0.889948368 0.183877379
vn 0.417349905 0.889948368 0.183877379
vn 0.0768296123 0.874965668 0.478050649
vn 0.0768296123 0.874965668 0.478050649
vn 0.0768296123 0.874965668 0.478050649
vn 0.45155707 0.82466656 -0.340618998
vn 0.45155707 0.82466656 -0.340618998
vn 0.45155707 0.82466656 -0.340618998
vn 0.420170307 0.838719666 0.346419364
vn 0.420170307 0.838719666 0.346419364
vn 0.420170307 0.838719666 0.346419364
vn -0.147131801 0.979761839 0.135717019
vn -0.147131801 0.979761839 0.135717019
vn -0.147131801 0.979761839 0.135717019
vn 0.0240375418 0.994213641 0.104697034
vn 0.019192066 0.9962883 0.0839130655
vn 0.019192066 0.9962883 0.0839130655
vn -0.191092804 0.970664203 -0.145927131
vn -0.191092804 0.970664203 -0.145927131
vn -0.191092804 0.970664203 -0.145927131
vn 0.25205645 0.784978032 0.565930188
vn 0.25205645 0.784978032 0.565930188
vn 0.25205645 0.784978032 0.565930188
vn 0.189511701 0.844085157 -0.501602888
vn 0.189511701 0.844085157 -0.501602888
vn 0.189511701 0.844085157 -0.501602888
vn 0.573365629 0.72866261 0.374570072
vn 0.573365629 0.72866261 0.374570072
vn 0.573365629 0.72866261 0.374570072
vn 0.561704576 0.780649424 -0.273997307
vn 0.561704576 0.780649424 -0.273997307
vn 0.561704576 0.780649424 -0.273997307
vn 0.652332425 0.575148821 -0.493625641
vn 0.652332425 0.575148821 -0.493625641
vn 0.652332425 0.575148821 -0.493625641
vn 0.833273947 0.297789544 -0.465806752
vn 0.833273947 0.297789544 -0.465806752
vn 0.833273947 0.297789544 -0.465806752
vn -0.144000739 0.682027936 -0.717008948
vn -0.144000739 0.682027936 -0.717008948
vn -0.144000739 0.682027936 -0.717008948
vn 0.864965379 0.199189678 0.460606605
vn 0.864965379 0.199189678 0.460606605
vn 0.864965379 0.199189678 0.460606605
vn 0.586263537 0.802525163 0.110672593
vn 0.586263537 0.802525163 0.110672593
vn 0.586263537 0.802525163 0.110672593
vn -0.562842727 0.801352084 -0.20259054
vn -0.562842727 0.801352084 -0.20259054
vn -0.562842727 0.801352084 -0.20259054
vn 0.7667768 0.322943836 0.554761767
vn 0.7667768 0.322943836 0.554761767
vn 0.7667768 0.322943836 0.554761767
vn -0.199607953 0.952484131 0.230066717
vn -0.199607953 0.952484131 0.230066717
vn -0.199607953 0.952484131 0.230066717
vn -0.509968162 0.828307569 -0.232032493
vn -0.509968162 0.828307569 -0.232032493
vn -0.509968162 0.828307569 -0.232032493
vn -0.0272324961 0.258795023 0.965548277
vn -0.0272324961 0.258795023 0.965548277
vn -0.0272324961 0.258795023 0.965548277
vn -0.421697348 0.561970174 0.71159029
vn -0.421697348 0.561970174 0.71159029
vn -0.421697348 0.561970174 0.71159029
vn -0.518800974 0.549657524 0.654768705
vn -0.518800974 0.549657524 0.654768705
vn -0.518800974 0.549657524 0.654768705
vn -0.134066805 0.990935624 0.00852267444
vn -0.134066805 0.990935624 0.00852267444
vn -0.134066805 0.990935624 0.00852267444
vn 0.091626063 0.991654992 -0.0906919166
vn 0.091626063 0.991654992 -0.0906919166
vn 0.091626063 0.991654992 -0.0906919166
vn -0.174248323 0.983699083 -0.0444262773
vn -0.174248323 0.983699083 -0.0444262773
vn -0.174248323 0.983699083 -0.0444262773
vn 0.198173299 0.897033811 0.395041406
vn 0.198173299 0.897033811 0.395041406
vn 0.210224479 0.899725616 0.382491171
vn 0.028573269 0.926533878 0.375124753
vn 0.028573269 0.926533878 0.375124753
vn 0.0221141055 0.924342811 0.380921632
vn -0.315210849 0.845498621 0.431015313
vn -0.315210849 0.845498621 0.431015313
vn -0.315210849 0.845498621 0.431015313
vn -0.331569254 0.913717747 -0.234907672
vn -0.331569254 0.913717747 -0.234907672
vn -0.331569254 0.913717747 -0.234907672
vn -0.484418213 0.518080831 -0.704933465
vn -0.484418213 0.518080831 -0.704933465
vn -0.484418213 0.518080831 -0.704933465
vn -0.171680614 -0.720157266 -0.672234535
vn -0.171680614 -0.720157266 -0.672234535
vn -0.171680614 -0.720157266 -0.672234535
vn -0.31975618 0.709198654 -0.628325701
vn -0.31975618 0.709198654 -0.628325701
vn -0.31975618 0.709198654 -0.628325701
vn 0.573975146 -0.553264499 -0.603697777
vn 0.573975146 -0.553264499 -0.603697777
vn 0.573975146 -0.553264499 -0.603697777
vn 0.500507653 -0.46480155 -0.730377734
vn 0.500507653 -0.46480155 -0.730377734
vn 0.500507653 -0.46480155 -0.730377734
vn -0.830526412 0.282719314 -0.47989136
vn -0.830526412 0.282719314 -0.47989136
vn -0.830526412 0.282719314 -0.47989136
vn -0.103591971 -0.50562799 -0.856509805
vn -0.103591971 -0.50562799 -0.856509805
vn -0.103591971 -0.50562799 -0.856509805
vn -0.358346075 -0.119609229 -0.925895154
vn -0.358346075 -0.119609229 -0.925895154
vn -0.358346075 -0.119609229 -0.925895154
vn -0.129001334 -0.423239708 -0.896786988
vn -0.129001334 -0.423239708 -0.896786988
vn -0.129001334 -0.423239708 -0.896786988
vn 0.365434647 0.289751947 -0.884591043
vn 0.365434647 0.289751947 -0.884591043
vn 0.365434647 0.289751947 -0.884591043
vn -0.226087227 -0.0245601498 -0.973797381
vn -0.226087227 -0.0245601498 -0.973797381
vn -0.226087227 -0.0245601498 -0.973797381
vn 0.903849483 -0.165446639 -0.394567519
vn 0.903849483 -0.165446639 -0.394567519
vn 0.903849483 -0.165446639 -0.394567519
vn -0.416259468 0.0185349695 -0.909057021
vn -0.416259468 0.0185349695 -0.909057021
vn -0.416259468 0.0185349695 -0.909057021
vn -0.416259468 0.0185349695 -0.909057021
vn -0.416259497 -0.0185350161 -0.909056902
vn -0.416259497 -0.0185350161 -0.909056902
vn -0.416259497 -0.0185350161 -0.909056902
vn -0.112838283 -0.942389786 0.314911336
vn -0.112838283 -0.942389786 0.314911336
vn -0.112838283 -0.942389786 0.314911336
vn -0.112838283 -0.942389786 0.314911336
vn -0.098070614 -0.966866136 0.235694557
vn -0.098070614 -0.966866136 0.235694557
vn -0.098070614 -0.966866136 0.235694557
vn -0.098070614 -0.966866136 0.235694557
vn -0.326007903 -0.897705674 0.296383709
vn -0.326007903 -0.897705674 0.296383709
vn -0.326007903 -0.897705674 0.296383709
vn -0.326007903 -0.897705674 0.296383709
vn -0.187971547 -0.9519701 -0.241701737
vn -0.191891074 -0.954647839 -0.227651864
vn -0.191891074 -0.954647839 -0.227651864
vn -0.187971547 -0.9519701 -0.241701737
vn -0.184010625 -0.949082911 -0.255698383
vn -0.184010625 -0.949082911 -0.255698383
vn -0.116747551 -0.953274846 -0.27863431
vn -0.116747551 -0.953274846 -0.27863431
vn -0.116747551 -0.953274846 -0.27863431
vn -0.116747551 -0.953274846 -0.27863431
vn -0.00700456416 -0.968434632 -0.249169275
vn -0.00700456416 -0.968434632 -0.249169275
vn -0.00700456416 -0.968434632 -0.249169275
vn -0.00700456416 -0.968434632 -0.249169275
vn 0.120245725 -0.94633013 -0.300000489
vn 0.120245725 -0.94633013 -0.300000489
vn 0.120245725 -0.94633013 -0.300000489
vn 0.120245725 -0.94633013 -0.300000489
vn 0.229844615 -0.902488708 -0.364260405
vn 0.229844615 -0.902488708 -0.364260405
vn 0.229844615 -0.902488708 -0.364260405
vn 0.229844615 -0.902488708 -0.364260405
vn 0.263216376 -0.863375664 0.430464447
vn 0.263216376 -0.863375664 0.430464447
vn 0.263216376 -0.863375664 0.430464447
vn 0.263216376 -0.863375664 0.430464447
vn 0.568677723 -0.243596554 0.785663009
vn 0.568677723 -0.243596554 0.785663009
vn 0.568677723 -0.243596554 0.785663009
vn 0.568677723 -0.243596554 0.785663009
vn 0.369972348 -0.268075407 0.889525771
vn 0.369972348 -0.268075407 0.889525771
vn 0.369972348 -0.268075407 0.889525771
vn 0.369972348 -0.268075407 0.889525771
vn 0.0719198734 -0.275183409 0.958697855
vn 0.0719198734 -0.275183409 0.958697855
vn 0.0719198734 -0.275183409 0.958697855
vn 0.0719198734 -0.275183409 0.958697855
vn -0.0939089879 -0.277872562 0.956016719
vn -0.0939089879 -0.277872562 0.956016719
vn -0.0939089879 -0.277872562 0.956016719
vn -0.0939089879 -0.277872562 0.956016719
vn -0.109200567 -0.994019747 0
vn -0.117466167 -0.993076921 0
vn -0.117466167 -0.993076921 0
vn -0.0863206759 -0.995947301 -0.0252523255
vn -0.0666045994 -0.995494962 -0.0674800575
vn -0.0666045994 -0.995494962 -0.0674800575
vn -0.0633412451 -0.996714711 -0.0504741259
vn -0.106118865 -0.994353414 0
vn -0.117466167 -0.993076921 0
vn -0.117466167 -0.993076921 0
vn -0.106118865 -0.994353414 0
vn -0.0936468914 -0.993945301 -0.0574720465
vn -0.0936468914 -0.993945301 -0.0574720465
vn -0.0799841434 -0.995558083 -0.0496650338
vn -0.0799841434 -0.995558083 -0.0496650338
vn -0.0663013756 -0.996921718 -0.0418455824
vn -0.0663013756 -0.996921718 -0.0418455824
vn -0.0853185505 -0.978885591 -0.18575187
vn -0.0853185505 -0.978885591 -0.18575187
vn -0.0853185505 -0.978885591 -0.18575187
vn -0.0853185505 -0.978885591 -0.18575187
vn -0.10367883 -0.249416813 -0.962830186
vn -0.10367883 -0.249416813 -0.962830186
vn -0.10367883 -0.249416813 -0.962830186
vn -0.10367883 -0.249416813 -0.962830186
vn 0.114202194 -0.274338275 -0.954827905
vn 0.114202194 -0.274338275 -0.954827905
vn 0.114202194 -0.274338275 -0.954827905
vn 0.114202194 -0.274338275 -0.954827905
vn 0.27464202 -0.294601768 -0.915304065
vn 0.27464202 -0.294601768 -0.915304065
vn 0.27464202 -0.294601768 -0.915304065
vn 0.27464202 -0.294601768 -0.915304065
vn 0.478688091 -0.238112688 -0.845079899
vn 0.478688091 -0.238112688 -0.845079899
vn 0.478688091 -0.238112688 -0.845079899
vn 0.478688091 -0.238112688 -0.845079899
vn -0.367667109 -0.797661602 -0.478076309
vn -0.367667109 -0.797661602 -0.478076309
vn -0.367667109 -0.797661602 -0.478076309
vn -0.367667109 -0.797661602 -0.478076309
vn -0.331072003 -0.751342475 -0.570855319
vn -0.331072003 -0.751342475 -0.570855319
vn -0.331072003 -0.751342475 -0.570855319
vn -0.331072003 -0.751342475 -0.570855319
vn -0.24932602 -0.839825511 -0.482213229
vn -0.24932602 -0.839825511 -0.482213229
vn -0.24932602 -0.839825511 -0.482213229
vn -0.24932602 -0.839825511 -0.482213229
vn -0.105402768 -0.845858991 -0.522888958
vn -0.105402768 -0.845858991 -0.522888958
vn -0.105402768 -0.845858991 -0.522888958
vn -0.105402768 -0.845858991 -0.522888958
vn 0.0614969023 -0.789497495 -0.610665143
vn 0.0614969023 -0.789497495 -0.610665143
vn 0.0614969023 -0.789497495 -0.610665143
vn 0.0614969023 -0.789497495 -0.610665143
vn 0.213196918 -0.777987838 -0.591000736
vn 0.213196918 -0.777987838 -0.591000736
vn 0.213196918 -0.777987838 -0.591000736
vn 0.213196918 -0.777987838 -0.591000736
vn 0.371894985 -0.725044727 -0.579658747
vn 0.371894985 -0.725044727 -0.579658747
vn 0.371894985 -0.725044727 -0.579658747
vn 0.371894985 -0.725044727 -0.579658747
vn 0.330912024 -0.748850822 -0.574212253
vn 0.384442896 -0.745032787 0.545096099
vn 0.384442896 -0.745032787 0.545096099
vn 0.384442896 -0.745032787 0.545096099
vn 0.384442896 -0.745032787 0.545096099
vn 0.282115936 -0.658691764 0.697521091
vn 0.282115936 -0.658691764 0.697521091
vn 0.282115936 -0.658691764 0.697521091
vn 0.282115936 -0.658691764 0.697521091
vn 0.0457124375 -0.602021933 0.797169983
vn 0.0457124375 -0.602021933 0.797169983
vn 0.0457124375 -0.602021933 0.797169983
vn 0.0457124375 -0.602021933 0.797169983
vn -0.0856404975 -0.661938787 0.74464947
vn -0.0856404975 -0.661938787 0.74464947
vn -0.0856404975 -0.661938787 0.74464947
vn -0.0856404975 -0.661938787 0.74464947
vn -0.182204321 -0.662287235 0.726758003
vn -0.182204321 -0.662287235 0.726758003
vn -0.182204321 -0.662287235 0.726758003
vn -0.182204321 -0.662287235 0.726758003
vn -0.435128301 -0.740903258 0.511591434
vn -0.435128301 -0.740903258 0.511591434
vn -0.435128301 -0.740903258 0.511591434
vn -0.435128301 -0.740903258 0.511591434
vn -0.0113319168 -0.980166137 0.197852895
vn -0.0113319168 -0.980166137 0.197852895
vn -0.0113319168 -0.980166137 0.197852895
vn -0.0113319168 -0.980166137 0.197852895
vn -0.155726478 -0.916612446 -0.368199587
vn -0.155726478 -0.916612446 -0.368199587
vn -0.155726478 -0.916612446 -0.368199587
vn -0.155726478 -0.916612446 -0.368199587
vn -0.279527903 -0.894714892 0.348352462
vn -0.279527903 -0.894714892 0.348352462
vn -0.279527903 -0.894714892 0.348352462
vn -0.279527903 -0.894714892 0.348352462
vn -0.0592259392 -0.996844292 0.0528562777
vn -0.0590219647 -0.997589231 0.0364966094
vn -0.0590219647 -0.997589231 0.0364966094
vn -0.0592259392 -0.996844292 0.0528562777
vn 0.0964665413 -0.964249074 0.246815756
vn 0.0964665413 -0.964249074 0.246815756
vn 0.0964665413 -0.964249074 0.246815756
vn 0.0964665413 -0.964249074 0.246815756
vn -0.120258331 -0.992036521 0.0374378562
vn -0.110544898 -0.993450403 0.0289132558
vn -0.110544898 -0.993450403 0.0289132558
vn -0.120258331 -0.992036521 0.0374378562
vn -0.128240496 -0.990596294 0.0476795547
vn -0.128240496 -0.990596294 0.0476795547
vn -0.1265288 -0.990732014 0.0494026989
vn -0.1265288 -0.990732014 0.0494026989
vn -0.0208749548 -0.999477446 0.0246793758
vn -0.0208749548 -0.999477446 0.0246793758
vn -0.0208749548 -0.999477446 0.0246793758
vn -0.0208749548 -0.999477446 0.0246793758
vn 0.0875990689 -0.993673325 0.0702835917
vn 0.0875990689 -0.993673325 0.0702835917
vn 0.0875990689 -0.993673325 0.0702835917
vn 0.0875990689 -0.993673325 0.0702835917
vn 0.610037744 -0.239038497 0.755456507
vn 0.610037744 -0.239038497 0.755456507
vn 0.610037744 -0.239038497 0.755456507
vn 0.610037744 -0.239038497 0.755456507
vn 0.75038445 -0.168183059 0.639247596
vn 0.75038445 -0.168183059 0.639247596
vn 0.75038445 -0.168183059 0.639247596
vn 0.75038445 -0.168183059 0.639247596
vn 0.438094348 -0.773283303 0.458373457
vn 0.438094348 -0.773283303 0.458373457
vn 0.438094348 -0.773283303 0.458373457
vn 0.438094348 -0.773283303 0.458373457
vn 0.618624806 -0.107372172 -0.778315246
vn 0.618624806 -0.107372172 -0.778315246
vn 0.618624806 -0.107372172 -0.778315246
vn 0.618624806 -0.107372172 -0.778315246
vn 0.76313293 -0.0252233893 -0.645749211
vn 0.76313293 -0.0252233893 -0.645749211
vn 0.76313293 -0.0252233893 -0.645749211
vn 0.76313293 -0.0252233893 -0.645749211
vn 0.370072395 -0.0596859977 0.927083552
vn 0.370072395 -0.0596859977 0.927083552
vn 0.370072395 -0.0596859977 0.927083552
vn 0.370072395 -0.0596859977 0.927083552
vn 0.118682109 -0.186089218 0.975338697
vn 0.118682109 -0.186089218 0.975338697
vn 0.118682109 -0.186089218 0.975338697
vn 0.118682109 -0.186089218 0.975338697
vn 0.693008602 -0.0243248232 -0.720518827
vn 0.693008602 -0.0243248232 -0.720518827
vn 0.693008602 -0.0243248232 -0.720518827
vn 0.693008602 -0.0243248232 -0.720518827
vn 0.435761124 -0.881603777 -0.181348026
vn 0.435761124 -0.881603777 -0.181348026
vn 0.435761124 -0.881603777 -0.181348026
vn 0.435761124 -0.881603777 -0.181348026
vn 0.483306855 -0.775549531 -0.40612483
vn 0.483306855 -0.775549531 -0.40612483
vn 0.483306855 -0.775549531 -0.40612483
vn 0.483306855 -0.775549531 -0.40612483
vn 0.36694935 -0.881955802 0.29580757
vn 0.36694935 -0.881955802 0.29580757
vn 0.36694935 -0.881955802 0.29580757
vn 0.36694935 -0.881955802 0.29580757
vn -0.216546491 0.128186524 0.967820108
vn -0.216546491 0.128186524 0.967820108
vn -0.216546491 0.128186524 0.967820108
vn -0.216546491 0.128186524 0.967820108
vn -0.0210628361 0.421236336 0.906706274
vn -0.0210628361 0.421236336 0.906706274
vn -0.0210628361 0.421236336 0.906706274
vn -0.0210628361 0.421236336 0.906706274
vn 0.289403647 0.55174464 -0.782191336
vn 0.289403647 0.55174464 -0.782191336
vn 0.289403647 0.55174464 -0.782191336
vn 0.289403647 0.55174464 -0.782191336
vn -0.113523036 0.161333591 -0.980348885
vn -0.113523036 0.161333591 -0.980348885
vn -0.113523036 0.161333591 -0.980348885
vn -0.113523036 0.161333591 -0.980348885
vn 0.885011673 -0.0516633503 -0.462693453
vn 0.885011673 -0.0516633503 -0.462693453
vn 0.885011673 -0.0516633503 -0.462693453
vn 0.885011673 -0.0516633503 -0.462693453
vn 0.449246705 0 0.893407702
vn 0.449226469 0.00949275773 0.893367469
vn 0.449226469 0.00949275773 0.893367469
vn 0.449246705 0 0.893407702
vn 0.449226469 -0.0094927568 0.893367469
vn 0.449226469 -0.0094927568 0.893367469
vn -0.195044234 0 0.98079443
vn -0.195044234 0 0.98079443
vn -0.195041195 -0.00559015293 0.980779171
vn -0.195041195 0.00559015293 0.980779171
vn 0.361128807 -0.357372493 -0.861319363
vn 0.361128807 -0.357372493 -0.861319363
vn 0.361128807 -0.357372493 -0.861319363
vn 0.361128807 -0.357372493 -0.861319363
vn -0 1 0
vn -0 1 0
vn -0 1 0
vn -0 1 0
vn 0.669261277 -0.691436648 0.272038251
vn 0.669261277 -0.691436648 0.272038251
vn 0.669261277 -0.691436648 0.272038251
vn 0.669261277 -0.691436648 0.272038251
vn 0.974333942 -0.141626269 -0.174972519
vn 0.974333942 -0.141626269 -0.174972519
vn 0.974333942 -0.141626269 -0.174972519
vn 0.974333942 -0.141626269 -0.174972519
vn 0.680295467 -0.731950462 0.0380351767
vn 0.680295467 -0.731950462 0.0380351767
vn 0.680295467 -0.731950462 0.0380351767
vn 0.680295467 -0.731950462 0.0380351767
vn 0.961833656 -0.0749512762 0.263169855
vn 0.961833656 -0.0749512762 0.263169855
vn 0.961833656 -0.0749512762 0.263169855
vn 0.961833656 -0.0749512762 0.263169855
vn 0.441582024 -0.682566404 -0.582330167
vn 0.441582024 -0.682566404 -0.582330167
vn 0.441582024 -0.682566404 -0.582330167
vn 0.441582024 -0.682566404 -0.582330167
vn 0.353968501 -0.663641334 0.659004092
vn 0.353968501 -0.663641334 0.659004092
vn 0.353968501 -0.663641334 0.659004092
vn 0.353968501 -0.663641334 0.659004092
vn 0.373853654 -0.059321817 0.925588667
vn 0.373853654 -0.059321817 0.925588667
vn 0.373853654 -0.059321817 0.925588667
vn 0.373853654 -0.059321817 0.925588667
vn 0.342620671 -0.15093188 0.927270472
vn 0.342620671 -0.15093188 0.927270472
vn 0.342620671 -0.15093188 0.927270472
vn 0.342620671 -0.15093188 0.927270472
vn 0.455732167 -0.0838112235 -0.88616246
vn 0.455732167 -0.0838112235 -0.88616246
vn 0.455732167 -0.0838112235 -0.88616246
vn 0.455732167 -0.0838112235 -0.88616246
vn 0.677216947 -0.280903101 -0.680051982
vn 0.677216947 -0.280903101 -0.680051982
vn 0.677216947 -0.280903101 -0.680051982
vn 0.677216947 -0.280903101 -0.680051982
vn 0.00284360442 -0.982393742 -0.18680042
vn 0.00284360442 -0.982393742 -0.18680042
vn 0.00284360442 -0.982393742 -0.18680042
vn 0.00284360442 -0.982393742 -0.18680042
vn -0.11004737 -0.905065417 0.410787284
vn -0.11004737 -0.905065417 0.410787284
vn -0.11004737 -0.905065417 0.410787284
vn -0.11004737 -0.905065417 0.410787284
vn -0.0595982485 -0.998148561 0.0121459253
vn -0.0595982485 -0.998148561 0.0121459253
vn -0.0595982485 -0.998148561 0.0121459253
vn -0.0595982485 -0.998148561 0.0121459253
vn 0.276111037 -0.880500913 -0.385331959
vn 0.276111037 -0.880500913 -0.385331959
vn 0.276111037 -0.880500913 -0.385331959
vn 0.276111037 -0.880500913 -0.385331959
vn -0.2186459 -0.208038896 0.953369617
vn -0.2186459 -0.208038896 0.953369617
vn -0.2186459 -0.208038896 0.953369617
vn -0.2186459 -0.208038896 0.953369617
vn -0.56166321 0 0.827365935
vn -0.56166321 0 0.827365935
vn -0.56166321 0 0.827365935
vn -0.56166321 0 0.827365935
vn -0.646940827 0 0.762540221
vn -0.646940827 0 0.762540221
vn -0.646940827 0 0.762540221
vn -0.646940827 0 0.762540221
vn 0.238420844 -0.892063439 0.383898765
vn 0.238420844 -0.892063439 0.383898765
vn 0.238420844 -0.892063439 0.383898765
vn 0.238420844 -0.892063439 0.383898765
vn -0.267831892 -0.199151844 0.942658305
vn -0.267831892 -0.199151844 0.942658305
vn -0.267831892 -0.199151844 0.942658305
vn -0.267831892 -0.199151844 0.942658305
vn -0.0239982661 -0.998768389 0.0434258506
vn -0.0333948433 -0.997835696 0.0566454828
vn -0.0333948433 -0.997835696 0.0566454828
vn -0.0239982661 -0.998768389 0.0434258506
vn -0.100810342 -0.993754864 0.047839243
vn -0.100810342 -0.993754864 0.047839243
vn -0.100810342 -0.993754864 0.047839243
vn -0.100810342 -0.993754864 0.047839243
vn -0.400343388 0 -0.916365206
vn -0.400343388 0 -0.916365206
vn -0.400343388 0 -0.916365206
vn -0.400343388 0 -0.916365206
vn -0.524346232 0 -0.85150522
vn -0.524346232 0 -0.85150522
vn -0.524346232 0 -0.85150522
vn -0.524346232 0 -0.85150522
vn -0.269931138 -0.198148176 -0.942270875
vn -0.269931138 -0.198148176 -0.942270875
vn -0.269931138 -0.198148176 -0.942270875
vn -0.269931138 -0.198148176 -0.942270875
vn 0.213763073 -0.976283669 0.034285225
vn 0.213763073 -0.976283669 0.034285225
vn 0.213763073 -0.976283669 0.034285225
vn 0.213763073 -0.976283669 0.034285225
vn 0.568018556 -0.821661115 0.0472012497
vn 0.568018556 -0.821661115 0.0472012497
vn 0.568018556 -0.821661115 0.0472012497
vn 0.568018556 -0.821661115 0.0472012497
vn -0.624188066 0.780116379 -0.0425168388
vn -0.624188066 0.780116379 -0.0425168388
vn -0.624188066 0.780116379 -0.0425168388
vn -0.624188066 0.780116379 -0.0425168388
vn -0.387076825 0.919769704 -0.0647701025
vn -0.387076825 0.919769704 -0.0647701025
vn -0.387076825 0.919769704 -0.0647701025
vn -0.387076825 0.919769704 -0.0647701025
vn -0.0333948433 -0.997835696 0.0566454828
vn -0.042782601 -0.996639609 0.0698501617
vn -0.042782601 -0.996639609 0.0698501617
vn -0.0333948433 -0.997835696 0.0566454828
vn 0.019192066 -0.9962883 0.0839130655
vn 0.0143377651 -0.997904778 0.0630905181
vn 0.0143377651 -0.997904778 0.0630905181
vn 0.019192066 -0.9962883 0.0839130655
vn -0.074828282 -0.997056127 -0.0167306568
vn -0.0633412451 -0.996714711 -0.0504741259
vn -0.0600588098 -0.997634172 -0.0334529839
vn -0.0863206759 -0.995947301 -0.0252523255
vn -0.089560464 -0.995981336 0
vn -0.109200567 -0.994019747 0
vn -0.0594140105 -0.995831907 0.0692017674
vn -0.0592259392 -0.996844292 0.0528562777
vn -0.0592259392 -0.996844292 0.0528562777
vn -0.0594140105 -0.995831907 0.0692017674
vn 0.264343828 -0.939692616 -0.217025429
vn 0.264343828 -0.939692616 -0.217025429
vn 0.264343828 -0.939692616 -0.217025429
vn 0.264343828 -0.939692616 -0.217025429
vn 0.26594314 -0.939686835 0.215088174
vn 0.26594314 -0.939686835 0.215088174
vn 0.26594314 -0.939686835 0.215088174
vn 0.26594314 -0.939686835 0.215088174
vn -0.313278079 -0.948642313 0.0439847447
vn -0.313278079 -0.948642313 0.0439847447
vn -0.313278079 -0.948642313 0.0439847447
vn -0.313278079 -0.948642313 0.0439847447
vn -0.973610759 0.144964337 -0.176259309
vn -0.973610759 0.144964337 -0.176259309
vn -0.973610759 0.144964337 -0.176259309
vn -0.973610759 0.144964337 -0.176259309
vn 0.996824384 -0.0697716549 -0.0383826457
vn 0.996824384 -0.0697716549 -0.0383826457
vn 0.996824384 -0.0697716549 -0.0383826457
vn 0.996824384 -0.0697716549 -0.0383826457
vn 0.0243930649 0.191878513 -0.98111546
vn 0.0243930649 0.191878513 -0.98111546
vn 0.0243930649 0.191878513 -0.98111546
vn 0.0243930649 0.191878513 -0.98111546
vn 0.0133206146 0.995138526 -0.0975801945
vn 0.0133206146 0.995138526 -0.0975801945
vn 0.0133206146 0.995138526 -0.0975801945
vn 0.0133206146 0.995138526 -0.0975801945
vn -0.0049049384 -0.986326933 -0.164727435
vn -0.0049049384 -0.986326933 -0.164727435
vn -0.0049049384 -0.986326933 -0.164727435
vn -0.0049049384 -0.986326933 -0.164727435
vn -0.990984201 -0.0250249002 -0.131621271
vn -0.990984201 -0.0250249002 -0.131621271
vn -0.990984201 -0.0250249002 -0.131621271
vn -0.990984201 -0.0250249002 -0.131621271
vn 0.929144382 -0.0706076622 0.362912416
vn 0.929144382 -0.0706076622 0.362912416
vn 0.929144382 -0.0706076622 0.362912416
vn 0.929144382 -0.0706076622 0.362912416
vn -0.259191513 -0.274427027 0.926018059
vn -0.259191513 -0.274427027 0.926018059
vn -0.259191513 -0.274427027 0.926018059
vn -0.259191513 -0.274427027 0.926018059
vn -0 -1 0
vn -0 -1 0
vn -0 -1 0
vn -0 -1 0
vn 0.00449324446 0.93322891 0.359254211
vn 0.00449324446 0.93322891 0.359254211
vn 0.00449324446 0.93322891 0.359254211
vn 0.00449324446 0.93322891 0.359254211
vn -0.924823821 0.36092633 -0.120137669
vn -0.924823821 0.36092633 -0.120137669
vn -0.924823821 0.36092633 -0.120137669
vn -0.924823821 0.36092633 -0.120137669
vn 0.838677883 -0.404634148 0.364541799
vn 0.838677883 -0.404634148 0.364541799
vn 0.838677883 -0.404634148 0.364541799
vn 0.838677883 -0.404634148 0.364541799
vn -0.331152141 -0.0790822282 0.94025749
vn -0.331152141 -0.0790822282 0.94025749
vn -0.331152141 -0.0790822282 0.94025749
vn -0.331152141 -0.0790822282 0.94025749
vn -0.451605856 -0.876388609 0.167317599
vn -0.451605856 -0.876388609 0.167317599
vn -0.451605856 -0.876388609 0.167317599
vn -0.451605856 -0.876388609 0.167317599
vn 0.406141132 0.88929987 0.210226327
vn 0.406141132 0.88929987 0.210226327
vn 0.406141132 0.88929987 0.210226327
vn 0.406141132 0.88929987 0.210226327
vn -0.931872249 0.324062914 -0.163086623
vn -0.931872249 0.324062914 -0.163086623
vn -0.931872249 0.324062914 -0.163086623
vn -0.931872249 0.324062914 -0.163086623
vn 0.829173326 -0.387856364 0.402540743
vn 0.829173326 -0.387856364 0.402540743
vn 0.829173326 -0.387856364 0.402540743
vn 0.829173326 -0.387856364 0.402540743
vn -0.335509509 -0.0410665013 0.941141307
vn -0.335509509 -0.0410665013 0.941141307
vn -0.335509509 -0.0410665013 0.941141307
vn -0.335509509 -0.0410665013 0.941141307
vn -0.352353871 -0.935061336 -0.038821511
vn -0.352353871 -0.935061336 -0.038821511
vn -0.352353871 -0.935061336 -0.038821511
vn -0.352353871 -0.935061336 -0.038821511
vn 0.216248587 0.802102625 0.556657791
vn 0.216248587 0.802102625 0.556657791
vn 0.216248587 0.802102625 0.556657791
vn 0.216248587 0.802102625 0.556657791
vn -0.822330177 -0.452147096 -0.345450491
vn -0.822330177 -0.452147096 -0.345450491
vn -0.822330177 -0.452147096 -0.345450491
vn -0.822330177 -0.452147096 -0.345450491
vn 0.882377923 0.434027344 0.181739837
vn 0.882377923 0.434027344 0.181739837
vn 0.882377923 0.434027344 0.181739837
vn 0.882377923 0.434027344 0.181739837
vn 0.174494982 0.159947038 -0.971580446
vn 0.174494982 0.159947038 -0.971580446
vn 0.174494982 0.159947038 -0.971580446
vn 0.174494982 0.159947038 -0.971580446
vn -0.441431701 0.866786659 -0.231989056
vn -0.441431701 0.866786659 -0.231989056
vn -0.441431701 0.866786659 -0.231989056
vn -0.441431701 0.866786659 -0.231989056
vn 0.390437752 -0.712139368 -0.583451629
vn 0.390437752 -0.712139368 -0.583451629
vn 0.390437752 -0.712139368 -0.583451629
vn 0.390437752 -0.712139368 -0.583451629
vn -0.112838283 0.942389786 0.314911336
vn -0.112838283 0.942389786 0.314911336
vn -0.112838283 0.942389786 0.314911336
vn -0.112838283 0.942389786 0.314911336
vn -0.0980706066 0.966866136 0.235694557
vn -0.0980706066 0.966866136 0.235694557
vn -0.0980706066 0.966866136 0.235694557
vn -0.0980706066 0.966866136 0.235694557
vn -0.326007903 0.897705674 0.296383679
vn -0.326007903 0.897705674 0.296383679
vn -0.326007903 0.897705674 0.296383679
vn -0.326007903 0.897705674 0.296383679
vn -0.187971532 0.9519701 -0.241701707
vn -0.191891074 0.954647839 -0.227651834
vn -0.191891074 0.954647839 -0.227651834
vn -0.187971532 0.9519701 -0.241701707
vn -0.18401061 0.949082911 -0.255698383
vn -0.18401061 0.949082911 -0.255698383
vn -0.116747558 0.953274846 -0.27863428
vn -0.116747558 0.953274846 -0.27863428
vn -0.116747558 0.953274846 -0.27863428
vn -0.116747558 0.953274846 -0.27863428
vn -0.00700456416 0.968434632 -0.249169245
vn -0.00700456416 0.968434632 -0.249169245
vn -0.00700456416 0.968434632 -0.249169245
vn -0.00700456416 0.968434632 -0.249169245
vn 0.120245747 0.94633013 -0.300000459
vn 0.120245747 0.94633013 -0.300000459
vn 0.120245747 0.94633013 -0.300000459
vn 0.120245747 0.94633013 -0.300000459
vn 0.229844615 0.902488708 -0.364260465
vn 0.229844615 0.902488708 -0.364260465
vn 0.229844615 0.902488708 -0.364260465
vn 0.229844615 0.902488708 -0.364260465
vn 0.263216317 0.863375664 0.430464447
vn 0.263216317 0.863375664 0.430464447
vn 0.263216317 0.863375664 0.430464447
vn 0.263216317 0.863375664 0.430464447
vn 0.568677723 0.243596599 0.785663009
vn 0.568677723 0.243596599 0.785663009
vn 0.568677723 0.243596599 0.785663009
vn 0.568677723 0.243596599 0.785663009
vn 0.369972318 0.268075436 0.889525771
vn 0.369972318 0.268075436 0.889525771
vn 0.369972318 0.268075436 0.889525771
vn 0.369972318 0.268075436 0.889525771
vn 0.0719198659 0.275183439 0.958697855
vn 0.0719198659 0.275183439 0.958697855
vn 0.0719198659 0.275183439 0.958697855
vn 0.0719198659 0.275183439 0.958697855
vn -0.0939089879 0.277872533 0.956016719
vn -0.0939089879 0.277872533 0.956016719
vn -0.0939089879 0.277872533 0.956016719
vn -0.0939089879 0.277872533 0.956016719
vn -0.109200552 0.994019747 0
vn -0.117466159 0.993076921 0
vn -0.117466159 0.993076921 0
vn -0.0863206685 0.995947301 -0.0252523217
vn -0.0633412525 0.996714711 -0.0504741184
vn -0.0666046068 0.995494962 -0.0674800426
vn -0.0666046068 0.995494962 -0.0674800426
vn -0.106118865 0.994353414 0
vn -0.106118865 0.994353414 0
vn -0.117466159 0.993076921 0
vn -0.117466159 0.993076921 0
vn -0.0936468691 0.993945301 -0.0574720502
vn -0.0799841359 0.995558083 -0.0496650338
vn -0.0936468691 0.993945301 -0.0574720502
vn -0.0799841359 0.995558083 -0.0496650338
vn -0.0663013756 0.996921718 -0.0418455899
vn -0.0663013756 0.996921718 -0.0418455899
vn -0.085318543 0.978885591 -0.18575187
vn -0.085318543 0.978885591 -0.18575187
vn -0.085318543 0.978885591 -0.18575187
vn -0.085318543 0.978885591 -0.18575187
vn -0.103678815 0.249416783 -0.962830186
vn -0.103678815 0.249416783 -0.962830186
vn -0.103678815 0.249416783 -0.962830186
vn -0.103678815 0.249416783 -0.962830186
vn 0.114202201 0.274338275 -0.954827905
vn 0.114202201 0.274338275 -0.954827905
vn 0.114202201 0.274338275 -0.954827905
vn 0.114202201 0.274338275 -0.954827905
vn 0.274641991 0.294601768 -0.915304065
vn 0.274641991 0.294601768 -0.915304065
vn 0.274641991 0.294601768 -0.915304065
vn 0.274641991 0.294601768 -0.915304065
vn 0.478688091 0.238112643 -0.845079899
vn 0.478688091 0.238112643 -0.845079899
vn 0.478688091 0.238112643 -0.845079899
vn 0.478688091 0.238112643 -0.845079899
vn -0.367667049 0.797661602 -0.478076309
vn -0.367667049 0.797661602 -0.478076309
vn -0.367667049 0.797661602 -0.478076309
vn -0.367667049 0.797661602 -0.478076309
vn -0.331072003 0.751342475 -0.570855319
vn -0.331072003 0.751342475 -0.570855319
vn -0.331072003 0.751342475 -0.570855319
vn -0.331072003 0.751342475 -0.570855319
vn -0.24932605 0.839825571 -0.482213199
vn -0.24932605 0.839825571 -0.482213199
vn -0.24932605 0.839825571 -0.482213199
vn -0.24932605 0.839825571 -0.482213199
vn -0.10540276 0.845858991 -0.522888899
vn -0.10540276 0.845858991 -0.522888899
vn -0.10540276 0.845858991 -0.522888899
vn -0.10540276 0.845858991 -0.522888899
vn 0.0614969023 0.789497495 -0.610665143
vn 0.0614969023 0.789497495 -0.610665143
vn 0.0614969023 0.789497495 -0.610665143
vn 0.0614969023 0.789497495 -0.610665143
vn 0.213196874 0.777987838 -0.591000736
vn 0.213196874 0.777987838 -0.591000736
vn 0.213196874 0.777987838 -0.591000736
vn 0.213196874 0.777987838 -0.591000736
vn 0.371895015 0.725044727 -0.579658806
vn 0.371895015 0.725044727 -0.579658806
vn 0.371895015 0.725044727 -0.579658806
vn 0.371895015 0.725044727 -0.579658806
vn 0.330912083 0.748850822 -0.574212313
vn 0.384442896 0.745032787 0.545096099
vn 0.384442896 0.745032787 0.545096099
vn 0.384442896 0.745032787 0.545096099
vn 0.384442896 0.745032787 0.545096099
vn 0.282115936 0.658691883 0.697521091
vn 0.282115936 0.658691883 0.697521091
vn 0.282115936 0.658691883 0.697521091
vn 0.282115936 0.658691883 0.697521091
vn 0.0457124338 0.602021873 0.797169983
vn 0.0457124338 0.602021873 0.797169983
vn 0.0457124338 0.602021873 0.797169983
vn 0.0457124338 0.602021873 0.797169983
vn -0.0856404975 0.661938846 0.74464941
vn -0.0856404975 0.661938846 0.74464941
vn -0.0856404975 0.661938846 0.74464941
vn -0.0856404975 0.661938846 0.74464941
vn -0.182204351 0.662287295 0.726757944
vn -0.182204351 0.662287295 0.726757944
vn -0.182204351 0.662287295 0.726757944
vn -0.182204351 0.662287295 0.726757944
vn -0.435128242 0.740903258 0.511591375
vn -0.435128242 0.740903258 0.511591375
vn -0.435128242 0.740903258 0.511591375
vn -0.435128242 0.740903258 0.511591375
vn -0.0113319186 0.980166137 0.197852895
vn -0.0113319186 0.980166137 0.197852895
vn -0.0113319186 0.980166137 0.197852895
vn -0.0113319186 0.980166137 0.197852895
vn -0.155726478 0.916612446 -0.368199587
vn -0.155726478 0.916612446 -0.368199587
vn -0.155726478 0.916612446 -0.368199587
vn -0.155726478 0.916612446 -0.368199587
vn -0.279527843 0.894714892 0.348352402
vn -0.279527843 0.894714892 0.348352402
vn -0.279527843 0.894714892 0.348352402
vn -0.279527843 0.894714892 0.348352402
vn -0.0592259467 0.996844292 0.0528562777
vn -0.0592259467 0.996844292 0.0528562777
vn -0.0590219721 0.997589231 0.0364966169
vn -0.0590219721 0.997589231 0.0364966169
vn 0.0964665487 0.964249074 0.246815756
vn 0.0964665487 0.964249074 0.246815756
vn 0.0964665487 0.964249074 0.246815756
vn 0.0964665487 0.964249074 0.246815756
vn -0.120258324 0.992036521 0.0374378599
vn -0.11054489 0.993450403 0.0289132558
vn -0.11054489 0.993450403 0.0289132558
vn -0.120258324 0.992036521 0.0374378599
vn -0.128240496 0.990596294 0.0476795547
vn -0.128240496 0.990596294 0.0476795547
vn -0.126528814 0.990732014 0.0494026951
vn -0.126528814 0.990732014 0.0494026951
vn -0.0208749566 0.999477446 0.0246793758
vn -0.0208749566 0.999477446 0.0246793758
vn -0.0208749566 0.999477446 0.0246793758
vn -0.0208749566 0.999477446 0.0246793758
vn 0.0875990689 0.993673325 0.0702835917
vn 0.0875990689 0.993673325 0.0702835917
vn 0.0875990689 0.993673325 0.0702835917
vn 0.0875990689 0.993673325 0.0702835917
vn 0.610037744 0.239038497 0.755456507
vn 0.610037744 0.239038497 0.755456507
vn 0.610037744 0.239038497 0.755456507
vn 0.610037744 0.239038497 0.755456507
vn 0.75038445 0.168183103 0.639247596
vn 0.75038445 0.168183103 0.639247596
vn 0.75038445 0.168183103 0.639247596
vn 0.75038445 0.168183103 0.639247596
vn 0.438094378 0.773283362 0.458373457
vn 0.438094378 0.773283362 0.458373457
vn 0.438094378 0.773283362 0.458373457
vn 0.438094378 0.773283362 0.458373457
vn 0.618624806 0.107372187 -0.778315187
vn 0.618624806 0.107372187 -0.778315187
vn 0.618624806 0.107372187 -0.778315187
vn 0.618624806 0.107372187 -0.778315187
vn 0.76313293 0.0252233893 -0.645749211
vn 0.76313293 0.0252233893 -0.645749211
vn 0.76313293 0.0252233893 -0.645749211
vn 0.76313293 0.0252233893 -0.645749211
vn 0.370072395 0.0596859977 0.927083552
vn 0.370072395 0.0596859977 0.927083552
vn 0.370072395 0.0596859977 0.927083552
vn 0.370072395 0.0596859977 0.927083552
vn 0.118682101 0.186089218 0.975338578
vn 0.118682101 0.186089218 0.975338578
vn 0.118682101 0.186089218 0.975338578
vn 0.118682101 0.186089218 0.975338578
vn 0.693008602 0.0243248232 -0.720518827
vn 0.693008602 0.0243248232 -0.720518827
vn 0.693008602 0.0243248232 -0.720518827
vn 0.693008602 0.0243248232 -0.720518827
vn 0.435761184 0.881603777 -0.181347996
vn 0.435761184 0.881603777 -0.181347996
vn 0.435761184 0.881603777 -0.181347996
vn 0.435761184 0.881603777 -0.181347996
vn 0.483306885 0.77554965 -0.406124741
vn 0.483306885 0.77554965 -0.406124741
vn 0.483306885 0.77554965 -0.406124741
vn 0.483306885 0.77554965 -0.406124741
vn 0.36694935 0.881955802 0.295807481
vn 0.36694935 0.881955802 0.295807481
vn 0.36694935 0.881955802 0.295807481
vn 0.36694935 0.881955802 0.295807481
vn -0.216546461 -0.128186539 0.967820108
vn -0.216546461 -0.128186539 0.967820108
vn -0.216546461 -0.128186539 0.967820108
vn -0.216546461 -0.128186539 0.967820108
vn -0.0210628361 -0.421236247 0.906706393
vn -0.0210628361 -0.421236247 0.906706393
vn -0.0210628361 -0.421236247 0.906706393
vn -0.0210628361 -0.421236247 0.906706393
vn 0.289403677 -0.551744699 -0.782191336
vn 0.289403677 -0.551744699 -0.782191336
vn 0.289403677 -0.551744699 -0.782191336
vn 0.289403677 -0.551744699 -0.782191336
vn -0.113523051 -0.161333621 -0.980348885
vn -0.113523051 -0.161333621 -0.980348885
vn -0.113523051 -0.161333621 -0.980348885
vn -0.113523051 -0.161333621 -0.980348885
vn 0.885011673 0.0516633503 -0.462693453
vn 0.885011673 0.0516633503 -0.462693453
vn 0.885011673 0.0516633503 -0.462693453
vn 0.885011673 0.0516633503 -0.462693453
vn 0.361128837 0.357372582 -0.861319244
vn 0.361128837 0.357372582 -0.861319244
vn 0.361128837 0.357372582 -0.861319244
vn 0.361128837 0.357372582 -0.861319244
vn 0.669261336 0.691436648 0.272038192
vn 0.669261336 0.691436648 0.272038192
vn 0.669261336 0.691436648 0.272038192
vn 0.669261336 0.691436648 0.272038192
vn 0.974333942 0.141626284 -0.174972519
vn 0.974333942 0.141626284 -0.174972519
vn 0.974333942 0.141626284 -0.174972519
vn 0.974333942 0.141626284 -0.174972519
vn 0.680295467 0.731950462 0.0380350836
vn 0.680295467 0.731950462 0.0380350836
vn 0.680295467 0.731950462 0.0380350836
vn 0.680295467 0.731950462 0.0380350836
vn 0.961833656 0.0749512836 0.263169914
vn 0.961833656 0.0749512836 0.263169914
vn 0.961833656 0.0749512836 0.263169914
vn 0.961833656 0.0749512836 0.263169914
vn 0.441582024 0.682566404 -0.582330108
vn 0.441582024 0.682566404 -0.582330108
vn 0.441582024 0.682566404 -0.582330108
vn 0.441582024 0.682566404 -0.582330108
vn 0.353968412 0.663641334 0.659004092
vn 0.353968412 0.663641334 0.659004092
vn 0.353968412 0.663641334 0.659004092
vn 0.353968412 0.663641334 0.659004092
vn 0.373853624 0.059321817 0.925588667
vn 0.373853624 0.059321817 0.925588667
vn 0.373853624 0.059321817 0.925588667
vn 0.373853624 0.059321817 0.925588667
vn 0.342620671 0.15093188 0.927270472
vn 0.342620671 0.15093188 0.927270472
vn 0.342620671 0.15093188 0.927270472
vn 0.342620671 0.15093188 0.927270472
vn 0.455732226 0.083811231 -0.88616246
vn 0.455732226 0.083811231 -0.88616246
vn 0.455732226 0.083811231 -0.88616246
vn 0.455732226 0.083811231 -0.88616246
vn 0.677217007 0.280903071 -0.680051863
vn 0.677217007 0.280903071 -0.680051863
vn 0.677217007 0.280903071 -0.680051863
vn 0.677217007 0.280903071 -0.680051863
vn 0.00284360489 0.982393742 -0.18680042
vn 0.00284360489 0.982393742 -0.18680042
vn 0.00284360489 0.982393742 -0.18680042
vn 0.00284360489 0.982393742 -0.18680042
vn -0.110047385 0.905065417 0.410787284
vn -0.110047385 0.905065417 0.410787284
vn -0.110047385 0.905065417 0.410787284
vn -0.110047385 0.905065417 0.410787284
vn -0.0595982559 0.998148561 0.0121459225
vn -0.0595982559 0.998148561 0.0121459225
vn -0.0595982559 0.998148561 0.0121459225
vn -0.0595982559 0.998148561 0.0121459225
vn 0.276111007 0.880500913 -0.385331929
vn 0.276111007 0.880500913 -0.385331929
vn 0.276111007 0.880500913 -0.385331929
vn 0.276111007 0.880500913 -0.385331929
vn -0.21864593 0.208038896 0.953369617
vn -0.21864593 0.208038896 0.953369617
vn -0.21864593 0.208038896 0.953369617
vn -0.21864593 0.208038896 0.953369617
vn -0.56166327 0 0.827365935
vn -0.56166327 0 0.827365935
vn -0.56166327 0 0.827365935
vn -0.56166327 0 0.827365935
vn -0.646940827 0 0.762540281
vn -0.646940827 0 0.762540281
vn -0.646940827 0 0.762540281
vn -0.646940827 0 0.762540281
vn 0.238420859 0.892063439 0.383898795
vn 0.238420859 0.892063439 0.383898795
vn 0.238420859 0.892063439 0.383898795
vn 0.238420859 0.892063439 0.383898795
vn -0.267831892 0.199151844 0.942658305
vn -0.267831892 0.199151844 0.942658305
vn -0.267831892 0.199151844 0.942658305
vn -0.267831892 0.199151844 0.942658305
vn -0.0239982586 0.998768389 0.0434258394
vn -0.0239982586 0.998768389 0.0434258394
vn -0.0333948396 0.997835696 0.0566454828
vn -0.0333948396 0.997835696 0.0566454828
vn -0.100810364 0.993754864 0.0478392504
vn -0.100810364 0.993754864 0.0478392504
vn -0.100810364 0.993754864 0.0478392504
vn -0.100810364 0.993754864 0.0478392504
vn -0.400343359 0 -0.916365206
vn -0.400343359 0 -0.916365206
vn -0.400343359 0 -0.916365206
vn -0.400343359 0 -0.916365206
vn -0.524346232 0 -0.85150522
vn -0.524346232 0 -0.85150522
vn -0.524346232 0 -0.85150522
vn -0.524346232 0 -0.85150522
vn -0.269931108 0.198148176 -0.942270875
vn -0.269931108 0.198148176 -0.942270875
vn -0.269931108 0.198148176 -0.942270875
vn -0.269931108 0.198148176 -0.942270875
vn 0.213763088 0.976283789 0.0342852175
vn 0.213763088 0.976283789 0.0342852175
vn 0.213763088 0.976283789 0.0342852175
vn 0.213763088 0.976283789 0.0342852175
vn 0.568018556 0.821661115 0.0472012348
vn 0.568018556 0.821661115 0.0472012348
vn 0.568018556 0.821661115 0.0472012348
vn 0.568018556 0.821661115 0.0472012348
vn -0.624188125 -0.78011632 -0.0425168164
vn -0.624188125 -0.78011632 -0.0425168164
vn -0.624188125 -0.78011632 -0.0425168164
vn -0.624188125 -0.78011632 -0.0425168164
vn -0.387076825 -0.919769704 -0.0647700801
vn -0.387076825 -0.919769704 -0.0647700801
vn -0.387076825 -0.919769704 -0.0647700801
vn -0.387076825 -0.919769704 -0.0647700801
vn -0.0333948396 0.997835696 0.0566454828
vn -0.0333948396 0.997835696 0.0566454828
vn -0.042782601 0.996639609 0.0698501766
vn -0.042782601 0.996639609 0.0698501766
vn 0.019192066 0.9962883 0.0839130655
vn 0.019192066 0.9962883 0.0839130655
vn 0.0143377651 0.997904778 0.0630905181
vn 0.0143377651 0.997904778 0.0630905181
vn -0.074828282 0.997056127 -0.0167306568
vn -0.0600588135 0.997634172 -0.0334529839
vn -0.0633412525 0.996714711 -0.0504741184
vn -0.0863206685 0.995947301 -0.0252523217
vn -0.089560464 0.995981336 0
vn -0.109200552 0.994019747 0
vn -0.0594140217 0.995831907 0.06920176
vn -0.0594140217 0.995831907 0.06920176
vn -0.0592259467 0.996844292 0.0528562777
vn -0.0592259467 0.996844292 0.0528562777
vn 0.264343858 0.939692616 -0.217025459
vn 0.264343858 0.939692616 -0.217025459
vn 0.264343858 0.939692616 -0.217025459
vn 0.264343858 0.939692616 -0.217025459
vn 0.26594311 0.939686716 0.215088189
vn 0.26594311 0.939686716 0.215088189
vn 0.26594311 0.939686716 0.215088189
vn 0.26594311 0.939686716 0.215088189
vn -0.313278079 0.948642313 0.0439847261
vn -0.313278079 0.948642313 0.0439847261
vn -0.313278079 0.948642313 0.0439847261
vn -0.313278079 0.948642313 0.0439847261
vn -0.973610759 -0.144964352 -0.176259309
vn -0.973610759 -0.144964352 -0.176259309
vn -0.973610759 -0.144964352 -0.176259309
vn -0.973610759 -0.144964352 -0.176259309
vn 0.996824384 0.0697716549 -0.0383826494
vn 0.996824384 0.0697716549 -0.0383826494
vn 0.996824384 0.0697716549 -0.0383826494
vn 0.996824384 0.0697716549 -0.0383826494
vn 0.0243930705 -0.191878513 -0.98111546
vn 0.0243930705 -0.191878513 -0.98111546
vn 0.0243930705 -0.191878513 -0.98111546
vn 0.0243930705 -0.191878513 -0.98111546
vn 0.0133206137 -0.995138526 -0.0975801945
vn 0.0133206137 -0.995138526 -0.0975801945
vn 0.0133206137 -0.995138526 -0.0975801945
vn 0.0133206137 -0.995138526 -0.0975801945
vn -0.00490496028 0.986326933 -0.164727449
vn -0.00490496028 0.986326933 -0.164727449
vn -0.00490496028 0.986326933 -0.164727449
vn -0.00490496028 0.986326933 -0.164727449
vn -0.990984201 0.0250249021 -0.131621271
vn -0.990984201 0.0250249021 -0.131621271
vn -0.990984201 0.0250249021 -0.131621271
vn -0.990984201 0.0250249021 -0.131621271
vn 0.929144263 0.0706076473 0.362912387
vn 0.929144263 0.0706076473 0.362912387
vn 0.929144263 0.0706076473 0.362912387
vn 0.929144263 0.0706076473 0.362912387
vn -0.259191513 0.274427027 0.926018059
vn -0.259191513 0.274427027 0.926018059
vn -0.259191513 0.274427027 0.926018059
vn -0.259191513 0.274427027 0.926018059
vn -0 1 0
vn -0 1 0
vn -0 1 0
vn -0 1 0
vn 0.00449327752 -0.93322891 0.359254211
vn 0.00449327752 -0.93322891 0.359254211
vn 0.00449327752 -0.93322891 0.359254211
vn 0.00449327752 -0.93322891 0.359254211
vn -0.924823821 -0.36092636 -0.120137699
vn -0.924823821 -0.36092636 -0.120137699
vn -0.924823821 -0.36092636 -0.120137699
vn -0.924823821 -0.36092636 -0.120137699
vn 0.838677883 0.404634118 0.364541829
vn 0.838677883 0.404634118 0.364541829
vn 0.838677883 0.404634118 0.364541829
vn 0.838677883 0.404634118 0.364541829
vn -0.331152171 0.0790822282 0.94025749
vn -0.331152171 0.0790822282 0.94025749
vn -0.331152171 0.0790822282 0.94025749
vn -0.331152171 0.0790822282 0.94025749
vn -0.451605856 0.876388609 0.167317614
vn -0.451605856 0.876388609 0.167317614
vn -0.451605856 0.876388609 0.167317614
vn -0.451605856 0.876388609 0.167317614
vn 0.406141222 -0.88929987 0.210226342
vn 0.406141222 -0.88929987 0.210226342
vn 0.406141222 -0.88929987 0.210226342
vn 0.406141222 -0.88929987 0.210226342
vn -0.931872249 -0.324062914 -0.163086623
vn -0.931872249 -0.324062914 -0.163086623
vn -0.931872249 -0.324062914 -0.163086623
vn -0.931872249 -0.324062914 -0.163086623
vn 0.829173326 0.387856334 0.402540803
vn 0.829173326 0.387856334 0.402540803
vn 0.829173326 0.387856334 0.402540803
vn 0.829173326 0.387856334 0.402540803
vn -0.335509509 0.0410665087 0.941141307
vn -0.335509509 0.0410665087 0.941141307
vn -0.335509509 0.0410665087 0.941141307
vn -0.335509509 0.0410665087 0.941141307
vn -0.35235393 0.935061336 -0.0388215221
vn -0.35235393 0.935061336 -0.0388215221
vn -0.35235393 0.935061336 -0.0388215221
vn -0.35235393 0.935061336 -0.0388215221
vn 0.216248587 -0.802102685 0.556657851
vn 0.216248587 -0.802102685 0.556657851
vn 0.216248587 -0.802102685 0.556657851
vn 0.216248587 -0.802102685 0.556657851
vn -0.822330177 0.452147096 -0.345450521
vn -0.822330177 0.452147096 -0.345450521
vn -0.822330177 0.452147096 -0.345450521
vn -0.822330177 0.452147096 -0.345450521
vn 0.882377982 -0.434027284 0.181739882
vn 0.882377982 -0.434027284 0.181739882
vn 0.882377982 -0.434027284 0.181739882
vn 0.882377982 -0.434027284 0.181739882
vn 0.174494997 -0.159947053 -0.971580446
vn 0.174494997 -0.159947053 -0.971580446
vn 0.174494997 -0.159947053 -0.971580446
vn 0.174494997 -0.159947053 -0.971580446
vn -0.441431701 -0.866786659 -0.231989056
vn -0.441431701 -0.866786659 -0.231989056
vn -0.441431701 -0.866786659 -0.231989056
vn -0.441431701 -0.866786659 -0.231989056
vn 0.390437752 0.712139368 -0.583451688
vn 0.390437752 0.712139368 -0.583451688
vn 0.390437752 0.712139368 -0.583451688
vn 0.390437752 0.712139368 -0.583451688
vn 0.275772572 -0.261018276 0.925104797
vn 0.275772572 -0.261018276 0.925104797
vn 0.275772572 -0.261018276 0.925104797
vn 0.275772572 -0.261018276 0.925104797
vn 0.0275076963 -0.00771771278 0.999591768
vn 0.0275076963 -0.00771771278 0.999591768
vn 0.0275076963 -0.00771771278 0.999591768
vn 0.0275076963 -0.00771771278 0.999591768
vn 0.729890943 0.451990396 -0.512800038
vn 0.729890943 0.451990396 -0.512800038
vn 0.729890943 0.451990396 -0.512800038
vn 0.729890943 0.451990396 -0.512800038
vn -0.605421185 -0.412826061 -0.680470288
vn -0.605421185 -0.412826061 -0.680470288
vn -0.605421185 -0.412826061 -0.680470288
vn -0.605421185 -0.412826061 -0.680470288
vn 0.647337854 -0.659312367 0.382440746
vn 0.647337854 -0.659312367 0.382440746
vn 0.647337854 -0.659312367 0.382440746
vn 0.647337854 -0.659312367 0.382440746
vn 0.506991804 0.634283364 -0.583647072
vn 0.506991804 0.634283364 -0.583647072
vn 0.506991804 0.634283364 -0.583647072
vn 0.506991804 0.634283364 -0.583647072
vn -0.757674217 -0.326781601 -0.564928055
vn -0.757674217 -0.326781601 -0.564928055
vn -0.757674217 -0.326781601 -0.564928055
vn -0.757674217 -0.326781601 -0.564928055
vn 0.707528949 -0.675896764 0.206316143
vn 0.707528949 -0.675896764 0.206316143
vn 0.707528949 -0.675896764 0.206316143
vn 0.707528949 -0.675896764 0.206316143
vn 0.330725402 0.906093895 -0.263845891
vn 0.330725402 0.906093895 -0.263845891
vn 0.330725402 0.906093895 -0.263845891
vn 0.330725402 0.906093895 -0.263845891
vn -0.974109352 -0.141194865 -0.176564381
vn -0.974109352 -0.141194865 -0.176564381
vn -0.974109352 -0.141194865 -0.176564381
vn -0.974109352 -0.141194865 -0.176564381
vn 0.477864116 -0.867512763 -0.138085008
vn 0.477864116 -0.867512763 -0.138085008
vn 0.477864116 -0.867512763 -0.138085008
vn 0.477864116 -0.867512763 -0.138085008
vn 0.268701136 0.897827327 -0.348863423
vn 0.268701136 0.897827327 -0.348863423
vn 0.268701136 0.897827327 -0.348863423
vn 0.268701136 0.897827327 -0.348863423
vn -0.98619175 -0.154178873 0.0604536943
vn -0.98619175 -0.154178873 0.0604536943
vn -0.987966597 -0.148365915 0.0436993428
vn -0.987966597 -0.148365915 0.0436993428
vn -0.989427507 -0.142505795 0.0269311145
vn -0.989427507 -0.142505795 0.0269311145
vn 0.304813415 0.946756184 0.103641212
vn 0.304813415 0.946756184 0.103641212
vn 0.304813415 0.946756184 0.103641212
vn 0.304813415 0.946756184 0.103641212
vn 0.0427144952 -0.281173468 0.958705962
vn 0.0427144952 -0.281173468 0.958705962
vn 0.0427144952 -0.281173468 0.958705962
vn 0.0427144952 -0.281173468 0.958705962
vn 0.279170364 0.280373007 0.918398023
vn 0.279170364 0.280373007 0.918398023
vn 0.279170364 0.280373007 0.918398023
vn 0.279170364 0.280373007 0.918398023
vn 0.720408678 -0.251665831 -0.646278322
vn 0.720408678 -0.251665831 -0.646278322
vn 0.720408678 -0.251665831 -0.646278322
vn 0.720408678 -0.251665831 -0.646278322
vn -0.92454493 -0.147356927 -0.351429254
vn -0.92454493 -0.147356927 -0.351429254
vn -0.92454493 -0.147356927 -0.351429254
vn -0.92454493 -0.147356927 -0.351429254
vn 0.0359885171 -0.923278868 0.382440895
vn 0.0359885171 -0.923278868 0.382440895
vn 0.0359885171 -0.923278868 0.382440895
vn 0.0359885171 -0.923278868 0.382440895
vn 0.7947644 0.0222670883 -0.606509507
vn 0.7947644 0.0222670883 -0.606509507
vn 0.7947644 0.0222670883 -0.606509507
vn 0.7947644 0.0222670883 -0.606509507
vn -0.788022161 0.224036485 -0.573435724
vn -0.788022161 0.224036485 -0.573435724
vn -0.788022161 0.224036485 -0.573435724
vn -0.788022161 0.224036485 -0.573435724
vn 0.0356746092 -0.992003977 0.121059321
vn 0.0356746092 -0.992003977 0.121059321
vn 0.0356746092 -0.992003977 0.121059321
vn 0.0356746092 -0.992003977 0.121059321
vn 0.853979945 0.448446035 -0.263845563
vn 0.853979945 0.448446035 -0.263845563
vn 0.853979945 0.448446035 -0.263845563
vn 0.853979945 0.448446035 -0.263845563
vn -0.816057146 0.550341189 -0.176565006
vn -0.816057146 0.550341189 -0.176565006
vn -0.816057146 0.550341189 -0.176565006
vn -0.816057146 0.550341189 -0.176565006
vn -0.0952534974 -0.86949712 0.484666377
vn -0.0952534974 -0.86949712 0.484666377
vn -0.0952534974 -0.86949712 0.484666377
vn -0.0952534974 -0.86949712 0.484666377
vn 0.865750909 0.49984926 -0.0250200946
vn 0.865750909 0.49984926 -0.0250200946
vn 0.865750909 0.49984926 -0.0250200946
vn 0.865750909 0.49984926 -0.0250200946
vn -0.863087416 0.486623585 -0.135194555
vn -0.863087416 0.486623585 -0.135194555
vn -0.863087416 0.486623585 -0.135194555
vn -0.863087416 0.486623585 -0.135194555
vn 0.94847095 0.305831671 -0.0828850865
vn 0.94847095 0.305831671 -0.0828850865
vn 0.94847095 0.305831671 -0.0828850865
vn 0.94847095 0.305831671 -0.0828850865
vn -0.764775813 0.525445342 -0.37286064
vn -0.764775813 0.525445342 -0.37286064
vn -0.764775813 0.525445342 -0.37286064
vn -0.764775813 0.525445342 -0.37286064
vn 0.0120780962 0.0695641562 0.997504413
vn 0.0120780962 0.0695641562 0.997504413
vn 0.0120780962 0.0695641562 0.997504413
vn 0.0120780962 0.0695641562 0.997504413
vn -0.0378415622 -0.35993734 0.932208717
vn -0.0378415622 -0.35993734 0.932208717
vn -0.0378415622 -0.35993734 0.932208717
vn -0.0378415622 -0.35993734 0.932208717
vn -0.835793674 -0.0558768362 -0.546192944
vn -0.835793674 -0.0558768362 -0.546192944
vn -0.835793674 -0.0558768362 -0.546192944
vn -0.835793674 -0.0558768362 -0.546192944
vn 0.736139894 0.489293814 -0.467642486
vn 0.736139894 0.489293814 -0.467642486
vn 0.736139894 0.489293814 -0.467642486
vn 0.736139894 0.489293814 -0.467642486
vn -0.370341212 0.793899894 0.482255429
vn -0.370341212 0.793899894 0.482255429
vn -0.370341212 0.793899894 0.482255429
vn -0.370341212 0.793899894 0.482255429
vn -0.787838995 -0.323831528 -0.523872912
vn -0.787838995 -0.323831528 -0.523872912
vn -0.787838995 -0.323831528 -0.523872912
vn -0.787838995 -0.323831528 -0.523872912
vn 0.662762165 0.325211614 -0.674524844
vn 0.662762165 0.325211614 -0.674524844
vn 0.662762165 0.325211614 -0.674524844
vn 0.662762165 0.325211614 -0.674524844
vn -0.448235065 0.849036992 0.279680848
vn -0.448235065 0.849036992 0.279680848
vn -0.448235065 0.849036992 0.279680848
vn -0.448235065 0.849036992 0.279680848
vn -0.611532152 -0.758594513 -0.224861547
vn -0.611532152 -0.758594513 -0.224861547
vn -0.611532152 -0.758594513 -0.224861547
vn -0.611532152 -0.758594513 -0.224861547
vn 0.939663708 -0.132027149 -0.315596223
vn 0.939663708 -0.132027149 -0.315596223
vn 0.939663708 -0.132027149 -0.315596223
vn 0.939663708 -0.132027149 -0.315596223
vn -0.368665904 0.88710773 0.277714282
vn -0.368665904 0.88710773 0.277714282
vn -0.368665904 0.88710773 0.277714282
vn -0.368665904 0.88710773 0.277714282
vn -0.568137586 -0.819351971 0.0766937658
vn -0.568137586 -0.819351971 0.0766937658
vn -0.568137586 -0.819351971 0.0766937658
vn -0.568137586 -0.819351971 0.0766937658
vn 0.924401879 -0.0310069211 -0.38015756
vn 0.924401879 -0.0310069211 -0.38015756
vn 0.924401879 -0.0310069211 -0.38015756
vn 0.924401879 -0.0310069211 -0.38015756
vn -0.806249678 -0.459112018 -0.373064995
vn -0.806249678 -0.459112018 -0.373064995
vn -0.806249678 -0.459112018 -0.373064995
vn -0.806249678 -0.459112018 -0.373064995
vn 0.958152175 -0.274402738 0.0815317407
vn 0.958152175 -0.274402738 0.0815317407
vn 0.958152175 -0.274402738 0.0815317407
vn 0.958152175 -0.274402738 0.0815317407
vn 0.339329928 0.146787092 0.929144084
vn 0.339329928 0.146787092 0.929144084
vn 0.339329928 0.146787092 0.929144084
vn 0.339329928 0.146787092 0.929144084
vn -0.162435606 -0.363067001 0.917495012
vn -0.162435606 -0.363067001 0.917495012
vn -0.162435606 -0.363067001 0.917495012
vn -0.162435606 -0.363067001 0.917495012
vn -0.629256845 0.725080729 -0.279810458
vn -0.629256845 0.725080729 -0.279810458
vn -0.629256845 0.725080729 -0.279810458
vn -0.629256845 0.725080729 -0.279810458
vn 0.714906812 -0.177619964 -0.676283419
vn 0.714906812 -0.177619964 -0.676283419
vn 0.714906812 -0.177619964 -0.676283419
vn 0.714906812 -0.177619964 -0.676283419
vn 0.415884495 0.706190228 0.573005617
vn 0.415884495 0.706190228 0.573005617
vn 0.415884495 0.706190228 0.573005617
vn 0.415884495 0.706190228 0.573005617
vn -0.931858599 0.12453752 -0.340778351
vn -0.931858599 0.12453752 -0.340778351
vn -0.931858599 0.12453752 -0.340778351
vn -0.931858599 0.12453752 -0.340778351
vn 0.50264293 -0.295216531 -0.812525213
vn 0.50264293 -0.295216531 -0.812525213
vn 0.50264293 -0.295216531 -0.812525213
vn 0.50264293 -0.295216531 -0.812525213
vn 0.453698695 0.890899658 -0.0213369187
vn 0.453698695 0.890899658 -0.0213369187
vn 0.453698695 0.890899658 -0.0213369187
vn 0.453698695 0.890899658 -0.0213369187
vn -0.992427766 -0.00916749891 -0.122486591
vn -0.992427766 -0.00916749891 -0.122486591
vn -0.992427766 -0.00916749891 -0.122486591
vn -0.992427766 -0.00916749891 -0.122486591
vn 0.46991694 -0.726186752 -0.501827478
vn 0.46991694 -0.726186752 -0.501827478
vn 0.46991694 -0.726186752 -0.501827478
vn 0.46991694 -0.726186752 -0.501827478
vn 0.676748991 0.726994038 0.116148479
vn 0.676748991 0.726994038 0.116148479
vn 0.676748991 0.726994038 0.116148479
vn 0.676748991 0.726994038 0.116148479
vn -0.970626473 -0.156056374 0.183114201
vn -0.970626473 -0.156056374 0.183114201
vn -0.970626473 -0.156056374 0.183114201
vn -0.970626473 -0.156056374 0.183114201
vn 0.519967079 -0.823334336 -0.227496445
vn 0.519967079 -0.823334336 -0.227496445
vn 0.519967079 -0.823334336 -0.227496445
vn 0.519967079 -0.823334336 -0.227496445
vn -0.975680828 0.157663688 0.152279794
vn -0.975680828 0.157663688 0.152279794
vn -0.975680828 0.157663688 0.152279794
vn -0.975680828 0.157663688 0.152279794
vn 0.190579027 -0.943234324 -0.272008777
vn 0.190579027 -0.943234324 -0.272008777
vn 0.190579027 -0.943234324 -0.272008777
vn 0.190579027 -0.943234324 -0.272008777
vn 0.106620438 0.173789039 0.978994131
vn 0.106620438 0.173789039 0.978994131
vn 0.106620438 0.173789039 0.978994131
vn 0.106620438 0.173789039 0.978994131
vn -0.436511606 0.593296111 0.676356018
vn -0.436511606 0.593296111 0.676356018
vn -0.436511606 0.593296111 0.676356018
vn -0.436511606 0.593296111 0.676356018
vn 0.74757421 0.288130045 -0.598426104
vn 0.74757421 0.288130045 -0.598426104
vn 0.74757421 0.288130045 -0.598426104
vn 0.74757421 0.288130045 -0.598426104
vn -0.0693939328 -0.955603004 -0.286369324
vn -0.0693939328 -0.955603004 -0.286369324
vn -0.0693939328 -0.955603004 -0.286369324
vn -0.0693939328 -0.955603004 -0.286369324
vn -0.0594870709 -0.942307413 -0.329420656
vn -0.0594870709 -0.942307413 -0.329420656
vn 0.641561389 -0.12128222 0.757423043
vn 0.641561389 -0.12128222 0.757423043
vn 0.641561389 -0.12128222 0.757423043
vn 0.641561389 -0.12128222 0.757423043
vn 0.0131482026 0.75242722 -0.658544123
vn 0.0131482026 0.75242722 -0.658544123
vn 0.0131482026 0.75242722 -0.658544123
vn 0.0131482026 0.75242722 -0.658544123
vn 0.727935135 -0.154191121 0.668083549
vn 0.727935135 -0.154191121 0.668083549
vn 0.727935135 -0.154191121 0.668083549
vn 0.727935135 -0.154191121 0.668083549
vn -0.375396281 0.869864404 -0.320021123
vn -0.375396281 0.869864404 -0.320021123
vn -0.375396281 0.869864404 -0.320021123
vn -0.375396281 0.869864404 -0.320021123
vn -0.259662837 -0.854220271 -0.450425267
vn -0.259662837 -0.854220271 -0.450425267
vn -0.259662837 -0.854220271 -0.450425267
vn -0.259662837 -0.854220271 -0.450425267
vn 0.633881152 -0.626129687 0.454044491
vn 0.633881152 -0.626129687 0.454044491
vn 0.633881152 -0.626129687 0.454044491
vn 0.633881152 -0.626129687 0.454044491
vn -0.246657386 0.912406504 -0.326610565
vn -0.246657386 0.912406504 -0.326610565
vn -0.246657386 0.912406504 -0.326610565
vn -0.246657386 0.912406504 -0.326610565
vn -0.426175296 -0.836459994 -0.344542086
vn -0.426175296 -0.836459994 -0.344542086
vn -0.426175296 -0.836459994 -0.344542086
vn -0.426175296 -0.836459994 -0.344542086
vn -0.0630149022 0.99407059 0.0886157081
vn -0.0630149022 0.99407059 0.0886157081
vn -0.0630149022 0.99407059 0.0886157081
vn -0.0630149022 0.99407059 0.0886157081
vn -0.682789981 -0.382392615 -0.622554243
vn -0.682789981 -0.382392615 -0.622554243
vn -0.682789981 -0.382392615 -0.622554243
vn -0.682789981 -0.382392615 -0.622554243
vn 0.306917787 0.0168538559 0.951586843
vn 0.306917787 0.0168538559 0.951586843
vn 0.306917787 0.0168538559 0.951586843
vn 0.306917787 0.0168538559 0.951586843
vn -0.428689122 -0.309640557 0.848733366
vn -0.428689122 -0.309640557 0.848733366
vn -0.428689122 -0.309640557 0.848733366
vn -0.428689122 -0.309640557 0.848733366
vn -0.0545289144 0.963999808 -0.260251701
vn -0.0545289144 0.963999808 -0.260251701
vn -0.0545289144 0.963999808 -0.260251701
vn -0.0545289144 0.963999808 -0.260251701
vn 0.565452099 -0.445401937 -0.694176555
vn 0.565452099 -0.445401937 -0.694176555
vn 0.565452099 -0.445401937 -0.694176555
vn 0.565452099 -0.445401937 -0.694176555
vn 0.635427117 0.260714084 0.726815403
vn 0.635427117 0.260714084 0.726815403
vn 0.635427117 0.260714084 0.726815403
vn 0.635427117 0.260714084 0.726815403
vn -0.568021655 0.593481302 -0.570202827
vn -0.568021655 0.593481302 -0.570202827
vn -0.568021655 0.593481302 -0.570202827
vn -0.568021655 0.593481302 -0.570202827
vn 0.0951094478 -0.637684345 -0.764403522
vn 0.0951094478 -0.637684345 -0.764403522
vn 0.0951094478 -0.637684345 -0.764403522
vn 0.0951094478 -0.637684345 -0.764403522
vn 0.590409756 0.332524419 0.735420763
vn 0.590409756 0.332524419 0.735420763
vn 0.590409756 0.332524419 0.735420763
vn 0.590409756 0.332524419 0.735420763
vn -0.674237192 0.655549884 -0.340086281
vn -0.674237192 0.655549884 -0.340086281
vn -0.674237192 0.655549884 -0.340086281
vn -0.674237192 0.655549884 -0.340086281
vn -0.0509467237 -0.883545697 -0.465565652
vn -0.0509467237 -0.883545697 -0.465565652
vn -0.0509467237 -0.883545697 -0.465565652
vn -0.0509467237 -0.883545697 -0.465565652
vn 0.937757373 0.167325705 0.304324508
vn 0.937757373 0.167325705 0.304324508
vn 0.937757373 0.167325705 0.304324508
vn 0.937757373 0.167325705 0.304324508
vn -0.551199377 0.651215315 -0.521629989
vn -0.551199377 0.651215315 -0.521629989
vn -0.551199377 0.651215315 -0.521629989
vn -0.551199377 0.651215315 -0.521629989
vn -0.0631796047 -0.946127772 -0.317569941
vn -0.0631796047 -0.946127772 -0.317569941
vn -0.0631796047 -0.946127772 -0.317569941
vn -0.0631796047 -0.946127772 -0.317569941
vn -0.679380834 0.65748328 -0.325818151
vn -0.679380834 0.65748328 -0.325818151
vn -0.679380834 0.65748328 -0.325818151
vn -0.679380834 0.65748328 -0.325818151
vn -0.508203387 -0.858638048 -0.0668571293
vn -0.508203387 -0.858638048 -0.0668571293
vn -0.508203387 -0.858638048 -0.0668571293
vn -0.508203387 -0.858638048 -0.0668571293
vn 0.30713293 0.0744271502 0.948751748
vn 0.30713293 0.0744271502 0.948751748
vn 0.30713293 0.0744271502 0.948751748
vn 0.30713293 0.0744271502 0.948751748
vn 0.617798209 -0.316020608 -0.720039129
vn 0.617798209 -0.316020608 -0.720039129
vn 0.617798209 -0.316020608 -0.720039129
vn 0.617798209 -0.316020608 -0.720039129
vn -0.951902866 0.235406816 -0.196123824
vn -0.951902866 0.235406816 -0.196123824
vn -0.951902866 0.235406816 -0.196123824
vn -0.951902866 0.235406816 -0.196123824
vn 0.953226209 -0.231028602 0.194898993
vn 0.953226209 -0.231028602 0.194898993
vn 0.953226209 -0.231028602 0.194898993
vn 0.953226209 -0.231028602 0.194898993
vn -0.312188864 -0.0903046951 -0.945718348
vn -0.312188864 -0.0903046951 -0.945718348
vn -0.312188864 -0.0903046951 -0.945718348
vn -0.312188864 -0.0903046951 -0.945718348
vn -0.624478459 0.287537664 0.726187885
vn -0.624478459 0.287537664 0.726187885
vn -0.624478459 0.287537664 0.726187885
vn -0.624478459 0.287537664 0.726187885
vn -0.594507277 0.610594988 -0.523196697
vn -0.594507277 0.610594988 -0.523196697
vn -0.594507277 0.610594988 -0.523196697
vn -0.594507277 0.610594988 -0.523196697
vn 0.618620038 -0.595128 0.51296401
vn 0.618620038 -0.595128 0.51296401
vn 0.618620038 -0.595128 0.51296401
vn 0.618620038 -0.595128 0.51296401
vn -0.195083559 -0.137819305 -0.97105521
vn -0.195083559 -0.137819305 -0.97105521
vn -0.195083559 -0.137819305 -0.97105521
vn -0.195083559 -0.137819305 -0.97105521
vn -0.436321914 0.778826058 0.450614184
vn -0.436321914 0.778826058 0.450614184
vn -0.436321914 0.778826058 0.450614184
vn -0.436321914 0.778826058 0.450614184
vn 0.196057215 0.138948619 0.970698118
vn 0.196057215 0.138948619 0.970698118
vn 0.196057215 0.138948619 0.970698118
vn 0.196057215 0.138948619 0.970698118
vn 0.440196306 -0.774681687 -0.453977376
vn 0.440196306 -0.774681687 -0.453977376
vn 0.440196306 -0.774681687 -0.453977376
vn 0.440196306 -0.774681687 -0.453977376
vn 0.207526177 0.0661151558 0.97599262
vn 0.207526177 0.0661151558 0.97599262
vn 0.207526177 0.0661151558 0.97599262
vn 0.207526177 0.0661151558 0.97599262
vn 0.7384637 0.0996535942 -0.666888595
vn 0.7384637 0.0996535942 -0.666888595
vn 0.7384637 0.0996535942 -0.666888595
vn 0.7384637 0.0996535942 -0.666888595
vn -0.957419515 -0.133837074 -0.255803972
vn -0.957419515 -0.133837074 -0.255803972
vn -0.957419515 -0.133837074 -0.255803972
vn -0.957419515 -0.133837074 -0.255803972
vn 0.953233898 0.157111898 0.258187681
vn 0.953233898 0.157111898 0.258187681
vn 0.953233898 0.157111898 0.258187681
vn 0.953233898 0.157111898 0.258187681
vn -0.207970321 -0.064625442 -0.975997865
vn -0.207970321 -0.064625442 -0.975997865
vn -0.207970321 -0.064625442 -0.975997865
vn -0.207970321 -0.064625442 -0.975997865
vn -0.744108558 -0.0603830293 0.66532433
vn -0.744108558 -0.0603830293 0.66532433
vn -0.744108558 -0.0603830293 0.66532433
vn -0.744108558 -0.0603830293 0.66532433
vn 0.717703938 0.523721755 0.458929926
vn 0.717703938 0.523721755 0.458929926
vn 0.717703938 0.523721755 0.458929926
vn 0.717703938 0.523721755 0.458929926
vn -0.101515599 0.100786693 -0.989715397
vn -0.101515599 0.100786693 -0.989715397
vn -0.101515599 0.100786693 -0.989715397
vn -0.101515599 0.100786693 -0.989715397
vn -0.614263594 -0.587285638 0.527044356
vn -0.614263594 -0.587285638 0.527044356
vn -0.614263594 -0.587285638 0.527044356
vn -0.614263594 -0.587285638 0.527044356
vn 0.0928949639 -0.0924005434 0.991379142
vn 0.0928949639 -0.0924005434 0.991379142
vn 0.0928949639 -0.0924005434 0.991379142
vn 0.0928949639 -0.0924005434 0.991379142
vn 0.593773603 0.613679886 -0.52041316
vn 0.593773603 0.613679886 -0.52041316
vn 0.593773603 0.613679886 -0.52041316
vn 0.593773603 0.613679886 -0.52041316
vn -0.720483422 -0.520919502 -0.457762539
vn -0.720483422 -0.520919502 -0.457762539
vn -0.720483422 -0.520919502 -0.457762539
vn -0.720483422 -0.520919502 -0.457762539
vn 0.475983649 0.662184417 0.578749716
vn 0.475983649 0.662184417 0.578749716
vn 0.475983649 0.662184417 0.578749716
vn 0.475983649 0.662184417 0.578749716
vn -0.0686599612 0.155599773 -0.985431194
vn -0.0686599612 0.155599773 -0.985431194
vn -0.0686599612 0.155599773 -0.985431194
vn -0.0686599612 0.155599773 -0.985431194
vn -0.40418911 -0.815665305 0.413909733
vn -0.40418911 -0.815665305 0.413909733
vn -0.40418911 -0.815665305 0.413909733
vn -0.40418911 -0.815665305 0.413909733
vn 0.0733292252 -0.157984093 0.984715104
vn 0.0733292252 -0.157984093 0.984715104
vn 0.0733292252 -0.157984093 0.984715104
vn 0.0733292252 -0.157984093 0.984715104
vn 0.397917956 0.819716752 -0.411977917
vn 0.397917956 0.819716752 -0.411977917
vn 0.397917956 0.819716752 -0.411977917
vn 0.397917956 0.819716752 -0.411977917
vn -0.472449452 -0.663742304 -0.579859972
vn -0.472449452 -0.663742304 -0.579859972
vn -0.472449452 -0.663742304 -0.579859972
vn -0.472449452 -0.663742304 -0.579859972
vn 0.987804532 0.122078873 -0.0966378227
vn 0.987804532 0.122078873 -0.0966378227
vn 0.987804532 0.122078873 -0.0966378227
vn 0.987804532 0.122078873 -0.0966378227
vn -0.537083328 0.791373551 0.292009413
vn -0.537083328 0.791373551 0.292009413
vn -0.537083328 0.791373551 0.292009413
vn -0.537083328 0.791373551 0.292009413
vn 0.537086785 -0.791371226 -0.292009145
vn 0.537086785 -0.791371226 -0.292009145
vn 0.537086785 -0.791371226 -0.292009145
vn 0.537086785 -0.791371226 -0.292009145
vn -0.470433116 -0.864093542 -0.178983092
vn -0.470433116 -0.864093542 -0.178983092
vn -0.470433116 -0.864093542 -0.178983092
vn -0.470433116 -0.864093542 -0.178983092
vn -0.987803578 -0.122088902 0.0966348723
vn -0.987803578 -0.122088902 0.0966348723
vn -0.987803578 -0.122088902 0.0966348723
vn -0.987803578 -0.122088902 0.0966348723
vn 0.470425248 0.864097476 0.178985253
vn 0.470425248 0.864097476 0.178985253
vn 0.470425248 0.864097476 0.178985253
vn 0.470425248 0.864097476 0.178985253
vn -0.446867645 -0.782232702 -0.434075266
vn -0.446867645 -0.782232702 -0.434075266
vn -0.446867645 -0.782232702 -0.434075266
vn -0.446867645 -0.782232702 -0.434075266
vn 0.553950071 -0.761713266 -0.336053789
vn 0.553950071 -0.761713266 -0.336053789
vn 0.553950071 -0.761713266 -0.336053789
vn 0.553950071 -0.761713266 -0.336053789
vn 0.446829528 0.782605827 0.433441579
vn 0.446829528 0.782605827 0.433441579
vn 0.446829528 0.782605827 0.433441579
vn 0.446829528 0.782605827 0.433441579
vn 0.99633944 0.00534927938 0.0853179321
vn 0.99633944 0.00534927938 0.0853179321
vn 0.99633944 0.00534927938 0.0853179321
vn 0.99633944 0.00534927938 0.0853179321
vn -0.555060983 0.754084647 0.35108918
vn -0.555060983 0.754084647 0.35108918
vn -0.555060983 0.754084647 0.35108918
vn -0.555060983 0.754084647 0.35108918
vn -0.996959209 -0.010840727 -0.0771685839
vn -0.996959209 -0.010840727 -0.0771685839
vn -0.996959209 -0.010840727 -0.0771685839
vn -0.996959209 -0.010840727 -0.0771685839
vn -0.986524224 -0.141139984 0.0827617198
vn -0.986524224 -0.141139984 0.0827617198
vn -0.986524224 -0.141139984 0.0827617198
vn -0.986524224 -0.141139984 0.0827617198
vn 0.481606781 -0.553730667 -0.679291844
vn 0.481606781 -0.553730667 -0.679291844
vn 0.481606781 -0.553730667 -0.679291844
vn 0.481606781 -0.553730667 -0.679291844
vn 0.471384555 0.647608757 0.59866482
vn 0.471384555 0.647608757 0.59866482
vn 0.471384555 0.647608757 0.59866482
vn 0.471384555 0.647608757 0.59866482
vn 0.987248957 0.137471914 -0.0802555978
vn 0.987248957 0.137471914 -0.0802555978
vn 0.987248957 0.137471914 -0.0802555978
vn 0.987248957 0.137471914 -0.0802555978
vn -0.480671406 0.539405346 0.691373169
vn -0.480671406 0.539405346 0.691373169
vn -0.480671406 0.539405346 0.691373169
vn -0.480671406 0.539405346 0.691373169
vn -0.464032233 -0.676473558 -0.571889579
vn -0.464032233 -0.676473558 -0.571889579
vn -0.464032233 -0.676473558 -0.571889579
vn -0.464032233 -0.676473558 -0.571889579
vn 0.477531582 0.0172700677 -0.87844485
vn 0.477531582 0.0172700677 -0.87844485
vn 0.477531582 0.0172700677 -0.87844485
vn 0.477531582 0.0172700677 -0.87844485
vn -0.999992251 -0.00206373585 -0.00337245432
vn -0.999992251 -0.00206373585 -0.00337245432
vn -0.999992251 -0.00206373585 -0.00337245432
vn -0.999992251 -0.00206373585 -0.00337245432
vn -0.476715207 -0.00242335186 0.879054487
vn -0.476715207 -0.00242335186 0.879054487
vn -0.476715207 -0.00242335186 0.879054487
vn -0.476715207 -0.00242335186 0.879054487
vn 0.499404907 -0.0122211576 0.866282463
vn 0.499404907 -0.0122211576 0.866282463
vn 0.499404907 -0.0122211576 0.866282463
vn 0.499404907 -0.0122211576 0.866282463
vn -0.499663651 0.00928679109 -0.866169751
vn -0.499663651 0.00928679109 -0.866169751
vn -0.499663651 0.00928679109 -0.866169751
vn -0.499663651 0.00928679109 -0.866169751
vn 0.999976754 -0.00580126885 0.00359040312
vn 0.999976754 -0.00580126885 0.00359040312
vn 0.999976754 -0.00580126885 0.00359040312
vn 0.999976754 -0.00580126885 0.00359040312
vn -0.995840609 0.0717223659 0.0561894402
vn -0.995840609 0.0717223659 0.0561894402
vn -0.995840609 0.0717223659 0.0561894402
vn -0.995840609 0.0717223659 0.0561894402
vn 0.52093631 0.49226895 -0.697349668
vn 0.52093631 0.49226895 -0.697349668
vn 0.52093631 0.49226895 -0.697349668
vn 0.52093631 0.49226895 -0.697349668
vn -0.453472108 0.599262595 -0.659732819
vn -0.453472108 0.599262595 -0.659732819
vn -0.453472108 0.599262595 -0.659732819
vn -0.453472108 0.599262595 -0.659732819
vn 0.454405934 -0.581200659 0.675071001
vn 0.454405934 -0.581200659 0.675071001
vn 0.454405934 -0.581200659 0.675071001
vn 0.454405934 -0.581200659 0.675071001
vn -0.521412432 -0.484560996 0.702374279
vn -0.521412432 -0.484560996 0.702374279
vn -0.521412432 -0.484560996 0.702374279
vn -0.521412432 -0.484560996 0.702374279
vn 0.993399143 -0.0919106603 -0.0686336532
vn 0.993399143 -0.0919106603 -0.0686336532
vn 0.993399143 -0.0919106603 -0.0686336532
vn 0.993399143 -0.0919106603 -0.0686336532
vn 0.948239386 0.200176701 0.246518582
vn 0.948239386 0.200176701 0.246518582
vn 0.948239386 0.200176701 0.246518582
vn 0.948239386 0.200176701 0.246518582
vn 0.394505411 0.897206485 -0.198458984
vn 0.394505411 0.897206485 -0.198458984
vn 0.394505411 0.897206485 -0.198458984
vn 0.394505411 0.897206485 -0.198458984
vn 0.538076639 -0.708683372 0.456334651
vn 0.538076639 -0.708683372 0.456334651
vn 0.538076639 -0.708683372 0.456334651
vn 0.538076639 -0.708683372 0.456334651
vn -0.398340136 -0.892887354 0.209945738
vn -0.398340136 -0.892887354 0.209945738
vn -0.398340136 -0.892887354 0.209945738
vn -0.398340136 -0.892887354 0.209945738
vn -0.539249718 0.712211192 -0.449404985
vn -0.539249718 0.712211192 -0.449404985
vn -0.539249718 0.712211192 -0.449404985
vn -0.539249718 0.712211192 -0.449404985
vn -0.947856665 -0.20077762 -0.247499809
vn -0.947856665 -0.20077762 -0.247499809
vn -0.947856665 -0.20077762 -0.247499809
vn -0.947856665 -0.20077762 -0.247499809
vn -0.96378839 -0.104443721 -0.245363772
vn -0.96378839 -0.104443721 -0.245363772
vn -0.96378839 -0.104443721 -0.245363772
vn -0.96378839 -0.104443721 -0.245363772
vn -0.458444655 -0.870491385 0.179089487
vn -0.458444655 -0.870491385 0.179089487
vn -0.458444655 -0.870491385 0.179089487
vn -0.458444655 -0.870491385 0.179089487
vn -0.476728588 0.763987899 -0.43480143
vn -0.476728588 0.763987899 -0.43480143
vn -0.476728588 0.763987899 -0.43480143
vn -0.476728588 0.763987899 -0.43480143
vn 0.482051849 -0.76981324 0.418346345
vn 0.482051849 -0.76981324 0.418346345
vn 0.482051849 -0.76981324 0.418346345
vn 0.482051849 -0.76981324 0.418346345
vn 0.461088181 0.865827858 -0.194267079
vn 0.461088181 0.865827858 -0.194267079
vn 0.461088181 0.865827858 -0.194267079
vn 0.461088181 0.865827858 -0.194267079
vn 0.963456094 0.104692459 0.246560097
vn 0.963456094 0.104692459 0.246560097
vn 0.963456094 0.104692459 0.246560097
vn 0.963456094 0.104692459 0.246560097
vn 0.344315529 0.92549032 0.157843322
vn 0.344315529 0.92549032 0.157843322
vn 0.344315529 0.92549032 0.157843322
vn 0.344315529 0.92549032 0.157843322
vn -0.854163945 -0.12885116 -0.503787041
vn -0.854163945 -0.12885116 -0.503787041
vn -0.854163945 -0.12885116 -0.503787041
vn -0.854163945 -0.12885116 -0.503787041
vn 0.506846488 -0.790114105 0.344712049
vn 0.506846488 -0.790114105 0.344712049
vn 0.506846488 -0.790114105 0.344712049
vn 0.506846488 -0.790114105 0.344712049
vn -0.506667197 0.790093839 -0.345021933
vn -0.506667197 0.790093839 -0.345021933
vn -0.506667197 0.790093839 -0.345021933
vn -0.506667197 0.790093839 -0.345021933
vn 0.846014977 0.126447901 0.517947555
vn 0.846014977 0.126447901 0.517947555
vn 0.846014977 0.126447901 0.517947555
vn 0.846014977 0.126447901 0.517947555
vn -0.339847118 -0.925006568 -0.169902414
vn -0.339847118 -0.925006568 -0.169902414
vn -0.339847118 -0.925006568 -0.169902414
vn -0.339847118 -0.925006568 -0.169902414
vn -0.112207904 -0.931641817 -0.345619649
vn -0.112207904 -0.931641817 -0.345619649
vn -0.112207904 -0.931641817 -0.345619649
vn -0.112207904 -0.931641817 -0.345619649
vn 0.439012617 -0.723392487 0.532889664
vn 0.439012617 -0.723392487 0.532889664
vn 0.439012617 -0.723392487 0.532889664
vn 0.439012617 -0.723392487 0.532889664
vn 0.544166923 0.177072376 0.820077896
vn 0.544166923 0.177072376 0.820077896
vn 0.544166923 0.177072376 0.820077896
vn 0.544166923 0.177072376 0.820077896
vn -0.539125025 -0.175639272 -0.823708117
vn -0.539125025 -0.175639272 -0.823708117
vn -0.539125025 -0.175639272 -0.823708117
vn -0.539125025 -0.175639272 -0.823708117
vn 0.123647049 0.933374822 0.336931795
vn 0.123647049 0.933374822 0.336931795
vn 0.123647049 0.933374822 0.336931795
vn 0.123647049 0.933374822 0.336931795
vn -0.459806561 0.71954906 -0.520410419
vn -0.459806561 0.71954906 -0.520410419
vn -0.459806561 0.71954906 -0.520410419
vn -0.459806561 0.71954906 -0.520410419
vn -0.163283348 0.756254673 -0.633575201
vn -0.163283348 0.756254673 -0.633575201
vn -0.163283348 0.756254673 -0.633575201
vn -0.163283348 0.756254673 -0.633575201
vn 0.0830354989 0.950009227 0.300977945
vn 0.0830354989 0.950009227 0.300977945
vn 0.0830354989 0.950009227 0.300977945
vn 0.0830354989 0.950009227 0.300977945
vn -0.0830348879 -0.950009942 -0.300975531
vn -0.0830348879 -0.950009942 -0.300975531
vn -0.0830348879 -0.950009942 -0.300975531
vn -0.0830348879 -0.950009942 -0.300975531
vn -0.248746932 -0.219417542 -0.943387985
vn -0.248746932 -0.219417542 -0.943387985
vn -0.248746932 -0.219417542 -0.943387985
vn -0.248746932 -0.219417542 -0.943387985
vn 0.163282678 -0.75625664 0.633572876
vn 0.163282678 -0.75625664 0.633572876
vn 0.163282678 -0.75625664 0.633572876
vn 0.163282678 -0.75625664 0.633572876
vn 0.248746574 0.219424248 0.943386495
vn 0.248746574 0.219424248 0.943386495
vn 0.248746574 0.219424248 0.943386495
vn 0.248746574 0.219424248 0.943386495
vn 0.305213183 -0.689242303 0.657107294
vn 0.305213183 -0.689242303 0.657107294
vn 0.305213183 -0.689242303 0.657107294
vn 0.305213183 -0.689242303 0.657107294
vn 0.227974132 -0.932084978 -0.281505615
vn 0.227974132 -0.932084978 -0.281505615
vn 0.227974132 -0.932084978 -0.281505615
vn 0.227974132 -0.932084978 -0.281505615
vn -0.0692017227 -0.195181489 -0.978322625
vn -0.0692017227 -0.195181489 -0.978322625
vn -0.0692017227 -0.195181489 -0.978322625
vn -0.0692017227 -0.195181489 -0.978322625
vn -0.255663365 0.702472329 -0.664205492
vn -0.255663365 0.702472329 -0.664205492
vn -0.255663365 0.702472329 -0.664205492
vn -0.255663365 0.702472329 -0.664205492
vn -0.216973856 0.936033845 0.277061433
vn -0.216973856 0.936033845 0.277061433
vn -0.216973856 0.936033845 0.277061433
vn -0.216973856 0.936033845 0.277061433
vn 0.0822388977 0.202357203 0.975852668
vn 0.0822388977 0.202357203 0.975852668
vn 0.0822388977 0.202357203 0.975852668
vn 0.0822388977 0.202357203 0.975852668
vn -0.620767772 -0.674015641 -0.400437683
vn -0.620767772 -0.674015641 -0.400437683
vn -0.620767772 -0.674015641 -0.400437683
vn -0.620767772 -0.674015641 -0.400437683
vn 0.145849839 -0.982628047 0.114760078
vn 0.145849839 -0.982628047 0.114760078
vn 0.145849839 -0.982628047 0.114760078
vn 0.145849839 -0.982628047 0.114760078
vn -0.810263813 0.35218522 -0.468442082
vn -0.810263813 0.35218522 -0.468442082
vn -0.810263813 0.35218522 -0.468442082
vn -0.810263813 0.35218522 -0.468442082
vn 0.63201195 0.683970749 0.364341706
vn 0.63201195 0.683970749 0.364341706
vn 0.63201195 0.683970749 0.364341706
vn 0.63201195 0.683970749 0.364341706
vn -0.177463874 0.981430352 -0.0728089437
vn -0.177463874 0.981430352 -0.0728089437
vn -0.177463874 0.981430352 -0.0728089437
vn -0.177463874 0.981430352 -0.0728089437
vn 0.782973707 -0.370411158 0.499747604
vn 0.782973707 -0.370411158 0.499747604
vn 0.782973707 -0.370411158 0.499747604
vn 0.782973707 -0.370411158 0.499747604
vn 0.000182172371 0.998674393 0.0514720157
vn 0.000182172371 0.998674393 0.0514720157
vn 0.000182172371 0.998674393 0.0514720157
vn 0.000182172371 0.998674393 0.0514720157
vn -0.719666243 0.453754455 -0.525535464
vn -0.719666243 0.453754455 -0.525535464
vn -0.719666243 0.453754455 -0.525535464
vn -0.719666243 0.453754455 -0.525535464
vn 0.729402006 -0.44834739 0.516679108
vn 0.729402006 -0.44834739 0.516679108
vn 0.729402006 -0.44834739 0.516679108
vn 0.729402006 -0.44834739 0.516679108
vn -0.000437354989 -0.998683393 -0.0512966886
vn -0.000437354989 -0.998683393 -0.0512966886
vn -0.000437354989 -0.998683393 -0.0512966886
vn -0.000437354989 -0.998683393 -0.0512966886
vn -0.661322176 -0.518047333 -0.5424757
vn -0.661322176 -0.518047333 -0.5424757
vn -0.661322176 -0.518047333 -0.5424757
vn -0.661322176 -0.518047333 -0.5424757
vn 0.679339588 0.520765305 0.517011881
vn 0.679339588 0.520765305 0.517011881
vn 0.679339588 0.520765305 0.517011881
vn 0.679339588 0.520765305 0.517011881
vn -0.418677479 -0.457005382 -0.784764409
vn -0.418677479 -0.457005382 -0.784764409
vn -0.418677479 -0.457005382 -0.784764409
vn -0.418677479 -0.457005382 -0.784764409
vn 0.413271368 0.456602752 0.787858307
vn 0.413271368 0.456602752 0.787858307
vn 0.413271368 0.456602752 0.787858307
vn 0.413271368 0.456602752 0.787858307
vn 0.115286209 0.993227541 0.0144291436
vn 0.115286209 0.993227541 0.0144291436
vn 0.115286209 0.993227541 0.0144291436
vn 0.115286209 0.993227541 0.0144291436
vn -0.286566138 0.566274583 -0.772795498
vn -0.286566138 0.566274583 -0.772795498
vn -0.286566138 0.566274583 -0.772795498
vn -0.286566138 0.566274583 -0.772795498
vn 0.276724577 -0.566719055 0.776049674
vn 0.276724577 -0.566719055 0.776049674
vn 0.276724577 -0.566719055 0.776049674
vn 0.276724577 -0.566719055 0.776049674
vn -0.143341467 -0.989672542 -0.0012386007
vn -0.143341467 -0.989672542 -0.0012386007
vn -0.143341467 -0.989672542 -0.0012386007
vn -0.143341467 -0.989672542 -0.0012386007
vn -0.0915819034 0.439212233 -0.893703163
vn -0.0915819034 0.439212233 -0.893703163
vn -0.0915819034 0.439212233 -0.893703163
vn -0.0915819034 0.439212233 -0.893703163
vn 0.105290085 -0.439826638 0.891889334
vn 0.105290085 -0.439826638 0.891889334
vn 0.105290085 -0.439826638 0.891889334
vn 0.105290085 -0.439826638 0.891889334
vn 0.00326010236 -0.999327302 0.0365281329
vn 0.00326010236 -0.999327302 0.0365281329
vn 0.00326010236 -0.999327302 0.0365281329
vn 0.00326010236 -0.999327302 0.0365281329
vn -0.0915472731 -0.509507775 -0.855582237
vn -0.0915472731 -0.509507775 -0.855582237
vn -0.0915472731 -0.509507775 -0.855582237
vn -0.0915472731 -0.509507775 -0.855582237
vn 0.097044237 0.509066582 0.855238974
vn 0.097044237 0.509066582 0.855238974
vn 0.097044237 0.509066582 0.855238974
vn 0.097044237 0.509066582 0.855238974
vn -0.00384318898 0.999326706 -0.0364876986
vn -0.00384318898 0.999326706 -0.0364876986
vn -0.00384318898 0.999326706 -0.0364876986
vn -0.00384318898 0.999326706 -0.0364876986
vn 0.0970466062 0.700576544 0.706947267
vn 0.0970466062 0.700576544 0.706947267
vn 0.0970466062 0.700576544 0.706947267
vn 0.0970466062 0.700576544 0.706947267
vn 0.0770530477 0.963151217 -0.257687062
vn 0.0770530477 0.963151217 -0.257687062
vn 0.0770530477 0.963151217 -0.257687062
vn 0.0770530477 0.963151217 -0.257687062
vn -0.0326084755 0.223493472 -0.974159837
vn -0.0326084755 0.223493472 -0.974159837
vn -0.0326084755 0.223493472 -0.974159837
vn -0.0326084755 0.223493472 -0.974159837
vn -0.0940786526 -0.700976312 -0.706952214
vn -0.0940786526 -0.700976312 -0.706952214
vn -0.0940786526 -0.700976312 -0.706952214
vn -0.0940786526 -0.700976312 -0.706952214
vn -0.0712558106 -0.963624001 0.257587612
vn -0.0712558106 -0.963624001 0.257587612
vn -0.0712558106 -0.963624001 0.257587612
vn -0.0712558106 -0.963624001 0.257587612
vn 0.0194751713 -0.221845269 0.974887431
vn 0.0194751713 -0.221845269 0.974887431
vn 0.0194751713 -0.221845269 0.974887431
vn 0.0194751713 -0.221845269 0.974887431
g TitanTriggerFishDrip_0
f 3/3/3 2/2/2 1/1/1
f 6/6/6 5/5/5 4/4/4
f 9/9/9 8/8/8 7/7/7
f 12/12/12 11/11/11 10/10/10
f 15/15/15 14/14/14 13/13/13
f 18/18/18 17/17/17 16/16/16
f 21/21/21 20/20/20 19/19/19
f 24/24/24 23/23/23 22/22/22
f 27/27/27 26/26/26 25/25/25
f 30/30/30 29/29/29 28/28/28
f 33/33/33 32/32/32 31/31/31
f 36/36/36 35/35/35 34/34/34
f 39/39/39 38/38/38 37/37/37
f 42/42/42 41/41/41 40/40/40
f 45/45/45 44/44/44 43/43/43
f 48/48/48 47/47/47 46/46/46
f 51/51/51 50/50/50 49/49/49
f 54/54/54 53/53/53 52/52/52
f 57/57/57 56/56/56 55/55/55
f 60/60/60 59/59/59 58/58/58
f 63/63/63 62/62/62 61/61/61
f 66/66/66 65/65/65 64/64/64
f 69/69/69 68/68/68 67/67/67
f 72/72/72 71/71/71 70/70/70
f 75/75/75 74/74/74 73/73/73
f 78/78/78 77/77/77 76/76/76
f 81/81/81 80/80/80 79/79/79
f 84/84/84 83/83/83 82/82/82
f 87/87/87 86/86/86 85/85/85
f 90/90/90 89/89/89 88/88/88
f 93/93/93 92/92/92 91/91/91
f 96/96/96 95/95/95 94/94/94
f 99/99/99 98/98/98 97/97/97
f 102/102/102 101/101/101 100/100/100
f 105/105/105 104/104/104 103/103/103
f 108/108/108 107/107/107 106/106/106
f 111/111/111 110/110/110 109/109/109
f 114/114/114 113/113/113 112/112/112
f 117/117/117 116/116/116 115/115/115
f 120/120/120 119/119/119 118/118/118
f 123/123/123 122/122/122 121/121/121
f 126/126/126 125/125/125 124/124/124
f 129/129/129 128/128/128 127/127/127
f 132/132/132 131/131/131 130/130/130
f 135/135/135 134/134/134 133/133/133
f 138/138/138 137/137/137 136/136/136
f 141/141/141 140/140/140 139/139/139
f 144/144/144 143/143/143 142/142/142
f 147/147/147 146/146/146 145/145/145
f 150/150/150 149/149/149 148/148/148
f 153/153/153 152/152/152 151/151/151
f 156/156/156 155/155/155 154/154/154
f 159/159/159 158/158/158 157/157/157
f 162/162/162 161/161/161 160/160/160
f 165/165/165 164/164/164 163/163/163
f 168/168/168 167/167/167 166/166/166
f 171/171/171 170/170/170 169/169/169
f 174/174/174 173/173/173 172/172/172
f 177/177/177 176/176/176 175/175/175
f 180/180/180 179/179/179 178/178/178
f 183/183/183 182/182/182 181/181/181
f 186/186/186 185/185/185 184/184/184
f 189/189/189 188/188/188 187/187/187
f 192/192/192 191/191/191 190/190/190
f 195/195/195 194/194/194 193/193/193
f 198/198/198 197/197/197 196/196/196
f 201/201/201 200/200/200 199/199/199
f 204/204/204 203/203/203 202/202/202
f 207/207/207 206/206/206 205/205/205
f 210/210/210 209/209/209 208/208/208
f 213/213/213 212/212/212 211/211/211
f 216/216/216 215/215/215 214/214/214
f 219/219/219 218/218/218 217/217/217
f 222/222/222 221/221/221 220/220/220
f 225/225/225 224/224/224 223/223/223
f 228/228/228 227/227/227 226/226/226
f 231/231/231 230/230/230 229/229/229
f 234/234/234 233/233/233 232/232/232
f 237/237/237 236/236/236 235/235/235
f 240/240/240 239/239/239 238/238/238
f 243/243/243 242/242/242 241/241/241
f 246/246/246 245/245/245 244/244/244
f 249/249/249 248/248/248 247/247/247
f 252/252/252 251/251/251 250/250/250
f 255/255/255 254/254/254 253/253/253
f 258/258/258 257/257/257 256/256/256
f 261/261/261 260/260/260 259/259/259
f 264/264/264 263/263/263 262/262/262
f 267/267/267 266/266/266 265/265/265
f 268/268/268 267/267/267 265/265/265
f 270/270/270 269/269/269 265/265/265
f 271/271/271 270/270/270 265/265/265
f 274/274/274 273/273/273 272/272/272
f 275/275/275 274/274/274 272/272/272
f 278/278/278 277/277/277 276/276/276
f 279/279/279 278/278/278 276/276/276
f 282/282/282 281/281/281 280/280/280
f 283/283/283 282/282/282 280/280/280
f 286/286/286 285/285/285 284/284/284
f 287/287/287 286/286/286 284/284/284
f 287/287/287 284/284/284 288/288/288
f 289/289/289 287/287/287 288/288/288
f 292/292/292 291/291/291 290/290/290
f 293/293/293 292/292/292 290/290/290
f 296/296/296 295/295/295 294/294/294
f 297/297/297 296/296/296 294/294/294
f 300/300/300 299/299/299 298/298/298
f 301/301/301 300/300/300 298/298/298
f 304/304/304 303/303/303 302/302/302
f 305/305/305 304/304/304 302/302/302
f 308/308/308 307/307/307 306/306/306
f 309/309/309 308/308/308 306/306/306
f 312/312/312 311/311/311 310/310/310
f 313/313/313 312/312/312 310/310/310
f 316/316/316 315/315/315 314/314/314
f 317/317/317 316/316/316 314/314/314
f 320/320/320 319/319/319 318/318/318
f 321/321/321 320/320/320 318/318/318
f 324/324/324 323/323/323 322/322/322
f 325/325/325 324/324/324 322/322/322
f 328/328/328 327/327/327 326/326/326
f 329/329/329 328/328/328 326/326/326
f 331/331/331 330/330/330 329/329/329
f 332/332/332 331/331/331 329/329/329
f 335/335/335 334/334/334 333/333/333
f 336/336/336 335/335/335 333/333/333
f 339/339/339 338/338/338 337/337/337
f 340/340/340 339/339/339 337/337/337
f 341/341/341 339/339/339 340/340/340
f 342/342/342 341/341/341 340/340/340
f 345/345/345 344/344/344 343/343/343
f 346/346/346 345/345/345 343/343/343
f 349/349/349 348/348/348 347/347/347
f 350/350/350 349/349/349 347/347/347
f 353/353/353 352/352/352 351/351/351
f 354/354/354 353/353/353 351/351/351
f 357/357/357 356/356/356 355/355/355
f 358/358/358 357/357/357 355/355/355
f 361/361/361 360/360/360 359/359/359
f 362/362/362 361/361/361 359/359/359
f 365/365/365 364/364/364 363/363/363
f 366/366/366 365/365/365 363/363/363
f 369/369/369 368/368/368 367/367/367
f 370/370/370 369/369/369 367/367/367
f 373/373/373 372/372/372 371/371/371
f 374/374/374 373/373/373 371/371/371
f 377/377/377 376/376/376 375/375/375
f 378/378/378 377/377/377 375/375/375
f 381/381/381 380/380/380 379/379/379
f 382/382/382 381/381/381 379/379/379
f 385/385/385 384/384/384 383/383/383
f 386/386/386 385/385/385 383/383/383
f 389/389/389 388/388/388 387/387/387
f 390/390/390 389/389/389 387/387/387
f 390/390/390 391/391/391 389/389/389
f 394/394/394 393/393/393 392/392/392
f 395/395/395 394/394/394 392/392/392
f 398/398/398 397/397/397 396/396/396
f 399/399/399 398/398/398 396/396/396
f 402/402/402 401/401/401 400/400/400
f 403/403/403 402/402/402 400/400/400
f 406/406/406 405/405/405 404/404/404
f 407/407/407 406/406/406 404/404/404
f 410/410/410 409/409/409 408/408/408
f 411/411/411 410/410/410 408/408/408
f 414/414/414 413/413/413 412/412/412
f 415/415/415 414/414/414 412/412/412
f 418/418/418 417/417/417 416/416/416
f 419/419/419 418/418/418 416/416/416
f 422/422/422 421/421/421 420/420/420
f 423/423/423 422/422/422 420/420/420
f 426/426/426 425/425/425 424/424/424
f 427/427/427 426/426/426 424/424/424
f 430/430/430 429/429/429 428/428/428
f 431/431/431 430/430/430 428/428/428
f 434/434/434 433/433/433 432/432/432
f 435/435/435 434/434/434 432/432/432
f 438/438/438 437/437/437 436/436/436
f 439/439/439 438/438/438 436/436/436
f 439/439/439 436/436/436 440/440/440
f 441/441/441 439/439/439 440/440/440
f 441/441/441 440/440/440 442/442/442
f 443/443/443 441/441/441 442/442/442
f 446/446/446 445/445/445 444/444/444
f 447/447/447 446/446/446 444/444/444
f 450/450/450 449/449/449 448/448/448
f 451/451/451 450/450/450 448/448/448
f 454/454/454 453/453/453 452/452/452
f 455/455/455 454/454/454 452/452/452
f 458/458/458 457/457/457 456/456/456
f 459/459/459 458/458/458 456/456/456
f 462/462/462 461/461/461 460/460/460
f 463/463/463 462/462/462 460/460/460
f 466/466/466 465/465/465 464/464/464
f 467/467/467 466/466/466 464/464/464
f 470/470/470 469/469/469 468/468/468
f 471/471/471 470/470/470 468/468/468
f 474/474/474 473/473/473 472/472/472
f 475/475/475 474/474/474 472/472/472
f 478/478/478 477/477/477 476/476/476
f 479/479/479 478/478/478 476/476/476
f 482/482/482 481/481/481 480/480/480
f 483/483/483 482/482/482 480/480/480
f 486/486/486 485/485/485 484/484/484
f 487/487/487 486/486/486 484/484/484
f 490/490/490 489/489/489 488/488/488
f 491/491/491 490/490/490 488/488/488
f 494/494/494 493/493/493 492/492/492
f 495/495/495 494/494/494 492/492/492
f 498/498/498 497/497/497 496/496/496
f 499/499/499 498/498/498 496/496/496
f 502/502/502 501/501/501 500/500/500
f 503/503/503 502/502/502 500/500/500
f 506/506/506 505/505/505 504/504/504
f 507/507/507 506/506/506 504/504/504
f 510/510/510 509/509/509 508/508/508
f 511/511/511 510/510/510 508/508/508
f 514/514/514 513/513/513 512/512/512
f 515/515/515 514/514/514 512/512/512
f 518/518/518 517/517/517 516/516/516
f 519/519/519 518/518/518 516/516/516
f 520/520/520 519/519/519 516/516/516
f 521/521/521 520/520/520 516/516/516
f 524/524/524 523/523/523 522/522/522
f 523/523/523 525/525/525 522/522/522
f 528/528/528 527/527/527 526/526/526
f 529/529/529 528/528/528 526/526/526
f 532/532/532 531/531/531 530/530/530
f 533/533/533 532/532/532 530/530/530
f 536/536/536 535/535/535 534/534/534
f 537/537/537 536/536/536 534/534/534
f 540/540/540 539/539/539 538/538/538
f 541/541/541 540/540/540 538/538/538
f 544/544/544 543/543/543 542/542/542
f 545/545/545 544/544/544 542/542/542
f 548/548/548 547/547/547 546/546/546
f 549/549/549 548/548/548 546/546/546
f 552/552/552 551/551/551 550/550/550
f 553/553/553 552/552/552 550/550/550
f 556/556/556 555/555/555 554/554/554
f 557/557/557 556/556/556 554/554/554
f 560/560/560 559/559/559 558/558/558
f 561/561/561 560/560/560 558/558/558
f 564/564/564 563/563/563 562/562/562
f 565/565/565 564/564/564 562/562/562
f 568/568/568 567/567/567 566/566/566
f 569/569/569 568/568/568 566/566/566
f 572/572/572 571/571/571 570/570/570
f 573/573/573 572/572/572 570/570/570
f 576/576/576 575/575/575 574/574/574
f 577/577/577 576/576/576 574/574/574
f 580/580/580 579/579/579 578/578/578
f 581/581/581 580/580/580 578/578/578
f 584/584/584 583/583/583 582/582/582
f 585/585/585 584/584/584 582/582/582
f 588/588/588 587/587/587 586/586/586
f 589/589/589 588/588/588 586/586/586
f 592/592/592 591/591/591 590/590/590
f 593/593/593 592/592/592 590/590/590
f 596/596/596 595/595/595 594/594/594
f 597/597/597 596/596/596 594/594/594
f 600/600/600 599/599/599 598/598/598
f 601/601/601 600/600/600 598/598/598
f 604/604/604 603/603/603 602/602/602
f 605/605/605 604/604/604 602/602/602
f 608/608/608 607/607/607 606/606/606
f 609/609/609 608/608/608 606/606/606
f 612/612/612 611/611/611 610/610/610
f 613/613/613 612/612/612 610/610/610
f 616/616/616 615/615/615 614/614/614
f 617/617/617 616/616/616 614/614/614
f 620/620/620 619/619/619 618/618/618
f 621/621/621 620/620/620 618/618/618
f 624/624/624 623/623/623 622/622/622
f 625/625/625 624/624/624 622/622/622
f 628/628/628 627/627/627 626/626/626
f 629/629/629 628/628/628 626/626/626
f 632/632/632 631/631/631 630/630/630
f 633/633/633 632/632/632 630/630/630
f 636/636/636 635/635/635 634/634/634
f 637/637/637 636/636/636 634/634/634
f 640/640/640 639/639/639 638/638/638
f 641/641/641 640/640/640 638/638/638
f 644/644/644 643/643/643 642/642/642
f 645/645/645 644/644/644 642/642/642
f 648/648/648 647/647/647 646/646/646
f 649/649/649 648/648/648 646/646/646
f 652/652/652 651/651/651 650/650/650
f 653/653/653 652/652/652 650/650/650
f 656/656/656 655/655/655 654/654/654
f 655/655/655 657/657/657 654/654/654
f 654/654/654 657/657/657 658/658/658
f 657/657/657 659/659/659 658/658/658
f 662/662/662 661/661/661 660/660/660
f 663/663/663 662/662/662 660/660/660
f 666/666/666 665/665/665 664/664/664
f 667/667/667 666/666/666 664/664/664
f 670/670/670 669/669/669 668/668/668
f 671/671/671 670/670/670 668/668/668
f 674/674/674 673/673/673 672/672/672
f 675/675/675 674/674/674 672/672/672
f 678/678/678 677/677/677 676/676/676
f 679/679/679 678/678/678 676/676/676
f 682/682/682 681/681/681 680/680/680
f 683/683/683 682/682/682 680/680/680
f 686/686/686 685/685/685 684/684/684
f 687/687/687 686/686/686 684/684/684
f 690/690/690 689/689/689 688/688/688
f 691/691/691 690/690/690 688/688/688
f 694/694/694 693/693/693 692/692/692
f 695/695/695 694/694/694 692/692/692
f 698/698/698 697/697/697 696/696/696
f 699/699/699 698/698/698 696/696/696
f 702/702/702 701/701/701 700/700/700
f 703/703/703 702/702/702 700/700/700
f 706/706/706 705/705/705 704/704/704
f 707/707/707 706/706/706 704/704/704
f 710/710/710 709/709/709 708/708/708
f 711/711/711 710/710/710 708/708/708
f 714/714/714 713/713/713 712/712/712
f 715/715/715 714/714/714 712/712/712
f 718/718/718 717/717/717 716/716/716
f 719/719/719 718/718/718 716/716/716
f 722/722/722 721/721/721 720/720/720
f 723/723/723 722/722/722 720/720/720
f 726/726/726 725/725/725 724/724/724
f 727/727/727 726/726/726 724/724/724
f 730/730/730 729/729/729 728/728/728
f 731/731/731 730/730/730 728/728/728
f 734/734/734 733/733/733 732/732/732
f 735/735/735 734/734/734 732/732/732
f 738/738/738 737/737/737 736/736/736
f 739/739/739 738/738/738 736/736/736
f 742/742/742 741/741/741 740/740/740
f 743/743/743 742/742/742 740/740/740
f 746/746/746 745/745/745 744/744/744
f 747/747/747 746/746/746 744/744/744
f 750/750/750 749/749/749 748/748/748
f 751/751/751 750/750/750 748/748/748
f 754/754/754 753/753/753 752/752/752
f 755/755/755 754/754/754 752/752/752
f 758/758/758 757/757/757 756/756/756
f 759/759/759 758/758/758 756/756/756
f 762/762/762 761/761/761 760/760/760
f 763/763/763 762/762/762 760/760/760
f 766/766/766 765/765/765 764/764/764
f 767/767/767 766/766/766 764/764/764
f 770/770/770 769/769/769 768/768/768
f 771/771/771 770/770/770 768/768/768
f 774/774/774 773/773/773 772/772/772
f 775/775/775 774/774/774 772/772/772
f 778/778/778 777/777/777 776/776/776
f 779/779/779 778/778/778 776/776/776
f 782/782/782 781/781/781 780/780/780
f 783/783/783 782/782/782 780/780/780
f 786/786/786 785/785/785 784/784/784
f 787/787/787 786/786/786 784/784/784
f 790/790/790 789/789/789 788/788/788
f 789/789/789 791/791/791 788/788/788
f 788/788/788 791/791/791 792/792/792
f 791/791/791 793/793/793 792/792/792
f 796/796/796 795/795/795 794/794/794
f 797/797/797 796/796/796 794/794/794
f 800/800/800 799/799/799 798/798/798
f 801/801/801 800/800/800 798/798/798
f 804/804/804 803/803/803 802/802/802
f 805/805/805 804/804/804 802/802/802
f 808/808/808 807/807/807 806/806/806
f 809/809/809 808/808/808 806/806/806
f 812/812/812 811/811/811 810/810/810
f 813/813/813 812/812/812 810/810/810
f 816/816/816 815/815/815 814/814/814
f 817/817/817 816/816/816 814/814/814
f 820/820/820 819/819/819 818/818/818
f 821/821/821 820/820/820 818/818/818
f 824/824/824 823/823/823 822/822/822
f 825/825/825 824/824/824 822/822/822
f 828/828/828 827/827/827 826/826/826
f 829/829/829 828/828/828 826/826/826
f 832/832/832 831/831/831 830/830/830
f 831/831/831 833/833/833 830/830/830
f 835/835/835 834/834/834 833/833/833
f 836/836/836 835/835/835 833/833/833
f 839/839/839 838/838/838 837/837/837
f 840/840/840 839/839/839 837/837/837
f 843/843/843 842/842/842 841/841/841
f 842/842/842 844/844/844 841/841/841
f 842/842/842 845/845/845 844/844/844
f 845/845/845 846/846/846 844/844/844
f 849/849/849 848/848/848 847/847/847
f 850/850/850 849/849/849 847/847/847
f 853/853/853 852/852/852 851/851/851
f 854/854/854 853/853/853 851/851/851
f 857/857/857 856/856/856 855/855/855
f 858/858/858 857/857/857 855/855/855
f 861/861/861 860/860/860 859/859/859
f 862/862/862 861/861/861 859/859/859
f 865/865/865 864/864/864 863/863/863
f 866/866/866 865/865/865 863/863/863
f 869/869/869 868/868/868 867/867/867
f 870/870/870 869/869/869 867/867/867
f 873/873/873 872/872/872 871/871/871
f 874/874/874 873/873/873 871/871/871
f 877/877/877 876/876/876 875/875/875
f 878/878/878 877/877/877 875/875/875
f 881/881/881 880/880/880 879/879/879
f 882/882/882 881/881/881 879/879/879
f 885/885/885 884/884/884 883/883/883
f 886/886/886 885/885/885 883/883/883
f 889/889/889 888/888/888 887/887/887
f 890/890/890 889/889/889 887/887/887
f 893/893/893 892/892/892 891/891/891
f 892/892/892 894/894/894 891/891/891
f 895/895/895 894/894/894 892/892/892
f 898/898/898 897/897/897 896/896/896
f 899/899/899 898/898/898 896/896/896
f 902/902/902 901/901/901 900/900/900
f 903/903/903 902/902/902 900/900/900
f 906/906/906 905/905/905 904/904/904
f 907/907/907 906/906/906 904/904/904
f 910/910/910 909/909/909 908/908/908
f 911/911/911 910/910/910 908/908/908
f 914/914/914 913/913/913 912/912/912
f 915/915/915 914/914/914 912/912/912
f 918/918/918 917/917/917 916/916/916
f 919/919/919 918/918/918 916/916/916
f 922/922/922 921/921/921 920/920/920
f 923/923/923 922/922/922 920/920/920
f 926/926/926 925/925/925 924/924/924
f 927/927/927 926/926/926 924/924/924
f 930/930/930 929/929/929 928/928/928
f 931/931/931 930/930/930 928/928/928
f 934/934/934 933/933/933 932/932/932
f 935/935/935 934/934/934 932/932/932
f 938/938/938 937/937/937 936/936/936
f 939/939/939 938/938/938 936/936/936
f 942/942/942 941/941/941 940/940/940
f 941/941/941 943/943/943 940/940/940
f 940/940/940 943/943/943 944/944/944
f 943/943/943 945/945/945 944/944/944
f 944/944/944 945/945/945 946/946/946
f 945/945/945 947/947/947 946/946/946
f 950/950/950 949/949/949 948/948/948
f 951/951/951 950/950/950 948/948/948
f 954/954/954 953/953/953 952/952/952
f 955/955/955 954/954/954 952/952/952
f 958/958/958 957/957/957 956/956/956
f 959/959/959 958/958/958 956/956/956
f 962/962/962 961/961/961 960/960/960
f 963/963/963 962/962/962 960/960/960
f 966/966/966 965/965/965 964/964/964
f 967/967/967 966/966/966 964/964/964
f 970/970/970 969/969/969 968/968/968
f 971/971/971 970/970/970 968/968/968
f 974/974/974 973/973/973 972/972/972
f 975/975/975 974/974/974 972/972/972
f 978/978/978 977/977/977 976/976/976
f 979/979/979 978/978/978 976/976/976
f 982/982/982 981/981/981 980/980/980
f 983/983/983 982/982/982 980/980/980
f 986/986/986 985/985/985 984/984/984
f 987/987/987 986/986/986 984/984/984
f 990/990/990 989/989/989 988/988/988
f 991/991/991 990/990/990 988/988/988
f 994/994/994 993/993/993 992/992/992
f 995/995/995 994/994/994 992/992/992
f 998/998/998 997/997/997 996/996/996
f 999/999/999 998/998/998 996/996/996
f 1002/1002/1002 1001/1001/1001 1000/1000/1000
f 1003/1003/1003 1002/1002/1002 1000/1000/1000
f 1006/1006/1006 1005/1005/1005 1004/1004/1004
f 1007/1007/1007 1006/1006/1006 1004/1004/1004
f 1010/1010/1010 1009/1009/1009 1008/1008/1008
f 1011/1011/1011 1010/1010/1010 1008/1008/1008
f 1014/1014/1014 1013/1013/1013 1012/1012/1012
f 1015/1015/1015 1014/1014/1014 1012/1012/1012
f 1018/1018/1018 1017/1017/1017 1016/1016/1016
f 1019/1019/1019 1018/1018/1018 1016/1016/1016
f 1022/1022/1022 1021/1021/1021 1020/1020/1020
f 1023/1023/1023 1022/1022/1022 1020/1020/1020
f 1026/1026/1026 1025/1025/1025 1024/1024/1024
f 1027/1027/1027 1026/1026/1026 1024/1024/1024
f 1030/1030/1030 1029/1029/1029 1028/1028/1028
f 1031/1031/1031 1030/1030/1030 1028/1028/1028
f 1034/1034/1034 1033/1033/1033 1032/1032/1032
f 1035/1035/1035 1034/1034/1034 1032/1032/1032
f 1038/1038/1038 1037/1037/1037 1036/1036/1036
f 1039/1039/1039 1038/1038/1038 1036/1036/1036
f 1042/1042/1042 1041/1041/1041 1040/1040/1040
f 1043/1043/1043 1042/1042/1042 1040/1040/1040
f 1046/1046/1046 1045/1045/1045 1044/1044/1044
f 1047/1047/1047 1046/1046/1046 1044/1044/1044
f 1050/1050/1050 1049/1049/1049 1048/1048/1048
f 1051/1051/1051 1050/1050/1050 1048/1048/1048
f 1054/1054/1054 1053/1053/1053 1052/1052/1052
f 1055/1055/1055 1054/1054/1054 1052/1052/1052
f 1058/1058/1058 1057/1057/1057 1056/1056/1056
f 1059/1059/1059 1058/1058/1058 1056/1056/1056
f 1062/1062/1062 1061/1061/1061 1060/1060/1060
f 1063/1063/1063 1062/1062/1062 1060/1060/1060
f 1066/1066/1066 1065/1065/1065 1064/1064/1064
f 1067/1067/1067 1066/1066/1066 1064/1064/1064
f 1070/1070/1070 1069/1069/1069 1068/1068/1068
f 1071/1071/1071 1070/1070/1070 1068/1068/1068
f 1074/1074/1074 1073/1073/1073 1072/1072/1072
f 1075/1075/1075 1074/1074/1074 1072/1072/1072
f 1078/1078/1078 1077/1077/1077 1076/1076/1076
f 1079/1079/1079 1078/1078/1078 1076/1076/1076
f 1082/1082/1082 1081/1081/1081 1080/1080/1080
f 1083/1083/1083 1082/1082/1082 1080/1080/1080
f 1086/1086/1086 1085/1085/1085 1084/1084/1084
f 1087/1087/1087 1086/1086/1086 1084/1084/1084
f 1090/1090/1090 1089/1089/1089 1088/1088/1088
f 1091/1091/1091 1090/1090/1090 1088/1088/1088
f 1094/1094/1094 1093/1093/1093 1092/1092/1092
f 1095/1095/1095 1094/1094/1094 1092/1092/1092
f 1098/1098/1098 1097/1097/1097 1096/1096/1096
f 1099/1099/1099 1098/1098/1098 1096/1096/1096
f 1102/1102/1102 1101/1101/1101 1100/1100/1100
f 1103/1103/1103 1102/1102/1102 1100/1100/1100
f 1106/1106/1106 1105/1105/1105 1104/1104/1104
f 1107/1107/1107 1106/1106/1106 1104/1104/1104
f 1110/1110/1110 1109/1109/1109 1108/1108/1108
f 1111/1111/1111 1110/1110/1110 1108/1108/1108
f 1114/1114/1114 1113/1113/1113 1112/1112/1112
f 1115/1115/1115 1114/1114/1114 1112/1112/1112
f 1118/1118/1118 1117/1117/1117 1116/1116/1116
f 1119/1119/1119 1118/1118/1118 1116/1116/1116
f 1122/1122/1122 1121/1121/1121 1120/1120/1120
f 1123/1123/1123 1122/1122/1122 1120/1120/1120
f 1126/1126/1126 1125/1125/1125 1124/1124/1124
f 1127/1127/1127 1126/1126/1126 1124/1124/1124
f 1130/1130/1130 1129/1129/1129 1128/1128/1128
f 1131/1131/1131 1130/1130/1130 1128/1128/1128
f 1134/1134/1134 1133/1133/1133 1132/1132/1132
f 1135/1135/1135 1134/1134/1134 1132/1132/1132
f 1138/1138/1138 1137/1137/1137 1136/1136/1136
f 1139/1139/1139 1138/1138/1138 1136/1136/1136
f 1142/1142/1142 1141/1141/1141 1140/1140/1140
f 1143/1143/1143 1142/1142/1142 1140/1140/1140
f 1146/1146/1146 1145/1145/1145 1144/1144/1144
f 1147/1147/1147 1146/1146/1146 1144/1144/1144
f 1147/1147/1147 1144/1144/1144 1148/1148/1148
f 1149/1149/1149 1147/1147/1147 1148/1148/1148
f 1152/1152/1152 1151/1151/1151 1150/1150/1150
f 1153/1153/1153 1152/1152/1152 1150/1150/1150
f 1156/1156/1156 1155/1155/1155 1154/1154/1154
f 1157/1157/1157 1156/1156/1156 1154/1154/1154
f 1160/1160/1160 1159/1159/1159 1158/1158/1158
f 1161/1161/1161 1160/1160/1160 1158/1158/1158
f 1164/1164/1164 1163/1163/1163 1162/1162/1162
f 1165/1165/1165 1164/1164/1164 1162/1162/1162
f 1168/1168/1168 1167/1167/1167 1166/1166/1166
f 1169/1169/1169 1168/1168/1168 1166/1166/1166
f 1172/1172/1172 1171/1171/1171 1170/1170/1170
f 1173/1173/1173 1172/1172/1172 1170/1170/1170
f 1176/1176/1176 1175/1175/1175 1174/1174/1174
f 1177/1177/1177 1176/1176/1176 1174/1174/1174
f 1180/1180/1180 1179/1179/1179 1178/1178/1178
f 1181/1181/1181 1180/1180/1180 1178/1178/1178
f 1184/1184/1184 1183/1183/1183 1182/1182/1182
f 1185/1185/1185 1184/1184/1184 1182/1182/1182
f 1188/1188/1188 1187/1187/1187 1186/1186/1186
f 1189/1189/1189 1188/1188/1188 1186/1186/1186
f 1192/1192/1192 1191/1191/1191 1190/1190/1190
f 1193/1193/1193 1192/1192/1192 1190/1190/1190
f 1196/1196/1196 1195/1195/1195 1194/1194/1194
f 1197/1197/1197 1196/1196/1196 1194/1194/1194
f 1200/1200/1200 1199/1199/1199 1198/1198/1198
f 1201/1201/1201 1200/1200/1200 1198/1198/1198
f 1204/1204/1204 1203/1203/1203 1202/1202/1202
f 1205/1205/1205 1204/1204/1204 1202/1202/1202
f 1208/1208/1208 1207/1207/1207 1206/1206/1206
f 1209/1209/1209 1208/1208/1208 1206/1206/1206
f 1212/1212/1212 1211/1211/1211 1210/1210/1210
f 1213/1213/1213 1212/1212/1212 1210/1210/1210
f 1216/1216/1216 1215/1215/1215 1214/1214/1214
f 1217/1217/1217 1216/1216/1216 1214/1214/1214
f 1220/1220/1220 1219/1219/1219 1218/1218/1218
f 1221/1221/1221 1220/1220/1220 1218/1218/1218
f 1224/1224/1224 1223/1223/1223 1222/1222/1222
f 1225/1225/1225 1224/1224/1224 1222/1222/1222
f 1228/1228/1228 1227/1227/1227 1226/1226/1226
f 1229/1229/1229 1228/1228/1228 1226/1226/1226
f 1232/1232/1232 1231/1231/1231 1230/1230/1230
f 1233/1233/1233 1232/1232/1232 1230/1230/1230
f 1236/1236/1236 1235/1235/1235 1234/1234/1234
f 1237/1237/1237 1236/1236/1236 1234/1234/1234
f 1240/1240/1240 1239/1239/1239 1238/1238/1238
f 1241/1241/1241 1240/1240/1240 1238/1238/1238
f 1244/1244/1244 1243/1243/1243 1242/1242/1242
f 1245/1245/1245 1244/1244/1244 1242/1242/1242
f 1248/1248/1248 1247/1247/1247 1246/1246/1246
f 1249/1249/1249 1248/1248/1248 1246/1246/1246
f 1252/1252/1252 1251/1251/1251 1250/1250/1250
f 1253/1253/1253 1252/1252/1252 1250/1250/1250
f 1256/1256/1256 1255/1255/1255 1254/1254/1254
f 1257/1257/1257 1256/1256/1256 1254/1254/1254
f 1260/1260/1260 1259/1259/1259 1258/1258/1258
f 1261/1261/1261 1260/1260/1260 1258/1258/1258
f 1264/1264/1264 1263/1263/1263 1262/1262/1262
f 1265/1265/1265 1264/1264/1264 1262/1262/1262
f 1268/1268/1268 1267/1267/1267 1266/1266/1266
f 1269/1269/1269 1268/1268/1268 1266/1266/1266
f 1272/1272/1272 1271/1271/1271 1270/1270/1270
f 1273/1273/1273 1272/1272/1272 1270/1270/1270
f 1276/1276/1276 1275/1275/1275 1274/1274/1274
f 1277/1277/1277 1276/1276/1276 1274/1274/1274
f 1280/1280/1280 1279/1279/1279 1278/1278/1278
f 1281/1281/1281 1280/1280/1280 1278/1278/1278
f 1284/1284/1284 1283/1283/1283 1282/1282/1282
f 1285/1285/1285 1284/1284/1284 1282/1282/1282
f 1288/1288/1288 1287/1287/1287 1286/1286/1286
f 1289/1289/1289 1288/1288/1288 1286/1286/1286
f 1292/1292/1292 1291/1291/1291 1290/1290/1290
f 1293/1293/1293 1292/1292/1292 1290/1290/1290
f 1296/1296/1296 1295/1295/1295 1294/1294/1294
f 1297/1297/1297 1296/1296/1296 1294/1294/1294
f 1300/1300/1300 1299/1299/1299 1298/1298/1298
f 1301/1301/1301 1300/1300/1300 1298/1298/1298
f 1304/1304/1304 1303/1303/1303 1302/1302/1302
f 1305/1305/1305 1304/1304/1304 1302/1302/1302
f 1308/1308/1308 1307/1307/1307 1306/1306/1306
f 1309/1309/1309 1308/1308/1308 1306/1306/1306
f 1312/1312/1312 1311/1311/1311 1310/1310/1310
f 1313/1313/1313 1312/1312/1312 1310/1310/1310
f 1316/1316/1316 1315/1315/1315 1314/1314/1314
f 1317/1317/1317 1316/1316/1316 1314/1314/1314
f 1318/1318/1318 1316/1316/1316 1317/1317/1317
f 1319/1319/1319 1318/1318/1318 1317/1317/1317
f 1322/1322/1322 1321/1321/1321 1320/1320/1320
f 1323/1323/1323 1322/1322/1322 1320/1320/1320
f 1326/1326/1326 1325/1325/1325 1324/1324/1324
f 1327/1327/1327 1326/1326/1326 1324/1324/1324
f 1330/1330/1330 1329/1329/1329 1328/1328/1328
f 1331/1331/1331 1330/1330/1330 1328/1328/1328
f 1334/1334/1334 1333/1333/1333 1332/1332/1332
f 1335/1335/1335 1334/1334/1334 1332/1332/1332
f 1338/1338/1338 1337/1337/1337 1336/1336/1336
f 1339/1339/1339 1338/1338/1338 1336/1336/1336
f 1342/1342/1342 1341/1341/1341 1340/1340/1340
f 1343/1343/1343 1342/1342/1342 1340/1340/1340
f 1346/1346/1346 1345/1345/1345 1344/1344/1344
f 1347/1347/1347 1346/1346/1346 1344/1344/1344
f 1350/1350/1350 1349/1349/1349 1348/1348/1348
f 1351/1351/1351 1350/1350/1350 1348/1348/1348
f 1354/1354/1354 1353/1353/1353 1352/1352/1352
f 1355/1355/1355 1354/1354/1354 1352/1352/1352
f 1358/1358/1358 1357/1357/1357 1356/1356/1356
f 1359/1359/1359 1358/1358/1358 1356/1356/1356
f 1362/1362/1362 1361/1361/1361 1360/1360/1360
f 1363/1363/1363 1362/1362/1362 1360/1360/1360
f 1366/1366/1366 1365/1365/1365 1364/1364/1364
f 1367/1367/1367 1366/1366/1366 1364/1364/1364
f 1370/1370/1370 1369/1369/1369 1368/1368/1368
f 1371/1371/1371 1370/1370/1370 1368/1368/1368
f 1374/1374/1374 1373/1373/1373 1372/1372/1372
f 1375/1375/1375 1374/1374/1374 1372/1372/1372
f 1378/1378/1378 1377/1377/1377 1376/1376/1376
f 1379/1379/1379 1378/1378/1378 1376/1376/1376
f 1382/1382/1382 1381/1381/1381 1380/1380/1380
f 1383/1383/1383 1382/1382/1382 1380/1380/1380
f 1386/1386/1386 1385/1385/1385 1384/1384/1384
f 1387/1387/1387 1386/1386/1386 1384/1384/1384
f 1390/1390/1390 1389/1389/1389 1388/1388/1388
f 1391/1391/1391 1390/1390/1390 1388/1388/1388
f 1394/1394/1394 1393/1393/1393 1392/1392/1392
f 1395/1395/1395 1394/1394/1394 1392/1392/1392
f 1398/1398/1398 1397/1397/1397 1396/1396/1396
f 1399/1399/1399 1398/1398/1398 1396/1396/1396
f 1402/1402/1402 1401/1401/1401 1400/1400/1400
f 1403/1403/1403 1402/1402/1402 1400/1400/1400
f 1406/1406/1406 1405/1405/1405 1404/1404/1404
f 1407/1407/1407 1406/1406/1406 1404/1404/1404
f 1410/1410/1410 1409/1409/1409 1408/1408/1408
f 1411/1411/1411 1410/1410/1410 1408/1408/1408
f 1414/1414/1414 1413/1413/1413 1412/1412/1412
f 1415/1415/1415 1414/1414/1414 1412/1412/1412
f 1418/1418/1418 1417/1417/1417 1416/1416/1416
f 1419/1419/1419 1418/1418/1418 1416/1416/1416
f 1422/1422/1422 1421/1421/1421 1420/1420/1420
f 1423/1423/1423 1422/1422/1422 1420/1420/1420
f 1426/1426/1426 1425/1425/1425 1424/1424/1424
f 1427/1427/1427 1426/1426/1426 1424/1424/1424
f 1430/1430/1430 1429/1429/1429 1428/1428/1428
f 1431/1431/1431 1430/1430/1430 1428/1428/1428
f 1434/1434/1434 1433/1433/1433 1432/1432/1432
f 1435/1435/1435 1434/1434/1434 1432/1432/1432
f 1438/1438/1438 1437/1437/1437 1436/1436/1436
f 1439/1439/1439 1438/1438/1438 1436/1436/1436
f 1442/1442/1442 1441/1441/1441 1440/1440/1440
f 1443/1443/1443 1442/1442/1442 1440/1440/1440
f 1446/1446/1446 1445/1445/1445 1444/1444/1444
f 1447/1447/1447 1446/1446/1446 1444/1444/1444
f 1450/1450/1450 1449/1449/1449 1448/1448/1448
f 1451/1451/1451 1450/1450/1450 1448/1448/1448
f 1454/1454/1454 1453/1453/1453 1452/1452/1452
f 1455/1455/1455 1454/1454/1454 1452/1452/1452
f 1458/1458/1458 1457/1457/1457 1456/1456/1456
f 1459/1459/1459 1458/1458/1458 1456/1456/1456
f 1462/1462/1462 1461/1461/1461 1460/1460/1460
f 1463/1463/1463 1462/1462/1462 1460/1460/1460
f 1466/1466/1466 1465/1465/1465 1464/1464/1464
f 1467/1467/1467 1466/1466/1466 1464/1464/1464
f 1470/1470/1470 1469/1469/1469 1468/1468/1468
f 1471/1471/1471 1470/1470/1470 1468/1468/1468
f 1474/1474/1474 1473/1473/1473 1472/1472/1472
f 1475/1475/1475 1474/1474/1474 1472/1472/1472
f 1478/1478/1478 1477/1477/1477 1476/1476/1476
f 1479/1479/1479 1478/1478/1478 1476/1476/1476
f 1482/1482/1482 1481/1481/1481 1480/1480/1480
f 1483/1483/1483 1482/1482/1482 1480/1480/1480
f 1486/1486/1486 1485/1485/1485 1484/1484/1484
f 1487/1487/1487 1486/1486/1486 1484/1484/1484
f 1490/1490/1490 1489/1489/1489 1488/1488/1488
f 1491/1491/1491 1490/1490/1490 1488/1488/1488
f 1494/1494/1494 1493/1493/1493 1492/1492/1492
f 1495/1495/1495 1494/1494/1494 1492/1492/1492
f 1498/1498/1498 1497/1497/1497 1496/1496/1496
f 1499/1499/1499 1498/1498/1498 1496/1496/1496
f 1502/1502/1502 1501/1501/1501 1500/1500/1500
f 1503/1503/1503 1502/1502/1502 1500/1500/1500
f 1506/1506/1506 1505/1505/1505 1504/1504/1504
f 1507/1507/1507 1506/1506/1506 1504/1504/1504
f 1510/1510/1510 1509/1509/1509 1508/1508/1508
f 1511/1511/1511 1510/1510/1510 1508/1508/1508
f 1514/1514/1514 1513/1513/1513 1512/1512/1512
f 1515/1515/1515 1514/1514/1514 1512/1512/1512
f 1518/1518/1518 1517/1517/1517 1516/1516/1516
f 1519/1519/1519 1518/1518/1518 1516/1516/1516
f 1520/1520/1520 1518/1518/1518 1519/1519/1519
f 1521/1521/1521 1520/1520/1520 1519/1519/1519
f 1524/1524/1524 1523/1523/1523 1522/1522/1522
f 1525/1525/1525 1524/1524/1524 1522/1522/1522
f 1528/1528/1528 1527/1527/1527 1526/1526/1526
f 1529/1529/1529 1528/1528/1528 1526/1526/1526
f 1532/1532/1532 1531/1531/1531 1530/1530/1530
f 1533/1533/1533 1532/1532/1532 1530/1530/1530
f 1536/1536/1536 1535/1535/1535 1534/1534/1534
f 1537/1537/1537 1536/1536/1536 1534/1534/1534
f 1540/1540/1540 1539/1539/1539 1538/1538/1538
f 1541/1541/1541 1540/1540/1540 1538/1538/1538
f 1544/1544/1544 1543/1543/1543 1542/1542/1542
f 1545/1545/1545 1544/1544/1544 1542/1542/1542
f 1548/1548/1548 1547/1547/1547 1546/1546/1546
f 1549/1549/1549 1548/1548/1548 1546/1546/1546
f 1552/1552/1552 1551/1551/1551 1550/1550/1550
f 1553/1553/1553 1552/1552/1552 1550/1550/1550
f 1556/1556/1556 1555/1555/1555 1554/1554/1554
f 1557/1557/1557 1556/1556/1556 1554/1554/1554
f 1560/1560/1560 1559/1559/1559 1558/1558/1558
f 1561/1561/1561 1560/1560/1560 1558/1558/1558
f 1564/1564/1564 1563/1563/1563 1562/1562/1562
f 1565/1565/1565 1564/1564/1564 1562/1562/1562
f 1568/1568/1568 1567/1567/1567 1566/1566/1566
f 1569/1569/1569 1568/1568/1568 1566/1566/1566
f 1572/1572/1572 1571/1571/1571 1570/1570/1570
f 1573/1573/1573 1572/1572/1572 1570/1570/1570
f 1576/1576/1576 1575/1575/1575 1574/1574/1574
f 1577/1577/1577 1576/1576/1576 1574/1574/1574
f 1580/1580/1580 1579/1579/1579 1578/1578/1578
f 1581/1581/1581 1580/1580/1580 1578/1578/1578
f 1584/1584/1584 1583/1583/1583 1582/1582/1582
f 1585/1585/1585 1584/1584/1584 1582/1582/1582
f 1588/1588/1588 1587/1587/1587 1586/1586/1586
f 1589/1589/1589 1588/1588/1588 1586/1586/1586
f 1592/1592/1592 1591/1591/1591 1590/1590/1590
f 1593/1593/1593 1592/1592/1592 1590/1590/1590
f 1596/1596/1596 1595/1595/1595 1594/1594/1594
f 1597/1597/1597 1596/1596/1596 1594/1594/1594
f 1600/1600/1600 1599/1599/1599 1598/1598/1598
f 1601/1601/1601 1600/1600/1600 1598/1598/1598
f 1604/1604/1604 1603/1603/1603 1602/1602/1602
f 1605/1605/1605 1604/1604/1604 1602/1602/1602
f 1608/1608/1608 1607/1607/1607 1606/1606/1606
f 1609/1609/1609 1608/1608/1608 1606/1606/1606
f 1612/1612/1612 1611/1611/1611 1610/1610/1610
f 1613/1613/1613 1612/1612/1612 1610/1610/1610
f 1616/1616/1616 1615/1615/1615 1614/1614/1614
f 1617/1617/1617 1616/1616/1616 1614/1614/1614
f 1620/1620/1620 1619/1619/1619 1618/1618/1618
f 1621/1621/1621 1620/1620/1620 1618/1618/1618
f 1624/1624/1624 1623/1623/1623 1622/1622/1622
f 1625/1625/1625 1624/1624/1624 1622/1622/1622
f 1628/1628/1628 1627/1627/1627 1626/1626/1626
f 1629/1629/1629 1628/1628/1628 1626/1626/1626
f 1632/1632/1632 1631/1631/1631 1630/1630/1630
f 1633/1633/1633 1632/1632/1632 1630/1630/1630
f 1636/1636/1636 1635/1635/1635 1634/1634/1634
f 1637/1637/1637 1636/1636/1636 1634/1634/1634
f 1640/1640/1640 1639/1639/1639 1638/1638/1638
f 1641/1641/1641 1640/1640/1640 1638/1638/1638
f 1644/1644/1644 1643/1643/1643 1642/1642/1642
f 1645/1645/1645 1644/1644/1644 1642/1642/1642
f 1648/1648/1648 1647/1647/1647 1646/1646/1646
f 1649/1649/1649 1648/1648/1648 1646/1646/1646
f 1652/1652/1652 1651/1651/1651 1650/1650/1650
f 1653/1653/1653 1652/1652/1652 1650/1650/1650
f 1656/1656/1656 1655/1655/1655 1654/1654/1654
f 1657/1657/1657 1656/1656/1656 1654/1654/1654
f 1660/1660/1660 1659/1659/1659 1658/1658/1658
f 1661/1661/1661 1660/1660/1660 1658/1658/1658
f 1664/1664/1664 1663/1663/1663 1662/1662/1662
f 1665/1665/1665 1664/1664/1664 1662/1662/1662
f 1668/1668/1668 1667/1667/1667 1666/1666/1666
f 1669/1669/1669 1668/1668/1668 1666/1666/1666
f 1672/1672/1672 1671/1671/1671 1670/1670/1670
f 1673/1673/1673 1672/1672/1672 1670/1670/1670
f 1676/1676/1676 1675/1675/1675 1674/1674/1674
f 1677/1677/1677 1676/1676/1676 1674/1674/1674
f 1680/1680/1680 1679/1679/1679 1678/1678/1678
f 1681/1681/1681 1680/1680/1680 1678/1678/1678
f 1684/1684/1684 1683/1683/1683 1682/1682/1682
f 1685/1685/1685 1684/1684/1684 1682/1682/1682
f 1688/1688/1688 1687/1687/1687 1686/1686/1686
f 1689/1689/1689 1688/1688/1688 1686/1686/1686
f 1692/1692/1692 1691/1691/1691 1690/1690/1690
f 1693/1693/1693 1692/1692/1692 1690/1690/1690
f 1696/1696/1696 1695/1695/1695 1694/1694/1694
f 1697/1697/1697 1696/1696/1696 1694/1694/1694
f 1700/1700/1700 1699/1699/1699 1698/1698/1698
f 1701/1701/1701 1700/1700/1700 1698/1698/1698
f 1704/1704/1704 1703/1703/1703 1702/1702/1702
f 1705/1705/1705 1704/1704/1704 1702/1702/1702
f 1708/1708/1708 1707/1707/1707 1706/1706/1706
f 1709/1709/1709 1708/1708/1708 1706/1706/1706
f 1712/1712/1712 1711/1711/1711 1710/1710/1710
f 1713/1713/1713 1712/1712/1712 1710/1710/1710
f 1716/1716/1716 1715/1715/1715 1714/1714/1714
f 1717/1717/1717 1716/1716/1716 1714/1714/1714
f 1720/1720/1720 1719/1719/1719 1718/1718/1718
f 1721/1721/1721 1720/1720/1720 1718/1718/1718
f 1724/1724/1724 1723/1723/1723 1722/1722/1722
f 1725/1725/1725 1724/1724/1724 1722/1722/1722
f 1728/1728/1728 1727/1727/1727 1726/1726/1726
f 1729/1729/1729 1728/1728/1728 1726/1726/1726
f 1732/1732/1732 1731/1731/1731 1730/1730/1730
f 1733/1733/1733 1732/1732/1732 1730/1730/1730
f 1736/1736/1736 1735/1735/1735 1734/1734/1734
f 1737/1737/1737 1736/1736/1736 1734/1734/1734
f 1740/1740/1740 1739/1739/1739 1738/1738/1738
f 1741/1741/1741 1740/1740/1740 1738/1738/1738
f 1744/1744/1744 1743/1743/1743 1742/1742/1742
f 1745/1745/1745 1744/1744/1744 1742/1742/1742
f 1748/1748/1748 1747/1747/1747 1746/1746/1746
f 1749/1749/1749 1748/1748/1748 1746/1746/1746
f 1752/1752/1752 1751/1751/1751 1750/1750/1750
f 1753/1753/1753 1752/1752/1752 1750/1750/1750
f 1756/1756/1756 1755/1755/1755 1754/1754/1754
f 1757/1757/1757 1756/1756/1756 1754/1754/1754
f 1760/1760/1760 1759/1759/1759 1758/1758/1758
f 1761/1761/1761 1760/1760/1760 1758/1758/1758
f 1764/1764/1764 1763/1763/1763 1762/1762/1762
f 1765/1765/1765 1764/1764/1764 1762/1762/1762
f 1768/1768/1768 1767/1767/1767 1766/1766/1766
f 1769/1769/1769 1768/1768/1768 1766/1766/1766
f 1772/1772/1772 1771/1771/1771 1770/1770/1770
f 1773/1773/1773 1772/1772/1772 1770/1770/1770
f 1776/1776/1776 1775/1775/1775 1774/1774/1774
f 1777/1777/1777 1776/1776/1776 1774/1774/1774
f 1780/1780/1780 1779/1779/1779 1778/1778/1778
f 1781/1781/1781 1780/1780/1780 1778/1778/1778
f 1784/1784/1784 1783/1783/1783 1782/1782/1782
f 1785/1785/1785 1784/1784/1784 1782/1782/1782
f 1788/1788/1788 1787/1787/1787 1786/1786/1786
f 1789/1789/1789 1788/1788/1788 1786/1786/1786
f 1792/1792/1792 1791/1791/1791 1790/1790/1790
f 1793/1793/1793 1792/1792/1792 1790/1790/1790
f 1796/1796/1796 1795/1795/1795 1794/1794/1794
f 1797/1797/1797 1796/1796/1796 1794/1794/1794
f 1800/1800/1800 1799/1799/1799 1798/1798/1798
f 1801/1801/1801 1800/1800/1800 1798/1798/1798
f 1804/1804/1804 1803/1803/1803 1802/1802/1802
f 1805/1805/1805 1804/1804/1804 1802/1802/1802
f 1808/1808/1808 1807/1807/1807 1806/1806/1806
f 1809/1809/1809 1808/1808/1808 1806/1806/1806
f 1812/1812/1812 1811/1811/1811 1810/1810/1810
f 1813/1813/1813 1812/1812/1812 1810/1810/1810
f 1816/1816/1816 1815/1815/1815 1814/1814/1814
f 1817/1817/1817 1816/1816/1816 1814/1814/1814
f 1820/1820/1820 1819/1819/1819 1818/1818/1818
f 1821/1821/1821 1820/1820/1820 1818/1818/1818
f 1824/1824/1824 1823/1823/1823 1822/1822/1822
f 1825/1825/1825 1824/1824/1824 1822/1822/1822
f 1828/1828/1828 1827/1827/1827 1826/1826/1826
f 1829/1829/1829 1828/1828/1828 1826/1826/1826
f 1832/1832/1832 1831/1831/1831 1830/1830/1830
f 1833/1833/1833 1832/1832/1832 1830/1830/1830
f 1836/1836/1836 1835/1835/1835 1834/1834/1834
f 1837/1837/1837 1836/1836/1836 1834/1834/1834
f 1840/1840/1840 1839/1839/1839 1838/1838/1838
f 1841/1841/1841 1840/1840/1840 1838/1838/1838
f 1844/1844/1844 1843/1843/1843 1842/1842/1842
f 1845/1845/1845 1844/1844/1844 1842/1842/1842
f 1848/1848/1848 1847/1847/1847 1846/1846/1846
f 1849/1849/1849 1848/1848/1848 1846/1846/1846
f 1852/1852/1852 1851/1851/1851 1850/1850/1850
f 1853/1853/1853 1852/1852/1852 1850/1850/1850
f 1856/1856/1856 1855/1855/1855 1854/1854/1854
f 1857/1857/1857 1856/1856/1856 1854/1854/1854
f 1860/1860/1860 1859/1859/1859 1858/1858/1858
f 1861/1861/1861 1860/1860/1860 1858/1858/1858
f 1864/1864/1864 1863/1863/1863 1862/1862/1862
f 1865/1865/1865 1864/1864/1864 1862/1862/1862
f 1868/1868/1868 1867/1867/1867 1866/1866/1866
f 1869/1869/1869 1868/1868/1868 1866/1866/1866
f 1872/1872/1872 1871/1871/1871 1870/1870/1870
f 1873/1873/1873 1872/1872/1872 1870/1870/1870
f 1876/1876/1876 1875/1875/1875 1874/1874/1874
f 1877/1877/1877 1876/1876/1876 1874/1874/1874
f 1880/1880/1880 1879/1879/1879 1878/1878/1878
f 1881/1881/1881 1880/1880/1880 1878/1878/1878
f 1884/1884/1884 1883/1883/1883 1882/1882/1882
f 1885/1885/1885 1884/1884/1884 1882/1882/1882
f 1888/1888/1888 1887/1887/1887 1886/1886/1886
f 1889/1889/1889 1888/1888/1888 1886/1886/1886
f 1892/1892/1892 1891/1891/1891 1890/1890/1890
f 1893/1893/1893 1892/1892/1892 1890/1890/1890
f 1896/1896/1896 1895/1895/1895 1894/1894/1894
f 1897/1897/1897 1896/1896/1896 1894/1894/1894
f 1900/1900/1900 1899/1899/1899 1898/1898/1898
f 1901/1901/1901 1900/1900/1900 1898/1898/1898
f 1904/1904/1904 1903/1903/1903 1902/1902/1902
f 1905/1905/1905 1904/1904/1904 1902/1902/1902
f 1908/1908/1908 1907/1907/1907 1906/1906/1906
f 1909/1909/1909 1908/1908/1908 1906/1906/1906
f 1912/1912/1912 1911/1911/1911 1910/1910/1910
f 1913/1913/1913 1912/1912/1912 1910/1910/1910
f 1916/1916/1916 1915/1915/1915 1914/1914/1914
f 1917/1917/1917 1916/1916/1916 1914/1914/1914
f 1920/1920/1920 1919/1919/1919 1918/1918/1918
f 1921/1921/1921 1920/1920/1920 1918/1918/1918
f 1924/1924/1924 1923/1923/1923 1922/1922/1922
f 1925/1925/1925 1924/1924/1924 1922/1922/1922
f 1928/1928/1928 1927/1927/1927 1926/1926/1926
f 1929/1929/1929 1928/1928/1928 1926/1926/1926
f 1932/1932/1932 1931/1931/1931 1930/1930/1930
f 1933/1933/1933 1932/1932/1932 1930/1930/1930
f 1936/1936/1936 1935/1935/1935 1934/1934/1934
f 1937/1937/1937 1936/1936/1936 1934/1934/1934
f 1940/1940/1940 1939/1939/1939 1938/1938/1938
f 1941/1941/1941 1940/1940/1940 1938/1938/1938
f 1944/1944/1944 1943/1943/1943 1942/1942/1942
f 1945/1945/1945 1944/1944/1944 1942/1942/1942
f 1948/1948/1948 1947/1947/1947 1946/1946/1946
f 1949/1949/1949 1948/1948/1948 1946/1946/1946
f 1952/1952/1952 1951/1951/1951 1950/1950/1950
f 1953/1953/1953 1952/1952/1952 1950/1950/1950
f 1956/1956/1956 1955/1955/1955 1954/1954/1954
f 1957/1957/1957 1956/1956/1956 1954/1954/1954
f 1960/1960/1960 1959/1959/1959 1958/1958/1958
f 1961/1961/1961 1960/1960/1960 1958/1958/1958
f 1964/1964/1964 1963/1963/1963 1962/1962/1962
f 1965/1965/1965 1964/1964/1964 1962/1962/1962
f 1968/1968/1968 1967/1967/1967 1966/1966/1966
f 1969/1969/1969 1968/1968/1968 1966/1966/1966
f 1972/1972/1972 1971/1971/1971 1970/1970/1970
f 1973/1973/1973 1972/1972/1972 1970/1970/1970
f 1976/1976/1976 1975/1975/1975 1974/1974/1974
f 1977/1977/1977 1976/1976/1976 1974/1974/1974
f 1980/1980/1980 1979/1979/1979 1978/1978/1978
f 1981/1981/1981 1980/1980/1980 1978/1978/1978
f 1984/1984/1984 1983/1983/1983 1982/1982/1982
f 1985/1985/1985 1984/1984/1984 1982/1982/1982
f 1988/1988/1988 1987/1987/1987 1986/1986/1986
f 1989/1989/1989 1988/1988/1988 1986/1986/1986
f 1992/1992/1992 1991/1991/1991 1990/1990/1990
f 1993/1993/1993 1992/1992/1992 1990/1990/1990
f 1996/1996/1996 1995/1995/1995 1994/1994/1994
f 1997/1997/1997 1996/1996/1996 1994/1994/1994
f 2000/2000/2000 1999/1999/1999 1998/1998/1998
f 2001/2001/2001 2000/2000/2000 1998/1998/1998
f 2004/2004/2004 2003/2003/2003 2002/2002/2002
f 2005/2005/2005 2004/2004/2004 2002/2002/2002
f 2008/2008/2008 2007/2007/2007 2006/2006/2006
f 2009/2009/2009 2008/2008/2008 2006/2006/2006
f 2012/2012/2012 2011/2011/2011 2010/2010/2010
f 2013/2013/2013 2012/2012/2012 2010/2010/2010
f 2016/2016/2016 2015/2015/2015 2014/2014/2014
f 2017/2017/2017 2016/2016/2016 2014/2014/2014
f 2020/2020/2020 2019/2019/2019 2018/2018/2018
f 2021/2021/2021 2020/2020/2020 2018/2018/2018
f 2024/2024/2024 2023/2023/2023 2022/2022/2022
f 2025/2025/2025 2024/2024/2024 2022/2022/2022
f 2028/2028/2028 2027/2027/2027 2026/2026/2026
f 2029/2029/2029 2028/2028/2028 2026/2026/2026
f 2032/2032/2032 2031/2031/2031 2030/2030/2030
f 2033/2033/2033 2032/2032/2032 2030/2030/2030
f 2036/2036/2036 2035/2035/2035 2034/2034/2034
f 2037/2037/2037 2036/2036/2036 2034/2034/2034
f 2040/2040/2040 2039/2039/2039 2038/2038/2038
f 2041/2041/2041 2040/2040/2040 2038/2038/2038
f 2044/2044/2044 2043/2043/2043 2042/2042/2042
f 2045/2045/2045 2044/2044/2044 2042/2042/2042
f 2048/2048/2048 2047/2047/2047 2046/2046/2046
f 2049/2049/2049 2048/2048/2048 2046/2046/2046
f 2052/2052/2052 2051/2051/2051 2050/2050/2050
f 2053/2053/2053 2052/2052/2052 2050/2050/2050
f 2056/2056/2056 2055/2055/2055 2054/2054/2054
f 2057/2057/2057 2056/2056/2056 2054/2054/2054
f 2060/2060/2060 2059/2059/2059 2058/2058/2058
f 2061/2061/2061 2060/2060/2060 2058/2058/2058
f 2064/2064/2064 2063/2063/2063 2062/2062/2062
f 2065/2065/2065 2064/2064/2064 2062/2062/2062
f 2068/2068/2068 2067/2067/2067 2066/2066/2066
f 2069/2069/2069 2068/2068/2068 2066/2066/2066
f 2072/2072/2072 2071/2071/2071 2070/2070/2070
f 2073/2073/2073 2072/2072/2072 2070/2070/2070
f 2076/2076/2076 2075/2075/2075 2074/2074/2074
f 2077/2077/2077 2076/2076/2076 2074/2074/2074
f 2080/2080/2080 2079/2079/2079 2078/2078/2078
f 2081/2081/2081 2080/2080/2080 2078/2078/2078
f 2084/2084/2084 2083/2083/2083 2082/2082/2082
f 2085/2085/2085 2084/2084/2084 2082/2082/2082
f 2088/2088/2088 2087/2087/2087 2086/2086/2086
f 2089/2089/2089 2088/2088/2088 2086/2086/2086
f 2092/2092/2092 2091/2091/2091 2090/2090/2090
f 2093/2093/2093 2092/2092/2092 2090/2090/2090
f 2096/2096/2096 2095/2095/2095 2094/2094/2094
f 2097/2097/2097 2096/2096/2096 2094/2094/2094
f 2100/2100/2100 2099/2099/2099 2098/2098/2098
f 2101/2101/2101 2100/2100/2100 2098/2098/2098
f 2104/2104/2104 2103/2103/2103 2102/2102/2102
f 2105/2105/2105 2104/2104/2104 2102/2102/2102
f 2108/2108/2108 2107/2107/2107 2106/2106/2106
f 2109/2109/2109 2108/2108/2108 2106/2106/2106
f 2112/2112/2112 2111/2111/2111 2110/2110/2110
f 2113/2113/2113 2112/2112/2112 2110/2110/2110
f 2116/2116/2116 2115/2115/2115 2114/2114/2114
f 2117/2117/2117 2116/2116/2116 2114/2114/2114
f 2120/2120/2120 2119/2119/2119 2118/2118/2118
f 2121/2121/2121 2120/2120/2120 2118/2118/2118
f 2124/2124/2124 2123/2123/2123 2122/2122/2122
f 2125/2125/2125 2124/2124/2124 2122/2122/2122