version 1
nodes
0 "root" -1
end
skeleton
time 0
0 0 0 0 0 0 0
end
triangles
Default
0 10.412794 -0.651107 -0.137725 0.326172 -0.910156 -0.254639 0.168579 0.981445 1 0 1.0
0 9.273165 -1.098223 0.000641 0.326172 -0.910156 -0.254639 0.168579 0.981445 1 0 1.0
0 9.273165 -0.821798 -0.987724 0.326172 -0.910156 -0.254639 0.168579 0.981445 1 0 1.0
Default
0 10.988040 -0.238630 0.453756 0.452881 -0.415527 0.788574 0.168579 0.981445 1 0 1.0
0 11.206993 0.000000 0.453756 0.452881 -0.415527 0.788574 0.168579 0.981445 1 0 1.0
0 9.566149 0.000000 1.395918 0.452881 -0.415527 0.788574 0.168579 0.981445 1 0 1.0
Default
0 2.448446 -0.737957 3.036070 0.032837 -0.334229 0.941895 0.168579 0.981445 1 0 1.0
0 2.652256 0.000000 3.290842 0.032837 -0.334229 0.941895 0.168579 0.981445 1 0 1.0
0 0.904723 -0.107449 3.313653 0.032837 -0.334229 0.941895 0.168579 0.981445 1 0 1.0
Default
0 -2.600126 -0.844748 1.296178 -0.124817 -0.978516 0.163940 0.168579 0.981445 1 0 1.0
0 -2.600126 -1.044853 0.101745 -0.124817 -0.978516 0.163940 0.168579 0.981445 1 0 1.0
0 0.238472 -1.419249 0.028423 -0.124817 -0.978516 0.163940 0.168579 0.981445 1 0 1.0
Default
0 -4.392952 -0.560640 -0.740970 -0.201294 -0.970703 -0.129517 0.168579 0.981445 1 0 1.0
0 -2.600126 -0.844748 -1.398353 -0.201294 -0.970703 -0.129517 0.168579 0.981445 1 0 1.0
0 -2.600126 -1.044853 0.101745 -0.201294 -0.970703 -0.129517 0.168579 0.981445 1 0 1.0
Default
0 -2.600126 -0.844748 -1.398353 -0.153564 -0.983887 -0.090759 0.168579 0.981445 1 0 1.0
0 0.206710 -1.247429 -1.781031 -0.153564 -0.983887 -0.090759 0.168579 0.981445 1 0 1.0
0 0.238472 -1.419249 0.028423 -0.153564 -0.983887 -0.090759 0.168579 0.981445 1 0 1.0
Default
0 2.273331 0.000000 -3.025951 -0.111023 -0.082336 -0.990234 0.168579 0.731445 1 0 1.0
0 2.278747 -0.651985 -2.972350 -0.111023 -0.082336 -0.990234 0.168579 0.731445 1 0 1.0
0 0.234005 -0.667529 -2.741803 -0.111023 -0.082336 -0.990234 0.168579 0.731445 1 0 1.0
Default
0 2.262270 -1.400168 -1.959908 0.015930 -0.992676 -0.118347 0.168579 0.981445 1 0 1.0
0 3.885653 -1.373913 -1.961744 0.015930 -0.992676 -0.118347 0.168579 0.981445 1 0 1.0
0 3.857764 -1.598799 -0.078824 0.015930 -0.992676 -0.118347 0.168579 0.981445 1 0 1.0
Default
0 10.941950 -0.250579 -0.665851 0.360107 -0.883789 -0.299072 0.168579 0.731445 1 0 1.0
0 11.101694 -0.346955 -0.188550 0.360107 -0.883789 -0.299072 0.168579 0.731445 1 0 1.0
0 9.273165 -0.821798 -0.987724 0.360107 -0.883789 -0.299072 0.168579 0.731445 1 0 1.0
Default
0 5.866323 -0.820431 2.653551 0.214233 -0.107544 0.970703 0.168579 0.981445 1 0 1.0
0 5.866323 0.000000 2.744450 0.214233 -0.107544 0.970703 0.168579 0.981445 1 0 1.0
0 4.120900 0.000000 3.129543 0.214233 -0.107544 0.970703 0.168579 0.981445 1 0 1.0
Default
0 -3.437562 0.000000 2.909157 -0.141968 -0.981445 0.128906 0.168579 0.981445 1 0 1.0
0 -4.087943 0.000000 2.192786 -0.141968 -0.981445 0.128906 0.168579 0.981445 1 0 1.0
0 -1.669322 -0.234879 3.068033 -0.141968 -0.981445 0.128906 0.168579 0.981445 1 0 1.0
Default
0 2.266565 -1.569276 -0.019443 -0.085083 -0.995117 0.054596 0.168579 0.981445 1 0 1.0
0 2.310251 -1.491127 1.472482 -0.085083 -0.995117 0.054596 0.168579 0.981445 1 0 1.0
0 0.268970 -1.316940 1.464825 -0.085083 -0.995117 0.054596 0.168579 0.981445 1 0 1.0
Default
0 3.917388 -0.627604 -2.947816 0.067383 -0.160278 -0.984863 0.168579 0.731445 1 0 1.0
0 3.913004 0.000000 -3.050282 0.067383 -0.160278 -0.984863 0.168579 0.731445 1 0 1.0
0 5.859396 0.000000 -2.917100 0.067383 -0.160278 -0.984863 0.168579 0.731445 1 0 1.0
Default
0 9.584621 -0.289927 -1.687840 0.394775 0.000000 -0.918945 0.168579 0.731445 1 0 1.0
0 8.431790 -0.407455 -2.183230 0.394775 0.000000 -0.918945 0.168579 0.731445 1 0 1.0
0 8.431790 0.000000 -2.183230 0.394775 0.000000 -0.918945 0.168579 0.731445 1 0 1.0
Default
0 10.941950 -0.250579 -0.665851 0.601074 -0.084717 -0.794922 0.168579 0.731445 1 0 1.0
0 9.584621 -0.289927 -1.687840 0.601074 -0.084717 -0.794922 0.168579 0.731445 1 0 1.0
0 9.625486 0.000000 -1.687840 0.601074 -0.084717 -0.794922 0.168579 0.731445 1 0 1.0
Default
0 -9.465883 0.000000 0.577761 -0.239624 -0.965332 -0.103394 0.168579 0.981445 1 0 1.0
0 -7.733207 -0.423274 0.513137 -0.239624 -0.965332 -0.103394 0.168579 0.981445 1 0 1.0
0 -8.706329 -0.423274 2.768473 -0.239624 -0.965332 -0.103394 0.168579 0.981445 1 0 1.0
Default
0 -8.706329 -0.423274 2.768473 0.313721 -0.829102 0.462402 0.168579 0.981445 1 0 1.0
0 -6.149679 -0.280466 1.289401 0.313721 -0.829102 0.462402 0.168579 0.981445 1 0 1.0
0 -6.149679 0.000000 1.792476 0.313721 -0.829102 0.462402 0.168579 0.981445 1 0 1.0
Default
0 2.310251 -1.491127 1.472482 -0.064453 -0.896973 0.437744 0.168579 0.981445 1 0 1.0
0 2.448446 -0.737957 3.036070 -0.064453 -0.896973 0.437744 0.168579 0.981445 1 0 1.0
0 0.482895 -0.701573 2.821266 -0.064453 -0.896973 0.437744 0.168579 0.981445 1 0 1.0
Default
0 3.885653 -1.373913 -1.961744 0.086792 -0.795898 -0.599609 0.168579 0.731445 1 0 1.0
0 3.917388 -0.627604 -2.947816 0.086792 -0.795898 -0.599609 0.168579 0.731445 1 0 1.0
0 5.866323 -0.583835 -2.723803 0.086792 -0.795898 -0.599609 0.168579 0.731445 1 0 1.0
Default
0 9.273165 -0.821798 -0.987724 0.278076 -0.830078 -0.483398 0.168579 0.731445 1 0 1.0
0 7.647774 -1.090928 -1.460234 0.278076 -0.830078 -0.483398 0.168579 0.731445 1 0 1.0
0 8.431790 -0.407455 -2.183230 0.278076 -0.830078 -0.483398 0.168579 0.731445 1 0 1.0
Default
0 3.907564 -1.475670 1.363008 -0.007240 -0.917480 0.398193 0.168579 0.981445 1 0 1.0
0 4.029472 -0.775263 2.978869 -0.007240 -0.917480 0.398193 0.168579 0.981445 1 0 1.0
0 2.448446 -0.737957 3.036070 -0.007240 -0.917480 0.398193 0.168579 0.981445 1 0 1.0
Default
0 0.206710 -1.247429 -1.781031 -0.081299 -0.993164 -0.086365 0.168579 0.981445 1 0 1.0
0 2.262270 -1.400168 -1.959908 -0.081299 -0.993164 -0.086365 0.168579 0.981445 1 0 1.0
0 2.266565 -1.569276 -0.019443 -0.081299 -0.993164 -0.086365 0.168579 0.981445 1 0 1.0
Default
0 0.268970 -1.316940 1.464825 -0.117371 -0.897461 0.425537 0.168579 0.981445 1 0 1.0
0 0.482895 -0.701573 2.821266 -0.117371 -0.897461 0.425537 0.168579 0.981445 1 0 1.0
0 -2.600126 -0.672312 2.032875 -0.117371 -0.897461 0.425537 0.168579 0.981445 1 0 1.0
Default
0 -5.135083 0.000000 1.371109 0.259277 -0.962402 0.082092 0.168579 0.981445 1 0 1.0
0 -6.149679 -0.280466 1.289401 0.259277 -0.962402 0.082092 0.168579 0.981445 1 0 1.0
0 -6.149679 -0.330225 0.706096 0.259277 -0.962402 0.082092 0.168579 0.981445 1 0 1.0
Default
0 -4.392952 -0.560640 0.128313 -0.387207 -0.904785 0.177002 0.168579 0.981445 1 0 1.0
0 -4.741530 -0.145456 1.488271 -0.387207 -0.904785 0.177002 0.168579 0.981445 1 0 1.0
0 -5.135083 0.000000 1.371109 -0.387207 -0.904785 0.177002 0.168579 0.981445 1 0 1.0
Default
0 -9.465883 0.000000 0.577761 -0.300537 -0.939453 0.164062 0.168579 0.981445 1 0 1.0
0 -11.320646 0.000000 -2.819289 -0.300537 -0.939453 0.164062 0.168579 0.981445 1 0 1.0
0 -9.118588 -0.423274 -1.209188 -0.300537 -0.939453 0.164062 0.168579 0.981445 1 0 1.0
Default
0 9.640347 -1.162884 0.400784 0.801270 -0.532715 -0.272705 0.982910 0.982910 1 0 1.0
0 9.251294 -1.369383 -0.338767 0.801270 -0.532715 -0.272705 0.982910 0.982910 1 0 1.0
0 9.650562 -0.798072 -0.282325 0.801270 -0.532715 -0.272705 0.982910 0.982910 1 0 1.0
Default
0 9.650562 -0.798072 -0.282325 1.000000 0.002728 0.016403 0.982910 0.982910 1 0 1.0
0 9.631574 -0.657036 0.851365 1.000000 0.002728 0.016403 0.982910 0.982910 1 0 1.0
0 9.640347 -1.162884 0.400784 1.000000 0.002728 0.016403 0.982910 0.982910 1 0 1.0
Default
0 9.251294 -1.369383 -0.338767 0.304932 -0.119873 -0.944824 0.982910 0.982910 1 0 1.0
0 8.317317 -1.057187 -0.679939 0.304932 -0.119873 -0.944824 0.982910 0.982910 1 0 1.0
0 9.650562 -0.798072 -0.282325 0.304932 -0.119873 -0.944824 0.982910 0.982910 1 0 1.0
Default
0 8.317317 -1.057187 -0.679939 0.016556 0.811523 -0.584473 0.982910 0.982910 1 0 1.0
0 8.937518 -0.624614 -0.061663 0.016556 0.811523 -0.584473 0.982910 0.982910 1 0 1.0
0 9.650562 -0.798072 -0.282325 0.016556 0.811523 -0.584473 0.982910 0.982910 1 0 1.0
Default
0 8.937518 -0.624614 -0.061663 0.200195 0.972656 -0.117676 0.982910 0.982910 1 0 1.0
0 9.631574 -0.657036 0.851365 0.200195 0.972656 -0.117676 0.982910 0.982910 1 0 1.0
0 9.650562 -0.798072 -0.282325 0.200195 0.972656 -0.117676 0.982910 0.982910 1 0 1.0
Default
0 9.631574 -0.657036 0.851365 0.784180 -0.405273 0.470215 0.982910 0.982910 1 0 1.0
0 9.228597 -1.176969 1.075352 0.784180 -0.405273 0.470215 0.982910 0.982910 1 0 1.0
0 9.640347 -1.162884 0.400784 0.784180 -0.405273 0.470215 0.982910 0.982910 1 0 1.0
Default
0 9.640347 -1.162884 0.400784 0.550781 -0.832520 -0.057159 0.982910 0.512207 1 0 1.0
0 8.983177 -1.604456 0.502815 0.550781 -0.832520 -0.057159 0.982910 0.512207 1 0 1.0
0 9.251294 -1.369383 -0.338767 0.550781 -0.832520 -0.057159 0.982910 0.512207 1 0 1.0
Default
0 9.251294 -1.369383 -0.338767 -0.075928 -0.830566 -0.552246 0.982910 0.982910 1 0 1.0
0 8.149513 -1.566516 0.109256 -0.075928 -0.830566 -0.552246 0.982910 0.982910 1 0 1.0
0 8.317317 -1.057187 -0.679939 -0.075928 -0.830566 -0.552246 0.982910 0.982910 1 0 1.0
Default
0 8.317317 -1.057187 -0.679939 -0.560059 0.828125 -0.017563 0.982910 0.982910 1 0 1.0
0 7.937364 -1.284830 0.702667 -0.560059 0.828125 -0.017563 0.982910 0.982910 1 0 1.0
0 8.937518 -0.624614 -0.061663 -0.560059 0.828125 -0.017563 0.982910 0.982910 1 0 1.0
Default
0 8.937518 -0.624614 -0.061663 -0.203857 0.960449 0.189087 0.982910 0.982910 1 0 1.0
0 8.631473 -0.948540 1.254270 -0.203857 0.960449 0.189087 0.982910 0.982910 1 0 1.0
0 9.631574 -0.657036 0.851365 -0.203857 0.960449 0.189087 0.982910 0.982910 1 0 1.0
Default
0 9.228597 -1.176969 1.075352 0.561523 -0.760254 0.326904 0.980957 0.516113 1 0 1.0
0 8.983177 -1.604456 0.502815 0.561523 -0.760254 0.326904 0.980957 0.516113 1 0 1.0
0 9.640347 -1.162884 0.400784 0.561523 -0.760254 0.326904 0.980957 0.516113 1 0 1.0
Default
0 8.983177 -1.604456 0.502815 0.072510 -0.966309 -0.246826 0.984863 0.520020 1 0 1.0
0 8.149513 -1.566516 0.109256 0.072510 -0.966309 -0.246826 0.984863 0.520020 1 0 1.0
0 9.251294 -1.369383 -0.338767 0.072510 -0.966309 -0.246826 0.984863 0.520020 1 0 1.0
Default
0 8.149513 -1.566516 0.109256 -0.951660 -0.123108 -0.281738 0.982910 0.982910 1 0 1.0
0 7.937364 -1.284830 0.702667 -0.951660 -0.123108 -0.281738 0.982910 0.982910 1 0 1.0
0 8.317317 -1.057187 -0.679939 -0.951660 -0.123108 -0.281738 0.982910 0.982910 1 0 1.0
Default
0 7.937364 -1.284830 0.702667 -0.495361 0.863281 0.097229 0.982910 0.982910 1 0 1.0
0 8.631473 -0.948540 1.254270 -0.495361 0.863281 0.097229 0.982910 0.982910 1 0 1.0
0 8.937518 -0.624614 -0.061663 -0.495361 0.863281 0.097229 0.982910 0.982910 1 0 1.0
Default
0 8.631473 -0.948540 1.254270 0.333740 0.142700 0.931641 0.982910 0.982910 1 0 1.0
0 9.228597 -1.176969 1.075352 0.333740 0.142700 0.931641 0.982910 0.982910 1 0 1.0
0 9.631574 -0.657036 0.851365 0.333740 0.142700 0.931641 0.982910 0.982910 1 0 1.0
Default
0 9.228597 -1.176969 1.075352 0.131226 -0.820312 0.556152 0.980957 0.516113 1 0 1.0
0 8.350573 -1.421081 0.922391 0.131226 -0.820312 0.556152 0.980957 0.516113 1 0 1.0
0 8.983177 -1.604456 0.502815 0.131226 -0.820312 0.556152 0.980957 0.516113 1 0 1.0
Default
0 8.983177 -1.604456 0.502815 -0.142334 -0.967773 0.208252 0.980957 0.516113 1 0 1.0
0 8.350573 -1.421081 0.922391 -0.142334 -0.967773 0.208252 0.980957 0.516113 1 0 1.0
0 8.149513 -1.566516 0.109256 -0.142334 -0.967773 0.208252 0.980957 0.516113 1 0 1.0
Default
0 8.149513 -1.566516 0.109256 -0.424316 -0.867188 0.260010 0.982910 0.982910 1 0 1.0
0 8.350573 -1.421081 0.922391 -0.424316 -0.867188 0.260010 0.982910 0.982910 1 0 1.0
0 7.937364 -1.284830 0.702667 -0.424316 -0.867188 0.260010 0.982910 0.982910 1 0 1.0
Default
0 7.937364 -1.284830 0.702667 -0.519043 -0.262695 0.813477 0.982910 0.982910 1 0 1.0
0 8.350573 -1.421081 0.922391 -0.519043 -0.262695 0.813477 0.982910 0.982910 1 0 1.0
0 8.631473 -0.948540 1.254270 -0.519043 -0.262695 0.813477 0.982910 0.982910 1 0 1.0
Default
0 8.631473 -0.948540 1.254270 0.020493 -0.582520 0.812500 0.982910 0.982910 1 0 1.0
0 8.350573 -1.421081 0.922391 0.020493 -0.582520 0.812500 0.982910 0.982910 1 0 1.0
0 9.228597 -1.176969 1.075352 0.020493 -0.582520 0.812500 0.982910 0.982910 1 0 1.0
Default
0 11.206993 0.000000 0.453756 0.683594 -0.626953 0.373779 0.168579 0.981445 1 0 1.0
0 10.988040 -0.238630 0.453756 0.683594 -0.626953 0.373779 0.168579 0.981445 1 0 1.0
0 11.071644 -0.344082 0.124056 0.683594 -0.626953 0.373779 0.168579 0.981445 1 0 1.0
Default
0 11.160902 0.000000 -0.665851 0.813477 -0.513672 -0.272217 0.168579 0.731445 1 0 1.0
0 11.320646 0.000000 -0.188550 0.813477 -0.513672 -0.272217 0.168579 0.731445 1 0 1.0
0 11.101694 -0.346955 -0.188550 0.813477 -0.513672 -0.272217 0.168579 0.731445 1 0 1.0
Default
0 10.412794 0.000000 -0.137725 0.281250 -0.178955 -0.942871 0.168579 0.981445 1 0 1.0
0 11.290595 0.000000 0.124056 0.281250 -0.178955 -0.942871 0.168579 0.981445 1 0 1.0
0 11.071644 -0.344082 0.124056 0.281250 -0.178955 -0.942871 0.168579 0.981445 1 0 1.0
Default
0 -4.741530 -0.145456 1.488271 -0.321533 -0.823242 0.468262 0.168579 0.981445 1 0 1.0
0 -2.600126 -0.672312 2.032875 -0.321533 -0.823242 0.468262 0.168579 0.981445 1 0 1.0
0 -4.087943 0.000000 2.192786 -0.321533 -0.823242 0.468262 0.168579 0.981445 1 0 1.0
Default
0 0.937905 0.000000 5.363185 0.008827 -0.995605 0.091858 0.168579 0.981445 1 0 1.0
0 -0.217961 0.000000 5.474254 0.008827 -0.995605 0.091858 0.168579 0.981445 1 0 1.0
0 -1.669322 -0.234879 3.068033 0.008827 -0.995605 0.091858 0.168579 0.981445 1 0 1.0
Default
0 4.935520 -1.652017 -1.956544 0.928711 -0.282471 -0.240723 0.168579 0.981445 1 0 1.0
0 4.544289 -1.664148 -3.451293 0.928711 -0.282471 -0.240723 0.168579 0.981445 1 0 1.0
0 5.142087 -0.656665 -2.327182 0.928711 -0.282471 -0.240723 0.168579 0.981445 1 0 1.0
Default
0 4.030911 -2.373277 -2.883827 0.700195 -0.680176 -0.216309 0.168579 0.981445 1 0 1.0
0 3.695684 -2.427011 -3.800444 0.700195 -0.680176 -0.216309 0.168579 0.981445 1 0 1.0
0 4.544289 -1.664148 -3.451293 0.700195 -0.680176 -0.216309 0.168579 0.981445 1 0 1.0
Default
0 4.855517 -1.595580 -1.642272 -0.925781 0.338135 0.169556 0.168579 0.981445 1 0 1.0
0 5.169537 -0.887760 -1.339828 -0.925781 0.338135 0.169556 0.168579 0.981445 1 0 1.0
0 5.089090 -0.610864 -2.331657 -0.925781 0.338135 0.169556 0.168579 0.981445 1 0 1.0
Default
0 4.855517 -1.595580 -1.642272 0.770020 -0.564453 0.297363 0.168579 0.981445 1 0 1.0
0 4.935520 -1.652017 -1.956544 0.770020 -0.564453 0.297363 0.168579 0.981445 1 0 1.0
0 5.222534 -0.933561 -1.335353 0.770020 -0.564453 0.297363 0.168579 0.981445 1 0 1.0
Default
0 3.904809 -2.438763 -2.710344 0.559082 -0.823730 0.095398 0.168579 0.981445 1 0 1.0
0 4.030911 -2.373277 -2.883827 0.559082 -0.823730 0.095398 0.168579 0.981445 1 0 1.0
0 4.935520 -1.652017 -1.956544 0.559082 -0.823730 0.095398 0.168579 0.981445 1 0 1.0
Default
0 3.512995 -2.531966 -3.775194 0.481201 -0.867676 -0.125122 0.168579 0.981445 1 0 1.0
0 3.695684 -2.427011 -3.800444 0.481201 -0.867676 -0.125122 0.168579 0.981445 1 0 1.0
0 4.030911 -2.373277 -2.883827 0.481201 -0.867676 -0.125122 0.168579 0.981445 1 0 1.0
Default
0 5.089090 -0.610864 -2.331657 0.493164 0.500977 -0.711426 0.168579 0.981445 1 0 1.0
0 5.142087 -0.656665 -2.327182 0.493164 0.500977 -0.711426 0.168579 0.981445 1 0 1.0
0 4.544289 -1.664148 -3.451293 0.493164 0.500977 -0.711426 0.168579 0.981445 1 0 1.0
Default
0 4.237064 -1.423828 -3.921977 0.643555 -0.424561 -0.636719 0.168579 0.981445 1 0 1.0
0 4.544289 -1.664148 -3.451293 0.643555 -0.424561 -0.636719 0.168579 0.981445 1 0 1.0
0 3.695684 -2.427011 -3.800444 0.643555 -0.424561 -0.636719 0.168579 0.981445 1 0 1.0
Default
0 -0.292234 -0.947858 -3.660162 -0.161011 -0.954590 0.250000 0.168579 0.731445 1 0 1.0
0 -1.058548 -0.812131 -3.635199 -0.161011 -0.954590 0.250000 0.168579 0.731445 1 0 1.0
0 -0.302980 -1.421130 -5.474254 -0.161011 -0.954590 0.250000 0.168579 0.731445 1 0 1.0
Default
0 -0.098039 -0.418621 -2.447136 -0.041168 -0.913574 0.405029 0.168579 0.731445 1 0 1.0
0 -0.292234 -0.947858 -3.660162 -0.041168 -0.913574 0.405029 0.168579 0.731445 1 0 1.0
0 2.192805 -0.589889 -2.600516 -0.041168 -0.913574 0.405029 0.168579 0.731445 1 0 1.0
Default
0 -0.098039 -0.418621 -2.447136 -0.145508 -0.897949 0.415039 0.168579 0.731445 1 0 1.0
0 -1.058548 -0.812131 -3.635199 -0.145508 -0.897949 0.415039 0.168579 0.731445 1 0 1.0
0 -0.292234 -0.947858 -3.660162 -0.145508 -0.897949 0.415039 0.168579 0.731445 1 0 1.0
Default
0 1.171550 -1.336280 -5.220070 0.756348 -0.644531 -0.111206 0.168579 0.731445 1 0 1.0
0 2.236432 -0.532494 -2.636484 0.756348 -0.644531 -0.111206 0.168579 0.731445 1 0 1.0
0 2.192805 -0.589889 -2.600516 0.756348 -0.644531 -0.111206 0.168579 0.731445 1 0 1.0
Default
0 -8.706329 -0.423274 2.768473 0.104248 -0.990723 0.084534 0.168579 0.981445 1 0 1.0
0 -6.149679 -0.330225 0.706096 0.104248 -0.990723 0.084534 0.168579 0.981445 1 0 1.0
0 -6.149679 -0.280466 1.289401 0.104248 -0.990723 0.084534 0.168579 0.981445 1 0 1.0
Default
0 3.907564 -1.475670 1.363008 0.119446 -0.946777 0.299316 0.168579 0.981445 1 0 1.0
0 5.866323 -1.313136 1.095452 0.119446 -0.946777 0.299316 0.168579 0.981445 1 0 1.0
0 5.866323 -0.820431 2.653551 0.119446 -0.946777 0.299316 0.168579 0.981445 1 0 1.0
Default
0 3.885653 -1.373913 -1.961744 0.012337 -0.804199 -0.594238 0.168579 0.731445 1 0 1.0
0 2.262270 -1.400168 -1.959908 0.012337 -0.804199 -0.594238 0.168579 0.731445 1 0 1.0
0 2.278747 -0.651985 -2.972350 0.012337 -0.804199 -0.594238 0.168579 0.731445 1 0 1.0
Default
0 2.278747 -0.651985 -2.972350 -0.014786 -0.082031 -0.996582 0.168579 0.731445 1 0 1.0
0 2.273331 0.000000 -3.025951 -0.014786 -0.082031 -0.996582 0.168579 0.731445 1 0 1.0
0 3.913004 0.000000 -3.050282 -0.014786 -0.082031 -0.996582 0.168579 0.731445 1 0 1.0
Default
0 0.206710 -1.247429 -1.781031 -0.168213 -0.959961 -0.223389 0.168579 0.731445 1 0 1.0
0 -2.600126 -0.844748 -1.398353 -0.168213 -0.959961 -0.223389 0.168579 0.731445 1 0 1.0
0 -2.600126 -0.672312 -2.139461 -0.168213 -0.959961 -0.223389 0.168579 0.731445 1 0 1.0
Default
0 2.652256 0.000000 3.290842 0.026260 -0.332764 0.942871 0.168579 0.981445 1 0 1.0
0 2.448446 -0.737957 3.036070 0.026260 -0.332764 0.942871 0.168579 0.981445 1 0 1.0
0 4.029472 -0.775263 2.978869 0.026260 -0.332764 0.942871 0.168579 0.981445 1 0 1.0
Default
0 -1.669322 -0.234879 3.068033 -0.132080 -0.864746 0.484131 0.168579 0.981445 1 0 1.0
0 -2.600126 -0.672312 2.032875 -0.132080 -0.864746 0.484131 0.168579 0.981445 1 0 1.0
0 0.482895 -0.701573 2.821266 -0.132080 -0.864746 0.484131 0.168579 0.981445 1 0 1.0
Default
0 7.322539 -1.463107 -0.146182 0.220093 -0.951660 -0.214966 0.168579 0.981445 1 0 1.0
0 7.647774 -1.090928 -1.460234 0.220093 -0.951660 -0.214966 0.168579 0.981445 1 0 1.0
0 9.273165 -0.821798 -0.987724 0.220093 -0.951660 -0.214966 0.168579 0.981445 1 0 1.0
Default
0 7.322539 -1.463107 -0.146182 0.167969 -0.969727 0.177734 0.168579 0.981445 1 0 1.0
0 9.273165 -1.098223 0.000641 0.167969 -0.969727 0.177734 0.168579 0.981445 1 0 1.0
0 9.273165 -0.950158 0.808383 0.167969 -0.969727 0.177734 0.168579 0.981445 1 0 1.0
Default
0 9.273165 -0.950158 0.808383 0.365234 -0.820312 0.439941 0.168579 0.981445 1 0 1.0
0 9.532977 -0.551981 1.335148 0.365234 -0.820312 0.439941 0.168579 0.981445 1 0 1.0
0 8.007895 -0.848840 2.047716 0.365234 -0.820312 0.439941 0.168579 0.981445 1 0 1.0
Default
0 5.866323 -0.820431 2.653551 -0.010895 -0.953613 0.301514 0.168579 0.981445 1 0 1.0
0 5.866323 -1.313136 1.095452 -0.010895 -0.953613 0.301514 0.168579 0.981445 1 0 1.0
0 7.342721 -1.315060 1.142709 -0.010895 -0.953613 0.301514 0.168579 0.981445 1 0 1.0
Default
0 8.431790 0.000000 -2.183230 0.206177 0.000000 -0.978516 0.168579 0.731445 1 0 1.0
0 8.431790 -0.407455 -2.183230 0.206177 0.000000 -0.978516 0.168579 0.731445 1 0 1.0
0 5.866323 -0.583835 -2.723803 0.206177 0.000000 -0.978516 0.168579 0.731445 1 0 1.0
Default
0 8.431790 0.407455 -2.183230 0.206177 0.000000 -0.978516 0.168579 0.731445 1 0 1.0
0 8.431790 0.000000 -2.183230 0.206177 0.000000 -0.978516 0.168579 0.731445 1 0 1.0
0 5.866323 0.583835 -2.723803 0.206177 0.000000 -0.978516 0.168579 0.731445 1 0 1.0
Default
0 1.171550 -1.336280 -5.220070 0.102478 0.945312 -0.309326 0.168579 0.731445 1 0 1.0
0 0.676390 -1.041571 -4.483364 0.102478 0.945312 -0.309326 0.168579 0.731445 1 0 1.0
0 2.192805 -0.589889 -2.600516 0.102478 0.945312 -0.309326 0.168579 0.731445 1 0 1.0
Default
0 -0.288653 -0.854799 -3.690056 -0.063721 0.951172 -0.301514 0.168579 0.731445 1 0 1.0
0 0.676390 -1.041571 -4.483364 -0.063721 0.951172 -0.301514 0.168579 0.731445 1 0 1.0
0 -0.302980 -1.421130 -5.474254 -0.063721 0.951172 -0.301514 0.168579 0.731445 1 0 1.0
Default
0 2.145131 -0.521736 -2.604008 -0.748535 -0.500977 0.434570 0.168579 0.731445 1 0 1.0
0 1.171550 -1.336280 -5.220070 -0.748535 -0.500977 0.434570 0.168579 0.731445 1 0 1.0
0 2.192805 -0.589889 -2.600516 -0.748535 -0.500977 0.434570 0.168579 0.731445 1 0 1.0
Default
0 -0.302980 -1.421130 -5.474254 0.009521 0.930664 -0.365967 0.168579 0.731445 1 0 1.0
0 0.676390 -1.041571 -4.483364 0.009521 0.930664 -0.365967 0.168579 0.731445 1 0 1.0
0 1.171550 -1.336280 -5.220070 0.009521 0.930664 -0.365967 0.168579 0.731445 1 0 1.0
Default
0 2.192805 -0.589889 -2.600516 -0.002146 0.972656 -0.231689 0.168579 0.731445 1 0 1.0
0 0.676390 -1.041571 -4.483364 -0.002146 0.972656 -0.231689 0.168579 0.731445 1 0 1.0
0 -0.288653 -0.854799 -3.690056 -0.002146 0.972656 -0.231689 0.168579 0.731445 1 0 1.0
Default
0 2.236432 -0.532494 -2.636484 0.350830 0.291016 0.890137 0.168579 0.731445 1 0 1.0
0 2.145131 -0.521736 -2.604008 0.350830 0.291016 0.890137 0.168579 0.731445 1 0 1.0
0 2.192805 -0.589889 -2.600516 0.350830 0.291016 0.890137 0.168579 0.731445 1 0 1.0
Default
0 1.171550 -1.336280 -5.220070 0.005962 0.954102 -0.299316 0.168579 0.731445 1 0 1.0
0 2.145131 -0.521736 -2.604008 0.005962 0.954102 -0.299316 0.168579 0.731445 1 0 1.0
0 2.236432 -0.532494 -2.636484 0.005962 0.954102 -0.299316 0.168579 0.731445 1 0 1.0
Default
0 9.273165 0.821798 -0.987724 0.326172 0.910156 -0.254639 0.168579 0.981445 1 0 1.0
0 9.273165 1.098223 0.000641 0.326172 0.910156 -0.254639 0.168579 0.981445 1 0 1.0
0 10.412794 0.651107 -0.137725 0.326172 0.910156 -0.254639 0.168579 0.981445 1 0 1.0
Default
0 10.988040 0.238630 0.453756 0.533691 0.124146 0.836426 0.168579 0.981445 1 0 1.0
0 9.532977 0.551981 1.335148 0.533691 0.124146 0.836426 0.168579 0.981445 1 0 1.0
0 9.566149 0.000000 1.395918 0.533691 0.124146 0.836426 0.168579 0.981445 1 0 1.0
Default
0 2.448446 0.737957 3.036070 -0.098328 0.592773 0.799316 0.168579 0.981445 1 0 1.0
0 0.482895 0.701573 2.821266 -0.098328 0.592773 0.799316 0.168579 0.981445 1 0 1.0
0 0.904723 0.107449 3.313653 -0.098328 0.592773 0.799316 0.168579 0.981445 1 0 1.0
Default
0 -2.600126 0.844748 1.296178 -0.166138 0.983398 0.073547 0.168579 0.981445 1 0 1.0
0 0.268970 1.316940 1.464825 -0.166138 0.983398 0.073547 0.168579 0.981445 1 0 1.0
0 0.238472 1.419249 0.028423 -0.166138 0.983398 0.073547 0.168579 0.981445 1 0 1.0
Default
0 -4.392952 0.560640 0.128313 -0.255127 0.953613 0.159790 0.168579 0.981445 1 0 1.0
0 -2.600126 0.844748 1.296178 -0.255127 0.953613 0.159790 0.168579 0.981445 1 0 1.0
0 -2.600126 1.044853 0.101745 -0.255127 0.953613 0.159790 0.168579 0.981445 1 0 1.0
Default
0 -2.600126 1.044853 0.101745 -0.201294 0.970703 -0.129517 0.168579 0.981445 1 0 1.0
0 -2.600126 0.844748 -1.398353 -0.201294 0.970703 -0.129517 0.168579 0.981445 1 0 1.0
0 -4.392952 0.560640 -0.740970 -0.201294 0.970703 -0.129517 0.168579 0.981445 1 0 1.0
Default
0 0.238472 1.419249 0.028423 -0.153564 0.983887 -0.090759 0.168579 0.981445 1 0 1.0
0 0.206710 1.247429 -1.781031 -0.153564 0.983887 -0.090759 0.168579 0.981445 1 0 1.0
0 -2.600126 0.844748 -1.398353 -0.153564 0.983887 -0.090759 0.168579 0.981445 1 0 1.0
Default
0 2.273331 0.000000 -3.025951 -0.120483 0.053772 -0.991211 0.168579 0.731445 1 0 1.0
0 0.221227 0.000000 -2.776467 -0.120483 0.053772 -0.991211 0.168579 0.731445 1 0 1.0
0 0.234005 0.667529 -2.741803 -0.120483 0.053772 -0.991211 0.168579 0.731445 1 0 1.0
Default
0 3.857764 1.598799 -0.078824 0.015930 0.992676 -0.118347 0.168579 0.981445 1 0 1.0
0 3.885653 1.373913 -1.961744 0.015930 0.992676 -0.118347 0.168579 0.981445 1 0 1.0
0 2.262270 1.400168 -1.959908 0.015930 0.992676 -0.118347 0.168579 0.981445 1 0 1.0
Default
0 10.941950 0.250579 -0.665851 0.365723 0.812500 -0.454346 0.168579 0.731445 1 0 1.0
0 9.584621 0.289927 -1.687840 0.365723 0.812500 -0.454346 0.168579 0.731445 1 0 1.0
0 9.273165 0.821798 -0.987724 0.365723 0.812500 -0.454346 0.168579 0.731445 1 0 1.0
Default
0 4.120900 0.000000 3.129543 0.214233 0.107544 0.970703 0.168579 0.981445 1 0 1.0
0 5.866323 0.000000 2.744450 0.214233 0.107544 0.970703 0.168579 0.981445 1 0 1.0
0 5.866323 0.820431 2.653551 0.214233 0.107544 0.970703 0.168579 0.981445 1 0 1.0
Default
0 -1.669322 0.234879 3.068033 -0.141968 0.981445 0.128906 0.168579 0.981445 1 0 1.0
0 -4.087943 0.000000 2.192786 -0.141968 0.981445 0.128906 0.168579 0.981445 1 0 1.0
0 -3.437562 0.000000 2.909157 -0.141968 0.981445 0.128906 0.168579 0.981445 1 0 1.0
Default
0 0.268970 1.316940 1.464825 -0.085083 0.995117 0.054596 0.168579 0.981445 1 0 1.0
0 2.310251 1.491127 1.472482 -0.085083 0.995117 0.054596 0.168579 0.981445 1 0 1.0
0 2.266565 1.569276 -0.019443 -0.085083 0.995117 0.054596 0.168579 0.981445 1 0 1.0
Default
0 5.859396 0.000000 -2.917100 0.067383 0.160278 -0.984863 0.168579 0.731445 1 0 1.0
0 3.913004 0.000000 -3.050282 0.067383 0.160278 -0.984863 0.168579 0.731445 1 0 1.0
0 3.917388 0.627604 -2.947816 0.067383 0.160278 -0.984863 0.168579 0.731445 1 0 1.0
Default
0 9.584621 0.289927 -1.687840 0.382812 0.053955 -0.922363 0.168579 0.731445 1 0 1.0
0 9.625486 0.000000 -1.687840 0.382812 0.053955 -0.922363 0.168579 0.731445 1 0 1.0
0 8.431790 0.000000 -2.183230 0.382812 0.053955 -0.922363 0.168579 0.731445 1 0 1.0
Default
0 9.625486 0.000000 -1.687840 0.601074 0.084717 -0.794922 0.168579 0.731445 1 0 1.0
0 9.584621 0.289927 -1.687840 0.601074 0.084717 -0.794922 0.168579 0.731445 1 0 1.0
0 10.941950 0.250579 -0.665851 0.601074 0.084717 -0.794922 0.168579 0.731445 1 0 1.0
Default
0 -8.706329 0.423274 2.768473 -0.239624 0.965332 -0.103394 0.168579 0.981445 1 0 1.0
0 -7.733207 0.423274 0.513137 -0.239624 0.965332 -0.103394 0.168579 0.981445 1 0 1.0
0 -9.465883 0.000000 0.577761 -0.239624 0.965332 -0.103394 0.168579 0.981445 1 0 1.0
Default
0 -8.706329 0.423274 2.768473 0.298340 0.863281 0.407227 0.168579 0.981445 1 0 1.0
0 -10.156131 0.000000 4.727463 0.298340 0.863281 0.407227 0.168579 0.981445 1 0 1.0
0 -6.149679 0.000000 1.792476 0.298340 0.863281 0.407227 0.168579 0.981445 1 0 1.0
Default
0 -2.600126 0.844748 -1.398353 -0.326416 0.920898 -0.214233 0.168579 0.731445 1 0 1.0
0 -2.600126 0.672312 -2.139461 -0.326416 0.920898 -0.214233 0.168579 0.731445 1 0 1.0
0 -4.392952 0.194175 -1.463209 -0.326416 0.920898 -0.214233 0.168579 0.731445 1 0 1.0
Default
0 0.482895 0.701573 2.821266 -0.064453 0.896973 0.437744 0.168579 0.981445 1 0 1.0
0 2.448446 0.737957 3.036070 -0.064453 0.896973 0.437744 0.168579 0.981445 1 0 1.0
0 2.310251 1.491127 1.472482 -0.064453 0.896973 0.437744 0.168579 0.981445 1 0 1.0
Default
0 5.866323 0.583835 -2.723803 0.086792 0.795898 -0.599609 0.168579 0.731445 1 0 1.0
0 3.917388 0.627604 -2.947816 0.086792 0.795898 -0.599609 0.168579 0.731445 1 0 1.0
0 3.885653 1.373913 -1.961744 0.086792 0.795898 -0.599609 0.168579 0.731445 1 0 1.0
Default
0 9.273165 0.821798 -0.987724 0.294678 0.819336 -0.491455 0.168579 0.731445 1 0 1.0
0 9.584621 0.289927 -1.687840 0.294678 0.819336 -0.491455 0.168579 0.731445 1 0 1.0
0 8.431790 0.407455 -2.183230 0.294678 0.819336 -0.491455 0.168579 0.731445 1 0 1.0
Default
0 2.448446 0.737957 3.036070 -0.007240 0.917480 0.398193 0.168579 0.981445 1 0 1.0
0 4.029472 0.775263 2.978869 -0.007240 0.917480 0.398193 0.168579 0.981445 1 0 1.0
0 3.907564 1.475670 1.363008 -0.007240 0.917480 0.398193 0.168579 0.981445 1 0 1.0
Default
0 0.206710 1.247429 -1.781031 -0.075623 0.992676 -0.092957 0.168579 0.981445 1 0 1.0
0 0.238472 1.419249 0.028423 -0.075623 0.992676 -0.092957 0.168579 0.981445 1 0 1.0
0 2.266565 1.569276 -0.019443 -0.075623 0.992676 -0.092957 0.168579 0.981445 1 0 1.0
Default
0 -2.600126 0.672312 2.032875 -0.117371 0.897461 0.425537 0.168579 0.981445 1 0 1.0
0 0.482895 0.701573 2.821266 -0.117371 0.897461 0.425537 0.168579 0.981445 1 0 1.0
0 0.268970 1.316940 1.464825 -0.117371 0.897461 0.425537 0.168579 0.981445 1 0 1.0
Default
0 -5.135083 0.000000 1.371109 0.259277 0.962402 0.082092 0.168579 0.981445 1 0 1.0
0 -6.149679 0.330225 0.706096 0.259277 0.962402 0.082092 0.168579 0.981445 1 0 1.0
0 -6.149679 0.280466 1.289401 0.259277 0.962402 0.082092 0.168579 0.981445 1 0 1.0
Default
0 -5.135083 0.000000 1.371109 -0.387207 0.904785 0.177002 0.168579 0.981445 1 0 1.0
0 -4.741530 0.145456 1.488271 -0.387207 0.904785 0.177002 0.168579 0.981445 1 0 1.0
0 -4.392952 0.560640 0.128313 -0.387207 0.904785 0.177002 0.168579 0.981445 1 0 1.0
Default
0 -9.465883 0.000000 0.577761 -0.226929 0.956543 0.182495 0.168579 0.981445 1 0 1.0
0 -7.733207 0.423274 0.513137 -0.226929 0.956543 0.182495 0.168579 0.981445 1 0 1.0
0 -9.118588 0.423274 -1.209188 -0.226929 0.956543 0.182495 0.168579 0.981445 1 0 1.0
Default
0 9.251294 1.369383 -0.338767 0.801270 0.532715 -0.272705 0.982910 0.982910 1 0 1.0
0 9.640347 1.162884 0.400784 0.801270 0.532715 -0.272705 0.982910 0.982910 1 0 1.0
0 9.650562 0.798072 -0.282325 0.801270 0.532715 -0.272705 0.982910 0.982910 1 0 1.0
Default
0 9.631574 0.657036 0.851365 1.000000 -0.002728 0.016403 0.982910 0.982910 1 0 1.0
0 9.650562 0.798072 -0.282325 1.000000 -0.002728 0.016403 0.982910 0.982910 1 0 1.0
0 9.640347 1.162884 0.400784 1.000000 -0.002728 0.016403 0.982910 0.982910 1 0 1.0
Default
0 8.317317 1.057187 -0.679939 0.304932 0.119873 -0.944824 0.982910 0.982910 1 0 1.0
0 9.251294 1.369383 -0.338767 0.304932 0.119873 -0.944824 0.982910 0.982910 1 0 1.0
0 9.650562 0.798072 -0.282325 0.304932 0.119873 -0.944824 0.982910 0.982910 1 0 1.0
Default
0 8.937518 0.624614 -0.061663 0.016556 -0.811523 -0.584473 0.982910 0.982910 1 0 1.0
0 8.317317 1.057187 -0.679939 0.016556 -0.811523 -0.584473 0.982910 0.982910 1 0 1.0
0 9.650562 0.798072 -0.282325 0.016556 -0.811523 -0.584473 0.982910 0.982910 1 0 1.0
Default
0 9.631574 0.657036 0.851365 0.200195 -0.972656 -0.117676 0.982910 0.982910 1 0 1.0
0 8.937518 0.624614 -0.061663 0.200195 -0.972656 -0.117676 0.982910 0.982910 1 0 1.0
0 9.650562 0.798072 -0.282325 0.200195 -0.972656 -0.117676 0.982910 0.982910 1 0 1.0
Default
0 9.228597 1.176969 1.075352 0.784180 0.405273 0.470215 0.982910 0.982910 1 0 1.0
0 9.631574 0.657036 0.851365 0.784180 0.405273 0.470215 0.982910 0.982910 1 0 1.0
0 9.640347 1.162884 0.400784 0.784180 0.405273 0.470215 0.982910 0.982910 1 0 1.0
Default
0 8.983177 1.604456 0.502815 0.550781 0.832520 -0.057159 0.982910 0.512207 1 0 1.0
0 9.640347 1.162884 0.400784 0.550781 0.832520 -0.057159 0.982910 0.512207 1 0 1.0
0 9.251294 1.369383 -0.338767 0.550781 0.832520 -0.057159 0.982910 0.512207 1 0 1.0
Default
0 8.149513 1.566516 0.109256 -0.075928 0.830566 -0.552246 0.982910 0.982910 1 0 1.0
0 9.251294 1.369383 -0.338767 -0.075928 0.830566 -0.552246 0.982910 0.982910 1 0 1.0
0 8.317317 1.057187 -0.679939 -0.075928 0.830566 -0.552246 0.982910 0.982910 1 0 1.0
Default
0 7.937364 1.284830 0.702667 -0.560059 -0.828125 -0.017563 0.982910 0.982910 1 0 1.0
0 8.317317 1.057187 -0.679939 -0.560059 -0.828125 -0.017563 0.982910 0.982910 1 0 1.0
0 8.937518 0.624614 -0.061663 -0.560059 -0.828125 -0.017563 0.982910 0.982910 1 0 1.0
Default
0 8.631473 0.948540 1.254270 -0.203857 -0.960449 0.189087 0.982910 0.982910 1 0 1.0
0 8.937518 0.624614 -0.061663 -0.203857 -0.960449 0.189087 0.982910 0.982910 1 0 1.0
0 9.631574 0.657036 0.851365 -0.203857 -0.960449 0.189087 0.982910 0.982910 1 0 1.0
Default
0 8.983177 1.604456 0.502815 0.561523 0.760254 0.326904 0.980957 0.516113 1 0 1.0
0 9.228597 1.176969 1.075352 0.561523 0.760254 0.326904 0.980957 0.516113 1 0 1.0
0 9.640347 1.162884 0.400784 0.561523 0.760254 0.326904 0.980957 0.516113 1 0 1.0
Default
0 8.149513 1.566516 0.109256 0.072510 0.966309 -0.246826 0.984863 0.520020 1 0 1.0
0 8.983177 1.604456 0.502815 0.072510 0.966309 -0.246826 0.984863 0.520020 1 0 1.0
0 9.251294 1.369383 -0.338767 0.072510 0.966309 -0.246826 0.984863 0.520020 1 0 1.0
Default
0 7.937364 1.284830 0.702667 -0.951660 0.123108 -0.281738 0.982910 0.982910 1 0 1.0
0 8.149513 1.566516 0.109256 -0.951660 0.123108 -0.281738 0.982910 0.982910 1 0 1.0
0 8.317317 1.057187 -0.679939 -0.951660 0.123108 -0.281738 0.982910 0.982910 1 0 1.0
Default
0 8.631473 0.948540 1.254270 -0.495361 -0.863281 0.097229 0.982910 0.982910 1 0 1.0
0 7.937364 1.284830 0.702667 -0.495361 -0.863281 0.097229 0.982910 0.982910 1 0 1.0
0 8.937518 0.624614 -0.061663 -0.495361 -0.863281 0.097229 0.982910 0.982910 1 0 1.0
Default
0 9.228597 1.176969 1.075352 0.333740 -0.142700 0.931641 0.982910 0.982910 1 0 1.0
0 8.631473 0.948540 1.254270 0.333740 -0.142700 0.931641 0.982910 0.982910 1 0 1.0
0 9.631574 0.657036 0.851365 0.333740 -0.142700 0.931641 0.982910 0.982910 1 0 1.0
Default
0 8.350573 1.421081 0.922391 0.131226 0.820312 0.556152 0.980957 0.516113 1 0 1.0
0 9.228597 1.176969 1.075352 0.131226 0.820312 0.556152 0.980957 0.516113 1 0 1.0
0 8.983177 1.604456 0.502815 0.131226 0.820312 0.556152 0.980957 0.516113 1 0 1.0
Default
0 8.350573 1.421081 0.922391 -0.142334 0.967773 0.208252 0.980957 0.516113 1 0 1.0
0 8.983177 1.604456 0.502815 -0.142334 0.967773 0.208252 0.980957 0.516113 1 0 1.0
0 8.149513 1.566516 0.109256 -0.142334 0.967773 0.208252 0.980957 0.516113 1 0 1.0
Default
0 8.350573 1.421081 0.922391 -0.424316 0.867188 0.260010 0.982910 0.982910 1 0 1.0
0 8.149513 1.566516 0.109256 -0.424316 0.867188 0.260010 0.982910 0.982910 1 0 1.0
0 7.937364 1.284830 0.702667 -0.424316 0.867188 0.260010 0.982910 0.982910 1 0 1.0
Default
0 8.350573 1.421081 0.922391 -0.519043 0.262695 0.813477 0.982910 0.982910 1 0 1.0
0 7.937364 1.284830 0.702667 -0.519043 0.262695 0.813477 0.982910 0.982910 1 0 1.0
0 8.631473 0.948540 1.254270 -0.519043 0.262695 0.813477 0.982910 0.982910 1 0 1.0
Default
0 8.350573 1.421081 0.922391 0.020493 0.582520 0.812500 0.982910 0.982910 1 0 1.0
0 8.631473 0.948540 1.254270 0.020493 0.582520 0.812500 0.982910 0.982910 1 0 1.0
0 9.228597 1.176969 1.075352 0.020493 0.582520 0.812500 0.982910 0.982910 1 0 1.0
Default
0 11.071644 0.344082 0.124056 0.683594 0.626953 0.373779 0.168579 0.981445 1 0 1.0
0 10.988040 0.238630 0.453756 0.683594 0.626953 0.373779 0.168579 0.981445 1 0 1.0
0 11.206993 0.000000 0.453756 0.683594 0.626953 0.373779 0.168579 0.981445 1 0 1.0
Default
0 11.160902 0.000000 -0.665851 0.702637 0.614258 -0.359131 0.168579 0.731445 1 0 1.0
0 10.941950 0.250579 -0.665851 0.702637 0.614258 -0.359131 0.168579 0.731445 1 0 1.0
0 11.101694 0.346955 -0.188550 0.702637 0.614258 -0.359131 0.168579 0.731445 1 0 1.0
Default
0 10.412794 0.000000 -0.137725 0.369141 0.000000 -0.929199 0.168579 0.981445 1 0 1.0
0 10.412794 0.651107 -0.137725 0.369141 0.000000 -0.929199 0.168579 0.981445 1 0 1.0
0 11.071644 0.344082 0.124056 0.369141 0.000000 -0.929199 0.168579 0.981445 1 0 1.0
Default
0 10.412794 -0.651107 -0.137725 0.369141 0.000000 -0.929199 0.168579 0.981445 1 0 1.0
0 10.412794 0.000000 -0.137725 0.369141 0.000000 -0.929199 0.168579 0.981445 1 0 1.0
0 11.071644 -0.344082 0.124056 0.369141 0.000000 -0.929199 0.168579 0.981445 1 0 1.0
Default
0 -0.217961 0.000000 5.474254 0.008827 0.995605 0.091858 0.168579 0.981445 1 0 1.0
0 0.937905 0.000000 5.363185 0.008827 0.995605 0.091858 0.168579 0.981445 1 0 1.0
0 -1.669322 0.234879 3.068033 0.008827 0.995605 0.091858 0.168579 0.981445 1 0 1.0
Default
0 4.935520 1.652017 -1.956544 0.956055 0.253662 -0.148315 0.168579 0.981445 1 0 1.0
0 5.222534 0.933561 -1.335353 0.956055 0.253662 -0.148315 0.168579 0.981445 1 0 1.0
0 5.142087 0.656665 -2.327182 0.956055 0.253662 -0.148315 0.168579 0.981445 1 0 1.0
Default
0 4.030911 2.373277 -2.883827 0.720703 0.668457 -0.183228 0.168579 0.981445 1 0 1.0
0 4.935520 1.652017 -1.956544 0.720703 0.668457 -0.183228 0.168579 0.981445 1 0 1.0
0 4.544289 1.664148 -3.451293 0.720703 0.668457 -0.183228 0.168579 0.981445 1 0 1.0
Default
0 4.855517 1.595580 -1.642272 -0.878418 -0.395996 0.268066 0.168579 0.981445 1 0 1.0
0 4.237064 1.423828 -3.921977 -0.878418 -0.395996 0.268066 0.168579 0.981445 1 0 1.0
0 5.089090 0.610864 -2.331657 -0.878418 -0.395996 0.268066 0.168579 0.981445 1 0 1.0
Default
0 4.855517 1.595580 -1.642272 -0.301025 0.258545 0.917969 0.168579 0.981445 1 0 1.0
0 5.169537 0.887760 -1.339828 -0.301025 0.258545 0.917969 0.168579 0.981445 1 0 1.0
0 5.222534 0.933561 -1.335353 -0.301025 0.258545 0.917969 0.168579 0.981445 1 0 1.0
Default
0 3.904809 2.438763 -2.710344 0.453125 0.850098 0.268066 0.168579 0.981445 1 0 1.0
0 4.855517 1.595580 -1.642272 0.453125 0.850098 0.268066 0.168579 0.981445 1 0 1.0
0 4.935520 1.652017 -1.956544 0.453125 0.850098 0.268066 0.168579 0.981445 1 0 1.0
Default
0 3.512995 2.531966 -3.775194 0.390137 0.918457 -0.063171 0.168579 0.981445 1 0 1.0
0 3.904809 2.438763 -2.710344 0.390137 0.918457 -0.063171 0.168579 0.981445 1 0 1.0
0 4.030911 2.373277 -2.883827 0.390137 0.918457 -0.063171 0.168579 0.981445 1 0 1.0
Default
0 5.089090 0.610864 -2.331657 0.855469 -0.097961 -0.508301 0.168579 0.981445 1 0 1.0
0 4.237064 1.423828 -3.921977 0.855469 -0.097961 -0.508301 0.168579 0.981445 1 0 1.0
0 4.544289 1.664148 -3.451293 0.855469 -0.097961 -0.508301 0.168579 0.981445 1 0 1.0
Default
0 4.237064 1.423828 -3.921977 -0.098755 0.067017 -0.992676 0.168579 0.981445 1 0 1.0
0 3.512995 2.531966 -3.775194 -0.098755 0.067017 -0.992676 0.168579 0.981445 1 0 1.0
0 3.695684 2.427011 -3.800444 -0.098755 0.067017 -0.992676 0.168579 0.981445 1 0 1.0
Default
0 -1.058548 0.812131 -3.635199 -0.161011 0.954590 0.250000 0.168579 0.731445 1 0 1.0
0 -0.292234 0.947858 -3.660162 -0.161011 0.954590 0.250000 0.168579 0.731445 1 0 1.0
0 -0.302980 1.421130 -5.474254 -0.161011 0.954590 0.250000 0.168579 0.731445 1 0 1.0
Default
0 -0.292234 0.947858 -3.660162 -0.041168 0.913574 0.405029 0.168579 0.731445 1 0 1.0
0 -0.098039 0.418621 -2.447136 -0.041168 0.913574 0.405029 0.168579 0.731445 1 0 1.0
0 2.192805 0.589889 -2.600516 -0.041168 0.913574 0.405029 0.168579 0.731445 1 0 1.0
Default
0 -1.058548 0.812131 -3.635199 -0.145508 0.897949 0.415039 0.168579 0.731445 1 0 1.0
0 -0.098039 0.418621 -2.447136 -0.145508 0.897949 0.415039 0.168579 0.731445 1 0 1.0
0 -0.292234 0.947858 -3.660162 -0.145508 0.897949 0.415039 0.168579 0.731445 1 0 1.0
Default
0 2.236432 0.532494 -2.636484 0.756348 0.644531 -0.111206 0.168579 0.731445 1 0 1.0
0 1.171550 1.336280 -5.220070 0.756348 0.644531 -0.111206 0.168579 0.731445 1 0 1.0
0 2.192805 0.589889 -2.600516 0.756348 0.644531 -0.111206 0.168579 0.731445 1 0 1.0
Default
0 -6.149679 0.330225 0.706096 0.104248 0.990723 0.084534 0.168579 0.981445 1 0 1.0
0 -8.706329 0.423274 2.768473 0.104248 0.990723 0.084534 0.168579 0.981445 1 0 1.0
0 -6.149679 0.280466 1.289401 0.104248 0.990723 0.084534 0.168579 0.981445 1 0 1.0
Default
0 3.907564 1.475670 1.363008 0.047272 0.917969 0.394287 0.168579 0.981445 1 0 1.0
0 4.029472 0.775263 2.978869 0.047272 0.917969 0.394287 0.168579 0.981445 1 0 1.0
0 5.866323 0.820431 2.653551 0.047272 0.917969 0.394287 0.168579 0.981445 1 0 1.0
Default
0 3.885653 1.373913 -1.961744 0.020889 0.797363 -0.603027 0.168579 0.731445 1 0 1.0
0 3.917388 0.627604 -2.947816 0.020889 0.797363 -0.603027 0.168579 0.731445 1 0 1.0
0 2.278747 0.651985 -2.972350 0.020889 0.797363 -0.603027 0.168579 0.731445 1 0 1.0
Default
0 3.913004 0.000000 -3.050282 -0.014786 0.082031 -0.996582 0.168579 0.731445 1 0 1.0
0 2.273331 0.000000 -3.025951 -0.014786 0.082031 -0.996582 0.168579 0.731445 1 0 1.0
0 2.278747 0.651985 -2.972350 -0.014786 0.082031 -0.996582 0.168579 0.731445 1 0 1.0
Default
0 2.652256 0.000000 3.290842 0.106934 0.201782 0.973633 0.168579 0.981445 1 0 1.0
0 4.120900 0.000000 3.129543 0.106934 0.201782 0.973633 0.168579 0.981445 1 0 1.0
0 4.029472 0.775263 2.978869 0.106934 0.201782 0.973633 0.168579 0.981445 1 0 1.0
Default
0 -1.669322 0.234879 3.068033 -0.044220 0.618652 0.784180 0.168579 0.981445 1 0 1.0
0 0.904723 0.107449 3.313653 -0.044220 0.618652 0.784180 0.168579 0.981445 1 0 1.0
0 0.482895 0.701573 2.821266 -0.044220 0.618652 0.784180 0.168579 0.981445 1 0 1.0
Default
0 7.322539 1.463107 -0.146182 0.196533 0.944336 -0.264160 0.168579 0.981445 1 0 1.0
0 9.273165 1.098223 0.000641 0.196533 0.944336 -0.264160 0.168579 0.981445 1 0 1.0
0 9.273165 0.821798 -0.987724 0.196533 0.944336 -0.264160 0.168579 0.981445 1 0 1.0
Default
0 9.273165 0.950158 0.808383 0.167969 0.969727 0.177734 0.168579 0.981445 1 0 1.0
0 9.273165 1.098223 0.000641 0.167969 0.969727 0.177734 0.168579 0.981445 1 0 1.0
0 7.322539 1.463107 -0.146182 0.167969 0.969727 0.177734 0.168579 0.981445 1 0 1.0
Default
0 8.007895 0.848840 2.047716 0.365234 0.820312 0.439941 0.168579 0.981445 1 0 1.0
0 9.532977 0.551981 1.335148 0.365234 0.820312 0.439941 0.168579 0.981445 1 0 1.0
0 9.273165 0.950158 0.808383 0.365234 0.820312 0.439941 0.168579 0.981445 1 0 1.0
Default
0 2.262270 1.400168 -1.959908 -0.060852 0.802246 -0.593750 0.168579 0.731445 1 0 1.0
0 2.278747 0.651985 -2.972350 -0.060852 0.802246 -0.593750 0.168579 0.731445 1 0 1.0
0 0.234005 0.667529 -2.741803 -0.060852 0.802246 -0.593750 0.168579 0.731445 1 0 1.0
Default
0 7.342721 1.315060 1.142709 -0.010895 0.953613 0.301514 0.168579 0.981445 1 0 1.0
0 5.866323 1.313136 1.095452 -0.010895 0.953613 0.301514 0.168579 0.981445 1 0 1.0
0 5.866323 0.820431 2.653551 -0.010895 0.953613 0.301514 0.168579 0.981445 1 0 1.0
Default
0 7.322539 1.463107 -0.146182 0.111023 0.962891 -0.245239 0.168579 0.981445 1 0 1.0
0 7.647774 1.090928 -1.460234 0.111023 0.962891 -0.245239 0.168579 0.981445 1 0 1.0
0 5.866323 1.201458 -1.832689 0.098450 0.972168 -0.211792 0.168579 0.981445 1 0 1.0
Default
0 5.866323 1.561859 -0.178144 0.098450 0.972168 -0.211792 0.168579 0.981445 1 0 1.0
0 5.866323 1.201458 -1.832689 0.098450 0.972168 -0.211792 0.168579 0.981445 1 0 1.0
0 3.885653 1.373913 -1.961744 0.098450 0.972168 -0.211792 0.168579 0.981445 1 0 1.0
Default
0 5.866323 1.561859 -0.178144 0.098450 0.972168 -0.211792 0.168579 0.981445 1 0 1.0
0 7.322539 1.463107 -0.146182 0.070740 0.974609 -0.212280 0.168579 0.981445 1 0 1.0
0 5.866323 1.201458 -1.832689 0.098450 0.972168 -0.211792 0.168579 0.981445 1 0 1.0
Default
0 8.431790 0.000000 -2.183230 0.261719 0.300537 -0.916992 0.168579 0.731445 1 0 1.0
0 5.859396 0.000000 -2.917100 0.261719 0.300537 -0.916992 0.168579 0.731445 1 0 1.0
0 5.866323 0.583835 -2.723803 0.261719 0.300537 -0.916992 0.168579 0.731445 1 0 1.0
Default
0 0.676390 1.041571 -4.483364 0.102478 -0.945312 -0.309326 0.168579 0.731445 1 0 1.0
0 1.171550 1.336280 -5.220070 0.102478 -0.945312 -0.309326 0.168579 0.731445 1 0 1.0
0 2.192805 0.589889 -2.600516 0.102478 -0.945312 -0.309326 0.168579 0.731445 1 0 1.0
Default
0 0.676390 1.041571 -4.483364 -0.063721 -0.951172 -0.301514 0.168579 0.731445 1 0 1.0
0 -0.288653 0.854799 -3.690056 -0.063721 -0.951172 -0.301514 0.168579 0.731445 1 0 1.0
0 -0.302980 1.421130 -5.474254 -0.063721 -0.951172 -0.301514 0.168579 0.731445 1 0 1.0
Default
0 1.171550 1.336280 -5.220070 -0.748535 0.500977 0.434570 0.168579 0.731445 1 0 1.0
0 2.145131 0.521736 -2.604008 -0.748535 0.500977 0.434570 0.168579 0.731445 1 0 1.0
0 2.192805 0.589889 -2.600516 -0.748535 0.500977 0.434570 0.168579 0.731445 1 0 1.0
Default
0 0.676390 1.041571 -4.483364 0.009521 -0.930664 -0.365967 0.168579 0.731445 1 0 1.0
0 -0.302980 1.421130 -5.474254 0.009521 -0.930664 -0.365967 0.168579 0.731445 1 0 1.0
0 1.171550 1.336280 -5.220070 0.009521 -0.930664 -0.365967 0.168579 0.731445 1 0 1.0
Default
0 0.676390 1.041571 -4.483364 -0.002146 -0.972656 -0.231689 0.168579 0.731445 1 0 1.0
0 2.192805 0.589889 -2.600516 -0.002146 -0.972656 -0.231689 0.168579 0.731445 1 0 1.0
0 -0.288653 0.854799 -3.690056 -0.002146 -0.972656 -0.231689 0.168579 0.731445 1 0 1.0
Default
0 2.145131 0.521736 -2.604008 0.350830 -0.291016 0.890137 0.168579 0.731445 1 0 1.0
0 2.236432 0.532494 -2.636484 0.350830 -0.291016 0.890137 0.168579 0.731445 1 0 1.0
0 2.192805 0.589889 -2.600516 0.350830 -0.291016 0.890137 0.168579 0.731445 1 0 1.0
Default
0 2.145131 0.521736 -2.604008 0.005962 -0.954102 -0.299316 0.168579 0.731445 1 0 1.0
0 1.171550 1.336280 -5.220070 0.005962 -0.954102 -0.299316 0.168579 0.731445 1 0 1.0
0 2.236432 0.532494 -2.636484 0.005962 -0.954102 -0.299316 0.168579 0.731445 1 0 1.0
Default
0 11.101694 -0.346955 -0.188550 0.364258 -0.877441 -0.312256 0.168579 0.981445 1 0 1.0
0 10.412794 -0.651107 -0.137725 0.364258 -0.877441 -0.312256 0.168579 0.981445 1 0 1.0
0 9.273165 -0.821798 -0.987724 0.364258 -0.877441 -0.312256 0.168579 0.981445 1 0 1.0
Default
0 9.532977 -0.551981 1.335148 0.533691 -0.124146 0.836426 0.168579 0.981445 1 0 1.0
0 10.988040 -0.238630 0.453756 0.533691 -0.124146 0.836426 0.168579 0.981445 1 0 1.0
0 9.566149 0.000000 1.395918 0.533691 -0.124146 0.836426 0.168579 0.981445 1 0 1.0
Default
0 0.482895 -0.701573 2.821266 -0.098328 -0.592773 0.799316 0.168579 0.981445 1 0 1.0
0 2.448446 -0.737957 3.036070 -0.098328 -0.592773 0.799316 0.168579 0.981445 1 0 1.0
0 0.904723 -0.107449 3.313653 -0.098328 -0.592773 0.799316 0.168579 0.981445 1 0 1.0
Default
0 0.268970 -1.316940 1.464825 -0.166138 -0.983398 0.073547 0.168579 0.981445 1 0 1.0
0 -2.600126 -0.844748 1.296178 -0.166138 -0.983398 0.073547 0.168579 0.981445 1 0 1.0
0 0.238472 -1.419249 0.028423 -0.166138 -0.983398 0.073547 0.168579 0.981445 1 0 1.0
Default
0 -2.600126 -0.844748 1.296178 -0.255127 -0.953613 0.159790 0.168579 0.981445 1 0 1.0
0 -4.392952 -0.560640 0.128313 -0.255127 -0.953613 0.159790 0.168579 0.981445 1 0 1.0
0 -2.600126 -1.044853 0.101745 -0.255127 -0.953613 0.159790 0.168579 0.981445 1 0 1.0
Default
0 -2.600126 -1.044853 0.101745 -0.132935 -0.982422 -0.131104 0.168579 0.981445 1 0 1.0
0 -2.600126 -0.844748 -1.398353 -0.132935 -0.982422 -0.131104 0.168579 0.981445 1 0 1.0
0 0.238472 -1.419249 0.028423 -0.132935 -0.982422 -0.131104 0.168579 0.981445 1 0 1.0
Default
0 0.221227 0.000000 -2.776467 -0.120483 -0.053772 -0.991211 0.168579 0.731445 1 0 1.0
0 2.273331 0.000000 -3.025951 -0.120483 -0.053772 -0.991211 0.168579 0.731445 1 0 1.0
0 0.234005 -0.667529 -2.741803 -0.120483 -0.053772 -0.991211 0.168579 0.731445 1 0 1.0
Default
0 2.266565 -1.569276 -0.019443 -0.021713 -0.996094 -0.086731 0.168579 0.981445 1 0 1.0
0 2.262270 -1.400168 -1.959908 -0.021713 -0.996094 -0.086731 0.168579 0.981445 1 0 1.0
0 3.857764 -1.598799 -0.078824 -0.021713 -0.996094 -0.086731 0.168579 0.981445 1 0 1.0
Default
0 9.584621 -0.289927 -1.687840 0.365723 -0.812500 -0.454346 0.168579 0.731445 1 0 1.0
0 10.941950 -0.250579 -0.665851 0.365723 -0.812500 -0.454346 0.168579 0.731445 1 0 1.0
0 9.273165 -0.821798 -0.987724 0.365723 -0.812500 -0.454346 0.168579 0.731445 1 0 1.0
Default
0 4.029472 -0.775263 2.978869 0.165649 -0.206909 0.964355 0.168579 0.981445 1 0 1.0
0 5.866323 -0.820431 2.653551 0.165649 -0.206909 0.964355 0.168579 0.981445 1 0 1.0
0 4.120900 0.000000 3.129543 0.165649 -0.206909 0.964355 0.168579 0.981445 1 0 1.0
Default
0 -0.217961 0.000000 5.474254 -0.145630 -0.972168 0.182739 0.168579 0.981445 1 0 1.0
0 -3.437562 0.000000 2.909157 -0.145630 -0.972168 0.182739 0.168579 0.981445 1 0 1.0
0 -1.669322 -0.234879 3.068033 -0.145630 -0.972168 0.182739 0.168579 0.981445 1 0 1.0
Default
0 0.238472 -1.419249 0.028423 -0.071899 -0.994629 0.072388 0.168579 0.981445 1 0 1.0
0 2.266565 -1.569276 -0.019443 -0.071899 -0.994629 0.072388 0.168579 0.981445 1 0 1.0
0 0.268970 -1.316940 1.464825 -0.071899 -0.994629 0.072388 0.168579 0.981445 1 0 1.0
Default
0 5.866323 -0.583835 -2.723803 0.115417 -0.311035 -0.943359 0.168579 0.731445 1 0 1.0
0 3.917388 -0.627604 -2.947816 0.115417 -0.311035 -0.943359 0.168579 0.731445 1 0 1.0
0 5.859396 0.000000 -2.917100 0.115417 -0.311035 -0.943359 0.168579 0.731445 1 0 1.0
Default
0 9.625486 0.000000 -1.687840 0.382812 -0.053955 -0.922363 0.168579 0.731445 1 0 1.0
0 9.584621 -0.289927 -1.687840 0.382812 -0.053955 -0.922363 0.168579 0.731445 1 0 1.0
0 8.431790 0.000000 -2.183230 0.382812 -0.053955 -0.922363 0.168579 0.731445 1 0 1.0
Default
0 11.160902 0.000000 -0.665851 0.498779 -0.435791 -0.749023 0.168579 0.731445 1 0 1.0
0 10.941950 -0.250579 -0.665851 0.498779 -0.435791 -0.749023 0.168579 0.731445 1 0 1.0
0 9.625486 0.000000 -1.687840 0.498779 -0.435791 -0.749023 0.168579 0.731445 1 0 1.0
Default
0 -10.156131 0.000000 4.727463 -0.351807 -0.934082 -0.058533 0.168579 0.981445 1 0 1.0
0 -9.465883 0.000000 0.577761 -0.351807 -0.934082 -0.058533 0.168579 0.981445 1 0 1.0
0 -8.706329 -0.423274 2.768473 -0.351807 -0.934082 -0.058533 0.168579 0.981445 1 0 1.0
Default
0 -10.156131 0.000000 4.727463 0.298340 -0.863281 0.407227 0.168579 0.981445 1 0 1.0
0 -8.706329 -0.423274 2.768473 0.298340 -0.863281 0.407227 0.168579 0.981445 1 0 1.0
0 -6.149679 0.000000 1.792476 0.298340 -0.863281 0.407227 0.168579 0.981445 1 0 1.0
Default
0 -2.600126 -0.672312 -2.139461 -0.326416 -0.920898 -0.214233 0.168579 0.731445 1 0 1.0
0 -2.600126 -0.844748 -1.398353 -0.326416 -0.920898 -0.214233 0.168579 0.731445 1 0 1.0
0 -4.392952 -0.194175 -1.463209 -0.326416 -0.920898 -0.214233 0.168579 0.731445 1 0 1.0
Default
0 0.268970 -1.316940 1.464825 -0.078674 -0.903320 0.422119 0.168579 0.981445 1 0 1.0
0 2.310251 -1.491127 1.472482 -0.078674 -0.903320 0.422119 0.168579 0.981445 1 0 1.0
0 0.482895 -0.701573 2.821266 -0.078674 -0.903320 0.422119 0.168579 0.981445 1 0 1.0
Default
0 5.866323 -1.201458 -1.832689 0.108032 -0.816895 -0.566406 0.168579 0.731445 1 0 1.0
0 3.885653 -1.373913 -1.961744 0.108032 -0.816895 -0.566406 0.168579 0.731445 1 0 1.0
0 5.866323 -0.583835 -2.723803 0.108032 -0.816895 -0.566406 0.168579 0.731445 1 0 1.0
Default
0 9.584621 -0.289927 -1.687840 0.294678 -0.819336 -0.491455 0.168579 0.731445 1 0 1.0
0 9.273165 -0.821798 -0.987724 0.294678 -0.819336 -0.491455 0.168579 0.731445 1 0 1.0
0 8.431790 -0.407455 -2.183230 0.294678 -0.819336 -0.491455 0.168579 0.731445 1 0 1.0
Default
0 2.310251 -1.491127 1.472482 0.038269 -0.901367 0.430908 0.168579 0.981445 1 0 1.0
0 3.907564 -1.475670 1.363008 0.038269 -0.901367 0.430908 0.168579 0.981445 1 0 1.0
0 2.448446 -0.737957 3.036070 0.038269 -0.901367 0.430908 0.168579 0.981445 1 0 1.0
Default
0 0.238472 -1.419249 0.028423 -0.075623 -0.992676 -0.092957 0.168579 0.981445 1 0 1.0
0 0.206710 -1.247429 -1.781031 -0.075623 -0.992676 -0.092957 0.168579 0.981445 1 0 1.0
0 2.266565 -1.569276 -0.019443 -0.075623 -0.992676 -0.092957 0.168579 0.981445 1 0 1.0
Default
0 -2.600126 -0.844748 1.296178 -0.171143 -0.959473 0.224487 0.168579 0.981445 1 0 1.0
0 0.268970 -1.316940 1.464825 -0.171143 -0.959473 0.224487 0.168579 0.981445 1 0 1.0
0 -2.600126 -0.672312 2.032875 -0.171143 -0.959473 0.224487 0.168579 0.981445 1 0 1.0
Default
0 -5.135083 0.000000 1.371109 0.156250 -0.958496 0.237671 0.168579 0.981445 1 0 1.0
0 -6.149679 -0.330225 0.706096 0.156250 -0.958496 0.237671 0.168579 0.981445 1 0 1.0
0 -5.135083 -0.429447 -0.361345 0.156250 -0.958496 0.237671 0.168579 0.981445 1 0 1.0
Default
0 -6.149679 0.000000 1.792476 0.198242 -0.855957 0.477295 0.168579 0.981445 1 0 1.0
0 -6.149679 -0.280466 1.289401 0.198242 -0.855957 0.477295 0.168579 0.981445 1 0 1.0
0 -5.135083 0.000000 1.371109 0.198242 -0.855957 0.477295 0.168579 0.981445 1 0 1.0
Default
0 -5.135083 -0.429447 -0.361345 -0.313721 -0.921875 0.228516 0.168579 0.981445 1 0 1.0
0 -4.392952 -0.560640 0.128313 -0.286133 -0.934570 0.211914 0.168579 0.981445 1 0 1.0
0 -5.135083 0.000000 1.371109 -0.313721 -0.921875 0.228516 0.168579 0.981445 1 0 1.0
Default
0 -4.392952 -0.560640 0.128313 -0.286133 -0.934570 0.211914 0.168579 0.981445 1 0 1.0
0 -2.600126 -0.844748 1.296178 -0.285156 -0.933105 0.218384 0.168579 0.981445 1 0 1.0
0 -4.741530 -0.145456 1.488271 -0.285156 -0.933105 0.218384 0.168579 0.981445 1 0 1.0
Default
0 -2.600126 -0.844748 1.296178 -0.285156 -0.933105 0.218384 0.168579 0.981445 1 0 1.0
0 -2.600126 -0.672312 2.032875 -0.285156 -0.933105 0.218384 0.168579 0.981445 1 0 1.0
0 -4.741530 -0.145456 1.488271 -0.285156 -0.933105 0.218384 0.168579 0.981445 1 0 1.0
Default
0 -7.733207 -0.423274 0.513137 -0.226929 -0.956543 0.182495 0.168579 0.981445 1 0 1.0
0 -9.465883 0.000000 0.577761 -0.226929 -0.956543 0.182495 0.168579 0.981445 1 0 1.0
0 -9.118588 -0.423274 -1.209188 -0.226929 -0.956543 0.182495 0.168579 0.981445 1 0 1.0
Default
0 11.290595 0.000000 0.124056 0.825195 -0.524902 0.209229 0.168579 0.981445 1 0 1.0
0 11.206993 0.000000 0.453756 0.825195 -0.524902 0.209229 0.168579 0.981445 1 0 1.0
0 11.071644 -0.344082 0.124056 0.825195 -0.524902 0.209229 0.168579 0.981445 1 0 1.0
Default
0 10.941950 -0.250579 -0.665851 0.702637 -0.614258 -0.359131 0.168579 0.731445 1 0 1.0
0 11.160902 0.000000 -0.665851 0.702637 -0.614258 -0.359131 0.168579 0.731445 1 0 1.0
0 11.101694 -0.346955 -0.188550 0.702637 -0.614258 -0.359131 0.168579 0.731445 1 0 1.0
Default
0 -1.669322 -0.234879 3.068033 -0.283447 -0.765137 0.578125 0.168579 0.981445 1 0 1.0
0 -4.087943 0.000000 2.192786 -0.283447 -0.765137 0.578125 0.168579 0.981445 1 0 1.0
0 -2.600126 -0.672312 2.032875 -0.283447 -0.765137 0.578125 0.168579 0.981445 1 0 1.0
Default
0 0.234005 -0.667529 -2.741803 -0.207520 -0.054688 -0.976562 0.168579 0.731445 1 0 1.0
0 -2.600126 -0.672312 -2.139461 -0.207520 -0.054688 -0.976562 0.168579 0.731445 1 0 1.0
0 0.221227 0.000000 -2.776467 -0.207520 -0.054688 -0.976562 0.168579 0.731445 1 0 1.0
Default
0 5.222534 -0.933561 -1.335353 0.956055 -0.253662 -0.148315 0.168579 0.981445 1 0 1.0
0 4.935520 -1.652017 -1.956544 0.956055 -0.253662 -0.148315 0.168579 0.981445 1 0 1.0
0 5.142087 -0.656665 -2.327182 0.956055 -0.253662 -0.148315 0.168579 0.981445 1 0 1.0
Default
0 4.935520 -1.652017 -1.956544 0.720703 -0.668457 -0.183228 0.168579 0.981445 1 0 1.0
0 4.030911 -2.373277 -2.883827 0.720703 -0.668457 -0.183228 0.168579 0.981445 1 0 1.0
0 4.544289 -1.664148 -3.451293 0.720703 -0.668457 -0.183228 0.168579 0.981445 1 0 1.0
Default
0 4.237064 -1.423828 -3.921977 -0.878418 0.395996 0.268066 0.168579 0.981445 1 0 1.0
0 4.855517 -1.595580 -1.642272 -0.878418 0.395996 0.268066 0.168579 0.981445 1 0 1.0
0 5.089090 -0.610864 -2.331657 -0.878418 0.395996 0.268066 0.168579 0.981445 1 0 1.0
Default
0 5.169537 -0.887760 -1.339828 -0.301025 -0.258545 0.917969 0.168579 0.981445 1 0 1.0
0 4.855517 -1.595580 -1.642272 -0.301025 -0.258545 0.917969 0.168579 0.981445 1 0 1.0
0 5.222534 -0.933561 -1.335353 -0.301025 -0.258545 0.917969 0.168579 0.981445 1 0 1.0
Default
0 4.855517 -1.595580 -1.642272 0.453125 -0.850098 0.268066 0.168579 0.981445 1 0 1.0
0 3.904809 -2.438763 -2.710344 0.453125 -0.850098 0.268066 0.168579 0.981445 1 0 1.0
0 4.935520 -1.652017 -1.956544 0.453125 -0.850098 0.268066 0.168579 0.981445 1 0 1.0
Default
0 3.904809 -2.438763 -2.710344 0.390137 -0.918457 -0.063171 0.168579 0.981445 1 0 1.0
0 3.512995 -2.531966 -3.775194 0.390137 -0.918457 -0.063171 0.168579 0.981445 1 0 1.0
0 4.030911 -2.373277 -2.883827 0.390137 -0.918457 -0.063171 0.168579 0.981445 1 0 1.0
Default
0 4.237064 -1.423828 -3.921977 0.855469 0.097961 -0.508301 0.168579 0.981445 1 0 1.0
0 5.089090 -0.610864 -2.331657 0.855469 0.097961 -0.508301 0.168579 0.981445 1 0 1.0
0 4.544289 -1.664148 -3.451293 0.855469 0.097961 -0.508301 0.168579 0.981445 1 0 1.0
Default
0 3.512995 -2.531966 -3.775194 -0.098755 -0.067017 -0.992676 0.168579 0.981445 1 0 1.0
0 4.237064 -1.423828 -3.921977 -0.098755 -0.067017 -0.992676 0.168579 0.981445 1 0 1.0
0 3.695684 -2.427011 -3.800444 -0.098755 -0.067017 -0.992676 0.168579 0.981445 1 0 1.0
Default
0 4.029472 -0.775263 2.978869 0.047272 -0.917969 0.394287 0.168579 0.981445 1 0 1.0
0 3.907564 -1.475670 1.363008 0.047272 -0.917969 0.394287 0.168579 0.981445 1 0 1.0
0 5.866323 -0.820431 2.653551 0.047272 -0.917969 0.394287 0.168579 0.981445 1 0 1.0
Default
0 3.917388 -0.627604 -2.947816 0.020889 -0.797363 -0.603027 0.168579 0.731445 1 0 1.0
0 3.885653 -1.373913 -1.961744 0.020889 -0.797363 -0.603027 0.168579 0.731445 1 0 1.0
0 2.278747 -0.651985 -2.972350 0.020889 -0.797363 -0.603027 0.168579 0.731445 1 0 1.0
Default
0 3.917388 -0.627604 -2.947816 0.017166 -0.161011 -0.986816 0.168579 0.731445 1 0 1.0
0 2.278747 -0.651985 -2.972350 0.017166 -0.161011 -0.986816 0.168579 0.731445 1 0 1.0
0 3.913004 0.000000 -3.050282 0.017166 -0.161011 -0.986816 0.168579 0.731445 1 0 1.0
Default
0 3.857764 -1.598799 -0.078824 0.012405 -0.992676 -0.118408 0.168579 0.981445 1 0 1.0
0 3.885653 -1.373913 -1.961744 0.012405 -0.992676 -0.118408 0.168579 0.981445 1 0 1.0
0 5.866323 -1.561859 -0.178144 0.012405 -0.992676 -0.118408 0.168579 0.981445 1 0 1.0
Default
0 3.907564 -1.475670 1.363008 0.093445 -0.992188 0.081482 0.168579 0.981445 1 0 1.0
0 3.857764 -1.598799 -0.078824 0.093445 -0.992188 0.081482 0.168579 0.981445 1 0 1.0
0 5.866323 -1.313136 1.095452 0.093445 -0.992188 0.081482 0.168579 0.981445 1 0 1.0
Default
0 4.120900 0.000000 3.129543 0.106934 -0.201782 0.973633 0.168579 0.981445 1 0 1.0
0 2.652256 0.000000 3.290842 0.106934 -0.201782 0.973633 0.168579 0.981445 1 0 1.0
0 4.029472 -0.775263 2.978869 0.106934 -0.201782 0.973633 0.168579 0.981445 1 0 1.0
Default
0 0.904723 -0.107449 3.313653 -0.044220 -0.618652 0.784180 0.168579 0.981445 1 0 1.0
0 -1.669322 -0.234879 3.068033 -0.044220 -0.618652 0.784180 0.168579 0.981445 1 0 1.0
0 0.482895 -0.701573 2.821266 -0.044220 -0.618652 0.784180 0.168579 0.981445 1 0 1.0
Default
0 9.273165 -1.098223 0.000641 0.196533 -0.944336 -0.264160 0.168579 0.981445 1 0 1.0
0 7.322539 -1.463107 -0.146182 0.196533 -0.944336 -0.264160 0.168579 0.981445 1 0 1.0
0 9.273165 -0.821798 -0.987724 0.196533 -0.944336 -0.264160 0.168579 0.981445 1 0 1.0
Default
0 7.342721 -1.315060 1.142709 0.202759 -0.973145 0.108582 0.168579 0.981445 1 0 1.0
0 7.322539 -1.463107 -0.146182 0.202759 -0.973145 0.108582 0.168579 0.981445 1 0 1.0
0 9.273165 -0.950158 0.808383 0.202759 -0.973145 0.108582 0.168579 0.981445 1 0 1.0
Default
0 7.342721 -1.315060 1.142709 0.227905 -0.923828 0.308350 0.168579 0.981445 1 0 1.0
0 9.273165 -0.950158 0.808383 0.227905 -0.923828 0.308350 0.168579 0.981445 1 0 1.0
0 8.007895 -0.848840 2.047716 0.227905 -0.923828 0.308350 0.168579 0.981445 1 0 1.0
Default
0 2.278747 -0.651985 -2.972350 -0.060852 -0.802246 -0.593750 0.168579 0.731445 1 0 1.0
0 2.262270 -1.400168 -1.959908 -0.060852 -0.802246 -0.593750 0.168579 0.731445 1 0 1.0
0 0.234005 -0.667529 -2.741803 -0.060852 -0.802246 -0.593750 0.168579 0.731445 1 0 1.0
Default
0 8.007895 -0.848840 2.047716 0.100098 -0.912598 0.396484 0.168579 0.981445 1 0 1.0
0 5.866323 -0.820431 2.653551 0.100098 -0.912598 0.396484 0.168579 0.981445 1 0 1.0
0 7.342721 -1.315060 1.142709 0.100098 -0.912598 0.396484 0.168579 0.981445 1 0 1.0
Default
0 7.342721 -1.315060 1.142709 -0.004951 -0.993652 0.114197 0.168579 0.981445 1 0 1.0
0 5.866323 -1.313136 1.095452 -0.004951 -0.993652 0.114197 0.168579 0.981445 1 0 1.0
0 7.322539 -1.463107 -0.146182 -0.004951 -0.993652 0.114197 0.168579 0.981445 1 0 1.0
Default
0 7.647774 -1.090928 -1.460234 0.111023 -0.962891 -0.245239 0.168579 0.981445 1 0 1.0
0 7.322539 -1.463107 -0.146182 0.111023 -0.962891 -0.245239 0.168579 0.981445 1 0 1.0
0 5.866323 -1.201458 -1.832689 0.098450 -0.972168 -0.211792 0.168579 0.981445 1 0 1.0
Default
0 3.885653 -1.373913 -1.961744 0.098450 -0.972168 -0.211792 0.168579 0.981445 1 0 1.0
0 5.866323 -1.201458 -1.832689 0.098450 -0.972168 -0.211792 0.168579 0.981445 1 0 1.0
0 5.866323 -1.561859 -0.178144 0.098450 -0.972168 -0.211792 0.168579 0.981445 1 0 1.0
Default
0 7.322539 -1.463107 -0.146182 0.070740 -0.974609 -0.212280 0.168579 0.981445 1 0 1.0
0 5.866323 -1.561859 -0.178144 0.098450 -0.972168 -0.211792 0.168579 0.981445 1 0 1.0
0 5.866323 -1.201458 -1.832689 0.098450 -0.972168 -0.211792 0.168579 0.981445 1 0 1.0
Default
0 5.859396 0.000000 -2.917100 0.261719 -0.300537 -0.916992 0.168579 0.731445 1 0 1.0
0 8.431790 0.000000 -2.183230 0.261719 -0.300537 -0.916992 0.168579 0.731445 1 0 1.0
0 5.866323 -0.583835 -2.723803 0.261719 -0.300537 -0.916992 0.168579 0.731445 1 0 1.0
Default
0 11.101694 0.346955 -0.188550 0.364258 0.877441 -0.312256 0.168579 0.981445 1 0 1.0
0 9.273165 0.821798 -0.987724 0.364258 0.877441 -0.312256 0.168579 0.981445 1 0 1.0
0 10.412794 0.651107 -0.137725 0.364258 0.877441 -0.312256 0.168579 0.981445 1 0 1.0
Default
0 11.206993 0.000000 0.453756 0.452881 0.415527 0.788574 0.168579 0.981445 1 0 1.0
0 10.988040 0.238630 0.453756 0.452881 0.415527 0.788574 0.168579 0.981445 1 0 1.0
0 9.566149 0.000000 1.395918 0.452881 0.415527 0.788574 0.168579 0.981445 1 0 1.0
Default
0 2.652256 0.000000 3.290842 0.032837 0.334229 0.941895 0.168579 0.981445 1 0 1.0
0 2.448446 0.737957 3.036070 0.032837 0.334229 0.941895 0.168579 0.981445 1 0 1.0
0 0.904723 0.107449 3.313653 0.032837 0.334229 0.941895 0.168579 0.981445 1 0 1.0
Default
0 -2.600126 1.044853 0.101745 -0.124817 0.978516 0.163940 0.168579 0.981445 1 0 1.0
0 -2.600126 0.844748 1.296178 -0.124817 0.978516 0.163940 0.168579 0.981445 1 0 1.0
0 0.238472 1.419249 0.028423 -0.124817 0.978516 0.163940 0.168579 0.981445 1 0 1.0
Default
0 -2.600126 1.044853 0.101745 -0.132935 0.982422 -0.131104 0.168579 0.981445 1 0 1.0
0 0.238472 1.419249 0.028423 -0.132935 0.982422 -0.131104 0.168579 0.981445 1 0 1.0
0 -2.600126 0.844748 -1.398353 -0.132935 0.982422 -0.131104 0.168579 0.981445 1 0 1.0
Default
0 2.278747 0.651985 -2.972350 -0.111023 0.082336 -0.990234 0.168579 0.731445 1 0 1.0
0 2.273331 0.000000 -3.025951 -0.111023 0.082336 -0.990234 0.168579 0.731445 1 0 1.0
0 0.234005 0.667529 -2.741803 -0.111023 0.082336 -0.990234 0.168579 0.731445 1 0 1.0
Default
0 2.266565 1.569276 -0.019443 -0.021713 0.996094 -0.086731 0.168579 0.981445 1 0 1.0
0 3.857764 1.598799 -0.078824 -0.021713 0.996094 -0.086731 0.168579 0.981445 1 0 1.0
0 2.262270 1.400168 -1.959908 -0.021713 0.996094 -0.086731 0.168579 0.981445 1 0 1.0
Default
0 11.101694 0.346955 -0.188550 0.360107 0.883789 -0.299072 0.168579 0.731445 1 0 1.0
0 10.941950 0.250579 -0.665851 0.360107 0.883789 -0.299072 0.168579 0.731445 1 0 1.0
0 9.273165 0.821798 -0.987724 0.360107 0.883789 -0.299072 0.168579 0.731445 1 0 1.0
Default
0 4.029472 0.775263 2.978869 0.165649 0.206909 0.964355 0.168579 0.981445 1 0 1.0
0 4.120900 0.000000 3.129543 0.165649 0.206909 0.964355 0.168579 0.981445 1 0 1.0
0 5.866323 0.820431 2.653551 0.165649 0.206909 0.964355 0.168579 0.981445 1 0 1.0
Default
0 -0.217961 0.000000 5.474254 -0.145630 0.972168 0.182739 0.168579 0.981445 1 0 1.0
0 -1.669322 0.234879 3.068033 -0.145630 0.972168 0.182739 0.168579 0.981445 1 0 1.0
0 -3.437562 0.000000 2.909157 -0.145630 0.972168 0.182739 0.168579 0.981445 1 0 1.0
Default
0 0.238472 1.419249 0.028423 -0.071899 0.994629 0.072388 0.168579 0.981445 1 0 1.0
0 0.268970 1.316940 1.464825 -0.071899 0.994629 0.072388 0.168579 0.981445 1 0 1.0
0 2.266565 1.569276 -0.019443 -0.071899 0.994629 0.072388 0.168579 0.981445 1 0 1.0
Default
0 5.866323 0.583835 -2.723803 0.115417 0.311035 -0.943359 0.168579 0.731445 1 0 1.0
0 5.859396 0.000000 -2.917100 0.115417 0.311035 -0.943359 0.168579 0.731445 1 0 1.0
0 3.917388 0.627604 -2.947816 0.115417 0.311035 -0.943359 0.168579 0.731445 1 0 1.0
Default
0 8.431790 0.407455 -2.183230 0.394775 0.000000 -0.918945 0.168579 0.731445 1 0 1.0
0 9.584621 0.289927 -1.687840 0.394775 0.000000 -0.918945 0.168579 0.731445 1 0 1.0
0 8.431790 0.000000 -2.183230 0.394775 0.000000 -0.918945 0.168579 0.731445 1 0 1.0
Default
0 11.160902 0.000000 -0.665851 0.498779 0.435791 -0.749023 0.168579 0.731445 1 0 1.0
0 9.625486 0.000000 -1.687840 0.498779 0.435791 -0.749023 0.168579 0.731445 1 0 1.0
0 10.941950 0.250579 -0.665851 0.498779 0.435791 -0.749023 0.168579 0.731445 1 0 1.0
Default
0 -10.156131 0.000000 4.727463 -0.351807 0.934082 -0.058533 0.168579 0.981445 1 0 1.0
0 -8.706329 0.423274 2.768473 -0.351807 0.934082 -0.058533 0.168579 0.981445 1 0 1.0
0 -9.465883 0.000000 0.577761 -0.351807 0.934082 -0.058533 0.168579 0.981445 1 0 1.0
Default
0 -6.149679 0.280466 1.289401 0.313721 0.829102 0.462402 0.168579 0.981445 1 0 1.0
0 -8.706329 0.423274 2.768473 0.313721 0.829102 0.462402 0.168579 0.981445 1 0 1.0
0 -6.149679 0.000000 1.792476 0.313721 0.829102 0.462402 0.168579 0.981445 1 0 1.0
Default
0 0.268970 1.316940 1.464825 -0.078674 0.903320 0.422119 0.168579 0.981445 1 0 1.0
0 0.482895 0.701573 2.821266 -0.078674 0.903320 0.422119 0.168579 0.981445 1 0 1.0
0 2.310251 1.491127 1.472482 -0.078674 0.903320 0.422119 0.168579 0.981445 1 0 1.0
Default
0 5.866323 1.201458 -1.832689 0.108032 0.816895 -0.566406 0.168579 0.731445 1 0 1.0
0 5.866323 0.583835 -2.723803 0.108032 0.816895 -0.566406 0.168579 0.731445 1 0 1.0
0 3.885653 1.373913 -1.961744 0.108032 0.816895 -0.566406 0.168579 0.731445 1 0 1.0
Default
0 7.647774 1.090928 -1.460234 0.278076 0.830078 -0.483398 0.168579 0.731445 1 0 1.0
0 9.273165 0.821798 -0.987724 0.278076 0.830078 -0.483398 0.168579 0.731445 1 0 1.0
0 8.431790 0.407455 -2.183230 0.278076 0.830078 -0.483398 0.168579 0.731445 1 0 1.0
Default
0 2.310251 1.491127 1.472482 0.038269 0.901367 0.430908 0.168579 0.981445 1 0 1.0
0 2.448446 0.737957 3.036070 0.038269 0.901367 0.430908 0.168579 0.981445 1 0 1.0
0 3.907564 1.475670 1.363008 0.038269 0.901367 0.430908 0.168579 0.981445 1 0 1.0
Default
0 2.262270 1.400168 -1.959908 -0.081299 0.993164 -0.086365 0.168579 0.981445 1 0 1.0
0 0.206710 1.247429 -1.781031 -0.081299 0.993164 -0.086365 0.168579 0.981445 1 0 1.0
0 2.266565 1.569276 -0.019443 -0.081299 0.993164 -0.086365 0.168579 0.981445 1 0 1.0
Default
0 -2.600126 0.844748 1.296178 -0.171143 0.959473 0.224487 0.168579 0.981445 1 0 1.0
0 -2.600126 0.672312 2.032875 -0.171143 0.959473 0.224487 0.168579 0.981445 1 0 1.0
0 0.268970 1.316940 1.464825 -0.171143 0.959473 0.224487 0.168579 0.981445 1 0 1.0
Default
0 -5.135083 0.000000 1.371109 0.198242 0.855957 0.477295 0.168579 0.981445 1 0 1.0
0 -6.149679 0.280466 1.289401 0.198242 0.855957 0.477295 0.168579 0.981445 1 0 1.0
0 -6.149679 0.000000 1.792476 0.198242 0.855957 0.477295 0.168579 0.981445 1 0 1.0
Default
0 -5.135083 0.429447 -0.361345 0.156250 0.958496 0.237671 0.168579 0.981445 1 0 1.0
0 -6.149679 0.330225 0.706096 0.156250 0.958496 0.237671 0.168579 0.981445 1 0 1.0
0 -5.135083 0.000000 1.371109 0.156250 0.958496 0.237671 0.168579 0.981445 1 0 1.0
Default
0 -5.135083 0.429447 -0.361345 -0.313721 0.921875 0.228516 0.168579 0.981445 1 0 1.0
0 -5.135083 0.000000 1.371109 -0.313721 0.921875 0.228516 0.168579 0.981445 1 0 1.0
0 -4.392952 0.560640 0.128313 -0.286133 0.934570 0.211914 0.168579 0.981445 1 0 1.0
Default
0 -4.392952 0.560640 0.128313 -0.286133 0.934570 0.211914 0.168579 0.981445 1 0 1.0
0 -4.741530 0.145456 1.488271 -0.285156 0.933105 0.218384 0.168579 0.981445 1 0 1.0
0 -2.600126 0.844748 1.296178 -0.285156 0.933105 0.218384 0.168579 0.981445 1 0 1.0
Default
0 -4.741530 0.145456 1.488271 -0.285156 0.933105 0.218384 0.168579 0.981445 1 0 1.0
0 -2.600126 0.672312 2.032875 -0.285156 0.933105 0.218384 0.168579 0.981445 1 0 1.0
0 -2.600126 0.844748 1.296178 -0.285156 0.933105 0.218384 0.168579 0.981445 1 0 1.0
Default
0 -11.320646 0.000000 -2.819289 -0.300537 0.939453 0.164062 0.168579 0.981445 1 0 1.0
0 -9.465883 0.000000 0.577761 -0.300537 0.939453 0.164062 0.168579 0.981445 1 0 1.0
0 -9.118588 0.423274 -1.209188 -0.300537 0.939453 0.164062 0.168579 0.981445 1 0 1.0
Default
0 11.290595 0.000000 0.124056 0.825195 0.524902 0.209229 0.168579 0.981445 1 0 1.0
0 11.071644 0.344082 0.124056 0.825195 0.524902 0.209229 0.168579 0.981445 1 0 1.0
0 11.206993 0.000000 0.453756 0.825195 0.524902 0.209229 0.168579 0.981445 1 0 1.0
Default
0 11.320646 0.000000 -0.188550 0.813477 0.513672 -0.272217 0.168579 0.731445 1 0 1.0
0 11.160902 0.000000 -0.665851 0.813477 0.513672 -0.272217 0.168579 0.731445 1 0 1.0
0 11.101694 0.346955 -0.188550 0.813477 0.513672 -0.272217 0.168579 0.731445 1 0 1.0
Default
0 11.290595 0.000000 0.124056 0.281250 0.178955 -0.942871 0.168579 0.981445 1 0 1.0
0 10.412794 0.000000 -0.137725 0.281250 0.178955 -0.942871 0.168579 0.981445 1 0 1.0
0 11.071644 0.344082 0.124056 0.281250 0.178955 -0.942871 0.168579 0.981445 1 0 1.0
Default
0 -1.669322 0.234879 3.068033 -0.283447 0.765137 0.578125 0.168579 0.981445 1 0 1.0
0 -2.600126 0.672312 2.032875 -0.283447 0.765137 0.578125 0.168579 0.981445 1 0 1.0
0 -4.087943 0.000000 2.192786 -0.283447 0.765137 0.578125 0.168579 0.981445 1 0 1.0
Default
0 -4.741530 0.145456 1.488271 -0.321533 0.823242 0.468262 0.168579 0.981445 1 0 1.0
0 -4.087943 0.000000 2.192786 -0.321533 0.823242 0.468262 0.168579 0.981445 1 0 1.0
0 -2.600126 0.672312 2.032875 -0.321533 0.823242 0.468262 0.168579 0.981445 1 0 1.0
Default
0 0.234005 0.667529 -2.741803 -0.207520 0.054688 -0.976562 0.168579 0.731445 1 0 1.0
0 0.221227 0.000000 -2.776467 -0.207520 0.054688 -0.976562 0.168579 0.731445 1 0 1.0
0 -2.600126 0.672312 -2.139461 -0.207520 0.054688 -0.976562 0.168579 0.731445 1 0 1.0
Default
0 4.544289 1.664148 -3.451293 0.928711 0.282471 -0.240723 0.168579 0.981445 1 0 1.0
0 4.935520 1.652017 -1.956544 0.928711 0.282471 -0.240723 0.168579 0.981445 1 0 1.0
0 5.142087 0.656665 -2.327182 0.928711 0.282471 -0.240723 0.168579 0.981445 1 0 1.0
Default
0 3.695684 2.427011 -3.800444 0.700195 0.680176 -0.216309 0.168579 0.981445 1 0 1.0
0 4.030911 2.373277 -2.883827 0.700195 0.680176 -0.216309 0.168579 0.981445 1 0 1.0
0 4.544289 1.664148 -3.451293 0.700195 0.680176 -0.216309 0.168579 0.981445 1 0 1.0
Default
0 5.169537 0.887760 -1.339828 -0.925781 -0.338135 0.169556 0.168579 0.981445 1 0 1.0
0 4.855517 1.595580 -1.642272 -0.925781 -0.338135 0.169556 0.168579 0.981445 1 0 1.0
0 5.089090 0.610864 -2.331657 -0.925781 -0.338135 0.169556 0.168579 0.981445 1 0 1.0
Default
0 4.935520 1.652017 -1.956544 0.770020 0.564453 0.297363 0.168579 0.981445 1 0 1.0
0 4.855517 1.595580 -1.642272 0.770020 0.564453 0.297363 0.168579 0.981445 1 0 1.0
0 5.222534 0.933561 -1.335353 0.770020 0.564453 0.297363 0.168579 0.981445 1 0 1.0
Default
0 4.030911 2.373277 -2.883827 0.559082 0.823730 0.095398 0.168579 0.981445 1 0 1.0
0 3.904809 2.438763 -2.710344 0.559082 0.823730 0.095398 0.168579 0.981445 1 0 1.0
0 4.935520 1.652017 -1.956544 0.559082 0.823730 0.095398 0.168579 0.981445 1 0 1.0
Default
0 3.695684 2.427011 -3.800444 0.481201 0.867676 -0.125122 0.168579 0.981445 1 0 1.0
0 3.512995 2.531966 -3.775194 0.481201 0.867676 -0.125122 0.168579 0.981445 1 0 1.0
0 4.030911 2.373277 -2.883827 0.481201 0.867676 -0.125122 0.168579 0.981445 1 0 1.0
Default
0 5.142087 0.656665 -2.327182 0.493164 -0.500977 -0.711426 0.168579 0.981445 1 0 1.0
0 5.089090 0.610864 -2.331657 0.493164 -0.500977 -0.711426 0.168579 0.981445 1 0 1.0
0 4.544289 1.664148 -3.451293 0.493164 -0.500977 -0.711426 0.168579 0.981445 1 0 1.0
Default
0 4.544289 1.664148 -3.451293 0.643555 0.424561 -0.636719 0.168579 0.981445 1 0 1.0
0 4.237064 1.423828 -3.921977 0.643555 0.424561 -0.636719 0.168579 0.981445 1 0 1.0
0 3.695684 2.427011 -3.800444 0.643555 0.424561 -0.636719 0.168579 0.981445 1 0 1.0
Default
0 5.866323 1.313136 1.095452 0.119446 0.946777 0.299316 0.168579 0.981445 1 0 1.0
0 3.907564 1.475670 1.363008 0.119446 0.946777 0.299316 0.168579 0.981445 1 0 1.0
0 5.866323 0.820431 2.653551 0.119446 0.946777 0.299316 0.168579 0.981445 1 0 1.0
Default
0 2.262270 1.400168 -1.959908 0.012337 0.804199 -0.594238 0.168579 0.731445 1 0 1.0
0 3.885653 1.373913 -1.961744 0.012337 0.804199 -0.594238 0.168579 0.731445 1 0 1.0
0 2.278747 0.651985 -2.972350 0.012337 0.804199 -0.594238 0.168579 0.731445 1 0 1.0
Default
0 3.917388 0.627604 -2.947816 0.017166 0.161011 -0.986816 0.168579 0.731445 1 0 1.0
0 3.913004 0.000000 -3.050282 0.017166 0.161011 -0.986816 0.168579 0.731445 1 0 1.0
0 2.278747 0.651985 -2.972350 0.017166 0.161011 -0.986816 0.168579 0.731445 1 0 1.0
Default
0 3.857764 1.598799 -0.078824 0.012405 0.992676 -0.118408 0.168579 0.981445 1 0 1.0
0 5.866323 1.561859 -0.178144 0.012405 0.992676 -0.118408 0.168579 0.981445 1 0 1.0
0 3.885653 1.373913 -1.961744 0.012405 0.992676 -0.118408 0.168579 0.981445 1 0 1.0
Default
0 3.907564 1.475670 1.363008 0.093445 0.992188 0.081482 0.168579 0.981445 1 0 1.0
0 5.866323 1.313136 1.095452 0.093445 0.992188 0.081482 0.168579 0.981445 1 0 1.0
0 3.857764 1.598799 -0.078824 0.093445 0.992188 0.081482 0.168579 0.981445 1 0 1.0
Default
0 -2.600126 0.844748 -1.398353 -0.168213 0.959961 -0.223389 0.168579 0.731445 1 0 1.0
0 0.206710 1.247429 -1.781031 -0.168213 0.959961 -0.223389 0.168579 0.731445 1 0 1.0
0 -2.600126 0.672312 -2.139461 -0.168213 0.959961 -0.223389 0.168579 0.731445 1 0 1.0
Default
0 2.448446 0.737957 3.036070 0.026260 0.332764 0.942871 0.168579 0.981445 1 0 1.0
0 2.652256 0.000000 3.290842 0.026260 0.332764 0.942871 0.168579 0.981445 1 0 1.0
0 4.029472 0.775263 2.978869 0.026260 0.332764 0.942871 0.168579 0.981445 1 0 1.0
Default
0 -2.600126 0.672312 2.032875 -0.132080 0.864746 0.484131 0.168579 0.981445 1 0 1.0
0 -1.669322 0.234879 3.068033 -0.132080 0.864746 0.484131 0.168579 0.981445 1 0 1.0
0 0.482895 0.701573 2.821266 -0.132080 0.864746 0.484131 0.168579 0.981445 1 0 1.0
Default
0 7.647774 1.090928 -1.460234 0.220093 0.951660 -0.214966 0.168579 0.981445 1 0 1.0
0 7.322539 1.463107 -0.146182 0.220093 0.951660 -0.214966 0.168579 0.981445 1 0 1.0
0 9.273165 0.821798 -0.987724 0.220093 0.951660 -0.214966 0.168579 0.981445 1 0 1.0
Default
0 7.342721 1.315060 1.142709 0.202759 0.973145 0.108582 0.168579 0.981445 1 0 1.0
0 9.273165 0.950158 0.808383 0.202759 0.973145 0.108582 0.168579 0.981445 1 0 1.0
0 7.322539 1.463107 -0.146182 0.202759 0.973145 0.108582 0.168579 0.981445 1 0 1.0
Default
0 7.342721 1.315060 1.142709 0.227905 0.923828 0.308350 0.168579 0.981445 1 0 1.0
0 8.007895 0.848840 2.047716 0.227905 0.923828 0.308350 0.168579 0.981445 1 0 1.0
0 9.273165 0.950158 0.808383 0.227905 0.923828 0.308350 0.168579 0.981445 1 0 1.0
Default
0 8.007895 0.848840 2.047716 0.100098 0.912598 0.396484 0.168579 0.981445 1 0 1.0
0 7.342721 1.315060 1.142709 0.100098 0.912598 0.396484 0.168579 0.981445 1 0 1.0
0 5.866323 0.820431 2.653551 0.100098 0.912598 0.396484 0.168579 0.981445 1 0 1.0
Default
0 7.342721 1.315060 1.142709 -0.004951 0.993652 0.114197 0.168579 0.981445 1 0 1.0
0 7.322539 1.463107 -0.146182 -0.004951 0.993652 0.114197 0.168579 0.981445 1 0 1.0
0 5.866323 1.313136 1.095452 -0.004951 0.993652 0.114197 0.168579 0.981445 1 0 1.0
Default
0 -5.135083 0.000000 -1.056131 0.034454 0.000000 -0.999512 0.168579 0.981445 1 0 1.0
0 -5.135083 -0.139956 -1.056131 0.034454 0.000000 -0.999512 0.168579 0.981445 1 0 1.0
0 -6.149679 0.000000 -1.091116 0.034454 0.000000 -0.999512 0.168579 0.981445 1 0 1.0
Default
0 -5.135083 0.139956 -1.056131 0.034454 0.000000 -0.999512 0.168579 0.981445 1 0 1.0
0 -5.135083 0.000000 -1.056131 0.034454 0.000000 -0.999512 0.168579 0.981445 1 0 1.0
0 -6.149679 0.000000 -1.091116 0.034454 0.000000 -0.999512 0.168579 0.981445 1 0 1.0
Default
0 2.266565 -1.569276 -0.019443 -0.015289 -0.996094 0.085632 0.168579 0.981445 1 0 1.0
0 3.857764 -1.598799 -0.078824 -0.015289 -0.996094 0.085632 0.168579 0.981445 1 0 1.0
0 3.907564 -1.475670 1.363008 -0.015289 -0.996094 0.085632 0.168579 0.981445 1 0 1.0
Default
0 2.310251 -1.491127 1.472482 0.013222 -0.998535 0.051910 0.168579 0.981445 1 0 1.0
0 2.266565 -1.569276 -0.019443 -0.015289 -0.996094 0.085632 0.168579 0.981445 1 0 1.0
0 3.907564 -1.475670 1.363008 -0.015289 -0.996094 0.085632 0.168579 0.981445 1 0 1.0
Default
0 -4.392952 -0.560640 0.128313 -0.260742 -0.965332 0.000000 0.168579 0.981445 1 0 1.0
0 -4.392952 -0.560640 -0.177598 -0.260742 -0.965332 0.000000 0.168579 0.981445 1 0 1.0
0 -2.600126 -1.044853 0.101745 -0.260742 -0.965332 0.000000 0.168579 0.981445 1 0 1.0
Default
0 -4.392952 -0.560640 -0.177598 -0.260742 -0.965332 0.000000 0.168579 0.981445 1 0 1.0
0 -4.392952 -0.560640 -0.740970 -0.260742 -0.965332 0.000000 0.168579 0.981445 1 0 1.0
0 -2.600126 -1.044853 0.101745 -0.260742 -0.965332 0.000000 0.168579 0.981445 1 0 1.0
Default
0 -5.135083 0.000000 1.371109 -0.285400 0.000000 0.958496 0.168579 0.981445 1 0 1.0
0 -4.741530 -0.145456 1.488271 -0.285400 0.000000 0.958496 0.168579 0.981445 1 0 1.0
0 -4.741530 0.000000 1.488271 -0.285400 0.000000 0.958496 0.168579 0.981445 1 0 1.0
Default
0 -4.741530 0.145456 1.488271 -0.285400 0.000000 0.958496 0.168579 0.981445 1 0 1.0
0 -5.135083 0.000000 1.371109 -0.285400 0.000000 0.958496 0.168579 0.981445 1 0 1.0
0 -4.741530 0.000000 1.488271 -0.285400 0.000000 0.958496 0.168579 0.981445 1 0 1.0
Default
0 -6.149679 -0.330225 -0.433983 -0.097351 -0.995117 0.000000 0.168579 0.981445 1 0 1.0
0 -5.135083 -0.429447 -0.430469 -0.097351 -0.995117 0.000000 0.168579 0.981445 1 0 1.0
0 -5.135083 -0.429447 -0.390964 -0.097351 -0.995117 0.000000 0.168579 0.981445 1 0 1.0
Default
0 -6.149679 -0.330225 0.181021 -0.097351 -0.995117 0.000000 0.168579 0.981445 1 0 1.0
0 -6.149679 -0.330225 -0.433983 -0.097351 -0.995117 0.000000 0.168579 0.981445 1 0 1.0
0 -5.135083 -0.429447 -0.390964 -0.097351 -0.995117 0.000000 0.168579 0.981445 1 0 1.0
Default
0 -6.149679 -0.330225 0.181021 -0.097351 -0.995117 0.000000 0.168579 0.981445 1 0 1.0
0 -5.135083 -0.429447 -0.390964 -0.097351 -0.995117 0.000000 0.168579 0.981445 1 0 1.0
0 -5.135083 -0.429447 -0.361345 -0.097351 -0.995117 0.000000 0.168579 0.981445 1 0 1.0
Default
0 -6.149679 -0.330225 0.706096 -0.097351 -0.995117 0.000000 0.168579 0.981445 1 0 1.0
0 -6.149679 -0.330225 0.181021 -0.097351 -0.995117 0.000000 0.168579 0.981445 1 0 1.0
0 -5.135083 -0.429447 -0.361345 -0.097351 -0.995117 0.000000 0.168579 0.981445 1 0 1.0
Default
0 -5.135083 -0.429447 -0.430469 -0.174072 -0.984863 0.000000 0.168579 0.981445 1 0 1.0
0 -4.392952 -0.560640 -0.740970 -0.174072 -0.984863 0.000000 0.168579 0.981445 1 0 1.0
0 -4.392952 -0.560640 -0.177598 -0.174072 -0.984863 0.000000 0.168579 0.981445 1 0 1.0
Default
0 -5.135083 -0.429447 -0.390964 -0.174072 -0.984863 0.000000 0.168579 0.981445 1 0 1.0
0 -5.135083 -0.429447 -0.430469 -0.174072 -0.984863 0.000000 0.168579 0.981445 1 0 1.0
0 -4.392952 -0.560640 -0.177598 -0.174072 -0.984863 0.000000 0.168579 0.981445 1 0 1.0
Default
0 -5.135083 -0.429447 -0.361345 -0.174072 -0.984863 0.000000 0.168579 0.981445 1 0 1.0
0 -5.135083 -0.429447 -0.390964 -0.174072 -0.984863 0.000000 0.168579 0.981445 1 0 1.0
0 -4.392952 -0.560640 -0.177598 -0.174072 -0.984863 0.000000 0.168579 0.981445 1 0 1.0
Default
0 -4.392952 -0.560640 0.128313 -0.174072 -0.984863 0.000000 0.168579 0.981445 1 0 1.0
0 -5.135083 -0.429447 -0.361345 -0.174072 -0.984863 0.000000 0.168579 0.981445 1 0 1.0
0 -4.392952 -0.560640 -0.177598 -0.174072 -0.984863 0.000000 0.168579 0.981445 1 0 1.0
Default
0 -6.149679 -0.330225 0.706096 0.058655 -0.998047 0.000000 0.168579 0.981445 1 0 1.0
0 -8.706329 -0.423274 2.768473 0.055725 -0.998047 0.024048 0.168579 0.981445 1 0 1.0
0 -7.733207 -0.423274 0.513137 0.058655 -0.998047 0.000000 0.168579 0.981445 1 0 1.0
Default
0 -6.149679 -0.330225 0.706096 0.058655 -0.998047 0.000000 0.168579 0.981445 1 0 1.0
0 -7.733207 -0.423274 0.513137 0.058655 -0.998047 0.000000 0.168579 0.981445 1 0 1.0
0 -6.149679 -0.330225 -0.433983 0.058655 -0.998047 0.000000 0.168579 0.981445 1 0 1.0
Default
0 -6.149679 -0.330225 -0.433983 0.058655 -0.998047 0.000000 0.168579 0.981445 1 0 1.0
0 -7.733207 -0.423274 0.513137 0.058655 -0.998047 0.000000 0.168579 0.981445 1 0 1.0
0 -9.118588 -0.423274 -1.209188 0.039612 -0.998535 -0.031860 0.168579 0.981445 1 0 1.0
Default
0 10.988040 -0.238630 0.453756 0.420654 -0.811523 0.405762 0.168579 0.981445 1 0 1.0
0 9.532977 -0.551981 1.335148 0.420654 -0.811523 0.405762 0.168579 0.981445 1 0 1.0
0 9.273165 -0.950158 0.808383 0.420654 -0.811523 0.405762 0.168579 0.981445 1 0 1.0
Default
0 11.071644 -0.344082 0.124056 0.420410 -0.828125 0.371338 0.168579 0.981445 1 0 1.0
0 10.988040 -0.238630 0.453756 0.420654 -0.811523 0.405762 0.168579 0.981445 1 0 1.0
0 9.273165 -0.950158 0.808383 0.420654 -0.811523 0.405762 0.168579 0.981445 1 0 1.0
Default
0 -9.118588 -0.423274 -1.209188 0.144165 -0.890625 -0.431152 0.168579 0.731445 1 0 1.0
0 -11.320646 0.000000 -2.819289 0.144165 -0.890625 -0.431152 0.168579 0.731445 1 0 1.0
0 -6.149679 0.000000 -1.091116 0.144165 -0.890625 -0.431152 0.168579 0.731445 1 0 1.0
Default
0 -6.149679 -0.330225 -0.433983 0.143677 -0.884277 -0.444336 0.168579 0.731445 1 0 1.0
0 -9.118588 -0.423274 -1.209188 0.144165 -0.890625 -0.431152 0.168579 0.731445 1 0 1.0
0 -6.149679 0.000000 -1.091116 0.144165 -0.890625 -0.431152 0.168579 0.731445 1 0 1.0
Default
0 -4.392952 -0.560640 -0.740970 -0.318604 -0.860352 -0.397949 0.168579 0.731445 1 0 1.0
0 -5.135083 -0.429447 -0.430469 -0.318604 -0.860352 -0.397949 0.168579 0.731445 1 0 1.0
0 -5.135083 -0.139956 -1.056131 -0.318604 -0.860352 -0.397949 0.168579 0.731445 1 0 1.0
Default
0 -4.392952 -0.194175 -1.463209 -0.293701 -0.852539 -0.432617 0.168579 0.731445 1 0 1.0
0 -4.392952 -0.560640 -0.740970 -0.318604 -0.860352 -0.397949 0.168579 0.731445 1 0 1.0
0 -5.135083 -0.139956 -1.056131 -0.318604 -0.860352 -0.397949 0.168579 0.731445 1 0 1.0
Default
0 -2.600126 -0.844748 -1.398353 -0.293701 -0.852539 -0.432617 0.168579 0.731445 1 0 1.0
0 -4.392952 -0.560640 -0.740970 -0.318604 -0.860352 -0.397949 0.168579 0.731445 1 0 1.0
0 -4.392952 -0.194175 -1.463209 -0.293701 -0.852539 -0.432617 0.168579 0.731445 1 0 1.0
Default
0 10.412794 -0.651107 -0.137725 0.367188 -0.917480 0.152222 0.168579 0.981445 1 0 1.0
0 11.071644 -0.344082 0.124056 0.367188 -0.917480 0.152222 0.168579 0.981445 1 0 1.0
0 9.273165 -0.950158 0.808383 0.367188 -0.917480 0.152222 0.168579 0.981445 1 0 1.0
Default
0 9.273165 -1.098223 0.000641 0.377686 -0.910645 0.166992 0.168579 0.981445 1 0 1.0
0 10.412794 -0.651107 -0.137725 0.367188 -0.917480 0.152222 0.168579 0.981445 1 0 1.0
0 9.273165 -0.950158 0.808383 0.367188 -0.917480 0.152222 0.168579 0.981445 1 0 1.0
Default
0 -6.149679 -0.330225 -0.433983 -0.107178 -0.888184 -0.446533 0.168579 0.731445 1 0 1.0
0 -6.149679 0.000000 -1.091116 -0.107178 -0.888184 -0.446533 0.168579 0.731445 1 0 1.0
0 -5.135083 -0.139956 -1.056131 -0.107178 -0.888184 -0.446533 0.168579 0.731445 1 0 1.0
Default
0 -5.135083 -0.429447 -0.430469 -0.086975 -0.904297 -0.418213 0.168579 0.731445 1 0 1.0
0 -6.149679 -0.330225 -0.433983 -0.107178 -0.888184 -0.446533 0.168579 0.731445 1 0 1.0
0 -5.135083 -0.139956 -1.056131 -0.107178 -0.888184 -0.446533 0.168579 0.731445 1 0 1.0
Default
0 10.412794 0.000000 -0.137725 0.073547 0.000000 0.997070 0.168579 0.981445 1 0 1.0
0 10.412794 -0.651107 -0.137725 0.073547 0.000000 0.997070 0.168579 0.981445 1 0 1.0
0 11.101694 -0.346955 -0.188550 0.073547 0.000000 0.997070 0.168579 0.981445 1 0 1.0
Default
0 11.320646 0.000000 -0.188550 0.055847 -0.035248 0.998047 0.168579 0.981445 1 0 1.0
0 10.412794 0.000000 -0.137725 0.073547 0.000000 0.997070 0.168579 0.981445 1 0 1.0
0 11.101694 -0.346955 -0.188550 0.073547 0.000000 0.997070 0.168579 0.981445 1 0 1.0
Default
0 11.101694 0.346955 -0.188550 0.073547 0.000000 0.997070 0.168579 0.981445 1 0 1.0
0 10.412794 0.651107 -0.137725 0.073547 0.000000 0.997070 0.168579 0.981445 1 0 1.0
0 10.412794 0.000000 -0.137725 0.073547 0.000000 0.997070 0.168579 0.981445 1 0 1.0
Default
0 11.320646 0.000000 -0.188550 0.055847 0.035248 0.998047 0.168579 0.981445 1 0 1.0
0 11.101694 0.346955 -0.188550 0.073547 0.000000 0.997070 0.168579 0.981445 1 0 1.0
0 10.412794 0.000000 -0.137725 0.073547 0.000000 0.997070 0.168579 0.981445 1 0 1.0
Default
0 -2.600126 -0.672312 -2.139461 -0.220581 0.001399 -0.975586 0.168579 0.731445 1 0 1.0
0 -2.659484 0.000000 -2.125075 -0.220581 0.001399 -0.975586 0.168579 0.731445 1 0 1.0
0 0.221227 0.000000 -2.776467 -0.220581 0.001399 -0.975586 0.168579 0.731445 1 0 1.0
Default
0 0.221227 0.000000 -2.776467 -0.220581 0.001399 -0.975586 0.168579 0.731445 1 0 1.0
0 -2.659484 0.000000 -2.125075 -0.220581 0.001399 -0.975586 0.168579 0.731445 1 0 1.0
0 -2.600126 0.672312 -2.139461 -0.220581 -0.001399 -0.975586 0.168579 0.731445 1 0 1.0
Default
0 -2.659484 0.000000 -2.125075 -0.355469 -0.011391 -0.934570 0.168579 0.731445 1 0 1.0
0 -2.600126 -0.672312 -2.139461 -0.355469 -0.011391 -0.934570 0.168579 0.731445 1 0 1.0
0 -4.392952 -0.194175 -1.463209 -0.355469 -0.011391 -0.934570 0.172485 0.735352 1 0 1.0
Default
0 -4.392952 0.000000 -1.463209 -0.356689 0.000000 -0.934082 0.172485 0.735352 1 0 1.0
0 -2.659484 0.000000 -2.125075 -0.355469 -0.011391 -0.934570 0.168579 0.731445 1 0 1.0
0 -4.392952 -0.194175 -1.463209 -0.355469 -0.011391 -0.934570 0.172485 0.735352 1 0 1.0
Default
0 -4.392952 0.000000 -1.463209 -0.356689 0.000000 -0.934082 0.172485 0.735352 1 0 1.0
0 -4.392952 0.194175 -1.463209 -0.355469 0.011391 -0.934570 0.172485 0.735352 1 0 1.0
0 -2.659484 0.000000 -2.125075 -0.355469 -0.011391 -0.934570 0.168579 0.731445 1 0 1.0
Default
0 -4.392952 0.194175 -1.463209 -0.355469 0.011391 -0.934570 0.172485 0.735352 1 0 1.0
0 -2.600126 0.672312 -2.139461 -0.355469 0.011391 -0.934570 0.168579 0.731445 1 0 1.0
0 -2.659484 0.000000 -2.125075 -0.355469 -0.011391 -0.934570 0.168579 0.731445 1 0 1.0
Default
0 3.904809 -2.438763 -2.710344 -0.786133 0.562500 0.255615 0.168579 0.981445 1 0 1.0
0 4.855517 -1.595580 -1.642272 -0.786133 0.562500 0.255615 0.168579 0.981445 1 0 1.0
0 4.237064 -1.423828 -3.921977 -0.786133 0.562500 0.255615 0.168579 0.981445 1 0 1.0
Default
0 3.512995 -2.531966 -3.775194 -0.796387 0.552734 0.244751 0.168579 0.981445 1 0 1.0
0 3.904809 -2.438763 -2.710344 -0.786133 0.562500 0.255615 0.168579 0.981445 1 0 1.0
0 4.237064 -1.423828 -3.921977 -0.786133 0.562500 0.255615 0.168579 0.981445 1 0 1.0
Default
0 5.169537 -0.887760 -1.339828 0.637695 0.753418 0.158691 0.168579 0.981445 1 0 1.0
0 5.222534 -0.933561 -1.335353 0.637695 0.753418 0.158691 0.168579 0.981445 1 0 1.0
0 5.142087 -0.656665 -2.327182 0.637695 0.753418 0.158691 0.168579 0.981445 1 0 1.0
Default
0 5.089090 -0.610864 -2.331657 0.637695 0.753418 0.158691 0.168579 0.981445 1 0 1.0
0 5.169537 -0.887760 -1.339828 0.637695 0.753418 0.158691 0.168579 0.981445 1 0 1.0
0 5.142087 -0.656665 -2.327182 0.637695 0.753418 0.158691 0.168579 0.981445 1 0 1.0
Default
0 3.857764 -1.598799 -0.078824 0.027512 -0.980957 0.191650 0.168579 0.981445 1 0 1.0
0 5.866323 -1.561859 -0.178144 0.027512 -0.980957 0.191650 0.168579 0.981445 1 0 1.0
0 5.866323 -1.313136 1.095452 0.027512 -0.980957 0.191650 0.168579 0.981445 1 0 1.0
Default
0 5.866323 -1.313136 1.095452 0.027512 -0.980957 0.191650 0.168579 0.981445 1 0 1.0
0 5.866323 -1.561859 -0.178144 0.027512 -0.980957 0.191650 0.168579 0.981445 1 0 1.0
0 7.322539 -1.463107 -0.146182 0.062225 -0.979492 0.191284 0.168579 0.981445 1 0 1.0
Default
0 -1.669322 -0.234879 3.068033 0.044464 -0.997559 0.051575 0.168579 0.981445 1 0 1.0
0 0.904723 -0.107449 3.313653 0.044464 -0.997559 0.051575 0.168579 0.981445 1 0 1.0
0 0.937905 0.000000 5.363185 0.044464 -0.997559 0.051575 0.168579 0.981445 1 0 1.0
Default
0 0.937905 0.000000 5.363185 0.044464 -0.997559 0.051575 0.168579 0.981445 1 0 1.0
0 0.904723 -0.107449 3.313653 0.044464 -0.997559 0.051575 0.168579 0.981445 1 0 1.0
0 2.652256 0.000000 3.290842 0.061951 -0.996582 0.051239 0.168579 0.981445 1 0 1.0
Default
0 9.532977 -0.551981 1.335148 0.424805 -0.124268 0.896484 0.168579 0.981445 1 0 1.0
0 9.566149 0.000000 1.395918 0.424805 -0.124268 0.896484 0.168579 0.981445 1 0 1.0
0 8.007895 0.000000 2.134170 0.424805 -0.124268 0.896484 0.168579 0.981445 1 0 1.0
Default
0 8.007895 -0.848840 2.047716 0.436035 -0.091187 0.895508 0.168579 0.981445 1 0 1.0
0 9.532977 -0.551981 1.335148 0.424805 -0.124268 0.896484 0.168579 0.981445 1 0 1.0
0 8.007895 0.000000 2.134170 0.424805 -0.124268 0.896484 0.168579 0.981445 1 0 1.0
Default
0 2.262270 -1.400168 -1.959908 -0.108032 -0.849609 -0.516113 0.168579 0.731445 1 0 1.0
0 0.206710 -1.247429 -1.781031 -0.108032 -0.849609 -0.516113 0.168579 0.731445 1 0 1.0
0 0.234005 -0.667529 -2.741803 -0.108032 -0.849609 -0.516113 0.168579 0.731445 1 0 1.0
Default
0 0.234005 -0.667529 -2.741803 -0.108032 -0.849609 -0.516113 0.168579 0.731445 1 0 1.0
0 0.206710 -1.247429 -1.781031 -0.108032 -0.849609 -0.516113 0.168579 0.731445 1 0 1.0
0 -2.600126 -0.672312 -2.139461 -0.108215 -0.849609 -0.516113 0.168579 0.731445 1 0 1.0
Default
0 8.007895 0.000000 2.134170 0.272461 -0.105957 0.956543 0.168579 0.981445 1 0 1.0
0 5.866323 0.000000 2.744450 0.272461 -0.105957 0.956543 0.168579 0.981445 1 0 1.0
0 5.866323 -0.820431 2.653551 0.272461 -0.105957 0.956543 0.168579 0.981445 1 0 1.0
Default
0 8.007895 -0.848840 2.047716 0.269775 -0.097595 0.958008 0.168579 0.981445 1 0 1.0
0 8.007895 0.000000 2.134170 0.272461 -0.105957 0.956543 0.168579 0.981445 1 0 1.0
0 5.866323 -0.820431 2.653551 0.272461 -0.105957 0.956543 0.168579 0.981445 1 0 1.0
Default
0 7.647774 -1.090928 -1.460234 0.167725 -0.810059 -0.561523 0.168579 0.731445 1 0 1.0
0 5.866323 -1.201458 -1.832689 0.167725 -0.810059 -0.561523 0.168579 0.731445 1 0 1.0
0 5.866323 -0.583835 -2.723803 0.167725 -0.810059 -0.561523 0.168579 0.731445 1 0 1.0
Default
0 8.431790 -0.407455 -2.183230 0.175171 -0.803223 -0.569336 0.168579 0.731445 1 0 1.0
0 7.647774 -1.090928 -1.460234 0.167725 -0.810059 -0.561523 0.168579 0.731445 1 0 1.0
0 5.866323 -0.583835 -2.723803 0.167725 -0.810059 -0.561523 0.168579 0.731445 1 0 1.0
Default
0 -1.058548 -0.812131 -3.635199 0.031235 0.952637 -0.302734 0.168579 0.731445 1 0 1.0
0 -0.288653 -0.854799 -3.690056 0.031235 0.952637 -0.302734 0.168579 0.731445 1 0 1.0
0 -0.302980 -1.421130 -5.474254 0.031235 0.952637 -0.302734 0.168579 0.731445 1 0 1.0
Default
0 -1.058548 -0.812131 -3.635199 0.031235 0.952637 -0.302734 0.168579 0.731445 1 0 1.0
0 -0.098039 -0.418621 -2.447136 0.047699 0.940430 -0.337158 0.168579 0.731445 1 0 1.0
0 -0.288653 -0.854799 -3.690056 0.031235 0.952637 -0.302734 0.168579 0.731445 1 0 1.0
Default
0 -0.288653 -0.854799 -3.690056 0.031235 0.952637 -0.302734 0.168579 0.731445 1 0 1.0
0 -0.098039 -0.418621 -2.447136 0.047699 0.940430 -0.337158 0.168579 0.731445 1 0 1.0
0 2.192805 -0.589889 -2.600516 0.047699 0.940430 -0.337158 0.168579 0.731445 1 0 1.0
Default
0 3.907564 1.475670 1.363008 -0.015289 0.996094 0.085632 0.168579 0.981445 1 0 1.0
0 3.857764 1.598799 -0.078824 -0.015289 0.996094 0.085632 0.168579 0.981445 1 0 1.0
0 2.266565 1.569276 -0.019443 -0.015289 0.996094 0.085632 0.168579 0.981445 1 0 1.0
Default
0 2.310251 1.491127 1.472482 0.013222 0.998535 0.051910 0.168579 0.981445 1 0 1.0
0 3.907564 1.475670 1.363008 -0.015289 0.996094 0.085632 0.168579 0.981445 1 0 1.0
0 2.266565 1.569276 -0.019443 -0.015289 0.996094 0.085632 0.168579 0.981445 1 0 1.0
Default
0 -5.135083 0.429447 -0.390964 -0.097351 0.995117 0.000000 0.168579 0.981445 1 0 1.0
0 -5.135083 0.429447 -0.430469 -0.097351 0.995117 0.000000 0.168579 0.981445 1 0 1.0
0 -6.149679 0.330225 -0.433983 -0.097351 0.995117 0.000000 0.168579 0.981445 1 0 1.0
Default
0 -6.149679 0.330225 0.181021 -0.097351 0.995117 0.000000 0.168579 0.981445 1 0 1.0
0 -5.135083 0.429447 -0.390964 -0.097351 0.995117 0.000000 0.168579 0.981445 1 0 1.0
0 -6.149679 0.330225 -0.433983 -0.097351 0.995117 0.000000 0.168579 0.981445 1 0 1.0
Default
0 -5.135083 0.429447 -0.361345 -0.097351 0.995117 0.000000 0.168579 0.981445 1 0 1.0
0 -5.135083 0.429447 -0.390964 -0.097351 0.995117 0.000000 0.168579 0.981445 1 0 1.0
0 -6.149679 0.330225 0.181021 -0.097351 0.995117 0.000000 0.168579 0.981445 1 0 1.0
Default
0 -6.149679 0.330225 0.706096 -0.097351 0.995117 0.000000 0.168579 0.981445 1 0 1.0
0 -5.135083 0.429447 -0.361345 -0.097351 0.995117 0.000000 0.168579 0.981445 1 0 1.0
0 -6.149679 0.330225 0.181021 -0.097351 0.995117 0.000000 0.168579 0.981445 1 0 1.0
Default
0 -5.135083 0.429447 -0.361345 -0.174072 0.984863 0.000000 0.168579 0.981445 1 0 1.0
0 -4.392952 0.560640 0.128313 -0.174072 0.984863 0.000000 0.168579 0.981445 1 0 1.0
0 -4.392952 0.560640 -0.177598 -0.174072 0.984863 0.000000 0.168579 0.981445 1 0 1.0
Default
0 -5.135083 0.429447 -0.390964 -0.174072 0.984863 0.000000 0.168579 0.981445 1 0 1.0
0 -5.135083 0.429447 -0.361345 -0.174072 0.984863 0.000000 0.168579 0.981445 1 0 1.0
0 -4.392952 0.560640 -0.177598 -0.174072 0.984863 0.000000 0.168579 0.981445 1 0 1.0
Default
0 -5.135083 0.429447 -0.390964 -0.174072 0.984863 0.000000 0.168579 0.981445 1 0 1.0
0 -4.392952 0.560640 -0.177598 -0.174072 0.984863 0.000000 0.168579 0.981445 1 0 1.0
0 -5.135083 0.429447 -0.430469 -0.174072 0.984863 0.000000 0.168579 0.981445 1 0 1.0
Default
0 -4.392952 0.560640 -0.177598 -0.174072 0.984863 0.000000 0.168579 0.981445 1 0 1.0
0 -4.392952 0.560640 -0.740970 -0.174072 0.984863 0.000000 0.168579 0.981445 1 0 1.0
0 -5.135083 0.429447 -0.430469 -0.174072 0.984863 0.000000 0.168579 0.981445 1 0 1.0
Default
0 -8.706329 0.423274 2.768473 0.055725 0.998047 0.024048 0.168579 0.981445 1 0 1.0
0 -6.149679 0.330225 0.706096 0.058655 0.998047 0.000000 0.168579 0.981445 1 0 1.0
0 -7.733207 0.423274 0.513137 0.058655 0.998047 0.000000 0.168579 0.981445 1 0 1.0
Default
0 -7.733207 0.423274 0.513137 0.058655 0.998047 0.000000 0.168579 0.981445 1 0 1.0
0 -6.149679 0.330225 0.706096 0.058655 0.998047 0.000000 0.168579 0.981445 1 0 1.0
0 -6.149679 0.330225 -0.433983 0.058655 0.998047 0.000000 0.168579 0.981445 1 0 1.0
Default
0 -7.733207 0.423274 0.513137 0.058655 0.998047 0.000000 0.168579 0.981445 1 0 1.0
0 -6.149679 0.330225 -0.433983 0.058655 0.998047 0.000000 0.168579 0.981445 1 0 1.0
0 -9.118588 0.423274 -1.209188 0.039612 0.998535 -0.031860 0.168579 0.981445 1 0 1.0
Default
0 9.273165 0.950158 0.808383 0.420654 0.811523 0.405762 0.168579 0.981445 1 0 1.0
0 9.532977 0.551981 1.335148 0.420654 0.811523 0.405762 0.168579 0.981445 1 0 1.0
0 10.988040 0.238630 0.453756 0.420654 0.811523 0.405762 0.168579 0.981445 1 0 1.0
Default
0 11.071644 0.344082 0.124056 0.420410 0.828125 0.371338 0.168579 0.981445 1 0 1.0
0 9.273165 0.950158 0.808383 0.420654 0.811523 0.405762 0.168579 0.981445 1 0 1.0
0 10.988040 0.238630 0.453756 0.420654 0.811523 0.405762 0.168579 0.981445 1 0 1.0
Default
0 -6.149679 0.000000 -1.091116 0.144165 0.890625 -0.431152 0.168579 0.731445 1 0 1.0
0 -11.320646 0.000000 -2.819289 0.144165 0.890625 -0.431152 0.168579 0.731445 1 0 1.0
0 -9.118588 0.423274 -1.209188 0.144165 0.890625 -0.431152 0.168579 0.731445 1 0 1.0
Default
0 -6.149679 0.330225 -0.433983 0.143677 0.884277 -0.444336 0.168579 0.731445 1 0 1.0
0 -6.149679 0.000000 -1.091116 0.144165 0.890625 -0.431152 0.168579 0.731445 1 0 1.0
0 -9.118588 0.423274 -1.209188 0.144165 0.890625 -0.431152 0.168579 0.731445 1 0 1.0
Default
0 10.412794 0.651107 -0.137725 0.377686 0.910645 0.166992 0.168579 0.981445 1 0 1.0
0 9.273165 1.098223 0.000641 0.377686 0.910645 0.166992 0.168579 0.981445 1 0 1.0
0 9.273165 0.950158 0.808383 0.377686 0.910645 0.166992 0.168579 0.981445 1 0 1.0
Default
0 11.071644 0.344082 0.124056 0.367188 0.917480 0.152222 0.168579 0.981445 1 0 1.0
0 10.412794 0.651107 -0.137725 0.377686 0.910645 0.166992 0.168579 0.981445 1 0 1.0
0 9.273165 0.950158 0.808383 0.377686 0.910645 0.166992 0.168579 0.981445 1 0 1.0
Default
0 -5.135083 0.139956 -1.056131 -0.107178 0.888184 -0.446533 0.168579 0.731445 1 0 1.0
0 -6.149679 0.000000 -1.091116 -0.107178 0.888184 -0.446533 0.168579 0.731445 1 0 1.0
0 -6.149679 0.330225 -0.433983 -0.107178 0.888184 -0.446533 0.168579 0.731445 1 0 1.0
Default
0 -5.135083 0.429447 -0.430469 -0.086975 0.904297 -0.418213 0.168579 0.731445 1 0 1.0
0 -5.135083 0.139956 -1.056131 -0.107178 0.888184 -0.446533 0.168579 0.731445 1 0 1.0
0 -6.149679 0.330225 -0.433983 -0.107178 0.888184 -0.446533 0.168579 0.731445 1 0 1.0
Default
0 -4.741530 0.000000 1.488271 -0.732910 0.000000 0.680176 0.168579 0.981445 1 0 1.0
0 -4.087943 0.000000 2.192786 -0.732910 0.000000 0.680176 0.168579 0.981445 1 0 1.0
0 -4.741530 0.145456 1.488271 -0.732910 0.000000 0.680176 0.168579 0.981445 1 0 1.0
Default
0 -4.741530 0.000000 1.488271 -0.732910 0.000000 0.680176 0.168579 0.981445 1 0 1.0
0 -4.741530 -0.145456 1.488271 -0.732910 0.000000 0.680176 0.168579 0.981445 1 0 1.0
0 -4.087943 0.000000 2.192786 -0.732910 0.000000 0.680176 0.168579 0.981445 1 0 1.0
Default
0 3.904809 2.438763 -2.710344 -0.796387 -0.552734 0.244751 0.168579 0.981445 1 0 1.0
0 3.512995 2.531966 -3.775194 -0.796387 -0.552734 0.244751 0.168579 0.981445 1 0 1.0
0 4.237064 1.423828 -3.921977 -0.796387 -0.552734 0.244751 0.168579 0.981445 1 0 1.0
Default
0 4.855517 1.595580 -1.642272 -0.786133 -0.562500 0.255615 0.168579 0.981445 1 0 1.0
0 3.904809 2.438763 -2.710344 -0.796387 -0.552734 0.244751 0.168579 0.981445 1 0 1.0
0 4.237064 1.423828 -3.921977 -0.796387 -0.552734 0.244751 0.168579 0.981445 1 0 1.0
Default
0 5.169537 0.887760 -1.339828 0.637695 -0.753418 0.158691 0.168579 0.981445 1 0 1.0
0 5.089090 0.610864 -2.331657 0.637695 -0.753418 0.158691 0.168579 0.981445 1 0 1.0
0 5.142087 0.656665 -2.327182 0.637695 -0.753418 0.158691 0.168579 0.981445 1 0 1.0
Default
0 5.222534 0.933561 -1.335353 0.637695 -0.753418 0.158691 0.168579 0.981445 1 0 1.0
0 5.169537 0.887760 -1.339828 0.637695 -0.753418 0.158691 0.168579 0.981445 1 0 1.0
0 5.142087 0.656665 -2.327182 0.637695 -0.753418 0.158691 0.168579 0.981445 1 0 1.0
Default
0 5.866323 1.313136 1.095452 0.027512 0.980957 0.191650 0.168579 0.981445 1 0 1.0
0 5.866323 1.561859 -0.178144 0.027512 0.980957 0.191650 0.168579 0.981445 1 0 1.0
0 3.857764 1.598799 -0.078824 0.027512 0.980957 0.191650 0.168579 0.981445 1 0 1.0
Default
0 7.322539 1.463107 -0.146182 0.062225 0.979492 0.191284 0.168579 0.981445 1 0 1.0
0 5.866323 1.561859 -0.178144 0.027512 0.980957 0.191650 0.168579 0.981445 1 0 1.0
0 5.866323 1.313136 1.095452 0.027512 0.980957 0.191650 0.168579 0.981445 1 0 1.0
Default
0 0.206710 1.247429 -1.781031 -0.108215 0.849609 -0.516113 0.168579 0.731445 1 0 1.0
0 0.234005 0.667529 -2.741803 -0.108215 0.849609 -0.516113 0.168579 0.731445 1 0 1.0
0 -2.600126 0.672312 -2.139461 -0.108215 0.849609 -0.516113 0.168579 0.731445 1 0 1.0
Default
0 0.206710 1.247429 -1.781031 -0.108215 0.849609 -0.516113 0.168579 0.731445 1 0 1.0
0 2.262270 1.400168 -1.959908 -0.108032 0.849609 -0.516113 0.168579 0.731445 1 0 1.0
0 0.234005 0.667529 -2.741803 -0.108215 0.849609 -0.516113 0.168579 0.731445 1 0 1.0
Default
0 0.904723 0.107449 3.313653 0.044464 0.997559 0.051575 0.168579 0.981445 1 0 1.0
0 -1.669322 0.234879 3.068033 0.044464 0.997559 0.051575 0.168579 0.981445 1 0 1.0
0 0.937905 0.000000 5.363185 0.044464 0.997559 0.051575 0.168579 0.981445 1 0 1.0
Default
0 0.904723 0.107449 3.313653 0.044464 0.997559 0.051575 0.168579 0.981445 1 0 1.0
0 0.937905 0.000000 5.363185 0.044464 0.997559 0.051575 0.168579 0.981445 1 0 1.0
0 2.652256 0.000000 3.290842 0.061951 0.996582 0.051239 0.168579 0.981445 1 0 1.0
Default
0 8.007895 0.000000 2.134170 0.424805 0.124268 0.896484 0.168579 0.981445 1 0 1.0
0 9.566149 0.000000 1.395918 0.424805 0.124268 0.896484 0.168579 0.981445 1 0 1.0
0 9.532977 0.551981 1.335148 0.424805 0.124268 0.896484 0.168579 0.981445 1 0 1.0
Default
0 8.007895 0.848840 2.047716 0.436035 0.091187 0.895508 0.168579 0.981445 1 0 1.0
0 8.007895 0.000000 2.134170 0.424805 0.124268 0.896484 0.168579 0.981445 1 0 1.0
0 9.532977 0.551981 1.335148 0.424805 0.124268 0.896484 0.168579 0.981445 1 0 1.0
Default
0 8.007895 0.000000 2.134170 0.269775 0.097595 0.958008 0.168579 0.981445 1 0 1.0
0 8.007895 0.848840 2.047716 0.269775 0.097595 0.958008 0.168579 0.981445 1 0 1.0
0 5.866323 0.820431 2.653551 0.269775 0.097595 0.958008 0.168579 0.981445 1 0 1.0
Default
0 5.866323 0.000000 2.744450 0.272461 0.105957 0.956543 0.168579 0.981445 1 0 1.0
0 8.007895 0.000000 2.134170 0.269775 0.097595 0.958008 0.168579 0.981445 1 0 1.0
0 5.866323 0.820431 2.653551 0.269775 0.097595 0.958008 0.168579 0.981445 1 0 1.0
Default
0 5.866323 0.583835 -2.723803 0.167725 0.810059 -0.561523 0.168579 0.731445 1 0 1.0
0 5.866323 1.201458 -1.832689 0.167725 0.810059 -0.561523 0.168579 0.731445 1 0 1.0
0 7.647774 1.090928 -1.460234 0.167725 0.810059 -0.561523 0.168579 0.731445 1 0 1.0
Default
0 8.431790 0.407455 -2.183230 0.175171 0.803223 -0.569336 0.168579 0.731445 1 0 1.0
0 5.866323 0.583835 -2.723803 0.167725 0.810059 -0.561523 0.168579 0.731445 1 0 1.0
0 7.647774 1.090928 -1.460234 0.167725 0.810059 -0.561523 0.168579 0.731445 1 0 1.0
Default
0 -0.288653 0.854799 -3.690056 0.031235 -0.952637 -0.302734 0.168579 0.731445 1 0 1.0
0 -1.058548 0.812131 -3.635199 0.031235 -0.952637 -0.302734 0.168579 0.731445 1 0 1.0
0 -0.302980 1.421130 -5.474254 0.031235 -0.952637 -0.302734 0.168579 0.731445 1 0 1.0
Default
0 -0.098039 0.418621 -2.447136 0.047699 -0.940430 -0.337158 0.168579 0.731445 1 0 1.0
0 -1.058548 0.812131 -3.635199 0.031235 -0.952637 -0.302734 0.168579 0.731445 1 0 1.0
0 -0.288653 0.854799 -3.690056 0.031235 -0.952637 -0.302734 0.168579 0.731445 1 0 1.0
Default
0 -0.098039 0.418621 -2.447136 0.047699 -0.940430 -0.337158 0.168579 0.731445 1 0 1.0
0 -0.288653 0.854799 -3.690056 0.031235 -0.952637 -0.302734 0.168579 0.731445 1 0 1.0
0 2.192805 0.589889 -2.600516 0.047699 -0.940430 -0.337158 0.168579 0.731445 1 0 1.0
Default
0 -4.392952 -0.194175 -1.463209 -0.480957 0.000000 -0.876953 0.172485 0.735352 1 0 1.0
0 -5.135083 -0.139956 -1.056131 -0.480957 0.000000 -0.876953 0.172485 0.735352 1 0 1.0
0 -4.392952 0.000000 -1.463209 -0.480957 0.000000 -0.876953 0.172485 0.735352 1 0 1.0
Default
0 -5.135083 -0.139956 -1.056131 -0.480957 0.000000 -0.876953 0.172485 0.735352 1 0 1.0
0 -5.135083 0.000000 -1.056131 -0.480957 0.000000 -0.876953 0.172485 0.735352 1 0 1.0
0 -4.392952 0.000000 -1.463209 -0.480957 0.000000 -0.876953 0.172485 0.735352 1 0 1.0
Default
0 -4.392952 0.000000 -1.463209 -0.480957 0.000000 -0.876953 0.172485 0.735352 1 0 1.0
0 -5.135083 0.000000 -1.056131 -0.480957 0.000000 -0.876953 0.172485 0.735352 1 0 1.0
0 -5.135083 0.139956 -1.056131 -0.480957 0.000000 -0.876953 0.172485 0.735352 1 0 1.0
Default
0 -4.392952 0.194175 -1.463209 -0.480957 0.000000 -0.876953 0.172485 0.735352 1 0 1.0
0 -4.392952 0.000000 -1.463209 -0.480957 0.000000 -0.876953 0.172485 0.735352 1 0 1.0
0 -5.135083 0.139956 -1.056131 -0.480957 0.000000 -0.876953 0.172485 0.735352 1 0 1.0
Default
0 -5.135083 0.000000 -1.056131 -0.000000 -1.000000 0.000000 0.172485 0.735352 1 0 1.0
0 -5.213406 0.000000 -1.444484 -0.000000 -1.000000 0.000000 0.172485 0.735352 1 0 1.0
0 -4.392952 0.000000 -1.463209 -0.000000 -1.000000 0.000000 0.172485 0.735352 1 0 1.0
Default
0 -5.213406 0.000000 -1.444484 -0.000000 -1.000000 0.000000 0.172485 0.735352 1 0 1.0
0 -4.462436 0.000000 -2.629541 -0.000000 -1.000000 0.000000 0.172485 0.735352 1 0 1.0
0 -4.392952 0.000000 -1.463209 -0.000000 -1.000000 0.000000 0.172485 0.735352 1 0 1.0
Default
0 -4.392952 0.000000 -1.463209 -0.000000 -1.000000 0.000000 0.172485 0.735352 1 0 1.0
0 -4.462436 0.000000 -2.629541 -0.000000 -1.000000 0.000000 0.172485 0.735352 1 0 1.0
0 -2.659484 0.000000 -2.125075 -0.000000 -1.000000 0.000000 0.168579 0.731445 1 0 1.0
Default
0 -5.213406 0.000000 -1.444484 -0.000000 -1.000000 0.000000 0.172485 0.735352 1 0 1.0
0 -5.072443 0.000000 -3.955645 -0.000000 -1.000000 0.000000 0.172485 0.735352 1 0 1.0
0 -4.462436 0.000000 -2.629541 -0.000000 -1.000000 0.000000 0.172485 0.735352 1 0 1.0
Default
0 -4.462436 0.000000 -2.629541 -0.000000 -1.000000 0.000000 0.172485 0.735352 1 0 1.0
0 -4.134637 0.000000 -3.848371 -0.000000 -1.000000 0.000000 0.168579 0.731445 1 0 1.0
0 -2.659484 0.000000 -2.125075 -0.000000 -1.000000 0.000000 0.168579 0.731445 1 0 1.0
Default
0 -4.462436 0.000000 -2.629541 -0.000000 -1.000000 0.000000 0.172485 0.735352 1 0 1.0
0 -5.072443 0.000000 -3.955645 -0.000000 -1.000000 0.000000 0.172485 0.735352 1 0 1.0
0 -4.134637 0.000000 -3.848371 -0.000000 -1.000000 0.000000 0.168579 0.731445 1 0 1.0
Default
0 -4.392952 0.560640 -0.177598 -0.260742 0.965332 0.000000 0.168579 0.981445 1 0 1.0
0 -4.392952 0.560640 0.128313 -0.260742 0.965332 0.000000 0.168579 0.981445 1 0 1.0
0 -2.600126 1.044853 0.101745 -0.260742 0.965332 0.000000 0.168579 0.981445 1 0 1.0
Default
0 -4.392952 0.560640 -0.177598 -0.260742 0.965332 0.000000 0.168579 0.981445 1 0 1.0
0 -2.600126 1.044853 0.101745 -0.260742 0.965332 0.000000 0.168579 0.981445 1 0 1.0
0 -4.392952 0.560640 -0.740970 -0.260742 0.965332 0.000000 0.168579 0.981445 1 0 1.0
Default
0 -5.135083 0.429447 -0.430469 -0.318604 0.860352 -0.397949 0.168579 0.731445 1 0 1.0
0 -4.392952 0.560640 -0.740970 -0.299072 0.851074 -0.431885 0.168579 0.731445 1 0 1.0
0 -5.135083 0.139956 -1.056131 -0.299072 0.851074 -0.431885 0.168579 0.731445 1 0 1.0
Default
0 -4.392952 0.560640 -0.740970 -0.299072 0.851074 -0.431885 0.168579 0.731445 1 0 1.0
0 -4.392952 0.194175 -1.463209 -0.299072 0.851074 -0.431885 0.168579 0.731445 1 0 1.0
0 -5.135083 0.139956 -1.056131 -0.299072 0.851074 -0.431885 0.168579 0.731445 1 0 1.0
Default
0 -4.392952 0.560640 -0.740970 -0.299072 0.851074 -0.431885 0.168579 0.731445 1 0 1.0
0 -2.600126 0.844748 -1.398353 -0.293701 0.852539 -0.432617 0.168579 0.731445 1 0 1.0
0 -4.392952 0.194175 -1.463209 -0.299072 0.851074 -0.431885 0.168579 0.731445 1 0 1.0
Default
0 -0.292234 0.947858 -3.660162 0.020126 0.967285 0.252197 0.168579 0.731445 1 0 1.0
0 0.676555 1.135224 -4.455966 0.020248 0.963379 0.266602 0.168579 0.731445 1 0 1.0
0 -0.302980 1.421130 -5.474254 0.020126 0.967285 0.252197 0.168579 0.731445 1 0 1.0
Default
0 -0.302980 1.421130 -5.474254 0.020126 0.967285 0.252197 0.168579 0.731445 1 0 1.0
0 0.676555 1.135224 -4.455966 0.020248 0.963379 0.266602 0.168579 0.731445 1 0 1.0
0 1.171550 1.336280 -5.220070 0.020248 0.963379 0.266602 0.168579 0.731445 1 0 1.0
Default
0 2.192805 0.589889 -2.600516 0.020248 0.963379 0.266602 0.168579 0.731445 1 0 1.0
0 0.676555 1.135224 -4.455966 0.020248 0.963379 0.266602 0.168579 0.731445 1 0 1.0
0 -0.292234 0.947858 -3.660162 0.020126 0.967285 0.252197 0.168579 0.731445 1 0 1.0
Default
0 1.171550 1.336280 -5.220070 0.020248 0.963379 0.266602 0.168579 0.731445 1 0 1.0
0 0.676555 1.135224 -4.455966 0.020248 0.963379 0.266602 0.168579 0.731445 1 0 1.0
0 2.192805 0.589889 -2.600516 0.020248 0.963379 0.266602 0.168579 0.731445 1 0 1.0
Default
0 0.676555 -1.135224 -4.455966 0.020248 -0.963379 0.266602 0.168579 0.731445 1 0 1.0
0 -0.292234 -0.947858 -3.660162 0.020126 -0.967285 0.252197 0.168579 0.731445 1 0 1.0
0 -0.302980 -1.421130 -5.474254 0.020126 -0.967285 0.252197 0.168579 0.731445 1 0 1.0
Default
0 0.676555 -1.135224 -4.455966 0.020248 -0.963379 0.266602 0.168579 0.731445 1 0 1.0
0 -0.302980 -1.421130 -5.474254 0.020126 -0.967285 0.252197 0.168579 0.731445 1 0 1.0
0 1.171550 -1.336280 -5.220070 0.020248 -0.963379 0.266602 0.168579 0.731445 1 0 1.0
Default
0 0.676555 -1.135224 -4.455966 0.020248 -0.963379 0.266602 0.168579 0.731445 1 0 1.0
0 2.192805 -0.589889 -2.600516 0.020248 -0.963379 0.266602 0.168579 0.731445 1 0 1.0
0 -0.292234 -0.947858 -3.660162 0.020126 -0.967285 0.252197 0.168579 0.731445 1 0 1.0
Default
0 0.676555 -1.135224 -4.455966 0.020248 -0.963379 0.266602 0.168579 0.731445 1 0 1.0
0 1.171550 -1.336280 -5.220070 0.020248 -0.963379 0.266602 0.168579 0.731445 1 0 1.0
0 2.192805 -0.589889 -2.600516 0.020248 -0.963379 0.266602 0.168579 0.731445 1 0 1.0
end
