version 1
nodes
0 "root" -1
end
skeleton
time 0
0 0 0 0 0 0 0
end
triangles
Default
0 11.967460 -2.508816 1.410493 0.186187 -0.848905 0.494667 0.265137 0.140747 1 0 1.0
0 12.223781 -3.279236 -0.008110 0.186187 -0.848905 0.494667 0.265137 0.140747 1 0 1.0
0 14.916013 -2.362803 0.551269 0.186187 -0.848905 0.494667 0.265137 0.140747 1 0 1.0
Default
0 14.916013 -2.362803 0.551269 0.259162 -0.546241 0.796527 0.265137 0.140747 1 0 1.0
0 15.244832 -1.755600 0.860689 0.259162 -0.546241 0.796527 0.265137 0.140747 1 0 1.0
0 11.967460 -2.508816 1.410493 0.259162 -0.546241 0.796527 0.265137 0.140747 1 0 1.0
Default
0 15.244832 -1.755600 0.860689 0.270222 -0.860427 0.432025 0.265137 0.140747 1 0 1.0
0 14.831357 -1.689431 1.251092 0.270222 -0.860427 0.432025 0.265137 0.140747 1 0 1.0
0 11.967460 -2.508816 1.410493 0.270222 -0.860427 0.432025 0.265137 0.140747 1 0 1.0
Default
0 0.609848 -0.740042 -2.669186 -0.000000 1.000000 0.000000 0.077515 0.232178 1 0 1.0
0 0.609848 -0.206210 -2.669186 -0.000000 1.000000 0.000000 0.077515 0.232178 1 0 1.0
0 0.609848 0.000000 -2.669186 -0.000000 1.000000 0.000000 0.077515 0.232178 1 0 1.0
Default
0 0.609848 0.000000 -2.669186 -0.000000 1.000000 0.000000 0.077515 0.232178 1 0 1.0
0 0.609848 0.206210 -2.669186 -0.000000 1.000000 0.000000 0.077515 0.232178 1 0 1.0
0 0.609848 0.740042 -2.669186 -0.000000 1.000000 0.000000 0.077515 0.232178 1 0 1.0
Default
0 -9.119669 -0.178794 -0.983249 -0.373627 -0.875399 -0.306724 0.265137 0.140747 1 0 1.0
0 -7.597354 -0.924079 -0.710547 -0.373627 -0.875399 -0.306724 0.265137 0.140747 1 0 1.0
0 -9.259637 -0.582217 0.338633 -0.373627 -0.875399 -0.306724 0.265137 0.140747 1 0 1.0
Default
0 -5.655963 -0.596860 -2.029473 -0.381917 -0.592614 -0.709188 0.077515 0.232178 1 0 1.0
0 -7.597354 -0.924079 -0.710547 -0.381917 -0.592614 -0.709188 0.077515 0.232178 1 0 1.0
0 -7.597354 -0.334277 -1.203400 -0.381917 -0.592614 -0.709188 0.077515 0.232178 1 0 1.0
Default
0 2.452405 -0.282034 2.882435 -0.113774 -0.127964 0.985231 0.265137 0.140747 1 0 1.0
0 2.353027 -1.584442 2.701799 -0.113774 -0.127964 0.985231 0.265137 0.140747 1 0 1.0
0 4.840040 -0.412436 3.141221 -0.113774 -0.127964 0.985231 0.265137 0.140747 1 0 1.0
Default
0 -4.597355 -0.973890 2.082209 -0.273352 -0.568459 0.775972 0.265137 0.140747 1 0 1.0
0 -4.597355 -0.604651 2.352705 -0.273352 -0.568459 0.775972 0.265137 0.140747 1 0 1.0
0 -6.643938 -0.327840 1.834540 -0.273352 -0.568459 0.775972 0.265137 0.140747 1 0 1.0
Default
0 -6.643938 -0.327840 1.834540 -0.258089 -0.500874 0.826145 0.265137 0.140747 1 0 1.0
0 -7.597354 -0.788688 1.257289 -0.258089 -0.500874 0.826145 0.265137 0.140747 1 0 1.0
0 -4.597355 -0.973890 2.082209 -0.258089 -0.500874 0.826145 0.265137 0.140747 1 0 1.0
Default
0 -6.643938 -0.327840 1.834540 -0.112487 -0.677615 0.726763 0.265137 0.140747 1 0 1.0
0 -7.597354 -0.342412 1.673385 -0.112487 -0.677615 0.726763 0.265137 0.140747 1 0 1.0
0 -7.597354 -0.788688 1.257289 -0.112487 -0.677615 0.726763 0.265137 0.140747 1 0 1.0
Default
0 13.393636 -2.035366 1.519357 0.650013 -0.687293 0.324210 0.978027 0.517578 1 0 1.0
0 13.048912 -2.465388 1.298896 0.650013 -0.687293 0.324210 0.978027 0.517578 1 0 1.0
0 13.346161 -2.306140 1.040526 0.650013 -0.687293 0.324210 0.978027 0.517578 1 0 1.0
Default
0 13.346161 -2.306140 1.040526 0.975105 0.137152 -0.174238 0.978027 0.517578 1 0 1.0
0 13.333888 -1.841095 1.337905 0.975105 0.137152 -0.174238 0.978027 0.517578 1 0 1.0
0 13.393636 -2.035366 1.519357 0.975105 0.137152 -0.174238 0.978027 0.517578 1 0 1.0
Default
0 13.048912 -2.465388 1.298896 0.383339 -0.915359 -0.123162 0.978027 0.517578 1 0 1.0
0 12.776107 -2.536886 0.981187 0.383339 -0.915359 -0.123162 0.978027 0.517578 1 0 1.0
0 13.346161 -2.306140 1.040526 0.383339 -0.915359 -0.123162 0.978027 0.517578 1 0 1.0
Default
0 12.776107 -2.536886 0.981187 0.096196 0.018277 -0.995195 0.978027 0.517578 1 0 1.0
0 12.952236 -2.151048 1.005297 0.096196 0.018277 -0.995195 0.978027 0.517578 1 0 1.0
0 13.346161 -2.306140 1.040526 0.096196 0.018277 -0.995195 0.978027 0.517578 1 0 1.0
Default
0 12.952236 -2.151048 1.005297 0.277872 0.522710 -0.805954 0.978027 0.517578 1 0 1.0
0 13.333888 -1.841095 1.337905 0.277872 0.522710 -0.805954 0.978027 0.517578 1 0 1.0
0 13.346161 -2.306140 1.040526 0.277872 0.522710 -0.805954 0.978027 0.517578 1 0 1.0
Default
0 13.333888 -1.841095 1.337905 0.748740 0.560621 0.353684 0.978027 0.517578 1 0 1.0
0 13.029055 -1.712925 1.780067 0.748740 0.560621 0.353684 0.978027 0.517578 1 0 1.0
0 13.393636 -2.035366 1.519357 0.748740 0.560621 0.353684 0.978027 0.517578 1 0 1.0
Default
0 13.393636 -2.035366 1.519357 0.369505 -0.641074 0.672674 0.978027 0.517578 1 0 1.0
0 12.852924 -2.098765 1.755954 0.369505 -0.641074 0.672674 0.978027 0.517578 1 0 1.0
0 13.048912 -2.465388 1.298896 0.369505 -0.641074 0.672674 0.978027 0.517578 1 0 1.0
Default
0 13.048912 -2.465388 1.298896 -0.040483 -0.966793 0.252333 0.978027 0.517578 1 0 1.0
0 12.471270 -2.408718 1.423346 -0.040483 -0.966793 0.252333 0.978027 0.517578 1 0 1.0
0 12.776107 -2.536886 0.981187 -0.040483 -0.966793 0.252333 0.978027 0.517578 1 0 1.0
Default
0 12.776107 -2.536886 0.981187 -0.412625 0.243212 -0.877832 0.978027 0.517578 1 0 1.0
0 12.411523 -2.214448 1.241894 -0.412625 0.243212 -0.877832 0.978027 0.517578 1 0 1.0
0 12.952236 -2.151048 1.005297 -0.412625 0.243212 -0.877832 0.978027 0.517578 1 0 1.0
Default
0 12.952236 -2.151048 1.005297 -0.062985 0.765151 -0.640763 0.978027 0.517578 1 0 1.0
0 12.756247 -1.784425 1.462356 -0.062985 0.765151 -0.640763 0.978027 0.517578 1 0 1.0
0 13.333888 -1.841095 1.337905 -0.062985 0.765151 -0.640763 0.978027 0.517578 1 0 1.0
Default
0 13.029055 -1.712925 1.780067 0.412625 -0.243217 0.877830 0.978027 0.517578 1 0 1.0
0 12.852924 -2.098765 1.755954 0.412625 -0.243217 0.877830 0.978027 0.517578 1 0 1.0
0 13.393636 -2.035366 1.519357 0.412625 -0.243217 0.877830 0.978027 0.517578 1 0 1.0
Default
0 12.852924 -2.098765 1.755954 0.062985 -0.765151 0.640763 0.978027 0.517578 1 0 1.0
0 12.471270 -2.408718 1.423346 0.062985 -0.765151 0.640763 0.978027 0.517578 1 0 1.0
0 13.048912 -2.465388 1.298896 0.062985 -0.765151 0.640763 0.978027 0.517578 1 0 1.0
Default
0 12.471270 -2.408718 1.423346 -0.748735 -0.560625 -0.353690 0.978027 0.517578 1 0 1.0
0 12.411523 -2.214448 1.241894 -0.748735 -0.560625 -0.353690 0.978027 0.517578 1 0 1.0
0 12.776107 -2.536886 0.981187 -0.748735 -0.560625 -0.353690 0.978027 0.517578 1 0 1.0
Default
0 12.411523 -2.214448 1.241894 -0.369505 0.641074 -0.672674 0.978027 0.517578 1 0 1.0
0 12.756247 -1.784425 1.462356 -0.369505 0.641074 -0.672674 0.978027 0.517578 1 0 1.0
0 12.952236 -2.151048 1.005297 -0.369505 0.641074 -0.672674 0.978027 0.517578 1 0 1.0
Default
0 12.756247 -1.784425 1.462356 0.040482 0.966792 -0.252337 0.978027 0.517578 1 0 1.0
0 13.029055 -1.712925 1.780067 0.040482 0.966792 -0.252337 0.978027 0.517578 1 0 1.0
0 13.333888 -1.841095 1.337905 0.040482 0.966792 -0.252337 0.978027 0.517578 1 0 1.0
Default
0 13.029055 -1.712925 1.780067 -0.096198 -0.018280 0.995194 0.978027 0.517578 1 0 1.0
0 12.458998 -1.943673 1.720725 -0.096198 -0.018280 0.995194 0.978027 0.517578 1 0 1.0
0 12.852924 -2.098765 1.755954 -0.096198 -0.018280 0.995194 0.978027 0.517578 1 0 1.0
Default
0 12.852924 -2.098765 1.755954 -0.277871 -0.522710 0.805954 0.978027 0.517578 1 0 1.0
0 12.458998 -1.943673 1.720725 -0.277871 -0.522710 0.805954 0.978027 0.517578 1 0 1.0
0 12.471270 -2.408718 1.423346 -0.277871 -0.522710 0.805954 0.978027 0.517578 1 0 1.0
Default
0 12.471270 -2.408718 1.423346 -0.975105 -0.137152 0.174238 0.978027 0.517578 1 0 1.0
0 12.458998 -1.943673 1.720725 -0.975105 -0.137152 0.174238 0.978027 0.517578 1 0 1.0
0 12.411523 -2.214448 1.241894 -0.975105 -0.137152 0.174238 0.978027 0.517578 1 0 1.0
Default
0 12.411523 -2.214448 1.241894 -0.650013 0.687292 -0.324210 0.978027 0.517578 1 0 1.0
0 12.458998 -1.943673 1.720725 -0.650013 0.687292 -0.324210 0.978027 0.517578 1 0 1.0
0 12.756247 -1.784425 1.462356 -0.650013 0.687292 -0.324210 0.978027 0.517578 1 0 1.0
Default
0 12.756247 -1.784425 1.462356 -0.383341 0.915358 0.123162 0.978027 0.517578 1 0 1.0
0 12.458998 -1.943673 1.720725 -0.383341 0.915358 0.123162 0.978027 0.517578 1 0 1.0
0 13.029055 -1.712925 1.780067 -0.383341 0.915358 0.123162 0.978027 0.517578 1 0 1.0
Default
0 15.244832 -1.755600 0.860689 0.423937 -0.446430 0.788022 0.265137 0.140747 1 0 1.0
0 15.873184 -1.100040 0.894039 0.423937 -0.446430 0.788022 0.265137 0.140747 1 0 1.0
0 15.821373 -0.783807 1.101063 0.423937 -0.446430 0.788022 0.265137 0.140747 1 0 1.0
Default
0 15.821373 -0.783807 1.101063 0.374377 -0.425853 0.823706 0.265137 0.140747 1 0 1.0
0 14.421412 -1.045518 1.602046 0.374377 -0.425853 0.823706 0.265137 0.140747 1 0 1.0
0 15.244832 -1.755600 0.860689 0.374377 -0.425853 0.823706 0.265137 0.140747 1 0 1.0
Default
0 14.421412 -1.045518 1.602046 0.689638 0.045135 0.722746 0.265137 0.140747 1 0 1.0
0 14.831357 -1.689431 1.251092 0.689638 0.045135 0.722746 0.265137 0.140747 1 0 1.0
0 15.244832 -1.755600 0.860689 0.689638 0.045135 0.722746 0.265137 0.140747 1 0 1.0
Default
0 -7.597354 -0.334277 -1.203400 -0.173779 -0.631465 -0.755680 0.077515 0.232178 1 0 1.0
0 -7.597354 -0.924079 -0.710547 -0.173779 -0.631465 -0.755680 0.077515 0.232178 1 0 1.0
0 -9.119669 -0.178794 -0.983249 -0.173779 -0.631465 -0.755680 0.077515 0.232178 1 0 1.0
Default
0 -4.591579 -1.519167 -1.081291 -0.186086 -0.980384 0.064957 0.268066 0.142334 1 0 1.0
0 -4.597355 -1.470706 -0.366425 -0.186086 -0.980384 0.064957 0.268066 0.142334 1 0 1.0
0 -7.597354 -0.924079 -0.710547 -0.186086 -0.980384 0.064957 0.268066 0.142334 1 0 1.0
Default
0 -7.597354 -0.924079 -0.710547 -0.222604 -0.915377 -0.335457 0.077515 0.232178 1 0 1.0
0 -4.584266 -1.235386 -1.860508 -0.222604 -0.915377 -0.335457 0.077515 0.232178 1 0 1.0
0 -4.591579 -1.519167 -1.081291 -0.222604 -0.915377 -0.335457 0.077515 0.232178 1 0 1.0
Default
0 13.513593 -1.542652 -1.694705 0.427952 -0.706657 -0.563465 0.077515 0.232178 1 0 1.0
0 15.639871 -1.300615 -0.383341 0.427952 -0.706657 -0.563465 0.077515 0.232178 1 0 1.0
0 15.486482 -1.623262 -0.095200 0.427952 -0.706657 -0.563465 0.077515 0.232178 1 0 1.0
Default
0 -4.597355 -0.604651 2.352705 -0.158784 -0.363601 0.917922 0.265137 0.140747 1 0 1.0
0 -2.661112 -0.342139 2.791624 -0.158784 -0.363601 0.917922 0.265137 0.140747 1 0 1.0
0 -4.597355 -0.206210 2.510533 -0.158784 -0.363601 0.917922 0.265137 0.140747 1 0 1.0
Default
0 -10.513375 0.000000 -1.332952 -0.048422 -0.954293 -0.294925 0.265137 0.136475 1 0 1.0
0 -9.119669 -0.178794 -0.983249 -0.048422 -0.954293 -0.294925 0.266602 0.142334 1 0 1.0
0 -10.583359 -0.271314 -0.443567 -0.048422 -0.954293 -0.294925 0.265137 0.140747 1 0 1.0
Default
0 5.033197 -1.789676 2.601588 0.006954 -0.363963 0.931387 0.265137 0.140747 1 0 1.0
0 4.840040 -0.412436 3.141221 0.006954 -0.363963 0.931387 0.265137 0.140747 1 0 1.0
0 2.353027 -1.584442 2.701799 0.006954 -0.363963 0.931387 0.265137 0.140747 1 0 1.0
Default
0 -9.273636 -0.185220 1.744799 -0.113483 -0.901984 0.416589 0.265137 0.140747 1 0 1.0
0 -10.597356 -0.271314 1.197796 -0.113483 -0.901984 0.416589 0.265137 0.140747 1 0 1.0
0 -9.259637 -0.582217 0.889049 -0.113483 -0.901984 0.416589 0.265137 0.140747 1 0 1.0
Default
0 15.807674 -1.410447 0.350228 -0.042113 0.103382 0.993750 0.044952 0.198120 1 0 1.0
0 15.153161 -1.177515 0.298258 -0.042113 0.103382 0.993750 0.044952 0.198120 1 0 1.0
0 15.541308 -1.655436 0.364426 -0.042113 0.103382 0.993750 0.044952 0.198120 1 0 1.0
Default
0 15.541308 -1.655436 0.364426 0.373789 0.177536 -0.910364 0.044952 0.198120 1 0 1.0
0 15.153161 -1.177515 0.298258 0.373789 0.177536 -0.910364 0.044952 0.198120 1 0 1.0
0 15.800753 -1.414803 0.517881 0.373789 0.177536 -0.910364 0.044952 0.198120 1 0 1.0
Default
0 14.916013 2.362803 0.551269 0.186187 0.848905 0.494667 0.265137 0.140747 1 0 1.0
0 12.223781 3.279236 -0.008110 0.186187 0.848905 0.494667 0.265137 0.140747 1 0 1.0
0 11.967460 2.508816 1.410493 0.186187 0.848905 0.494667 0.265137 0.140747 1 0 1.0
Default
0 11.967460 2.508816 1.410493 0.259162 0.546241 0.796527 0.265137 0.140747 1 0 1.0
0 15.244832 1.755600 0.860689 0.259162 0.546241 0.796527 0.265137 0.140747 1 0 1.0
0 14.916013 2.362803 0.551269 0.259162 0.546241 0.796527 0.265137 0.140747 1 0 1.0
Default
0 11.967460 2.508816 1.410493 0.270222 0.860427 0.432025 0.265137 0.140747 1 0 1.0
0 14.831357 1.689431 1.251092 0.270222 0.860427 0.432025 0.265137 0.140747 1 0 1.0
0 15.244832 1.755600 0.860689 0.270222 0.860427 0.432025 0.265137 0.140747 1 0 1.0
Default
0 -7.597354 0.924079 -0.710547 -0.373627 0.875399 -0.306724 0.265137 0.140747 1 0 1.0
0 -9.119669 0.178794 -0.983249 -0.373627 0.875399 -0.306724 0.265137 0.140747 1 0 1.0
0 -9.259637 0.582217 0.338633 -0.373627 0.875399 -0.306724 0.265137 0.140747 1 0 1.0
Default
0 -7.597354 0.924079 -0.710547 -0.381917 0.592614 -0.709188 0.077515 0.232178 1 0 1.0
0 -5.655963 0.596860 -2.029473 -0.381917 0.592614 -0.709188 0.077515 0.232178 1 0 1.0
0 -7.597354 0.334277 -1.203400 -0.381917 0.592614 -0.709188 0.077515 0.232178 1 0 1.0
Default
0 2.353027 1.584442 2.701799 -0.113774 0.127964 0.985231 0.265137 0.140747 1 0 1.0
0 2.452405 0.282034 2.882435 -0.113774 0.127964 0.985231 0.265137 0.140747 1 0 1.0
0 4.840040 0.412436 3.141221 -0.113774 0.127964 0.985231 0.265137 0.140747 1 0 1.0
Default
0 -4.597355 0.604651 2.352705 -0.250094 0.572187 0.781060 0.265137 0.140747 1 0 1.0
0 -4.597355 0.973890 2.082209 -0.250094 0.572187 0.781060 0.265137 0.140747 1 0 1.0
0 -7.597354 0.788688 1.257289 -0.250094 0.572187 0.781060 0.265137 0.140747 1 0 1.0
Default
0 -7.597354 0.788688 1.257289 -0.275813 0.475644 0.835278 0.265137 0.140747 1 0 1.0
0 -6.643938 0.327840 1.834540 -0.275813 0.475644 0.835278 0.265137 0.140747 1 0 1.0
0 -4.597355 0.604651 2.352705 -0.275813 0.475644 0.835278 0.265137 0.140747 1 0 1.0
Default
0 -7.597354 0.788688 1.257289 -0.112487 0.677615 0.726763 0.265137 0.140747 1 0 1.0
0 -7.597354 0.342412 1.673385 -0.112487 0.677615 0.726763 0.265137 0.140747 1 0 1.0
0 -6.643938 0.327840 1.834540 -0.112487 0.677615 0.726763 0.265137 0.140747 1 0 1.0
Default
0 13.048912 2.465388 1.298896 0.650013 0.687293 0.324210 0.978027 0.517578 1 0 1.0
0 13.393636 2.035366 1.519357 0.650013 0.687293 0.324210 0.978027 0.517578 1 0 1.0
0 13.346161 2.306140 1.040526 0.650013 0.687293 0.324210 0.978027 0.517578 1 0 1.0
Default
0 13.333888 1.841095 1.337905 0.975105 -0.137152 -0.174238 0.978027 0.517578 1 0 1.0
0 13.346161 2.306140 1.040526 0.975105 -0.137152 -0.174238 0.978027 0.517578 1 0 1.0
0 13.393636 2.035366 1.519357 0.975105 -0.137152 -0.174238 0.978027 0.517578 1 0 1.0
Default
0 12.776107 2.536886 0.981187 0.383339 0.915359 -0.123162 0.978027 0.517578 1 0 1.0
0 13.048912 2.465388 1.298896 0.383339 0.915359 -0.123162 0.978027 0.517578 1 0 1.0
0 13.346161 2.306140 1.040526 0.383339 0.915359 -0.123162 0.978027 0.517578 1 0 1.0
Default
0 12.952236 2.151048 1.005297 0.096196 -0.018277 -0.995195 0.978027 0.517578 1 0 1.0
0 12.776107 2.536886 0.981187 0.096196 -0.018277 -0.995195 0.978027 0.517578 1 0 1.0
0 13.346161 2.306140 1.040526 0.096196 -0.018277 -0.995195 0.978027 0.517578 1 0 1.0
Default
0 13.333888 1.841095 1.337905 0.277872 -0.522710 -0.805954 0.978027 0.517578 1 0 1.0
0 12.952236 2.151048 1.005297 0.277872 -0.522710 -0.805954 0.978027 0.517578 1 0 1.0
0 13.346161 2.306140 1.040526 0.277872 -0.522710 -0.805954 0.978027 0.517578 1 0 1.0
Default
0 13.029055 1.712925 1.780067 0.748740 -0.560621 0.353684 0.978027 0.517578 1 0 1.0
0 13.333888 1.841095 1.337905 0.748740 -0.560621 0.353684 0.978027 0.517578 1 0 1.0
0 13.393636 2.035366 1.519357 0.748740 -0.560621 0.353684 0.978027 0.517578 1 0 1.0
Default
0 12.852924 2.098765 1.755954 0.369505 0.641074 0.672674 0.978027 0.517578 1 0 1.0
0 13.393636 2.035366 1.519357 0.369505 0.641074 0.672674 0.978027 0.517578 1 0 1.0
0 13.048912 2.465388 1.298896 0.369505 0.641074 0.672674 0.978027 0.517578 1 0 1.0
Default
0 12.471270 2.408718 1.423346 -0.040483 0.966793 0.252333 0.978027 0.517578 1 0 1.0
0 13.048912 2.465388 1.298896 -0.040483 0.966793 0.252333 0.978027 0.517578 1 0 1.0
0 12.776107 2.536886 0.981187 -0.040483 0.966793 0.252333 0.978027 0.517578 1 0 1.0
Default
0 12.411523 2.214448 1.241894 -0.412625 -0.243212 -0.877832 0.978027 0.517578 1 0 1.0
0 12.776107 2.536886 0.981187 -0.412625 -0.243212 -0.877832 0.978027 0.517578 1 0 1.0
0 12.952236 2.151048 1.005297 -0.412625 -0.243212 -0.877832 0.978027 0.517578 1 0 1.0
Default
0 12.756247 1.784425 1.462356 -0.062985 -0.765151 -0.640763 0.978027 0.517578 1 0 1.0
0 12.952236 2.151048 1.005297 -0.062985 -0.765151 -0.640763 0.978027 0.517578 1 0 1.0
0 13.333888 1.841095 1.337905 -0.062985 -0.765151 -0.640763 0.978027 0.517578 1 0 1.0
Default
0 12.852924 2.098765 1.755954 0.412625 0.243217 0.877830 0.978027 0.517578 1 0 1.0
0 13.029055 1.712925 1.780067 0.412625 0.243217 0.877830 0.978027 0.517578 1 0 1.0
0 13.393636 2.035366 1.519357 0.412625 0.243217 0.877830 0.978027 0.517578 1 0 1.0
Default
0 12.471270 2.408718 1.423346 0.062985 0.765151 0.640763 0.978027 0.517578 1 0 1.0
0 12.852924 2.098765 1.755954 0.062985 0.765151 0.640763 0.978027 0.517578 1 0 1.0
0 13.048912 2.465388 1.298896 0.062985 0.765151 0.640763 0.978027 0.517578 1 0 1.0
Default
0 12.411523 2.214448 1.241894 -0.748735 0.560625 -0.353690 0.978027 0.517578 1 0 1.0
0 12.471270 2.408718 1.423346 -0.748735 0.560625 -0.353690 0.978027 0.517578 1 0 1.0
0 12.776107 2.536886 0.981187 -0.748735 0.560625 -0.353690 0.978027 0.517578 1 0 1.0
Default
0 12.756247 1.784425 1.462356 -0.369505 -0.641074 -0.672674 0.978027 0.517578 1 0 1.0
0 12.411523 2.214448 1.241894 -0.369505 -0.641074 -0.672674 0.978027 0.517578 1 0 1.0
0 12.952236 2.151048 1.005297 -0.369505 -0.641074 -0.672674 0.978027 0.517578 1 0 1.0
Default
0 13.029055 1.712925 1.780067 0.040482 -0.966792 -0.252337 0.978027 0.517578 1 0 1.0
0 12.756247 1.784425 1.462356 0.040482 -0.966792 -0.252337 0.978027 0.517578 1 0 1.0
0 13.333888 1.841095 1.337905 0.040482 -0.966792 -0.252337 0.978027 0.517578 1 0 1.0
Default
0 12.458998 1.943673 1.720725 -0.096198 0.018280 0.995194 0.978027 0.517578 1 0 1.0
0 13.029055 1.712925 1.780067 -0.096198 0.018280 0.995194 0.978027 0.517578 1 0 1.0
0 12.852924 2.098765 1.755954 -0.096198 0.018280 0.995194 0.978027 0.517578 1 0 1.0
Default
0 12.458998 1.943673 1.720725 -0.277871 0.522710 0.805954 0.978027 0.517578 1 0 1.0
0 12.852924 2.098765 1.755954 -0.277871 0.522710 0.805954 0.978027 0.517578 1 0 1.0
0 12.471270 2.408718 1.423346 -0.277871 0.522710 0.805954 0.978027 0.517578 1 0 1.0
Default
0 12.458998 1.943673 1.720725 -0.975105 0.137152 0.174238 0.978027 0.517578 1 0 1.0
0 12.471270 2.408718 1.423346 -0.975105 0.137152 0.174238 0.978027 0.517578 1 0 1.0
0 12.411523 2.214448 1.241894 -0.975105 0.137152 0.174238 0.978027 0.517578 1 0 1.0
Default
0 12.458998 1.943673 1.720725 -0.650013 -0.687292 -0.324210 0.978027 0.517578 1 0 1.0
0 12.411523 2.214448 1.241894 -0.650013 -0.687292 -0.324210 0.978027 0.517578 1 0 1.0
0 12.756247 1.784425 1.462356 -0.650013 -0.687292 -0.324210 0.978027 0.517578 1 0 1.0
Default
0 12.458998 1.943673 1.720725 -0.383341 -0.915358 0.123162 0.978027 0.517578 1 0 1.0
0 12.756247 1.784425 1.462356 -0.383341 -0.915358 0.123162 0.978027 0.517578 1 0 1.0
0 13.029055 1.712925 1.780067 -0.383341 -0.915358 0.123162 0.978027 0.517578 1 0 1.0
Default
0 15.821373 0.783807 1.101063 0.423937 0.446430 0.788022 0.265137 0.140747 1 0 1.0
0 15.873184 1.100040 0.894039 0.423937 0.446430 0.788022 0.265137 0.140747 1 0 1.0
0 15.244832 1.755600 0.860689 0.423937 0.446430 0.788022 0.265137 0.140747 1 0 1.0
Default
0 15.244832 1.755600 0.860689 0.374377 0.425853 0.823706 0.265137 0.140747 1 0 1.0
0 14.421412 1.045518 1.602046 0.374377 0.425853 0.823706 0.265137 0.140747 1 0 1.0
0 15.821373 0.783807 1.101063 0.374377 0.425853 0.823706 0.265137 0.140747 1 0 1.0
Default
0 15.244832 1.755600 0.860689 0.689638 -0.045135 0.722746 0.265137 0.140747 1 0 1.0
0 14.831357 1.689431 1.251092 0.689638 -0.045135 0.722746 0.265137 0.140747 1 0 1.0
0 14.421412 1.045518 1.602046 0.689638 -0.045135 0.722746 0.265137 0.140747 1 0 1.0
Default
0 -7.597354 0.924079 -0.710547 -0.173779 0.631465 -0.755680 0.077515 0.232178 1 0 1.0
0 -7.597354 0.334277 -1.203400 -0.173779 0.631465 -0.755680 0.077515 0.232178 1 0 1.0
0 -9.119669 0.178794 -0.983249 -0.173779 0.631465 -0.755680 0.077515 0.232178 1 0 1.0
Default
0 -4.597355 1.470706 -0.366425 -0.186086 0.980384 0.064957 0.268066 0.142334 1 0 1.0
0 -4.591579 1.519167 -1.081291 -0.186086 0.980384 0.064957 0.268066 0.142334 1 0 1.0
0 -7.597354 0.924079 -0.710547 -0.186086 0.980384 0.064957 0.268066 0.142334 1 0 1.0
Default
0 -4.584266 1.235386 -1.860508 -0.222604 0.915377 -0.335457 0.077515 0.232178 1 0 1.0
0 -7.597354 0.924079 -0.710547 -0.222604 0.915377 -0.335457 0.077515 0.232178 1 0 1.0
0 -4.591579 1.519167 -1.081291 -0.222604 0.915377 -0.335457 0.077515 0.232178 1 0 1.0
Default
0 15.486482 1.623262 -0.095200 0.427952 0.706657 -0.563465 0.077515 0.232178 1 0 1.0
0 15.639871 1.300615 -0.383341 0.427952 0.706657 -0.563465 0.077515 0.232178 1 0 1.0
0 13.513593 1.542652 -1.694705 0.427952 0.706657 -0.563465 0.077515 0.232178 1 0 1.0
Default
0 -2.661112 0.342139 2.791624 -0.158784 0.363601 0.917922 0.265137 0.140747 1 0 1.0
0 -4.597355 0.604651 2.352705 -0.158784 0.363601 0.917922 0.265137 0.140747 1 0 1.0
0 -4.597355 0.206210 2.510533 -0.158784 0.363601 0.917922 0.265137 0.140747 1 0 1.0
Default
0 -9.119669 0.178794 -0.983249 -0.048422 0.954293 -0.294925 0.266602 0.142334 1 0 1.0
0 -10.513375 0.000000 -1.332952 -0.048422 0.954293 -0.294925 0.265137 0.136475 1 0 1.0
0 -10.583359 0.271314 -0.443567 -0.048422 0.954293 -0.294925 0.265137 0.140747 1 0 1.0
Default
0 4.840040 0.412436 3.141221 0.006954 0.363963 0.931387 0.265137 0.140747 1 0 1.0
0 5.033197 1.789676 2.601588 0.006954 0.363963 0.931387 0.265137 0.140747 1 0 1.0
0 2.353027 1.584442 2.701799 0.006954 0.363963 0.931387 0.265137 0.140747 1 0 1.0
Default
0 -10.597356 0.271314 1.197796 -0.113483 0.901984 0.416589 0.265137 0.140747 1 0 1.0
0 -9.273636 0.185220 1.744799 -0.113483 0.901984 0.416589 0.265137 0.140747 1 0 1.0
0 -9.259637 0.582217 0.889049 -0.113483 0.901984 0.416589 0.265137 0.140747 1 0 1.0
Default
0 15.153161 1.177515 0.298258 -0.042113 -0.103382 0.993750 0.044952 0.198120 1 0 1.0
0 15.807674 1.410447 0.350228 -0.042113 -0.103382 0.993750 0.044952 0.198120 1 0 1.0
0 15.541308 1.655436 0.364426 -0.042113 -0.103382 0.993750 0.044952 0.198120 1 0 1.0
Default
0 15.153161 1.177515 0.298258 0.373789 -0.177536 -0.910364 0.044952 0.198120 1 0 1.0
0 15.541308 1.655436 0.364426 0.373789 -0.177536 -0.910364 0.044952 0.198120 1 0 1.0
0 15.800753 1.414803 0.517881 0.373789 -0.177536 -0.910364 0.044952 0.198120 1 0 1.0
Default
0 -15.651376 0.000000 -2.344918 0.027649 -0.976648 -0.213060 0.265137 0.140747 1 0 1.0
0 -10.513375 0.000000 -1.332952 0.027649 -0.976648 -0.213060 0.265137 0.140747 1 0 1.0
0 -10.583359 -0.271314 -0.443567 0.027649 -0.976648 -0.213060 0.265137 0.140747 1 0 1.0
Default
0 -14.992569 -0.103451 -1.440005 0.027649 -0.976648 -0.213060 0.265137 0.140747 1 0 1.0
0 -15.651376 0.000000 -2.344918 0.027649 -0.976648 -0.213060 0.265137 0.140747 1 0 1.0
0 -10.583359 -0.271314 -0.443567 0.027649 -0.976648 -0.213060 0.265137 0.140747 1 0 1.0
Default
0 -15.651376 0.000000 -2.344918 -0.134301 -0.990878 -0.011161 0.265137 0.140747 1 0 1.0
0 -14.992569 -0.103451 -1.440005 -0.134301 -0.990878 -0.011161 0.265137 0.140747 1 0 1.0
0 -15.118191 -0.103451 0.423718 -0.132496 -0.991175 -0.004196 0.265137 0.140747 1 0 1.0
Default
0 -15.910973 0.000000 0.426776 -0.132496 -0.991175 -0.004196 0.265137 0.140747 1 0 1.0
0 -15.651376 0.000000 -2.344918 -0.134301 -0.990878 -0.011161 0.265137 0.140747 1 0 1.0
0 -15.118191 -0.103451 0.423718 -0.132496 -0.991175 -0.004196 0.265137 0.140747 1 0 1.0
Default
0 -15.851769 0.000000 2.841778 -0.130683 -0.991420 0.002770 0.265137 0.140747 1 0 1.0
0 -15.910973 0.000000 0.426776 -0.132496 -0.991175 -0.004196 0.265137 0.140747 1 0 1.0
0 -15.118191 -0.103451 0.423718 -0.132496 -0.991175 -0.004196 0.265137 0.140747 1 0 1.0
Default
0 -15.093652 -0.103451 1.959983 -0.130683 -0.991420 0.002770 0.265137 0.140747 1 0 1.0
0 -15.851769 0.000000 2.841778 -0.130683 -0.991420 0.002770 0.265137 0.140747 1 0 1.0
0 -15.118191 -0.103451 0.423718 -0.132496 -0.991175 -0.004196 0.265137 0.140747 1 0 1.0
Default
0 11.801529 -0.608454 2.267860 0.225579 -0.173198 0.958706 0.265137 0.140747 1 0 1.0
0 14.417883 -0.492915 1.710135 0.225579 -0.173198 0.958706 0.265137 0.140747 1 0 1.0
0 14.417883 0.000000 1.762166 0.225579 -0.173198 0.958706 0.265137 0.140747 1 0 1.0
Default
0 11.801530 0.000000 2.414800 0.225579 -0.173198 0.958706 0.265137 0.140747 1 0 1.0
0 11.801529 -0.608454 2.267860 0.225579 -0.173198 0.958706 0.265137 0.140747 1 0 1.0
0 14.417883 0.000000 1.762166 0.225579 -0.173198 0.958706 0.265137 0.140747 1 0 1.0
Default
0 5.033197 -1.789676 2.601588 0.028883 -0.649879 0.759488 0.265137 0.140747 1 0 1.0
0 5.207104 -2.786560 1.741745 0.028883 -0.649879 0.759488 0.265137 0.140747 1 0 1.0
0 7.797679 -2.782131 1.647231 0.028883 -0.649879 0.759488 0.265137 0.140747 1 0 1.0
Default
0 7.797679 -1.785247 2.500031 0.028883 -0.649879 0.759488 0.265137 0.140747 1 0 1.0
0 5.033197 -1.789676 2.601588 0.028883 -0.649879 0.759488 0.265137 0.140747 1 0 1.0
0 7.797679 -2.782131 1.647231 0.028883 -0.649879 0.759488 0.265137 0.140747 1 0 1.0
Default
0 2.353027 -1.584442 2.701799 -0.103264 -0.758780 0.643110 0.265137 0.140747 1 0 1.0
0 2.353028 -2.312182 1.554750 -0.103264 -0.758780 0.643110 0.265137 0.140747 1 0 1.0
0 5.207104 -2.786560 1.741745 -0.103264 -0.758780 0.643110 0.265137 0.140747 1 0 1.0
Default
0 5.033197 -1.789676 2.601588 -0.103264 -0.758780 0.643110 0.265137 0.140747 1 0 1.0
0 2.353027 -1.584442 2.701799 -0.103264 -0.758780 0.643110 0.265137 0.140747 1 0 1.0
0 5.207104 -2.786560 1.741745 -0.103264 -0.758780 0.643110 0.265137 0.140747 1 0 1.0
Default
0 -2.661112 -1.078048 2.324801 -0.194235 -0.892629 0.406800 0.265137 0.140747 1 0 1.0
0 -2.661112 -1.415044 1.243635 -0.194235 -0.892629 0.406800 0.265137 0.140747 1 0 1.0
0 0.609848 -2.160756 1.510838 -0.194235 -0.892629 0.406800 0.265137 0.140747 1 0 1.0
Default
0 0.609848 -1.496863 2.625889 -0.194235 -0.892629 0.406800 0.265137 0.140747 1 0 1.0
0 -2.661112 -1.078048 2.324801 -0.194235 -0.892629 0.406800 0.265137 0.140747 1 0 1.0
0 0.609848 -2.160756 1.510838 -0.194235 -0.892629 0.406800 0.265137 0.140747 1 0 1.0
Default
0 -4.597355 -0.973890 2.082209 -0.088684 -0.951179 0.295623 0.265137 0.140747 1 0 1.0
0 -4.597355 -1.231367 1.250637 -0.088684 -0.951179 0.295623 0.265137 0.140747 1 0 1.0
0 -2.661112 -1.415044 1.243635 -0.088684 -0.951179 0.295623 0.265137 0.140747 1 0 1.0
Default
0 -2.661112 -1.078048 2.324801 -0.088684 -0.951179 0.295623 0.265137 0.140747 1 0 1.0
0 -4.597355 -0.973890 2.082209 -0.088684 -0.951179 0.295623 0.265137 0.140747 1 0 1.0
0 -2.661112 -1.415044 1.243635 -0.088684 -0.951179 0.295623 0.265137 0.140747 1 0 1.0
Default
0 -7.597354 -0.788688 1.257289 -0.140257 -0.954468 0.263284 0.265137 0.140747 1 0 1.0
0 -7.597354 -0.924079 0.664620 -0.140257 -0.954468 0.263284 0.265137 0.140747 1 0 1.0
0 -4.597355 -1.231367 1.250637 -0.140257 -0.954468 0.263284 0.265137 0.140747 1 0 1.0
Default
0 -4.597355 -0.973890 2.082209 -0.140257 -0.954468 0.263284 0.265137 0.140747 1 0 1.0
0 -7.597354 -0.788688 1.257289 -0.140257 -0.954468 0.263284 0.265137 0.140747 1 0 1.0
0 -4.597355 -1.231367 1.250637 -0.140257 -0.954468 0.263284 0.265137 0.140747 1 0 1.0
Default
0 -9.273636 -0.185220 1.744799 0.042564 0.000000 0.999094 0.265137 0.140747 1 0 1.0
0 -7.597354 -0.342412 1.673385 0.042564 0.000000 0.999094 0.265137 0.140747 1 0 1.0
0 -7.597354 -0.167138 1.673385 0.042564 0.000000 0.999094 0.265137 0.140747 1 0 1.0
Default
0 -9.273636 -0.092610 1.744799 0.042564 0.000000 0.999094 0.265137 0.140747 1 0 1.0
0 -9.273636 -0.185220 1.744799 0.042564 0.000000 0.999094 0.265137 0.140747 1 0 1.0
0 -7.597354 -0.167138 1.673385 0.042564 0.000000 0.999094 0.265137 0.140747 1 0 1.0
Default
0 -9.273636 -0.092610 1.744799 0.042564 0.000000 0.999094 0.265137 0.140747 1 0 1.0
0 -7.597354 -0.167138 1.673385 0.042564 0.000000 0.999094 0.265137 0.140747 1 0 1.0
0 -9.273636 0.000000 1.744799 0.042564 0.000000 0.999094 0.265137 0.140747 1 0 1.0
Default
0 -7.597354 -0.167138 1.673385 0.042564 0.000000 0.999094 0.265137 0.140747 1 0 1.0
0 -7.597354 0.000000 1.673385 0.042564 0.000000 0.999094 0.265137 0.140747 1 0 1.0
0 -9.273636 0.000000 1.744799 0.042564 0.000000 0.999094 0.265137 0.140747 1 0 1.0
Default
0 -7.597354 0.000000 1.673385 0.042564 0.000000 0.999094 0.265137 0.140747 1 0 1.0
0 -7.597354 0.167138 1.673385 0.042564 0.000000 0.999094 0.265137 0.140747 1 0 1.0
0 -9.273636 0.000000 1.744799 0.042564 0.000000 0.999094 0.265137 0.140747 1 0 1.0
Default
0 -7.597354 0.167138 1.673385 0.042564 0.000000 0.999094 0.265137 0.140747 1 0 1.0
0 -9.273636 0.092610 1.744799 0.042564 0.000000 0.999094 0.265137 0.140747 1 0 1.0
0 -9.273636 0.000000 1.744799 0.042564 0.000000 0.999094 0.265137 0.140747 1 0 1.0
Default
0 -9.273636 0.185220 1.744799 0.042564 0.000000 0.999094 0.265137 0.140747 1 0 1.0
0 -9.273636 0.092610 1.744799 0.042564 0.000000 0.999094 0.265137 0.140747 1 0 1.0
0 -7.597354 0.167138 1.673385 0.042564 0.000000 0.999094 0.265137 0.140747 1 0 1.0
Default
0 -7.597354 0.342412 1.673385 0.042564 0.000000 0.999094 0.265137 0.140747 1 0 1.0
0 -9.273636 0.185220 1.744799 0.042564 0.000000 0.999094 0.265137 0.140747 1 0 1.0
0 -7.597354 0.167138 1.673385 0.042564 0.000000 0.999094 0.265137 0.140747 1 0 1.0
Default
0 -15.118191 -0.103451 0.423718 -0.037268 -0.999305 -0.000785 0.265137 0.140747 1 0 1.0
0 -14.992569 -0.103451 -1.440005 -0.037364 -0.999300 -0.001955 0.265137 0.140747 1 0 1.0
0 -10.583359 -0.271314 -0.443567 -0.037364 -0.999300 -0.001955 0.265137 0.140747 1 0 1.0
Default
0 -10.597356 -0.271314 0.361616 -0.037268 -0.999305 -0.000785 0.265137 0.140747 1 0 1.0
0 -15.118191 -0.103451 0.423718 -0.037268 -0.999305 -0.000785 0.265137 0.140747 1 0 1.0
0 -10.583359 -0.271314 -0.443567 -0.037364 -0.999300 -0.001955 0.265137 0.140747 1 0 1.0
Default
0 -15.093652 -0.103451 1.959983 -0.037171 -0.999309 0.000385 0.265137 0.140747 1 0 1.0
0 -15.118191 -0.103451 0.423718 -0.037268 -0.999305 -0.000785 0.265137 0.140747 1 0 1.0
0 -10.597356 -0.271314 0.361616 -0.037268 -0.999305 -0.000785 0.265137 0.140747 1 0 1.0
Default
0 -10.597356 -0.271314 1.197796 -0.037171 -0.999309 0.000385 0.265137 0.140747 1 0 1.0
0 -15.093652 -0.103451 1.959983 -0.037171 -0.999309 0.000385 0.265137 0.140747 1 0 1.0
0 -10.597356 -0.271314 0.361616 -0.037268 -0.999305 -0.000785 0.265137 0.140747 1 0 1.0
Default
0 -7.597354 -0.924079 -0.710547 -0.190362 -0.981714 0.000000 0.265137 0.140747 1 0 1.0
0 -4.597355 -1.470706 -0.366425 -0.179258 -0.983802 0.000000 0.265137 0.140747 1 0 1.0
0 -7.597354 -0.924079 -0.036874 -0.194058 -0.980990 0.000000 0.265137 0.140747 1 0 1.0
Default
0 -7.597354 -0.924079 -0.036874 -0.194058 -0.980990 0.000000 0.265137 0.140747 1 0 1.0
0 -9.259637 -0.582217 0.338633 -0.201442 -0.979500 0.000000 0.265137 0.140747 1 0 1.0
0 -7.597354 -0.924079 -0.710547 -0.190362 -0.981714 0.000000 0.265137 0.140747 1 0 1.0
Default
0 -7.597354 -0.924079 0.664620 -0.201442 -0.979500 0.000000 0.265137 0.140747 1 0 1.0
0 -9.259637 -0.582217 0.338633 -0.201442 -0.979500 0.000000 0.265137 0.140747 1 0 1.0
0 -7.597354 -0.924079 -0.036874 -0.194058 -0.980990 0.000000 0.265137 0.140747 1 0 1.0
Default
0 -9.259637 -0.582217 0.338633 -0.201442 -0.979500 0.000000 0.265137 0.140747 1 0 1.0
0 -9.259637 -0.582217 0.889049 -0.226379 -0.974039 0.000000 0.265137 0.140747 1 0 1.0
0 -10.597356 -0.271314 1.197796 -0.226379 -0.974039 0.000000 0.265137 0.140747 1 0 1.0
Default
0 -10.597356 -0.271314 0.361616 -0.226379 -0.974039 0.000000 0.265137 0.140747 1 0 1.0
0 -9.259637 -0.582217 0.338633 -0.201442 -0.979500 0.000000 0.265137 0.140747 1 0 1.0
0 -10.597356 -0.271314 1.197796 -0.226379 -0.974039 0.000000 0.265137 0.140747 1 0 1.0
Default
0 -4.597355 -1.470706 -0.366425 -0.147482 -0.989065 -0.000084 0.268066 0.142334 1 0 1.0
0 -4.591579 -1.519167 -1.081291 -0.147482 -0.989065 -0.000084 0.268066 0.142334 1 0 1.0
0 -2.655336 -1.760201 -1.352606 -0.147482 -0.989065 -0.000084 0.268066 0.142334 1 0 1.0
Default
0 -2.661112 -1.807080 -0.406330 -0.147482 -0.989065 -0.000084 0.268066 0.142334 1 0 1.0
0 -4.597355 -1.470706 -0.366425 -0.147482 -0.989065 -0.000084 0.268066 0.142334 1 0 1.0
0 -2.655336 -1.760201 -1.352606 -0.147482 -0.989065 -0.000084 0.268066 0.142334 1 0 1.0
Default
0 -2.661112 -1.807080 -0.406330 -0.170405 -0.964853 -0.200054 0.268066 0.142334 1 0 1.0
0 -2.655336 -1.760201 -1.352606 -0.170405 -0.964853 -0.200054 0.268066 0.142334 1 0 1.0
0 0.615625 -2.179015 -1.403611 -0.170405 -0.964853 -0.200054 0.268066 0.142334 1 0 1.0
Default
0 0.609848 -2.552792 -0.311236 -0.170405 -0.964853 -0.200054 0.268066 0.142334 1 0 1.0
0 -2.661112 -1.807080 -0.406330 -0.170405 -0.964853 -0.200054 0.268066 0.142334 1 0 1.0
0 0.615625 -2.179015 -1.403611 -0.170405 -0.964853 -0.200054 0.268066 0.142334 1 0 1.0
Default
0 5.428637 -3.410155 -0.435694 -0.174971 -0.958798 -0.223811 0.268066 0.142334 1 0 1.0
0 2.533479 -2.847419 -0.297655 -0.182660 -0.954870 -0.234218 0.268066 0.142334 1 0 1.0
0 5.513664 -3.111267 -1.497189 -0.174971 -0.958798 -0.223811 0.268066 0.142334 1 0 1.0
Default
0 2.533479 -2.847419 -0.297655 -0.182660 -0.954870 -0.234218 0.268066 0.142334 1 0 1.0
0 2.430189 -2.645528 -1.367203 -0.182660 -0.954870 -0.234218 0.268066 0.142334 1 0 1.0
0 5.513664 -3.111267 -1.497189 -0.174971 -0.958798 -0.223811 0.268066 0.142334 1 0 1.0
Default
0 2.533479 -2.847419 -0.297655 -0.182660 -0.954870 -0.234218 0.268066 0.142334 1 0 1.0
0 0.609848 -2.552792 -0.311236 -0.190316 -0.950768 -0.244583 0.268066 0.142334 1 0 1.0
0 2.430189 -2.645528 -1.367203 -0.182660 -0.954870 -0.234218 0.268066 0.142334 1 0 1.0
Default
0 0.609848 -2.552792 -0.311236 -0.190316 -0.950768 -0.244583 0.268066 0.142334 1 0 1.0
0 0.615625 -2.179015 -1.403611 -0.190316 -0.950768 -0.244583 0.268066 0.142334 1 0 1.0
0 2.430189 -2.645528 -1.367203 -0.182660 -0.954870 -0.234218 0.268066 0.142334 1 0 1.0
Default
0 5.428637 -3.410155 -0.435694 -0.040440 -0.925272 -0.377143 0.268066 0.142334 1 0 1.0
0 5.513664 -3.111267 -1.497189 -0.040440 -0.925272 -0.377143 0.268066 0.142334 1 0 1.0
0 7.803455 -3.106838 -1.434485 -0.042847 -0.932802 -0.357833 0.268066 0.142334 1 0 1.0
Default
0 7.797679 -3.599218 -0.544973 -0.042847 -0.932802 -0.357833 0.268066 0.142334 1 0 1.0
0 5.428637 -3.410155 -0.435694 -0.040440 -0.925272 -0.377143 0.268066 0.142334 1 0 1.0
0 7.803455 -3.106838 -1.434485 -0.042847 -0.932802 -0.357833 0.268066 0.142334 1 0 1.0
Default
0 7.797679 -3.599218 -0.544973 -0.042847 -0.932802 -0.357833 0.268066 0.142334 1 0 1.0
0 7.803455 -3.106838 -1.434485 -0.042847 -0.932802 -0.357833 0.268066 0.142334 1 0 1.0
0 10.408422 -3.555623 -1.015097 -0.045236 -0.939926 -0.338367 0.268066 0.142334 1 0 1.0
Default
0 10.402646 -3.602503 -0.405093 -0.045236 -0.939926 -0.338367 0.268066 0.142334 1 0 1.0
0 7.797679 -3.599218 -0.544973 -0.042847 -0.932802 -0.357833 0.268066 0.142334 1 0 1.0
0 10.408422 -3.555623 -1.015097 -0.045236 -0.939926 -0.338367 0.268066 0.142334 1 0 1.0
Default
0 7.797679 -1.785247 2.500031 0.083258 -0.597449 0.797573 0.265137 0.140747 1 0 1.0
0 7.797679 -2.782131 1.647231 0.083258 -0.597449 0.797573 0.265137 0.140747 1 0 1.0
0 10.402646 -2.799919 1.468027 0.083258 -0.597449 0.797573 0.265137 0.140747 1 0 1.0
Default
0 10.402646 -1.788532 2.119591 0.083258 -0.597449 0.797573 0.265137 0.140747 1 0 1.0
0 7.797679 -1.785247 2.500031 0.083258 -0.597449 0.797573 0.265137 0.140747 1 0 1.0
0 10.402646 -2.799919 1.468027 0.083258 -0.597449 0.797573 0.265137 0.140747 1 0 1.0
Default
0 7.797679 -0.408007 2.926276 0.098046 -0.177035 0.979309 0.265137 0.140747 1 0 1.0
0 10.402646 -0.684304 2.541768 0.098046 -0.177035 0.979309 0.265137 0.140747 1 0 1.0
0 10.402646 0.000000 2.739231 0.098046 -0.177035 0.979309 0.265137 0.140747 1 0 1.0
Default
0 7.797679 0.000000 2.926276 0.098046 -0.177035 0.979309 0.265137 0.140747 1 0 1.0
0 7.797679 -0.408007 2.926276 0.098046 -0.177035 0.979309 0.265137 0.140747 1 0 1.0
0 10.402646 0.000000 2.739231 0.098046 -0.177035 0.979309 0.265137 0.140747 1 0 1.0
Default
0 4.840040 -0.412436 3.141221 0.072341 0.001028 0.997379 0.265137 0.140747 1 0 1.0
0 7.797679 -0.408007 2.926276 0.072341 0.001028 0.997379 0.265137 0.140747 1 0 1.0
0 7.797679 0.000000 2.926276 0.072341 0.000000 0.997380 0.265137 0.140747 1 0 1.0
Default
0 4.828377 0.000000 3.141221 0.072341 0.000000 0.997380 0.265137 0.140747 1 0 1.0
0 4.840040 -0.412436 3.141221 0.072341 0.001028 0.997379 0.265137 0.140747 1 0 1.0
0 7.797679 0.000000 2.926276 0.072341 0.000000 0.997380 0.265137 0.140747 1 0 1.0
Default
0 4.840040 0.412436 3.141221 0.072341 -0.001028 0.997379 0.265137 0.140747 1 0 1.0
0 4.828377 0.000000 3.141221 0.072341 0.000000 0.997380 0.265137 0.140747 1 0 1.0
0 7.797679 0.000000 2.926276 0.072341 0.000000 0.997380 0.265137 0.140747 1 0 1.0
Default
0 7.797679 0.408007 2.926276 0.072341 -0.001028 0.997379 0.265137 0.140747 1 0 1.0
0 4.840040 0.412436 3.141221 0.072341 -0.001028 0.997379 0.265137 0.140747 1 0 1.0
0 7.797679 0.000000 2.926276 0.072341 0.000000 0.997380 0.265137 0.140747 1 0 1.0
Default
0 -10.597356 -0.271314 0.361616 -0.114751 -0.974442 -0.193121 0.265137 0.140747 1 0 1.0
0 -10.583359 -0.271314 -0.443567 -0.114751 -0.974442 -0.193121 0.265137 0.140747 1 0 1.0
0 -9.119669 -0.178794 -0.983249 -0.114751 -0.974442 -0.193121 0.266602 0.142334 1 0 1.0
Default
0 -9.259637 -0.582217 0.338633 -0.114751 -0.974442 -0.193121 0.265137 0.140747 1 0 1.0
0 -10.597356 -0.271314 0.361616 -0.114751 -0.974442 -0.193121 0.265137 0.140747 1 0 1.0
0 -9.119669 -0.178794 -0.983249 -0.114751 -0.974442 -0.193121 0.266602 0.142334 1 0 1.0
Default
0 -9.259637 -0.582217 0.889049 -0.185095 -0.975899 0.115589 0.265137 0.140747 1 0 1.0
0 -9.259637 -0.582217 0.338633 -0.185095 -0.975899 0.115589 0.265137 0.140747 1 0 1.0
0 -7.597354 -0.924079 0.664620 -0.185095 -0.975899 0.115589 0.265137 0.140747 1 0 1.0
Default
0 -7.597354 -0.788688 1.257289 -0.185095 -0.975899 0.115589 0.265137 0.140747 1 0 1.0
0 -9.259637 -0.582217 0.889049 -0.185095 -0.975899 0.115589 0.265137 0.140747 1 0 1.0
0 -7.597354 -0.924079 0.664620 -0.185095 -0.975899 0.115589 0.265137 0.140747 1 0 1.0
Default
0 -7.597354 -0.924079 0.664620 -0.185095 -0.975899 0.115589 0.265137 0.140747 1 0 1.0
0 -7.597354 -0.924079 -0.036874 -0.144426 -0.984285 0.101605 0.265137 0.140747 1 0 1.0
0 -4.597355 -1.470706 -0.366425 -0.144426 -0.984285 0.101605 0.265137 0.140747 1 0 1.0
Default
0 -4.597355 -1.231367 1.250637 -0.144426 -0.984285 0.101605 0.265137 0.140747 1 0 1.0
0 -7.597354 -0.924079 0.664620 -0.185095 -0.975899 0.115589 0.265137 0.140747 1 0 1.0
0 -4.597355 -1.470706 -0.366425 -0.144426 -0.984285 0.101605 0.265137 0.140747 1 0 1.0
Default
0 -7.597354 -0.167138 -1.203400 -0.143127 0.000000 -0.989704 0.077515 0.232178 1 0 1.0
0 -7.597354 -0.334277 -1.203400 -0.143127 0.000000 -0.989704 0.077515 0.232178 1 0 1.0
0 -9.119669 -0.178794 -0.983249 -0.143127 0.000000 -0.989704 0.077515 0.232178 1 0 1.0
Default
0 -7.597354 -0.167138 -1.203400 -0.143127 0.000000 -0.989704 0.077515 0.232178 1 0 1.0
0 -9.119669 -0.178794 -0.983249 -0.143127 0.000000 -0.989704 0.077515 0.232178 1 0 1.0
0 -9.119669 0.000000 -0.983249 -0.143127 0.000000 -0.989704 0.077515 0.232178 1 0 1.0
Default
0 -7.597354 0.000000 -1.203400 -0.143127 0.000000 -0.989704 0.077515 0.232178 1 0 1.0
0 -7.597354 -0.167138 -1.203400 -0.143127 0.000000 -0.989704 0.077515 0.232178 1 0 1.0
0 -9.119669 0.000000 -0.983249 -0.143127 0.000000 -0.989704 0.077515 0.232178 1 0 1.0
Default
0 -7.597354 0.167138 -1.203400 -0.143127 0.000000 -0.989704 0.077515 0.232178 1 0 1.0
0 -7.597354 0.000000 -1.203400 -0.143127 0.000000 -0.989704 0.077515 0.232178 1 0 1.0
0 -9.119669 0.000000 -0.983249 -0.143127 0.000000 -0.989704 0.077515 0.232178 1 0 1.0
Default
0 -9.119669 0.178794 -0.983249 -0.143127 0.000000 -0.989704 0.077515 0.232178 1 0 1.0
0 -7.597354 0.167138 -1.203400 -0.143127 0.000000 -0.989704 0.077515 0.232178 1 0 1.0
0 -9.119669 0.000000 -0.983249 -0.143127 0.000000 -0.989704 0.077515 0.232178 1 0 1.0
Default
0 -7.597354 0.334277 -1.203400 -0.143127 0.000000 -0.989704 0.077515 0.232178 1 0 1.0
0 -7.597354 0.167138 -1.203400 -0.143127 0.000000 -0.989704 0.077515 0.232178 1 0 1.0
0 -9.119669 0.178794 -0.983249 -0.143127 0.000000 -0.989704 0.077515 0.232178 1 0 1.0
Default
0 -8.672356 0.000000 -1.654035 -0.386601 0.000000 0.922247 0.077515 0.232178 1 0 1.0
0 -8.672356 -0.167138 -1.654035 -0.386601 0.000000 0.922247 0.077515 0.232178 1 0 1.0
0 -7.597354 -0.167138 -1.203400 -0.386601 0.000000 0.922247 0.077515 0.232178 1 0 1.0
Default
0 -7.597354 0.000000 -1.203400 -0.386601 0.000000 0.922247 0.077515 0.232178 1 0 1.0
0 -8.672356 0.000000 -1.654035 -0.386601 0.000000 0.922247 0.077515 0.232178 1 0 1.0
0 -7.597354 -0.167138 -1.203400 -0.386601 0.000000 0.922247 0.077515 0.232178 1 0 1.0
Default
0 -8.672356 0.000000 -1.654035 -0.386601 0.000000 0.922247 0.077515 0.232178 1 0 1.0
0 -7.597354 0.000000 -1.203400 -0.386601 0.000000 0.922247 0.077515 0.232178 1 0 1.0
0 -7.597354 0.167138 -1.203400 -0.386601 0.000000 0.922247 0.077515 0.232178 1 0 1.0
Default
0 -8.672356 0.167138 -1.654035 -0.386601 0.000000 0.922247 0.077515 0.232178 1 0 1.0
0 -8.672356 0.000000 -1.654035 -0.386601 0.000000 0.922247 0.077515 0.232178 1 0 1.0
0 -7.597354 0.167138 -1.203400 -0.386601 0.000000 0.922247 0.077515 0.232178 1 0 1.0
Default
0 -2.661112 -0.740042 -2.462254 -0.117345 -0.377252 -0.918647 0.077515 0.232178 1 0 1.0
0 -4.597355 -0.740042 -2.178007 -0.117345 -0.377252 -0.918647 0.077515 0.232178 1 0 1.0
0 -4.597355 -0.206210 -2.434149 -0.117345 -0.377252 -0.918647 0.077515 0.232178 1 0 1.0
Default
0 -2.661112 -0.206210 -2.644560 -0.117345 -0.377252 -0.918647 0.077515 0.232178 1 0 1.0
0 -2.661112 -0.740042 -2.462254 -0.117345 -0.377252 -0.918647 0.077515 0.232178 1 0 1.0
0 -4.597355 -0.206210 -2.434149 -0.117345 -0.377252 -0.918647 0.077515 0.232178 1 0 1.0
Default
0 2.301940 0.000000 -2.748972 -0.047100 0.000000 -0.998890 0.077515 0.232178 1 0 1.0
0 2.301940 -1.134716 -2.748972 -0.047100 0.000000 -0.998890 0.077515 0.232178 1 0 1.0
0 0.609848 -0.740042 -2.669186 -0.047100 0.000000 -0.998890 0.077515 0.232178 1 0 1.0
Default
0 0.609848 -0.740042 -2.669186 -0.047100 0.000000 -0.998890 0.077515 0.232178 1 0 1.0
0 0.609848 0.000000 -2.669186 -0.047100 0.000000 -0.998890 0.077515 0.232178 1 0 1.0
0 2.301940 0.000000 -2.748972 -0.047100 0.000000 -0.998890 0.077515 0.232178 1 0 1.0
Default
0 2.301940 1.134716 -2.748972 -0.047100 0.000000 -0.998890 0.077515 0.232178 1 0 1.0
0 2.301940 0.000000 -2.748972 -0.047100 0.000000 -0.998890 0.077515 0.232178 1 0 1.0
0 0.609848 0.000000 -2.669186 -0.047100 0.000000 -0.998890 0.077515 0.232178 1 0 1.0
Default
0 0.609848 0.000000 -2.669186 -0.047100 0.000000 -0.998890 0.077515 0.232178 1 0 1.0
0 0.609848 0.740042 -2.669186 -0.047100 0.000000 -0.998890 0.077515 0.232178 1 0 1.0
0 2.301940 1.134716 -2.748972 -0.047100 0.000000 -0.998890 0.077515 0.232178 1 0 1.0
Default
0 0.609848 -0.206210 -2.669186 -0.007529 0.000000 -0.999972 0.077515 0.232178 1 0 1.0
0 -2.661112 -0.206210 -2.644560 -0.007529 0.000000 -0.999972 0.077515 0.232178 1 0 1.0
0 0.609848 0.000000 -2.669186 -0.047100 0.000000 -0.998890 0.077515 0.232178 1 0 1.0
Default
0 -2.661112 -0.206210 -2.644560 -0.007529 0.000000 -0.999972 0.077515 0.232178 1 0 1.0
0 -2.661112 0.000000 -2.644560 -0.007529 0.000000 -0.999972 0.077515 0.232178 1 0 1.0
0 0.609848 0.000000 -2.669186 -0.047100 0.000000 -0.998890 0.077515 0.232178 1 0 1.0
Default
0 -2.661112 0.000000 -2.644560 -0.007529 0.000000 -0.999972 0.077515 0.232178 1 0 1.0
0 -2.661112 0.206210 -2.644560 -0.007529 0.000000 -0.999972 0.077515 0.232178 1 0 1.0
0 0.609848 0.000000 -2.669186 -0.047100 0.000000 -0.998890 0.077515 0.232178 1 0 1.0
Default
0 -2.661112 0.206210 -2.644560 -0.007529 0.000000 -0.999972 0.077515 0.232178 1 0 1.0
0 0.609848 0.206210 -2.669186 -0.007529 0.000000 -0.999972 0.077515 0.232178 1 0 1.0
0 0.609848 0.000000 -2.669186 -0.047100 0.000000 -0.998890 0.077515 0.232178 1 0 1.0
Default
0 5.672485 -1.632046 -2.592339 0.029173 -0.079536 -0.996405 0.077515 0.232178 1 0 1.0
0 2.301940 -1.134716 -2.748972 0.015637 -0.063475 -0.997861 0.077515 0.232178 1 0 1.0
0 2.301940 0.000000 -2.748972 0.015637 -0.063475 -0.997861 0.077515 0.232178 1 0 1.0
Default
0 5.660822 0.000000 -2.768519 0.029173 -0.079536 -0.996405 0.077515 0.232178 1 0 1.0
0 5.672485 -1.632046 -2.592339 0.029173 -0.079536 -0.996405 0.077515 0.232178 1 0 1.0
0 2.301940 0.000000 -2.748972 0.015637 -0.063475 -0.997861 0.077515 0.232178 1 0 1.0
Default
0 5.672485 -1.632046 -2.592339 0.029173 -0.079536 -0.996405 0.077515 0.232178 1 0 1.0
0 5.660822 0.000000 -2.768519 0.029173 -0.079536 -0.996405 0.077515 0.232178 1 0 1.0
0 7.797679 -1.655742 -2.517682 0.042696 -0.095561 -0.994507 0.077515 0.232178 1 0 1.0
Default
0 5.660822 0.000000 -2.768519 0.029173 -0.079536 -0.996405 0.077515 0.232178 1 0 1.0
0 7.797679 0.000000 -2.657922 0.042696 -0.095561 -0.994507 0.077515 0.232178 1 0 1.0
0 7.797679 -1.655742 -2.517682 0.042696 -0.095561 -0.994507 0.077515 0.232178 1 0 1.0
Default
0 10.402646 -1.743401 -2.365447 0.084291 -0.041076 -0.995594 0.077515 0.232178 1 0 1.0
0 7.797679 -1.655742 -2.517682 0.084291 -0.041076 -0.995594 0.077515 0.232178 1 0 1.0
0 7.797679 0.000000 -2.657922 0.084291 -0.041076 -0.995594 0.077515 0.232178 1 0 1.0
Default
0 10.402646 0.000000 -2.365447 0.084291 -0.041076 -0.995594 0.077515 0.232178 1 0 1.0
0 10.402646 -1.743401 -2.365447 0.084291 -0.041076 -0.995594 0.077515 0.232178 1 0 1.0
0 7.797679 0.000000 -2.657922 0.084291 -0.041076 -0.995594 0.077515 0.232178 1 0 1.0
Default
0 12.223781 -3.279236 -0.008110 0.379821 -0.892109 -0.244700 0.268066 0.142334 1 0 1.0
0 12.380892 -3.162702 -0.467507 0.379821 -0.892109 -0.244700 0.268066 0.142334 1 0 1.0
0 14.613854 -2.295491 0.115272 0.379821 -0.892109 -0.244700 0.268066 0.142334 1 0 1.0
Default
0 14.916013 -2.362803 0.551269 0.379821 -0.892109 -0.244700 0.268066 0.142334 1 0 1.0
0 12.223781 -3.279236 -0.008110 0.379821 -0.892109 -0.244700 0.268066 0.142334 1 0 1.0
0 14.613854 -2.295491 0.115272 0.379821 -0.892109 -0.244700 0.268066 0.142334 1 0 1.0
Default
0 -10.611353 0.000000 2.033896 0.211236 0.000000 0.977435 0.265137 0.139526 1 0 1.0
0 -9.273636 -0.092610 1.744799 0.211236 0.000000 0.977435 0.265137 0.140747 1 0 1.0
0 -9.273636 0.000000 1.744799 0.211236 0.000000 0.977435 0.265137 0.140747 1 0 1.0
Default
0 -9.273636 0.092610 1.744799 0.211236 0.000000 0.977435 0.265137 0.140747 1 0 1.0
0 -10.611353 0.000000 2.033896 0.211236 0.000000 0.977435 0.265137 0.139526 1 0 1.0
0 -9.273636 0.000000 1.744799 0.211236 0.000000 0.977435 0.265137 0.140747 1 0 1.0
Default
0 -2.648023 -1.339545 -2.056017 -0.117258 -0.549591 -0.827164 0.077515 0.232178 1 0 1.0
0 -4.584266 -1.235386 -1.860508 -0.117258 -0.549591 -0.827164 0.077515 0.232178 1 0 1.0
0 -4.597355 -0.740042 -2.178007 -0.117258 -0.549591 -0.827164 0.077515 0.232178 1 0 1.0
Default
0 -2.661112 -0.740042 -2.462254 -0.117258 -0.549591 -0.827164 0.077515 0.232178 1 0 1.0
0 -2.648023 -1.339545 -2.056017 -0.117258 -0.549591 -0.827164 0.077515 0.232178 1 0 1.0
0 -4.597355 -0.740042 -2.178007 -0.117258 -0.549591 -0.827164 0.077515 0.232178 1 0 1.0
Default
0 2.350021 -2.228971 -2.288481 -0.115031 -0.370143 -0.921825 0.077515 0.232178 1 0 1.0
0 0.622937 -1.758360 -2.289042 -0.115031 -0.370143 -0.921825 0.077515 0.232178 1 0 1.0
0 0.609848 -0.740042 -2.669186 -0.115031 -0.370143 -0.921825 0.077515 0.232178 1 0 1.0
Default
0 2.301940 -1.134716 -2.748972 -0.115031 -0.370143 -0.921825 0.077515 0.232178 1 0 1.0
0 2.350021 -2.228971 -2.288481 -0.115031 -0.370143 -0.921825 0.077515 0.232178 1 0 1.0
0 0.609848 -0.740042 -2.669186 -0.115031 -0.370143 -0.921825 0.077515 0.232178 1 0 1.0
Default
0 5.600228 -2.359591 -2.278201 -0.013894 -0.391102 -0.920242 0.077515 0.232178 1 0 1.0
0 2.350021 -2.228971 -2.288481 -0.013894 -0.391102 -0.920242 0.077515 0.232178 1 0 1.0
0 2.301940 -1.134716 -2.748972 -0.013894 -0.391102 -0.920242 0.077515 0.232178 1 0 1.0
Default
0 5.672485 -1.632046 -2.592339 -0.013894 -0.391102 -0.920242 0.077515 0.232178 1 0 1.0
0 5.600228 -2.359591 -2.278201 -0.013894 -0.391102 -0.920242 0.077515 0.232178 1 0 1.0
0 2.301940 -1.134716 -2.748972 -0.013894 -0.391102 -0.920242 0.077515 0.232178 1 0 1.0
Default
0 7.810768 -2.639664 -2.077105 0.029814 -0.393700 -0.918755 0.077515 0.232178 1 0 1.0
0 5.600228 -2.359591 -2.278201 -0.013894 -0.391102 -0.920242 0.077515 0.232178 1 0 1.0
0 5.672485 -1.632046 -2.592339 -0.013894 -0.391102 -0.920242 0.077515 0.232178 1 0 1.0
Default
0 7.797679 -1.655742 -2.517682 0.029814 -0.393700 -0.918755 0.077515 0.232178 1 0 1.0
0 7.810768 -2.639664 -2.077105 0.029814 -0.393700 -0.918755 0.077515 0.232178 1 0 1.0
0 5.672485 -1.632046 -2.592339 -0.013894 -0.391102 -0.920242 0.077515 0.232178 1 0 1.0
Default
0 10.415735 -2.946969 -1.897244 0.029798 -0.383179 -0.923193 0.077515 0.232178 1 0 1.0
0 7.810768 -2.639664 -2.077105 0.029814 -0.393700 -0.918755 0.077515 0.232178 1 0 1.0
0 7.797679 -1.655742 -2.517682 0.029814 -0.393700 -0.918755 0.077515 0.232178 1 0 1.0
Default
0 10.402646 -1.743401 -2.365447 0.029798 -0.383179 -0.923193 0.077515 0.232178 1 0 1.0
0 10.415735 -2.946969 -1.897244 0.029798 -0.383179 -0.923193 0.077515 0.232178 1 0 1.0
0 7.797679 -1.655742 -2.517682 0.029814 -0.393700 -0.918755 0.077515 0.232178 1 0 1.0
Default
0 11.835647 -1.513970 1.905581 0.188331 -0.297106 0.936087 0.265137 0.140747 1 0 1.0
0 14.421412 -1.045518 1.602046 0.188331 -0.297106 0.936087 0.265137 0.140747 1 0 1.0
0 14.417883 -0.492915 1.710135 0.188331 -0.297106 0.936087 0.265137 0.140747 1 0 1.0
Default
0 11.801529 -0.608454 2.267860 0.188331 -0.297106 0.936087 0.265137 0.140747 1 0 1.0
0 11.835647 -1.513970 1.905581 0.188331 -0.297106 0.936087 0.265137 0.140747 1 0 1.0
0 14.417883 -0.492915 1.710135 0.188331 -0.297106 0.936087 0.265137 0.140747 1 0 1.0
Default
0 7.797679 -1.785247 2.500031 0.120680 -0.321152 0.939307 0.265137 0.140747 1 0 1.0
0 10.402646 -1.788532 2.119591 0.120680 -0.321152 0.939307 0.265137 0.140747 1 0 1.0
0 10.402646 -0.684304 2.541768 0.120680 -0.321152 0.939307 0.265137 0.140747 1 0 1.0
Default
0 7.797679 -0.408007 2.926276 0.120680 -0.321152 0.939307 0.265137 0.140747 1 0 1.0
0 7.797679 -1.785247 2.500031 0.120680 -0.321152 0.939307 0.265137 0.140747 1 0 1.0
0 10.402646 -0.684304 2.541768 0.120680 -0.321152 0.939307 0.265137 0.140747 1 0 1.0
Default
0 5.033197 -1.789676 2.601588 0.052693 -0.327151 0.943502 0.265137 0.140747 1 0 1.0
0 7.797679 -1.785247 2.500031 0.052693 -0.327151 0.943502 0.265137 0.140747 1 0 1.0
0 7.797679 -0.408007 2.926276 0.052693 -0.327151 0.943502 0.265137 0.140747 1 0 1.0
Default
0 4.840040 -0.412436 3.141221 0.052693 -0.327151 0.943502 0.265137 0.140747 1 0 1.0
0 5.033197 -1.789676 2.601588 0.052693 -0.327151 0.943502 0.265137 0.140747 1 0 1.0
0 7.797679 -0.408007 2.926276 0.052693 -0.327151 0.943502 0.265137 0.140747 1 0 1.0
Default
0 -2.661112 -1.078048 2.324801 -0.077210 -0.352563 0.932597 0.265137 0.140747 1 0 1.0
0 0.609848 -1.496863 2.625889 -0.077210 -0.352563 0.932597 0.265137 0.140747 1 0 1.0
0 0.609865 -0.419231 2.844667 -0.077210 -0.352563 0.932597 0.265137 0.140747 1 0 1.0
Default
0 -2.661112 -0.342139 2.791624 -0.077210 -0.352563 0.932597 0.265137 0.140747 1 0 1.0
0 -2.661112 -1.078048 2.324801 -0.077210 -0.352563 0.932597 0.265137 0.140747 1 0 1.0
0 0.609865 -0.419231 2.844667 -0.077210 -0.352563 0.932597 0.265137 0.140747 1 0 1.0
Default
0 -4.597355 -0.973890 2.082209 -0.122767 -0.550791 0.825565 0.265137 0.140747 1 0 1.0
0 -2.661112 -1.078048 2.324801 -0.122767 -0.550791 0.825565 0.265137 0.140747 1 0 1.0
0 -2.661112 -0.342139 2.791624 -0.122767 -0.550791 0.825565 0.265137 0.140747 1 0 1.0
Default
0 -4.597355 -0.604651 2.352705 -0.122767 -0.550791 0.825565 0.265137 0.140747 1 0 1.0
0 -4.597355 -0.973890 2.082209 -0.122767 -0.550791 0.825565 0.265137 0.140747 1 0 1.0
0 -2.661112 -0.342139 2.791624 -0.122767 -0.550791 0.825565 0.265137 0.140747 1 0 1.0
Default
0 -9.259637 -0.582217 0.889049 -0.138549 -0.826110 0.546211 0.265137 0.140747 1 0 1.0
0 -7.597354 -0.788688 1.257289 -0.138549 -0.826110 0.546211 0.265137 0.140747 1 0 1.0
0 -7.597354 -0.342412 1.673385 -0.138549 -0.826110 0.546211 0.265137 0.140747 1 0 1.0
Default
0 -9.273636 -0.185220 1.744799 -0.138549 -0.826110 0.546211 0.265137 0.140747 1 0 1.0
0 -9.259637 -0.582217 0.889049 -0.138549 -0.826110 0.546211 0.265137 0.140747 1 0 1.0
0 -7.597354 -0.342412 1.673385 -0.138549 -0.826110 0.546211 0.265137 0.140747 1 0 1.0
Default
0 -10.611353 0.000000 2.033896 0.018857 -0.975049 0.221186 0.265137 0.140747 1 0 1.0
0 -15.851769 0.000000 2.841778 0.018857 -0.975049 0.221186 0.265137 0.140747 1 0 1.0
0 -15.093652 -0.103451 1.959983 0.018857 -0.975049 0.221186 0.265137 0.140747 1 0 1.0
Default
0 -10.597356 -0.271314 1.197796 0.018857 -0.975049 0.221186 0.265137 0.140747 1 0 1.0
0 -10.611353 0.000000 2.033896 0.018857 -0.975049 0.221186 0.265137 0.140747 1 0 1.0
0 -15.093652 -0.103451 1.959983 0.018857 -0.975049 0.221186 0.265137 0.140747 1 0 1.0
Default
0 15.821373 -0.783807 1.101063 0.368145 -0.146287 0.918188 0.265137 0.140747 1 0 1.0
0 15.580230 -0.251018 1.264002 0.368145 -0.146287 0.918188 0.265137 0.140747 1 0 1.0
0 14.417883 -0.492915 1.710135 0.368145 -0.146287 0.918188 0.265137 0.140747 1 0 1.0
Default
0 14.421412 -1.045518 1.602046 0.368145 -0.146287 0.918188 0.265137 0.140747 1 0 1.0
0 15.821373 -0.783807 1.101063 0.368145 -0.146287 0.918188 0.265137 0.140747 1 0 1.0
0 14.417883 -0.492915 1.710135 0.368145 -0.146287 0.918188 0.265137 0.140747 1 0 1.0
Default
0 12.764742 -2.975026 -1.221243 0.232544 -0.384111 -0.893522 0.077515 0.232178 1 0 1.0
0 10.415735 -2.946969 -1.897244 0.232544 -0.384111 -0.893522 0.077515 0.232178 1 0 1.0
0 10.402646 -1.743401 -2.365447 0.232544 -0.384111 -0.893522 0.077515 0.232178 1 0 1.0
Default
0 13.513593 -1.542652 -1.694705 0.232544 -0.384111 -0.893522 0.077515 0.232178 1 0 1.0
0 12.764742 -2.975026 -1.221243 0.232544 -0.384111 -0.893522 0.077515 0.232178 1 0 1.0
0 10.402646 -1.743401 -2.365447 0.232544 -0.384111 -0.893522 0.077515 0.232178 1 0 1.0
Default
0 13.513593 -1.542652 -1.694705 0.194057 -0.034922 -0.980368 0.077515 0.232178 1 0 1.0
0 10.402646 -1.743401 -2.365447 0.194057 -0.034922 -0.980368 0.077515 0.232178 1 0 1.0
0 10.402646 0.000000 -2.365447 0.194057 -0.034922 -0.980368 0.077515 0.232178 1 0 1.0
Default
0 13.188357 0.000000 -1.876136 0.194057 -0.034922 -0.980368 0.077515 0.232178 1 0 1.0
0 13.513593 -1.542652 -1.694705 0.194057 -0.034922 -0.980368 0.077515 0.232178 1 0 1.0
0 10.402646 0.000000 -2.365447 0.194057 -0.034922 -0.980368 0.077515 0.232178 1 0 1.0
Default
0 1.303117 -0.098515 4.120227 -0.938833 0.000000 -0.344373 0.265137 0.140747 1 0 1.0
0 0.878946 0.000000 5.276605 -0.938833 0.000000 -0.344373 0.265137 0.140747 1 0 1.0
0 1.303117 0.000000 4.120227 -0.938833 0.000000 -0.344373 0.265137 0.140747 1 0 1.0
Default
0 0.878946 0.000000 5.276605 -0.938833 0.000000 -0.344373 0.265137 0.140747 1 0 1.0
0 1.303117 0.098515 4.120227 -0.938833 0.000000 -0.344373 0.265137 0.140747 1 0 1.0
0 1.303117 0.000000 4.120227 -0.938833 0.000000 -0.344373 0.265137 0.140747 1 0 1.0
Default
0 2.973600 0.000000 5.193121 -0.051217 -0.989876 0.132373 0.265137 0.140747 1 0 1.0
0 1.303117 -0.098515 4.120227 -0.051217 -0.989876 0.132373 0.265137 0.140747 1 0 1.0
0 2.452405 -0.282034 2.882435 -0.051217 -0.989876 0.132373 0.265137 0.140747 1 0 1.0
Default
0 4.840040 -0.412436 3.141221 -0.051217 -0.989876 0.132373 0.265137 0.140747 1 0 1.0
0 2.973600 0.000000 5.193121 -0.051217 -0.989876 0.132373 0.265137 0.140747 1 0 1.0
0 2.452405 -0.282034 2.882435 -0.051217 -0.989876 0.132373 0.265137 0.140747 1 0 1.0
Default
0 2.452405 0.000000 2.881625 -0.000000 1.000000 0.000000 0.265137 0.140747 1 0 1.0
0 1.303117 0.000000 4.120227 -0.000000 1.000000 0.000000 0.265137 0.140747 1 0 1.0
0 4.828377 0.000000 3.141221 -0.000000 1.000000 0.000000 0.265137 0.140747 1 0 1.0
Default
0 1.303117 0.000000 4.120227 -0.000000 1.000000 0.000000 0.265137 0.140747 1 0 1.0
0 2.973600 0.000000 5.193121 -0.000000 1.000000 0.000000 0.265137 0.140747 1 0 1.0
0 4.828377 0.000000 3.141221 -0.000000 1.000000 0.000000 0.265137 0.140747 1 0 1.0
Default
0 1.303117 0.000000 4.120227 -0.000000 1.000000 0.000000 0.265137 0.140747 1 0 1.0
0 0.878946 0.000000 5.276605 -0.000000 1.000000 0.000000 0.265137 0.140747 1 0 1.0
0 2.973600 0.000000 5.193121 -0.000000 1.000000 0.000000 0.265137 0.140747 1 0 1.0
Default
0 0.878946 0.000000 5.276605 -0.000000 1.000000 0.000000 0.265137 0.140747 1 0 1.0
0 1.333174 0.000000 5.738513 -0.000000 1.000000 0.000000 0.265137 0.140747 1 0 1.0
0 2.973600 0.000000 5.193121 -0.000000 1.000000 0.000000 0.265137 0.140747 1 0 1.0
Default
0 4.828377 0.000000 3.141221 0.741679 0.020974 0.670427 0.265137 0.140747 1 0 1.0
0 2.973600 0.000000 5.193121 0.741679 0.020974 0.670427 0.265137 0.140747 1 0 1.0
0 4.840040 -0.412436 3.141221 0.741679 0.020974 0.670427 0.265137 0.140747 1 0 1.0
Default
0 2.973600 0.000000 5.193121 0.741679 0.020974 0.670427 0.265137 0.140747 1 0 1.0
0 4.828377 0.000000 3.141221 0.741679 0.020974 0.670427 0.265137 0.140747 1 0 1.0
0 4.840040 0.412436 3.141221 0.741679 -0.020974 0.670427 0.265137 0.140747 1 0 1.0
Default
0 1.333174 0.000000 5.738513 0.002420 -0.998152 0.060719 0.265137 0.140747 1 0 1.0
0 0.878946 0.000000 5.276605 0.002420 -0.998152 0.060719 0.265137 0.140747 1 0 1.0
0 1.303117 -0.098515 4.120227 0.002420 -0.998152 0.060719 0.265137 0.140747 1 0 1.0
Default
0 2.973600 0.000000 5.193121 0.002420 -0.998152 0.060719 0.265137 0.140747 1 0 1.0
0 1.333174 0.000000 5.738513 0.002420 -0.998152 0.060719 0.265137 0.140747 1 0 1.0
0 1.303117 -0.098515 4.120227 0.002420 -0.998152 0.060719 0.265137 0.140747 1 0 1.0
Default
0 0.609848 -1.496863 2.625889 -0.028986 -0.164257 0.985992 0.265137 0.140747 1 0 1.0
0 2.353027 -1.584442 2.701799 -0.028986 -0.164257 0.985992 0.265137 0.140747 1 0 1.0
0 2.452405 -0.282034 2.882435 -0.028986 -0.164257 0.985992 0.265137 0.140747 1 0 1.0
Default
0 0.609865 -0.419231 2.844667 -0.028986 -0.164257 0.985992 0.265137 0.140747 1 0 1.0
0 0.609848 -1.496863 2.625889 -0.028986 -0.164257 0.985992 0.265137 0.140747 1 0 1.0
0 2.452405 -0.282034 2.882435 -0.028986 -0.164257 0.985992 0.265137 0.140747 1 0 1.0
Default
0 -2.661112 -0.342139 2.791624 -0.008659 -0.194866 0.980792 0.265137 0.140747 1 0 1.0
0 0.609865 -0.419231 2.844667 -0.028986 -0.164257 0.985992 0.265137 0.140747 1 0 1.0
0 0.563863 0.000000 2.888073 -0.008659 -0.194866 0.980792 0.265137 0.140747 1 0 1.0
Default
0 -2.661111 0.000000 2.899083 -0.008659 -0.194866 0.980792 0.265137 0.140747 1 0 1.0
0 -2.661112 -0.342139 2.791624 -0.008659 -0.194866 0.980792 0.265137 0.140747 1 0 1.0
0 0.563863 0.000000 2.888073 -0.008659 -0.194866 0.980792 0.265137 0.140747 1 0 1.0
Default
0 0.622937 -1.758360 -2.289042 -0.088164 -0.436617 -0.895317 0.077515 0.232178 1 0 1.0
0 -2.648023 -1.339545 -2.056017 -0.088164 -0.436617 -0.895317 0.077515 0.232178 1 0 1.0
0 -2.661112 -0.740042 -2.462254 -0.088164 -0.436617 -0.895317 0.077515 0.232178 1 0 1.0
Default
0 0.609848 -0.740042 -2.669186 -0.088164 -0.436617 -0.895317 0.077515 0.232178 1 0 1.0
0 0.622937 -1.758360 -2.289042 -0.088164 -0.436617 -0.895317 0.077515 0.232178 1 0 1.0
0 -2.661112 -0.740042 -2.462254 -0.088164 -0.436617 -0.895317 0.077515 0.232178 1 0 1.0
Default
0 0.609848 -0.740042 -2.669186 -0.034870 -0.168213 -0.985134 0.077515 0.232178 1 0 1.0
0 -2.661112 -0.740042 -2.462254 -0.034870 -0.168213 -0.985134 0.077515 0.232178 1 0 1.0
0 -2.661112 -0.206210 -2.644560 -0.034870 -0.168213 -0.985134 0.077515 0.232178 1 0 1.0
Default
0 0.609848 -0.206210 -2.669186 -0.034870 -0.168213 -0.985134 0.077515 0.232178 1 0 1.0
0 0.609848 -0.740042 -2.669186 -0.034870 -0.168213 -0.985134 0.077515 0.232178 1 0 1.0
0 -2.661112 -0.206210 -2.644560 -0.034870 -0.168213 -0.985134 0.077515 0.232178 1 0 1.0
Default
0 0.609848 -1.496863 2.625889 -0.076177 -0.849256 0.522458 0.265137 0.140747 1 0 1.0
0 0.609848 -2.160756 1.510838 -0.076177 -0.849256 0.522458 0.265137 0.140747 1 0 1.0
0 2.353028 -2.312182 1.554750 -0.076177 -0.849256 0.522458 0.265137 0.140747 1 0 1.0
Default
0 2.353027 -1.584442 2.701799 -0.076177 -0.849256 0.522458 0.265137 0.140747 1 0 1.0
0 0.609848 -1.496863 2.625889 -0.076177 -0.849256 0.522458 0.265137 0.140747 1 0 1.0
0 2.353028 -2.312182 1.554750 -0.076177 -0.849256 0.522458 0.265137 0.140747 1 0 1.0
Default
0 -5.655963 -0.596860 -2.029473 -0.391535 0.000000 -0.920163 0.077515 0.232178 1 0 1.0
0 -7.597354 -0.334277 -1.203400 -0.391535 0.000000 -0.920163 0.077515 0.232178 1 0 1.0
0 -7.597354 -0.167138 -1.203400 -0.391535 0.000000 -0.920163 0.077515 0.232178 1 0 1.0
Default
0 -5.655963 -0.218109 -2.029473 -0.391535 0.000000 -0.920163 0.077515 0.232178 1 0 1.0
0 -5.655963 -0.596860 -2.029473 -0.391535 0.000000 -0.920163 0.077515 0.232178 1 0 1.0
0 -7.597354 -0.167138 -1.203400 -0.391535 0.000000 -0.920163 0.077515 0.232178 1 0 1.0
Default
0 -7.103794 -0.059172 2.728975 -0.062129 -0.992874 0.101690 0.265137 0.140747 1 0 1.0
0 -7.788169 -0.039637 2.187431 -0.062129 -0.992874 0.101690 0.265137 0.140747 1 0 1.0
0 -6.643938 -0.179555 1.834540 -0.062129 -0.992874 0.101690 0.265137 0.140747 1 0 1.0
Default
0 -4.597355 -0.206210 2.510533 -0.062129 -0.992874 0.101690 0.265137 0.140747 1 0 1.0
0 -7.103794 -0.059172 2.728975 -0.062129 -0.992874 0.101690 0.265137 0.140747 1 0 1.0
0 -6.643938 -0.179555 1.834540 -0.062129 -0.992874 0.101690 0.265137 0.140747 1 0 1.0
Default
0 -6.643938 -0.327840 1.834540 -0.166665 0.000000 0.986014 0.265137 0.140747 1 0 1.0
0 -6.643938 -0.179555 1.834540 -0.166665 0.000000 0.986014 0.265137 0.140747 1 0 1.0
0 -7.597354 -0.342412 1.673385 -0.166665 0.000000 0.986014 0.265137 0.140747 1 0 1.0
Default
0 -6.643938 -0.179555 1.834540 -0.166665 0.000000 0.986014 0.265137 0.140747 1 0 1.0
0 -7.597354 -0.167138 1.673385 -0.166665 0.000000 0.986014 0.265137 0.140747 1 0 1.0
0 -7.597354 -0.342412 1.673385 -0.166665 0.000000 0.986014 0.265137 0.140747 1 0 1.0
Default
0 -7.597354 -0.167138 1.673385 -0.166665 0.000000 0.986014 0.265137 0.140747 1 0 1.0
0 -6.643938 -0.179555 1.834540 -0.166665 0.000000 0.986014 0.265137 0.140747 1 0 1.0
0 -7.597354 0.000000 1.673385 -0.166665 0.000000 0.986014 0.265137 0.140747 1 0 1.0
Default
0 -6.643938 -0.179555 1.834540 -0.166665 0.000000 0.986014 0.265137 0.140747 1 0 1.0
0 -6.643938 0.000000 1.834540 -0.166665 0.000000 0.986014 0.265137 0.140747 1 0 1.0
0 -7.597354 0.000000 1.673385 -0.166665 0.000000 0.986014 0.265137 0.140747 1 0 1.0
Default
0 -6.643938 0.000000 1.834540 -0.166665 0.000000 0.986014 0.265137 0.140747 1 0 1.0
0 -6.643938 0.179555 1.834540 -0.166665 0.000000 0.986014 0.265137 0.140747 1 0 1.0
0 -7.597354 0.000000 1.673385 -0.166665 0.000000 0.986014 0.265137 0.140747 1 0 1.0
Default
0 -6.643938 0.179555 1.834540 -0.166665 0.000000 0.986014 0.265137 0.140747 1 0 1.0
0 -7.597354 0.167138 1.673385 -0.166665 0.000000 0.986014 0.265137 0.140747 1 0 1.0
0 -7.597354 0.000000 1.673385 -0.166665 0.000000 0.986014 0.265137 0.140747 1 0 1.0
Default
0 -7.597354 0.167138 1.673385 -0.166665 0.000000 0.986014 0.265137 0.140747 1 0 1.0
0 -6.643938 0.179555 1.834540 -0.166665 0.000000 0.986014 0.265137 0.140747 1 0 1.0
0 -7.597354 0.342412 1.673385 -0.166665 0.000000 0.986014 0.265137 0.140747 1 0 1.0
Default
0 -6.643938 0.179555 1.834540 -0.166665 0.000000 0.986014 0.265137 0.140747 1 0 1.0
0 -6.643938 0.327840 1.834540 -0.166665 0.000000 0.986014 0.265137 0.140747 1 0 1.0
0 -7.597354 0.342412 1.673385 -0.166665 0.000000 0.986014 0.265137 0.140747 1 0 1.0
Default
0 0.615625 -2.179015 -1.403611 -0.230359 -0.886428 -0.401473 0.077515 0.232178 1 0 1.0
0 0.622937 -1.758360 -2.289042 -0.230359 -0.886428 -0.401473 0.077515 0.232178 1 0 1.0
0 2.350021 -2.228971 -2.288481 -0.230359 -0.886428 -0.401473 0.077515 0.232178 1 0 1.0
Default
0 2.430189 -2.645528 -1.367203 -0.230359 -0.886428 -0.401473 0.077515 0.232178 1 0 1.0
0 0.615625 -2.179015 -1.403611 -0.230359 -0.886428 -0.401473 0.077515 0.232178 1 0 1.0
0 2.350021 -2.228971 -2.288481 -0.230359 -0.886428 -0.401473 0.077515 0.232178 1 0 1.0
Default
0 15.800753 -1.414803 0.517881 0.551317 -0.743893 0.377721 0.046509 0.229126 1 0 1.0
0 15.893843 -1.129591 0.801143 0.551317 -0.743893 0.377721 0.046509 0.229126 1 0 1.0
0 15.266452 -1.669965 0.795217 0.551317 -0.743893 0.377721 0.046509 0.229126 1 0 1.0
Default
0 15.416073 -1.687147 0.400424 0.551317 -0.743893 0.377721 0.046509 0.229126 1 0 1.0
0 15.800753 -1.414803 0.517881 0.551317 -0.743893 0.377721 0.046509 0.229126 1 0 1.0
0 15.266452 -1.669965 0.795217 0.551317 -0.743893 0.377721 0.046509 0.229126 1 0 1.0
Default
0 12.380892 -3.162702 -0.467507 0.377954 -0.924309 -0.052958 0.077515 0.232178 1 0 1.0
0 12.764742 -2.975026 -1.221243 0.377954 -0.924309 -0.052958 0.077515 0.232178 1 0 1.0
0 14.920095 -2.140673 -0.183673 0.377954 -0.924309 -0.052958 0.077515 0.232178 1 0 1.0
Default
0 14.613854 -2.295491 0.115272 0.377954 -0.924309 -0.052958 0.077515 0.232178 1 0 1.0
0 12.380892 -3.162702 -0.467507 0.377954 -0.924309 -0.052958 0.077515 0.232178 1 0 1.0
0 14.920095 -2.140673 -0.183673 0.377954 -0.924309 -0.052958 0.077515 0.232178 1 0 1.0
Default
0 7.803455 -3.106838 -1.434485 -0.052125 -0.815742 -0.576063 0.077515 0.232178 1 0 1.0
0 7.810768 -2.639664 -2.077105 -0.052125 -0.815742 -0.576063 0.077515 0.232178 1 0 1.0
0 10.415735 -2.946969 -1.897244 -0.052125 -0.815742 -0.576063 0.077515 0.232178 1 0 1.0
Default
0 10.408422 -3.555623 -1.015097 -0.052125 -0.815742 -0.576063 0.077515 0.232178 1 0 1.0
0 7.803455 -3.106838 -1.434485 -0.052125 -0.815742 -0.576063 0.077515 0.232178 1 0 1.0
0 10.415735 -2.946969 -1.897244 -0.052125 -0.815742 -0.576063 0.077515 0.232178 1 0 1.0
Default
0 5.513664 -3.111267 -1.497189 -0.008368 -0.759328 -0.650655 0.077515 0.232178 1 0 1.0
0 5.600228 -2.359591 -2.278201 -0.008368 -0.759328 -0.650655 0.077515 0.232178 1 0 1.0
0 7.810768 -2.639664 -2.077105 -0.008368 -0.759328 -0.650655 0.077515 0.232178 1 0 1.0
Default
0 7.803455 -3.106838 -1.434485 -0.008368 -0.759328 -0.650655 0.077515 0.232178 1 0 1.0
0 5.513664 -3.111267 -1.497189 -0.008368 -0.759328 -0.650655 0.077515 0.232178 1 0 1.0
0 7.810768 -2.639664 -2.077105 -0.008368 -0.759328 -0.650655 0.077515 0.232178 1 0 1.0
Default
0 2.430189 -2.645528 -1.367203 -0.087975 -0.821163 -0.563871 0.077515 0.232178 1 0 1.0
0 2.350021 -2.228971 -2.288481 -0.087975 -0.821163 -0.563871 0.077515 0.232178 1 0 1.0
0 5.600228 -2.359591 -2.278201 -0.087975 -0.821163 -0.563871 0.077515 0.232178 1 0 1.0
Default
0 5.513664 -3.111267 -1.497189 -0.087975 -0.821163 -0.563871 0.077515 0.232178 1 0 1.0
0 2.430189 -2.645528 -1.367203 -0.087975 -0.821163 -0.563871 0.077515 0.232178 1 0 1.0
0 5.600228 -2.359591 -2.278201 -0.087975 -0.821163 -0.563871 0.077515 0.232178 1 0 1.0
Default
0 0.615625 -2.179015 -1.403611 -0.132277 -0.875482 -0.464795 0.077515 0.232178 1 0 1.0
0 -2.655336 -1.760201 -1.352606 -0.131762 -0.885408 -0.445749 0.077515 0.232178 1 0 1.0
0 0.622937 -1.758360 -2.289042 -0.132277 -0.875482 -0.464795 0.077515 0.232178 1 0 1.0
Default
0 -2.655336 -1.760201 -1.352606 -0.131762 -0.885408 -0.445749 0.077515 0.232178 1 0 1.0
0 -2.648023 -1.339545 -2.056017 -0.131762 -0.885408 -0.445749 0.077515 0.232178 1 0 1.0
0 0.622937 -1.758360 -2.289042 -0.132277 -0.875482 -0.464795 0.077515 0.232178 1 0 1.0
Default
0 -2.655336 -1.760201 -1.352606 -0.131762 -0.885408 -0.445749 0.077515 0.232178 1 0 1.0
0 -4.591579 -1.519167 -1.081291 -0.131187 -0.894925 -0.426497 0.077515 0.232178 1 0 1.0
0 -2.648023 -1.339545 -2.056017 -0.131762 -0.885408 -0.445749 0.077515 0.232178 1 0 1.0
Default
0 -4.591579 -1.519167 -1.081291 -0.131187 -0.894925 -0.426497 0.077515 0.232178 1 0 1.0
0 -4.584266 -1.235386 -1.860508 -0.131187 -0.894925 -0.426497 0.077515 0.232178 1 0 1.0
0 -2.648023 -1.339545 -2.056017 -0.131762 -0.885408 -0.445749 0.077515 0.232178 1 0 1.0
Default
0 14.906969 -2.279493 0.091689 0.710827 -0.701576 0.050161 0.046509 0.229126 1 0 1.0
0 14.950513 -2.220655 -0.134308 0.710827 -0.701576 0.050161 0.046509 0.229126 1 0 1.0
0 15.500707 -1.687983 -0.048970 0.710827 -0.701576 0.050161 0.046509 0.229126 1 0 1.0
Default
0 15.452848 -1.683361 0.262011 0.710827 -0.701576 0.050161 0.046509 0.229126 1 0 1.0
0 14.906969 -2.279493 0.091689 0.710827 -0.701576 0.050161 0.046509 0.229126 1 0 1.0
0 15.500707 -1.687983 -0.048970 0.710827 -0.701576 0.050161 0.046509 0.229126 1 0 1.0
Default
0 14.956264 -2.411175 0.495214 0.846100 -0.526217 0.084908 0.046509 0.229126 1 0 1.0
0 14.915096 -2.323852 0.243978 0.846100 -0.526217 0.084908 0.046509 0.229126 1 0 1.0
0 15.416073 -1.687147 0.400424 0.846100 -0.526217 0.084908 0.046509 0.229126 1 0 1.0
Default
0 15.266452 -1.669965 0.795217 0.846100 -0.526217 0.084908 0.046509 0.229126 1 0 1.0
0 14.956264 -2.411175 0.495214 0.846100 -0.526217 0.084908 0.046509 0.229126 1 0 1.0
0 15.416073 -1.687147 0.400424 0.846100 -0.526217 0.084908 0.046509 0.229126 1 0 1.0
Default
0 15.580230 -0.251018 1.264002 0.381309 -0.064499 0.922195 0.265137 0.140747 1 0 1.0
0 15.580230 0.000000 1.264002 0.381309 -0.064499 0.922195 0.265137 0.140747 1 0 1.0
0 14.417883 0.000000 1.762166 0.381309 -0.064499 0.922195 0.265137 0.140747 1 0 1.0
Default
0 14.417883 -0.492915 1.710135 0.381309 -0.064499 0.922195 0.265137 0.140747 1 0 1.0
0 15.580230 -0.251018 1.264002 0.381309 -0.064499 0.922195 0.265137 0.140747 1 0 1.0
0 14.417883 0.000000 1.762166 0.381309 -0.064499 0.922195 0.265137 0.140747 1 0 1.0
Default
0 15.757090 -1.300615 -0.262169 0.547878 -0.698077 -0.460997 0.077515 0.232178 1 0 1.0
0 15.910973 -1.375801 0.052705 0.547878 -0.698077 -0.460997 0.077515 0.232178 1 0 1.0
0 15.486482 -1.623262 -0.095200 0.547878 -0.698077 -0.460997 0.077515 0.232178 1 0 1.0
Default
0 15.639871 -1.300615 -0.383341 0.547878 -0.698077 -0.460997 0.077515 0.232178 1 0 1.0
0 15.757090 -1.300615 -0.262169 0.547878 -0.698077 -0.460997 0.077515 0.232178 1 0 1.0
0 15.486482 -1.623262 -0.095200 0.547878 -0.698077 -0.460997 0.077515 0.232178 1 0 1.0
Default
0 15.874397 -1.412989 0.128737 0.564447 -0.814778 0.132423 0.046509 0.229126 1 0 1.0
0 15.807674 -1.410447 0.350228 0.564447 -0.814778 0.132423 0.046509 0.229126 1 0 1.0
0 15.452848 -1.683361 0.262011 0.564447 -0.814778 0.132423 0.046509 0.229126 1 0 1.0
Default
0 15.500707 -1.687983 -0.048970 0.564447 -0.814778 0.132423 0.046509 0.229126 1 0 1.0
0 15.874397 -1.412989 0.128737 0.564447 -0.814778 0.132423 0.046509 0.229126 1 0 1.0
0 15.452848 -1.683361 0.262011 0.564447 -0.814778 0.132423 0.046509 0.229126 1 0 1.0
Default
0 15.800753 -1.414803 0.517881 0.955319 0.012254 -0.295324 0.046509 0.229126 1 0 1.0
0 15.786266 0.000000 0.500023 0.955390 0.000000 -0.295346 0.046509 0.229126 1 0 1.0
0 15.893843 -1.129591 0.801143 0.955319 0.012254 -0.295324 0.046509 0.229126 1 0 1.0
Default
0 15.786266 0.000000 0.500023 0.955390 0.000000 -0.295346 0.046509 0.229126 1 0 1.0
0 15.873592 0.000000 0.812209 0.955390 0.000000 -0.295346 0.046509 0.229126 1 0 1.0
0 15.893843 -1.129591 0.801143 0.955319 0.012254 -0.295324 0.046509 0.229126 1 0 1.0
Default
0 15.873592 0.000000 0.812209 0.955390 0.000000 -0.295346 0.046509 0.229126 1 0 1.0
0 15.786266 0.000000 0.500023 0.955390 0.000000 -0.295346 0.046509 0.229126 1 0 1.0
0 15.893843 1.129591 0.801143 0.955319 -0.012254 -0.295324 0.046509 0.229126 1 0 1.0
Default
0 15.786266 0.000000 0.500023 0.955390 0.000000 -0.295346 0.046509 0.229126 1 0 1.0
0 15.800753 1.414803 0.517881 0.955319 -0.012254 -0.295324 0.046509 0.229126 1 0 1.0
0 15.893843 1.129591 0.801143 0.955319 -0.012254 -0.295324 0.046509 0.229126 1 0 1.0
Default
0 15.757090 0.000000 -0.262169 0.843622 -0.025492 -0.536332 0.077515 0.232178 1 0 1.0
0 15.910973 0.000000 -0.079330 0.848471 -0.026077 -0.528598 0.077515 0.232178 1 0 1.0
0 15.910973 -1.375801 0.052705 0.848471 -0.026077 -0.528598 0.077515 0.232178 1 0 1.0
Default
0 15.757090 -1.300615 -0.262169 0.843622 -0.025492 -0.536332 0.077515 0.232178 1 0 1.0
0 15.757090 0.000000 -0.262169 0.843622 -0.025492 -0.536332 0.077515 0.232178 1 0 1.0
0 15.910973 -1.375801 0.052705 0.848471 -0.026077 -0.528598 0.077515 0.232178 1 0 1.0
Default
0 15.639871 0.000000 -0.502424 0.838702 -0.024905 -0.544021 0.077515 0.232178 1 0 1.0
0 15.757090 0.000000 -0.262169 0.843622 -0.025492 -0.536332 0.077515 0.232178 1 0 1.0
0 15.757090 -1.300615 -0.262169 0.843622 -0.025492 -0.536332 0.077515 0.232178 1 0 1.0
Default
0 15.639871 -1.300615 -0.383341 0.838702 -0.024905 -0.544021 0.077515 0.232178 1 0 1.0
0 15.639871 0.000000 -0.502424 0.838702 -0.024905 -0.544021 0.077515 0.232178 1 0 1.0
0 15.757090 -1.300615 -0.262169 0.843622 -0.025492 -0.536332 0.077515 0.232178 1 0 1.0
Default
0 15.765690 0.000000 1.112278 0.612994 0.024426 0.789710 0.265137 0.140747 1 0 1.0
0 15.580230 0.000000 1.264002 0.612994 0.024426 0.789710 0.265137 0.140747 1 0 1.0
0 15.580230 -0.251018 1.264002 0.612994 0.024426 0.789710 0.265137 0.140747 1 0 1.0
Default
0 15.821373 -0.783807 1.101063 0.612994 0.024426 0.789710 0.265137 0.140747 1 0 1.0
0 15.765690 0.000000 1.112278 0.612994 0.024426 0.789710 0.265137 0.140747 1 0 1.0
0 15.580230 -0.251018 1.264002 0.612994 0.024426 0.789710 0.265137 0.140747 1 0 1.0
Default
0 15.874633 0.000000 0.001800 0.900302 0.052382 0.432102 0.046509 0.229126 1 0 1.0
0 15.780832 0.000000 0.110511 0.897649 0.065063 0.435881 0.046509 0.229126 1 0 1.0
0 15.807674 -1.410447 0.350228 0.897649 0.065063 0.435881 0.046509 0.229126 1 0 1.0
Default
0 15.874397 -1.412989 0.128737 0.900302 0.052382 0.432102 0.046509 0.229126 1 0 1.0
0 15.874633 0.000000 0.001800 0.900302 0.052382 0.432102 0.046509 0.229126 1 0 1.0
0 15.807674 -1.410447 0.350228 0.897649 0.065063 0.435881 0.046509 0.229126 1 0 1.0
Default
0 15.874397 -1.412989 0.128737 0.900302 0.052382 0.432102 0.046509 0.229126 1 0 1.0
0 15.910973 -1.375801 0.052705 0.902791 0.039691 0.428243 0.046509 0.229126 1 0 1.0
0 15.874633 0.000000 0.001800 0.900302 0.052382 0.432102 0.046509 0.229126 1 0 1.0
Default
0 15.910973 -1.375801 0.052705 0.902791 0.039691 0.428243 0.046509 0.229126 1 0 1.0
0 15.910973 0.000000 -0.079330 0.902791 0.039691 0.428243 0.046509 0.229126 1 0 1.0
0 15.874633 0.000000 0.001800 0.900302 0.052382 0.432102 0.046509 0.229126 1 0 1.0
Default
0 15.873184 0.000000 0.894039 0.942306 0.025866 0.333753 0.265137 0.140747 1 0 1.0
0 15.765690 0.000000 1.112278 0.942306 0.025866 0.333753 0.265137 0.140747 1 0 1.0
0 15.821373 -0.783807 1.101063 0.942306 0.025866 0.333753 0.265137 0.140747 1 0 1.0
Default
0 15.873184 -1.100040 0.894039 0.942306 0.025866 0.333753 0.265137 0.140747 1 0 1.0
0 15.873184 0.000000 0.894039 0.942306 0.025866 0.333753 0.265137 0.140747 1 0 1.0
0 15.821373 -0.783807 1.101063 0.942306 0.025866 0.333753 0.265137 0.140747 1 0 1.0
Default
0 15.873184 -1.100040 0.894039 0.689061 -0.721174 -0.071437 0.046509 0.229126 1 0 1.0
0 15.244832 -1.755600 0.860689 0.689061 -0.721174 -0.071437 0.046509 0.229126 1 0 1.0
0 15.266452 -1.669965 0.795217 0.689061 -0.721174 -0.071437 0.046509 0.229126 1 0 1.0
Default
0 15.893843 -1.129591 0.801143 0.689061 -0.721174 -0.071437 0.046509 0.229126 1 0 1.0
0 15.873184 -1.100040 0.894039 0.689061 -0.721174 -0.071437 0.046509 0.229126 1 0 1.0
0 15.266452 -1.669965 0.795217 0.689061 -0.721174 -0.071437 0.046509 0.229126 1 0 1.0
Default
0 15.244832 -1.755600 0.860689 0.820775 -0.507492 0.262261 0.046509 0.229126 1 0 1.0
0 14.916013 -2.362803 0.551269 0.820775 -0.507492 0.262261 0.046509 0.229126 1 0 1.0
0 14.956264 -2.411175 0.495214 0.820775 -0.507492 0.262261 0.046509 0.229126 1 0 1.0
Default
0 15.266452 -1.669965 0.795217 0.820775 -0.507492 0.262261 0.046509 0.229126 1 0 1.0
0 15.244832 -1.755600 0.860689 0.820775 -0.507492 0.262261 0.046509 0.229126 1 0 1.0
0 14.956264 -2.411175 0.495214 0.820775 -0.507492 0.262261 0.046509 0.229126 1 0 1.0
Default
0 14.613854 -2.295491 0.115272 0.453660 -0.190129 -0.870657 0.046509 0.229126 1 0 1.0
0 15.275270 -1.746180 0.305500 0.453660 -0.190129 -0.870657 0.046509 0.229126 1 0 1.0
0 15.416073 -1.687147 0.400424 0.453660 -0.190129 -0.870657 0.046509 0.229126 1 0 1.0
Default
0 14.915096 -2.323852 0.243978 0.453660 -0.190129 -0.870657 0.046509 0.229126 1 0 1.0
0 14.613854 -2.295491 0.115272 0.453660 -0.190129 -0.870657 0.046509 0.229126 1 0 1.0
0 15.416073 -1.687147 0.400424 0.453660 -0.190129 -0.870657 0.046509 0.229126 1 0 1.0
Default
0 14.685437 -2.530172 0.214730 -0.839788 0.076019 0.537565 0.268066 0.142334 1 0 1.0
0 14.731938 -2.555844 0.336560 -0.839788 0.076019 0.537565 0.268066 0.142334 1 0 1.0
0 14.916013 -2.362803 0.551269 -0.839788 0.076019 0.537565 0.268066 0.142334 1 0 1.0
Default
0 14.613854 -2.295491 0.115272 -0.839788 0.076019 0.537565 0.268066 0.142334 1 0 1.0
0 14.685437 -2.530172 0.214730 -0.839788 0.076019 0.537565 0.268066 0.142334 1 0 1.0
0 14.916013 -2.362803 0.551269 -0.839788 0.076019 0.537565 0.268066 0.142334 1 0 1.0
Default
0 15.275270 -1.746180 0.305500 0.338689 -0.825931 0.450696 0.046509 0.229126 1 0 1.0
0 15.541308 -1.655436 0.364426 0.338689 -0.825931 0.450696 0.046509 0.229126 1 0 1.0
0 15.800753 -1.414803 0.517881 0.338689 -0.825931 0.450696 0.046509 0.229126 1 0 1.0
Default
0 15.416073 -1.687147 0.400424 0.338689 -0.825931 0.450696 0.046509 0.229126 1 0 1.0
0 15.275270 -1.746180 0.305500 0.338689 -0.825931 0.450696 0.046509 0.229126 1 0 1.0
0 15.800753 -1.414803 0.517881 0.338689 -0.825931 0.450696 0.046509 0.229126 1 0 1.0
Default
0 15.873184 0.000000 0.894039 0.992977 0.000000 0.118306 0.048065 0.232178 1 0 1.0
0 15.873184 -1.100040 0.894039 0.992942 0.008431 0.118302 0.048065 0.232178 1 0 1.0
0 15.893843 -1.129591 0.801143 0.992942 0.008431 0.118302 0.048065 0.232178 1 0 1.0
Default
0 15.873592 0.000000 0.812209 0.992977 0.000000 0.118306 0.048065 0.232178 1 0 1.0
0 15.873184 0.000000 0.894039 0.992977 0.000000 0.118306 0.048065 0.232178 1 0 1.0
0 15.893843 -1.129591 0.801143 0.992942 0.008431 0.118302 0.048065 0.232178 1 0 1.0
Default
0 15.873184 0.000000 0.894039 0.992977 0.000000 0.118306 0.048065 0.232178 1 0 1.0
0 15.873592 0.000000 0.812209 0.992977 0.000000 0.118306 0.048065 0.232178 1 0 1.0
0 15.893843 1.129591 0.801143 0.992942 -0.008431 0.118302 0.048065 0.232178 1 0 1.0
Default
0 15.873184 1.100040 0.894039 0.992942 -0.008431 0.118302 0.048065 0.232178 1 0 1.0
0 15.873184 0.000000 0.894039 0.992977 0.000000 0.118306 0.048065 0.232178 1 0 1.0
0 15.893843 1.129591 0.801143 0.992942 -0.008431 0.118302 0.048065 0.232178 1 0 1.0
Default
0 15.153994 0.000000 0.247295 0.085900 0.112058 0.989982 0.044952 0.198120 1 0 1.0
0 15.153161 -1.177515 0.298258 0.085900 0.112058 0.989982 0.044952 0.198120 1 0 1.0
0 15.807674 -1.410447 0.350228 0.085900 0.112058 0.989982 0.044952 0.198120 1 0 1.0
Default
0 15.780832 0.000000 0.110511 0.085900 0.112058 0.989982 0.044952 0.198120 1 0 1.0
0 15.153994 0.000000 0.247295 0.085900 0.112058 0.989982 0.044952 0.198120 1 0 1.0
0 15.807674 -1.410447 0.350228 0.085900 0.112058 0.989982 0.044952 0.198120 1 0 1.0
Default
0 15.486482 -1.623262 -0.095200 0.610565 -0.659666 -0.438237 0.046509 0.229126 1 0 1.0
0 15.910973 -1.375801 0.052705 0.610565 -0.659666 -0.438237 0.046509 0.229126 1 0 1.0
0 15.874397 -1.412989 0.128737 0.610565 -0.659666 -0.438237 0.046509 0.229126 1 0 1.0
Default
0 15.500707 -1.687983 -0.048970 0.610565 -0.659666 -0.438237 0.046509 0.229126 1 0 1.0
0 15.486482 -1.623262 -0.095200 0.610565 -0.659666 -0.438237 0.046509 0.229126 1 0 1.0
0 15.874397 -1.412989 0.128737 0.610565 -0.659666 -0.438237 0.046509 0.229126 1 0 1.0
Default
0 14.920095 -2.140673 -0.183673 0.477870 -0.376788 -0.793518 0.046509 0.229126 1 0 1.0
0 15.486482 -1.623262 -0.095200 0.477870 -0.376788 -0.793518 0.046509 0.229126 1 0 1.0
0 15.500707 -1.687983 -0.048970 0.477870 -0.376788 -0.793518 0.046509 0.229126 1 0 1.0
Default
0 14.950513 -2.220655 -0.134308 0.477870 -0.376788 -0.793518 0.046509 0.229126 1 0 1.0
0 14.920095 -2.140673 -0.183673 0.477870 -0.376788 -0.793518 0.046509 0.229126 1 0 1.0
0 15.500707 -1.687983 -0.048970 0.477870 -0.376788 -0.793518 0.046509 0.229126 1 0 1.0
Default
0 15.275270 -1.746180 0.305500 0.202149 -0.481504 0.852813 0.046509 0.229126 1 0 1.0
0 14.613854 -2.295491 0.115272 0.202149 -0.481504 0.852813 0.046509 0.229126 1 0 1.0
0 14.906969 -2.279493 0.091689 0.202149 -0.481504 0.852813 0.046509 0.229126 1 0 1.0
Default
0 15.452848 -1.683361 0.262011 0.202149 -0.481504 0.852813 0.046509 0.229126 1 0 1.0
0 15.275270 -1.746180 0.305500 0.202149 -0.481504 0.852813 0.046509 0.229126 1 0 1.0
0 14.906969 -2.279493 0.091689 0.202149 -0.481504 0.852813 0.046509 0.229126 1 0 1.0
Default
0 14.613854 -2.295491 0.115272 -0.138419 -0.881682 -0.451084 0.046509 0.229126 1 0 1.0
0 14.920095 -2.140673 -0.183673 -0.138419 -0.881682 -0.451084 0.046509 0.229126 1 0 1.0
0 14.950513 -2.220655 -0.134308 -0.138419 -0.881682 -0.451084 0.046509 0.229126 1 0 1.0
Default
0 14.906969 -2.279493 0.091689 -0.138419 -0.881682 -0.451084 0.046509 0.229126 1 0 1.0
0 14.613854 -2.295491 0.115272 -0.138419 -0.881682 -0.451084 0.046509 0.229126 1 0 1.0
0 14.950513 -2.220655 -0.134308 -0.138419 -0.881682 -0.451084 0.046509 0.229126 1 0 1.0
Default
0 15.541308 -1.655436 0.364426 0.532282 -0.812352 -0.238246 0.046509 0.229126 1 0 1.0
0 15.275270 -1.746180 0.305500 0.532282 -0.812352 -0.238246 0.046509 0.229126 1 0 1.0
0 15.452848 -1.683361 0.262011 0.532282 -0.812352 -0.238246 0.046509 0.229126 1 0 1.0
Default
0 15.807674 -1.410447 0.350228 0.532282 -0.812352 -0.238246 0.046509 0.229126 1 0 1.0
0 15.541308 -1.655436 0.364426 0.532282 -0.812352 -0.238246 0.046509 0.229126 1 0 1.0
0 15.452848 -1.683361 0.262011 0.532282 -0.812352 -0.238246 0.046509 0.229126 1 0 1.0
Default
0 15.800753 -1.414803 0.517881 0.342365 -0.023133 -0.939282 0.044952 0.198120 1 0 1.0
0 15.153161 -1.177515 0.298258 0.342365 -0.023133 -0.939282 0.044952 0.198120 1 0 1.0
0 15.786266 0.000000 0.500023 0.342365 -0.023133 -0.939282 0.044952 0.198120 1 0 1.0
Default
0 15.153161 -1.177515 0.298258 0.342365 -0.023133 -0.939282 0.044952 0.198120 1 0 1.0
0 15.153994 0.000000 0.247295 0.342365 -0.023133 -0.939282 0.044952 0.198120 1 0 1.0
0 15.786266 0.000000 0.500023 0.342365 -0.023133 -0.939282 0.044952 0.198120 1 0 1.0
Default
0 15.153994 0.000000 0.247295 0.342365 -0.023133 -0.939282 0.044952 0.198120 1 0 1.0
0 15.153161 1.177515 0.298258 0.342365 0.023133 -0.939282 0.044952 0.198120 1 0 1.0
0 15.786266 0.000000 0.500023 0.342365 -0.023133 -0.939282 0.044952 0.198120 1 0 1.0
Default
0 15.153161 1.177515 0.298258 0.342365 0.023133 -0.939282 0.044952 0.198120 1 0 1.0
0 15.800753 1.414803 0.517881 0.342365 0.023133 -0.939282 0.044952 0.198120 1 0 1.0
0 15.786266 0.000000 0.500023 0.342365 -0.023133 -0.939282 0.044952 0.198120 1 0 1.0
Default
0 6.811232 -4.425657 -1.611135 -0.249307 0.829720 -0.499410 0.265137 0.140747 1 0 1.0
0 6.643695 -3.723553 0.004599 -0.249307 0.829720 -0.499410 0.265137 0.140747 1 0 1.0
0 7.898860 -3.132158 -0.005061 -0.249307 0.829720 -0.499410 0.265137 0.140747 1 0 1.0
Default
0 8.640965 -3.443021 -0.526366 -0.249307 0.829720 -0.499410 0.265137 0.140747 1 0 1.0
0 6.811232 -4.425657 -1.611135 -0.249307 0.829720 -0.499410 0.265137 0.140747 1 0 1.0
0 7.898860 -3.132158 -0.005061 -0.249307 0.829720 -0.499410 0.265137 0.140747 1 0 1.0
Default
0 6.723439 -3.818275 0.043440 0.252089 -0.831819 0.494499 0.265137 0.140747 1 0 1.0
0 6.825116 -4.568683 -1.635295 0.252089 -0.831819 0.494499 0.265137 0.140747 1 0 1.0
0 8.654848 -3.586047 -0.550526 0.252089 -0.831819 0.494499 0.265137 0.140747 1 0 1.0
Default
0 7.978605 -3.226880 0.033779 0.252089 -0.831819 0.494499 0.265137 0.140747 1 0 1.0
0 6.723439 -3.818275 0.043440 0.252089 -0.831819 0.494499 0.265137 0.140747 1 0 1.0
0 8.654848 -3.586047 -0.550526 0.252089 -0.831819 0.494499 0.265137 0.140747 1 0 1.0
Default
0 6.643695 -3.723553 0.004599 -0.126262 0.283504 0.950623 0.265137 0.140747 1 0 1.0
0 6.723439 -3.818275 0.043440 -0.126262 0.283504 0.950623 0.265137 0.140747 1 0 1.0
0 7.978605 -3.226880 0.033779 -0.126262 0.283504 0.950623 0.265137 0.140747 1 0 1.0
Default
0 7.898860 -3.132158 -0.005061 -0.126262 0.283504 0.950623 0.265137 0.140747 1 0 1.0
0 6.643695 -3.723553 0.004599 -0.126262 0.283504 0.950623 0.265137 0.140747 1 0 1.0
0 7.978605 -3.226880 0.033779 -0.126262 0.283504 0.950623 0.265137 0.140747 1 0 1.0
Default
0 6.825116 -4.568683 -1.635295 0.422816 0.190695 -0.885924 0.265137 0.140747 1 0 1.0
0 6.811232 -4.425657 -1.611135 0.422816 0.190695 -0.885924 0.265137 0.140747 1 0 1.0
0 8.640965 -3.443021 -0.526366 0.422816 0.190695 -0.885924 0.265137 0.140747 1 0 1.0
Default
0 8.654848 -3.586047 -0.550526 0.422816 0.190695 -0.885924 0.265137 0.140747 1 0 1.0
0 6.825116 -4.568683 -1.635295 0.422816 0.190695 -0.885924 0.265137 0.140747 1 0 1.0
0 8.640965 -3.443021 -0.526366 0.422816 0.190695 -0.885924 0.265137 0.140747 1 0 1.0
Default
0 2.452405 -0.282034 2.882435 -0.732984 -0.001447 -0.680244 0.265137 0.140747 1 0 1.0
0 1.303117 -0.098515 4.120227 -0.732984 -0.001447 -0.680244 0.265137 0.140747 1 0 1.0
0 1.303117 0.000000 4.120227 -0.732984 -0.001447 -0.680244 0.265137 0.140747 1 0 1.0
Default
0 2.452405 0.000000 2.881625 -0.732984 -0.001447 -0.680244 0.265137 0.140747 1 0 1.0
0 2.452405 -0.282034 2.882435 -0.732984 -0.001447 -0.680244 0.265137 0.140747 1 0 1.0
0 1.303117 0.000000 4.120227 -0.732984 -0.001447 -0.680244 0.265137 0.140747 1 0 1.0
Default
0 2.452405 0.282034 2.882435 -0.732984 0.001447 -0.680245 0.265137 0.140747 1 0 1.0
0 2.452405 0.000000 2.881625 -0.732984 -0.001447 -0.680244 0.265137 0.140747 1 0 1.0
0 1.303117 0.000000 4.120227 -0.732984 -0.001447 -0.680244 0.265137 0.140747 1 0 1.0
Default
0 1.303117 0.098515 4.120227 -0.732984 0.001447 -0.680245 0.265137 0.140747 1 0 1.0
0 2.452405 0.282034 2.882435 -0.732984 0.001447 -0.680245 0.265137 0.140747 1 0 1.0
0 1.303117 0.000000 4.120227 -0.732984 -0.001447 -0.680244 0.265137 0.140747 1 0 1.0
Default
0 2.452405 0.000000 2.881625 -0.006134 -0.061030 0.998117 0.265137 0.140747 1 0 1.0
0 0.563863 0.000000 2.888073 -0.006134 -0.061030 0.998117 0.265137 0.140747 1 0 1.0
0 0.609865 -0.419231 2.844667 -0.006134 -0.061030 0.998117 0.265137 0.140747 1 0 1.0
Default
0 2.452405 -0.282034 2.882435 -0.006134 -0.061030 0.998117 0.265137 0.140747 1 0 1.0
0 2.452405 0.000000 2.881625 -0.006134 -0.061030 0.998117 0.265137 0.140747 1 0 1.0
0 0.609865 -0.419231 2.844667 -0.006134 -0.061030 0.998117 0.265137 0.140747 1 0 1.0
Default
0 -4.597355 0.000000 2.510533 -0.173761 -0.189384 0.966406 0.265137 0.140747 1 0 1.0
0 -4.597355 -0.206210 2.510533 -0.173761 -0.189384 0.966406 0.265137 0.140747 1 0 1.0
0 -2.661112 -0.342139 2.791624 -0.173761 -0.189384 0.966406 0.265137 0.140747 1 0 1.0
Default
0 -2.661111 0.000000 2.899083 -0.173761 -0.189384 0.966406 0.265137 0.140747 1 0 1.0
0 -4.597355 0.000000 2.510533 -0.173761 -0.189384 0.966406 0.265137 0.140747 1 0 1.0
0 -2.661112 -0.342139 2.791624 -0.173761 -0.189384 0.966406 0.265137 0.140747 1 0 1.0
Default
0 15.486482 -1.623262 -0.095200 0.542329 -0.475186 -0.692876 0.077515 0.232178 1 0 1.0
0 14.920095 -2.140673 -0.183673 0.533797 -0.488530 -0.690216 0.077515 0.232178 1 0 1.0
0 13.513593 -1.542652 -1.694705 0.533797 -0.488530 -0.690216 0.077515 0.232178 1 0 1.0
Default
0 14.920095 -2.140673 -0.183673 0.533797 -0.488530 -0.690216 0.077515 0.232178 1 0 1.0
0 12.764742 -2.975026 -1.221243 0.525129 -0.501748 -0.687378 0.077515 0.232178 1 0 1.0
0 13.513593 -1.542652 -1.694705 0.533797 -0.488530 -0.690216 0.077515 0.232178 1 0 1.0
Default
0 10.402646 -3.602503 -0.405093 0.212068 -0.970349 -0.115976 0.268066 0.142334 1 0 1.0
0 10.408422 -3.555623 -1.015097 0.212068 -0.970349 -0.115976 0.268066 0.142334 1 0 1.0
0 12.380892 -3.162702 -0.467507 0.212068 -0.970349 -0.115976 0.268066 0.142334 1 0 1.0
Default
0 12.223781 -3.279236 -0.008110 0.212068 -0.970349 -0.115976 0.268066 0.142334 1 0 1.0
0 10.402646 -3.602503 -0.405093 0.212068 -0.970349 -0.115976 0.268066 0.142334 1 0 1.0
0 12.380892 -3.162702 -0.467507 0.212068 -0.970349 -0.115976 0.268066 0.142334 1 0 1.0
Default
0 10.402646 -0.684304 2.541768 0.201126 -0.353214 0.913667 0.265137 0.140747 1 0 1.0
0 10.402646 -1.788532 2.119591 0.201126 -0.353214 0.913667 0.265137 0.140747 1 0 1.0
0 11.835647 -1.513970 1.905581 0.201126 -0.353214 0.913667 0.265137 0.140747 1 0 1.0
Default
0 11.801529 -0.608454 2.267860 0.201126 -0.353214 0.913667 0.265137 0.140747 1 0 1.0
0 10.402646 -0.684304 2.541768 0.201126 -0.353214 0.913667 0.265137 0.140747 1 0 1.0
0 11.835647 -1.513970 1.905581 0.201126 -0.353214 0.913667 0.265137 0.140747 1 0 1.0
Default
0 10.402646 -1.788532 2.119591 0.168654 -0.480731 0.860496 0.265137 0.140747 1 0 1.0
0 10.402646 -2.799919 1.468027 0.168654 -0.480731 0.860496 0.265137 0.140747 1 0 1.0
0 11.967460 -2.508816 1.410493 0.168654 -0.480731 0.860496 0.265137 0.140747 1 0 1.0
Default
0 11.835647 -1.513970 1.905581 0.168654 -0.480731 0.860496 0.265137 0.140747 1 0 1.0
0 10.402646 -1.788532 2.119591 0.168654 -0.480731 0.860496 0.265137 0.140747 1 0 1.0
0 11.967460 -2.508816 1.410493 0.168654 -0.480731 0.860496 0.265137 0.140747 1 0 1.0
Default
0 10.408422 -3.555623 -1.015097 0.187370 -0.900092 -0.393353 0.077515 0.232178 1 0 1.0
0 10.415735 -2.946969 -1.897244 0.187370 -0.900092 -0.393353 0.077515 0.232178 1 0 1.0
0 12.764742 -2.975026 -1.221243 0.187370 -0.900092 -0.393353 0.077515 0.232178 1 0 1.0
Default
0 12.380892 -3.162702 -0.467507 0.187370 -0.900092 -0.393353 0.077515 0.232178 1 0 1.0
0 10.408422 -3.555623 -1.015097 0.187370 -0.900092 -0.393353 0.077515 0.232178 1 0 1.0
0 12.764742 -2.975026 -1.221243 0.187370 -0.900092 -0.393353 0.077515 0.232178 1 0 1.0
Default
0 -6.643938 -0.327840 1.834540 -0.288105 -0.265593 0.920031 0.265137 0.140747 1 0 1.0
0 -4.597355 -0.604651 2.352705 -0.288105 -0.265593 0.920031 0.265137 0.140747 1 0 1.0
0 -4.597355 -0.206210 2.510533 -0.288105 -0.265593 0.920031 0.265137 0.140747 1 0 1.0
Default
0 -6.643938 -0.179555 1.834540 -0.288105 -0.265593 0.920031 0.265137 0.140747 1 0 1.0
0 -6.643938 -0.327840 1.834540 -0.288105 -0.265593 0.920031 0.265137 0.140747 1 0 1.0
0 -4.597355 -0.206210 2.510533 -0.288105 -0.265593 0.920031 0.265137 0.140747 1 0 1.0
Default
0 -7.788169 -0.039637 2.187431 -0.620525 0.000000 0.784187 0.265137 0.140747 1 0 1.0
0 -7.103794 -0.059172 2.728975 -0.620525 0.000000 0.784187 0.265137 0.140747 1 0 1.0
0 -7.103794 0.000000 2.728975 -0.620525 0.000000 0.784187 0.265137 0.140747 1 0 1.0
Default
0 -7.788169 0.000000 2.187431 -0.620525 0.000000 0.784187 0.265137 0.140747 1 0 1.0
0 -7.788169 -0.039637 2.187431 -0.620525 0.000000 0.784187 0.265137 0.140747 1 0 1.0
0 -7.103794 0.000000 2.728975 -0.620525 0.000000 0.784187 0.265137 0.140747 1 0 1.0
Default
0 -7.788169 0.039637 2.187431 -0.620525 0.000000 0.784187 0.265137 0.140747 1 0 1.0
0 -7.788169 0.000000 2.187431 -0.620525 0.000000 0.784187 0.265137 0.140747 1 0 1.0
0 -7.103794 0.000000 2.728975 -0.620525 0.000000 0.784187 0.265137 0.140747 1 0 1.0
Default
0 -7.103794 0.059172 2.728975 -0.620525 0.000000 0.784187 0.265137 0.140747 1 0 1.0
0 -7.788169 0.039637 2.187431 -0.620525 0.000000 0.784187 0.265137 0.140747 1 0 1.0
0 -7.103794 0.000000 2.728975 -0.620525 0.000000 0.784187 0.265137 0.140747 1 0 1.0
Default
0 -6.643938 -0.179555 1.834540 -0.294712 0.000000 -0.955586 0.265137 0.140747 1 0 1.0
0 -7.788169 -0.039637 2.187431 -0.294712 0.000000 -0.955586 0.265137 0.140747 1 0 1.0
0 -6.643938 0.000000 1.834540 -0.294712 0.000000 -0.955586 0.265137 0.140747 1 0 1.0
Default
0 -7.788169 -0.039637 2.187431 -0.294712 0.000000 -0.955586 0.265137 0.140747 1 0 1.0
0 -7.788169 0.000000 2.187431 -0.294712 0.000000 -0.955586 0.265137 0.140747 1 0 1.0
0 -6.643938 0.000000 1.834540 -0.294712 0.000000 -0.955586 0.265137 0.140747 1 0 1.0
Default
0 -7.788169 0.000000 2.187431 -0.294712 0.000000 -0.955586 0.265137 0.140747 1 0 1.0
0 -7.788169 0.039637 2.187431 -0.294712 0.000000 -0.955586 0.265137 0.140747 1 0 1.0
0 -6.643938 0.000000 1.834540 -0.294712 0.000000 -0.955586 0.265137 0.140747 1 0 1.0
Default
0 -7.788169 0.039637 2.187431 -0.294712 0.000000 -0.955586 0.265137 0.140747 1 0 1.0
0 -6.643938 0.179555 1.834540 -0.294712 0.000000 -0.955586 0.265137 0.140747 1 0 1.0
0 -6.643938 0.000000 1.834540 -0.294712 0.000000 -0.955586 0.265137 0.140747 1 0 1.0
Default
0 -7.103794 0.000000 2.728975 0.086823 0.000000 0.996224 0.265137 0.140747 1 0 1.0
0 -7.103794 -0.059172 2.728975 0.086823 0.000000 0.996224 0.265137 0.140747 1 0 1.0
0 -4.597355 -0.206210 2.510533 0.086823 0.000000 0.996224 0.265137 0.140747 1 0 1.0
Default
0 -4.597355 0.000000 2.510533 0.086823 0.000000 0.996224 0.265137 0.140747 1 0 1.0
0 -7.103794 0.000000 2.728975 0.086823 0.000000 0.996224 0.265137 0.140747 1 0 1.0
0 -4.597355 -0.206210 2.510533 0.086823 0.000000 0.996224 0.265137 0.140747 1 0 1.0
Default
0 -7.103794 0.000000 2.728975 0.086823 0.000000 0.996224 0.265137 0.140747 1 0 1.0
0 -4.597355 0.000000 2.510533 0.086823 0.000000 0.996224 0.265137 0.140747 1 0 1.0
0 -4.597355 0.206210 2.510533 0.086823 0.000000 0.996224 0.265137 0.140747 1 0 1.0
Default
0 -7.103794 0.059172 2.728975 0.086823 0.000000 0.996224 0.265137 0.140747 1 0 1.0
0 -7.103794 0.000000 2.728975 0.086823 0.000000 0.996224 0.265137 0.140747 1 0 1.0
0 -4.597355 0.206210 2.510533 0.086823 0.000000 0.996224 0.265137 0.140747 1 0 1.0
Default
0 -8.672356 -0.167138 -1.654035 -0.011934 -0.999138 0.039762 0.265137 0.140747 1 0 1.0
0 -8.976282 -0.218109 -2.898068 -0.011934 -0.999138 0.039762 0.265137 0.140747 1 0 1.0
0 -5.655963 -0.218109 -2.029473 -0.011934 -0.999138 0.039762 0.265137 0.140747 1 0 1.0
Default
0 -7.597354 -0.167138 -1.203400 -0.011934 -0.999138 0.039762 0.265137 0.140747 1 0 1.0
0 -8.672356 -0.167138 -1.654035 -0.011934 -0.999138 0.039762 0.265137 0.140747 1 0 1.0
0 -5.655963 -0.218109 -2.029473 -0.011934 -0.999138 0.039762 0.265137 0.140747 1 0 1.0
Default
0 -2.661112 -0.206210 -2.644560 0.443202 0.000000 -0.896422 0.265137 0.140747 1 0 1.0
0 -6.030032 -0.206210 -4.310195 0.443202 0.000000 -0.896422 0.265137 0.140747 1 0 1.0
0 -2.661112 0.000000 -2.644560 0.443202 0.000000 -0.896422 0.265137 0.140747 1 0 1.0
Default
0 -6.030032 -0.206210 -4.310195 0.443202 0.000000 -0.896422 0.265137 0.140747 1 0 1.0
0 -6.030032 0.000000 -4.310195 0.443202 0.000000 -0.896422 0.265137 0.140747 1 0 1.0
0 -2.661112 0.000000 -2.644560 0.443202 0.000000 -0.896422 0.265137 0.140747 1 0 1.0
Default
0 -6.030032 0.000000 -4.310195 0.443202 0.000000 -0.896422 0.265137 0.140747 1 0 1.0
0 -6.030032 0.206210 -4.310195 0.443202 0.000000 -0.896422 0.265137 0.140747 1 0 1.0
0 -2.661112 0.000000 -2.644560 0.443202 0.000000 -0.896422 0.265137 0.140747 1 0 1.0
Default
0 -6.030032 0.206210 -4.310195 0.443202 0.000000 -0.896422 0.265137 0.140747 1 0 1.0
0 -2.661112 0.206210 -2.644560 0.443202 0.000000 -0.896422 0.265137 0.140747 1 0 1.0
0 -2.661112 0.000000 -2.644560 0.443202 0.000000 -0.896422 0.265137 0.140747 1 0 1.0
Default
0 -8.063475 -0.206210 -4.012304 -0.773563 0.000000 -0.633720 0.265137 0.140747 1 0 1.0
0 -8.976282 -0.218109 -2.898068 -0.773563 0.000000 -0.633720 0.265137 0.140747 1 0 1.0
0 -8.976282 0.000000 -2.898068 -0.773563 0.000000 -0.633720 0.265137 0.140747 1 0 1.0
Default
0 -8.063475 0.000000 -4.012304 -0.773563 0.000000 -0.633720 0.265137 0.140747 1 0 1.0
0 -8.063475 -0.206210 -4.012304 -0.773563 0.000000 -0.633720 0.265137 0.140747 1 0 1.0
0 -8.976282 0.000000 -2.898068 -0.773563 0.000000 -0.633720 0.265137 0.140747 1 0 1.0
Default
0 -8.063475 0.206210 -4.012304 -0.773563 0.000000 -0.633720 0.265137 0.140747 1 0 1.0
0 -8.063475 0.000000 -4.012304 -0.773563 0.000000 -0.633720 0.265137 0.140747 1 0 1.0
0 -8.976282 0.000000 -2.898068 -0.773563 0.000000 -0.633720 0.265137 0.140747 1 0 1.0
Default
0 -8.976282 0.218109 -2.898068 -0.773563 0.000000 -0.633720 0.265137 0.140747 1 0 1.0
0 -8.063475 0.206210 -4.012304 -0.773563 0.000000 -0.633720 0.265137 0.140747 1 0 1.0
0 -8.976282 0.000000 -2.898068 -0.773563 0.000000 -0.633720 0.265137 0.140747 1 0 1.0
Default
0 -4.597355 -0.740042 -2.178007 -0.259159 -0.261003 -0.929900 0.077515 0.232178 1 0 1.0
0 -5.655963 -0.596860 -2.029473 -0.259159 -0.261003 -0.929900 0.077515 0.232178 1 0 1.0
0 -5.655963 -0.218109 -2.029473 -0.259159 -0.261003 -0.929900 0.077515 0.232178 1 0 1.0
Default
0 -4.597355 -0.206210 -2.434149 -0.259159 -0.261003 -0.929900 0.077515 0.232178 1 0 1.0
0 -4.597355 -0.740042 -2.178007 -0.259159 -0.261003 -0.929900 0.077515 0.232178 1 0 1.0
0 -5.655963 -0.218109 -2.029473 -0.259159 -0.261003 -0.929900 0.077515 0.232178 1 0 1.0
Default
0 -6.030032 -0.206210 -4.310195 -0.144948 0.000000 -0.989439 0.265137 0.140747 1 0 1.0
0 -8.063475 -0.206210 -4.012304 -0.144948 0.000000 -0.989439 0.265137 0.140747 1 0 1.0
0 -6.030032 0.000000 -4.310195 -0.144948 0.000000 -0.989439 0.265137 0.140747 1 0 1.0
Default
0 -8.063475 -0.206210 -4.012304 -0.144948 0.000000 -0.989439 0.265137 0.140747 1 0 1.0
0 -8.063475 0.000000 -4.012304 -0.144948 0.000000 -0.989439 0.265137 0.140747 1 0 1.0
0 -6.030032 0.000000 -4.310195 -0.144948 0.000000 -0.989439 0.265137 0.140747 1 0 1.0
Default
0 -8.063475 0.000000 -4.012304 -0.144948 0.000000 -0.989439 0.265137 0.140747 1 0 1.0
0 -8.063475 0.206210 -4.012304 -0.144948 0.000000 -0.989439 0.265137 0.140747 1 0 1.0
0 -6.030032 0.000000 -4.310195 -0.144948 0.000000 -0.989439 0.265137 0.140747 1 0 1.0
Default
0 -8.063475 0.206210 -4.012304 -0.144948 0.000000 -0.989439 0.265137 0.140747 1 0 1.0
0 -6.030032 0.206210 -4.310195 -0.144948 0.000000 -0.989439 0.265137 0.140747 1 0 1.0
0 -6.030032 0.000000 -4.310195 -0.144948 0.000000 -0.989439 0.265137 0.140747 1 0 1.0
Default
0 -8.976282 -0.218109 -2.898068 -0.971430 0.000000 0.237327 0.265137 0.140747 1 0 1.0
0 -8.672356 -0.167138 -1.654035 -0.971430 0.000000 0.237327 0.265137 0.140747 1 0 1.0
0 -8.672356 0.000000 -1.654035 -0.971430 0.000000 0.237327 0.265137 0.140747 1 0 1.0
Default
0 -8.976282 0.000000 -2.898068 -0.971430 0.000000 0.237327 0.265137 0.140747 1 0 1.0
0 -8.976282 -0.218109 -2.898068 -0.971430 0.000000 0.237327 0.265137 0.140747 1 0 1.0
0 -8.672356 0.000000 -1.654035 -0.971430 0.000000 0.237327 0.265137 0.140747 1 0 1.0
Default
0 -8.976282 0.218109 -2.898068 -0.971430 0.000000 0.237327 0.265137 0.140747 1 0 1.0
0 -8.976282 0.000000 -2.898068 -0.971430 0.000000 0.237327 0.265137 0.140747 1 0 1.0
0 -8.672356 0.000000 -1.654035 -0.971430 0.000000 0.237327 0.265137 0.140747 1 0 1.0
Default
0 -8.672356 0.167138 -1.654035 -0.971430 0.000000 0.237327 0.265137 0.140747 1 0 1.0
0 -8.976282 0.218109 -2.898068 -0.971430 0.000000 0.237327 0.265137 0.140747 1 0 1.0
0 -8.672356 0.000000 -1.654035 -0.971430 0.000000 0.237327 0.265137 0.140747 1 0 1.0
Default
0 -8.063475 -0.206210 -4.012304 0.001924 -0.999984 -0.005336 0.265137 0.140747 1 0 1.0
0 -6.030032 -0.206210 -4.310195 -0.000000 -1.000000 0.000000 0.265137 0.140747 1 0 1.0
0 -2.661112 -0.206210 -2.644560 -0.000000 -1.000000 0.000000 0.265137 0.140747 1 0 1.0
Default
0 -4.597355 -0.206210 -2.434149 0.001924 -0.999984 -0.005336 0.265137 0.140747 1 0 1.0
0 -8.063475 -0.206210 -4.012304 0.001924 -0.999984 -0.005336 0.265137 0.140747 1 0 1.0
0 -2.661112 -0.206210 -2.644560 -0.000000 -1.000000 0.000000 0.265137 0.140747 1 0 1.0
Default
0 -8.976282 -0.218109 -2.898068 0.003848 -0.999936 -0.010673 0.265137 0.140747 1 0 1.0
0 -8.063475 -0.206210 -4.012304 0.001924 -0.999984 -0.005336 0.265137 0.140747 1 0 1.0
0 -4.597355 -0.206210 -2.434149 0.001924 -0.999984 -0.005336 0.265137 0.140747 1 0 1.0
Default
0 -5.655963 -0.218109 -2.029473 0.003848 -0.999936 -0.010673 0.265137 0.140747 1 0 1.0
0 -8.976282 -0.218109 -2.898068 0.003848 -0.999936 -0.010673 0.265137 0.140747 1 0 1.0
0 -4.597355 -0.206210 -2.434149 0.001924 -0.999984 -0.005336 0.265137 0.140747 1 0 1.0
Default
0 1.113411 -1.648661 -4.850453 0.077787 0.892850 -0.443584 0.265137 0.140747 1 0 1.0
0 -0.281924 -0.946557 -3.593372 0.077787 0.892850 -0.443584 0.265137 0.140747 1 0 1.0
0 0.841275 -0.541347 -2.669363 0.077787 0.892850 -0.443584 0.265137 0.140747 1 0 1.0
Default
0 1.893712 -0.666026 -2.647194 0.077787 0.892850 -0.443584 0.265137 0.140747 1 0 1.0
0 1.113411 -1.648661 -4.850453 0.077787 0.892850 -0.443584 0.265137 0.140747 1 0 1.0
0 0.841275 -0.541347 -2.669363 0.077787 0.892850 -0.443584 0.265137 0.140747 1 0 1.0
Default
0 -0.267429 -1.041279 -3.505865 -0.079011 -0.892459 0.444155 0.265137 0.140747 1 0 1.0
0 1.141149 -1.791687 -4.853119 -0.079011 -0.892459 0.444155 0.265137 0.140747 1 0 1.0
0 1.921449 -0.809052 -2.649860 -0.079011 -0.892459 0.444155 0.265137 0.140747 1 0 1.0
Default
0 0.855771 -0.636069 -2.581856 -0.079011 -0.892459 0.444155 0.265137 0.140747 1 0 1.0
0 -0.267429 -1.041279 -3.505865 -0.079011 -0.892459 0.444155 0.265137 0.140747 1 0 1.0
0 1.921449 -0.809052 -2.649860 -0.079011 -0.892459 0.444155 0.265137 0.140747 1 0 1.0
Default
0 1.141149 -1.791687 -4.853119 0.898631 0.181718 -0.399301 0.265137 0.140747 1 0 1.0
0 1.113411 -1.648661 -4.850453 0.898631 0.181718 -0.399301 0.265137 0.140747 1 0 1.0
0 1.893712 -0.666026 -2.647194 0.898631 0.181718 -0.399301 0.265137 0.140747 1 0 1.0
Default
0 1.921449 -0.809052 -2.649860 0.898631 0.181718 -0.399301 0.265137 0.140747 1 0 1.0
0 1.141149 -1.791687 -4.853119 0.898631 0.181718 -0.399301 0.265137 0.140747 1 0 1.0
0 1.893712 -0.666026 -2.647194 0.898631 0.181718 -0.399301 0.265137 0.140747 1 0 1.0
Default
0 -0.281924 -0.946557 -3.593372 -0.657979 0.454198 0.600639 0.265137 0.140747 1 0 1.0
0 -0.267429 -1.041279 -3.505865 -0.657979 0.454198 0.600639 0.265137 0.140747 1 0 1.0
0 0.855771 -0.636069 -2.581856 -0.657979 0.454198 0.600639 0.265137 0.140747 1 0 1.0
Default
0 0.841275 -0.541347 -2.669363 -0.657979 0.454198 0.600639 0.265137 0.140747 1 0 1.0
0 -0.281924 -0.946557 -3.593372 -0.657979 0.454198 0.600639 0.265137 0.140747 1 0 1.0
0 0.855771 -0.636069 -2.581856 -0.657979 0.454198 0.600639 0.265137 0.140747 1 0 1.0
Default
0 -0.663975 -1.490215 -4.650497 -0.951714 0.116678 0.283950 0.265137 0.140747 1 0 1.0
0 -0.649479 -1.584936 -4.562990 -0.951714 0.116678 0.283950 0.265137 0.140747 1 0 1.0
0 -0.267429 -1.041279 -3.505865 -0.951714 0.116678 0.283950 0.265137 0.140747 1 0 1.0
Default
0 -0.281924 -0.946557 -3.593372 -0.951714 0.116678 0.283950 0.265137 0.140747 1 0 1.0
0 -0.663975 -1.490215 -4.650497 -0.951714 0.116678 0.283950 0.265137 0.140747 1 0 1.0
0 -0.267429 -1.041279 -3.505865 -0.951714 0.116678 0.283950 0.265137 0.140747 1 0 1.0
Default
0 -0.108951 -2.058451 -5.738513 0.555944 0.123142 -0.822047 0.265137 0.140747 1 0 1.0
0 -0.136688 -1.915424 -5.735846 0.555944 0.123142 -0.822047 0.265137 0.140747 1 0 1.0
0 1.113411 -1.648661 -4.850453 0.555944 0.123142 -0.822047 0.265137 0.140747 1 0 1.0
Default
0 1.141149 -1.791687 -4.853119 0.555944 0.123142 -0.822047 0.265137 0.140747 1 0 1.0
0 -0.108951 -2.058451 -5.738513 0.555944 0.123142 -0.822047 0.265137 0.140747 1 0 1.0
0 1.113411 -1.648661 -4.850453 0.555944 0.123142 -0.822047 0.265137 0.140747 1 0 1.0
Default
0 -0.136688 -1.915424 -5.735846 0.035152 0.911493 -0.409811 0.265137 0.140747 1 0 1.0
0 -0.663975 -1.490215 -4.650497 0.035152 0.911493 -0.409811 0.265137 0.140747 1 0 1.0
0 -0.281924 -0.946557 -3.593372 0.035152 0.911493 -0.409811 0.265137 0.140747 1 0 1.0
Default
0 1.113411 -1.648661 -4.850453 0.035152 0.911493 -0.409811 0.265137 0.140747 1 0 1.0
0 -0.136688 -1.915424 -5.735846 0.035152 0.911493 -0.409811 0.265137 0.140747 1 0 1.0
0 -0.281924 -0.946557 -3.593372 0.035152 0.911493 -0.409811 0.265137 0.140747 1 0 1.0
Default
0 -0.649479 -1.584936 -4.562990 -0.038353 -0.910363 0.412030 0.265137 0.140747 1 0 1.0
0 -0.108951 -2.058451 -5.738513 -0.038353 -0.910363 0.412030 0.265137 0.140747 1 0 1.0
0 1.141149 -1.791687 -4.853119 -0.038353 -0.910363 0.412030 0.265137 0.140747 1 0 1.0
Default
0 -0.267429 -1.041279 -3.505865 -0.038353 -0.910363 0.412030 0.265137 0.140747 1 0 1.0
0 -0.649479 -1.584936 -4.562990 -0.038353 -0.910363 0.412030 0.265137 0.140747 1 0 1.0
0 1.141149 -1.791687 -4.853119 -0.038353 -0.910363 0.412030 0.265137 0.140747 1 0 1.0
Default
0 10.402646 -2.799919 1.468027 0.118238 -0.892330 0.435622 0.265137 0.140747 1 0 1.0
0 10.402646 -3.602503 -0.405093 0.118238 -0.892330 0.435622 0.265137 0.140747 1 0 1.0
0 12.223781 -3.279236 -0.008110 0.118238 -0.892330 0.435622 0.265137 0.140747 1 0 1.0
Default
0 11.967460 -2.508816 1.410493 0.118238 -0.892330 0.435622 0.265137 0.140747 1 0 1.0
0 10.402646 -2.799919 1.468027 0.118238 -0.892330 0.435622 0.265137 0.140747 1 0 1.0
0 12.223781 -3.279236 -0.008110 0.118238 -0.892330 0.435622 0.265137 0.140747 1 0 1.0
Default
0 0.609848 -2.160756 1.510838 -0.120972 -0.963875 0.237298 0.265137 0.140747 1 0 1.0
0 0.609848 -2.552792 -0.311236 -0.120972 -0.963875 0.237298 0.265137 0.140747 1 0 1.0
0 2.533479 -2.847419 -0.297655 -0.120972 -0.963875 0.237298 0.265137 0.140747 1 0 1.0
Default
0 2.353028 -2.312182 1.554750 -0.120972 -0.963875 0.237298 0.265137 0.140747 1 0 1.0
0 0.609848 -2.160756 1.510838 -0.120972 -0.963875 0.237298 0.265137 0.140747 1 0 1.0
0 2.533479 -2.847419 -0.297655 -0.120972 -0.963875 0.237298 0.265137 0.140747 1 0 1.0
Default
0 7.797679 -2.782131 1.647231 -0.000964 -0.928984 0.370118 0.265137 0.140747 1 0 1.0
0 7.797679 -3.599218 -0.544973 -0.000964 -0.928984 0.370118 0.265137 0.140747 1 0 1.0
0 10.402646 -3.602503 -0.405093 -0.000964 -0.928984 0.370118 0.265137 0.140747 1 0 1.0
Default
0 10.402646 -2.799919 1.468027 -0.000964 -0.928984 0.370118 0.265137 0.140747 1 0 1.0
0 7.797679 -2.782131 1.647231 -0.000964 -0.928984 0.370118 0.265137 0.140747 1 0 1.0
0 10.402646 -3.602503 -0.405093 -0.000964 -0.928984 0.370118 0.265137 0.140747 1 0 1.0
Default
0 -4.597355 -1.231367 1.250637 -0.128482 -0.973696 0.188173 0.265137 0.140747 1 0 1.0
0 -4.597355 -1.470706 -0.366425 -0.128482 -0.973696 0.188173 0.265137 0.140747 1 0 1.0
0 -2.661112 -1.807080 -0.406330 -0.128482 -0.973696 0.188173 0.265137 0.140747 1 0 1.0
Default
0 -2.661112 -1.415044 1.243635 -0.128482 -0.973696 0.188173 0.265137 0.140747 1 0 1.0
0 -4.597355 -1.231367 1.250637 -0.128482 -0.973696 0.188173 0.265137 0.140747 1 0 1.0
0 -2.661112 -1.807080 -0.406330 -0.128482 -0.973696 0.188173 0.265137 0.140747 1 0 1.0
Default
0 -2.661112 -1.415044 1.243635 -0.228379 -0.949659 0.214457 0.265137 0.140747 1 0 1.0
0 -2.661112 -1.807080 -0.406330 -0.228379 -0.949659 0.214457 0.265137 0.140747 1 0 1.0
0 0.609848 -2.552792 -0.311236 -0.228379 -0.949659 0.214457 0.265137 0.140747 1 0 1.0
Default
0 0.609848 -2.160756 1.510838 -0.228379 -0.949659 0.214457 0.265137 0.140747 1 0 1.0
0 -2.661112 -1.415044 1.243635 -0.228379 -0.949659 0.214457 0.265137 0.140747 1 0 1.0
0 0.609848 -2.552792 -0.311236 -0.228379 -0.949659 0.214457 0.265137 0.140747 1 0 1.0
Default
0 2.353028 -2.312182 1.554750 -0.173717 -0.950908 0.256117 0.265137 0.140747 1 0 1.0
0 2.533479 -2.847419 -0.297655 -0.173717 -0.950908 0.256117 0.265137 0.140747 1 0 1.0
0 5.428637 -3.410155 -0.435694 -0.173717 -0.950908 0.256117 0.265137 0.140747 1 0 1.0
Default
0 5.207104 -2.786560 1.741745 -0.173717 -0.950908 0.256117 0.265137 0.140747 1 0 1.0
0 2.353028 -2.312182 1.554750 -0.173717 -0.950908 0.256117 0.265137 0.140747 1 0 1.0
0 5.428637 -3.410155 -0.435694 -0.173717 -0.950908 0.256117 0.265137 0.140747 1 0 1.0
Default
0 5.207104 -2.786560 1.741745 -0.022538 -0.949811 0.312012 0.265137 0.140747 1 0 1.0
0 5.428637 -3.410155 -0.435694 -0.022538 -0.949811 0.312012 0.265137 0.140747 1 0 1.0
0 7.797679 -3.599218 -0.544973 -0.022538 -0.949811 0.312012 0.265137 0.140747 1 0 1.0
Default
0 7.797679 -2.782131 1.647231 -0.022538 -0.949811 0.312012 0.265137 0.140747 1 0 1.0
0 5.207104 -2.786560 1.741745 -0.022538 -0.949811 0.312012 0.265137 0.140747 1 0 1.0
0 7.797679 -3.599218 -0.544973 -0.022538 -0.949811 0.312012 0.265137 0.140747 1 0 1.0
Default
0 14.421412 -1.045518 1.602046 0.172249 -0.406328 0.897345 0.265137 0.140747 1 0 1.0
0 11.835647 -1.513970 1.905581 0.172249 -0.406328 0.897345 0.265137 0.140747 1 0 1.0
0 11.967460 -2.508816 1.410493 0.172249 -0.406328 0.897345 0.265137 0.140747 1 0 1.0
Default
0 14.831357 -1.689431 1.251092 0.172249 -0.406328 0.897345 0.265137 0.140747 1 0 1.0
0 14.421412 -1.045518 1.602046 0.172249 -0.406328 0.897345 0.265137 0.140747 1 0 1.0
0 11.967460 -2.508816 1.410493 0.172249 -0.406328 0.897345 0.265137 0.140747 1 0 1.0
Default
0 10.402646 0.000000 2.739231 0.208920 -0.251750 0.944973 0.265137 0.140747 1 0 1.0
0 10.402646 -0.684304 2.541768 0.208920 -0.251750 0.944973 0.265137 0.140747 1 0 1.0
0 11.801529 -0.608454 2.267860 0.208920 -0.251750 0.944973 0.265137 0.140747 1 0 1.0
Default
0 11.801530 0.000000 2.414800 0.208920 -0.251750 0.944973 0.265137 0.140747 1 0 1.0
0 10.402646 0.000000 2.739231 0.208920 -0.251750 0.944973 0.265137 0.140747 1 0 1.0
0 11.801529 -0.608454 2.267860 0.208920 -0.251750 0.944973 0.265137 0.140747 1 0 1.0
Default
0 15.639871 0.000000 -0.502424 0.506959 -0.033047 -0.861336 0.077515 0.232178 1 0 1.0
0 15.639871 -1.300615 -0.383341 0.506959 -0.033047 -0.861336 0.077515 0.232178 1 0 1.0
0 13.513593 -1.542652 -1.694705 0.506959 -0.033047 -0.861336 0.077515 0.232178 1 0 1.0
Default
0 13.188357 0.000000 -1.876136 0.506959 -0.033047 -0.861336 0.077515 0.232178 1 0 1.0
0 15.639871 0.000000 -0.502424 0.506959 -0.033047 -0.861336 0.077515 0.232178 1 0 1.0
0 13.513593 -1.542652 -1.694705 0.506959 -0.033047 -0.861336 0.077515 0.232178 1 0 1.0
Default
0 5.108305 -4.267211 -0.255375 -0.230890 0.196379 0.952956 0.265137 0.140747 1 0 1.0
0 5.188049 -4.361932 -0.216535 -0.230890 0.196379 0.952956 0.265137 0.140747 1 0 1.0
0 6.723439 -3.818275 0.043440 -0.230890 0.196379 0.952956 0.265137 0.140747 1 0 1.0
Default
0 6.643695 -3.723553 0.004599 -0.230890 0.196379 0.952956 0.265137 0.140747 1 0 1.0
0 5.108305 -4.267211 -0.255375 -0.230890 0.196379 0.952956 0.265137 0.140747 1 0 1.0
0 6.723439 -3.818275 0.043440 -0.230890 0.196379 0.952956 0.265137 0.140747 1 0 1.0
Default
0 5.217470 -4.835446 -1.020557 -0.371833 0.119413 -0.920587 0.265137 0.140747 1 0 1.0
0 5.203587 -4.692420 -0.996397 -0.371833 0.119413 -0.920587 0.265137 0.140747 1 0 1.0
0 6.811232 -4.425657 -1.611135 -0.371833 0.119413 -0.920587 0.265137 0.140747 1 0 1.0
Default
0 6.825116 -4.568683 -1.635295 -0.371833 0.119413 -0.920587 0.265137 0.140747 1 0 1.0
0 5.217470 -4.835446 -1.020557 -0.371833 0.119413 -0.920587 0.265137 0.140747 1 0 1.0
0 6.811232 -4.425657 -1.611135 -0.371833 0.119413 -0.920587 0.265137 0.140747 1 0 1.0
Default
0 5.203587 -4.692420 -0.996397 -0.270462 0.856400 -0.439805 0.265137 0.140747 1 0 1.0
0 5.108305 -4.267211 -0.255375 -0.270462 0.856400 -0.439805 0.265137 0.140747 1 0 1.0
0 6.643695 -3.723553 0.004599 -0.270462 0.856400 -0.439805 0.265137 0.140747 1 0 1.0
Default
0 6.811232 -4.425657 -1.611135 -0.270462 0.856400 -0.439805 0.265137 0.140747 1 0 1.0
0 5.203587 -4.692420 -0.996397 -0.270462 0.856400 -0.439805 0.265137 0.140747 1 0 1.0
0 6.643695 -3.723553 0.004599 -0.270462 0.856400 -0.439805 0.265137 0.140747 1 0 1.0
Default
0 5.188049 -4.361932 -0.216535 0.270509 -0.857754 0.437130 0.265137 0.140747 1 0 1.0
0 5.217470 -4.835446 -1.020557 0.270509 -0.857754 0.437130 0.265137 0.140747 1 0 1.0
0 6.825116 -4.568683 -1.635295 0.270509 -0.857754 0.437130 0.265137 0.140747 1 0 1.0
Default
0 6.723439 -3.818275 0.043440 0.270509 -0.857754 0.437130 0.265137 0.140747 1 0 1.0
0 5.188049 -4.361932 -0.216535 0.270509 -0.857754 0.437130 0.265137 0.140747 1 0 1.0
0 6.825116 -4.568683 -1.635295 0.270509 -0.857754 0.437130 0.265137 0.140747 1 0 1.0
Default
0 14.385417 -3.213348 -0.042510 0.004415 0.350681 -0.936485 0.046509 0.229126 1 0 1.0
0 14.310126 -3.169284 -0.030183 0.004415 0.350681 -0.936485 0.046509 0.229126 1 0 1.0
0 14.685437 -2.530172 0.214730 0.004415 0.350681 -0.936485 0.046509 0.229126 1 0 1.0
Default
0 14.769371 -2.553950 0.202403 0.004415 0.350681 -0.936485 0.046509 0.229126 1 0 1.0
0 14.385417 -3.213348 -0.042510 0.004415 0.350681 -0.936485 0.046509 0.229126 1 0 1.0
0 14.685437 -2.530172 0.214730 0.004415 0.350681 -0.936485 0.046509 0.229126 1 0 1.0
Default
0 14.769371 -2.553950 0.202403 0.265471 -0.160740 -0.950625 0.046509 0.229126 1 0 1.0
0 14.685437 -2.530172 0.214730 0.265471 -0.160740 -0.950625 0.046509 0.229126 1 0 1.0
0 14.613854 -2.295491 0.115272 0.265471 -0.160740 -0.950625 0.046509 0.229126 1 0 1.0
Default
0 14.915096 -2.323852 0.243978 0.265471 -0.160740 -0.950625 0.046509 0.229126 1 0 1.0
0 14.769371 -2.553950 0.202403 0.265471 -0.160740 -0.950625 0.046509 0.229126 1 0 1.0
0 14.613854 -2.295491 0.115272 0.265471 -0.160740 -0.950625 0.046509 0.229126 1 0 1.0
Default
0 14.731938 -2.555844 0.336560 -0.133754 -0.630808 0.764324 0.046509 0.229126 1 0 1.0
0 14.763144 -2.614866 0.316486 -0.133754 -0.630808 0.764324 0.046509 0.229126 1 0 1.0
0 14.956264 -2.411175 0.495214 -0.133754 -0.630808 0.764324 0.046509 0.229126 1 0 1.0
Default
0 14.916013 -2.362803 0.551269 -0.133754 -0.630808 0.764324 0.046509 0.229126 1 0 1.0
0 14.731938 -2.555844 0.336560 -0.133754 -0.630808 0.764324 0.046509 0.229126 1 0 1.0
0 14.956264 -2.411175 0.495214 -0.133754 -0.630808 0.764324 0.046509 0.229126 1 0 1.0
Default
0 14.763144 -2.614866 0.316486 0.820346 -0.498266 -0.280648 0.046509 0.229126 1 0 1.0
0 14.769371 -2.553950 0.202403 0.820346 -0.498266 -0.280648 0.046509 0.229126 1 0 1.0
0 14.915096 -2.323852 0.243978 0.820346 -0.498266 -0.280648 0.046509 0.229126 1 0 1.0
Default
0 14.956264 -2.411175 0.495214 0.820346 -0.498266 -0.280648 0.046509 0.229126 1 0 1.0
0 14.763144 -2.614866 0.316486 0.820346 -0.498266 -0.280648 0.046509 0.229126 1 0 1.0
0 14.915096 -2.323852 0.243978 0.820346 -0.498266 -0.280648 0.046509 0.229126 1 0 1.0
Default
0 13.482031 -3.474012 -0.223635 -0.237685 -0.306971 0.921561 0.046509 0.229126 1 0 1.0
0 13.481066 -3.540770 -0.243709 -0.237685 -0.306971 0.921561 0.046509 0.229126 1 0 1.0
0 14.364115 -3.270757 0.071572 -0.237685 -0.306971 0.921561 0.046509 0.229126 1 0 1.0
Default
0 14.348705 -3.205796 0.091647 -0.237685 -0.306971 0.921561 0.046509 0.229126 1 0 1.0
0 13.482031 -3.474012 -0.223635 -0.237685 -0.306971 0.921561 0.046509 0.229126 1 0 1.0
0 14.364115 -3.270757 0.071572 -0.237685 -0.306971 0.921561 0.046509 0.229126 1 0 1.0
Default
0 14.364115 -3.270757 0.071572 0.872779 -0.468328 -0.137568 0.046509 0.229126 1 0 1.0
0 14.385417 -3.213348 -0.042510 0.872779 -0.468328 -0.137568 0.046509 0.229126 1 0 1.0
0 14.769371 -2.553950 0.202403 0.872779 -0.468328 -0.137568 0.046509 0.229126 1 0 1.0
Default
0 14.763144 -2.614866 0.316486 0.872779 -0.468328 -0.137568 0.046509 0.229126 1 0 1.0
0 14.364115 -3.270757 0.071572 0.872779 -0.468328 -0.137568 0.046509 0.229126 1 0 1.0
0 14.769371 -2.553950 0.202403 0.872779 -0.468328 -0.137568 0.046509 0.229126 1 0 1.0
Default
0 14.348705 -3.205796 0.091647 -0.049671 -0.324553 0.944562 0.046509 0.229126 1 0 1.0
0 14.364115 -3.270757 0.071572 -0.049671 -0.324553 0.944562 0.046509 0.229126 1 0 1.0
0 14.763144 -2.614866 0.316486 -0.049671 -0.324553 0.944562 0.046509 0.229126 1 0 1.0
Default
0 14.731938 -2.555844 0.336560 -0.049671 -0.324553 0.944562 0.046509 0.229126 1 0 1.0
0 14.348705 -3.205796 0.091647 -0.049671 -0.324553 0.944562 0.046509 0.229126 1 0 1.0
0 14.763144 -2.614866 0.316486 -0.049671 -0.324553 0.944562 0.046509 0.229126 1 0 1.0
Default
0 14.310126 -3.169284 -0.030183 -0.851309 0.353696 0.387520 0.048065 0.233765 1 0 1.0
0 14.348705 -3.205796 0.091647 -0.851309 0.353696 0.387520 0.048065 0.233765 1 0 1.0
0 14.731938 -2.555844 0.336560 -0.851309 0.353696 0.387520 0.048065 0.233765 1 0 1.0
Default
0 14.685437 -2.530172 0.214730 -0.851309 0.353696 0.387520 0.048065 0.233765 1 0 1.0
0 14.310126 -3.169284 -0.030183 -0.851309 0.353696 0.387520 0.048065 0.233765 1 0 1.0
0 14.731938 -2.555844 0.336560 -0.851309 0.353696 0.387520 0.048065 0.233765 1 0 1.0
Default
0 12.422499 -4.365956 -0.436281 -0.065689 0.167659 -0.983654 0.046509 0.229126 1 0 1.0
0 12.388897 -4.320010 -0.423954 -0.065689 0.167659 -0.983654 0.046509 0.229126 1 0 1.0
0 13.453566 -3.429166 -0.345465 -0.065689 0.167659 -0.983654 0.046509 0.229126 1 0 1.0
Default
0 13.515776 -3.490324 -0.357791 -0.065689 0.167659 -0.983654 0.046509 0.229126 1 0 1.0
0 12.422499 -4.365956 -0.436281 -0.065689 0.167659 -0.983654 0.046509 0.229126 1 0 1.0
0 13.453566 -3.429166 -0.345465 -0.065689 0.167659 -0.983654 0.046509 0.229126 1 0 1.0
Default
0 13.453566 -3.429166 -0.345465 -0.396715 0.832341 0.387073 0.048065 0.233765 1 0 1.0
0 13.482031 -3.474012 -0.223635 -0.396715 0.832341 0.387073 0.048065 0.233765 1 0 1.0
0 14.348705 -3.205796 0.091647 -0.396715 0.832341 0.387073 0.048065 0.233765 1 0 1.0
Default
0 14.310126 -3.169284 -0.030183 -0.396715 0.832341 0.387073 0.048065 0.233765 1 0 1.0
0 13.453566 -3.429166 -0.345465 -0.396715 0.832341 0.387073 0.048065 0.233765 1 0 1.0
0 14.348705 -3.205796 0.091647 -0.396715 0.832341 0.387073 0.048065 0.233765 1 0 1.0
Default
0 13.515776 -3.490324 -0.357791 0.182407 0.443923 -0.877303 0.046509 0.229126 1 0 1.0
0 13.453566 -3.429166 -0.345465 0.182407 0.443923 -0.877303 0.046509 0.229126 1 0 1.0
0 14.310126 -3.169284 -0.030183 0.182407 0.443923 -0.877303 0.046509 0.229126 1 0 1.0
Default
0 14.385417 -3.213348 -0.042510 0.182407 0.443923 -0.877303 0.046509 0.229126 1 0 1.0
0 13.515776 -3.490324 -0.357791 0.182407 0.443923 -0.877303 0.046509 0.229126 1 0 1.0
0 14.310126 -3.169284 -0.030183 0.182407 0.443923 -0.877303 0.046509 0.229126 1 0 1.0
Default
0 13.481066 -3.540770 -0.243709 0.384333 -0.867525 -0.315735 0.046509 0.229126 1 0 1.0
0 13.515776 -3.490324 -0.357791 0.384333 -0.867525 -0.315735 0.046509 0.229126 1 0 1.0
0 14.385417 -3.213348 -0.042510 0.384333 -0.867525 -0.315735 0.046509 0.229126 1 0 1.0
Default
0 14.364115 -3.270757 0.071572 0.384333 -0.867525 -0.315735 0.046509 0.229126 1 0 1.0
0 13.481066 -3.540770 -0.243709 0.384333 -0.867525 -0.315735 0.046509 0.229126 1 0 1.0
0 14.385417 -3.213348 -0.042510 0.384333 -0.867525 -0.315735 0.046509 0.229126 1 0 1.0
Default
0 12.388753 -4.349645 -0.302124 -0.953053 -0.214584 -0.213646 0.046509 0.229126 1 0 1.0
0 12.388897 -4.320010 -0.423954 -0.953053 -0.214584 -0.213646 0.046509 0.229126 1 0 1.0
0 12.422499 -4.365956 -0.436281 -0.953053 -0.214584 -0.213646 0.046509 0.229126 1 0 1.0
Default
0 12.387789 -4.416402 -0.322199 -0.953053 -0.214584 -0.213646 0.046509 0.229126 1 0 1.0
0 12.388753 -4.349645 -0.302124 -0.953053 -0.214584 -0.213646 0.046509 0.229126 1 0 1.0
0 12.422499 -4.365956 -0.436281 -0.953053 -0.214584 -0.213646 0.046509 0.229126 1 0 1.0
Default
0 12.387789 -4.416402 -0.322199 0.624656 -0.766570 -0.148915 0.046509 0.229126 1 0 1.0
0 12.422499 -4.365956 -0.436281 0.624656 -0.766570 -0.148915 0.046509 0.229126 1 0 1.0
0 13.515776 -3.490324 -0.357791 0.624656 -0.766570 -0.148915 0.046509 0.229126 1 0 1.0
Default
0 13.481066 -3.540770 -0.243709 0.624656 -0.766570 -0.148915 0.046509 0.229126 1 0 1.0
0 12.387789 -4.416402 -0.322199 0.624656 -0.766570 -0.148915 0.046509 0.229126 1 0 1.0
0 13.515776 -3.490324 -0.357791 0.624656 -0.766570 -0.148915 0.046509 0.229126 1 0 1.0
Default
0 12.388753 -4.349645 -0.302124 0.161527 -0.286331 0.944417 0.046509 0.229126 1 0 1.0
0 12.387789 -4.416402 -0.322199 0.161527 -0.286331 0.944417 0.046509 0.229126 1 0 1.0
0 13.481066 -3.540770 -0.243709 0.161527 -0.286331 0.944417 0.046509 0.229126 1 0 1.0
Default
0 13.482031 -3.474012 -0.223635 0.161527 -0.286331 0.944417 0.046509 0.229126 1 0 1.0
0 12.388753 -4.349645 -0.302124 0.161527 -0.286331 0.944417 0.046509 0.229126 1 0 1.0
0 13.481066 -3.540770 -0.243709 0.161527 -0.286331 0.944417 0.046509 0.229126 1 0 1.0
Default
0 12.388897 -4.320010 -0.423954 -0.618053 0.728839 0.294626 0.048065 0.233765 1 0 1.0
0 12.388753 -4.349645 -0.302124 -0.618053 0.728839 0.294626 0.048065 0.233765 1 0 1.0
0 13.482031 -3.474012 -0.223635 -0.618053 0.728839 0.294626 0.048065 0.233765 1 0 1.0
Default
0 13.453566 -3.429166 -0.345465 -0.618053 0.728839 0.294626 0.048065 0.233765 1 0 1.0
0 12.388897 -4.320010 -0.423954 -0.618053 0.728839 0.294626 0.048065 0.233765 1 0 1.0
0 13.482031 -3.474012 -0.223635 -0.618053 0.728839 0.294626 0.048065 0.233765 1 0 1.0
Default
0 14.863017 -1.308121 -1.248151 0.806842 0.552501 -0.209163 0.046509 0.229126 1 0 1.0
0 14.811441 -1.246817 -1.265186 0.806842 0.552501 -0.209163 0.046509 0.229126 1 0 1.0
0 14.906278 -1.165000 -0.703216 0.806842 0.552501 -0.209163 0.046509 0.229126 1 0 1.0
Default
0 14.934757 -1.208801 -0.689076 0.806842 0.552501 -0.209163 0.046509 0.229126 1 0 1.0
0 14.863017 -1.308121 -1.248151 0.806842 0.552501 -0.209163 0.046509 0.229126 1 0 1.0
0 14.906278 -1.165000 -0.703216 0.806842 0.552501 -0.209163 0.046509 0.229126 1 0 1.0
Default
0 14.479067 -1.321698 -1.469701 -0.635752 -0.404916 0.657162 0.046509 0.229126 1 0 1.0
0 14.495591 -1.366283 -1.490564 -0.635752 -0.404916 0.657162 0.046509 0.229126 1 0 1.0
0 14.766447 -1.376239 -1.225289 -0.635752 -0.404916 0.657162 0.046509 0.229126 1 0 1.0
Default
0 14.746865 -1.331117 -1.225809 -0.635752 -0.404916 0.657162 0.046509 0.229126 1 0 1.0
0 14.479067 -1.321698 -1.469701 -0.635752 -0.404916 0.657162 0.046509 0.229126 1 0 1.0
0 14.766447 -1.376239 -1.225289 -0.635752 -0.404916 0.657162 0.046509 0.229126 1 0 1.0
Default
0 14.766447 -1.376239 -1.225289 0.562780 -0.822702 0.080248 0.046509 0.229126 1 0 1.0
0 14.863017 -1.308121 -1.248151 0.562780 -0.822702 0.080248 0.046509 0.229126 1 0 1.0
0 14.934757 -1.208801 -0.689076 0.562780 -0.822702 0.080248 0.046509 0.229126 1 0 1.0
Default
0 14.823813 -1.282793 -0.713554 0.562780 -0.822702 0.080248 0.046509 0.229126 1 0 1.0
0 14.766447 -1.376239 -1.225289 0.562780 -0.822702 0.080248 0.046509 0.229126 1 0 1.0
0 14.934757 -1.208801 -0.689076 0.562780 -0.822702 0.080248 0.046509 0.229126 1 0 1.0
Default
0 14.746865 -1.331117 -1.225809 -0.891715 -0.418068 0.173388 0.046509 0.229126 1 0 1.0
0 14.766447 -1.376239 -1.225289 -0.891715 -0.418068 0.173388 0.046509 0.229126 1 0 1.0
0 14.823813 -1.282793 -0.713554 -0.891715 -0.418068 0.173388 0.046509 0.229126 1 0 1.0
Default
0 14.791800 -1.221372 -0.721494 -0.891715 -0.418068 0.173388 0.046509 0.229126 1 0 1.0
0 14.746865 -1.331117 -1.225809 -0.891715 -0.418068 0.173388 0.046509 0.229126 1 0 1.0
0 14.823813 -1.282793 -0.713554 -0.891715 -0.418068 0.173388 0.046509 0.229126 1 0 1.0
Default
0 14.811441 -1.246817 -1.265186 -0.620997 0.781588 -0.059014 0.048065 0.233765 1 0 1.0
0 14.746865 -1.331117 -1.225809 -0.620997 0.781588 -0.059014 0.048065 0.233765 1 0 1.0
0 14.791800 -1.221372 -0.721494 -0.620997 0.781588 -0.059014 0.048065 0.233765 1 0 1.0
Default
0 14.906278 -1.165000 -0.703216 -0.620997 0.781588 -0.059014 0.048065 0.233765 1 0 1.0
0 14.811441 -1.246817 -1.265186 -0.620997 0.781588 -0.059014 0.048065 0.233765 1 0 1.0
0 14.791800 -1.221372 -0.721494 -0.620997 0.781588 -0.059014 0.048065 0.233765 1 0 1.0
Default
0 14.345391 -1.432333 -1.990257 0.851258 0.259696 -0.455980 0.046509 0.229126 1 0 1.0
0 14.326962 -1.395766 -1.998830 0.851258 0.259696 -0.455980 0.046509 0.229126 1 0 1.0
0 14.554984 -1.269886 -1.506454 0.851258 0.259696 -0.455980 0.046509 0.229126 1 0 1.0
Default
0 14.582047 -1.324431 -1.481992 0.851258 0.259696 -0.455980 0.046509 0.229126 1 0 1.0
0 14.345391 -1.432333 -1.990257 0.851258 0.259696 -0.455980 0.046509 0.229126 1 0 1.0
0 14.554984 -1.269886 -1.506454 0.851258 0.259696 -0.455980 0.046509 0.229126 1 0 1.0
Default
0 14.554984 -1.269886 -1.506454 -0.462853 0.745765 0.479168 0.048065 0.233765 1 0 1.0
0 14.479067 -1.321698 -1.469701 -0.462853 0.745765 0.479168 0.048065 0.233765 1 0 1.0
0 14.746865 -1.331117 -1.225809 -0.462853 0.745765 0.479168 0.048065 0.233765 1 0 1.0
Default
0 14.811441 -1.246817 -1.265186 -0.462853 0.745765 0.479168 0.048065 0.233765 1 0 1.0
0 14.554984 -1.269886 -1.506454 -0.462853 0.745765 0.479168 0.048065 0.233765 1 0 1.0
0 14.746865 -1.331117 -1.225809 -0.462853 0.745765 0.479168 0.048065 0.233765 1 0 1.0
Default
0 14.582047 -1.324431 -1.481992 0.645437 0.171510 -0.744309 0.046509 0.229126 1 0 1.0
0 14.554984 -1.269886 -1.506454 0.645437 0.171510 -0.744309 0.046509 0.229126 1 0 1.0
0 14.811441 -1.246817 -1.265186 0.645437 0.171510 -0.744309 0.046509 0.229126 1 0 1.0
Default
0 14.863017 -1.308121 -1.248151 0.645437 0.171510 -0.744309 0.046509 0.229126 1 0 1.0
0 14.582047 -1.324431 -1.481992 0.645437 0.171510 -0.744309 0.046509 0.229126 1 0 1.0
0 14.811441 -1.246817 -1.265186 0.645437 0.171510 -0.744309 0.046509 0.229126 1 0 1.0
Default
0 14.495591 -1.366283 -1.490564 0.429139 -0.774591 -0.464596 0.046509 0.229126 1 0 1.0
0 14.582047 -1.324431 -1.481992 0.429139 -0.774591 -0.464596 0.046509 0.229126 1 0 1.0
0 14.863017 -1.308121 -1.248151 0.429139 -0.774591 -0.464596 0.046509 0.229126 1 0 1.0
Default
0 14.766447 -1.376239 -1.225289 0.429139 -0.774591 -0.464596 0.046509 0.229126 1 0 1.0
0 14.495591 -1.366283 -1.490564 0.429139 -0.774591 -0.464596 0.046509 0.229126 1 0 1.0
0 14.863017 -1.308121 -1.248151 0.429139 -0.774591 -0.464596 0.046509 0.229126 1 0 1.0
Default
0 14.246074 -1.429697 -1.978403 -0.115546 0.093624 -0.988880 0.046509 0.229126 1 0 1.0
0 14.326962 -1.395766 -1.998830 -0.115546 0.093624 -0.988880 0.046509 0.229126 1 0 1.0
0 14.345391 -1.432333 -1.990257 -0.115546 0.093624 -0.988880 0.046509 0.229126 1 0 1.0
Default
0 14.262010 -1.472697 -1.998524 -0.115546 0.093624 -0.988880 0.046509 0.229126 1 0 1.0
0 14.246074 -1.429697 -1.978403 -0.115546 0.093624 -0.988880 0.046509 0.229126 1 0 1.0
0 14.345391 -1.432333 -1.990257 -0.115546 0.093624 -0.988880 0.046509 0.229126 1 0 1.0
Default
0 14.262010 -1.472697 -1.998524 0.436679 -0.899533 -0.012359 0.046509 0.229126 1 0 1.0
0 14.345391 -1.432333 -1.990257 0.436679 -0.899533 -0.012359 0.046509 0.229126 1 0 1.0
0 14.582047 -1.324431 -1.481992 0.436679 -0.899533 -0.012359 0.046509 0.229126 1 0 1.0
Default
0 14.495591 -1.366283 -1.490564 0.436679 -0.899533 -0.012359 0.046509 0.229126 1 0 1.0
0 14.262010 -1.472697 -1.998524 0.436679 -0.899533 -0.012359 0.046509 0.229126 1 0 1.0
0 14.582047 -1.324431 -1.481992 0.436679 -0.899533 -0.012359 0.046509 0.229126 1 0 1.0
Default
0 14.246074 -1.429697 -1.978403 -0.750190 -0.487211 0.447035 0.046509 0.229126 1 0 1.0
0 14.262010 -1.472697 -1.998524 -0.750190 -0.487211 0.447035 0.046509 0.229126 1 0 1.0
0 14.495591 -1.366283 -1.490564 -0.750190 -0.487211 0.447035 0.046509 0.229126 1 0 1.0
Default
0 14.479067 -1.321698 -1.469701 -0.750190 -0.487211 0.447035 0.046509 0.229126 1 0 1.0
0 14.246074 -1.429697 -1.978403 -0.750190 -0.487211 0.447035 0.046509 0.229126 1 0 1.0
0 14.495591 -1.366283 -1.490564 -0.750190 -0.487211 0.447035 0.046509 0.229126 1 0 1.0
Default
0 14.326962 -1.395766 -1.998830 -0.475873 0.879407 0.013696 0.048065 0.233765 1 0 1.0
0 14.246074 -1.429697 -1.978403 -0.475873 0.879407 0.013696 0.048065 0.233765 1 0 1.0
0 14.479067 -1.321698 -1.469701 -0.475873 0.879407 0.013696 0.048065 0.233765 1 0 1.0
Default
0 14.554984 -1.269886 -1.506454 -0.475873 0.879407 0.013696 0.048065 0.233765 1 0 1.0
0 14.326962 -1.395766 -1.998830 -0.475873 0.879407 0.013696 0.048065 0.233765 1 0 1.0
0 14.479067 -1.321698 -1.469701 -0.475873 0.879407 0.013696 0.048065 0.233765 1 0 1.0
Default
0 15.339781 -0.540270 -1.069107 0.805302 0.571645 -0.157197 0.046509 0.229126 1 0 1.0
0 15.284300 -0.472733 -1.080202 0.805302 0.571645 -0.157197 0.046509 0.229126 1 0 1.0
0 15.426881 -0.512905 -0.523390 0.805302 0.571645 -0.157197 0.046509 0.229126 1 0 1.0
Default
0 15.455360 -0.556706 -0.509250 0.805302 0.571645 -0.157197 0.046509 0.229126 1 0 1.0
0 15.339781 -0.540270 -1.069107 0.805302 0.571645 -0.157197 0.046509 0.229126 1 0 1.0
0 15.426881 -0.512905 -0.523390 0.805302 0.571645 -0.157197 0.046509 0.229126 1 0 1.0
Default
0 14.914674 -0.539094 -1.243939 -0.516838 -0.569109 0.639526 0.046509 0.229126 1 0 1.0
0 14.949866 -0.592635 -1.252300 -0.516838 -0.569109 0.639526 0.046509 0.229126 1 0 1.0
0 15.235902 -0.615771 -1.052570 -0.516838 -0.569109 0.639526 0.046509 0.229126 1 0 1.0
Default
0 15.214837 -0.563175 -1.011947 -0.516838 -0.569109 0.639526 0.046509 0.229126 1 0 1.0
0 14.914674 -0.539094 -1.243939 -0.516838 -0.569109 0.639526 0.046509 0.229126 1 0 1.0
0 15.235902 -0.615771 -1.052570 -0.516838 -0.569109 0.639526 0.046509 0.229126 1 0 1.0
Default
0 15.235902 -0.615771 -1.052570 0.568953 -0.810062 -0.141749 0.046509 0.229126 1 0 1.0
0 15.339781 -0.540270 -1.069107 0.568953 -0.810062 -0.141749 0.046509 0.229126 1 0 1.0
0 15.455360 -0.556706 -0.509250 0.568953 -0.810062 -0.141749 0.046509 0.229126 1 0 1.0
Default
0 15.344416 -0.630698 -0.533729 0.568953 -0.810062 -0.141749 0.046509 0.229126 1 0 1.0
0 15.235902 -0.615771 -1.052570 0.568953 -0.810062 -0.141749 0.046509 0.229126 1 0 1.0
0 15.455360 -0.556706 -0.509250 0.568953 -0.810062 -0.141749 0.046509 0.229126 1 0 1.0
Default
0 15.214837 -0.563175 -1.011947 -0.873217 -0.455878 0.172242 0.046509 0.229126 1 0 1.0
0 15.235902 -0.615771 -1.052570 -0.873217 -0.455878 0.172242 0.046509 0.229126 1 0 1.0
0 15.344416 -0.630698 -0.533729 -0.873217 -0.455878 0.172242 0.046509 0.229126 1 0 1.0
Default
0 15.312404 -0.569277 -0.541668 -0.873217 -0.455878 0.172242 0.046509 0.229126 1 0 1.0
0 15.214837 -0.563175 -1.011947 -0.873217 -0.455878 0.172242 0.046509 0.229126 1 0 1.0
0 15.344416 -0.630698 -0.533729 -0.873217 -0.455878 0.172242 0.046509 0.229126 1 0 1.0
Default
0 15.284300 -0.472733 -1.080202 -0.585393 0.792173 0.172562 0.048065 0.233765 1 0 1.0
0 15.214837 -0.563175 -1.011947 -0.585393 0.792173 0.172562 0.048065 0.233765 1 0 1.0
0 15.312404 -0.569277 -0.541668 -0.585393 0.792173 0.172562 0.048065 0.233765 1 0 1.0
Default
0 15.426881 -0.512905 -0.523390 -0.585393 0.792173 0.172562 0.048065 0.233765 1 0 1.0
0 15.284300 -0.472733 -1.080202 -0.585393 0.792173 0.172562 0.048065 0.233765 1 0 1.0
0 15.312404 -0.569277 -0.541668 -0.585393 0.792173 0.172562 0.048065 0.233765 1 0 1.0
Default
0 14.786948 -0.736343 -1.770268 0.794011 0.300930 -0.528193 0.046509 0.229126 1 0 1.0
0 14.765353 -0.713402 -1.787299 0.794011 0.300930 -0.528193 0.046509 0.229126 1 0 1.0
0 14.992408 -0.469429 -1.309337 0.794011 0.300930 -0.528193 0.046509 0.229126 1 0 1.0
Default
0 15.040244 -0.514119 -1.260528 0.794011 0.300930 -0.528193 0.046509 0.229126 1 0 1.0
0 14.786948 -0.736343 -1.770268 0.794011 0.300930 -0.528193 0.046509 0.229126 1 0 1.0
0 14.992408 -0.469429 -1.309337 0.794011 0.300930 -0.528193 0.046509 0.229126 1 0 1.0
Default
0 14.992408 -0.469429 -1.309337 -0.368289 0.771578 0.518682 0.048065 0.233765 1 0 1.0
0 14.914674 -0.539094 -1.243939 -0.368289 0.771578 0.518682 0.048065 0.233765 1 0 1.0
0 15.214837 -0.563175 -1.011947 -0.368289 0.771578 0.518682 0.048065 0.233765 1 0 1.0
Default
0 15.284300 -0.472733 -1.080202 -0.368289 0.771578 0.518682 0.048065 0.233765 1 0 1.0
0 14.992408 -0.469429 -1.309337 -0.368289 0.771578 0.518682 0.048065 0.233765 1 0 1.0
0 15.214837 -0.563175 -1.011947 -0.368289 0.771578 0.518682 0.048065 0.233765 1 0 1.0
Default
0 15.040244 -0.514119 -1.260528 0.579846 0.102367 -0.808270 0.046509 0.229126 1 0 1.0
0 14.992408 -0.469429 -1.309337 0.579846 0.102367 -0.808270 0.046509 0.229126 1 0 1.0
0 15.284300 -0.472733 -1.080202 0.579846 0.102367 -0.808270 0.046509 0.229126 1 0 1.0
Default
0 15.339781 -0.540270 -1.069107 0.579846 0.102367 -0.808270 0.046509 0.229126 1 0 1.0
0 15.040244 -0.514119 -1.260528 0.579846 0.102367 -0.808270 0.046509 0.229126 1 0 1.0
0 15.284300 -0.472733 -1.080202 0.579846 0.102367 -0.808270 0.046509 0.229126 1 0 1.0
Default
0 14.949866 -0.592635 -1.252300 0.401381 -0.615333 -0.678423 0.046509 0.229126 1 0 1.0
0 15.040244 -0.514119 -1.260528 0.401381 -0.615333 -0.678423 0.046509 0.229126 1 0 1.0
0 15.339781 -0.540270 -1.069107 0.401381 -0.615333 -0.678423 0.046509 0.229126 1 0 1.0
Default
0 15.235902 -0.615771 -1.052570 0.401381 -0.615333 -0.678423 0.046509 0.229126 1 0 1.0
0 14.949866 -0.592635 -1.252300 0.401381 -0.615333 -0.678423 0.046509 0.229126 1 0 1.0
0 15.339781 -0.540270 -1.069107 0.401381 -0.615333 -0.678423 0.046509 0.229126 1 0 1.0
Default
0 14.702964 -0.748282 -1.758391 -0.095913 -0.276582 -0.956192 0.046509 0.229126 1 0 1.0
0 14.765353 -0.713402 -1.787299 -0.095913 -0.276582 -0.956192 0.046509 0.229126 1 0 1.0
0 14.786948 -0.736343 -1.770268 -0.095913 -0.276582 -0.956192 0.046509 0.229126 1 0 1.0
Default
0 14.724508 -0.785123 -1.762457 -0.095913 -0.276582 -0.956192 0.046509 0.229126 1 0 1.0
0 14.702964 -0.748282 -1.758391 -0.095913 -0.276582 -0.956192 0.046509 0.229126 1 0 1.0
0 14.786948 -0.736343 -1.770268 -0.095913 -0.276582 -0.956192 0.046509 0.229126 1 0 1.0
Default
0 14.724508 -0.785123 -1.762457 0.640697 -0.767708 0.011478 0.046509 0.229126 1 0 1.0
0 14.786948 -0.736343 -1.770268 0.640697 -0.767708 0.011478 0.046509 0.229126 1 0 1.0
0 15.040244 -0.514119 -1.260528 0.640697 -0.767708 0.011478 0.046509 0.229126 1 0 1.0
Default
0 14.949866 -0.592635 -1.252300 0.640697 -0.767708 0.011478 0.046509 0.229126 1 0 1.0
0 14.724508 -0.785123 -1.762457 0.640697 -0.767708 0.011478 0.046509 0.229126 1 0 1.0
0 15.040244 -0.514119 -1.260528 0.640697 -0.767708 0.011478 0.046509 0.229126 1 0 1.0
Default
0 14.702964 -0.748282 -1.758391 -0.701533 -0.508981 0.498789 0.046509 0.229126 1 0 1.0
0 14.724508 -0.785123 -1.762457 -0.701533 -0.508981 0.498789 0.046509 0.229126 1 0 1.0
0 14.949866 -0.592635 -1.252300 -0.701533 -0.508981 0.498789 0.046509 0.229126 1 0 1.0
Default
0 14.914674 -0.539094 -1.243939 -0.701533 -0.508981 0.498789 0.046509 0.229126 1 0 1.0
0 14.702964 -0.748282 -1.758391 -0.701533 -0.508981 0.498789 0.046509 0.229126 1 0 1.0
0 14.949866 -0.592635 -1.252300 -0.701533 -0.508981 0.498789 0.046509 0.229126 1 0 1.0
Default
0 14.765353 -0.713402 -1.787299 -0.628480 0.774140 -0.075629 0.048065 0.233765 1 0 1.0
0 14.702964 -0.748282 -1.758391 -0.628480 0.774140 -0.075629 0.048065 0.233765 1 0 1.0
0 14.914674 -0.539094 -1.243939 -0.628480 0.774140 -0.075629 0.048065 0.233765 1 0 1.0
Default
0 14.992408 -0.469429 -1.309337 -0.628480 0.774140 -0.075629 0.048065 0.233765 1 0 1.0
0 14.765353 -0.713402 -1.787299 -0.628480 0.774140 -0.075629 0.048065 0.233765 1 0 1.0
0 14.914674 -0.539094 -1.243939 -0.628480 0.774140 -0.075629 0.048065 0.233765 1 0 1.0
Default
0 -9.119669 0.000000 -0.983249 0.243372 0.000000 -0.969933 0.077515 0.232178 1 0 1.0
0 -9.119669 -0.178794 -0.983249 0.243372 0.000000 -0.969933 0.077515 0.232178 1 0 1.0
0 -10.513375 0.000000 -1.332952 0.243372 0.000000 -0.969933 0.080627 0.234131 1 0 1.0
Default
0 -9.119669 0.178794 -0.983249 0.243372 0.000000 -0.969933 0.077515 0.232178 1 0 1.0
0 -9.119669 0.000000 -0.983249 0.243372 0.000000 -0.969933 0.077515 0.232178 1 0 1.0
0 -10.513375 0.000000 -1.332952 0.243372 0.000000 -0.969933 0.080627 0.234131 1 0 1.0
Default
0 -9.273636 -0.092610 1.744799 -0.040830 -0.916394 0.398190 0.265137 0.140747 1 0 1.0
0 -10.611353 0.000000 2.033896 -0.040830 -0.916394 0.398190 0.265137 0.139526 1 0 1.0
0 -10.597356 -0.271314 1.197796 -0.040830 -0.916394 0.398190 0.265137 0.140747 1 0 1.0
Default
0 -9.273636 -0.185220 1.744799 -0.040830 -0.916394 0.398190 0.265137 0.140747 1 0 1.0
0 -9.273636 -0.092610 1.744799 -0.040830 -0.916394 0.398190 0.265137 0.140747 1 0 1.0
0 -10.597356 -0.271314 1.197796 -0.040830 -0.916394 0.398190 0.265137 0.140747 1 0 1.0
Default
0 -4.597355 -0.740042 -2.178007 -0.292242 -0.670854 -0.681578 0.077515 0.232178 1 0 1.0
0 -4.584266 -1.235386 -1.860508 -0.292242 -0.670854 -0.681578 0.077515 0.232178 1 0 1.0
0 -7.597354 -0.924079 -0.710547 -0.292242 -0.670854 -0.681578 0.077515 0.232178 1 0 1.0
Default
0 -5.655963 -0.596860 -2.029473 -0.292242 -0.670854 -0.681578 0.077515 0.232178 1 0 1.0
0 -4.597355 -0.740042 -2.178007 -0.292242 -0.670854 -0.681578 0.077515 0.232178 1 0 1.0
0 -7.597354 -0.924079 -0.710547 -0.292242 -0.670854 -0.681578 0.077515 0.232178 1 0 1.0
Default
0 -15.651376 0.000000 -2.344918 0.027649 0.976648 -0.213060 0.265137 0.140747 1 0 1.0
0 -14.992569 0.103451 -1.440005 0.027649 0.976648 -0.213060 0.265137 0.140747 1 0 1.0
0 -10.583359 0.271314 -0.443567 0.027649 0.976648 -0.213060 0.265137 0.140747 1 0 1.0
Default
0 -10.513375 0.000000 -1.332952 0.027649 0.976648 -0.213060 0.265137 0.140747 1 0 1.0
0 -15.651376 0.000000 -2.344918 0.027649 0.976648 -0.213060 0.265137 0.140747 1 0 1.0
0 -10.583359 0.271314 -0.443567 0.027649 0.976648 -0.213060 0.265137 0.140747 1 0 1.0
Default
0 -14.992569 0.103451 -1.440005 -0.134301 0.990878 -0.011161 0.265137 0.140747 1 0 1.0
0 -15.651376 0.000000 -2.344918 -0.134301 0.990878 -0.011161 0.265137 0.140747 1 0 1.0
0 -15.118191 0.103451 0.423718 -0.132496 0.991175 -0.004196 0.265137 0.140747 1 0 1.0
Default
0 -15.651376 0.000000 -2.344918 -0.134301 0.990878 -0.011161 0.265137 0.140747 1 0 1.0
0 -15.910973 0.000000 0.426776 -0.132496 0.991175 -0.004196 0.265137 0.140747 1 0 1.0
0 -15.118191 0.103451 0.423718 -0.132496 0.991175 -0.004196 0.265137 0.140747 1 0 1.0
Default
0 -15.910973 0.000000 0.426776 -0.132496 0.991175 -0.004196 0.265137 0.140747 1 0 1.0
0 -15.851769 0.000000 2.841778 -0.130683 0.991420 0.002770 0.265137 0.140747 1 0 1.0
0 -15.118191 0.103451 0.423718 -0.132496 0.991175 -0.004196 0.265137 0.140747 1 0 1.0
Default
0 -15.851769 0.000000 2.841778 -0.130683 0.991420 0.002770 0.265137 0.140747 1 0 1.0
0 -15.093652 0.103451 1.959983 -0.130683 0.991420 0.002770 0.265137 0.140747 1 0 1.0
0 -15.118191 0.103451 0.423718 -0.132496 0.991175 -0.004196 0.265137 0.140747 1 0 1.0
Default
0 11.801529 0.608454 2.267860 0.225579 0.173198 0.958706 0.265137 0.140747 1 0 1.0
0 11.801530 0.000000 2.414800 0.225579 0.173198 0.958706 0.265137 0.140747 1 0 1.0
0 14.417883 0.000000 1.762166 0.225579 0.173198 0.958706 0.265137 0.140747 1 0 1.0
Default
0 14.417883 0.492915 1.710135 0.225579 0.173198 0.958706 0.265137 0.140747 1 0 1.0
0 11.801529 0.608454 2.267860 0.225579 0.173198 0.958706 0.265137 0.140747 1 0 1.0
0 14.417883 0.000000 1.762166 0.225579 0.173198 0.958706 0.265137 0.140747 1 0 1.0
Default
0 5.033197 1.789676 2.601588 0.028883 0.649879 0.759488 0.265137 0.140747 1 0 1.0
0 7.797679 1.785247 2.500031 0.028883 0.649879 0.759488 0.265137 0.140747 1 0 1.0
0 7.797679 2.782131 1.647231 0.028883 0.649879 0.759488 0.265137 0.140747 1 0 1.0
Default
0 5.207104 2.786560 1.741745 0.028883 0.649879 0.759488 0.265137 0.140747 1 0 1.0
0 5.033197 1.789676 2.601588 0.028883 0.649879 0.759488 0.265137 0.140747 1 0 1.0
0 7.797679 2.782131 1.647231 0.028883 0.649879 0.759488 0.265137 0.140747 1 0 1.0
Default
0 2.353027 1.584442 2.701799 -0.103264 0.758780 0.643110 0.265137 0.140747 1 0 1.0
0 5.033197 1.789676 2.601588 -0.103264 0.758780 0.643110 0.265137 0.140747 1 0 1.0
0 5.207104 2.786560 1.741745 -0.103264 0.758780 0.643110 0.265137 0.140747 1 0 1.0
Default
0 2.353028 2.312182 1.554750 -0.103264 0.758780 0.643110 0.265137 0.140747 1 0 1.0
0 2.353027 1.584442 2.701799 -0.103264 0.758780 0.643110 0.265137 0.140747 1 0 1.0
0 5.207104 2.786560 1.741745 -0.103264 0.758780 0.643110 0.265137 0.140747 1 0 1.0
Default
0 -2.661112 1.078048 2.324801 -0.194235 0.892629 0.406800 0.265137 0.140747 1 0 1.0
0 0.609848 1.496863 2.625889 -0.194235 0.892629 0.406800 0.265137 0.140747 1 0 1.0
0 0.609848 2.160756 1.510838 -0.194235 0.892629 0.406800 0.265137 0.140747 1 0 1.0
Default
0 -2.661112 1.415044 1.243635 -0.194235 0.892629 0.406800 0.265137 0.140747 1 0 1.0
0 -2.661112 1.078048 2.324801 -0.194235 0.892629 0.406800 0.265137 0.140747 1 0 1.0
0 0.609848 2.160756 1.510838 -0.194235 0.892629 0.406800 0.265137 0.140747 1 0 1.0
Default
0 -4.597355 0.973890 2.082209 -0.088684 0.951179 0.295623 0.265137 0.140747 1 0 1.0
0 -2.661112 1.078048 2.324801 -0.088684 0.951179 0.295623 0.265137 0.140747 1 0 1.0
0 -2.661112 1.415044 1.243635 -0.088684 0.951179 0.295623 0.265137 0.140747 1 0 1.0
Default
0 -4.597355 1.231367 1.250637 -0.088684 0.951179 0.295623 0.265137 0.140747 1 0 1.0
0 -4.597355 0.973890 2.082209 -0.088684 0.951179 0.295623 0.265137 0.140747 1 0 1.0
0 -2.661112 1.415044 1.243635 -0.088684 0.951179 0.295623 0.265137 0.140747 1 0 1.0
Default
0 -7.597354 0.788688 1.257289 -0.140257 0.954468 0.263284 0.265137 0.140747 1 0 1.0
0 -4.597355 0.973890 2.082209 -0.140257 0.954468 0.263284 0.265137 0.140747 1 0 1.0
0 -4.597355 1.231367 1.250637 -0.140257 0.954468 0.263284 0.265137 0.140747 1 0 1.0
Default
0 -7.597354 0.924079 0.664620 -0.140257 0.954468 0.263284 0.265137 0.140747 1 0 1.0
0 -7.597354 0.788688 1.257289 -0.140257 0.954468 0.263284 0.265137 0.140747 1 0 1.0
0 -4.597355 1.231367 1.250637 -0.140257 0.954468 0.263284 0.265137 0.140747 1 0 1.0
Default
0 -14.992569 0.103451 -1.440005 -0.037364 0.999300 -0.001955 0.265137 0.140747 1 0 1.0
0 -15.118191 0.103451 0.423718 -0.037268 0.999305 -0.000785 0.265137 0.140747 1 0 1.0
0 -10.583359 0.271314 -0.443567 -0.037364 0.999300 -0.001955 0.265137 0.140747 1 0 1.0
Default
0 -15.118191 0.103451 0.423718 -0.037268 0.999305 -0.000785 0.265137 0.140747 1 0 1.0
0 -10.597356 0.271314 0.361616 -0.037268 0.999305 -0.000785 0.265137 0.140747 1 0 1.0
0 -10.583359 0.271314 -0.443567 -0.037364 0.999300 -0.001955 0.265137 0.140747 1 0 1.0
Default
0 -15.118191 0.103451 0.423718 -0.037268 0.999305 -0.000785 0.265137 0.140747 1 0 1.0
0 -15.093652 0.103451 1.959983 -0.037171 0.999309 0.000384 0.265137 0.140747 1 0 1.0
0 -10.597356 0.271314 0.361616 -0.037268 0.999305 -0.000785 0.265137 0.140747 1 0 1.0
Default
0 -15.093652 0.103451 1.959983 -0.037171 0.999309 0.000384 0.265137 0.140747 1 0 1.0
0 -10.597356 0.271314 1.197796 -0.037171 0.999309 0.000384 0.265137 0.140747 1 0 1.0
0 -10.597356 0.271314 0.361616 -0.037268 0.999305 -0.000785 0.265137 0.140747 1 0 1.0
Default
0 -4.597355 1.470706 -0.366425 -0.179258 0.983802 0.000000 0.265137 0.140747 1 0 1.0
0 -7.597354 0.924079 -0.710547 -0.190362 0.981714 0.000000 0.265137 0.140747 1 0 1.0
0 -7.597354 0.924079 -0.036874 -0.194058 0.980990 0.000000 0.265137 0.140747 1 0 1.0
Default
0 -9.259637 0.582217 0.338633 -0.201442 0.979500 0.000000 0.265137 0.140747 1 0 1.0
0 -7.597354 0.924079 -0.036874 -0.194058 0.980990 0.000000 0.265137 0.140747 1 0 1.0
0 -7.597354 0.924079 -0.710547 -0.190362 0.981714 0.000000 0.265137 0.140747 1 0 1.0
Default
0 -9.259637 0.582217 0.338633 -0.201442 0.979500 0.000000 0.265137 0.140747 1 0 1.0
0 -7.597354 0.924079 0.664620 -0.201442 0.979500 0.000000 0.265137 0.140747 1 0 1.0
0 -7.597354 0.924079 -0.036874 -0.194058 0.980990 0.000000 0.265137 0.140747 1 0 1.0
Default
0 -9.259637 0.582217 0.338633 -0.201442 0.979500 0.000000 0.265137 0.140747 1 0 1.0
0 -10.597356 0.271314 0.361616 -0.226379 0.974039 0.000000 0.265137 0.140747 1 0 1.0
0 -10.597356 0.271314 1.197796 -0.226379 0.974039 0.000000 0.265137 0.140747 1 0 1.0
Default
0 -9.259637 0.582217 0.889049 -0.226379 0.974039 0.000000 0.265137 0.140747 1 0 1.0
0 -9.259637 0.582217 0.338633 -0.201442 0.979500 0.000000 0.265137 0.140747 1 0 1.0
0 -10.597356 0.271314 1.197796 -0.226379 0.974039 0.000000 0.265137 0.140747 1 0 1.0
Default
0 -4.597355 1.470706 -0.366425 -0.147482 0.989065 -0.000084 0.268066 0.142334 1 0 1.0
0 -2.661112 1.807080 -0.406330 -0.147482 0.989065 -0.000084 0.268066 0.142334 1 0 1.0
0 -2.655336 1.760201 -1.352606 -0.147482 0.989065 -0.000084 0.268066 0.142334 1 0 1.0
Default
0 -4.591579 1.519167 -1.081291 -0.147482 0.989065 -0.000084 0.268066 0.142334 1 0 1.0
0 -4.597355 1.470706 -0.366425 -0.147482 0.989065 -0.000084 0.268066 0.142334 1 0 1.0
0 -2.655336 1.760201 -1.352606 -0.147482 0.989065 -0.000084 0.268066 0.142334 1 0 1.0
Default
0 -2.661112 1.807080 -0.406330 -0.170405 0.964853 -0.200054 0.268066 0.142334 1 0 1.0
0 0.609848 2.552792 -0.311236 -0.170405 0.964853 -0.200054 0.268066 0.142334 1 0 1.0
0 0.615625 2.179015 -1.403611 -0.170405 0.964853 -0.200054 0.268066 0.142334 1 0 1.0
Default
0 -2.655336 1.760201 -1.352606 -0.170405 0.964853 -0.200054 0.268066 0.142334 1 0 1.0
0 -2.661112 1.807080 -0.406330 -0.170405 0.964853 -0.200054 0.268066 0.142334 1 0 1.0
0 0.615625 2.179015 -1.403611 -0.170405 0.964853 -0.200054 0.268066 0.142334 1 0 1.0
Default
0 2.533479 2.847419 -0.297655 -0.182660 0.954870 -0.234218 0.268066 0.142334 1 0 1.0
0 5.428637 3.410155 -0.435694 -0.174971 0.958798 -0.223811 0.268066 0.142334 1 0 1.0
0 5.513664 3.111267 -1.497189 -0.174971 0.958798 -0.223811 0.268066 0.142334 1 0 1.0
Default
0 2.430189 2.645528 -1.367203 -0.182660 0.954870 -0.234218 0.268066 0.142334 1 0 1.0
0 2.533479 2.847419 -0.297655 -0.182660 0.954870 -0.234218 0.268066 0.142334 1 0 1.0
0 5.513664 3.111267 -1.497189 -0.174971 0.958798 -0.223811 0.268066 0.142334 1 0 1.0
Default
0 0.609848 2.552792 -0.311236 -0.190316 0.950768 -0.244583 0.268066 0.142334 1 0 1.0
0 2.533479 2.847419 -0.297655 -0.182660 0.954870 -0.234218 0.268066 0.142334 1 0 1.0
0 2.430189 2.645528 -1.367203 -0.182660 0.954870 -0.234218 0.268066 0.142334 1 0 1.0
Default
0 0.615625 2.179015 -1.403611 -0.190316 0.950768 -0.244583 0.268066 0.142334 1 0 1.0
0 0.609848 2.552792 -0.311236 -0.190316 0.950768 -0.244583 0.268066 0.142334 1 0 1.0
0 2.430189 2.645528 -1.367203 -0.182660 0.954870 -0.234218 0.268066 0.142334 1 0 1.0
Default
0 5.513664 3.111267 -1.497189 -0.040440 0.925272 -0.377143 0.268066 0.142334 1 0 1.0
0 5.428637 3.410155 -0.435694 -0.040440 0.925272 -0.377143 0.268066 0.142334 1 0 1.0
0 7.803455 3.106838 -1.434485 -0.042847 0.932802 -0.357833 0.268066 0.142334 1 0 1.0
Default
0 5.428637 3.410155 -0.435694 -0.040440 0.925272 -0.377143 0.268066 0.142334 1 0 1.0
0 7.797679 3.599218 -0.544973 -0.042847 0.932802 -0.357833 0.268066 0.142334 1 0 1.0
0 7.803455 3.106838 -1.434485 -0.042847 0.932802 -0.357833 0.268066 0.142334 1 0 1.0
Default
0 7.803455 3.106838 -1.434485 -0.042847 0.932802 -0.357833 0.268066 0.142334 1 0 1.0
0 7.797679 3.599218 -0.544973 -0.042847 0.932802 -0.357833 0.268066 0.142334 1 0 1.0
0 10.408422 3.555623 -1.015097 -0.045236 0.939926 -0.338367 0.268066 0.142334 1 0 1.0
Default
0 7.797679 3.599218 -0.544973 -0.042847 0.932802 -0.357833 0.268066 0.142334 1 0 1.0
0 10.402646 3.602503 -0.405093 -0.045236 0.939926 -0.338367 0.268066 0.142334 1 0 1.0
0 10.408422 3.555623 -1.015097 -0.045236 0.939926 -0.338367 0.268066 0.142334 1 0 1.0
Default
0 7.797679 1.785247 2.500031 0.083258 0.597449 0.797573 0.265137 0.140747 1 0 1.0
0 10.402646 1.788532 2.119591 0.083258 0.597449 0.797573 0.265137 0.140747 1 0 1.0
0 10.402646 2.799919 1.468027 0.083258 0.597449 0.797573 0.265137 0.140747 1 0 1.0
Default
0 7.797679 2.782131 1.647231 0.083258 0.597449 0.797573 0.265137 0.140747 1 0 1.0
0 7.797679 1.785247 2.500031 0.083258 0.597449 0.797573 0.265137 0.140747 1 0 1.0
0 10.402646 2.799919 1.468027 0.083258 0.597449 0.797573 0.265137 0.140747 1 0 1.0
Default
0 7.797679 0.408007 2.926276 0.098046 0.177035 0.979309 0.265137 0.140747 1 0 1.0
0 7.797679 0.000000 2.926276 0.098046 0.177035 0.979309 0.265137 0.140747 1 0 1.0
0 10.402646 0.000000 2.739231 0.098046 0.177035 0.979309 0.265137 0.140747 1 0 1.0
Default
0 10.402646 0.684304 2.541768 0.098046 0.177035 0.979309 0.265137 0.140747 1 0 1.0
0 7.797679 0.408007 2.926276 0.098046 0.177035 0.979309 0.265137 0.140747 1 0 1.0
0 10.402646 0.000000 2.739231 0.098046 0.177035 0.979309 0.265137 0.140747 1 0 1.0
Default
0 -10.597356 0.271314 0.361616 -0.114751 0.974442 -0.193121 0.265137 0.140747 1 0 1.0
0 -9.259637 0.582217 0.338633 -0.114751 0.974442 -0.193121 0.265137 0.140747 1 0 1.0
0 -9.119669 0.178794 -0.983249 -0.114751 0.974442 -0.193121 0.266602 0.142334 1 0 1.0
Default
0 -10.583359 0.271314 -0.443567 -0.114751 0.974442 -0.193121 0.265137 0.140747 1 0 1.0
0 -10.597356 0.271314 0.361616 -0.114751 0.974442 -0.193121 0.265137 0.140747 1 0 1.0
0 -9.119669 0.178794 -0.983249 -0.114751 0.974442 -0.193121 0.266602 0.142334 1 0 1.0
Default
0 -9.259637 0.582217 0.889049 -0.185095 0.975899 0.115589 0.265137 0.140747 1 0 1.0
0 -7.597354 0.788688 1.257289 -0.185095 0.975899 0.115589 0.265137 0.140747 1 0 1.0
0 -7.597354 0.924079 0.664620 -0.185095 0.975899 0.115589 0.265137 0.140747 1 0 1.0
Default
0 -9.259637 0.582217 0.338633 -0.185095 0.975899 0.115589 0.265137 0.140747 1 0 1.0
0 -9.259637 0.582217 0.889049 -0.185095 0.975899 0.115589 0.265137 0.140747 1 0 1.0
0 -7.597354 0.924079 0.664620 -0.185095 0.975899 0.115589 0.265137 0.140747 1 0 1.0
Default
0 -7.597354 0.924079 0.664620 -0.185095 0.975899 0.115589 0.265137 0.140747 1 0 1.0
0 -4.597355 1.231367 1.250637 -0.144426 0.984285 0.101605 0.265137 0.140747 1 0 1.0
0 -4.597355 1.470706 -0.366425 -0.144426 0.984285 0.101605 0.265137 0.140747 1 0 1.0
Default
0 -7.597354 0.924079 -0.036874 -0.144426 0.984285 0.101605 0.265137 0.140747 1 0 1.0
0 -7.597354 0.924079 0.664620 -0.185095 0.975899 0.115589 0.265137 0.140747 1 0 1.0
0 -4.597355 1.470706 -0.366425 -0.144426 0.984285 0.101605 0.265137 0.140747 1 0 1.0
Default
0 -2.661112 0.740042 -2.462254 -0.117345 0.377252 -0.918647 0.077515 0.232178 1 0 1.0
0 -2.661112 0.206210 -2.644560 -0.117345 0.377252 -0.918647 0.077515 0.232178 1 0 1.0
0 -4.597355 0.206210 -2.434149 -0.117345 0.377252 -0.918647 0.077515 0.232178 1 0 1.0
Default
0 -4.597355 0.740042 -2.178007 -0.117345 0.377252 -0.918647 0.077515 0.232178 1 0 1.0
0 -2.661112 0.740042 -2.462254 -0.117345 0.377252 -0.918647 0.077515 0.232178 1 0 1.0
0 -4.597355 0.206210 -2.434149 -0.117345 0.377252 -0.918647 0.077515 0.232178 1 0 1.0
Default
0 2.301940 1.134716 -2.748972 0.015637 0.063475 -0.997861 0.077515 0.232178 1 0 1.0
0 5.672485 1.632046 -2.592339 0.029173 0.079536 -0.996405 0.077515 0.232178 1 0 1.0
0 2.301940 0.000000 -2.748972 0.015637 0.063475 -0.997861 0.077515 0.232178 1 0 1.0
Default
0 5.672485 1.632046 -2.592339 0.029173 0.079536 -0.996405 0.077515 0.232178 1 0 1.0
0 5.660822 0.000000 -2.768519 0.029173 0.079536 -0.996405 0.077515 0.232178 1 0 1.0
0 2.301940 0.000000 -2.748972 0.015637 0.063475 -0.997861 0.077515 0.232178 1 0 1.0
Default
0 5.660822 0.000000 -2.768519 0.029173 0.079536 -0.996405 0.077515 0.232178 1 0 1.0
0 5.672485 1.632046 -2.592339 0.029173 0.079536 -0.996405 0.077515 0.232178 1 0 1.0
0 7.797679 1.655742 -2.517682 0.042696 0.095561 -0.994507 0.077515 0.232178 1 0 1.0
Default
0 7.797679 0.000000 -2.657922 0.042696 0.095561 -0.994507 0.077515 0.232178 1 0 1.0
0 5.660822 0.000000 -2.768519 0.029173 0.079536 -0.996405 0.077515 0.232178 1 0 1.0
0 7.797679 1.655742 -2.517682 0.042696 0.095561 -0.994507 0.077515 0.232178 1 0 1.0
Default
0 10.402646 1.743401 -2.365447 0.084291 0.041076 -0.995594 0.077515 0.232178 1 0 1.0
0 10.402646 0.000000 -2.365447 0.084291 0.041076 -0.995594 0.077515 0.232178 1 0 1.0
0 7.797679 0.000000 -2.657922 0.084291 0.041076 -0.995594 0.077515 0.232178 1 0 1.0
Default
0 7.797679 1.655742 -2.517682 0.084291 0.041076 -0.995594 0.077515 0.232178 1 0 1.0
0 10.402646 1.743401 -2.365447 0.084291 0.041076 -0.995594 0.077515 0.232178 1 0 1.0
0 7.797679 0.000000 -2.657922 0.084291 0.041076 -0.995594 0.077515 0.232178 1 0 1.0
Default
0 12.223781 3.279236 -0.008110 0.379821 0.892109 -0.244700 0.268066 0.142334 1 0 1.0
0 14.916013 2.362803 0.551269 0.379821 0.892109 -0.244700 0.268066 0.142334 1 0 1.0
0 14.613854 2.295491 0.115272 0.379821 0.892109 -0.244700 0.268066 0.142334 1 0 1.0
Default
0 12.380892 3.162702 -0.467507 0.379821 0.892109 -0.244700 0.268066 0.142334 1 0 1.0
0 12.223781 3.279236 -0.008110 0.379821 0.892109 -0.244700 0.268066 0.142334 1 0 1.0
0 14.613854 2.295491 0.115272 0.379821 0.892109 -0.244700 0.268066 0.142334 1 0 1.0
Default
0 -2.648023 1.339545 -2.056017 -0.117258 0.549591 -0.827164 0.077515 0.232178 1 0 1.0
0 -2.661112 0.740042 -2.462254 -0.117258 0.549591 -0.827164 0.077515 0.232178 1 0 1.0
0 -4.597355 0.740042 -2.178007 -0.117258 0.549591 -0.827164 0.077515 0.232178 1 0 1.0
Default
0 -4.584266 1.235386 -1.860508 -0.117258 0.549591 -0.827164 0.077515 0.232178 1 0 1.0
0 -2.648023 1.339545 -2.056017 -0.117258 0.549591 -0.827164 0.077515 0.232178 1 0 1.0
0 -4.597355 0.740042 -2.178007 -0.117258 0.549591 -0.827164 0.077515 0.232178 1 0 1.0
Default
0 2.350021 2.228971 -2.288481 -0.115031 0.370143 -0.921825 0.077515 0.232178 1 0 1.0
0 2.301940 1.134716 -2.748972 -0.115031 0.370143 -0.921825 0.077515 0.232178 1 0 1.0
0 0.609848 0.740042 -2.669186 -0.115031 0.370143 -0.921825 0.077515 0.232178 1 0 1.0
Default
0 0.622937 1.758360 -2.289042 -0.115031 0.370143 -0.921825 0.077515 0.232178 1 0 1.0
0 2.350021 2.228971 -2.288481 -0.115031 0.370143 -0.921825 0.077515 0.232178 1 0 1.0
0 0.609848 0.740042 -2.669186 -0.115031 0.370143 -0.921825 0.077515 0.232178 1 0 1.0
Default
0 2.350021 2.228971 -2.288481 -0.013894 0.391102 -0.920242 0.077515 0.232178 1 0 1.0
0 5.600228 2.359591 -2.278201 -0.013894 0.391102 -0.920242 0.077515 0.232178 1 0 1.0
0 2.301940 1.134716 -2.748972 -0.013894 0.391102 -0.920242 0.077515 0.232178 1 0 1.0
Default
0 5.600228 2.359591 -2.278201 -0.013894 0.391102 -0.920242 0.077515 0.232178 1 0 1.0
0 5.672485 1.632046 -2.592339 -0.013894 0.391102 -0.920242 0.077515 0.232178 1 0 1.0
0 2.301940 1.134716 -2.748972 -0.013894 0.391102 -0.920242 0.077515 0.232178 1 0 1.0
Default
0 5.600228 2.359591 -2.278201 -0.013894 0.391102 -0.920242 0.077515 0.232178 1 0 1.0
0 7.810768 2.639664 -2.077105 0.029814 0.393700 -0.918755 0.077515 0.232178 1 0 1.0
0 5.672485 1.632046 -2.592339 -0.013894 0.391102 -0.920242 0.077515 0.232178 1 0 1.0
Default
0 7.810768 2.639664 -2.077105 0.029814 0.393700 -0.918755 0.077515 0.232178 1 0 1.0
0 7.797679 1.655742 -2.517682 0.029814 0.393700 -0.918755 0.077515 0.232178 1 0 1.0
0 5.672485 1.632046 -2.592339 -0.013894 0.391102 -0.920242 0.077515 0.232178 1 0 1.0
Default
0 7.810768 2.639664 -2.077105 0.029814 0.393700 -0.918755 0.077515 0.232178 1 0 1.0
0 10.415735 2.946969 -1.897244 0.029798 0.383179 -0.923193 0.077515 0.232178 1 0 1.0
0 7.797679 1.655742 -2.517682 0.029814 0.393700 -0.918755 0.077515 0.232178 1 0 1.0
Default
0 10.415735 2.946969 -1.897244 0.029798 0.383179 -0.923193 0.077515 0.232178 1 0 1.0
0 10.402646 1.743401 -2.365447 0.029798 0.383179 -0.923193 0.077515 0.232178 1 0 1.0
0 7.797679 1.655742 -2.517682 0.029814 0.393700 -0.918755 0.077515 0.232178 1 0 1.0
Default
0 11.835647 1.513970 1.905581 0.188331 0.297106 0.936087 0.265137 0.140747 1 0 1.0
0 11.801529 0.608454 2.267860 0.188331 0.297106 0.936087 0.265137 0.140747 1 0 1.0
0 14.417883 0.492915 1.710135 0.188331 0.297106 0.936087 0.265137 0.140747 1 0 1.0
Default
0 14.421412 1.045518 1.602046 0.188331 0.297106 0.936087 0.265137 0.140747 1 0 1.0
0 11.835647 1.513970 1.905581 0.188331 0.297106 0.936087 0.265137 0.140747 1 0 1.0
0 14.417883 0.492915 1.710135 0.188331 0.297106 0.936087 0.265137 0.140747 1 0 1.0
Default
0 7.797679 1.785247 2.500031 0.120680 0.321152 0.939307 0.265137 0.140747 1 0 1.0
0 7.797679 0.408007 2.926276 0.120680 0.321152 0.939307 0.265137 0.140747 1 0 1.0
0 10.402646 0.684304 2.541768 0.120680 0.321152 0.939307 0.265137 0.140747 1 0 1.0
Default
0 10.402646 1.788532 2.119591 0.120680 0.321152 0.939307 0.265137 0.140747 1 0 1.0
0 7.797679 1.785247 2.500031 0.120680 0.321152 0.939307 0.265137 0.140747 1 0 1.0
0 10.402646 0.684304 2.541768 0.120680 0.321152 0.939307 0.265137 0.140747 1 0 1.0
Default
0 5.033197 1.789676 2.601588 0.052693 0.327151 0.943502 0.265137 0.140747 1 0 1.0
0 4.840040 0.412436 3.141221 0.052693 0.327151 0.943502 0.265137 0.140747 1 0 1.0
0 7.797679 0.408007 2.926276 0.052693 0.327151 0.943502 0.265137 0.140747 1 0 1.0
Default
0 7.797679 1.785247 2.500031 0.052693 0.327151 0.943502 0.265137 0.140747 1 0 1.0
0 5.033197 1.789676 2.601588 0.052693 0.327151 0.943502 0.265137 0.140747 1 0 1.0
0 7.797679 0.408007 2.926276 0.052693 0.327151 0.943502 0.265137 0.140747 1 0 1.0
Default
0 -2.661112 1.078048 2.324801 -0.077210 0.352563 0.932597 0.265137 0.140747 1 0 1.0
0 -2.661112 0.342139 2.791624 -0.077210 0.352563 0.932597 0.265137 0.140747 1 0 1.0
0 0.609865 0.419231 2.844667 -0.077210 0.352563 0.932597 0.265137 0.140747 1 0 1.0
Default
0 0.609848 1.496863 2.625889 -0.077210 0.352563 0.932597 0.265137 0.140747 1 0 1.0
0 -2.661112 1.078048 2.324801 -0.077210 0.352563 0.932597 0.265137 0.140747 1 0 1.0
0 0.609865 0.419231 2.844667 -0.077210 0.352563 0.932597 0.265137 0.140747 1 0 1.0
Default
0 -4.597355 0.973890 2.082209 -0.122767 0.550791 0.825565 0.265137 0.140747 1 0 1.0
0 -4.597355 0.604651 2.352705 -0.122767 0.550791 0.825565 0.265137 0.140747 1 0 1.0
0 -2.661112 0.342139 2.791624 -0.122767 0.550791 0.825565 0.265137 0.140747 1 0 1.0
Default
0 -2.661112 1.078048 2.324801 -0.122767 0.550791 0.825565 0.265137 0.140747 1 0 1.0
0 -4.597355 0.973890 2.082209 -0.122767 0.550791 0.825565 0.265137 0.140747 1 0 1.0
0 -2.661112 0.342139 2.791624 -0.122767 0.550791 0.825565 0.265137 0.140747 1 0 1.0
Default
0 -9.259637 0.582217 0.889049 -0.138549 0.826110 0.546211 0.265137 0.140747 1 0 1.0
0 -9.273636 0.185220 1.744799 -0.138549 0.826110 0.546211 0.265137 0.140747 1 0 1.0
0 -7.597354 0.342412 1.673385 -0.138549 0.826110 0.546211 0.265137 0.140747 1 0 1.0
Default
0 -7.597354 0.788688 1.257289 -0.138549 0.826110 0.546211 0.265137 0.140747 1 0 1.0
0 -9.259637 0.582217 0.889049 -0.138549 0.826110 0.546211 0.265137 0.140747 1 0 1.0
0 -7.597354 0.342412 1.673385 -0.138549 0.826110 0.546211 0.265137 0.140747 1 0 1.0
Default
0 -10.611353 0.000000 2.033896 0.018857 0.975049 0.221186 0.265137 0.140747 1 0 1.0
0 -10.597356 0.271314 1.197796 0.018857 0.975049 0.221186 0.265137 0.140747 1 0 1.0
0 -15.093652 0.103451 1.959983 0.018857 0.975049 0.221186 0.265137 0.140747 1 0 1.0
Default
0 -15.851769 0.000000 2.841778 0.018857 0.975049 0.221186 0.265137 0.140747 1 0 1.0
0 -10.611353 0.000000 2.033896 0.018857 0.975049 0.221186 0.265137 0.140747 1 0 1.0
0 -15.093652 0.103451 1.959983 0.018857 0.975049 0.221186 0.265137 0.140747 1 0 1.0
Default
0 15.821373 0.783807 1.101063 0.368145 0.146287 0.918188 0.265137 0.140747 1 0 1.0
0 14.421412 1.045518 1.602046 0.368145 0.146287 0.918188 0.265137 0.140747 1 0 1.0
0 14.417883 0.492915 1.710135 0.368145 0.146287 0.918188 0.265137 0.140747 1 0 1.0
Default
0 15.580230 0.251018 1.264002 0.368145 0.146287 0.918188 0.265137 0.140747 1 0 1.0
0 15.821373 0.783807 1.101063 0.368145 0.146287 0.918188 0.265137 0.140747 1 0 1.0
0 14.417883 0.492915 1.710135 0.368145 0.146287 0.918188 0.265137 0.140747 1 0 1.0
Default
0 12.764742 2.975026 -1.221243 0.232544 0.384111 -0.893522 0.077515 0.232178 1 0 1.0
0 13.513593 1.542652 -1.694705 0.232544 0.384111 -0.893522 0.077515 0.232178 1 0 1.0
0 10.402646 1.743401 -2.365447 0.232544 0.384111 -0.893522 0.077515 0.232178 1 0 1.0
Default
0 10.415735 2.946969 -1.897244 0.232544 0.384111 -0.893522 0.077515 0.232178 1 0 1.0
0 12.764742 2.975026 -1.221243 0.232544 0.384111 -0.893522 0.077515 0.232178 1 0 1.0
0 10.402646 1.743401 -2.365447 0.232544 0.384111 -0.893522 0.077515 0.232178 1 0 1.0
Default
0 13.513593 1.542652 -1.694705 0.194057 0.034922 -0.980368 0.077515 0.232178 1 0 1.0
0 13.188357 0.000000 -1.876136 0.194057 0.034922 -0.980368 0.077515 0.232178 1 0 1.0
0 10.402646 0.000000 -2.365447 0.194057 0.034922 -0.980368 0.077515 0.232178 1 0 1.0
Default
0 10.402646 1.743401 -2.365447 0.194057 0.034922 -0.980368 0.077515 0.232178 1 0 1.0
0 13.513593 1.542652 -1.694705 0.194057 0.034922 -0.980368 0.077515 0.232178 1 0 1.0
0 10.402646 0.000000 -2.365447 0.194057 0.034922 -0.980368 0.077515 0.232178 1 0 1.0
Default
0 2.973600 0.000000 5.193121 -0.051217 0.989876 0.132373 0.265137 0.140747 1 0 1.0
0 4.840040 0.412436 3.141221 -0.051217 0.989876 0.132373 0.265137 0.140747 1 0 1.0
0 2.452405 0.282034 2.882435 -0.051217 0.989876 0.132373 0.265137 0.140747 1 0 1.0
Default
0 1.303117 0.098515 4.120227 -0.051217 0.989876 0.132373 0.265137 0.140747 1 0 1.0
0 2.973600 0.000000 5.193121 -0.051217 0.989876 0.132373 0.265137 0.140747 1 0 1.0
0 2.452405 0.282034 2.882435 -0.051217 0.989876 0.132373 0.265137 0.140747 1 0 1.0
Default
0 1.333174 0.000000 5.738513 0.002420 0.998152 0.060719 0.265137 0.140747 1 0 1.0
0 2.973600 0.000000 5.193121 0.002420 0.998152 0.060719 0.265137 0.140747 1 0 1.0
0 1.303117 0.098515 4.120227 0.002420 0.998152 0.060719 0.265137 0.140747 1 0 1.0
Default
0 0.878946 0.000000 5.276605 0.002420 0.998152 0.060719 0.265137 0.140747 1 0 1.0
0 1.333174 0.000000 5.738513 0.002420 0.998152 0.060719 0.265137 0.140747 1 0 1.0
0 1.303117 0.098515 4.120227 0.002420 0.998152 0.060719 0.265137 0.140747 1 0 1.0
Default
0 2.353027 1.584442 2.701799 -0.028986 0.164257 0.985992 0.265137 0.140747 1 0 1.0
0 0.609848 1.496863 2.625889 -0.028986 0.164257 0.985992 0.265137 0.140747 1 0 1.0
0 2.452405 0.282034 2.882435 -0.028986 0.164257 0.985992 0.265137 0.140747 1 0 1.0
Default
0 0.609848 1.496863 2.625889 -0.028986 0.164257 0.985992 0.265137 0.140747 1 0 1.0
0 0.609865 0.419231 2.844667 -0.028986 0.164257 0.985992 0.265137 0.140747 1 0 1.0
0 2.452405 0.282034 2.882435 -0.028986 0.164257 0.985992 0.265137 0.140747 1 0 1.0
Default
0 0.609865 0.419231 2.844667 -0.028986 0.164257 0.985992 0.265137 0.140747 1 0 1.0
0 -2.661112 0.342139 2.791624 -0.008659 0.194866 0.980792 0.265137 0.140747 1 0 1.0
0 0.563863 0.000000 2.888073 -0.008659 0.194866 0.980792 0.265137 0.140747 1 0 1.0
Default
0 -2.661112 0.342139 2.791624 -0.008659 0.194866 0.980792 0.265137 0.140747 1 0 1.0
0 -2.661111 0.000000 2.899083 -0.008659 0.194866 0.980792 0.265137 0.140747 1 0 1.0
0 0.563863 0.000000 2.888073 -0.008659 0.194866 0.980792 0.265137 0.140747 1 0 1.0
Default
0 0.622937 1.758360 -2.289042 -0.088164 0.436617 -0.895317 0.077515 0.232178 1 0 1.0
0 0.609848 0.740042 -2.669186 -0.088164 0.436617 -0.895317 0.077515 0.232178 1 0 1.0
0 -2.661112 0.740042 -2.462254 -0.088164 0.436617 -0.895317 0.077515 0.232178 1 0 1.0
Default
0 -2.648023 1.339545 -2.056017 -0.088164 0.436617 -0.895317 0.077515 0.232178 1 0 1.0
0 0.622937 1.758360 -2.289042 -0.088164 0.436617 -0.895317 0.077515 0.232178 1 0 1.0
0 -2.661112 0.740042 -2.462254 -0.088164 0.436617 -0.895317 0.077515 0.232178 1 0 1.0
Default
0 0.609848 0.740042 -2.669186 -0.034870 0.168213 -0.985134 0.077515 0.232178 1 0 1.0
0 0.609848 0.206210 -2.669186 -0.034870 0.168213 -0.985134 0.077515 0.232178 1 0 1.0
0 -2.661112 0.206210 -2.644560 -0.034870 0.168213 -0.985134 0.077515 0.232178 1 0 1.0
Default
0 -2.661112 0.740042 -2.462254 -0.034870 0.168213 -0.985134 0.077515 0.232178 1 0 1.0
0 0.609848 0.740042 -2.669186 -0.034870 0.168213 -0.985134 0.077515 0.232178 1 0 1.0
0 -2.661112 0.206210 -2.644560 -0.034870 0.168213 -0.985134 0.077515 0.232178 1 0 1.0
Default
0 0.609848 1.496863 2.625889 -0.076177 0.849256 0.522458 0.265137 0.140747 1 0 1.0
0 2.353027 1.584442 2.701799 -0.076177 0.849256 0.522458 0.265137 0.140747 1 0 1.0
0 2.353028 2.312182 1.554750 -0.076177 0.849256 0.522458 0.265137 0.140747 1 0 1.0
Default
0 0.609848 2.160756 1.510838 -0.076177 0.849256 0.522458 0.265137 0.140747 1 0 1.0
0 0.609848 1.496863 2.625889 -0.076177 0.849256 0.522458 0.265137 0.140747 1 0 1.0
0 2.353028 2.312182 1.554750 -0.076177 0.849256 0.522458 0.265137 0.140747 1 0 1.0
Default
0 -5.655963 0.596860 -2.029473 -0.391535 0.000000 -0.920163 0.077515 0.232178 1 0 1.0
0 -5.655963 0.218109 -2.029473 -0.391535 0.000000 -0.920163 0.077515 0.232178 1 0 1.0
0 -7.597354 0.167138 -1.203400 -0.391535 0.000000 -0.920163 0.077515 0.232178 1 0 1.0
Default
0 -7.597354 0.334277 -1.203400 -0.391535 0.000000 -0.920163 0.077515 0.232178 1 0 1.0
0 -5.655963 0.596860 -2.029473 -0.391535 0.000000 -0.920163 0.077515 0.232178 1 0 1.0
0 -7.597354 0.167138 -1.203400 -0.391535 0.000000 -0.920163 0.077515 0.232178 1 0 1.0
Default
0 -7.103794 0.059172 2.728975 -0.062129 0.992874 0.101690 0.265137 0.140747 1 0 1.0
0 -4.597355 0.206210 2.510533 -0.062129 0.992874 0.101690 0.265137 0.140747 1 0 1.0
0 -6.643938 0.179555 1.834540 -0.062129 0.992874 0.101690 0.265137 0.140747 1 0 1.0
Default
0 -7.788169 0.039637 2.187431 -0.062129 0.992874 0.101690 0.265137 0.140747 1 0 1.0
0 -7.103794 0.059172 2.728975 -0.062129 0.992874 0.101690 0.265137 0.140747 1 0 1.0
0 -6.643938 0.179555 1.834540 -0.062129 0.992874 0.101690 0.265137 0.140747 1 0 1.0
Default
0 0.615625 2.179015 -1.403611 -0.230359 0.886428 -0.401473 0.077515 0.232178 1 0 1.0
0 2.430189 2.645528 -1.367203 -0.230359 0.886428 -0.401473 0.077515 0.232178 1 0 1.0
0 2.350021 2.228971 -2.288481 -0.230359 0.886428 -0.401473 0.077515 0.232178 1 0 1.0
Default
0 0.622937 1.758360 -2.289042 -0.230359 0.886428 -0.401473 0.077515 0.232178 1 0 1.0
0 0.615625 2.179015 -1.403611 -0.230359 0.886428 -0.401473 0.077515 0.232178 1 0 1.0
0 2.350021 2.228971 -2.288481 -0.230359 0.886428 -0.401473 0.077515 0.232178 1 0 1.0
Default
0 15.800753 1.414803 0.517881 0.551317 0.743893 0.377721 0.046509 0.229126 1 0 1.0
0 15.416073 1.687147 0.400424 0.551317 0.743893 0.377721 0.046509 0.229126 1 0 1.0
0 15.266452 1.669965 0.795217 0.551317 0.743893 0.377721 0.046509 0.229126 1 0 1.0
Default
0 15.893843 1.129591 0.801143 0.551317 0.743893 0.377721 0.046509 0.229126 1 0 1.0
0 15.800753 1.414803 0.517881 0.551317 0.743893 0.377721 0.046509 0.229126 1 0 1.0
0 15.266452 1.669965 0.795217 0.551317 0.743893 0.377721 0.046509 0.229126 1 0 1.0
Default
0 12.380892 3.162702 -0.467507 0.377954 0.924309 -0.052958 0.077515 0.232178 1 0 1.0
0 14.613854 2.295491 0.115272 0.377954 0.924309 -0.052958 0.077515 0.232178 1 0 1.0
0 14.920095 2.140673 -0.183673 0.377954 0.924309 -0.052958 0.077515 0.232178 1 0 1.0
Default
0 12.764742 2.975026 -1.221243 0.377954 0.924309 -0.052958 0.077515 0.232178 1 0 1.0
0 12.380892 3.162702 -0.467507 0.377954 0.924309 -0.052958 0.077515 0.232178 1 0 1.0
0 14.920095 2.140673 -0.183673 0.377954 0.924309 -0.052958 0.077515 0.232178 1 0 1.0
Default
0 7.803455 3.106838 -1.434485 -0.052125 0.815742 -0.576063 0.077515 0.232178 1 0 1.0
0 10.408422 3.555623 -1.015097 -0.052125 0.815742 -0.576063 0.077515 0.232178 1 0 1.0
0 10.415735 2.946969 -1.897244 -0.052125 0.815742 -0.576063 0.077515 0.232178 1 0 1.0
Default
0 7.810768 2.639664 -2.077105 -0.052125 0.815742 -0.576063 0.077515 0.232178 1 0 1.0
0 7.803455 3.106838 -1.434485 -0.052125 0.815742 -0.576063 0.077515 0.232178 1 0 1.0
0 10.415735 2.946969 -1.897244 -0.052125 0.815742 -0.576063 0.077515 0.232178 1 0 1.0
Default
0 5.513664 3.111267 -1.497189 -0.008368 0.759328 -0.650655 0.077515 0.232178 1 0 1.0
0 7.803455 3.106838 -1.434485 -0.008368 0.759328 -0.650655 0.077515 0.232178 1 0 1.0
0 7.810768 2.639664 -2.077105 -0.008368 0.759328 -0.650655 0.077515 0.232178 1 0 1.0
Default
0 5.600228 2.359591 -2.278201 -0.008368 0.759328 -0.650655 0.077515 0.232178 1 0 1.0
0 5.513664 3.111267 -1.497189 -0.008368 0.759328 -0.650655 0.077515 0.232178 1 0 1.0
0 7.810768 2.639664 -2.077105 -0.008368 0.759328 -0.650655 0.077515 0.232178 1 0 1.0
Default
0 2.430189 2.645528 -1.367203 -0.087975 0.821163 -0.563871 0.077515 0.232178 1 0 1.0
0 5.513664 3.111267 -1.497189 -0.087975 0.821163 -0.563871 0.077515 0.232178 1 0 1.0
0 5.600228 2.359591 -2.278201 -0.087975 0.821163 -0.563871 0.077515 0.232178 1 0 1.0
Default
0 2.350021 2.228971 -2.288481 -0.087975 0.821163 -0.563871 0.077515 0.232178 1 0 1.0
0 2.430189 2.645528 -1.367203 -0.087975 0.821163 -0.563871 0.077515 0.232178 1 0 1.0
0 5.600228 2.359591 -2.278201 -0.087975 0.821163 -0.563871 0.077515 0.232178 1 0 1.0
Default
0 -2.655336 1.760201 -1.352606 -0.131762 0.885408 -0.445749 0.077515 0.232178 1 0 1.0
0 0.615625 2.179015 -1.403611 -0.132277 0.875482 -0.464795 0.077515 0.232178 1 0 1.0
0 0.622937 1.758360 -2.289042 -0.132277 0.875482 -0.464795 0.077515 0.232178 1 0 1.0
Default
0 -2.648023 1.339545 -2.056017 -0.131762 0.885408 -0.445749 0.077515 0.232178 1 0 1.0
0 -2.655336 1.760201 -1.352606 -0.131762 0.885408 -0.445749 0.077515 0.232178 1 0 1.0
0 0.622937 1.758360 -2.289042 -0.132277 0.875482 -0.464795 0.077515 0.232178 1 0 1.0
Default
0 -4.591579 1.519167 -1.081291 -0.131187 0.894925 -0.426497 0.077515 0.232178 1 0 1.0
0 -2.655336 1.760201 -1.352606 -0.131762 0.885408 -0.445749 0.077515 0.232178 1 0 1.0
0 -2.648023 1.339545 -2.056017 -0.131762 0.885408 -0.445749 0.077515 0.232178 1 0 1.0
Default
0 -4.584266 1.235386 -1.860508 -0.131187 0.894925 -0.426497 0.077515 0.232178 1 0 1.0
0 -4.591579 1.519167 -1.081291 -0.131187 0.894925 -0.426497 0.077515 0.232178 1 0 1.0
0 -2.648023 1.339545 -2.056017 -0.131762 0.885408 -0.445749 0.077515 0.232178 1 0 1.0
Default
0 14.906969 2.279493 0.091689 0.710827 0.701576 0.050161 0.046509 0.229126 1 0 1.0
0 15.452848 1.683361 0.262011 0.710827 0.701576 0.050161 0.046509 0.229126 1 0 1.0
0 15.500707 1.687983 -0.048970 0.710827 0.701576 0.050161 0.046509 0.229126 1 0 1.0
Default
0 14.950513 2.220655 -0.134308 0.710827 0.701576 0.050161 0.046509 0.229126 1 0 1.0
0 14.906969 2.279493 0.091689 0.710827 0.701576 0.050161 0.046509 0.229126 1 0 1.0
0 15.500707 1.687983 -0.048970 0.710827 0.701576 0.050161 0.046509 0.229126 1 0 1.0
Default
0 14.956264 2.411175 0.495214 0.846100 0.526217 0.084908 0.046509 0.229126 1 0 1.0
0 15.266452 1.669965 0.795217 0.846100 0.526217 0.084908 0.046509 0.229126 1 0 1.0
0 15.416073 1.687147 0.400424 0.846100 0.526217 0.084908 0.046509 0.229126 1 0 1.0
Default
0 14.915096 2.323852 0.243978 0.846100 0.526217 0.084908 0.046509 0.229126 1 0 1.0
0 14.956264 2.411175 0.495214 0.846100 0.526217 0.084908 0.046509 0.229126 1 0 1.0
0 15.416073 1.687147 0.400424 0.846100 0.526217 0.084908 0.046509 0.229126 1 0 1.0
Default
0 15.580230 0.251018 1.264002 0.381309 0.064499 0.922195 0.265137 0.140747 1 0 1.0
0 14.417883 0.492915 1.710135 0.381309 0.064499 0.922195 0.265137 0.140747 1 0 1.0
0 14.417883 0.000000 1.762166 0.381309 0.064499 0.922195 0.265137 0.140747 1 0 1.0
Default
0 15.580230 0.000000 1.264002 0.381309 0.064499 0.922195 0.265137 0.140747 1 0 1.0
0 15.580230 0.251018 1.264002 0.381309 0.064499 0.922195 0.265137 0.140747 1 0 1.0
0 14.417883 0.000000 1.762166 0.381309 0.064499 0.922195 0.265137 0.140747 1 0 1.0
Default
0 15.757090 1.300615 -0.262169 0.547878 0.698077 -0.460997 0.077515 0.232178 1 0 1.0
0 15.639871 1.300615 -0.383341 0.547878 0.698077 -0.460997 0.077515 0.232178 1 0 1.0
0 15.486482 1.623262 -0.095200 0.547878 0.698077 -0.460997 0.077515 0.232178 1 0 1.0
Default
0 15.910973 1.375801 0.052705 0.547878 0.698077 -0.460997 0.077515 0.232178 1 0 1.0
0 15.757090 1.300615 -0.262169 0.547878 0.698077 -0.460997 0.077515 0.232178 1 0 1.0
0 15.486482 1.623262 -0.095200 0.547878 0.698077 -0.460997 0.077515 0.232178 1 0 1.0
Default
0 15.874397 1.412989 0.128737 0.564447 0.814778 0.132423 0.046509 0.229126 1 0 1.0
0 15.500707 1.687983 -0.048970 0.564447 0.814778 0.132423 0.046509 0.229126 1 0 1.0
0 15.452848 1.683361 0.262011 0.564447 0.814778 0.132423 0.046509 0.229126 1 0 1.0
Default
0 15.807674 1.410447 0.350228 0.564447 0.814778 0.132423 0.046509 0.229126 1 0 1.0
0 15.874397 1.412989 0.128737 0.564447 0.814778 0.132423 0.046509 0.229126 1 0 1.0
0 15.452848 1.683361 0.262011 0.564447 0.814778 0.132423 0.046509 0.229126 1 0 1.0
Default
0 15.910973 0.000000 -0.079330 0.848471 0.026077 -0.528598 0.077515 0.232178 1 0 1.0
0 15.757090 0.000000 -0.262169 0.843622 0.025492 -0.536332 0.077515 0.232178 1 0 1.0
0 15.910973 1.375801 0.052705 0.848471 0.026077 -0.528598 0.077515 0.232178 1 0 1.0
Default
0 15.757090 0.000000 -0.262169 0.843622 0.025492 -0.536332 0.077515 0.232178 1 0 1.0
0 15.757090 1.300615 -0.262169 0.843622 0.025492 -0.536332 0.077515 0.232178 1 0 1.0
0 15.910973 1.375801 0.052705 0.848471 0.026077 -0.528598 0.077515 0.232178 1 0 1.0
Default
0 15.757090 0.000000 -0.262169 0.843622 0.025492 -0.536332 0.077515 0.232178 1 0 1.0
0 15.639871 0.000000 -0.502424 0.838702 0.024905 -0.544021 0.077515 0.232178 1 0 1.0
0 15.757090 1.300615 -0.262169 0.843622 0.025492 -0.536332 0.077515 0.232178 1 0 1.0
Default
0 15.639871 0.000000 -0.502424 0.838702 0.024905 -0.544021 0.077515 0.232178 1 0 1.0
0 15.639871 1.300615 -0.383341 0.838702 0.024905 -0.544021 0.077515 0.232178 1 0 1.0
0 15.757090 1.300615 -0.262169 0.843622 0.025492 -0.536332 0.077515 0.232178 1 0 1.0
Default
0 15.765690 0.000000 1.112278 0.612994 -0.024426 0.789710 0.265137 0.140747 1 0 1.0
0 15.821373 0.783807 1.101063 0.612994 -0.024426 0.789710 0.265137 0.140747 1 0 1.0
0 15.580230 0.251018 1.264002 0.612994 -0.024426 0.789710 0.265137 0.140747 1 0 1.0
Default
0 15.580230 0.000000 1.264002 0.612994 -0.024426 0.789710 0.265137 0.140747 1 0 1.0
0 15.765690 0.000000 1.112278 0.612994 -0.024426 0.789710 0.265137 0.140747 1 0 1.0
0 15.580230 0.251018 1.264002 0.612994 -0.024426 0.789710 0.265137 0.140747 1 0 1.0
Default
0 15.780832 0.000000 0.110511 0.897649 -0.065063 0.435881 0.046509 0.229126 1 0 1.0
0 15.874633 0.000000 0.001800 0.900302 -0.052382 0.432102 0.046509 0.229126 1 0 1.0
0 15.807674 1.410447 0.350228 0.897649 -0.065063 0.435881 0.046509 0.229126 1 0 1.0
Default
0 15.874633 0.000000 0.001800 0.900302 -0.052382 0.432102 0.046509 0.229126 1 0 1.0
0 15.874397 1.412989 0.128737 0.900302 -0.052382 0.432102 0.046509 0.229126 1 0 1.0
0 15.807674 1.410447 0.350228 0.897649 -0.065063 0.435881 0.046509 0.229126 1 0 1.0
Default
0 15.910973 1.375801 0.052705 0.902791 -0.039691 0.428243 0.046509 0.229126 1 0 1.0
0 15.874397 1.412989 0.128737 0.900302 -0.052382 0.432102 0.046509 0.229126 1 0 1.0
0 15.874633 0.000000 0.001800 0.900302 -0.052382 0.432102 0.046509 0.229126 1 0 1.0
Default
0 15.910973 0.000000 -0.079330 0.902791 -0.039691 0.428243 0.046509 0.229126 1 0 1.0
0 15.910973 1.375801 0.052705 0.902791 -0.039691 0.428243 0.046509 0.229126 1 0 1.0
0 15.874633 0.000000 0.001800 0.900302 -0.052382 0.432102 0.046509 0.229126 1 0 1.0
Default
0 15.873184 0.000000 0.894039 0.942306 -0.025866 0.333753 0.265137 0.140747 1 0 1.0
0 15.873184 1.100040 0.894039 0.942306 -0.025866 0.333753 0.265137 0.140747 1 0 1.0
0 15.821373 0.783807 1.101063 0.942306 -0.025866 0.333753 0.265137 0.140747 1 0 1.0
Default
0 15.765690 0.000000 1.112278 0.942306 -0.025866 0.333753 0.265137 0.140747 1 0 1.0
0 15.873184 0.000000 0.894039 0.942306 -0.025866 0.333753 0.265137 0.140747 1 0 1.0
0 15.821373 0.783807 1.101063 0.942306 -0.025866 0.333753 0.265137 0.140747 1 0 1.0
Default
0 15.873184 1.100040 0.894039 0.689061 0.721174 -0.071436 0.046509 0.229126 1 0 1.0
0 15.893843 1.129591 0.801143 0.689061 0.721174 -0.071436 0.046509 0.229126 1 0 1.0
0 15.266452 1.669965 0.795217 0.689061 0.721174 -0.071436 0.046509 0.229126 1 0 1.0
Default
0 15.244832 1.755600 0.860689 0.689061 0.721174 -0.071436 0.046509 0.229126 1 0 1.0
0 15.873184 1.100040 0.894039 0.689061 0.721174 -0.071436 0.046509 0.229126 1 0 1.0
0 15.266452 1.669965 0.795217 0.689061 0.721174 -0.071436 0.046509 0.229126 1 0 1.0
Default
0 15.244832 1.755600 0.860689 0.820775 0.507492 0.262261 0.046509 0.229126 1 0 1.0
0 15.266452 1.669965 0.795217 0.820775 0.507492 0.262261 0.046509 0.229126 1 0 1.0
0 14.956264 2.411175 0.495214 0.820775 0.507492 0.262261 0.046509 0.229126 1 0 1.0
Default
0 14.916013 2.362803 0.551269 0.820775 0.507492 0.262261 0.046509 0.229126 1 0 1.0
0 15.244832 1.755600 0.860689 0.820775 0.507492 0.262261 0.046509 0.229126 1 0 1.0
0 14.956264 2.411175 0.495214 0.820775 0.507492 0.262261 0.046509 0.229126 1 0 1.0
Default
0 14.613854 2.295491 0.115272 0.453660 0.190129 -0.870657 0.046509 0.229126 1 0 1.0
0 14.915096 2.323852 0.243978 0.453660 0.190129 -0.870657 0.046509 0.229126 1 0 1.0
0 15.416073 1.687147 0.400424 0.453660 0.190129 -0.870657 0.046509 0.229126 1 0 1.0
Default
0 15.275270 1.746180 0.305500 0.453660 0.190129 -0.870657 0.046509 0.229126 1 0 1.0
0 14.613854 2.295491 0.115272 0.453660 0.190129 -0.870657 0.046509 0.229126 1 0 1.0
0 15.416073 1.687147 0.400424 0.453660 0.190129 -0.870657 0.046509 0.229126 1 0 1.0
Default
0 14.685437 2.530172 0.214730 -0.839788 -0.076019 0.537565 0.268066 0.142334 1 0 1.0
0 14.613854 2.295491 0.115272 -0.839788 -0.076019 0.537565 0.268066 0.142334 1 0 1.0
0 14.916013 2.362803 0.551269 -0.839788 -0.076019 0.537565 0.268066 0.142334 1 0 1.0
Default
0 14.731938 2.555844 0.336560 -0.839788 -0.076019 0.537565 0.268066 0.142334 1 0 1.0
0 14.685437 2.530172 0.214730 -0.839788 -0.076019 0.537565 0.268066 0.142334 1 0 1.0
0 14.916013 2.362803 0.551269 -0.839788 -0.076019 0.537565 0.268066 0.142334 1 0 1.0
Default
0 15.275270 1.746180 0.305500 0.338689 0.825931 0.450696 0.046509 0.229126 1 0 1.0
0 15.416073 1.687147 0.400424 0.338689 0.825931 0.450696 0.046509 0.229126 1 0 1.0
0 15.800753 1.414803 0.517881 0.338689 0.825931 0.450696 0.046509 0.229126 1 0 1.0
Default
0 15.541308 1.655436 0.364426 0.338689 0.825931 0.450696 0.046509 0.229126 1 0 1.0
0 15.275270 1.746180 0.305500 0.338689 0.825931 0.450696 0.046509 0.229126 1 0 1.0
0 15.800753 1.414803 0.517881 0.338689 0.825931 0.450696 0.046509 0.229126 1 0 1.0
Default
0 15.153994 0.000000 0.247295 0.085900 -0.112058 0.989982 0.044952 0.198120 1 0 1.0
0 15.780832 0.000000 0.110511 0.085900 -0.112058 0.989982 0.044952 0.198120 1 0 1.0
0 15.807674 1.410447 0.350228 0.085900 -0.112058 0.989982 0.044952 0.198120 1 0 1.0
Default
0 15.153161 1.177515 0.298258 0.085900 -0.112058 0.989982 0.044952 0.198120 1 0 1.0
0 15.153994 0.000000 0.247295 0.085900 -0.112058 0.989982 0.044952 0.198120 1 0 1.0
0 15.807674 1.410447 0.350228 0.085900 -0.112058 0.989982 0.044952 0.198120 1 0 1.0
Default
0 15.486482 1.623262 -0.095200 0.610565 0.659666 -0.438237 0.046509 0.229126 1 0 1.0
0 15.500707 1.687983 -0.048970 0.610565 0.659666 -0.438237 0.046509 0.229126 1 0 1.0
0 15.874397 1.412989 0.128737 0.610565 0.659666 -0.438237 0.046509 0.229126 1 0 1.0
Default
0 15.910973 1.375801 0.052705 0.610565 0.659666 -0.438237 0.046509 0.229126 1 0 1.0
0 15.486482 1.623262 -0.095200 0.610565 0.659666 -0.438237 0.046509 0.229126 1 0 1.0
0 15.874397 1.412989 0.128737 0.610565 0.659666 -0.438237 0.046509 0.229126 1 0 1.0
Default
0 14.920095 2.140673 -0.183673 0.477870 0.376788 -0.793518 0.046509 0.229126 1 0 1.0
0 14.950513 2.220655 -0.134308 0.477870 0.376788 -0.793518 0.046509 0.229126 1 0 1.0
0 15.500707 1.687983 -0.048970 0.477870 0.376788 -0.793518 0.046509 0.229126 1 0 1.0
Default
0 15.486482 1.623262 -0.095200 0.477870 0.376788 -0.793518 0.046509 0.229126 1 0 1.0
0 14.920095 2.140673 -0.183673 0.477870 0.376788 -0.793518 0.046509 0.229126 1 0 1.0
0 15.500707 1.687983 -0.048970 0.477870 0.376788 -0.793518 0.046509 0.229126 1 0 1.0
Default
0 15.275270 1.746180 0.305500 0.202149 0.481504 0.852813 0.046509 0.229126 1 0 1.0
0 15.452848 1.683361 0.262011 0.202149 0.481504 0.852813 0.046509 0.229126 1 0 1.0
0 14.906969 2.279493 0.091689 0.202149 0.481504 0.852813 0.046509 0.229126 1 0 1.0
Default
0 14.613854 2.295491 0.115272 0.202149 0.481504 0.852813 0.046509 0.229126 1 0 1.0
0 15.275270 1.746180 0.305500 0.202149 0.481504 0.852813 0.046509 0.229126 1 0 1.0
0 14.906969 2.279493 0.091689 0.202149 0.481504 0.852813 0.046509 0.229126 1 0 1.0
Default
0 14.613854 2.295491 0.115272 -0.138419 0.881682 -0.451084 0.046509 0.229126 1 0 1.0
0 14.906969 2.279493 0.091689 -0.138419 0.881682 -0.451084 0.046509 0.229126 1 0 1.0
0 14.950513 2.220655 -0.134308 -0.138419 0.881682 -0.451084 0.046509 0.229126 1 0 1.0
Default
0 14.920095 2.140673 -0.183673 -0.138419 0.881682 -0.451084 0.046509 0.229126 1 0 1.0
0 14.613854 2.295491 0.115272 -0.138419 0.881682 -0.451084 0.046509 0.229126 1 0 1.0
0 14.950513 2.220655 -0.134308 -0.138419 0.881682 -0.451084 0.046509 0.229126 1 0 1.0
Default
0 15.541308 1.655436 0.364426 0.532282 0.812352 -0.238246 0.046509 0.229126 1 0 1.0
0 15.807674 1.410447 0.350228 0.532282 0.812352 -0.238246 0.046509 0.229126 1 0 1.0
0 15.452848 1.683361 0.262011 0.532282 0.812352 -0.238246 0.046509 0.229126 1 0 1.0
Default
0 15.275270 1.746180 0.305500 0.532282 0.812352 -0.238246 0.046509 0.229126 1 0 1.0
0 15.541308 1.655436 0.364426 0.532282 0.812352 -0.238246 0.046509 0.229126 1 0 1.0
0 15.452848 1.683361 0.262011 0.532282 0.812352 -0.238246 0.046509 0.229126 1 0 1.0
Default
0 6.811232 4.425657 -1.611135 -0.249306 -0.829720 -0.499410 0.265137 0.140747 1 0 1.0
0 8.640965 3.443021 -0.526366 -0.249306 -0.829720 -0.499410 0.265137 0.140747 1 0 1.0
0 7.898860 3.132158 -0.005061 -0.249306 -0.829720 -0.499410 0.265137 0.140747 1 0 1.0
Default
0 6.643695 3.723553 0.004599 -0.249306 -0.829720 -0.499410 0.265137 0.140747 1 0 1.0
0 6.811232 4.425657 -1.611135 -0.249306 -0.829720 -0.499410 0.265137 0.140747 1 0 1.0
0 7.898860 3.132158 -0.005061 -0.249306 -0.829720 -0.499410 0.265137 0.140747 1 0 1.0
Default
0 6.723439 3.818275 0.043440 0.252089 0.831819 0.494499 0.265137 0.140747 1 0 1.0
0 7.978605 3.226880 0.033779 0.252089 0.831819 0.494499 0.265137 0.140747 1 0 1.0
0 8.654848 3.586047 -0.550526 0.252089 0.831819 0.494499 0.265137 0.140747 1 0 1.0
Default
0 6.825116 4.568683 -1.635295 0.252089 0.831819 0.494499 0.265137 0.140747 1 0 1.0
0 6.723439 3.818275 0.043440 0.252089 0.831819 0.494499 0.265137 0.140747 1 0 1.0
0 8.654848 3.586047 -0.550526 0.252089 0.831819 0.494499 0.265137 0.140747 1 0 1.0
Default
0 6.643695 3.723553 0.004599 -0.126262 -0.283504 0.950623 0.265137 0.140747 1 0 1.0
0 7.898860 3.132158 -0.005061 -0.126262 -0.283504 0.950623 0.265137 0.140747 1 0 1.0
0 7.978605 3.226880 0.033779 -0.126262 -0.283504 0.950623 0.265137 0.140747 1 0 1.0
Default
0 6.723439 3.818275 0.043440 -0.126262 -0.283504 0.950623 0.265137 0.140747 1 0 1.0
0 6.643695 3.723553 0.004599 -0.126262 -0.283504 0.950623 0.265137 0.140747 1 0 1.0
0 7.978605 3.226880 0.033779 -0.126262 -0.283504 0.950623 0.265137 0.140747 1 0 1.0
Default
0 6.825116 4.568683 -1.635295 0.422816 -0.190695 -0.885924 0.265137 0.140747 1 0 1.0
0 8.654848 3.586047 -0.550526 0.422816 -0.190695 -0.885924 0.265137 0.140747 1 0 1.0
0 8.640965 3.443021 -0.526366 0.422816 -0.190695 -0.885924 0.265137 0.140747 1 0 1.0
Default
0 6.811232 4.425657 -1.611135 0.422816 -0.190695 -0.885924 0.265137 0.140747 1 0 1.0
0 6.825116 4.568683 -1.635295 0.422816 -0.190695 -0.885924 0.265137 0.140747 1 0 1.0
0 8.640965 3.443021 -0.526366 0.422816 -0.190695 -0.885924 0.265137 0.140747 1 0 1.0
Default
0 2.452405 0.000000 2.881625 -0.006134 0.061030 0.998117 0.265137 0.140747 1 0 1.0
0 2.452405 0.282034 2.882435 -0.006134 0.061030 0.998117 0.265137 0.140747 1 0 1.0
0 0.609865 0.419231 2.844667 -0.006134 0.061030 0.998117 0.265137 0.140747 1 0 1.0
Default
0 0.563863 0.000000 2.888073 -0.006134 0.061030 0.998117 0.265137 0.140747 1 0 1.0
0 2.452405 0.000000 2.881625 -0.006134 0.061030 0.998117 0.265137 0.140747 1 0 1.0
0 0.609865 0.419231 2.844667 -0.006134 0.061030 0.998117 0.265137 0.140747 1 0 1.0
Default
0 -4.597355 0.000000 2.510533 -0.173761 0.189384 0.966406 0.265137 0.140747 1 0 1.0
0 -2.661111 0.000000 2.899083 -0.173761 0.189384 0.966406 0.265137 0.140747 1 0 1.0
0 -2.661112 0.342139 2.791624 -0.173761 0.189384 0.966406 0.265137 0.140747 1 0 1.0
Default
0 -4.597355 0.206210 2.510533 -0.173761 0.189384 0.966406 0.265137 0.140747 1 0 1.0
0 -4.597355 0.000000 2.510533 -0.173761 0.189384 0.966406 0.265137 0.140747 1 0 1.0
0 -2.661112 0.342139 2.791624 -0.173761 0.189384 0.966406 0.265137 0.140747 1 0 1.0
Default
0 13.513593 1.542652 -1.694705 0.533797 0.488530 -0.690216 0.077515 0.232178 1 0 1.0
0 14.920095 2.140673 -0.183673 0.533797 0.488530 -0.690216 0.077515 0.232178 1 0 1.0
0 15.486482 1.623262 -0.095200 0.542329 0.475187 -0.692876 0.077515 0.232178 1 0 1.0
Default
0 13.513593 1.542652 -1.694705 0.533797 0.488530 -0.690216 0.077515 0.232178 1 0 1.0
0 12.764742 2.975026 -1.221243 0.525129 0.501748 -0.687378 0.077515 0.232178 1 0 1.0
0 14.920095 2.140673 -0.183673 0.533797 0.488530 -0.690216 0.077515 0.232178 1 0 1.0
Default
0 10.402646 3.602503 -0.405093 0.212068 0.970349 -0.115976 0.268066 0.142334 1 0 1.0
0 12.223781 3.279236 -0.008110 0.212068 0.970349 -0.115976 0.268066 0.142334 1 0 1.0
0 12.380892 3.162702 -0.467507 0.212068 0.970349 -0.115976 0.268066 0.142334 1 0 1.0
Default
0 10.408422 3.555623 -1.015097 0.212068 0.970349 -0.115976 0.268066 0.142334 1 0 1.0
0 10.402646 3.602503 -0.405093 0.212068 0.970349 -0.115976 0.268066 0.142334 1 0 1.0
0 12.380892 3.162702 -0.467507 0.212068 0.970349 -0.115976 0.268066 0.142334 1 0 1.0
Default
0 10.402646 0.684304 2.541768 0.201126 0.353214 0.913667 0.265137 0.140747 1 0 1.0
0 11.801529 0.608454 2.267860 0.201126 0.353214 0.913667 0.265137 0.140747 1 0 1.0
0 11.835647 1.513970 1.905581 0.201126 0.353214 0.913667 0.265137 0.140747 1 0 1.0
Default
0 10.402646 1.788532 2.119591 0.201126 0.353214 0.913667 0.265137 0.140747 1 0 1.0
0 10.402646 0.684304 2.541768 0.201126 0.353214 0.913667 0.265137 0.140747 1 0 1.0
0 11.835647 1.513970 1.905581 0.201126 0.353214 0.913667 0.265137 0.140747 1 0 1.0
Default
0 10.402646 1.788532 2.119591 0.168654 0.480731 0.860496 0.265137 0.140747 1 0 1.0
0 11.835647 1.513970 1.905581 0.168654 0.480731 0.860496 0.265137 0.140747 1 0 1.0
0 11.967460 2.508816 1.410493 0.168654 0.480731 0.860496 0.265137 0.140747 1 0 1.0
Default
0 10.402646 2.799919 1.468027 0.168654 0.480731 0.860496 0.265137 0.140747 1 0 1.0
0 10.402646 1.788532 2.119591 0.168654 0.480731 0.860496 0.265137 0.140747 1 0 1.0
0 11.967460 2.508816 1.410493 0.168654 0.480731 0.860496 0.265137 0.140747 1 0 1.0
Default
0 10.408422 3.555623 -1.015097 0.187370 0.900092 -0.393353 0.077515 0.232178 1 0 1.0
0 12.380892 3.162702 -0.467507 0.187370 0.900092 -0.393353 0.077515 0.232178 1 0 1.0
0 12.764742 2.975026 -1.221243 0.187370 0.900092 -0.393353 0.077515 0.232178 1 0 1.0
Default
0 10.415735 2.946969 -1.897244 0.187370 0.900092 -0.393353 0.077515 0.232178 1 0 1.0
0 10.408422 3.555623 -1.015097 0.187370 0.900092 -0.393353 0.077515 0.232178 1 0 1.0
0 12.764742 2.975026 -1.221243 0.187370 0.900092 -0.393353 0.077515 0.232178 1 0 1.0
Default
0 -6.643938 0.327840 1.834540 -0.288105 0.265593 0.920031 0.265137 0.140747 1 0 1.0
0 -6.643938 0.179555 1.834540 -0.288105 0.265593 0.920031 0.265137 0.140747 1 0 1.0
0 -4.597355 0.206210 2.510533 -0.288105 0.265593 0.920031 0.265137 0.140747 1 0 1.0
Default
0 -4.597355 0.604651 2.352705 -0.288105 0.265593 0.920031 0.265137 0.140747 1 0 1.0
0 -6.643938 0.327840 1.834540 -0.288105 0.265593 0.920031 0.265137 0.140747 1 0 1.0
0 -4.597355 0.206210 2.510533 -0.288105 0.265593 0.920031 0.265137 0.140747 1 0 1.0
Default
0 -8.672356 0.167138 -1.654035 -0.011934 0.999138 0.039762 0.265137 0.140747 1 0 1.0
0 -7.597354 0.167138 -1.203400 -0.011934 0.999138 0.039762 0.265137 0.140747 1 0 1.0
0 -5.655963 0.218109 -2.029473 -0.011934 0.999138 0.039762 0.265137 0.140747 1 0 1.0
Default
0 -8.976282 0.218109 -2.898068 -0.011934 0.999138 0.039762 0.265137 0.140747 1 0 1.0
0 -8.672356 0.167138 -1.654035 -0.011934 0.999138 0.039762 0.265137 0.140747 1 0 1.0
0 -5.655963 0.218109 -2.029473 -0.011934 0.999138 0.039762 0.265137 0.140747 1 0 1.0
Default
0 -4.597355 0.740042 -2.178007 -0.259159 0.261003 -0.929900 0.077515 0.232178 1 0 1.0
0 -4.597355 0.206210 -2.434149 -0.259159 0.261003 -0.929900 0.077515 0.232178 1 0 1.0
0 -5.655963 0.218109 -2.029473 -0.259159 0.261003 -0.929900 0.077515 0.232178 1 0 1.0
Default
0 -5.655963 0.596860 -2.029473 -0.259159 0.261003 -0.929900 0.077515 0.232178 1 0 1.0
0 -4.597355 0.740042 -2.178007 -0.259159 0.261003 -0.929900 0.077515 0.232178 1 0 1.0
0 -5.655963 0.218109 -2.029473 -0.259159 0.261003 -0.929900 0.077515 0.232178 1 0 1.0
Default
0 -6.030032 0.206210 -4.310195 -0.000000 1.000000 0.000000 0.265137 0.140747 1 0 1.0
0 -8.063475 0.206210 -4.012304 0.001924 0.999984 -0.005336 0.265137 0.140747 1 0 1.0
0 -2.661112 0.206210 -2.644560 -0.000000 1.000000 0.000000 0.265137 0.140747 1 0 1.0
Default
0 -8.063475 0.206210 -4.012304 0.001924 0.999984 -0.005336 0.265137 0.140747 1 0 1.0
0 -4.597355 0.206210 -2.434149 0.001924 0.999984 -0.005336 0.265137 0.140747 1 0 1.0
0 -2.661112 0.206210 -2.644560 -0.000000 1.000000 0.000000 0.265137 0.140747 1 0 1.0
Default
0 -8.063475 0.206210 -4.012304 0.001924 0.999984 -0.005336 0.265137 0.140747 1 0 1.0
0 -8.976282 0.218109 -2.898068 0.003848 0.999936 -0.010673 0.265137 0.140747 1 0 1.0
0 -4.597355 0.206210 -2.434149 0.001924 0.999984 -0.005336 0.265137 0.140747 1 0 1.0
Default
0 -8.976282 0.218109 -2.898068 0.003848 0.999936 -0.010673 0.265137 0.140747 1 0 1.0
0 -5.655963 0.218109 -2.029473 0.003848 0.999936 -0.010673 0.265137 0.140747 1 0 1.0
0 -4.597355 0.206210 -2.434149 0.001924 0.999984 -0.005336 0.265137 0.140747 1 0 1.0
Default
0 1.113411 1.648661 -4.850453 0.077787 -0.892851 -0.443584 0.265137 0.140747 1 0 1.0
0 1.893712 0.666026 -2.647194 0.077787 -0.892851 -0.443584 0.265137 0.140747 1 0 1.0
0 0.841275 0.541347 -2.669363 0.077787 -0.892851 -0.443584 0.265137 0.140747 1 0 1.0
Default
0 -0.281924 0.946557 -3.593372 0.077787 -0.892851 -0.443584 0.265137 0.140747 1 0 1.0
0 1.113411 1.648661 -4.850453 0.077787 -0.892851 -0.443584 0.265137 0.140747 1 0 1.0
0 0.841275 0.541347 -2.669363 0.077787 -0.892851 -0.443584 0.265137 0.140747 1 0 1.0
Default
0 -0.267429 1.041279 -3.505865 -0.079011 0.892459 0.444155 0.265137 0.140747 1 0 1.0
0 0.855771 0.636069 -2.581856 -0.079011 0.892459 0.444155 0.265137 0.140747 1 0 1.0
0 1.921449 0.809052 -2.649860 -0.079011 0.892459 0.444155 0.265137 0.140747 1 0 1.0
Default
0 1.141149 1.791687 -4.853119 -0.079011 0.892459 0.444155 0.265137 0.140747 1 0 1.0
0 -0.267429 1.041279 -3.505865 -0.079011 0.892459 0.444155 0.265137 0.140747 1 0 1.0
0 1.921449 0.809052 -2.649860 -0.079011 0.892459 0.444155 0.265137 0.140747 1 0 1.0
Default
0 1.141149 1.791687 -4.853119 0.898631 -0.181718 -0.399301 0.265137 0.140747 1 0 1.0
0 1.921449 0.809052 -2.649860 0.898631 -0.181718 -0.399301 0.265137 0.140747 1 0 1.0
0 1.893712 0.666026 -2.647194 0.898631 -0.181718 -0.399301 0.265137 0.140747 1 0 1.0
Default
0 1.113411 1.648661 -4.850453 0.898631 -0.181718 -0.399301 0.265137 0.140747 1 0 1.0
0 1.141149 1.791687 -4.853119 0.898631 -0.181718 -0.399301 0.265137 0.140747 1 0 1.0
0 1.893712 0.666026 -2.647194 0.898631 -0.181718 -0.399301 0.265137 0.140747 1 0 1.0
Default
0 -0.281924 0.946557 -3.593372 -0.657979 -0.454198 0.600639 0.265137 0.140747 1 0 1.0
0 0.841275 0.541347 -2.669363 -0.657979 -0.454198 0.600639 0.265137 0.140747 1 0 1.0
0 0.855771 0.636069 -2.581856 -0.657979 -0.454198 0.600639 0.265137 0.140747 1 0 1.0
Default
0 -0.267429 1.041279 -3.505865 -0.657979 -0.454198 0.600639 0.265137 0.140747 1 0 1.0
0 -0.281924 0.946557 -3.593372 -0.657979 -0.454198 0.600639 0.265137 0.140747 1 0 1.0
0 0.855771 0.636069 -2.581856 -0.657979 -0.454198 0.600639 0.265137 0.140747 1 0 1.0
Default
0 -0.663975 1.490215 -4.650497 -0.951714 -0.116677 0.283950 0.265137 0.140747 1 0 1.0
0 -0.281924 0.946557 -3.593372 -0.951714 -0.116677 0.283950 0.265137 0.140747 1 0 1.0
0 -0.267429 1.041279 -3.505865 -0.951714 -0.116677 0.283950 0.265137 0.140747 1 0 1.0
Default
0 -0.649479 1.584936 -4.562990 -0.951714 -0.116677 0.283950 0.265137 0.140747 1 0 1.0
0 -0.663975 1.490215 -4.650497 -0.951714 -0.116677 0.283950 0.265137 0.140747 1 0 1.0
0 -0.267429 1.041279 -3.505865 -0.951714 -0.116677 0.283950 0.265137 0.140747 1 0 1.0
Default
0 -0.108951 2.058451 -5.738513 0.555944 -0.123142 -0.822047 0.265137 0.140747 1 0 1.0
0 1.141149 1.791687 -4.853119 0.555944 -0.123142 -0.822047 0.265137 0.140747 1 0 1.0
0 1.113411 1.648661 -4.850453 0.555944 -0.123142 -0.822047 0.265137 0.140747 1 0 1.0
Default
0 -0.136688 1.915424 -5.735846 0.555944 -0.123142 -0.822047 0.265137 0.140747 1 0 1.0
0 -0.108951 2.058451 -5.738513 0.555944 -0.123142 -0.822047 0.265137 0.140747 1 0 1.0
0 1.113411 1.648661 -4.850453 0.555944 -0.123142 -0.822047 0.265137 0.140747 1 0 1.0
Default
0 -0.136688 1.915424 -5.735846 0.035152 -0.911493 -0.409811 0.265137 0.140747 1 0 1.0
0 1.113411 1.648661 -4.850453 0.035152 -0.911493 -0.409811 0.265137 0.140747 1 0 1.0
0 -0.281924 0.946557 -3.593372 0.035152 -0.911493 -0.409811 0.265137 0.140747 1 0 1.0
Default
0 -0.663975 1.490215 -4.650497 0.035152 -0.911493 -0.409811 0.265137 0.140747 1 0 1.0
0 -0.136688 1.915424 -5.735846 0.035152 -0.911493 -0.409811 0.265137 0.140747 1 0 1.0
0 -0.281924 0.946557 -3.593372 0.035152 -0.911493 -0.409811 0.265137 0.140747 1 0 1.0
Default
0 -0.649479 1.584936 -4.562990 -0.038353 0.910363 0.412030 0.265137 0.140747 1 0 1.0
0 -0.267429 1.041279 -3.505865 -0.038353 0.910363 0.412030 0.265137 0.140747 1 0 1.0
0 1.141149 1.791687 -4.853119 -0.038353 0.910363 0.412030 0.265137 0.140747 1 0 1.0
Default
0 -0.108951 2.058451 -5.738513 -0.038353 0.910363 0.412030 0.265137 0.140747 1 0 1.0
0 -0.649479 1.584936 -4.562990 -0.038353 0.910363 0.412030 0.265137 0.140747 1 0 1.0
0 1.141149 1.791687 -4.853119 -0.038353 0.910363 0.412030 0.265137 0.140747 1 0 1.0
Default
0 10.402646 2.799919 1.468027 0.118238 0.892330 0.435622 0.265137 0.140747 1 0 1.0
0 11.967460 2.508816 1.410493 0.118238 0.892330 0.435622 0.265137 0.140747 1 0 1.0
0 12.223781 3.279236 -0.008110 0.118238 0.892330 0.435622 0.265137 0.140747 1 0 1.0
Default
0 10.402646 3.602503 -0.405093 0.118238 0.892330 0.435622 0.265137 0.140747 1 0 1.0
0 10.402646 2.799919 1.468027 0.118238 0.892330 0.435622 0.265137 0.140747 1 0 1.0
0 12.223781 3.279236 -0.008110 0.118238 0.892330 0.435622 0.265137 0.140747 1 0 1.0
Default
0 0.609848 2.160756 1.510838 -0.120972 0.963875 0.237298 0.265137 0.140747 1 0 1.0
0 2.353028 2.312182 1.554750 -0.120972 0.963875 0.237298 0.265137 0.140747 1 0 1.0
0 2.533479 2.847419 -0.297655 -0.120972 0.963875 0.237298 0.265137 0.140747 1 0 1.0
Default
0 0.609848 2.552792 -0.311236 -0.120972 0.963875 0.237298 0.265137 0.140747 1 0 1.0
0 0.609848 2.160756 1.510838 -0.120972 0.963875 0.237298 0.265137 0.140747 1 0 1.0
0 2.533479 2.847419 -0.297655 -0.120972 0.963875 0.237298 0.265137 0.140747 1 0 1.0
Default
0 7.797679 2.782131 1.647231 -0.000964 0.928984 0.370118 0.265137 0.140747 1 0 1.0
0 10.402646 2.799919 1.468027 -0.000964 0.928984 0.370118 0.265137 0.140747 1 0 1.0
0 10.402646 3.602503 -0.405093 -0.000964 0.928984 0.370118 0.265137 0.140747 1 0 1.0
Default
0 7.797679 3.599218 -0.544973 -0.000964 0.928984 0.370118 0.265137 0.140747 1 0 1.0
0 7.797679 2.782131 1.647231 -0.000964 0.928984 0.370118 0.265137 0.140747 1 0 1.0
0 10.402646 3.602503 -0.405093 -0.000964 0.928984 0.370118 0.265137 0.140747 1 0 1.0
Default
0 -4.597355 1.231367 1.250637 -0.128482 0.973696 0.188173 0.265137 0.140747 1 0 1.0
0 -2.661112 1.415044 1.243635 -0.128482 0.973696 0.188173 0.265137 0.140747 1 0 1.0
0 -2.661112 1.807080 -0.406330 -0.128482 0.973696 0.188173 0.265137 0.140747 1 0 1.0
Default
0 -4.597355 1.470706 -0.366425 -0.128482 0.973696 0.188173 0.265137 0.140747 1 0 1.0
0 -4.597355 1.231367 1.250637 -0.128482 0.973696 0.188173 0.265137 0.140747 1 0 1.0
0 -2.661112 1.807080 -0.406330 -0.128482 0.973696 0.188173 0.265137 0.140747 1 0 1.0
Default
0 -2.661112 1.415044 1.243635 -0.228379 0.949659 0.214457 0.265137 0.140747 1 0 1.0
0 0.609848 2.160756 1.510838 -0.228379 0.949659 0.214457 0.265137 0.140747 1 0 1.0
0 0.609848 2.552792 -0.311236 -0.228379 0.949659 0.214457 0.265137 0.140747 1 0 1.0
Default
0 -2.661112 1.807080 -0.406330 -0.228379 0.949659 0.214457 0.265137 0.140747 1 0 1.0
0 -2.661112 1.415044 1.243635 -0.228379 0.949659 0.214457 0.265137 0.140747 1 0 1.0
0 0.609848 2.552792 -0.311236 -0.228379 0.949659 0.214457 0.265137 0.140747 1 0 1.0
Default
0 2.353028 2.312182 1.554750 -0.173717 0.950908 0.256117 0.265137 0.140747 1 0 1.0
0 5.207104 2.786560 1.741745 -0.173717 0.950908 0.256117 0.265137 0.140747 1 0 1.0
0 5.428637 3.410155 -0.435694 -0.173717 0.950908 0.256117 0.265137 0.140747 1 0 1.0
Default
0 2.533479 2.847419 -0.297655 -0.173717 0.950908 0.256117 0.265137 0.140747 1 0 1.0
0 2.353028 2.312182 1.554750 -0.173717 0.950908 0.256117 0.265137 0.140747 1 0 1.0
0 5.428637 3.410155 -0.435694 -0.173717 0.950908 0.256117 0.265137 0.140747 1 0 1.0
Default
0 5.207104 2.786560 1.741745 -0.022538 0.949811 0.312012 0.265137 0.140747 1 0 1.0
0 7.797679 2.782131 1.647231 -0.022538 0.949811 0.312012 0.265137 0.140747 1 0 1.0
0 7.797679 3.599218 -0.544973 -0.022538 0.949811 0.312012 0.265137 0.140747 1 0 1.0
Default
0 5.428637 3.410155 -0.435694 -0.022538 0.949811 0.312012 0.265137 0.140747 1 0 1.0
0 5.207104 2.786560 1.741745 -0.022538 0.949811 0.312012 0.265137 0.140747 1 0 1.0
0 7.797679 3.599218 -0.544973 -0.022538 0.949811 0.312012 0.265137 0.140747 1 0 1.0
Default
0 14.421412 1.045518 1.602046 0.172249 0.406328 0.897345 0.265137 0.140747 1 0 1.0
0 14.831357 1.689431 1.251092 0.172249 0.406328 0.897345 0.265137 0.140747 1 0 1.0
0 11.967460 2.508816 1.410493 0.172249 0.406328 0.897345 0.265137 0.140747 1 0 1.0
Default
0 11.835647 1.513970 1.905581 0.172249 0.406328 0.897345 0.265137 0.140747 1 0 1.0
0 14.421412 1.045518 1.602046 0.172249 0.406328 0.897345 0.265137 0.140747 1 0 1.0
0 11.967460 2.508816 1.410493 0.172249 0.406328 0.897345 0.265137 0.140747 1 0 1.0
Default
0 10.402646 0.000000 2.739231 0.208920 0.251750 0.944973 0.265137 0.140747 1 0 1.0
0 11.801530 0.000000 2.414800 0.208920 0.251750 0.944973 0.265137 0.140747 1 0 1.0
0 11.801529 0.608454 2.267860 0.208920 0.251750 0.944973 0.265137 0.140747 1 0 1.0
Default
0 10.402646 0.684304 2.541768 0.208920 0.251750 0.944973 0.265137 0.140747 1 0 1.0
0 10.402646 0.000000 2.739231 0.208920 0.251750 0.944973 0.265137 0.140747 1 0 1.0
0 11.801529 0.608454 2.267860 0.208920 0.251750 0.944973 0.265137 0.140747 1 0 1.0
Default
0 15.639871 0.000000 -0.502424 0.506959 0.033047 -0.861336 0.077515 0.232178 1 0 1.0
0 13.188357 0.000000 -1.876136 0.506959 0.033047 -0.861336 0.077515 0.232178 1 0 1.0
0 13.513593 1.542652 -1.694705 0.506959 0.033047 -0.861336 0.077515 0.232178 1 0 1.0
Default
0 15.639871 1.300615 -0.383341 0.506959 0.033047 -0.861336 0.077515 0.232178 1 0 1.0
0 15.639871 0.000000 -0.502424 0.506959 0.033047 -0.861336 0.077515 0.232178 1 0 1.0
0 13.513593 1.542652 -1.694705 0.506959 0.033047 -0.861336 0.077515 0.232178 1 0 1.0
Default
0 5.108305 4.267211 -0.255375 -0.230890 -0.196379 0.952956 0.265137 0.140747 1 0 1.0
0 6.643695 3.723553 0.004599 -0.230890 -0.196379 0.952956 0.265137 0.140747 1 0 1.0
0 6.723439 3.818275 0.043440 -0.230890 -0.196379 0.952956 0.265137 0.140747 1 0 1.0
Default
0 5.188049 4.361932 -0.216535 -0.230890 -0.196379 0.952956 0.265137 0.140747 1 0 1.0
0 5.108305 4.267211 -0.255375 -0.230890 -0.196379 0.952956 0.265137 0.140747 1 0 1.0
0 6.723439 3.818275 0.043440 -0.230890 -0.196379 0.952956 0.265137 0.140747 1 0 1.0
Default
0 5.217470 4.835446 -1.020557 -0.371833 -0.119412 -0.920587 0.265137 0.140747 1 0 1.0
0 6.825116 4.568683 -1.635295 -0.371833 -0.119412 -0.920587 0.265137 0.140747 1 0 1.0
0 6.811232 4.425657 -1.611135 -0.371833 -0.119412 -0.920587 0.265137 0.140747 1 0 1.0
Default
0 5.203587 4.692420 -0.996397 -0.371833 -0.119412 -0.920587 0.265137 0.140747 1 0 1.0
0 5.217470 4.835446 -1.020557 -0.371833 -0.119412 -0.920587 0.265137 0.140747 1 0 1.0
0 6.811232 4.425657 -1.611135 -0.371833 -0.119412 -0.920587 0.265137 0.140747 1 0 1.0
Default
0 5.203587 4.692420 -0.996397 -0.270462 -0.856400 -0.439805 0.265137 0.140747 1 0 1.0
0 6.811232 4.425657 -1.611135 -0.270462 -0.856400 -0.439805 0.265137 0.140747 1 0 1.0
0 6.643695 3.723553 0.004599 -0.270462 -0.856400 -0.439805 0.265137 0.140747 1 0 1.0
Default
0 5.108305 4.267211 -0.255375 -0.270462 -0.856400 -0.439805 0.265137 0.140747 1 0 1.0
0 5.203587 4.692420 -0.996397 -0.270462 -0.856400 -0.439805 0.265137 0.140747 1 0 1.0
0 6.643695 3.723553 0.004599 -0.270462 -0.856400 -0.439805 0.265137 0.140747 1 0 1.0
Default
0 5.188049 4.361932 -0.216535 0.270509 0.857754 0.437130 0.265137 0.140747 1 0 1.0
0 6.723439 3.818275 0.043440 0.270509 0.857754 0.437130 0.265137 0.140747 1 0 1.0
0 6.825116 4.568683 -1.635295 0.270509 0.857754 0.437130 0.265137 0.140747 1 0 1.0
Default
0 5.217470 4.835446 -1.020557 0.270509 0.857754 0.437130 0.265137 0.140747 1 0 1.0
0 5.188049 4.361932 -0.216535 0.270509 0.857754 0.437130 0.265137 0.140747 1 0 1.0
0 6.825116 4.568683 -1.635295 0.270509 0.857754 0.437130 0.265137 0.140747 1 0 1.0
Default
0 14.385417 3.213348 -0.042510 0.004415 -0.350681 -0.936485 0.046509 0.229126 1 0 1.0
0 14.769371 2.553950 0.202403 0.004415 -0.350681 -0.936485 0.046509 0.229126 1 0 1.0
0 14.685437 2.530172 0.214730 0.004415 -0.350681 -0.936485 0.046509 0.229126 1 0 1.0
Default
0 14.310126 3.169284 -0.030183 0.004415 -0.350681 -0.936485 0.046509 0.229126 1 0 1.0
0 14.385417 3.213348 -0.042510 0.004415 -0.350681 -0.936485 0.046509 0.229126 1 0 1.0
0 14.685437 2.530172 0.214730 0.004415 -0.350681 -0.936485 0.046509 0.229126 1 0 1.0
Default
0 14.769371 2.553950 0.202403 0.265471 0.160740 -0.950625 0.046509 0.229126 1 0 1.0
0 14.915096 2.323852 0.243978 0.265471 0.160740 -0.950625 0.046509 0.229126 1 0 1.0
0 14.613854 2.295491 0.115272 0.265471 0.160740 -0.950625 0.046509 0.229126 1 0 1.0
Default
0 14.685437 2.530172 0.214730 0.265471 0.160740 -0.950625 0.046509 0.229126 1 0 1.0
0 14.769371 2.553950 0.202403 0.265471 0.160740 -0.950625 0.046509 0.229126 1 0 1.0
0 14.613854 2.295491 0.115272 0.265471 0.160740 -0.950625 0.046509 0.229126 1 0 1.0
Default
0 14.731938 2.555844 0.336560 -0.133754 0.630808 0.764324 0.046509 0.229126 1 0 1.0
0 14.916013 2.362803 0.551269 -0.133754 0.630808 0.764324 0.046509 0.229126 1 0 1.0
0 14.956264 2.411175 0.495214 -0.133754 0.630808 0.764324 0.046509 0.229126 1 0 1.0
Default
0 14.763144 2.614866 0.316486 -0.133754 0.630808 0.764324 0.046509 0.229126 1 0 1.0
0 14.731938 2.555844 0.336560 -0.133754 0.630808 0.764324 0.046509 0.229126 1 0 1.0
0 14.956264 2.411175 0.495214 -0.133754 0.630808 0.764324 0.046509 0.229126 1 0 1.0
Default
0 14.763144 2.614866 0.316486 0.820346 0.498266 -0.280648 0.046509 0.229126 1 0 1.0
0 14.956264 2.411175 0.495214 0.820346 0.498266 -0.280648 0.046509 0.229126 1 0 1.0
0 14.915096 2.323852 0.243978 0.820346 0.498266 -0.280648 0.046509 0.229126 1 0 1.0
Default
0 14.769371 2.553950 0.202403 0.820346 0.498266 -0.280648 0.046509 0.229126 1 0 1.0
0 14.763144 2.614866 0.316486 0.820346 0.498266 -0.280648 0.046509 0.229126 1 0 1.0
0 14.915096 2.323852 0.243978 0.820346 0.498266 -0.280648 0.046509 0.229126 1 0 1.0
Default
0 13.482031 3.474012 -0.223635 -0.237685 0.306971 0.921561 0.046509 0.229126 1 0 1.0
0 14.348705 3.205796 0.091647 -0.237685 0.306971 0.921561 0.046509 0.229126 1 0 1.0
0 14.364115 3.270757 0.071572 -0.237685 0.306971 0.921561 0.046509 0.229126 1 0 1.0
Default
0 13.481066 3.540770 -0.243709 -0.237685 0.306971 0.921561 0.046509 0.229126 1 0 1.0
0 13.482031 3.474012 -0.223635 -0.237685 0.306971 0.921561 0.046509 0.229126 1 0 1.0
0 14.364115 3.270757 0.071572 -0.237685 0.306971 0.921561 0.046509 0.229126 1 0 1.0
Default
0 14.364115 3.270757 0.071572 0.872779 0.468328 -0.137568 0.046509 0.229126 1 0 1.0
0 14.763144 2.614866 0.316486 0.872779 0.468328 -0.137568 0.046509 0.229126 1 0 1.0
0 14.769371 2.553950 0.202403 0.872779 0.468328 -0.137568 0.046509 0.229126 1 0 1.0
Default
0 14.385417 3.213348 -0.042510 0.872779 0.468328 -0.137568 0.046509 0.229126 1 0 1.0
0 14.364115 3.270757 0.071572 0.872779 0.468328 -0.137568 0.046509 0.229126 1 0 1.0
0 14.769371 2.553950 0.202403 0.872779 0.468328 -0.137568 0.046509 0.229126 1 0 1.0
Default
0 14.348705 3.205796 0.091647 -0.049671 0.324553 0.944562 0.046509 0.229126 1 0 1.0
0 14.731938 2.555844 0.336560 -0.049671 0.324553 0.944562 0.046509 0.229126 1 0 1.0
0 14.763144 2.614866 0.316486 -0.049671 0.324553 0.944562 0.046509 0.229126 1 0 1.0
Default
0 14.364115 3.270757 0.071572 -0.049671 0.324553 0.944562 0.046509 0.229126 1 0 1.0
0 14.348705 3.205796 0.091647 -0.049671 0.324553 0.944562 0.046509 0.229126 1 0 1.0
0 14.763144 2.614866 0.316486 -0.049671 0.324553 0.944562 0.046509 0.229126 1 0 1.0
Default
0 14.310126 3.169284 -0.030183 -0.851309 -0.353696 0.387520 0.048065 0.233765 1 0 1.0
0 14.685437 2.530172 0.214730 -0.851309 -0.353696 0.387520 0.048065 0.233765 1 0 1.0
0 14.731938 2.555844 0.336560 -0.851309 -0.353696 0.387520 0.048065 0.233765 1 0 1.0
Default
0 14.348705 3.205796 0.091647 -0.851309 -0.353696 0.387520 0.048065 0.233765 1 0 1.0
0 14.310126 3.169284 -0.030183 -0.851309 -0.353696 0.387520 0.048065 0.233765 1 0 1.0
0 14.731938 2.555844 0.336560 -0.851309 -0.353696 0.387520 0.048065 0.233765 1 0 1.0
Default
0 12.422499 4.365956 -0.436281 -0.065689 -0.167659 -0.983654 0.046509 0.229126 1 0 1.0
0 13.515776 3.490324 -0.357791 -0.065689 -0.167659 -0.983654 0.046509 0.229126 1 0 1.0
0 13.453566 3.429166 -0.345465 -0.065689 -0.167659 -0.983654 0.046509 0.229126 1 0 1.0
Default
0 12.388897 4.320010 -0.423954 -0.065689 -0.167659 -0.983654 0.046509 0.229126 1 0 1.0
0 12.422499 4.365956 -0.436281 -0.065689 -0.167659 -0.983654 0.046509 0.229126 1 0 1.0
0 13.453566 3.429166 -0.345465 -0.065689 -0.167659 -0.983654 0.046509 0.229126 1 0 1.0
Default
0 13.453566 3.429166 -0.345465 -0.396715 -0.832341 0.387073 0.048065 0.233765 1 0 1.0
0 14.310126 3.169284 -0.030183 -0.396715 -0.832341 0.387073 0.048065 0.233765 1 0 1.0
0 14.348705 3.205796 0.091647 -0.396715 -0.832341 0.387073 0.048065 0.233765 1 0 1.0
Default
0 13.482031 3.474012 -0.223635 -0.396715 -0.832341 0.387073 0.048065 0.233765 1 0 1.0
0 13.453566 3.429166 -0.345465 -0.396715 -0.832341 0.387073 0.048065 0.233765 1 0 1.0
0 14.348705 3.205796 0.091647 -0.396715 -0.832341 0.387073 0.048065 0.233765 1 0 1.0
Default
0 13.515776 3.490324 -0.357791 0.182407 -0.443923 -0.877303 0.046509 0.229126 1 0 1.0
0 14.385417 3.213348 -0.042510 0.182407 -0.443923 -0.877303 0.046509 0.229126 1 0 1.0
0 14.310126 3.169284 -0.030183 0.182407 -0.443923 -0.877303 0.046509 0.229126 1 0 1.0
Default
0 13.453566 3.429166 -0.345465 0.182407 -0.443923 -0.877303 0.046509 0.229126 1 0 1.0
0 13.515776 3.490324 -0.357791 0.182407 -0.443923 -0.877303 0.046509 0.229126 1 0 1.0
0 14.310126 3.169284 -0.030183 0.182407 -0.443923 -0.877303 0.046509 0.229126 1 0 1.0
Default
0 13.481066 3.540770 -0.243709 0.384333 0.867525 -0.315735 0.046509 0.229126 1 0 1.0
0 14.364115 3.270757 0.071572 0.384333 0.867525 -0.315735 0.046509 0.229126 1 0 1.0
0 14.385417 3.213348 -0.042510 0.384333 0.867525 -0.315735 0.046509 0.229126 1 0 1.0
Default
0 13.515776 3.490324 -0.357791 0.384333 0.867525 -0.315735 0.046509 0.229126 1 0 1.0
0 13.481066 3.540770 -0.243709 0.384333 0.867525 -0.315735 0.046509 0.229126 1 0 1.0
0 14.385417 3.213348 -0.042510 0.384333 0.867525 -0.315735 0.046509 0.229126 1 0 1.0
Default
0 12.388753 4.349645 -0.302124 -0.953053 0.214585 -0.213646 0.046509 0.229126 1 0 1.0
0 12.387789 4.416402 -0.322199 -0.953053 0.214585 -0.213646 0.046509 0.229126 1 0 1.0
0 12.422499 4.365956 -0.436281 -0.953053 0.214585 -0.213646 0.046509 0.229126 1 0 1.0
Default
0 12.388897 4.320010 -0.423954 -0.953053 0.214585 -0.213646 0.046509 0.229126 1 0 1.0
0 12.388753 4.349645 -0.302124 -0.953053 0.214585 -0.213646 0.046509 0.229126 1 0 1.0
0 12.422499 4.365956 -0.436281 -0.953053 0.214585 -0.213646 0.046509 0.229126 1 0 1.0
Default
0 12.387789 4.416402 -0.322199 0.624656 0.766570 -0.148915 0.046509 0.229126 1 0 1.0
0 13.481066 3.540770 -0.243709 0.624656 0.766570 -0.148915 0.046509 0.229126 1 0 1.0
0 13.515776 3.490324 -0.357791 0.624656 0.766570 -0.148915 0.046509 0.229126 1 0 1.0
Default
0 12.422499 4.365956 -0.436281 0.624656 0.766570 -0.148915 0.046509 0.229126 1 0 1.0
0 12.387789 4.416402 -0.322199 0.624656 0.766570 -0.148915 0.046509 0.229126 1 0 1.0
0 13.515776 3.490324 -0.357791 0.624656 0.766570 -0.148915 0.046509 0.229126 1 0 1.0
Default
0 12.388753 4.349645 -0.302124 0.161527 0.286331 0.944417 0.046509 0.229126 1 0 1.0
0 13.482031 3.474012 -0.223635 0.161527 0.286331 0.944417 0.046509 0.229126 1 0 1.0
0 13.481066 3.540770 -0.243709 0.161527 0.286331 0.944417 0.046509 0.229126 1 0 1.0
Default
0 12.387789 4.416402 -0.322199 0.161527 0.286331 0.944417 0.046509 0.229126 1 0 1.0
0 12.388753 4.349645 -0.302124 0.161527 0.286331 0.944417 0.046509 0.229126 1 0 1.0
0 13.481066 3.540770 -0.243709 0.161527 0.286331 0.944417 0.046509 0.229126 1 0 1.0
Default
0 12.388897 4.320010 -0.423954 -0.618053 -0.728839 0.294626 0.048065 0.233765 1 0 1.0
0 13.453566 3.429166 -0.345465 -0.618053 -0.728839 0.294626 0.048065 0.233765 1 0 1.0
0 13.482031 3.474012 -0.223635 -0.618053 -0.728839 0.294626 0.048065 0.233765 1 0 1.0
Default
0 12.388753 4.349645 -0.302124 -0.618053 -0.728839 0.294626 0.048065 0.233765 1 0 1.0
0 12.388897 4.320010 -0.423954 -0.618053 -0.728839 0.294626 0.048065 0.233765 1 0 1.0
0 13.482031 3.474012 -0.223635 -0.618053 -0.728839 0.294626 0.048065 0.233765 1 0 1.0
Default
0 14.863017 1.308121 -1.248151 0.806842 -0.552501 -0.209163 0.046509 0.229126 1 0 1.0
0 14.934757 1.208801 -0.689076 0.806842 -0.552501 -0.209163 0.046509 0.229126 1 0 1.0
0 14.906278 1.165000 -0.703216 0.806842 -0.552501 -0.209163 0.046509 0.229126 1 0 1.0
Default
0 14.811441 1.246817 -1.265186 0.806842 -0.552501 -0.209163 0.046509 0.229126 1 0 1.0
0 14.863017 1.308121 -1.248151 0.806842 -0.552501 -0.209163 0.046509 0.229126 1 0 1.0
0 14.906278 1.165000 -0.703216 0.806842 -0.552501 -0.209163 0.046509 0.229126 1 0 1.0
Default
0 14.479067 1.321698 -1.469701 -0.635752 0.404917 0.657162 0.046509 0.229126 1 0 1.0
0 14.746865 1.331117 -1.225809 -0.635752 0.404917 0.657162 0.046509 0.229126 1 0 1.0
0 14.766447 1.376239 -1.225289 -0.635752 0.404917 0.657162 0.046509 0.229126 1 0 1.0
Default
0 14.495591 1.366283 -1.490564 -0.635752 0.404917 0.657162 0.046509 0.229126 1 0 1.0
0 14.479067 1.321698 -1.469701 -0.635752 0.404917 0.657162 0.046509 0.229126 1 0 1.0
0 14.766447 1.376239 -1.225289 -0.635752 0.404917 0.657162 0.046509 0.229126 1 0 1.0
Default
0 14.766447 1.376239 -1.225289 0.562780 0.822702 0.080248 0.046509 0.229126 1 0 1.0
0 14.823813 1.282793 -0.713554 0.562780 0.822702 0.080248 0.046509 0.229126 1 0 1.0
0 14.934757 1.208801 -0.689076 0.562780 0.822702 0.080248 0.046509 0.229126 1 0 1.0
Default
0 14.863017 1.308121 -1.248151 0.562780 0.822702 0.080248 0.046509 0.229126 1 0 1.0
0 14.766447 1.376239 -1.225289 0.562780 0.822702 0.080248 0.046509 0.229126 1 0 1.0
0 14.934757 1.208801 -0.689076 0.562780 0.822702 0.080248 0.046509 0.229126 1 0 1.0
Default
0 14.746865 1.331117 -1.225809 -0.891715 0.418068 0.173388 0.046509 0.229126 1 0 1.0
0 14.791800 1.221372 -0.721494 -0.891715 0.418068 0.173388 0.046509 0.229126 1 0 1.0
0 14.823813 1.282793 -0.713554 -0.891715 0.418068 0.173388 0.046509 0.229126 1 0 1.0
Default
0 14.766447 1.376239 -1.225289 -0.891715 0.418068 0.173388 0.046509 0.229126 1 0 1.0
0 14.746865 1.331117 -1.225809 -0.891715 0.418068 0.173388 0.046509 0.229126 1 0 1.0
0 14.823813 1.282793 -0.713554 -0.891715 0.418068 0.173388 0.046509 0.229126 1 0 1.0
Default
0 14.811441 1.246817 -1.265186 -0.620997 -0.781588 -0.059014 0.048065 0.233765 1 0 1.0
0 14.906278 1.165000 -0.703216 -0.620997 -0.781588 -0.059014 0.048065 0.233765 1 0 1.0
0 14.791800 1.221372 -0.721494 -0.620997 -0.781588 -0.059014 0.048065 0.233765 1 0 1.0
Default
0 14.746865 1.331117 -1.225809 -0.620997 -0.781588 -0.059014 0.048065 0.233765 1 0 1.0
0 14.811441 1.246817 -1.265186 -0.620997 -0.781588 -0.059014 0.048065 0.233765 1 0 1.0
0 14.791800 1.221372 -0.721494 -0.620997 -0.781588 -0.059014 0.048065 0.233765 1 0 1.0
Default
0 14.345391 1.432333 -1.990257 0.851258 -0.259696 -0.455980 0.046509 0.229126 1 0 1.0
0 14.582047 1.324431 -1.481992 0.851258 -0.259696 -0.455980 0.046509 0.229126 1 0 1.0
0 14.554984 1.269886 -1.506454 0.851258 -0.259696 -0.455980 0.046509 0.229126 1 0 1.0
Default
0 14.326962 1.395766 -1.998830 0.851258 -0.259696 -0.455980 0.046509 0.229126 1 0 1.0
0 14.345391 1.432333 -1.990257 0.851258 -0.259696 -0.455980 0.046509 0.229126 1 0 1.0
0 14.554984 1.269886 -1.506454 0.851258 -0.259696 -0.455980 0.046509 0.229126 1 0 1.0
Default
0 14.554984 1.269886 -1.506454 -0.462853 -0.745765 0.479168 0.048065 0.233765 1 0 1.0
0 14.811441 1.246817 -1.265186 -0.462853 -0.745765 0.479168 0.048065 0.233765 1 0 1.0
0 14.746865 1.331117 -1.225809 -0.462853 -0.745765 0.479168 0.048065 0.233765 1 0 1.0
Default
0 14.479067 1.321698 -1.469701 -0.462853 -0.745765 0.479168 0.048065 0.233765 1 0 1.0
0 14.554984 1.269886 -1.506454 -0.462853 -0.745765 0.479168 0.048065 0.233765 1 0 1.0
0 14.746865 1.331117 -1.225809 -0.462853 -0.745765 0.479168 0.048065 0.233765 1 0 1.0
Default
0 14.582047 1.324431 -1.481992 0.645437 -0.171510 -0.744309 0.046509 0.229126 1 0 1.0
0 14.863017 1.308121 -1.248151 0.645437 -0.171510 -0.744309 0.046509 0.229126 1 0 1.0
0 14.811441 1.246817 -1.265186 0.645437 -0.171510 -0.744309 0.046509 0.229126 1 0 1.0
Default
0 14.554984 1.269886 -1.506454 0.645437 -0.171510 -0.744309 0.046509 0.229126 1 0 1.0
0 14.582047 1.324431 -1.481992 0.645437 -0.171510 -0.744309 0.046509 0.229126 1 0 1.0
0 14.811441 1.246817 -1.265186 0.645437 -0.171510 -0.744309 0.046509 0.229126 1 0 1.0
Default
0 14.495591 1.366283 -1.490564 0.429139 0.774591 -0.464596 0.046509 0.229126 1 0 1.0
0 14.766447 1.376239 -1.225289 0.429139 0.774591 -0.464596 0.046509 0.229126 1 0 1.0
0 14.863017 1.308121 -1.248151 0.429139 0.774591 -0.464596 0.046509 0.229126 1 0 1.0
Default
0 14.582047 1.324431 -1.481992 0.429139 0.774591 -0.464596 0.046509 0.229126 1 0 1.0
0 14.495591 1.366283 -1.490564 0.429139 0.774591 -0.464596 0.046509 0.229126 1 0 1.0
0 14.863017 1.308121 -1.248151 0.429139 0.774591 -0.464596 0.046509 0.229126 1 0 1.0
Default
0 14.246074 1.429697 -1.978403 -0.115546 -0.093624 -0.988880 0.046509 0.229126 1 0 1.0
0 14.262010 1.472697 -1.998524 -0.115546 -0.093624 -0.988880 0.046509 0.229126 1 0 1.0
0 14.345391 1.432333 -1.990257 -0.115546 -0.093624 -0.988880 0.046509 0.229126 1 0 1.0
Default
0 14.326962 1.395766 -1.998830 -0.115546 -0.093624 -0.988880 0.046509 0.229126 1 0 1.0
0 14.246074 1.429697 -1.978403 -0.115546 -0.093624 -0.988880 0.046509 0.229126 1 0 1.0
0 14.345391 1.432333 -1.990257 -0.115546 -0.093624 -0.988880 0.046509 0.229126 1 0 1.0
Default
0 14.262010 1.472697 -1.998524 0.436679 0.899533 -0.012359 0.046509 0.229126 1 0 1.0
0 14.495591 1.366283 -1.490564 0.436679 0.899533 -0.012359 0.046509 0.229126 1 0 1.0
0 14.582047 1.324431 -1.481992 0.436679 0.899533 -0.012359 0.046509 0.229126 1 0 1.0
Default
0 14.345391 1.432333 -1.990257 0.436679 0.899533 -0.012359 0.046509 0.229126 1 0 1.0
0 14.262010 1.472697 -1.998524 0.436679 0.899533 -0.012359 0.046509 0.229126 1 0 1.0
0 14.582047 1.324431 -1.481992 0.436679 0.899533 -0.012359 0.046509 0.229126 1 0 1.0
Default
0 14.246074 1.429697 -1.978403 -0.750190 0.487211 0.447035 0.046509 0.229126 1 0 1.0
0 14.479067 1.321698 -1.469701 -0.750190 0.487211 0.447035 0.046509 0.229126 1 0 1.0
0 14.495591 1.366283 -1.490564 -0.750190 0.487211 0.447035 0.046509 0.229126 1 0 1.0
Default
0 14.262010 1.472697 -1.998524 -0.750190 0.487211 0.447035 0.046509 0.229126 1 0 1.0
0 14.246074 1.429697 -1.978403 -0.750190 0.487211 0.447035 0.046509 0.229126 1 0 1.0
0 14.495591 1.366283 -1.490564 -0.750190 0.487211 0.447035 0.046509 0.229126 1 0 1.0
Default
0 14.326962 1.395766 -1.998830 -0.475873 -0.879407 0.013696 0.048065 0.233765 1 0 1.0
0 14.554984 1.269886 -1.506454 -0.475873 -0.879407 0.013696 0.048065 0.233765 1 0 1.0
0 14.479067 1.321698 -1.469701 -0.475873 -0.879407 0.013696 0.048065 0.233765 1 0 1.0
Default
0 14.246074 1.429697 -1.978403 -0.475873 -0.879407 0.013696 0.048065 0.233765 1 0 1.0
0 14.326962 1.395766 -1.998830 -0.475873 -0.879407 0.013696 0.048065 0.233765 1 0 1.0
0 14.479067 1.321698 -1.469701 -0.475873 -0.879407 0.013696 0.048065 0.233765 1 0 1.0
Default
0 15.339781 0.540270 -1.069107 0.805302 -0.571645 -0.157197 0.046509 0.229126 1 0 1.0
0 15.455360 0.556706 -0.509250 0.805302 -0.571645 -0.157197 0.046509 0.229126 1 0 1.0
0 15.426881 0.512905 -0.523390 0.805302 -0.571645 -0.157197 0.046509 0.229126 1 0 1.0
Default
0 15.284300 0.472733 -1.080202 0.805302 -0.571645 -0.157197 0.046509 0.229126 1 0 1.0
0 15.339781 0.540270 -1.069107 0.805302 -0.571645 -0.157197 0.046509 0.229126 1 0 1.0
0 15.426881 0.512905 -0.523390 0.805302 -0.571645 -0.157197 0.046509 0.229126 1 0 1.0
Default
0 14.914674 0.539094 -1.243939 -0.516838 0.569109 0.639526 0.046509 0.229126 1 0 1.0
0 15.214837 0.563175 -1.011947 -0.516838 0.569109 0.639526 0.046509 0.229126 1 0 1.0
0 15.235902 0.615771 -1.052570 -0.516838 0.569109 0.639526 0.046509 0.229126 1 0 1.0
Default
0 14.949866 0.592635 -1.252300 -0.516838 0.569109 0.639526 0.046509 0.229126 1 0 1.0
0 14.914674 0.539094 -1.243939 -0.516838 0.569109 0.639526 0.046509 0.229126 1 0 1.0
0 15.235902 0.615771 -1.052570 -0.516838 0.569109 0.639526 0.046509 0.229126 1 0 1.0
Default
0 15.235902 0.615771 -1.052570 0.568953 0.810062 -0.141749 0.046509 0.229126 1 0 1.0
0 15.344416 0.630698 -0.533729 0.568953 0.810062 -0.141749 0.046509 0.229126 1 0 1.0
0 15.455360 0.556706 -0.509250 0.568953 0.810062 -0.141749 0.046509 0.229126 1 0 1.0
Default
0 15.339781 0.540270 -1.069107 0.568953 0.810062 -0.141749 0.046509 0.229126 1 0 1.0
0 15.235902 0.615771 -1.052570 0.568953 0.810062 -0.141749 0.046509 0.229126 1 0 1.0
0 15.455360 0.556706 -0.509250 0.568953 0.810062 -0.141749 0.046509 0.229126 1 0 1.0
Default
0 15.214837 0.563175 -1.011947 -0.873217 0.455878 0.172242 0.046509 0.229126 1 0 1.0
0 15.312404 0.569277 -0.541668 -0.873217 0.455878 0.172242 0.046509 0.229126 1 0 1.0
0 15.344416 0.630698 -0.533729 -0.873217 0.455878 0.172242 0.046509 0.229126 1 0 1.0
Default
0 15.235902 0.615771 -1.052570 -0.873217 0.455878 0.172242 0.046509 0.229126 1 0 1.0
0 15.214837 0.563175 -1.011947 -0.873217 0.455878 0.172242 0.046509 0.229126 1 0 1.0
0 15.344416 0.630698 -0.533729 -0.873217 0.455878 0.172242 0.046509 0.229126 1 0 1.0
Default
0 15.284300 0.472733 -1.080202 -0.585393 -0.792173 0.172562 0.048065 0.233765 1 0 1.0
0 15.426881 0.512905 -0.523390 -0.585393 -0.792173 0.172562 0.048065 0.233765 1 0 1.0
0 15.312404 0.569277 -0.541668 -0.585393 -0.792173 0.172562 0.048065 0.233765 1 0 1.0
Default
0 15.214837 0.563175 -1.011947 -0.585393 -0.792173 0.172562 0.048065 0.233765 1 0 1.0
0 15.284300 0.472733 -1.080202 -0.585393 -0.792173 0.172562 0.048065 0.233765 1 0 1.0
0 15.312404 0.569277 -0.541668 -0.585393 -0.792173 0.172562 0.048065 0.233765 1 0 1.0
Default
0 14.786948 0.736343 -1.770268 0.794011 -0.300930 -0.528193 0.046509 0.229126 1 0 1.0
0 15.040244 0.514119 -1.260528 0.794011 -0.300930 -0.528193 0.046509 0.229126 1 0 1.0
0 14.992408 0.469429 -1.309337 0.794011 -0.300930 -0.528193 0.046509 0.229126 1 0 1.0
Default
0 14.765353 0.713402 -1.787299 0.794011 -0.300930 -0.528193 0.046509 0.229126 1 0 1.0
0 14.786948 0.736343 -1.770268 0.794011 -0.300930 -0.528193 0.046509 0.229126 1 0 1.0
0 14.992408 0.469429 -1.309337 0.794011 -0.300930 -0.528193 0.046509 0.229126 1 0 1.0
Default
0 14.992408 0.469429 -1.309337 -0.368289 -0.771578 0.518682 0.048065 0.233765 1 0 1.0
0 15.284300 0.472733 -1.080202 -0.368289 -0.771578 0.518682 0.048065 0.233765 1 0 1.0
0 15.214837 0.563175 -1.011947 -0.368289 -0.771578 0.518682 0.048065 0.233765 1 0 1.0
Default
0 14.914674 0.539094 -1.243939 -0.368289 -0.771578 0.518682 0.048065 0.233765 1 0 1.0
0 14.992408 0.469429 -1.309337 -0.368289 -0.771578 0.518682 0.048065 0.233765 1 0 1.0
0 15.214837 0.563175 -1.011947 -0.368289 -0.771578 0.518682 0.048065 0.233765 1 0 1.0
Default
0 15.040244 0.514119 -1.260528 0.579846 -0.102367 -0.808270 0.046509 0.229126 1 0 1.0
0 15.339781 0.540270 -1.069107 0.579846 -0.102367 -0.808270 0.046509 0.229126 1 0 1.0
0 15.284300 0.472733 -1.080202 0.579846 -0.102367 -0.808270 0.046509 0.229126 1 0 1.0
Default
0 14.992408 0.469429 -1.309337 0.579846 -0.102367 -0.808270 0.046509 0.229126 1 0 1.0
0 15.040244 0.514119 -1.260528 0.579846 -0.102367 -0.808270 0.046509 0.229126 1 0 1.0
0 15.284300 0.472733 -1.080202 0.579846 -0.102367 -0.808270 0.046509 0.229126 1 0 1.0
Default
0 14.949866 0.592635 -1.252300 0.401381 0.615333 -0.678423 0.046509 0.229126 1 0 1.0
0 15.235902 0.615771 -1.052570 0.401381 0.615333 -0.678423 0.046509 0.229126 1 0 1.0
0 15.339781 0.540270 -1.069107 0.401381 0.615333 -0.678423 0.046509 0.229126 1 0 1.0
Default
0 15.040244 0.514119 -1.260528 0.401381 0.615333 -0.678423 0.046509 0.229126 1 0 1.0
0 14.949866 0.592635 -1.252300 0.401381 0.615333 -0.678423 0.046509 0.229126 1 0 1.0
0 15.339781 0.540270 -1.069107 0.401381 0.615333 -0.678423 0.046509 0.229126 1 0 1.0
Default
0 14.702964 0.748282 -1.758391 -0.095913 0.276582 -0.956192 0.046509 0.229126 1 0 1.0
0 14.724508 0.785123 -1.762457 -0.095913 0.276582 -0.956192 0.046509 0.229126 1 0 1.0
0 14.786948 0.736343 -1.770268 -0.095913 0.276582 -0.956192 0.046509 0.229126 1 0 1.0
Default
0 14.765353 0.713402 -1.787299 -0.095913 0.276582 -0.956192 0.046509 0.229126 1 0 1.0
0 14.702964 0.748282 -1.758391 -0.095913 0.276582 -0.956192 0.046509 0.229126 1 0 1.0
0 14.786948 0.736343 -1.770268 -0.095913 0.276582 -0.956192 0.046509 0.229126 1 0 1.0
Default
0 14.724508 0.785123 -1.762457 0.640697 0.767708 0.011478 0.046509 0.229126 1 0 1.0
0 14.949866 0.592635 -1.252300 0.640697 0.767708 0.011478 0.046509 0.229126 1 0 1.0
0 15.040244 0.514119 -1.260528 0.640697 0.767708 0.011478 0.046509 0.229126 1 0 1.0
Default
0 14.786948 0.736343 -1.770268 0.640697 0.767708 0.011478 0.046509 0.229126 1 0 1.0
0 14.724508 0.785123 -1.762457 0.640697 0.767708 0.011478 0.046509 0.229126 1 0 1.0
0 15.040244 0.514119 -1.260528 0.640697 0.767708 0.011478 0.046509 0.229126 1 0 1.0
Default
0 14.702964 0.748282 -1.758391 -0.701533 0.508981 0.498789 0.046509 0.229126 1 0 1.0
0 14.914674 0.539094 -1.243939 -0.701533 0.508981 0.498789 0.046509 0.229126 1 0 1.0
0 14.949866 0.592635 -1.252300 -0.701533 0.508981 0.498789 0.046509 0.229126 1 0 1.0
Default
0 14.724508 0.785123 -1.762457 -0.701533 0.508981 0.498789 0.046509 0.229126 1 0 1.0
0 14.702964 0.748282 -1.758391 -0.701533 0.508981 0.498789 0.046509 0.229126 1 0 1.0
0 14.949866 0.592635 -1.252300 -0.701533 0.508981 0.498789 0.046509 0.229126 1 0 1.0
Default
0 14.765353 0.713402 -1.787299 -0.628480 -0.774140 -0.075629 0.048065 0.233765 1 0 1.0
0 14.992408 0.469429 -1.309337 -0.628480 -0.774140 -0.075629 0.048065 0.233765 1 0 1.0
0 14.914674 0.539094 -1.243939 -0.628480 -0.774140 -0.075629 0.048065 0.233765 1 0 1.0
Default
0 14.702964 0.748282 -1.758391 -0.628480 -0.774140 -0.075629 0.048065 0.233765 1 0 1.0
0 14.765353 0.713402 -1.787299 -0.628480 -0.774140 -0.075629 0.048065 0.233765 1 0 1.0
0 14.914674 0.539094 -1.243939 -0.628480 -0.774140 -0.075629 0.048065 0.233765 1 0 1.0
Default
0 -9.273636 0.092610 1.744799 -0.040830 0.916394 0.398189 0.265137 0.140747 1 0 1.0
0 -9.273636 0.185220 1.744799 -0.040830 0.916394 0.398189 0.265137 0.140747 1 0 1.0
0 -10.597356 0.271314 1.197796 -0.040830 0.916394 0.398189 0.265137 0.140747 1 0 1.0
Default
0 -10.611353 0.000000 2.033896 -0.040830 0.916394 0.398189 0.265137 0.139526 1 0 1.0
0 -9.273636 0.092610 1.744799 -0.040830 0.916394 0.398189 0.265137 0.140747 1 0 1.0
0 -10.597356 0.271314 1.197796 -0.040830 0.916394 0.398189 0.265137 0.140747 1 0 1.0
Default
0 -4.597355 0.740042 -2.178007 -0.292242 0.670854 -0.681578 0.077515 0.232178 1 0 1.0
0 -5.655963 0.596860 -2.029473 -0.292242 0.670854 -0.681578 0.077515 0.232178 1 0 1.0
0 -7.597354 0.924079 -0.710547 -0.292242 0.670854 -0.681578 0.077515 0.232178 1 0 1.0
Default
0 -4.584266 1.235386 -1.860508 -0.292242 0.670854 -0.681578 0.077515 0.232178 1 0 1.0
0 -4.597355 0.740042 -2.178007 -0.292242 0.670854 -0.681578 0.077515 0.232178 1 0 1.0
0 -7.597354 0.924079 -0.710547 -0.292242 0.670854 -0.681578 0.077515 0.232178 1 0 1.0
end
