version 1
nodes
0 "root" -1
end
skeleton
time 0
0 0 0 0 0 0 0
end
triangles
Default
0 1.164075 4.165078 -0.447424 0.917692 0.391345 -0.068487 0.146362 0.607910 1 0 1.0
0 0.854144 4.896106 -0.423141 0.917692 0.391345 -0.068487 0.146362 0.607910 1 0 1.0
0 1.117475 4.352230 -0.002424 0.917692 0.391345 -0.068487 0.146362 0.607910 1 0 1.0
Default
0 -0.000000 -2.852113 -1.284113 0.173761 -0.837331 -0.518347 0.146362 0.607910 1 0 1.0
0 -0.000000 -2.532957 -1.799672 0.173761 -0.837331 -0.518347 0.146362 0.607910 1 0 1.0
0 1.052431 -2.450018 -1.580854 0.173761 -0.837331 -0.518347 0.146362 0.607910 1 0 1.0
Default
0 -0.000000 4.653647 1.622513 0.538486 0.066972 0.839969 0.172119 0.546387 1 0 1.0
0 -0.000000 3.543283 1.711044 0.538486 0.066972 0.839969 0.172119 0.546387 1 0 1.0
0 0.518455 4.632716 1.291811 0.538486 0.066972 0.839969 0.172119 0.546387 1 0 1.0
Default
0 -0.000000 -1.407726 -2.188391 0.124677 -0.402678 -0.906811 0.146362 0.607910 1 0 1.0
0 1.315725 -1.420971 -2.001611 0.124677 -0.402678 -0.906811 0.146362 0.607910 1 0 1.0
0 1.052431 -2.450018 -1.580854 0.124677 -0.402678 -0.906811 0.146362 0.607910 1 0 1.0
Default
0 -0.000000 1.112787 1.760145 0.521442 -0.016445 0.853128 0.172119 0.546387 1 0 1.0
0 1.341583 0.399111 0.926395 0.521442 -0.016445 0.853128 0.172119 0.546387 1 0 1.0
0 1.361801 3.607359 0.975881 0.521442 -0.016445 0.853128 0.172119 0.546387 1 0 1.0
Default
0 -0.000000 1.828845 -2.110649 0.246871 0.158592 -0.955983 0.146362 0.607910 1 0 1.0
0 1.386307 1.804483 -1.756693 0.246871 0.158592 -0.955983 0.146362 0.607910 1 0 1.0
0 1.369061 0.121313 -2.040375 0.246871 0.158592 -0.955983 0.146362 0.607910 1 0 1.0
Default
0 -0.000000 -0.826699 1.551466 0.385747 -0.015904 0.922468 0.172119 0.546387 1 0 1.0
0 -0.000000 -2.250626 1.526916 0.385747 -0.015904 0.922468 0.172119 0.546387 1 0 1.0
0 1.029605 -2.244936 1.096464 0.385747 -0.015904 0.922468 0.172119 0.546387 1 0 1.0
Default
0 1.582315 -3.002668 -0.986710 0.457250 0.834460 -0.307570 0.146362 0.607910 1 0 1.0
0 1.022433 -2.797845 -1.263362 0.457250 0.834460 -0.307570 0.146362 0.607910 1 0 1.0
0 1.523601 -2.704582 -0.265268 0.457250 0.834460 -0.307570 0.146362 0.607910 1 0 1.0
Default
0 -0.000000 3.852210 -1.044746 0.121035 0.591403 -0.797241 0.146362 0.607910 1 0 1.0
0 1.296398 3.732233 -0.936930 0.121035 0.591403 -0.797241 0.146362 0.607910 1 0 1.0
0 1.219438 3.175368 -1.361703 0.121035 0.591403 -0.797241 0.146362 0.607910 1 0 1.0
Default
0 1.017647 -2.836592 1.175685 0.382621 0.115013 0.916719 0.172119 0.546387 1 0 1.0
0 1.029605 -2.244936 1.096464 0.382621 0.115013 0.916719 0.172119 0.546387 1 0 1.0
0 -0.000000 -2.250626 1.526916 0.382621 0.115013 0.916719 0.172119 0.546387 1 0 1.0
Default
0 1.643683 -2.910753 0.545068 0.793351 0.287173 0.536773 0.145142 0.578613 1 0 1.0
0 1.504311 -2.233180 0.388559 0.793351 0.287173 0.536773 0.145142 0.578613 1 0 1.0
0 1.029605 -2.244936 1.096464 0.793351 0.287173 0.536773 0.145142 0.578613 1 0 1.0
Default
0 0.854144 4.896106 -0.423141 -0.060610 0.962665 -0.263823 0.146362 0.607910 1 0 1.0
0 0.432920 5.015870 0.110635 -0.060610 0.962665 -0.263823 0.146362 0.607910 1 0 1.0
0 0.713334 5.067599 0.234971 -0.060610 0.962665 -0.263823 0.146362 0.607910 1 0 1.0
Default
0 2.038785 -1.544569 -1.525377 0.609506 -0.000048 -0.792781 0.146362 0.607910 1 0 1.0
0 1.369061 0.121313 -2.040375 0.609506 -0.000048 -0.792781 0.146362 0.607910 1 0 1.0
0 2.019819 0.886962 -1.540107 0.609506 -0.000048 -0.792781 0.146362 0.607910 1 0 1.0
Default
0 2.120834 -0.453494 -0.258734 0.996014 -0.084208 0.029406 0.146362 0.607910 1 0 1.0
0 2.120834 -0.283222 0.228863 0.996014 -0.084208 0.029406 0.146362 0.607910 1 0 1.0
0 1.999913 -1.639079 0.441881 0.996014 -0.084208 0.029406 0.146362 0.607910 1 0 1.0
Default
0 1.036909 4.611787 0.961110 0.938162 0.345884 -0.014730 0.146362 0.607910 1 0 1.0
0 1.374942 3.670277 0.382462 0.938162 0.345884 -0.014730 0.146362 0.607910 1 0 1.0
0 1.117475 4.352230 -0.002424 0.938162 0.345884 -0.014730 0.146362 0.607910 1 0 1.0
Default
0 1.374942 3.670277 0.382462 0.926207 0.374453 0.043886 0.146362 0.607910 1 0 1.0
0 1.356828 3.795997 -0.307952 0.926207 0.374453 0.043886 0.146362 0.607910 1 0 1.0
0 1.117475 4.352230 -0.002424 0.926207 0.374453 0.043886 0.146362 0.607910 1 0 1.0
Default
0 1.296398 3.732233 -0.936930 0.857693 0.231616 -0.459038 0.146362 0.607910 1 0 1.0
0 1.487582 3.317718 -0.788863 0.857693 0.231616 -0.459038 0.146362 0.607910 1 0 1.0
0 1.219438 3.175368 -1.361703 0.857693 0.231616 -0.459038 0.146362 0.607910 1 0 1.0
Default
0 1.386307 1.804483 -1.756693 0.495154 0.139456 -0.857540 0.146362 0.607910 1 0 1.0
0 2.019819 0.886962 -1.540107 0.495154 0.139456 -0.857540 0.146362 0.607910 1 0 1.0
0 1.369061 0.121313 -2.040375 0.495154 0.139456 -0.857540 0.146362 0.607910 1 0 1.0
Default
0 1.315725 -1.420971 -2.001611 0.442603 -0.434076 -0.784654 0.146362 0.607910 1 0 1.0
0 2.038785 -1.544569 -1.525377 0.442603 -0.434076 -0.784654 0.146362 0.607910 1 0 1.0
0 1.052431 -2.450018 -1.580854 0.442603 -0.434076 -0.784654 0.146362 0.607910 1 0 1.0
Default
0 1.369061 0.121313 -2.040375 0.544847 -0.039894 -0.837586 0.146362 0.607910 1 0 1.0
0 2.038785 -1.544569 -1.525377 0.544847 -0.039894 -0.837586 0.146362 0.607910 1 0 1.0
0 1.315725 -1.420971 -2.001611 0.544847 -0.039894 -0.837586 0.146362 0.607910 1 0 1.0
Default
0 1.022433 -2.797845 -1.263362 0.675852 -0.683617 -0.275484 0.146362 0.607910 1 0 1.0
0 1.661575 -2.250328 -1.054008 0.675852 -0.683617 -0.275484 0.146362 0.607910 1 0 1.0
0 1.523601 -2.704582 -0.265268 0.675852 -0.683617 -0.275484 0.146362 0.607910 1 0 1.0
Default
0 1.052431 -2.450018 -1.580854 0.643334 -0.545656 -0.537011 0.146362 0.607910 1 0 1.0
0 1.661575 -2.250328 -1.054008 0.643334 -0.545656 -0.537011 0.146362 0.607910 1 0 1.0
0 1.022433 -2.797845 -1.263362 0.643334 -0.545656 -0.537011 0.146362 0.607910 1 0 1.0
Default
0 1.029605 -2.244936 1.096464 0.561464 -0.005176 0.827485 0.145142 0.578613 1 0 1.0
0 1.999913 -1.639079 0.441881 0.561464 -0.005176 0.827485 0.145142 0.578613 1 0 1.0
0 1.276916 -0.896177 0.937095 0.561464 -0.005176 0.827485 0.145142 0.578613 1 0 1.0
Default
0 1.504311 -2.233180 0.388559 0.670016 -0.598365 0.439361 0.145142 0.578613 1 0 1.0
0 1.999913 -1.639079 0.441881 0.670016 -0.598365 0.439361 0.145142 0.578613 1 0 1.0
0 1.029605 -2.244936 1.096464 0.670016 -0.598365 0.439361 0.145142 0.578613 1 0 1.0
Default
0 1.523601 -2.704582 -0.265268 0.738773 -0.536153 0.408356 0.146362 0.607910 1 0 1.0
0 1.953540 -1.927557 -0.022889 0.738773 -0.536153 0.408356 0.146362 0.607910 1 0 1.0
0 1.504311 -2.233180 0.388559 0.738773 -0.536153 0.408356 0.146362 0.607910 1 0 1.0
Default
0 2.120834 -0.453494 -1.054169 0.898132 -0.229523 0.375070 0.146362 0.607910 1 0 1.0
0 1.661575 -2.250328 -1.054008 0.898132 -0.229523 0.375070 0.146362 0.607910 1 0 1.0
0 2.038785 -1.544569 -1.525377 0.898132 -0.229523 0.375070 0.146362 0.607910 1 0 1.0
Default
0 1.999913 -1.639079 0.441881 0.714337 -0.624285 0.316213 0.146362 0.607910 1 0 1.0
0 1.504311 -2.233180 0.388559 0.714337 -0.624285 0.316213 0.146362 0.607910 1 0 1.0
0 1.953540 -1.927557 -0.022889 0.714337 -0.624285 0.316213 0.146362 0.607910 1 0 1.0
Default
0 1.953540 -1.927557 -0.022889 0.883750 -0.455402 -0.107682 0.146362 0.607910 1 0 1.0
0 1.523601 -2.704582 -0.265268 0.883750 -0.455402 -0.107682 0.146362 0.607910 1 0 1.0
0 1.661575 -2.250328 -1.054008 0.883750 -0.455402 -0.107682 0.146362 0.607910 1 0 1.0
Default
0 1.487582 3.317718 -0.788863 0.793188 0.389547 -0.468089 0.146362 0.607910 1 0 1.0
0 1.793350 2.199510 -1.201310 0.793188 0.389547 -0.468089 0.146362 0.607910 1 0 1.0
0 1.219438 3.175368 -1.361703 0.793188 0.389547 -0.468089 0.146362 0.607910 1 0 1.0
Default
0 1.503100 2.934731 -0.170353 0.919576 0.392691 -0.013147 0.146362 0.607910 1 0 1.0
0 1.755266 2.355577 0.168690 0.919576 0.392691 -0.013147 0.146362 0.607910 1 0 1.0
0 1.793350 2.243701 -0.509150 0.919576 0.392691 -0.013147 0.146362 0.607910 1 0 1.0
Default
0 2.120834 -0.283222 0.228863 0.921918 0.135990 0.362730 0.146362 0.607910 1 0 1.0
0 2.019819 1.152108 -0.052511 0.921918 0.135990 0.362730 0.146362 0.607910 1 0 1.0
0 1.755266 2.355577 0.168690 0.921918 0.135990 0.362730 0.146362 0.607910 1 0 1.0
Default
0 2.019819 1.152108 -0.052511 0.983540 0.177885 -0.031706 0.146362 0.607910 1 0 1.0
0 2.019819 0.886962 -1.540107 0.983540 0.177885 -0.031706 0.146362 0.607910 1 0 1.0
0 1.793350 2.199510 -1.201310 0.980110 0.198050 -0.012644 0.146362 0.607910 1 0 1.0
Default
0 1.793350 2.243701 -0.509150 0.977251 0.211137 0.020059 0.146362 0.607910 1 0 1.0
0 2.019819 1.152108 -0.052511 0.977251 0.211137 0.020059 0.146362 0.607910 1 0 1.0
0 1.793350 2.199510 -1.201310 0.980110 0.198050 -0.012644 0.146362 0.607910 1 0 1.0
Default
0 1.755266 2.355577 0.168690 0.977251 0.211137 0.020059 0.146362 0.607910 1 0 1.0
0 2.019819 1.152108 -0.052511 0.977251 0.211137 0.020059 0.146362 0.607910 1 0 1.0
0 1.793350 2.243701 -0.509150 0.977251 0.211137 0.020059 0.146362 0.607910 1 0 1.0
Default
0 1.661575 -2.250328 -1.054008 0.612405 -0.638572 -0.466032 0.146362 0.607910 1 0 1.0
0 1.052431 -2.450018 -1.580854 0.612405 -0.638572 -0.466032 0.146362 0.607910 1 0 1.0
0 2.038785 -1.544569 -1.525377 0.612405 -0.638572 -0.466032 0.146362 0.607910 1 0 1.0
Default
0 1.276916 -0.896177 0.937095 0.653796 -0.026394 0.756210 0.145142 0.578613 1 0 1.0
0 2.120834 -0.283222 0.228863 0.653796 -0.026394 0.756210 0.145142 0.578613 1 0 1.0
0 1.341583 0.399111 0.926395 0.653796 -0.026394 0.756210 0.145142 0.578613 1 0 1.0
Default
0 1.999913 -1.639079 0.441881 0.611259 0.069348 0.788386 0.145142 0.578613 1 0 1.0
0 2.120834 -0.283222 0.228863 0.611259 0.069348 0.788386 0.145142 0.578613 1 0 1.0
0 1.276916 -0.896177 0.937095 0.611259 0.069348 0.788386 0.145142 0.578613 1 0 1.0
Default
0 1.661575 -2.250328 -1.054008 0.950614 -0.242988 -0.193107 0.146362 0.607910 1 0 1.0
0 2.120834 -0.453494 -1.054169 0.950614 -0.242988 -0.193107 0.146362 0.607910 1 0 1.0
0 1.953540 -1.927557 -0.022889 0.950614 -0.242988 -0.193107 0.146362 0.607910 1 0 1.0
Default
0 1.341583 0.399111 0.926395 0.890978 -0.012615 0.453871 0.145142 0.578613 1 0 1.0
0 1.755266 2.355577 0.168690 0.890978 -0.012615 0.453871 0.145142 0.578613 1 0 1.0
0 1.361801 3.607359 0.975881 0.890978 -0.012615 0.453871 0.145142 0.578613 1 0 1.0
Default
0 1.356828 3.795997 -0.307952 0.979750 0.180304 0.087064 0.146362 0.607910 1 0 1.0
0 1.503100 2.934731 -0.170353 0.979750 0.180304 0.087064 0.146362 0.607910 1 0 1.0
0 1.487582 3.317718 -0.788863 0.979750 0.180304 0.087064 0.146362 0.607910 1 0 1.0
Default
0 1.374942 3.670277 0.382462 0.985746 0.168173 0.004762 0.146362 0.607910 1 0 1.0
0 1.503100 2.934731 -0.170353 0.985746 0.168173 0.004762 0.146362 0.607910 1 0 1.0
0 1.356828 3.795997 -0.307952 0.985746 0.168173 0.004762 0.146362 0.607910 1 0 1.0
Default
0 1.793350 2.199510 -1.201310 0.962812 0.269625 -0.017214 0.146362 0.607910 1 0 1.0
0 1.487582 3.317718 -0.788863 0.962812 0.269625 -0.017214 0.146362 0.607910 1 0 1.0
0 1.793350 2.243701 -0.509150 0.962812 0.269625 -0.017214 0.146362 0.607910 1 0 1.0
Default
0 1.793350 2.243701 -0.509150 0.935567 0.310276 0.168653 0.146362 0.607910 1 0 1.0
0 1.487582 3.317718 -0.788863 0.935567 0.310276 0.168653 0.146362 0.607910 1 0 1.0
0 1.503100 2.934731 -0.170353 0.935567 0.310276 0.168653 0.146362 0.607910 1 0 1.0
Default
0 1.503100 2.934731 -0.170353 0.936080 0.300528 -0.182856 0.146362 0.607910 1 0 1.0
0 1.374942 3.670277 0.382462 0.936080 0.300528 -0.182856 0.146362 0.607910 1 0 1.0
0 1.755266 2.355577 0.168690 0.936080 0.300528 -0.182856 0.146362 0.607910 1 0 1.0
Default
0 2.038785 -1.544569 -1.525377 0.982488 0.006535 -0.186209 0.146362 0.607910 1 0 1.0
0 2.019819 0.886962 -1.540107 0.982488 0.006535 -0.186209 0.146362 0.607910 1 0 1.0
0 2.120834 -0.453494 -1.054169 0.982488 0.006535 -0.186209 0.146362 0.607910 1 0 1.0
Default
0 1.755266 2.355577 0.168690 0.716527 0.114954 0.688022 0.145142 0.578613 1 0 1.0
0 1.341583 0.399111 0.926395 0.716527 0.114954 0.688022 0.145142 0.578613 1 0 1.0
0 2.120834 -0.283222 0.228863 0.716527 0.114954 0.688022 0.145142 0.578613 1 0 1.0
Default
0 1.643683 -2.910753 0.545068 0.805925 0.591206 0.030991 0.146362 0.607910 1 0 1.0
0 1.714228 -2.973436 -0.093699 0.805925 0.591206 0.030991 0.146362 0.607910 1 0 1.0
0 1.523601 -2.704582 -0.265268 0.805925 0.591206 0.030991 0.146362 0.607910 1 0 1.0
Default
0 2.263748 -4.440873 0.099534 0.846680 0.488391 0.211203 0.146362 0.607910 1 0 1.0
0 1.691030 -3.380062 -0.057575 0.846680 0.488391 0.211203 0.146362 0.607910 1 0 1.0
0 1.592253 -3.693410 1.062997 0.846680 0.488391 0.211203 0.146362 0.607910 1 0 1.0
Default
0 1.231012 -3.631138 -1.226408 0.251270 0.617182 -0.745620 0.146362 0.607910 1 0 1.0
0 -0.000000 -3.629145 -1.639603 0.251270 0.617182 -0.745620 0.146362 0.607910 1 0 1.0
0 -0.000000 -2.994805 -1.114532 0.251270 0.617182 -0.745620 0.146362 0.607910 1 0 1.0
Default
0 1.080117 -3.699392 1.602383 0.302266 0.440061 0.845566 0.172119 0.546387 1 0 1.0
0 1.017647 -2.836592 1.175685 0.302266 0.440061 0.845566 0.172119 0.546387 1 0 1.0
0 -0.000000 -2.810733 1.526007 0.302266 0.440061 0.845566 0.172119 0.546387 1 0 1.0
Default
0 1.691030 -3.380062 -0.057575 0.881444 -0.392563 -0.262584 0.146362 0.607910 1 0 1.0
0 1.231012 -3.631138 -1.226408 0.881444 -0.392563 -0.262584 0.146362 0.607910 1 0 1.0
0 1.582315 -3.002668 -0.986710 0.881444 -0.392563 -0.262584 0.146362 0.607910 1 0 1.0
Default
0 2.100144 -5.529075 0.077908 0.951971 0.108131 -0.286458 0.146362 0.607910 1 0 1.0
0 1.791856 -5.594679 -0.971375 0.951971 0.108131 -0.286458 0.146362 0.607910 1 0 1.0
0 1.658901 -4.731664 -1.087447 0.951971 0.108131 -0.286458 0.146362 0.607910 1 0 1.0
Default
0 -0.000000 -4.737693 -1.482494 0.315179 -0.133171 -0.939642 0.146362 0.607910 1 0 1.0
0 -0.000000 -3.629145 -1.639603 0.315179 -0.133171 -0.939642 0.146362 0.607910 1 0 1.0
0 1.231012 -3.631138 -1.226408 0.315179 -0.133171 -0.939642 0.146362 0.607910 1 0 1.0
Default
0 1.716583 -4.603351 1.186008 0.711110 0.188721 0.677279 0.145142 0.578613 1 0 1.0
0 1.592253 -3.693410 1.062997 0.711110 0.188721 0.677279 0.145142 0.578613 1 0 1.0
0 1.080117 -3.699392 1.602383 0.711110 0.188721 0.677279 0.145142 0.578613 1 0 1.0
Default
0 1.658901 -4.731664 -1.087447 0.868826 0.286846 -0.403561 0.146362 0.607910 1 0 1.0
0 1.231012 -3.631138 -1.226408 0.868826 0.286846 -0.403561 0.146362 0.607910 1 0 1.0
0 1.691030 -3.380062 -0.057575 0.868826 0.286846 -0.403561 0.146362 0.607910 1 0 1.0
Default
0 1.517128 -7.864637 0.044436 0.946430 -0.264456 0.185292 0.146362 0.607910 1 0 1.0
0 1.781991 -7.444246 -0.708436 0.946430 -0.264456 0.185292 0.146362 0.607910 1 0 1.0
0 1.945437 -6.559807 -0.280973 0.946430 -0.264456 0.185292 0.146362 0.607910 1 0 1.0
Default
0 1.056553 -6.977506 1.276211 0.757238 -0.242490 0.606456 0.145142 0.578613 1 0 1.0
0 1.527866 -6.835018 0.744690 0.757238 -0.242490 0.606456 0.145142 0.578613 1 0 1.0
0 1.606000 -5.696329 1.102431 0.757238 -0.242490 0.606456 0.145142 0.578613 1 0 1.0
Default
0 1.945437 -6.559807 -0.280973 0.937120 -0.091755 -0.336731 0.146362 0.607910 1 0 1.0
0 1.669775 -6.585604 -1.041108 0.937120 -0.091755 -0.336731 0.146362 0.607910 1 0 1.0
0 1.791856 -5.594679 -0.971375 0.937120 -0.091755 -0.336731 0.146362 0.607910 1 0 1.0
Default
0 1.451704 -8.758800 -0.605656 0.951884 -0.222705 0.210522 0.146362 0.607910 1 0 1.0
0 1.781991 -7.444246 -0.708436 0.951884 -0.222705 0.210522 0.146362 0.607910 1 0 1.0
0 1.517128 -7.864637 0.044436 0.951884 -0.222705 0.210522 0.146362 0.607910 1 0 1.0
Default
0 1.424565 -8.277586 -1.269897 0.830261 0.019201 -0.557044 0.146362 0.607910 1 0 1.0
0 1.405525 -7.466439 -1.270316 0.830261 0.019201 -0.557044 0.146362 0.607910 1 0 1.0
0 1.781991 -7.444246 -0.708436 0.830261 0.019201 -0.557044 0.146362 0.607910 1 0 1.0
Default
0 1.405525 -7.466439 -1.270316 0.256384 0.246688 -0.934565 0.146362 0.607910 1 0 1.0
0 -0.000000 -7.390121 -1.635755 0.256384 0.246688 -0.934565 0.146362 0.607910 1 0 1.0
0 -0.000000 -6.507124 -1.402679 0.256384 0.246688 -0.934565 0.146362 0.607910 1 0 1.0
Default
0 1.781991 -7.444246 -0.708436 0.828077 -0.105130 -0.550669 0.146362 0.607910 1 0 1.0
0 1.405525 -7.466439 -1.270316 0.828077 -0.105130 -0.550669 0.146362 0.607910 1 0 1.0
0 1.669775 -6.585604 -1.041108 0.828077 -0.105130 -0.550669 0.146362 0.607910 1 0 1.0
Default
0 1.673137 -9.561717 -0.847790 0.596415 -0.148784 0.788766 0.141357 0.608398 1 0 1.0
0 1.834218 -9.507108 -0.959289 0.596415 -0.148784 0.788766 0.141357 0.608398 1 0 1.0
0 1.265618 -8.888935 -0.412743 0.596415 -0.148784 0.788766 0.141357 0.608398 1 0 1.0
Default
0 -0.000000 -8.067874 -1.470052 0.233067 -0.230952 -0.944638 0.146362 0.607910 1 0 1.0
0 -0.000000 -7.390121 -1.635755 0.233067 -0.230952 -0.944638 0.146362 0.607910 1 0 1.0
0 1.405525 -7.466439 -1.270316 0.233067 -0.230952 -0.944638 0.146362 0.607910 1 0 1.0
Default
0 3.320815 -9.794264 -1.260334 0.230541 0.193814 0.953565 0.141357 0.608398 1 0 1.0
0 3.356545 -9.632235 -1.301905 0.230541 0.193814 0.953565 0.141357 0.608398 1 0 1.0
0 1.834218 -9.507108 -0.959289 0.230541 0.193814 0.953565 0.141357 0.608398 1 0 1.0
Default
0 -0.000000 -9.537613 -1.322540 0.236853 0.381117 -0.893673 0.141357 0.608398 1 0 1.0
0 -0.000000 -8.588571 -0.917810 0.236853 0.381117 -0.893673 0.141357 0.608398 1 0 1.0
0 1.451704 -8.758800 -0.605656 0.236853 0.381117 -0.893673 0.141357 0.608398 1 0 1.0
Default
0 1.834218 -9.507108 -0.959289 0.856950 0.499001 -0.128979 0.141357 0.608398 1 0 1.0
0 1.724613 -9.386443 -1.220682 0.856950 0.499001 -0.128979 0.141357 0.608398 1 0 1.0
0 1.451704 -8.758800 -0.605656 0.856950 0.499001 -0.128979 0.141357 0.608398 1 0 1.0
Default
0 3.388747 -10.796123 -2.208554 0.997751 -0.021782 0.063397 0.109436 0.638184 1 0 1.0
0 3.363410 -9.617419 -1.404862 0.997751 -0.021782 0.063397 0.109436 0.638184 1 0 1.0
0 3.356545 -9.632235 -1.301905 0.997751 -0.021782 0.063397 0.109436 0.638184 1 0 1.0
Default
0 -0.000000 -11.134106 -1.752418 0.036279 -0.422528 0.905624 0.110657 0.627441 1 0 1.0
0 4.106424 -11.241108 -1.966846 0.036279 -0.422528 0.905624 0.110657 0.627441 1 0 1.0
0 3.320815 -9.794264 -1.260334 0.036279 -0.422528 0.905624 0.110657 0.627441 1 0 1.0
Default
0 -0.000000 -10.138030 -1.021356 0.118303 -0.585082 0.802299 0.141357 0.608398 1 0 1.0
0 3.320815 -9.794264 -1.260334 0.118303 -0.585082 0.802299 0.141357 0.608398 1 0 1.0
0 1.673137 -9.561717 -0.847790 0.118303 -0.585082 0.802299 0.141357 0.608398 1 0 1.0
Default
0 3.363410 -9.617419 -1.404862 0.169399 0.919921 0.353623 0.141357 0.608398 1 0 1.0
0 1.724613 -9.386443 -1.220682 0.169399 0.919921 0.353623 0.141357 0.608398 1 0 1.0
0 1.834218 -9.507108 -0.959289 0.169399 0.919921 0.353623 0.141357 0.608398 1 0 1.0
Default
0 2.890311 -11.782076 -2.617328 0.430479 -0.900887 -0.055597 0.105713 0.639648 1 0 1.0
0 4.479197 -11.057448 -2.056540 0.430479 -0.900887 -0.055597 0.105713 0.639648 1 0 1.0
0 4.106424 -11.241108 -1.966846 0.430479 -0.900887 -0.055597 0.105713 0.639648 1 0 1.0
Default
0 4.479197 -11.057448 -2.056540 0.613490 0.066603 0.786889 0.116821 0.629883 1 0 1.0
0 3.356545 -9.632235 -1.301905 0.613490 0.066603 0.786889 0.116821 0.629883 1 0 1.0
0 3.320815 -9.794264 -1.260334 0.613490 0.066603 0.786889 0.116821 0.629883 1 0 1.0
Default
0 -0.000000 -12.414695 -2.522019 0.214750 -0.942658 0.255495 0.108215 0.640625 1 0 1.0
0 2.890311 -11.782076 -2.617328 0.214750 -0.942658 0.255495 0.108215 0.640625 1 0 1.0
0 2.299304 -11.824040 -2.275394 0.214750 -0.942658 0.255495 0.108215 0.640625 1 0 1.0
Default
0 2.890311 -11.782076 -2.617328 0.109782 -0.114396 -0.987351 0.109436 0.638184 1 0 1.0
0 -0.000000 -12.537432 -2.851179 0.109782 -0.114396 -0.987351 0.109436 0.638184 1 0 1.0
0 1.750760 -11.704883 -2.752975 0.109782 -0.114396 -0.987351 0.109436 0.638184 1 0 1.0
Default
0 1.750760 -11.704883 -2.752975 -0.093254 0.307792 -0.946872 0.141357 0.608398 1 0 1.0
0 -0.000000 -12.537432 -2.851179 -0.093254 0.307792 -0.946872 0.141357 0.608398 1 0 1.0
0 -0.000000 -10.963312 -2.339492 -0.093254 0.307792 -0.946872 0.141357 0.608398 1 0 1.0
Default
0 2.890311 -11.782076 -2.617328 0.133366 0.321282 -0.937545 0.109436 0.638184 1 0 1.0
0 1.750760 -11.704883 -2.752975 0.133366 0.321282 -0.937545 0.109436 0.638184 1 0 1.0
0 3.388747 -10.796123 -2.208554 0.133366 0.321282 -0.937545 0.109436 0.638184 1 0 1.0
Default
0 2.890311 -11.782076 -2.617328 0.211694 -0.915747 0.341458 0.105713 0.639648 1 0 1.0
0 -0.000000 -12.414695 -2.522019 0.211694 -0.915747 0.341458 0.105713 0.639648 1 0 1.0
0 -0.000000 -12.537432 -2.851179 0.211694 -0.915747 0.341458 0.105713 0.639648 1 0 1.0
Default
0 1.451704 -8.758800 -0.605656 0.709304 0.029751 0.704274 0.141357 0.608398 1 0 1.0
0 1.265618 -8.888935 -0.412743 0.709304 0.029751 0.704274 0.141357 0.608398 1 0 1.0
0 1.834218 -9.507108 -0.959289 0.709304 0.029751 0.704274 0.141357 0.608398 1 0 1.0
Default
0 0.868185 4.431048 1.141957 0.187597 -0.577356 -0.794649 0.986328 0.517578 1 0 1.0
0 0.636526 4.355776 1.141957 0.187597 -0.577356 -0.794649 0.986328 0.517578 1 0 1.0
0 0.700554 4.552837 1.013896 0.187597 -0.577356 -0.794649 0.986328 0.517578 1 0 1.0
Default
0 0.700554 4.552837 1.013896 0.607065 0.000000 -0.794652 0.986328 0.517578 1 0 1.0
0 0.868185 4.674627 1.141957 0.607065 0.000000 -0.794652 0.986328 0.517578 1 0 1.0
0 0.868185 4.431048 1.141957 0.607065 0.000000 -0.794652 0.986328 0.517578 1 0 1.0
Default
0 0.636526 4.355776 1.141957 -0.491121 -0.356831 -0.794652 0.986328 0.517578 1 0 1.0
0 0.493349 4.552837 1.141957 -0.491121 -0.356831 -0.794652 0.986328 0.517578 1 0 1.0
0 0.700554 4.552837 1.013896 -0.491121 -0.356831 -0.794652 0.986328 0.517578 1 0 1.0
Default
0 0.493349 4.552837 1.141957 -0.491122 0.356832 -0.794651 0.986328 0.517578 1 0 1.0
0 0.636526 4.749899 1.141957 -0.491122 0.356832 -0.794651 0.986328 0.517578 1 0 1.0
0 0.700554 4.552837 1.013896 -0.491122 0.356832 -0.794651 0.986328 0.517578 1 0 1.0
Default
0 0.636526 4.749899 1.141957 0.187596 0.577358 -0.794648 0.986328 0.517578 1 0 1.0
0 0.868185 4.674627 1.141957 0.187596 0.577358 -0.794648 0.986328 0.517578 1 0 1.0
0 0.700554 4.552837 1.013896 0.187596 0.577358 -0.794648 0.986328 0.517578 1 0 1.0
Default
0 0.868185 4.674627 1.141957 0.982246 0.000000 -0.187598 0.986328 0.517578 1 0 1.0
0 0.907759 4.552837 1.349162 0.982246 0.000000 -0.187598 0.986328 0.517578 1 0 1.0
0 0.868185 4.431048 1.141957 0.982246 0.000000 -0.187598 0.986328 0.517578 1 0 1.0
Default
0 0.868185 4.431048 1.141957 0.303535 -0.934171 -0.187592 0.986328 0.517578 1 0 1.0
0 0.764582 4.355776 1.349162 0.303535 -0.934171 -0.187592 0.986328 0.517578 1 0 1.0
0 0.636526 4.355776 1.141957 0.303535 -0.934171 -0.187592 0.986328 0.517578 1 0 1.0
Default
0 0.636526 4.355776 1.141957 -0.794649 -0.577359 -0.187588 0.986328 0.517578 1 0 1.0
0 0.532923 4.431048 1.349162 -0.794649 -0.577359 -0.187588 0.986328 0.517578 1 0 1.0
0 0.493349 4.552837 1.141957 -0.794649 -0.577359 -0.187588 0.986328 0.517578 1 0 1.0
Default
0 0.493349 4.552837 1.141957 -0.794648 0.577361 -0.187589 0.986328 0.517578 1 0 1.0
0 0.532923 4.674627 1.349162 -0.794648 0.577361 -0.187589 0.986328 0.517578 1 0 1.0
0 0.636526 4.749899 1.141957 -0.794648 0.577361 -0.187589 0.986328 0.517578 1 0 1.0
Default
0 0.636526 4.749899 1.141957 0.303534 0.934172 -0.187591 0.986328 0.517578 1 0 1.0
0 0.764582 4.749899 1.349162 0.303534 0.934172 -0.187591 0.986328 0.517578 1 0 1.0
0 0.868185 4.674627 1.141957 0.303534 0.934172 -0.187591 0.986328 0.517578 1 0 1.0
Default
0 0.907759 4.552837 1.349162 0.794650 -0.577358 0.187588 0.986328 0.517578 1 0 1.0
0 0.764582 4.355776 1.349162 0.794650 -0.577358 0.187588 0.986328 0.517578 1 0 1.0
0 0.868185 4.431048 1.141957 0.794650 -0.577358 0.187588 0.986328 0.517578 1 0 1.0
Default
0 0.764582 4.355776 1.349162 -0.303538 -0.934170 0.187592 0.986328 0.517578 1 0 1.0
0 0.532923 4.431048 1.349162 -0.303538 -0.934170 0.187592 0.986328 0.517578 1 0 1.0
0 0.636526 4.355776 1.141957 -0.303538 -0.934170 0.187592 0.986328 0.517578 1 0 1.0
Default
0 0.532923 4.431048 1.349162 -0.982246 0.000000 0.187597 0.986328 0.517578 1 0 1.0
0 0.532923 4.674627 1.349162 -0.982246 0.000000 0.187597 0.986328 0.517578 1 0 1.0
0 0.493349 4.552837 1.141957 -0.982246 0.000000 0.187597 0.986328 0.517578 1 0 1.0
Default
0 0.532923 4.674627 1.349162 -0.303536 0.934171 0.187590 0.986328 0.517578 1 0 1.0
0 0.764582 4.749899 1.349162 -0.303536 0.934171 0.187590 0.986328 0.517578 1 0 1.0
0 0.636526 4.749899 1.141957 -0.303536 0.934171 0.187590 0.986328 0.517578 1 0 1.0
Default
0 0.764582 4.749899 1.349162 0.794649 0.577359 0.187589 0.986328 0.517578 1 0 1.0
0 0.907759 4.552837 1.349162 0.794649 0.577359 0.187589 0.986328 0.517578 1 0 1.0
0 0.868185 4.674627 1.141957 0.794649 0.577359 0.187589 0.986328 0.517578 1 0 1.0
Default
0 0.907759 4.552837 1.349162 0.491120 -0.356827 0.794654 0.986328 0.517578 1 0 1.0
0 0.700554 4.552837 1.477221 0.491120 -0.356827 0.794654 0.986328 0.517578 1 0 1.0
0 0.764582 4.355776 1.349162 0.491120 -0.356827 0.794654 0.986328 0.517578 1 0 1.0
Default
0 0.764582 4.355776 1.349162 -0.187596 -0.577352 0.794652 0.986328 0.517578 1 0 1.0
0 0.700554 4.552837 1.477221 -0.187596 -0.577352 0.794652 0.986328 0.517578 1 0 1.0
0 0.532923 4.431048 1.349162 -0.187596 -0.577352 0.794652 0.986328 0.517578 1 0 1.0
Default
0 0.532923 4.431048 1.349162 -0.607062 0.000000 0.794654 0.986328 0.517578 1 0 1.0
0 0.700554 4.552837 1.477221 -0.607062 0.000000 0.794654 0.986328 0.517578 1 0 1.0
0 0.532923 4.674627 1.349162 -0.607062 0.000000 0.794654 0.986328 0.517578 1 0 1.0
Default
0 0.532923 4.674627 1.349162 -0.187597 0.577353 0.794651 0.986328 0.517578 1 0 1.0
0 0.700554 4.552837 1.477221 -0.187597 0.577353 0.794651 0.986328 0.517578 1 0 1.0
0 0.764582 4.749899 1.349162 -0.187597 0.577353 0.794651 0.986328 0.517578 1 0 1.0
Default
0 0.764582 4.749899 1.349162 0.491121 0.356828 0.794653 0.986328 0.517578 1 0 1.0
0 0.700554 4.552837 1.477221 0.491121 0.356828 0.794653 0.986328 0.517578 1 0 1.0
0 0.907759 4.552837 1.349162 0.491121 0.356828 0.794653 0.986328 0.517578 1 0 1.0
Default
0 0.854144 4.896106 -0.423141 -0.199856 -0.052232 -0.978432 0.146362 0.607910 1 0 1.0
0 1.164075 4.165078 -0.447424 -0.199856 -0.052232 -0.978432 0.146362 0.607910 1 0 1.0
0 -0.000000 4.315940 -0.217702 -0.199856 -0.052232 -0.978432 0.146362 0.607910 1 0 1.0
Default
0 0.518455 4.632716 1.291811 0.527858 0.249932 0.811727 0.172119 0.546387 1 0 1.0
0 0.259625 4.913702 1.373609 0.527858 0.249932 0.811727 0.172119 0.546387 1 0 1.0
0 -0.000000 4.653647 1.622513 0.527858 0.249932 0.811727 0.172119 0.546387 1 0 1.0
Default
0 0.773538 4.648369 0.351425 0.737386 0.613929 -0.281697 0.146362 0.607910 1 0 1.0
0 0.766090 4.885120 0.847901 0.737386 0.613929 -0.281697 0.146362 0.607910 1 0 1.0
0 1.036909 4.611787 0.961110 0.737386 0.613929 -0.281697 0.146362 0.607910 1 0 1.0
Default
0 1.036909 4.611787 0.961110 0.295814 0.863196 0.409129 0.172119 0.546387 1 0 1.0
0 0.625344 4.748031 0.971231 0.295814 0.863196 0.409129 0.172119 0.546387 1 0 1.0
0 0.518455 4.632716 1.291811 0.295814 0.863196 0.409129 0.172119 0.546387 1 0 1.0
Default
0 0.713334 5.067599 0.234971 0.840602 0.533340 0.094537 0.146362 0.607910 1 0 1.0
0 0.505957 5.319634 0.657048 0.840602 0.533340 0.094537 0.146362 0.607910 1 0 1.0
0 0.641107 5.069728 0.865190 0.840602 0.533340 0.094537 0.146362 0.607910 1 0 1.0
Default
0 0.385940 5.315002 1.138500 0.782052 0.590037 0.200627 0.146362 0.607910 1 0 1.0
0 0.641107 5.069728 0.865190 0.782052 0.590037 0.200627 0.146362 0.607910 1 0 1.0
0 0.505957 5.319634 0.657048 0.782052 0.590037 0.200627 0.146362 0.607910 1 0 1.0
Default
0 -0.000000 5.417776 0.500376 0.711818 0.629034 -0.312461 0.146362 0.607910 1 0 1.0
0 -0.000000 5.877878 1.426633 0.711818 0.629034 -0.312461 0.146362 0.607910 1 0 1.0
0 0.264221 5.347376 0.960570 0.711818 0.629034 -0.312461 0.146362 0.607910 1 0 1.0
Default
0 0.385940 5.315002 1.138500 0.554947 0.283519 0.782081 0.172119 0.546387 1 0 1.0
0 0.259625 4.913702 1.373609 0.554947 0.283519 0.782081 0.172119 0.546387 1 0 1.0
0 0.518455 4.632716 1.291811 0.554947 0.283519 0.782081 0.172119 0.546387 1 0 1.0
Default
0 0.713334 5.067599 0.234971 0.877839 0.474642 0.064138 0.146362 0.607910 1 0 1.0
0 1.117475 4.352230 -0.002424 0.877839 0.474642 0.064138 0.146362 0.607910 1 0 1.0
0 0.854144 4.896106 -0.423141 0.877839 0.474642 0.064138 0.146362 0.607910 1 0 1.0
Default
0 0.259625 4.913702 1.373609 0.729607 0.159897 0.664911 0.172119 0.546387 1 0 1.0
0 0.385940 5.315002 1.138500 0.729607 0.159897 0.664911 0.172119 0.546387 1 0 1.0
0 -0.000000 5.877878 1.426633 0.729607 0.159897 0.664911 0.172119 0.546387 1 0 1.0
Default
0 0.713334 5.067599 0.234971 0.139376 0.762640 -0.631629 0.146362 0.607910 1 0 1.0
0 0.432920 5.015870 0.110635 0.139376 0.762640 -0.631629 0.146362 0.607910 1 0 1.0
0 -0.000000 5.417776 0.500376 0.139376 0.762640 -0.631629 0.146362 0.607910 1 0 1.0
Default
0 0.773538 4.648369 0.351425 0.792983 0.266117 0.548051 0.146362 0.607910 1 0 1.0
0 1.117475 4.352230 -0.002424 0.792983 0.266117 0.548051 0.146362 0.607910 1 0 1.0
0 0.713334 5.067599 0.234971 0.792983 0.266117 0.548051 0.146362 0.607910 1 0 1.0
Default
0 0.773538 4.648369 0.351425 0.529661 0.829095 -0.179054 0.146362 0.607910 1 0 1.0
0 1.036909 4.611787 0.961110 0.529661 0.829095 -0.179054 0.146362 0.607910 1 0 1.0
0 1.117475 4.352230 -0.002424 0.529661 0.829095 -0.179054 0.146362 0.607910 1 0 1.0
Default
0 0.625344 4.748031 0.971231 0.788351 0.157418 0.594746 0.146362 0.607910 1 0 1.0
0 0.641107 5.069728 0.865190 0.788351 0.157418 0.594746 0.146362 0.607910 1 0 1.0
0 0.385940 5.315002 1.138500 0.788351 0.157418 0.594746 0.146362 0.607910 1 0 1.0
Default
0 -0.000000 5.417776 0.500376 -0.000044 0.847321 0.531081 0.146362 0.607910 1 0 1.0
0 0.248867 5.368705 0.578712 -0.000044 0.847321 0.531081 0.146362 0.607910 1 0 1.0
0 0.505957 5.319634 0.657048 -0.000044 0.847321 0.531081 0.146362 0.607910 1 0 1.0
Default
0 -0.248867 5.368705 0.578712 0.000044 0.847321 0.531081 0.146362 0.607910 1 0 1.0
0 -0.000000 5.417776 0.500376 -0.000044 0.847321 0.531081 0.146362 0.607910 1 0 1.0
0 -0.505957 5.319634 0.657048 0.000044 0.847321 0.531081 0.146362 0.607910 1 0 1.0
Default
0 -0.000000 5.877878 1.426633 0.619126 0.124071 0.775429 0.172119 0.546387 1 0 1.0
0 -0.000000 4.653647 1.622513 0.619126 0.124071 0.775429 0.172119 0.546387 1 0 1.0
0 0.259625 4.913702 1.373609 0.619126 0.124071 0.775429 0.172119 0.546387 1 0 1.0
Default
0 0.766090 4.885120 0.847901 0.197542 0.535745 0.820947 0.146362 0.607910 1 0 1.0
0 0.625344 4.748031 0.971231 0.197542 0.535745 0.820947 0.146362 0.607910 1 0 1.0
0 1.036909 4.611787 0.961110 0.197542 0.535745 0.820947 0.146362 0.607910 1 0 1.0
Default
0 0.385940 5.315002 1.138500 0.884492 0.258987 0.388070 0.172119 0.546387 1 0 1.0
0 0.518455 4.632716 1.291811 0.884492 0.258987 0.388070 0.172119 0.546387 1 0 1.0
0 0.625344 4.748031 0.971231 0.884492 0.258987 0.388070 0.172119 0.546387 1 0 1.0
Default
0 0.854144 4.896106 -0.423141 0.269249 0.963064 -0.003610 0.146362 0.607910 1 0 1.0
0 -0.000000 5.135764 -0.193419 0.269249 0.963064 -0.003610 0.146362 0.607910 1 0 1.0
0 0.432920 5.015870 0.110635 0.269249 0.963064 -0.003610 0.146362 0.607910 1 0 1.0
Default
0 -0.000000 5.417776 0.500376 0.462070 0.821566 -0.333948 0.146362 0.607910 1 0 1.0
0 0.432920 5.015870 0.110635 0.462070 0.821566 -0.333948 0.146362 0.607910 1 0 1.0
0 -0.000000 5.135764 -0.193419 0.462070 0.821566 -0.333948 0.146362 0.607910 1 0 1.0
Default
0 0.773538 4.648369 0.351425 0.789593 0.558397 -0.254433 0.146362 0.607910 1 0 1.0
0 0.641107 5.069728 0.865190 0.789593 0.558397 -0.254433 0.146362 0.607910 1 0 1.0
0 0.766090 4.885120 0.847901 0.789593 0.558397 -0.254433 0.146362 0.607910 1 0 1.0
Default
0 0.773538 4.648369 0.351425 0.978831 0.171568 0.111600 0.146362 0.607910 1 0 1.0
0 0.713334 5.067599 0.234971 0.978831 0.171568 0.111600 0.146362 0.607910 1 0 1.0
0 0.641107 5.069728 0.865190 0.978831 0.171568 0.111600 0.146362 0.607910 1 0 1.0
Default
0 0.766090 4.885120 0.847901 0.487451 0.251713 0.836082 0.146362 0.607910 1 0 1.0
0 0.641107 5.069728 0.865190 0.487451 0.251713 0.836082 0.146362 0.607910 1 0 1.0
0 0.625344 4.748031 0.971231 0.487451 0.251713 0.836082 0.146362 0.607910 1 0 1.0
Default
0 0.541761 5.804338 2.779975 0.683042 -0.476100 -0.553879 0.146362 0.607910 1 0 1.0
0 0.431187 7.060951 1.563465 0.683042 -0.476100 -0.553879 0.146362 0.607910 1 0 1.0
0 0.493039 7.044501 1.653882 0.683042 -0.476100 -0.553879 0.146362 0.607910 1 0 1.0
Default
0 0.264221 5.347376 0.960570 0.680459 0.644788 -0.348173 0.146362 0.607910 1 0 1.0
0 -0.000000 5.877878 1.426633 0.680459 0.644788 -0.348173 0.146362 0.607910 1 0 1.0
0 0.385940 5.315002 1.138500 0.680459 0.644788 -0.348173 0.146362 0.607910 1 0 1.0
Default
0 0.572827 7.046854 1.409229 -0.734154 0.294789 -0.611651 0.146362 0.607910 1 0 1.0
0 0.505957 5.319634 0.657048 -0.734154 0.294789 -0.611651 0.146362 0.607910 1 0 1.0
0 0.264221 5.347376 0.960570 -0.734154 0.294789 -0.611651 0.146362 0.607910 1 0 1.0
Default
0 0.572827 7.046854 1.409229 0.940497 -0.149214 0.305288 0.146362 0.607910 1 0 1.0
0 0.493039 7.044501 1.653882 0.940497 -0.149214 0.305288 0.146362 0.607910 1 0 1.0
0 0.385940 5.315002 1.138500 0.940497 -0.149214 0.305288 0.146362 0.607910 1 0 1.0
Default
0 0.580140 5.771665 2.851179 -0.698472 0.428556 0.573129 0.146362 0.607910 1 0 1.0
0 1.529843 7.684264 2.578425 -0.698472 0.428556 0.573129 0.146362 0.607910 1 0 1.0
0 0.541761 5.804338 2.779975 -0.698472 0.428556 0.573129 0.146362 0.607910 1 0 1.0
Default
0 0.637645 5.746274 2.658512 0.640232 0.548508 0.537812 0.146362 0.607910 1 0 1.0
0 0.572827 7.046854 1.409229 0.640232 0.548508 0.537812 0.146362 0.607910 1 0 1.0
0 0.431187 7.060951 1.563465 0.640232 0.548508 0.537812 0.146362 0.607910 1 0 1.0
Default
0 0.637645 5.746274 2.658512 -0.927343 -0.288102 -0.238816 0.146362 0.607910 1 0 1.0
0 0.580140 5.771665 2.851179 -0.927343 -0.288102 -0.238816 0.146362 0.607910 1 0 1.0
0 0.493039 7.044501 1.653882 -0.927343 -0.288102 -0.238816 0.146362 0.607910 1 0 1.0
Default
0 0.541761 5.804338 2.779975 -0.681052 0.285678 -0.674208 0.146362 0.607910 1 0 1.0
0 1.529843 7.684264 2.578425 -0.681052 0.285678 -0.674208 0.146362 0.607910 1 0 1.0
0 0.637645 5.746274 2.658512 -0.681052 0.285678 -0.674208 0.146362 0.607910 1 0 1.0
Default
0 0.637645 5.746274 2.658512 0.868365 -0.386954 0.310176 0.146362 0.607910 1 0 1.0
0 1.529843 7.684264 2.578425 0.868365 -0.386954 0.310176 0.146362 0.607910 1 0 1.0
0 0.580140 5.771665 2.851179 0.868365 -0.386954 0.310176 0.146362 0.607910 1 0 1.0
Default
0 0.411083 6.009273 0.592591 -0.978166 0.173806 -0.113939 0.146362 0.607910 1 0 1.0
0 0.649165 6.610750 -0.533841 -0.978166 0.173806 -0.113939 0.146362 0.607910 1 0 1.0
0 0.402936 5.867940 0.446940 -0.978166 0.173806 -0.113939 0.146362 0.607910 1 0 1.0
Default
0 0.411083 6.009273 0.592591 -0.951795 0.245028 -0.184522 0.146362 0.607910 1 0 1.0
0 0.402936 5.867940 0.446940 -0.951795 0.245028 -0.184522 0.146362 0.607910 1 0 1.0
0 0.248867 5.368705 0.578712 -0.951795 0.245028 -0.184522 0.146362 0.607910 1 0 1.0
Default
0 0.402936 5.867940 0.446940 0.299583 -0.291788 -0.908356 0.146362 0.607910 1 0 1.0
0 0.558996 5.880860 0.494260 0.299583 -0.291788 -0.908356 0.146362 0.607910 1 0 1.0
0 0.505957 5.319634 0.657048 0.299583 -0.291788 -0.908356 0.146362 0.607910 1 0 1.0
Default
0 0.411083 6.009273 0.592591 0.778907 0.163736 0.605388 0.146362 0.607910 1 0 1.0
0 0.264221 5.347376 0.960570 0.778907 0.163736 0.605388 0.146362 0.607910 1 0 1.0
0 0.505957 5.319634 0.657048 0.778907 0.163736 0.605388 0.146362 0.607910 1 0 1.0
Default
0 0.402936 5.867940 0.446940 0.232988 -0.802494 -0.549290 0.146362 0.607910 1 0 1.0
0 0.649165 6.610750 -0.533841 0.232988 -0.802494 -0.549290 0.146362 0.607910 1 0 1.0
0 0.558996 5.880860 0.494260 0.232988 -0.802494 -0.549290 0.146362 0.607910 1 0 1.0
Default
0 0.558996 5.880860 0.494260 0.737644 0.518332 0.432681 0.146362 0.607910 1 0 1.0
0 0.649165 6.610750 -0.533841 0.737644 0.518332 0.432681 0.146362 0.607910 1 0 1.0
0 0.411083 6.009273 0.592591 0.737644 0.518332 0.432681 0.146362 0.607910 1 0 1.0
Default
0 6.048756 4.061706 -0.677205 -0.134041 -0.244706 -0.960287 0.108704 0.639648 1 0 1.0
0 5.382750 4.426517 -0.677204 -0.134041 -0.244706 -0.960287 0.108704 0.639648 1 0 1.0
0 5.375933 4.965513 -0.813603 -0.134041 -0.244706 -0.960287 0.108704 0.639648 1 0 1.0
Default
0 5.049747 4.708851 -0.361817 -0.896002 -0.355360 0.266269 0.108704 0.639648 1 0 1.0
0 5.382750 4.426517 0.381946 -0.896002 -0.355360 0.266269 0.108704 0.639648 1 0 1.0
0 5.119327 5.268533 0.619266 -0.896002 -0.355360 0.266269 0.108704 0.639648 1 0 1.0
Default
0 5.375933 4.965513 -0.813603 -0.750102 -0.171140 -0.638794 0.108704 0.639648 1 0 1.0
0 5.382750 4.426517 -0.677204 -0.750102 -0.171140 -0.638794 0.108704 0.639648 1 0 1.0
0 5.049747 4.708851 -0.361817 -0.750102 -0.171140 -0.638794 0.108704 0.639648 1 0 1.0
Default
0 6.381758 3.879300 -0.019567 0.660980 -0.566710 -0.491879 0.108704 0.639648 1 0 1.0
0 6.048756 4.061706 -0.677205 0.660980 -0.566710 -0.491879 0.108704 0.639648 1 0 1.0
0 6.731812 4.817890 -0.630549 0.660980 -0.566710 -0.491879 0.108704 0.639648 1 0 1.0
Default
0 6.475205 5.120910 0.802320 0.664675 -0.267807 0.697486 0.108704 0.639648 1 0 1.0
0 7.058054 4.912643 0.166923 0.664675 -0.267807 0.697486 0.108704 0.639648 1 0 1.0
0 7.337594 6.393752 0.469220 0.664675 -0.267807 0.697486 0.108704 0.639648 1 0 1.0
Default
0 3.850026 6.165060 0.522518 -0.569544 -0.777618 0.266326 0.108704 0.639648 1 0 1.0
0 4.750500 5.186381 -0.409347 -0.569544 -0.777618 0.266326 0.108704 0.639648 1 0 1.0
0 5.119327 5.268533 0.619266 -0.569544 -0.777618 0.266326 0.108704 0.639648 1 0 1.0
Default
0 4.610977 6.061265 -0.927352 -0.589534 -0.479072 -0.650338 0.108704 0.639648 1 0 1.0
0 5.375933 4.965513 -0.813603 -0.589534 -0.479072 -0.650338 0.108704 0.639648 1 0 1.0
0 4.750500 5.186381 -0.409347 -0.589534 -0.479072 -0.650338 0.108704 0.639648 1 0 1.0
Default
0 7.058054 4.912643 0.166923 0.915265 0.110111 -0.387513 0.108704 0.639648 1 0 1.0
0 6.731812 4.817890 -0.630549 0.915265 0.110111 -0.387513 0.108704 0.639648 1 0 1.0
0 6.458562 6.196887 -0.884096 0.915265 0.110111 -0.387513 0.108704 0.639648 1 0 1.0
Default
0 5.119327 5.268533 0.619266 -0.156785 -0.257808 0.953391 0.150513 0.617676 1 0 1.0
0 6.475205 5.120910 0.802320 -0.156785 -0.257808 0.953391 0.150513 0.617676 1 0 1.0
0 6.369033 6.464657 1.148224 -0.156785 -0.257808 0.953391 0.150513 0.617676 1 0 1.0
Default
0 6.458562 6.196887 -0.884096 0.115265 -0.157488 -0.980771 0.108704 0.639648 1 0 1.0
0 6.731812 4.817890 -0.630549 0.115265 -0.157488 -0.980771 0.108704 0.639648 1 0 1.0
0 5.375933 4.965513 -0.813603 0.115265 -0.157488 -0.980771 0.108704 0.639648 1 0 1.0
Default
0 4.591449 7.312185 1.256979 -0.011985 -0.151958 0.988314 0.150513 0.617676 1 0 1.0
0 4.721877 6.343748 1.109659 -0.011985 -0.151958 0.988314 0.150513 0.617676 1 0 1.0
0 6.369033 6.464657 1.148224 -0.011985 -0.151958 0.988314 0.150513 0.617676 1 0 1.0
Default
0 6.249261 7.275244 -1.139955 0.039206 -0.223470 -0.973922 0.108704 0.639648 1 0 1.0
0 6.458562 6.196887 -0.884096 0.039206 -0.223470 -0.973922 0.108704 0.639648 1 0 1.0
0 4.610977 6.061265 -0.927352 0.039206 -0.223470 -0.973922 0.108704 0.639648 1 0 1.0
Default
0 6.565109 7.425215 1.070518 0.570843 -0.050228 0.819521 0.108704 0.639648 1 0 1.0
0 6.369033 6.464657 1.148224 0.570843 -0.050228 0.819521 0.108704 0.639648 1 0 1.0
0 7.337594 6.393752 0.469220 0.570843 -0.050228 0.819521 0.108704 0.639648 1 0 1.0
Default
0 4.275596 7.162212 -0.953492 -0.859902 -0.272204 -0.431825 0.108704 0.639648 1 0 1.0
0 4.610977 6.061265 -0.927352 -0.859902 -0.272204 -0.431825 0.108704 0.639648 1 0 1.0
0 3.850026 6.165060 0.522518 -0.859902 -0.272204 -0.431825 0.108704 0.639648 1 0 1.0
Default
0 3.520214 7.865408 0.053140 -0.829359 -0.410498 -0.379019 0.108704 0.639648 1 0 1.0
0 3.984031 7.159354 -0.197077 -0.829359 -0.410498 -0.379019 0.108704 0.639648 1 0 1.0
0 3.654655 7.162817 0.519905 -0.829359 -0.410498 -0.379019 0.108704 0.639648 1 0 1.0
Default
0 4.591449 7.312185 1.256979 -0.113397 0.991920 -0.056892 0.108704 0.639648 1 0 1.0
0 4.678790 7.311266 1.066855 -0.113397 0.991920 -0.056892 0.108704 0.639648 1 0 1.0
0 3.654655 7.162817 0.519905 -0.113397 0.991920 -0.056892 0.108704 0.639648 1 0 1.0
Default
0 7.186055 7.365056 0.186275 -0.005106 0.997431 -0.071448 0.108704 0.639648 1 0 1.0
0 6.444487 7.412386 0.900040 -0.005106 0.997431 -0.071448 0.108704 0.639648 1 0 1.0
0 6.565109 7.425215 1.070518 -0.005106 0.997431 -0.071448 0.108704 0.639648 1 0 1.0
Default
0 6.161919 7.276163 -0.949831 -0.575149 0.672446 0.465854 0.108704 0.639648 1 0 1.0
0 7.186055 7.365056 0.186275 -0.575149 0.672446 0.465854 0.108704 0.639648 1 0 1.0
0 7.285503 7.430341 0.214818 -0.575149 0.672446 0.465854 0.108704 0.639648 1 0 1.0
Default
0 7.359226 8.480962 -0.148472 0.720204 -0.299487 -0.625791 0.108704 0.639648 1 0 1.0
0 7.186055 7.365056 0.186275 0.720204 -0.299487 -0.625791 0.108704 0.639648 1 0 1.0
0 6.161919 7.276163 -0.949831 0.720204 -0.299487 -0.625791 0.108704 0.639648 1 0 1.0
Default
0 3.585300 7.857019 0.993718 -0.327987 -0.554688 0.764687 0.108704 0.639648 1 0 1.0
0 3.654655 7.162817 0.519905 -0.327987 -0.554688 0.764687 0.108704 0.639648 1 0 1.0
0 4.678790 7.311266 1.066855 -0.327987 -0.554688 0.764687 0.108704 0.639648 1 0 1.0
Default
0 2.800650 9.353423 0.562249 -0.176516 0.056776 0.982659 0.171631 0.578613 1 0 1.0
0 4.021015 9.276282 0.785921 -0.176516 0.056776 0.982659 0.171631 0.578613 1 0 1.0
0 2.820791 11.920549 0.417544 -0.176516 0.056776 0.982659 0.171631 0.578613 1 0 1.0
Default
0 4.695841 8.634238 1.137604 0.802422 0.587551 -0.104415 0.108704 0.639648 1 0 1.0
0 4.485842 8.565874 -0.860909 0.802422 0.587551 -0.104415 0.108704 0.639648 1 0 1.0
0 3.981701 9.336508 -0.398783 0.802422 0.587551 -0.104415 0.108704 0.639648 1 0 1.0
Default
0 3.520214 7.865408 0.053140 -0.890898 -0.450532 0.057631 0.108704 0.639648 1 0 1.0
0 3.585300 7.857019 0.993718 -0.890898 -0.450532 0.057631 0.108704 0.639648 1 0 1.0
0 2.800650 9.353423 0.562249 -0.890898 -0.450532 0.057631 0.108704 0.639648 1 0 1.0
Default
0 3.585300 7.857019 0.993718 -0.276354 0.221754 0.935122 0.108704 0.639648 1 0 1.0
0 4.695841 8.634238 1.137604 -0.276354 0.221754 0.935122 0.108704 0.639648 1 0 1.0
0 4.021015 9.276282 0.785921 -0.276354 0.221754 0.935122 0.108704 0.639648 1 0 1.0
Default
0 2.564744 10.273394 -0.134029 -0.959358 -0.033982 0.280140 0.171631 0.578613 1 0 1.0
0 2.800650 9.353423 0.562249 -0.959358 -0.033982 0.280140 0.171631 0.578613 1 0 1.0
0 2.638283 12.032887 0.331245 -0.959358 -0.033982 0.280140 0.171631 0.578613 1 0 1.0
Default
0 2.820791 11.920549 0.417544 0.911035 0.412224 -0.009277 0.171631 0.578613 1 0 1.0
0 4.021015 9.276282 0.785921 0.911035 0.412224 -0.009277 0.171631 0.578613 1 0 1.0
0 3.981701 9.336508 -0.398783 0.911035 0.412224 -0.009277 0.171631 0.578613 1 0 1.0
Default
0 6.231258 8.497577 0.924145 0.707786 0.163044 0.687354 0.108704 0.639648 1 0 1.0
0 7.266161 8.486442 -0.138880 0.707786 0.163044 0.687354 0.108704 0.639648 1 0 1.0
0 6.985129 9.866496 -0.176852 0.707786 0.163044 0.687354 0.108704 0.639648 1 0 1.0
Default
0 7.266161 8.486442 -0.138880 0.001951 0.999961 -0.008585 0.108704 0.639648 1 0 1.0
0 6.231258 8.497577 0.924145 0.001951 0.999961 -0.008585 0.108704 0.639648 1 0 1.0
0 6.263039 8.497973 0.977589 0.001951 0.999961 -0.008585 0.108704 0.639648 1 0 1.0
Default
0 6.053039 8.429612 -1.020924 -0.003392 0.998214 -0.059651 0.108704 0.639648 1 0 1.0
0 6.033053 8.433057 -0.962145 -0.003392 0.998214 -0.059651 0.108704 0.639648 1 0 1.0
0 7.266161 8.486442 -0.138880 -0.003392 0.998214 -0.059651 0.108704 0.639648 1 0 1.0
Default
0 5.653304 11.746565 0.024235 0.543803 0.460280 -0.701727 0.109802 0.641113 1 0 1.0
0 6.985129 9.866496 -0.176852 0.543803 0.460280 -0.701727 0.109802 0.641113 1 0 1.0
0 5.637163 9.783544 -1.275869 0.543803 0.460280 -0.701727 0.109802 0.641113 1 0 1.0
Default
0 4.603857 9.766450 -0.413879 -0.994530 0.004970 0.104332 0.108704 0.639648 1 0 1.0
0 4.556141 8.564000 -0.811435 -0.994530 0.004970 0.104332 0.108704 0.639648 1 0 1.0
0 4.754347 8.628523 1.074855 -0.994530 0.004970 0.104332 0.108704 0.639648 1 0 1.0
Default
0 6.985129 9.866496 -0.176852 0.550367 0.089235 -0.830141 0.108704 0.639648 1 0 1.0
0 7.266161 8.486442 -0.138880 0.550367 0.089235 -0.830141 0.108704 0.639648 1 0 1.0
0 6.033053 8.433057 -0.962145 0.550367 0.089235 -0.830141 0.108704 0.639648 1 0 1.0
Default
0 4.754347 8.628523 1.074855 0.078212 -0.233383 0.969234 0.150513 0.617676 1 0 1.0
0 6.231258 8.497577 0.924145 0.078212 -0.233383 0.969234 0.150513 0.617676 1 0 1.0
0 5.993943 9.779822 1.252048 0.078212 -0.233383 0.969234 0.150513 0.617676 1 0 1.0
Default
0 5.637163 9.783544 -1.275869 -0.120695 -0.258059 -0.958561 0.108704 0.639648 1 0 1.0
0 6.033053 8.433057 -0.962145 -0.120695 -0.258059 -0.958561 0.108704 0.639648 1 0 1.0
0 4.556141 8.564000 -0.811435 -0.120695 -0.258059 -0.958561 0.108704 0.639648 1 0 1.0
Default
0 3.087468 12.340855 0.242950 -0.679771 -0.204241 -0.704412 0.171631 0.578613 1 0 1.0
0 4.841908 11.309315 -1.151031 -0.679771 -0.204241 -0.704412 0.171631 0.578613 1 0 1.0
0 4.071347 11.030252 -0.326510 -0.679771 -0.204241 -0.704412 0.171631 0.578613 1 0 1.0
Default
0 4.762428 9.764795 0.709656 -0.384988 -0.272802 0.881682 0.151611 0.619141 1 0 1.0
0 5.993943 9.779822 1.252048 -0.384988 -0.272802 0.881682 0.151611 0.619141 1 0 1.0
0 5.198685 11.305591 1.376886 -0.384988 -0.272802 0.881682 0.151611 0.619141 1 0 1.0
Default
0 4.841908 11.309315 -1.151031 -0.615969 -0.260216 -0.743552 0.109802 0.641113 1 0 1.0
0 5.637163 9.783544 -1.275869 -0.615969 -0.260216 -0.743552 0.109802 0.641113 1 0 1.0
0 4.603857 9.766450 -0.413879 -0.615969 -0.260216 -0.743552 0.109802 0.641113 1 0 1.0
Default
0 5.993943 9.779822 1.252048 0.719312 0.453246 0.526459 0.109802 0.641113 1 0 1.0
0 6.985129 9.866496 -0.176852 0.719312 0.453246 0.526459 0.109802 0.641113 1 0 1.0
0 5.653304 11.746565 0.024235 0.719312 0.453246 0.526459 0.109802 0.641113 1 0 1.0
Default
0 3.087468 12.340855 0.242950 -0.585670 0.806201 0.083846 0.171631 0.578613 1 0 1.0
0 3.077278 12.317587 0.395521 -0.585670 0.806201 0.083846 0.171631 0.578613 1 0 1.0
0 3.103083 12.321838 0.534895 -0.585670 0.806201 0.083846 0.171631 0.578613 1 0 1.0
Default
0 5.198685 11.305591 1.376886 0.367540 0.840726 0.397610 0.171631 0.578613 1 0 1.0
0 5.653304 11.746565 0.024235 0.367540 0.840726 0.397610 0.171631 0.578613 1 0 1.0
0 3.416699 12.537432 0.419446 0.367540 0.840726 0.397610 0.171631 0.578613 1 0 1.0
Default
0 3.077278 12.317587 0.395521 -0.757409 -0.644288 0.105949 0.171631 0.578613 1 0 1.0
0 4.071347 11.030252 -0.326510 -0.757409 -0.644288 0.105949 0.171631 0.578613 1 0 1.0
0 4.229920 11.028594 0.797025 -0.757409 -0.644288 0.105949 0.171631 0.578613 1 0 1.0
Default
0 3.416699 12.537432 0.419446 0.219403 0.855165 -0.469632 0.171631 0.578613 1 0 1.0
0 5.653304 11.746565 0.024235 0.219403 0.855165 -0.469632 0.171631 0.578613 1 0 1.0
0 4.841908 11.309315 -1.151031 0.219403 0.855165 -0.469632 0.171631 0.578613 1 0 1.0
Default
0 3.103083 12.321838 0.534895 -0.453792 -0.220392 0.863424 0.171631 0.578613 1 0 1.0
0 4.229920 11.028594 0.797025 -0.453792 -0.220392 0.863424 0.171631 0.578613 1 0 1.0
0 5.198685 11.305591 1.376886 -0.453792 -0.220392 0.863424 0.171631 0.578613 1 0 1.0
Default
0 4.396219 7.175041 -0.783016 -0.773076 -0.312156 -0.552189 0.108704 0.639648 1 0 1.0
0 3.984031 7.159354 -0.197077 -0.773076 -0.312156 -0.552189 0.108704 0.639648 1 0 1.0
0 3.520214 7.865408 0.053140 -0.773076 -0.312156 -0.552189 0.108704 0.639648 1 0 1.0
Default
0 5.382750 4.426517 0.381946 -0.821490 0.303233 0.482911 0.108704 0.639648 1 0 1.0
0 5.049747 4.708851 -0.361817 -0.821490 0.303233 0.482911 0.108704 0.639648 1 0 1.0
0 4.860719 4.011424 -0.245444 -0.821490 0.303233 0.482911 0.108704 0.639648 1 0 1.0
Default
0 4.860719 4.011424 -0.245444 -0.661816 0.054619 -0.747674 0.108704 0.639648 1 0 1.0
0 5.049747 4.708851 -0.361817 -0.661816 0.054619 -0.747674 0.108704 0.639648 1 0 1.0
0 5.382750 4.426517 -0.677204 -0.661816 0.054619 -0.747674 0.108704 0.639648 1 0 1.0
Default
0 6.048756 4.061706 0.381946 -0.116695 -0.213041 0.970050 0.150513 0.617676 1 0 1.0
0 5.382750 4.426517 0.381946 -0.116695 -0.213041 0.970050 0.150513 0.617676 1 0 1.0
0 5.067517 3.696284 0.183651 -0.116695 -0.213041 0.970050 0.150513 0.617676 1 0 1.0
Default
0 3.491234 3.250261 0.417850 -0.124911 0.769994 0.625705 0.108704 0.639648 1 0 1.0
0 5.067517 3.696284 0.183651 -0.124911 0.769994 0.625705 0.108704 0.639648 1 0 1.0
0 4.860719 4.011424 -0.245444 -0.124911 0.769994 0.625705 0.108704 0.639648 1 0 1.0
Default
0 3.754359 2.250298 0.417850 0.101008 0.069018 0.992489 0.150513 0.617676 1 0 1.0
0 5.481112 3.090985 0.183651 0.101008 0.069018 0.992489 0.150513 0.617676 1 0 1.0
0 5.067517 3.696284 0.183651 0.101008 0.069018 0.992489 0.150513 0.617676 1 0 1.0
Default
0 1.529021 2.680796 -0.534243 -0.302331 0.744633 -0.595077 0.108704 0.639648 1 0 1.0
0 3.359674 3.762734 -0.110461 -0.302331 0.744633 -0.595077 0.108704 0.639648 1 0 1.0
0 3.491234 3.250261 -0.818570 -0.302331 0.744633 -0.595077 0.108704 0.639648 1 0 1.0
Default
0 1.598799 2.415614 -0.353410 -0.511573 0.549579 0.660497 0.108704 0.639648 1 0 1.0
0 3.491234 3.250261 0.417850 -0.511573 0.549579 0.660497 0.108704 0.639648 1 0 1.0
0 3.359674 3.762734 -0.110461 -0.511573 0.549579 0.660497 0.108704 0.639648 1 0 1.0
Default
0 2.638283 12.032887 0.331245 0.539371 0.840800 -0.046186 0.171631 0.578613 1 0 1.0
0 2.820791 11.920549 0.417544 0.539371 0.840800 -0.046186 0.171631 0.578613 1 0 1.0
0 2.806417 11.918453 0.211523 0.539371 0.840800 -0.046186 0.171631 0.578613 1 0 1.0
Default
0 3.981701 9.336508 -0.398783 -0.042685 0.211383 -0.976471 0.171631 0.578613 1 0 1.0
0 2.564744 10.273394 -0.134029 -0.042685 0.211383 -0.976471 0.171631 0.578613 1 0 1.0
0 2.806417 11.918453 0.211523 -0.042685 0.211383 -0.976471 0.171631 0.578613 1 0 1.0
Default
0 3.981701 9.336508 -0.398783 -0.301610 -0.192262 -0.933845 0.108704 0.639648 1 0 1.0
0 3.520214 7.865408 0.053140 -0.301610 -0.192262 -0.933845 0.108704 0.639648 1 0 1.0
0 2.564744 10.273394 -0.134029 -0.301610 -0.192262 -0.933845 0.108704 0.639648 1 0 1.0
Default
0 4.964504 0.935294 -0.618115 0.648157 -0.043296 -0.760275 0.104980 0.641113 1 0 1.0
0 5.015753 0.676083 -0.559662 0.648157 -0.043296 -0.760275 0.104980 0.641113 1 0 1.0
0 4.540276 0.600393 -0.960710 0.648157 -0.043296 -0.760275 0.104980 0.641113 1 0 1.0
Default
0 4.957805 0.564004 -0.379442 -0.340566 -0.755468 0.559717 0.104980 0.641113 1 0 1.0
0 4.843741 0.712156 -0.248881 -0.340566 -0.755468 0.559717 0.104980 0.641113 1 0 1.0
0 4.540276 0.600393 -0.584376 -0.340566 -0.755468 0.559717 0.104980 0.641113 1 0 1.0
Default
0 4.450409 0.975392 -0.688152 0.150056 0.694077 -0.704088 0.104980 0.641113 1 0 1.0
0 4.855307 1.082425 -0.496347 0.150056 0.694077 -0.704088 0.104980 0.641113 1 0 1.0
0 4.964504 0.935294 -0.618115 0.150056 0.694077 -0.704088 0.104980 0.641113 1 0 1.0
Default
0 5.015753 0.676083 -0.559662 0.467067 -0.810361 -0.353785 0.104980 0.641113 1 0 1.0
0 4.957805 0.564004 -0.379442 0.467067 -0.810361 -0.353785 0.104980 0.641113 1 0 1.0
0 4.570232 0.475394 -0.688152 0.467067 -0.810361 -0.353785 0.104980 0.641113 1 0 1.0
Default
0 4.843741 0.712156 -0.248881 -0.670856 0.034413 0.740788 0.104980 0.641113 1 0 1.0
0 4.792492 0.971367 -0.307333 -0.670856 0.034413 0.740788 0.104980 0.641113 1 0 1.0
0 4.480364 0.850393 -0.584376 -0.670856 0.034413 0.740788 0.104980 0.641113 1 0 1.0
Default
0 4.570232 0.475394 -0.688152 0.173469 -0.604138 0.777770 0.104980 0.641113 1 0 1.0
0 4.540276 0.600393 -0.584376 0.173469 -0.604138 0.777770 0.104980 0.641113 1 0 1.0
0 3.308296 0.165002 -0.647796 0.173469 -0.604138 0.777770 0.104980 0.641113 1 0 1.0
Default
0 4.480364 0.850393 -0.584376 -0.239562 0.585535 0.774441 0.104980 0.641113 1 0 1.0
0 4.450409 0.975392 -0.688152 -0.239562 0.585535 0.774441 0.104980 0.641113 1 0 1.0
0 3.226469 0.530027 -0.730029 -0.239562 0.585535 0.774441 0.104980 0.641113 1 0 1.0
Default
0 3.226469 0.530027 -0.730029 -0.296678 0.855270 -0.424847 0.104980 0.641113 1 0 1.0
0 4.450409 0.975392 -0.688152 -0.296678 0.855270 -0.424847 0.104980 0.641113 1 0 1.0
0 4.480364 0.850393 -0.960710 -0.296678 0.855270 -0.424847 0.104980 0.641113 1 0 1.0
Default
0 3.308296 0.165002 -0.946007 0.297137 -0.855120 -0.424829 0.104980 0.641113 1 0 1.0
0 4.540276 0.600393 -0.960710 0.297137 -0.855120 -0.424829 0.104980 0.641113 1 0 1.0
0 4.570232 0.475394 -0.688152 0.297137 -0.855120 -0.424829 0.104980 0.641113 1 0 1.0
Default
0 5.506070 1.058856 0.113214 0.471666 0.743021 -0.474817 0.104980 0.641113 1 0 1.0
0 4.964504 0.935294 -0.618115 0.471666 0.743021 -0.474817 0.104980 0.641113 1 0 1.0
0 4.855307 1.082425 -0.496347 0.471666 0.743021 -0.474817 0.104980 0.641113 1 0 1.0
Default
0 4.957805 0.564004 -0.379442 0.565339 -0.769597 -0.296835 0.104980 0.641113 1 0 1.0
0 5.015753 0.676083 -0.559662 0.565339 -0.769597 -0.296835 0.104980 0.641113 1 0 1.0
0 5.579606 0.827393 0.121930 0.565339 -0.769597 -0.296835 0.104980 0.641113 1 0 1.0
Default
0 5.297595 1.000789 0.352494 -0.793472 -0.019707 0.608287 0.104980 0.641113 1 0 1.0
0 4.792492 0.971367 -0.307333 -0.793472 -0.019707 0.608287 0.104980 0.641113 1 0 1.0
0 4.843741 0.712156 -0.248881 -0.793472 -0.019707 0.608287 0.104980 0.641113 1 0 1.0
Default
0 5.015753 0.676083 -0.559662 0.801494 0.023720 -0.597532 0.104980 0.641113 1 0 1.0
0 4.964504 0.935294 -0.618115 0.801494 0.023720 -0.597532 0.104980 0.641113 1 0 1.0
0 5.506070 1.058856 0.113214 0.801494 0.023720 -0.597532 0.104980 0.641113 1 0 1.0
Default
0 4.843741 0.712156 -0.248881 -0.421182 -0.760205 0.494666 0.104980 0.641113 1 0 1.0
0 4.957805 0.564004 -0.379442 -0.421182 -0.760205 0.494666 0.104980 0.641113 1 0 1.0
0 5.500132 0.679284 0.259483 -0.421182 -0.760205 0.494666 0.104980 0.641113 1 0 1.0
Default
0 6.080439 0.846220 0.387643 0.312411 -0.710509 -0.630537 0.104980 0.641113 1 0 1.0
0 5.493976 0.704481 0.256785 0.312411 -0.710509 -0.630537 0.104980 0.641113 1 0 1.0
0 5.558740 0.838430 0.137935 0.312411 -0.710509 -0.630537 0.104980 0.641113 1 0 1.0
Default
0 5.579606 0.827393 0.121930 0.673286 0.281172 0.683833 0.104980 0.641113 1 0 1.0
0 5.558740 0.838430 0.137935 0.673286 0.281172 0.683833 0.104980 0.641113 1 0 1.0
0 5.493976 0.704481 0.256785 0.673286 0.281172 0.683833 0.104980 0.641113 1 0 1.0
Default
0 5.500132 0.679284 0.259483 0.699503 0.242876 0.672091 0.104980 0.641113 1 0 1.0
0 5.493976 0.704481 0.256785 0.673286 0.281172 0.683833 0.104980 0.641113 1 0 1.0
0 5.371131 0.769325 0.361210 0.667293 0.238582 0.705549 0.104980 0.641113 1 0 1.0
Default
0 5.500132 0.679284 0.259483 0.699503 0.242876 0.672091 0.104980 0.641113 1 0 1.0
0 5.579606 0.827393 0.121930 0.703076 0.243323 0.668191 0.104980 0.641113 1 0 1.0
0 5.493976 0.704481 0.256785 0.694336 0.203965 0.690141 0.104980 0.641113 1 0 1.0
Default
0 5.493976 0.704481 0.256785 0.694336 0.203965 0.690141 0.104980 0.641113 1 0 1.0
0 5.383111 0.786266 0.344152 0.667293 0.238582 0.705549 0.104980 0.641113 1 0 1.0
0 5.371131 0.769325 0.361210 0.667293 0.238582 0.705549 0.104980 0.641113 1 0 1.0
Default
0 5.371131 0.769325 0.361210 0.667293 0.238582 0.705549 0.104980 0.641113 1 0 1.0
0 5.383111 0.786266 0.344152 0.667293 0.238582 0.705549 0.104980 0.641113 1 0 1.0
0 5.317514 0.992732 0.336376 0.669799 0.281052 0.687299 0.104980 0.641113 1 0 1.0
Default
0 5.297595 1.000789 0.352494 0.669799 0.281052 0.687299 0.104980 0.641113 1 0 1.0
0 5.371131 0.769325 0.361210 0.667293 0.238582 0.705549 0.104980 0.641113 1 0 1.0
0 5.317514 0.992732 0.336376 0.669799 0.281052 0.687299 0.104980 0.641113 1 0 1.0
Default
0 5.297595 1.000789 0.352494 0.669799 0.281052 0.687299 0.104980 0.641113 1 0 1.0
0 5.317514 0.992732 0.336376 0.669799 0.281052 0.687299 0.104980 0.641113 1 0 1.0
0 5.362615 1.117959 0.241215 0.669799 0.281052 0.687299 0.104980 0.641113 1 0 1.0
Default
0 5.353060 1.142210 0.242052 0.696789 0.251354 0.671793 0.104980 0.641113 1 0 1.0
0 5.297595 1.000789 0.352494 0.669799 0.281052 0.687299 0.104980 0.641113 1 0 1.0
0 5.362615 1.117959 0.241215 0.669799 0.281052 0.687299 0.104980 0.641113 1 0 1.0
Default
0 5.353060 1.142210 0.242052 0.696789 0.251354 0.671793 0.104980 0.641113 1 0 1.0
0 5.362615 1.117959 0.241215 0.669799 0.281052 0.687299 0.104980 0.641113 1 0 1.0
0 5.506070 1.058856 0.113214 0.700058 0.252757 0.667857 0.104980 0.641113 1 0 1.0
Default
0 5.495039 1.038934 0.130385 0.667364 0.238585 0.705480 0.104980 0.641113 1 0 1.0
0 5.558740 0.838430 0.137935 0.667364 0.238585 0.705480 0.104980 0.641113 1 0 1.0
0 5.579606 0.827393 0.121930 0.667364 0.238585 0.705480 0.104980 0.641113 1 0 1.0
Default
0 5.362615 1.117959 0.241215 0.697359 0.205654 0.686584 0.104980 0.641113 1 0 1.0
0 5.495039 1.038934 0.130385 0.697359 0.205654 0.686584 0.104980 0.641113 1 0 1.0
0 5.506070 1.058856 0.113214 0.697359 0.205654 0.686584 0.104980 0.641113 1 0 1.0
Default
0 6.514389 1.608565 -0.129259 -0.623936 0.704133 -0.338970 0.104980 0.641113 1 0 1.0
0 5.909943 1.252774 0.244257 -0.623936 0.704133 -0.338970 0.104980 0.641113 1 0 1.0
0 5.887712 1.299969 0.383214 -0.623936 0.704133 -0.338970 0.104980 0.641113 1 0 1.0
Default
0 5.903105 1.258366 0.528730 -0.288681 -0.055724 0.955802 0.104980 0.641113 1 0 1.0
0 5.317514 0.992732 0.336376 -0.288681 -0.055724 0.955802 0.104980 0.641113 1 0 1.0
0 5.383111 0.786266 0.344152 -0.288681 -0.055724 0.955802 0.104980 0.641113 1 0 1.0
Default
0 5.558740 0.838430 0.137935 0.173375 0.018002 -0.984691 0.104980 0.641113 1 0 1.0
0 5.495039 1.038934 0.130385 0.173375 0.018002 -0.984691 0.104980 0.641113 1 0 1.0
0 5.900109 1.277330 0.206065 0.173375 0.018002 -0.984691 0.104980 0.641113 1 0 1.0
Default
0 6.044616 0.925316 0.528995 -0.028348 -0.747444 0.663719 0.104980 0.641113 1 0 1.0
0 5.383111 0.786266 0.344152 -0.028348 -0.747444 0.663719 0.104980 0.641113 1 0 1.0
0 5.493976 0.704481 0.256785 -0.028348 -0.747444 0.663719 0.104980 0.641113 1 0 1.0
Default
0 5.362615 1.117959 0.241215 -0.485277 0.633075 0.603094 0.104980 0.641113 1 0 1.0
0 5.317514 0.992732 0.336376 -0.485277 0.633075 0.603094 0.104980 0.641113 1 0 1.0
0 5.903105 1.258366 0.528730 -0.485277 0.633075 0.603094 0.104980 0.641113 1 0 1.0
Default
0 5.495039 1.038934 0.130385 -0.125012 0.731133 -0.670684 0.104980 0.641113 1 0 1.0
0 5.362615 1.117959 0.241215 -0.125012 0.731133 -0.670684 0.104980 0.641113 1 0 1.0
0 5.871120 1.338867 0.387250 -0.125012 0.731133 -0.670684 0.104980 0.641113 1 0 1.0
Default
0 5.871120 1.338867 0.387250 0.920257 0.391050 0.014414 0.104980 0.641113 1 0 1.0
0 5.887712 1.299969 0.383214 0.920257 0.391050 0.014414 0.104980 0.641113 1 0 1.0
0 5.909943 1.252774 0.244257 0.920257 0.391050 0.014414 0.104980 0.641113 1 0 1.0
Default
0 6.764195 1.302231 -0.103506 0.287789 -0.891561 -0.349711 0.104980 0.641113 1 0 1.0
0 6.063958 0.885159 0.383545 0.287789 -0.891561 -0.349711 0.104980 0.641113 1 0 1.0
0 6.045499 0.933736 0.244511 0.287789 -0.891561 -0.349711 0.104980 0.641113 1 0 1.0
Default
0 5.911982 1.238882 0.490572 0.482162 0.205548 0.851628 0.104980 0.641113 1 0 1.0
0 6.036776 0.945179 0.490806 0.482162 0.205548 0.851628 0.104980 0.641113 1 0 1.0
0 6.831113 1.392380 -0.066856 0.482162 0.205548 0.851628 0.104980 0.641113 1 0 1.0
Default
0 6.631251 1.305469 -0.144819 -0.454722 -0.193902 -0.869270 0.104980 0.641113 1 0 1.0
0 6.045499 0.933736 0.244511 -0.454722 -0.193902 -0.869270 0.104980 0.641113 1 0 1.0
0 5.909943 1.252774 0.244257 -0.454722 -0.193902 -0.869270 0.104980 0.641113 1 0 1.0
Default
0 6.036776 0.945179 0.490806 0.671137 -0.561360 0.484200 0.104980 0.641113 1 0 1.0
0 6.063958 0.885159 0.383545 0.671137 -0.561360 0.484200 0.104980 0.641113 1 0 1.0
0 6.764195 1.302231 -0.103506 0.671137 -0.561360 0.484200 0.104980 0.641113 1 0 1.0
Default
0 5.887712 1.299969 0.383214 -0.112679 0.852453 0.510516 0.104980 0.641113 1 0 1.0
0 5.911982 1.238882 0.490572 -0.112679 0.852453 0.510516 0.104980 0.641113 1 0 1.0
0 6.723531 1.671408 -0.052530 -0.112679 0.852453 0.510516 0.104980 0.641113 1 0 1.0
Default
0 6.711519 1.656548 -0.058880 0.296427 0.162597 -0.941113 0.104980 0.641113 1 0 1.0
0 6.617590 1.677570 -0.084834 0.296427 0.162597 -0.941113 0.104980 0.641113 1 0 1.0
0 6.612253 1.696312 -0.083277 0.296427 0.162597 -0.941113 0.104980 0.641113 1 0 1.0
Default
0 7.000992 1.612651 -1.399334 0.799767 -0.600102 0.015842 0.104980 0.641113 1 0 1.0
0 6.812033 1.395856 -0.072266 0.799767 -0.600102 0.015842 0.104980 0.641113 1 0 1.0
0 6.755547 1.319760 -0.103201 0.799767 -0.600102 0.015842 0.104980 0.641113 1 0 1.0
Default
0 6.926194 1.710329 -1.382797 0.198863 0.977383 0.071949 0.104980 0.641113 1 0 1.0
0 6.617590 1.677570 -0.084834 0.198863 0.977383 0.071949 0.104980 0.641113 1 0 1.0
0 6.711519 1.656548 -0.058880 0.198863 0.977383 0.071949 0.104980 0.641113 1 0 1.0
Default
0 5.540965 -0.645813 -0.839210 0.659384 0.090623 -0.746325 0.104980 0.641113 1 0 1.0
0 5.634792 -0.875869 -0.784248 0.659384 0.090623 -0.746325 0.104980 0.641113 1 0 1.0
0 5.230792 -0.949212 -1.150090 0.659384 0.090623 -0.746325 0.104980 0.641113 1 0 1.0
Default
0 5.170502 -0.684111 -0.752101 -0.526652 0.762649 0.375506 0.104980 0.641113 1 0 1.0
0 5.375722 -0.643389 -0.546982 -0.526652 0.762649 0.375506 0.104980 0.641113 1 0 1.0
0 5.413769 -0.529607 -0.724712 -0.526652 0.762649 0.375506 0.104980 0.641113 1 0 1.0
Default
0 5.140356 -0.551561 -0.861848 0.219149 0.795922 -0.564341 0.104980 0.641113 1 0 1.0
0 5.413769 -0.529607 -0.724712 0.219149 0.795922 -0.564341 0.104980 0.641113 1 0 1.0
0 5.540965 -0.645813 -0.839210 0.219149 0.795922 -0.564341 0.104980 0.641113 1 0 1.0
Default
0 5.230792 -0.949212 -0.752101 -0.712343 -0.125553 0.690510 0.104980 0.641113 1 0 1.0
0 5.469549 -0.873446 -0.492019 -0.712343 -0.125553 0.690510 0.104980 0.641113 1 0 1.0
0 5.375722 -0.643389 -0.546982 -0.712343 -0.125553 0.690510 0.104980 0.641113 1 0 1.0
Default
0 5.260938 -1.081762 -0.861848 0.149343 -0.610218 0.778030 0.104980 0.641113 1 0 1.0
0 5.230792 -0.949212 -0.752101 0.149343 -0.610218 0.778030 0.104980 0.641113 1 0 1.0
0 3.576729 -1.396911 -0.785739 0.149343 -0.610218 0.778030 0.104980 0.641113 1 0 1.0
Default
0 5.170502 -0.684111 -0.752101 -0.153277 0.609289 0.777993 0.104980 0.641113 1 0 1.0
0 5.140356 -0.551561 -0.861848 -0.153277 0.609289 0.777993 0.104980 0.641113 1 0 1.0
0 3.478569 -0.933959 -0.889769 -0.153277 0.609289 0.777993 0.104980 0.641113 1 0 1.0
Default
0 3.478569 -0.933959 -0.889769 -0.196016 0.882971 -0.426544 0.104980 0.641113 1 0 1.0
0 5.140356 -0.551561 -0.861848 -0.196016 0.882971 -0.426544 0.104980 0.641113 1 0 1.0
0 5.170502 -0.684111 -1.150090 -0.196016 0.882971 -0.426544 0.104980 0.641113 1 0 1.0
Default
0 3.576729 -1.396910 -1.162996 0.239444 -0.872362 -0.426205 0.104980 0.641113 1 0 1.0
0 5.230792 -0.949212 -1.150090 0.239444 -0.872362 -0.426205 0.104980 0.641113 1 0 1.0
0 5.260938 -1.081762 -0.861848 0.239444 -0.872362 -0.426205 0.104980 0.641113 1 0 1.0
Default
0 5.834801 -0.383566 -0.110440 -0.667425 0.683800 0.294893 0.104980 0.641113 1 0 1.0
0 5.413769 -0.529607 -0.724712 -0.667425 0.683800 0.294893 0.104980 0.641113 1 0 1.0
0 5.375722 -0.643389 -0.546982 -0.667425 0.683800 0.294893 0.104980 0.641113 1 0 1.0
Default
0 5.983530 -0.455174 -0.232495 0.311357 0.817761 -0.484070 0.104980 0.641113 1 0 1.0
0 5.540965 -0.645813 -0.839210 0.311357 0.817761 -0.484070 0.104980 0.641113 1 0 1.0
0 5.413769 -0.529607 -0.724712 0.311357 0.817761 -0.484070 0.104980 0.641113 1 0 1.0
Default
0 5.789033 -0.520007 -0.005811 -0.765665 -0.163647 0.622075 0.104980 0.641113 1 0 1.0
0 5.375722 -0.643389 -0.546982 -0.765665 -0.163647 0.622075 0.104980 0.641113 1 0 1.0
0 5.469549 -0.873446 -0.492019 -0.765665 -0.163647 0.622075 0.104980 0.641113 1 0 1.0
Default
0 5.634792 -0.875869 -0.784248 0.770703 0.167447 -0.614800 0.104980 0.641113 1 0 1.0
0 5.540965 -0.645813 -0.839210 0.770703 0.167447 -0.614800 0.104980 0.641113 1 0 1.0
0 5.983530 -0.455174 -0.232495 0.770703 0.167447 -0.614800 0.104980 0.641113 1 0 1.0
Default
0 6.375843 -0.667444 0.009153 0.387355 -0.692131 -0.609025 0.104980 0.641113 1 0 1.0
0 5.988901 -0.791046 -0.096483 0.387355 -0.692131 -0.609025 0.104980 0.641113 1 0 1.0
0 6.043823 -0.661235 -0.209075 0.387355 -0.692131 -0.609025 0.104980 0.641113 1 0 1.0
Default
0 6.064089 -0.670689 -0.224239 0.658352 0.314572 0.683826 0.104980 0.641113 1 0 1.0
0 6.043823 -0.661235 -0.209075 0.658352 0.314572 0.683826 0.104980 0.641113 1 0 1.0
0 5.988901 -0.791046 -0.096483 0.658352 0.314572 0.683826 0.104980 0.641113 1 0 1.0
Default
0 5.995921 -0.814595 -0.093925 0.686468 0.277600 0.672086 0.104980 0.641113 1 0 1.0
0 5.988901 -0.791046 -0.096483 0.658352 0.314572 0.683826 0.104980 0.641113 1 0 1.0
0 5.869593 -0.735521 0.002446 0.683245 0.238524 0.690132 0.104980 0.641113 1 0 1.0
Default
0 5.995921 -0.814595 -0.093925 0.686468 0.277600 0.672086 0.104980 0.641113 1 0 1.0
0 6.064089 -0.670689 -0.224239 0.690013 0.278201 0.668196 0.104980 0.641113 1 0 1.0
0 5.988901 -0.791046 -0.096483 0.683245 0.238524 0.690132 0.104980 0.641113 1 0 1.0
Default
0 5.988901 -0.791046 -0.096483 0.683245 0.238524 0.690132 0.104980 0.641113 1 0 1.0
0 5.880122 -0.718924 -0.013715 0.654552 0.271709 0.705504 0.104980 0.641113 1 0 1.0
0 5.869593 -0.735521 0.002446 0.683245 0.238524 0.690132 0.104980 0.641113 1 0 1.0
Default
0 5.869593 -0.735521 0.002446 0.683245 0.238524 0.690132 0.104980 0.641113 1 0 1.0
0 5.880122 -0.718924 -0.013715 0.654552 0.271709 0.705504 0.104980 0.641113 1 0 1.0
0 5.789033 -0.520007 -0.005811 0.654883 0.314249 0.687296 0.104980 0.641113 1 0 1.0
Default
0 5.880122 -0.718924 -0.013715 0.654552 0.271709 0.705504 0.104980 0.641113 1 0 1.0
0 5.808263 -0.526684 -0.021080 0.654883 0.314249 0.687296 0.104980 0.641113 1 0 1.0
0 5.789033 -0.520007 -0.005811 0.654883 0.314249 0.687296 0.104980 0.641113 1 0 1.0
Default
0 5.789033 -0.520007 -0.005811 0.654883 0.314249 0.687296 0.104980 0.641113 1 0 1.0
0 5.808263 -0.526684 -0.021080 0.654883 0.314249 0.687296 0.104980 0.641113 1 0 1.0
0 5.844993 -0.406058 -0.111232 0.654883 0.314249 0.687296 0.104980 0.641113 1 0 1.0
Default
0 5.834801 -0.383566 -0.110440 0.683307 0.285949 0.671808 0.104980 0.641113 1 0 1.0
0 5.789033 -0.520007 -0.005811 0.654883 0.314249 0.687296 0.104980 0.641113 1 0 1.0
0 5.844993 -0.406058 -0.111232 0.654883 0.314249 0.687296 0.104980 0.641113 1 0 1.0
Default
0 5.834801 -0.383566 -0.110440 0.683307 0.285949 0.671808 0.104980 0.641113 1 0 1.0
0 5.844993 -0.406058 -0.111232 0.654883 0.314249 0.687296 0.104980 0.641113 1 0 1.0
0 5.983530 -0.455174 -0.232495 0.686514 0.287559 0.667838 0.104980 0.641113 1 0 1.0
Default
0 5.983530 -0.455174 -0.232495 0.654577 0.271704 0.705483 0.104980 0.641113 1 0 1.0
0 5.974039 -0.474546 -0.216228 0.654577 0.271704 0.705483 0.104980 0.641113 1 0 1.0
0 6.043823 -0.661235 -0.209075 0.654577 0.271704 0.705483 0.104980 0.641113 1 0 1.0
Default
0 5.844993 -0.406058 -0.111232 0.686179 0.240357 0.686576 0.104980 0.641113 1 0 1.0
0 5.974039 -0.474546 -0.216228 0.686179 0.240357 0.686576 0.104980 0.641113 1 0 1.0
0 5.983530 -0.455174 -0.232495 0.686179 0.240357 0.686576 0.104980 0.641113 1 0 1.0
Default
0 6.232044 -0.334834 -0.108704 -0.618588 0.708101 -0.340502 0.104980 0.641113 1 0 1.0
0 6.213347 -0.296245 0.005512 -0.618588 0.708101 -0.340502 0.104980 0.641113 1 0 1.0
0 6.669846 -0.081596 -0.377428 -0.618588 0.708101 -0.340502 0.104980 0.641113 1 0 1.0
Default
0 6.226374 -0.330298 0.125119 -0.297657 -0.074799 0.951738 0.104980 0.641113 1 0 1.0
0 5.808263 -0.526684 -0.021080 -0.297657 -0.074799 0.951738 0.104980 0.641113 1 0 1.0
0 5.880122 -0.718924 -0.013715 -0.297657 -0.074799 0.951738 0.104980 0.641113 1 0 1.0
Default
0 6.043823 -0.661235 -0.209075 0.256455 0.058897 -0.964760 0.104980 0.641113 1 0 1.0
0 5.974039 -0.474546 -0.216228 0.256455 0.058897 -0.964760 0.104980 0.641113 1 0 1.0
0 6.223740 -0.314740 -0.140097 0.256455 0.058897 -0.964760 0.104980 0.641113 1 0 1.0
Default
0 6.345687 -0.602758 0.125337 -0.005844 -0.757708 0.652568 0.104980 0.641113 1 0 1.0
0 5.880122 -0.718924 -0.013715 -0.005844 -0.757708 0.652568 0.104980 0.641113 1 0 1.0
0 5.988901 -0.791046 -0.096483 -0.005844 -0.757708 0.652568 0.104980 0.641113 1 0 1.0
Default
0 5.844993 -0.406058 -0.111232 -0.501215 0.610755 0.612995 0.104980 0.641113 1 0 1.0
0 5.808263 -0.526684 -0.021080 -0.501215 0.610755 0.612995 0.104980 0.641113 1 0 1.0
0 6.226374 -0.330298 0.125119 -0.501215 0.610755 0.612995 0.104980 0.641113 1 0 1.0
Default
0 5.974039 -0.474546 -0.216228 -0.097687 0.774354 -0.625166 0.104980 0.641113 1 0 1.0
0 5.844993 -0.406058 -0.111232 -0.097687 0.774354 -0.625166 0.104980 0.641113 1 0 1.0
0 6.199360 -0.264423 0.008830 -0.097687 0.774354 -0.625166 0.104980 0.641113 1 0 1.0
Default
0 6.199360 -0.264423 0.008830 0.915913 0.401117 0.014424 0.104980 0.641113 1 0 1.0
0 6.213347 -0.296245 0.005512 0.915913 0.401117 0.014424 0.104980 0.641113 1 0 1.0
0 6.232044 -0.334834 -0.108704 0.915913 0.401117 0.014424 0.104980 0.641113 1 0 1.0
Default
0 6.803988 -0.418450 -0.394794 0.145306 -0.928121 -0.342751 0.104980 0.641113 1 0 1.0
0 6.361946 -0.635588 0.005784 0.145306 -0.928121 -0.342751 0.104980 0.641113 1 0 1.0
0 6.346337 -0.595829 -0.108495 0.145306 -0.928121 -0.342751 0.104980 0.641113 1 0 1.0
Default
0 6.233845 -0.346233 0.093756 0.569054 0.249831 0.783430 0.104980 0.641113 1 0 1.0
0 6.339065 -0.586503 0.093948 0.569054 0.249831 0.783430 0.104980 0.641113 1 0 1.0
0 6.860581 -0.340433 -0.363332 0.569054 0.249831 0.783430 0.104980 0.641113 1 0 1.0
Default
0 6.689836 -0.416922 -0.430260 -0.585906 -0.257191 -0.768483 0.104980 0.641113 1 0 1.0
0 6.346337 -0.595829 -0.108495 -0.585906 -0.257191 -0.768483 0.104980 0.641113 1 0 1.0
0 6.232044 -0.334834 -0.108704 -0.585906 -0.257191 -0.768483 0.104980 0.641113 1 0 1.0
Default
0 6.860581 -0.340433 -0.363332 0.682315 -0.549004 0.482743 0.104980 0.641113 1 0 1.0
0 6.339065 -0.586503 0.093948 0.682315 -0.549004 0.482743 0.104980 0.641113 1 0 1.0
0 6.361946 -0.635588 0.005784 0.682315 -0.549004 0.482743 0.104980 0.641113 1 0 1.0
Default
0 6.755431 -0.114796 -0.356485 0.294621 0.165842 -0.941114 0.104980 0.641113 1 0 1.0
0 6.674603 -0.097634 -0.378765 0.294621 0.165842 -0.941114 0.104980 0.641113 1 0 1.0
0 6.669846 -0.081596 -0.377428 0.294621 0.165842 -0.941114 0.104980 0.641113 1 0 1.0
Default
0 6.586665 -0.157842 -0.416902 0.294660 0.165856 -0.941099 0.104980 0.641113 1 0 1.0
0 6.603820 -0.162515 -0.412355 0.294660 0.165856 -0.941099 0.104980 0.641113 1 0 1.0
0 6.699262 -0.402184 -0.424712 0.294660 0.165856 -0.941099 0.104980 0.641113 1 0 1.0
Default
0 6.669846 -0.081596 -0.377428 0.294617 0.165848 -0.941114 0.104980 0.641113 1 0 1.0
0 6.674603 -0.097634 -0.378765 0.294617 0.165848 -0.941114 0.104980 0.641113 1 0 1.0
0 6.603820 -0.162515 -0.412355 0.294617 0.165848 -0.941114 0.104980 0.641113 1 0 1.0
Default
0 6.765601 -0.101926 -0.351033 0.294624 0.165862 -0.941109 0.104980 0.641113 1 0 1.0
0 6.755431 -0.114796 -0.356485 0.294621 0.165856 -0.941111 0.104980 0.641113 1 0 1.0
0 6.669846 -0.081596 -0.377428 0.294617 0.165848 -0.941114 0.104980 0.641113 1 0 1.0
Default
0 6.860581 -0.340433 -0.363332 0.294621 0.165856 -0.941111 0.104980 0.641113 1 0 1.0
0 6.844171 -0.337629 -0.367975 0.294621 0.165856 -0.941111 0.104980 0.641113 1 0 1.0
0 6.755431 -0.114796 -0.356485 0.294621 0.165856 -0.941111 0.104980 0.641113 1 0 1.0
Default
0 6.860581 -0.340433 -0.363332 0.294621 0.165856 -0.941111 0.104980 0.641113 1 0 1.0
0 6.803988 -0.418450 -0.394794 0.294578 0.165816 -0.941132 0.104980 0.641113 1 0 1.0
0 6.844171 -0.337629 -0.367975 0.294621 0.165856 -0.941111 0.104980 0.641113 1 0 1.0
Default
0 6.803988 -0.418450 -0.394794 0.294578 0.165816 -0.941132 0.104980 0.641113 1 0 1.0
0 6.796398 -0.403484 -0.394533 0.294578 0.165816 -0.941132 0.104980 0.641113 1 0 1.0
0 6.844171 -0.337629 -0.367975 0.294621 0.165856 -0.941111 0.104980 0.641113 1 0 1.0
Default
0 6.699262 -0.402184 -0.424712 0.294619 0.165838 -0.941115 0.104980 0.641113 1 0 1.0
0 6.796398 -0.403484 -0.394533 0.294578 0.165816 -0.941132 0.104980 0.641113 1 0 1.0
0 6.803988 -0.418450 -0.394794 0.294578 0.165816 -0.941132 0.104980 0.641113 1 0 1.0
Default
0 6.689836 -0.416922 -0.430260 0.294618 0.165861 -0.941111 0.104980 0.641113 1 0 1.0
0 6.699262 -0.402184 -0.424712 0.294619 0.165838 -0.941115 0.104980 0.641113 1 0 1.0
0 6.803988 -0.418450 -0.394794 0.294578 0.165816 -0.941132 0.104980 0.641113 1 0 1.0
Default
0 6.992630 -0.154139 -1.459663 0.807360 -0.589964 0.010631 0.104980 0.641113 1 0 1.0
0 6.844171 -0.337629 -0.367975 0.807360 -0.589964 0.010631 0.104980 0.641113 1 0 1.0
0 6.796398 -0.403484 -0.394533 0.807360 -0.589964 0.010631 0.104980 0.641113 1 0 1.0
Default
0 6.930272 -0.074532 -1.446070 0.189619 0.979595 0.066627 0.104980 0.641113 1 0 1.0
0 6.674603 -0.097634 -0.378765 0.189619 0.979595 0.066627 0.104980 0.641113 1 0 1.0
0 6.755431 -0.114796 -0.356485 0.189619 0.979595 0.066627 0.104980 0.641113 1 0 1.0
Default
0 4.893058 -3.505596 -0.893622 0.259643 -0.426046 -0.866643 0.104980 0.641113 1 0 1.0
0 4.710489 -3.756481 -0.824982 0.259643 -0.426046 -0.866643 0.104980 0.641113 1 0 1.0
0 4.159617 -3.282042 -1.223259 0.259643 -0.426046 -0.866643 0.104980 0.641113 1 0 1.0
Default
0 4.567668 -3.795909 -0.613352 -0.682112 -0.342002 0.646341 0.104980 0.641113 1 0 1.0
0 4.604412 -3.579442 -0.460034 -0.682112 -0.342002 0.646341 0.104980 0.641113 1 0 1.0
0 4.159617 -3.282042 -0.772081 -0.682112 -0.342002 0.646341 0.104980 0.641113 1 0 1.0
Default
0 4.349221 -3.039060 -0.772081 0.360679 0.856273 0.369739 0.104980 0.641113 1 0 1.0
0 4.786980 -3.328556 -0.528674 0.360679 0.856273 0.369739 0.104980 0.641113 1 0 1.0
0 4.932805 -3.294138 -0.750632 0.360679 0.856273 0.369739 0.104980 0.641113 1 0 1.0
Default
0 4.444023 -2.917570 -0.896495 0.532641 0.403107 -0.744176 0.104980 0.641113 1 0 1.0
0 4.932805 -3.294138 -0.750632 0.532641 0.403107 -0.744176 0.104980 0.641113 1 0 1.0
0 4.893058 -3.505596 -0.893622 0.532641 0.403107 -0.744176 0.104980 0.641113 1 0 1.0
Default
0 4.604412 -3.579442 -0.460034 -0.224377 0.405690 0.886042 0.104980 0.641113 1 0 1.0
0 4.786980 -3.328556 -0.528674 -0.224377 0.405690 0.886042 0.104980 0.641113 1 0 1.0
0 4.349221 -3.039060 -0.772081 -0.224377 0.405690 0.886042 0.104980 0.641113 1 0 1.0
Default
0 4.064815 -3.403533 -0.896495 -0.288330 -0.565965 0.772366 0.104980 0.641113 1 0 1.0
0 4.159617 -3.282042 -0.772081 -0.288330 -0.565965 0.772366 0.104980 0.641113 1 0 1.0
0 2.720327 -2.842265 -0.987123 -0.288330 -0.565965 0.772366 0.104980 0.641113 1 0 1.0
Default
0 4.349221 -3.039060 -0.772081 0.091516 0.676710 0.730540 0.104980 0.641113 1 0 1.0
0 4.444023 -2.917570 -0.896495 0.091516 0.676710 0.730540 0.104980 0.641113 1 0 1.0
0 2.813345 -2.519489 -1.060965 0.091516 0.676710 0.730540 0.104980 0.641113 1 0 1.0
Default
0 2.813345 -2.519489 -1.060965 0.255221 0.879745 -0.401136 0.104980 0.641113 1 0 1.0
0 4.444023 -2.917570 -0.896495 0.255221 0.879745 -0.401136 0.104980 0.641113 1 0 1.0
0 4.349221 -3.039060 -1.223258 0.255221 0.879745 -0.401136 0.104980 0.641113 1 0 1.0
Default
0 2.720326 -2.842265 -1.254903 -0.259498 -0.878191 -0.401798 0.104980 0.641113 1 0 1.0
0 4.159617 -3.282042 -1.223259 -0.259498 -0.878191 -0.401798 0.104980 0.641113 1 0 1.0
0 4.064815 -3.403533 -0.896495 -0.259498 -0.878191 -0.401798 0.104980 0.641113 1 0 1.0
Default
0 4.159617 -3.282042 -0.772081 -0.112708 0.087949 0.989728 0.104980 0.641113 1 0 1.0
0 4.349221 -3.039060 -0.772081 -0.112708 0.087949 0.989728 0.104980 0.641113 1 0 1.0
0 2.782339 -2.627081 -0.987123 -0.112708 0.087949 0.989728 0.104980 0.641113 1 0 1.0
Default
0 5.324195 -3.604217 -0.053977 0.221556 0.931049 0.289932 0.104980 0.641113 1 0 1.0
0 4.932805 -3.294138 -0.750632 0.221556 0.931049 0.289932 0.104980 0.641113 1 0 1.0
0 4.786980 -3.328556 -0.528674 0.221556 0.931049 0.289932 0.104980 0.641113 1 0 1.0
Default
0 5.346595 -3.815224 -0.210878 0.854667 0.170871 -0.490252 0.104980 0.641113 1 0 1.0
0 4.893058 -3.505596 -0.893622 0.854667 0.170871 -0.490252 0.104980 0.641113 1 0 1.0
0 4.932805 -3.294138 -0.750632 0.854667 0.170871 -0.490252 0.104980 0.641113 1 0 1.0
Default
0 5.144105 -3.646540 0.080520 -0.546889 0.566594 0.616347 0.104980 0.641113 1 0 1.0
0 4.786980 -3.328556 -0.528674 -0.546889 0.566594 0.616347 0.104980 0.641113 1 0 1.0
0 4.604412 -3.579442 -0.460034 -0.546889 0.566594 0.616347 0.104980 0.641113 1 0 1.0
Default
0 4.710489 -3.756481 -0.824982 0.545015 -0.565868 -0.618670 0.104980 0.641113 1 0 1.0
0 4.893058 -3.505596 -0.893622 0.545015 -0.565868 -0.618670 0.104980 0.641113 1 0 1.0
0 5.346595 -3.815224 -0.210878 0.545015 -0.565868 -0.618670 0.104980 0.641113 1 0 1.0
Default
0 4.604412 -3.579442 -0.460034 -0.851974 -0.198530 0.484485 0.104980 0.641113 1 0 1.0
0 4.567668 -3.795909 -0.613352 -0.851974 -0.198530 0.484485 0.104980 0.641113 1 0 1.0
0 4.962174 -4.072022 -0.032749 -0.851974 -0.198530 0.484485 0.104980 0.641113 1 0 1.0
Default
0 5.339807 -4.334870 0.081158 -0.373188 -0.709288 -0.598031 0.104980 0.641113 1 0 1.0
0 4.983161 -4.048412 -0.036035 -0.373188 -0.709288 -0.598031 0.104980 0.641113 1 0 1.0
0 5.162199 -4.020579 -0.180772 -0.373188 -0.709288 -0.598031 0.104980 0.641113 1 0 1.0
Default
0 5.165584 -4.049127 -0.200263 0.614061 -0.394097 0.683825 0.104980 0.641113 1 0 1.0
0 5.162199 -4.020579 -0.180772 0.614061 -0.394097 0.683825 0.104980 0.641113 1 0 1.0
0 4.983161 -4.048412 -0.036035 0.614061 -0.394097 0.683825 0.104980 0.641113 1 0 1.0
Default
0 4.962174 -4.072022 -0.032749 0.597395 -0.437471 0.672115 0.104980 0.641113 1 0 1.0
0 4.983161 -4.048412 -0.036035 0.614061 -0.394097 0.683825 0.104980 0.641113 1 0 1.0
0 4.963094 -3.880443 0.091135 0.562498 -0.455317 0.690132 0.104980 0.641113 1 0 1.0
Default
0 4.962174 -4.072022 -0.032749 0.597395 -0.437471 0.672115 0.104980 0.641113 1 0 1.0
0 5.165584 -4.049127 -0.200263 0.599798 -0.440171 0.668201 0.104980 0.641113 1 0 1.0
0 4.983161 -4.048412 -0.036035 0.562498 -0.455317 0.690132 0.104980 0.641113 1 0 1.0
Default
0 4.983161 -4.048412 -0.036035 0.562498 -0.455317 0.690132 0.104980 0.641113 1 0 1.0
0 4.988360 -3.880717 0.070361 0.575620 -0.413434 0.705503 0.104980 0.641113 1 0 1.0
0 4.963094 -3.880443 0.091135 0.562498 -0.455317 0.690132 0.104980 0.641113 1 0 1.0
Default
0 4.963094 -3.880443 0.091135 0.562498 -0.455317 0.690132 0.104980 0.641113 1 0 1.0
0 4.988360 -3.880717 0.070361 0.575620 -0.413434 0.705503 0.104980 0.641113 1 0 1.0
0 5.144105 -3.646540 0.080520 0.611971 -0.391305 0.687293 0.104980 0.641113 1 0 1.0
Default
0 4.988360 -3.880717 0.070361 0.575620 -0.413434 0.705503 0.104980 0.641113 1 0 1.0
0 5.149822 -3.672075 0.060892 0.611971 -0.391305 0.687293 0.104980 0.641113 1 0 1.0
0 5.144105 -3.646540 0.080520 0.611971 -0.391305 0.687293 0.104980 0.641113 1 0 1.0
Default
0 5.144105 -3.646540 0.080520 0.611971 -0.391305 0.687293 0.104980 0.641113 1 0 1.0
0 5.149822 -3.672075 0.060892 0.611971 -0.391305 0.687293 0.104980 0.641113 1 0 1.0
0 5.306510 -3.630577 -0.054996 0.611971 -0.391305 0.687293 0.104980 0.641113 1 0 1.0
Default
0 5.324195 -3.604217 -0.053977 0.602870 -0.430413 0.671783 0.104980 0.641113 1 0 1.0
0 5.306510 -3.630577 -0.054996 0.611971 -0.391305 0.687293 0.104980 0.641113 1 0 1.0
0 5.346595 -3.815224 -0.210878 0.605881 -0.432296 0.667854 0.104980 0.641113 1 0 1.0
Default
0 5.324195 -3.604217 -0.053977 0.602870 -0.430413 0.671783 0.104980 0.641113 1 0 1.0
0 5.144105 -3.646540 0.080520 0.611971 -0.391305 0.687293 0.104980 0.641113 1 0 1.0
0 5.306510 -3.630577 -0.054996 0.565617 -0.456827 0.686576 0.104980 0.641113 1 0 1.0
Default
0 5.306510 -3.630577 -0.054996 0.565617 -0.456827 0.686576 0.104980 0.641113 1 0 1.0
0 5.318999 -3.817963 -0.189967 0.565617 -0.456827 0.686576 0.104980 0.641113 1 0 1.0
0 5.346595 -3.815224 -0.210878 0.565617 -0.456827 0.686576 0.104980 0.641113 1 0 1.0
Default
0 5.318999 -3.817963 -0.189967 0.575604 -0.413444 0.705510 0.104980 0.641113 1 0 1.0
0 5.162199 -4.020579 -0.180772 0.575604 -0.413444 0.705510 0.104980 0.641113 1 0 1.0
0 5.165584 -4.049127 -0.200263 0.575604 -0.413444 0.705510 0.104980 0.641113 1 0 1.0
Default
0 5.590728 -3.974522 -0.061657 0.297497 0.891217 -0.342384 0.104980 0.641113 1 0 1.0
0 5.618554 -3.930639 0.076747 0.297497 0.891217 -0.342384 0.104980 0.641113 1 0 1.0
0 6.084737 -4.251559 -0.353526 0.297497 0.891217 -0.342384 0.104980 0.641113 1 0 1.0
Default
0 5.591783 -3.965787 0.221684 -0.210547 0.206303 0.955567 0.104980 0.641113 1 0 1.0
0 5.149822 -3.672075 0.060892 -0.210547 0.206303 0.955567 0.104980 0.641113 1 0 1.0
0 4.988360 -3.880717 0.070361 -0.210547 0.206303 0.955567 0.104980 0.641113 1 0 1.0
Default
0 5.162199 -4.020579 -0.180772 0.205624 -0.202578 -0.957435 0.104980 0.641113 1 0 1.0
0 5.318999 -3.817963 -0.189967 0.205624 -0.202578 -0.957435 0.104980 0.641113 1 0 1.0
0 5.606131 -3.953146 -0.099698 0.205624 -0.202578 -0.957435 0.104980 0.641113 1 0 1.0
Default
0 5.387209 -4.262533 0.221948 -0.634354 -0.400027 0.661493 0.104980 0.641113 1 0 1.0
0 4.988360 -3.880717 0.070361 -0.634354 -0.400027 0.661493 0.104980 0.641113 1 0 1.0
0 4.983161 -4.048412 -0.036035 -0.634354 -0.400027 0.661493 0.104980 0.641113 1 0 1.0
Default
0 5.306510 -3.630577 -0.054996 0.264179 0.737669 0.621333 0.104980 0.641113 1 0 1.0
0 5.149822 -3.672075 0.060892 0.264179 0.737669 0.621333 0.104980 0.641113 1 0 1.0
0 5.591783 -3.965787 0.221684 0.264179 0.737669 0.621333 0.104980 0.641113 1 0 1.0
Default
0 5.318999 -3.817963 -0.189967 0.627802 0.482040 -0.611148 0.104980 0.641113 1 0 1.0
0 5.306510 -3.630577 -0.054996 0.627802 0.482040 -0.611148 0.104980 0.641113 1 0 1.0
0 5.642414 -3.895928 0.080768 0.627802 0.482040 -0.611148 0.104980 0.641113 1 0 1.0
Default
0 5.642414 -3.895928 0.080768 0.823226 -0.567530 0.014434 0.104980 0.641113 1 0 1.0
0 5.618554 -3.930639 0.076747 0.823226 -0.567530 0.014434 0.104980 0.641113 1 0 1.0
0 5.590728 -3.974522 -0.061657 0.823226 -0.567530 0.014434 0.104980 0.641113 1 0 1.0
Default
0 5.840440 -4.581497 -0.373189 -0.696634 -0.629394 -0.344332 0.104980 0.641113 1 0 1.0
0 5.363759 -4.300229 0.077076 -0.696634 -0.629394 -0.344332 0.104980 0.641113 1 0 1.0
0 5.394762 -4.258782 -0.061404 -0.696634 -0.629394 -0.344332 0.104980 0.641113 1 0 1.0
Default
0 5.580134 -3.983650 0.183679 0.516600 -0.355441 0.778965 0.104980 0.641113 1 0 1.0
0 5.399730 -4.245340 0.183911 0.516600 -0.355441 0.778965 0.104980 0.641113 1 0 1.0
0 5.949277 -4.589468 -0.337566 0.516600 -0.355441 0.778965 0.104980 0.641113 1 0 1.0
Default
0 5.773860 -4.470701 -0.413347 -0.520021 0.357806 -0.775598 0.104980 0.641113 1 0 1.0
0 5.394762 -4.258782 -0.061404 -0.520021 0.357806 -0.775598 0.104980 0.641113 1 0 1.0
0 5.590728 -3.974522 -0.061657 -0.520021 0.357806 -0.775598 0.104980 0.641113 1 0 1.0
Default
0 5.949277 -4.589468 -0.337566 -0.091724 -0.872830 0.479327 0.104980 0.641113 1 0 1.0
0 5.399730 -4.245340 0.183911 -0.091724 -0.872830 0.479327 0.104980 0.641113 1 0 1.0
0 5.363759 -4.300229 0.077076 -0.091724 -0.872830 0.479327 0.104980 0.641113 1 0 1.0
Default
0 6.103799 -4.353737 -0.329813 0.296096 -0.163164 -0.941119 0.104980 0.641113 1 0 1.0
0 6.072135 -4.265699 -0.355040 0.296096 -0.163164 -0.941119 0.104980 0.641113 1 0 1.0
0 6.084737 -4.251559 -0.353526 0.296096 -0.163164 -0.941119 0.104980 0.641113 1 0 1.0
Default
0 6.205052 -4.603767 -1.567959 -0.076142 -0.997052 0.009518 0.104980 0.641113 1 0 1.0
0 5.942193 -4.571997 -0.342824 -0.076142 -0.997052 0.009518 0.104980 0.641113 1 0 1.0
0 5.850321 -4.565268 -0.372893 -0.076142 -0.997052 0.009518 0.104980 0.641113 1 0 1.0
Default
0 6.244151 -4.497253 -1.552707 0.932849 0.354266 0.065488 0.104980 0.641113 1 0 1.0
0 6.072135 -4.265699 -0.355040 0.932849 0.354266 0.065488 0.104980 0.641113 1 0 1.0
0 6.103799 -4.353737 -0.329813 0.932849 0.354266 0.065488 0.104980 0.641113 1 0 1.0
Default
0 3.320815 -9.794264 -1.260334 0.118426 -0.587519 0.800498 0.131592 0.607422 1 0 1.0
0 -0.000000 -10.138030 -1.021356 0.118426 -0.587519 0.800498 0.131592 0.607422 1 0 1.0
0 -0.000000 -11.134106 -1.752418 0.118426 -0.587519 0.800498 0.131592 0.607422 1 0 1.0
Default
0 0.866668 -8.854090 -0.254073 0.089669 -0.569948 0.816774 0.167236 0.546875 1 0 1.0
0 -0.000000 -8.865752 -0.167064 0.089669 -0.569948 0.816774 0.167236 0.546875 1 0 1.0
0 -0.000000 -9.716589 -0.760781 0.089669 -0.569948 0.816774 0.167236 0.546875 1 0 1.0
Default
0 -0.000000 -9.716589 -0.760781 0.229532 -0.654080 0.720760 0.140137 0.579102 1 0 1.0
0 1.265618 -8.888935 -0.412743 0.229532 -0.654080 0.720760 0.140137 0.579102 1 0 1.0
0 0.866668 -8.854090 -0.254073 0.229532 -0.654080 0.720760 0.140137 0.579102 1 0 1.0
Default
0 -0.854144 4.896106 -0.423141 -0.917692 0.391345 -0.068487 0.146362 0.607910 1 0 1.0
0 -1.164075 4.165078 -0.447424 -0.917692 0.391345 -0.068487 0.146362 0.607910 1 0 1.0
0 -1.117475 4.352230 -0.002424 -0.917692 0.391345 -0.068487 0.146362 0.607910 1 0 1.0
Default
0 -0.000000 -2.852113 -1.284113 -0.050789 -0.675681 -0.735442 0.146362 0.607910 1 0 1.0
0 -1.022433 -2.797845 -1.263362 -0.050789 -0.675681 -0.735442 0.146362 0.607910 1 0 1.0
0 -1.052431 -2.450018 -1.580854 -0.050789 -0.675681 -0.735442 0.146362 0.607910 1 0 1.0
Default
0 -0.000000 4.653647 1.622513 -0.538486 0.066972 0.839969 0.172119 0.546387 1 0 1.0
0 -0.518455 4.632716 1.291811 -0.538486 0.066972 0.839969 0.172119 0.546387 1 0 1.0
0 -0.000000 3.543283 1.711044 -0.538486 0.066972 0.839969 0.172119 0.546387 1 0 1.0
Default
0 -1.052431 -2.450018 -1.580854 -0.124677 -0.402678 -0.906811 0.146362 0.607910 1 0 1.0
0 -1.315725 -1.420971 -2.001611 -0.124677 -0.402678 -0.906811 0.146362 0.607910 1 0 1.0
0 -0.000000 -1.407726 -2.188391 -0.124677 -0.402678 -0.906811 0.146362 0.607910 1 0 1.0
Default
0 -1.361801 3.607359 0.975881 -0.521442 -0.016445 0.853128 0.172119 0.546387 1 0 1.0
0 -1.341583 0.399111 0.926395 -0.521442 -0.016445 0.853128 0.172119 0.546387 1 0 1.0
0 -0.000000 1.112787 1.760145 -0.521442 -0.016445 0.853128 0.172119 0.546387 1 0 1.0
Default
0 -1.369061 0.121313 -2.040375 -0.246871 0.158592 -0.955983 0.146362 0.607910 1 0 1.0
0 -1.386307 1.804483 -1.756693 -0.246871 0.158592 -0.955983 0.146362 0.607910 1 0 1.0
0 -0.000000 1.828845 -2.110649 -0.246871 0.158592 -0.955983 0.146362 0.607910 1 0 1.0
Default
0 -1.523601 -2.704582 -0.265268 -0.457250 0.834460 -0.307570 0.146362 0.607910 1 0 1.0
0 -1.022433 -2.797845 -1.263362 -0.457250 0.834460 -0.307570 0.146362 0.607910 1 0 1.0
0 -1.582315 -3.002668 -0.986710 -0.457250 0.834460 -0.307570 0.146362 0.607910 1 0 1.0
Default
0 -1.219438 3.175368 -1.361703 -0.121035 0.591403 -0.797241 0.146362 0.607910 1 0 1.0
0 -1.296398 3.732233 -0.936930 -0.121035 0.591403 -0.797241 0.146362 0.607910 1 0 1.0
0 -0.000000 3.852210 -1.044746 -0.121035 0.591403 -0.797241 0.146362 0.607910 1 0 1.0
Default
0 -0.000000 -2.250626 1.526916 -0.382621 0.115013 0.916719 0.172119 0.546387 1 0 1.0
0 -1.029605 -2.244936 1.096464 -0.382621 0.115013 0.916719 0.172119 0.546387 1 0 1.0
0 -1.017647 -2.836592 1.175685 -0.382621 0.115013 0.916719 0.172119 0.546387 1 0 1.0
Default
0 -0.000000 3.852210 -1.044746 -0.123404 0.759725 -0.638427 0.146362 0.607910 1 0 1.0
0 -1.296398 3.732233 -0.936930 -0.123404 0.759725 -0.638427 0.146362 0.607910 1 0 1.0
0 -1.164075 4.165078 -0.447424 -0.123404 0.759725 -0.638427 0.146362 0.607910 1 0 1.0
Default
0 -1.029605 -2.244936 1.096464 -0.793351 0.287173 0.536773 0.145142 0.578613 1 0 1.0
0 -1.504311 -2.233180 0.388559 -0.793351 0.287173 0.536773 0.145142 0.578613 1 0 1.0
0 -1.643683 -2.910753 0.545068 -0.793351 0.287173 0.536773 0.145142 0.578613 1 0 1.0
Default
0 -0.432920 5.015870 0.110635 0.060610 0.962665 -0.263823 0.146362 0.607910 1 0 1.0
0 -0.854144 4.896106 -0.423141 0.060610 0.962665 -0.263823 0.146362 0.607910 1 0 1.0
0 -0.713334 5.067599 0.234971 0.060610 0.962665 -0.263823 0.146362 0.607910 1 0 1.0
Default
0 -1.369061 0.121313 -2.040375 -0.609506 -0.000048 -0.792781 0.146362 0.607910 1 0 1.0
0 -2.038785 -1.544569 -1.525377 -0.609506 -0.000048 -0.792781 0.146362 0.607910 1 0 1.0
0 -2.019819 0.886962 -1.540107 -0.609506 -0.000048 -0.792781 0.146362 0.607910 1 0 1.0
Default
0 -2.120834 -0.283222 0.228863 -0.996014 -0.084208 0.029406 0.146362 0.607910 1 0 1.0
0 -2.120834 -0.453494 -0.258734 -0.996014 -0.084208 0.029406 0.146362 0.607910 1 0 1.0
0 -1.999913 -1.639079 0.441881 -0.996014 -0.084208 0.029406 0.146362 0.607910 1 0 1.0
Default
0 -1.374942 3.670277 0.382462 -0.938162 0.345884 -0.014730 0.146362 0.607910 1 0 1.0
0 -1.036909 4.611787 0.961110 -0.938162 0.345884 -0.014730 0.146362 0.607910 1 0 1.0
0 -1.117475 4.352230 -0.002424 -0.938162 0.345884 -0.014730 0.146362 0.607910 1 0 1.0
Default
0 -1.356828 3.795997 -0.307952 -0.926207 0.374453 0.043886 0.146362 0.607910 1 0 1.0
0 -1.374942 3.670277 0.382462 -0.926207 0.374453 0.043886 0.146362 0.607910 1 0 1.0
0 -1.117475 4.352230 -0.002424 -0.926207 0.374453 0.043886 0.146362 0.607910 1 0 1.0
Default
0 -1.487582 3.317718 -0.788863 -0.857693 0.231616 -0.459038 0.146362 0.607910 1 0 1.0
0 -1.296398 3.732233 -0.936930 -0.857693 0.231616 -0.459038 0.146362 0.607910 1 0 1.0
0 -1.219438 3.175368 -1.361703 -0.857693 0.231616 -0.459038 0.146362 0.607910 1 0 1.0
Default
0 -2.019819 0.886962 -1.540107 -0.495154 0.139456 -0.857540 0.146362 0.607910 1 0 1.0
0 -1.386307 1.804483 -1.756693 -0.495154 0.139456 -0.857540 0.146362 0.607910 1 0 1.0
0 -1.369061 0.121313 -2.040375 -0.495154 0.139456 -0.857540 0.146362 0.607910 1 0 1.0
Default
0 -2.038785 -1.544569 -1.525377 -0.442603 -0.434076 -0.784654 0.146362 0.607910 1 0 1.0
0 -1.315725 -1.420971 -2.001611 -0.442603 -0.434076 -0.784654 0.146362 0.607910 1 0 1.0
0 -1.052431 -2.450018 -1.580854 -0.442603 -0.434076 -0.784654 0.146362 0.607910 1 0 1.0
Default
0 -2.038785 -1.544569 -1.525377 -0.544847 -0.039894 -0.837586 0.146362 0.607910 1 0 1.0
0 -1.369061 0.121313 -2.040375 -0.544847 -0.039894 -0.837586 0.146362 0.607910 1 0 1.0
0 -1.315725 -1.420971 -2.001611 -0.544847 -0.039894 -0.837586 0.146362 0.607910 1 0 1.0
Default
0 -1.661575 -2.250328 -1.054008 -0.675852 -0.683617 -0.275484 0.146362 0.607910 1 0 1.0
0 -1.022433 -2.797845 -1.263362 -0.675852 -0.683617 -0.275484 0.146362 0.607910 1 0 1.0
0 -1.523601 -2.704582 -0.265268 -0.675852 -0.683617 -0.275484 0.146362 0.607910 1 0 1.0
Default
0 -1.661575 -2.250328 -1.054008 -0.643334 -0.545656 -0.537011 0.146362 0.607910 1 0 1.0
0 -1.052431 -2.450018 -1.580854 -0.643334 -0.545656 -0.537011 0.146362 0.607910 1 0 1.0
0 -1.022433 -2.797845 -1.263362 -0.643334 -0.545656 -0.537011 0.146362 0.607910 1 0 1.0
Default
0 -1.999913 -1.639079 0.441881 -0.561464 -0.005176 0.827485 0.145142 0.578613 1 0 1.0
0 -1.029605 -2.244936 1.096464 -0.561464 -0.005176 0.827485 0.145142 0.578613 1 0 1.0
0 -1.276916 -0.896177 0.937095 -0.561464 -0.005176 0.827485 0.145142 0.578613 1 0 1.0
Default
0 -1.999913 -1.639079 0.441881 -0.670016 -0.598365 0.439361 0.145142 0.578613 1 0 1.0
0 -1.504311 -2.233180 0.388559 -0.670016 -0.598365 0.439361 0.145142 0.578613 1 0 1.0
0 -1.029605 -2.244936 1.096464 -0.670016 -0.598365 0.439361 0.145142 0.578613 1 0 1.0
Default
0 -1.953540 -1.927557 -0.022889 -0.738773 -0.536153 0.408356 0.146362 0.607910 1 0 1.0
0 -1.523601 -2.704582 -0.265268 -0.738773 -0.536153 0.408356 0.146362 0.607910 1 0 1.0
0 -1.504311 -2.233180 0.388559 -0.738773 -0.536153 0.408356 0.146362 0.607910 1 0 1.0
Default
0 -1.661575 -2.250328 -1.054008 -0.898132 -0.229523 0.375070 0.146362 0.607910 1 0 1.0
0 -2.120834 -0.453494 -1.054169 -0.898132 -0.229523 0.375070 0.146362 0.607910 1 0 1.0
0 -2.038785 -1.544569 -1.525377 -0.898132 -0.229523 0.375070 0.146362 0.607910 1 0 1.0
Default
0 -1.504311 -2.233180 0.388559 -0.714337 -0.624285 0.316213 0.146362 0.607910 1 0 1.0
0 -1.999913 -1.639079 0.441881 -0.714337 -0.624285 0.316213 0.146362 0.607910 1 0 1.0
0 -1.953540 -1.927557 -0.022889 -0.714337 -0.624285 0.316213 0.146362 0.607910 1 0 1.0
Default
0 -1.523601 -2.704582 -0.265268 -0.883750 -0.455402 -0.107682 0.146362 0.607910 1 0 1.0
0 -1.953540 -1.927557 -0.022889 -0.883750 -0.455402 -0.107682 0.146362 0.607910 1 0 1.0
0 -1.661575 -2.250328 -1.054008 -0.883750 -0.455402 -0.107682 0.146362 0.607910 1 0 1.0
Default
0 -1.793350 2.199510 -1.201310 -0.793188 0.389547 -0.468089 0.146362 0.607910 1 0 1.0
0 -1.487582 3.317718 -0.788863 -0.793188 0.389547 -0.468089 0.146362 0.607910 1 0 1.0
0 -1.219438 3.175368 -1.361703 -0.793188 0.389547 -0.468089 0.146362 0.607910 1 0 1.0
Default
0 -1.755266 2.355577 0.168690 -0.919576 0.392691 -0.013147 0.146362 0.607910 1 0 1.0
0 -1.503100 2.934731 -0.170353 -0.919576 0.392691 -0.013147 0.146362 0.607910 1 0 1.0
0 -1.793350 2.243701 -0.509150 -0.919576 0.392691 -0.013147 0.146362 0.607910 1 0 1.0
Default
0 -2.019819 1.152108 -0.052511 -0.921918 0.135990 0.362730 0.146362 0.607910 1 0 1.0
0 -2.120834 -0.283222 0.228863 -0.921918 0.135990 0.362730 0.146362 0.607910 1 0 1.0
0 -1.755266 2.355577 0.168690 -0.921918 0.135990 0.362730 0.146362 0.607910 1 0 1.0
Default
0 -2.019819 0.886962 -1.540107 -0.983540 0.177885 -0.031706 0.146362 0.607910 1 0 1.0
0 -2.019819 1.152108 -0.052511 -0.983540 0.177885 -0.031706 0.146362 0.607910 1 0 1.0
0 -1.793350 2.199510 -1.201310 -0.980110 0.198050 -0.012644 0.146362 0.607910 1 0 1.0
Default
0 -2.019819 1.152108 -0.052511 -0.977251 0.211137 0.020059 0.146362 0.607910 1 0 1.0
0 -1.793350 2.243701 -0.509150 -0.977251 0.211137 0.020059 0.146362 0.607910 1 0 1.0
0 -1.793350 2.199510 -1.201310 -0.980110 0.198050 -0.012644 0.146362 0.607910 1 0 1.0
Default
0 -2.019819 1.152108 -0.052511 -0.977251 0.211137 0.020059 0.146362 0.607910 1 0 1.0
0 -1.755266 2.355577 0.168690 -0.977251 0.211137 0.020059 0.146362 0.607910 1 0 1.0
0 -1.793350 2.243701 -0.509150 -0.977251 0.211137 0.020059 0.146362 0.607910 1 0 1.0
Default
0 -1.052431 -2.450018 -1.580854 -0.612405 -0.638572 -0.466032 0.146362 0.607910 1 0 1.0
0 -1.661575 -2.250328 -1.054008 -0.612405 -0.638572 -0.466032 0.146362 0.607910 1 0 1.0
0 -2.038785 -1.544569 -1.525377 -0.612405 -0.638572 -0.466032 0.146362 0.607910 1 0 1.0
Default
0 -2.120834 -0.283222 0.228863 -0.653796 -0.026394 0.756210 0.145142 0.578613 1 0 1.0
0 -1.276916 -0.896177 0.937095 -0.653796 -0.026394 0.756210 0.145142 0.578613 1 0 1.0
0 -1.341583 0.399111 0.926395 -0.653796 -0.026394 0.756210 0.145142 0.578613 1 0 1.0
Default
0 -2.120834 -0.283222 0.228863 -0.611259 0.069348 0.788386 0.145142 0.578613 1 0 1.0
0 -1.999913 -1.639079 0.441881 -0.611259 0.069348 0.788386 0.145142 0.578613 1 0 1.0
0 -1.276916 -0.896177 0.937095 -0.611259 0.069348 0.788386 0.145142 0.578613 1 0 1.0
Default
0 -2.120834 -0.453494 -1.054169 -0.950614 -0.242988 -0.193107 0.146362 0.607910 1 0 1.0
0 -1.661575 -2.250328 -1.054008 -0.950614 -0.242988 -0.193107 0.146362 0.607910 1 0 1.0
0 -1.953540 -1.927557 -0.022889 -0.950614 -0.242988 -0.193107 0.146362 0.607910 1 0 1.0
Default
0 -1.755266 2.355577 0.168690 -0.890978 -0.012615 0.453871 0.145142 0.578613 1 0 1.0
0 -1.341583 0.399111 0.926395 -0.890978 -0.012615 0.453871 0.145142 0.578613 1 0 1.0
0 -1.361801 3.607359 0.975881 -0.890978 -0.012615 0.453871 0.145142 0.578613 1 0 1.0
Default
0 -1.503100 2.934731 -0.170353 -0.979750 0.180304 0.087064 0.146362 0.607910 1 0 1.0
0 -1.356828 3.795997 -0.307952 -0.979750 0.180304 0.087064 0.146362 0.607910 1 0 1.0
0 -1.487582 3.317718 -0.788863 -0.979750 0.180304 0.087064 0.146362 0.607910 1 0 1.0
Default
0 -1.503100 2.934731 -0.170353 -0.985746 0.168173 0.004762 0.146362 0.607910 1 0 1.0
0 -1.374942 3.670277 0.382462 -0.985746 0.168173 0.004762 0.146362 0.607910 1 0 1.0
0 -1.356828 3.795997 -0.307952 -0.985746 0.168173 0.004762 0.146362 0.607910 1 0 1.0
Default
0 -1.487582 3.317718 -0.788863 -0.962812 0.269625 -0.017214 0.146362 0.607910 1 0 1.0
0 -1.793350 2.199510 -1.201310 -0.962812 0.269625 -0.017214 0.146362 0.607910 1 0 1.0
0 -1.793350 2.243701 -0.509150 -0.962812 0.269625 -0.017214 0.146362 0.607910 1 0 1.0
Default
0 -1.487582 3.317718 -0.788863 -0.935567 0.310276 0.168653 0.146362 0.607910 1 0 1.0
0 -1.793350 2.243701 -0.509150 -0.935567 0.310276 0.168653 0.146362 0.607910 1 0 1.0
0 -1.503100 2.934731 -0.170353 -0.935567 0.310276 0.168653 0.146362 0.607910 1 0 1.0
Default
0 -1.374942 3.670277 0.382462 -0.936080 0.300528 -0.182856 0.146362 0.607910 1 0 1.0
0 -1.503100 2.934731 -0.170353 -0.936080 0.300528 -0.182856 0.146362 0.607910 1 0 1.0
0 -1.755266 2.355577 0.168690 -0.936080 0.300528 -0.182856 0.146362 0.607910 1 0 1.0
Default
0 -2.019819 0.886962 -1.540107 -0.982488 0.006535 -0.186209 0.146362 0.607910 1 0 1.0
0 -2.038785 -1.544569 -1.525377 -0.982488 0.006535 -0.186209 0.146362 0.607910 1 0 1.0
0 -2.120834 -0.453494 -1.054169 -0.982488 0.006535 -0.186209 0.146362 0.607910 1 0 1.0
Default
0 -1.341583 0.399111 0.926395 -0.716527 0.114954 0.688022 0.145142 0.578613 1 0 1.0
0 -1.755266 2.355577 0.168690 -0.716527 0.114954 0.688022 0.145142 0.578613 1 0 1.0
0 -2.120834 -0.283222 0.228863 -0.716527 0.114954 0.688022 0.145142 0.578613 1 0 1.0
Default
0 -1.643683 -2.910753 0.545068 -0.978908 0.178326 -0.099691 0.146362 0.607910 1 0 1.0
0 -1.504311 -2.233180 0.388559 -0.978908 0.178326 -0.099691 0.146362 0.607910 1 0 1.0
0 -1.523601 -2.704582 -0.265268 -0.978908 0.178326 -0.099691 0.146362 0.607910 1 0 1.0
Default
0 -1.592253 -3.693410 1.062997 -0.846680 0.488391 0.211203 0.146362 0.607910 1 0 1.0
0 -1.691030 -3.380062 -0.057575 -0.846680 0.488391 0.211203 0.146362 0.607910 1 0 1.0
0 -2.263748 -4.440873 0.099534 -0.846680 0.488391 0.211203 0.146362 0.607910 1 0 1.0
Default
0 -1.231012 -3.631138 -1.226408 -0.077932 0.316949 -0.945235 0.146362 0.607910 1 0 1.0
0 -1.582315 -3.002668 -0.986710 -0.077932 0.316949 -0.945235 0.146362 0.607910 1 0 1.0
0 -0.000000 -2.994805 -1.114532 -0.077932 0.316949 -0.945235 0.146362 0.607910 1 0 1.0
Default
0 -0.000000 -2.810733 1.526007 -0.302266 0.440061 0.845566 0.172119 0.546387 1 0 1.0
0 -1.017647 -2.836592 1.175685 -0.302266 0.440061 0.845566 0.172119 0.546387 1 0 1.0
0 -1.080117 -3.699392 1.602383 -0.302266 0.440061 0.845566 0.172119 0.546387 1 0 1.0
Default
0 -1.691030 -3.380062 -0.057575 -0.987227 -0.069075 -0.143569 0.146362 0.607910 1 0 1.0
0 -1.714228 -2.973436 -0.093699 -0.987227 -0.069075 -0.143569 0.146362 0.607910 1 0 1.0
0 -1.582315 -3.002668 -0.986710 -0.987227 -0.069075 -0.143569 0.146362 0.607910 1 0 1.0
Default
0 -2.100144 -5.529075 0.077908 -0.896033 -0.126254 -0.425659 0.146362 0.607910 1 0 1.0
0 -2.263748 -4.440873 0.099534 -0.896033 -0.126254 -0.425659 0.146362 0.607910 1 0 1.0
0 -1.658901 -4.731664 -1.087447 -0.896033 -0.126254 -0.425659 0.146362 0.607910 1 0 1.0
Default
0 -1.231012 -3.631138 -1.226408 -0.315179 -0.133171 -0.939642 0.146362 0.607910 1 0 1.0
0 -0.000000 -3.629145 -1.639603 -0.315179 -0.133171 -0.939642 0.146362 0.607910 1 0 1.0
0 -0.000000 -4.737693 -1.482494 -0.315179 -0.133171 -0.939642 0.146362 0.607910 1 0 1.0
Default
0 -1.080117 -3.699392 1.602383 -0.711110 0.188721 0.677279 0.145142 0.578613 1 0 1.0
0 -1.592253 -3.693410 1.062997 -0.711110 0.188721 0.677279 0.145142 0.578613 1 0 1.0
0 -1.716583 -4.603351 1.186008 -0.711110 0.188721 0.677279 0.145142 0.578613 1 0 1.0
Default
0 -1.691030 -3.380062 -0.057575 -0.868826 0.286846 -0.403561 0.146362 0.607910 1 0 1.0
0 -1.231012 -3.631138 -1.226408 -0.868826 0.286846 -0.403561 0.146362 0.607910 1 0 1.0
0 -1.658901 -4.731664 -1.087447 -0.868826 0.286846 -0.403561 0.146362 0.607910 1 0 1.0
Default
0 -1.056553 -6.977506 1.276211 -0.639725 -0.172768 0.748935 0.145142 0.578613 1 0 1.0
0 -1.000677 -5.687540 1.621516 -0.639725 -0.172768 0.748935 0.145142 0.578613 1 0 1.0
0 -1.606000 -5.696329 1.102431 -0.639725 -0.172768 0.748935 0.145142 0.578613 1 0 1.0
Default
0 -1.945437 -6.559807 -0.280973 -0.959180 -0.046864 -0.278885 0.146362 0.607910 1 0 1.0
0 -2.100144 -5.529075 0.077908 -0.959180 -0.046864 -0.278885 0.146362 0.607910 1 0 1.0
0 -1.791856 -5.594679 -0.971375 -0.959180 -0.046864 -0.278885 0.146362 0.607910 1 0 1.0
Default
0 -1.527866 -6.835018 0.744690 -0.896340 -0.187699 0.401676 0.146362 0.607910 1 0 1.0
0 -1.606000 -5.696329 1.102431 -0.896340 -0.187699 0.401676 0.146362 0.607910 1 0 1.0
0 -2.100144 -5.529075 0.077908 -0.896340 -0.187699 0.401676 0.146362 0.607910 1 0 1.0
Default
0 -1.517128 -7.864637 0.044436 -0.951884 -0.222705 0.210522 0.146362 0.607910 1 0 1.0
0 -1.781991 -7.444246 -0.708436 -0.951884 -0.222705 0.210522 0.146362 0.607910 1 0 1.0
0 -1.451704 -8.758800 -0.605656 -0.951884 -0.222705 0.210522 0.146362 0.607910 1 0 1.0
Default
0 -1.781991 -7.444246 -0.708436 -0.830261 0.019201 -0.557044 0.146362 0.607910 1 0 1.0
0 -1.405525 -7.466439 -1.270316 -0.830261 0.019201 -0.557044 0.146362 0.607910 1 0 1.0
0 -1.424565 -8.277586 -1.269897 -0.830261 0.019201 -0.557044 0.146362 0.607910 1 0 1.0
Default
0 -1.405525 -7.466439 -1.270316 -0.216277 0.184593 -0.958723 0.146362 0.607910 1 0 1.0
0 -1.669775 -6.585604 -1.041108 -0.216277 0.184593 -0.958723 0.146362 0.607910 1 0 1.0
0 -0.000000 -6.507124 -1.402679 -0.216277 0.184593 -0.958723 0.146362 0.607910 1 0 1.0
Default
0 -0.000000 -8.145375 0.570827 -0.155859 -0.610175 0.776785 0.172119 0.546387 1 0 1.0
0 -0.000000 -7.005009 1.466600 -0.155859 -0.610175 0.776785 0.172119 0.546387 1 0 1.0
0 -1.056553 -6.977506 1.276211 -0.155859 -0.610175 0.776785 0.172119 0.546387 1 0 1.0
Default
0 -1.013351 -8.067639 0.375920 -0.722826 -0.456836 0.518481 0.145142 0.578613 1 0 1.0
0 -1.056553 -6.977506 1.276211 -0.722826 -0.456836 0.518481 0.145142 0.578613 1 0 1.0
0 -1.527866 -6.835018 0.744690 -0.722826 -0.456836 0.518481 0.145142 0.578613 1 0 1.0
Default
0 -1.781991 -7.444246 -0.708436 -0.940151 -0.009107 -0.340636 0.146362 0.607910 1 0 1.0
0 -1.945437 -6.559807 -0.280973 -0.940151 -0.009107 -0.340636 0.146362 0.607910 1 0 1.0
0 -1.669775 -6.585604 -1.041108 -0.940151 -0.009107 -0.340636 0.146362 0.607910 1 0 1.0
Default
0 -0.000000 -8.588571 -0.917810 -0.031428 -0.808808 -0.587232 0.146362 0.607910 1 0 1.0
0 -1.451704 -8.758800 -0.605656 -0.031428 -0.808808 -0.587232 0.146362 0.607910 1 0 1.0
0 -1.424565 -8.277586 -1.269897 -0.031428 -0.808808 -0.587232 0.146362 0.607910 1 0 1.0
Default
0 -1.405525 -7.466439 -1.270316 -0.233067 -0.230952 -0.944638 0.146362 0.607910 1 0 1.0
0 -0.000000 -7.390121 -1.635755 -0.233067 -0.230952 -0.944638 0.146362 0.607910 1 0 1.0
0 -0.000000 -8.067874 -1.470052 -0.233067 -0.230952 -0.944638 0.146362 0.607910 1 0 1.0
Default
0 -3.320815 -9.794264 -1.260334 -0.269466 0.652073 0.708653 0.141357 0.608398 1 0 1.0
0 -1.673137 -9.561717 -0.847790 -0.269466 0.652073 0.708653 0.141357 0.608398 1 0 1.0
0 -1.834218 -9.507108 -0.959289 -0.269466 0.652073 0.708653 0.141357 0.608398 1 0 1.0
Default
0 -1.451704 -8.758800 -0.605656 -0.236853 0.381117 -0.893673 0.141357 0.608398 1 0 1.0
0 -0.000000 -8.588571 -0.917810 -0.236853 0.381117 -0.893673 0.141357 0.608398 1 0 1.0
0 -0.000000 -9.537613 -1.322540 -0.236853 0.381117 -0.893673 0.141357 0.608398 1 0 1.0
Default
0 -1.724613 -9.386443 -1.220682 -0.856950 0.499001 -0.128979 0.141357 0.608398 1 0 1.0
0 -1.834218 -9.507108 -0.959289 -0.856950 0.499001 -0.128979 0.141357 0.608398 1 0 1.0
0 -1.451704 -8.758800 -0.605656 -0.856950 0.499001 -0.128979 0.141357 0.608398 1 0 1.0
Default
0 -3.356545 -9.632235 -1.301905 -0.997751 -0.021781 0.063397 0.109436 0.638184 1 0 1.0
0 -3.363410 -9.617419 -1.404862 -0.997751 -0.021781 0.063397 0.109436 0.638184 1 0 1.0
0 -3.388747 -10.796123 -2.208554 -0.997751 -0.021781 0.063397 0.109436 0.638184 1 0 1.0
Default
0 -4.106424 -11.241108 -1.966846 -0.036279 -0.422528 0.905624 0.110657 0.627441 1 0 1.0
0 -0.000000 -11.134106 -1.752418 -0.036279 -0.422528 0.905624 0.110657 0.627441 1 0 1.0
0 -3.320815 -9.794264 -1.260334 -0.036279 -0.422528 0.905624 0.110657 0.627441 1 0 1.0
Default
0 -1.834218 -9.507108 -0.959289 -0.169399 0.919920 0.353625 0.141357 0.608398 1 0 1.0
0 -1.724613 -9.386443 -1.220682 -0.169399 0.919920 0.353625 0.141357 0.608398 1 0 1.0
0 -3.363410 -9.617419 -1.404862 -0.169399 0.919920 0.353625 0.141357 0.608398 1 0 1.0
Default
0 -4.106424 -11.241108 -1.966846 -0.430479 -0.900887 -0.055595 0.105713 0.639648 1 0 1.0
0 -4.479197 -11.057448 -2.056540 -0.430479 -0.900887 -0.055595 0.105713 0.639648 1 0 1.0
0 -2.890311 -11.782076 -2.617328 -0.430479 -0.900887 -0.055595 0.105713 0.639648 1 0 1.0
Default
0 -3.320815 -9.794264 -1.260334 -0.613489 0.066602 0.786889 0.116821 0.629883 1 0 1.0
0 -3.356545 -9.632235 -1.301905 -0.613489 0.066602 0.786889 0.116821 0.629883 1 0 1.0
0 -4.479197 -11.057448 -2.056540 -0.613489 0.066602 0.786889 0.116821 0.629883 1 0 1.0
Default
0 -2.299304 -11.824040 -2.275394 -0.214750 -0.942658 0.255496 0.108215 0.640625 1 0 1.0
0 -2.890311 -11.782076 -2.617328 -0.214750 -0.942658 0.255496 0.108215 0.640625 1 0 1.0
0 -0.000000 -12.414695 -2.522019 -0.214750 -0.942658 0.255496 0.108215 0.640625 1 0 1.0
Default
0 -0.000000 -12.537432 -2.851179 -0.109782 -0.114396 -0.987351 0.109436 0.638184 1 0 1.0
0 -2.890311 -11.782076 -2.617328 -0.109782 -0.114396 -0.987351 0.109436 0.638184 1 0 1.0
0 -1.750760 -11.704883 -2.752975 -0.109782 -0.114396 -0.987351 0.109436 0.638184 1 0 1.0
Default
0 -1.750760 -11.704883 -2.752975 -0.008619 0.502419 -0.864581 0.141357 0.608398 1 0 1.0
0 -3.388747 -10.796123 -2.208554 -0.008619 0.502419 -0.864581 0.141357 0.608398 1 0 1.0
0 -0.000000 -10.963312 -2.339492 -0.008619 0.502419 -0.864581 0.141357 0.608398 1 0 1.0
Default
0 3.388747 -10.796123 -2.208554 0.008619 0.502419 -0.864581 0.141357 0.608398 1 0 1.0
0 1.750760 -11.704883 -2.752975 0.008619 0.502419 -0.864581 0.141357 0.608398 1 0 1.0
0 -0.000000 -10.963312 -2.339492 -0.008619 0.502419 -0.864581 0.141357 0.608398 1 0 1.0
Default
0 -2.890311 -11.782076 -2.617328 -0.199496 0.287528 -0.936765 0.109436 0.638184 1 0 1.0
0 -4.479197 -11.057448 -2.056540 -0.199496 0.287528 -0.936765 0.109436 0.638184 1 0 1.0
0 -3.388747 -10.796123 -2.208554 -0.199496 0.287528 -0.936765 0.109436 0.638184 1 0 1.0
Default
0 -0.000000 -12.414695 -2.522019 -0.211694 -0.915747 0.341458 0.105713 0.639648 1 0 1.0
0 -2.890311 -11.782076 -2.617328 -0.211694 -0.915747 0.341458 0.105713 0.639648 1 0 1.0
0 -0.000000 -12.537432 -2.851179 -0.211694 -0.915747 0.341458 0.105713 0.639648 1 0 1.0
Default
0 -1.265618 -8.888935 -0.412743 -0.709304 0.029751 0.704274 0.141357 0.608398 1 0 1.0
0 -1.451704 -8.758800 -0.605656 -0.709304 0.029751 0.704274 0.141357 0.608398 1 0 1.0
0 -1.834218 -9.507108 -0.959289 -0.709304 0.029751 0.704274 0.141357 0.608398 1 0 1.0
Default
0 -0.636526 4.355776 1.141957 -0.187597 -0.577356 -0.794649 0.986328 0.517578 1 0 1.0
0 -0.868185 4.431048 1.141957 -0.187597 -0.577356 -0.794649 0.986328 0.517578 1 0 1.0
0 -0.700554 4.552837 1.013896 -0.187597 -0.577356 -0.794649 0.986328 0.517578 1 0 1.0
Default
0 -0.868185 4.674627 1.141957 -0.607065 0.000000 -0.794652 0.986328 0.517578 1 0 1.0
0 -0.700554 4.552837 1.013896 -0.607065 0.000000 -0.794652 0.986328 0.517578 1 0 1.0
0 -0.868185 4.431048 1.141957 -0.607065 0.000000 -0.794652 0.986328 0.517578 1 0 1.0
Default
0 -0.493349 4.552837 1.141957 0.491121 -0.356831 -0.794652 0.986328 0.517578 1 0 1.0
0 -0.636526 4.355776 1.141957 0.491121 -0.356831 -0.794652 0.986328 0.517578 1 0 1.0
0 -0.700554 4.552837 1.013896 0.491121 -0.356831 -0.794652 0.986328 0.517578 1 0 1.0
Default
0 -0.636526 4.749899 1.141957 0.491122 0.356832 -0.794651 0.986328 0.517578 1 0 1.0
0 -0.493349 4.552837 1.141957 0.491122 0.356832 -0.794651 0.986328 0.517578 1 0 1.0
0 -0.700554 4.552837 1.013896 0.491122 0.356832 -0.794651 0.986328 0.517578 1 0 1.0
Default
0 -0.868185 4.674627 1.141957 -0.187596 0.577358 -0.794648 0.986328 0.517578 1 0 1.0
0 -0.636526 4.749899 1.141957 -0.187596 0.577358 -0.794648 0.986328 0.517578 1 0 1.0
0 -0.700554 4.552837 1.013896 -0.187596 0.577358 -0.794648 0.986328 0.517578 1 0 1.0
Default
0 -0.907759 4.552837 1.349162 -0.982246 0.000000 -0.187598 0.986328 0.517578 1 0 1.0
0 -0.868185 4.674627 1.141957 -0.982246 0.000000 -0.187598 0.986328 0.517578 1 0 1.0
0 -0.868185 4.431048 1.141957 -0.982246 0.000000 -0.187598 0.986328 0.517578 1 0 1.0
Default
0 -0.764582 4.355776 1.349162 -0.303535 -0.934171 -0.187592 0.986328 0.517578 1 0 1.0
0 -0.868185 4.431048 1.141957 -0.303535 -0.934171 -0.187592 0.986328 0.517578 1 0 1.0
0 -0.636526 4.355776 1.141957 -0.303535 -0.934171 -0.187592 0.986328 0.517578 1 0 1.0
Default
0 -0.532923 4.431048 1.349162 0.794649 -0.577359 -0.187588 0.986328 0.517578 1 0 1.0
0 -0.636526 4.355776 1.141957 0.794649 -0.577359 -0.187588 0.986328 0.517578 1 0 1.0
0 -0.493349 4.552837 1.141957 0.794649 -0.577359 -0.187588 0.986328 0.517578 1 0 1.0
Default
0 -0.532923 4.674627 1.349162 0.794648 0.577361 -0.187589 0.986328 0.517578 1 0 1.0
0 -0.493349 4.552837 1.141957 0.794648 0.577361 -0.187589 0.986328 0.517578 1 0 1.0
0 -0.636526 4.749899 1.141957 0.794648 0.577361 -0.187589 0.986328 0.517578 1 0 1.0
Default
0 -0.764582 4.749899 1.349162 -0.303534 0.934172 -0.187591 0.986328 0.517578 1 0 1.0
0 -0.636526 4.749899 1.141957 -0.303534 0.934172 -0.187591 0.986328 0.517578 1 0 1.0
0 -0.868185 4.674627 1.141957 -0.303534 0.934172 -0.187591 0.986328 0.517578 1 0 1.0
Default
0 -0.764582 4.355776 1.349162 -0.794650 -0.577358 0.187588 0.986328 0.517578 1 0 1.0
0 -0.907759 4.552837 1.349162 -0.794650 -0.577358 0.187588 0.986328 0.517578 1 0 1.0
0 -0.868185 4.431048 1.141957 -0.794650 -0.577358 0.187588 0.986328 0.517578 1 0 1.0
Default
0 -0.532923 4.431048 1.349162 0.303538 -0.934170 0.187592 0.986328 0.517578 1 0 1.0
0 -0.764582 4.355776 1.349162 0.303538 -0.934170 0.187592 0.986328 0.517578 1 0 1.0
0 -0.636526 4.355776 1.141957 0.303538 -0.934170 0.187592 0.986328 0.517578 1 0 1.0
Default
0 -0.532923 4.674627 1.349162 0.982246 0.000000 0.187597 0.986328 0.517578 1 0 1.0
0 -0.532923 4.431048 1.349162 0.982246 0.000000 0.187597 0.986328 0.517578 1 0 1.0
0 -0.493349 4.552837 1.141957 0.982246 0.000000 0.187597 0.986328 0.517578 1 0 1.0
Default
0 -0.764582 4.749899 1.349162 0.303536 0.934171 0.187590 0.986328 0.517578 1 0 1.0
0 -0.532923 4.674627 1.349162 0.303536 0.934171 0.187590 0.986328 0.517578 1 0 1.0
0 -0.636526 4.749899 1.141957 0.303536 0.934171 0.187590 0.986328 0.517578 1 0 1.0
Default
0 -0.907759 4.552837 1.349162 -0.794649 0.577359 0.187589 0.986328 0.517578 1 0 1.0
0 -0.764582 4.749899 1.349162 -0.794649 0.577359 0.187589 0.986328 0.517578 1 0 1.0
0 -0.868185 4.674627 1.141957 -0.794649 0.577359 0.187589 0.986328 0.517578 1 0 1.0
Default
0 -0.700554 4.552837 1.477221 -0.491120 -0.356827 0.794654 0.986328 0.517578 1 0 1.0
0 -0.907759 4.552837 1.349162 -0.491120 -0.356827 0.794654 0.986328 0.517578 1 0 1.0
0 -0.764582 4.355776 1.349162 -0.491120 -0.356827 0.794654 0.986328 0.517578 1 0 1.0
Default
0 -0.700554 4.552837 1.477221 0.187596 -0.577352 0.794652 0.986328 0.517578 1 0 1.0
0 -0.764582 4.355776 1.349162 0.187596 -0.577352 0.794652 0.986328 0.517578 1 0 1.0
0 -0.532923 4.431048 1.349162 0.187596 -0.577352 0.794652 0.986328 0.517578 1 0 1.0
Default
0 -0.700554 4.552837 1.477221 0.607062 0.000000 0.794654 0.986328 0.517578 1 0 1.0
0 -0.532923 4.431048 1.349162 0.607062 0.000000 0.794654 0.986328 0.517578 1 0 1.0
0 -0.532923 4.674627 1.349162 0.607062 0.000000 0.794654 0.986328 0.517578 1 0 1.0
Default
0 -0.700554 4.552837 1.477221 0.187597 0.577353 0.794651 0.986328 0.517578 1 0 1.0
0 -0.532923 4.674627 1.349162 0.187597 0.577353 0.794651 0.986328 0.517578 1 0 1.0
0 -0.764582 4.749899 1.349162 0.187597 0.577353 0.794651 0.986328 0.517578 1 0 1.0
Default
0 -0.700554 4.552837 1.477221 -0.491121 0.356828 0.794653 0.986328 0.517578 1 0 1.0
0 -0.764582 4.749899 1.349162 -0.491121 0.356828 0.794653 0.986328 0.517578 1 0 1.0
0 -0.907759 4.552837 1.349162 -0.491121 0.356828 0.794653 0.986328 0.517578 1 0 1.0
Default
0 -0.000000 4.315940 -0.217702 0.199856 -0.052232 -0.978432 0.146362 0.607910 1 0 1.0
0 -1.164075 4.165078 -0.447424 0.199856 -0.052232 -0.978432 0.146362 0.607910 1 0 1.0
0 -0.854144 4.896106 -0.423141 0.199856 -0.052232 -0.978432 0.146362 0.607910 1 0 1.0
Default
0 -0.259625 4.913702 1.373609 -0.527858 0.249932 0.811727 0.172119 0.546387 1 0 1.0
0 -0.518455 4.632716 1.291811 -0.527858 0.249932 0.811727 0.172119 0.546387 1 0 1.0
0 -0.000000 4.653647 1.622513 -0.527858 0.249932 0.811727 0.172119 0.546387 1 0 1.0
Default
0 -0.766090 4.885120 0.847901 -0.737386 0.613929 -0.281697 0.146362 0.607910 1 0 1.0
0 -0.773538 4.648369 0.351425 -0.737386 0.613929 -0.281697 0.146362 0.607910 1 0 1.0
0 -1.036909 4.611787 0.961110 -0.737386 0.613929 -0.281697 0.146362 0.607910 1 0 1.0
Default
0 -0.625344 4.748031 0.971231 -0.295814 0.863196 0.409129 0.172119 0.546387 1 0 1.0
0 -1.036909 4.611787 0.961110 -0.295814 0.863196 0.409129 0.172119 0.546387 1 0 1.0
0 -0.518455 4.632716 1.291811 -0.295814 0.863196 0.409129 0.172119 0.546387 1 0 1.0
Default
0 -0.505957 5.319634 0.657048 -0.840602 0.533340 0.094537 0.146362 0.607910 1 0 1.0
0 -0.713334 5.067599 0.234971 -0.840602 0.533340 0.094537 0.146362 0.607910 1 0 1.0
0 -0.641107 5.069728 0.865190 -0.840602 0.533340 0.094537 0.146362 0.607910 1 0 1.0
Default
0 -0.641107 5.069728 0.865190 -0.782052 0.590037 0.200627 0.146362 0.607910 1 0 1.0
0 -0.385940 5.315002 1.138500 -0.782052 0.590037 0.200627 0.146362 0.607910 1 0 1.0
0 -0.505957 5.319634 0.657048 -0.782052 0.590037 0.200627 0.146362 0.607910 1 0 1.0
Default
0 -0.264221 5.347376 0.960570 -0.711818 0.629034 -0.312461 0.146362 0.607910 1 0 1.0
0 -0.000000 5.877878 1.426633 -0.711818 0.629034 -0.312461 0.146362 0.607910 1 0 1.0
0 -0.000000 5.417776 0.500376 -0.711818 0.629034 -0.312461 0.146362 0.607910 1 0 1.0
Default
0 -0.259625 4.913702 1.373609 -0.554947 0.283519 0.782081 0.172119 0.546387 1 0 1.0
0 -0.385940 5.315002 1.138500 -0.554947 0.283519 0.782081 0.172119 0.546387 1 0 1.0
0 -0.518455 4.632716 1.291811 -0.554947 0.283519 0.782081 0.172119 0.546387 1 0 1.0
Default
0 -1.117475 4.352230 -0.002424 -0.877839 0.474642 0.064138 0.146362 0.607910 1 0 1.0
0 -0.713334 5.067599 0.234971 -0.877839 0.474642 0.064138 0.146362 0.607910 1 0 1.0
0 -0.854144 4.896106 -0.423141 -0.877839 0.474642 0.064138 0.146362 0.607910 1 0 1.0
Default
0 -0.385940 5.315002 1.138500 -0.729607 0.159897 0.664911 0.172119 0.546387 1 0 1.0
0 -0.259625 4.913702 1.373609 -0.729607 0.159897 0.664911 0.172119 0.546387 1 0 1.0
0 -0.000000 5.877878 1.426633 -0.729607 0.159897 0.664911 0.172119 0.546387 1 0 1.0
Default
0 -0.432920 5.015870 0.110635 -0.139376 0.762640 -0.631629 0.146362 0.607910 1 0 1.0
0 -0.713334 5.067599 0.234971 -0.139376 0.762640 -0.631629 0.146362 0.607910 1 0 1.0
0 -0.000000 5.417776 0.500376 -0.139376 0.762640 -0.631629 0.146362 0.607910 1 0 1.0
Default
0 -1.117475 4.352230 -0.002424 -0.792983 0.266117 0.548051 0.146362 0.607910 1 0 1.0
0 -0.773538 4.648369 0.351425 -0.792983 0.266117 0.548051 0.146362 0.607910 1 0 1.0
0 -0.713334 5.067599 0.234971 -0.792983 0.266117 0.548051 0.146362 0.607910 1 0 1.0
Default
0 -1.036909 4.611787 0.961110 -0.529661 0.829095 -0.179054 0.146362 0.607910 1 0 1.0
0 -0.773538 4.648369 0.351425 -0.529661 0.829095 -0.179054 0.146362 0.607910 1 0 1.0
0 -1.117475 4.352230 -0.002424 -0.529661 0.829095 -0.179054 0.146362 0.607910 1 0 1.0
Default
0 -0.641107 5.069728 0.865190 -0.788351 0.157418 0.594746 0.146362 0.607910 1 0 1.0
0 -0.625344 4.748031 0.971231 -0.788351 0.157418 0.594746 0.146362 0.607910 1 0 1.0
0 -0.385940 5.315002 1.138500 -0.788351 0.157418 0.594746 0.146362 0.607910 1 0 1.0
Default
0 -0.000000 5.417776 0.500376 -0.288656 0.877784 -0.382326 0.146362 0.607910 1 0 1.0
0 -0.713334 5.067599 0.234971 -0.288656 0.877784 -0.382326 0.146362 0.607910 1 0 1.0
0 -0.505957 5.319634 0.657048 -0.288656 0.877784 -0.382326 0.146362 0.607910 1 0 1.0
Default
0 -0.000000 4.653647 1.622513 -0.619126 0.124071 0.775429 0.172119 0.546387 1 0 1.0
0 -0.000000 5.877878 1.426633 -0.619126 0.124071 0.775429 0.172119 0.546387 1 0 1.0
0 -0.259625 4.913702 1.373609 -0.619126 0.124071 0.775429 0.172119 0.546387 1 0 1.0
Default
0 -0.625344 4.748031 0.971231 -0.197542 0.535745 0.820947 0.146362 0.607910 1 0 1.0
0 -0.766090 4.885120 0.847901 -0.197542 0.535745 0.820947 0.146362 0.607910 1 0 1.0
0 -1.036909 4.611787 0.961110 -0.197542 0.535745 0.820947 0.146362 0.607910 1 0 1.0
Default
0 -0.518455 4.632716 1.291811 -0.884492 0.258987 0.388070 0.172119 0.546387 1 0 1.0
0 -0.385940 5.315002 1.138500 -0.884492 0.258987 0.388070 0.172119 0.546387 1 0 1.0
0 -0.625344 4.748031 0.971231 -0.884492 0.258987 0.388070 0.172119 0.546387 1 0 1.0
Default
0 -0.000000 5.135764 -0.193419 -0.269249 0.963064 -0.003610 0.146362 0.607910 1 0 1.0
0 -0.854144 4.896106 -0.423141 -0.269249 0.963064 -0.003610 0.146362 0.607910 1 0 1.0
0 -0.432920 5.015870 0.110635 -0.269249 0.963064 -0.003610 0.146362 0.607910 1 0 1.0
Default
0 -0.432920 5.015870 0.110635 -0.462070 0.821566 -0.333948 0.146362 0.607910 1 0 1.0
0 -0.000000 5.417776 0.500376 -0.462070 0.821566 -0.333948 0.146362 0.607910 1 0 1.0
0 -0.000000 5.135764 -0.193419 -0.462070 0.821566 -0.333948 0.146362 0.607910 1 0 1.0
Default
0 -0.641107 5.069728 0.865190 -0.789593 0.558397 -0.254433 0.146362 0.607910 1 0 1.0
0 -0.773538 4.648369 0.351425 -0.789593 0.558397 -0.254433 0.146362 0.607910 1 0 1.0
0 -0.766090 4.885120 0.847901 -0.789593 0.558397 -0.254433 0.146362 0.607910 1 0 1.0
Default
0 -0.713334 5.067599 0.234971 -0.978831 0.171568 0.111600 0.146362 0.607910 1 0 1.0
0 -0.773538 4.648369 0.351425 -0.978831 0.171568 0.111600 0.146362 0.607910 1 0 1.0
0 -0.641107 5.069728 0.865190 -0.978831 0.171568 0.111600 0.146362 0.607910 1 0 1.0
Default
0 -0.641107 5.069728 0.865190 -0.487451 0.251713 0.836082 0.146362 0.607910 1 0 1.0
0 -0.766090 4.885120 0.847901 -0.487451 0.251713 0.836082 0.146362 0.607910 1 0 1.0
0 -0.625344 4.748031 0.971231 -0.487451 0.251713 0.836082 0.146362 0.607910 1 0 1.0
Default
0 -0.493039 7.044501 1.653882 -0.683043 -0.476099 -0.553878 0.146362 0.607910 1 0 1.0
0 -0.431187 7.060951 1.563465 -0.683043 -0.476099 -0.553878 0.146362 0.607910 1 0 1.0
0 -0.541761 5.804338 2.779975 -0.683043 -0.476099 -0.553878 0.146362 0.607910 1 0 1.0
Default
0 -0.000000 5.877878 1.426633 -0.680459 0.644788 -0.348173 0.146362 0.607910 1 0 1.0
0 -0.264221 5.347376 0.960570 -0.680459 0.644788 -0.348173 0.146362 0.607910 1 0 1.0
0 -0.385940 5.315002 1.138500 -0.680459 0.644788 -0.348173 0.146362 0.607910 1 0 1.0
Default
0 -0.264221 5.347376 0.960570 0.734154 0.294789 -0.611651 0.146362 0.607910 1 0 1.0
0 -0.505957 5.319634 0.657048 0.734154 0.294789 -0.611651 0.146362 0.607910 1 0 1.0
0 -0.572827 7.046854 1.409229 0.734154 0.294789 -0.611651 0.146362 0.607910 1 0 1.0
Default
0 -0.572827 7.046854 1.409229 -0.960940 -0.140931 0.238188 0.146362 0.607910 1 0 1.0
0 -0.505957 5.319634 0.657048 -0.960940 -0.140931 0.238188 0.146362 0.607910 1 0 1.0
0 -0.385940 5.315002 1.138500 -0.960940 -0.140931 0.238188 0.146362 0.607910 1 0 1.0
Default
0 -1.529843 7.684264 2.578425 0.698472 0.428556 0.573129 0.146362 0.607910 1 0 1.0
0 -0.580140 5.771665 2.851179 0.698472 0.428556 0.573129 0.146362 0.607910 1 0 1.0
0 -0.541761 5.804338 2.779975 0.698472 0.428556 0.573129 0.146362 0.607910 1 0 1.0
Default
0 -0.431187 7.060951 1.563465 -0.640232 0.548508 0.537812 0.146362 0.607910 1 0 1.0
0 -0.572827 7.046854 1.409229 -0.640232 0.548508 0.537812 0.146362 0.607910 1 0 1.0
0 -0.637645 5.746274 2.658512 -0.640232 0.548508 0.537812 0.146362 0.607910 1 0 1.0
Default
0 -0.637645 5.746274 2.658512 0.896947 -0.328722 -0.295682 0.146362 0.607910 1 0 1.0
0 -0.572827 7.046854 1.409229 0.896947 -0.328722 -0.295682 0.146362 0.607910 1 0 1.0
0 -0.493039 7.044501 1.653882 0.896947 -0.328722 -0.295682 0.146362 0.607910 1 0 1.0
Default
0 -1.529843 7.684264 2.578425 0.681052 0.285678 -0.674208 0.146362 0.607910 1 0 1.0
0 -0.541761 5.804338 2.779975 0.681052 0.285678 -0.674208 0.146362 0.607910 1 0 1.0
0 -0.637645 5.746274 2.658512 0.681052 0.285678 -0.674208 0.146362 0.607910 1 0 1.0
Default
0 -1.529843 7.684264 2.578425 -0.868365 -0.386954 0.310176 0.146362 0.607910 1 0 1.0
0 -0.637645 5.746274 2.658512 -0.868365 -0.386954 0.310176 0.146362 0.607910 1 0 1.0
0 -0.580140 5.771665 2.851179 -0.868365 -0.386954 0.310176 0.146362 0.607910 1 0 1.0
Default
0 -0.649165 6.610750 -0.533841 0.978166 0.173806 -0.113939 0.146362 0.607910 1 0 1.0
0 -0.411083 6.009273 0.592591 0.978166 0.173806 -0.113939 0.146362 0.607910 1 0 1.0
0 -0.402936 5.867940 0.446940 0.978166 0.173806 -0.113939 0.146362 0.607910 1 0 1.0
Default
0 -0.411083 6.009273 0.592591 0.968330 0.244079 0.052566 0.146362 0.607910 1 0 1.0
0 -0.264221 5.347376 0.960570 0.968330 0.244079 0.052566 0.146362 0.607910 1 0 1.0
0 -0.248867 5.368705 0.578712 0.968330 0.244079 0.052566 0.146362 0.607910 1 0 1.0
Default
0 -0.402936 5.867940 0.446940 -0.221857 -0.312280 -0.923721 0.146362 0.607910 1 0 1.0
0 -0.248867 5.368705 0.578712 -0.221857 -0.312280 -0.923721 0.146362 0.607910 1 0 1.0
0 -0.505957 5.319634 0.657048 -0.221857 -0.312280 -0.923721 0.146362 0.607910 1 0 1.0
Default
0 -0.505957 5.319634 0.657048 -0.778907 0.163736 0.605387 0.146362 0.607910 1 0 1.0
0 -0.264221 5.347376 0.960570 -0.778907 0.163736 0.605387 0.146362 0.607910 1 0 1.0
0 -0.411083 6.009273 0.592591 -0.778907 0.163736 0.605387 0.146362 0.607910 1 0 1.0
Default
0 -0.649165 6.610750 -0.533841 -0.232988 -0.802494 -0.549290 0.146362 0.607910 1 0 1.0
0 -0.402936 5.867940 0.446940 -0.232988 -0.802494 -0.549290 0.146362 0.607910 1 0 1.0
0 -0.558996 5.880860 0.494260 -0.232988 -0.802494 -0.549290 0.146362 0.607910 1 0 1.0
Default
0 -0.649165 6.610750 -0.533841 -0.737644 0.518332 0.432681 0.146362 0.607910 1 0 1.0
0 -0.558996 5.880860 0.494260 -0.737644 0.518332 0.432681 0.146362 0.607910 1 0 1.0
0 -0.411083 6.009273 0.592591 -0.737644 0.518332 0.432681 0.146362 0.607910 1 0 1.0
Default
0 -5.375933 4.965513 -0.813603 0.134041 -0.244706 -0.960287 0.108704 0.639648 1 0 1.0
0 -5.382750 4.426517 -0.677204 0.134041 -0.244706 -0.960287 0.108704 0.639648 1 0 1.0
0 -6.048756 4.061706 -0.677205 0.134041 -0.244706 -0.960287 0.108704 0.639648 1 0 1.0
Default
0 -5.119327 5.268533 0.619266 0.896002 -0.355360 0.266269 0.108704 0.639648 1 0 1.0
0 -5.382750 4.426517 0.381946 0.896002 -0.355360 0.266269 0.108704 0.639648 1 0 1.0
0 -5.049747 4.708851 -0.361817 0.896002 -0.355360 0.266269 0.108704 0.639648 1 0 1.0
Default
0 -5.375933 4.965513 -0.813603 0.591963 -0.438279 -0.676381 0.108704 0.639648 1 0 1.0
0 -4.750500 5.186381 -0.409347 0.591963 -0.438279 -0.676381 0.108704 0.639648 1 0 1.0
0 -5.049747 4.708851 -0.361817 0.591963 -0.438279 -0.676381 0.108704 0.639648 1 0 1.0
Default
0 -6.731812 4.817890 -0.630549 -0.660980 -0.566710 -0.491879 0.108704 0.639648 1 0 1.0
0 -6.048756 4.061706 -0.677205 -0.660980 -0.566710 -0.491879 0.108704 0.639648 1 0 1.0
0 -6.381758 3.879300 -0.019567 -0.660980 -0.566710 -0.491879 0.108704 0.639648 1 0 1.0
Default
0 -7.337594 6.393752 0.469220 -0.664675 -0.267807 0.697486 0.108704 0.639648 1 0 1.0
0 -7.058054 4.912643 0.166923 -0.664675 -0.267807 0.697486 0.108704 0.639648 1 0 1.0
0 -6.475205 5.120910 0.802320 -0.664675 -0.267807 0.697486 0.108704 0.639648 1 0 1.0
Default
0 -3.850026 6.165060 0.522518 0.411057 -0.499694 0.762455 0.108704 0.639648 1 0 1.0
0 -4.721877 6.343748 1.109659 0.411057 -0.499694 0.762455 0.108704 0.639648 1 0 1.0
0 -5.119327 5.268533 0.619266 0.411057 -0.499694 0.762455 0.108704 0.639648 1 0 1.0
Default
0 -4.610977 6.061265 -0.927352 0.831575 -0.375127 -0.409589 0.108704 0.639648 1 0 1.0
0 -3.850026 6.165060 0.522518 0.831575 -0.375127 -0.409589 0.108704 0.639648 1 0 1.0
0 -4.750500 5.186381 -0.409347 0.831575 -0.375127 -0.409589 0.108704 0.639648 1 0 1.0
Default
0 -6.458562 6.196887 -0.884096 -0.915265 0.110111 -0.387513 0.108704 0.639648 1 0 1.0
0 -6.731812 4.817890 -0.630549 -0.915265 0.110111 -0.387513 0.108704 0.639648 1 0 1.0
0 -7.058054 4.912643 0.166923 -0.915265 0.110111 -0.387513 0.108704 0.639648 1 0 1.0
Default
0 -6.369033 6.464657 1.148224 0.156785 -0.257808 0.953391 0.150513 0.617676 1 0 1.0
0 -6.475205 5.120910 0.802320 0.156785 -0.257808 0.953391 0.150513 0.617676 1 0 1.0
0 -5.119327 5.268533 0.619266 0.156785 -0.257808 0.953391 0.150513 0.617676 1 0 1.0
Default
0 -6.458562 6.196887 -0.884096 -0.029406 -0.082879 -0.996126 0.108704 0.639648 1 0 1.0
0 -4.610977 6.061265 -0.927352 -0.029406 -0.082879 -0.996126 0.108704 0.639648 1 0 1.0
0 -5.375933 4.965513 -0.813603 -0.029406 -0.082879 -0.996126 0.108704 0.639648 1 0 1.0
Default
0 -4.591449 7.312185 1.256979 -0.090357 0.061966 0.993980 0.150513 0.617676 1 0 1.0
0 -6.565109 7.425215 1.070518 -0.090357 0.061966 0.993980 0.150513 0.617676 1 0 1.0
0 -6.369033 6.464657 1.148224 -0.090357 0.061966 0.993980 0.150513 0.617676 1 0 1.0
Default
0 -6.249261 7.275244 -1.139955 0.091018 -0.051340 -0.994525 0.108704 0.639648 1 0 1.0
0 -4.275596 7.162212 -0.953492 0.091018 -0.051340 -0.994525 0.108704 0.639648 1 0 1.0
0 -4.610977 6.061265 -0.927352 0.091018 -0.051340 -0.994525 0.108704 0.639648 1 0 1.0
Default
0 -6.565109 7.425215 1.070518 -0.750053 0.192948 0.632607 0.108704 0.639648 1 0 1.0
0 -7.285503 7.430341 0.214818 -0.750053 0.192948 0.632607 0.108704 0.639648 1 0 1.0
0 -7.337594 6.393752 0.469220 -0.750053 0.192948 0.632607 0.108704 0.639648 1 0 1.0
Default
0 -4.275596 7.162212 -0.953492 0.824457 -0.329354 -0.460214 0.108704 0.639648 1 0 1.0
0 -3.446692 7.150903 0.539553 0.824457 -0.329354 -0.460214 0.108704 0.639648 1 0 1.0
0 -3.850026 6.165060 0.522518 0.824457 -0.329354 -0.460214 0.108704 0.639648 1 0 1.0
Default
0 -7.285503 7.430341 0.214818 -0.793714 0.009745 -0.608213 0.108704 0.639648 1 0 1.0
0 -6.249261 7.275244 -1.139955 -0.793714 0.009745 -0.608213 0.108704 0.639648 1 0 1.0
0 -6.458562 6.196887 -0.884096 -0.793714 0.009745 -0.608213 0.108704 0.639648 1 0 1.0
Default
0 -3.520214 7.865408 0.053140 0.987249 -0.144380 0.067028 0.108704 0.639648 1 0 1.0
0 -3.585300 7.857019 0.993718 0.987249 -0.144380 0.067028 0.108704 0.639648 1 0 1.0
0 -3.654655 7.162817 0.519905 0.987249 -0.144380 0.067028 0.108704 0.639648 1 0 1.0
Default
0 -4.591449 7.312185 1.256979 0.067629 0.991075 -0.114880 0.108704 0.639648 1 0 1.0
0 -3.446692 7.150903 0.539553 0.067629 0.991075 -0.114880 0.108704 0.639648 1 0 1.0
0 -3.654655 7.162817 0.519905 0.067629 0.991075 -0.114880 0.108704 0.639648 1 0 1.0
Default
0 -6.565109 7.425215 1.070518 0.005106 0.997431 -0.071448 0.108704 0.639648 1 0 1.0
0 -6.444487 7.412386 0.900040 0.005106 0.997431 -0.071448 0.108704 0.639648 1 0 1.0
0 -7.186055 7.365056 0.186275 0.005106 0.997431 -0.071448 0.108704 0.639648 1 0 1.0
Default
0 -7.285503 7.430341 0.214818 0.575150 0.672447 0.465852 0.108704 0.639648 1 0 1.0
0 -7.186055 7.365056 0.186275 0.575150 0.672447 0.465852 0.108704 0.639648 1 0 1.0
0 -6.161919 7.276163 -0.949831 0.575150 0.672447 0.465852 0.108704 0.639648 1 0 1.0
Default
0 -7.359226 8.480962 -0.148472 -0.555400 0.001172 -0.831583 0.108704 0.639648 1 0 1.0
0 -6.053039 8.429612 -1.020924 -0.555400 0.001172 -0.831583 0.108704 0.639648 1 0 1.0
0 -6.161919 7.276163 -0.949831 -0.555400 0.001172 -0.831583 0.108704 0.639648 1 0 1.0
Default
0 -3.585300 7.857019 0.993718 0.092451 -0.051984 0.994359 0.108704 0.639648 1 0 1.0
0 -4.695841 8.634238 1.137604 0.092451 -0.051984 0.994359 0.108704 0.639648 1 0 1.0
0 -4.678790 7.311266 1.066855 0.092451 -0.051984 0.994359 0.108704 0.639648 1 0 1.0
Default
0 -2.820791 11.920549 0.417544 0.176516 0.056776 0.982659 0.171631 0.578613 1 0 1.0
0 -4.021015 9.276282 0.785921 0.176516 0.056776 0.982659 0.171631 0.578613 1 0 1.0
0 -2.800650 9.353423 0.562249 0.176516 0.056776 0.982659 0.171631 0.578613 1 0 1.0
Default
0 -3.981701 9.336508 -0.398783 -0.802422 0.587551 -0.104415 0.108704 0.639648 1 0 1.0
0 -4.485842 8.565874 -0.860909 -0.802422 0.587551 -0.104415 0.108704 0.639648 1 0 1.0
0 -4.695841 8.634238 1.137604 -0.802422 0.587551 -0.104415 0.108704 0.639648 1 0 1.0
Default
0 -2.800650 9.353423 0.562249 0.890898 -0.450532 0.057631 0.108704 0.639648 1 0 1.0
0 -3.585300 7.857019 0.993718 0.890898 -0.450532 0.057631 0.108704 0.639648 1 0 1.0
0 -3.520214 7.865408 0.053140 0.890898 -0.450532 0.057631 0.108704 0.639648 1 0 1.0
Default
0 -4.021015 9.276282 0.785921 0.276354 0.221754 0.935122 0.108704 0.639648 1 0 1.0
0 -4.695841 8.634238 1.137604 0.276354 0.221754 0.935122 0.108704 0.639648 1 0 1.0
0 -3.585300 7.857019 0.993718 0.276354 0.221754 0.935122 0.108704 0.639648 1 0 1.0
Default
0 -2.638283 12.032887 0.331245 0.959358 -0.033982 0.280140 0.171631 0.578613 1 0 1.0
0 -2.800650 9.353423 0.562249 0.959358 -0.033982 0.280140 0.171631 0.578613 1 0 1.0
0 -2.564744 10.273394 -0.134029 0.959358 -0.033982 0.280140 0.171631 0.578613 1 0 1.0
Default
0 -2.820791 11.920549 0.417544 -0.901991 0.426482 -0.067271 0.171631 0.578613 1 0 1.0
0 -2.806417 11.918453 0.211523 -0.901991 0.426482 -0.067271 0.171631 0.578613 1 0 1.0
0 -3.981701 9.336508 -0.398783 -0.901991 0.426482 -0.067271 0.171631 0.578613 1 0 1.0
Default
0 -6.985129 9.866496 -0.176852 -0.707786 0.163044 0.687354 0.108704 0.639648 1 0 1.0
0 -7.266161 8.486442 -0.138880 -0.707786 0.163044 0.687354 0.108704 0.639648 1 0 1.0
0 -6.231258 8.497577 0.924145 -0.707786 0.163044 0.687354 0.108704 0.639648 1 0 1.0
Default
0 -6.263039 8.497973 0.977589 -0.001951 0.999961 -0.008586 0.108704 0.639648 1 0 1.0
0 -6.231258 8.497577 0.924145 -0.001951 0.999961 -0.008586 0.108704 0.639648 1 0 1.0
0 -7.266161 8.486442 -0.138880 -0.001951 0.999961 -0.008586 0.108704 0.639648 1 0 1.0
Default
0 -6.053039 8.429612 -1.020924 -0.045341 0.990967 -0.126208 0.108704 0.639648 1 0 1.0
0 -7.359226 8.480962 -0.148472 -0.045341 0.990967 -0.126208 0.108704 0.639648 1 0 1.0
0 -7.266161 8.486442 -0.138880 -0.045341 0.990967 -0.126208 0.108704 0.639648 1 0 1.0
Default
0 -5.653304 11.746565 0.024235 -0.676216 0.402917 -0.616757 0.109802 0.641113 1 0 1.0
0 -4.841908 11.309315 -1.151031 -0.676216 0.402917 -0.616757 0.109802 0.641113 1 0 1.0
0 -5.637163 9.783544 -1.275869 -0.676216 0.402917 -0.616757 0.109802 0.641113 1 0 1.0
Default
0 -4.603857 9.766450 -0.413879 0.988841 0.051913 0.139638 0.108704 0.639648 1 0 1.0
0 -4.762428 9.764795 0.709656 0.988841 0.051913 0.139638 0.108704 0.639648 1 0 1.0
0 -4.754347 8.628523 1.074855 0.988841 0.051913 0.139638 0.108704 0.639648 1 0 1.0
Default
0 -6.985129 9.866496 -0.176852 -0.631709 0.005104 -0.775188 0.108704 0.639648 1 0 1.0
0 -5.637163 9.783544 -1.275869 -0.631709 0.005104 -0.775188 0.108704 0.639648 1 0 1.0
0 -6.033053 8.433057 -0.962145 -0.631709 0.005104 -0.775188 0.108704 0.639648 1 0 1.0
Default
0 -5.993943 9.779822 1.252048 -0.078211 -0.233382 0.969234 0.150513 0.617676 1 0 1.0
0 -6.231258 8.497577 0.924145 -0.078211 -0.233382 0.969234 0.150513 0.617676 1 0 1.0
0 -4.754347 8.628523 1.074855 -0.078211 -0.233382 0.969234 0.150513 0.617676 1 0 1.0
Default
0 -5.637163 9.783544 -1.275869 0.619684 0.268431 -0.737521 0.108704 0.639648 1 0 1.0
0 -4.603857 9.766450 -0.413879 0.619684 0.268431 -0.737521 0.108704 0.639648 1 0 1.0
0 -4.556141 8.564000 -0.811435 0.619684 0.268431 -0.737521 0.108704 0.639648 1 0 1.0
Default
0 -3.087468 12.340855 0.242950 0.820055 -0.555044 -0.139413 0.171631 0.578613 1 0 1.0
0 -3.077278 12.317587 0.395521 0.820055 -0.555044 -0.139413 0.171631 0.578613 1 0 1.0
0 -4.071347 11.030252 -0.326510 0.820055 -0.555044 -0.139413 0.171631 0.578613 1 0 1.0
Default
0 -5.198685 11.305591 1.376886 0.384988 -0.272802 0.881682 0.151611 0.619141 1 0 1.0
0 -5.993943 9.779822 1.252048 0.384988 -0.272802 0.881682 0.151611 0.619141 1 0 1.0
0 -4.762428 9.764795 0.709656 0.384988 -0.272802 0.881682 0.151611 0.619141 1 0 1.0
Default
0 -4.841908 11.309315 -1.151031 0.669747 -0.233468 -0.704934 0.109802 0.641113 1 0 1.0
0 -4.071347 11.030252 -0.326510 0.669747 -0.233468 -0.704934 0.109802 0.641113 1 0 1.0
0 -4.603857 9.766450 -0.413879 0.669747 -0.233468 -0.704934 0.109802 0.641113 1 0 1.0
Default
0 -5.653304 11.746565 0.024235 -0.719312 0.453246 0.526459 0.109802 0.641113 1 0 1.0
0 -6.985129 9.866496 -0.176852 -0.719312 0.453246 0.526459 0.109802 0.641113 1 0 1.0
0 -5.993943 9.779822 1.252048 -0.719312 0.453246 0.526459 0.109802 0.641113 1 0 1.0
Default
0 -3.087468 12.340855 0.242950 0.543468 0.835269 0.083477 0.171631 0.578613 1 0 1.0
0 -3.416699 12.537432 0.419446 0.543468 0.835269 0.083477 0.171631 0.578613 1 0 1.0
0 -3.103083 12.321838 0.534895 0.543468 0.835269 0.083477 0.171631 0.578613 1 0 1.0
Default
0 -3.416699 12.537432 0.419446 -0.367540 0.840726 0.397609 0.171631 0.578613 1 0 1.0
0 -5.653304 11.746565 0.024235 -0.367540 0.840726 0.397609 0.171631 0.578613 1 0 1.0
0 -5.198685 11.305591 1.376886 -0.367540 0.840726 0.397609 0.171631 0.578613 1 0 1.0
Default
0 -3.077278 12.317587 0.395521 0.760073 -0.629851 0.159930 0.171631 0.578613 1 0 1.0
0 -3.103083 12.321838 0.534895 0.760073 -0.629851 0.159930 0.171631 0.578613 1 0 1.0
0 -4.229920 11.028594 0.797025 0.760073 -0.629851 0.159930 0.171631 0.578613 1 0 1.0
Default
0 -3.416699 12.537432 0.419446 0.088997 0.743819 -0.662430 0.171631 0.578613 1 0 1.0
0 -3.087468 12.340855 0.242950 0.088997 0.743819 -0.662430 0.171631 0.578613 1 0 1.0
0 -4.841908 11.309315 -1.151031 0.088997 0.743819 -0.662430 0.171631 0.578613 1 0 1.0
Default
0 -4.229920 11.028594 0.797025 0.453792 -0.220392 0.863424 0.171631 0.578613 1 0 1.0
0 -3.103083 12.321838 0.534895 0.453792 -0.220392 0.863424 0.171631 0.578613 1 0 1.0
0 -5.198685 11.305591 1.376886 0.453792 -0.220392 0.863424 0.171631 0.578613 1 0 1.0
Default
0 -4.860719 4.011424 -0.245444 0.821490 0.303233 0.482911 0.108704 0.639648 1 0 1.0
0 -5.049747 4.708851 -0.361817 0.821490 0.303233 0.482911 0.108704 0.639648 1 0 1.0
0 -5.382750 4.426517 0.381946 0.821490 0.303233 0.482911 0.108704 0.639648 1 0 1.0
Default
0 -4.860719 4.011424 -0.245444 0.744061 0.333698 -0.578809 0.108704 0.639648 1 0 1.0
0 -5.067517 3.696284 -0.692971 0.744061 0.333698 -0.578809 0.108704 0.639648 1 0 1.0
0 -5.382750 4.426517 -0.677204 0.744061 0.333698 -0.578809 0.108704 0.639648 1 0 1.0
Default
0 -5.067517 3.696284 0.183651 0.116695 -0.213041 0.970050 0.150513 0.617676 1 0 1.0
0 -5.382750 4.426517 0.381946 0.116695 -0.213041 0.970050 0.150513 0.617676 1 0 1.0
0 -6.048756 4.061706 0.381946 0.116695 -0.213041 0.970050 0.150513 0.617676 1 0 1.0
Default
0 -3.491234 3.250261 0.417850 0.054471 0.709905 0.702188 0.108704 0.639648 1 0 1.0
0 -3.359674 3.762734 -0.110461 0.054471 0.709905 0.702188 0.108704 0.639648 1 0 1.0
0 -4.860719 4.011424 -0.245444 0.054471 0.709905 0.702188 0.108704 0.639648 1 0 1.0
Default
0 -3.754359 2.250298 0.417850 -0.136888 0.036020 0.989931 0.150513 0.617676 1 0 1.0
0 -3.491234 3.250261 0.417850 -0.136888 0.036020 0.989931 0.150513 0.617676 1 0 1.0
0 -5.067517 3.696284 0.183651 -0.136888 0.036020 0.989931 0.150513 0.617676 1 0 1.0
Default
0 -1.529021 2.680796 -0.534243 0.307480 0.810880 -0.497925 0.108704 0.639648 1 0 1.0
0 -1.598799 2.415614 -1.009186 0.307480 0.810880 -0.497925 0.108704 0.639648 1 0 1.0
0 -3.491234 3.250261 -0.818570 0.307480 0.810880 -0.497925 0.108704 0.639648 1 0 1.0
Default
0 -1.598799 2.415614 -0.353410 0.435431 0.426160 0.792961 0.108704 0.639648 1 0 1.0
0 -1.529021 2.680796 -0.534243 0.435431 0.426160 0.792961 0.108704 0.639648 1 0 1.0
0 -3.359674 3.762734 -0.110461 0.435431 0.426160 0.792961 0.108704 0.639648 1 0 1.0
Default
0 -2.820791 11.920549 0.417544 -0.539371 0.840800 -0.046186 0.171631 0.578613 1 0 1.0
0 -2.638283 12.032887 0.331245 -0.539371 0.840800 -0.046186 0.171631 0.578613 1 0 1.0
0 -2.806417 11.918453 0.211523 -0.539371 0.840800 -0.046186 0.171631 0.578613 1 0 1.0
Default
0 -2.564744 10.273394 -0.134029 0.042685 0.211383 -0.976471 0.171631 0.578613 1 0 1.0
0 -3.981701 9.336508 -0.398783 0.042685 0.211383 -0.976471 0.171631 0.578613 1 0 1.0
0 -2.806417 11.918453 0.211523 0.042685 0.211383 -0.976471 0.171631 0.578613 1 0 1.0
Default
0 -3.520214 7.865408 0.053140 0.301610 -0.192262 -0.933845 0.108704 0.639648 1 0 1.0
0 -3.981701 9.336508 -0.398783 0.301610 -0.192262 -0.933845 0.108704 0.639648 1 0 1.0
0 -2.564744 10.273394 -0.134029 0.301610 -0.192262 -0.933845 0.108704 0.639648 1 0 1.0
Default
0 -4.540276 0.600393 -0.960710 -0.648157 -0.043296 -0.760275 0.104980 0.641113 1 0 1.0
0 -5.015753 0.676083 -0.559662 -0.648157 -0.043296 -0.760275 0.104980 0.641113 1 0 1.0
0 -4.964504 0.935294 -0.618115 -0.648157 -0.043296 -0.760275 0.104980 0.641113 1 0 1.0
Default
0 -4.540276 0.600393 -0.584376 0.340566 -0.755468 0.559716 0.104980 0.641113 1 0 1.0
0 -4.843741 0.712156 -0.248881 0.340566 -0.755468 0.559716 0.104980 0.641113 1 0 1.0
0 -4.957805 0.564004 -0.379442 0.340566 -0.755468 0.559716 0.104980 0.641113 1 0 1.0
Default
0 -4.480364 0.850393 -0.584376 0.475529 0.491663 0.729479 0.104980 0.641113 1 0 1.0
0 -4.450409 0.975392 -0.688152 0.475529 0.491663 0.729479 0.104980 0.641113 1 0 1.0
0 -4.855307 1.082425 -0.496347 0.475529 0.491663 0.729479 0.104980 0.641113 1 0 1.0
Default
0 -4.450409 0.975392 -0.688152 -0.125524 0.906933 -0.402140 0.104980 0.641113 1 0 1.0
0 -4.480364 0.850393 -0.960710 -0.125524 0.906933 -0.402140 0.104980 0.641113 1 0 1.0
0 -4.964504 0.935294 -0.618115 -0.125524 0.906933 -0.402140 0.104980 0.641113 1 0 1.0
Default
0 -4.570232 0.475394 -0.688152 -0.467067 -0.810361 -0.353785 0.104980 0.641113 1 0 1.0
0 -4.957805 0.564004 -0.379442 -0.467067 -0.810361 -0.353785 0.104980 0.641113 1 0 1.0
0 -5.015753 0.676083 -0.559662 -0.467067 -0.810361 -0.353785 0.104980 0.641113 1 0 1.0
Default
0 -4.480364 0.850393 -0.584376 0.670856 0.034413 0.740789 0.104980 0.641113 1 0 1.0
0 -4.792492 0.971367 -0.307333 0.670856 0.034413 0.740789 0.104980 0.641113 1 0 1.0
0 -4.843741 0.712156 -0.248881 0.670856 0.034413 0.740789 0.104980 0.641113 1 0 1.0
Default
0 -3.308296 0.165002 -0.647796 -0.173468 -0.604138 0.777770 0.104980 0.641113 1 0 1.0
0 -4.540276 0.600393 -0.584376 -0.173468 -0.604138 0.777770 0.104980 0.641113 1 0 1.0
0 -4.570232 0.475394 -0.688152 -0.173468 -0.604138 0.777770 0.104980 0.641113 1 0 1.0
Default
0 -3.226469 0.530027 -0.730029 0.239561 0.585535 0.774441 0.104980 0.641113 1 0 1.0
0 -4.450409 0.975392 -0.688152 0.239561 0.585535 0.774441 0.104980 0.641113 1 0 1.0
0 -4.480364 0.850393 -0.584376 0.239561 0.585535 0.774441 0.104980 0.641113 1 0 1.0
Default
0 -3.226469 0.530027 -0.730029 0.299508 0.814585 -0.496736 0.104980 0.641113 1 0 1.0
0 -3.253744 0.408352 -0.946007 0.299508 0.814585 -0.496736 0.104980 0.641113 1 0 1.0
0 -4.480364 0.850393 -0.960710 0.299508 0.814585 -0.496736 0.104980 0.641113 1 0 1.0
Default
0 -3.308296 0.165002 -0.946007 -0.301657 -0.813871 -0.496605 0.104980 0.641113 1 0 1.0
0 -3.335571 0.043326 -0.730029 -0.301657 -0.813871 -0.496605 0.104980 0.641113 1 0 1.0
0 -4.570232 0.475394 -0.688152 -0.301657 -0.813871 -0.496605 0.104980 0.641113 1 0 1.0
Default
0 -5.353060 1.142210 0.242052 0.640475 0.612743 0.462966 0.104980 0.641113 1 0 1.0
0 -5.297595 1.000789 0.352494 0.640475 0.612743 0.462966 0.104980 0.641113 1 0 1.0
0 -4.792492 0.971367 -0.307333 0.640475 0.612743 0.462966 0.104980 0.641113 1 0 1.0
Default
0 -5.506070 1.058856 0.113214 -0.280570 0.922856 -0.263851 0.104980 0.641113 1 0 1.0
0 -5.353060 1.142210 0.242052 -0.280570 0.922856 -0.263851 0.104980 0.641113 1 0 1.0
0 -4.855307 1.082425 -0.496347 -0.280570 0.922856 -0.263851 0.104980 0.641113 1 0 1.0
Default
0 -5.579606 0.827393 0.121930 -0.565339 -0.769598 -0.296835 0.104980 0.641113 1 0 1.0
0 -5.015753 0.676083 -0.559662 -0.565339 -0.769598 -0.296835 0.104980 0.641113 1 0 1.0
0 -4.957805 0.564004 -0.379442 -0.565339 -0.769598 -0.296835 0.104980 0.641113 1 0 1.0
Default
0 -5.297595 1.000789 0.352494 0.730346 -0.207526 0.650790 0.104980 0.641113 1 0 1.0
0 -5.371131 0.769325 0.361210 0.730346 -0.207526 0.650790 0.104980 0.641113 1 0 1.0
0 -4.843741 0.712156 -0.248881 0.730346 -0.207526 0.650790 0.104980 0.641113 1 0 1.0
Default
0 -5.506070 1.058856 0.113214 -0.801494 0.023720 -0.597532 0.104980 0.641113 1 0 1.0
0 -4.964504 0.935294 -0.618115 -0.801494 0.023720 -0.597532 0.104980 0.641113 1 0 1.0
0 -5.015753 0.676083 -0.559662 -0.801494 0.023720 -0.597532 0.104980 0.641113 1 0 1.0
Default
0 -5.500132 0.679284 0.259483 0.421182 -0.760205 0.494666 0.104980 0.641113 1 0 1.0
0 -4.957805 0.564004 -0.379442 0.421182 -0.760205 0.494666 0.104980 0.641113 1 0 1.0
0 -4.843741 0.712156 -0.248881 0.421182 -0.760205 0.494666 0.104980 0.641113 1 0 1.0
Default
0 -6.080439 0.846220 0.387643 -0.179180 -0.921111 -0.345615 0.104980 0.641113 1 0 1.0
0 -6.056371 0.909559 0.206358 -0.179180 -0.921111 -0.345615 0.104980 0.641113 1 0 1.0
0 -5.558740 0.838430 0.137935 -0.179180 -0.921111 -0.345615 0.104980 0.641113 1 0 1.0
Default
0 -5.579606 0.827393 0.121930 -0.667367 0.238586 0.705477 0.104980 0.641113 1 0 1.0
0 -5.558740 0.838430 0.137935 -0.667367 0.238586 0.705477 0.104980 0.641113 1 0 1.0
0 -5.495039 1.038934 0.130385 -0.667367 0.238586 0.705477 0.104980 0.641113 1 0 1.0
Default
0 -5.506070 1.058856 0.113214 -0.697360 0.205654 0.686583 0.104980 0.641113 1 0 1.0
0 -5.495039 1.038934 0.130385 -0.697360 0.205654 0.686583 0.104980 0.641113 1 0 1.0
0 -5.362615 1.117959 0.241215 -0.697360 0.205654 0.686583 0.104980 0.641113 1 0 1.0
Default
0 -6.514389 1.608565 -0.129259 0.581487 0.776211 -0.243661 0.104980 0.641113 1 0 1.0
0 -6.612253 1.696312 -0.083277 0.581487 0.776211 -0.243661 0.104980 0.641113 1 0 1.0
0 -5.887712 1.299969 0.383214 0.581487 0.776211 -0.243661 0.104980 0.641113 1 0 1.0
Default
0 -5.903105 1.258366 0.528730 0.247258 -0.104291 0.963321 0.104980 0.641113 1 0 1.0
0 -6.044616 0.925316 0.528995 0.247258 -0.104291 0.963321 0.104980 0.641113 1 0 1.0
0 -5.383111 0.786266 0.344152 0.247258 -0.104291 0.963321 0.104980 0.641113 1 0 1.0
Default
0 -5.900109 1.277330 0.206065 -0.173375 0.018002 -0.984691 0.104980 0.641113 1 0 1.0
0 -5.495039 1.038934 0.130385 -0.173375 0.018002 -0.984691 0.104980 0.641113 1 0 1.0
0 -5.558740 0.838430 0.137935 -0.173375 0.018002 -0.984691 0.104980 0.641113 1 0 1.0
Default
0 -6.044616 0.925316 0.528995 -0.094905 -0.858285 0.504321 0.104980 0.641113 1 0 1.0
0 -6.080439 0.846220 0.387643 -0.094905 -0.858285 0.504321 0.104980 0.641113 1 0 1.0
0 -5.493976 0.704481 0.256785 -0.094905 -0.858285 0.504321 0.104980 0.641113 1 0 1.0
Default
0 -5.903105 1.258366 0.528730 0.485277 0.633075 0.603094 0.104980 0.641113 1 0 1.0
0 -5.317514 0.992732 0.336376 0.485277 0.633075 0.603094 0.104980 0.641113 1 0 1.0
0 -5.362615 1.117959 0.241215 0.485277 0.633075 0.603094 0.104980 0.641113 1 0 1.0
Default
0 -5.871120 1.338867 0.387250 0.125012 0.731133 -0.670684 0.104980 0.641113 1 0 1.0
0 -5.362615 1.117959 0.241215 0.125012 0.731133 -0.670684 0.104980 0.641113 1 0 1.0
0 -5.495039 1.038934 0.130385 0.125012 0.731133 -0.670684 0.104980 0.641113 1 0 1.0
Default
0 -6.044616 0.925316 0.528995 -0.920266 0.391027 0.014422 0.104980 0.641113 1 0 1.0
0 -5.903105 1.258366 0.528730 -0.920266 0.391027 0.014422 0.104980 0.641113 1 0 1.0
0 -5.911982 1.238882 0.490572 -0.920266 0.391027 0.014422 0.104980 0.641113 1 0 1.0
Default
0 -6.764195 1.302231 -0.103506 -0.151993 -0.818996 -0.553303 0.104980 0.641113 1 0 1.0
0 -6.631251 1.305469 -0.144819 -0.151993 -0.818996 -0.553303 0.104980 0.641113 1 0 1.0
0 -6.045499 0.933736 0.244511 -0.151993 -0.818996 -0.553303 0.104980 0.641113 1 0 1.0
Default
0 -6.831113 1.392380 -0.066856 -0.482162 0.205548 0.851628 0.104980 0.641113 1 0 1.0
0 -6.036776 0.945179 0.490806 -0.482162 0.205548 0.851628 0.104980 0.641113 1 0 1.0
0 -5.911982 1.238882 0.490572 -0.482162 0.205548 0.851628 0.104980 0.641113 1 0 1.0
Default
0 -6.631251 1.305469 -0.144819 0.462922 -0.133497 -0.876289 0.104980 0.641113 1 0 1.0
0 -6.514389 1.608565 -0.129259 0.462922 -0.133497 -0.876289 0.104980 0.641113 1 0 1.0
0 -5.909943 1.252774 0.244257 0.462922 -0.133497 -0.876289 0.104980 0.641113 1 0 1.0
Default
0 -6.764195 1.302231 -0.103506 -0.671138 -0.561359 0.484200 0.104980 0.641113 1 0 1.0
0 -6.063958 0.885159 0.383545 -0.671138 -0.561359 0.484200 0.104980 0.641113 1 0 1.0
0 -6.036776 0.945179 0.490806 -0.671138 -0.561359 0.484200 0.104980 0.641113 1 0 1.0
Default
0 -6.723531 1.671408 -0.052530 0.112679 0.852453 0.510516 0.104980 0.641113 1 0 1.0
0 -5.911982 1.238882 0.490572 0.112679 0.852453 0.510516 0.104980 0.641113 1 0 1.0
0 -5.887712 1.299969 0.383214 0.112679 0.852453 0.510516 0.104980 0.641113 1 0 1.0
Default
0 -6.612253 1.696312 -0.083277 -0.296427 0.162604 -0.941112 0.104980 0.641113 1 0 1.0
0 -6.617590 1.677570 -0.084834 -0.296427 0.162604 -0.941112 0.104980 0.641113 1 0 1.0
0 -6.711519 1.656548 -0.058880 -0.296427 0.162604 -0.941112 0.104980 0.641113 1 0 1.0
Default
0 -6.831113 1.392380 -0.066856 -0.296391 0.162597 -0.941124 0.104980 0.641113 1 0 1.0
0 -6.723531 1.671408 -0.052530 -0.296391 0.162597 -0.941124 0.104980 0.641113 1 0 1.0
0 -6.711519 1.656548 -0.058880 -0.296391 0.162597 -0.941124 0.104980 0.641113 1 0 1.0
Default
0 -6.612253 1.696312 -0.083277 -0.296397 0.162602 -0.941121 0.104980 0.641113 1 0 1.0
0 -6.514389 1.608565 -0.129259 -0.296397 0.162602 -0.941121 0.104980 0.641113 1 0 1.0
0 -6.534314 1.602902 -0.123962 -0.296397 0.162602 -0.941121 0.104980 0.641113 1 0 1.0
Default
0 -7.000992 1.612651 -1.399334 -0.730100 -0.683151 -0.016120 0.104980 0.641113 1 0 1.0
0 -6.972941 1.582743 -1.402288 -0.730100 -0.683151 -0.016120 0.104980 0.641113 1 0 1.0
0 -6.755547 1.319760 -0.103201 -0.730100 -0.683151 -0.016120 0.104980 0.641113 1 0 1.0
Default
0 -6.926194 1.710329 -1.382797 -0.118266 0.991201 0.059442 0.104980 0.641113 1 0 1.0
0 -6.966934 1.705608 -1.385131 -0.118266 0.991201 0.059442 0.104980 0.641113 1 0 1.0
0 -6.711519 1.656548 -0.058880 -0.118266 0.991201 0.059442 0.104980 0.641113 1 0 1.0
Default
0 -5.230792 -0.949212 -1.150090 -0.659384 0.090622 -0.746325 0.104980 0.641113 1 0 1.0
0 -5.634792 -0.875869 -0.784248 -0.659384 0.090622 -0.746325 0.104980 0.641113 1 0 1.0
0 -5.540965 -0.645813 -0.839210 -0.659384 0.090622 -0.746325 0.104980 0.641113 1 0 1.0
Default
0 -5.170502 -0.684111 -0.752101 0.415494 0.522164 0.744788 0.104980 0.641113 1 0 1.0
0 -5.140356 -0.551561 -0.861848 0.415494 0.522164 0.744788 0.104980 0.641113 1 0 1.0
0 -5.413769 -0.529607 -0.724712 0.415494 0.522164 0.744788 0.104980 0.641113 1 0 1.0
Default
0 -5.140356 -0.551561 -0.861848 -0.231870 0.892756 -0.386294 0.104980 0.641113 1 0 1.0
0 -5.170502 -0.684111 -1.150090 -0.231870 0.892756 -0.386294 0.104980 0.641113 1 0 1.0
0 -5.540965 -0.645813 -0.839210 -0.231870 0.892756 -0.386294 0.104980 0.641113 1 0 1.0
Default
0 -5.230792 -0.949212 -0.752101 0.682774 -0.155281 0.713938 0.104980 0.641113 1 0 1.0
0 -5.170502 -0.684111 -0.752101 0.682774 -0.155281 0.713938 0.104980 0.641113 1 0 1.0
0 -5.375722 -0.643389 -0.546982 0.682774 -0.155281 0.713938 0.104980 0.641113 1 0 1.0
Default
0 -3.576729 -1.396911 -0.785739 -0.149343 -0.610219 0.778030 0.104980 0.641113 1 0 1.0
0 -5.230792 -0.949212 -0.752101 -0.149343 -0.610219 0.778030 0.104980 0.641113 1 0 1.0
0 -5.260938 -1.081762 -0.861848 -0.149343 -0.610219 0.778030 0.104980 0.641113 1 0 1.0
Default
0 -3.478569 -0.933959 -0.889769 0.153277 0.609289 0.777993 0.104980 0.641113 1 0 1.0
0 -5.140356 -0.551561 -0.861848 0.153277 0.609289 0.777993 0.104980 0.641113 1 0 1.0
0 -5.170502 -0.684111 -0.752101 0.153277 0.609289 0.777993 0.104980 0.641113 1 0 1.0
Default
0 -3.478569 -0.933959 -0.889769 0.201305 0.842378 -0.499876 0.104980 0.641113 1 0 1.0
0 -3.511289 -1.088276 -1.162996 0.201305 0.842378 -0.499876 0.104980 0.641113 1 0 1.0
0 -5.170502 -0.684111 -1.150090 0.201305 0.842378 -0.499876 0.104980 0.641113 1 0 1.0
Default
0 -3.576729 -1.396910 -1.162996 -0.244771 -0.831390 -0.498876 0.104980 0.641113 1 0 1.0
0 -3.609449 -1.551227 -0.889769 -0.244771 -0.831390 -0.498876 0.104980 0.641113 1 0 1.0
0 -5.260938 -1.081762 -0.861848 -0.244771 -0.831390 -0.498876 0.104980 0.641113 1 0 1.0
Default
0 -5.834801 -0.383566 -0.110440 0.714850 0.560464 0.418174 0.104980 0.641113 1 0 1.0
0 -5.789033 -0.520007 -0.005811 0.714850 0.560464 0.418174 0.104980 0.641113 1 0 1.0
0 -5.375722 -0.643389 -0.546982 0.714850 0.560464 0.418174 0.104980 0.641113 1 0 1.0
Default
0 -5.983530 -0.455174 -0.232495 -0.169752 0.926236 -0.336559 0.104980 0.641113 1 0 1.0
0 -5.834801 -0.383566 -0.110440 -0.169752 0.926236 -0.336559 0.104980 0.641113 1 0 1.0
0 -5.413769 -0.529607 -0.724712 -0.169752 0.926236 -0.336559 0.104980 0.641113 1 0 1.0
Default
0 -5.789033 -0.520007 -0.005811 0.719511 -0.244044 0.650190 0.104980 0.641113 1 0 1.0
0 -5.869593 -0.735521 0.002446 0.719511 -0.244044 0.650190 0.104980 0.641113 1 0 1.0
0 -5.469549 -0.873446 -0.492019 0.719511 -0.244044 0.650190 0.104980 0.641113 1 0 1.0
Default
0 -5.983530 -0.455174 -0.232495 -0.770703 0.167447 -0.614800 0.104980 0.641113 1 0 1.0
0 -5.540965 -0.645813 -0.839210 -0.770703 0.167447 -0.614800 0.104980 0.641113 1 0 1.0
0 -5.634792 -0.875869 -0.784248 -0.770703 0.167447 -0.614800 0.104980 0.641113 1 0 1.0
Default
0 -6.375843 -0.667444 0.009153 -0.210831 -0.913948 -0.346770 0.104980 0.641113 1 0 1.0
0 -6.355491 -0.615602 -0.139856 -0.210831 -0.913948 -0.346770 0.104980 0.641113 1 0 1.0
0 -6.043823 -0.661235 -0.209075 -0.210831 -0.913948 -0.346770 0.104980 0.641113 1 0 1.0
Default
0 -5.983530 -0.455174 -0.232495 -0.654570 0.271710 0.705487 0.104980 0.641113 1 0 1.0
0 -6.064089 -0.670689 -0.224239 -0.654570 0.271710 0.705487 0.104980 0.641113 1 0 1.0
0 -6.043823 -0.661235 -0.209075 -0.654570 0.271710 0.705487 0.104980 0.641113 1 0 1.0
Default
0 -5.983530 -0.455174 -0.232495 -0.686178 0.240365 0.686574 0.104980 0.641113 1 0 1.0
0 -5.974039 -0.474546 -0.216228 -0.686178 0.240365 0.686574 0.104980 0.641113 1 0 1.0
0 -5.844993 -0.406058 -0.111232 -0.683307 0.285949 0.671808 0.104980 0.641113 1 0 1.0
Default
0 -5.834801 -0.383566 -0.110440 -0.683307 0.285949 0.671808 0.104980 0.641113 1 0 1.0
0 -5.983530 -0.455174 -0.232495 -0.686515 0.287571 0.667833 0.104980 0.641113 1 0 1.0
0 -5.844993 -0.406058 -0.111232 -0.683307 0.285949 0.671808 0.104980 0.641113 1 0 1.0
Default
0 -5.789033 -0.520007 -0.005811 -0.683307 0.285949 0.671808 0.104980 0.641113 1 0 1.0
0 -5.834801 -0.383566 -0.110440 -0.683307 0.285949 0.671808 0.104980 0.641113 1 0 1.0
0 -5.844993 -0.406058 -0.111232 -0.683307 0.285949 0.671808 0.104980 0.641113 1 0 1.0
Default
0 -5.808263 -0.526684 -0.021080 -0.654555 0.271709 0.705502 0.104980 0.641113 1 0 1.0
0 -5.789033 -0.520007 -0.005811 -0.683307 0.285949 0.671808 0.104980 0.641113 1 0 1.0
0 -5.844993 -0.406058 -0.111232 -0.683307 0.285949 0.671808 0.104980 0.641113 1 0 1.0
Default
0 -5.789033 -0.520007 -0.005811 -0.683307 0.285949 0.671808 0.104980 0.641113 1 0 1.0
0 -5.808263 -0.526684 -0.021080 -0.654555 0.271709 0.705502 0.104980 0.641113 1 0 1.0
0 -5.880122 -0.718924 -0.013715 -0.654555 0.271709 0.705502 0.104980 0.641113 1 0 1.0
Default
0 -5.869593 -0.735521 0.002446 -0.683248 0.238524 0.690130 0.104980 0.641113 1 0 1.0
0 -5.789033 -0.520007 -0.005811 -0.683307 0.285949 0.671808 0.104980 0.641113 1 0 1.0
0 -5.880122 -0.718924 -0.013715 -0.654555 0.271709 0.705502 0.104980 0.641113 1 0 1.0
Default
0 -5.869593 -0.735521 0.002446 -0.683248 0.238524 0.690130 0.104980 0.641113 1 0 1.0
0 -5.880122 -0.718924 -0.013715 -0.654555 0.271709 0.705502 0.104980 0.641113 1 0 1.0
0 -5.988901 -0.791046 -0.096483 -0.683248 0.238524 0.690130 0.104980 0.641113 1 0 1.0
Default
0 -5.995921 -0.814595 -0.093925 -0.690013 0.278201 0.668196 0.104980 0.641113 1 0 1.0
0 -5.869593 -0.735521 0.002446 -0.683248 0.238524 0.690130 0.104980 0.641113 1 0 1.0
0 -5.988901 -0.791046 -0.096483 -0.683248 0.238524 0.690130 0.104980 0.641113 1 0 1.0
Default
0 -6.064089 -0.670689 -0.224239 -0.690013 0.278201 0.668196 0.104980 0.641113 1 0 1.0
0 -5.995921 -0.814595 -0.093925 -0.690013 0.278201 0.668196 0.104980 0.641113 1 0 1.0
0 -5.988901 -0.791046 -0.096483 -0.683248 0.238524 0.690130 0.104980 0.641113 1 0 1.0
Default
0 -6.669846 -0.081596 -0.377428 0.618588 0.708101 -0.340503 0.104980 0.641113 1 0 1.0
0 -6.213347 -0.296245 0.005512 0.618588 0.708101 -0.340503 0.104980 0.641113 1 0 1.0
0 -6.232044 -0.334834 -0.108704 0.618588 0.708101 -0.340503 0.104980 0.641113 1 0 1.0
Default
0 -6.226374 -0.330298 0.125119 0.258507 -0.112435 0.959444 0.104980 0.641113 1 0 1.0
0 -6.345687 -0.602758 0.125337 0.258507 -0.112435 0.959444 0.104980 0.641113 1 0 1.0
0 -5.880122 -0.718924 -0.013715 0.258507 -0.112435 0.959444 0.104980 0.641113 1 0 1.0
Default
0 -6.223740 -0.314740 -0.140097 -0.256455 0.058896 -0.964760 0.104980 0.641113 1 0 1.0
0 -5.974039 -0.474546 -0.216228 -0.256455 0.058896 -0.964760 0.104980 0.641113 1 0 1.0
0 -6.043823 -0.661235 -0.209075 -0.256455 0.058896 -0.964760 0.104980 0.641113 1 0 1.0
Default
0 -6.345687 -0.602758 0.125337 -0.133041 -0.850868 0.508256 0.104980 0.641113 1 0 1.0
0 -6.375843 -0.667444 0.009153 -0.133041 -0.850868 0.508256 0.104980 0.641113 1 0 1.0
0 -5.988901 -0.791046 -0.096483 -0.133041 -0.850868 0.508256 0.104980 0.641113 1 0 1.0
Default
0 -6.226374 -0.330298 0.125119 0.501215 0.610755 0.612995 0.104980 0.641113 1 0 1.0
0 -5.808263 -0.526684 -0.021080 0.501215 0.610755 0.612995 0.104980 0.641113 1 0 1.0
0 -5.844993 -0.406058 -0.111232 0.501215 0.610755 0.612995 0.104980 0.641113 1 0 1.0
Default
0 -6.199360 -0.264423 0.008830 0.097688 0.774354 -0.625166 0.104980 0.641113 1 0 1.0
0 -5.844993 -0.406058 -0.111232 0.097688 0.774354 -0.625166 0.104980 0.641113 1 0 1.0
0 -5.974039 -0.474546 -0.216228 0.097688 0.774354 -0.625166 0.104980 0.641113 1 0 1.0
Default
0 -6.345687 -0.602758 0.125337 -0.915922 0.401099 0.014378 0.104980 0.641113 1 0 1.0
0 -6.226374 -0.330298 0.125119 -0.915922 0.401099 0.014378 0.104980 0.641113 1 0 1.0
0 -6.233845 -0.346233 0.093756 -0.915922 0.401099 0.014378 0.104980 0.641113 1 0 1.0
Default
0 -6.803988 -0.418450 -0.394794 -0.109353 -0.913736 -0.391316 0.104980 0.641113 1 0 1.0
0 -6.689836 -0.416922 -0.430260 -0.109353 -0.913736 -0.391316 0.104980 0.641113 1 0 1.0
0 -6.346337 -0.595829 -0.108495 -0.109353 -0.913736 -0.391316 0.104980 0.641113 1 0 1.0
Default
0 -6.860581 -0.340433 -0.363332 -0.569054 0.249831 0.783430 0.104980 0.641113 1 0 1.0
0 -6.339065 -0.586503 0.093948 -0.569054 0.249831 0.783430 0.104980 0.641113 1 0 1.0
0 -6.233845 -0.346233 0.093756 -0.569054 0.249831 0.783430 0.104980 0.641113 1 0 1.0
Default
0 -6.689836 -0.416922 -0.430260 0.586917 -0.193182 -0.786263 0.104980 0.641113 1 0 1.0
0 -6.586665 -0.157842 -0.416902 0.586917 -0.193182 -0.786263 0.104980 0.641113 1 0 1.0
0 -6.232044 -0.334834 -0.108704 0.586917 -0.193182 -0.786263 0.104980 0.641113 1 0 1.0
Default
0 -6.860581 -0.340433 -0.363332 -0.664864 -0.638567 0.387540 0.104980 0.641113 1 0 1.0
0 -6.803988 -0.418450 -0.394794 -0.664864 -0.638567 0.387540 0.104980 0.641113 1 0 1.0
0 -6.361946 -0.635588 0.005784 -0.664864 -0.638567 0.387540 0.104980 0.641113 1 0 1.0
Default
0 -6.669846 -0.081596 -0.377428 -0.294620 0.165832 -0.941116 0.104980 0.641113 1 0 1.0
0 -6.674603 -0.097634 -0.378765 -0.294620 0.165832 -0.941116 0.104980 0.641113 1 0 1.0
0 -6.755431 -0.114796 -0.356485 -0.294620 0.165832 -0.941116 0.104980 0.641113 1 0 1.0
Default
0 -6.860581 -0.340433 -0.363332 -0.294606 0.165848 -0.941117 0.104980 0.641113 1 0 1.0
0 -6.765601 -0.101926 -0.351033 -0.294606 0.165848 -0.941117 0.104980 0.641113 1 0 1.0
0 -6.755431 -0.114796 -0.356485 -0.294606 0.165848 -0.941117 0.104980 0.641113 1 0 1.0
Default
0 -6.586665 -0.157842 -0.416902 -0.294615 0.165853 -0.941114 0.104980 0.641113 1 0 1.0
0 -6.689836 -0.416922 -0.430260 -0.294615 0.165853 -0.941114 0.104980 0.641113 1 0 1.0
0 -6.699262 -0.402184 -0.424712 -0.294615 0.165853 -0.941114 0.104980 0.641113 1 0 1.0
Default
0 -6.669846 -0.081596 -0.377428 -0.294619 0.165808 -0.941120 0.104980 0.641113 1 0 1.0
0 -6.586665 -0.157842 -0.416902 -0.294619 0.165808 -0.941120 0.104980 0.641113 1 0 1.0
0 -6.603820 -0.162515 -0.412355 -0.294619 0.165808 -0.941120 0.104980 0.641113 1 0 1.0
Default
0 -6.992630 -0.154139 -1.459663 -0.737746 -0.674719 -0.022035 0.104980 0.641113 1 0 1.0
0 -6.969844 -0.178974 -1.462090 -0.737746 -0.674719 -0.022035 0.104980 0.641113 1 0 1.0
0 -6.796398 -0.403484 -0.394533 -0.737746 -0.674719 -0.022035 0.104980 0.641113 1 0 1.0
Default
0 -6.930272 -0.074532 -1.446070 -0.107121 0.992785 0.053875 0.104980 0.641113 1 0 1.0
0 -6.963796 -0.078045 -1.447988 -0.107121 0.992785 0.053875 0.104980 0.641113 1 0 1.0
0 -6.755431 -0.114796 -0.356485 -0.107121 0.992785 0.053875 0.104980 0.641113 1 0 1.0
Default
0 -4.159617 -3.282042 -1.223259 -0.259643 -0.426046 -0.866643 0.104980 0.641113 1 0 1.0
0 -4.710489 -3.756481 -0.824982 -0.259643 -0.426046 -0.866643 0.104980 0.641113 1 0 1.0
0 -4.893058 -3.505596 -0.893622 -0.259643 -0.426046 -0.866643 0.104980 0.641113 1 0 1.0
Default
0 -4.159617 -3.282042 -0.772081 0.682112 -0.342002 0.646342 0.104980 0.641113 1 0 1.0
0 -4.604412 -3.579442 -0.460034 0.682112 -0.342002 0.646342 0.104980 0.641113 1 0 1.0
0 -4.567668 -3.795909 -0.613352 0.682112 -0.342002 0.646342 0.104980 0.641113 1 0 1.0
Default
0 -4.349221 -3.039060 -0.772081 -0.234278 0.600292 0.764698 0.104980 0.641113 1 0 1.0
0 -4.444023 -2.917570 -0.896495 -0.234278 0.600292 0.764698 0.104980 0.641113 1 0 1.0
0 -4.932805 -3.294138 -0.750632 -0.234278 0.600292 0.764698 0.104980 0.641113 1 0 1.0
Default
0 -4.444023 -2.917570 -0.896495 -0.724105 0.550923 -0.414915 0.104980 0.641113 1 0 1.0
0 -4.349221 -3.039060 -1.223258 -0.724105 0.550923 -0.414915 0.104980 0.641113 1 0 1.0
0 -4.893058 -3.505596 -0.893622 -0.724105 0.550923 -0.414915 0.104980 0.641113 1 0 1.0
Default
0 -4.349221 -3.039060 -0.772081 0.224376 0.405689 0.886043 0.104980 0.641113 1 0 1.0
0 -4.786980 -3.328556 -0.528674 0.224376 0.405689 0.886043 0.104980 0.641113 1 0 1.0
0 -4.604412 -3.579442 -0.460034 0.224376 0.405689 0.886043 0.104980 0.641113 1 0 1.0
Default
0 -2.720327 -2.842265 -0.987123 0.288330 -0.565964 0.772367 0.104980 0.641113 1 0 1.0
0 -4.159617 -3.282042 -0.772081 0.288330 -0.565964 0.772367 0.104980 0.641113 1 0 1.0
0 -4.064815 -3.403533 -0.896495 0.288330 -0.565964 0.772367 0.104980 0.641113 1 0 1.0
Default
0 -2.813345 -2.519489 -1.060965 -0.091516 0.676709 0.730540 0.104980 0.641113 1 0 1.0
0 -4.444023 -2.917570 -0.896495 -0.091516 0.676709 0.730540 0.104980 0.641113 1 0 1.0
0 -4.349221 -3.039060 -0.772081 -0.091516 0.676709 0.730540 0.104980 0.641113 1 0 1.0
Default
0 -2.813345 -2.519489 -1.060965 -0.229653 0.835038 -0.499971 0.104980 0.641113 1 0 1.0
0 -2.782339 -2.627081 -1.254903 -0.229653 0.835038 -0.499971 0.104980 0.641113 1 0 1.0
0 -4.349221 -3.039060 -1.223258 -0.229653 0.835038 -0.499971 0.104980 0.641113 1 0 1.0
Default
0 -2.720326 -2.842265 -1.254903 0.216802 -0.838532 -0.499860 0.104980 0.641113 1 0 1.0
0 -2.689320 -2.949857 -1.060965 0.216802 -0.838532 -0.499860 0.104980 0.641113 1 0 1.0
0 -4.064815 -3.403533 -0.896495 0.216802 -0.838532 -0.499860 0.104980 0.641113 1 0 1.0
Default
0 -2.782339 -2.627081 -0.987123 0.112708 0.087949 0.989728 0.104980 0.641113 1 0 1.0
0 -4.349221 -3.039060 -0.772081 0.112708 0.087949 0.989728 0.104980 0.641113 1 0 1.0
0 -4.159617 -3.282042 -0.772081 0.112708 0.087949 0.989728 0.104980 0.641113 1 0 1.0
Default
0 -5.324195 -3.604217 -0.053977 -0.097397 0.904564 0.415063 0.104980 0.641113 1 0 1.0
0 -5.144105 -3.646540 0.080520 -0.097397 0.904564 0.415063 0.104980 0.641113 1 0 1.0
0 -4.786980 -3.328556 -0.528674 -0.097397 0.904564 0.415063 0.104980 0.641113 1 0 1.0
Default
0 -5.346595 -3.815224 -0.210878 -0.875573 0.344656 -0.338502 0.104980 0.641113 1 0 1.0
0 -5.324195 -3.604217 -0.053977 -0.875573 0.344656 -0.338502 0.104980 0.641113 1 0 1.0
0 -4.932805 -3.294138 -0.750632 -0.875573 0.344656 -0.338502 0.104980 0.641113 1 0 1.0
Default
0 -5.144105 -3.646540 0.080520 0.588221 0.484588 0.647434 0.104980 0.641113 1 0 1.0
0 -4.963094 -3.880443 0.091135 0.588221 0.484588 0.647434 0.104980 0.641113 1 0 1.0
0 -4.604412 -3.579442 -0.460034 0.588221 0.484588 0.647434 0.104980 0.641113 1 0 1.0
Default
0 -5.346595 -3.815224 -0.210878 -0.545015 -0.565869 -0.618669 0.104980 0.641113 1 0 1.0
0 -4.893058 -3.505596 -0.893622 -0.545015 -0.565869 -0.618669 0.104980 0.641113 1 0 1.0
0 -4.710489 -3.756481 -0.824982 -0.545015 -0.565869 -0.618669 0.104980 0.641113 1 0 1.0
Default
0 -4.962174 -4.072022 -0.032749 0.851975 -0.198530 0.484484 0.104980 0.641113 1 0 1.0
0 -4.567668 -3.795909 -0.613352 0.851975 -0.198530 0.484484 0.104980 0.641113 1 0 1.0
0 -4.604412 -3.579442 -0.460034 0.851975 -0.198530 0.484484 0.104980 0.641113 1 0 1.0
Default
0 -5.339807 -4.334870 0.081158 0.662677 -0.663667 -0.346994 0.104980 0.641113 1 0 1.0
0 -5.380231 -4.280827 -0.099407 0.662677 -0.663667 -0.346994 0.104980 0.641113 1 0 1.0
0 -5.162199 -4.020579 -0.180772 0.662677 -0.663667 -0.346994 0.104980 0.641113 1 0 1.0
Default
0 -5.165584 -4.049127 -0.200263 -0.575600 -0.413446 0.705512 0.104980 0.641113 1 0 1.0
0 -5.162199 -4.020579 -0.180772 -0.575600 -0.413446 0.705512 0.104980 0.641113 1 0 1.0
0 -5.318999 -3.817963 -0.189967 -0.575600 -0.413446 0.705512 0.104980 0.641113 1 0 1.0
Default
0 -5.346595 -3.815224 -0.210878 -0.565611 -0.456835 0.686576 0.104980 0.641113 1 0 1.0
0 -5.318999 -3.817963 -0.189967 -0.565611 -0.456835 0.686576 0.104980 0.641113 1 0 1.0
0 -5.306510 -3.630577 -0.054996 -0.565611 -0.456835 0.686576 0.104980 0.641113 1 0 1.0
Default
0 -6.084737 -4.251559 -0.353526 -0.297498 0.891218 -0.342383 0.104980 0.641113 1 0 1.0
0 -5.618554 -3.930639 0.076747 -0.297498 0.891218 -0.342383 0.104980 0.641113 1 0 1.0
0 -5.590728 -3.974522 -0.061657 -0.297498 0.891218 -0.342383 0.104980 0.641113 1 0 1.0
Default
0 -5.591783 -3.965787 0.221684 0.220101 0.152593 0.963468 0.104980 0.641113 1 0 1.0
0 -5.387209 -4.262533 0.221948 0.220101 0.152593 0.963468 0.104980 0.641113 1 0 1.0
0 -4.988360 -3.880717 0.070361 0.220101 0.152593 0.963468 0.104980 0.641113 1 0 1.0
Default
0 -5.606131 -3.953146 -0.099698 -0.205624 -0.202577 -0.957435 0.104980 0.641113 1 0 1.0
0 -5.318999 -3.817963 -0.189967 -0.205624 -0.202577 -0.957435 0.104980 0.641113 1 0 1.0
0 -5.162199 -4.020579 -0.180772 -0.205624 -0.202577 -0.957435 0.104980 0.641113 1 0 1.0
Default
0 -5.387209 -4.262533 0.221948 0.633970 -0.580057 0.511483 0.104980 0.641113 1 0 1.0
0 -5.339807 -4.334870 0.081158 0.633970 -0.580057 0.511483 0.104980 0.641113 1 0 1.0
0 -4.983161 -4.048412 -0.036035 0.633970 -0.580057 0.511483 0.104980 0.641113 1 0 1.0
Default
0 -5.591783 -3.965787 0.221684 -0.264179 0.737669 0.621332 0.104980 0.641113 1 0 1.0
0 -5.149822 -3.672075 0.060892 -0.264179 0.737669 0.621332 0.104980 0.641113 1 0 1.0
0 -5.306510 -3.630577 -0.054996 -0.264179 0.737669 0.621332 0.104980 0.641113 1 0 1.0
Default
0 -5.642414 -3.895928 0.080768 -0.627801 0.482040 -0.611149 0.104980 0.641113 1 0 1.0
0 -5.306510 -3.630577 -0.054996 -0.627801 0.482040 -0.611149 0.104980 0.641113 1 0 1.0
0 -5.318999 -3.817963 -0.189967 -0.627801 0.482040 -0.611149 0.104980 0.641113 1 0 1.0
Default
0 -5.387209 -4.262533 0.221948 -0.823234 -0.567519 0.014416 0.104980 0.641113 1 0 1.0
0 -5.591783 -3.965787 0.221684 -0.823234 -0.567519 0.014416 0.104980 0.641113 1 0 1.0
0 -5.580134 -3.983650 0.183679 -0.823234 -0.567519 0.014416 0.104980 0.641113 1 0 1.0
Default
0 -5.840440 -4.581497 -0.373189 0.705884 -0.574404 -0.414474 0.104980 0.641113 1 0 1.0
0 -5.773860 -4.470701 -0.413347 0.705884 -0.574404 -0.414474 0.104980 0.641113 1 0 1.0
0 -5.394762 -4.258782 -0.061404 0.705884 -0.574404 -0.414474 0.104980 0.641113 1 0 1.0
Default
0 -5.949277 -4.589468 -0.337566 -0.516600 -0.355442 0.778965 0.104980 0.641113 1 0 1.0
0 -5.399730 -4.245340 0.183911 -0.516600 -0.355442 0.778965 0.104980 0.641113 1 0 1.0
0 -5.580134 -3.983650 0.183679 -0.516600 -0.355442 0.778965 0.104980 0.641113 1 0 1.0
Default
0 -5.773860 -4.470701 -0.413347 0.464719 0.391435 -0.794239 0.104980 0.641113 1 0 1.0
0 -5.961753 -4.216939 -0.398222 0.464719 0.391435 -0.794239 0.104980 0.641113 1 0 1.0
0 -5.590728 -3.974522 -0.061657 0.464719 0.391435 -0.794239 0.104980 0.641113 1 0 1.0
Default
0 -5.949277 -4.589468 -0.337566 0.187669 -0.909975 0.369764 0.104980 0.641113 1 0 1.0
0 -5.840440 -4.581497 -0.373189 0.187669 -0.909975 0.369764 0.104980 0.641113 1 0 1.0
0 -5.363759 -4.300229 0.077076 0.187669 -0.909975 0.369764 0.104980 0.641113 1 0 1.0
Default
0 -6.084737 -4.251559 -0.353526 -0.296100 -0.163169 -0.941117 0.104980 0.641113 1 0 1.0
0 -6.072135 -4.265699 -0.355040 -0.296100 -0.163169 -0.941117 0.104980 0.641113 1 0 1.0
0 -6.103799 -4.353737 -0.329813 -0.296100 -0.163169 -0.941117 0.104980 0.641113 1 0 1.0
Default
0 -5.949277 -4.589468 -0.337566 -0.296088 -0.163150 -0.941124 0.104980 0.641113 1 0 1.0
0 -6.122250 -4.355855 -0.323641 -0.296088 -0.163150 -0.941124 0.104980 0.641113 1 0 1.0
0 -6.103799 -4.353737 -0.329813 -0.296088 -0.163150 -0.941124 0.104980 0.641113 1 0 1.0
Default
0 -6.084737 -4.251559 -0.353526 -0.296123 -0.163158 -0.941111 0.104980 0.641113 1 0 1.0
0 -5.961753 -4.216939 -0.398222 -0.296123 -0.163158 -0.941111 0.104980 0.641113 1 0 1.0
0 -5.967483 -4.236239 -0.393073 -0.296123 -0.163158 -0.941111 0.104980 0.641113 1 0 1.0
Default
0 -6.205052 -4.603767 -1.567959 0.185113 -0.982441 -0.023293 0.104980 0.641113 1 0 1.0
0 -6.167899 -4.596702 -1.570683 0.185113 -0.982441 -0.023293 0.104980 0.641113 1 0 1.0
0 -5.850321 -4.565268 -0.372893 0.185113 -0.982441 -0.023293 0.104980 0.641113 1 0 1.0
Default
0 -6.244151 -4.497253 -1.552707 -0.900449 0.431760 0.052676 0.104980 0.641113 1 0 1.0
0 -6.260607 -4.531309 -1.554859 -0.900449 0.431760 0.052676 0.104980 0.641113 1 0 1.0
0 -6.103799 -4.353737 -0.329813 -0.900449 0.431760 0.052676 0.104980 0.641113 1 0 1.0
Default
0 -0.000000 -10.138030 -1.021356 -0.118426 -0.587519 0.800498 0.131592 0.607422 1 0 1.0
0 -3.320815 -9.794264 -1.260334 -0.118426 -0.587519 0.800498 0.131592 0.607422 1 0 1.0
0 -0.000000 -11.134106 -1.752418 -0.118426 -0.587519 0.800498 0.131592 0.607422 1 0 1.0
Default
0 -0.000000 -8.865752 -0.167064 -0.089669 -0.569948 0.816774 0.167236 0.546875 1 0 1.0
0 -0.866668 -8.854090 -0.254073 -0.089669 -0.569948 0.816774 0.167236 0.546875 1 0 1.0
0 -0.000000 -9.716589 -0.760781 -0.089669 -0.569948 0.816774 0.167236 0.546875 1 0 1.0
Default
0 -1.265618 -8.888935 -0.412743 -0.229532 -0.654080 0.720760 0.140137 0.579102 1 0 1.0
0 -0.000000 -9.716589 -0.760781 -0.229532 -0.654080 0.720760 0.140137 0.579102 1 0 1.0
0 -0.866668 -8.854090 -0.254073 -0.229532 -0.654080 0.720760 0.140137 0.579102 1 0 1.0
Default
0 1.022433 -2.797845 -1.263362 0.050789 -0.675681 -0.735442 0.146362 0.607910 1 0 1.0
0 -0.000000 -2.852113 -1.284113 0.050789 -0.675681 -0.735442 0.146362 0.607910 1 0 1.0
0 1.052431 -2.450018 -1.580854 0.050789 -0.675681 -0.735442 0.146362 0.607910 1 0 1.0
Default
0 1.361801 3.607359 0.975881 0.467727 0.114666 0.876403 0.172119 0.546387 1 0 1.0
0 0.518455 4.632716 1.291811 0.467727 0.114666 0.876403 0.172119 0.546387 1 0 1.0
0 -0.000000 3.543283 1.711044 0.467727 0.114666 0.876403 0.172119 0.546387 1 0 1.0
Default
0 1.036909 4.611787 0.961110 0.533802 0.184798 0.825170 0.172119 0.546387 1 0 1.0
0 0.518455 4.632716 1.291811 0.533802 0.184798 0.825170 0.172119 0.546387 1 0 1.0
0 1.361801 3.607359 0.975881 0.533802 0.184798 0.825170 0.172119 0.546387 1 0 1.0
Default
0 -0.000000 -2.532957 -1.799672 0.216960 -0.318745 -0.922676 0.146362 0.607910 1 0 1.0
0 -0.000000 -1.407726 -2.188391 0.216960 -0.318745 -0.922676 0.146362 0.607910 1 0 1.0
0 1.052431 -2.450018 -1.580854 0.216960 -0.318745 -0.922676 0.146362 0.607910 1 0 1.0
Default
0 -0.000000 3.543283 1.711044 0.474321 0.017781 0.880173 0.172119 0.546387 1 0 1.0
0 -0.000000 1.112787 1.760145 0.474321 0.017781 0.880173 0.172119 0.546387 1 0 1.0
0 1.361801 3.607359 0.975881 0.474321 0.017781 0.880173 0.172119 0.546387 1 0 1.0
Default
0 -0.000000 1.112787 1.760145 0.489262 -0.093299 0.867132 0.172119 0.546387 1 0 1.0
0 -0.000000 -0.826699 1.551466 0.489262 -0.093299 0.867132 0.172119 0.546387 1 0 1.0
0 1.341583 0.399111 0.926395 0.489262 -0.093299 0.867132 0.172119 0.546387 1 0 1.0
Default
0 -0.000000 -0.004258 -2.278410 0.162592 0.089924 -0.982587 0.146362 0.607910 1 0 1.0
0 -0.000000 1.828845 -2.110649 0.162592 0.089924 -0.982587 0.146362 0.607910 1 0 1.0
0 1.369061 0.121313 -2.040375 0.162592 0.089924 -0.982587 0.146362 0.607910 1 0 1.0
Default
0 1.714228 -2.973436 -0.093699 0.847986 0.510649 -0.141977 0.146362 0.607910 1 0 1.0
0 1.582315 -3.002668 -0.986710 0.847986 0.510649 -0.141977 0.146362 0.607910 1 0 1.0
0 1.523601 -2.704582 -0.265268 0.847986 0.510649 -0.141977 0.146362 0.607910 1 0 1.0
Default
0 -0.000000 3.037613 -1.729093 0.156077 0.635357 -0.756282 0.146362 0.607910 1 0 1.0
0 -0.000000 3.852210 -1.044746 0.156077 0.635357 -0.756282 0.146362 0.607910 1 0 1.0
0 1.219438 3.175368 -1.361703 0.156077 0.635357 -0.756282 0.146362 0.607910 1 0 1.0
Default
0 -0.000000 -2.810733 1.526007 0.325464 -0.001533 0.945553 0.172119 0.546387 1 0 1.0
0 1.017647 -2.836592 1.175685 0.325464 -0.001533 0.945553 0.172119 0.546387 1 0 1.0
0 -0.000000 -2.250626 1.526916 0.325464 -0.001533 0.945553 0.172119 0.546387 1 0 1.0
Default
0 1.296398 3.732233 -0.936930 0.123404 0.759725 -0.638427 0.146362 0.607910 1 0 1.0
0 -0.000000 3.852210 -1.044746 0.123404 0.759725 -0.638427 0.146362 0.607910 1 0 1.0
0 1.164075 4.165078 -0.447424 0.123404 0.759725 -0.638427 0.146362 0.607910 1 0 1.0
Default
0 1.017647 -2.836592 1.175685 0.712092 0.079018 0.697625 0.145142 0.578613 1 0 1.0
0 1.643683 -2.910753 0.545068 0.712092 0.079018 0.697625 0.145142 0.578613 1 0 1.0
0 1.029605 -2.244936 1.096464 0.712092 0.079018 0.697625 0.145142 0.578613 1 0 1.0
Default
0 1.504311 -2.233180 0.388559 0.978908 0.178326 -0.099691 0.146362 0.607910 1 0 1.0
0 1.643683 -2.910753 0.545068 0.978908 0.178326 -0.099691 0.146362 0.607910 1 0 1.0
0 1.523601 -2.704582 -0.265268 0.978908 0.178326 -0.099691 0.146362 0.607910 1 0 1.0
Default
0 1.716583 -4.603351 1.186008 0.867197 0.181192 0.463830 0.146362 0.607910 1 0 1.0
0 2.263748 -4.440873 0.099534 0.867197 0.181192 0.463830 0.146362 0.607910 1 0 1.0
0 1.592253 -3.693410 1.062997 0.867197 0.181192 0.463830 0.146362 0.607910 1 0 1.0
Default
0 1.582315 -3.002668 -0.986710 0.077932 0.316949 -0.945235 0.146362 0.607910 1 0 1.0
0 1.231012 -3.631138 -1.226408 0.077932 0.316949 -0.945235 0.146362 0.607910 1 0 1.0
0 -0.000000 -2.994805 -1.114532 0.077932 0.316949 -0.945235 0.146362 0.607910 1 0 1.0
Default
0 -0.000000 -3.700807 1.817865 0.185862 0.306151 0.933663 0.172119 0.546387 1 0 1.0
0 1.080117 -3.699392 1.602383 0.185862 0.306151 0.933663 0.172119 0.546387 1 0 1.0
0 -0.000000 -2.810733 1.526007 0.185862 0.306151 0.933663 0.172119 0.546387 1 0 1.0
Default
0 1.714228 -2.973436 -0.093699 0.987227 -0.069075 -0.143569 0.146362 0.607910 1 0 1.0
0 1.691030 -3.380062 -0.057575 0.987227 -0.069075 -0.143569 0.146362 0.607910 1 0 1.0
0 1.582315 -3.002668 -0.986710 0.987227 -0.069075 -0.143569 0.146362 0.607910 1 0 1.0
Default
0 2.263748 -4.440873 0.099534 0.896033 -0.126254 -0.425659 0.146362 0.607910 1 0 1.0
0 2.100144 -5.529075 0.077908 0.896033 -0.126254 -0.425659 0.146362 0.607910 1 0 1.0
0 1.658901 -4.731664 -1.087447 0.896033 -0.126254 -0.425659 0.146362 0.607910 1 0 1.0
Default
0 1.658901 -4.731664 -1.087447 0.231648 -0.032699 -0.972250 0.146362 0.607910 1 0 1.0
0 -0.000000 -4.737693 -1.482494 0.231648 -0.032699 -0.972250 0.146362 0.607910 1 0 1.0
0 1.231012 -3.631138 -1.226408 0.231648 -0.032699 -0.972250 0.146362 0.607910 1 0 1.0
Default
0 1.061603 -4.562489 1.734139 0.642164 0.102200 0.759724 0.145142 0.578613 1 0 1.0
0 1.716583 -4.603351 1.186008 0.642164 0.102200 0.759724 0.145142 0.578613 1 0 1.0
0 1.080117 -3.699392 1.602383 0.642164 0.102200 0.759724 0.145142 0.578613 1 0 1.0
Default
0 2.263748 -4.440873 0.099534 0.794439 0.356035 -0.492043 0.146362 0.607910 1 0 1.0
0 1.658901 -4.731664 -1.087447 0.794439 0.356035 -0.492043 0.146362 0.607910 1 0 1.0
0 1.691030 -3.380062 -0.057575 0.794439 0.356035 -0.492043 0.146362 0.607910 1 0 1.0
Default
0 1.000677 -5.687540 1.621516 0.639725 -0.172768 0.748935 0.145142 0.578613 1 0 1.0
0 1.056553 -6.977506 1.276211 0.639725 -0.172768 0.748935 0.145142 0.578613 1 0 1.0
0 1.606000 -5.696329 1.102431 0.639725 -0.172768 0.748935 0.145142 0.578613 1 0 1.0
Default
0 2.100144 -5.529075 0.077908 0.959180 -0.046864 -0.278885 0.146362 0.607910 1 0 1.0
0 1.945437 -6.559807 -0.280973 0.959180 -0.046864 -0.278885 0.146362 0.607910 1 0 1.0
0 1.791856 -5.594679 -0.971375 0.959180 -0.046864 -0.278885 0.146362 0.607910 1 0 1.0
Default
0 1.606000 -5.696329 1.102431 0.896340 -0.187699 0.401676 0.146362 0.607910 1 0 1.0
0 1.527866 -6.835018 0.744690 0.896340 -0.187699 0.401676 0.146362 0.607910 1 0 1.0
0 2.100144 -5.529075 0.077908 0.896340 -0.187699 0.401676 0.146362 0.607910 1 0 1.0
Default
0 1.265618 -8.888935 -0.412743 0.779181 -0.404886 0.478482 0.146362 0.607910 1 0 1.0
0 1.451704 -8.758800 -0.605656 0.779181 -0.404886 0.478482 0.146362 0.607910 1 0 1.0
0 1.517128 -7.864637 0.044436 0.779181 -0.404886 0.478482 0.146362 0.607910 1 0 1.0
Default
0 1.451704 -8.758800 -0.605656 0.941316 -0.253898 -0.222397 0.146362 0.607910 1 0 1.0
0 1.424565 -8.277586 -1.269897 0.941316 -0.253898 -0.222397 0.146362 0.607910 1 0 1.0
0 1.781991 -7.444246 -0.708436 0.941316 -0.253898 -0.222397 0.146362 0.607910 1 0 1.0
Default
0 1.669775 -6.585604 -1.041108 0.216277 0.184593 -0.958723 0.146362 0.607910 1 0 1.0
0 1.405525 -7.466439 -1.270316 0.216277 0.184593 -0.958723 0.146362 0.607910 1 0 1.0
0 -0.000000 -6.507124 -1.402679 0.216277 0.184593 -0.958723 0.146362 0.607910 1 0 1.0
Default
0 -0.000000 -7.005009 1.466600 0.155859 -0.610175 0.776785 0.172119 0.546387 1 0 1.0
0 -0.000000 -8.145375 0.570827 0.155859 -0.610175 0.776785 0.172119 0.546387 1 0 1.0
0 1.056553 -6.977506 1.276211 0.155859 -0.610175 0.776785 0.172119 0.546387 1 0 1.0
Default
0 1.056553 -6.977506 1.276211 0.722826 -0.456836 0.518481 0.145142 0.578613 1 0 1.0
0 1.013351 -8.067639 0.375920 0.722826 -0.456836 0.518481 0.145142 0.578613 1 0 1.0
0 1.527866 -6.835018 0.744690 0.722826 -0.456836 0.518481 0.145142 0.578613 1 0 1.0
Default
0 1.945437 -6.559807 -0.280973 0.940151 -0.009107 -0.340636 0.146362 0.607910 1 0 1.0
0 1.781991 -7.444246 -0.708436 0.940151 -0.009107 -0.340636 0.146362 0.607910 1 0 1.0
0 1.669775 -6.585604 -1.041108 0.940151 -0.009107 -0.340636 0.146362 0.607910 1 0 1.0
Default
0 1.451704 -8.758800 -0.605656 0.031428 -0.808808 -0.587232 0.146362 0.607910 1 0 1.0
0 -0.000000 -8.588571 -0.917810 0.031428 -0.808808 -0.587232 0.146362 0.607910 1 0 1.0
0 1.424565 -8.277586 -1.269897 0.031428 -0.808808 -0.587232 0.146362 0.607910 1 0 1.0
Default
0 1.424565 -8.277586 -1.269897 0.139535 0.002764 -0.990213 0.146362 0.607910 1 0 1.0
0 -0.000000 -8.067874 -1.470052 0.139535 0.002764 -0.990213 0.146362 0.607910 1 0 1.0
0 1.405525 -7.466439 -1.270316 0.139535 0.002764 -0.990213 0.146362 0.607910 1 0 1.0
Default
0 -0.000000 -8.865752 -0.167064 0.079508 -0.713283 0.696352 0.172119 0.546387 1 0 1.0
0 0.866668 -8.854090 -0.254073 0.079508 -0.713283 0.696352 0.172119 0.546387 1 0 1.0
0 -0.000000 -8.145375 0.570827 0.079508 -0.713283 0.696352 0.172119 0.546387 1 0 1.0
Default
0 0.866668 -8.854090 -0.254073 0.237384 -0.633912 0.736074 0.145142 0.578613 1 0 1.0
0 1.265618 -8.888935 -0.412743 0.237384 -0.633912 0.736074 0.145142 0.578613 1 0 1.0
0 1.013351 -8.067639 0.375920 0.237384 -0.633912 0.736074 0.145142 0.578613 1 0 1.0
Default
0 1.673137 -9.561717 -0.847790 0.269466 0.652073 0.708653 0.141357 0.608398 1 0 1.0
0 3.320815 -9.794264 -1.260334 0.269466 0.652073 0.708653 0.141357 0.608398 1 0 1.0
0 1.834218 -9.507108 -0.959289 0.269466 0.652073 0.708653 0.141357 0.608398 1 0 1.0
Default
0 1.724613 -9.386443 -1.220682 -0.018561 0.695642 -0.718149 0.141357 0.608398 1 0 1.0
0 -0.000000 -9.537613 -1.322540 -0.018561 0.695642 -0.718149 0.141357 0.608398 1 0 1.0
0 1.451704 -8.758800 -0.605656 -0.018561 0.695642 -0.718149 0.141357 0.608398 1 0 1.0
Default
0 -1.724613 -9.386443 -1.220682 0.018561 0.695642 -0.718149 0.141357 0.608398 1 0 1.0
0 -1.451704 -8.758800 -0.605656 0.018561 0.695642 -0.718149 0.141357 0.608398 1 0 1.0
0 -0.000000 -9.537613 -1.322540 -0.018561 0.695642 -0.718149 0.141357 0.608398 1 0 1.0
Default
0 4.479197 -11.057448 -2.056540 0.249661 0.599362 -0.760549 0.109436 0.638184 1 0 1.0
0 3.388747 -10.796123 -2.208554 0.249661 0.599362 -0.760549 0.109436 0.638184 1 0 1.0
0 3.356545 -9.632235 -1.301905 0.249661 0.599362 -0.760549 0.109436 0.638184 1 0 1.0
Default
0 3.356545 -9.632235 -1.301905 0.114259 0.982219 0.148967 0.141357 0.608398 1 0 1.0
0 3.363410 -9.617419 -1.404862 0.114259 0.982219 0.148967 0.141357 0.608398 1 0 1.0
0 1.834218 -9.507108 -0.959289 0.114259 0.982219 0.148967 0.141357 0.608398 1 0 1.0
Default
0 2.299304 -11.824040 -2.275394 0.243864 -0.919375 0.308675 0.105713 0.639648 1 0 1.0
0 2.890311 -11.782076 -2.617328 0.243864 -0.919375 0.308675 0.105713 0.639648 1 0 1.0
0 4.106424 -11.241108 -1.966846 0.243864 -0.919375 0.308675 0.105713 0.639648 1 0 1.0
Default
0 4.106424 -11.241108 -1.966846 0.343180 -0.255079 0.903970 0.116821 0.629883 1 0 1.0
0 4.479197 -11.057448 -2.056540 0.343180 -0.255079 0.903970 0.116821 0.629883 1 0 1.0
0 3.320815 -9.794264 -1.260334 0.343180 -0.255079 0.903970 0.116821 0.629883 1 0 1.0
Default
0 -0.000000 -12.150536 -2.351111 0.049426 -0.542546 0.838571 0.108215 0.640625 1 0 1.0
0 -0.000000 -12.414695 -2.522019 0.049426 -0.542546 0.838571 0.108215 0.640625 1 0 1.0
0 2.299304 -11.824040 -2.275394 0.049426 -0.542546 0.838571 0.108215 0.640625 1 0 1.0
Default
0 4.479197 -11.057448 -2.056540 0.199496 0.287528 -0.936765 0.109436 0.638184 1 0 1.0
0 2.890311 -11.782076 -2.617328 0.199496 0.287528 -0.936765 0.109436 0.638184 1 0 1.0
0 3.388747 -10.796123 -2.208554 0.199496 0.287528 -0.936765 0.109436 0.638184 1 0 1.0
Default
0 -0.000000 5.135764 -0.193419 -0.252110 0.028650 -0.967275 0.146362 0.607910 1 0 1.0
0 0.854144 4.896106 -0.423141 -0.252110 0.028650 -0.967275 0.146362 0.607910 1 0 1.0
0 -0.000000 4.315940 -0.217702 -0.252110 0.028650 -0.967275 0.146362 0.607910 1 0 1.0
Default
0 0.248867 5.368705 0.578712 0.178760 0.982736 0.047706 0.146362 0.607910 1 0 1.0
0 -0.000000 5.417776 0.500376 0.178760 0.982736 0.047706 0.146362 0.607910 1 0 1.0
0 0.264221 5.347376 0.960570 0.178760 0.982736 0.047706 0.146362 0.607910 1 0 1.0
Default
0 0.713334 5.067599 0.234971 0.288656 0.877784 -0.382326 0.146362 0.607910 1 0 1.0
0 -0.000000 5.417776 0.500376 0.288656 0.877784 -0.382326 0.146362 0.607910 1 0 1.0
0 0.505957 5.319634 0.657048 0.288656 0.877784 -0.382326 0.146362 0.607910 1 0 1.0
Default
0 0.580140 5.771665 2.851179 0.646427 -0.498826 -0.577326 0.146362 0.607910 1 0 1.0
0 0.541761 5.804338 2.779975 0.646427 -0.498826 -0.577326 0.146362 0.607910 1 0 1.0
0 0.493039 7.044501 1.653882 0.646427 -0.498826 -0.577326 0.146362 0.607910 1 0 1.0
Default
0 0.431187 7.060951 1.563465 -0.688977 0.299366 -0.660069 0.146362 0.607910 1 0 1.0
0 0.572827 7.046854 1.409229 -0.688977 0.299366 -0.660069 0.146362 0.607910 1 0 1.0
0 0.264221 5.347376 0.960570 -0.688977 0.299366 -0.660069 0.146362 0.607910 1 0 1.0
Default
0 0.505957 5.319634 0.657048 0.960940 -0.140931 0.238188 0.146362 0.607910 1 0 1.0
0 0.572827 7.046854 1.409229 0.960940 -0.140931 0.238188 0.146362 0.607910 1 0 1.0
0 0.385940 5.315002 1.138500 0.960940 -0.140931 0.238188 0.146362 0.607910 1 0 1.0
Default
0 0.541761 5.804338 2.779975 0.790457 0.460521 0.403854 0.146362 0.607910 1 0 1.0
0 0.637645 5.746274 2.658512 0.790457 0.460521 0.403854 0.146362 0.607910 1 0 1.0
0 0.431187 7.060951 1.563465 0.790457 0.460521 0.403854 0.146362 0.607910 1 0 1.0
Default
0 0.572827 7.046854 1.409229 -0.896947 -0.328722 -0.295682 0.146362 0.607910 1 0 1.0
0 0.637645 5.746274 2.658512 -0.896947 -0.328722 -0.295682 0.146362 0.607910 1 0 1.0
0 0.493039 7.044501 1.653882 -0.896947 -0.328722 -0.295682 0.146362 0.607910 1 0 1.0
Default
0 0.264221 5.347376 0.960570 -0.968330 0.244079 0.052566 0.146362 0.607910 1 0 1.0
0 0.411083 6.009273 0.592591 -0.968330 0.244079 0.052566 0.146362 0.607910 1 0 1.0
0 0.248867 5.368705 0.578712 -0.968330 0.244079 0.052566 0.146362 0.607910 1 0 1.0
Default
0 0.248867 5.368705 0.578712 0.221857 -0.312280 -0.923721 0.146362 0.607910 1 0 1.0
0 0.402936 5.867940 0.446940 0.221857 -0.312280 -0.923721 0.146362 0.607910 1 0 1.0
0 0.505957 5.319634 0.657048 0.221857 -0.312280 -0.923721 0.146362 0.607910 1 0 1.0
Default
0 0.558996 5.880860 0.494260 0.638227 0.158218 0.753415 0.146362 0.607910 1 0 1.0
0 0.411083 6.009273 0.592591 0.638227 0.158218 0.753415 0.146362 0.607910 1 0 1.0
0 0.505957 5.319634 0.657048 0.638227 0.158218 0.753415 0.146362 0.607910 1 0 1.0
Default
0 6.731812 4.817890 -0.630549 0.127785 -0.054326 -0.990313 0.108704 0.639648 1 0 1.0
0 6.048756 4.061706 -0.677205 0.127785 -0.054326 -0.990313 0.108704 0.639648 1 0 1.0
0 5.375933 4.965513 -0.813603 0.127785 -0.054326 -0.990313 0.108704 0.639648 1 0 1.0
Default
0 4.750500 5.186381 -0.409347 -0.814302 -0.477429 0.330113 0.108704 0.639648 1 0 1.0
0 5.049747 4.708851 -0.361817 -0.814302 -0.477429 0.330113 0.108704 0.639648 1 0 1.0
0 5.119327 5.268533 0.619266 -0.814302 -0.477429 0.330113 0.108704 0.639648 1 0 1.0
Default
0 4.750500 5.186381 -0.409347 -0.591963 -0.438279 -0.676381 0.108704 0.639648 1 0 1.0
0 5.375933 4.965513 -0.813603 -0.591963 -0.438279 -0.676381 0.108704 0.639648 1 0 1.0
0 5.049747 4.708851 -0.361817 -0.591963 -0.438279 -0.676381 0.108704 0.639648 1 0 1.0
Default
0 7.058054 4.912643 0.166923 0.825705 -0.489946 -0.279579 0.108704 0.639648 1 0 1.0
0 6.381758 3.879300 -0.019567 0.825705 -0.489946 -0.279579 0.108704 0.639648 1 0 1.0
0 6.731812 4.817890 -0.630549 0.825705 -0.489946 -0.279579 0.108704 0.639648 1 0 1.0
Default
0 6.369033 6.464657 1.148224 0.558005 -0.165248 0.813218 0.108704 0.639648 1 0 1.0
0 6.475205 5.120910 0.802320 0.558005 -0.165248 0.813218 0.108704 0.639648 1 0 1.0
0 7.337594 6.393752 0.469220 0.558005 -0.165248 0.813218 0.108704 0.639648 1 0 1.0
Default
0 4.721877 6.343748 1.109659 -0.411057 -0.499694 0.762455 0.108704 0.639648 1 0 1.0
0 3.850026 6.165060 0.522518 -0.411057 -0.499694 0.762455 0.108704 0.639648 1 0 1.0
0 5.119327 5.268533 0.619266 -0.411057 -0.499694 0.762455 0.108704 0.639648 1 0 1.0
Default
0 3.850026 6.165060 0.522518 -0.831575 -0.375127 -0.409589 0.108704 0.639648 1 0 1.0
0 4.610977 6.061265 -0.927352 -0.831575 -0.375127 -0.409589 0.108704 0.639648 1 0 1.0
0 4.750500 5.186381 -0.409347 -0.831575 -0.375127 -0.409589 0.108704 0.639648 1 0 1.0
Default
0 4.721877 6.343748 1.109659 0.008929 -0.412216 0.911043 0.150513 0.617676 1 0 1.0
0 5.119327 5.268533 0.619266 0.008929 -0.412216 0.911043 0.150513 0.617676 1 0 1.0
0 6.369033 6.464657 1.148224 0.008929 -0.412216 0.911043 0.150513 0.617676 1 0 1.0
Default
0 4.610977 6.061265 -0.927352 0.029406 -0.082879 -0.996126 0.108704 0.639648 1 0 1.0
0 6.458562 6.196887 -0.884096 0.029406 -0.082879 -0.996126 0.108704 0.639648 1 0 1.0
0 5.375933 4.965513 -0.813603 0.029406 -0.082879 -0.996126 0.108704 0.639648 1 0 1.0
Default
0 6.565109 7.425215 1.070518 0.090357 0.061966 0.993980 0.150513 0.617676 1 0 1.0
0 4.591449 7.312185 1.256979 0.090357 0.061966 0.993980 0.150513 0.617676 1 0 1.0
0 6.369033 6.464657 1.148224 0.090357 0.061966 0.993980 0.150513 0.617676 1 0 1.0
Default
0 4.275596 7.162212 -0.953492 -0.091018 -0.051340 -0.994525 0.108704 0.639648 1 0 1.0
0 6.249261 7.275244 -1.139955 -0.091018 -0.051340 -0.994525 0.108704 0.639648 1 0 1.0
0 4.610977 6.061265 -0.927352 -0.091018 -0.051340 -0.994525 0.108704 0.639648 1 0 1.0
Default
0 7.285503 7.430341 0.214818 0.750053 0.192948 0.632607 0.108704 0.639648 1 0 1.0
0 6.565109 7.425215 1.070518 0.750053 0.192948 0.632607 0.108704 0.639648 1 0 1.0
0 7.337594 6.393752 0.469220 0.750053 0.192948 0.632607 0.108704 0.639648 1 0 1.0
Default
0 3.446692 7.150903 0.539553 -0.824457 -0.329354 -0.460214 0.108704 0.639648 1 0 1.0
0 4.275596 7.162212 -0.953492 -0.824457 -0.329354 -0.460214 0.108704 0.639648 1 0 1.0
0 3.850026 6.165060 0.522518 -0.824457 -0.329354 -0.460214 0.108704 0.639648 1 0 1.0
Default
0 6.249261 7.275244 -1.139955 0.793714 0.009745 -0.608213 0.108704 0.639648 1 0 1.0
0 7.285503 7.430341 0.214818 0.793714 0.009745 -0.608213 0.108704 0.639648 1 0 1.0
0 6.458562 6.196887 -0.884096 0.793714 0.009745 -0.608213 0.108704 0.639648 1 0 1.0
Default
0 3.585300 7.857019 0.993718 -0.987249 -0.144380 0.067028 0.108704 0.639648 1 0 1.0
0 3.520214 7.865408 0.053140 -0.987249 -0.144380 0.067028 0.108704 0.639648 1 0 1.0
0 3.654655 7.162817 0.519905 -0.987249 -0.144380 0.067028 0.108704 0.639648 1 0 1.0
Default
0 3.446692 7.150903 0.539553 -0.067629 0.991075 -0.114880 0.108704 0.639648 1 0 1.0
0 4.591449 7.312185 1.256979 -0.067629 0.991075 -0.114880 0.108704 0.639648 1 0 1.0
0 3.654655 7.162817 0.519905 -0.067629 0.991075 -0.114880 0.108704 0.639648 1 0 1.0
Default
0 7.285503 7.430341 0.214818 -0.436504 0.823421 -0.362550 0.108704 0.639648 1 0 1.0
0 7.186055 7.365056 0.186275 -0.436504 0.823421 -0.362550 0.108704 0.639648 1 0 1.0
0 6.565109 7.425215 1.070518 -0.436504 0.823421 -0.362550 0.108704 0.639648 1 0 1.0
Default
0 6.053039 8.429612 -1.020924 0.555400 0.001172 -0.831583 0.108704 0.639648 1 0 1.0
0 7.359226 8.480962 -0.148472 0.555400 0.001172 -0.831583 0.108704 0.639648 1 0 1.0
0 6.161919 7.276163 -0.949831 0.555400 0.001172 -0.831583 0.108704 0.639648 1 0 1.0
Default
0 4.695841 8.634238 1.137604 -0.092451 -0.051984 0.994359 0.108704 0.639648 1 0 1.0
0 3.585300 7.857019 0.993718 -0.092451 -0.051984 0.994359 0.108704 0.639648 1 0 1.0
0 4.678790 7.311266 1.066855 -0.092451 -0.051984 0.994359 0.108704 0.639648 1 0 1.0
Default
0 2.638283 12.032887 0.331245 -0.399102 0.054724 0.915272 0.171631 0.578613 1 0 1.0
0 2.800650 9.353423 0.562249 -0.399102 0.054724 0.915272 0.171631 0.578613 1 0 1.0
0 2.820791 11.920549 0.417544 -0.399102 0.054724 0.915272 0.171631 0.578613 1 0 1.0
Default
0 4.021015 9.276282 0.785921 0.685307 0.728115 0.014272 0.108704 0.639648 1 0 1.0
0 4.695841 8.634238 1.137604 0.685307 0.728115 0.014272 0.108704 0.639648 1 0 1.0
0 3.981701 9.336508 -0.398783 0.685307 0.728115 0.014272 0.108704 0.639648 1 0 1.0
Default
0 2.564744 10.273394 -0.134029 -0.907902 -0.374834 -0.187652 0.108704 0.639648 1 0 1.0
0 3.520214 7.865408 0.053140 -0.907902 -0.374834 -0.187652 0.108704 0.639648 1 0 1.0
0 2.800650 9.353423 0.562249 -0.907902 -0.374834 -0.187652 0.108704 0.639648 1 0 1.0
Default
0 2.800650 9.353423 0.562249 -0.165139 0.192328 0.967336 0.108704 0.639648 1 0 1.0
0 3.585300 7.857019 0.993718 -0.165139 0.192328 0.967336 0.108704 0.639648 1 0 1.0
0 4.021015 9.276282 0.785921 -0.165139 0.192328 0.967336 0.108704 0.639648 1 0 1.0
Default
0 2.806417 11.918453 0.211523 -0.445364 0.246247 -0.860821 0.171631 0.578613 1 0 1.0
0 2.564744 10.273394 -0.134029 -0.445364 0.246247 -0.860821 0.171631 0.578613 1 0 1.0
0 2.638283 12.032887 0.331245 -0.445364 0.246247 -0.860821 0.171631 0.578613 1 0 1.0
Default
0 2.806417 11.918453 0.211523 0.901991 0.426482 -0.067271 0.171631 0.578613 1 0 1.0
0 2.820791 11.920549 0.417544 0.901991 0.426482 -0.067271 0.171631 0.578613 1 0 1.0
0 3.981701 9.336508 -0.398783 0.901991 0.426482 -0.067271 0.171631 0.578613 1 0 1.0
Default
0 5.993943 9.779822 1.252048 0.821475 0.006219 0.570211 0.108704 0.639648 1 0 1.0
0 6.231258 8.497577 0.924145 0.821475 0.006219 0.570211 0.108704 0.639648 1 0 1.0
0 6.985129 9.866496 -0.176852 0.821475 0.006219 0.570211 0.108704 0.639648 1 0 1.0
Default
0 7.359226 8.480962 -0.148472 0.063517 0.996884 0.046782 0.108704 0.639648 1 0 1.0
0 7.266161 8.486442 -0.138880 0.063517 0.996884 0.046782 0.108704 0.639648 1 0 1.0
0 6.263039 8.497973 0.977589 0.063517 0.996884 0.046782 0.108704 0.639648 1 0 1.0
Default
0 7.359226 8.480962 -0.148472 0.045341 0.990967 -0.126208 0.108704 0.639648 1 0 1.0
0 6.053039 8.429612 -1.020924 0.045341 0.990967 -0.126208 0.108704 0.639648 1 0 1.0
0 7.266161 8.486442 -0.138880 0.045341 0.990967 -0.126208 0.108704 0.639648 1 0 1.0
Default
0 4.841908 11.309315 -1.151031 0.676216 0.402917 -0.616757 0.109802 0.641113 1 0 1.0
0 5.653304 11.746565 0.024235 0.676216 0.402917 -0.616757 0.109802 0.641113 1 0 1.0
0 5.637163 9.783544 -1.275869 0.676216 0.402917 -0.616757 0.109802 0.641113 1 0 1.0
Default
0 4.762428 9.764795 0.709656 -0.988841 0.051913 0.139638 0.108704 0.639648 1 0 1.0
0 4.603857 9.766450 -0.413879 -0.988841 0.051913 0.139638 0.108704 0.639648 1 0 1.0
0 4.754347 8.628523 1.074855 -0.988841 0.051913 0.139638 0.108704 0.639648 1 0 1.0
Default
0 5.637163 9.783544 -1.275869 0.631709 0.005104 -0.775188 0.108704 0.639648 1 0 1.0
0 6.985129 9.866496 -0.176852 0.631709 0.005104 -0.775188 0.108704 0.639648 1 0 1.0
0 6.033053 8.433057 -0.962145 0.631709 0.005104 -0.775188 0.108704 0.639648 1 0 1.0
Default
0 4.762428 9.764795 0.709656 -0.389331 0.284351 0.876108 0.150513 0.617676 1 0 1.0
0 4.754347 8.628523 1.074855 -0.389331 0.284351 0.876108 0.150513 0.617676 1 0 1.0
0 5.993943 9.779822 1.252048 -0.389331 0.284351 0.876108 0.150513 0.617676 1 0 1.0
Default
0 4.603857 9.766450 -0.413879 -0.619684 0.268431 -0.737521 0.108704 0.639648 1 0 1.0
0 5.637163 9.783544 -1.275869 -0.619684 0.268431 -0.737521 0.108704 0.639648 1 0 1.0
0 4.556141 8.564000 -0.811435 -0.619684 0.268431 -0.737521 0.108704 0.639648 1 0 1.0
Default
0 3.077278 12.317587 0.395521 -0.820055 -0.555044 -0.139413 0.171631 0.578613 1 0 1.0
0 3.087468 12.340855 0.242950 -0.820055 -0.555044 -0.139413 0.171631 0.578613 1 0 1.0
0 4.071347 11.030252 -0.326510 -0.820055 -0.555044 -0.139413 0.171631 0.578613 1 0 1.0
Default
0 4.229920 11.028594 0.797025 -0.444733 -0.246911 0.860957 0.151611 0.619141 1 0 1.0
0 4.762428 9.764795 0.709656 -0.444733 -0.246911 0.860957 0.151611 0.619141 1 0 1.0
0 5.198685 11.305591 1.376886 -0.444733 -0.246911 0.860957 0.151611 0.619141 1 0 1.0
Default
0 4.071347 11.030252 -0.326510 -0.669747 -0.233468 -0.704934 0.109802 0.641113 1 0 1.0
0 4.841908 11.309315 -1.151031 -0.669747 -0.233468 -0.704934 0.109802 0.641113 1 0 1.0
0 4.603857 9.766450 -0.413879 -0.669747 -0.233468 -0.704934 0.109802 0.641113 1 0 1.0
Default
0 5.198685 11.305591 1.376886 0.823617 0.396070 0.405935 0.109802 0.641113 1 0 1.0
0 5.993943 9.779822 1.252048 0.823617 0.396070 0.405935 0.109802 0.641113 1 0 1.0
0 5.653304 11.746565 0.024235 0.823617 0.396070 0.405935 0.109802 0.641113 1 0 1.0
Default
0 3.416699 12.537432 0.419446 -0.543468 0.835269 0.083477 0.171631 0.578613 1 0 1.0
0 3.087468 12.340855 0.242950 -0.543468 0.835269 0.083477 0.171631 0.578613 1 0 1.0
0 3.103083 12.321838 0.534895 -0.543468 0.835269 0.083477 0.171631 0.578613 1 0 1.0
Default
0 3.103083 12.321838 0.534895 -0.069480 0.547597 0.833852 0.171631 0.578613 1 0 1.0
0 5.198685 11.305591 1.376886 -0.069480 0.547597 0.833852 0.171631 0.578613 1 0 1.0
0 3.416699 12.537432 0.419446 -0.069480 0.547597 0.833852 0.171631 0.578613 1 0 1.0
Default
0 3.103083 12.321838 0.534895 -0.760073 -0.629851 0.159930 0.171631 0.578613 1 0 1.0
0 3.077278 12.317587 0.395521 -0.760073 -0.629851 0.159930 0.171631 0.578613 1 0 1.0
0 4.229920 11.028594 0.797025 -0.760073 -0.629851 0.159930 0.171631 0.578613 1 0 1.0
Default
0 3.087468 12.340855 0.242950 -0.088997 0.743819 -0.662430 0.171631 0.578613 1 0 1.0
0 3.416699 12.537432 0.419446 -0.088997 0.743819 -0.662430 0.171631 0.578613 1 0 1.0
0 4.841908 11.309315 -1.151031 -0.088997 0.743819 -0.662430 0.171631 0.578613 1 0 1.0
Default
0 5.687910 2.788335 -0.058081 0.472865 -0.329588 0.817172 0.108704 0.639648 1 0 1.0
0 6.381758 3.879300 -0.019567 0.472865 -0.329588 0.817172 0.108704 0.639648 1 0 1.0
0 5.481112 3.090985 0.183651 0.472865 -0.329588 0.817172 0.108704 0.639648 1 0 1.0
Default
0 5.067517 3.696284 0.183651 -0.814697 0.204325 0.542697 0.108704 0.639648 1 0 1.0
0 5.382750 4.426517 0.381946 -0.814697 0.204325 0.542697 0.108704 0.639648 1 0 1.0
0 4.860719 4.011424 -0.245444 -0.814697 0.204325 0.542697 0.108704 0.639648 1 0 1.0
Default
0 5.067517 3.696284 -0.692971 -0.744061 0.333698 -0.578809 0.108704 0.639648 1 0 1.0
0 4.860719 4.011424 -0.245444 -0.744061 0.333698 -0.578809 0.108704 0.639648 1 0 1.0
0 5.382750 4.426517 -0.677204 -0.744061 0.333698 -0.578809 0.108704 0.639648 1 0 1.0
Default
0 5.481112 3.090985 0.183651 -0.158112 -0.108036 0.981493 0.150513 0.617676 1 0 1.0
0 6.048756 4.061706 0.381946 -0.158112 -0.108036 0.981493 0.150513 0.617676 1 0 1.0
0 5.067517 3.696284 0.183651 -0.158112 -0.108036 0.981493 0.150513 0.617676 1 0 1.0
Default
0 3.359674 3.762734 -0.110461 -0.054471 0.709905 0.702188 0.108704 0.639648 1 0 1.0
0 3.491234 3.250261 0.417850 -0.054471 0.709905 0.702188 0.108704 0.639648 1 0 1.0
0 4.860719 4.011424 -0.245444 -0.054471 0.709905 0.702188 0.108704 0.639648 1 0 1.0
Default
0 3.491234 3.250261 0.417850 0.136888 0.036020 0.989931 0.150513 0.617676 1 0 1.0
0 3.754359 2.250298 0.417850 0.136888 0.036020 0.989931 0.150513 0.617676 1 0 1.0
0 5.067517 3.696284 0.183651 0.136888 0.036020 0.989931 0.150513 0.617676 1 0 1.0
Default
0 1.598799 2.415614 -1.009186 -0.307480 0.810880 -0.497925 0.108704 0.639648 1 0 1.0
0 1.529021 2.680796 -0.534243 -0.307480 0.810880 -0.497925 0.108704 0.639648 1 0 1.0
0 3.491234 3.250261 -0.818570 -0.307480 0.810880 -0.497925 0.108704 0.639648 1 0 1.0
Default
0 1.529021 2.680796 -0.534243 -0.435431 0.426160 0.792961 0.108704 0.639648 1 0 1.0
0 1.598799 2.415614 -0.353410 -0.435431 0.426160 0.792961 0.108704 0.639648 1 0 1.0
0 3.359674 3.762734 -0.110461 -0.435431 0.426160 0.792961 0.108704 0.639648 1 0 1.0
Default
0 4.480364 0.850393 -0.960710 0.556775 0.133434 -0.819876 0.104980 0.641113 1 0 1.0
0 4.964504 0.935294 -0.618115 0.556775 0.133434 -0.819876 0.104980 0.641113 1 0 1.0
0 4.540276 0.600393 -0.960710 0.556775 0.133434 -0.819876 0.104980 0.641113 1 0 1.0
Default
0 4.570232 0.475394 -0.688152 -0.381943 -0.642804 0.664020 0.104980 0.641113 1 0 1.0
0 4.957805 0.564004 -0.379442 -0.381943 -0.642804 0.664020 0.104980 0.641113 1 0 1.0
0 4.540276 0.600393 -0.584376 -0.381943 -0.642804 0.664020 0.104980 0.641113 1 0 1.0
Default
0 4.450409 0.975392 -0.688152 -0.475529 0.491663 0.729479 0.104980 0.641113 1 0 1.0
0 4.480364 0.850393 -0.584376 -0.475529 0.491663 0.729479 0.104980 0.641113 1 0 1.0
0 4.855307 1.082425 -0.496347 -0.475529 0.491663 0.729479 0.104980 0.641113 1 0 1.0
Default
0 4.480364 0.850393 -0.960710 0.125524 0.906933 -0.402140 0.104980 0.641113 1 0 1.0
0 4.450409 0.975392 -0.688152 0.125524 0.906933 -0.402140 0.104980 0.641113 1 0 1.0
0 4.964504 0.935294 -0.618115 0.125524 0.906933 -0.402140 0.104980 0.641113 1 0 1.0
Default
0 4.540276 0.600393 -0.960710 0.470279 -0.781458 -0.410074 0.104980 0.641113 1 0 1.0
0 5.015753 0.676083 -0.559662 0.470279 -0.781458 -0.410074 0.104980 0.641113 1 0 1.0
0 4.570232 0.475394 -0.688152 0.470279 -0.781458 -0.410074 0.104980 0.641113 1 0 1.0
Default
0 4.540276 0.600393 -0.584376 -0.702486 -0.168347 0.691500 0.104980 0.641113 1 0 1.0
0 4.843741 0.712156 -0.248881 -0.702486 -0.168347 0.691500 0.104980 0.641113 1 0 1.0
0 4.480364 0.850393 -0.584376 -0.702486 -0.168347 0.691500 0.104980 0.641113 1 0 1.0
Default
0 3.335571 0.043326 -0.730029 0.156714 -0.528677 0.834231 0.104980 0.641113 1 0 1.0
0 4.570232 0.475394 -0.688152 0.156714 -0.528677 0.834231 0.104980 0.641113 1 0 1.0
0 3.308296 0.165002 -0.647796 0.156714 -0.528677 0.834231 0.104980 0.641113 1 0 1.0
Default
0 3.253744 0.408352 -0.946007 -0.299508 0.814585 -0.496736 0.104980 0.641113 1 0 1.0
0 3.226469 0.530027 -0.730029 -0.299508 0.814585 -0.496736 0.104980 0.641113 1 0 1.0
0 4.480364 0.850393 -0.960710 -0.299508 0.814585 -0.496736 0.104980 0.641113 1 0 1.0
Default
0 3.335571 0.043326 -0.730029 0.301657 -0.813871 -0.496605 0.104980 0.641113 1 0 1.0
0 3.308296 0.165002 -0.946007 0.301657 -0.813871 -0.496605 0.104980 0.641113 1 0 1.0
0 4.570232 0.475394 -0.688152 0.301657 -0.813871 -0.496605 0.104980 0.641113 1 0 1.0
Default
0 5.297595 1.000789 0.352494 -0.640475 0.612743 0.462966 0.104980 0.641113 1 0 1.0
0 5.353060 1.142210 0.242052 -0.640475 0.612743 0.462966 0.104980 0.641113 1 0 1.0
0 4.792492 0.971367 -0.307333 -0.640475 0.612743 0.462966 0.104980 0.641113 1 0 1.0
Default
0 5.353060 1.142210 0.242052 0.280570 0.922856 -0.263851 0.104980 0.641113 1 0 1.0
0 5.506070 1.058856 0.113214 0.280570 0.922856 -0.263851 0.104980 0.641113 1 0 1.0
0 4.855307 1.082425 -0.496347 0.280570 0.922856 -0.263851 0.104980 0.641113 1 0 1.0
Default
0 5.500132 0.679284 0.259483 0.608300 -0.690271 -0.391787 0.104980 0.641113 1 0 1.0
0 4.957805 0.564004 -0.379442 0.608300 -0.690271 -0.391787 0.104980 0.641113 1 0 1.0
0 5.579606 0.827393 0.121930 0.608300 -0.690271 -0.391787 0.104980 0.641113 1 0 1.0
Default
0 5.371131 0.769325 0.361210 -0.730346 -0.207526 0.650790 0.104980 0.641113 1 0 1.0
0 5.297595 1.000789 0.352494 -0.730346 -0.207526 0.650790 0.104980 0.641113 1 0 1.0
0 4.843741 0.712156 -0.248881 -0.730346 -0.207526 0.650790 0.104980 0.641113 1 0 1.0
Default
0 5.579606 0.827393 0.121930 0.730596 0.207616 -0.650481 0.104980 0.641113 1 0 1.0
0 5.015753 0.676083 -0.559662 0.730596 0.207616 -0.650481 0.104980 0.641113 1 0 1.0
0 5.506070 1.058856 0.113214 0.730596 0.207616 -0.650481 0.104980 0.641113 1 0 1.0
Default
0 5.371131 0.769325 0.361210 -0.324301 -0.873854 0.362226 0.104980 0.641113 1 0 1.0
0 4.843741 0.712156 -0.248881 -0.324301 -0.873854 0.362226 0.104980 0.641113 1 0 1.0
0 5.500132 0.679284 0.259483 -0.324301 -0.873854 0.362226 0.104980 0.641113 1 0 1.0
Default
0 6.056371 0.909559 0.206358 0.179180 -0.921111 -0.345615 0.104980 0.641113 1 0 1.0
0 6.080439 0.846220 0.387643 0.179180 -0.921111 -0.345615 0.104980 0.641113 1 0 1.0
0 5.558740 0.838430 0.137935 0.179180 -0.921111 -0.345615 0.104980 0.641113 1 0 1.0
Default
0 5.506070 1.058856 0.113214 0.667343 0.238585 0.705500 0.104980 0.641113 1 0 1.0
0 5.495039 1.038934 0.130385 0.667343 0.238585 0.705500 0.104980 0.641113 1 0 1.0
0 5.579606 0.827393 0.121930 0.667343 0.238585 0.705500 0.104980 0.641113 1 0 1.0
Default
0 6.612253 1.696312 -0.083277 -0.581487 0.776211 -0.243661 0.104980 0.641113 1 0 1.0
0 6.514389 1.608565 -0.129259 -0.581487 0.776211 -0.243661 0.104980 0.641113 1 0 1.0
0 5.887712 1.299969 0.383214 -0.581487 0.776211 -0.243661 0.104980 0.641113 1 0 1.0
Default
0 6.044616 0.925316 0.528995 -0.247258 -0.104291 0.963321 0.104980 0.641113 1 0 1.0
0 5.903105 1.258366 0.528730 -0.247258 -0.104291 0.963321 0.104980 0.641113 1 0 1.0
0 5.383111 0.786266 0.344152 -0.247258 -0.104291 0.963321 0.104980 0.641113 1 0 1.0
Default
0 6.056371 0.909559 0.206358 0.128467 0.053796 -0.990254 0.104980 0.641113 1 0 1.0
0 5.558740 0.838430 0.137935 0.128467 0.053796 -0.990254 0.104980 0.641113 1 0 1.0
0 5.900109 1.277330 0.206065 0.128467 0.053796 -0.990254 0.104980 0.641113 1 0 1.0
Default
0 6.080439 0.846220 0.387643 0.094905 -0.858285 0.504321 0.104980 0.641113 1 0 1.0
0 6.044616 0.925316 0.528995 0.094905 -0.858285 0.504321 0.104980 0.641113 1 0 1.0
0 5.493976 0.704481 0.256785 0.094905 -0.858285 0.504321 0.104980 0.641113 1 0 1.0
Default
0 5.871120 1.338867 0.387250 -0.461661 0.722084 0.515232 0.104980 0.641113 1 0 1.0
0 5.362615 1.117959 0.241215 -0.461661 0.722084 0.515232 0.104980 0.641113 1 0 1.0
0 5.903105 1.258366 0.528730 -0.461661 0.722084 0.515232 0.104980 0.641113 1 0 1.0
Default
0 5.900109 1.277330 0.206065 -0.425252 0.834103 -0.351332 0.104980 0.641113 1 0 1.0
0 5.495039 1.038934 0.130385 -0.425252 0.834103 -0.351332 0.104980 0.641113 1 0 1.0
0 5.871120 1.338867 0.387250 -0.425252 0.834103 -0.351332 0.104980 0.641113 1 0 1.0
Default
0 5.903105 1.258366 0.528730 0.920273 0.391011 0.014434 0.104980 0.641113 1 0 1.0
0 5.911982 1.238882 0.490572 0.920273 0.391011 0.014434 0.104980 0.641113 1 0 1.0
0 5.871120 1.338867 0.387250 0.920273 0.391011 0.014434 0.104980 0.641113 1 0 1.0
Default
0 5.903105 1.258366 0.528730 0.920266 0.391027 0.014422 0.104980 0.641113 1 0 1.0
0 6.044616 0.925316 0.528995 0.920266 0.391027 0.014422 0.104980 0.641113 1 0 1.0
0 5.911982 1.238882 0.490572 0.920266 0.391027 0.014422 0.104980 0.641113 1 0 1.0
Default
0 6.631251 1.305469 -0.144819 0.151993 -0.818996 -0.553303 0.104980 0.641113 1 0 1.0
0 6.764195 1.302231 -0.103506 0.151993 -0.818996 -0.553303 0.104980 0.641113 1 0 1.0
0 6.045499 0.933736 0.244511 0.151993 -0.818996 -0.553303 0.104980 0.641113 1 0 1.0
Default
0 6.723531 1.671408 -0.052530 0.494895 0.146838 0.856457 0.104980 0.641113 1 0 1.0
0 5.911982 1.238882 0.490572 0.494895 0.146838 0.856457 0.104980 0.641113 1 0 1.0
0 6.831113 1.392380 -0.066856 0.494895 0.146838 0.856457 0.104980 0.641113 1 0 1.0
Default
0 6.514389 1.608565 -0.129259 -0.462922 -0.133497 -0.876289 0.104980 0.641113 1 0 1.0
0 6.631251 1.305469 -0.144819 -0.462922 -0.133497 -0.876289 0.104980 0.641113 1 0 1.0
0 5.909943 1.252774 0.244257 -0.462922 -0.133497 -0.876289 0.104980 0.641113 1 0 1.0
Default
0 6.831113 1.392380 -0.066856 0.647661 -0.645391 0.404976 0.104980 0.641113 1 0 1.0
0 6.036776 0.945179 0.490806 0.647661 -0.645391 0.404976 0.104980 0.641113 1 0 1.0
0 6.764195 1.302231 -0.103506 0.647661 -0.645391 0.404976 0.104980 0.641113 1 0 1.0
Default
0 6.612253 1.696312 -0.083277 -0.005872 0.766547 0.642161 0.104980 0.641113 1 0 1.0
0 5.887712 1.299969 0.383214 -0.005872 0.766547 0.642161 0.104980 0.641113 1 0 1.0
0 6.723531 1.671408 -0.052530 -0.005872 0.766547 0.642161 0.104980 0.641113 1 0 1.0
Default
0 6.723531 1.671408 -0.052530 0.296391 0.162597 -0.941124 0.104980 0.641113 1 0 1.0
0 6.831113 1.392380 -0.066856 0.296391 0.162597 -0.941124 0.104980 0.641113 1 0 1.0
0 6.711519 1.656548 -0.058880 0.296391 0.162597 -0.941124 0.104980 0.641113 1 0 1.0
Default
0 6.514389 1.608565 -0.129259 0.296413 0.162595 -0.941118 0.104980 0.641113 1 0 1.0
0 6.534314 1.602902 -0.123962 0.296413 0.162595 -0.941118 0.104980 0.641113 1 0 1.0
0 6.631251 1.305469 -0.144819 0.296413 0.162595 -0.941118 0.104980 0.641113 1 0 1.0
Default
0 6.514389 1.608565 -0.129259 0.296397 0.162602 -0.941121 0.104980 0.641113 1 0 1.0
0 6.612253 1.696312 -0.083277 0.296397 0.162602 -0.941121 0.104980 0.641113 1 0 1.0
0 6.534314 1.602902 -0.123962 0.296397 0.162602 -0.941121 0.104980 0.641113 1 0 1.0
Default
0 6.966934 1.705608 -1.385131 -0.040919 0.136161 -0.989841 0.104980 0.641113 1 0 1.0
0 6.886340 1.680081 -1.385310 -0.040919 0.136161 -0.989841 0.104980 0.641113 1 0 1.0
0 6.926194 1.710329 -1.382797 -0.040919 0.136161 -0.989841 0.104980 0.641113 1 0 1.0
Default
0 7.000992 1.612651 -1.399334 -0.040941 0.136244 -0.989829 0.104980 0.641113 1 0 1.0
0 6.886340 1.680081 -1.385310 -0.040941 0.136244 -0.989829 0.104980 0.641113 1 0 1.0
0 6.966934 1.705608 -1.385131 -0.040941 0.136244 -0.989829 0.104980 0.641113 1 0 1.0
Default
0 6.972941 1.582743 -1.402288 0.730100 -0.683151 -0.016120 0.104980 0.641113 1 0 1.0
0 7.000992 1.612651 -1.399334 0.730100 -0.683151 -0.016120 0.104980 0.641113 1 0 1.0
0 6.755547 1.319760 -0.103201 0.730100 -0.683151 -0.016120 0.104980 0.641113 1 0 1.0
Default
0 6.966934 1.705608 -1.385131 0.118266 0.991201 0.059442 0.104980 0.641113 1 0 1.0
0 6.926194 1.710329 -1.382797 0.118266 0.991201 0.059442 0.104980 0.641113 1 0 1.0
0 6.711519 1.656548 -0.058880 0.118266 0.991201 0.059442 0.104980 0.641113 1 0 1.0
Default
0 5.170502 -0.684111 -1.150090 0.627537 0.142718 -0.765394 0.104980 0.641113 1 0 1.0
0 5.540965 -0.645813 -0.839210 0.627537 0.142718 -0.765394 0.104980 0.641113 1 0 1.0
0 5.230792 -0.949212 -1.150090 0.627537 0.142718 -0.765394 0.104980 0.641113 1 0 1.0
Default
0 5.260938 -1.081762 -0.861848 -0.326325 -0.645757 0.690297 0.104980 0.641113 1 0 1.0
0 5.601422 -0.989720 -0.614787 -0.326325 -0.645757 0.690297 0.104980 0.641113 1 0 1.0
0 5.230792 -0.949212 -0.752101 -0.326325 -0.645757 0.690297 0.104980 0.641113 1 0 1.0
Default
0 5.140356 -0.551561 -0.861848 -0.415494 0.522164 0.744788 0.104980 0.641113 1 0 1.0
0 5.170502 -0.684111 -0.752101 -0.415494 0.522164 0.744788 0.104980 0.641113 1 0 1.0
0 5.413769 -0.529607 -0.724712 -0.415494 0.522164 0.744788 0.104980 0.641113 1 0 1.0
Default
0 5.170502 -0.684111 -1.150090 0.231870 0.892756 -0.386294 0.104980 0.641113 1 0 1.0
0 5.140356 -0.551561 -0.861848 0.231870 0.892756 -0.386294 0.104980 0.641113 1 0 1.0
0 5.540965 -0.645813 -0.839210 0.231870 0.892756 -0.386294 0.104980 0.641113 1 0 1.0
Default
0 5.170502 -0.684111 -0.752101 -0.682774 -0.155281 0.713938 0.104980 0.641113 1 0 1.0
0 5.230792 -0.949212 -0.752101 -0.682774 -0.155281 0.713938 0.104980 0.641113 1 0 1.0
0 5.375722 -0.643389 -0.546982 -0.682774 -0.155281 0.713938 0.104980 0.641113 1 0 1.0
Default
0 3.609449 -1.551227 -0.889769 0.137534 -0.533451 0.834575 0.104980 0.641113 1 0 1.0
0 5.260938 -1.081762 -0.861848 0.137534 -0.533451 0.834575 0.104980 0.641113 1 0 1.0
0 3.576729 -1.396911 -0.785739 0.137534 -0.533451 0.834575 0.104980 0.641113 1 0 1.0
Default
0 3.511289 -1.088276 -1.162996 -0.201305 0.842378 -0.499876 0.104980 0.641113 1 0 1.0
0 3.478569 -0.933959 -0.889769 -0.201305 0.842378 -0.499876 0.104980 0.641113 1 0 1.0
0 5.170502 -0.684111 -1.150090 -0.201305 0.842378 -0.499876 0.104980 0.641113 1 0 1.0
Default
0 3.609449 -1.551227 -0.889769 0.244771 -0.831390 -0.498876 0.104980 0.641113 1 0 1.0
0 3.576729 -1.396910 -1.162996 0.244771 -0.831390 -0.498876 0.104980 0.641113 1 0 1.0
0 5.260938 -1.081762 -0.861848 0.244771 -0.831390 -0.498876 0.104980 0.641113 1 0 1.0
Default
0 5.789033 -0.520007 -0.005811 -0.714850 0.560464 0.418174 0.104980 0.641113 1 0 1.0
0 5.834801 -0.383566 -0.110440 -0.714850 0.560464 0.418174 0.104980 0.641113 1 0 1.0
0 5.375722 -0.643389 -0.546982 -0.714850 0.560464 0.418174 0.104980 0.641113 1 0 1.0
Default
0 5.834801 -0.383566 -0.110440 0.169752 0.926236 -0.336559 0.104980 0.641113 1 0 1.0
0 5.983530 -0.455174 -0.232495 0.169752 0.926236 -0.336559 0.104980 0.641113 1 0 1.0
0 5.413769 -0.529607 -0.724712 0.169752 0.926236 -0.336559 0.104980 0.641113 1 0 1.0
Default
0 5.869593 -0.735521 0.002446 -0.719511 -0.244044 0.650190 0.104980 0.641113 1 0 1.0
0 5.789033 -0.520007 -0.005811 -0.719511 -0.244044 0.650190 0.104980 0.641113 1 0 1.0
0 5.469549 -0.873446 -0.492019 -0.719511 -0.244044 0.650190 0.104980 0.641113 1 0 1.0
Default
0 6.064089 -0.670689 -0.224239 0.723705 0.245812 -0.644847 0.104980 0.641113 1 0 1.0
0 5.634792 -0.875869 -0.784248 0.723705 0.245812 -0.644847 0.104980 0.641113 1 0 1.0
0 5.983530 -0.455174 -0.232495 0.723705 0.245812 -0.644847 0.104980 0.641113 1 0 1.0
Default
0 5.869593 -0.735521 0.002446 -0.223972 -0.876686 0.425745 0.104980 0.641113 1 0 1.0
0 5.469549 -0.873446 -0.492019 -0.223972 -0.876686 0.425745 0.104980 0.641113 1 0 1.0
0 5.995921 -0.814595 -0.093925 -0.223972 -0.876686 0.425745 0.104980 0.641113 1 0 1.0
Default
0 6.355491 -0.615602 -0.139856 0.210831 -0.913948 -0.346770 0.104980 0.641113 1 0 1.0
0 6.375843 -0.667444 0.009153 0.210831 -0.913948 -0.346770 0.104980 0.641113 1 0 1.0
0 6.043823 -0.661235 -0.209075 0.210831 -0.913948 -0.346770 0.104980 0.641113 1 0 1.0
Default
0 6.064089 -0.670689 -0.224239 0.654570 0.271710 0.705487 0.104980 0.641113 1 0 1.0
0 5.983530 -0.455174 -0.232495 0.654570 0.271710 0.705487 0.104980 0.641113 1 0 1.0
0 6.043823 -0.661235 -0.209075 0.654570 0.271710 0.705487 0.104980 0.641113 1 0 1.0
Default
0 6.586665 -0.157842 -0.416902 -0.591984 0.769649 -0.239157 0.104980 0.641113 1 0 1.0
0 6.232044 -0.334834 -0.108704 -0.591984 0.769649 -0.239157 0.104980 0.641113 1 0 1.0
0 6.669846 -0.081596 -0.377428 -0.591984 0.769649 -0.239157 0.104980 0.641113 1 0 1.0
Default
0 6.345687 -0.602758 0.125337 -0.258507 -0.112435 0.959444 0.104980 0.641113 1 0 1.0
0 6.226374 -0.330298 0.125119 -0.258507 -0.112435 0.959444 0.104980 0.641113 1 0 1.0
0 5.880122 -0.718924 -0.013715 -0.258507 -0.112435 0.959444 0.104980 0.641113 1 0 1.0
Default
0 6.355491 -0.615602 -0.139856 0.203610 0.088384 -0.975054 0.104980 0.641113 1 0 1.0
0 6.043823 -0.661235 -0.209075 0.203610 0.088384 -0.975054 0.104980 0.641113 1 0 1.0
0 6.223740 -0.314740 -0.140097 0.203610 0.088384 -0.975054 0.104980 0.641113 1 0 1.0
Default
0 6.375843 -0.667444 0.009153 0.133041 -0.850868 0.508256 0.104980 0.641113 1 0 1.0
0 6.345687 -0.602758 0.125337 0.133041 -0.850868 0.508256 0.104980 0.641113 1 0 1.0
0 5.988901 -0.791046 -0.096483 0.133041 -0.850868 0.508256 0.104980 0.641113 1 0 1.0
Default
0 6.199360 -0.264423 0.008830 -0.462891 0.720840 0.515871 0.104980 0.641113 1 0 1.0
0 5.844993 -0.406058 -0.111232 -0.462891 0.720840 0.515871 0.104980 0.641113 1 0 1.0
0 6.226374 -0.330298 0.125119 -0.462891 0.720840 0.515871 0.104980 0.641113 1 0 1.0
Default
0 6.223740 -0.314740 -0.140097 -0.426310 0.833530 -0.351408 0.104980 0.641113 1 0 1.0
0 5.974039 -0.474546 -0.216228 -0.426310 0.833530 -0.351408 0.104980 0.641113 1 0 1.0
0 6.199360 -0.264423 0.008830 -0.426310 0.833530 -0.351408 0.104980 0.641113 1 0 1.0
Default
0 6.226374 -0.330298 0.125119 0.915946 0.401043 0.014408 0.104980 0.641113 1 0 1.0
0 6.233845 -0.346233 0.093756 0.915946 0.401043 0.014408 0.104980 0.641113 1 0 1.0
0 6.199360 -0.264423 0.008830 0.915946 0.401043 0.014408 0.104980 0.641113 1 0 1.0
Default
0 6.226374 -0.330298 0.125119 0.915922 0.401099 0.014378 0.104980 0.641113 1 0 1.0
0 6.345687 -0.602758 0.125337 0.915922 0.401099 0.014378 0.104980 0.641113 1 0 1.0
0 6.233845 -0.346233 0.093756 0.915922 0.401099 0.014378 0.104980 0.641113 1 0 1.0
Default
0 6.689836 -0.416922 -0.430260 0.109353 -0.913736 -0.391316 0.104980 0.641113 1 0 1.0
0 6.803988 -0.418450 -0.394794 0.109353 -0.913736 -0.391316 0.104980 0.641113 1 0 1.0
0 6.346337 -0.595829 -0.108495 0.109353 -0.913736 -0.391316 0.104980 0.641113 1 0 1.0
Default
0 6.765601 -0.101926 -0.351033 0.577486 0.189016 0.794219 0.104980 0.641113 1 0 1.0
0 6.233845 -0.346233 0.093756 0.577486 0.189016 0.794219 0.104980 0.641113 1 0 1.0
0 6.860581 -0.340433 -0.363332 0.577486 0.189016 0.794219 0.104980 0.641113 1 0 1.0
Default
0 6.586665 -0.157842 -0.416902 -0.586917 -0.193182 -0.786263 0.104980 0.641113 1 0 1.0
0 6.689836 -0.416922 -0.430260 -0.586917 -0.193182 -0.786263 0.104980 0.641113 1 0 1.0
0 6.232044 -0.334834 -0.108704 -0.586917 -0.193182 -0.786263 0.104980 0.641113 1 0 1.0
Default
0 6.803988 -0.418450 -0.394794 0.664864 -0.638567 0.387540 0.104980 0.641113 1 0 1.0
0 6.860581 -0.340433 -0.363332 0.664864 -0.638567 0.387540 0.104980 0.641113 1 0 1.0
0 6.361946 -0.635588 0.005784 0.664864 -0.638567 0.387540 0.104980 0.641113 1 0 1.0
Default
0 6.765601 -0.101926 -0.351033 0.294606 0.165848 -0.941117 0.104980 0.641113 1 0 1.0
0 6.860581 -0.340433 -0.363332 0.294606 0.165848 -0.941117 0.104980 0.641113 1 0 1.0
0 6.755431 -0.114796 -0.356485 0.294606 0.165848 -0.941117 0.104980 0.641113 1 0 1.0
Default
0 6.689836 -0.416922 -0.430260 0.294615 0.165853 -0.941114 0.104980 0.641113 1 0 1.0
0 6.586665 -0.157842 -0.416902 0.294615 0.165853 -0.941114 0.104980 0.641113 1 0 1.0
0 6.699262 -0.402184 -0.424712 0.294615 0.165853 -0.941114 0.104980 0.641113 1 0 1.0
Default
0 6.586665 -0.157842 -0.416902 0.294619 0.165808 -0.941120 0.104980 0.641113 1 0 1.0
0 6.669846 -0.081596 -0.377428 0.294619 0.165808 -0.941120 0.104980 0.641113 1 0 1.0
0 6.603820 -0.162515 -0.412355 0.294619 0.165808 -0.941120 0.104980 0.641113 1 0 1.0
Default
0 6.963796 -0.078045 -1.447988 -0.042410 0.135695 -0.989842 0.104980 0.641113 1 0 1.0
0 6.897789 -0.099752 -1.448136 -0.042410 0.135695 -0.989842 0.104980 0.641113 1 0 1.0
0 6.930272 -0.074532 -1.446070 -0.042410 0.135695 -0.989842 0.104980 0.641113 1 0 1.0
Default
0 6.992630 -0.154139 -1.459663 -0.042436 0.135787 -0.989829 0.104980 0.641113 1 0 1.0
0 6.897789 -0.099752 -1.448136 -0.042436 0.135787 -0.989829 0.104980 0.641113 1 0 1.0
0 6.963796 -0.078045 -1.447988 -0.042436 0.135787 -0.989829 0.104980 0.641113 1 0 1.0
Default
0 6.969844 -0.178974 -1.462090 0.737746 -0.674719 -0.022035 0.104980 0.641113 1 0 1.0
0 6.992630 -0.154139 -1.459663 0.737746 -0.674719 -0.022035 0.104980 0.641113 1 0 1.0
0 6.796398 -0.403484 -0.394533 0.737746 -0.674719 -0.022035 0.104980 0.641113 1 0 1.0
Default
0 6.963796 -0.078045 -1.447988 0.107121 0.992785 0.053875 0.104980 0.641113 1 0 1.0
0 6.930272 -0.074532 -1.446070 0.107121 0.992785 0.053875 0.104980 0.641113 1 0 1.0
0 6.755431 -0.114796 -0.356485 0.107121 0.992785 0.053875 0.104980 0.641113 1 0 1.0
Default
0 4.349221 -3.039060 -1.223258 0.329790 -0.257339 -0.908304 0.104980 0.641113 1 0 1.0
0 4.893058 -3.505596 -0.893622 0.329790 -0.257339 -0.908304 0.104980 0.641113 1 0 1.0
0 4.159617 -3.282042 -1.223259 0.329790 -0.257339 -0.908304 0.104980 0.641113 1 0 1.0
Default
0 4.064815 -3.403533 -0.896495 -0.622653 -0.267266 0.735440 0.104980 0.641113 1 0 1.0
0 4.567668 -3.795909 -0.613352 -0.622653 -0.267266 0.735440 0.104980 0.641113 1 0 1.0
0 4.159617 -3.282042 -0.772081 -0.622653 -0.267266 0.735440 0.104980 0.641113 1 0 1.0
Default
0 4.444023 -2.917570 -0.896495 0.234278 0.600292 0.764698 0.104980 0.641113 1 0 1.0
0 4.349221 -3.039060 -0.772081 0.234278 0.600292 0.764698 0.104980 0.641113 1 0 1.0
0 4.932805 -3.294138 -0.750632 0.234278 0.600292 0.764698 0.104980 0.641113 1 0 1.0
Default
0 4.349221 -3.039060 -1.223258 0.724105 0.550923 -0.414915 0.104980 0.641113 1 0 1.0
0 4.444023 -2.917570 -0.896495 0.724105 0.550923 -0.414915 0.104980 0.641113 1 0 1.0
0 4.893058 -3.505596 -0.893622 0.724105 0.550923 -0.414915 0.104980 0.641113 1 0 1.0
Default
0 4.159617 -3.282042 -0.772081 -0.397971 0.310545 0.863239 0.104980 0.641113 1 0 1.0
0 4.604412 -3.579442 -0.460034 -0.397971 0.310545 0.863239 0.104980 0.641113 1 0 1.0
0 4.349221 -3.039060 -0.772081 -0.397971 0.310545 0.863239 0.104980 0.641113 1 0 1.0
Default
0 2.782339 -2.627081 -0.987123 0.033276 0.559013 0.828491 0.104980 0.641113 1 0 1.0
0 4.349221 -3.039060 -0.772081 0.033276 0.559013 0.828491 0.104980 0.641113 1 0 1.0
0 2.813345 -2.519489 -1.060965 0.033276 0.559013 0.828491 0.104980 0.641113 1 0 1.0
Default
0 2.782339 -2.627081 -1.254903 0.229653 0.835038 -0.499971 0.104980 0.641113 1 0 1.0
0 2.813345 -2.519489 -1.060965 0.229653 0.835038 -0.499971 0.104980 0.641113 1 0 1.0
0 4.349221 -3.039060 -1.223258 0.229653 0.835038 -0.499971 0.104980 0.641113 1 0 1.0
Default
0 2.689320 -2.949857 -1.060965 -0.216802 -0.838532 -0.499860 0.104980 0.641113 1 0 1.0
0 2.720326 -2.842265 -1.254903 -0.216802 -0.838532 -0.499860 0.104980 0.641113 1 0 1.0
0 4.064815 -3.403533 -0.896495 -0.216802 -0.838532 -0.499860 0.104980 0.641113 1 0 1.0
Default
0 2.720327 -2.842265 -0.987123 -0.135937 0.039174 0.989943 0.104980 0.641113 1 0 1.0
0 4.159617 -3.282042 -0.772081 -0.135937 0.039174 0.989943 0.104980 0.641113 1 0 1.0
0 2.782339 -2.627081 -0.987123 -0.135937 0.039174 0.989943 0.104980 0.641113 1 0 1.0
Default
0 5.144105 -3.646540 0.080520 0.097397 0.904564 0.415063 0.104980 0.641113 1 0 1.0
0 5.324195 -3.604217 -0.053977 0.097397 0.904564 0.415063 0.104980 0.641113 1 0 1.0
0 4.786980 -3.328556 -0.528674 0.097397 0.904564 0.415063 0.104980 0.641113 1 0 1.0
Default
0 5.324195 -3.604217 -0.053977 0.875573 0.344656 -0.338502 0.104980 0.641113 1 0 1.0
0 5.346595 -3.815224 -0.210878 0.875573 0.344656 -0.338502 0.104980 0.641113 1 0 1.0
0 4.932805 -3.294138 -0.750632 0.875573 0.344656 -0.338502 0.104980 0.641113 1 0 1.0
Default
0 4.963094 -3.880443 0.091135 -0.588221 0.484588 0.647434 0.104980 0.641113 1 0 1.0
0 5.144105 -3.646540 0.080520 -0.588221 0.484588 0.647434 0.104980 0.641113 1 0 1.0
0 4.604412 -3.579442 -0.460034 -0.588221 0.484588 0.647434 0.104980 0.641113 1 0 1.0
Default
0 5.165584 -4.049127 -0.200263 0.584976 -0.482295 -0.652070 0.104980 0.641113 1 0 1.0
0 4.710489 -3.756481 -0.824982 0.584976 -0.482295 -0.652070 0.104980 0.641113 1 0 1.0
0 5.346595 -3.815224 -0.210878 0.584976 -0.482295 -0.652070 0.104980 0.641113 1 0 1.0
Default
0 4.963094 -3.880443 0.091135 -0.867867 -0.266818 0.419066 0.104980 0.641113 1 0 1.0
0 4.604412 -3.579442 -0.460034 -0.867867 -0.266818 0.419066 0.104980 0.641113 1 0 1.0
0 4.962174 -4.072022 -0.032749 -0.867867 -0.266818 0.419066 0.104980 0.641113 1 0 1.0
Default
0 5.380231 -4.280827 -0.099407 -0.662677 -0.663667 -0.346994 0.104980 0.641113 1 0 1.0
0 5.339807 -4.334870 0.081158 -0.662677 -0.663667 -0.346994 0.104980 0.641113 1 0 1.0
0 5.162199 -4.020579 -0.180772 -0.662677 -0.663667 -0.346994 0.104980 0.641113 1 0 1.0
Default
0 5.346595 -3.815224 -0.210878 0.575626 -0.413447 0.705490 0.104980 0.641113 1 0 1.0
0 5.318999 -3.817963 -0.189967 0.575626 -0.413447 0.705490 0.104980 0.641113 1 0 1.0
0 5.165584 -4.049127 -0.200263 0.575626 -0.413447 0.705490 0.104980 0.641113 1 0 1.0
Default
0 5.961753 -4.216939 -0.398222 0.348861 0.899439 -0.263258 0.104980 0.641113 1 0 1.0
0 5.590728 -3.974522 -0.061657 0.348861 0.899439 -0.263258 0.104980 0.641113 1 0 1.0
0 6.084737 -4.251559 -0.353526 0.348861 0.899439 -0.263258 0.104980 0.641113 1 0 1.0
Default
0 5.387209 -4.262533 0.221948 -0.220101 0.152593 0.963468 0.104980 0.641113 1 0 1.0
0 5.591783 -3.965787 0.221684 -0.220101 0.152593 0.963468 0.104980 0.641113 1 0 1.0
0 4.988360 -3.880717 0.070361 -0.220101 0.152593 0.963468 0.104980 0.641113 1 0 1.0
Default
0 5.380231 -4.280827 -0.099407 0.198115 -0.137442 -0.970495 0.104980 0.641113 1 0 1.0
0 5.162199 -4.020579 -0.180772 0.198115 -0.137442 -0.970495 0.104980 0.641113 1 0 1.0
0 5.606131 -3.953146 -0.099698 0.198115 -0.137442 -0.970495 0.104980 0.641113 1 0 1.0
Default
0 5.339807 -4.334870 0.081158 -0.633970 -0.580057 0.511483 0.104980 0.641113 1 0 1.0
0 5.387209 -4.262533 0.221948 -0.633970 -0.580057 0.511483 0.104980 0.641113 1 0 1.0
0 4.983161 -4.048412 -0.036035 -0.633970 -0.580057 0.511483 0.104980 0.641113 1 0 1.0
Default
0 5.642414 -3.895928 0.080768 0.391597 0.760629 0.517780 0.104980 0.641113 1 0 1.0
0 5.306510 -3.630577 -0.054996 0.391597 0.760629 0.517780 0.104980 0.641113 1 0 1.0
0 5.591783 -3.965787 0.221684 0.391597 0.760629 0.517780 0.104980 0.641113 1 0 1.0
Default
0 5.606131 -3.953146 -0.099698 0.486947 0.799615 -0.351425 0.104980 0.641113 1 0 1.0
0 5.318999 -3.817963 -0.189967 0.486947 0.799615 -0.351425 0.104980 0.641113 1 0 1.0
0 5.642414 -3.895928 0.080768 0.486947 0.799615 -0.351425 0.104980 0.641113 1 0 1.0
Default
0 5.591783 -3.965787 0.221684 0.823223 -0.567535 0.014430 0.104980 0.641113 1 0 1.0
0 5.580134 -3.983650 0.183679 0.823223 -0.567535 0.014430 0.104980 0.641113 1 0 1.0
0 5.642414 -3.895928 0.080768 0.823223 -0.567535 0.014430 0.104980 0.641113 1 0 1.0
Default
0 5.591783 -3.965787 0.221684 0.823234 -0.567519 0.014416 0.104980 0.641113 1 0 1.0
0 5.387209 -4.262533 0.221948 0.823234 -0.567519 0.014416 0.104980 0.641113 1 0 1.0
0 5.580134 -3.983650 0.183679 0.823234 -0.567519 0.014416 0.104980 0.641113 1 0 1.0
Default
0 5.773860 -4.470701 -0.413347 -0.705884 -0.574404 -0.414474 0.104980 0.641113 1 0 1.0
0 5.840440 -4.581497 -0.373189 -0.705884 -0.574404 -0.414474 0.104980 0.641113 1 0 1.0
0 5.394762 -4.258782 -0.061404 -0.705884 -0.574404 -0.414474 0.104980 0.641113 1 0 1.0
Default
0 6.122250 -4.355855 -0.323641 0.468903 -0.394301 0.790352 0.104980 0.641113 1 0 1.0
0 5.580134 -3.983650 0.183679 0.468903 -0.394301 0.790352 0.104980 0.641113 1 0 1.0
0 5.949277 -4.589468 -0.337566 0.468903 -0.394301 0.790352 0.104980 0.641113 1 0 1.0
Default
0 5.961753 -4.216939 -0.398222 -0.464719 0.391435 -0.794239 0.104980 0.641113 1 0 1.0
0 5.773860 -4.470701 -0.413347 -0.464719 0.391435 -0.794239 0.104980 0.641113 1 0 1.0
0 5.590728 -3.974522 -0.061657 -0.464719 0.391435 -0.794239 0.104980 0.641113 1 0 1.0
Default
0 5.840440 -4.581497 -0.373189 -0.187669 -0.909975 0.369764 0.104980 0.641113 1 0 1.0
0 5.949277 -4.589468 -0.337566 -0.187669 -0.909975 0.369764 0.104980 0.641113 1 0 1.0
0 5.363759 -4.300229 0.077076 -0.187669 -0.909975 0.369764 0.104980 0.641113 1 0 1.0
Default
0 6.122250 -4.355855 -0.323641 0.296088 -0.163150 -0.941124 0.104980 0.641113 1 0 1.0
0 5.949277 -4.589468 -0.337566 0.296088 -0.163150 -0.941124 0.104980 0.641113 1 0 1.0
0 6.103799 -4.353737 -0.329813 0.296088 -0.163150 -0.941124 0.104980 0.641113 1 0 1.0
Default
0 5.961753 -4.216939 -0.398222 0.296100 -0.163150 -0.941120 0.104980 0.641113 1 0 1.0
0 5.967483 -4.236239 -0.393073 0.296100 -0.163150 -0.941120 0.104980 0.641113 1 0 1.0
0 5.773860 -4.470701 -0.413347 0.296100 -0.163150 -0.941120 0.104980 0.641113 1 0 1.0
Default
0 5.961753 -4.216939 -0.398222 0.296123 -0.163158 -0.941111 0.104980 0.641113 1 0 1.0
0 6.084737 -4.251559 -0.353526 0.296123 -0.163158 -0.941111 0.104980 0.641113 1 0 1.0
0 5.967483 -4.236239 -0.393073 0.296123 -0.163158 -0.941111 0.104980 0.641113 1 0 1.0
Default
0 6.260607 -4.531309 -1.554859 0.093049 0.107508 -0.989840 0.104980 0.641113 1 0 1.0
0 6.200906 -4.481165 -1.555024 0.093049 0.107508 -0.989840 0.104980 0.641113 1 0 1.0
0 6.244151 -4.497253 -1.552707 0.093049 0.107508 -0.989840 0.104980 0.641113 1 0 1.0
Default
0 6.205052 -4.603767 -1.567959 0.093095 0.107574 -0.989829 0.104980 0.641113 1 0 1.0
0 6.200906 -4.481165 -1.555024 0.093095 0.107574 -0.989829 0.104980 0.641113 1 0 1.0
0 6.260607 -4.531309 -1.554859 0.093095 0.107574 -0.989829 0.104980 0.641113 1 0 1.0
Default
0 6.167899 -4.596702 -1.570683 -0.185113 -0.982441 -0.023293 0.104980 0.641113 1 0 1.0
0 6.205052 -4.603767 -1.567959 -0.185113 -0.982441 -0.023293 0.104980 0.641113 1 0 1.0
0 5.850321 -4.565268 -0.372893 -0.185113 -0.982441 -0.023293 0.104980 0.641113 1 0 1.0
Default
0 6.260607 -4.531309 -1.554859 0.900449 0.431760 0.052676 0.104980 0.641113 1 0 1.0
0 6.244151 -4.497253 -1.552707 0.900449 0.431760 0.052676 0.104980 0.641113 1 0 1.0
0 6.103799 -4.353737 -0.329813 0.900449 0.431760 0.052676 0.104980 0.641113 1 0 1.0
Default
0 -0.000000 -2.532957 -1.799672 -0.173761 -0.837331 -0.518347 0.146362 0.607910 1 0 1.0
0 -0.000000 -2.852113 -1.284113 -0.173761 -0.837331 -0.518347 0.146362 0.607910 1 0 1.0
0 -1.052431 -2.450018 -1.580854 -0.173761 -0.837331 -0.518347 0.146362 0.607910 1 0 1.0
Default
0 -1.361801 3.607359 0.975881 -0.533802 0.184798 0.825169 0.172119 0.546387 1 0 1.0
0 -0.518455 4.632716 1.291811 -0.533802 0.184798 0.825169 0.172119 0.546387 1 0 1.0
0 -1.036909 4.611787 0.961110 -0.533802 0.184798 0.825169 0.172119 0.546387 1 0 1.0
Default
0 -0.000000 3.543283 1.711044 -0.467727 0.114666 0.876403 0.172119 0.546387 1 0 1.0
0 -0.518455 4.632716 1.291811 -0.467727 0.114666 0.876403 0.172119 0.546387 1 0 1.0
0 -1.361801 3.607359 0.975881 -0.467727 0.114666 0.876403 0.172119 0.546387 1 0 1.0
Default
0 -0.000000 -2.532957 -1.799672 -0.216960 -0.318745 -0.922676 0.146362 0.607910 1 0 1.0
0 -1.052431 -2.450018 -1.580854 -0.216960 -0.318745 -0.922676 0.146362 0.607910 1 0 1.0
0 -0.000000 -1.407726 -2.188391 -0.216960 -0.318745 -0.922676 0.146362 0.607910 1 0 1.0
Default
0 -0.000000 3.543283 1.711044 -0.474321 0.017781 0.880173 0.172119 0.546387 1 0 1.0
0 -1.361801 3.607359 0.975881 -0.474321 0.017781 0.880173 0.172119 0.546387 1 0 1.0
0 -0.000000 1.112787 1.760145 -0.474321 0.017781 0.880173 0.172119 0.546387 1 0 1.0
Default
0 -0.000000 1.112787 1.760145 -0.489262 -0.093299 0.867132 0.172119 0.546387 1 0 1.0
0 -1.341583 0.399111 0.926395 -0.489262 -0.093299 0.867132 0.172119 0.546387 1 0 1.0
0 -0.000000 -0.826699 1.551466 -0.489262 -0.093299 0.867132 0.172119 0.546387 1 0 1.0
Default
0 -0.000000 -0.004258 -2.278410 -0.162592 0.089924 -0.982587 0.146362 0.607910 1 0 1.0
0 -1.369061 0.121313 -2.040375 -0.162592 0.089924 -0.982587 0.146362 0.607910 1 0 1.0
0 -0.000000 1.828845 -2.110649 -0.162592 0.089924 -0.982587 0.146362 0.607910 1 0 1.0
Default
0 -0.000000 -2.250626 1.526916 -0.385747 -0.015904 0.922468 0.172119 0.546387 1 0 1.0
0 -0.000000 -0.826699 1.551466 -0.385747 -0.015904 0.922468 0.172119 0.546387 1 0 1.0
0 -1.029605 -2.244936 1.096464 -0.385747 -0.015904 0.922468 0.172119 0.546387 1 0 1.0
Default
0 -1.714228 -2.973436 -0.093699 -0.847986 0.510649 -0.141978 0.146362 0.607910 1 0 1.0
0 -1.523601 -2.704582 -0.265268 -0.847986 0.510649 -0.141978 0.146362 0.607910 1 0 1.0
0 -1.582315 -3.002668 -0.986710 -0.847986 0.510649 -0.141978 0.146362 0.607910 1 0 1.0
Default
0 -0.000000 3.037613 -1.729093 -0.156077 0.635357 -0.756282 0.146362 0.607910 1 0 1.0
0 -1.219438 3.175368 -1.361703 -0.156077 0.635357 -0.756282 0.146362 0.607910 1 0 1.0
0 -0.000000 3.852210 -1.044746 -0.156077 0.635357 -0.756282 0.146362 0.607910 1 0 1.0
Default
0 -0.000000 -2.810733 1.526007 -0.325464 -0.001533 0.945553 0.172119 0.546387 1 0 1.0
0 -0.000000 -2.250626 1.526916 -0.325464 -0.001533 0.945553 0.172119 0.546387 1 0 1.0
0 -1.017647 -2.836592 1.175685 -0.325464 -0.001533 0.945553 0.172119 0.546387 1 0 1.0
Default
0 -1.017647 -2.836592 1.175685 -0.712092 0.079018 0.697625 0.145142 0.578613 1 0 1.0
0 -1.029605 -2.244936 1.096464 -0.712092 0.079018 0.697625 0.145142 0.578613 1 0 1.0
0 -1.643683 -2.910753 0.545068 -0.712092 0.079018 0.697625 0.145142 0.578613 1 0 1.0
Default
0 -1.714228 -2.973436 -0.093699 -0.805925 0.591206 0.030991 0.146362 0.607910 1 0 1.0
0 -1.643683 -2.910753 0.545068 -0.805925 0.591206 0.030991 0.146362 0.607910 1 0 1.0
0 -1.523601 -2.704582 -0.265268 -0.805925 0.591206 0.030991 0.146362 0.607910 1 0 1.0
Default
0 -1.716583 -4.603351 1.186008 -0.867197 0.181192 0.463830 0.146362 0.607910 1 0 1.0
0 -1.592253 -3.693410 1.062997 -0.867197 0.181192 0.463830 0.146362 0.607910 1 0 1.0
0 -2.263748 -4.440873 0.099534 -0.867197 0.181192 0.463830 0.146362 0.607910 1 0 1.0
Default
0 -0.000000 -3.629145 -1.639603 -0.251270 0.617182 -0.745620 0.146362 0.607910 1 0 1.0
0 -1.231012 -3.631138 -1.226408 -0.251270 0.617182 -0.745620 0.146362 0.607910 1 0 1.0
0 -0.000000 -2.994805 -1.114532 -0.251270 0.617182 -0.745620 0.146362 0.607910 1 0 1.0
Default
0 -0.000000 -3.700807 1.817865 -0.185862 0.306151 0.933663 0.172119 0.546387 1 0 1.0
0 -0.000000 -2.810733 1.526007 -0.185862 0.306151 0.933663 0.172119 0.546387 1 0 1.0
0 -1.080117 -3.699392 1.602383 -0.185862 0.306151 0.933663 0.172119 0.546387 1 0 1.0
Default
0 -1.231012 -3.631138 -1.226408 -0.881444 -0.392563 -0.262584 0.146362 0.607910 1 0 1.0
0 -1.691030 -3.380062 -0.057575 -0.881444 -0.392563 -0.262584 0.146362 0.607910 1 0 1.0
0 -1.582315 -3.002668 -0.986710 -0.881444 -0.392563 -0.262584 0.146362 0.607910 1 0 1.0
Default
0 -1.791856 -5.594679 -0.971375 -0.951971 0.108131 -0.286458 0.146362 0.607910 1 0 1.0
0 -2.100144 -5.529075 0.077908 -0.951971 0.108131 -0.286458 0.146362 0.607910 1 0 1.0
0 -1.658901 -4.731664 -1.087447 -0.951971 0.108131 -0.286458 0.146362 0.607910 1 0 1.0
Default
0 -1.658901 -4.731664 -1.087447 -0.231648 -0.032699 -0.972250 0.146362 0.607910 1 0 1.0
0 -1.231012 -3.631138 -1.226408 -0.231648 -0.032699 -0.972250 0.146362 0.607910 1 0 1.0
0 -0.000000 -4.737693 -1.482494 -0.231648 -0.032699 -0.972250 0.146362 0.607910 1 0 1.0
Default
0 -1.061603 -4.562489 1.734139 -0.642163 0.102200 0.759724 0.145142 0.578613 1 0 1.0
0 -1.080117 -3.699392 1.602383 -0.642163 0.102200 0.759724 0.145142 0.578613 1 0 1.0
0 -1.716583 -4.603351 1.186008 -0.642163 0.102200 0.759724 0.145142 0.578613 1 0 1.0
Default
0 -2.263748 -4.440873 0.099534 -0.794439 0.356035 -0.492043 0.146362 0.607910 1 0 1.0
0 -1.691030 -3.380062 -0.057575 -0.794439 0.356035 -0.492043 0.146362 0.607910 1 0 1.0
0 -1.658901 -4.731664 -1.087447 -0.794439 0.356035 -0.492043 0.146362 0.607910 1 0 1.0
Default
0 -1.781991 -7.444246 -0.708436 -0.946430 -0.264456 0.185292 0.146362 0.607910 1 0 1.0
0 -1.517128 -7.864637 0.044436 -0.946430 -0.264456 0.185292 0.146362 0.607910 1 0 1.0
0 -1.945437 -6.559807 -0.280973 -0.946430 -0.264456 0.185292 0.146362 0.607910 1 0 1.0
Default
0 -1.527866 -6.835018 0.744690 -0.757238 -0.242490 0.606456 0.145142 0.578613 1 0 1.0
0 -1.056553 -6.977506 1.276211 -0.757238 -0.242490 0.606456 0.145142 0.578613 1 0 1.0
0 -1.606000 -5.696329 1.102431 -0.757238 -0.242490 0.606456 0.145142 0.578613 1 0 1.0
Default
0 -1.669775 -6.585604 -1.041108 -0.937120 -0.091755 -0.336731 0.146362 0.607910 1 0 1.0
0 -1.945437 -6.559807 -0.280973 -0.937120 -0.091755 -0.336731 0.146362 0.607910 1 0 1.0
0 -1.791856 -5.594679 -0.971375 -0.937120 -0.091755 -0.336731 0.146362 0.607910 1 0 1.0
Default
0 -1.265618 -8.888935 -0.412743 -0.779180 -0.404886 0.478483 0.146362 0.607910 1 0 1.0
0 -1.517128 -7.864637 0.044436 -0.779180 -0.404886 0.478483 0.146362 0.607910 1 0 1.0
0 -1.451704 -8.758800 -0.605656 -0.779180 -0.404886 0.478483 0.146362 0.607910 1 0 1.0
Default
0 -1.451704 -8.758800 -0.605656 -0.941316 -0.253898 -0.222397 0.146362 0.607910 1 0 1.0
0 -1.781991 -7.444246 -0.708436 -0.941316 -0.253898 -0.222397 0.146362 0.607910 1 0 1.0
0 -1.424565 -8.277586 -1.269897 -0.941316 -0.253898 -0.222397 0.146362 0.607910 1 0 1.0
Default
0 -0.000000 -7.390121 -1.635755 -0.256384 0.246688 -0.934565 0.146362 0.607910 1 0 1.0
0 -1.405525 -7.466439 -1.270316 -0.256384 0.246688 -0.934565 0.146362 0.607910 1 0 1.0
0 -0.000000 -6.507124 -1.402679 -0.256384 0.246688 -0.934565 0.146362 0.607910 1 0 1.0
Default
0 -1.405525 -7.466439 -1.270316 -0.828077 -0.105130 -0.550669 0.146362 0.607910 1 0 1.0
0 -1.781991 -7.444246 -0.708436 -0.828077 -0.105130 -0.550669 0.146362 0.607910 1 0 1.0
0 -1.669775 -6.585604 -1.041108 -0.828077 -0.105130 -0.550669 0.146362 0.607910 1 0 1.0
Default
0 -1.834218 -9.507108 -0.959289 -0.596415 -0.148784 0.788766 0.141357 0.608398 1 0 1.0
0 -1.673137 -9.561717 -0.847790 -0.596415 -0.148784 0.788766 0.141357 0.608398 1 0 1.0
0 -1.265618 -8.888935 -0.412743 -0.596415 -0.148784 0.788766 0.141357 0.608398 1 0 1.0
Default
0 -1.424565 -8.277586 -1.269897 -0.139535 0.002764 -0.990213 0.146362 0.607910 1 0 1.0
0 -1.405525 -7.466439 -1.270316 -0.139535 0.002764 -0.990213 0.146362 0.607910 1 0 1.0
0 -0.000000 -8.067874 -1.470052 -0.139535 0.002764 -0.990213 0.146362 0.607910 1 0 1.0
Default
0 -0.000000 -8.865752 -0.167064 -0.079507 -0.713283 0.696352 0.172119 0.546387 1 0 1.0
0 -0.000000 -8.145375 0.570827 -0.079507 -0.713283 0.696352 0.172119 0.546387 1 0 1.0
0 -0.866668 -8.854090 -0.254073 -0.079507 -0.713283 0.696352 0.172119 0.546387 1 0 1.0
Default
0 -0.866668 -8.854090 -0.254073 -0.237384 -0.633911 0.736074 0.145142 0.578613 1 0 1.0
0 -1.013351 -8.067639 0.375920 -0.237384 -0.633911 0.736074 0.145142 0.578613 1 0 1.0
0 -1.265618 -8.888935 -0.412743 -0.237384 -0.633911 0.736074 0.145142 0.578613 1 0 1.0
Default
0 -3.356545 -9.632235 -1.301905 -0.230541 0.193814 0.953565 0.141357 0.608398 1 0 1.0
0 -3.320815 -9.794264 -1.260334 -0.230541 0.193814 0.953565 0.141357 0.608398 1 0 1.0
0 -1.834218 -9.507108 -0.959289 -0.230541 0.193814 0.953565 0.141357 0.608398 1 0 1.0
Default
0 -4.479197 -11.057448 -2.056540 -0.249661 0.599362 -0.760549 0.109436 0.638184 1 0 1.0
0 -3.356545 -9.632235 -1.301905 -0.249661 0.599362 -0.760549 0.109436 0.638184 1 0 1.0
0 -3.388747 -10.796123 -2.208554 -0.249661 0.599362 -0.760549 0.109436 0.638184 1 0 1.0
Default
0 -3.320815 -9.794264 -1.260334 -0.118303 -0.585082 0.802299 0.141357 0.608398 1 0 1.0
0 -0.000000 -10.138030 -1.021356 -0.118303 -0.585082 0.802299 0.141357 0.608398 1 0 1.0
0 -1.673137 -9.561717 -0.847790 -0.118303 -0.585082 0.802299 0.141357 0.608398 1 0 1.0
Default
0 -3.356545 -9.632235 -1.301905 -0.114259 0.982218 0.148971 0.141357 0.608398 1 0 1.0
0 -1.834218 -9.507108 -0.959289 -0.114259 0.982218 0.148971 0.141357 0.608398 1 0 1.0
0 -3.363410 -9.617419 -1.404862 -0.114259 0.982218 0.148971 0.141357 0.608398 1 0 1.0
Default
0 -2.299304 -11.824040 -2.275394 -0.243864 -0.919374 0.308677 0.105713 0.639648 1 0 1.0
0 -4.106424 -11.241108 -1.966846 -0.243864 -0.919374 0.308677 0.105713 0.639648 1 0 1.0
0 -2.890311 -11.782076 -2.617328 -0.243864 -0.919374 0.308677 0.105713 0.639648 1 0 1.0
Default
0 -4.106424 -11.241108 -1.966846 -0.343180 -0.255079 0.903971 0.116821 0.629883 1 0 1.0
0 -3.320815 -9.794264 -1.260334 -0.343180 -0.255079 0.903971 0.116821 0.629883 1 0 1.0
0 -4.479197 -11.057448 -2.056540 -0.343180 -0.255079 0.903971 0.116821 0.629883 1 0 1.0
Default
0 -0.000000 -12.150536 -2.351111 -0.049426 -0.542546 0.838571 0.108215 0.640625 1 0 1.0
0 -2.299304 -11.824040 -2.275394 -0.049426 -0.542546 0.838571 0.108215 0.640625 1 0 1.0
0 -0.000000 -12.414695 -2.522019 -0.049426 -0.542546 0.838571 0.108215 0.640625 1 0 1.0
Default
0 -0.000000 -12.537432 -2.851179 0.093254 0.307792 -0.946872 0.141357 0.608398 1 0 1.0
0 -1.750760 -11.704883 -2.752975 0.093254 0.307792 -0.946872 0.141357 0.608398 1 0 1.0
0 -0.000000 -10.963312 -2.339492 0.093254 0.307792 -0.946872 0.141357 0.608398 1 0 1.0
Default
0 -1.750760 -11.704883 -2.752975 -0.133366 0.321282 -0.937545 0.109436 0.638184 1 0 1.0
0 -2.890311 -11.782076 -2.617328 -0.133366 0.321282 -0.937545 0.109436 0.638184 1 0 1.0
0 -3.388747 -10.796123 -2.208554 -0.133366 0.321282 -0.937545 0.109436 0.638184 1 0 1.0
Default
0 -0.000000 5.135764 -0.193419 0.252110 0.028650 -0.967275 0.146362 0.607910 1 0 1.0
0 -0.000000 4.315940 -0.217702 0.252110 0.028650 -0.967275 0.146362 0.607910 1 0 1.0
0 -0.854144 4.896106 -0.423141 0.252110 0.028650 -0.967275 0.146362 0.607910 1 0 1.0
Default
0 -0.248867 5.368705 0.578712 -0.178760 0.982736 0.047705 0.146362 0.607910 1 0 1.0
0 -0.264221 5.347376 0.960570 -0.178760 0.982736 0.047705 0.146362 0.607910 1 0 1.0
0 -0.000000 5.417776 0.500376 -0.178760 0.982736 0.047705 0.146362 0.607910 1 0 1.0
Default
0 -0.580140 5.771665 2.851179 -0.646430 -0.498824 -0.577323 0.146362 0.607910 1 0 1.0
0 -0.493039 7.044501 1.653882 -0.646430 -0.498824 -0.577323 0.146362 0.607910 1 0 1.0
0 -0.541761 5.804338 2.779975 -0.646430 -0.498824 -0.577323 0.146362 0.607910 1 0 1.0
Default
0 -0.431187 7.060951 1.563465 0.688977 0.299367 -0.660069 0.146362 0.607910 1 0 1.0
0 -0.264221 5.347376 0.960570 0.688977 0.299367 -0.660069 0.146362 0.607910 1 0 1.0
0 -0.572827 7.046854 1.409229 0.688977 0.299367 -0.660069 0.146362 0.607910 1 0 1.0
Default
0 -0.493039 7.044501 1.653882 -0.940497 -0.149214 0.305288 0.146362 0.607910 1 0 1.0
0 -0.572827 7.046854 1.409229 -0.940497 -0.149214 0.305288 0.146362 0.607910 1 0 1.0
0 -0.385940 5.315002 1.138500 -0.940497 -0.149214 0.305288 0.146362 0.607910 1 0 1.0
Default
0 -0.541761 5.804338 2.779975 -0.790456 0.460521 0.403855 0.146362 0.607910 1 0 1.0
0 -0.431187 7.060951 1.563465 -0.790456 0.460521 0.403855 0.146362 0.607910 1 0 1.0
0 -0.637645 5.746274 2.658512 -0.790456 0.460521 0.403855 0.146362 0.607910 1 0 1.0
Default
0 -0.580140 5.771665 2.851179 0.927343 -0.288102 -0.238816 0.146362 0.607910 1 0 1.0
0 -0.637645 5.746274 2.658512 0.927343 -0.288102 -0.238816 0.146362 0.607910 1 0 1.0
0 -0.493039 7.044501 1.653882 0.927343 -0.288102 -0.238816 0.146362 0.607910 1 0 1.0
Default
0 -0.402936 5.867940 0.446940 0.951795 0.245028 -0.184522 0.146362 0.607910 1 0 1.0
0 -0.411083 6.009273 0.592591 0.951795 0.245028 -0.184522 0.146362 0.607910 1 0 1.0
0 -0.248867 5.368705 0.578712 0.951795 0.245028 -0.184522 0.146362 0.607910 1 0 1.0
Default
0 -0.558996 5.880860 0.494260 -0.299583 -0.291788 -0.908356 0.146362 0.607910 1 0 1.0
0 -0.402936 5.867940 0.446940 -0.299583 -0.291788 -0.908356 0.146362 0.607910 1 0 1.0
0 -0.505957 5.319634 0.657048 -0.299583 -0.291788 -0.908356 0.146362 0.607910 1 0 1.0
Default
0 -0.558996 5.880860 0.494260 -0.638227 0.158218 0.753414 0.146362 0.607910 1 0 1.0
0 -0.505957 5.319634 0.657048 -0.638227 0.158218 0.753414 0.146362 0.607910 1 0 1.0
0 -0.411083 6.009273 0.592591 -0.638227 0.158218 0.753414 0.146362 0.607910 1 0 1.0
Default
0 -6.731812 4.817890 -0.630549 -0.127785 -0.054326 -0.990313 0.108704 0.639648 1 0 1.0
0 -5.375933 4.965513 -0.813603 -0.127785 -0.054326 -0.990313 0.108704 0.639648 1 0 1.0
0 -6.048756 4.061706 -0.677205 -0.127785 -0.054326 -0.990313 0.108704 0.639648 1 0 1.0
Default
0 -4.750500 5.186381 -0.409347 0.814302 -0.477429 0.330113 0.108704 0.639648 1 0 1.0
0 -5.119327 5.268533 0.619266 0.814302 -0.477429 0.330113 0.108704 0.639648 1 0 1.0
0 -5.049747 4.708851 -0.361817 0.814302 -0.477429 0.330113 0.108704 0.639648 1 0 1.0
Default
0 -5.382750 4.426517 -0.677204 0.750102 -0.171140 -0.638794 0.108704 0.639648 1 0 1.0
0 -5.375933 4.965513 -0.813603 0.750102 -0.171140 -0.638794 0.108704 0.639648 1 0 1.0
0 -5.049747 4.708851 -0.361817 0.750102 -0.171140 -0.638794 0.108704 0.639648 1 0 1.0
Default
0 -7.058054 4.912643 0.166923 -0.825705 -0.489946 -0.279579 0.108704 0.639648 1 0 1.0
0 -6.731812 4.817890 -0.630549 -0.825705 -0.489946 -0.279579 0.108704 0.639648 1 0 1.0
0 -6.381758 3.879300 -0.019567 -0.825705 -0.489946 -0.279579 0.108704 0.639648 1 0 1.0
Default
0 -6.369033 6.464657 1.148224 -0.558005 -0.165248 0.813218 0.108704 0.639648 1 0 1.0
0 -7.337594 6.393752 0.469220 -0.558005 -0.165248 0.813218 0.108704 0.639648 1 0 1.0
0 -6.475205 5.120910 0.802320 -0.558005 -0.165248 0.813218 0.108704 0.639648 1 0 1.0
Default
0 -4.750500 5.186381 -0.409347 0.569544 -0.777618 0.266326 0.108704 0.639648 1 0 1.0
0 -3.850026 6.165060 0.522518 0.569544 -0.777618 0.266326 0.108704 0.639648 1 0 1.0
0 -5.119327 5.268533 0.619266 0.569544 -0.777618 0.266326 0.108704 0.639648 1 0 1.0
Default
0 -5.375933 4.965513 -0.813603 0.589534 -0.479072 -0.650338 0.108704 0.639648 1 0 1.0
0 -4.610977 6.061265 -0.927352 0.589534 -0.479072 -0.650338 0.108704 0.639648 1 0 1.0
0 -4.750500 5.186381 -0.409347 0.589534 -0.479072 -0.650338 0.108704 0.639648 1 0 1.0
Default
0 -4.721877 6.343748 1.109659 -0.008929 -0.412216 0.911043 0.150513 0.617676 1 0 1.0
0 -6.369033 6.464657 1.148224 -0.008929 -0.412216 0.911043 0.150513 0.617676 1 0 1.0
0 -5.119327 5.268533 0.619266 -0.008929 -0.412216 0.911043 0.150513 0.617676 1 0 1.0
Default
0 -6.731812 4.817890 -0.630549 -0.115265 -0.157488 -0.980771 0.108704 0.639648 1 0 1.0
0 -6.458562 6.196887 -0.884096 -0.115265 -0.157488 -0.980771 0.108704 0.639648 1 0 1.0
0 -5.375933 4.965513 -0.813603 -0.115265 -0.157488 -0.980771 0.108704 0.639648 1 0 1.0
Default
0 -4.721877 6.343748 1.109659 0.011985 -0.151958 0.988314 0.150513 0.617676 1 0 1.0
0 -4.591449 7.312185 1.256979 0.011985 -0.151958 0.988314 0.150513 0.617676 1 0 1.0
0 -6.369033 6.464657 1.148224 0.011985 -0.151958 0.988314 0.150513 0.617676 1 0 1.0
Default
0 -6.458562 6.196887 -0.884096 -0.039206 -0.223470 -0.973922 0.108704 0.639648 1 0 1.0
0 -6.249261 7.275244 -1.139955 -0.039206 -0.223470 -0.973922 0.108704 0.639648 1 0 1.0
0 -4.610977 6.061265 -0.927352 -0.039206 -0.223470 -0.973922 0.108704 0.639648 1 0 1.0
Default
0 -6.369033 6.464657 1.148224 -0.570843 -0.050228 0.819521 0.108704 0.639648 1 0 1.0
0 -6.565109 7.425215 1.070518 -0.570843 -0.050228 0.819521 0.108704 0.639648 1 0 1.0
0 -7.337594 6.393752 0.469220 -0.570843 -0.050228 0.819521 0.108704 0.639648 1 0 1.0
Default
0 -4.610977 6.061265 -0.927352 0.859902 -0.272204 -0.431825 0.108704 0.639648 1 0 1.0
0 -4.275596 7.162212 -0.953492 0.859902 -0.272204 -0.431825 0.108704 0.639648 1 0 1.0
0 -3.850026 6.165060 0.522518 0.859902 -0.272204 -0.431825 0.108704 0.639648 1 0 1.0
Default
0 -3.984031 7.159354 -0.197077 0.829359 -0.410498 -0.379019 0.108704 0.639648 1 0 1.0
0 -3.520214 7.865408 0.053140 0.829359 -0.410498 -0.379019 0.108704 0.639648 1 0 1.0
0 -3.654655 7.162817 0.519905 0.829359 -0.410498 -0.379019 0.108704 0.639648 1 0 1.0
Default
0 -4.678790 7.311266 1.066855 0.113397 0.991920 -0.056892 0.108704 0.639648 1 0 1.0
0 -4.591449 7.312185 1.256979 0.113397 0.991920 -0.056892 0.108704 0.639648 1 0 1.0
0 -3.654655 7.162817 0.519905 0.113397 0.991920 -0.056892 0.108704 0.639648 1 0 1.0
Default
0 -7.285503 7.430341 0.214818 0.436504 0.823421 -0.362549 0.108704 0.639648 1 0 1.0
0 -6.565109 7.425215 1.070518 0.436504 0.823421 -0.362549 0.108704 0.639648 1 0 1.0
0 -7.186055 7.365056 0.186275 0.436504 0.823421 -0.362549 0.108704 0.639648 1 0 1.0
Default
0 -7.186055 7.365056 0.186275 -0.720204 -0.299487 -0.625791 0.108704 0.639648 1 0 1.0
0 -7.359226 8.480962 -0.148472 -0.720204 -0.299487 -0.625791 0.108704 0.639648 1 0 1.0
0 -6.161919 7.276163 -0.949831 -0.720204 -0.299487 -0.625791 0.108704 0.639648 1 0 1.0
Default
0 -3.654655 7.162817 0.519905 0.327987 -0.554688 0.764687 0.108704 0.639648 1 0 1.0
0 -3.585300 7.857019 0.993718 0.327987 -0.554688 0.764687 0.108704 0.639648 1 0 1.0
0 -4.678790 7.311266 1.066855 0.327987 -0.554688 0.764687 0.108704 0.639648 1 0 1.0
Default
0 -2.638283 12.032887 0.331245 0.399103 0.054724 0.915272 0.171631 0.578613 1 0 1.0
0 -2.820791 11.920549 0.417544 0.399103 0.054724 0.915272 0.171631 0.578613 1 0 1.0
0 -2.800650 9.353423 0.562249 0.399103 0.054724 0.915272 0.171631 0.578613 1 0 1.0
Default
0 -4.021015 9.276282 0.785921 -0.685307 0.728114 0.014273 0.108704 0.639648 1 0 1.0
0 -3.981701 9.336508 -0.398783 -0.685307 0.728114 0.014273 0.108704 0.639648 1 0 1.0
0 -4.695841 8.634238 1.137604 -0.685307 0.728114 0.014273 0.108704 0.639648 1 0 1.0
Default
0 -2.564744 10.273394 -0.134029 0.907902 -0.374834 -0.187652 0.108704 0.639648 1 0 1.0
0 -2.800650 9.353423 0.562249 0.907902 -0.374834 -0.187652 0.108704 0.639648 1 0 1.0
0 -3.520214 7.865408 0.053140 0.907902 -0.374834 -0.187652 0.108704 0.639648 1 0 1.0
Default
0 -2.800650 9.353423 0.562249 0.165139 0.192328 0.967336 0.108704 0.639648 1 0 1.0
0 -4.021015 9.276282 0.785921 0.165139 0.192328 0.967336 0.108704 0.639648 1 0 1.0
0 -3.585300 7.857019 0.993718 0.165139 0.192328 0.967336 0.108704 0.639648 1 0 1.0
Default
0 -2.806417 11.918453 0.211523 0.445364 0.246247 -0.860821 0.171631 0.578613 1 0 1.0
0 -2.638283 12.032887 0.331245 0.445364 0.246247 -0.860821 0.171631 0.578613 1 0 1.0
0 -2.564744 10.273394 -0.134029 0.445364 0.246247 -0.860821 0.171631 0.578613 1 0 1.0
Default
0 -4.021015 9.276282 0.785921 -0.911035 0.412224 -0.009277 0.171631 0.578613 1 0 1.0
0 -2.820791 11.920549 0.417544 -0.911035 0.412224 -0.009277 0.171631 0.578613 1 0 1.0
0 -3.981701 9.336508 -0.398783 -0.911035 0.412224 -0.009277 0.171631 0.578613 1 0 1.0
Default
0 -5.993943 9.779822 1.252048 -0.821475 0.006220 0.570211 0.108704 0.639648 1 0 1.0
0 -6.985129 9.866496 -0.176852 -0.821475 0.006220 0.570211 0.108704 0.639648 1 0 1.0
0 -6.231258 8.497577 0.924145 -0.821475 0.006220 0.570211 0.108704 0.639648 1 0 1.0
Default
0 -7.359226 8.480962 -0.148472 -0.063517 0.996883 0.046784 0.108704 0.639648 1 0 1.0
0 -6.263039 8.497973 0.977589 -0.063517 0.996883 0.046784 0.108704 0.639648 1 0 1.0
0 -7.266161 8.486442 -0.138880 -0.063517 0.996883 0.046784 0.108704 0.639648 1 0 1.0
Default
0 -6.033053 8.433057 -0.962145 0.003392 0.998214 -0.059651 0.108704 0.639648 1 0 1.0
0 -6.053039 8.429612 -1.020924 0.003392 0.998214 -0.059651 0.108704 0.639648 1 0 1.0
0 -7.266161 8.486442 -0.138880 0.003392 0.998214 -0.059651 0.108704 0.639648 1 0 1.0
Default
0 -6.985129 9.866496 -0.176852 -0.543803 0.460280 -0.701727 0.109802 0.641113 1 0 1.0
0 -5.653304 11.746565 0.024235 -0.543803 0.460280 -0.701727 0.109802 0.641113 1 0 1.0
0 -5.637163 9.783544 -1.275869 -0.543803 0.460280 -0.701727 0.109802 0.641113 1 0 1.0
Default
0 -4.556141 8.564000 -0.811435 0.994530 0.004970 0.104332 0.108704 0.639648 1 0 1.0
0 -4.603857 9.766450 -0.413879 0.994530 0.004970 0.104332 0.108704 0.639648 1 0 1.0
0 -4.754347 8.628523 1.074855 0.994530 0.004970 0.104332 0.108704 0.639648 1 0 1.0
Default
0 -7.266161 8.486442 -0.138880 -0.550367 0.089235 -0.830141 0.108704 0.639648 1 0 1.0
0 -6.985129 9.866496 -0.176852 -0.550367 0.089235 -0.830141 0.108704 0.639648 1 0 1.0
0 -6.033053 8.433057 -0.962145 -0.550367 0.089235 -0.830141 0.108704 0.639648 1 0 1.0
Default
0 -4.762428 9.764795 0.709656 0.389331 0.284351 0.876108 0.150513 0.617676 1 0 1.0
0 -5.993943 9.779822 1.252048 0.389331 0.284351 0.876108 0.150513 0.617676 1 0 1.0
0 -4.754347 8.628523 1.074855 0.389331 0.284351 0.876108 0.150513 0.617676 1 0 1.0
Default
0 -6.033053 8.433057 -0.962145 0.120695 -0.258059 -0.958561 0.108704 0.639648 1 0 1.0
0 -5.637163 9.783544 -1.275869 0.120695 -0.258059 -0.958561 0.108704 0.639648 1 0 1.0
0 -4.556141 8.564000 -0.811435 0.120695 -0.258059 -0.958561 0.108704 0.639648 1 0 1.0
Default
0 -4.841908 11.309315 -1.151031 0.679771 -0.204241 -0.704412 0.171631 0.578613 1 0 1.0
0 -3.087468 12.340855 0.242950 0.679771 -0.204241 -0.704412 0.171631 0.578613 1 0 1.0
0 -4.071347 11.030252 -0.326510 0.679771 -0.204241 -0.704412 0.171631 0.578613 1 0 1.0
Default
0 -4.229920 11.028594 0.797025 0.444733 -0.246911 0.860958 0.151611 0.619141 1 0 1.0
0 -5.198685 11.305591 1.376886 0.444733 -0.246911 0.860958 0.151611 0.619141 1 0 1.0
0 -4.762428 9.764795 0.709656 0.444733 -0.246911 0.860958 0.151611 0.619141 1 0 1.0
Default
0 -5.637163 9.783544 -1.275869 0.615969 -0.260216 -0.743552 0.109802 0.641113 1 0 1.0
0 -4.841908 11.309315 -1.151031 0.615969 -0.260216 -0.743552 0.109802 0.641113 1 0 1.0
0 -4.603857 9.766450 -0.413879 0.615969 -0.260216 -0.743552 0.109802 0.641113 1 0 1.0
Default
0 -5.198685 11.305591 1.376886 -0.823617 0.396070 0.405935 0.109802 0.641113 1 0 1.0
0 -5.653304 11.746565 0.024235 -0.823617 0.396070 0.405935 0.109802 0.641113 1 0 1.0
0 -5.993943 9.779822 1.252048 -0.823617 0.396070 0.405935 0.109802 0.641113 1 0 1.0
Default
0 -3.077278 12.317587 0.395521 0.585670 0.806201 0.083846 0.171631 0.578613 1 0 1.0
0 -3.087468 12.340855 0.242950 0.585670 0.806201 0.083846 0.171631 0.578613 1 0 1.0
0 -3.103083 12.321838 0.534895 0.585670 0.806201 0.083846 0.171631 0.578613 1 0 1.0
Default
0 -3.103083 12.321838 0.534895 0.069480 0.547597 0.833853 0.171631 0.578613 1 0 1.0
0 -3.416699 12.537432 0.419446 0.069480 0.547597 0.833853 0.171631 0.578613 1 0 1.0
0 -5.198685 11.305591 1.376886 0.069480 0.547597 0.833853 0.171631 0.578613 1 0 1.0
Default
0 -4.071347 11.030252 -0.326510 0.757409 -0.644288 0.105949 0.171631 0.578613 1 0 1.0
0 -3.077278 12.317587 0.395521 0.757409 -0.644288 0.105949 0.171631 0.578613 1 0 1.0
0 -4.229920 11.028594 0.797025 0.757409 -0.644288 0.105949 0.171631 0.578613 1 0 1.0
Default
0 -5.653304 11.746565 0.024235 -0.219403 0.855165 -0.469632 0.171631 0.578613 1 0 1.0
0 -3.416699 12.537432 0.419446 -0.219403 0.855165 -0.469632 0.171631 0.578613 1 0 1.0
0 -4.841908 11.309315 -1.151031 -0.219403 0.855165 -0.469632 0.171631 0.578613 1 0 1.0
Default
0 -3.984031 7.159354 -0.197077 0.773076 -0.312156 -0.552189 0.108704 0.639648 1 0 1.0
0 -4.396219 7.175041 -0.783016 0.773076 -0.312156 -0.552189 0.108704 0.639648 1 0 1.0
0 -3.520214 7.865408 0.053140 0.773076 -0.312156 -0.552189 0.108704 0.639648 1 0 1.0
Default
0 -5.687910 2.788335 -0.058081 -0.472865 -0.329588 0.817172 0.108704 0.639648 1 0 1.0
0 -5.481112 3.090985 0.183651 -0.472865 -0.329588 0.817172 0.108704 0.639648 1 0 1.0
0 -6.381758 3.879300 -0.019567 -0.472865 -0.329588 0.817172 0.108704 0.639648 1 0 1.0
Default
0 -5.067517 3.696284 0.183651 0.814697 0.204325 0.542698 0.108704 0.639648 1 0 1.0
0 -4.860719 4.011424 -0.245444 0.814697 0.204325 0.542698 0.108704 0.639648 1 0 1.0
0 -5.382750 4.426517 0.381946 0.814697 0.204325 0.542698 0.108704 0.639648 1 0 1.0
Default
0 -5.049747 4.708851 -0.361817 0.661816 0.054619 -0.747674 0.108704 0.639648 1 0 1.0
0 -4.860719 4.011424 -0.245444 0.661816 0.054619 -0.747674 0.108704 0.639648 1 0 1.0
0 -5.382750 4.426517 -0.677204 0.661816 0.054619 -0.747674 0.108704 0.639648 1 0 1.0
Default
0 -5.481112 3.090985 0.183651 0.158112 -0.108036 0.981493 0.150513 0.617676 1 0 1.0
0 -5.067517 3.696284 0.183651 0.158112 -0.108036 0.981493 0.150513 0.617676 1 0 1.0
0 -6.048756 4.061706 0.381946 0.158112 -0.108036 0.981493 0.150513 0.617676 1 0 1.0
Default
0 -5.067517 3.696284 0.183651 0.124911 0.769994 0.625705 0.108704 0.639648 1 0 1.0
0 -3.491234 3.250261 0.417850 0.124911 0.769994 0.625705 0.108704 0.639648 1 0 1.0
0 -4.860719 4.011424 -0.245444 0.124911 0.769994 0.625705 0.108704 0.639648 1 0 1.0
Default
0 -5.481112 3.090985 0.183651 -0.101008 0.069018 0.992489 0.150513 0.617676 1 0 1.0
0 -3.754359 2.250298 0.417850 -0.101008 0.069018 0.992489 0.150513 0.617676 1 0 1.0
0 -5.067517 3.696284 0.183651 -0.101008 0.069018 0.992489 0.150513 0.617676 1 0 1.0
Default
0 -3.359674 3.762734 -0.110461 0.302331 0.744633 -0.595077 0.108704 0.639648 1 0 1.0
0 -1.529021 2.680796 -0.534243 0.302331 0.744633 -0.595077 0.108704 0.639648 1 0 1.0
0 -3.491234 3.250261 -0.818570 0.302331 0.744633 -0.595077 0.108704 0.639648 1 0 1.0
Default
0 -3.491234 3.250261 0.417850 0.511573 0.549579 0.660497 0.108704 0.639648 1 0 1.0
0 -1.598799 2.415614 -0.353410 0.511573 0.549579 0.660497 0.108704 0.639648 1 0 1.0
0 -3.359674 3.762734 -0.110461 0.511573 0.549579 0.660497 0.108704 0.639648 1 0 1.0
Default
0 -4.480364 0.850393 -0.960710 -0.556775 0.133434 -0.819876 0.104980 0.641113 1 0 1.0
0 -4.540276 0.600393 -0.960710 -0.556775 0.133434 -0.819876 0.104980 0.641113 1 0 1.0
0 -4.964504 0.935294 -0.618115 -0.556775 0.133434 -0.819876 0.104980 0.641113 1 0 1.0
Default
0 -4.570232 0.475394 -0.688152 0.381942 -0.642805 0.664020 0.104980 0.641113 1 0 1.0
0 -4.540276 0.600393 -0.584376 0.381942 -0.642805 0.664020 0.104980 0.641113 1 0 1.0
0 -4.957805 0.564004 -0.379442 0.381942 -0.642805 0.664020 0.104980 0.641113 1 0 1.0
Default
0 -4.855307 1.082425 -0.496347 -0.150056 0.694077 -0.704088 0.104980 0.641113 1 0 1.0
0 -4.450409 0.975392 -0.688152 -0.150056 0.694077 -0.704088 0.104980 0.641113 1 0 1.0
0 -4.964504 0.935294 -0.618115 -0.150056 0.694077 -0.704088 0.104980 0.641113 1 0 1.0
Default
0 -4.540276 0.600393 -0.960710 -0.470279 -0.781458 -0.410074 0.104980 0.641113 1 0 1.0
0 -4.570232 0.475394 -0.688152 -0.470279 -0.781458 -0.410074 0.104980 0.641113 1 0 1.0
0 -5.015753 0.676083 -0.559662 -0.470279 -0.781458 -0.410074 0.104980 0.641113 1 0 1.0
Default
0 -4.540276 0.600393 -0.584376 0.702486 -0.168347 0.691500 0.104980 0.641113 1 0 1.0
0 -4.480364 0.850393 -0.584376 0.702486 -0.168347 0.691500 0.104980 0.641113 1 0 1.0
0 -4.843741 0.712156 -0.248881 0.702486 -0.168347 0.691500 0.104980 0.641113 1 0 1.0
Default
0 -3.335571 0.043326 -0.730029 -0.156714 -0.528677 0.834231 0.104980 0.641113 1 0 1.0
0 -3.308296 0.165002 -0.647796 -0.156714 -0.528677 0.834231 0.104980 0.641113 1 0 1.0
0 -4.570232 0.475394 -0.688152 -0.156714 -0.528677 0.834231 0.104980 0.641113 1 0 1.0
Default
0 -4.450409 0.975392 -0.688152 0.296678 0.855270 -0.424847 0.104980 0.641113 1 0 1.0
0 -3.226469 0.530027 -0.730029 0.296678 0.855270 -0.424847 0.104980 0.641113 1 0 1.0
0 -4.480364 0.850393 -0.960710 0.296678 0.855270 -0.424847 0.104980 0.641113 1 0 1.0
Default
0 -4.540276 0.600393 -0.960710 -0.297137 -0.855120 -0.424829 0.104980 0.641113 1 0 1.0
0 -3.308296 0.165002 -0.946007 -0.297137 -0.855120 -0.424829 0.104980 0.641113 1 0 1.0
0 -4.570232 0.475394 -0.688152 -0.297137 -0.855120 -0.424829 0.104980 0.641113 1 0 1.0
Default
0 -4.964504 0.935294 -0.618115 -0.471666 0.743021 -0.474817 0.104980 0.641113 1 0 1.0
0 -5.506070 1.058856 0.113214 -0.471666 0.743021 -0.474817 0.104980 0.641113 1 0 1.0
0 -4.855307 1.082425 -0.496347 -0.471666 0.743021 -0.474817 0.104980 0.641113 1 0 1.0
Default
0 -5.500132 0.679284 0.259483 -0.608300 -0.690271 -0.391787 0.104980 0.641113 1 0 1.0
0 -5.579606 0.827393 0.121930 -0.608300 -0.690271 -0.391787 0.104980 0.641113 1 0 1.0
0 -4.957805 0.564004 -0.379442 -0.608300 -0.690271 -0.391787 0.104980 0.641113 1 0 1.0
Default
0 -4.792492 0.971367 -0.307333 0.793472 -0.019707 0.608287 0.104980 0.641113 1 0 1.0
0 -5.297595 1.000789 0.352494 0.793472 -0.019707 0.608287 0.104980 0.641113 1 0 1.0
0 -4.843741 0.712156 -0.248881 0.793472 -0.019707 0.608287 0.104980 0.641113 1 0 1.0
Default
0 -5.579606 0.827393 0.121930 -0.730596 0.207616 -0.650481 0.104980 0.641113 1 0 1.0
0 -5.506070 1.058856 0.113214 -0.730596 0.207616 -0.650481 0.104980 0.641113 1 0 1.0
0 -5.015753 0.676083 -0.559662 -0.730596 0.207616 -0.650481 0.104980 0.641113 1 0 1.0
Default
0 -5.371131 0.769325 0.361210 0.324301 -0.873854 0.362226 0.104980 0.641113 1 0 1.0
0 -5.500132 0.679284 0.259483 0.324301 -0.873854 0.362226 0.104980 0.641113 1 0 1.0
0 -4.843741 0.712156 -0.248881 0.324301 -0.873854 0.362226 0.104980 0.641113 1 0 1.0
Default
0 -5.493976 0.704481 0.256785 -0.312411 -0.710509 -0.630537 0.104980 0.641113 1 0 1.0
0 -6.080439 0.846220 0.387643 -0.312411 -0.710509 -0.630537 0.104980 0.641113 1 0 1.0
0 -5.558740 0.838430 0.137935 -0.312411 -0.710509 -0.630537 0.104980 0.641113 1 0 1.0
Default
0 -5.558740 0.838430 0.137935 -0.673286 0.281172 0.683833 0.104980 0.641113 1 0 1.0
0 -5.579606 0.827393 0.121930 -0.673286 0.281172 0.683833 0.104980 0.641113 1 0 1.0
0 -5.493976 0.704481 0.256785 -0.673286 0.281172 0.683833 0.104980 0.641113 1 0 1.0
Default
0 -5.506070 1.058856 0.113214 -0.667338 0.238586 0.705505 0.104980 0.641113 1 0 1.0
0 -5.579606 0.827393 0.121930 -0.667338 0.238586 0.705505 0.104980 0.641113 1 0 1.0
0 -5.495039 1.038934 0.130385 -0.667338 0.238586 0.705505 0.104980 0.641113 1 0 1.0
Default
0 -5.909943 1.252774 0.244257 0.623936 0.704133 -0.338970 0.104980 0.641113 1 0 1.0
0 -6.514389 1.608565 -0.129259 0.623936 0.704133 -0.338970 0.104980 0.641113 1 0 1.0
0 -5.887712 1.299969 0.383214 0.623936 0.704133 -0.338970 0.104980 0.641113 1 0 1.0
Default
0 -5.317514 0.992732 0.336376 0.288681 -0.055724 0.955802 0.104980 0.641113 1 0 1.0
0 -5.903105 1.258366 0.528730 0.288681 -0.055724 0.955802 0.104980 0.641113 1 0 1.0
0 -5.383111 0.786266 0.344152 0.288681 -0.055724 0.955802 0.104980 0.641113 1 0 1.0
Default
0 -6.056371 0.909559 0.206358 -0.128468 0.053796 -0.990254 0.104980 0.641113 1 0 1.0
0 -5.900109 1.277330 0.206065 -0.128468 0.053796 -0.990254 0.104980 0.641113 1 0 1.0
0 -5.558740 0.838430 0.137935 -0.128468 0.053796 -0.990254 0.104980 0.641113 1 0 1.0
Default
0 -5.383111 0.786266 0.344152 0.028348 -0.747444 0.663719 0.104980 0.641113 1 0 1.0
0 -6.044616 0.925316 0.528995 0.028348 -0.747444 0.663719 0.104980 0.641113 1 0 1.0
0 -5.493976 0.704481 0.256785 0.028348 -0.747444 0.663719 0.104980 0.641113 1 0 1.0
Default
0 -5.871120 1.338867 0.387250 0.461661 0.722084 0.515232 0.104980 0.641113 1 0 1.0
0 -5.903105 1.258366 0.528730 0.461661 0.722084 0.515232 0.104980 0.641113 1 0 1.0
0 -5.362615 1.117959 0.241215 0.461661 0.722084 0.515232 0.104980 0.641113 1 0 1.0
Default
0 -5.900109 1.277330 0.206065 0.425252 0.834102 -0.351332 0.104980 0.641113 1 0 1.0
0 -5.871120 1.338867 0.387250 0.425252 0.834102 -0.351332 0.104980 0.641113 1 0 1.0
0 -5.495039 1.038934 0.130385 0.425252 0.834102 -0.351332 0.104980 0.641113 1 0 1.0
Default
0 -5.903105 1.258366 0.528730 -0.920273 0.391011 0.014434 0.104980 0.641113 1 0 1.0
0 -5.871120 1.338867 0.387250 -0.920273 0.391011 0.014434 0.104980 0.641113 1 0 1.0
0 -5.911982 1.238882 0.490572 -0.920273 0.391011 0.014434 0.104980 0.641113 1 0 1.0
Default
0 -5.887712 1.299969 0.383214 -0.920257 0.391050 0.014414 0.104980 0.641113 1 0 1.0
0 -5.871120 1.338867 0.387250 -0.920257 0.391050 0.014414 0.104980 0.641113 1 0 1.0
0 -5.909943 1.252774 0.244257 -0.920257 0.391050 0.014414 0.104980 0.641113 1 0 1.0
Default
0 -6.063958 0.885159 0.383545 -0.287789 -0.891561 -0.349711 0.104980 0.641113 1 0 1.0
0 -6.764195 1.302231 -0.103506 -0.287789 -0.891561 -0.349711 0.104980 0.641113 1 0 1.0
0 -6.045499 0.933736 0.244511 -0.287789 -0.891561 -0.349711 0.104980 0.641113 1 0 1.0
Default
0 -6.723531 1.671408 -0.052530 -0.494895 0.146839 0.856456 0.104980 0.641113 1 0 1.0
0 -6.831113 1.392380 -0.066856 -0.494895 0.146839 0.856456 0.104980 0.641113 1 0 1.0
0 -5.911982 1.238882 0.490572 -0.494895 0.146839 0.856456 0.104980 0.641113 1 0 1.0
Default
0 -6.045499 0.933736 0.244511 0.454722 -0.193902 -0.869270 0.104980 0.641113 1 0 1.0
0 -6.631251 1.305469 -0.144819 0.454722 -0.193902 -0.869270 0.104980 0.641113 1 0 1.0
0 -5.909943 1.252774 0.244257 0.454722 -0.193902 -0.869270 0.104980 0.641113 1 0 1.0
Default
0 -6.831113 1.392380 -0.066856 -0.647661 -0.645392 0.404975 0.104980 0.641113 1 0 1.0
0 -6.764195 1.302231 -0.103506 -0.647661 -0.645392 0.404975 0.104980 0.641113 1 0 1.0
0 -6.036776 0.945179 0.490806 -0.647661 -0.645392 0.404975 0.104980 0.641113 1 0 1.0
Default
0 -6.612253 1.696312 -0.083277 0.005872 0.766548 0.642160 0.104980 0.641113 1 0 1.0
0 -6.723531 1.671408 -0.052530 0.005872 0.766548 0.642160 0.104980 0.641113 1 0 1.0
0 -5.887712 1.299969 0.383214 0.005872 0.766548 0.642160 0.104980 0.641113 1 0 1.0
Default
0 -6.514389 1.608565 -0.129259 -0.296403 0.162596 -0.941120 0.104980 0.641113 1 0 1.0
0 -6.631251 1.305469 -0.144819 -0.296403 0.162596 -0.941120 0.104980 0.641113 1 0 1.0
0 -6.534314 1.602902 -0.123962 -0.296403 0.162596 -0.941120 0.104980 0.641113 1 0 1.0
Default
0 -6.966934 1.705608 -1.385131 0.040942 0.136244 -0.989829 0.104980 0.641113 1 0 1.0
0 -6.886340 1.680081 -1.385310 0.040942 0.136244 -0.989829 0.104980 0.641113 1 0 1.0
0 -7.000992 1.612651 -1.399334 0.040942 0.136244 -0.989829 0.104980 0.641113 1 0 1.0
Default
0 -6.926194 1.710329 -1.382797 0.040919 0.136161 -0.989841 0.104980 0.641113 1 0 1.0
0 -6.886340 1.680081 -1.385310 0.040919 0.136161 -0.989841 0.104980 0.641113 1 0 1.0
0 -6.966934 1.705608 -1.385131 0.040919 0.136161 -0.989841 0.104980 0.641113 1 0 1.0
Default
0 -6.812033 1.395856 -0.072266 -0.799767 -0.600102 0.015842 0.104980 0.641113 1 0 1.0
0 -7.000992 1.612651 -1.399334 -0.799767 -0.600102 0.015842 0.104980 0.641113 1 0 1.0
0 -6.755547 1.319760 -0.103201 -0.799767 -0.600102 0.015842 0.104980 0.641113 1 0 1.0
Default
0 -6.617590 1.677570 -0.084834 -0.198863 0.977383 0.071949 0.104980 0.641113 1 0 1.0
0 -6.926194 1.710329 -1.382797 -0.198863 0.977383 0.071949 0.104980 0.641113 1 0 1.0
0 -6.711519 1.656548 -0.058880 -0.198863 0.977383 0.071949 0.104980 0.641113 1 0 1.0
Default
0 -5.170502 -0.684111 -1.150090 -0.627538 0.142718 -0.765394 0.104980 0.641113 1 0 1.0
0 -5.230792 -0.949212 -1.150090 -0.627538 0.142718 -0.765394 0.104980 0.641113 1 0 1.0
0 -5.540965 -0.645813 -0.839210 -0.627538 0.142718 -0.765394 0.104980 0.641113 1 0 1.0
Default
0 -5.260938 -1.081762 -0.861848 0.326325 -0.645758 0.690296 0.104980 0.641113 1 0 1.0
0 -5.230792 -0.949212 -0.752101 0.326325 -0.645758 0.690296 0.104980 0.641113 1 0 1.0
0 -5.601422 -0.989720 -0.614787 0.326325 -0.645758 0.690296 0.104980 0.641113 1 0 1.0
Default
0 -5.375722 -0.643389 -0.546982 0.526652 0.762649 0.375506 0.104980 0.641113 1 0 1.0
0 -5.170502 -0.684111 -0.752101 0.526652 0.762649 0.375506 0.104980 0.641113 1 0 1.0
0 -5.413769 -0.529607 -0.724712 0.526652 0.762649 0.375506 0.104980 0.641113 1 0 1.0
Default
0 -5.413769 -0.529607 -0.724712 -0.219149 0.795922 -0.564341 0.104980 0.641113 1 0 1.0
0 -5.140356 -0.551561 -0.861848 -0.219149 0.795922 -0.564341 0.104980 0.641113 1 0 1.0
0 -5.540965 -0.645813 -0.839210 -0.219149 0.795922 -0.564341 0.104980 0.641113 1 0 1.0
Default
0 -5.469549 -0.873446 -0.492019 0.712343 -0.125553 0.690510 0.104980 0.641113 1 0 1.0
0 -5.230792 -0.949212 -0.752101 0.712343 -0.125553 0.690510 0.104980 0.641113 1 0 1.0
0 -5.375722 -0.643389 -0.546982 0.712343 -0.125553 0.690510 0.104980 0.641113 1 0 1.0
Default
0 -3.609449 -1.551227 -0.889769 -0.137533 -0.533451 0.834575 0.104980 0.641113 1 0 1.0
0 -3.576729 -1.396911 -0.785739 -0.137533 -0.533451 0.834575 0.104980 0.641113 1 0 1.0
0 -5.260938 -1.081762 -0.861848 -0.137533 -0.533451 0.834575 0.104980 0.641113 1 0 1.0
Default
0 -5.140356 -0.551561 -0.861848 0.196016 0.882971 -0.426544 0.104980 0.641113 1 0 1.0
0 -3.478569 -0.933959 -0.889769 0.196016 0.882971 -0.426544 0.104980 0.641113 1 0 1.0
0 -5.170502 -0.684111 -1.150090 0.196016 0.882971 -0.426544 0.104980 0.641113 1 0 1.0
Default
0 -5.230792 -0.949212 -1.150090 -0.239444 -0.872362 -0.426205 0.104980 0.641113 1 0 1.0
0 -3.576729 -1.396910 -1.162996 -0.239444 -0.872362 -0.426205 0.104980 0.641113 1 0 1.0
0 -5.260938 -1.081762 -0.861848 -0.239444 -0.872362 -0.426205 0.104980 0.641113 1 0 1.0
Default
0 -5.413769 -0.529607 -0.724712 0.667425 0.683800 0.294893 0.104980 0.641113 1 0 1.0
0 -5.834801 -0.383566 -0.110440 0.667425 0.683800 0.294893 0.104980 0.641113 1 0 1.0
0 -5.375722 -0.643389 -0.546982 0.667425 0.683800 0.294893 0.104980 0.641113 1 0 1.0
Default
0 -5.540965 -0.645813 -0.839210 -0.311357 0.817761 -0.484070 0.104980 0.641113 1 0 1.0
0 -5.983530 -0.455174 -0.232495 -0.311357 0.817761 -0.484070 0.104980 0.641113 1 0 1.0
0 -5.413769 -0.529607 -0.724712 -0.311357 0.817761 -0.484070 0.104980 0.641113 1 0 1.0
Default
0 -5.375722 -0.643389 -0.546982 0.765665 -0.163647 0.622075 0.104980 0.641113 1 0 1.0
0 -5.789033 -0.520007 -0.005811 0.765665 -0.163647 0.622075 0.104980 0.641113 1 0 1.0
0 -5.469549 -0.873446 -0.492019 0.765665 -0.163647 0.622075 0.104980 0.641113 1 0 1.0
Default
0 -6.064089 -0.670689 -0.224239 -0.723705 0.245813 -0.644847 0.104980 0.641113 1 0 1.0
0 -5.983530 -0.455174 -0.232495 -0.723705 0.245813 -0.644847 0.104980 0.641113 1 0 1.0
0 -5.634792 -0.875869 -0.784248 -0.723705 0.245813 -0.644847 0.104980 0.641113 1 0 1.0
Default
0 -5.869593 -0.735521 0.002446 0.223971 -0.876686 0.425744 0.104980 0.641113 1 0 1.0
0 -5.995921 -0.814595 -0.093925 0.223971 -0.876686 0.425744 0.104980 0.641113 1 0 1.0
0 -5.469549 -0.873446 -0.492019 0.223971 -0.876686 0.425744 0.104980 0.641113 1 0 1.0
Default
0 -5.988901 -0.791046 -0.096483 -0.387355 -0.692131 -0.609025 0.104980 0.641113 1 0 1.0
0 -6.375843 -0.667444 0.009153 -0.387355 -0.692131 -0.609025 0.104980 0.641113 1 0 1.0
0 -6.043823 -0.661235 -0.209075 -0.387355 -0.692131 -0.609025 0.104980 0.641113 1 0 1.0
Default
0 -6.043823 -0.661235 -0.209075 -0.658352 0.314572 0.683826 0.104980 0.641113 1 0 1.0
0 -6.064089 -0.670689 -0.224239 -0.658352 0.314572 0.683826 0.104980 0.641113 1 0 1.0
0 -5.988901 -0.791046 -0.096483 -0.658352 0.314572 0.683826 0.104980 0.641113 1 0 1.0
Default
0 -5.974039 -0.474546 -0.216228 -0.654577 0.271704 0.705483 0.104980 0.641113 1 0 1.0
0 -5.983530 -0.455174 -0.232495 -0.654577 0.271704 0.705483 0.104980 0.641113 1 0 1.0
0 -6.043823 -0.661235 -0.209075 -0.654577 0.271704 0.705483 0.104980 0.641113 1 0 1.0
Default
0 -6.586665 -0.157842 -0.416902 0.591984 0.769648 -0.239159 0.104980 0.641113 1 0 1.0
0 -6.669846 -0.081596 -0.377428 0.591984 0.769648 -0.239159 0.104980 0.641113 1 0 1.0
0 -6.232044 -0.334834 -0.108704 0.591984 0.769648 -0.239159 0.104980 0.641113 1 0 1.0
Default
0 -5.808263 -0.526684 -0.021080 0.297657 -0.074799 0.951738 0.104980 0.641113 1 0 1.0
0 -6.226374 -0.330298 0.125119 0.297657 -0.074799 0.951738 0.104980 0.641113 1 0 1.0
0 -5.880122 -0.718924 -0.013715 0.297657 -0.074799 0.951738 0.104980 0.641113 1 0 1.0
Default
0 -6.355491 -0.615602 -0.139856 -0.203610 0.088385 -0.975054 0.104980 0.641113 1 0 1.0
0 -6.223740 -0.314740 -0.140097 -0.203610 0.088385 -0.975054 0.104980 0.641113 1 0 1.0
0 -6.043823 -0.661235 -0.209075 -0.203610 0.088385 -0.975054 0.104980 0.641113 1 0 1.0
Default
0 -5.880122 -0.718924 -0.013715 0.005844 -0.757708 0.652568 0.104980 0.641113 1 0 1.0
0 -6.345687 -0.602758 0.125337 0.005844 -0.757708 0.652568 0.104980 0.641113 1 0 1.0
0 -5.988901 -0.791046 -0.096483 0.005844 -0.757708 0.652568 0.104980 0.641113 1 0 1.0
Default
0 -6.199360 -0.264423 0.008830 0.462891 0.720840 0.515870 0.104980 0.641113 1 0 1.0
0 -6.226374 -0.330298 0.125119 0.462891 0.720840 0.515870 0.104980 0.641113 1 0 1.0
0 -5.844993 -0.406058 -0.111232 0.462891 0.720840 0.515870 0.104980 0.641113 1 0 1.0
Default
0 -6.223740 -0.314740 -0.140097 0.426310 0.833530 -0.351408 0.104980 0.641113 1 0 1.0
0 -6.199360 -0.264423 0.008830 0.426310 0.833530 -0.351408 0.104980 0.641113 1 0 1.0
0 -5.974039 -0.474546 -0.216228 0.426310 0.833530 -0.351408 0.104980 0.641113 1 0 1.0
Default
0 -6.226374 -0.330298 0.125119 -0.915952 0.401029 0.014409 0.104980 0.641113 1 0 1.0
0 -6.199360 -0.264423 0.008830 -0.915952 0.401029 0.014409 0.104980 0.641113 1 0 1.0
0 -6.233845 -0.346233 0.093756 -0.915952 0.401029 0.014409 0.104980 0.641113 1 0 1.0
Default
0 -6.213347 -0.296245 0.005512 -0.915913 0.401117 0.014424 0.104980 0.641113 1 0 1.0
0 -6.199360 -0.264423 0.008830 -0.915913 0.401117 0.014424 0.104980 0.641113 1 0 1.0
0 -6.232044 -0.334834 -0.108704 -0.915913 0.401117 0.014424 0.104980 0.641113 1 0 1.0
Default
0 -6.361946 -0.635588 0.005784 -0.145306 -0.928121 -0.342751 0.104980 0.641113 1 0 1.0
0 -6.803988 -0.418450 -0.394794 -0.145306 -0.928121 -0.342751 0.104980 0.641113 1 0 1.0
0 -6.346337 -0.595829 -0.108495 -0.145306 -0.928121 -0.342751 0.104980 0.641113 1 0 1.0
Default
0 -6.765601 -0.101926 -0.351033 -0.577486 0.189016 0.794218 0.104980 0.641113 1 0 1.0
0 -6.860581 -0.340433 -0.363332 -0.577486 0.189016 0.794218 0.104980 0.641113 1 0 1.0
0 -6.233845 -0.346233 0.093756 -0.577486 0.189016 0.794218 0.104980 0.641113 1 0 1.0
Default
0 -6.346337 -0.595829 -0.108495 0.585906 -0.257191 -0.768483 0.104980 0.641113 1 0 1.0
0 -6.689836 -0.416922 -0.430260 0.585906 -0.257191 -0.768483 0.104980 0.641113 1 0 1.0
0 -6.232044 -0.334834 -0.108704 0.585906 -0.257191 -0.768483 0.104980 0.641113 1 0 1.0
Default
0 -6.339065 -0.586503 0.093948 -0.682315 -0.549004 0.482743 0.104980 0.641113 1 0 1.0
0 -6.860581 -0.340433 -0.363332 -0.682315 -0.549004 0.482743 0.104980 0.641113 1 0 1.0
0 -6.361946 -0.635588 0.005784 -0.682315 -0.549004 0.482743 0.104980 0.641113 1 0 1.0
Default
0 -6.603820 -0.162515 -0.412355 -0.294660 0.165856 -0.941099 0.104980 0.641113 1 0 1.0
0 -6.586665 -0.157842 -0.416902 -0.294660 0.165856 -0.941099 0.104980 0.641113 1 0 1.0
0 -6.699262 -0.402184 -0.424712 -0.294660 0.165856 -0.941099 0.104980 0.641113 1 0 1.0
Default
0 -6.674603 -0.097634 -0.378765 -0.294617 0.165848 -0.941114 0.104980 0.641113 1 0 1.0
0 -6.669846 -0.081596 -0.377428 -0.294627 0.165853 -0.941110 0.104980 0.641113 1 0 1.0
0 -6.603820 -0.162515 -0.412355 -0.294617 0.165848 -0.941114 0.104980 0.641113 1 0 1.0
Default
0 -6.765601 -0.101926 -0.351033 -0.294627 0.165853 -0.941110 0.104980 0.641113 1 0 1.0
0 -6.669846 -0.081596 -0.377428 -0.294627 0.165853 -0.941110 0.104980 0.641113 1 0 1.0
0 -6.755431 -0.114796 -0.356485 -0.294627 0.165853 -0.941110 0.104980 0.641113 1 0 1.0
Default
0 -6.844171 -0.337629 -0.367975 -0.294630 0.165798 -0.941118 0.104980 0.641113 1 0 1.0
0 -6.860581 -0.340433 -0.363332 -0.294630 0.165798 -0.941118 0.104980 0.641113 1 0 1.0
0 -6.755431 -0.114796 -0.356485 -0.294627 0.165853 -0.941110 0.104980 0.641113 1 0 1.0
Default
0 -6.803988 -0.418450 -0.394794 -0.294630 0.165798 -0.941118 0.104980 0.641113 1 0 1.0
0 -6.860581 -0.340433 -0.363332 -0.294630 0.165798 -0.941118 0.104980 0.641113 1 0 1.0
0 -6.844171 -0.337629 -0.367975 -0.294630 0.165798 -0.941118 0.104980 0.641113 1 0 1.0
Default
0 -6.796398 -0.403484 -0.394533 -0.294616 0.165831 -0.941117 0.104980 0.641113 1 0 1.0
0 -6.803988 -0.418450 -0.394794 -0.294630 0.165798 -0.941118 0.104980 0.641113 1 0 1.0
0 -6.844171 -0.337629 -0.367975 -0.294630 0.165798 -0.941118 0.104980 0.641113 1 0 1.0
Default
0 -6.803988 -0.418450 -0.394794 -0.294630 0.165798 -0.941118 0.104980 0.641113 1 0 1.0
0 -6.796398 -0.403484 -0.394533 -0.294616 0.165831 -0.941117 0.104980 0.641113 1 0 1.0
0 -6.699262 -0.402184 -0.424712 -0.294616 0.165831 -0.941117 0.104980 0.641113 1 0 1.0
Default
0 -6.689836 -0.416922 -0.430260 -0.294615 0.165864 -0.941112 0.104980 0.641113 1 0 1.0
0 -6.803988 -0.418450 -0.394794 -0.294630 0.165798 -0.941118 0.104980 0.641113 1 0 1.0
0 -6.699262 -0.402184 -0.424712 -0.294616 0.165831 -0.941117 0.104980 0.641113 1 0 1.0
Default
0 -6.963796 -0.078045 -1.447988 0.042435 0.135788 -0.989829 0.104980 0.641113 1 0 1.0
0 -6.897789 -0.099752 -1.448136 0.042435 0.135788 -0.989829 0.104980 0.641113 1 0 1.0
0 -6.992630 -0.154139 -1.459663 0.042435 0.135788 -0.989829 0.104980 0.641113 1 0 1.0
Default
0 -6.930272 -0.074532 -1.446070 0.042411 0.135695 -0.989842 0.104980 0.641113 1 0 1.0
0 -6.897789 -0.099752 -1.448136 0.042411 0.135695 -0.989842 0.104980 0.641113 1 0 1.0
0 -6.963796 -0.078045 -1.447988 0.042411 0.135695 -0.989842 0.104980 0.641113 1 0 1.0
Default
0 -6.844171 -0.337629 -0.367975 -0.807360 -0.589964 0.010631 0.104980 0.641113 1 0 1.0
0 -6.992630 -0.154139 -1.459663 -0.807360 -0.589964 0.010631 0.104980 0.641113 1 0 1.0
0 -6.796398 -0.403484 -0.394533 -0.807360 -0.589964 0.010631 0.104980 0.641113 1 0 1.0
Default
0 -6.674603 -0.097634 -0.378765 -0.189619 0.979595 0.066627 0.104980 0.641113 1 0 1.0
0 -6.930272 -0.074532 -1.446070 -0.189619 0.979595 0.066627 0.104980 0.641113 1 0 1.0
0 -6.755431 -0.114796 -0.356485 -0.189619 0.979595 0.066627 0.104980 0.641113 1 0 1.0
Default
0 -4.349221 -3.039060 -1.223258 -0.329790 -0.257339 -0.908303 0.104980 0.641113 1 0 1.0
0 -4.159617 -3.282042 -1.223259 -0.329790 -0.257339 -0.908303 0.104980 0.641113 1 0 1.0
0 -4.893058 -3.505596 -0.893622 -0.329790 -0.257339 -0.908303 0.104980 0.641113 1 0 1.0
Default
0 -4.064815 -3.403533 -0.896495 0.622654 -0.267267 0.735439 0.104980 0.641113 1 0 1.0
0 -4.159617 -3.282042 -0.772081 0.622654 -0.267267 0.735439 0.104980 0.641113 1 0 1.0
0 -4.567668 -3.795909 -0.613352 0.622654 -0.267267 0.735439 0.104980 0.641113 1 0 1.0
Default
0 -4.786980 -3.328556 -0.528674 -0.360679 0.856273 0.369739 0.104980 0.641113 1 0 1.0
0 -4.349221 -3.039060 -0.772081 -0.360679 0.856273 0.369739 0.104980 0.641113 1 0 1.0
0 -4.932805 -3.294138 -0.750632 -0.360679 0.856273 0.369739 0.104980 0.641113 1 0 1.0
Default
0 -4.932805 -3.294138 -0.750632 -0.532641 0.403107 -0.744176 0.104980 0.641113 1 0 1.0
0 -4.444023 -2.917570 -0.896495 -0.532641 0.403107 -0.744176 0.104980 0.641113 1 0 1.0
0 -4.893058 -3.505596 -0.893622 -0.532641 0.403107 -0.744176 0.104980 0.641113 1 0 1.0
Default
0 -4.159617 -3.282042 -0.772081 0.397971 0.310545 0.863239 0.104980 0.641113 1 0 1.0
0 -4.349221 -3.039060 -0.772081 0.397971 0.310545 0.863239 0.104980 0.641113 1 0 1.0
0 -4.604412 -3.579442 -0.460034 0.397971 0.310545 0.863239 0.104980 0.641113 1 0 1.0
Default
0 -2.782339 -2.627081 -0.987123 -0.033277 0.559014 0.828490 0.104980 0.641113 1 0 1.0
0 -2.813345 -2.519489 -1.060965 -0.033277 0.559014 0.828490 0.104980 0.641113 1 0 1.0
0 -4.349221 -3.039060 -0.772081 -0.033277 0.559014 0.828490 0.104980 0.641113 1 0 1.0
Default
0 -4.444023 -2.917570 -0.896495 -0.255221 0.879745 -0.401136 0.104980 0.641113 1 0 1.0
0 -2.813345 -2.519489 -1.060965 -0.255221 0.879745 -0.401136 0.104980 0.641113 1 0 1.0
0 -4.349221 -3.039060 -1.223258 -0.255221 0.879745 -0.401136 0.104980 0.641113 1 0 1.0
Default
0 -4.159617 -3.282042 -1.223259 0.259498 -0.878191 -0.401798 0.104980 0.641113 1 0 1.0
0 -2.720326 -2.842265 -1.254903 0.259498 -0.878191 -0.401798 0.104980 0.641113 1 0 1.0
0 -4.064815 -3.403533 -0.896495 0.259498 -0.878191 -0.401798 0.104980 0.641113 1 0 1.0
Default
0 -2.720327 -2.842265 -0.987123 0.135937 0.039174 0.989943 0.104980 0.641113 1 0 1.0
0 -2.782339 -2.627081 -0.987123 0.135937 0.039174 0.989943 0.104980 0.641113 1 0 1.0
0 -4.159617 -3.282042 -0.772081 0.135937 0.039174 0.989943 0.104980 0.641113 1 0 1.0
Default
0 -4.932805 -3.294138 -0.750632 -0.221556 0.931049 0.289932 0.104980 0.641113 1 0 1.0
0 -5.324195 -3.604217 -0.053977 -0.221556 0.931049 0.289932 0.104980 0.641113 1 0 1.0
0 -4.786980 -3.328556 -0.528674 -0.221556 0.931049 0.289932 0.104980 0.641113 1 0 1.0
Default
0 -4.893058 -3.505596 -0.893622 -0.854667 0.170871 -0.490252 0.104980 0.641113 1 0 1.0
0 -5.346595 -3.815224 -0.210878 -0.854667 0.170871 -0.490252 0.104980 0.641113 1 0 1.0
0 -4.932805 -3.294138 -0.750632 -0.854667 0.170871 -0.490252 0.104980 0.641113 1 0 1.0
Default
0 -4.786980 -3.328556 -0.528674 0.546889 0.566594 0.616347 0.104980 0.641113 1 0 1.0
0 -5.144105 -3.646540 0.080520 0.546889 0.566594 0.616347 0.104980 0.641113 1 0 1.0
0 -4.604412 -3.579442 -0.460034 0.546889 0.566594 0.616347 0.104980 0.641113 1 0 1.0
Default
0 -5.165584 -4.049127 -0.200263 -0.584976 -0.482294 -0.652070 0.104980 0.641113 1 0 1.0
0 -5.346595 -3.815224 -0.210878 -0.584976 -0.482294 -0.652070 0.104980 0.641113 1 0 1.0
0 -4.710489 -3.756481 -0.824982 -0.584976 -0.482294 -0.652070 0.104980 0.641113 1 0 1.0
Default
0 -4.963094 -3.880443 0.091135 0.867866 -0.266818 0.419065 0.104980 0.641113 1 0 1.0
0 -4.962174 -4.072022 -0.032749 0.867866 -0.266818 0.419065 0.104980 0.641113 1 0 1.0
0 -4.604412 -3.579442 -0.460034 0.867866 -0.266818 0.419065 0.104980 0.641113 1 0 1.0
Default
0 -4.983161 -4.048412 -0.036035 0.373188 -0.709288 -0.598031 0.104980 0.641113 1 0 1.0
0 -5.339807 -4.334870 0.081158 0.373188 -0.709288 -0.598031 0.104980 0.641113 1 0 1.0
0 -5.162199 -4.020579 -0.180772 0.373188 -0.709288 -0.598031 0.104980 0.641113 1 0 1.0
Default
0 -5.162199 -4.020579 -0.180772 -0.614061 -0.394097 0.683825 0.104980 0.641113 1 0 1.0
0 -5.165584 -4.049127 -0.200263 -0.614061 -0.394097 0.683825 0.104980 0.641113 1 0 1.0
0 -4.983161 -4.048412 -0.036035 -0.614061 -0.394097 0.683825 0.104980 0.641113 1 0 1.0
Default
0 -5.346595 -3.815224 -0.210878 -0.575619 -0.413446 0.705496 0.104980 0.641113 1 0 1.0
0 -5.165584 -4.049127 -0.200263 -0.575619 -0.413446 0.705496 0.104980 0.641113 1 0 1.0
0 -5.318999 -3.817963 -0.189967 -0.575619 -0.413446 0.705496 0.104980 0.641113 1 0 1.0
Default
0 -5.961753 -4.216939 -0.398222 -0.348861 0.899439 -0.263259 0.104980 0.641113 1 0 1.0
0 -6.084737 -4.251559 -0.353526 -0.348861 0.899439 -0.263259 0.104980 0.641113 1 0 1.0
0 -5.590728 -3.974522 -0.061657 -0.348861 0.899439 -0.263259 0.104980 0.641113 1 0 1.0
Default
0 -5.149822 -3.672075 0.060892 0.210547 0.206303 0.955567 0.104980 0.641113 1 0 1.0
0 -5.591783 -3.965787 0.221684 0.210547 0.206303 0.955567 0.104980 0.641113 1 0 1.0
0 -4.988360 -3.880717 0.070361 0.210547 0.206303 0.955567 0.104980 0.641113 1 0 1.0
Default
0 -5.380231 -4.280827 -0.099407 -0.198115 -0.137442 -0.970495 0.104980 0.641113 1 0 1.0
0 -5.606131 -3.953146 -0.099698 -0.198115 -0.137442 -0.970495 0.104980 0.641113 1 0 1.0
0 -5.162199 -4.020579 -0.180772 -0.198115 -0.137442 -0.970495 0.104980 0.641113 1 0 1.0
Default
0 -4.988360 -3.880717 0.070361 0.634354 -0.400027 0.661493 0.104980 0.641113 1 0 1.0
0 -5.387209 -4.262533 0.221948 0.634354 -0.400027 0.661493 0.104980 0.641113 1 0 1.0
0 -4.983161 -4.048412 -0.036035 0.634354 -0.400027 0.661493 0.104980 0.641113 1 0 1.0
Default
0 -5.642414 -3.895928 0.080768 -0.391597 0.760628 0.517781 0.104980 0.641113 1 0 1.0
0 -5.591783 -3.965787 0.221684 -0.391597 0.760628 0.517781 0.104980 0.641113 1 0 1.0
0 -5.306510 -3.630577 -0.054996 -0.391597 0.760628 0.517781 0.104980 0.641113 1 0 1.0
Default
0 -5.606131 -3.953146 -0.099698 -0.486947 0.799614 -0.351427 0.104980 0.641113 1 0 1.0
0 -5.642414 -3.895928 0.080768 -0.486947 0.799614 -0.351427 0.104980 0.641113 1 0 1.0
0 -5.318999 -3.817963 -0.189967 -0.486947 0.799614 -0.351427 0.104980 0.641113 1 0 1.0
Default
0 -5.591783 -3.965787 0.221684 -0.823224 -0.567533 0.014426 0.104980 0.641113 1 0 1.0
0 -5.642414 -3.895928 0.080768 -0.823224 -0.567533 0.014426 0.104980 0.641113 1 0 1.0
0 -5.580134 -3.983650 0.183679 -0.823224 -0.567533 0.014426 0.104980 0.641113 1 0 1.0
Default
0 -5.618554 -3.930639 0.076747 -0.823226 -0.567530 0.014434 0.104980 0.641113 1 0 1.0
0 -5.642414 -3.895928 0.080768 -0.823226 -0.567530 0.014434 0.104980 0.641113 1 0 1.0
0 -5.590728 -3.974522 -0.061657 -0.823226 -0.567530 0.014434 0.104980 0.641113 1 0 1.0
Default
0 -5.363759 -4.300229 0.077076 0.696634 -0.629394 -0.344332 0.104980 0.641113 1 0 1.0
0 -5.840440 -4.581497 -0.373189 0.696634 -0.629394 -0.344332 0.104980 0.641113 1 0 1.0
0 -5.394762 -4.258782 -0.061404 0.696634 -0.629394 -0.344332 0.104980 0.641113 1 0 1.0
Default
0 -6.122250 -4.355855 -0.323641 -0.468903 -0.394301 0.790352 0.104980 0.641113 1 0 1.0
0 -5.949277 -4.589468 -0.337566 -0.468903 -0.394301 0.790352 0.104980 0.641113 1 0 1.0
0 -5.580134 -3.983650 0.183679 -0.468903 -0.394301 0.790352 0.104980 0.641113 1 0 1.0
Default
0 -5.394762 -4.258782 -0.061404 0.520021 0.357806 -0.775598 0.104980 0.641113 1 0 1.0
0 -5.773860 -4.470701 -0.413347 0.520021 0.357806 -0.775598 0.104980 0.641113 1 0 1.0
0 -5.590728 -3.974522 -0.061657 0.520021 0.357806 -0.775598 0.104980 0.641113 1 0 1.0
Default
0 -5.399730 -4.245340 0.183911 0.091724 -0.872830 0.479327 0.104980 0.641113 1 0 1.0
0 -5.949277 -4.589468 -0.337566 0.091724 -0.872830 0.479327 0.104980 0.641113 1 0 1.0
0 -5.363759 -4.300229 0.077076 0.091724 -0.872830 0.479327 0.104980 0.641113 1 0 1.0
Default
0 -5.961753 -4.216939 -0.398222 -0.296102 -0.163155 -0.941119 0.104980 0.641113 1 0 1.0
0 -5.773860 -4.470701 -0.413347 -0.296102 -0.163155 -0.941119 0.104980 0.641113 1 0 1.0
0 -5.967483 -4.236239 -0.393073 -0.296102 -0.163155 -0.941119 0.104980 0.641113 1 0 1.0
Default
0 -6.260607 -4.531309 -1.554859 -0.093097 0.107573 -0.989829 0.104980 0.641113 1 0 1.0
0 -6.200906 -4.481165 -1.555024 -0.093097 0.107573 -0.989829 0.104980 0.641113 1 0 1.0
0 -6.205052 -4.603767 -1.567959 -0.093097 0.107573 -0.989829 0.104980 0.641113 1 0 1.0
Default
0 -6.244151 -4.497253 -1.552707 -0.093042 0.107508 -0.989841 0.104980 0.641113 1 0 1.0
0 -6.200906 -4.481165 -1.555024 -0.093042 0.107508 -0.989841 0.104980 0.641113 1 0 1.0
0 -6.260607 -4.531309 -1.554859 -0.093042 0.107508 -0.989841 0.104980 0.641113 1 0 1.0
Default
0 -5.942193 -4.571997 -0.342824 0.076142 -0.997052 0.009518 0.104980 0.641113 1 0 1.0
0 -6.205052 -4.603767 -1.567959 0.076142 -0.997052 0.009518 0.104980 0.641113 1 0 1.0
0 -5.850321 -4.565268 -0.372893 0.076142 -0.997052 0.009518 0.104980 0.641113 1 0 1.0
Default
0 -6.072135 -4.265699 -0.355040 -0.932849 0.354266 0.065488 0.104980 0.641113 1 0 1.0
0 -6.244151 -4.497253 -1.552707 -0.932849 0.354266 0.065488 0.104980 0.641113 1 0 1.0
0 -6.103799 -4.353737 -0.329813 -0.932849 0.354266 0.065488 0.104980 0.641113 1 0 1.0
Default
0 -0.000000 -0.004258 -2.278410 0.173954 -0.030754 -0.984273 0.146362 0.607910 1 0 1.0
0 1.369061 0.121313 -2.040375 0.173954 -0.030754 -0.984273 0.146362 0.607910 1 0 1.0
0 1.315725 -1.420971 -2.001611 0.173954 -0.030754 -0.984273 0.146362 0.607910 1 0 1.0
Default
0 -0.000000 -1.407726 -2.188391 0.139642 -0.063382 -0.988171 0.146362 0.607910 1 0 1.0
0 -0.000000 -0.004258 -2.278410 0.173954 -0.030754 -0.984273 0.146362 0.607910 1 0 1.0
0 1.315725 -1.420971 -2.001611 0.173954 -0.030754 -0.984273 0.146362 0.607910 1 0 1.0
Default
0 -0.000000 -0.826699 1.551466 0.432893 -0.014166 0.901334 0.172119 0.546387 1 0 1.0
0 1.276916 -0.896177 0.937095 0.432893 -0.014166 0.901334 0.172119 0.546387 1 0 1.0
0 1.341583 0.399111 0.926395 0.432893 -0.014166 0.901334 0.172119 0.546387 1 0 1.0
Default
0 1.276916 -0.896177 0.937095 0.432893 -0.014166 0.901334 0.172119 0.546387 1 0 1.0
0 -0.000000 -0.826699 1.551466 0.432893 -0.014166 0.901334 0.172119 0.546387 1 0 1.0
0 1.029605 -2.244936 1.096464 0.434588 0.026685 0.900234 0.172119 0.546387 1 0 1.0
Default
0 -0.000000 3.037613 -1.729093 0.244765 0.295836 -0.923348 0.146362 0.607910 1 0 1.0
0 1.219438 3.175368 -1.361703 0.244765 0.295836 -0.923348 0.146362 0.607910 1 0 1.0
0 1.386307 1.804483 -1.756693 0.244765 0.295836 -0.923348 0.146362 0.607910 1 0 1.0
Default
0 -0.000000 1.828845 -2.110649 0.241412 0.292113 -0.925413 0.146362 0.607910 1 0 1.0
0 -0.000000 3.037613 -1.729093 0.244765 0.295836 -0.923348 0.146362 0.607910 1 0 1.0
0 1.386307 1.804483 -1.756693 0.244765 0.295836 -0.923348 0.146362 0.607910 1 0 1.0
Default
0 -0.000000 3.852210 -1.044746 0.016524 0.872123 -0.489007 0.146362 0.607910 1 0 1.0
0 -0.000000 4.315940 -0.217702 0.016524 0.872123 -0.489007 0.146362 0.607910 1 0 1.0
0 1.164075 4.165078 -0.447424 0.016524 0.872123 -0.489007 0.146362 0.607910 1 0 1.0
Default
0 -0.000000 4.315940 -0.217702 0.016524 0.872123 -0.489007 0.146362 0.607910 1 0 1.0
0 -0.000000 3.852210 -1.044746 0.016524 0.872123 -0.489007 0.146362 0.607910 1 0 1.0
0 -1.164075 4.165078 -0.447424 -0.016524 0.872123 -0.489007 0.146362 0.607910 1 0 1.0
Default
0 1.117475 4.352230 -0.002424 0.896277 0.434498 -0.088878 0.146362 0.607910 1 0 1.0
0 1.356828 3.795997 -0.307952 0.898157 0.420353 -0.128907 0.146362 0.607910 1 0 1.0
0 1.164075 4.165078 -0.447424 0.898157 0.420353 -0.128907 0.146362 0.607910 1 0 1.0
Default
0 1.164075 4.165078 -0.447424 0.898157 0.420353 -0.128907 0.146362 0.607910 1 0 1.0
0 1.356828 3.795997 -0.307952 0.898157 0.420353 -0.128907 0.146362 0.607910 1 0 1.0
0 1.296398 3.732233 -0.936930 0.898157 0.420353 -0.128907 0.146362 0.607910 1 0 1.0
Default
0 1.356828 3.795997 -0.307952 0.898157 0.420353 -0.128907 0.146362 0.607910 1 0 1.0
0 1.487582 3.317718 -0.788863 0.917188 0.377866 -0.126428 0.146362 0.607910 1 0 1.0
0 1.296398 3.732233 -0.936930 0.898157 0.420353 -0.128907 0.146362 0.607910 1 0 1.0
Default
0 1.219438 3.175368 -1.361703 0.668499 0.279901 -0.689031 0.146362 0.607910 1 0 1.0
0 1.793350 2.199510 -1.201310 0.668499 0.279901 -0.689031 0.146362 0.607910 1 0 1.0
0 1.386307 1.804483 -1.756693 0.668499 0.279901 -0.689031 0.146362 0.607910 1 0 1.0
Default
0 1.386307 1.804483 -1.756693 0.668499 0.279901 -0.689031 0.146362 0.607910 1 0 1.0
0 1.793350 2.199510 -1.201310 0.668499 0.279901 -0.689031 0.146362 0.607910 1 0 1.0
0 2.019819 0.886962 -1.540107 0.660142 0.292484 -0.691856 0.146362 0.607910 1 0 1.0
Default
0 2.120834 -0.453494 -0.258734 0.992789 -0.116912 -0.026491 0.146362 0.607910 1 0 1.0
0 1.999913 -1.639079 0.441881 0.992789 -0.116912 -0.026491 0.146362 0.607910 1 0 1.0
0 1.953540 -1.927557 -0.022889 0.992789 -0.116912 -0.026491 0.146362 0.607910 1 0 1.0
Default
0 1.953540 -1.927557 -0.022889 0.992789 -0.116912 -0.026491 0.146362 0.607910 1 0 1.0
0 2.120834 -0.453494 -1.054169 0.993621 -0.112768 0.000000 0.146362 0.607910 1 0 1.0
0 2.120834 -0.453494 -0.258734 0.992789 -0.116912 -0.026491 0.146362 0.607910 1 0 1.0
Default
0 1.036909 4.611787 0.961110 0.949860 0.308030 0.053694 0.145142 0.578613 1 0 1.0
0 1.361801 3.607359 0.975881 0.949860 0.308030 0.053694 0.145142 0.578613 1 0 1.0
0 1.374942 3.670277 0.382462 0.949860 0.308030 0.053694 0.145142 0.578613 1 0 1.0
Default
0 1.374942 3.670277 0.382462 0.949860 0.308030 0.053694 0.145142 0.578613 1 0 1.0
0 1.361801 3.607359 0.975881 0.949860 0.308030 0.053694 0.145142 0.578613 1 0 1.0
0 1.755266 2.355577 0.168690 0.961552 0.270045 0.049926 0.145142 0.578613 1 0 1.0
Default
0 2.019819 1.152108 -0.052511 0.997425 0.070603 -0.012584 0.146362 0.607910 1 0 1.0
0 2.120834 -0.453494 -1.054169 0.997425 0.070603 -0.012584 0.146362 0.607910 1 0 1.0
0 2.019819 0.886962 -1.540107 0.997425 0.070603 -0.012584 0.146362 0.607910 1 0 1.0
Default
0 2.019819 1.152108 -0.052511 0.997425 0.070603 -0.012584 0.146362 0.607910 1 0 1.0
0 2.120834 -0.453494 -0.258734 0.997575 0.065709 -0.022946 0.146362 0.607910 1 0 1.0
0 2.120834 -0.453494 -1.054169 0.997425 0.070603 -0.012584 0.146362 0.607910 1 0 1.0
Default
0 2.120834 -0.283222 0.228863 0.997575 0.065709 -0.022946 0.146362 0.607910 1 0 1.0
0 2.120834 -0.453494 -0.258734 0.997575 0.065709 -0.022946 0.146362 0.607910 1 0 1.0
0 2.019819 1.152108 -0.052511 0.997425 0.070603 -0.012584 0.146362 0.607910 1 0 1.0
Default
0 1.691030 -3.380062 -0.057575 0.992375 -0.046474 0.114158 0.146362 0.607910 1 0 1.0
0 1.714228 -2.973436 -0.093699 0.992375 -0.046474 0.114158 0.146362 0.607910 1 0 1.0
0 1.643683 -2.910753 0.545068 0.992375 -0.046474 0.114158 0.146362 0.607910 1 0 1.0
Default
0 1.592253 -3.693410 1.062997 0.996314 -0.009020 0.085301 0.146362 0.607910 1 0 1.0
0 1.691030 -3.380062 -0.057575 0.992375 -0.046474 0.114158 0.146362 0.607910 1 0 1.0
0 1.643683 -2.910753 0.545068 0.992375 -0.046474 0.114158 0.146362 0.607910 1 0 1.0
Default
0 -0.000000 -2.994805 -1.114532 0.053602 -0.764061 -0.642913 0.146362 0.607910 1 0 1.0
0 -0.000000 -2.852113 -1.284113 0.053602 -0.764061 -0.642913 0.146362 0.607910 1 0 1.0
0 1.022433 -2.797845 -1.263362 0.053602 -0.764061 -0.642913 0.146362 0.607910 1 0 1.0
Default
0 1.582315 -3.002668 -0.986710 0.049323 -0.752395 -0.656863 0.146362 0.607910 1 0 1.0
0 -0.000000 -2.994805 -1.114532 0.053602 -0.764061 -0.642913 0.146362 0.607910 1 0 1.0
0 1.022433 -2.797845 -1.263362 0.053602 -0.764061 -0.642913 0.146362 0.607910 1 0 1.0
Default
0 1.592253 -3.693410 1.062997 0.680019 0.373023 0.631211 0.145142 0.578613 1 0 1.0
0 1.643683 -2.910753 0.545068 0.680019 0.373023 0.631211 0.145142 0.578613 1 0 1.0
0 1.017647 -2.836592 1.175685 0.680019 0.373023 0.631211 0.145142 0.578613 1 0 1.0
Default
0 1.080117 -3.699392 1.602383 0.672672 0.366578 0.642754 0.145142 0.578613 1 0 1.0
0 1.592253 -3.693410 1.062997 0.680019 0.373023 0.631211 0.145142 0.578613 1 0 1.0
0 1.017647 -2.836592 1.175685 0.680019 0.373023 0.631211 0.145142 0.578613 1 0 1.0
Default
0 1.000677 -5.687540 1.621516 0.644995 -0.122932 0.754234 0.145142 0.578613 1 0 1.0
0 1.606000 -5.696329 1.102431 0.644995 -0.122932 0.754234 0.145142 0.578613 1 0 1.0
0 1.716583 -4.603351 1.186008 0.644995 -0.122932 0.754234 0.145142 0.578613 1 0 1.0
Default
0 1.061603 -4.562489 1.734139 0.633739 -0.110955 0.765548 0.145142 0.578613 1 0 1.0
0 1.000677 -5.687540 1.621516 0.644995 -0.122932 0.754234 0.145142 0.578613 1 0 1.0
0 1.716583 -4.603351 1.186008 0.644995 -0.122932 0.754234 0.145142 0.578613 1 0 1.0
Default
0 1.000677 -5.687540 1.621516 0.189165 -0.107946 0.975994 0.172119 0.546387 1 0 1.0
0 1.061603 -4.562489 1.734139 0.189165 -0.107946 0.975994 0.172119 0.546387 1 0 1.0
0 -0.000000 -4.553621 1.940876 0.189165 -0.107946 0.975994 0.172119 0.546387 1 0 1.0
Default
0 -0.000000 -5.686150 1.791383 0.165783 -0.129053 0.977682 0.172119 0.546387 1 0 1.0
0 1.000677 -5.687540 1.621516 0.189165 -0.107946 0.975994 0.172119 0.546387 1 0 1.0
0 -0.000000 -4.553621 1.940876 0.189165 -0.107946 0.975994 0.172119 0.546387 1 0 1.0
Default
0 1.061603 -4.562489 1.734139 0.193423 0.144000 0.970490 0.172119 0.546387 1 0 1.0
0 1.080117 -3.699392 1.602383 0.193423 0.144000 0.970490 0.172119 0.546387 1 0 1.0
0 -0.000000 -3.700807 1.817865 0.193423 0.144000 0.970490 0.172119 0.546387 1 0 1.0
Default
0 -0.000000 -4.553621 1.940876 0.190391 0.140152 0.971652 0.172119 0.546387 1 0 1.0
0 1.061603 -4.562489 1.734139 0.193423 0.144000 0.970490 0.172119 0.546387 1 0 1.0
0 -0.000000 -3.700807 1.817865 0.193423 0.144000 0.970490 0.172119 0.546387 1 0 1.0
Default
0 1.669775 -6.585604 -1.041108 0.212746 0.026397 -0.976751 0.146362 0.607910 1 0 1.0
0 -0.000000 -6.507124 -1.402679 0.212746 0.026397 -0.976751 0.146362 0.607910 1 0 1.0
0 -0.000000 -5.529243 -1.376252 0.212746 0.026397 -0.976751 0.146362 0.607910 1 0 1.0
Default
0 1.791856 -5.594679 -0.971375 0.221644 0.041253 -0.974255 0.146362 0.607910 1 0 1.0
0 1.669775 -6.585604 -1.041108 0.212746 0.026397 -0.976751 0.146362 0.607910 1 0 1.0
0 -0.000000 -5.529243 -1.376252 0.212746 0.026397 -0.976751 0.146362 0.607910 1 0 1.0
Default
0 2.100144 -5.529075 0.077908 0.892402 -0.142675 0.428091 0.146362 0.607910 1 0 1.0
0 2.263748 -4.440873 0.099534 0.892402 -0.142675 0.428091 0.146362 0.607910 1 0 1.0
0 1.716583 -4.603351 1.186008 0.892402 -0.142675 0.428091 0.146362 0.607910 1 0 1.0
Default
0 1.606000 -5.696329 1.102431 0.901580 -0.122934 0.414777 0.146362 0.607910 1 0 1.0
0 2.100144 -5.529075 0.077908 0.892402 -0.142675 0.428091 0.146362 0.607910 1 0 1.0
0 1.716583 -4.603351 1.186008 0.892402 -0.142675 0.428091 0.146362 0.607910 1 0 1.0
Default
0 -0.000000 -5.529243 -1.376252 0.230156 -0.129455 -0.964505 0.146362 0.607910 1 0 1.0
0 -0.000000 -4.737693 -1.482494 0.230156 -0.129455 -0.964505 0.146362 0.607910 1 0 1.0
0 1.658901 -4.731664 -1.087447 0.230156 -0.129455 -0.964505 0.146362 0.607910 1 0 1.0
Default
0 1.791856 -5.594679 -0.971375 0.215965 -0.097395 -0.971531 0.146362 0.607910 1 0 1.0
0 -0.000000 -5.529243 -1.376252 0.230156 -0.129455 -0.964505 0.146362 0.607910 1 0 1.0
0 1.658901 -4.731664 -1.087447 0.230156 -0.129455 -0.964505 0.146362 0.607910 1 0 1.0
Default
0 -0.000000 -7.005009 1.466600 0.178066 -0.247244 0.952451 0.172119 0.546387 1 0 1.0
0 1.056553 -6.977506 1.276211 0.178066 -0.247244 0.952451 0.172119 0.546387 1 0 1.0
0 1.000677 -5.687540 1.621516 0.178066 -0.247244 0.952451 0.172119 0.546387 1 0 1.0
Default
0 -0.000000 -5.686150 1.791383 0.162314 -0.235946 0.958115 0.172119 0.546387 1 0 1.0
0 -0.000000 -7.005009 1.466600 0.178066 -0.247244 0.952451 0.172119 0.546387 1 0 1.0
0 1.000677 -5.687540 1.621516 0.178066 -0.247244 0.952451 0.172119 0.546387 1 0 1.0
Default
0 1.527866 -6.835018 0.744690 0.919094 -0.245315 0.308360 0.146362 0.607910 1 0 1.0
0 1.945437 -6.559807 -0.280973 0.919094 -0.245315 0.308360 0.146362 0.607910 1 0 1.0
0 2.100144 -5.529075 0.077908 0.919094 -0.245315 0.308360 0.146362 0.607910 1 0 1.0
Default
0 1.527866 -6.835018 0.744690 0.919094 -0.245315 0.308360 0.146362 0.607910 1 0 1.0
0 1.517128 -7.864637 0.044436 0.922158 -0.224063 0.315310 0.146362 0.607910 1 0 1.0
0 1.945437 -6.559807 -0.280973 0.919094 -0.245315 0.308360 0.146362 0.607910 1 0 1.0
Default
0 -0.000000 -8.145375 0.570827 0.193066 -0.629332 0.752773 0.172119 0.546387 1 0 1.0
0 1.013351 -8.067639 0.375920 0.193066 -0.629332 0.752773 0.172119 0.546387 1 0 1.0
0 1.056553 -6.977506 1.276211 0.193066 -0.629332 0.752773 0.172119 0.546387 1 0 1.0
Default
0 0.866668 -8.854090 -0.254073 0.192594 -0.635124 0.748015 0.172119 0.546387 1 0 1.0
0 1.013351 -8.067639 0.375920 0.193066 -0.629332 0.752773 0.172119 0.546387 1 0 1.0
0 -0.000000 -8.145375 0.570827 0.193066 -0.629332 0.752773 0.172119 0.546387 1 0 1.0
Default
0 1.013351 -8.067639 0.375920 0.610311 -0.449832 0.652052 0.145142 0.578613 1 0 1.0
0 1.517128 -7.864637 0.044436 0.610311 -0.449832 0.652052 0.145142 0.578613 1 0 1.0
0 1.527866 -6.835018 0.744690 0.610311 -0.449832 0.652052 0.145142 0.578613 1 0 1.0
Default
0 1.265618 -8.888935 -0.412743 0.610508 -0.442953 0.656561 0.145142 0.578613 1 0 1.0
0 1.517128 -7.864637 0.044436 0.610311 -0.449832 0.652052 0.145142 0.578613 1 0 1.0
0 1.013351 -8.067639 0.375920 0.610311 -0.449832 0.652052 0.145142 0.578613 1 0 1.0
Default
0 -0.000000 -8.588571 -0.917810 -0.010720 -0.727540 -0.685982 0.146362 0.607910 1 0 1.0
0 -0.000000 -8.067874 -1.470052 -0.010720 -0.727540 -0.685982 0.146362 0.607910 1 0 1.0
0 1.424565 -8.277586 -1.269897 -0.010720 -0.727540 -0.685982 0.146362 0.607910 1 0 1.0
Default
0 -0.000000 -8.067874 -1.470052 -0.010720 -0.727540 -0.685982 0.146362 0.607910 1 0 1.0
0 -0.000000 -8.588571 -0.917810 -0.010720 -0.727540 -0.685982 0.146362 0.607910 1 0 1.0
0 -1.424565 -8.277586 -1.269897 0.010720 -0.727540 -0.685982 0.146362 0.607910 1 0 1.0
Default
0 -0.000000 -9.959054 -1.567512 0.007012 0.502530 -0.864531 0.141357 0.608398 1 0 1.0
0 -0.000000 -9.537613 -1.322540 0.007012 0.502530 -0.864531 0.141357 0.608398 1 0 1.0
0 1.724613 -9.386443 -1.220682 0.007012 0.502530 -0.864531 0.141357 0.608398 1 0 1.0
Default
0 -1.724613 -9.386443 -1.220682 -0.007012 0.502530 -0.864531 0.141357 0.608398 1 0 1.0
0 -0.000000 -9.537613 -1.322540 0.007012 0.502530 -0.864531 0.141357 0.608398 1 0 1.0
0 -0.000000 -9.959054 -1.567512 0.007012 0.502530 -0.864531 0.141357 0.608398 1 0 1.0
Default
0 3.388747 -10.796123 -2.208554 0.000566 0.609449 -0.792825 0.141357 0.608398 1 0 1.0
0 -0.000000 -10.963312 -2.339492 0.000566 0.609449 -0.792825 0.141357 0.608398 1 0 1.0
0 -0.000000 -9.959054 -1.567512 0.000566 0.609449 -0.792825 0.141357 0.608398 1 0 1.0
Default
0 -0.000000 -10.963312 -2.339492 0.000566 0.609449 -0.792825 0.141357 0.608398 1 0 1.0
0 -3.388747 -10.796123 -2.208554 -0.000566 0.609449 -0.792825 0.141357 0.608398 1 0 1.0
0 -0.000000 -9.959054 -1.567512 0.000566 0.609449 -0.792825 0.141357 0.608398 1 0 1.0
Default
0 2.299304 -11.824040 -2.275394 0.029939 -0.538527 0.842076 0.099548 0.639648 1 0 1.0
0 4.106424 -11.241108 -1.966846 0.029939 -0.538527 0.842076 0.099548 0.639648 1 0 1.0
0 -0.000000 -11.134106 -1.752418 0.029939 -0.538527 0.842076 0.099548 0.639648 1 0 1.0
Default
0 -0.000000 -12.150536 -2.351111 0.043651 -0.507036 0.860819 0.099548 0.639648 1 0 1.0
0 2.299304 -11.824040 -2.275394 0.029939 -0.538527 0.842076 0.099548 0.639648 1 0 1.0
0 -0.000000 -11.134106 -1.752418 0.029939 -0.538527 0.842076 0.099548 0.639648 1 0 1.0
Default
0 0.431187 7.060951 1.563465 -0.829546 -0.111680 0.547157 0.146362 0.607910 1 0 1.0
0 0.264221 5.347376 0.960570 -0.829546 -0.111680 0.547157 0.146362 0.607910 1 0 1.0
0 0.385940 5.315002 1.138500 -0.829546 -0.111680 0.547157 0.146362 0.607910 1 0 1.0
Default
0 0.493039 7.044501 1.653882 -0.829545 -0.111680 0.547158 0.146362 0.607910 1 0 1.0
0 0.431187 7.060951 1.563465 -0.829546 -0.111680 0.547157 0.146362 0.607910 1 0 1.0
0 0.385940 5.315002 1.138500 -0.829546 -0.111680 0.547157 0.146362 0.607910 1 0 1.0
Default
0 5.382750 4.426517 0.381946 -0.167005 -0.304887 0.937632 0.150513 0.617676 1 0 1.0
0 6.048756 4.061706 0.381946 -0.167005 -0.304887 0.937632 0.150513 0.617676 1 0 1.0
0 6.475205 5.120910 0.802320 -0.167005 -0.304887 0.937632 0.150513 0.617676 1 0 1.0
Default
0 5.119327 5.268533 0.619266 -0.160519 -0.313962 0.935768 0.150513 0.617676 1 0 1.0
0 5.382750 4.426517 0.381946 -0.167005 -0.304887 0.937632 0.150513 0.617676 1 0 1.0
0 6.475205 5.120910 0.802320 -0.167005 -0.304887 0.937632 0.150513 0.617676 1 0 1.0
Default
0 3.850026 6.165060 0.522518 -0.519677 -0.196473 0.831465 0.108704 0.639648 1 0 1.0
0 4.721877 6.343748 1.109659 -0.519677 -0.196473 0.831465 0.108704 0.639648 1 0 1.0
0 4.591449 7.312185 1.256979 -0.519677 -0.196473 0.831465 0.108704 0.639648 1 0 1.0
Default
0 3.446692 7.150903 0.539553 -0.496139 -0.217508 0.840557 0.108704 0.639648 1 0 1.0
0 3.850026 6.165060 0.522518 -0.519677 -0.196473 0.831465 0.108704 0.639648 1 0 1.0
0 4.591449 7.312185 1.256979 -0.519677 -0.196473 0.831465 0.108704 0.639648 1 0 1.0
Default
0 7.285503 7.430341 0.214818 0.841160 -0.088655 -0.533470 0.108704 0.639648 1 0 1.0
0 7.337594 6.393752 0.469220 0.841160 -0.088655 -0.533470 0.108704 0.639648 1 0 1.0
0 6.458562 6.196887 -0.884096 0.841160 -0.088655 -0.533470 0.108704 0.639648 1 0 1.0
Default
0 7.337594 6.393752 0.469220 0.841160 -0.088655 -0.533470 0.108704 0.639648 1 0 1.0
0 7.058054 4.912643 0.166923 0.840845 -0.048671 -0.539083 0.108704 0.639648 1 0 1.0
0 6.458562 6.196887 -0.884096 0.841160 -0.088655 -0.533470 0.108704 0.639648 1 0 1.0
Default
0 6.444487 7.412386 0.900040 -0.060204 0.997658 -0.032476 0.150513 0.617676 1 0 1.0
0 4.678790 7.311266 1.066855 -0.060204 0.997658 -0.032476 0.150513 0.617676 1 0 1.0
0 4.591449 7.312185 1.256979 -0.060204 0.997658 -0.032476 0.150513 0.617676 1 0 1.0
Default
0 6.565109 7.425215 1.070518 -0.060204 0.997657 -0.032487 0.150513 0.617676 1 0 1.0
0 6.444487 7.412386 0.900040 -0.060204 0.997658 -0.032476 0.150513 0.617676 1 0 1.0
0 4.591449 7.312185 1.256979 -0.060204 0.997658 -0.032476 0.150513 0.617676 1 0 1.0
Default
0 3.654655 7.162817 0.519905 -0.060222 0.997656 -0.032487 0.108704 0.639648 1 0 1.0
0 3.984031 7.159354 -0.197077 -0.060222 0.997656 -0.032487 0.108704 0.639648 1 0 1.0
0 3.446692 7.150903 0.539553 -0.060222 0.997656 -0.032487 0.108704 0.639648 1 0 1.0
Default
0 3.446692 7.150903 0.539553 -0.060222 0.997656 -0.032487 0.108704 0.639648 1 0 1.0
0 3.984031 7.159354 -0.197077 -0.060222 0.997656 -0.032487 0.108704 0.639648 1 0 1.0
0 4.275596 7.162212 -0.953492 -0.060204 0.997658 -0.032475 0.108704 0.639648 1 0 1.0
Default
0 4.396219 7.175041 -0.783016 -0.060204 0.997658 -0.032476 0.108704 0.639648 1 0 1.0
0 4.275596 7.162212 -0.953492 -0.060204 0.997658 -0.032475 0.108704 0.639648 1 0 1.0
0 3.984031 7.159354 -0.197077 -0.060222 0.997656 -0.032487 0.108704 0.639648 1 0 1.0
Default
0 4.275596 7.162212 -0.953492 -0.060204 0.997658 -0.032475 0.108704 0.639648 1 0 1.0
0 4.396219 7.175041 -0.783016 -0.060204 0.997658 -0.032476 0.108704 0.639648 1 0 1.0
0 6.249261 7.275244 -1.139955 -0.060204 0.997658 -0.032476 0.108704 0.639648 1 0 1.0
Default
0 4.396219 7.175041 -0.783016 -0.060204 0.997658 -0.032476 0.108704 0.639648 1 0 1.0
0 6.161919 7.276163 -0.949831 -0.060204 0.997658 -0.032476 0.108704 0.639648 1 0 1.0
0 6.249261 7.275244 -1.139955 -0.060204 0.997658 -0.032476 0.108704 0.639648 1 0 1.0
Default
0 6.249261 7.275244 -1.139955 -0.060204 0.997658 -0.032476 0.108704 0.639648 1 0 1.0
0 6.161919 7.276163 -0.949831 -0.060204 0.997658 -0.032476 0.108704 0.639648 1 0 1.0
0 7.285503 7.430341 0.214818 -0.089114 0.994970 -0.045744 0.108704 0.639648 1 0 1.0
Default
0 4.678790 7.311266 1.066855 0.097024 -0.054773 0.993774 0.150513 0.617676 1 0 1.0
0 6.444487 7.412386 0.900040 0.097024 -0.054773 0.993774 0.150513 0.617676 1 0 1.0
0 6.263039 8.497973 0.977589 0.097024 -0.054773 0.993774 0.150513 0.617676 1 0 1.0
Default
0 4.695841 8.634238 1.137604 0.096742 -0.054394 0.993822 0.150513 0.617676 1 0 1.0
0 4.678790 7.311266 1.066855 0.097024 -0.054773 0.993774 0.150513 0.617676 1 0 1.0
0 6.263039 8.497973 0.977589 0.097024 -0.054773 0.993774 0.150513 0.617676 1 0 1.0
Default
0 6.053039 8.429612 -1.020924 -0.089869 -0.069719 -0.993510 0.108704 0.639648 1 0 1.0
0 6.161919 7.276163 -0.949831 -0.089869 -0.069719 -0.993510 0.108704 0.639648 1 0 1.0
0 4.396219 7.175041 -0.783016 -0.089869 -0.069719 -0.993510 0.108704 0.639648 1 0 1.0
Default
0 4.485842 8.565874 -0.860909 -0.105653 -0.048816 -0.993204 0.108704 0.639648 1 0 1.0
0 6.053039 8.429612 -1.020924 -0.089869 -0.069719 -0.993510 0.108704 0.639648 1 0 1.0
0 4.396219 7.175041 -0.783016 -0.089869 -0.069719 -0.993510 0.108704 0.639648 1 0 1.0
Default
0 6.263039 8.497973 0.977589 0.694158 0.064812 0.716899 0.108704 0.639648 1 0 1.0
0 6.444487 7.412386 0.900040 0.694158 0.064812 0.716899 0.108704 0.639648 1 0 1.0
0 7.186055 7.365056 0.186275 0.694158 0.064812 0.716899 0.108704 0.639648 1 0 1.0
Default
0 7.359226 8.480962 -0.148472 0.713885 0.097243 0.693478 0.108704 0.639648 1 0 1.0
0 6.263039 8.497973 0.977589 0.694158 0.064812 0.716899 0.108704 0.639648 1 0 1.0
0 7.186055 7.365056 0.186275 0.694158 0.064812 0.716899 0.108704 0.639648 1 0 1.0
Default
0 6.263039 8.497973 0.977589 0.082461 0.994996 -0.056418 0.150513 0.617676 1 0 1.0
0 6.231258 8.497577 0.924145 0.082461 0.994996 -0.056418 0.150513 0.617676 1 0 1.0
0 4.754347 8.628523 1.074855 0.082461 0.994996 -0.056418 0.150513 0.617676 1 0 1.0
Default
0 4.695841 8.634238 1.137604 0.085500 0.996278 -0.010999 0.150513 0.617676 1 0 1.0
0 6.263039 8.497973 0.977589 0.082461 0.994996 -0.056418 0.150513 0.617676 1 0 1.0
0 4.754347 8.628523 1.074855 0.082461 0.994996 -0.056418 0.150513 0.617676 1 0 1.0
Default
0 4.556141 8.564000 -0.811435 0.085303 0.995922 -0.029376 0.108704 0.639648 1 0 1.0
0 6.033053 8.433057 -0.962145 0.085303 0.995922 -0.029376 0.108704 0.639648 1 0 1.0
0 6.053039 8.429612 -1.020924 0.085303 0.995922 -0.029376 0.108704 0.639648 1 0 1.0
Default
0 4.485842 8.565874 -0.860909 0.054654 0.997709 -0.039867 0.108704 0.639648 1 0 1.0
0 4.556141 8.564000 -0.811435 0.085303 0.995922 -0.029376 0.108704 0.639648 1 0 1.0
0 6.053039 8.429612 -1.020924 0.085303 0.995922 -0.029376 0.108704 0.639648 1 0 1.0
Default
0 4.754347 8.628523 1.074855 0.054654 0.997709 -0.039867 0.108704 0.639648 1 0 1.0
0 4.556141 8.564000 -0.811435 0.085303 0.995922 -0.029376 0.108704 0.639648 1 0 1.0
0 4.485842 8.565874 -0.860909 0.054654 0.997709 -0.039867 0.108704 0.639648 1 0 1.0
Default
0 4.695841 8.634238 1.137604 0.054684 0.997707 -0.039876 0.108704 0.639648 1 0 1.0
0 4.754347 8.628523 1.074855 0.054654 0.997709 -0.039867 0.108704 0.639648 1 0 1.0
0 4.485842 8.565874 -0.860909 0.054654 0.997709 -0.039867 0.108704 0.639648 1 0 1.0
Default
0 4.071347 11.030252 -0.326510 -0.910763 -0.392602 0.127963 0.109802 0.641113 1 0 1.0
0 4.603857 9.766450 -0.413879 -0.910763 -0.392602 0.127963 0.109802 0.641113 1 0 1.0
0 4.762428 9.764795 0.709656 -0.910763 -0.392602 0.127963 0.109802 0.641113 1 0 1.0
Default
0 4.229920 11.028594 0.797025 -0.910763 -0.392601 0.127963 0.109802 0.641113 1 0 1.0
0 4.071347 11.030252 -0.326510 -0.910763 -0.392602 0.127963 0.109802 0.641113 1 0 1.0
0 4.762428 9.764795 0.709656 -0.910763 -0.392602 0.127963 0.109802 0.641113 1 0 1.0
Default
0 4.485842 8.565874 -0.860909 -0.683697 -0.009688 -0.729702 0.108704 0.639648 1 0 1.0
0 3.520214 7.865408 0.053140 -0.683697 -0.009688 -0.729702 0.108704 0.639648 1 0 1.0
0 3.981701 9.336508 -0.398783 -0.683697 -0.009688 -0.729702 0.108704 0.639648 1 0 1.0
Default
0 4.485842 8.565874 -0.860909 -0.683697 -0.009688 -0.729702 0.108704 0.639648 1 0 1.0
0 4.396219 7.175041 -0.783016 -0.688891 0.003795 -0.724855 0.108704 0.639648 1 0 1.0
0 3.520214 7.865408 0.053140 -0.683697 -0.009688 -0.729702 0.108704 0.639648 1 0 1.0
Default
0 5.067517 3.696284 -0.692971 0.009563 0.017458 -0.999802 0.108704 0.639648 1 0 1.0
0 5.382750 4.426517 -0.677204 0.009563 0.017458 -0.999802 0.108704 0.639648 1 0 1.0
0 6.048756 4.061706 -0.677205 0.009563 0.017458 -0.999802 0.108704 0.639648 1 0 1.0
Default
0 5.481112 3.090985 -0.692971 0.012806 0.008751 -0.999880 0.108704 0.639648 1 0 1.0
0 5.067517 3.696284 -0.692971 0.009563 0.017458 -0.999802 0.108704 0.639648 1 0 1.0
0 6.048756 4.061706 -0.677205 0.009563 0.017458 -0.999802 0.108704 0.639648 1 0 1.0
Default
0 6.381758 3.879300 -0.019567 0.552694 -0.484143 0.678332 0.108704 0.639648 1 0 1.0
0 6.048756 4.061706 0.381946 0.552694 -0.484143 0.678332 0.108704 0.639648 1 0 1.0
0 5.481112 3.090985 0.183651 0.563610 -0.468548 0.680299 0.108704 0.639648 1 0 1.0
Default
0 6.048756 4.061706 0.381946 0.552694 -0.484143 0.678332 0.108704 0.639648 1 0 1.0
0 6.381758 3.879300 -0.019567 0.552694 -0.484143 0.678332 0.108704 0.639648 1 0 1.0
0 7.058054 4.912643 0.166923 0.552694 -0.484143 0.678332 0.108704 0.639648 1 0 1.0
Default
0 6.475205 5.120910 0.802320 0.556280 -0.490257 0.670970 0.108704 0.639648 1 0 1.0
0 6.048756 4.061706 0.381946 0.552694 -0.484143 0.678332 0.108704 0.639648 1 0 1.0
0 7.058054 4.912643 0.166923 0.552694 -0.484143 0.678332 0.108704 0.639648 1 0 1.0
Default
0 5.481112 3.090985 -0.692971 0.751140 -0.431120 -0.499925 0.108704 0.639648 1 0 1.0
0 6.048756 4.061706 -0.677205 0.751140 -0.431120 -0.499925 0.108704 0.639648 1 0 1.0
0 6.381758 3.879300 -0.019567 0.751140 -0.431120 -0.499925 0.108704 0.639648 1 0 1.0
Default
0 5.687910 2.788335 -0.058081 0.753838 -0.462978 -0.466240 0.108704 0.639648 1 0 1.0
0 5.481112 3.090985 -0.692971 0.751140 -0.431120 -0.499925 0.108704 0.639648 1 0 1.0
0 6.381758 3.879300 -0.019567 0.751140 -0.431120 -0.499925 0.108704 0.639648 1 0 1.0
Default
0 5.067517 3.696284 -0.692971 0.054461 0.037213 -0.997822 0.108704 0.639648 1 0 1.0
0 5.481112 3.090985 -0.692971 0.054461 0.037213 -0.997822 0.108704 0.639648 1 0 1.0
0 3.754359 2.250298 -0.818570 0.054461 0.037213 -0.997822 0.108704 0.639648 1 0 1.0
Default
0 3.491234 3.250261 -0.818570 0.089861 0.023645 -0.995674 0.108704 0.639648 1 0 1.0
0 5.067517 3.696284 -0.692971 0.054461 0.037213 -0.997822 0.108704 0.639648 1 0 1.0
0 3.754359 2.250298 -0.818570 0.054461 0.037213 -0.997822 0.108704 0.639648 1 0 1.0
Default
0 1.598799 2.415614 -1.009186 0.089861 0.023645 -0.995674 0.108704 0.639648 1 0 1.0
0 3.491234 3.250261 -0.818570 0.089861 0.023645 -0.995674 0.108704 0.639648 1 0 1.0
0 3.754359 2.250298 -0.818570 0.054461 0.037213 -0.997822 0.108704 0.639648 1 0 1.0
Default
0 1.738356 1.885252 -1.009186 0.089860 0.023645 -0.995674 0.108704 0.639648 1 0 1.0
0 1.598799 2.415614 -1.009186 0.089861 0.023645 -0.995674 0.108704 0.639648 1 0 1.0
0 3.754359 2.250298 -0.818570 0.054461 0.037213 -0.997822 0.108704 0.639648 1 0 1.0
Default
0 5.687910 2.788335 -0.058081 0.328477 -0.442179 0.834614 0.108704 0.639648 1 0 1.0
0 5.481112 3.090985 0.183651 0.328477 -0.442179 0.834614 0.108704 0.639648 1 0 1.0
0 3.754359 2.250298 0.417850 0.328477 -0.442179 0.834614 0.108704 0.639648 1 0 1.0
Default
0 3.885920 1.750315 0.076902 0.332109 -0.470206 0.817685 0.108704 0.639648 1 0 1.0
0 5.687910 2.788335 -0.058081 0.328477 -0.442179 0.834614 0.108704 0.639648 1 0 1.0
0 3.754359 2.250298 0.417850 0.328477 -0.442179 0.834614 0.108704 0.639648 1 0 1.0
Default
0 4.860719 4.011424 -0.245444 -0.167987 0.767789 -0.618288 0.108704 0.639648 1 0 1.0
0 5.067517 3.696284 -0.692971 -0.167987 0.767789 -0.618288 0.108704 0.639648 1 0 1.0
0 3.491234 3.250261 -0.818570 -0.167987 0.767789 -0.618288 0.108704 0.639648 1 0 1.0
Default
0 3.359674 3.762734 -0.110461 -0.183039 0.779952 -0.598475 0.108704 0.639648 1 0 1.0
0 4.860719 4.011424 -0.245444 -0.167987 0.767789 -0.618288 0.108704 0.639648 1 0 1.0
0 3.491234 3.250261 -0.818570 -0.167987 0.767789 -0.618288 0.108704 0.639648 1 0 1.0
Default
0 3.754359 2.250298 -0.818570 0.408653 -0.764997 -0.497777 0.108704 0.639648 1 0 1.0
0 5.481112 3.090985 -0.692971 0.408653 -0.764997 -0.497777 0.108704 0.639648 1 0 1.0
0 5.687910 2.788335 -0.058081 0.408653 -0.764997 -0.497777 0.108704 0.639648 1 0 1.0
Default
0 3.885920 1.750315 0.076902 0.407226 -0.770674 -0.490131 0.108704 0.639648 1 0 1.0
0 3.754359 2.250298 -0.818570 0.408653 -0.764997 -0.497777 0.108704 0.639648 1 0 1.0
0 5.687910 2.788335 -0.058081 0.408653 -0.764997 -0.497777 0.108704 0.639648 1 0 1.0
Default
0 3.754359 2.250298 -0.818570 0.199859 -0.842715 -0.499889 0.108704 0.639648 1 0 1.0
0 3.885920 1.750315 0.076902 0.199859 -0.842715 -0.499889 0.108704 0.639648 1 0 1.0
0 1.808133 1.620070 -0.534243 0.199859 -0.842715 -0.499889 0.108704 0.639648 1 0 1.0
Default
0 1.738356 1.885252 -1.009186 0.199859 -0.842714 -0.499889 0.108704 0.639648 1 0 1.0
0 3.754359 2.250298 -0.818570 0.199859 -0.842715 -0.499889 0.108704 0.639648 1 0 1.0
0 1.808133 1.620070 -0.534243 0.199859 -0.842715 -0.499889 0.108704 0.639648 1 0 1.0
Default
0 3.754359 2.250298 0.417850 -0.341626 -0.089894 0.935527 0.150513 0.617676 1 0 1.0
0 3.491234 3.250261 0.417850 -0.341626 -0.089894 0.935527 0.150513 0.617676 1 0 1.0
0 1.598799 2.415614 -0.353410 -0.341626 -0.089894 0.935527 0.150513 0.617676 1 0 1.0
Default
0 1.738356 1.885252 -0.353410 -0.341626 -0.089894 0.935527 0.150513 0.617676 1 0 1.0
0 3.754359 2.250298 0.417850 -0.341626 -0.089894 0.935527 0.150513 0.617676 1 0 1.0
0 1.598799 2.415614 -0.353410 -0.341626 -0.089894 0.935527 0.150513 0.617676 1 0 1.0
Default
0 3.885920 1.750315 0.076902 -0.194354 -0.587045 0.785878 0.108704 0.639648 1 0 1.0
0 3.754359 2.250298 0.417850 -0.194354 -0.587045 0.785878 0.108704 0.639648 1 0 1.0
0 1.738356 1.885252 -0.353410 -0.194354 -0.587045 0.785878 0.108704 0.639648 1 0 1.0
Default
0 1.808133 1.620070 -0.534243 -0.194354 -0.587045 0.785878 0.108704 0.639648 1 0 1.0
0 3.885920 1.750315 0.076902 -0.194354 -0.587045 0.785878 0.108704 0.639648 1 0 1.0
0 1.738356 1.885252 -0.353410 -0.194354 -0.587045 0.785878 0.108704 0.639648 1 0 1.0
Default
0 4.480364 0.850393 -0.584376 -0.551845 0.786076 0.278480 0.104980 0.641113 1 0 1.0
0 4.792492 0.971367 -0.307333 -0.551845 0.786076 0.278480 0.104980 0.641113 1 0 1.0
0 4.855307 1.082425 -0.496347 -0.551845 0.786076 0.278480 0.104980 0.641113 1 0 1.0
Default
0 5.353060 1.142210 0.242052 -0.529164 0.796617 0.292210 0.104980 0.641113 1 0 1.0
0 4.855307 1.082425 -0.496347 -0.551845 0.786076 0.278480 0.104980 0.641113 1 0 1.0
0 4.792492 0.971367 -0.307333 -0.551845 0.786076 0.278480 0.104980 0.641113 1 0 1.0
Default
0 3.253744 0.408352 -0.946007 -0.011033 -0.002644 -0.999936 0.104980 0.641113 1 0 1.0
0 4.480364 0.850393 -0.960710 -0.011033 -0.002644 -0.999936 0.104980 0.641113 1 0 1.0
0 4.540276 0.600393 -0.960710 -0.011033 -0.002644 -0.999936 0.104980 0.641113 1 0 1.0
Default
0 3.308296 0.165002 -0.946007 -0.011057 -0.002479 -0.999936 0.104980 0.641113 1 0 1.0
0 3.253744 0.408352 -0.946007 -0.011033 -0.002644 -0.999936 0.104980 0.641113 1 0 1.0
0 4.540276 0.600393 -0.960710 -0.011033 -0.002644 -0.999936 0.104980 0.641113 1 0 1.0
Default
0 4.540276 0.600393 -0.584376 -0.047536 -0.011392 0.998805 0.104980 0.641113 1 0 1.0
0 4.480364 0.850393 -0.584376 -0.047536 -0.011392 0.998805 0.104980 0.641113 1 0 1.0
0 3.253744 0.408352 -0.647796 -0.047536 -0.011392 0.998805 0.104980 0.641113 1 0 1.0
Default
0 3.308296 0.165002 -0.647796 -0.047642 -0.010680 0.998807 0.104980 0.641113 1 0 1.0
0 4.540276 0.600393 -0.584376 -0.047536 -0.011392 0.998805 0.104980 0.641113 1 0 1.0
0 3.253744 0.408352 -0.647796 -0.047536 -0.011392 0.998805 0.104980 0.641113 1 0 1.0
Default
0 1.773166 0.263672 -0.968471 -0.076939 0.864483 -0.496739 0.104980 0.641113 1 0 1.0
0 3.226469 0.530027 -0.730029 -0.076939 0.864483 -0.496739 0.104980 0.641113 1 0 1.0
0 3.253744 0.408352 -0.946007 -0.076939 0.864483 -0.496739 0.104980 0.641113 1 0 1.0
Default
0 1.800441 0.141996 -1.184448 -0.076939 0.864482 -0.496740 0.104980 0.641113 1 0 1.0
0 1.773166 0.263672 -0.968471 -0.076939 0.864483 -0.496739 0.104980 0.641113 1 0 1.0
0 3.253744 0.408352 -0.946007 -0.076939 0.864483 -0.496739 0.104980 0.641113 1 0 1.0
Default
0 3.308296 0.165002 -0.946007 0.234782 -0.833920 -0.499454 0.104980 0.641113 1 0 1.0
0 3.335571 0.043326 -0.730029 0.234782 -0.833920 -0.499454 0.104980 0.641113 1 0 1.0
0 1.882270 -0.223029 -0.968471 0.234782 -0.833920 -0.499454 0.104980 0.641113 1 0 1.0
Default
0 1.854994 -0.101354 -1.184448 0.234782 -0.833919 -0.499456 0.104980 0.641113 1 0 1.0
0 3.308296 0.165002 -0.946007 0.234782 -0.833920 -0.499454 0.104980 0.641113 1 0 1.0
0 1.882270 -0.223029 -0.968471 0.234782 -0.833920 -0.499454 0.104980 0.641113 1 0 1.0
Default
0 1.854994 -0.101354 -0.886238 -0.155578 -0.034876 0.987208 0.104980 0.641113 1 0 1.0
0 3.308296 0.165002 -0.647796 -0.155578 -0.034876 0.987208 0.104980 0.641113 1 0 1.0
0 3.253744 0.408352 -0.647796 -0.155578 -0.034876 0.987208 0.104980 0.641113 1 0 1.0
Default
0 1.800441 0.141996 -0.886238 -0.155578 -0.034876 0.987208 0.104980 0.641113 1 0 1.0
0 1.854994 -0.101354 -0.886238 -0.155578 -0.034876 0.987208 0.104980 0.641113 1 0 1.0
0 3.253744 0.408352 -0.647796 -0.155578 -0.034876 0.987208 0.104980 0.641113 1 0 1.0
Default
0 3.253744 0.408352 -0.946007 0.155578 0.034876 -0.987208 0.104980 0.641113 1 0 1.0
0 3.308296 0.165002 -0.946007 0.155578 0.034876 -0.987208 0.104980 0.641113 1 0 1.0
0 1.854994 -0.101354 -1.184448 0.155578 0.034876 -0.987208 0.104980 0.641113 1 0 1.0
Default
0 1.800441 0.141996 -1.184448 0.155577 0.034876 -0.987208 0.104980 0.641113 1 0 1.0
0 3.253744 0.408352 -0.946007 0.155578 0.034876 -0.987208 0.104980 0.641113 1 0 1.0
0 1.854994 -0.101354 -1.184448 0.155578 0.034876 -0.987208 0.104980 0.641113 1 0 1.0
Default
0 3.335571 0.043326 -0.730029 -0.031851 -0.564557 0.824779 0.104980 0.641113 1 0 1.0
0 3.308296 0.165002 -0.647796 -0.031851 -0.564557 0.824779 0.104980 0.641113 1 0 1.0
0 1.854994 -0.101354 -0.886238 -0.031851 -0.564557 0.824779 0.104980 0.641113 1 0 1.0
Default
0 1.882270 -0.223029 -0.968471 -0.031851 -0.564558 0.824779 0.104980 0.641113 1 0 1.0
0 3.335571 0.043326 -0.730029 -0.031851 -0.564557 0.824779 0.104980 0.641113 1 0 1.0
0 1.854994 -0.101354 -0.886238 -0.031851 -0.564557 0.824779 0.104980 0.641113 1 0 1.0
Default
0 5.911982 1.238882 0.490572 0.920258 0.391044 0.014467 0.104980 0.641113 1 0 1.0
0 5.887712 1.299969 0.383214 0.920258 0.391044 0.014467 0.104980 0.641113 1 0 1.0
0 5.871120 1.338867 0.387250 0.920258 0.391044 0.014467 0.104980 0.641113 1 0 1.0
Default
0 5.900109 1.277330 0.206065 0.920268 0.391021 0.014456 0.104980 0.641113 1 0 1.0
0 5.871120 1.338867 0.387250 0.920258 0.391044 0.014467 0.104980 0.641113 1 0 1.0
0 5.909943 1.252774 0.244257 0.920268 0.391021 0.014456 0.104980 0.641113 1 0 1.0
Default
0 5.900109 1.277330 0.206065 0.920268 0.391021 0.014456 0.104980 0.641113 1 0 1.0
0 5.909943 1.252774 0.244257 0.920268 0.391021 0.014456 0.104980 0.641113 1 0 1.0
0 6.045499 0.933736 0.244511 0.920272 0.391012 0.014443 0.104980 0.641113 1 0 1.0
Default
0 6.056371 0.909559 0.206358 0.920265 0.391029 0.014449 0.104980 0.641113 1 0 1.0
0 5.900109 1.277330 0.206065 0.920268 0.391021 0.014456 0.104980 0.641113 1 0 1.0
0 6.045499 0.933736 0.244511 0.920272 0.391012 0.014443 0.104980 0.641113 1 0 1.0
Default
0 6.056371 0.909559 0.206358 0.920265 0.391029 0.014449 0.104980 0.641113 1 0 1.0
0 6.045499 0.933736 0.244511 0.920272 0.391012 0.014443 0.104980 0.641113 1 0 1.0
0 6.080439 0.846220 0.387643 0.920261 0.391040 0.014407 0.104980 0.641113 1 0 1.0
Default
0 6.045499 0.933736 0.244511 0.920272 0.391012 0.014443 0.104980 0.641113 1 0 1.0
0 6.063958 0.885159 0.383545 0.920261 0.391040 0.014407 0.104980 0.641113 1 0 1.0
0 6.080439 0.846220 0.387643 0.920261 0.391040 0.014407 0.104980 0.641113 1 0 1.0
Default
0 6.080439 0.846220 0.387643 0.920261 0.391040 0.014407 0.104980 0.641113 1 0 1.0
0 6.063958 0.885159 0.383545 0.920261 0.391040 0.014407 0.104980 0.641113 1 0 1.0
0 6.036776 0.945179 0.490806 0.920266 0.391026 0.014465 0.104980 0.641113 1 0 1.0
Default
0 6.044616 0.925316 0.528995 0.920266 0.391026 0.014465 0.104980 0.641113 1 0 1.0
0 6.036776 0.945179 0.490806 0.920266 0.391026 0.014465 0.104980 0.641113 1 0 1.0
0 5.911982 1.238882 0.490572 0.920258 0.391044 0.014467 0.104980 0.641113 1 0 1.0
Default
0 6.044616 0.925316 0.528995 0.920266 0.391026 0.014465 0.104980 0.641113 1 0 1.0
0 6.080439 0.846220 0.387643 0.920261 0.391040 0.014407 0.104980 0.641113 1 0 1.0
0 6.036776 0.945179 0.490806 0.920266 0.391026 0.014465 0.104980 0.641113 1 0 1.0
Default
0 6.534314 1.602902 -0.123962 -0.627429 0.767779 -0.129800 0.104980 0.641113 1 0 1.0
0 6.617590 1.677570 -0.084834 -0.627429 0.767779 -0.129800 0.104980 0.641113 1 0 1.0
0 6.926194 1.710329 -1.382797 -0.627429 0.767779 -0.129800 0.104980 0.641113 1 0 1.0
Default
0 6.886340 1.680081 -1.385310 -0.595649 0.794587 -0.117618 0.104980 0.641113 1 0 1.0
0 6.534314 1.602902 -0.123962 -0.627429 0.767779 -0.129800 0.104980 0.641113 1 0 1.0
0 6.926194 1.710329 -1.382797 -0.627429 0.767779 -0.129800 0.104980 0.641113 1 0 1.0
Default
0 6.612253 1.696312 -0.083277 0.296386 0.162590 -0.941127 0.104980 0.641113 1 0 1.0
0 6.617590 1.677570 -0.084834 0.296386 0.162590 -0.941127 0.104980 0.641113 1 0 1.0
0 6.534314 1.602902 -0.123962 0.296380 0.162596 -0.941128 0.104980 0.641113 1 0 1.0
Default
0 6.723531 1.671408 -0.052530 0.296420 0.162571 -0.941119 0.104980 0.641113 1 0 1.0
0 6.711519 1.656548 -0.058880 0.296463 0.162625 -0.941097 0.104980 0.641113 1 0 1.0
0 6.612253 1.696312 -0.083277 0.296386 0.162590 -0.941127 0.104980 0.641113 1 0 1.0
Default
0 6.534314 1.602902 -0.123962 0.296380 0.162596 -0.941128 0.104980 0.641113 1 0 1.0
0 6.642420 1.322516 -0.138357 0.296426 0.162586 -0.941115 0.104980 0.641113 1 0 1.0
0 6.631251 1.305469 -0.144819 0.296380 0.162596 -0.941128 0.104980 0.641113 1 0 1.0
Default
0 6.631251 1.305469 -0.144819 0.296380 0.162596 -0.941128 0.104980 0.641113 1 0 1.0
0 6.642420 1.322516 -0.138357 0.296426 0.162586 -0.941115 0.104980 0.641113 1 0 1.0
0 6.764195 1.302231 -0.103506 0.296399 0.162592 -0.941122 0.104980 0.641113 1 0 1.0
Default
0 6.642420 1.322516 -0.138357 0.296426 0.162586 -0.941115 0.104980 0.641113 1 0 1.0
0 6.755547 1.319760 -0.103201 0.296399 0.162592 -0.941122 0.104980 0.641113 1 0 1.0
0 6.764195 1.302231 -0.103506 0.296399 0.162592 -0.941122 0.104980 0.641113 1 0 1.0
Default
0 6.764195 1.302231 -0.103506 0.296399 0.162592 -0.941122 0.104980 0.641113 1 0 1.0
0 6.755547 1.319760 -0.103201 0.296399 0.162592 -0.941122 0.104980 0.641113 1 0 1.0
0 6.812033 1.395856 -0.072266 0.296463 0.162625 -0.941097 0.104980 0.641113 1 0 1.0
Default
0 6.831113 1.392380 -0.066856 0.296463 0.162625 -0.941097 0.104980 0.641113 1 0 1.0
0 6.812033 1.395856 -0.072266 0.296463 0.162625 -0.941097 0.104980 0.641113 1 0 1.0
0 6.711519 1.656548 -0.058880 0.296463 0.162625 -0.941097 0.104980 0.641113 1 0 1.0
Default
0 6.831113 1.392380 -0.066856 0.296463 0.162625 -0.941097 0.104980 0.641113 1 0 1.0
0 6.764195 1.302231 -0.103506 0.296399 0.162592 -0.941122 0.104980 0.641113 1 0 1.0
0 6.812033 1.395856 -0.072266 0.296463 0.162625 -0.941097 0.104980 0.641113 1 0 1.0
Default
0 6.886340 1.680081 -1.385310 -0.040955 0.136225 -0.989831 0.104980 0.641113 1 0 1.0
0 7.000992 1.612651 -1.399334 -0.040955 0.136225 -0.989831 0.104980 0.641113 1 0 1.0
0 6.922972 1.580102 -1.400586 -0.040955 0.136225 -0.989831 0.104980 0.641113 1 0 1.0
Default
0 6.972941 1.582743 -1.402288 -0.040913 0.136112 -0.989848 0.104980 0.641113 1 0 1.0
0 6.922972 1.580102 -1.400586 -0.040955 0.136225 -0.989831 0.104980 0.641113 1 0 1.0
0 7.000992 1.612651 -1.399334 -0.040955 0.136225 -0.989831 0.104980 0.641113 1 0 1.0
Default
0 6.972941 1.582743 -1.402288 0.035937 -0.980639 -0.192501 0.104980 0.641113 1 0 1.0
0 6.755547 1.319760 -0.103201 0.035937 -0.980639 -0.192501 0.104980 0.641113 1 0 1.0
0 6.642420 1.322516 -0.138357 0.035937 -0.980639 -0.192501 0.104980 0.641113 1 0 1.0
Default
0 6.922972 1.580102 -1.400586 0.045354 -0.980725 -0.190058 0.104980 0.641113 1 0 1.0
0 6.972941 1.582743 -1.402288 0.035937 -0.980639 -0.192501 0.104980 0.641113 1 0 1.0
0 6.642420 1.322516 -0.138357 0.035937 -0.980639 -0.192501 0.104980 0.641113 1 0 1.0
Default
0 6.966934 1.705608 -1.385131 0.919321 0.344710 0.189798 0.104980 0.641113 1 0 1.0
0 6.711519 1.656548 -0.058880 0.919321 0.344710 0.189798 0.104980 0.641113 1 0 1.0
0 6.812033 1.395856 -0.072266 0.919321 0.344710 0.189798 0.104980 0.641113 1 0 1.0
Default
0 7.000992 1.612651 -1.399334 0.931699 0.313273 0.183842 0.104980 0.641113 1 0 1.0
0 6.966934 1.705608 -1.385131 0.919321 0.344710 0.189798 0.104980 0.641113 1 0 1.0
0 6.812033 1.395856 -0.072266 0.919321 0.344710 0.189798 0.104980 0.641113 1 0 1.0
Default
0 6.642420 1.322516 -0.138357 -0.902407 -0.333950 -0.272284 0.104980 0.641113 1 0 1.0
0 6.534314 1.602902 -0.123962 -0.902407 -0.333950 -0.272284 0.104980 0.641113 1 0 1.0
0 6.886340 1.680081 -1.385310 -0.902407 -0.333950 -0.272284 0.104980 0.641113 1 0 1.0
Default
0 6.922972 1.580102 -1.400586 -0.917891 -0.295916 -0.264404 0.104980 0.641113 1 0 1.0
0 6.642420 1.322516 -0.138357 -0.902407 -0.333950 -0.272284 0.104980 0.641113 1 0 1.0
0 6.886340 1.680081 -1.385310 -0.902407 -0.333950 -0.272284 0.104980 0.641113 1 0 1.0
Default
0 5.601422 -0.989720 -0.614787 -0.272376 -0.827433 0.491086 0.104980 0.641113 1 0 1.0
0 5.469549 -0.873446 -0.492019 -0.272376 -0.827433 0.491086 0.104980 0.641113 1 0 1.0
0 5.230792 -0.949212 -0.752101 -0.272376 -0.827433 0.491086 0.104980 0.641113 1 0 1.0
Default
0 5.469549 -0.873446 -0.492019 -0.272376 -0.827433 0.491086 0.104980 0.641113 1 0 1.0
0 5.601422 -0.989720 -0.614787 -0.272376 -0.827433 0.491086 0.104980 0.641113 1 0 1.0
0 5.995921 -0.814595 -0.093925 -0.276222 -0.828184 0.487661 0.104980 0.641113 1 0 1.0
Default
0 5.634792 -0.875869 -0.784248 0.503746 -0.759705 -0.411203 0.104980 0.641113 1 0 1.0
0 5.601422 -0.989720 -0.614787 0.503746 -0.759705 -0.411203 0.104980 0.641113 1 0 1.0
0 5.260938 -1.081762 -0.861848 0.503746 -0.759705 -0.411203 0.104980 0.641113 1 0 1.0
Default
0 5.230792 -0.949212 -1.150090 0.504221 -0.763366 -0.403774 0.104980 0.641113 1 0 1.0
0 5.634792 -0.875869 -0.784248 0.503746 -0.759705 -0.411203 0.104980 0.641113 1 0 1.0
0 5.260938 -1.081762 -0.861848 0.503746 -0.759705 -0.411203 0.104980 0.641113 1 0 1.0
Default
0 3.511289 -1.088276 -1.162996 0.007370 0.001677 -0.999972 0.104980 0.641113 1 0 1.0
0 5.170502 -0.684111 -1.150090 0.007370 0.001677 -0.999972 0.104980 0.641113 1 0 1.0
0 5.230792 -0.949212 -1.150090 0.007370 0.001677 -0.999972 0.104980 0.641113 1 0 1.0
Default
0 3.576729 -1.396910 -1.162996 -0.009443 -0.002002 -0.999953 0.104980 0.641113 1 0 1.0
0 3.511289 -1.088276 -1.162996 0.007370 0.001677 -0.999972 0.104980 0.641113 1 0 1.0
0 5.230792 -0.949212 -1.150090 0.007370 0.001677 -0.999972 0.104980 0.641113 1 0 1.0
Default
0 1.494555 -1.403971 -1.143320 -0.009443 -0.002002 -0.999953 0.104980 0.641113 1 0 1.0
0 3.511289 -1.088276 -1.162996 0.007370 0.001677 -0.999972 0.104980 0.641113 1 0 1.0
0 3.576729 -1.396910 -1.162996 -0.009443 -0.002002 -0.999953 0.104980 0.641113 1 0 1.0
Default
0 1.489233 -1.608890 -1.143320 -0.009450 0.000245 -0.999955 0.104980 0.641113 1 0 1.0
0 1.494555 -1.403971 -1.143320 -0.009443 -0.002002 -0.999953 0.104980 0.641113 1 0 1.0
0 3.576729 -1.396910 -1.162996 -0.009443 -0.002002 -0.999953 0.104980 0.641113 1 0 1.0
Default
0 5.230792 -0.949212 -0.752101 -0.019205 -0.004368 0.999806 0.104980 0.641113 1 0 1.0
0 5.170502 -0.684111 -0.752101 -0.019205 -0.004368 0.999806 0.104980 0.641113 1 0 1.0
0 3.511289 -1.088276 -0.785739 -0.019205 -0.004368 0.999806 0.104980 0.641113 1 0 1.0
Default
0 3.576729 -1.396911 -0.785739 -0.053892 -0.011427 0.998481 0.104980 0.641113 1 0 1.0
0 5.230792 -0.949212 -0.752101 -0.019205 -0.004368 0.999806 0.104980 0.641113 1 0 1.0
0 3.511289 -1.088276 -0.785739 -0.019205 -0.004368 0.999806 0.104980 0.641113 1 0 1.0
Default
0 3.576729 -1.396911 -0.785739 -0.053892 -0.011427 0.998481 0.104980 0.641113 1 0 1.0
0 3.511289 -1.088276 -0.785739 -0.019205 -0.004368 0.999806 0.104980 0.641113 1 0 1.0
0 1.494555 -1.403971 -0.898204 -0.053892 -0.011427 0.998481 0.104980 0.641113 1 0 1.0
Default
0 1.489233 -1.608890 -0.898204 -0.053940 0.001401 0.998543 0.104980 0.641113 1 0 1.0
0 3.576729 -1.396911 -0.785739 -0.053892 -0.011427 0.998481 0.104980 0.641113 1 0 1.0
0 1.494555 -1.403971 -0.898204 -0.053892 -0.011427 0.998481 0.104980 0.641113 1 0 1.0
Default
0 1.497215 -1.301512 -0.965796 -0.139433 0.854972 -0.499581 0.104980 0.641113 1 0 1.0
0 3.478569 -0.933959 -0.889769 -0.139433 0.854972 -0.499581 0.104980 0.641113 1 0 1.0
0 3.511289 -1.088276 -1.162996 -0.139433 0.854972 -0.499581 0.104980 0.641113 1 0 1.0
Default
0 1.494555 -1.403971 -1.143320 -0.139213 0.858567 -0.493440 0.104980 0.641113 1 0 1.0
0 1.497215 -1.301512 -0.965796 -0.139433 0.854972 -0.499581 0.104980 0.641113 1 0 1.0
0 3.511289 -1.088276 -1.162996 -0.139433 0.854972 -0.499581 0.104980 0.641113 1 0 1.0
Default
0 3.576729 -1.396910 -1.162996 0.082946 -0.863435 -0.497595 0.104980 0.641113 1 0 1.0
0 3.609449 -1.551227 -0.889769 0.082946 -0.863435 -0.497595 0.104980 0.641113 1 0 1.0
0 1.486573 -1.711349 -0.965796 0.082946 -0.863435 -0.497595 0.104980 0.641113 1 0 1.0
Default
0 1.489233 -1.608890 -1.143320 0.083015 -0.863648 -0.497213 0.104980 0.641113 1 0 1.0
0 3.576729 -1.396910 -1.162996 0.082946 -0.863435 -0.497595 0.104980 0.641113 1 0 1.0
0 1.486573 -1.711349 -0.965796 0.082946 -0.863435 -0.497595 0.104980 0.641113 1 0 1.0
Default
0 3.609449 -1.551227 -0.889769 0.011851 -0.557211 0.830286 0.104980 0.641113 1 0 1.0
0 3.576729 -1.396911 -0.785739 0.011851 -0.557211 0.830286 0.104980 0.641113 1 0 1.0
0 1.489233 -1.608890 -0.898204 0.011851 -0.557211 0.830286 0.104980 0.641113 1 0 1.0
Default
0 1.486573 -1.711349 -0.965796 0.011661 -0.550840 0.834529 0.104980 0.641113 1 0 1.0
0 3.609449 -1.551227 -0.889769 0.011851 -0.557211 0.830286 0.104980 0.641113 1 0 1.0
0 1.489233 -1.608890 -0.898204 0.011851 -0.557211 0.830286 0.104980 0.641113 1 0 1.0
Default
0 5.601422 -0.989720 -0.614787 0.699591 -0.649241 -0.298425 0.104980 0.641113 1 0 1.0
0 5.634792 -0.875869 -0.784248 0.699591 -0.649241 -0.298425 0.104980 0.641113 1 0 1.0
0 6.064089 -0.670689 -0.224239 0.699591 -0.649241 -0.298425 0.104980 0.641113 1 0 1.0
Default
0 5.995921 -0.814595 -0.093925 0.707034 -0.628492 -0.324193 0.104980 0.641113 1 0 1.0
0 5.601422 -0.989720 -0.614787 0.699591 -0.649241 -0.298425 0.104980 0.641113 1 0 1.0
0 6.064089 -0.670689 -0.224239 0.699591 -0.649241 -0.298425 0.104980 0.641113 1 0 1.0
Default
0 6.233845 -0.346233 0.093756 0.915922 0.401096 0.014450 0.104980 0.641113 1 0 1.0
0 6.213347 -0.296245 0.005512 0.915922 0.401096 0.014450 0.104980 0.641113 1 0 1.0
0 6.199360 -0.264423 0.008830 0.915922 0.401096 0.014450 0.104980 0.641113 1 0 1.0
Default
0 6.223740 -0.314740 -0.140097 0.915918 0.401106 0.014458 0.104980 0.641113 1 0 1.0
0 6.199360 -0.264423 0.008830 0.915922 0.401096 0.014450 0.104980 0.641113 1 0 1.0
0 6.232044 -0.334834 -0.108704 0.915918 0.401106 0.014458 0.104980 0.641113 1 0 1.0
Default
0 6.223740 -0.314740 -0.140097 0.915918 0.401106 0.014458 0.104980 0.641113 1 0 1.0
0 6.232044 -0.334834 -0.108704 0.915918 0.401106 0.014458 0.104980 0.641113 1 0 1.0
0 6.346337 -0.595829 -0.108495 0.915934 0.401070 0.014433 0.104980 0.641113 1 0 1.0
Default
0 6.355491 -0.615602 -0.139856 0.915927 0.401086 0.014446 0.104980 0.641113 1 0 1.0
0 6.223740 -0.314740 -0.140097 0.915918 0.401106 0.014458 0.104980 0.641113 1 0 1.0
0 6.346337 -0.595829 -0.108495 0.915934 0.401070 0.014433 0.104980 0.641113 1 0 1.0
Default
0 6.355491 -0.615602 -0.139856 0.915927 0.401086 0.014446 0.104980 0.641113 1 0 1.0
0 6.346337 -0.595829 -0.108495 0.915934 0.401070 0.014433 0.104980 0.641113 1 0 1.0
0 6.375843 -0.667444 0.009153 0.915923 0.401095 0.014414 0.104980 0.641113 1 0 1.0
Default
0 6.346337 -0.595829 -0.108495 0.915934 0.401070 0.014433 0.104980 0.641113 1 0 1.0
0 6.361946 -0.635588 0.005784 0.915923 0.401095 0.014414 0.104980 0.641113 1 0 1.0
0 6.375843 -0.667444 0.009153 0.915923 0.401095 0.014414 0.104980 0.641113 1 0 1.0
Default
0 6.375843 -0.667444 0.009153 0.915923 0.401095 0.014414 0.104980 0.641113 1 0 1.0
0 6.361946 -0.635588 0.005784 0.915923 0.401095 0.014414 0.104980 0.641113 1 0 1.0
0 6.339065 -0.586503 0.093948 0.915918 0.401104 0.014500 0.104980 0.641113 1 0 1.0
Default
0 6.345687 -0.602758 0.125337 0.915918 0.401104 0.014500 0.104980 0.641113 1 0 1.0
0 6.339065 -0.586503 0.093948 0.915918 0.401104 0.014500 0.104980 0.641113 1 0 1.0
0 6.233845 -0.346233 0.093756 0.915922 0.401096 0.014450 0.104980 0.641113 1 0 1.0
Default
0 6.345687 -0.602758 0.125337 0.915918 0.401104 0.014500 0.104980 0.641113 1 0 1.0
0 6.375843 -0.667444 0.009153 0.915923 0.401095 0.014414 0.104980 0.641113 1 0 1.0
0 6.339065 -0.586503 0.093948 0.915918 0.401104 0.014500 0.104980 0.641113 1 0 1.0
Default
0 6.603820 -0.162515 -0.412355 -0.633814 0.761552 -0.135343 0.104980 0.641113 1 0 1.0
0 6.674603 -0.097634 -0.378765 -0.633814 0.761552 -0.135343 0.104980 0.641113 1 0 1.0
0 6.930272 -0.074532 -1.446070 -0.633814 0.761552 -0.135343 0.104980 0.641113 1 0 1.0
Default
0 6.897789 -0.099752 -1.448136 -0.603647 0.787613 -0.123597 0.104980 0.641113 1 0 1.0
0 6.603820 -0.162515 -0.412355 -0.633814 0.761552 -0.135343 0.104980 0.641113 1 0 1.0
0 6.930272 -0.074532 -1.446070 -0.633814 0.761552 -0.135343 0.104980 0.641113 1 0 1.0
Default
0 6.213347 -0.296245 0.005512 0.010503 0.871089 0.491013 0.104980 0.641113 1 0 1.0
0 6.233845 -0.346233 0.093756 0.010503 0.871089 0.491013 0.104980 0.641113 1 0 1.0
0 6.765601 -0.101926 -0.351033 0.010503 0.871089 0.491013 0.104980 0.641113 1 0 1.0
Default
0 6.669846 -0.081596 -0.377428 0.037077 0.852208 0.521888 0.104980 0.641113 1 0 1.0
0 6.213347 -0.296245 0.005512 0.010503 0.871089 0.491013 0.104980 0.641113 1 0 1.0
0 6.765601 -0.101926 -0.351033 0.010503 0.871089 0.491013 0.104980 0.641113 1 0 1.0
Default
0 6.897789 -0.099752 -1.448136 -0.042447 0.135774 -0.989830 0.104980 0.641113 1 0 1.0
0 6.992630 -0.154139 -1.459663 -0.042447 0.135774 -0.989830 0.104980 0.641113 1 0 1.0
0 6.928799 -0.181595 -1.460692 -0.042447 0.135774 -0.989830 0.104980 0.641113 1 0 1.0
Default
0 6.969844 -0.178974 -1.462090 -0.042399 0.135655 -0.989849 0.104980 0.641113 1 0 1.0
0 6.928799 -0.181595 -1.460692 -0.042447 0.135774 -0.989830 0.104980 0.641113 1 0 1.0
0 6.992630 -0.154139 -1.459663 -0.042447 0.135774 -0.989830 0.104980 0.641113 1 0 1.0
Default
0 6.969844 -0.178974 -1.462090 0.048425 -0.979002 -0.198017 0.104980 0.641113 1 0 1.0
0 6.796398 -0.403484 -0.394533 0.048425 -0.979002 -0.198017 0.104980 0.641113 1 0 1.0
0 6.699262 -0.402184 -0.424712 0.048425 -0.979002 -0.198017 0.104980 0.641113 1 0 1.0
Default
0 6.928799 -0.181595 -1.460692 0.055834 -0.978996 -0.196086 0.104980 0.641113 1 0 1.0
0 6.969844 -0.178974 -1.462090 0.048425 -0.979002 -0.198017 0.104980 0.641113 1 0 1.0
0 6.699262 -0.402184 -0.424712 0.048425 -0.979002 -0.198017 0.104980 0.641113 1 0 1.0
Default
0 6.963796 -0.078045 -1.447988 0.915959 0.355135 0.186812 0.104980 0.641113 1 0 1.0
0 6.755431 -0.114796 -0.356485 0.915959 0.355135 0.186812 0.104980 0.641113 1 0 1.0
0 6.844171 -0.337629 -0.367975 0.915959 0.355135 0.186812 0.104980 0.641113 1 0 1.0
Default
0 6.992630 -0.154139 -1.459663 0.928588 0.324115 0.180757 0.104980 0.641113 1 0 1.0
0 6.963796 -0.078045 -1.447988 0.915959 0.355135 0.186812 0.104980 0.641113 1 0 1.0
0 6.844171 -0.337629 -0.367975 0.915959 0.355135 0.186812 0.104980 0.641113 1 0 1.0
Default
0 6.699262 -0.402184 -0.424712 -0.897856 -0.343341 -0.275629 0.104980 0.641113 1 0 1.0
0 6.603820 -0.162515 -0.412355 -0.897856 -0.343341 -0.275629 0.104980 0.641113 1 0 1.0
0 6.897789 -0.099752 -1.448136 -0.897856 -0.343341 -0.275629 0.104980 0.641113 1 0 1.0
Default
0 6.928799 -0.181595 -1.460692 -0.913934 -0.305241 -0.267493 0.104980 0.641113 1 0 1.0
0 6.699262 -0.402184 -0.424712 -0.897856 -0.343341 -0.275629 0.104980 0.641113 1 0 1.0
0 6.897789 -0.099752 -1.448136 -0.897856 -0.343341 -0.275629 0.104980 0.641113 1 0 1.0
Default
0 4.710489 -3.756481 -0.824982 -0.398760 -0.814760 -0.420899 0.104980 0.641113 1 0 1.0
0 4.567668 -3.795909 -0.613352 -0.398760 -0.814760 -0.420899 0.104980 0.641113 1 0 1.0
0 4.064815 -3.403533 -0.896495 -0.398760 -0.814760 -0.420899 0.104980 0.641113 1 0 1.0
Default
0 4.159617 -3.282042 -1.223259 -0.399336 -0.815438 -0.419037 0.104980 0.641113 1 0 1.0
0 4.710489 -3.756481 -0.824982 -0.398760 -0.814760 -0.420899 0.104980 0.641113 1 0 1.0
0 4.064815 -3.403533 -0.896495 -0.398760 -0.814760 -0.420899 0.104980 0.641113 1 0 1.0
Default
0 2.782339 -2.627081 -1.254903 0.016755 -0.013072 -0.999774 0.104980 0.641113 1 0 1.0
0 4.349221 -3.039060 -1.223258 0.016755 -0.013072 -0.999774 0.104980 0.641113 1 0 1.0
0 4.159617 -3.282042 -1.223259 0.016755 -0.013072 -0.999774 0.104980 0.641113 1 0 1.0
Default
0 2.720326 -2.842265 -1.254903 0.062177 -0.017919 -0.997904 0.104980 0.641113 1 0 1.0
0 2.782339 -2.627081 -1.254903 0.016755 -0.013072 -0.999774 0.104980 0.641113 1 0 1.0
0 4.159617 -3.282042 -1.223259 0.016755 -0.013072 -0.999774 0.104980 0.641113 1 0 1.0
Default
0 2.782339 -2.627081 -1.254903 0.016755 -0.013072 -0.999774 0.104980 0.641113 1 0 1.0
0 2.720326 -2.842265 -1.254903 0.062177 -0.017919 -0.997904 0.104980 0.641113 1 0 1.0
0 1.189875 -2.280621 -1.360347 0.062177 -0.017919 -0.997904 0.104980 0.641113 1 0 1.0
Default
0 1.244623 -2.090644 -1.360347 0.062178 -0.017918 -0.997904 0.104980 0.641113 1 0 1.0
0 2.782339 -2.627081 -1.254903 0.016755 -0.013072 -0.999774 0.104980 0.641113 1 0 1.0
0 1.189875 -2.280621 -1.360347 0.062177 -0.017919 -0.997904 0.104980 0.641113 1 0 1.0
Default
0 1.271997 -1.995655 -1.189127 0.315831 0.807372 -0.498399 0.104980 0.641113 1 0 1.0
0 2.813345 -2.519489 -1.060965 0.315831 0.807372 -0.498399 0.104980 0.641113 1 0 1.0
0 2.782339 -2.627081 -1.254903 0.315831 0.807372 -0.498399 0.104980 0.641113 1 0 1.0
Default
0 1.244623 -2.090644 -1.360347 0.315831 0.807371 -0.498400 0.104980 0.641113 1 0 1.0
0 1.271997 -1.995655 -1.189127 0.315831 0.807372 -0.498399 0.104980 0.641113 1 0 1.0
0 2.782339 -2.627081 -1.254903 0.315831 0.807372 -0.498399 0.104980 0.641113 1 0 1.0
Default
0 2.720326 -2.842265 -1.254903 -0.267845 -0.823694 -0.499787 0.104980 0.641113 1 0 1.0
0 2.689320 -2.949857 -1.060965 -0.267845 -0.823694 -0.499787 0.104980 0.641113 1 0 1.0
0 1.162500 -2.375609 -1.189127 -0.267845 -0.823694 -0.499787 0.104980 0.641113 1 0 1.0
Default
0 1.189875 -2.280621 -1.360347 -0.267846 -0.823696 -0.499784 0.104980 0.641113 1 0 1.0
0 2.720326 -2.842265 -1.254903 -0.267845 -0.823694 -0.499787 0.104980 0.641113 1 0 1.0
0 1.162500 -2.375609 -1.189127 -0.267845 -0.823694 -0.499787 0.104980 0.641113 1 0 1.0
Default
0 1.189875 -2.280621 -1.123935 -0.080559 0.023215 0.996479 0.104980 0.641113 1 0 1.0
0 2.720327 -2.842265 -0.987123 -0.080559 0.023215 0.996479 0.104980 0.641113 1 0 1.0
0 2.782339 -2.627081 -0.987123 -0.080559 0.023215 0.996479 0.104980 0.641113 1 0 1.0
Default
0 1.244623 -2.090644 -1.123935 -0.080559 0.023215 0.996479 0.104980 0.641113 1 0 1.0
0 1.189875 -2.280621 -1.123935 -0.080559 0.023215 0.996479 0.104980 0.641113 1 0 1.0
0 2.782339 -2.627081 -0.987123 -0.080559 0.023215 0.996479 0.104980 0.641113 1 0 1.0
Default
0 1.244623 -2.090644 -1.123935 0.114036 0.539625 0.834147 0.104980 0.641113 1 0 1.0
0 2.782339 -2.627081 -0.987123 0.114036 0.539625 0.834147 0.104980 0.641113 1 0 1.0
0 2.813345 -2.519489 -1.060965 0.114036 0.539625 0.834147 0.104980 0.641113 1 0 1.0
Default
0 1.271997 -1.995655 -1.189127 0.114034 0.539624 0.834147 0.104980 0.641113 1 0 1.0
0 1.244623 -2.090644 -1.123935 0.114036 0.539625 0.834147 0.104980 0.641113 1 0 1.0
0 2.813345 -2.519489 -1.060965 0.114036 0.539625 0.834147 0.104980 0.641113 1 0 1.0
Default
0 4.567668 -3.795909 -0.613352 -0.187963 -0.934909 -0.301023 0.104980 0.641113 1 0 1.0
0 4.710489 -3.756481 -0.824982 -0.187963 -0.934909 -0.301023 0.104980 0.641113 1 0 1.0
0 5.165584 -4.049127 -0.200263 -0.187963 -0.934909 -0.301023 0.104980 0.641113 1 0 1.0
Default
0 4.962174 -4.072022 -0.032749 -0.166342 -0.929551 -0.329036 0.104980 0.641113 1 0 1.0
0 4.567668 -3.795909 -0.613352 -0.187963 -0.934909 -0.301023 0.104980 0.641113 1 0 1.0
0 5.165584 -4.049127 -0.200263 -0.187963 -0.934909 -0.301023 0.104980 0.641113 1 0 1.0
Default
0 5.580134 -3.983650 0.183679 0.823237 -0.567515 0.014422 0.104980 0.641113 1 0 1.0
0 5.618554 -3.930639 0.076747 0.823237 -0.567515 0.014422 0.104980 0.641113 1 0 1.0
0 5.642414 -3.895928 0.080768 0.823237 -0.567515 0.014422 0.104980 0.641113 1 0 1.0
Default
0 5.606131 -3.953146 -0.099698 0.823234 -0.567519 0.014434 0.104980 0.641113 1 0 1.0
0 5.642414 -3.895928 0.080768 0.823237 -0.567515 0.014422 0.104980 0.641113 1 0 1.0
0 5.590728 -3.974522 -0.061657 0.823235 -0.567518 0.014423 0.104980 0.641113 1 0 1.0
Default
0 5.606131 -3.953146 -0.099698 0.823234 -0.567519 0.014434 0.104980 0.641113 1 0 1.0
0 5.590728 -3.974522 -0.061657 0.823235 -0.567518 0.014423 0.104980 0.641113 1 0 1.0
0 5.380231 -4.280827 -0.099407 0.823235 -0.567518 0.014423 0.104980 0.641113 1 0 1.0
Default
0 5.590728 -3.974522 -0.061657 0.823235 -0.567518 0.014423 0.104980 0.641113 1 0 1.0
0 5.394762 -4.258782 -0.061404 0.823248 -0.567498 0.014454 0.104980 0.641113 1 0 1.0
0 5.380231 -4.280827 -0.099407 0.823235 -0.567518 0.014423 0.104980 0.641113 1 0 1.0
Default
0 5.380231 -4.280827 -0.099407 0.823235 -0.567518 0.014423 0.104980 0.641113 1 0 1.0
0 5.394762 -4.258782 -0.061404 0.823248 -0.567498 0.014454 0.104980 0.641113 1 0 1.0
0 5.339807 -4.334870 0.081158 0.823233 -0.567521 0.014400 0.104980 0.641113 1 0 1.0
Default
0 5.394762 -4.258782 -0.061404 0.823248 -0.567498 0.014454 0.104980 0.641113 1 0 1.0
0 5.363759 -4.300229 0.077076 0.823233 -0.567521 0.014400 0.104980 0.641113 1 0 1.0
0 5.339807 -4.334870 0.081158 0.823233 -0.567521 0.014400 0.104980 0.641113 1 0 1.0
Default
0 5.339807 -4.334870 0.081158 0.823233 -0.567521 0.014400 0.104980 0.641113 1 0 1.0
0 5.363759 -4.300229 0.077076 0.823233 -0.567521 0.014400 0.104980 0.641113 1 0 1.0
0 5.399730 -4.245340 0.183911 0.823242 -0.567506 0.014471 0.104980 0.641113 1 0 1.0
Default
0 5.387209 -4.262533 0.221948 0.823242 -0.567506 0.014471 0.104980 0.641113 1 0 1.0
0 5.399730 -4.245340 0.183911 0.823242 -0.567506 0.014471 0.104980 0.641113 1 0 1.0
0 5.580134 -3.983650 0.183679 0.823237 -0.567515 0.014422 0.104980 0.641113 1 0 1.0
Default
0 5.387209 -4.262533 0.221948 0.823242 -0.567506 0.014471 0.104980 0.641113 1 0 1.0
0 5.339807 -4.334870 0.081158 0.823233 -0.567521 0.014400 0.104980 0.641113 1 0 1.0
0 5.399730 -4.245340 0.183911 0.823242 -0.567506 0.014471 0.104980 0.641113 1 0 1.0
Default
0 5.967483 -4.236239 -0.393073 0.314090 0.939524 -0.136532 0.104980 0.641113 1 0 1.0
0 6.072135 -4.265699 -0.355040 0.314090 0.939524 -0.136532 0.104980 0.641113 1 0 1.0
0 6.244151 -4.497253 -1.552707 0.314090 0.939524 -0.136532 0.104980 0.641113 1 0 1.0
Default
0 6.200906 -4.481165 -1.555024 0.351826 0.927698 -0.124876 0.104980 0.641113 1 0 1.0
0 5.967483 -4.236239 -0.393073 0.314090 0.939524 -0.136532 0.104980 0.641113 1 0 1.0
0 6.244151 -4.497253 -1.552707 0.314090 0.939524 -0.136532 0.104980 0.641113 1 0 1.0
Default
0 5.618554 -3.930639 0.076747 0.756085 0.436211 0.487910 0.104980 0.641113 1 0 1.0
0 5.580134 -3.983650 0.183679 0.756085 0.436211 0.487910 0.104980 0.641113 1 0 1.0
0 6.122250 -4.355855 -0.323641 0.756085 0.436211 0.487910 0.104980 0.641113 1 0 1.0
Default
0 6.084737 -4.251559 -0.353526 0.754647 0.416657 0.506858 0.104980 0.641113 1 0 1.0
0 5.618554 -3.930639 0.076747 0.756085 0.436211 0.487910 0.104980 0.641113 1 0 1.0
0 6.122250 -4.355855 -0.323641 0.756085 0.436211 0.487910 0.104980 0.641113 1 0 1.0
Default
0 6.084737 -4.251559 -0.353526 0.296086 -0.163142 -0.941126 0.104980 0.641113 1 0 1.0
0 6.072135 -4.265699 -0.355040 0.296086 -0.163142 -0.941126 0.104980 0.641113 1 0 1.0
0 5.967483 -4.236239 -0.393073 0.296085 -0.163149 -0.941125 0.104980 0.641113 1 0 1.0
Default
0 6.122250 -4.355855 -0.323641 0.296113 -0.163159 -0.941114 0.104980 0.641113 1 0 1.0
0 6.103799 -4.353737 -0.329813 0.296160 -0.163169 -0.941098 0.104980 0.641113 1 0 1.0
0 6.084737 -4.251559 -0.353526 0.296086 -0.163142 -0.941126 0.104980 0.641113 1 0 1.0
Default
0 5.967483 -4.236239 -0.393073 0.296085 -0.163149 -0.941125 0.104980 0.641113 1 0 1.0
0 5.793666 -4.470990 -0.407065 0.296134 -0.163144 -0.941110 0.104980 0.641113 1 0 1.0
0 5.773860 -4.470701 -0.413347 0.296085 -0.163149 -0.941125 0.104980 0.641113 1 0 1.0
Default
0 5.773860 -4.470701 -0.413347 0.296085 -0.163149 -0.941125 0.104980 0.641113 1 0 1.0
0 5.793666 -4.470990 -0.407065 0.296134 -0.163144 -0.941110 0.104980 0.641113 1 0 1.0
0 5.840440 -4.581497 -0.373189 0.296075 -0.163115 -0.941134 0.104980 0.641113 1 0 1.0
Default
0 5.793666 -4.470990 -0.407065 0.296134 -0.163144 -0.941110 0.104980 0.641113 1 0 1.0
0 5.850321 -4.565268 -0.372893 0.296075 -0.163115 -0.941134 0.104980 0.641113 1 0 1.0
0 5.840440 -4.581497 -0.373189 0.296075 -0.163115 -0.941134 0.104980 0.641113 1 0 1.0
Default
0 5.840440 -4.581497 -0.373189 0.296075 -0.163115 -0.941134 0.104980 0.641113 1 0 1.0
0 5.850321 -4.565268 -0.372893 0.296075 -0.163115 -0.941134 0.104980 0.641113 1 0 1.0
0 5.942193 -4.571997 -0.342824 0.296160 -0.163169 -0.941098 0.104980 0.641113 1 0 1.0
Default
0 5.949277 -4.589468 -0.337566 0.296160 -0.163169 -0.941098 0.104980 0.641113 1 0 1.0
0 5.942193 -4.571997 -0.342824 0.296160 -0.163169 -0.941098 0.104980 0.641113 1 0 1.0
0 6.103799 -4.353737 -0.329813 0.296160 -0.163169 -0.941098 0.104980 0.641113 1 0 1.0
Default
0 5.949277 -4.589468 -0.337566 0.296160 -0.163169 -0.941098 0.104980 0.641113 1 0 1.0
0 5.840440 -4.581497 -0.373189 0.296075 -0.163115 -0.941134 0.104980 0.641113 1 0 1.0
0 5.942193 -4.571997 -0.342824 0.296160 -0.163169 -0.941098 0.104980 0.641113 1 0 1.0
Default
0 6.200906 -4.481165 -1.555024 0.093070 0.107572 -0.989832 0.104980 0.641113 1 0 1.0
0 6.205052 -4.603767 -1.567959 0.093070 0.107572 -0.989832 0.104980 0.641113 1 0 1.0
0 6.141152 -4.559096 -1.569112 0.093070 0.107572 -0.989832 0.104980 0.641113 1 0 1.0
Default
0 6.167899 -4.596702 -1.570683 0.093020 0.107489 -0.989845 0.104980 0.641113 1 0 1.0
0 6.141152 -4.559096 -1.569112 0.093070 0.107572 -0.989832 0.104980 0.641113 1 0 1.0
0 6.205052 -4.603767 -1.567959 0.093070 0.107572 -0.989832 0.104980 0.641113 1 0 1.0
Default
0 6.167899 -4.596702 -1.570683 -0.806411 -0.556796 -0.199196 0.104980 0.641113 1 0 1.0
0 5.850321 -4.565268 -0.372893 -0.806411 -0.556796 -0.199196 0.104980 0.641113 1 0 1.0
0 5.793666 -4.470990 -0.407065 -0.806411 -0.556796 -0.199196 0.104980 0.641113 1 0 1.0
Default
0 6.141152 -4.559096 -1.569112 -0.802751 -0.562699 -0.197383 0.104980 0.641113 1 0 1.0
0 6.167899 -4.596702 -1.570683 -0.806411 -0.556796 -0.199196 0.104980 0.641113 1 0 1.0
0 5.793666 -4.470990 -0.407065 -0.806411 -0.556796 -0.199196 0.104980 0.641113 1 0 1.0
Default
0 6.260607 -4.531309 -1.554859 0.784287 -0.591806 0.186172 0.104980 0.641113 1 0 1.0
0 6.103799 -4.353737 -0.329813 0.784287 -0.591806 0.186172 0.104980 0.641113 1 0 1.0
0 5.942193 -4.571997 -0.342824 0.784287 -0.591806 0.186172 0.104980 0.641113 1 0 1.0
Default
0 6.205052 -4.603767 -1.567959 0.764620 -0.618805 0.180100 0.104980 0.641113 1 0 1.0
0 6.260607 -4.531309 -1.554859 0.784287 -0.591806 0.186172 0.104980 0.641113 1 0 1.0
0 5.942193 -4.571997 -0.342824 0.784287 -0.591806 0.186172 0.104980 0.641113 1 0 1.0
Default
0 5.793666 -4.470990 -0.407065 -0.764428 0.582481 -0.276345 0.104980 0.641113 1 0 1.0
0 5.967483 -4.236239 -0.393073 -0.764428 0.582481 -0.276345 0.104980 0.641113 1 0 1.0
0 6.200906 -4.481165 -1.555024 -0.764428 0.582481 -0.276345 0.104980 0.641113 1 0 1.0
Default
0 6.141152 -4.559096 -1.569112 -0.740493 0.616250 -0.268153 0.104980 0.641113 1 0 1.0
0 5.793666 -4.470990 -0.407065 -0.764428 0.582481 -0.276345 0.104980 0.641113 1 0 1.0
0 6.200906 -4.481165 -1.555024 -0.764428 0.582481 -0.276345 0.104980 0.641113 1 0 1.0
Default
0 -1.315725 -1.420971 -2.001611 -0.173954 -0.030754 -0.984273 0.146362 0.607910 1 0 1.0
0 -1.369061 0.121313 -2.040375 -0.173954 -0.030754 -0.984273 0.146362 0.607910 1 0 1.0
0 -0.000000 -0.004258 -2.278410 -0.173954 -0.030754 -0.984273 0.146362 0.607910 1 0 1.0
Default
0 -0.000000 -1.407726 -2.188391 -0.139643 -0.063382 -0.988171 0.146362 0.607910 1 0 1.0
0 -1.315725 -1.420971 -2.001611 -0.173954 -0.030754 -0.984273 0.146362 0.607910 1 0 1.0
0 -0.000000 -0.004258 -2.278410 -0.173954 -0.030754 -0.984273 0.146362 0.607910 1 0 1.0
Default
0 -1.341583 0.399111 0.926395 -0.432893 -0.014166 0.901334 0.172119 0.546387 1 0 1.0
0 -1.276916 -0.896177 0.937095 -0.432893 -0.014166 0.901334 0.172119 0.546387 1 0 1.0
0 -0.000000 -0.826699 1.551466 -0.432893 -0.014166 0.901334 0.172119 0.546387 1 0 1.0
Default
0 -0.000000 -0.826699 1.551466 -0.432893 -0.014166 0.901334 0.172119 0.546387 1 0 1.0
0 -1.276916 -0.896177 0.937095 -0.432893 -0.014166 0.901334 0.172119 0.546387 1 0 1.0
0 -1.029605 -2.244936 1.096464 -0.434588 0.026685 0.900234 0.172119 0.546387 1 0 1.0
Default
0 -1.386307 1.804483 -1.756693 -0.244765 0.295836 -0.923348 0.146362 0.607910 1 0 1.0
0 -1.219438 3.175368 -1.361703 -0.244765 0.295836 -0.923348 0.146362 0.607910 1 0 1.0
0 -0.000000 3.037613 -1.729093 -0.244765 0.295836 -0.923348 0.146362 0.607910 1 0 1.0
Default
0 -0.000000 1.828845 -2.110649 -0.241412 0.292113 -0.925413 0.146362 0.607910 1 0 1.0
0 -1.386307 1.804483 -1.756693 -0.244765 0.295836 -0.923348 0.146362 0.607910 1 0 1.0
0 -0.000000 3.037613 -1.729093 -0.244765 0.295836 -0.923348 0.146362 0.607910 1 0 1.0
Default
0 -1.356828 3.795997 -0.307952 -0.898157 0.420353 -0.128907 0.146362 0.607910 1 0 1.0
0 -1.117475 4.352230 -0.002424 -0.896277 0.434498 -0.088878 0.146362 0.607910 1 0 1.0
0 -1.164075 4.165078 -0.447424 -0.898157 0.420353 -0.128907 0.146362 0.607910 1 0 1.0
Default
0 -1.356828 3.795997 -0.307952 -0.898157 0.420353 -0.128907 0.146362 0.607910 1 0 1.0
0 -1.164075 4.165078 -0.447424 -0.898157 0.420353 -0.128907 0.146362 0.607910 1 0 1.0
0 -1.296398 3.732233 -0.936930 -0.898157 0.420353 -0.128907 0.146362 0.607910 1 0 1.0
Default
0 -1.487582 3.317718 -0.788863 -0.917188 0.377866 -0.126428 0.146362 0.607910 1 0 1.0
0 -1.356828 3.795997 -0.307952 -0.898157 0.420353 -0.128907 0.146362 0.607910 1 0 1.0
0 -1.296398 3.732233 -0.936930 -0.898157 0.420353 -0.128907 0.146362 0.607910 1 0 1.0
Default
0 -1.793350 2.199510 -1.201310 -0.668499 0.279901 -0.689031 0.146362 0.607910 1 0 1.0
0 -1.219438 3.175368 -1.361703 -0.668499 0.279901 -0.689031 0.146362 0.607910 1 0 1.0
0 -1.386307 1.804483 -1.756693 -0.668499 0.279901 -0.689031 0.146362 0.607910 1 0 1.0
Default
0 -1.793350 2.199510 -1.201310 -0.668499 0.279901 -0.689031 0.146362 0.607910 1 0 1.0
0 -1.386307 1.804483 -1.756693 -0.668499 0.279901 -0.689031 0.146362 0.607910 1 0 1.0
0 -2.019819 0.886962 -1.540107 -0.660142 0.292484 -0.691856 0.146362 0.607910 1 0 1.0
Default
0 -1.999913 -1.639079 0.441881 -0.992789 -0.116912 -0.026491 0.146362 0.607910 1 0 1.0
0 -2.120834 -0.453494 -0.258734 -0.992789 -0.116912 -0.026491 0.146362 0.607910 1 0 1.0
0 -1.953540 -1.927557 -0.022889 -0.992789 -0.116912 -0.026491 0.146362 0.607910 1 0 1.0
Default
0 -2.120834 -0.453494 -1.054169 -0.993621 -0.112768 0.000000 0.146362 0.607910 1 0 1.0
0 -1.953540 -1.927557 -0.022889 -0.992789 -0.116912 -0.026491 0.146362 0.607910 1 0 1.0
0 -2.120834 -0.453494 -0.258734 -0.992789 -0.116912 -0.026491 0.146362 0.607910 1 0 1.0
Default
0 -1.361801 3.607359 0.975881 -0.949860 0.308030 0.053694 0.145142 0.578613 1 0 1.0
0 -1.036909 4.611787 0.961110 -0.949860 0.308030 0.053694 0.145142 0.578613 1 0 1.0
0 -1.374942 3.670277 0.382462 -0.949860 0.308030 0.053694 0.145142 0.578613 1 0 1.0
Default
0 -1.361801 3.607359 0.975881 -0.949860 0.308030 0.053694 0.145142 0.578613 1 0 1.0
0 -1.374942 3.670277 0.382462 -0.949860 0.308030 0.053694 0.145142 0.578613 1 0 1.0
0 -1.755266 2.355577 0.168690 -0.961552 0.270045 0.049926 0.145142 0.578613 1 0 1.0
Default
0 -2.120834 -0.453494 -1.054169 -0.997425 0.070603 -0.012584 0.146362 0.607910 1 0 1.0
0 -2.019819 1.152108 -0.052511 -0.997425 0.070603 -0.012584 0.146362 0.607910 1 0 1.0
0 -2.019819 0.886962 -1.540107 -0.997425 0.070603 -0.012584 0.146362 0.607910 1 0 1.0
Default
0 -2.120834 -0.453494 -0.258734 -0.997575 0.065709 -0.022946 0.146362 0.607910 1 0 1.0
0 -2.019819 1.152108 -0.052511 -0.997425 0.070603 -0.012584 0.146362 0.607910 1 0 1.0
0 -2.120834 -0.453494 -1.054169 -0.997425 0.070603 -0.012584 0.146362 0.607910 1 0 1.0
Default
0 -2.120834 -0.453494 -0.258734 -0.997575 0.065709 -0.022946 0.146362 0.607910 1 0 1.0
0 -2.120834 -0.283222 0.228863 -0.997575 0.065709 -0.022946 0.146362 0.607910 1 0 1.0
0 -2.019819 1.152108 -0.052511 -0.997425 0.070603 -0.012584 0.146362 0.607910 1 0 1.0
Default
0 -1.643683 -2.910753 0.545068 -0.992375 -0.046474 0.114158 0.146362 0.607910 1 0 1.0
0 -1.714228 -2.973436 -0.093699 -0.992375 -0.046474 0.114158 0.146362 0.607910 1 0 1.0
0 -1.691030 -3.380062 -0.057575 -0.992375 -0.046474 0.114158 0.146362 0.607910 1 0 1.0
Default
0 -1.592253 -3.693410 1.062997 -0.996314 -0.009020 0.085301 0.146362 0.607910 1 0 1.0
0 -1.643683 -2.910753 0.545068 -0.992375 -0.046474 0.114158 0.146362 0.607910 1 0 1.0
0 -1.691030 -3.380062 -0.057575 -0.992375 -0.046474 0.114158 0.146362 0.607910 1 0 1.0
Default
0 -1.022433 -2.797845 -1.263362 -0.053602 -0.764061 -0.642913 0.146362 0.607910 1 0 1.0
0 -0.000000 -2.852113 -1.284113 -0.053602 -0.764061 -0.642913 0.146362 0.607910 1 0 1.0
0 -0.000000 -2.994805 -1.114532 -0.053602 -0.764061 -0.642913 0.146362 0.607910 1 0 1.0
Default
0 -1.582315 -3.002668 -0.986710 -0.049323 -0.752394 -0.656864 0.146362 0.607910 1 0 1.0
0 -1.022433 -2.797845 -1.263362 -0.053602 -0.764061 -0.642913 0.146362 0.607910 1 0 1.0
0 -0.000000 -2.994805 -1.114532 -0.053602 -0.764061 -0.642913 0.146362 0.607910 1 0 1.0
Default
0 -1.017647 -2.836592 1.175685 -0.680019 0.373023 0.631211 0.145142 0.578613 1 0 1.0
0 -1.643683 -2.910753 0.545068 -0.680019 0.373023 0.631211 0.145142 0.578613 1 0 1.0
0 -1.592253 -3.693410 1.062997 -0.680019 0.373023 0.631211 0.145142 0.578613 1 0 1.0
Default
0 -1.080117 -3.699392 1.602383 -0.672672 0.366578 0.642754 0.145142 0.578613 1 0 1.0
0 -1.017647 -2.836592 1.175685 -0.680019 0.373023 0.631211 0.145142 0.578613 1 0 1.0
0 -1.592253 -3.693410 1.062997 -0.680019 0.373023 0.631211 0.145142 0.578613 1 0 1.0
Default
0 -1.000677 -5.687540 1.621516 -0.633739 -0.110955 0.765548 0.145142 0.578613 1 0 1.0
0 -1.061603 -4.562489 1.734139 -0.633739 -0.110955 0.765548 0.145142 0.578613 1 0 1.0
0 -1.716583 -4.603351 1.186008 -0.633739 -0.110955 0.765548 0.145142 0.578613 1 0 1.0
Default
0 -1.606000 -5.696329 1.102431 -0.644995 -0.122932 0.754234 0.145142 0.578613 1 0 1.0
0 -1.000677 -5.687540 1.621516 -0.633739 -0.110955 0.765548 0.145142 0.578613 1 0 1.0
0 -1.716583 -4.603351 1.186008 -0.633739 -0.110955 0.765548 0.145142 0.578613 1 0 1.0
Default
0 -0.000000 -4.553621 1.940876 -0.189165 -0.107946 0.975994 0.172119 0.546387 1 0 1.0
0 -1.061603 -4.562489 1.734139 -0.189165 -0.107946 0.975994 0.172119 0.546387 1 0 1.0
0 -1.000677 -5.687540 1.621516 -0.189165 -0.107946 0.975994 0.172119 0.546387 1 0 1.0
Default
0 -0.000000 -5.686150 1.791383 -0.165783 -0.129053 0.977682 0.172119 0.546387 1 0 1.0
0 -0.000000 -4.553621 1.940876 -0.189165 -0.107946 0.975994 0.172119 0.546387 1 0 1.0
0 -1.000677 -5.687540 1.621516 -0.189165 -0.107946 0.975994 0.172119 0.546387 1 0 1.0
Default
0 -0.000000 -3.700807 1.817865 -0.193423 0.144000 0.970490 0.172119 0.546387 1 0 1.0
0 -1.080117 -3.699392 1.602383 -0.193423 0.144000 0.970490 0.172119 0.546387 1 0 1.0
0 -1.061603 -4.562489 1.734139 -0.193423 0.144000 0.970490 0.172119 0.546387 1 0 1.0
Default
0 -0.000000 -4.553621 1.940876 -0.190391 0.140152 0.971652 0.172119 0.546387 1 0 1.0
0 -0.000000 -3.700807 1.817865 -0.193423 0.144000 0.970490 0.172119 0.546387 1 0 1.0
0 -1.061603 -4.562489 1.734139 -0.193423 0.144000 0.970490 0.172119 0.546387 1 0 1.0
Default
0 -1.669775 -6.585604 -1.041108 -0.221644 0.041253 -0.974255 0.146362 0.607910 1 0 1.0
0 -1.791856 -5.594679 -0.971375 -0.221644 0.041253 -0.974255 0.146362 0.607910 1 0 1.0
0 -0.000000 -5.529243 -1.376252 -0.221644 0.041253 -0.974255 0.146362 0.607910 1 0 1.0
Default
0 -0.000000 -6.507124 -1.402679 -0.212746 0.026397 -0.976751 0.146362 0.607910 1 0 1.0
0 -1.669775 -6.585604 -1.041108 -0.221644 0.041253 -0.974255 0.146362 0.607910 1 0 1.0
0 -0.000000 -5.529243 -1.376252 -0.221644 0.041253 -0.974255 0.146362 0.607910 1 0 1.0
Default
0 -1.716583 -4.603351 1.186008 -0.892402 -0.142675 0.428091 0.146362 0.607910 1 0 1.0
0 -2.263748 -4.440873 0.099534 -0.892402 -0.142675 0.428091 0.146362 0.607910 1 0 1.0
0 -2.100144 -5.529075 0.077908 -0.892402 -0.142675 0.428091 0.146362 0.607910 1 0 1.0
Default
0 -1.606000 -5.696329 1.102431 -0.901580 -0.122934 0.414777 0.146362 0.607910 1 0 1.0
0 -1.716583 -4.603351 1.186008 -0.892402 -0.142675 0.428091 0.146362 0.607910 1 0 1.0
0 -2.100144 -5.529075 0.077908 -0.892402 -0.142675 0.428091 0.146362 0.607910 1 0 1.0
Default
0 -1.658901 -4.731664 -1.087447 -0.230156 -0.129455 -0.964505 0.146362 0.607910 1 0 1.0
0 -0.000000 -4.737693 -1.482494 -0.230156 -0.129455 -0.964505 0.146362 0.607910 1 0 1.0
0 -0.000000 -5.529243 -1.376252 -0.230156 -0.129455 -0.964505 0.146362 0.607910 1 0 1.0
Default
0 -1.791856 -5.594679 -0.971375 -0.215965 -0.097395 -0.971532 0.146362 0.607910 1 0 1.0
0 -1.658901 -4.731664 -1.087447 -0.230156 -0.129455 -0.964505 0.146362 0.607910 1 0 1.0
0 -0.000000 -5.529243 -1.376252 -0.230156 -0.129455 -0.964505 0.146362 0.607910 1 0 1.0
Default
0 -1.517128 -7.864637 0.044436 -0.922158 -0.224063 0.315310 0.146362 0.607910 1 0 1.0
0 -1.527866 -6.835018 0.744690 -0.922158 -0.224063 0.315310 0.146362 0.607910 1 0 1.0
0 -1.945437 -6.559807 -0.280973 -0.922158 -0.224063 0.315310 0.146362 0.607910 1 0 1.0
Default
0 -1.945437 -6.559807 -0.280973 -0.922158 -0.224063 0.315310 0.146362 0.607910 1 0 1.0
0 -1.527866 -6.835018 0.744690 -0.922158 -0.224063 0.315310 0.146362 0.607910 1 0 1.0
0 -2.100144 -5.529075 0.077908 -0.919094 -0.245315 0.308360 0.146362 0.607910 1 0 1.0
Default
0 -0.000000 -7.005009 1.466600 -0.162314 -0.235946 0.958115 0.172119 0.546387 1 0 1.0
0 -0.000000 -5.686150 1.791383 -0.162314 -0.235946 0.958115 0.172119 0.546387 1 0 1.0
0 -1.000677 -5.687540 1.621516 -0.162314 -0.235946 0.958115 0.172119 0.546387 1 0 1.0
Default
0 -1.056553 -6.977506 1.276211 -0.178066 -0.247244 0.952451 0.172119 0.546387 1 0 1.0
0 -0.000000 -7.005009 1.466600 -0.162314 -0.235946 0.958115 0.172119 0.546387 1 0 1.0
0 -1.000677 -5.687540 1.621516 -0.162314 -0.235946 0.958115 0.172119 0.546387 1 0 1.0
Default
0 -1.673137 -9.561717 -0.847790 -0.091144 -0.501225 0.860503 0.141357 0.608398 1 0 1.0
0 -0.000000 -9.716589 -0.760781 -0.091144 -0.501225 0.860503 0.141357 0.608398 1 0 1.0
0 -1.265618 -8.888935 -0.412743 -0.091144 -0.501225 0.860503 0.141357 0.608398 1 0 1.0
Default
0 -0.000000 -10.138030 -1.021356 -0.092512 -0.523637 0.846904 0.141357 0.608398 1 0 1.0
0 -0.000000 -9.716589 -0.760781 -0.091144 -0.501225 0.860503 0.141357 0.608398 1 0 1.0
0 -1.673137 -9.561717 -0.847790 -0.091144 -0.501225 0.860503 0.141357 0.608398 1 0 1.0
Default
0 -0.000000 -8.145375 0.570827 -0.192594 -0.635124 0.748014 0.172119 0.546387 1 0 1.0
0 -1.013351 -8.067639 0.375920 -0.192594 -0.635124 0.748014 0.172119 0.546387 1 0 1.0
0 -0.866668 -8.854090 -0.254073 -0.192594 -0.635124 0.748014 0.172119 0.546387 1 0 1.0
Default
0 -1.013351 -8.067639 0.375920 -0.192594 -0.635124 0.748014 0.172119 0.546387 1 0 1.0
0 -0.000000 -8.145375 0.570827 -0.192594 -0.635124 0.748014 0.172119 0.546387 1 0 1.0
0 -1.056553 -6.977506 1.276211 -0.193066 -0.629332 0.752773 0.172119 0.546387 1 0 1.0
Default
0 -1.013351 -8.067639 0.375920 -0.610508 -0.442953 0.656561 0.145142 0.578613 1 0 1.0
0 -1.517128 -7.864637 0.044436 -0.610508 -0.442953 0.656561 0.145142 0.578613 1 0 1.0
0 -1.265618 -8.888935 -0.412743 -0.610508 -0.442953 0.656561 0.145142 0.578613 1 0 1.0
Default
0 -1.517128 -7.864637 0.044436 -0.610508 -0.442953 0.656561 0.145142 0.578613 1 0 1.0
0 -1.013351 -8.067639 0.375920 -0.610508 -0.442953 0.656561 0.145142 0.578613 1 0 1.0
0 -1.527866 -6.835018 0.744690 -0.610311 -0.449832 0.652052 0.145142 0.578613 1 0 1.0
Default
0 -3.388747 -10.796123 -2.208554 0.017230 0.563016 -0.826266 0.141357 0.608398 1 0 1.0
0 -3.363410 -9.617419 -1.404862 0.017230 0.563016 -0.826266 0.141357 0.608398 1 0 1.0
0 -0.000000 -9.959054 -1.567512 0.017230 0.563016 -0.826266 0.141357 0.608398 1 0 1.0
Default
0 -3.363410 -9.617419 -1.404862 0.017230 0.563016 -0.826266 0.141357 0.608398 1 0 1.0
0 -1.724613 -9.386443 -1.220682 0.015807 0.552410 -0.833422 0.141357 0.608398 1 0 1.0
0 -0.000000 -9.959054 -1.567512 0.017230 0.563016 -0.826266 0.141357 0.608398 1 0 1.0
Default
0 3.363410 -9.617419 -1.404862 -0.015807 0.552410 -0.833422 0.141357 0.608398 1 0 1.0
0 -0.000000 -9.959054 -1.567512 0.017230 0.563016 -0.826266 0.141357 0.608398 1 0 1.0
0 1.724613 -9.386443 -1.220682 -0.015807 0.552410 -0.833422 0.141357 0.608398 1 0 1.0
Default
0 3.363410 -9.617419 -1.404862 -0.015807 0.552410 -0.833422 0.141357 0.608398 1 0 1.0
0 3.388747 -10.796123 -2.208554 -0.017230 0.563016 -0.826266 0.141357 0.608398 1 0 1.0
0 -0.000000 -9.959054 -1.567512 0.017230 0.563016 -0.826266 0.141357 0.608398 1 0 1.0
Default
0 -0.000000 -11.134106 -1.752418 -0.029939 -0.538527 0.842076 0.099548 0.639648 1 0 1.0
0 -4.106424 -11.241108 -1.966846 -0.029939 -0.538527 0.842076 0.099548 0.639648 1 0 1.0
0 -2.299304 -11.824040 -2.275394 -0.029939 -0.538527 0.842076 0.099548 0.639648 1 0 1.0
Default
0 -0.000000 -12.150536 -2.351111 -0.043651 -0.507036 0.860819 0.099548 0.639648 1 0 1.0
0 -0.000000 -11.134106 -1.752418 -0.029939 -0.538527 0.842076 0.099548 0.639648 1 0 1.0
0 -2.299304 -11.824040 -2.275394 -0.029939 -0.538527 0.842076 0.099548 0.639648 1 0 1.0
Default
0 -0.385940 5.315002 1.138500 0.829546 -0.111680 0.547157 0.146362 0.607910 1 0 1.0
0 -0.264221 5.347376 0.960570 0.829546 -0.111680 0.547157 0.146362 0.607910 1 0 1.0
0 -0.431187 7.060951 1.563465 0.829546 -0.111680 0.547157 0.146362 0.607910 1 0 1.0
Default
0 -0.493039 7.044501 1.653882 0.829545 -0.111681 0.547158 0.146362 0.607910 1 0 1.0
0 -0.385940 5.315002 1.138500 0.829546 -0.111680 0.547157 0.146362 0.607910 1 0 1.0
0 -0.431187 7.060951 1.563465 0.829546 -0.111680 0.547157 0.146362 0.607910 1 0 1.0
Default
0 -6.475205 5.120910 0.802320 0.167005 -0.304887 0.937632 0.150513 0.617676 1 0 1.0
0 -6.048756 4.061706 0.381946 0.167005 -0.304887 0.937632 0.150513 0.617676 1 0 1.0
0 -5.382750 4.426517 0.381946 0.167005 -0.304887 0.937632 0.150513 0.617676 1 0 1.0
Default
0 -5.119327 5.268533 0.619266 0.160519 -0.313962 0.935768 0.150513 0.617676 1 0 1.0
0 -6.475205 5.120910 0.802320 0.167005 -0.304887 0.937632 0.150513 0.617676 1 0 1.0
0 -5.382750 4.426517 0.381946 0.167005 -0.304887 0.937632 0.150513 0.617676 1 0 1.0
Default
0 -4.591449 7.312185 1.256979 0.519677 -0.196473 0.831465 0.108704 0.639648 1 0 1.0
0 -4.721877 6.343748 1.109659 0.519677 -0.196473 0.831465 0.108704 0.639648 1 0 1.0
0 -3.850026 6.165060 0.522518 0.519677 -0.196473 0.831465 0.108704 0.639648 1 0 1.0
Default
0 -3.446692 7.150903 0.539553 0.496139 -0.217508 0.840557 0.108704 0.639648 1 0 1.0
0 -4.591449 7.312185 1.256979 0.519677 -0.196473 0.831465 0.108704 0.639648 1 0 1.0
0 -3.850026 6.165060 0.522518 0.519677 -0.196473 0.831465 0.108704 0.639648 1 0 1.0
Default
0 -4.591449 7.312185 1.256979 0.060204 0.997658 -0.032478 0.150513 0.617676 1 0 1.0
0 -4.678790 7.311266 1.066855 0.060204 0.997658 -0.032478 0.150513 0.617676 1 0 1.0
0 -6.444487 7.412386 0.900040 0.060204 0.997658 -0.032478 0.150513 0.617676 1 0 1.0
Default
0 -6.565109 7.425215 1.070518 0.060204 0.997657 -0.032486 0.150513 0.617676 1 0 1.0
0 -4.591449 7.312185 1.256979 0.060204 0.997658 -0.032478 0.150513 0.617676 1 0 1.0
0 -6.444487 7.412386 0.900040 0.060204 0.997658 -0.032478 0.150513 0.617676 1 0 1.0
Default
0 -3.446692 7.150903 0.539553 0.022357 0.999738 -0.004841 0.108704 0.639648 1 0 1.0
0 -4.275596 7.162212 -0.953492 0.022357 0.999738 -0.004841 0.108704 0.639648 1 0 1.0
0 -3.984031 7.159354 -0.197077 0.022357 0.999738 -0.004841 0.108704 0.639648 1 0 1.0
Default
0 -3.654655 7.162817 0.519905 0.060222 0.997656 -0.032487 0.108704 0.639648 1 0 1.0
0 -3.446692 7.150903 0.539553 0.022357 0.999738 -0.004841 0.108704 0.639648 1 0 1.0
0 -3.984031 7.159354 -0.197077 0.072095 0.997109 -0.024023 0.108704 0.639648 1 0 1.0
Default
0 -4.396219 7.175041 -0.783016 0.060204 0.997658 -0.032477 0.108704 0.639648 1 0 1.0
0 -3.984031 7.159354 -0.197077 0.072095 0.997109 -0.024023 0.108704 0.639648 1 0 1.0
0 -4.275596 7.162212 -0.953492 0.072095 0.997109 -0.024023 0.108704 0.639648 1 0 1.0
Default
0 -4.275596 7.162212 -0.953492 0.022357 0.999738 -0.004841 0.108704 0.639648 1 0 1.0
0 -6.249261 7.275244 -1.139955 0.060204 0.997658 -0.032477 0.108704 0.639648 1 0 1.0
0 -4.396219 7.175041 -0.783016 0.060204 0.997658 -0.032477 0.108704 0.639648 1 0 1.0
Default
0 -6.249261 7.275244 -1.139955 0.060204 0.997658 -0.032477 0.108704 0.639648 1 0 1.0
0 -6.161919 7.276163 -0.949831 0.060204 0.997658 -0.032477 0.108704 0.639648 1 0 1.0
0 -4.396219 7.175041 -0.783016 0.060204 0.997658 -0.032477 0.108704 0.639648 1 0 1.0
Default
0 -6.249261 7.275244 -1.139955 0.060204 0.997658 -0.032477 0.108704 0.639648 1 0 1.0
0 -7.285503 7.430341 0.214818 0.089115 0.994970 -0.045746 0.108704 0.639648 1 0 1.0
0 -6.161919 7.276163 -0.949831 0.060204 0.997658 -0.032477 0.108704 0.639648 1 0 1.0
Default
0 -6.263039 8.497973 0.977589 -0.097024 -0.054773 0.993774 0.150513 0.617676 1 0 1.0
0 -6.444487 7.412386 0.900040 -0.097024 -0.054773 0.993774 0.150513 0.617676 1 0 1.0
0 -4.678790 7.311266 1.066855 -0.097024 -0.054773 0.993774 0.150513 0.617676 1 0 1.0
Default
0 -4.695841 8.634238 1.137604 -0.096742 -0.054394 0.993822 0.150513 0.617676 1 0 1.0
0 -6.263039 8.497973 0.977589 -0.097024 -0.054773 0.993774 0.150513 0.617676 1 0 1.0
0 -4.678790 7.311266 1.066855 -0.097024 -0.054773 0.993774 0.150513 0.617676 1 0 1.0
Default
0 -6.053039 8.429612 -1.020924 0.105653 -0.048816 -0.993204 0.108704 0.639648 1 0 1.0
0 -4.485842 8.565874 -0.860909 0.105653 -0.048816 -0.993204 0.108704 0.639648 1 0 1.0
0 -4.396219 7.175041 -0.783016 0.105653 -0.048816 -0.993204 0.108704 0.639648 1 0 1.0
Default
0 -6.161919 7.276163 -0.949831 0.089869 -0.069719 -0.993510 0.108704 0.639648 1 0 1.0
0 -6.053039 8.429612 -1.020924 0.105653 -0.048816 -0.993204 0.108704 0.639648 1 0 1.0
0 -4.396219 7.175041 -0.783016 0.105653 -0.048816 -0.993204 0.108704 0.639648 1 0 1.0
Default
0 -6.263039 8.497973 0.977589 -0.713885 0.097243 0.693478 0.108704 0.639648 1 0 1.0
0 -7.359226 8.480962 -0.148472 -0.713885 0.097243 0.693478 0.108704 0.639648 1 0 1.0
0 -7.186055 7.365056 0.186275 -0.713885 0.097243 0.693478 0.108704 0.639648 1 0 1.0
Default
0 -6.444487 7.412386 0.900040 -0.694158 0.064812 0.716899 0.108704 0.639648 1 0 1.0
0 -6.263039 8.497973 0.977589 -0.713885 0.097243 0.693478 0.108704 0.639648 1 0 1.0
0 -7.186055 7.365056 0.186275 -0.713885 0.097243 0.693478 0.108704 0.639648 1 0 1.0
Default
0 -6.263039 8.497973 0.977589 -0.085500 0.996278 -0.010999 0.150513 0.617676 1 0 1.0
0 -4.695841 8.634238 1.137604 -0.085500 0.996278 -0.010999 0.150513 0.617676 1 0 1.0
0 -4.754347 8.628523 1.074855 -0.085500 0.996278 -0.010999 0.150513 0.617676 1 0 1.0
Default
0 -6.231258 8.497577 0.924145 -0.082461 0.994996 -0.056418 0.150513 0.617676 1 0 1.0
0 -6.263039 8.497973 0.977589 -0.085500 0.996278 -0.010999 0.150513 0.617676 1 0 1.0
0 -4.754347 8.628523 1.074855 -0.085500 0.996278 -0.010999 0.150513 0.617676 1 0 1.0
Default
0 -6.053039 8.429612 -1.020924 -0.085303 0.995922 -0.029367 0.108704 0.639648 1 0 1.0
0 -6.033053 8.433057 -0.962145 -0.085303 0.995922 -0.029367 0.108704 0.639648 1 0 1.0
0 -4.556141 8.564000 -0.811435 -0.085303 0.995922 -0.029367 0.108704 0.639648 1 0 1.0
Default
0 -4.485842 8.565874 -0.860909 -0.054654 0.997709 -0.039868 0.108704 0.639648 1 0 1.0
0 -6.053039 8.429612 -1.020924 -0.085303 0.995922 -0.029367 0.108704 0.639648 1 0 1.0
0 -4.556141 8.564000 -0.811435 -0.085303 0.995922 -0.029367 0.108704 0.639648 1 0 1.0
Default
0 -4.485842 8.565874 -0.860909 -0.054654 0.997709 -0.039868 0.108704 0.639648 1 0 1.0
0 -4.556141 8.564000 -0.811435 -0.085303 0.995922 -0.029367 0.108704 0.639648 1 0 1.0
0 -4.754347 8.628523 1.074855 -0.054654 0.997709 -0.039868 0.108704 0.639648 1 0 1.0
Default
0 -4.695841 8.634238 1.137604 -0.054684 0.997707 -0.039876 0.108704 0.639648 1 0 1.0
0 -4.485842 8.565874 -0.860909 -0.054654 0.997709 -0.039868 0.108704 0.639648 1 0 1.0
0 -4.754347 8.628523 1.074855 -0.054654 0.997709 -0.039868 0.108704 0.639648 1 0 1.0
Default
0 -4.071347 11.030252 -0.326510 0.910763 -0.392601 0.127963 0.109802 0.641113 1 0 1.0
0 -4.229920 11.028594 0.797025 0.910763 -0.392601 0.127963 0.109802 0.641113 1 0 1.0
0 -4.762428 9.764795 0.709656 0.910763 -0.392601 0.127963 0.109802 0.641113 1 0 1.0
Default
0 -4.603857 9.766450 -0.413879 0.910763 -0.392602 0.127963 0.109802 0.641113 1 0 1.0
0 -4.071347 11.030252 -0.326510 0.910763 -0.392601 0.127963 0.109802 0.641113 1 0 1.0
0 -4.762428 9.764795 0.709656 0.910763 -0.392601 0.127963 0.109802 0.641113 1 0 1.0
Default
0 -4.396219 7.175041 -0.783016 0.688891 0.003795 -0.724855 0.108704 0.639648 1 0 1.0
0 -4.485842 8.565874 -0.860909 0.688891 0.003795 -0.724855 0.108704 0.639648 1 0 1.0
0 -3.520214 7.865408 0.053140 0.688891 0.003795 -0.724855 0.108704 0.639648 1 0 1.0
Default
0 -3.520214 7.865408 0.053140 0.688891 0.003795 -0.724855 0.108704 0.639648 1 0 1.0
0 -4.485842 8.565874 -0.860909 0.688891 0.003795 -0.724855 0.108704 0.639648 1 0 1.0
0 -3.981701 9.336508 -0.398783 0.683697 -0.009688 -0.729702 0.108704 0.639648 1 0 1.0
Default
0 -5.067517 3.696284 -0.692971 -0.012806 0.008751 -0.999880 0.108704 0.639648 1 0 1.0
0 -5.481112 3.090985 -0.692971 -0.012806 0.008751 -0.999880 0.108704 0.639648 1 0 1.0
0 -6.048756 4.061706 -0.677205 -0.012806 0.008751 -0.999880 0.108704 0.639648 1 0 1.0
Default
0 -5.382750 4.426517 -0.677204 -0.009563 0.017458 -0.999802 0.108704 0.639648 1 0 1.0
0 -5.067517 3.696284 -0.692971 -0.012806 0.008751 -0.999880 0.108704 0.639648 1 0 1.0
0 -6.048756 4.061706 -0.677205 -0.012806 0.008751 -0.999880 0.108704 0.639648 1 0 1.0
Default
0 -5.481112 3.090985 0.183651 -0.563610 -0.468548 0.680299 0.108704 0.639648 1 0 1.0
0 -6.048756 4.061706 0.381946 -0.552693 -0.484144 0.678332 0.108704 0.639648 1 0 1.0
0 -6.381758 3.879300 -0.019567 -0.552693 -0.484144 0.678332 0.108704 0.639648 1 0 1.0
Default
0 -7.058054 4.912643 0.166923 -0.552693 -0.484144 0.678332 0.108704 0.639648 1 0 1.0
0 -6.381758 3.879300 -0.019567 -0.552693 -0.484144 0.678332 0.108704 0.639648 1 0 1.0
0 -6.048756 4.061706 0.381946 -0.552693 -0.484144 0.678332 0.108704 0.639648 1 0 1.0
Default
0 -6.475205 5.120910 0.802320 -0.556280 -0.490257 0.670969 0.108704 0.639648 1 0 1.0
0 -7.058054 4.912643 0.166923 -0.552693 -0.484144 0.678332 0.108704 0.639648 1 0 1.0
0 -6.048756 4.061706 0.381946 -0.552693 -0.484144 0.678332 0.108704 0.639648 1 0 1.0
Default
0 -5.481112 3.090985 -0.692971 -0.753838 -0.462978 -0.466240 0.108704 0.639648 1 0 1.0
0 -5.687910 2.788335 -0.058081 -0.753838 -0.462978 -0.466240 0.108704 0.639648 1 0 1.0
0 -6.381758 3.879300 -0.019567 -0.753838 -0.462978 -0.466240 0.108704 0.639648 1 0 1.0
Default
0 -6.048756 4.061706 -0.677205 -0.751140 -0.431120 -0.499925 0.108704 0.639648 1 0 1.0
0 -5.481112 3.090985 -0.692971 -0.753838 -0.462978 -0.466240 0.108704 0.639648 1 0 1.0
0 -6.381758 3.879300 -0.019567 -0.753838 -0.462978 -0.466240 0.108704 0.639648 1 0 1.0
Default
0 -3.754359 2.250298 -0.818570 -0.054461 0.037213 -0.997822 0.108704 0.639648 1 0 1.0
0 -5.481112 3.090985 -0.692971 -0.054461 0.037213 -0.997822 0.108704 0.639648 1 0 1.0
0 -5.067517 3.696284 -0.692971 -0.054461 0.037213 -0.997822 0.108704 0.639648 1 0 1.0
Default
0 -3.491234 3.250261 -0.818570 -0.073942 0.019457 -0.997073 0.108704 0.639648 1 0 1.0
0 -3.754359 2.250298 -0.818570 -0.054461 0.037213 -0.997822 0.108704 0.639648 1 0 1.0
0 -5.067517 3.696284 -0.692971 -0.054461 0.037213 -0.997822 0.108704 0.639648 1 0 1.0
Default
0 -3.491234 3.250261 -0.818570 -0.073942 0.019457 -0.997073 0.108704 0.639648 1 0 1.0
0 -1.598799 2.415614 -1.009186 -0.089860 0.023645 -0.995674 0.108704 0.639648 1 0 1.0
0 -3.754359 2.250298 -0.818570 -0.054461 0.037213 -0.997822 0.108704 0.639648 1 0 1.0
Default
0 -1.598799 2.415614 -1.009186 -0.089860 0.023645 -0.995674 0.108704 0.639648 1 0 1.0
0 -1.738356 1.885252 -1.009186 -0.089860 0.023645 -0.995674 0.108704 0.639648 1 0 1.0
0 -3.754359 2.250298 -0.818570 -0.054461 0.037213 -0.997822 0.108704 0.639648 1 0 1.0
Default
0 -3.754359 2.250298 0.417850 -0.328477 -0.442179 0.834614 0.108704 0.639648 1 0 1.0
0 -5.481112 3.090985 0.183651 -0.328477 -0.442179 0.834614 0.108704 0.639648 1 0 1.0
0 -5.687910 2.788335 -0.058081 -0.328477 -0.442179 0.834614 0.108704 0.639648 1 0 1.0
Default
0 -3.885920 1.750315 0.076902 -0.332109 -0.470207 0.817685 0.108704 0.639648 1 0 1.0
0 -3.754359 2.250298 0.417850 -0.328477 -0.442179 0.834614 0.108704 0.639648 1 0 1.0
0 -5.687910 2.788335 -0.058081 -0.328477 -0.442179 0.834614 0.108704 0.639648 1 0 1.0
Default
0 -3.491234 3.250261 -0.818570 0.167987 0.767789 -0.618288 0.108704 0.639648 1 0 1.0
0 -5.067517 3.696284 -0.692971 0.167987 0.767789 -0.618288 0.108704 0.639648 1 0 1.0
0 -4.860719 4.011424 -0.245444 0.167987 0.767789 -0.618288 0.108704 0.639648 1 0 1.0
Default
0 -3.359674 3.762734 -0.110461 0.183039 0.779952 -0.598475 0.108704 0.639648 1 0 1.0
0 -3.491234 3.250261 -0.818570 0.167987 0.767789 -0.618288 0.108704 0.639648 1 0 1.0
0 -4.860719 4.011424 -0.245444 0.167987 0.767789 -0.618288 0.108704 0.639648 1 0 1.0
Default
0 -3.754359 2.250298 -0.818570 -0.407226 -0.770674 -0.490131 0.108704 0.639648 1 0 1.0
0 -3.885920 1.750315 0.076902 -0.407226 -0.770674 -0.490131 0.108704 0.639648 1 0 1.0
0 -5.687910 2.788335 -0.058081 -0.407226 -0.770674 -0.490131 0.108704 0.639648 1 0 1.0
Default
0 -5.481112 3.090985 -0.692971 -0.408653 -0.764997 -0.497777 0.108704 0.639648 1 0 1.0
0 -3.754359 2.250298 -0.818570 -0.407226 -0.770674 -0.490131 0.108704 0.639648 1 0 1.0
0 -5.687910 2.788335 -0.058081 -0.407226 -0.770674 -0.490131 0.108704 0.639648 1 0 1.0
Default
0 -1.808133 1.620070 -0.534243 -0.199859 -0.842715 -0.499889 0.108704 0.639648 1 0 1.0
0 -3.885920 1.750315 0.076902 -0.199859 -0.842715 -0.499889 0.108704 0.639648 1 0 1.0
0 -3.754359 2.250298 -0.818570 -0.199859 -0.842715 -0.499889 0.108704 0.639648 1 0 1.0
Default
0 -1.738356 1.885252 -1.009186 -0.199859 -0.842714 -0.499889 0.108704 0.639648 1 0 1.0
0 -1.808133 1.620070 -0.534243 -0.199859 -0.842715 -0.499889 0.108704 0.639648 1 0 1.0
0 -3.754359 2.250298 -0.818570 -0.199859 -0.842715 -0.499889 0.108704 0.639648 1 0 1.0
Default
0 -1.598799 2.415614 -0.353410 0.341626 -0.089894 0.935527 0.150513 0.617676 1 0 1.0
0 -3.491234 3.250261 0.417850 0.341626 -0.089894 0.935527 0.150513 0.617676 1 0 1.0
0 -3.754359 2.250298 0.417850 0.341626 -0.089894 0.935527 0.150513 0.617676 1 0 1.0
Default
0 -1.738356 1.885252 -0.353410 0.341626 -0.089894 0.935527 0.150513 0.617676 1 0 1.0
0 -1.598799 2.415614 -0.353410 0.341626 -0.089894 0.935527 0.150513 0.617676 1 0 1.0
0 -3.754359 2.250298 0.417850 0.341626 -0.089894 0.935527 0.150513 0.617676 1 0 1.0
Default
0 -1.738356 1.885252 -0.353410 0.194354 -0.587045 0.785878 0.108704 0.639648 1 0 1.0
0 -3.754359 2.250298 0.417850 0.194354 -0.587045 0.785878 0.108704 0.639648 1 0 1.0
0 -3.885920 1.750315 0.076902 0.194354 -0.587045 0.785878 0.108704 0.639648 1 0 1.0
Default
0 -1.808133 1.620070 -0.534243 0.194354 -0.587045 0.785878 0.108704 0.639648 1 0 1.0
0 -1.738356 1.885252 -0.353410 0.194354 -0.587045 0.785878 0.108704 0.639648 1 0 1.0
0 -3.885920 1.750315 0.076902 0.194354 -0.587045 0.785878 0.108704 0.639648 1 0 1.0
Default
0 -3.253744 0.408352 -0.946007 0.011057 -0.002479 -0.999936 0.104980 0.641113 1 0 1.0
0 -3.308296 0.165002 -0.946007 0.011057 -0.002479 -0.999936 0.104980 0.641113 1 0 1.0
0 -4.540276 0.600393 -0.960710 0.011057 -0.002479 -0.999936 0.104980 0.641113 1 0 1.0
Default
0 -4.480364 0.850393 -0.960710 0.011033 -0.002644 -0.999936 0.104980 0.641113 1 0 1.0
0 -3.253744 0.408352 -0.946007 0.011057 -0.002479 -0.999936 0.104980 0.641113 1 0 1.0
0 -4.540276 0.600393 -0.960710 0.011057 -0.002479 -0.999936 0.104980 0.641113 1 0 1.0
Default
0 -3.253744 0.408352 -0.647796 0.047535 -0.011392 0.998805 0.104980 0.641113 1 0 1.0
0 -4.480364 0.850393 -0.584376 0.047535 -0.011392 0.998805 0.104980 0.641113 1 0 1.0
0 -4.540276 0.600393 -0.584376 0.047535 -0.011392 0.998805 0.104980 0.641113 1 0 1.0
Default
0 -3.308296 0.165002 -0.647796 0.047642 -0.010680 0.998807 0.104980 0.641113 1 0 1.0
0 -3.253744 0.408352 -0.647796 0.047535 -0.011392 0.998805 0.104980 0.641113 1 0 1.0
0 -4.540276 0.600393 -0.584376 0.047535 -0.011392 0.998805 0.104980 0.641113 1 0 1.0
Default
0 -1.773166 0.263672 -0.968471 0.076939 0.864482 -0.496740 0.104980 0.641113 1 0 1.0
0 -1.800441 0.141996 -1.184448 0.076939 0.864482 -0.496740 0.104980 0.641113 1 0 1.0
0 -3.253744 0.408352 -0.946007 0.076939 0.864482 -0.496740 0.104980 0.641113 1 0 1.0
Default
0 -3.226469 0.530027 -0.730029 0.076939 0.864483 -0.496739 0.104980 0.641113 1 0 1.0
0 -1.773166 0.263672 -0.968471 0.076939 0.864482 -0.496740 0.104980 0.641113 1 0 1.0
0 -3.253744 0.408352 -0.946007 0.076939 0.864482 -0.496740 0.104980 0.641113 1 0 1.0
Default
0 -1.882270 -0.223029 -0.968471 -0.234782 -0.833920 -0.499454 0.104980 0.641113 1 0 1.0
0 -3.335571 0.043326 -0.730029 -0.234782 -0.833920 -0.499454 0.104980 0.641113 1 0 1.0
0 -3.308296 0.165002 -0.946007 -0.234782 -0.833920 -0.499454 0.104980 0.641113 1 0 1.0
Default
0 -1.854994 -0.101354 -1.184448 -0.234782 -0.833919 -0.499456 0.104980 0.641113 1 0 1.0
0 -1.882270 -0.223029 -0.968471 -0.234782 -0.833920 -0.499454 0.104980 0.641113 1 0 1.0
0 -3.308296 0.165002 -0.946007 -0.234782 -0.833920 -0.499454 0.104980 0.641113 1 0 1.0
Default
0 -1.854994 -0.101354 -0.886238 0.155578 -0.034876 0.987208 0.104980 0.641113 1 0 1.0
0 -1.800441 0.141996 -0.886238 0.155578 -0.034876 0.987208 0.104980 0.641113 1 0 1.0
0 -3.253744 0.408352 -0.647796 0.155578 -0.034876 0.987208 0.104980 0.641113 1 0 1.0
Default
0 -3.308296 0.165002 -0.647796 0.155578 -0.034876 0.987208 0.104980 0.641113 1 0 1.0
0 -1.854994 -0.101354 -0.886238 0.155578 -0.034876 0.987208 0.104980 0.641113 1 0 1.0
0 -3.253744 0.408352 -0.647796 0.155578 -0.034876 0.987208 0.104980 0.641113 1 0 1.0
Default
0 -1.854994 -0.101354 -1.184448 -0.155578 0.034876 -0.987208 0.104980 0.641113 1 0 1.0
0 -3.308296 0.165002 -0.946007 -0.155578 0.034876 -0.987208 0.104980 0.641113 1 0 1.0
0 -3.253744 0.408352 -0.946007 -0.155578 0.034876 -0.987208 0.104980 0.641113 1 0 1.0
Default
0 -1.800441 0.141996 -1.184448 -0.155577 0.034876 -0.987208 0.104980 0.641113 1 0 1.0
0 -1.854994 -0.101354 -1.184448 -0.155578 0.034876 -0.987208 0.104980 0.641113 1 0 1.0
0 -3.253744 0.408352 -0.946007 -0.155578 0.034876 -0.987208 0.104980 0.641113 1 0 1.0
Default
0 -1.854994 -0.101354 -0.886238 0.031851 -0.564557 0.824779 0.104980 0.641113 1 0 1.0
0 -3.308296 0.165002 -0.647796 0.031851 -0.564557 0.824779 0.104980 0.641113 1 0 1.0
0 -3.335571 0.043326 -0.730029 0.031851 -0.564557 0.824779 0.104980 0.641113 1 0 1.0
Default
0 -1.882270 -0.223029 -0.968471 0.031851 -0.564558 0.824779 0.104980 0.641113 1 0 1.0
0 -1.854994 -0.101354 -0.886238 0.031851 -0.564557 0.824779 0.104980 0.641113 1 0 1.0
0 -3.335571 0.043326 -0.730029 0.031851 -0.564557 0.824779 0.104980 0.641113 1 0 1.0
Default
0 -1.800441 0.141996 -0.886238 0.229420 0.509189 0.829513 0.104980 0.641113 1 0 1.0
0 -1.773166 0.263672 -0.968471 0.229420 0.509189 0.829513 0.104980 0.641113 1 0 1.0
0 -3.226469 0.530027 -0.730029 0.229420 0.509189 0.829513 0.104980 0.641113 1 0 1.0
Default
0 -3.253744 0.408352 -0.647796 0.226687 0.509982 0.829778 0.104980 0.641113 1 0 1.0
0 -1.800441 0.141996 -0.886238 0.229420 0.509189 0.829513 0.104980 0.641113 1 0 1.0
0 -3.226469 0.530027 -0.730029 0.229420 0.509189 0.829513 0.104980 0.641113 1 0 1.0
Default
0 -3.253744 0.408352 -0.647796 0.226687 0.509982 0.829778 0.104980 0.641113 1 0 1.0
0 -3.226469 0.530027 -0.730029 0.229420 0.509189 0.829513 0.104980 0.641113 1 0 1.0
0 -4.480364 0.850393 -0.584376 0.226687 0.509982 0.829778 0.104980 0.641113 1 0 1.0
Default
0 -5.579606 0.827393 0.121930 -0.703076 0.243323 0.668191 0.104980 0.641113 1 0 1.0
0 -5.500132 0.679284 0.259483 -0.703076 0.243323 0.668191 0.104980 0.641113 1 0 1.0
0 -5.493976 0.704481 0.256785 -0.694334 0.203962 0.690144 0.104980 0.641113 1 0 1.0
Default
0 -5.500132 0.679284 0.259483 -0.703076 0.243323 0.668191 0.104980 0.641113 1 0 1.0
0 -5.371131 0.769325 0.361210 -0.667353 0.238583 0.705491 0.104980 0.641113 1 0 1.0
0 -5.493976 0.704481 0.256785 -0.694334 0.203962 0.690144 0.104980 0.641113 1 0 1.0
Default
0 -5.371131 0.769325 0.361210 -0.667353 0.238583 0.705491 0.104980 0.641113 1 0 1.0
0 -5.383111 0.786266 0.344152 -0.694334 0.203962 0.690144 0.104980 0.641113 1 0 1.0
0 -5.493976 0.704481 0.256785 -0.694334 0.203962 0.690144 0.104980 0.641113 1 0 1.0
Default
0 -5.383111 0.786266 0.344152 -0.694334 0.203962 0.690144 0.104980 0.641113 1 0 1.0
0 -5.371131 0.769325 0.361210 -0.667353 0.238583 0.705491 0.104980 0.641113 1 0 1.0
0 -5.317514 0.992732 0.336376 -0.667353 0.238583 0.705491 0.104980 0.641113 1 0 1.0
Default
0 -5.371131 0.769325 0.361210 -0.667353 0.238583 0.705491 0.104980 0.641113 1 0 1.0
0 -5.297595 1.000789 0.352494 -0.696789 0.251354 0.671793 0.104980 0.641113 1 0 1.0
0 -5.317514 0.992732 0.336376 -0.667353 0.238583 0.705491 0.104980 0.641113 1 0 1.0
Default
0 -5.317514 0.992732 0.336376 -0.667353 0.238583 0.705491 0.104980 0.641113 1 0 1.0
0 -5.297595 1.000789 0.352494 -0.696789 0.251354 0.671793 0.104980 0.641113 1 0 1.0
0 -5.362615 1.117959 0.241215 -0.696789 0.251354 0.671793 0.104980 0.641113 1 0 1.0
Default
0 -5.297595 1.000789 0.352494 -0.696789 0.251354 0.671793 0.104980 0.641113 1 0 1.0
0 -5.353060 1.142210 0.242052 -0.696789 0.251354 0.671793 0.104980 0.641113 1 0 1.0
0 -5.362615 1.117959 0.241215 -0.696789 0.251354 0.671793 0.104980 0.641113 1 0 1.0
Default
0 -5.353060 1.142210 0.242052 -0.696789 0.251354 0.671793 0.104980 0.641113 1 0 1.0
0 -5.506070 1.058856 0.113214 -0.700056 0.252751 0.667862 0.104980 0.641113 1 0 1.0
0 -5.362615 1.117959 0.241215 -0.696789 0.251354 0.671793 0.104980 0.641113 1 0 1.0
Default
0 -5.871120 1.338867 0.387250 -0.920257 0.391046 0.014467 0.104980 0.641113 1 0 1.0
0 -5.887712 1.299969 0.383214 -0.920257 0.391046 0.014467 0.104980 0.641113 1 0 1.0
0 -5.911982 1.238882 0.490572 -0.920257 0.391046 0.014467 0.104980 0.641113 1 0 1.0
Default
0 -6.036776 0.945179 0.490806 -0.920280 0.390993 0.014443 0.104980 0.641113 1 0 1.0
0 -6.044616 0.925316 0.528995 -0.920280 0.390993 0.014443 0.104980 0.641113 1 0 1.0
0 -5.911982 1.238882 0.490572 -0.920257 0.391046 0.014467 0.104980 0.641113 1 0 1.0
Default
0 -6.080439 0.846220 0.387643 -0.920280 0.390993 0.014443 0.104980 0.641113 1 0 1.0
0 -6.044616 0.925316 0.528995 -0.920280 0.390993 0.014443 0.104980 0.641113 1 0 1.0
0 -6.036776 0.945179 0.490806 -0.920280 0.390993 0.014443 0.104980 0.641113 1 0 1.0
Default
0 -6.063958 0.885159 0.383545 -0.920270 0.391017 0.014443 0.104980 0.641113 1 0 1.0
0 -6.080439 0.846220 0.387643 -0.920280 0.390993 0.014443 0.104980 0.641113 1 0 1.0
0 -6.036776 0.945179 0.490806 -0.920280 0.390993 0.014443 0.104980 0.641113 1 0 1.0
Default
0 -6.080439 0.846220 0.387643 -0.920280 0.390993 0.014443 0.104980 0.641113 1 0 1.0
0 -6.063958 0.885159 0.383545 -0.920270 0.391017 0.014443 0.104980 0.641113 1 0 1.0
0 -6.045499 0.933736 0.244511 -0.920270 0.391017 0.014443 0.104980 0.641113 1 0 1.0
Default
0 -6.056371 0.909559 0.206358 -0.920266 0.391025 0.014457 0.104980 0.641113 1 0 1.0
0 -6.080439 0.846220 0.387643 -0.920280 0.390993 0.014443 0.104980 0.641113 1 0 1.0
0 -6.045499 0.933736 0.244511 -0.920270 0.391017 0.014443 0.104980 0.641113 1 0 1.0
Default
0 -5.900109 1.277330 0.206065 -0.920266 0.391025 0.014457 0.104980 0.641113 1 0 1.0
0 -6.056371 0.909559 0.206358 -0.920266 0.391025 0.014457 0.104980 0.641113 1 0 1.0
0 -6.045499 0.933736 0.244511 -0.920270 0.391017 0.014443 0.104980 0.641113 1 0 1.0
Default
0 -5.871120 1.338867 0.387250 -0.920257 0.391046 0.014467 0.104980 0.641113 1 0 1.0
0 -5.900109 1.277330 0.206065 -0.920266 0.391025 0.014457 0.104980 0.641113 1 0 1.0
0 -5.909943 1.252774 0.244257 -0.920276 0.391002 0.014441 0.104980 0.641113 1 0 1.0
Default
0 -5.909943 1.252774 0.244257 -0.920276 0.391002 0.014441 0.104980 0.641113 1 0 1.0
0 -5.900109 1.277330 0.206065 -0.920266 0.391025 0.014457 0.104980 0.641113 1 0 1.0
0 -6.045499 0.933736 0.244511 -0.920270 0.391017 0.014443 0.104980 0.641113 1 0 1.0
Default
0 -6.926194 1.710329 -1.382797 0.627430 0.767778 -0.129800 0.104980 0.641113 1 0 1.0
0 -6.617590 1.677570 -0.084834 0.627430 0.767778 -0.129800 0.104980 0.641113 1 0 1.0
0 -6.534314 1.602902 -0.123962 0.627430 0.767778 -0.129800 0.104980 0.641113 1 0 1.0
Default
0 -6.886340 1.680081 -1.385310 0.595645 0.794590 -0.117618 0.104980 0.641113 1 0 1.0
0 -6.926194 1.710329 -1.382797 0.627430 0.767778 -0.129800 0.104980 0.641113 1 0 1.0
0 -6.534314 1.602902 -0.123962 0.627430 0.767778 -0.129800 0.104980 0.641113 1 0 1.0
Default
0 -6.972941 1.582743 -1.402288 0.040913 0.136112 -0.989848 0.104980 0.641113 1 0 1.0
0 -7.000992 1.612651 -1.399334 0.040913 0.136112 -0.989848 0.104980 0.641113 1 0 1.0
0 -6.922972 1.580102 -1.400586 0.040913 0.136112 -0.989848 0.104980 0.641113 1 0 1.0
Default
0 -6.922972 1.580102 -1.400586 0.040913 0.136112 -0.989848 0.104980 0.641113 1 0 1.0
0 -7.000992 1.612651 -1.399334 0.040913 0.136112 -0.989848 0.104980 0.641113 1 0 1.0
0 -6.886340 1.680081 -1.385310 0.040956 0.136225 -0.989831 0.104980 0.641113 1 0 1.0
Default
0 -6.972941 1.582743 -1.402288 -0.045354 -0.980725 -0.190058 0.104980 0.641113 1 0 1.0
0 -6.922972 1.580102 -1.400586 -0.045354 -0.980725 -0.190058 0.104980 0.641113 1 0 1.0
0 -6.642420 1.322516 -0.138357 -0.045354 -0.980725 -0.190058 0.104980 0.641113 1 0 1.0
Default
0 -6.755547 1.319760 -0.103201 -0.035937 -0.980639 -0.192501 0.104980 0.641113 1 0 1.0
0 -6.972941 1.582743 -1.402288 -0.045354 -0.980725 -0.190058 0.104980 0.641113 1 0 1.0
0 -6.642420 1.322516 -0.138357 -0.045354 -0.980725 -0.190058 0.104980 0.641113 1 0 1.0
Default
0 -6.966934 1.705608 -1.385131 -0.931699 0.313273 0.183842 0.104980 0.641113 1 0 1.0
0 -7.000992 1.612651 -1.399334 -0.931699 0.313273 0.183842 0.104980 0.641113 1 0 1.0
0 -6.812033 1.395856 -0.072266 -0.931699 0.313273 0.183842 0.104980 0.641113 1 0 1.0
Default
0 -6.711519 1.656548 -0.058880 -0.919321 0.344710 0.189798 0.104980 0.641113 1 0 1.0
0 -6.966934 1.705608 -1.385131 -0.931699 0.313273 0.183842 0.104980 0.641113 1 0 1.0
0 -6.812033 1.395856 -0.072266 -0.931699 0.313273 0.183842 0.104980 0.641113 1 0 1.0
Default
0 -6.886340 1.680081 -1.385310 0.902407 -0.333951 -0.272284 0.104980 0.641113 1 0 1.0
0 -6.534314 1.602902 -0.123962 0.902407 -0.333951 -0.272284 0.104980 0.641113 1 0 1.0
0 -6.642420 1.322516 -0.138357 0.902407 -0.333951 -0.272284 0.104980 0.641113 1 0 1.0
Default
0 -6.922972 1.580102 -1.400586 0.917892 -0.295915 -0.264404 0.104980 0.641113 1 0 1.0
0 -6.886340 1.680081 -1.385310 0.902407 -0.333951 -0.272284 0.104980 0.641113 1 0 1.0
0 -6.642420 1.322516 -0.138357 0.902407 -0.333951 -0.272284 0.104980 0.641113 1 0 1.0
Default
0 -5.230792 -0.949212 -0.752101 0.272376 -0.827433 0.491086 0.104980 0.641113 1 0 1.0
0 -5.469549 -0.873446 -0.492019 0.272376 -0.827433 0.491086 0.104980 0.641113 1 0 1.0
0 -5.601422 -0.989720 -0.614787 0.272376 -0.827433 0.491086 0.104980 0.641113 1 0 1.0
Default
0 -5.995921 -0.814595 -0.093925 0.276222 -0.828184 0.487660 0.104980 0.641113 1 0 1.0
0 -5.601422 -0.989720 -0.614787 0.272376 -0.827433 0.491086 0.104980 0.641113 1 0 1.0
0 -5.469549 -0.873446 -0.492019 0.272376 -0.827433 0.491086 0.104980 0.641113 1 0 1.0
Default
0 -5.260938 -1.081762 -0.861848 -0.503746 -0.759705 -0.411202 0.104980 0.641113 1 0 1.0
0 -5.601422 -0.989720 -0.614787 -0.503746 -0.759705 -0.411202 0.104980 0.641113 1 0 1.0
0 -5.634792 -0.875869 -0.784248 -0.503746 -0.759705 -0.411202 0.104980 0.641113 1 0 1.0
Default
0 -5.230792 -0.949212 -1.150090 -0.504221 -0.763366 -0.403774 0.104980 0.641113 1 0 1.0
0 -5.260938 -1.081762 -0.861848 -0.503746 -0.759705 -0.411202 0.104980 0.641113 1 0 1.0
0 -5.634792 -0.875869 -0.784248 -0.503746 -0.759705 -0.411202 0.104980 0.641113 1 0 1.0
Default
0 -3.511289 -1.088276 -0.785739 0.019205 -0.004368 0.999806 0.104980 0.641113 1 0 1.0
0 -5.170502 -0.684111 -0.752101 0.019205 -0.004368 0.999806 0.104980 0.641113 1 0 1.0
0 -5.230792 -0.949212 -0.752101 0.019205 -0.004368 0.999806 0.104980 0.641113 1 0 1.0
Default
0 -3.576729 -1.396911 -0.785739 0.053892 -0.011427 0.998481 0.104980 0.641113 1 0 1.0
0 -3.511289 -1.088276 -0.785739 0.019205 -0.004368 0.999806 0.104980 0.641113 1 0 1.0
0 -5.230792 -0.949212 -0.752101 0.019205 -0.004368 0.999806 0.104980 0.641113 1 0 1.0
Default
0 -1.494555 -1.403971 -0.898204 0.053892 -0.011427 0.998481 0.104980 0.641113 1 0 1.0
0 -3.511289 -1.088276 -0.785739 0.019205 -0.004368 0.999806 0.104980 0.641113 1 0 1.0
0 -3.576729 -1.396911 -0.785739 0.053892 -0.011427 0.998481 0.104980 0.641113 1 0 1.0
Default
0 -1.489233 -1.608890 -0.898204 0.053939 0.001401 0.998543 0.104980 0.641113 1 0 1.0
0 -1.494555 -1.403971 -0.898204 0.053892 -0.011427 0.998481 0.104980 0.641113 1 0 1.0
0 -3.576729 -1.396911 -0.785739 0.053892 -0.011427 0.998481 0.104980 0.641113 1 0 1.0
Default
0 -1.497215 -1.301512 -0.965796 0.139213 0.858567 -0.493440 0.104980 0.641113 1 0 1.0
0 -1.494555 -1.403971 -1.143320 0.139213 0.858567 -0.493440 0.104980 0.641113 1 0 1.0
0 -3.511289 -1.088276 -1.162996 0.139213 0.858567 -0.493440 0.104980 0.641113 1 0 1.0
Default
0 -3.478569 -0.933959 -0.889769 0.139433 0.854972 -0.499581 0.104980 0.641113 1 0 1.0
0 -1.497215 -1.301512 -0.965796 0.139213 0.858567 -0.493440 0.104980 0.641113 1 0 1.0
0 -3.511289 -1.088276 -1.162996 0.139213 0.858567 -0.493440 0.104980 0.641113 1 0 1.0
Default
0 -1.486573 -1.711349 -0.965796 -0.082946 -0.863435 -0.497595 0.104980 0.641113 1 0 1.0
0 -3.609449 -1.551227 -0.889769 -0.082946 -0.863435 -0.497595 0.104980 0.641113 1 0 1.0
0 -3.576729 -1.396910 -1.162996 -0.082946 -0.863435 -0.497595 0.104980 0.641113 1 0 1.0
Default
0 -1.489233 -1.608890 -1.143320 -0.083015 -0.863648 -0.497213 0.104980 0.641113 1 0 1.0
0 -1.486573 -1.711349 -0.965796 -0.082946 -0.863435 -0.497595 0.104980 0.641113 1 0 1.0
0 -3.576729 -1.396910 -1.162996 -0.082946 -0.863435 -0.497595 0.104980 0.641113 1 0 1.0
Default
0 -1.494555 -1.403971 -1.143320 0.009450 0.000245 -0.999955 0.104980 0.641113 1 0 1.0
0 -1.489233 -1.608890 -1.143320 0.009450 0.000245 -0.999955 0.104980 0.641113 1 0 1.0
0 -3.576729 -1.396910 -1.162996 -0.007379 0.001565 -0.999972 0.104980 0.641113 1 0 1.0
Default
0 -3.511289 -1.088276 -1.162996 -0.007379 0.001565 -0.999972 0.104980 0.641113 1 0 1.0
0 -1.494555 -1.403971 -1.143320 0.009450 0.000245 -0.999955 0.104980 0.641113 1 0 1.0
0 -3.576729 -1.396910 -1.162996 -0.007379 0.001565 -0.999972 0.104980 0.641113 1 0 1.0
Default
0 -3.511289 -1.088276 -1.162996 -0.007379 0.001565 -0.999972 0.104980 0.641113 1 0 1.0
0 -3.576729 -1.396910 -1.162996 -0.007379 0.001565 -0.999972 0.104980 0.641113 1 0 1.0
0 -5.230792 -0.949212 -1.150090 -0.007379 0.001565 -0.999972 0.104980 0.641113 1 0 1.0
Default
0 -5.170502 -0.684111 -1.150090 -0.007370 0.001677 -0.999972 0.104980 0.641113 1 0 1.0
0 -3.511289 -1.088276 -1.162996 -0.007379 0.001565 -0.999972 0.104980 0.641113 1 0 1.0
0 -5.230792 -0.949212 -1.150090 -0.007379 0.001565 -0.999972 0.104980 0.641113 1 0 1.0
Default
0 -1.489233 -1.608890 -0.898204 -0.011851 -0.557211 0.830286 0.104980 0.641113 1 0 1.0
0 -3.576729 -1.396911 -0.785739 -0.011851 -0.557211 0.830286 0.104980 0.641113 1 0 1.0
0 -3.609449 -1.551227 -0.889769 -0.011851 -0.557211 0.830286 0.104980 0.641113 1 0 1.0
Default
0 -1.486573 -1.711349 -0.965796 -0.011661 -0.550840 0.834529 0.104980 0.641113 1 0 1.0
0 -1.489233 -1.608890 -0.898204 -0.011851 -0.557211 0.830286 0.104980 0.641113 1 0 1.0
0 -3.609449 -1.551227 -0.889769 -0.011851 -0.557211 0.830286 0.104980 0.641113 1 0 1.0
Default
0 -6.064089 -0.670689 -0.224239 -0.699590 -0.649243 -0.298425 0.104980 0.641113 1 0 1.0
0 -5.634792 -0.875869 -0.784248 -0.699590 -0.649243 -0.298425 0.104980 0.641113 1 0 1.0
0 -5.601422 -0.989720 -0.614787 -0.699590 -0.649243 -0.298425 0.104980 0.641113 1 0 1.0
Default
0 -5.995921 -0.814595 -0.093925 -0.707034 -0.628491 -0.324193 0.104980 0.641113 1 0 1.0
0 -6.064089 -0.670689 -0.224239 -0.699590 -0.649243 -0.298425 0.104980 0.641113 1 0 1.0
0 -5.601422 -0.989720 -0.614787 -0.699590 -0.649243 -0.298425 0.104980 0.641113 1 0 1.0
Default
0 -6.199360 -0.264423 0.008830 -0.915924 0.401091 0.014450 0.104980 0.641113 1 0 1.0
0 -6.213347 -0.296245 0.005512 -0.915924 0.401091 0.014450 0.104980 0.641113 1 0 1.0
0 -6.233845 -0.346233 0.093756 -0.915924 0.401091 0.014450 0.104980 0.641113 1 0 1.0
Default
0 -6.339065 -0.586503 0.093948 -0.915948 0.401037 0.014454 0.104980 0.641113 1 0 1.0
0 -6.345687 -0.602758 0.125337 -0.915948 0.401037 0.014454 0.104980 0.641113 1 0 1.0
0 -6.233845 -0.346233 0.093756 -0.915924 0.401091 0.014450 0.104980 0.641113 1 0 1.0
Default
0 -6.375843 -0.667444 0.009153 -0.915948 0.401037 0.014454 0.104980 0.641113 1 0 1.0
0 -6.345687 -0.602758 0.125337 -0.915948 0.401037 0.014454 0.104980 0.641113 1 0 1.0
0 -6.339065 -0.586503 0.093948 -0.915948 0.401037 0.014454 0.104980 0.641113 1 0 1.0
Default
0 -6.361946 -0.635588 0.005784 -0.915929 0.401081 0.014433 0.104980 0.641113 1 0 1.0
0 -6.375843 -0.667444 0.009153 -0.915948 0.401037 0.014454 0.104980 0.641113 1 0 1.0
0 -6.339065 -0.586503 0.093948 -0.915948 0.401037 0.014454 0.104980 0.641113 1 0 1.0
Default
0 -6.375843 -0.667444 0.009153 -0.915948 0.401037 0.014454 0.104980 0.641113 1 0 1.0
0 -6.361946 -0.635588 0.005784 -0.915929 0.401081 0.014433 0.104980 0.641113 1 0 1.0
0 -6.346337 -0.595829 -0.108495 -0.915929 0.401081 0.014433 0.104980 0.641113 1 0 1.0
Default
0 -6.355491 -0.615602 -0.139856 -0.915920 0.401101 0.014439 0.104980 0.641113 1 0 1.0
0 -6.375843 -0.667444 0.009153 -0.915948 0.401037 0.014454 0.104980 0.641113 1 0 1.0
0 -6.346337 -0.595829 -0.108495 -0.915929 0.401081 0.014433 0.104980 0.641113 1 0 1.0
Default
0 -6.223740 -0.314740 -0.140097 -0.915920 0.401101 0.014439 0.104980 0.641113 1 0 1.0
0 -6.355491 -0.615602 -0.139856 -0.915920 0.401101 0.014439 0.104980 0.641113 1 0 1.0
0 -6.346337 -0.595829 -0.108495 -0.915929 0.401081 0.014433 0.104980 0.641113 1 0 1.0
Default
0 -6.199360 -0.264423 0.008830 -0.915924 0.401091 0.014450 0.104980 0.641113 1 0 1.0
0 -6.223740 -0.314740 -0.140097 -0.915920 0.401101 0.014439 0.104980 0.641113 1 0 1.0
0 -6.232044 -0.334834 -0.108704 -0.915940 0.401054 0.014437 0.104980 0.641113 1 0 1.0
Default
0 -6.232044 -0.334834 -0.108704 -0.915940 0.401054 0.014437 0.104980 0.641113 1 0 1.0
0 -6.223740 -0.314740 -0.140097 -0.915920 0.401101 0.014439 0.104980 0.641113 1 0 1.0
0 -6.346337 -0.595829 -0.108495 -0.915929 0.401081 0.014433 0.104980 0.641113 1 0 1.0
Default
0 -6.930272 -0.074532 -1.446070 0.633813 0.761553 -0.135344 0.104980 0.641113 1 0 1.0
0 -6.674603 -0.097634 -0.378765 0.633813 0.761553 -0.135344 0.104980 0.641113 1 0 1.0
0 -6.603820 -0.162515 -0.412355 0.633813 0.761553 -0.135344 0.104980 0.641113 1 0 1.0
Default
0 -6.897789 -0.099752 -1.448136 0.603649 0.787611 -0.123597 0.104980 0.641113 1 0 1.0
0 -6.930272 -0.074532 -1.446070 0.633813 0.761553 -0.135344 0.104980 0.641113 1 0 1.0
0 -6.603820 -0.162515 -0.412355 0.633813 0.761553 -0.135344 0.104980 0.641113 1 0 1.0
Default
0 -6.765601 -0.101926 -0.351033 -0.010502 0.871088 0.491014 0.104980 0.641113 1 0 1.0
0 -6.233845 -0.346233 0.093756 -0.010502 0.871088 0.491014 0.104980 0.641113 1 0 1.0
0 -6.213347 -0.296245 0.005512 -0.010502 0.871088 0.491014 0.104980 0.641113 1 0 1.0
Default
0 -6.669846 -0.081596 -0.377428 -0.037078 0.852207 0.521889 0.104980 0.641113 1 0 1.0
0 -6.765601 -0.101926 -0.351033 -0.010502 0.871088 0.491014 0.104980 0.641113 1 0 1.0
0 -6.213347 -0.296245 0.005512 -0.010502 0.871088 0.491014 0.104980 0.641113 1 0 1.0
Default
0 -6.969844 -0.178974 -1.462090 0.042394 0.135656 -0.989849 0.104980 0.641113 1 0 1.0
0 -6.992630 -0.154139 -1.459663 0.042394 0.135656 -0.989849 0.104980 0.641113 1 0 1.0
0 -6.928799 -0.181595 -1.460692 0.042394 0.135656 -0.989849 0.104980 0.641113 1 0 1.0
Default
0 -6.928799 -0.181595 -1.460692 0.042394 0.135656 -0.989849 0.104980 0.641113 1 0 1.0
0 -6.992630 -0.154139 -1.459663 0.042394 0.135656 -0.989849 0.104980 0.641113 1 0 1.0
0 -6.897789 -0.099752 -1.448136 0.042448 0.135773 -0.989830 0.104980 0.641113 1 0 1.0
Default
0 -6.969844 -0.178974 -1.462090 -0.055834 -0.978996 -0.196086 0.104980 0.641113 1 0 1.0
0 -6.928799 -0.181595 -1.460692 -0.055834 -0.978996 -0.196086 0.104980 0.641113 1 0 1.0
0 -6.699262 -0.402184 -0.424712 -0.055834 -0.978996 -0.196086 0.104980 0.641113 1 0 1.0
Default
0 -6.796398 -0.403484 -0.394533 -0.048425 -0.979002 -0.198017 0.104980 0.641113 1 0 1.0
0 -6.969844 -0.178974 -1.462090 -0.055834 -0.978996 -0.196086 0.104980 0.641113 1 0 1.0
0 -6.699262 -0.402184 -0.424712 -0.055834 -0.978996 -0.196086 0.104980 0.641113 1 0 1.0
Default
0 -6.963796 -0.078045 -1.447988 -0.928588 0.324115 0.180757 0.104980 0.641113 1 0 1.0
0 -6.992630 -0.154139 -1.459663 -0.928588 0.324115 0.180757 0.104980 0.641113 1 0 1.0
0 -6.844171 -0.337629 -0.367975 -0.928588 0.324115 0.180757 0.104980 0.641113 1 0 1.0
Default
0 -6.755431 -0.114796 -0.356485 -0.915959 0.355135 0.186812 0.104980 0.641113 1 0 1.0
0 -6.963796 -0.078045 -1.447988 -0.928588 0.324115 0.180757 0.104980 0.641113 1 0 1.0
0 -6.844171 -0.337629 -0.367975 -0.928588 0.324115 0.180757 0.104980 0.641113 1 0 1.0
Default
0 -6.897789 -0.099752 -1.448136 0.897856 -0.343342 -0.275629 0.104980 0.641113 1 0 1.0
0 -6.603820 -0.162515 -0.412355 0.897856 -0.343342 -0.275629 0.104980 0.641113 1 0 1.0
0 -6.699262 -0.402184 -0.424712 0.897856 -0.343342 -0.275629 0.104980 0.641113 1 0 1.0
Default
0 -6.928799 -0.181595 -1.460692 0.913934 -0.305243 -0.267493 0.104980 0.641113 1 0 1.0
0 -6.897789 -0.099752 -1.448136 0.897856 -0.343342 -0.275629 0.104980 0.641113 1 0 1.0
0 -6.699262 -0.402184 -0.424712 0.897856 -0.343342 -0.275629 0.104980 0.641113 1 0 1.0
Default
0 -4.064815 -3.403533 -0.896495 0.398760 -0.814761 -0.420898 0.104980 0.641113 1 0 1.0
0 -4.567668 -3.795909 -0.613352 0.398760 -0.814761 -0.420898 0.104980 0.641113 1 0 1.0
0 -4.710489 -3.756481 -0.824982 0.398760 -0.814761 -0.420898 0.104980 0.641113 1 0 1.0
Default
0 -4.159617 -3.282042 -1.223259 0.399336 -0.815437 -0.419038 0.104980 0.641113 1 0 1.0
0 -4.064815 -3.403533 -0.896495 0.398760 -0.814761 -0.420898 0.104980 0.641113 1 0 1.0
0 -4.710489 -3.756481 -0.824982 0.398760 -0.814761 -0.420898 0.104980 0.641113 1 0 1.0
Default
0 -1.271997 -1.995655 -1.189127 -0.315831 0.807371 -0.498400 0.104980 0.641113 1 0 1.0
0 -1.244623 -2.090644 -1.360347 -0.315831 0.807371 -0.498400 0.104980 0.641113 1 0 1.0
0 -2.782339 -2.627081 -1.254903 -0.315831 0.807371 -0.498400 0.104980 0.641113 1 0 1.0
Default
0 -2.813345 -2.519489 -1.060965 -0.315831 0.807372 -0.498399 0.104980 0.641113 1 0 1.0
0 -1.271997 -1.995655 -1.189127 -0.315831 0.807371 -0.498400 0.104980 0.641113 1 0 1.0
0 -2.782339 -2.627081 -1.254903 -0.315831 0.807371 -0.498400 0.104980 0.641113 1 0 1.0
Default
0 -1.162500 -2.375609 -1.189127 0.267845 -0.823694 -0.499788 0.104980 0.641113 1 0 1.0
0 -2.689320 -2.949857 -1.060965 0.267845 -0.823694 -0.499788 0.104980 0.641113 1 0 1.0
0 -2.720326 -2.842265 -1.254903 0.267845 -0.823694 -0.499788 0.104980 0.641113 1 0 1.0
Default
0 -1.189875 -2.280621 -1.360347 0.267845 -0.823696 -0.499784 0.104980 0.641113 1 0 1.0
0 -1.162500 -2.375609 -1.189127 0.267845 -0.823694 -0.499788 0.104980 0.641113 1 0 1.0
0 -2.720326 -2.842265 -1.254903 0.267845 -0.823694 -0.499788 0.104980 0.641113 1 0 1.0
Default
0 -1.189875 -2.280621 -1.123935 0.080559 0.023215 0.996479 0.104980 0.641113 1 0 1.0
0 -1.244623 -2.090644 -1.123935 0.080559 0.023215 0.996479 0.104980 0.641113 1 0 1.0
0 -2.782339 -2.627081 -0.987123 0.080559 0.023215 0.996479 0.104980 0.641113 1 0 1.0
Default
0 -2.720327 -2.842265 -0.987123 0.080559 0.023215 0.996479 0.104980 0.641113 1 0 1.0
0 -1.189875 -2.280621 -1.123935 0.080559 0.023215 0.996479 0.104980 0.641113 1 0 1.0
0 -2.782339 -2.627081 -0.987123 0.080559 0.023215 0.996479 0.104980 0.641113 1 0 1.0
Default
0 -1.162500 -2.375609 -1.189127 0.256106 -0.495734 0.829854 0.104980 0.641113 1 0 1.0
0 -1.189875 -2.280621 -1.123935 0.256106 -0.495734 0.829854 0.104980 0.641113 1 0 1.0
0 -2.720327 -2.842265 -0.987123 0.256106 -0.495734 0.829854 0.104980 0.641113 1 0 1.0
Default
0 -2.689320 -2.949857 -1.060965 0.261973 -0.493639 0.829271 0.104980 0.641113 1 0 1.0
0 -1.162500 -2.375609 -1.189127 0.256106 -0.495734 0.829854 0.104980 0.641113 1 0 1.0
0 -2.720327 -2.842265 -0.987123 0.256106 -0.495734 0.829854 0.104980 0.641113 1 0 1.0
Default
0 -2.689320 -2.949857 -1.060965 0.261973 -0.493639 0.829271 0.104980 0.641113 1 0 1.0
0 -2.720327 -2.842265 -0.987123 0.256106 -0.495734 0.829854 0.104980 0.641113 1 0 1.0
0 -4.064815 -3.403533 -0.896495 0.261973 -0.493639 0.829271 0.104980 0.641113 1 0 1.0
Default
0 -1.244623 -2.090644 -1.123935 -0.114034 0.539624 0.834147 0.104980 0.641113 1 0 1.0
0 -1.271997 -1.995655 -1.189127 -0.114034 0.539624 0.834147 0.104980 0.641113 1 0 1.0
0 -2.813345 -2.519489 -1.060965 -0.114034 0.539624 0.834147 0.104980 0.641113 1 0 1.0
Default
0 -2.782339 -2.627081 -0.987123 -0.114036 0.539625 0.834147 0.104980 0.641113 1 0 1.0
0 -1.244623 -2.090644 -1.123935 -0.114034 0.539624 0.834147 0.104980 0.641113 1 0 1.0
0 -2.813345 -2.519489 -1.060965 -0.114034 0.539624 0.834147 0.104980 0.641113 1 0 1.0
Default
0 -5.165584 -4.049127 -0.200263 0.187963 -0.934909 -0.301024 0.104980 0.641113 1 0 1.0
0 -4.710489 -3.756481 -0.824982 0.187963 -0.934909 -0.301024 0.104980 0.641113 1 0 1.0
0 -4.567668 -3.795909 -0.613352 0.187963 -0.934909 -0.301024 0.104980 0.641113 1 0 1.0
Default
0 -4.962174 -4.072022 -0.032749 0.166343 -0.929551 -0.329036 0.104980 0.641113 1 0 1.0
0 -5.165584 -4.049127 -0.200263 0.187963 -0.934909 -0.301024 0.104980 0.641113 1 0 1.0
0 -4.567668 -3.795909 -0.613352 0.187963 -0.934909 -0.301024 0.104980 0.641113 1 0 1.0
Default
0 -5.165584 -4.049127 -0.200263 -0.599798 -0.440171 0.668201 0.104980 0.641113 1 0 1.0
0 -4.962174 -4.072022 -0.032749 -0.599798 -0.440171 0.668201 0.104980 0.641113 1 0 1.0
0 -4.983161 -4.048412 -0.036035 -0.562496 -0.455319 0.690132 0.104980 0.641113 1 0 1.0
Default
0 -4.962174 -4.072022 -0.032749 -0.599798 -0.440171 0.668201 0.104980 0.641113 1 0 1.0
0 -4.963094 -3.880443 0.091135 -0.562496 -0.455319 0.690132 0.104980 0.641113 1 0 1.0
0 -4.983161 -4.048412 -0.036035 -0.562496 -0.455319 0.690132 0.104980 0.641113 1 0 1.0
Default
0 -4.963094 -3.880443 0.091135 -0.562496 -0.455319 0.690132 0.104980 0.641113 1 0 1.0
0 -4.988360 -3.880717 0.070361 -0.575625 -0.413431 0.705501 0.104980 0.641113 1 0 1.0
0 -4.983161 -4.048412 -0.036035 -0.562496 -0.455319 0.690132 0.104980 0.641113 1 0 1.0
Default
0 -4.963094 -3.880443 0.091135 -0.562496 -0.455319 0.690132 0.104980 0.641113 1 0 1.0
0 -5.144105 -3.646540 0.080520 -0.602870 -0.430413 0.671783 0.104980 0.641113 1 0 1.0
0 -4.988360 -3.880717 0.070361 -0.575625 -0.413431 0.705501 0.104980 0.641113 1 0 1.0
Default
0 -5.144105 -3.646540 0.080520 -0.602870 -0.430413 0.671783 0.104980 0.641113 1 0 1.0
0 -5.149822 -3.672075 0.060892 -0.575625 -0.413431 0.705501 0.104980 0.641113 1 0 1.0
0 -4.988360 -3.880717 0.070361 -0.575625 -0.413431 0.705501 0.104980 0.641113 1 0 1.0
Default
0 -5.149822 -3.672075 0.060892 -0.575625 -0.413431 0.705501 0.104980 0.641113 1 0 1.0
0 -5.144105 -3.646540 0.080520 -0.602870 -0.430413 0.671783 0.104980 0.641113 1 0 1.0
0 -5.306510 -3.630577 -0.054996 -0.602870 -0.430413 0.671783 0.104980 0.641113 1 0 1.0
Default
0 -5.144105 -3.646540 0.080520 -0.602870 -0.430413 0.671783 0.104980 0.641113 1 0 1.0
0 -5.324195 -3.604217 -0.053977 -0.602870 -0.430413 0.671783 0.104980 0.641113 1 0 1.0
0 -5.306510 -3.630577 -0.054996 -0.602870 -0.430413 0.671783 0.104980 0.641113 1 0 1.0
Default
0 -5.324195 -3.604217 -0.053977 -0.602870 -0.430413 0.671783 0.104980 0.641113 1 0 1.0
0 -5.346595 -3.815224 -0.210878 -0.605877 -0.432304 0.667852 0.104980 0.641113 1 0 1.0
0 -5.306510 -3.630577 -0.054996 -0.602870 -0.430413 0.671783 0.104980 0.641113 1 0 1.0
Default
0 -5.642414 -3.895928 0.080768 -0.823234 -0.567519 0.014418 0.104980 0.641113 1 0 1.0
0 -5.618554 -3.930639 0.076747 -0.823234 -0.567519 0.014418 0.104980 0.641113 1 0 1.0
0 -5.580134 -3.983650 0.183679 -0.823234 -0.567519 0.014418 0.104980 0.641113 1 0 1.0
Default
0 -5.399730 -4.245340 0.183911 -0.823217 -0.567543 0.014437 0.104980 0.641113 1 0 1.0
0 -5.387209 -4.262533 0.221948 -0.823217 -0.567543 0.014437 0.104980 0.641113 1 0 1.0
0 -5.580134 -3.983650 0.183679 -0.823234 -0.567519 0.014418 0.104980 0.641113 1 0 1.0
Default
0 -5.339807 -4.334870 0.081158 -0.823217 -0.567543 0.014437 0.104980 0.641113 1 0 1.0
0 -5.387209 -4.262533 0.221948 -0.823217 -0.567543 0.014437 0.104980 0.641113 1 0 1.0
0 -5.399730 -4.245340 0.183911 -0.823217 -0.567543 0.014437 0.104980 0.641113 1 0 1.0
Default
0 -5.363759 -4.300229 0.077076 -0.823244 -0.567504 0.014454 0.104980 0.641113 1 0 1.0
0 -5.339807 -4.334870 0.081158 -0.823217 -0.567543 0.014437 0.104980 0.641113 1 0 1.0
0 -5.399730 -4.245340 0.183911 -0.823217 -0.567543 0.014437 0.104980 0.641113 1 0 1.0
Default
0 -5.339807 -4.334870 0.081158 -0.823217 -0.567543 0.014437 0.104980 0.641113 1 0 1.0
0 -5.363759 -4.300229 0.077076 -0.823244 -0.567504 0.014454 0.104980 0.641113 1 0 1.0
0 -5.394762 -4.258782 -0.061404 -0.823244 -0.567504 0.014454 0.104980 0.641113 1 0 1.0
Default
0 -5.380231 -4.280827 -0.099407 -0.823233 -0.567520 0.014424 0.104980 0.641113 1 0 1.0
0 -5.339807 -4.334870 0.081158 -0.823217 -0.567543 0.014437 0.104980 0.641113 1 0 1.0
0 -5.394762 -4.258782 -0.061404 -0.823244 -0.567504 0.014454 0.104980 0.641113 1 0 1.0
Default
0 -5.380231 -4.280827 -0.099407 -0.823233 -0.567520 0.014424 0.104980 0.641113 1 0 1.0
0 -5.394762 -4.258782 -0.061404 -0.823244 -0.567504 0.014454 0.104980 0.641113 1 0 1.0
0 -5.590728 -3.974522 -0.061657 -0.823233 -0.567520 0.014424 0.104980 0.641113 1 0 1.0
Default
0 -5.642414 -3.895928 0.080768 -0.823234 -0.567519 0.014418 0.104980 0.641113 1 0 1.0
0 -5.606131 -3.953146 -0.099698 -0.823228 -0.567528 0.014423 0.104980 0.641113 1 0 1.0
0 -5.590728 -3.974522 -0.061657 -0.823233 -0.567520 0.014424 0.104980 0.641113 1 0 1.0
Default
0 -5.606131 -3.953146 -0.099698 -0.823228 -0.567528 0.014423 0.104980 0.641113 1 0 1.0
0 -5.380231 -4.280827 -0.099407 -0.823233 -0.567520 0.014424 0.104980 0.641113 1 0 1.0
0 -5.590728 -3.974522 -0.061657 -0.823233 -0.567520 0.014424 0.104980 0.641113 1 0 1.0
Default
0 -6.244151 -4.497253 -1.552707 -0.314091 0.939524 -0.136532 0.104980 0.641113 1 0 1.0
0 -6.072135 -4.265699 -0.355040 -0.314091 0.939524 -0.136532 0.104980 0.641113 1 0 1.0
0 -5.967483 -4.236239 -0.393073 -0.314091 0.939524 -0.136532 0.104980 0.641113 1 0 1.0
Default
0 -6.200906 -4.481165 -1.555024 -0.351826 0.927699 -0.124875 0.104980 0.641113 1 0 1.0
0 -6.244151 -4.497253 -1.552707 -0.314091 0.939524 -0.136532 0.104980 0.641113 1 0 1.0
0 -5.967483 -4.236239 -0.393073 -0.314091 0.939524 -0.136532 0.104980 0.641113 1 0 1.0
Default
0 -6.122250 -4.355855 -0.323641 -0.756084 0.436210 0.487911 0.104980 0.641113 1 0 1.0
0 -5.580134 -3.983650 0.183679 -0.756084 0.436210 0.487911 0.104980 0.641113 1 0 1.0
0 -5.618554 -3.930639 0.076747 -0.756084 0.436210 0.487911 0.104980 0.641113 1 0 1.0
Default
0 -6.084737 -4.251559 -0.353526 -0.754645 0.416657 0.506860 0.104980 0.641113 1 0 1.0
0 -6.122250 -4.355855 -0.323641 -0.756084 0.436210 0.487911 0.104980 0.641113 1 0 1.0
0 -5.618554 -3.930639 0.076747 -0.756084 0.436210 0.487911 0.104980 0.641113 1 0 1.0
Default
0 -6.167899 -4.596702 -1.570683 -0.093019 0.107489 -0.989845 0.104980 0.641113 1 0 1.0
0 -6.205052 -4.603767 -1.567959 -0.093019 0.107489 -0.989845 0.104980 0.641113 1 0 1.0
0 -6.141152 -4.559096 -1.569112 -0.093019 0.107489 -0.989845 0.104980 0.641113 1 0 1.0
Default
0 -6.141152 -4.559096 -1.569112 -0.093019 0.107489 -0.989845 0.104980 0.641113 1 0 1.0
0 -6.205052 -4.603767 -1.567959 -0.093019 0.107489 -0.989845 0.104980 0.641113 1 0 1.0
0 -6.200906 -4.481165 -1.555024 -0.093070 0.107573 -0.989831 0.104980 0.641113 1 0 1.0
Default
0 -6.167899 -4.596702 -1.570683 0.802751 -0.562699 -0.197383 0.104980 0.641113 1 0 1.0
0 -6.141152 -4.559096 -1.569112 0.802751 -0.562699 -0.197383 0.104980 0.641113 1 0 1.0
0 -5.793666 -4.470990 -0.407065 0.802751 -0.562699 -0.197383 0.104980 0.641113 1 0 1.0
Default
0 -5.850321 -4.565268 -0.372893 0.806411 -0.556796 -0.199196 0.104980 0.641113 1 0 1.0
0 -6.167899 -4.596702 -1.570683 0.802751 -0.562699 -0.197383 0.104980 0.641113 1 0 1.0
0 -5.793666 -4.470990 -0.407065 0.802751 -0.562699 -0.197383 0.104980 0.641113 1 0 1.0
Default
0 -6.260607 -4.531309 -1.554859 -0.764620 -0.618805 0.180100 0.104980 0.641113 1 0 1.0
0 -6.205052 -4.603767 -1.567959 -0.764620 -0.618805 0.180100 0.104980 0.641113 1 0 1.0
0 -5.942193 -4.571997 -0.342824 -0.764620 -0.618805 0.180100 0.104980 0.641113 1 0 1.0
Default
0 -6.103799 -4.353737 -0.329813 -0.784287 -0.591806 0.186172 0.104980 0.641113 1 0 1.0
0 -6.260607 -4.531309 -1.554859 -0.764620 -0.618805 0.180100 0.104980 0.641113 1 0 1.0
0 -5.942193 -4.571997 -0.342824 -0.764620 -0.618805 0.180100 0.104980 0.641113 1 0 1.0
Default
0 -6.200906 -4.481165 -1.555024 0.764428 0.582480 -0.276345 0.104980 0.641113 1 0 1.0
0 -5.967483 -4.236239 -0.393073 0.764428 0.582480 -0.276345 0.104980 0.641113 1 0 1.0
0 -5.793666 -4.470990 -0.407065 0.764428 0.582480 -0.276345 0.104980 0.641113 1 0 1.0
Default
0 -6.141152 -4.559096 -1.569112 0.740495 0.616248 -0.268153 0.104980 0.641113 1 0 1.0
0 -6.200906 -4.481165 -1.555024 0.764428 0.582480 -0.276345 0.104980 0.641113 1 0 1.0
0 -5.793666 -4.470990 -0.407065 0.764428 0.582480 -0.276345 0.104980 0.641113 1 0 1.0
Default
0 -0.000000 -9.716589 -0.760781 0.091144 -0.501225 0.860503 0.141357 0.608398 1 0 1.0
0 1.673137 -9.561717 -0.847790 0.091144 -0.501225 0.860503 0.141357 0.608398 1 0 1.0
0 1.265618 -8.888935 -0.412743 0.091144 -0.501225 0.860503 0.141357 0.608398 1 0 1.0
Default
0 -0.000000 -9.716589 -0.760781 0.091144 -0.501225 0.860503 0.141357 0.608398 1 0 1.0
0 -0.000000 -10.138030 -1.021356 0.092512 -0.523637 0.846904 0.141357 0.608398 1 0 1.0
0 1.673137 -9.561717 -0.847790 0.091144 -0.501225 0.860503 0.141357 0.608398 1 0 1.0
Default
0 3.253744 0.408352 -0.647796 -0.229418 0.509190 0.829514 0.104980 0.641113 1 0 1.0
0 4.480364 0.850393 -0.584376 -0.226686 0.509982 0.829778 0.104980 0.641113 1 0 1.0
0 3.226469 0.530027 -0.730029 -0.229418 0.509190 0.829514 0.104980 0.641113 1 0 1.0
Default
0 1.800441 0.141996 -0.886238 -0.229418 0.509190 0.829514 0.104980 0.641113 1 0 1.0
0 3.253744 0.408352 -0.647796 -0.229418 0.509190 0.829514 0.104980 0.641113 1 0 1.0
0 3.226469 0.530027 -0.730029 -0.229418 0.509190 0.829514 0.104980 0.641113 1 0 1.0
Default
0 1.773166 0.263672 -0.968471 -0.229420 0.509189 0.829513 0.104980 0.641113 1 0 1.0
0 1.800441 0.141996 -0.886238 -0.229418 0.509190 0.829514 0.104980 0.641113 1 0 1.0
0 3.226469 0.530027 -0.730029 -0.229418 0.509190 0.829514 0.104980 0.641113 1 0 1.0
Default
0 3.511289 -1.088276 -0.785739 -0.131247 0.534858 0.834686 0.104980 0.641113 1 0 1.0
0 5.170502 -0.684111 -0.752101 -0.146366 0.531433 0.834359 0.104980 0.641113 1 0 1.0
0 3.478569 -0.933959 -0.889769 -0.131247 0.534858 0.834686 0.104980 0.641113 1 0 1.0
Default
0 3.511289 -1.088276 -0.785739 -0.131247 0.534858 0.834686 0.104980 0.641113 1 0 1.0
0 3.478569 -0.933959 -0.889769 -0.131247 0.534858 0.834686 0.104980 0.641113 1 0 1.0
0 1.497215 -1.301512 -0.965796 -0.131247 0.534858 0.834686 0.104980 0.641113 1 0 1.0
Default
0 1.494555 -1.403971 -0.898204 -0.131875 0.548239 0.825859 0.104980 0.641113 1 0 1.0
0 3.511289 -1.088276 -0.785739 -0.131247 0.534858 0.834686 0.104980 0.641113 1 0 1.0
0 1.497215 -1.301512 -0.965796 -0.131247 0.534858 0.834686 0.104980 0.641113 1 0 1.0
Default
0 2.689320 -2.949857 -1.060965 -0.256107 -0.495732 0.829855 0.104980 0.641113 1 0 1.0
0 4.064815 -3.403533 -0.896495 -0.261973 -0.493639 0.829271 0.104980 0.641113 1 0 1.0
0 2.720327 -2.842265 -0.987123 -0.256107 -0.495732 0.829855 0.104980 0.641113 1 0 1.0
Default
0 1.162500 -2.375609 -1.189127 -0.256107 -0.495732 0.829855 0.104980 0.641113 1 0 1.0
0 2.689320 -2.949857 -1.060965 -0.256107 -0.495732 0.829855 0.104980 0.641113 1 0 1.0
0 2.720327 -2.842265 -0.987123 -0.256107 -0.495732 0.829855 0.104980 0.641113 1 0 1.0
Default
0 1.189875 -2.280621 -1.123935 -0.256106 -0.495734 0.829854 0.104980 0.641113 1 0 1.0
0 1.162500 -2.375609 -1.189127 -0.256107 -0.495732 0.829855 0.104980 0.641113 1 0 1.0
0 2.720327 -2.842265 -0.987123 -0.256107 -0.495732 0.829855 0.104980 0.641113 1 0 1.0
Default
0 -7.337594 6.393752 0.469220 -0.840845 -0.048671 -0.539083 0.108704 0.639648 1 0 1.0
0 -6.458562 6.196887 -0.884096 -0.840845 -0.048671 -0.539083 0.108704 0.639648 1 0 1.0
0 -7.058054 4.912643 0.166923 -0.840845 -0.048671 -0.539083 0.108704 0.639648 1 0 1.0
Default
0 -7.337594 6.393752 0.469220 -0.840845 -0.048671 -0.539083 0.108704 0.639648 1 0 1.0
0 -7.285503 7.430341 0.214818 -0.841160 -0.088655 -0.533470 0.108704 0.639648 1 0 1.0
0 -6.458562 6.196887 -0.884096 -0.840845 -0.048671 -0.539083 0.108704 0.639648 1 0 1.0
Default
0 -4.792492 0.971367 -0.307333 0.551845 0.786076 0.278480 0.104980 0.641113 1 0 1.0
0 -4.480364 0.850393 -0.584376 0.551845 0.786076 0.278480 0.104980 0.641113 1 0 1.0
0 -4.855307 1.082425 -0.496347 0.551845 0.786076 0.278480 0.104980 0.641113 1 0 1.0
Default
0 -4.855307 1.082425 -0.496347 0.551845 0.786076 0.278480 0.104980 0.641113 1 0 1.0
0 -5.353060 1.142210 0.242052 0.529164 0.796617 0.292210 0.104980 0.641113 1 0 1.0
0 -4.792492 0.971367 -0.307333 0.551845 0.786076 0.278480 0.104980 0.641113 1 0 1.0
Default
0 -6.723531 1.671408 -0.052530 -0.296424 0.162567 -0.941119 0.104980 0.641113 1 0 1.0
0 -6.612253 1.696312 -0.083277 -0.296424 0.162567 -0.941119 0.104980 0.641113 1 0 1.0
0 -6.711519 1.656548 -0.058880 -0.296424 0.162567 -0.941119 0.104980 0.641113 1 0 1.0
Default
0 -6.617590 1.677570 -0.084834 -0.296386 0.162590 -0.941127 0.104980 0.641113 1 0 1.0
0 -6.612253 1.696312 -0.083277 -0.296424 0.162567 -0.941119 0.104980 0.641113 1 0 1.0
0 -6.534314 1.602902 -0.123962 -0.296378 0.162596 -0.941128 0.104980 0.641113 1 0 1.0
Default
0 -6.812033 1.395856 -0.072266 -0.296458 0.162529 -0.941115 0.104980 0.641113 1 0 1.0
0 -6.831113 1.392380 -0.066856 -0.296458 0.162529 -0.941115 0.104980 0.641113 1 0 1.0
0 -6.711519 1.656548 -0.058880 -0.296424 0.162567 -0.941119 0.104980 0.641113 1 0 1.0
Default
0 -6.764195 1.302231 -0.103506 -0.296458 0.162529 -0.941115 0.104980 0.641113 1 0 1.0
0 -6.831113 1.392380 -0.066856 -0.296458 0.162529 -0.941115 0.104980 0.641113 1 0 1.0
0 -6.812033 1.395856 -0.072266 -0.296458 0.162529 -0.941115 0.104980 0.641113 1 0 1.0
Default
0 -6.755547 1.319760 -0.103201 -0.296424 0.162590 -0.941115 0.104980 0.641113 1 0 1.0
0 -6.764195 1.302231 -0.103506 -0.296458 0.162529 -0.941115 0.104980 0.641113 1 0 1.0
0 -6.812033 1.395856 -0.072266 -0.296458 0.162529 -0.941115 0.104980 0.641113 1 0 1.0
Default
0 -6.764195 1.302231 -0.103506 -0.296458 0.162529 -0.941115 0.104980 0.641113 1 0 1.0
0 -6.755547 1.319760 -0.103201 -0.296424 0.162590 -0.941115 0.104980 0.641113 1 0 1.0
0 -6.642420 1.322516 -0.138357 -0.296424 0.162590 -0.941115 0.104980 0.641113 1 0 1.0
Default
0 -6.631251 1.305469 -0.144819 -0.296378 0.162596 -0.941128 0.104980 0.641113 1 0 1.0
0 -6.642420 1.322516 -0.138357 -0.296424 0.162590 -0.941115 0.104980 0.641113 1 0 1.0
0 -6.534314 1.602902 -0.123962 -0.296378 0.162596 -0.941128 0.104980 0.641113 1 0 1.0
Default
0 -6.631251 1.305469 -0.144819 -0.296378 0.162596 -0.941128 0.104980 0.641113 1 0 1.0
0 -6.764195 1.302231 -0.103506 -0.296458 0.162529 -0.941115 0.104980 0.641113 1 0 1.0
0 -6.642420 1.322516 -0.138357 -0.296424 0.162590 -0.941115 0.104980 0.641113 1 0 1.0
Default
0 -3.511289 -1.088276 -0.785739 0.131247 0.534858 0.834686 0.104980 0.641113 1 0 1.0
0 -3.478569 -0.933959 -0.889769 0.131247 0.534858 0.834686 0.104980 0.641113 1 0 1.0
0 -5.170502 -0.684111 -0.752101 0.146367 0.531433 0.834359 0.104980 0.641113 1 0 1.0
Default
0 -1.497215 -1.301512 -0.965796 0.131247 0.534858 0.834686 0.104980 0.641113 1 0 1.0
0 -3.478569 -0.933959 -0.889769 0.131247 0.534858 0.834686 0.104980 0.641113 1 0 1.0
0 -3.511289 -1.088276 -0.785739 0.131247 0.534858 0.834686 0.104980 0.641113 1 0 1.0
Default
0 -1.494555 -1.403971 -0.898204 0.131875 0.548239 0.825859 0.104980 0.641113 1 0 1.0
0 -1.497215 -1.301512 -0.965796 0.131247 0.534858 0.834686 0.104980 0.641113 1 0 1.0
0 -3.511289 -1.088276 -0.785739 0.131247 0.534858 0.834686 0.104980 0.641113 1 0 1.0
Default
0 -4.349221 -3.039060 -1.223258 -0.016755 -0.013072 -0.999774 0.104980 0.641113 1 0 1.0
0 -2.782339 -2.627081 -1.254903 -0.020203 -0.005822 -0.999779 0.104980 0.641113 1 0 1.0
0 -4.159617 -3.282042 -1.223259 -0.020203 -0.005822 -0.999779 0.104980 0.641113 1 0 1.0
Default
0 -2.782339 -2.627081 -1.254903 -0.020203 -0.005822 -0.999779 0.104980 0.641113 1 0 1.0
0 -2.720326 -2.842265 -1.254903 -0.020203 -0.005822 -0.999779 0.104980 0.641113 1 0 1.0
0 -4.159617 -3.282042 -1.223259 -0.020203 -0.005822 -0.999779 0.104980 0.641113 1 0 1.0
Default
0 -1.189875 -2.280621 -1.360347 -0.062177 -0.017919 -0.997904 0.104980 0.641113 1 0 1.0
0 -2.720326 -2.842265 -1.254903 -0.020203 -0.005822 -0.999779 0.104980 0.641113 1 0 1.0
0 -2.782339 -2.627081 -1.254903 -0.020203 -0.005822 -0.999779 0.104980 0.641113 1 0 1.0
Default
0 -1.244623 -2.090644 -1.360347 -0.062178 -0.017918 -0.997904 0.104980 0.641113 1 0 1.0
0 -1.189875 -2.280621 -1.360347 -0.062177 -0.017919 -0.997904 0.104980 0.641113 1 0 1.0
0 -2.782339 -2.627081 -1.254903 -0.020203 -0.005822 -0.999779 0.104980 0.641113 1 0 1.0
Default
0 -6.122250 -4.355855 -0.323641 -0.296102 -0.163169 -0.941116 0.104980 0.641113 1 0 1.0
0 -6.084737 -4.251559 -0.353526 -0.296102 -0.163169 -0.941116 0.104980 0.641113 1 0 1.0
0 -6.103799 -4.353737 -0.329813 -0.296102 -0.163169 -0.941116 0.104980 0.641113 1 0 1.0
Default
0 -6.072135 -4.265699 -0.355040 -0.296086 -0.163142 -0.941126 0.104980 0.641113 1 0 1.0
0 -6.084737 -4.251559 -0.353526 -0.296102 -0.163169 -0.941116 0.104980 0.641113 1 0 1.0
0 -5.967483 -4.236239 -0.393073 -0.296090 -0.163146 -0.941124 0.104980 0.641113 1 0 1.0
Default
0 -5.942193 -4.571997 -0.342824 -0.296107 -0.163199 -0.941109 0.104980 0.641113 1 0 1.0
0 -5.949277 -4.589468 -0.337566 -0.296107 -0.163199 -0.941109 0.104980 0.641113 1 0 1.0
0 -6.103799 -4.353737 -0.329813 -0.296102 -0.163169 -0.941116 0.104980 0.641113 1 0 1.0
Default
0 -5.840440 -4.581497 -0.373189 -0.296107 -0.163199 -0.941109 0.104980 0.641113 1 0 1.0
0 -5.949277 -4.589468 -0.337566 -0.296107 -0.163199 -0.941109 0.104980 0.641113 1 0 1.0
0 -5.942193 -4.571997 -0.342824 -0.296107 -0.163199 -0.941109 0.104980 0.641113 1 0 1.0
Default
0 -5.850321 -4.565268 -0.372893 -0.296131 -0.163148 -0.941111 0.104980 0.641113 1 0 1.0
0 -5.840440 -4.581497 -0.373189 -0.296107 -0.163199 -0.941109 0.104980 0.641113 1 0 1.0
0 -5.942193 -4.571997 -0.342824 -0.296107 -0.163199 -0.941109 0.104980 0.641113 1 0 1.0
Default
0 -5.840440 -4.581497 -0.373189 -0.296107 -0.163199 -0.941109 0.104980 0.641113 1 0 1.0
0 -5.850321 -4.565268 -0.372893 -0.296131 -0.163148 -0.941111 0.104980 0.641113 1 0 1.0
0 -5.793666 -4.470990 -0.407065 -0.296131 -0.163148 -0.941111 0.104980 0.641113 1 0 1.0
Default
0 -5.773860 -4.470701 -0.413347 -0.296090 -0.163146 -0.941124 0.104980 0.641113 1 0 1.0
0 -5.793666 -4.470990 -0.407065 -0.296131 -0.163148 -0.941111 0.104980 0.641113 1 0 1.0
0 -5.967483 -4.236239 -0.393073 -0.296090 -0.163146 -0.941124 0.104980 0.641113 1 0 1.0
Default
0 -5.773860 -4.470701 -0.413347 -0.296090 -0.163146 -0.941124 0.104980 0.641113 1 0 1.0
0 -5.840440 -4.581497 -0.373189 -0.296107 -0.163199 -0.941109 0.104980 0.641113 1 0 1.0
0 -5.793666 -4.470990 -0.407065 -0.296131 -0.163148 -0.941111 0.104980 0.641113 1 0 1.0
end
