version 1
nodes
0 "root" -1
end
skeleton
time 0
0 0 0 0 0 0 0
end
triangles
Default
0 0.572989 -1.284911 9.649502 0.383467 -0.048269 0.922292 0.074707 0.946777 1 0 1.0
0 0.776558 -0.957842 9.581980 0.383467 -0.048269 0.922292 0.074707 0.946777 1 0 1.0
0 0.629909 -0.786609 9.651915 0.383467 -0.048269 0.922292 0.074707 0.946777 1 0 1.0
Default
0 4.842274 -12.430318 5.296590 0.796871 -0.500890 0.337796 0.074707 0.946777 1 0 1.0
0 5.596086 -11.231071 5.296590 0.796871 -0.500890 0.337796 0.074707 0.946777 1 0 1.0
0 5.390500 -11.145411 5.908592 0.796871 -0.500890 0.337796 0.074707 0.946777 1 0 1.0
Default
0 2.480583 -3.025173 8.278315 0.415480 0.882043 0.222209 0.074707 0.946777 1 0 1.0
0 3.212266 -3.176207 7.509752 0.415480 0.882043 0.222209 0.074707 0.946777 1 0 1.0
0 2.587659 -2.934824 7.719471 0.415480 0.882043 0.222209 0.074707 0.946777 1 0 1.0
Default
0 4.007623 -13.299407 5.450672 0.491553 -0.586244 -0.643967 0.074707 0.946777 1 0 1.0
0 4.842274 -12.430318 5.296590 0.491553 -0.586244 -0.643967 0.074707 0.946777 1 0 1.0
0 4.513261 -13.149880 5.700512 0.491553 -0.586244 -0.643967 0.074707 0.946777 1 0 1.0
Default
0 3.735747 -3.924552 6.226576 0.905274 0.241198 0.349717 0.074707 0.946777 1 0 1.0
0 3.866617 -3.900758 5.871395 0.905274 0.241198 0.349717 0.074707 0.946777 1 0 1.0
0 3.212266 -3.103293 7.015235 0.905274 0.241198 0.349717 0.074707 0.946777 1 0 1.0
Default
0 1.018361 -1.198823 9.379789 0.635645 -0.009851 0.771919 0.074707 0.946777 1 0 1.0
0 0.776558 -0.957842 9.581980 0.635645 -0.009851 0.771919 0.074707 0.946777 1 0 1.0
0 0.876755 -1.455766 9.493118 0.635645 -0.009851 0.771919 0.074707 0.946777 1 0 1.0
Default
0 4.327937 -4.153977 5.773267 0.388815 -0.511049 0.766584 0.074707 0.946777 1 0 1.0
0 3.735747 -3.924552 6.226576 0.388815 -0.511049 0.766584 0.074707 0.946777 1 0 1.0
0 3.797216 -4.892198 5.550310 0.388815 -0.511049 0.766584 0.074707 0.946777 1 0 1.0
Default
0 1.260044 -1.769314 8.988322 0.989265 -0.139965 0.042011 0.074707 0.946777 1 0 1.0
0 1.329788 -1.272818 9.000148 0.989265 -0.139965 0.042011 0.074707 0.946777 1 0 1.0
0 1.306386 -1.371572 9.222201 0.989265 -0.139965 0.042011 0.074707 0.946777 1 0 1.0
Default
0 4.705217 -6.399822 5.716496 0.796704 0.514744 0.316704 0.074707 0.946777 1 0 1.0
0 4.876538 -6.399822 5.285519 0.796704 0.514744 0.316704 0.074707 0.946777 1 0 1.0
0 3.797216 -4.892198 5.550310 0.796704 0.514744 0.316704 0.074707 0.946777 1 0 1.0
Default
0 3.658109 -5.794203 7.309159 0.800600 0.494564 0.338299 0.074707 0.946777 1 0 1.0
0 4.705217 -6.399822 5.716496 0.796704 0.514744 0.316704 0.074707 0.946777 1 0 1.0
0 3.713935 -4.939787 5.927961 0.800600 0.494564 0.338299 0.074707 0.946777 1 0 1.0
Default
0 1.712457 -1.609975 8.891135 -0.197199 0.853791 0.481824 0.074707 0.946777 1 0 1.0
0 1.716450 -1.525863 8.743724 -0.197199 0.853791 0.481824 0.074707 0.946777 1 0 1.0
0 1.260044 -1.769314 8.988322 -0.197199 0.853791 0.481824 0.074707 0.946777 1 0 1.0
Default
0 0.000000 -14.725145 5.296590 0.082196 -0.925536 0.369631 0.074707 0.946777 1 0 1.0
0 0.934174 -14.642182 5.296590 0.082196 -0.925536 0.369631 0.074707 0.946777 1 0 1.0
0 0.904357 -14.503035 5.651637 0.082196 -0.925536 0.369631 0.074707 0.946777 1 0 1.0
Default
0 5.575641 -6.849133 5.393441 0.420312 0.173937 0.890552 0.074707 0.946777 1 0 1.0
0 4.705217 -6.399822 5.716496 0.420312 0.173937 0.890552 0.074707 0.946777 1 0 1.0
0 5.750275 -7.804653 5.497646 0.420312 0.173937 0.890552 0.074707 0.946777 1 0 1.0
Default
0 2.105613 -1.304950 8.959090 0.169960 0.517922 -0.838374 0.074707 0.946777 1 0 1.0
0 1.944481 -1.736687 8.659711 0.169960 0.517922 -0.838374 0.074707 0.946777 1 0 1.0
0 1.716450 -1.525863 8.743724 0.169960 0.517922 -0.838374 0.074707 0.946777 1 0 1.0
Default
0 0.000000 -1.098172 9.716423 -0.350755 0.065394 0.934181 0.074707 0.946777 1 0 1.0
0 0.565608 -0.428136 9.881888 -0.350755 0.065394 0.934181 0.074707 0.946777 1 0 1.0
0 0.000000 -0.755155 9.692412 -0.350755 0.065394 0.934181 0.074707 0.946777 1 0 1.0
Default
0 5.681746 -9.723447 5.908592 0.962718 0.023335 0.269499 0.074707 0.946777 1 0 1.0
0 5.853067 -9.723447 5.296590 0.962718 0.023335 0.269499 0.074707 0.946777 1 0 1.0
0 5.750275 -7.804653 5.497646 0.962718 0.023335 0.269499 0.074707 0.946777 1 0 1.0
Default
0 2.386685 -1.833300 8.755190 0.268450 0.906407 -0.326130 0.074707 0.946777 1 0 1.0
0 2.427737 -2.020590 8.268451 0.268450 0.906407 -0.326130 0.074707 0.946777 1 0 1.0
0 1.944481 -1.736687 8.659711 0.268450 0.906407 -0.326130 0.074707 0.946777 1 0 1.0
Default
0 5.390500 -11.145411 5.908592 0.929079 -0.158366 0.334265 0.074707 0.946777 1 0 1.0
0 5.596086 -11.231071 5.296590 0.929079 -0.158366 0.334265 0.074707 0.946777 1 0 1.0
0 5.853067 -9.723447 5.296590 0.929079 -0.158366 0.334265 0.074707 0.946777 1 0 1.0
Default
0 2.480583 -3.025173 8.278315 0.979100 0.053433 0.196236 0.074707 0.946777 1 0 1.0
0 2.587659 -2.934824 7.719471 0.979100 0.053433 0.196236 0.074707 0.946777 1 0 1.0
0 2.427737 -2.020590 8.268451 0.979100 0.053433 0.196236 0.074707 0.946777 1 0 1.0
Default
0 1.018361 -1.198823 9.379789 0.518704 0.089165 0.850292 0.074707 0.946777 1 0 1.0
0 0.876755 -1.455766 9.493118 0.518704 0.089165 0.850292 0.074707 0.946777 1 0 1.0
0 1.306386 -1.371572 9.222201 0.518704 0.089165 0.850292 0.074707 0.946777 1 0 1.0
Default
0 3.531842 -5.020439 4.856944 0.785962 0.557621 -0.267065 0.081177 0.232788 1 0 1.0
0 3.598593 -4.945894 5.209034 0.785962 0.557621 -0.267065 0.081177 0.232788 1 0 1.0
0 4.674621 -6.534685 5.058414 0.785962 0.557621 -0.267065 0.081177 0.232788 1 0 1.0
Default
0 0.461261 -0.664889 9.514813 -0.065827 0.807923 -0.585600 0.074707 0.946777 1 0 1.0
0 0.366980 -0.714417 9.457079 -0.065827 0.807923 -0.585600 0.074707 0.946777 1 0 1.0
0 0.404624 -0.589314 9.621564 -0.055489 0.800793 -0.596365 0.074707 0.946777 1 0 1.0
Default
0 0.629909 -0.786609 9.651915 0.489604 0.857344 0.158900 0.074707 0.946777 1 0 1.0
0 0.655800 -0.743739 9.340831 0.489604 0.857344 0.158900 0.074707 0.946777 1 0 1.0
0 0.461261 -0.664889 9.514813 0.489604 0.857344 0.158900 0.074707 0.946777 1 0 1.0
Default
0 1.367303 -1.009399 8.831119 0.967005 -0.220068 -0.128338 0.074707 0.946777 1 0 1.0
0 1.329788 -1.272818 9.000148 0.967005 -0.220068 -0.128338 0.074707 0.946777 1 0 1.0
0 1.230057 -1.511371 8.657750 0.967005 -0.220068 -0.128338 0.074707 0.946777 1 0 1.0
Default
0 1.716450 -1.525863 8.743724 0.048489 0.993083 -0.106931 0.074707 0.946777 1 0 1.0
0 1.691935 -1.583089 8.201140 0.048489 0.993083 -0.106931 0.074707 0.946777 1 0 1.0
0 1.230057 -1.511371 8.657750 0.048489 0.993083 -0.106931 0.074707 0.946777 1 0 1.0
Default
0 1.880861 -1.713732 8.301460 0.604315 0.789043 -0.110524 0.074707 0.946777 1 0 1.0
0 1.691935 -1.583089 8.201140 0.604315 0.789043 -0.110524 0.074707 0.946777 1 0 1.0
0 1.716450 -1.525863 8.743724 0.604315 0.789043 -0.110524 0.074707 0.946777 1 0 1.0
Default
0 2.587659 -2.934824 7.719471 0.969838 0.242969 -0.019504 0.074707 0.946777 1 0 1.0
0 2.562165 -2.864889 7.322984 0.969838 0.242969 -0.019504 0.074707 0.946777 1 0 1.0
0 2.351596 -1.985717 7.804614 0.969838 0.242969 -0.019504 0.074707 0.946777 1 0 1.0
Default
0 3.212266 -3.103293 7.015235 0.156775 0.913167 -0.376227 0.074707 0.946777 1 0 1.0
0 3.348180 -3.463236 6.198229 0.156775 0.913167 -0.376227 0.074707 0.946777 1 0 1.0
0 2.562165 -2.864889 7.322984 0.156775 0.913167 -0.376227 0.074707 0.946777 1 0 1.0
Default
0 3.866617 -3.900758 5.871395 0.568496 0.803971 -0.174479 0.074707 0.946777 1 0 1.0
0 3.597905 -3.769991 5.598415 0.568496 0.803971 -0.174479 0.074707 0.946777 1 0 1.0
0 3.348180 -3.463236 6.198229 0.568496 0.803971 -0.174479 0.074707 0.946777 1 0 1.0
Default
0 3.797216 -4.892198 5.550310 0.839568 0.171213 -0.515570 0.074707 0.946777 1 0 1.0
0 3.598593 -4.945894 5.209034 0.839568 0.171213 -0.515570 0.074707 0.946777 1 0 1.0
0 3.597905 -3.769991 5.598415 0.839568 0.171213 -0.515570 0.074707 0.946777 1 0 1.0
Default
0 4.674621 -6.534685 5.058414 0.699896 0.520392 -0.489221 0.074707 0.946777 1 0 1.0
0 3.598593 -4.945894 5.209034 0.699896 0.520392 -0.489221 0.074707 0.946777 1 0 1.0
0 3.797216 -4.892198 5.550310 0.699896 0.520392 -0.489221 0.074707 0.946777 1 0 1.0
Default
0 5.511271 -7.879887 5.069485 0.582975 0.356574 -0.730065 0.074707 0.946777 1 0 1.0
0 4.674621 -6.534685 5.058414 0.582975 0.356574 -0.730065 0.074707 0.946777 1 0 1.0
0 4.876538 -6.399822 5.285519 0.582975 0.356574 -0.730065 0.074707 0.946777 1 0 1.0
Default
0 5.853067 -9.723447 5.296590 0.682301 0.036552 -0.730157 0.074707 0.946777 1 0 1.0
0 5.609279 -9.709376 5.069485 0.682301 0.036552 -0.730157 0.074707 0.946777 1 0 1.0
0 5.511271 -7.879887 5.069485 0.682301 0.036552 -0.730157 0.074707 0.946777 1 0 1.0
Default
0 0.776558 -0.957842 9.581980 0.755023 0.630118 0.181360 0.074707 0.946777 1 0 1.0
0 0.871280 -0.918517 9.051013 0.755023 0.630118 0.181360 0.074707 0.946777 1 0 1.0
0 0.655800 -0.743739 9.340831 0.755023 0.630118 0.181360 0.074707 0.946777 1 0 1.0
Default
0 1.329788 -1.272818 9.000148 0.612215 0.790605 0.011665 0.074707 0.946777 1 0 1.0
0 1.041099 -1.046329 8.800981 0.612215 0.790605 0.011665 0.074707 0.946777 1 0 1.0
0 0.871280 -0.918517 9.051013 0.612215 0.790605 0.011665 0.074707 0.946777 1 0 1.0
Default
0 0.873968 -14.301556 4.899022 0.055364 -0.856946 -0.512425 0.081177 0.232788 1 0 1.0
0 0.890485 -14.402420 5.069485 0.055364 -0.856946 -0.512425 0.081177 0.232788 1 0 1.0
0 0.000000 -14.459951 5.069485 0.055364 -0.856946 -0.512425 0.081177 0.232788 1 0 1.0
Default
0 0.580762 -0.962010 9.100818 -0.218994 0.754969 -0.618113 0.078247 0.954590 1 0 1.0
0 0.655800 -0.743739 9.340831 -0.218994 0.754969 -0.618113 0.078125 0.955078 1 0 1.0
0 0.871280 -0.918517 9.051013 -0.218994 0.754969 -0.618113 0.078125 0.955078 1 0 1.0
Default
0 2.126247 -1.983006 7.483969 0.312003 0.926253 -0.211445 0.079651 0.947266 1 0 1.0
0 1.880861 -1.713732 8.301460 0.312003 0.926253 -0.211445 0.079651 0.947266 1 0 1.0
0 2.351596 -1.985717 7.804614 0.312003 0.926253 -0.211445 0.079651 0.947266 1 0 1.0
Default
0 1.275774 -1.455433 8.064196 0.854243 0.507309 0.113607 0.079041 0.947754 1 0 1.0
0 1.082710 -1.226902 8.495404 0.854243 0.507309 0.113607 0.078430 0.948242 1 0 1.0
0 1.230057 -1.511371 8.657750 0.854243 0.507309 0.113607 0.074707 0.949707 1 0 1.0
Default
0 4.183003 -11.952719 4.526862 0.469866 -0.415389 -0.778895 0.081177 0.232788 1 0 1.0
0 4.561138 -12.222830 4.899022 0.469866 -0.415389 -0.778895 0.081177 0.232788 1 0 1.0
0 3.584302 -13.327775 4.899022 0.469866 -0.415389 -0.778895 0.081177 0.232788 1 0 1.0
Default
0 2.126247 -1.983006 7.483969 0.730687 0.454222 -0.509685 0.079651 0.947266 1 0 1.0
0 2.351596 -1.985717 7.804614 0.730687 0.454222 -0.509685 0.079651 0.947266 1 0 1.0
0 2.562165 -2.864889 7.322984 0.730687 0.454222 -0.509685 0.079651 0.947266 1 0 1.0
Default
0 2.526329 -2.955132 6.695414 0.451481 0.879203 -0.152209 0.079651 0.947266 1 0 1.0
0 2.562165 -2.864889 7.322984 0.451481 0.879203 -0.152209 0.079651 0.947266 1 0 1.0
0 3.348180 -3.463236 6.198229 0.451481 0.879203 -0.152209 0.079651 0.947266 1 0 1.0
Default
0 0.366980 -0.714417 9.457079 -0.065827 0.807923 -0.585600 0.078125 0.955078 1 0 1.0
0 0.461261 -0.664889 9.514813 -0.065827 0.807923 -0.585600 0.078125 0.955078 1 0 1.0
0 0.447984 -0.891670 9.195019 -0.076147 0.814832 -0.574674 0.077698 0.954102 1 0 1.0
Default
0 3.501879 -4.082744 5.276786 -0.058465 0.724372 -0.686926 0.081177 0.232788 1 0 1.0
0 2.919623 -3.207791 6.248992 -0.058465 0.724372 -0.686926 0.081177 0.232788 1 0 1.0
0 3.597905 -3.769991 5.598415 -0.058465 0.724372 -0.686926 0.081177 0.232788 1 0 1.0
Default
0 0.447984 -0.891670 9.195019 -0.177920 0.806167 -0.564304 0.077698 0.954102 1 0 1.0
0 0.461261 -0.664889 9.514813 -0.177920 0.806167 -0.564304 0.078125 0.955078 1 0 1.0
0 0.655800 -0.743739 9.340831 -0.177920 0.806167 -0.564304 0.078125 0.955078 1 0 1.0
Default
0 3.501879 -4.082744 5.276786 0.906783 0.133006 -0.400067 0.081177 0.232788 1 0 1.0
0 3.597905 -3.769991 5.598415 0.906783 0.133006 -0.400067 0.081177 0.232788 1 0 1.0
0 3.598593 -4.945894 5.209034 0.906783 0.133006 -0.400067 0.081177 0.232788 1 0 1.0
Default
0 2.690941 -3.804564 5.331498 0.231837 0.788014 -0.570338 0.081177 0.232788 1 0 1.0
0 2.919623 -3.207791 6.248992 0.231837 0.788014 -0.570338 0.081177 0.232788 1 0 1.0
0 3.501879 -4.082744 5.276786 0.231837 0.788014 -0.570338 0.081177 0.232788 1 0 1.0
Default
0 3.331263 -4.284210 4.989697 0.707537 0.307492 -0.636270 0.081177 0.232788 1 0 1.0
0 3.501879 -4.082744 5.276786 0.707537 0.307492 -0.636270 0.081177 0.232788 1 0 1.0
0 3.531842 -5.020439 4.856944 0.707537 0.307492 -0.636270 0.081177 0.232788 1 0 1.0
Default
0 1.880882 -13.558174 4.378839 0.203953 -0.731517 -0.650605 0.081177 0.232788 1 0 1.0
0 2.050909 -13.973415 4.899022 0.203953 -0.731517 -0.650605 0.081177 0.232788 1 0 1.0
0 0.873968 -14.301556 4.899022 0.203953 -0.731517 -0.650605 0.081177 0.232788 1 0 1.0
Default
0 0.873968 -14.301556 4.899022 0.086626 -0.809584 -0.580577 0.081177 0.232788 1 0 1.0
0 0.000000 -14.395071 4.899022 0.086626 -0.809584 -0.580577 0.081177 0.232788 1 0 1.0
0 0.000000 -14.000025 4.348152 0.086626 -0.809584 -0.580577 0.081177 0.232788 1 0 1.0
Default
0 4.587911 -6.579759 4.899022 0.557630 0.346819 -0.754165 0.081177 0.232788 1 0 1.0
0 5.409042 -7.900009 4.899022 0.557630 0.346819 -0.754165 0.081177 0.232788 1 0 1.0
0 4.913750 -7.997500 4.487969 0.557630 0.346819 -0.754165 0.081177 0.232788 1 0 1.0
Default
0 1.489415 -1.431371 6.359617 0.631385 0.775137 0.022685 0.080811 0.232056 1 0 1.0
0 1.727879 -1.671208 7.917623 0.631385 0.775137 0.022685 0.079590 0.230591 1 0 1.0
0 2.126247 -1.983006 7.483969 0.631385 0.775137 0.022685 0.081177 0.232788 1 0 1.0
Default
0 2.165137 -3.113867 5.580627 0.322336 0.916990 -0.235008 0.081177 0.232788 1 0 1.0
0 2.526329 -2.955132 6.695414 0.322336 0.916990 -0.235008 0.081177 0.232788 1 0 1.0
0 2.919623 -3.207791 6.248992 0.322336 0.916990 -0.235008 0.081177 0.232788 1 0 1.0
Default
0 0.000000 -1.098172 9.716423 0.027476 -0.261455 0.964824 0.074707 0.946777 1 0 1.0
0 0.572989 -1.284911 9.649502 0.027476 -0.261455 0.964824 0.074707 0.946777 1 0 1.0
0 0.565608 -0.428136 9.881888 0.027476 -0.261455 0.964824 0.074707 0.946777 1 0 1.0
Default
0 1.711896 -6.665331 8.883108 0.421108 -0.099467 0.901540 0.074707 0.946777 1 0 1.0
0 0.774427 -8.342908 9.135912 0.421108 -0.099467 0.901540 0.074707 0.946777 1 0 1.0
0 1.906622 -8.651676 8.572999 0.421108 -0.099467 0.901540 0.074707 0.946777 1 0 1.0
Default
0 1.906622 -8.651676 8.572999 0.421108 -0.099467 0.901540 0.074707 0.946777 1 0 1.0
0 3.192110 -9.995815 7.891998 0.408119 -0.070826 0.910177 0.074707 0.946777 1 0 1.0
0 3.099091 -8.784668 8.027953 0.408119 -0.070826 0.910177 0.074707 0.946777 1 0 1.0
Default
0 0.000000 -3.646780 9.691956 -0.078134 -0.154941 0.984829 0.074707 0.946777 1 0 1.0
0 0.000000 -5.598711 9.384863 -0.078134 -0.154941 0.984829 0.074707 0.946777 1 0 1.0
0 0.429043 -4.173636 9.643106 -0.078134 -0.154941 0.984829 0.074707 0.946777 1 0 1.0
Default
0 0.000000 -10.161928 8.760071 -0.002294 -0.148010 0.988983 0.074707 0.946777 1 0 1.0
0 0.651075 -10.933284 8.646141 -0.002294 -0.148010 0.988983 0.074707 0.946777 1 0 1.0
0 1.465193 -9.280378 8.895401 -0.002294 -0.148010 0.988983 0.074707 0.946777 1 0 1.0
Default
0 -0.651075 -10.933284 8.646141 0.002294 -0.148010 0.988983 0.074707 0.946777 1 0 1.0
0 0.000000 -10.161928 8.760071 -0.002294 -0.148010 0.988983 0.074707 0.946777 1 0 1.0
0 -1.465193 -9.280378 8.895401 0.002294 -0.148010 0.988983 0.074707 0.946777 1 0 1.0
Default
0 0.742837 -13.008457 7.370575 0.702548 -0.547187 0.454986 0.074707 0.946777 1 0 1.0
0 0.577065 -13.696351 6.799254 0.702548 -0.547187 0.454986 0.074707 0.946777 1 0 1.0
0 1.435200 -11.503698 8.111185 0.702548 -0.547187 0.454986 0.074707 0.946777 1 0 1.0
Default
0 0.876755 -1.455766 9.493118 0.422149 -0.076262 0.903313 0.074707 0.946777 1 0 1.0
0 0.776558 -0.957842 9.581980 0.422149 -0.076262 0.903313 0.074707 0.946777 1 0 1.0
0 0.572989 -1.284911 9.649502 0.422149 -0.076262 0.903313 0.074707 0.946777 1 0 1.0
Default
0 1.081102 -2.006866 9.189998 0.550993 -0.235965 0.800455 0.074707 0.946777 1 0 1.0
0 1.306386 -1.371572 9.222201 0.550993 -0.235965 0.800455 0.074707 0.946777 1 0 1.0
0 0.876755 -1.455766 9.493118 0.550993 -0.235965 0.800455 0.074707 0.946777 1 0 1.0
Default
0 1.613215 -2.736138 9.205003 -0.163382 0.278200 0.946526 0.074707 0.946777 1 0 1.0
0 1.995135 -2.114355 9.088175 -0.163382 0.278200 0.946526 0.074707 0.946777 1 0 1.0
0 1.712457 -1.609975 8.891135 -0.163382 0.278200 0.946526 0.074707 0.946777 1 0 1.0
Default
0 2.480583 -3.025173 8.278315 0.716430 -0.209778 0.665373 0.074707 0.946777 1 0 1.0
0 2.386685 -1.833300 8.755190 0.716430 -0.209778 0.665373 0.074707 0.946777 1 0 1.0
0 1.995135 -2.114355 9.088175 0.716430 -0.209778 0.665373 0.074707 0.946777 1 0 1.0
Default
0 3.093429 -4.148967 8.009173 0.726068 0.241786 0.643712 0.074707 0.946777 1 0 1.0
0 3.212266 -3.176207 7.509752 0.726068 0.241786 0.643712 0.074707 0.946777 1 0 1.0
0 2.480583 -3.025173 8.278315 0.726068 0.241786 0.643712 0.074707 0.946777 1 0 1.0
Default
0 3.093429 -4.148967 8.009173 0.936375 0.062897 0.345319 0.074707 0.946777 1 0 1.0
0 3.735747 -3.924552 6.226576 0.936375 0.062897 0.345319 0.074707 0.946777 1 0 1.0
0 3.212266 -3.176207 7.509752 0.936375 0.062897 0.345319 0.074707 0.946777 1 0 1.0
Default
0 5.105233 -6.922558 5.964926 0.696800 0.263208 0.667227 0.074707 0.946777 1 0 1.0
0 4.129579 -7.504119 7.213238 0.696800 0.263208 0.667227 0.074707 0.946777 1 0 1.0
0 5.578954 -7.804653 5.818179 0.696800 0.263208 0.667227 0.074707 0.946777 1 0 1.0
Default
0 3.093429 -4.148967 8.009173 0.939047 -0.115425 0.323833 0.074707 0.946777 1 0 1.0
0 3.713935 -4.939787 5.927961 0.939047 -0.115425 0.323833 0.074707 0.946777 1 0 1.0
0 3.735747 -3.924552 6.226576 0.939047 -0.115425 0.323833 0.074707 0.946777 1 0 1.0
Default
0 1.613215 -2.736138 9.205003 0.658520 -0.272694 0.701420 0.074707 0.946777 1 0 1.0
0 2.480583 -3.025173 8.278315 0.658520 -0.272694 0.701420 0.074707 0.946777 1 0 1.0
0 1.995135 -2.114355 9.088175 0.658520 -0.272694 0.701420 0.074707 0.946777 1 0 1.0
Default
0 0.256352 -1.899575 9.654989 0.367642 -0.181244 0.912135 0.074707 0.946777 1 0 1.0
0 0.876755 -1.455766 9.493118 0.367642 -0.181244 0.912135 0.074707 0.946777 1 0 1.0
0 0.572989 -1.284911 9.649502 0.367642 -0.181244 0.912135 0.074707 0.946777 1 0 1.0
Default
0 0.725086 -2.414446 9.419333 0.657929 -0.160713 0.735731 0.074707 0.946777 1 0 1.0
0 1.081102 -2.006866 9.189998 0.657929 -0.160713 0.735731 0.074707 0.946777 1 0 1.0
0 0.876755 -1.455766 9.493118 0.657929 -0.160713 0.735731 0.074707 0.946777 1 0 1.0
Default
0 0.600062 -2.055721 9.527259 0.400552 -0.133141 0.906549 0.074707 0.946777 1 0 1.0
0 0.725086 -2.414446 9.419333 0.400552 -0.133141 0.906549 0.074707 0.946777 1 0 1.0
0 0.876755 -1.455766 9.493118 0.400552 -0.133141 0.906549 0.074707 0.946777 1 0 1.0
Default
0 0.725086 -2.414446 9.419333 0.296253 0.194941 0.935004 0.074707 0.946777 1 0 1.0
0 0.799097 -3.463283 9.614558 0.296253 0.194941 0.935004 0.074707 0.946777 1 0 1.0
0 1.613215 -2.736138 9.205003 0.301660 0.239097 0.922948 0.074707 0.946777 1 0 1.0
Default
0 1.613215 -2.736138 9.205003 0.301660 0.239097 0.922948 0.074707 0.946777 1 0 1.0
0 1.712457 -1.609975 8.891135 0.292747 0.232686 0.927446 0.074707 0.946777 1 0 1.0
0 1.081102 -2.006866 9.189998 0.301660 0.239097 0.922948 0.074707 0.946777 1 0 1.0
Default
0 1.081102 -2.006866 9.189998 0.301660 0.239097 0.922948 0.074707 0.946777 1 0 1.0
0 0.725086 -2.414446 9.419333 0.310531 0.245474 0.918321 0.074707 0.946777 1 0 1.0
0 1.613215 -2.736138 9.205003 0.301660 0.239097 0.922948 0.074707 0.946777 1 0 1.0
Default
0 0.572989 -1.284911 9.649502 0.101864 -0.043602 0.993842 0.074707 0.946777 1 0 1.0
0 0.000000 -1.098172 9.716423 0.101864 -0.043602 0.993842 0.074707 0.946777 1 0 1.0
0 0.256352 -1.899575 9.654989 0.101864 -0.043602 0.993842 0.074707 0.946777 1 0 1.0
Default
0 1.974940 -3.335432 9.135718 0.732093 0.376227 0.567884 0.074707 0.946777 1 0 1.0
0 2.480583 -3.025173 8.278315 0.732093 0.376227 0.567884 0.074707 0.946777 1 0 1.0
0 1.613215 -2.736138 9.205003 0.732093 0.376227 0.567884 0.074707 0.946777 1 0 1.0
Default
0 3.658109 -5.794203 7.309159 0.851751 0.207871 0.480946 0.074707 0.946777 1 0 1.0
0 4.129579 -7.504119 7.213238 0.851751 0.207871 0.480946 0.074707 0.946777 1 0 1.0
0 4.705217 -6.399822 5.716496 0.851751 0.207871 0.480946 0.074707 0.946777 1 0 1.0
Default
0 4.746335 -9.206367 6.677520 0.656416 0.070556 0.751092 0.074707 0.946777 1 0 1.0
0 5.681746 -9.723447 5.908592 0.656416 0.070556 0.751092 0.074707 0.946777 1 0 1.0
0 5.578954 -7.804653 5.818179 0.656416 0.070556 0.751092 0.074707 0.946777 1 0 1.0
Default
0 4.746335 -9.206367 6.677520 0.696072 0.026398 0.717486 0.074707 0.946777 1 0 1.0
0 5.578954 -7.804653 5.818179 0.696072 0.026398 0.717486 0.074707 0.946777 1 0 1.0
0 4.129579 -7.504119 7.213238 0.696072 0.026398 0.717486 0.074707 0.946777 1 0 1.0
Default
0 3.981559 -12.117455 6.615582 0.517545 -0.491668 0.700293 0.074707 0.946777 1 0 1.0
0 3.745820 -13.372582 5.908592 0.517545 -0.491668 0.700293 0.074707 0.946777 1 0 1.0
0 4.722349 -12.344657 5.908592 0.517545 -0.491668 0.700293 0.074707 0.946777 1 0 1.0
Default
0 3.175764 -12.826402 6.571835 0.262012 -0.622279 0.737644 0.074707 0.946777 1 0 1.0
0 2.118271 -14.057866 5.908592 0.262012 -0.622279 0.737644 0.074707 0.946777 1 0 1.0
0 3.745820 -13.372582 5.908592 0.262012 -0.622279 0.737644 0.074707 0.946777 1 0 1.0
Default
0 0.577065 -13.696351 6.799254 0.251949 -0.756449 0.603578 0.074707 0.946777 1 0 1.0
0 0.000000 -14.628563 5.871818 0.251949 -0.756449 0.603578 0.074707 0.946777 1 0 1.0
0 0.904357 -14.503035 5.651637 0.251949 -0.756449 0.603578 0.074707 0.946777 1 0 1.0
Default
0 0.577065 -13.696351 6.799254 0.061884 -0.722928 0.688146 0.074707 0.946777 1 0 1.0
0 0.000000 -13.623886 6.927276 0.061884 -0.722928 0.688146 0.074707 0.946777 1 0 1.0
0 0.000000 -14.628563 5.871818 0.061884 -0.722928 0.688146 0.074707 0.946777 1 0 1.0
Default
0 3.175764 -12.826402 6.571835 0.348803 -0.478696 0.805721 0.074707 0.946777 1 0 1.0
0 1.435200 -11.503698 8.111185 0.348803 -0.478696 0.805721 0.074707 0.946777 1 0 1.0
0 1.761237 -13.474318 6.799254 0.348803 -0.478696 0.805721 0.074707 0.946777 1 0 1.0
Default
0 3.175764 -12.826402 6.571835 0.219639 -0.603258 0.766706 0.074707 0.946777 1 0 1.0
0 2.635187 -11.589587 7.699844 0.219639 -0.603258 0.766706 0.074707 0.946777 1 0 1.0
0 1.435200 -11.503698 8.111185 0.219639 -0.603258 0.766706 0.074707 0.946777 1 0 1.0
Default
0 1.974940 -3.335432 9.135718 0.666815 -0.104905 0.737803 0.074707 0.946777 1 0 1.0
0 1.407670 -3.938965 9.562593 0.666815 -0.104905 0.737803 0.074707 0.946777 1 0 1.0
0 3.093429 -4.148967 8.009173 0.666815 -0.104905 0.737803 0.074707 0.946777 1 0 1.0
Default
0 4.220838 -8.511313 7.238809 0.778366 0.086313 0.621849 0.074707 0.946777 1 0 1.0
0 4.746335 -9.206367 6.677520 0.778366 0.086313 0.621849 0.074707 0.946777 1 0 1.0
0 4.129579 -7.504119 7.213238 0.778366 0.086313 0.621849 0.074707 0.946777 1 0 1.0
Default
0 2.480583 -3.025173 8.278315 0.775473 0.288376 0.561677 0.074707 0.946777 1 0 1.0
0 1.974940 -3.335432 9.135718 0.775473 0.288376 0.561677 0.074707 0.946777 1 0 1.0
0 3.093429 -4.148967 8.009173 0.775473 0.288376 0.561677 0.074707 0.946777 1 0 1.0
Default
0 3.713935 -4.939787 5.927961 0.465910 0.743942 0.479038 0.074707 0.946777 1 0 1.0
0 2.362953 -5.607721 8.279216 0.465910 0.743942 0.479038 0.074707 0.946777 1 0 1.0
0 3.658109 -5.794203 7.309159 0.465910 0.743942 0.479038 0.074707 0.946777 1 0 1.0
Default
0 3.713935 -4.939787 5.927961 0.850788 -0.354165 0.388235 0.074707 0.946777 1 0 1.0
0 3.093429 -4.148967 8.009173 0.850788 -0.354165 0.388235 0.074707 0.946777 1 0 1.0
0 2.362953 -5.607721 8.279216 0.850788 -0.354165 0.388235 0.074707 0.946777 1 0 1.0
Default
0 0.725086 -2.414446 9.419333 0.412273 -0.041233 0.910127 0.074707 0.946777 1 0 1.0
0 0.256352 -1.899575 9.654989 0.412273 -0.041233 0.910127 0.074707 0.946777 1 0 1.0
0 0.000000 -3.646780 9.691956 0.412273 -0.041233 0.910127 0.074707 0.946777 1 0 1.0
Default
0 0.725086 -2.414446 9.419333 0.052245 0.186304 0.981102 0.074707 0.946777 1 0 1.0
0 0.000000 -3.646780 9.691956 0.052245 0.186304 0.981102 0.074707 0.946777 1 0 1.0
0 0.799097 -3.463283 9.614558 0.052245 0.186304 0.981102 0.074707 0.946777 1 0 1.0
Default
0 1.974940 -3.335432 9.135718 0.364186 0.112941 0.924453 0.074707 0.946777 1 0 1.0
0 1.613215 -2.736138 9.205003 0.364186 0.112941 0.924453 0.074707 0.946777 1 0 1.0
0 0.799097 -3.463283 9.614558 0.364186 0.112941 0.924453 0.074707 0.946777 1 0 1.0
Default
0 2.362953 -5.607721 8.279216 0.652242 -0.190809 0.733602 0.074707 0.946777 1 0 1.0
0 3.093429 -4.148967 8.009173 0.652242 -0.190809 0.733602 0.074707 0.946777 1 0 1.0
0 1.407670 -3.938965 9.562593 0.652242 -0.190809 0.733602 0.074707 0.946777 1 0 1.0
Default
0 1.407670 -3.938965 9.562593 0.326994 0.321258 0.888745 0.074707 0.946777 1 0 1.0
0 1.974940 -3.335432 9.135718 0.326994 0.321258 0.888745 0.074707 0.946777 1 0 1.0
0 0.799097 -3.463283 9.614558 0.326994 0.321258 0.888745 0.074707 0.946777 1 0 1.0
Default
0 1.407670 -3.938965 9.562593 0.143998 -0.274293 0.950804 0.074707 0.946777 1 0 1.0
0 0.429043 -4.173636 9.643106 0.143998 -0.274293 0.950804 0.074707 0.946777 1 0 1.0
0 0.901954 -5.260607 9.257909 0.143998 -0.274293 0.950804 0.074707 0.946777 1 0 1.0
Default
0 1.631036 -4.964192 9.296782 0.258984 -0.721263 0.642423 0.074707 0.946777 1 0 1.0
0 0.901954 -5.260607 9.257909 0.258984 -0.721263 0.642423 0.074707 0.946777 1 0 1.0
0 2.362953 -5.607721 8.279216 0.258984 -0.721263 0.642423 0.074707 0.946777 1 0 1.0
Default
0 1.906622 -8.651676 8.572999 0.554046 -0.093002 0.827275 0.074707 0.946777 1 0 1.0
0 4.129579 -7.504119 7.213238 0.554046 -0.093002 0.827275 0.074707 0.946777 1 0 1.0
0 2.649365 -6.986045 8.262815 0.554046 -0.093002 0.827275 0.074707 0.946777 1 0 1.0
Default
0 1.906622 -8.651676 8.572999 0.425718 0.216399 0.878599 0.074707 0.946777 1 0 1.0
0 3.099091 -8.784668 8.027953 0.425718 0.216399 0.878599 0.074707 0.946777 1 0 1.0
0 4.129579 -7.504119 7.213238 0.425718 0.216399 0.878599 0.074707 0.946777 1 0 1.0
Default
0 2.635187 -11.589587 7.699844 0.515854 -0.318109 0.795425 0.074707 0.946777 1 0 1.0
0 3.981559 -12.117455 6.615582 0.515854 -0.318109 0.795425 0.074707 0.946777 1 0 1.0
0 4.203590 -10.538560 7.103025 0.515854 -0.318109 0.795425 0.074707 0.946777 1 0 1.0
Default
0 3.192110 -9.995815 7.891998 0.490950 -0.035763 0.870453 0.074707 0.946777 1 0 1.0
0 1.465193 -9.280378 8.895401 0.490950 -0.035763 0.870453 0.074707 0.946777 1 0 1.0
0 1.835247 -10.267187 8.646141 0.490950 -0.035763 0.870453 0.074707 0.946777 1 0 1.0
Default
0 2.724015 -10.742174 7.965820 0.507733 -0.236497 0.828418 0.074707 0.946777 1 0 1.0
0 3.192110 -9.995815 7.891998 0.496418 -0.272824 0.824097 0.074707 0.946777 1 0 1.0
0 1.835247 -10.267187 8.646141 0.507733 -0.236497 0.828418 0.074707 0.946777 1 0 1.0
Default
0 3.192110 -9.995815 7.891998 0.496418 -0.272824 0.824097 0.074707 0.946777 1 0 1.0
0 2.635187 -11.589587 7.699844 0.496418 -0.272824 0.824097 0.074707 0.946777 1 0 1.0
0 4.203590 -10.538560 7.103025 0.496418 -0.272824 0.824097 0.074707 0.946777 1 0 1.0
Default
0 2.724015 -10.742174 7.965820 0.468494 -0.308899 0.827705 0.074707 0.946777 1 0 1.0
0 1.835247 -10.267187 8.646141 0.468494 -0.308899 0.827705 0.074707 0.946777 1 0 1.0
0 2.635187 -11.589587 7.699844 0.496418 -0.272824 0.824097 0.074707 0.946777 1 0 1.0
Default
0 2.442005 -7.236200 8.606754 0.265560 -0.123246 0.956184 0.074707 0.946777 1 0 1.0
0 1.711896 -6.665331 8.883108 0.265560 -0.123246 0.956184 0.074707 0.946777 1 0 1.0
0 1.906622 -8.651676 8.572999 0.265560 -0.123246 0.956184 0.074707 0.946777 1 0 1.0
Default
0 0.000000 -5.598711 9.384863 0.222387 -0.238272 0.945395 0.074707 0.946777 1 0 1.0
0 0.901954 -5.260607 9.257909 0.222387 -0.238272 0.945395 0.074707 0.946777 1 0 1.0
0 0.429043 -4.173636 9.643106 0.222387 -0.238272 0.945395 0.074707 0.946777 1 0 1.0
Default
0 0.000000 -6.698120 9.228664 0.177286 -0.184125 0.966782 0.074707 0.946777 1 0 1.0
0 0.000000 -7.880320 9.003513 0.177286 -0.184125 0.966782 0.074707 0.946777 1 0 1.0
0 0.478384 -6.467969 9.184772 0.177286 -0.184125 0.966782 0.074707 0.946777 1 0 1.0
Default
0 0.774427 -8.342908 9.135912 0.239425 0.012504 0.970834 0.074707 0.946777 1 0 1.0
0 1.711896 -6.665331 8.883108 0.239425 0.012504 0.970834 0.074707 0.946777 1 0 1.0
0 0.478384 -6.467969 9.184772 0.239425 0.012504 0.970834 0.074707 0.946777 1 0 1.0
Default
0 1.465193 -9.280378 8.895401 0.468075 0.120294 0.875463 0.074707 0.946777 1 0 1.0
0 1.906622 -8.651676 8.572999 0.468075 0.120294 0.875463 0.074707 0.946777 1 0 1.0
0 0.774427 -8.342908 9.135912 0.468075 0.120294 0.875463 0.074707 0.946777 1 0 1.0
Default
0 1.465193 -9.280378 8.895401 0.522416 0.069027 0.849892 0.074707 0.946777 1 0 1.0
0 3.192110 -9.995815 7.891998 0.522416 0.069027 0.849892 0.074707 0.946777 1 0 1.0
0 1.906622 -8.651676 8.572999 0.522416 0.069027 0.849892 0.074707 0.946777 1 0 1.0
Default
0 0.651075 -10.933284 8.646141 0.114111 -0.202863 0.972535 0.074707 0.946777 1 0 1.0
0 1.835247 -10.267187 8.646141 0.114111 -0.202863 0.972535 0.074707 0.946777 1 0 1.0
0 1.465193 -9.280378 8.895401 0.114111 -0.202863 0.972535 0.074707 0.946777 1 0 1.0
Default
0 0.774427 -8.342908 9.135912 -0.201390 -0.057281 0.977835 0.074707 0.946777 1 0 1.0
0 0.478384 -6.467969 9.184772 -0.201390 -0.057281 0.977835 0.074707 0.946777 1 0 1.0
0 0.000000 -7.880320 9.003513 -0.201390 -0.057281 0.977835 0.074707 0.946777 1 0 1.0
Default
0 0.651075 -10.933284 8.646141 0.166620 -0.542895 0.823106 0.074707 0.946777 1 0 1.0
0 0.000000 -12.443537 7.781821 0.166620 -0.542895 0.823106 0.074707 0.946777 1 0 1.0
0 1.435200 -11.503698 8.111185 0.166620 -0.542895 0.823106 0.074707 0.946777 1 0 1.0
Default
0 0.651075 -10.933284 8.646141 -0.292636 -0.376811 0.878850 0.074707 0.946777 1 0 1.0
0 0.000000 -10.161928 8.760071 -0.292636 -0.376811 0.878850 0.074707 0.946777 1 0 1.0
0 0.000000 -12.443537 7.781821 -0.292636 -0.376811 0.878850 0.074707 0.946777 1 0 1.0
Default
0 0.943236 -9.419679 9.062166 0.378261 -0.718328 0.583887 0.074707 0.946777 1 0 1.0
0 0.000000 -10.161928 8.760071 0.378261 -0.718328 0.583887 0.074707 0.946777 1 0 1.0
0 1.465193 -9.280378 8.895401 0.378261 -0.718328 0.583887 0.074707 0.946777 1 0 1.0
Default
0 0.577065 -13.696351 6.799254 0.101188 -0.539671 0.835773 0.074707 0.946777 1 0 1.0
0 1.761237 -13.474318 6.799254 0.101188 -0.539671 0.835773 0.074707 0.946777 1 0 1.0
0 1.435200 -11.503698 8.111185 0.101188 -0.539671 0.835773 0.074707 0.946777 1 0 1.0
Default
0 0.000000 -1.259374 6.244987 0.123363 0.879275 -0.460062 0.081177 0.232788 1 0 1.0
0 1.131801 -1.719771 5.668557 0.123363 0.879275 -0.460062 0.081177 0.232788 1 0 1.0
0 0.000000 -1.730310 5.344931 0.123363 0.879275 -0.460062 0.081177 0.232788 1 0 1.0
Default
0 0.176091 -1.402631 8.440323 -0.338984 0.309421 -0.888453 0.018616 0.670410 1 0 1.0
0 0.080493 -1.352865 8.494130 -0.338984 0.309421 -0.888453 0.019897 0.669922 1 0 1.0
0 0.273520 -0.784726 8.618347 -0.338984 0.309421 -0.888453 0.017929 0.670898 1 0 1.0
Default
0 0.751290 -1.116761 6.566754 0.069605 0.841632 -0.535548 0.081177 0.232788 1 0 1.0
0 1.131801 -1.719771 5.668557 0.069605 0.841632 -0.535548 0.081177 0.232788 1 0 1.0
0 0.000000 -1.259374 6.244987 0.069605 0.841632 -0.535548 0.081177 0.232788 1 0 1.0
Default
0 1.131801 -1.719771 5.668557 0.752268 0.371324 -0.544253 0.081177 0.232788 1 0 1.0
0 1.489415 -1.431371 6.359617 0.752268 0.371324 -0.544253 0.080811 0.232056 1 0 1.0
0 2.011339 -2.457302 6.381066 0.752268 0.371324 -0.544253 0.081177 0.232788 1 0 1.0
Default
0 2.740915 -3.752738 4.399745 0.800879 0.351205 -0.485025 0.081177 0.232788 1 0 1.0
0 3.331263 -4.284210 4.989697 0.800879 0.351205 -0.485025 0.081177 0.232788 1 0 1.0
0 3.398098 -5.151943 4.471734 0.800879 0.351205 -0.485025 0.081177 0.232788 1 0 1.0
Default
0 2.740915 -3.752738 4.399745 0.623667 0.777916 0.076719 0.081177 0.232788 1 0 1.0
0 2.690941 -3.804564 5.331498 0.623667 0.777916 0.076719 0.081177 0.232788 1 0 1.0
0 3.331263 -4.284210 4.989697 0.623667 0.777916 0.076719 0.081177 0.232788 1 0 1.0
Default
0 4.375643 -6.785234 4.309349 0.867989 0.330704 -0.370445 0.081177 0.232788 1 0 1.0
0 4.913750 -7.997500 4.487969 0.867989 0.330704 -0.370445 0.081177 0.232788 1 0 1.0
0 4.180031 -7.091650 3.577466 0.867989 0.330704 -0.370445 0.081177 0.232788 1 0 1.0
Default
0 0.576928 -13.528731 3.671935 0.134705 -0.863148 -0.486651 0.081177 0.232788 1 0 1.0
0 0.801513 -13.859111 4.320079 0.134705 -0.863148 -0.486651 0.081177 0.232788 1 0 1.0
0 0.000000 -14.000025 4.348152 0.134705 -0.863148 -0.486651 0.081177 0.232788 1 0 1.0
Default
0 2.902878 -12.673680 3.612716 0.340542 -0.808788 -0.479472 0.081177 0.232788 1 0 1.0
0 3.287150 -12.966061 4.378839 0.340542 -0.808788 -0.479472 0.081177 0.232788 1 0 1.0
0 1.880882 -13.558174 4.378839 0.340542 -0.808788 -0.479472 0.081177 0.232788 1 0 1.0
Default
0 3.363334 -5.380094 3.994672 0.880077 0.400210 -0.255530 0.081177 0.232788 1 0 1.0
0 2.740915 -3.752738 4.399745 0.880077 0.400210 -0.255530 0.081177 0.232788 1 0 1.0
0 3.398098 -5.151943 4.471734 0.880077 0.400210 -0.255530 0.081177 0.232788 1 0 1.0
Default
0 4.149081 -10.457189 3.682800 0.567138 -0.436211 -0.698623 0.081177 0.232788 1 0 1.0
0 4.828915 -10.925132 4.526862 0.567138 -0.436211 -0.698623 0.081177 0.232788 1 0 1.0
0 3.949345 -11.296801 4.044897 0.567138 -0.436211 -0.698623 0.081177 0.232788 1 0 1.0
Default
0 4.986215 -9.626659 4.475803 0.741222 -0.115793 -0.661198 0.081177 0.232788 1 0 1.0
0 4.828915 -10.925132 4.526862 0.741222 -0.115793 -0.661198 0.081177 0.232788 1 0 1.0
0 4.149081 -10.457189 3.682800 0.741222 -0.115793 -0.661198 0.081177 0.232788 1 0 1.0
Default
0 1.105786 -2.712064 4.894155 0.149354 0.605899 -0.781396 0.081177 0.232788 1 0 1.0
0 1.131801 -1.719771 5.668557 0.149354 0.605899 -0.781396 0.081177 0.232788 1 0 1.0
0 2.740915 -3.752738 4.399745 0.149354 0.605899 -0.781396 0.081177 0.232788 1 0 1.0
Default
0 1.058958 -3.381649 4.235847 0.217802 0.676458 -0.703539 0.081177 0.232788 1 0 1.0
0 1.105786 -2.712064 4.894155 0.217802 0.676458 -0.703539 0.081177 0.232788 1 0 1.0
0 2.740915 -3.752738 4.399745 0.217802 0.676458 -0.703539 0.081177 0.232788 1 0 1.0
Default
0 1.298632 -0.875759 8.962763 0.259824 -0.308458 -0.915066 0.982422 0.981934 1 0 1.0
0 1.058697 -0.971856 8.927029 0.259824 -0.308458 -0.915066 0.982422 0.981934 1 0 1.0
0 1.169772 -0.785689 8.895813 0.259824 -0.308458 -0.915066 0.982422 0.981934 1 0 1.0
Default
0 1.169772 -0.785689 8.895813 0.608196 0.335314 -0.719487 0.982422 0.981934 1 0 1.0
0 1.323359 -0.833832 9.003206 0.608196 0.335314 -0.719487 0.982422 0.981934 1 0 1.0
0 1.298632 -0.875759 8.962763 0.608196 0.335314 -0.719487 0.982422 0.981934 1 0 1.0
Default
0 1.058697 -0.971856 8.927029 -0.834791 0.443329 -0.326471 0.982422 0.981934 1 0 1.0
0 1.122570 -0.755822 9.057066 -0.834791 0.443329 -0.326471 0.981934 0.981934 1 0 1.0
0 1.169772 -0.785689 8.895813 -0.834791 0.443329 -0.326471 0.982422 0.981934 1 0 1.0
Default
0 1.122570 -0.755822 9.057066 -0.260837 0.932691 -0.249100 0.981934 0.981934 1 0 1.0
0 1.177736 -0.733728 9.082028 -0.260837 0.932691 -0.249100 0.982422 0.981934 1 0 1.0
0 1.169772 -0.785689 8.895813 -0.260837 0.932691 -0.249100 0.982422 0.981934 1 0 1.0
Default
0 1.177736 -0.733728 9.082028 0.448596 0.855699 -0.257956 0.982422 0.981934 1 0 1.0
0 1.323359 -0.833832 9.003206 0.448596 0.855699 -0.257956 0.982422 0.981934 1 0 1.0
0 1.169772 -0.785689 8.895813 0.448596 0.855699 -0.257956 0.982422 0.981934 1 0 1.0
Default
0 1.323359 -0.833832 9.003206 0.916472 -0.344899 -0.202791 0.982422 0.981934 1 0 1.0
0 1.290439 -0.975102 9.094695 0.916472 -0.344899 -0.202791 0.982422 0.981934 1 0 1.0
0 1.298632 -0.875759 8.962763 0.916472 -0.344899 -0.202791 0.982422 0.981934 1 0 1.0
Default
0 1.298632 -0.875759 8.962763 0.295535 -0.418562 -0.858757 0.982422 0.981934 1 0 1.0
0 1.101054 -1.045544 8.977522 0.295535 -0.418562 -0.858757 0.982422 0.981934 1 0 1.0
0 1.058697 -0.971856 8.927029 0.295535 -0.418562 -0.858757 0.982422 0.981934 1 0 1.0
Default
0 1.058697 -0.971856 8.927029 -0.892781 0.394686 -0.217176 0.982422 0.981934 1 0 1.0
0 1.026652 -0.994398 9.017796 -0.892781 0.394686 -0.217176 0.982422 0.981934 1 0 1.0
0 1.122570 -0.755822 9.057066 -0.892781 0.394686 -0.217176 0.981934 0.981934 1 0 1.0
Default
0 1.122570 -0.755822 9.057066 -0.515884 0.618966 0.592237 0.981934 0.981934 1 0 1.0
0 1.136149 -0.864439 9.182414 -0.515884 0.618966 0.592237 0.981445 0.981934 1 0 1.0
0 1.177736 -0.733728 9.082028 -0.515884 0.618966 0.592237 0.979980 0.981934 1 0 1.0
Default
0 1.177736 -0.733728 9.082028 0.655717 0.645407 0.391772 0.982422 0.521484 1 0 1.0
0 1.284638 -0.861068 9.112885 0.655717 0.645407 0.391772 0.982422 0.521484 1 0 1.0
0 1.323359 -0.833832 9.003206 0.655717 0.645407 0.391772 0.982422 0.521484 1 0 1.0
Default
0 1.290439 -0.975102 9.094695 0.550891 -0.682787 -0.479918 0.982422 0.981934 1 0 1.0
0 1.101054 -1.045544 8.977522 0.550891 -0.682787 -0.479918 0.982422 0.981934 1 0 1.0
0 1.298632 -0.875759 8.962763 0.550891 -0.682787 -0.479918 0.982422 0.981934 1 0 1.0
Default
0 1.026652 -0.994398 9.017796 -0.886370 0.298044 0.354285 0.982422 0.981934 1 0 1.0
0 1.136149 -0.864439 9.182414 -0.886370 0.298044 0.354285 0.981445 0.981934 1 0 1.0
0 1.122570 -0.755822 9.057066 -0.886370 0.298044 0.354285 0.981934 0.981934 1 0 1.0
Default
0 1.136149 -0.864439 9.182414 0.359553 0.493714 0.791813 0.982422 0.984375 1 0 1.0
0 1.284638 -0.861068 9.112885 0.359553 0.493714 0.791813 0.982422 0.984375 1 0 1.0
0 1.177736 -0.733728 9.082028 0.359553 0.493714 0.791813 0.982422 0.984375 1 0 1.0
Default
0 1.284638 -0.861068 9.112885 0.943332 -0.004939 0.331814 0.987305 0.986816 1 0 1.0
0 1.290439 -0.975102 9.094695 0.943332 -0.004939 0.331814 0.987305 0.986816 1 0 1.0
0 1.323359 -0.833832 9.003206 0.943332 -0.004939 0.331814 0.987305 0.986816 1 0 1.0
Default
0 1.290439 -0.975102 9.094695 0.098465 -0.915110 0.390996 0.982422 0.981934 1 0 1.0
0 1.207688 -0.949932 9.174443 0.098465 -0.915110 0.390996 0.981934 0.981934 1 0 1.0
0 1.101054 -1.045544 8.977522 0.098465 -0.915110 0.390996 0.982422 0.981934 1 0 1.0
Default
0 1.101054 -1.045544 8.977522 -0.263930 -0.803779 0.533179 0.982422 0.981934 1 0 1.0
0 1.207688 -0.949932 9.174443 -0.263930 -0.803779 0.533179 0.981934 0.981934 1 0 1.0
0 1.026652 -0.994398 9.017796 -0.263930 -0.803779 0.533179 0.982422 0.981934 1 0 1.0
Default
0 1.026652 -0.994398 9.017796 -0.500672 -0.485749 0.716502 0.982422 0.981934 1 0 1.0
0 1.207688 -0.949932 9.174443 -0.500672 -0.485749 0.716502 0.981934 0.981934 1 0 1.0
0 1.136149 -0.864439 9.182414 -0.500672 -0.485749 0.716502 0.981445 0.981934 1 0 1.0
Default
0 1.136149 -0.864439 9.182414 0.405010 0.257101 0.877420 0.987305 0.986816 1 0 1.0
0 1.207688 -0.949932 9.174443 0.405010 0.257101 0.877420 0.987305 0.986816 1 0 1.0
0 1.284638 -0.861068 9.112885 0.405010 0.257101 0.877420 0.987305 0.986816 1 0 1.0
Default
0 1.284638 -0.861068 9.112885 0.678558 -0.081918 0.729965 0.987305 0.986816 1 0 1.0
0 1.207688 -0.949932 9.174443 0.678558 -0.081918 0.729965 0.987305 0.986816 1 0 1.0
0 1.290439 -0.975102 9.094695 0.678558 -0.081918 0.729965 0.987305 0.986816 1 0 1.0
Default
0 0.157617 -0.893826 8.435439 -0.991383 -0.116293 -0.060294 0.018143 0.670410 1 0 1.0
0 0.159957 -0.823955 8.262204 -0.991383 -0.116293 -0.060294 0.019196 0.669922 1 0 1.0
0 0.225223 -1.343443 8.191041 -0.991383 -0.116293 -0.060294 0.018951 0.669922 1 0 1.0
Default
0 0.159957 -0.823955 8.262204 -0.532937 0.819964 -0.208897 0.081177 0.231201 1 0 1.0
0 0.273021 -0.769749 8.186527 -0.532937 0.819964 -0.208897 0.079956 0.230591 1 0 1.0
0 0.478404 -0.745247 7.758729 -0.532937 0.819964 -0.208897 0.079834 0.230591 1 0 1.0
Default
0 0.159957 -0.823955 8.262204 -0.745978 0.541904 -0.387114 0.081177 0.232788 1 0 1.0
0 0.478404 -0.745247 7.758729 -0.745978 0.541904 -0.387114 0.081177 0.232788 1 0 1.0
0 0.347674 -0.905167 7.786784 -0.745978 0.541904 -0.387114 0.081177 0.232788 1 0 1.0
Default
0 4.291564 -4.845044 4.185770 -0.093802 -0.335999 -0.937180 0.078552 0.955566 1 0 1.0
0 4.446972 -5.272028 4.323298 -0.093802 -0.335999 -0.937180 0.078552 0.955566 1 0 1.0
0 4.007162 -5.339479 4.391501 -0.093802 -0.335999 -0.937180 0.078552 0.955566 1 0 1.0
Default
0 4.071782 -4.241197 4.655319 0.041853 0.885160 -0.463400 0.078552 0.955566 1 0 1.0
0 4.136154 -4.418061 4.323298 0.041853 0.885160 -0.463400 0.078552 0.955566 1 0 1.0
0 3.650439 -4.359389 4.391501 0.041853 0.885160 -0.463400 0.078552 0.955566 1 0 1.0
Default
0 4.071782 -4.241197 4.655319 0.183684 0.836513 0.516243 0.078552 0.955566 1 0 1.0
0 3.576559 -4.156404 4.694126 0.183684 0.836513 0.516243 0.078552 0.955566 1 0 1.0
0 3.650439 -4.359389 4.996754 0.183684 0.836513 0.516243 0.078552 0.955566 1 0 1.0
Default
0 4.291564 -4.845044 5.124868 -0.231079 -0.000590 0.972935 0.078552 0.955566 1 0 1.0
0 3.828801 -4.849433 5.014956 -0.231079 -0.000590 0.972935 0.078552 0.955566 1 0 1.0
0 4.007162 -5.339479 5.057021 -0.231079 -0.000590 0.972935 0.078552 0.955566 1 0 1.0
Default
0 4.511346 -5.448892 4.655319 0.124358 -0.809728 -0.573478 0.078552 0.955566 1 0 1.0
0 4.081043 -5.542462 4.694126 0.124358 -0.809728 -0.573478 0.078552 0.955566 1 0 1.0
0 4.007162 -5.339479 4.391501 0.124358 -0.809728 -0.573478 0.078552 0.955566 1 0 1.0
Default
0 4.136154 -4.418061 4.323298 -0.168129 0.246246 -0.954513 0.078552 0.955566 1 0 1.0
0 4.291564 -4.845044 4.185770 -0.168129 0.246246 -0.954513 0.078552 0.955566 1 0 1.0
0 3.828801 -4.849433 4.266149 -0.168129 0.246246 -0.954513 0.078552 0.955566 1 0 1.0
Default
0 4.136154 -4.418061 4.987340 0.024930 0.046167 0.998623 0.078552 0.955566 1 0 1.0
0 3.650439 -4.359389 4.996754 0.024930 0.046167 0.998623 0.078552 0.955566 1 0 1.0
0 3.828801 -4.849433 5.014956 0.024930 0.046167 0.998623 0.078552 0.955566 1 0 1.0
Default
0 10.413741 2.905427 4.655321 -0.658087 0.580503 0.479519 0.078552 0.955566 1 0 1.0
0 4.986214 -3.247489 4.655319 -0.658087 0.580503 0.479519 0.078552 0.955566 1 0 1.0
0 5.078810 -3.389243 4.954003 -0.658087 0.580503 0.479519 0.078552 0.955566 1 0 1.0
Default
0 10.953594 2.698706 5.238080 0.209863 -0.208265 0.955292 0.078552 0.955566 1 0 1.0
0 5.302357 -3.731459 5.077720 0.209863 -0.208265 0.955292 0.078552 0.955566 1 0 1.0
0 5.525904 -4.073676 4.954003 0.209863 -0.208265 0.955292 0.078552 0.955566 1 0 1.0
Default
0 10.571862 2.844880 4.243247 -0.312892 0.252153 -0.915706 0.078552 0.955566 1 0 1.0
0 10.953594 2.698708 4.072560 -0.312892 0.252153 -0.915706 0.078552 0.955566 1 0 1.0
0 5.302357 -3.731459 4.232918 -0.312892 0.252153 -0.915706 0.078552 0.955566 1 0 1.0
Default
0 10.571862 2.844880 5.067393 -0.235825 0.190459 0.952949 0.078552 0.955566 1 0 1.0
0 5.078810 -3.389243 4.954003 -0.235825 0.190459 0.952949 0.078552 0.955566 1 0 1.0
0 5.302357 -3.731459 5.077720 -0.235825 0.190459 0.952949 0.078552 0.955566 1 0 1.0
Default
0 11.335324 2.552534 5.067393 0.655589 -0.582990 0.479923 0.078552 0.955566 1 0 1.0
0 5.525904 -4.073676 4.954003 0.655589 -0.582990 0.479923 0.078552 0.955566 1 0 1.0
0 5.618501 -4.215427 4.655319 0.655589 -0.582990 0.479923 0.078552 0.955566 1 0 1.0
Default
0 10.953594 2.698708 4.072560 0.300781 -0.279309 -0.911876 0.078552 0.955566 1 0 1.0
0 11.335324 2.552534 4.243247 0.300781 -0.279309 -0.911876 0.078552 0.955566 1 0 1.0
0 5.525903 -4.073676 4.356637 0.300781 -0.279309 -0.911876 0.078552 0.955566 1 0 1.0
Default
0 10.413741 2.905427 4.655321 -0.703245 0.613101 -0.359935 0.078552 0.955566 1 0 1.0
0 10.571862 2.844880 4.243247 -0.703245 0.613101 -0.359935 0.078552 0.955566 1 0 1.0
0 5.078810 -3.389243 4.356637 -0.703245 0.613101 -0.359935 0.078552 0.955566 1 0 1.0
Default
0 12.016318 19.298524 4.655321 0.912278 0.088310 -0.399938 0.078552 0.955566 1 0 1.0
0 12.877282 10.404422 4.655321 0.912278 0.088310 -0.399938 0.078552 0.955566 1 0 1.0
0 12.676973 10.399319 4.197279 0.912278 0.088310 -0.399938 0.078552 0.955566 1 0 1.0
Default
0 11.472612 19.236975 4.409003 -0.365477 0.012454 -0.930737 0.078552 0.955566 1 0 1.0
0 12.193385 10.387011 4.007553 -0.365477 0.012454 -0.930737 0.078552 0.955566 1 0 1.0
0 11.709798 10.374699 4.197281 -0.365477 0.012454 -0.930737 0.078552 0.955566 1 0 1.0
Default
0 11.472612 19.236975 4.901639 -0.186426 0.018478 0.982295 0.078552 0.955566 1 0 1.0
0 11.088154 19.193459 4.829493 -0.186426 0.018478 0.982295 0.078552 0.955566 1 0 1.0
0 11.709798 10.374699 5.113361 -0.186426 0.018478 0.982295 0.078552 0.955566 1 0 1.0
Default
0 12.016318 19.298524 4.655321 0.730477 0.089079 0.677103 0.078552 0.955566 1 0 1.0
0 11.857071 19.280495 4.829493 0.730477 0.089079 0.677103 0.078552 0.955566 1 0 1.0
0 12.676973 10.399319 5.113361 0.730477 0.089079 0.677103 0.078552 0.955566 1 0 1.0
Default
0 11.857071 19.280495 4.481147 0.363101 0.063234 -0.929601 0.078552 0.955566 1 0 1.0
0 12.676973 10.399319 4.197279 0.363101 0.063234 -0.929601 0.078552 0.955566 1 0 1.0
0 12.193385 10.387011 4.007553 0.363101 0.063234 -0.929601 0.078552 0.955566 1 0 1.0
Default
0 11.088154 19.193459 4.481147 -0.914786 -0.051588 -0.400631 0.078552 0.955566 1 0 1.0
0 11.709798 10.374699 4.197281 -0.914786 -0.051588 -0.400631 0.078552 0.955566 1 0 1.0
0 11.509487 10.369600 4.655321 -0.914786 -0.051588 -0.400631 0.078552 0.955566 1 0 1.0
Default
0 11.088154 19.193459 4.829493 -0.734646 -0.048436 0.676720 0.078552 0.955566 1 0 1.0
0 10.928904 19.175434 4.655321 -0.734646 -0.048436 0.676720 0.078552 0.955566 1 0 1.0
0 11.509487 10.369600 4.655321 -0.734646 -0.048436 0.676720 0.078552 0.955566 1 0 1.0
Default
0 11.857071 19.280495 4.829493 0.177657 0.059029 0.982321 0.078552 0.955566 1 0 1.0
0 11.472612 19.236975 4.901639 0.177657 0.059029 0.982321 0.078552 0.955566 1 0 1.0
0 12.193385 10.387011 5.303087 0.177657 0.059029 0.982321 0.078552 0.955566 1 0 1.0
Default
0 10.345263 21.182864 4.655319 -0.858288 -0.284486 -0.427095 0.078552 0.955566 1 0 1.0
0 9.890709 22.554239 4.655321 -0.858288 -0.284486 -0.427095 0.078552 0.955566 1 0 1.0
0 10.699766 20.484891 4.407828 -0.858288 -0.284486 -0.427095 0.078552 0.955566 1 0 1.0
Default
0 11.384896 20.263570 5.087985 0.199408 -0.158493 0.967014 0.078552 0.955566 1 0 1.0
0 11.472612 19.236975 4.901639 0.199408 -0.158493 0.967014 0.078552 0.955566 1 0 1.0
0 11.857071 19.280495 4.829493 0.199408 -0.158493 0.967014 0.078552 0.955566 1 0 1.0
Default
0 11.384896 20.263570 5.087985 -0.301314 -0.144129 0.942569 0.078552 0.955566 1 0 1.0
0 10.699766 20.484891 4.902810 -0.301314 -0.144129 0.942569 0.078552 0.955566 1 0 1.0
0 11.088154 19.193459 4.829493 -0.301314 -0.144129 0.942569 0.078552 0.955566 1 0 1.0
Default
0 11.384896 20.263570 4.305314 0.275217 -0.039619 -0.960566 0.078552 0.955566 1 0 1.0
0 11.792357 20.608564 4.407828 0.275217 -0.039619 -0.960566 0.078552 0.955566 1 0 1.0
0 11.857071 19.280495 4.481147 0.275217 -0.039619 -0.960566 0.078552 0.955566 1 0 1.0
Default
0 9.890709 22.554239 4.655321 0.814323 0.580412 0.000000 0.078552 0.955566 1 0 1.0
0 10.968116 21.042627 4.781343 0.814323 0.580412 0.000000 0.078552 0.955566 1 0 1.0
0 10.968116 21.042627 4.529295 0.814323 0.580412 0.000000 0.078552 0.955566 1 0 1.0
Default
0 10.345263 21.182864 4.655319 -0.725235 -0.128508 0.676402 0.078552 0.955566 1 0 1.0
0 10.473479 20.459274 4.655319 -0.725235 -0.128508 0.676402 0.078552 0.955566 1 0 1.0
0 10.699766 20.484891 4.902810 -0.725235 -0.128508 0.676402 0.078552 0.955566 1 0 1.0
Default
0 10.968116 21.042627 4.529295 -0.066404 0.242726 -0.967820 0.078552 0.955566 1 0 1.0
0 11.384896 20.263570 4.305314 -0.066404 0.242726 -0.967820 0.078552 0.955566 1 0 1.0
0 10.699766 20.484891 4.407828 -0.066404 0.242726 -0.967820 0.078552 0.955566 1 0 1.0
Default
0 10.968116 21.042627 4.781343 0.110428 0.160481 0.980842 0.078552 0.955566 1 0 1.0
0 9.890709 22.554239 4.655321 0.110428 0.160481 0.980842 0.078552 0.955566 1 0 1.0
0 10.699766 20.484891 4.902810 0.110428 0.160481 0.980842 0.078552 0.955566 1 0 1.0
Default
0 11.673501 21.655038 4.784822 -0.982557 -0.185960 0.000000 0.078552 0.955566 1 0 1.0
0 11.335162 23.442717 4.655319 -0.982557 -0.185960 0.000000 0.078552 0.955566 1 0 1.0
0 11.673501 21.655038 4.525817 -0.982557 -0.185960 0.000000 0.078552 0.955566 1 0 1.0
Default
0 11.673501 21.655038 4.784822 0.308125 0.141073 0.940828 0.078552 0.955566 1 0 1.0
0 11.384896 20.263570 5.087985 0.308125 0.141073 0.940828 0.078552 0.955566 1 0 1.0
0 11.792357 20.608564 4.902810 0.308125 0.141073 0.940828 0.078552 0.955566 1 0 1.0
Default
0 11.384896 20.263570 4.305314 0.139875 0.126610 -0.982041 0.078552 0.955566 1 0 1.0
0 11.673501 21.655038 4.525817 0.139875 0.126610 -0.982041 0.078552 0.955566 1 0 1.0
0 11.792357 20.608564 4.407828 0.139875 0.126610 -0.982041 0.078552 0.955566 1 0 1.0
Default
0 3.687327 -6.001418 5.117983 0.829172 -0.249199 0.500374 0.078552 0.955566 1 0 1.0
0 3.827426 -6.386334 4.694126 0.829172 -0.249199 0.500374 0.078552 0.955566 1 0 1.0
0 4.081043 -5.542462 4.694126 0.829172 -0.249199 0.500374 0.078552 0.955566 1 0 1.0
Default
0 3.252080 -5.805392 4.362738 0.102085 -0.160776 -0.981697 0.078552 0.955566 1 0 1.0
0 2.639823 -5.068244 4.178345 0.102085 -0.160776 -0.981697 0.078552 0.955566 1 0 1.0
0 3.828801 -4.849433 4.266149 0.102085 -0.160776 -0.981697 0.078552 0.955566 1 0 1.0
Default
0 2.518870 -3.832564 4.694126 0.254357 0.830752 -0.495129 0.078552 0.955566 1 0 1.0
0 3.576559 -4.156404 4.694126 0.254357 0.830752 -0.495129 0.078552 0.955566 1 0 1.0
0 3.650439 -4.359389 4.391501 0.254357 0.830752 -0.495129 0.078552 0.955566 1 0 1.0
Default
0 3.010876 -4.142884 5.332545 0.477106 0.779316 0.406246 0.078552 0.955566 1 0 1.0
0 3.650439 -4.359389 4.996754 0.477106 0.779316 0.406246 0.078552 0.955566 1 0 1.0
0 3.576559 -4.156404 4.694126 0.477106 0.779316 0.406246 0.078552 0.955566 1 0 1.0
Default
0 3.349102 -5.072151 5.370889 0.392797 -0.105658 0.913535 0.078552 0.955566 1 0 1.0
0 3.687327 -6.001418 5.117983 0.392797 -0.105658 0.913535 0.078552 0.955566 1 0 1.0
0 4.007162 -5.339479 5.057021 0.392797 -0.105658 0.913535 0.078552 0.955566 1 0 1.0
Default
0 3.252080 -5.805392 4.362738 0.446729 -0.688739 -0.571027 0.078552 0.955566 1 0 1.0
0 4.007162 -5.339479 4.391501 0.446729 -0.688739 -0.571027 0.078552 0.955566 1 0 1.0
0 4.081043 -5.542462 4.694126 0.446729 -0.688739 -0.571027 0.078552 0.955566 1 0 1.0
Default
0 0.199758 -1.295013 8.079918 0.236646 0.524958 0.817568 0.019165 0.669922 1 0 1.0
0 0.347674 -0.905167 7.786784 0.236646 0.524958 0.817568 0.019196 0.669922 1 0 1.0
0 0.000000 -0.989868 7.941805 0.236646 0.524958 0.817568 0.019196 0.669922 1 0 1.0
Default
0 0.576363 -0.751875 8.645461 -0.110838 0.993237 0.034577 0.084290 0.228271 1 0 1.0
0 0.273021 -0.769749 8.186527 -0.110838 0.993237 0.034577 0.084167 0.228149 1 0 1.0
0 0.273520 -0.784726 8.618347 -0.110838 0.993237 0.034577 0.082153 0.229370 1 0 1.0
Default
0 5.844373 -7.485428 3.972465 0.323148 -0.174938 -0.930039 0.078552 0.955566 1 0 1.0
0 5.984028 -7.912411 4.101303 0.323148 -0.174938 -0.930039 0.078552 0.955566 1 0 1.0
0 5.224436 -8.232930 3.897667 0.323148 -0.174938 -0.930039 0.078552 0.955566 1 0 1.0
Default
0 5.675920 -7.058445 4.060369 -0.046768 0.748283 -0.661729 0.078552 0.955566 1 0 1.0
0 4.867713 -7.252841 3.897667 -0.046768 0.748283 -0.661729 0.078552 0.955566 1 0 1.0
0 4.793833 -7.049856 4.132423 -0.046768 0.748283 -0.661729 0.078552 0.955566 1 0 1.0
Default
0 5.577347 -6.881581 4.313527 -0.300740 0.672558 0.676181 0.078552 0.955566 1 0 1.0
0 4.793833 -7.049856 4.132423 -0.300740 0.672558 0.676181 0.078552 0.955566 1 0 1.0
0 4.867713 -7.252841 4.367179 -0.300740 0.672558 0.676181 0.078552 0.955566 1 0 1.0
Default
0 5.606398 -7.058445 4.583640 -0.299558 0.079627 0.950749 0.078552 0.955566 1 0 1.0
0 4.867713 -7.252841 4.367179 -0.299558 0.079627 0.950749 0.078552 0.955566 1 0 1.0
0 5.046075 -7.742885 4.464419 -0.299558 0.079627 0.950749 0.078552 0.955566 1 0 1.0
Default
0 6.013083 -8.089275 4.371418 0.139809 -0.785324 0.603091 0.078552 0.955566 1 0 1.0
0 5.914510 -7.912412 4.624574 0.139809 -0.785324 0.603091 0.078552 0.955566 1 0 1.0
0 5.224436 -8.232930 4.367179 0.139809 -0.785324 0.603091 0.078552 0.955566 1 0 1.0
Default
0 6.542460 -7.732545 5.187598 -0.549893 -0.226491 0.803940 0.078552 0.955566 1 0 1.0
0 6.515314 -7.278501 5.296946 -0.549893 -0.226491 0.803940 0.078552 0.955566 1 0 1.0
0 5.746056 -7.485428 4.712478 -0.549893 -0.226491 0.803940 0.078552 0.955566 1 0 1.0
Default
0 6.751994 -7.732544 4.692840 0.526992 -0.772650 -0.353965 0.078552 0.955566 1 0 1.0
0 6.640495 -7.920615 4.937367 0.526992 -0.772650 -0.353965 0.078552 0.955566 1 0 1.0
0 6.013083 -8.089275 4.371418 0.526992 -0.772650 -0.353965 0.078552 0.955566 1 0 1.0
Default
0 6.811645 -7.278500 4.597257 0.454928 0.348217 -0.819625 0.078552 0.955566 1 0 1.0
0 5.844373 -7.485428 3.972465 0.454928 0.348217 -0.819625 0.078552 0.955566 1 0 1.0
0 5.675920 -7.058445 4.060369 0.454928 0.348217 -0.819625 0.078552 0.955566 1 0 1.0
Default
0 6.574963 -6.824458 5.201363 -0.548618 0.071901 0.832976 0.078552 0.955566 1 0 1.0
0 5.606398 -7.058445 4.583640 -0.548618 0.071901 0.832976 0.078552 0.955566 1 0 1.0
0 5.746056 -7.485428 4.712478 -0.548618 0.071901 0.832976 0.078552 0.955566 1 0 1.0
Default
0 6.811645 -7.278500 4.597257 0.627059 -0.238492 -0.741565 0.078552 0.955566 1 0 1.0
0 6.751994 -7.732544 4.692840 0.627059 -0.238492 -0.741565 0.078552 0.955566 1 0 1.0
0 5.984028 -7.912411 4.101303 0.627059 -0.238492 -0.741565 0.078552 0.955566 1 0 1.0
Default
0 6.686467 -6.636385 4.956838 -0.460755 0.718995 0.520337 0.078552 0.955566 1 0 1.0
0 5.577347 -6.881581 4.313527 -0.460755 0.718995 0.520337 0.078552 0.955566 1 0 1.0
0 5.606398 -7.058445 4.583640 -0.460755 0.718995 0.520337 0.078552 0.955566 1 0 1.0
Default
0 14.915404 -5.983451 6.332374 0.140220 -0.923148 0.357960 0.078552 0.955566 1 0 1.0
0 14.851648 -5.862857 6.668349 0.140220 -0.923148 0.357960 0.078552 0.955566 1 0 1.0
0 6.561403 -7.712846 5.144834 0.140220 -0.923148 0.357960 0.078552 0.955566 1 0 1.0
Default
0 3.741272 -8.149034 3.801033 0.076818 -0.248226 -0.965651 0.078552 0.955566 1 0 1.0
0 3.353527 -7.551702 3.616640 0.076818 -0.248226 -0.965651 0.078552 0.955566 1 0 1.0
0 5.046075 -7.742884 3.800427 0.076818 -0.248226 -0.965651 0.078552 0.955566 1 0 1.0
Default
0 3.656341 -6.879109 4.132423 0.115444 0.769069 -0.628653 0.078552 0.955566 1 0 1.0
0 4.793833 -7.049856 4.132423 0.115444 0.769069 -0.628653 0.078552 0.955566 1 0 1.0
0 4.867713 -7.252841 3.897667 0.115444 0.769069 -0.628653 0.078552 0.955566 1 0 1.0
Default
0 4.314244 -7.215623 4.577588 0.271825 0.768634 0.579063 0.078552 0.955566 1 0 1.0
0 4.867713 -7.252841 4.367179 0.271825 0.768634 0.579063 0.078552 0.955566 1 0 1.0
0 4.793833 -7.049856 4.132423 0.271825 0.768634 0.579063 0.078552 0.955566 1 0 1.0
Default
0 4.172170 -7.811207 4.761983 0.210529 -0.334605 0.918541 0.078552 0.955566 1 0 1.0
0 4.030094 -8.406791 4.577588 0.210529 -0.334605 0.918541 0.078552 0.955566 1 0 1.0
0 5.224436 -8.232930 4.367179 0.210529 -0.334605 0.918541 0.078552 0.955566 1 0 1.0
Default
0 3.971245 -8.653491 4.132423 0.024154 -0.541175 -0.840563 0.078552 0.955566 1 0 1.0
0 3.741272 -8.149034 3.801033 0.024154 -0.541175 -0.840563 0.078552 0.955566 1 0 1.0
0 5.224436 -8.232930 3.897667 0.024154 -0.541175 -0.840563 0.078552 0.955566 1 0 1.0
Default
0 3.353527 -7.551702 3.616640 0.111646 0.319254 -0.941069 0.078552 0.955566 1 0 1.0
0 3.299824 -6.989385 3.801033 0.111646 0.319254 -0.941069 0.078552 0.955566 1 0 1.0
0 4.867713 -7.252841 3.897667 0.111646 0.319254 -0.941069 0.078552 0.955566 1 0 1.0
Default
0 4.314244 -7.215623 4.577588 0.299506 0.216257 0.929263 0.078552 0.955566 1 0 1.0
0 4.172170 -7.811207 4.761983 0.299506 0.216257 0.929263 0.078552 0.955566 1 0 1.0
0 5.046075 -7.742885 4.464419 0.299506 0.216257 0.929263 0.078552 0.955566 1 0 1.0
Default
0 15.607124 -5.368086 6.869143 -0.110878 0.315222 0.942519 0.078552 0.955566 1 0 1.0
0 15.532478 -4.932759 6.714767 -0.110878 0.315222 0.942519 0.078552 0.955566 1 0 1.0
0 14.729513 -5.116527 6.681768 -0.110878 0.315222 0.942519 0.078552 0.955566 1 0 1.0
Default
0 14.935479 -5.837140 6.001195 0.198942 -0.226842 -0.953396 0.078552 0.955566 1 0 1.0
0 6.734463 -7.712845 4.736202 0.198942 -0.226842 -0.953396 0.078552 0.955566 1 0 1.0
0 6.791522 -7.278500 4.644764 0.198942 -0.226842 -0.953396 0.078552 0.955566 1 0 1.0
Default
0 14.813339 -5.090813 6.014615 -0.073552 0.783165 -0.617449 0.078552 0.955566 1 0 1.0
0 6.765558 -6.844157 4.749370 -0.073552 0.783165 -0.617449 0.078552 0.955566 1 0 1.0
0 6.684586 -6.688823 4.956040 -0.073552 0.783165 -0.617449 0.078552 0.955566 1 0 1.0
Default
0 14.851648 -5.862857 6.668349 -0.080955 -0.427085 0.900580 0.078552 0.955566 1 0 1.0
0 14.770471 -5.495860 6.835094 -0.080955 -0.427085 0.900580 0.078552 0.955566 1 0 1.0
0 6.535436 -7.278501 5.249439 -0.080955 -0.427085 0.900580 0.078552 0.955566 1 0 1.0
Default
0 14.915404 -5.983451 6.332374 0.271758 -0.818732 -0.505791 0.078552 0.955566 1 0 1.0
0 6.642373 -7.868178 4.938163 0.271758 -0.818732 -0.505791 0.078552 0.955566 1 0 1.0
0 6.734463 -7.712845 4.736202 0.271758 -0.818732 -0.505791 0.078552 0.955566 1 0 1.0
Default
0 14.894519 -5.457807 5.847872 0.090040 0.238276 -0.967014 0.078552 0.955566 1 0 1.0
0 6.791522 -7.278500 4.644764 0.090040 0.238276 -0.967014 0.078552 0.955566 1 0 1.0
0 6.765558 -6.844157 4.749370 0.090040 0.238276 -0.967014 0.078552 0.955566 1 0 1.0
Default
0 14.770471 -5.495860 6.835094 -0.242475 0.340943 0.908275 0.078552 0.955566 1 0 1.0
0 14.729513 -5.116527 6.681768 -0.242475 0.340943 0.908275 0.078552 0.955566 1 0 1.0
0 6.592497 -6.844157 5.158003 -0.242475 0.340943 0.908275 0.078552 0.955566 1 0 1.0
Default
0 15.551137 -5.959099 6.355103 0.055785 -0.912628 0.404967 0.078552 0.955566 1 0 1.0
0 15.610931 -5.803416 6.697712 0.055785 -0.912628 0.404967 0.078552 0.955566 1 0 1.0
0 14.851648 -5.862857 6.668349 0.055785 -0.912628 0.404967 0.078552 0.955566 1 0 1.0
Default
0 15.388645 -5.368085 5.864225 0.051947 -0.325845 -0.943995 0.078552 0.955566 1 0 1.0
0 15.463291 -5.803414 6.018599 0.051947 -0.325845 -0.943995 0.078552 0.955566 1 0 1.0
0 14.935479 -5.837140 6.001195 0.051947 -0.325845 -0.943995 0.078552 0.955566 1 0 1.0
Default
0 15.610931 -5.803416 6.697712 0.018066 -0.366211 0.930356 0.078552 0.955566 1 0 1.0
0 15.607124 -5.368086 6.869143 0.018066 -0.366211 0.930356 0.078552 0.955566 1 0 1.0
0 14.770471 -5.495860 6.835094 0.018066 -0.366211 0.930356 0.078552 0.955566 1 0 1.0
Default
0 15.388645 -5.368085 5.864225 -0.043372 0.405296 -0.913156 0.078552 0.955566 1 0 1.0
0 14.894519 -5.457807 5.847872 -0.043372 0.405296 -0.913156 0.078552 0.955566 1 0 1.0
0 14.813339 -5.090813 6.014615 -0.043372 0.405296 -0.913156 0.078552 0.955566 1 0 1.0
Default
0 15.415645 -4.941239 6.173712 -0.497226 0.819300 -0.285505 0.078552 0.955566 1 0 1.0
0 15.451109 -4.848928 6.376853 -0.497226 0.819300 -0.285505 0.078552 0.955566 1 0 1.0
0 18.947689 -4.292727 1.883420 -0.497226 0.819300 -0.285505 0.078552 0.955566 1 0 1.0
Default
0 19.415277 -4.899286 2.115434 0.758991 -0.232810 0.608056 0.078552 0.955566 1 0 1.0
0 15.576384 -5.368086 6.727746 0.758991 -0.232810 0.608056 0.078552 0.955566 1 0 1.0
0 15.580117 -5.794934 6.559656 0.758991 -0.232810 0.608056 0.078552 0.955566 1 0 1.0
Default
0 19.257153 -5.397994 1.940280 0.464347 -0.834030 0.297954 0.078552 0.955566 1 0 1.0
0 15.580117 -5.794934 6.559656 0.464347 -0.834030 0.297954 0.078552 0.955566 1 0 1.0
0 15.544664 -5.887244 6.356513 0.464347 -0.834030 0.297954 0.078552 0.955566 1 0 1.0
Default
0 15.451109 -4.848928 6.376853 0.286703 0.895806 0.339607 0.078552 0.955566 1 0 1.0
0 15.503191 -4.941239 6.576381 0.286703 0.895806 0.339607 0.078552 0.955566 1 0 1.0
0 19.193783 -4.400579 2.034574 0.286703 0.895806 0.339607 0.078552 0.955566 1 0 1.0
Default
0 19.024763 -5.505847 1.768730 -0.330014 -0.886616 -0.324042 0.078552 0.955566 1 0 1.0
0 15.544664 -5.887244 6.356513 -0.330014 -0.886616 -0.324042 0.078552 0.955566 1 0 1.0
0 15.492576 -5.794932 6.156985 -0.330014 -0.886616 -0.324042 0.078552 0.955566 1 0 1.0
Default
0 18.778669 -5.397994 1.617573 -0.750221 -0.331509 -0.572075 0.078552 0.955566 1 0 1.0
0 15.492576 -5.794932 6.156985 -0.750221 -0.331509 -0.572075 0.078552 0.955566 1 0 1.0
0 15.419386 -5.368086 6.005616 -0.750221 -0.331509 -0.572075 0.078552 0.955566 1 0 1.0
Default
0 19.415277 -4.899286 2.115434 0.686218 0.402964 0.605578 0.078552 0.955566 1 0 1.0
0 19.193783 -4.400579 2.034574 0.686218 0.402964 0.605578 0.078552 0.955566 1 0 1.0
0 15.503191 -4.941239 6.576381 0.686218 0.402964 0.605578 0.078552 0.955566 1 0 1.0
Default
0 15.419386 -5.368086 6.005616 -0.797494 0.215009 -0.563715 0.078552 0.955566 1 0 1.0
0 15.415645 -4.941239 6.173712 -0.797494 0.215009 -0.563715 0.078552 0.955566 1 0 1.0
0 18.715294 -4.400579 1.711880 -0.797494 0.215009 -0.563715 0.078552 0.955566 1 0 1.0
Default
0 19.719028 -4.266215 1.445068 0.508091 0.118044 -0.853176 0.078552 0.955566 1 0 1.0
0 19.987761 -4.835799 1.526295 0.508075 0.118057 -0.853184 0.078552 0.955566 1 0 1.0
0 19.845208 -4.835799 1.441403 0.508083 0.118058 -0.853179 0.078552 0.955566 1 0 1.0
Default
0 23.869504 -3.685455 -6.316674 0.262955 0.939061 0.221402 0.078552 0.955566 1 0 1.0
0 19.421742 -4.229435 1.273106 0.262955 0.939061 0.221402 0.078552 0.955566 1 0 1.0
0 19.591795 -4.298672 1.364805 0.262955 0.939061 0.221402 0.078552 0.955566 1 0 1.0
Default
0 24.221467 -4.036300 -6.135116 0.802172 -0.425995 0.418389 0.078552 0.955566 1 0 1.0
0 19.845208 -4.835799 1.441403 0.802172 -0.425995 0.418389 0.078552 0.955566 1 0 1.0
0 19.657146 -5.372929 1.255077 0.802172 -0.425995 0.418389 0.078552 0.955566 1 0 1.0
Default
0 23.894171 -4.387146 -6.358092 -0.235183 -0.933971 -0.269050 0.078552 0.955566 1 0 1.0
0 19.495518 -5.442166 1.149231 -0.235183 -0.933971 -0.269050 0.078552 0.955566 1 0 1.0
0 19.325468 -5.372928 1.057525 -0.235183 -0.933971 -0.269050 0.078552 0.955566 1 0 1.0
Default
0 23.725214 -3.725517 -6.405813 -0.723350 0.584351 -0.367830 0.078552 0.955566 1 0 1.0
0 23.542210 -4.036301 -6.539656 -0.723350 0.584351 -0.367830 0.078552 0.955566 1 0 1.0
0 19.072051 -4.835799 0.980932 -0.723350 0.584351 -0.367830 0.078552 0.955566 1 0 1.0
Default
0 24.016613 -3.725516 -6.232268 0.765859 0.429562 0.478473 0.078552 0.955566 1 0 1.0
0 19.591795 -4.298672 1.364805 0.765859 0.429562 0.478473 0.078552 0.955566 1 0 1.0
0 19.845208 -4.835799 1.441403 0.765859 0.429562 0.478473 0.078552 0.955566 1 0 1.0
Default
0 24.038464 -4.347085 -6.268952 0.349893 -0.933665 0.076448 0.078552 0.955566 1 0 1.0
0 19.657146 -5.372929 1.255077 0.349893 -0.933665 0.076448 0.078552 0.955566 1 0 1.0
0 19.495518 -5.442166 1.149231 0.349893 -0.933665 0.076448 0.078552 0.955566 1 0 1.0
Default
0 23.747068 -4.347086 -6.442510 -0.752410 -0.426560 -0.501923 0.078552 0.955566 1 0 1.0
0 19.325468 -5.372928 1.057525 -0.752410 -0.426560 -0.501923 0.078552 0.955566 1 0 1.0
0 19.072051 -4.835799 0.980932 -0.752410 -0.426560 -0.501923 0.078552 0.955566 1 0 1.0
Default
0 24.856125 -3.667637 -7.803036 0.175424 0.975950 0.129414 0.078552 0.955566 1 0 1.0
0 25.992837 -3.592605 -9.881886 0.168811 0.977357 0.127581 0.078552 0.955566 1 0 1.0
0 24.780620 -3.648922 -7.846494 0.169611 0.977396 0.126207 0.078552 0.955566 1 0 1.0
Default
0 24.611928 -3.812799 -7.960076 -0.687779 0.588204 -0.425413 0.078552 0.955566 1 0 1.0
0 23.542210 -4.036301 -6.539656 -0.687779 0.588204 -0.425413 0.078552 0.955566 1 0 1.0
0 23.725214 -3.725517 -6.405813 -0.687779 0.588204 -0.425413 0.078552 0.955566 1 0 1.0
Default
0 24.716648 -3.957963 -7.909318 -0.606113 -0.572213 -0.552449 0.078552 0.955566 1 0 1.0
0 23.747068 -4.347086 -6.442510 -0.606113 -0.572213 -0.552449 0.078552 0.955566 1 0 1.0
0 23.542210 -4.036301 -6.539656 -0.606113 -0.572213 -0.552449 0.078552 0.955566 1 0 1.0
Default
0 24.611928 -3.812799 -7.960076 -0.595351 -0.611653 -0.520997 0.078552 0.955566 1 0 1.0
0 24.716648 -3.957963 -7.909318 -0.595351 -0.611653 -0.520997 0.078552 0.955566 1 0 1.0
0 23.542210 -4.036301 -6.539656 -0.606113 -0.572213 -0.552449 0.078552 0.955566 1 0 1.0
Default
0 24.716648 -3.957963 -7.909318 -0.099269 -0.964946 -0.242950 0.078552 0.955566 1 0 1.0
0 25.992837 -3.592605 -9.881886 -0.099269 -0.964946 -0.242950 0.078552 0.955566 1 0 1.0
0 24.792149 -3.976675 -7.865847 -0.099269 -0.964946 -0.242950 0.078552 0.955566 1 0 1.0
Default
0 24.792149 -3.976675 -7.865847 0.260904 -0.964946 -0.028443 0.078552 0.955566 1 0 1.0
0 25.992837 -3.592605 -9.881886 0.260904 -0.964946 -0.028443 0.078552 0.955566 1 0 1.0
0 24.866333 -3.957963 -7.820174 0.260904 -0.964946 -0.028443 0.078552 0.955566 1 0 1.0
Default
0 24.611928 -3.812799 -7.960076 -0.595351 -0.611653 -0.520997 0.078552 0.955566 1 0 1.0
0 25.992837 -3.592605 -9.881886 -0.605976 -0.613994 -0.505771 0.078552 0.955566 1 0 1.0
0 24.716648 -3.957963 -7.909318 -0.595351 -0.611653 -0.520997 0.078552 0.955566 1 0 1.0
Default
0 5.976307 -9.572623 3.972465 0.301073 -0.210672 -0.930039 0.078552 0.955566 1 0 1.0
0 6.066324 -10.012753 4.101303 0.301073 -0.210672 -0.930039 0.078552 0.955566 1 0 1.0
0 5.275114 -10.244495 3.897667 0.301073 -0.210672 -0.930039 0.078552 0.955566 1 0 1.0
Default
0 5.857681 -9.129205 4.060369 0.038930 0.748731 -0.661729 0.078552 0.955566 1 0 1.0
0 5.032570 -9.230100 3.897667 0.038930 0.748731 -0.661729 0.078552 0.955566 1 0 1.0
0 4.982336 -9.020010 4.132423 0.038930 0.748731 -0.661729 0.078552 0.955566 1 0 1.0
Default
0 5.779937 -8.942248 4.313527 -0.222024 0.702484 0.676182 0.078552 0.955566 1 0 1.0
0 4.982336 -9.020010 4.132423 -0.222024 0.702484 0.676182 0.078552 0.955566 1 0 1.0
0 5.032570 -9.230100 4.367179 -0.222024 0.702484 0.676182 0.078552 0.955566 1 0 1.0
Default
0 5.788613 -9.121271 4.583640 -0.288514 0.113292 0.950749 0.078552 0.955566 1 0 1.0
0 5.032570 -9.230100 4.367179 -0.288514 0.113292 0.950749 0.078552 0.955566 1 0 1.0
0 5.153843 -9.737297 4.464419 -0.288514 0.113292 0.950749 0.078552 0.955566 1 0 1.0
Default
0 6.075004 -10.191777 4.371418 0.049276 -0.796150 0.603090 0.078552 0.955566 1 0 1.0
0 5.997261 -10.004821 4.624574 0.049276 -0.796150 0.603090 0.078552 0.955566 1 0 1.0
0 5.275117 -10.244495 4.367179 0.049276 -0.796150 0.603090 0.078552 0.955566 1 0 1.0
Default
0 6.641633 -9.897790 5.187598 -0.572149 -0.162259 0.803939 0.078552 0.955566 1 0 1.0
0 6.666479 -9.443614 5.296946 -0.572149 -0.162259 0.803939 0.078552 0.955566 1 0 1.0
0 5.878634 -9.561403 4.712478 -0.572149 -0.162259 0.803939 0.078552 0.955566 1 0 1.0
Default
0 6.849798 -9.921699 4.692840 0.435376 -0.827741 -0.353966 0.078552 0.955566 1 0 1.0
0 6.717565 -10.095818 4.937367 0.435376 -0.827741 -0.353966 0.078552 0.955566 1 0 1.0
0 6.075004 -10.191777 4.371418 0.435376 -0.827741 -0.353966 0.078552 0.955566 1 0 1.0
Default
0 6.960874 -9.477429 4.597257 0.491694 0.294027 -0.819625 0.078552 0.955566 1 0 1.0
0 5.976307 -9.572623 3.972465 0.491694 0.294027 -0.819625 0.078552 0.955566 1 0 1.0
0 5.857681 -9.129205 4.060369 0.491694 0.294027 -0.819625 0.078552 0.955566 1 0 1.0
Default
0 6.777553 -8.999344 5.201363 -0.536828 0.134037 0.832976 0.078552 0.955566 1 0 1.0
0 5.788613 -9.121271 4.583640 -0.536828 0.134037 0.832976 0.078552 0.955566 1 0 1.0
0 5.878634 -9.561403 4.712478 -0.536828 0.134037 0.832976 0.078552 0.955566 1 0 1.0
Default
0 6.960874 -9.477429 4.597257 0.595747 -0.308493 -0.741564 0.078552 0.955566 1 0 1.0
0 6.849798 -9.921699 4.692840 0.595747 -0.308493 -0.741564 0.078552 0.955566 1 0 1.0
0 6.066324 -10.012753 4.101303 0.595747 -0.308493 -0.741564 0.078552 0.955566 1 0 1.0
Default
0 6.909791 -8.825224 4.956838 -0.375695 0.766880 0.520336 0.078552 0.955566 1 0 1.0
0 5.779937 -8.942248 4.313527 -0.375695 0.766880 0.520336 0.078552 0.955566 1 0 1.0
0 5.788613 -9.121271 4.583640 -0.375695 0.766880 0.520336 0.078552 0.955566 1 0 1.0
Default
0 15.081342 -9.156097 6.364721 0.023942 -0.923424 0.383035 0.078552 0.955566 1 0 1.0
0 15.073238 -9.007379 6.723756 0.023942 -0.923424 0.383035 0.078552 0.955566 1 0 1.0
0 6.662700 -9.880380 5.144834 0.023942 -0.923424 0.383035 0.078552 0.955566 1 0 1.0
Default
0 4.311926 -10.572391 4.577588 0.315735 -0.802395 0.506431 0.078552 0.955566 1 0 1.0
0 4.127289 -10.878141 4.208266 0.315735 -0.802395 0.506431 0.078552 0.955566 1 0 1.0
0 5.325350 -10.454584 4.132423 0.315735 -0.802395 0.506431 0.078552 0.955566 1 0 1.0
Default
0 3.914822 -10.312218 3.866797 0.097664 -0.319294 -0.942610 0.078552 0.955566 1 0 1.0
0 3.793164 -9.610923 3.616640 0.097664 -0.319294 -0.942610 0.078552 0.955566 1 0 1.0
0 5.153843 -9.737297 3.800427 0.097664 -0.319294 -0.942610 0.078552 0.955566 1 0 1.0
Default
0 4.238327 -8.755974 4.132423 0.264758 0.746044 -0.611000 0.078552 0.955566 1 0 1.0
0 4.982336 -9.020010 4.132423 0.264758 0.746044 -0.611000 0.078552 0.955566 1 0 1.0
0 5.032570 -9.230100 3.897667 0.264758 0.746044 -0.611000 0.078552 0.955566 1 0 1.0
Default
0 4.539297 -9.123157 4.577588 0.397340 0.724442 0.563298 0.078552 0.955566 1 0 1.0
0 5.032570 -9.230100 4.367179 0.397340 0.724442 0.563298 0.078552 0.955566 1 0 1.0
0 4.982336 -9.020010 4.132423 0.397340 0.724442 0.563298 0.078552 0.955566 1 0 1.0
Default
0 4.425612 -9.847774 4.761983 0.294590 -0.278817 0.914045 0.078552 0.955566 1 0 1.0
0 4.311926 -10.572391 4.577588 0.294590 -0.278817 0.914045 0.078552 0.955566 1 0 1.0
0 5.275117 -10.244495 4.367179 0.294590 -0.278817 0.914045 0.078552 0.955566 1 0 1.0
Default
0 4.127289 -10.878141 4.208266 0.044658 -0.503765 -0.862686 0.078552 0.955566 1 0 1.0
0 3.914822 -10.312218 3.866797 0.044658 -0.503765 -0.862686 0.078552 0.955566 1 0 1.0
0 5.275114 -10.244495 3.897667 0.044658 -0.503765 -0.862686 0.078552 0.955566 1 0 1.0
Default
0 4.022941 -9.059983 3.819516 0.110977 0.212657 -0.970804 0.078552 0.955566 1 0 1.0
0 5.032570 -9.230100 3.897667 0.110977 0.212657 -0.970804 0.078552 0.955566 1 0 1.0
0 5.153843 -9.737297 3.800427 0.110977 0.212657 -0.970804 0.078552 0.955566 1 0 1.0
Default
0 4.539297 -9.123157 4.577588 0.348675 0.179390 0.919916 0.078552 0.955566 1 0 1.0
0 4.425612 -9.847774 4.761983 0.348675 0.179390 0.919916 0.078552 0.955566 1 0 1.0
0 5.153843 -9.737297 4.464419 0.348675 0.179390 0.919916 0.078552 0.955566 1 0 1.0
Default
0 15.915821 -8.112122 6.746680 -0.071293 0.398765 0.914278 0.078552 0.955566 1 0 1.0
0 15.027555 -8.197921 6.714837 -0.071293 0.398765 0.914278 0.078552 0.955566 1 0 1.0
0 15.050426 -8.600742 6.892312 -0.071293 0.398765 0.914278 0.078552 0.955566 1 0 1.0
Default
0 15.073105 -9.015332 6.002497 0.173163 -0.248345 -0.953068 0.078552 0.955566 1 0 1.0
0 6.834629 -9.900129 4.736202 0.173163 -0.248345 -0.953068 0.078552 0.955566 1 0 1.0
0 6.940882 -9.475133 4.644764 0.173163 -0.248345 -0.953068 0.078552 0.955566 1 0 1.0
Default
0 15.027419 -8.205876 5.993580 0.013960 0.786126 -0.617909 0.078552 0.955566 1 0 1.0
0 6.964654 -9.040665 4.749370 0.013960 0.786126 -0.617909 0.078552 0.955566 1 0 1.0
0 6.901938 -8.877105 4.956040 0.013960 0.786126 -0.617909 0.078552 0.955566 1 0 1.0
Default
0 15.073238 -9.007379 6.723756 -0.140122 -0.385838 0.911863 0.078552 0.955566 1 0 1.0
0 15.050426 -8.600742 6.892312 -0.140122 -0.385838 0.911863 0.078552 0.955566 1 0 1.0
0 6.686470 -9.445910 5.249439 -0.140122 -0.385838 0.911863 0.078552 0.955566 1 0 1.0
Default
0 15.081342 -9.156097 6.364721 0.176103 -0.844359 -0.506009 0.078552 0.955566 1 0 1.0
0 6.725416 -10.043938 4.938163 0.176103 -0.844359 -0.506009 0.078552 0.955566 1 0 1.0
0 6.834629 -9.900129 4.736202 0.176103 -0.844359 -0.506009 0.078552 0.955566 1 0 1.0
Default
0 15.050233 -8.612511 5.825026 0.116655 0.226444 -0.967013 0.078552 0.955566 1 0 1.0
0 6.940882 -9.475133 4.644764 0.116655 0.226444 -0.967013 0.078552 0.955566 1 0 1.0
0 6.964654 -9.040665 4.749370 0.116655 0.226444 -0.967013 0.078552 0.955566 1 0 1.0
Default
0 15.050426 -8.600742 6.892312 -0.208439 0.384392 0.899331 0.078552 0.955566 1 0 1.0
0 15.027555 -8.197921 6.714837 -0.208439 0.384392 0.899331 0.078552 0.955566 1 0 1.0
0 6.792725 -9.020915 5.158003 -0.208439 0.384392 0.899331 0.078552 0.955566 1 0 1.0
Default
0 15.709393 -8.558126 5.834944 -0.010708 -0.330901 -0.943605 0.078552 0.955566 1 0 1.0
0 15.735632 -9.030859 6.000423 -0.010708 -0.330901 -0.943605 0.078552 0.955566 1 0 1.0
0 15.073105 -9.015332 6.002497 -0.010708 -0.330901 -0.943605 0.078552 0.955566 1 0 1.0
Default
0 15.735632 -9.030859 6.000423 -0.065566 -0.901544 -0.427691 0.078552 0.955566 1 0 1.0
0 15.810142 -9.207401 6.361140 -0.065566 -0.901544 -0.427691 0.078552 0.955566 1 0 1.0
0 15.081342 -9.156097 6.364721 -0.065566 -0.901544 -0.427691 0.078552 0.955566 1 0 1.0
Default
0 19.238908 -8.987142 1.847763 -0.400491 -0.852970 -0.334738 0.078552 0.955566 1 0 1.0
0 15.811560 -9.149582 6.362271 -0.400491 -0.852970 -0.334738 0.078552 0.955566 1 0 1.0
0 15.765840 -9.041250 6.140924 -0.400491 -0.852970 -0.334738 0.078552 0.955566 1 0 1.0
Default
0 19.057917 -8.879435 1.724562 -0.772422 -0.247605 -0.584856 0.078552 0.955566 1 0 1.0
0 15.765840 -9.041250 6.140924 -0.772422 -0.247605 -0.584856 0.078552 0.955566 1 0 1.0
0 15.739215 -8.561552 5.973003 -0.772422 -0.247605 -0.584856 0.078552 0.955566 1 0 1.0
Default
0 24.317328 -7.854467 -6.316674 -0.123147 0.990862 -0.055029 0.078552 0.955566 1 0 1.0
0 24.169409 -7.877801 -6.405813 -0.123147 0.990862 -0.055029 0.078552 0.955566 1 0 1.0
0 19.637980 -8.017698 1.215823 -0.123147 0.990862 -0.055029 0.078552 0.955566 1 0 1.0
Default
0 19.595588 -8.539294 2.127659 0.744386 0.321558 0.585226 0.078552 0.955566 1 0 1.0
0 19.468580 -8.122803 2.060364 0.744386 0.321558 0.585226 0.078552 0.955566 1 0 1.0
0 15.885617 -8.101730 6.606181 0.744386 0.321558 0.585226 0.078552 0.955566 1 0 1.0
Default
0 15.739215 -8.561552 5.973003 -0.758325 0.307909 -0.574574 0.078552 0.955566 1 0 1.0
0 15.789130 -8.090647 6.159479 -0.758325 0.307909 -0.574574 0.078552 0.955566 1 0 1.0
0 19.097942 -8.080228 1.798075 -0.758325 0.307909 -0.574574 0.078552 0.955566 1 0 1.0
Default
0 19.595588 -8.539294 2.127659 0.745877 -0.312093 0.588444 0.078552 0.955566 1 0 1.0
0 15.912246 -8.581428 6.774101 0.745877 -0.312093 0.588444 0.078552 0.955566 1 0 1.0
0 15.862320 -9.052334 6.587629 0.745877 -0.312093 0.588444 0.078552 0.955566 1 0 1.0
Default
0 19.428553 -8.922010 1.986861 0.400267 -0.870759 0.285597 0.078552 0.955566 1 0 1.0
0 15.862320 -9.052334 6.587629 0.400267 -0.870759 0.285597 0.078552 0.955566 1 0 1.0
0 15.811560 -9.149582 6.362271 0.400267 -0.870759 0.285597 0.078552 0.955566 1 0 1.0
Default
0 15.839899 -7.993399 6.384835 0.420315 0.846267 0.327364 0.078552 0.955566 1 0 1.0
0 15.885617 -8.101730 6.606181 0.420315 0.846267 0.327364 0.078552 0.955566 1 0 1.0
0 19.468580 -8.122803 2.060364 0.420315 0.846267 0.327364 0.078552 0.955566 1 0 1.0
Default
0 15.789130 -8.090647 6.159479 -0.374838 0.878954 -0.294850 0.078552 0.955566 1 0 1.0
0 15.839899 -7.993399 6.384835 -0.374838 0.878954 -0.294850 0.078552 0.955566 1 0 1.0
0 19.287591 -8.015096 1.937165 -0.374838 0.878954 -0.294850 0.078552 0.955566 1 0 1.0
Default
0 20.029119 -8.034825 1.452221 0.518244 0.059284 -0.853176 0.078552 0.955566 1 0 1.0
0 20.200995 -8.542463 1.521345 0.518244 0.059301 -0.853175 0.078552 0.955566 1 0 1.0
0 20.080480 -8.528620 1.449103 0.518245 0.059301 -0.853174 0.078552 0.955566 1 0 1.0
Default
0 24.317328 -7.854467 -6.316674 0.363206 0.902774 0.230393 0.078552 0.955566 1 0 1.0
0 19.781358 -7.974861 1.305885 0.363206 0.902774 0.230393 0.078552 0.955566 1 0 1.0
0 19.918399 -8.049910 1.383919 0.363206 0.902774 0.230393 0.078552 0.955566 1 0 1.0
Default
0 24.626955 -8.243185 -6.135116 0.743475 -0.515285 0.426294 0.078552 0.955566 1 0 1.0
0 20.080480 -8.528620 1.449103 0.743475 -0.515285 0.426294 0.078552 0.955566 1 0 1.0
0 19.869326 -8.964460 1.290542 0.743475 -0.515285 0.426294 0.078552 0.955566 1 0 1.0
Default
0 24.261759 -8.554388 -6.358092 -0.345047 -0.901543 -0.261079 0.078552 0.955566 1 0 1.0
0 19.725956 -9.007298 1.200469 -0.345047 -0.901543 -0.261079 0.078552 0.955566 1 0 1.0
0 19.588915 -8.932249 1.122428 -0.345047 -0.901543 -0.261079 0.078552 0.955566 1 0 1.0
Default
0 24.169409 -7.877801 -6.405813 -0.653938 0.663000 -0.364413 0.078552 0.955566 1 0 1.0
0 23.952135 -8.165670 -6.539656 -0.653938 0.663000 -0.364413 0.078552 0.955566 1 0 1.0
0 19.426834 -8.453537 1.057249 -0.653938 0.663000 -0.364413 0.078552 0.955566 1 0 1.0
Default
0 24.458903 -7.911054 -6.232268 0.805380 0.338905 0.486318 0.078552 0.955566 1 0 1.0
0 19.918399 -8.049910 1.383919 0.805380 0.338905 0.486318 0.078552 0.955566 1 0 1.0
0 20.080480 -8.528620 1.449103 0.805380 0.338905 0.486318 0.078552 0.955566 1 0 1.0
Default
0 24.409681 -8.531055 -6.268952 0.235339 -0.968115 0.085844 0.078552 0.955566 1 0 1.0
0 19.869326 -8.964460 1.290542 0.235339 -0.968115 0.085844 0.078552 0.955566 1 0 1.0
0 19.725956 -9.007298 1.200469 0.235339 -0.968115 0.085844 0.078552 0.955566 1 0 1.0
Default
0 24.120187 -8.497803 -6.442510 -0.798645 -0.338179 -0.497796 0.078552 0.955566 1 0 1.0
0 19.588915 -8.932249 1.122428 -0.798645 -0.338179 -0.497796 0.078552 0.955566 1 0 1.0
0 19.426834 -8.453537 1.057249 -0.798645 -0.338179 -0.497796 0.078552 0.955566 1 0 1.0
Default
0 25.299537 -7.949356 -7.803036 0.285655 0.949554 0.129416 0.078552 0.955566 1 0 1.0
0 26.437386 -8.004534 -9.881886 0.279247 0.951706 0.127584 0.078552 0.955566 1 0 1.0
0 25.226663 -7.922147 -7.846494 0.280047 0.951654 0.126210 0.078552 0.955566 1 0 1.0
Default
0 25.276548 -8.238951 -7.820174 0.667033 -0.692299 0.275298 0.078552 0.955566 1 0 1.0
0 25.387007 -8.105521 -7.752274 0.667033 -0.692299 0.275298 0.078552 0.955566 1 0 1.0
0 24.626955 -8.243185 -6.135116 0.675339 -0.690681 0.258609 0.078552 0.955566 1 0 1.0
Default
0 24.409681 -8.531055 -6.268952 0.704101 -0.656856 0.269782 0.078552 0.955566 1 0 1.0
0 25.276548 -8.238951 -7.820174 0.704101 -0.656856 0.269782 0.078552 0.955566 1 0 1.0
0 24.626955 -8.243185 -6.135116 0.675339 -0.690681 0.258609 0.078552 0.955566 1 0 1.0
Default
0 25.040367 -8.065703 -7.960076 -0.616162 0.662849 -0.425412 0.078552 0.955566 1 0 1.0
0 23.952135 -8.165670 -6.539656 -0.616162 0.662849 -0.425412 0.078552 0.955566 1 0 1.0
0 24.169409 -7.877801 -6.405813 -0.616162 0.662849 -0.425412 0.078552 0.955566 1 0 1.0
Default
0 25.127840 -8.221868 -7.909318 -0.667454 -0.499304 -0.552449 0.078552 0.955566 1 0 1.0
0 24.120187 -8.497803 -6.442510 -0.667454 -0.499304 -0.552449 0.078552 0.955566 1 0 1.0
0 23.952135 -8.165670 -6.539656 -0.667454 -0.499304 -0.552449 0.078552 0.955566 1 0 1.0
Default
0 25.040367 -8.065703 -7.960076 -0.661258 -0.539724 -0.520994 0.078552 0.955566 1 0 1.0
0 25.127840 -8.221868 -7.909318 -0.661258 -0.539724 -0.520994 0.078552 0.955566 1 0 1.0
0 23.952135 -8.165670 -6.539656 -0.667454 -0.499304 -0.552449 0.078552 0.955566 1 0 1.0
Default
0 25.040367 -8.065703 -7.960076 -0.661258 -0.539724 -0.520994 0.078552 0.955566 1 0 1.0
0 26.437386 -8.004534 -9.881886 -0.672081 -0.540837 -0.505769 0.078552 0.955566 1 0 1.0
0 25.127840 -8.221868 -7.909318 -0.661258 -0.539724 -0.520994 0.078552 0.955566 1 0 1.0
Default
0 25.276548 -8.238951 -7.820174 0.667033 -0.692299 0.275298 0.078552 0.955566 1 0 1.0
0 26.437386 -8.004534 -9.881886 0.658495 -0.693674 0.291892 0.078552 0.955566 1 0 1.0
0 25.387007 -8.105521 -7.752274 0.667033 -0.692299 0.275298 0.078552 0.955566 1 0 1.0
Default
0 25.127840 -8.221868 -7.909318 -0.208738 -0.947314 -0.242950 0.078552 0.955566 1 0 1.0
0 26.437386 -8.004534 -9.881886 -0.208738 -0.947314 -0.242950 0.078552 0.955566 1 0 1.0
0 25.200712 -8.249074 -7.865847 -0.208738 -0.947314 -0.242950 0.078552 0.955566 1 0 1.0
Default
0 25.200712 -8.249074 -7.865847 0.149075 -0.988417 -0.028447 0.078552 0.955566 1 0 1.0
0 26.437386 -8.004534 -9.881886 0.149075 -0.988417 -0.028447 0.078552 0.955566 1 0 1.0
0 25.276548 -8.238951 -7.820174 0.149075 -0.988417 -0.028447 0.078552 0.955566 1 0 1.0
Default
0 5.160036 -13.080168 3.972465 0.205034 -0.304941 -0.930039 0.078552 0.955566 1 0 1.0
0 5.085555 -13.523191 4.101303 0.205034 -0.304941 -0.930039 0.078552 0.955566 1 0 1.0
0 4.263970 -13.454530 3.897667 0.205034 -0.304941 -0.930039 0.078552 0.955566 1 0 1.0
Default
0 5.209011 -12.623777 4.060369 0.305889 0.684504 -0.661730 0.078552 0.955566 1 0 1.0
0 4.402907 -12.420837 3.897667 0.305889 0.684504 -0.661730 0.078552 0.955566 1 0 1.0
0 4.431682 -12.206750 4.132423 0.305889 0.684504 -0.661730 0.078552 0.955566 1 0 1.0
Default
0 5.203793 -12.421367 4.313527 0.045784 0.735311 0.676182 0.078552 0.955566 1 0 1.0
0 4.431682 -12.206750 4.132423 0.045784 0.735311 0.676182 0.078552 0.955566 1 0 1.0
0 4.402907 -12.420837 4.367179 0.045784 0.735311 0.676182 0.078552 0.955566 1 0 1.0
Default
0 5.147431 -12.591508 4.583640 -0.228377 0.209570 0.950749 0.078552 0.955566 1 0 1.0
0 4.402907 -12.420837 4.367179 -0.228377 0.209570 0.950749 0.078552 0.955566 1 0 1.0
0 4.333439 -12.937684 4.464419 -0.228377 0.209570 0.950749 0.078552 0.955566 1 0 1.0
Default
0 5.029199 -13.693335 4.371418 -0.240670 -0.760501 0.603089 0.078552 0.955566 1 0 1.0
0 5.023978 -13.490927 4.624574 -0.240670 -0.760501 0.603089 0.078552 0.955566 1 0 1.0
0 4.263972 -13.454531 4.367179 -0.240670 -0.760501 0.603089 0.078552 0.955566 1 0 1.0
Default
0 3.051390 -12.815490 4.746897 -0.202368 -0.754771 0.623993 0.078552 0.955566 1 0 1.0
0 2.776331 -13.046414 4.378371 -0.202368 -0.754771 0.623993 0.078552 0.955566 1 0 1.0
0 4.263972 -13.454531 4.367179 -0.240670 -0.760501 0.603089 0.078552 0.955566 1 0 1.0
Default
0 5.663674 -13.623069 5.187598 -0.592198 0.054616 0.803939 0.078552 0.955566 1 0 1.0
0 5.850372 -13.208297 5.296946 -0.592198 0.054616 0.803939 0.078552 0.955566 1 0 1.0
0 5.072953 -13.034535 4.712478 -0.592198 0.054616 0.803939 0.078552 0.955566 1 0 1.0
Default
0 5.849271 -13.720323 4.692840 0.108164 -0.928982 -0.353966 0.078552 0.955566 1 0 1.0
0 5.663216 -13.835157 4.937367 0.108164 -0.928982 -0.353966 0.078552 0.955566 1 0 1.0
0 5.029199 -13.693335 4.371418 0.108164 -0.928982 -0.353966 0.078552 0.955566 1 0 1.0
Default
0 6.112851 -13.345837 4.597257 0.564580 0.097282 -0.819625 0.078552 0.955566 1 0 1.0
0 5.160036 -13.080168 3.972465 0.564580 0.097282 -0.819625 0.078552 0.955566 1 0 1.0
0 5.209011 -12.623777 4.060369 0.564580 0.097282 -0.819625 0.078552 0.955566 1 0 1.0
Default
0 6.113951 -12.833810 5.201363 -0.452570 0.318324 0.832977 0.078552 0.955566 1 0 1.0
0 5.147431 -12.591508 4.583640 -0.452570 0.318324 0.832977 0.078552 0.955566 1 0 1.0
0 5.072953 -13.034535 4.712478 -0.452570 0.318324 0.832977 0.078552 0.955566 1 0 1.0
Default
0 6.112851 -13.345837 4.597257 0.444727 -0.502295 -0.741565 0.078552 0.955566 1 0 1.0
0 5.849271 -13.720323 4.692840 0.444727 -0.502295 -0.741565 0.078552 0.955566 1 0 1.0
0 5.085555 -13.523191 4.101303 0.444727 -0.502295 -0.741565 0.078552 0.955566 1 0 1.0
Default
0 6.300010 -12.718977 4.956838 -0.074396 0.850715 0.520335 0.078552 0.955566 1 0 1.0
0 5.203793 -12.421367 4.313527 -0.074396 0.850715 0.520335 0.078552 0.955566 1 0 1.0
0 5.147431 -12.591508 4.583640 -0.074396 0.850715 0.520335 0.078552 0.955566 1 0 1.0
Default
0 2.766721 -12.477549 4.051241 -0.240448 -0.318999 -0.916746 0.078552 0.955566 1 0 1.0
0 2.858737 -11.784507 3.785949 -0.240448 -0.318999 -0.916746 0.078552 0.955566 1 0 1.0
0 4.333440 -12.937683 3.800427 -0.240448 -0.318999 -0.916746 0.078552 0.955566 1 0 1.0
Default
0 3.526343 -11.208073 4.301732 0.537284 0.589351 -0.603317 0.078552 0.955566 1 0 1.0
0 4.431682 -12.206750 4.132423 0.537284 0.589351 -0.603317 0.078552 0.955566 1 0 1.0
0 4.402907 -12.420837 3.897667 0.537284 0.589351 -0.603317 0.078552 0.955566 1 0 1.0
Default
0 3.695108 -11.640420 4.746897 0.750135 0.440250 0.493434 0.078552 0.955566 1 0 1.0
0 4.402907 -12.420837 4.367179 0.750135 0.440250 0.493434 0.078552 0.955566 1 0 1.0
0 4.431682 -12.206750 4.132423 0.750135 0.440250 0.493434 0.078552 0.955566 1 0 1.0
Default
0 3.051390 -12.815490 4.746897 0.191751 -0.206296 0.959517 0.078552 0.955566 1 0 1.0
0 4.263972 -13.454531 4.367179 0.191751 -0.206296 0.959517 0.078552 0.955566 1 0 1.0
0 4.333439 -12.937684 4.464419 0.191751 -0.206296 0.959517 0.078552 0.955566 1 0 1.0
Default
0 2.776331 -13.046414 4.378371 -0.385145 -0.464932 -0.797184 0.078552 0.955566 1 0 1.0
0 2.766721 -12.477549 4.051241 -0.385145 -0.464932 -0.797184 0.078552 0.955566 1 0 1.0
0 4.263970 -13.454530 3.897667 -0.385145 -0.464932 -0.797184 0.078552 0.955566 1 0 1.0
Default
0 2.858737 -11.784507 3.785949 0.171376 0.248498 -0.953351 0.078552 0.955566 1 0 1.0
0 3.021610 -11.189417 3.970342 0.171376 0.248498 -0.953351 0.078552 0.955566 1 0 1.0
0 4.402907 -12.420837 3.897667 0.171376 0.248498 -0.953351 0.078552 0.955566 1 0 1.0
Default
0 3.373250 -12.227956 4.931290 0.492092 0.096631 0.865163 0.078552 0.955566 1 0 1.0
0 4.333439 -12.937684 4.464419 0.492092 0.096631 0.865163 0.078552 0.955566 1 0 1.0
0 4.402907 -12.420837 4.367179 0.492092 0.096631 0.865163 0.078552 0.955566 1 0 1.0
Default
0 14.945505 -15.152778 6.716387 -0.042062 0.691189 0.721449 0.078552 0.955566 1 0 1.0
0 14.210760 -14.953428 6.482560 -0.042062 0.691189 0.721449 0.078552 0.955566 1 0 1.0
0 14.112308 -15.228099 6.739971 -0.042062 0.691189 0.721449 0.078552 0.955566 1 0 1.0
Default
0 13.964934 -15.798437 6.104104 0.082229 -0.300419 -0.950256 0.078552 0.955566 1 0 1.0
0 5.842885 -13.694737 4.736202 0.082229 -0.300419 -0.950256 0.078552 0.955566 1 0 1.0
0 6.095027 -13.336496 4.644764 0.082229 -0.300419 -0.950256 0.078552 0.955566 1 0 1.0
Default
0 14.210760 -14.953428 6.482560 0.254712 0.965175 0.059654 0.078552 0.955566 1 0 1.0
0 14.232273 -14.937961 6.140457 0.254712 0.965175 0.059654 0.078552 0.955566 1 0 1.0
0 6.274005 -12.764552 4.956040 0.254712 0.965175 0.059654 0.078552 0.955566 1 0 1.0
Default
0 13.943421 -15.813903 6.446208 -0.120414 -0.860177 -0.495576 0.078552 0.955566 1 0 1.0
0 5.689219 -13.789581 4.938163 -0.120414 -0.860177 -0.495576 0.078552 0.955566 1 0 1.0
0 5.842885 -13.694737 4.736202 -0.120414 -0.860177 -0.495576 0.078552 0.955566 1 0 1.0
Default
0 14.061399 -15.111295 5.856324 0.155494 0.023802 -0.987550 0.078552 0.955566 1 0 1.0
0 14.063386 -15.523766 5.846695 0.155494 0.023802 -0.987550 0.078552 0.955566 1 0 1.0
0 6.095027 -13.336496 4.644764 0.155494 0.023802 -0.987550 0.078552 0.955566 1 0 1.0
Default
0 14.112308 -15.228099 6.739971 0.053253 0.672610 0.738078 0.078552 0.955566 1 0 1.0
0 14.210760 -14.953428 6.482560 0.053253 0.672610 0.738078 0.078552 0.955566 1 0 1.0
0 6.120338 -12.859398 5.158003 0.053253 0.672610 0.738078 0.078552 0.955566 1 0 1.0
Default
0 14.684112 -16.013065 6.698844 -0.394832 -0.667264 0.631559 0.078552 0.955566 1 0 1.0
0 13.997994 -15.598629 6.707770 -0.394832 -0.667264 0.631559 0.078552 0.955566 1 0 1.0
0 13.943421 -15.813903 6.446208 -0.394832 -0.667264 0.631559 0.078552 0.955566 1 0 1.0
Default
0 14.543369 -15.956056 6.000359 -0.296082 -0.594493 -0.747605 0.078552 0.955566 1 0 1.0
0 13.964934 -15.798437 6.104104 -0.296082 -0.594493 -0.747605 0.078552 0.955566 1 0 1.0
0 14.063386 -15.523766 5.846695 -0.296082 -0.594493 -0.747605 0.078552 0.955566 1 0 1.0
Default
0 14.804753 -15.095769 6.017905 0.105324 0.819523 -0.563285 0.078552 0.955566 1 0 1.0
0 14.061399 -15.111295 5.856324 0.105324 0.819523 -0.563285 0.078552 0.955566 1 0 1.0
0 14.232273 -14.937961 6.140457 0.105324 0.819523 -0.563285 0.078552 0.955566 1 0 1.0
Default
0 14.921875 -14.970444 6.370281 0.031329 0.998398 0.047108 0.078552 0.955566 1 0 1.0
0 14.232273 -14.937961 6.140457 0.031329 0.998398 0.047108 0.078552 0.955566 1 0 1.0
0 14.210760 -14.953428 6.482560 0.031329 0.998398 0.047108 0.078552 0.955566 1 0 1.0
Default
0 14.566998 -16.138390 6.346465 -0.469198 -0.880370 -0.069305 0.078552 0.955566 1 0 1.0
0 13.943421 -15.813903 6.446208 -0.469198 -0.880370 -0.069305 0.078552 0.955566 1 0 1.0
0 13.964934 -15.798437 6.104104 -0.469198 -0.880370 -0.069305 0.078552 0.955566 1 0 1.0
Default
0 14.640299 -15.512237 5.841583 -0.009324 0.023291 -0.999685 0.078552 0.955566 1 0 1.0
0 14.063386 -15.523766 5.846695 -0.009324 0.023291 -0.999685 0.078552 0.955566 1 0 1.0
0 14.061399 -15.111295 5.856324 -0.009324 0.023291 -0.999685 0.078552 0.955566 1 0 1.0
Default
0 14.830110 -15.119524 6.161605 -0.100788 0.947494 -0.303476 0.078552 0.955566 1 0 1.0
0 14.898961 -15.045855 6.368744 -0.100788 0.947494 -0.303476 0.078552 0.955566 1 0 1.0
0 18.221130 -16.133216 1.870523 -0.100788 0.947494 -0.303476 0.078552 0.955566 1 0 1.0
Default
0 18.339499 -16.534056 2.002837 0.643397 -0.499635 0.580004 0.078552 0.955566 1 0 1.0
0 14.818628 -15.584468 6.726542 0.643397 -0.499635 0.580004 0.078552 0.955566 1 0 1.0
0 14.658755 -15.989309 6.555145 0.643397 -0.499635 0.580004 0.078552 0.955566 1 0 1.0
Default
0 23.173294 -17.065569 -6.316675 0.107072 0.993296 -0.043583 0.078552 0.955566 1 0 1.0
0 23.024044 -17.053392 -6.405815 0.107072 0.993296 -0.043583 0.078552 0.955566 1 0 1.0
0 18.504251 -16.227796 1.306276 0.107072 0.993296 -0.043583 0.078552 0.955566 1 0 1.0
Default
0 18.164924 -16.763397 1.905584 0.164603 -0.945335 0.281510 0.078552 0.955566 1 0 1.0
0 14.658755 -15.989309 6.555145 0.164603 -0.945335 0.281510 0.078552 0.955566 1 0 1.0
0 14.589912 -16.062981 6.348004 0.164603 -0.945335 0.281510 0.078552 0.955566 1 0 1.0
Default
0 14.898961 -15.045855 6.368744 0.650220 0.689583 0.318888 0.078552 0.955566 1 0 1.0
0 14.912850 -15.153036 6.572198 0.650220 0.689583 0.318888 0.078552 0.955566 1 0 1.0
0 18.323839 -16.234592 1.955933 0.650220 0.689583 0.318888 0.078552 0.955566 1 0 1.0
Default
0 18.027848 -16.776383 1.809285 -0.599790 -0.724089 -0.340509 0.078552 0.955566 1 0 1.0
0 14.589912 -16.062981 6.348004 -0.599790 -0.724089 -0.340509 0.078552 0.955566 1 0 1.0
0 14.576023 -15.955799 6.144550 -0.599790 -0.724089 -0.340509 0.078552 0.955566 1 0 1.0
Default
0 17.925140 -16.675006 1.723874 -0.799555 -0.039769 -0.599275 0.078552 0.955566 1 0 1.0
0 14.576023 -15.955799 6.144550 -0.799555 -0.039769 -0.599275 0.078552 0.955566 1 0 1.0
0 14.670250 -15.524369 5.990202 -0.799555 -0.039769 -0.599275 0.078552 0.955566 1 0 1.0
Default
0 18.339499 -16.534056 2.002837 0.811755 0.131568 0.568985 0.078552 0.955566 1 0 1.0
0 18.323839 -16.234592 1.955933 0.811755 0.131568 0.568985 0.078552 0.955566 1 0 1.0
0 14.912850 -15.153036 6.572198 0.811755 0.131568 0.568985 0.078552 0.955566 1 0 1.0
Default
0 14.670250 -15.524369 5.990202 -0.635492 0.500020 -0.588328 0.078552 0.955566 1 0 1.0
0 14.830110 -15.119524 6.161605 -0.635492 0.500020 -0.588328 0.078552 0.955566 1 0 1.0
0 18.084050 -16.146200 1.774229 -0.635492 0.500020 -0.588328 0.078552 0.955566 1 0 1.0
Default
0 18.757640 -16.301104 1.465549 0.517624 -0.064494 -0.853174 0.078552 0.955566 1 0 1.0
0 18.789591 -16.660779 1.512120 0.517631 -0.064480 -0.853171 0.078552 0.955566 1 0 1.0
0 18.712880 -16.632582 1.463447 0.517628 -0.064478 -0.853173 0.078552 0.955566 1 0 1.0
Default
0 23.173294 -17.065569 -6.316675 0.557580 0.793309 0.244470 0.078552 0.955566 1 0 1.0
0 18.604930 -16.222508 1.366955 0.557580 0.793309 0.244470 0.078552 0.955566 1 0 1.0
0 18.682749 -16.293405 1.419530 0.557580 0.793309 0.244470 0.078552 0.955566 1 0 1.0
Default
0 23.103626 -17.744868 -6.268952 0.469576 -0.796359 0.381197 0.078552 0.955566 1 0 1.0
0 23.382614 -17.516298 -6.135117 0.469576 -0.796359 0.381197 0.078552 0.955566 1 0 1.0
0 18.712880 -16.632582 1.463447 0.469576 -0.796359 0.381197 0.078552 0.955566 1 0 1.0
Default
0 22.954375 -17.732691 -6.358093 -0.557744 -0.793289 -0.244161 0.078552 0.955566 1 0 1.0
0 18.404756 -16.889728 1.295931 -0.557744 -0.793289 -0.244161 0.078552 0.955566 1 0 1.0
0 18.326938 -16.818833 1.243352 -0.557744 -0.793289 -0.244161 0.078552 0.955566 1 0 1.0
Default
0 23.024044 -17.053392 -6.405815 -0.481923 0.798923 -0.359822 0.078552 0.955566 1 0 1.0
0 22.745055 -17.281962 -6.539656 -0.481923 0.798923 -0.359822 0.078552 0.955566 1 0 1.0
0 18.296807 -16.479653 1.199438 -0.481923 0.798923 -0.359822 0.078552 0.955566 1 0 1.0
Default
0 23.297552 -17.153922 -6.232269 0.854724 0.140628 0.499670 0.078552 0.955566 1 0 1.0
0 18.682749 -16.293405 1.419530 0.854724 0.140628 0.499670 0.078552 0.955566 1 0 1.0
0 18.712880 -16.632582 1.463447 0.854724 0.140628 0.499670 0.078552 0.955566 1 0 1.0
Default
0 22.954375 -17.732691 -6.358093 -0.108764 -0.992981 0.046459 0.078552 0.955566 1 0 1.0
0 23.103626 -17.744868 -6.268952 -0.108764 -0.992981 0.046459 0.078552 0.955566 1 0 1.0
0 18.505431 -16.884439 1.356618 -0.108764 -0.992981 0.046459 0.078552 0.955566 1 0 1.0
Default
0 22.830122 -17.644340 -6.442510 -0.860813 -0.139825 -0.489336 0.078552 0.955566 1 0 1.0
0 18.326938 -16.818833 1.243352 -0.860813 -0.139825 -0.489336 0.078552 0.955566 1 0 1.0
0 18.296807 -16.479653 1.199438 -0.860813 -0.139825 -0.489336 0.078552 0.955566 1 0 1.0
Default
0 24.105489 -17.389220 -7.803036 0.501357 0.855507 0.129420 0.078552 0.955566 1 0 1.0
0 25.198302 -17.710950 -9.881886 0.495640 0.859105 0.127591 0.078552 0.955566 1 0 1.0
0 24.041081 -17.345607 -7.846495 0.496405 0.858866 0.126218 0.078552 0.955566 1 0 1.0
Default
0 23.826209 -17.441224 -7.960076 -0.442628 0.789369 -0.425413 0.078552 0.955566 1 0 1.0
0 22.745055 -17.281962 -6.539656 -0.442628 0.789369 -0.425413 0.078552 0.955566 1 0 1.0
0 23.024044 -17.053392 -6.405815 -0.442628 0.789369 -0.425413 0.078552 0.955566 1 0 1.0
Default
0 23.874420 -17.613604 -7.909318 -0.766307 -0.327986 -0.552447 0.078552 0.955566 1 0 1.0
0 22.830122 -17.644340 -6.442510 -0.766307 -0.327986 -0.552447 0.078552 0.955566 1 0 1.0
0 22.745055 -17.281962 -6.539656 -0.766307 -0.327986 -0.552447 0.078552 0.955566 1 0 1.0
Default
0 23.826209 -17.441224 -7.960076 -0.769814 -0.368712 -0.520997 0.078552 0.955566 1 0 1.0
0 23.874420 -17.613604 -7.909318 -0.769814 -0.368712 -0.520997 0.078552 0.955566 1 0 1.0
0 22.745055 -17.281962 -6.539656 -0.766307 -0.327986 -0.552447 0.078552 0.955566 1 0 1.0
Default
0 23.826209 -17.441224 -7.960076 -0.769814 -0.368712 -0.520997 0.078552 0.955566 1 0 1.0
0 25.198302 -17.710950 -9.881886 -0.780595 -0.367243 -0.505770 0.078552 0.955566 1 0 1.0
0 23.874420 -17.613604 -7.909318 -0.769814 -0.368712 -0.520997 0.078552 0.955566 1 0 1.0
Default
0 23.874420 -17.613604 -7.909318 -0.426067 -0.871461 -0.242947 0.078552 0.955566 1 0 1.0
0 25.198302 -17.710950 -9.881886 -0.426067 -0.871461 -0.242947 0.078552 0.955566 1 0 1.0
0 23.938831 -17.657214 -7.865847 -0.426067 -0.871461 -0.242947 0.078552 0.955566 1 0 1.0
Default
0 23.938831 -17.657214 -7.865847 -0.088018 -0.995713 -0.028447 0.078552 0.955566 1 0 1.0
0 25.198302 -17.710950 -9.881886 -0.088018 -0.995713 -0.028447 0.078552 0.955566 1 0 1.0
0 24.014916 -17.665245 -7.820174 -0.088018 -0.995713 -0.028447 0.078552 0.955566 1 0 1.0
Default
0 2.880332 -14.451582 3.972465 0.131713 -0.343048 -0.930037 0.078552 0.955566 1 0 1.0
0 2.708742 -14.866763 4.101305 0.131713 -0.343048 -0.930037 0.078552 0.955566 1 0 1.0
0 1.923272 -14.616259 3.897667 0.131713 -0.343048 -0.930037 0.078552 0.955566 1 0 1.0
Default
0 3.070186 -13.819215 4.313527 0.125300 0.771053 -0.624321 0.078552 0.955566 1 0 1.0
0 3.030045 -14.017673 4.060369 0.125300 0.771053 -0.624321 0.078552 0.955566 1 0 1.0
0 2.289667 -13.639746 4.378527 0.125300 0.771053 -0.624321 0.078552 0.955566 1 0 1.0
Default
0 3.070186 -13.819215 4.313527 0.208927 0.706489 0.676182 0.078552 0.955566 1 0 1.0
0 2.365552 -13.437501 4.132423 0.208927 0.706489 0.676182 0.078552 0.955566 1 0 1.0
0 2.289667 -13.639746 4.367179 0.208927 0.706489 0.676182 0.078552 0.955566 1 0 1.0
Default
0 3.030045 -14.017673 4.060369 0.257692 0.105659 -0.960433 0.078552 0.955566 1 0 1.0
0 2.880332 -14.451582 3.972465 0.257692 0.105659 -0.960433 0.078552 0.955566 1 0 1.0
0 2.106470 -14.128001 3.800429 0.257692 0.105659 -0.960433 0.078552 0.955566 1 0 1.0
Default
0 2.977235 -13.972461 4.583640 -0.175776 0.255300 0.950750 0.078552 0.955566 1 0 1.0
0 2.289667 -13.639746 4.367179 -0.175776 0.255300 0.950750 0.078552 0.955566 1 0 1.0
0 2.106470 -14.128002 4.464419 -0.175776 0.255300 0.950750 0.078552 0.955566 1 0 1.0
Default
0 2.615791 -15.020012 4.371418 -0.404516 -0.687496 0.603089 0.078552 0.955566 1 0 1.0
0 2.655932 -14.821554 4.624575 -0.404516 -0.687496 0.603089 0.078552 0.955566 1 0 1.0
0 1.923274 -14.616260 4.367179 -0.404516 -0.687496 0.603089 0.078552 0.955566 1 0 1.0
Default
0 3.249927 -15.093292 5.187598 -0.565024 0.185554 0.803939 0.078552 0.955566 1 0 1.0
0 3.524583 -14.730723 5.296948 -0.565024 0.185554 0.803939 0.078552 0.955566 1 0 1.0
0 2.805646 -14.387645 4.712480 -0.565024 0.185554 0.803939 0.078552 0.955566 1 0 1.0
Default
0 3.409100 -15.229557 4.692840 -0.102147 -0.929663 -0.353966 0.078552 0.955566 1 0 1.0
0 3.202090 -15.299915 4.937367 -0.102147 -0.929663 -0.353966 0.078552 0.955566 1 0 1.0
0 2.615791 -15.020012 4.371418 -0.102147 -0.929663 -0.353966 0.078552 0.955566 1 0 1.0
Default
0 3.749694 -14.923435 4.597257 0.572044 -0.031328 -0.819625 0.078552 0.955566 1 0 1.0
0 2.880332 -14.451582 3.972465 0.572044 -0.031328 -0.819625 0.078552 0.955566 1 0 1.0
0 3.030045 -14.017673 4.060369 0.572044 -0.031328 -0.819625 0.078552 0.955566 1 0 1.0
Default
0 3.865173 -14.424600 5.201363 -0.369998 0.411404 0.832975 0.078552 0.955566 1 0 1.0
0 2.977235 -13.972461 4.583640 -0.369998 0.411404 0.832975 0.078552 0.955566 1 0 1.0
0 2.805646 -14.387645 4.712480 -0.369998 0.411404 0.832975 0.078552 0.955566 1 0 1.0
Default
0 3.749694 -14.923435 4.597257 0.321247 -0.588968 -0.741564 0.078552 0.955566 1 0 1.0
0 3.409100 -15.229557 4.692840 0.321247 -0.588968 -0.741564 0.078552 0.955566 1 0 1.0
0 2.708742 -14.866763 4.101305 0.321247 -0.588968 -0.741564 0.078552 0.955566 1 0 1.0
Default
0 4.072188 -14.354244 4.956838 0.117572 0.845830 0.520335 0.078552 0.955566 1 0 1.0
0 3.070186 -13.819215 4.313527 0.117572 0.845830 0.520335 0.078552 0.955566 1 0 1.0
0 2.977235 -13.972461 4.583640 0.117572 0.845830 0.520335 0.078552 0.955566 1 0 1.0
Default
0 10.858941 -19.064202 6.396894 -0.411326 -0.557653 0.720995 0.078552 0.955566 1 0 1.0
0 10.942589 -18.851578 6.609069 -0.411326 -0.557653 0.720995 0.078552 0.955566 1 0 1.0
0 3.277127 -15.090647 5.144834 -0.411326 -0.557653 0.720995 0.078552 0.955566 1 0 1.0
Default
0 1.041023 -14.019214 4.860689 -0.541736 -0.795060 0.272766 0.078552 0.955566 1 0 1.0
0 0.721803 -13.863410 4.680828 -0.541736 -0.795060 0.272766 0.078552 0.955566 1 0 1.0
0 1.847388 -14.818503 4.132423 -0.541736 -0.795060 0.272766 0.078552 0.955566 1 0 1.0
Default
0 0.957895 -13.564362 4.201833 -0.459514 -0.357307 -0.813129 0.078552 0.955566 1 0 1.0
0 1.247332 -13.253190 3.901531 -0.459514 -0.357307 -0.813129 0.078552 0.955566 1 0 1.0
0 2.106470 -14.128001 3.800429 -0.459514 -0.357307 -0.813129 0.078552 0.955566 1 0 1.0
Default
0 2.037838 -13.145314 4.306292 -0.693486 -0.436909 -0.572876 0.078552 0.955566 1 0 1.0
0 2.365552 -13.437501 4.132423 -0.693486 -0.436909 -0.572876 0.078552 0.955566 1 0 1.0
0 2.289667 -13.639746 4.378527 -0.693486 -0.436909 -0.572876 0.078552 0.955566 1 0 1.0
Default
0 2.037838 -13.145314 4.306292 0.788428 0.452837 0.416317 0.078552 0.955566 1 0 1.0
0 2.035330 -13.550209 4.751457 0.788428 0.452837 0.416317 0.078552 0.955566 1 0 1.0
0 2.289667 -13.639746 4.367179 0.788428 0.452837 0.416317 0.078552 0.955566 1 0 1.0
Default
0 1.545838 -13.833701 4.935852 0.082776 -0.559408 0.824749 0.078552 0.955566 1 0 1.0
0 1.041023 -14.019214 4.860689 0.082776 -0.559408 0.824749 0.078552 0.955566 1 0 1.0
0 1.923274 -14.616260 4.367179 0.082776 -0.559408 0.824749 0.078552 0.955566 1 0 1.0
Default
0 1.247332 -13.253190 3.901531 0.360241 -0.162201 -0.918650 0.078552 0.955566 1 0 1.0
0 1.599261 -12.887113 3.974901 0.360241 -0.162201 -0.918650 0.078552 0.955566 1 0 1.0
0 2.289667 -13.639746 4.378527 0.360241 -0.162201 -0.918650 0.078552 0.955566 1 0 1.0
Default
0 11.905801 -18.710837 6.652615 0.119863 0.770627 0.625912 0.078552 0.955566 1 0 1.0
0 11.276084 -18.360961 6.342438 0.119863 0.770627 0.625912 0.078552 0.955566 1 0 1.0
0 11.120859 -18.546353 6.600420 0.119863 0.770627 0.625912 0.078552 0.955566 1 0 1.0
Default
0 10.894554 -19.101360 6.089368 0.010941 -0.309097 -0.950967 0.078552 0.955566 1 0 1.0
0 3.408594 -15.203191 4.736202 0.010941 -0.309097 -0.950967 0.078552 0.955566 1 0 1.0
0 3.734405 -14.910347 4.644766 0.010941 -0.309097 -0.950967 0.078552 0.955566 1 0 1.0
Default
0 11.311699 -18.398126 6.034911 0.417216 0.554433 -0.720094 0.078552 0.955566 1 0 1.0
0 11.228045 -18.610743 5.822739 0.417216 0.554433 -0.720094 0.078552 0.955566 1 0 1.0
0 3.997149 -14.563515 4.749370 0.417216 0.554433 -0.720094 0.078552 0.955566 1 0 1.0
Default
0 10.942589 -18.851578 6.609069 -0.125183 0.101082 0.986971 0.078552 0.955566 1 0 1.0
0 11.120859 -18.546353 6.600420 -0.125183 0.101082 0.986971 0.078552 0.955566 1 0 1.0
0 3.539870 -14.743810 5.249439 -0.125183 0.101082 0.986971 0.078552 0.955566 1 0 1.0
Default
0 10.858941 -19.064202 6.396894 -0.309910 -0.811263 -0.495791 0.078552 0.955566 1 0 1.0
0 3.237620 -15.261302 4.938163 -0.309910 -0.811263 -0.495791 0.078552 0.955566 1 0 1.0
0 3.408594 -15.203191 4.736202 -0.309910 -0.811263 -0.495791 0.078552 0.955566 1 0 1.0
Default
0 11.049780 -18.915970 5.831390 0.223734 0.122146 -0.966966 0.078552 0.955566 1 0 1.0
0 3.734405 -14.910347 4.644766 0.223734 0.122146 -0.966966 0.078552 0.955566 1 0 1.0
0 3.997149 -14.563515 4.749370 0.223734 0.122146 -0.966966 0.078552 0.955566 1 0 1.0
Default
0 11.120859 -18.546353 6.600420 0.263956 0.700966 0.662551 0.078552 0.955566 1 0 1.0
0 11.276084 -18.360961 6.342438 0.263956 0.700966 0.662551 0.078552 0.955566 1 0 1.0
0 3.865683 -14.450968 5.158003 0.263956 0.700966 0.662551 0.078552 0.955566 1 0 1.0
Default
0 11.532087 -19.363051 6.637949 -0.482563 -0.516224 0.707563 0.078552 0.955566 1 0 1.0
0 10.942589 -18.851578 6.609069 -0.482563 -0.516224 0.707563 0.078552 0.955566 1 0 1.0
0 10.858941 -19.064202 6.396894 -0.482563 -0.516224 0.707563 0.078552 0.955566 1 0 1.0
Default
0 11.801754 -18.638087 6.068659 0.340820 0.593492 -0.729115 0.078552 0.955566 1 0 1.0
0 11.228045 -18.610743 5.822739 0.340820 0.593492 -0.729115 0.078552 0.955566 1 0 1.0
0 11.311699 -18.398126 6.034911 0.340820 0.593492 -0.729115 0.078552 0.955566 1 0 1.0
Default
0 11.920608 -18.557839 6.363257 0.293571 0.952490 -0.081110 0.078552 0.955566 1 0 1.0
0 11.311699 -18.398126 6.034911 0.293571 0.952490 -0.081110 0.078552 0.955566 1 0 1.0
0 11.276084 -18.360961 6.342438 0.293571 0.952490 -0.081110 0.078552 0.955566 1 0 1.0
Default
0 11.743903 -19.054396 6.785359 -0.180688 0.133147 0.974486 0.078552 0.955566 1 0 1.0
0 11.120859 -18.546353 6.600420 -0.180688 0.133147 0.974486 0.078552 0.955566 1 0 1.0
0 10.942589 -18.851578 6.609069 -0.180688 0.133147 0.974486 0.078552 0.955566 1 0 1.0
Default
0 11.413238 -19.443303 6.343345 -0.561893 -0.826478 0.034794 0.078552 0.955566 1 0 1.0
0 10.858941 -19.064202 6.396894 -0.561893 -0.826478 0.034794 0.078552 0.955566 1 0 1.0
0 10.894554 -19.101360 6.089368 -0.561893 -0.826478 0.034794 0.078552 0.955566 1 0 1.0
Default
0 11.589943 -18.946743 5.921248 0.156325 -0.119090 -0.980500 0.078552 0.955566 1 0 1.0
0 11.049780 -18.915970 5.831390 0.156325 -0.119090 -0.980500 0.078552 0.955566 1 0 1.0
0 11.228045 -18.610743 5.822739 0.156325 -0.119090 -0.980500 0.078552 0.955566 1 0 1.0
Default
0 14.709416 -20.957127 1.665935 -0.751881 -0.566162 -0.337839 0.078552 0.955566 1 0 1.0
0 11.436653 -19.402439 6.344268 -0.751881 -0.566162 -0.337839 0.078552 0.955566 1 0 1.0
0 11.445725 -19.308695 6.166978 -0.751881 -0.566162 -0.337839 0.078552 0.955566 1 0 1.0
Default
0 14.634216 -20.842828 1.589796 -0.789481 0.141253 -0.597300 0.078552 0.955566 1 0 1.0
0 11.445725 -19.308695 6.166978 -0.789481 0.141253 -0.597300 0.078552 0.955566 1 0 1.0
0 11.609763 -18.960604 6.032480 -0.789481 0.141253 -0.597300 0.078552 0.955566 1 0 1.0
Default
0 19.547645 -22.361180 -6.316675 0.326321 0.944254 -0.043577 0.078552 0.955566 1 0 1.0
0 19.404885 -22.315958 -6.405815 0.326321 0.944254 -0.043577 0.078552 0.955566 1 0 1.0
0 15.183843 -20.501314 1.306276 0.326321 0.944254 -0.043577 0.078552 0.955566 1 0 1.0
Default
0 15.044962 -20.809232 1.841078 0.819139 -0.047249 0.571646 0.078552 0.955566 1 0 1.0
0 15.088946 -20.536312 1.800609 0.819139 -0.047249 0.571646 0.078552 0.955566 1 0 1.0
0 11.888119 -18.692443 6.539630 0.819139 -0.047249 0.571646 0.078552 0.955566 1 0 1.0
Default
0 11.609763 -18.960604 6.032480 -0.509552 0.629707 -0.586366 0.078552 0.955566 1 0 1.0
0 11.824368 -18.647867 6.181841 -0.509552 0.629707 -0.586366 0.078552 0.955566 1 0 1.0
0 14.884433 -20.402862 1.637930 -0.509552 0.629707 -0.586366 0.078552 0.955566 1 0 1.0
Default
0 15.044962 -20.809232 1.841078 0.512732 -0.630284 0.582965 0.078552 0.955566 1 0 1.0
0 11.724087 -19.040540 6.674125 0.512732 -0.630284 0.582965 0.078552 0.955566 1 0 1.0
0 11.509472 -19.353271 6.524769 0.512732 -0.630284 0.582965 0.078552 0.955566 1 0 1.0
Default
0 14.838725 -20.976278 1.752481 -0.058830 -0.956901 0.284392 0.078552 0.955566 1 0 1.0
0 11.509472 -19.353271 6.524769 -0.058830 -0.956901 0.284392 0.078552 0.955566 1 0 1.0
0 11.436653 -19.402439 6.344268 -0.058830 -0.956901 0.284392 0.078552 0.955566 1 0 1.0
Default
0 11.897191 -18.598703 6.362340 0.782938 0.532510 0.321622 0.078552 0.955566 1 0 1.0
0 11.888119 -18.692443 6.539630 0.782938 0.532510 0.321622 0.078552 0.955566 1 0 1.0
0 15.088946 -20.536312 1.800609 0.782938 0.532510 0.321622 0.078552 0.955566 1 0 1.0
Default
0 11.824368 -18.647867 6.181841 0.106409 0.947653 -0.301051 0.078552 0.955566 1 0 1.0
0 11.897191 -18.598703 6.362340 0.106409 0.947653 -0.301051 0.078552 0.955566 1 0 1.0
0 15.013748 -20.422013 1.724472 0.106409 0.947653 -0.301051 0.078552 0.955566 1 0 1.0
Default
0 15.414444 -20.629387 1.465548 0.490136 -0.178519 -0.853170 0.078552 0.955566 1 0 1.0
0 15.365222 -20.987108 1.512120 0.490124 -0.178504 -0.853179 0.078552 0.955566 1 0 1.0
0 15.296747 -20.942484 1.463447 0.490135 -0.178511 -0.853172 0.078552 0.955566 1 0 1.0
Default
0 19.547645 -22.361180 -6.316675 0.720740 0.648668 0.244468 0.078552 0.955566 1 0 1.0
0 15.283157 -20.518656 1.366954 0.720740 0.648668 0.244468 0.078552 0.955566 1 0 1.0
0 15.343169 -20.605150 1.419529 0.720740 0.648668 0.244468 0.078552 0.955566 1 0 1.0
Default
0 19.327951 -23.007734 -6.268952 0.279760 -0.881149 0.381196 0.078552 0.955566 1 0 1.0
0 19.650960 -22.847282 -6.135117 0.279760 -0.881149 0.381196 0.078552 0.955566 1 0 1.0
0 15.296747 -20.942484 1.463447 0.279760 -0.881149 0.381196 0.078552 0.955566 1 0 1.0
Default
0 19.185193 -22.962514 -6.358093 -0.720899 -0.648605 -0.244162 0.078552 0.955566 1 0 1.0
0 14.938958 -21.124278 1.295931 -0.720899 -0.648605 -0.244162 0.078552 0.955566 1 0 1.0
0 14.878948 -21.037786 1.243351 -0.720899 -0.648605 -0.244162 0.078552 0.955566 1 0 1.0
Default
0 19.404885 -22.315958 -6.405815 -0.291229 0.886404 -0.359825 0.078552 0.955566 1 0 1.0
0 19.081883 -22.476412 -6.539656 -0.291229 0.886404 -0.359825 0.078552 0.955566 1 0 1.0
0 14.925367 -20.700450 1.199437 -0.291229 0.886404 -0.359825 0.078552 0.955566 1 0 1.0
Default
0 19.649018 -22.475060 -6.232269 0.864535 -0.053919 0.499671 0.078552 0.955566 1 0 1.0
0 15.343169 -20.605150 1.419529 0.864535 -0.053919 0.499671 0.078552 0.955566 1 0 1.0
0 15.296747 -20.942484 1.463447 0.864535 -0.053919 0.499671 0.078552 0.955566 1 0 1.0
Default
0 19.185193 -22.962514 -6.358093 -0.327894 -0.943572 0.046456 0.078552 0.955566 1 0 1.0
0 19.327951 -23.007734 -6.268952 -0.327894 -0.943572 0.046456 0.078552 0.955566 1 0 1.0
0 15.038272 -21.141620 1.356617 -0.327894 -0.943572 0.046456 0.078552 0.955566 1 0 1.0
Default
0 19.083820 -22.848636 -6.442510 -0.870292 0.056053 -0.489336 0.078552 0.955566 1 0 1.0
0 14.878948 -21.037786 1.243351 -0.870292 0.056053 -0.489336 0.078552 0.955566 1 0 1.0
0 14.925367 -20.700450 1.199437 -0.870292 0.056053 -0.489336 0.078552 0.955566 1 0 1.0
Default
0 20.383952 -22.884938 -7.803036 0.679842 0.721849 0.129422 0.078552 0.955566 1 0 1.0
0 21.377247 -23.442717 -9.881886 0.675077 0.726629 0.127596 0.078552 0.955566 1 0 1.0
0 20.330917 -22.828034 -7.846495 0.675769 0.726226 0.126223 0.078552 0.955566 1 0 1.0
Default
0 20.100109 -22.873222 -7.960076 -0.255064 0.868312 -0.425415 0.078552 0.955566 1 0 1.0
0 19.081883 -22.476412 -6.539656 -0.255064 0.868312 -0.425415 0.078552 0.955566 1 0 1.0
0 19.404885 -22.315958 -6.405815 -0.255064 0.868312 -0.425415 0.078552 0.955566 1 0 1.0
Default
0 20.108585 -23.052016 -7.909318 -0.820219 -0.148452 -0.552451 0.078552 0.955566 1 0 1.0
0 19.083820 -22.848636 -6.442510 -0.820219 -0.148452 -0.552451 0.078552 0.955566 1 0 1.0
0 19.081883 -22.476412 -6.539656 -0.820219 -0.148452 -0.552451 0.078552 0.955566 1 0 1.0
Default
0 20.100109 -22.873222 -7.960076 -0.832737 -0.187382 -0.520996 0.078552 0.955566 1 0 1.0
0 20.108585 -23.052016 -7.909318 -0.832737 -0.187382 -0.520996 0.078552 0.955566 1 0 1.0
0 19.081883 -22.476412 -6.539656 -0.820219 -0.148452 -0.552451 0.078552 0.955566 1 0 1.0
Default
0 20.100109 -22.873222 -7.960076 -0.832737 -0.187382 -0.520996 0.078552 0.955566 1 0 1.0
0 21.377247 -23.442717 -9.881886 -0.842917 -0.183543 -0.505770 0.078552 0.955566 1 0 1.0
0 20.108585 -23.052016 -7.909318 -0.832737 -0.187382 -0.520996 0.078552 0.955566 1 0 1.0
Default
0 20.108585 -23.052016 -7.909318 -0.610013 -0.754230 -0.242943 0.078552 0.955566 1 0 1.0
0 21.377247 -23.442717 -9.881886 -0.610013 -0.754230 -0.242943 0.078552 0.955566 1 0 1.0
0 20.161627 -23.108917 -7.865847 -0.610013 -0.754230 -0.242943 0.078552 0.955566 1 0 1.0
Default
0 20.161627 -23.108917 -7.865847 -0.308273 -0.950873 -0.028443 0.078552 0.955566 1 0 1.0
0 21.377247 -23.442717 -9.881886 -0.308273 -0.950873 -0.028443 0.078552 0.955566 1 0 1.0
0 20.233990 -23.133744 -7.820174 -0.308273 -0.950873 -0.028443 0.078552 0.955566 1 0 1.0
Default
0 0.565608 -0.428136 9.881888 -0.405867 0.867907 -0.286373 0.074707 0.946777 1 0 1.0
0 0.404624 -0.589314 9.621564 -0.405867 0.867907 -0.286373 0.074707 0.946777 1 0 1.0
0 0.000000 -0.755155 9.692412 -0.405867 0.867907 -0.286373 0.074707 0.946777 1 0 1.0
Default
0 0.565608 -0.428136 9.881888 0.544108 0.520007 -0.658436 0.074707 0.946777 1 0 1.0
0 0.629909 -0.786609 9.651915 0.544108 0.520007 -0.658436 0.074707 0.946777 1 0 1.0
0 0.404624 -0.589314 9.621564 0.544108 0.520007 -0.658436 0.074707 0.946777 1 0 1.0
Default
0 0.366980 -0.714417 9.457079 0.401238 0.682491 -0.610913 0.074707 0.946777 1 0 1.0
0 0.000000 -0.676221 9.258724 0.401238 0.682491 -0.610913 0.074707 0.946777 1 0 1.0
0 0.404624 -0.589314 9.621564 0.401238 0.682491 -0.610913 0.074707 0.946777 1 0 1.0
Default
0 0.238105 -0.473129 9.703572 0.298532 0.797702 -0.523975 0.074707 0.946777 1 0 1.0
0 0.404624 -0.589314 9.621564 0.298532 0.797702 -0.523975 0.074707 0.946777 1 0 1.0
0 0.000000 -0.676221 9.258724 0.298532 0.797702 -0.523975 0.074707 0.946777 1 0 1.0
Default
0 0.572989 -1.284911 9.649502 0.903062 -0.105171 0.416435 0.074707 0.946777 1 0 1.0
0 0.629909 -0.786609 9.651915 0.903062 -0.105171 0.416435 0.074707 0.946777 1 0 1.0
0 0.565608 -0.428136 9.881888 0.903062 -0.105171 0.416435 0.074707 0.946777 1 0 1.0
Default
0 0.178150 -0.502014 8.359289 0.351996 0.600631 -0.717873 0.075256 0.235229 1 0 1.0
0 0.170313 -0.393533 8.446210 0.351996 0.600631 -0.717873 0.075256 0.235229 1 0 1.0
0 0.414696 -0.530297 8.451611 0.351996 0.600631 -0.717873 0.075256 0.235229 1 0 1.0
Default
0 0.562743 -0.463412 8.361496 0.290809 0.945427 0.146964 0.079285 0.230591 1 0 1.0
0 0.734233 -0.506681 8.300508 0.290809 0.945427 0.146964 0.079224 0.230591 1 0 1.0
0 0.584883 -0.367700 7.701963 0.290809 0.945427 0.146964 0.079834 0.230591 1 0 1.0
Default
0 0.682098 -0.526182 8.431685 0.828313 0.403085 0.389127 0.081604 0.231567 1 0 1.0
0 0.894737 -1.022241 8.492904 0.838139 0.399515 0.371364 0.082886 0.229004 1 0 1.0
0 0.734233 -0.506681 8.300508 0.838139 0.399515 0.371364 0.082153 0.230103 1 0 1.0
Default
0 0.894737 -1.022241 8.492904 0.838139 0.399515 0.371364 0.082886 0.229004 1 0 1.0
0 1.275774 -1.455433 8.064196 0.847609 0.395775 0.353443 0.082886 0.229004 1 0 1.0
0 0.734233 -0.506681 8.300508 0.838139 0.399515 0.371364 0.082153 0.230103 1 0 1.0
Default
0 0.299466 -0.703371 8.755909 0.395922 0.485850 0.779228 0.081909 0.233643 1 0 1.0
0 0.576363 -0.751875 8.645461 0.395922 0.485850 0.779228 0.081543 0.232910 1 0 1.0
0 0.564143 -0.531376 8.514189 0.395922 0.485850 0.779228 0.081604 0.232788 1 0 1.0
Default
0 0.337466 -0.618659 8.343080 -0.603025 0.683467 -0.411382 0.075256 0.235229 1 0 1.0
0 0.273021 -0.769749 8.186527 -0.603025 0.683467 -0.411382 0.075256 0.235229 1 0 1.0
0 0.159957 -0.823955 8.262204 -0.603025 0.683467 -0.411382 0.075256 0.235229 1 0 1.0
Default
0 0.091191 -0.449594 8.094628 -0.910611 0.375479 -0.172635 0.079895 0.230591 1 0 1.0
0 0.086799 -0.463514 8.087515 -0.910611 0.375479 -0.172635 0.079895 0.230591 1 0 1.0
0 0.032176 -0.460397 8.382419 -0.910611 0.375479 -0.172635 0.079895 0.230591 1 0 1.0
Default
0 0.000000 -0.499509 8.417342 -0.230571 -0.698524 -0.677422 0.079895 0.230591 1 0 1.0
0 0.178150 -0.502014 8.359289 -0.230571 -0.698524 -0.677422 0.079895 0.230591 1 0 1.0
0 0.273520 -0.784726 8.618347 -0.230571 -0.698524 -0.677422 0.079773 0.230347 1 0 1.0
Default
0 0.073895 -0.382300 8.470510 -0.703892 0.126733 0.698910 0.078308 0.236694 1 0 1.0
0 0.000000 -0.499509 8.417342 -0.703892 0.126733 0.698910 0.078369 0.236694 1 0 1.0
0 0.299466 -0.703371 8.755909 -0.703892 0.126733 0.698910 0.078186 0.236694 1 0 1.0
Default
0 0.073895 -0.382300 8.470510 0.355897 0.748002 0.560206 0.075195 0.230591 1 0 1.0
0 0.299466 -0.703371 8.755909 0.355897 0.748002 0.560206 0.074951 0.230591 1 0 1.0
0 0.414696 -0.530297 8.451611 0.355897 0.748002 0.560206 0.075562 0.230591 1 0 1.0
Default
0 0.562743 -0.463412 8.361496 0.323058 0.908949 0.263524 0.082397 0.229004 1 0 1.0
0 0.682098 -0.526182 8.431685 0.323058 0.908949 0.263524 0.081604 0.231567 1 0 1.0
0 0.734233 -0.506681 8.300508 0.323058 0.908949 0.263524 0.082153 0.230103 1 0 1.0
Default
0 0.576363 -0.751875 8.645461 0.632069 0.355891 0.688354 0.081543 0.232910 1 0 1.0
0 0.894737 -1.022241 8.492904 0.632069 0.355891 0.688354 0.081421 0.233643 1 0 1.0
0 0.682098 -0.526182 8.431685 0.632069 0.355891 0.688354 0.081604 0.231567 1 0 1.0
Default
0 0.337466 -0.618659 8.343080 -0.935621 0.222690 -0.273901 0.079895 0.230591 1 0 1.0
0 0.584883 -0.367700 7.701963 -0.935621 0.222690 -0.273901 0.079834 0.230591 1 0 1.0
0 0.478404 -0.745247 7.758729 -0.935621 0.222690 -0.273901 0.079834 0.230591 1 0 1.0
Default
0 0.734233 -0.506681 8.300508 0.703710 0.710408 -0.010635 0.079224 0.230591 1 0 1.0
0 0.860214 -0.638685 7.818785 0.703710 0.710408 -0.010635 0.079651 0.230591 1 0 1.0
0 0.584883 -0.367700 7.701963 0.703710 0.710408 -0.010635 0.079834 0.230591 1 0 1.0
Default
0 1.078793 -0.648940 9.562554 -0.715093 0.694874 -0.076104 0.074707 0.946777 1 0 1.0
0 0.871280 -0.918517 9.051013 -0.715093 0.694874 -0.076104 0.074707 0.946777 1 0 1.0
0 0.776558 -0.957842 9.581980 -0.715093 0.694874 -0.076104 0.074707 0.946777 1 0 1.0
Default
0 0.000000 -0.630556 8.625633 -0.210832 0.933479 0.290115 0.078064 0.955078 1 0 1.0
0 0.000000 -0.709504 8.879657 -0.210832 0.933479 0.290115 0.078064 0.955078 1 0 1.0
0 0.214120 -0.719867 9.068608 -0.210832 0.933479 0.290115 0.078125 0.955078 1 0 1.0
Default
0 0.299466 -0.703371 8.755909 0.532892 0.827933 0.174797 0.078003 0.955078 1 0 1.0
0 0.214120 -0.719867 9.068608 0.515045 0.837021 0.184730 0.078125 0.955078 1 0 1.0
0 0.447984 -0.891670 9.195019 0.532892 0.827933 0.174797 0.077698 0.954102 1 0 1.0
Default
0 0.000000 -0.499509 8.417342 -0.273760 -0.505425 -0.818292 0.079895 0.230591 1 0 1.0
0 0.032176 -0.460397 8.382419 -0.273760 -0.505425 -0.818292 0.079895 0.230591 1 0 1.0
0 0.178150 -0.502014 8.359289 -0.273760 -0.505425 -0.818292 0.079895 0.230591 1 0 1.0
Default
0 0.032176 -0.460397 8.382419 -0.815493 0.566939 -0.116410 0.079895 0.230591 1 0 1.0
0 0.000000 -0.499509 8.417342 -0.815493 0.566939 -0.116410 0.079895 0.230591 1 0 1.0
0 0.073895 -0.382300 8.470510 -0.815493 0.566939 -0.116410 0.079895 0.230591 1 0 1.0
Default
0 0.178150 -0.502014 8.359289 0.784225 0.421498 -0.455335 0.079895 0.230591 1 0 1.0
0 0.138667 -0.393533 8.391707 0.784225 0.421498 -0.455335 0.079895 0.230591 1 0 1.0
0 0.170313 -0.393533 8.446210 0.784225 0.421498 -0.455335 0.079895 0.230591 1 0 1.0
Default
0 0.091191 -0.449594 8.094628 -0.950624 0.309746 -0.019299 0.014786 0.917480 1 0 1.0
0 0.100042 -0.441112 7.794776 -0.950624 0.309746 -0.019299 0.014786 0.917480 1 0 1.0
0 0.086799 -0.463514 8.087515 -0.950624 0.309746 -0.019299 0.014786 0.917480 1 0 1.0
Default
0 0.086799 -0.463514 8.087515 -0.118754 -0.988782 -0.090595 0.079895 0.230591 1 0 1.0
0 0.122295 -0.467786 8.087615 -0.118754 -0.988782 -0.090595 0.079895 0.230591 1 0 1.0
0 0.178150 -0.502014 8.359289 -0.118619 -0.987884 -0.100074 0.079895 0.230591 1 0 1.0
Default
0 0.113269 -0.450250 8.094651 0.913765 0.377459 -0.150194 0.079895 0.230591 1 0 1.0
0 0.138667 -0.393533 8.391707 0.913765 0.377459 -0.150194 0.079895 0.230591 1 0 1.0
0 0.178150 -0.502014 8.359289 0.913765 0.377459 -0.150194 0.079895 0.230591 1 0 1.0
Default
0 0.086799 -0.463514 8.087515 -0.118754 -0.988782 -0.090595 0.014786 0.917480 1 0 1.0
0 0.100042 -0.441112 7.794776 -0.118878 -0.989591 -0.081108 0.014786 0.917480 1 0 1.0
0 0.122295 -0.467786 8.087615 -0.118754 -0.988782 -0.090595 0.014786 0.917480 1 0 1.0
Default
0 0.113269 -0.450250 8.094651 0.029634 0.999136 0.029138 0.014786 0.917480 1 0 1.0
0 0.100042 -0.441112 7.794776 0.029634 0.999136 0.029138 0.014786 0.917480 1 0 1.0
0 0.091191 -0.449594 8.094628 0.029634 0.999136 0.029138 0.014786 0.917480 1 0 1.0
Default
0 0.122295 -0.467786 8.087615 0.884791 0.465324 -0.024849 0.014786 0.917480 1 0 1.0
0 0.100042 -0.441112 7.794776 0.884791 0.465324 -0.024849 0.014786 0.917480 1 0 1.0
0 0.113269 -0.450250 8.094651 0.884791 0.465324 -0.024849 0.014786 0.917480 1 0 1.0
Default
0 0.159957 -0.823955 8.262204 -0.923998 0.067576 -0.376379 0.019196 0.669922 1 0 1.0
0 0.347674 -0.905167 7.786784 -0.923998 0.067576 -0.376379 0.019196 0.669922 1 0 1.0
0 0.199758 -1.295013 8.079918 -0.923998 0.067576 -0.376379 0.019165 0.669922 1 0 1.0
Default
0 0.797987 -0.875064 8.922338 0.699721 0.663498 -0.264880 0.078308 0.955566 1 0 1.0
0 0.942001 -1.146835 8.622013 0.699721 0.663498 -0.264880 0.082764 0.948730 1 0 1.0
0 0.576363 -0.751875 8.645461 0.699721 0.663498 -0.264880 0.082642 0.949219 1 0 1.0
Default
0 1.041099 -1.046329 8.800981 0.257420 0.774680 -0.577586 0.078125 0.955078 1 0 1.0
0 0.942001 -1.146835 8.622013 0.257420 0.774680 -0.577586 0.078125 0.955078 1 0 1.0
0 0.797987 -0.875064 8.922338 0.257420 0.774680 -0.577586 0.078308 0.955566 1 0 1.0
Default
0 0.478404 -0.745247 7.758729 0.685199 0.718840 -0.117352 0.082764 0.948730 1 0 1.0
0 0.894737 -1.022241 8.492904 0.685199 0.718840 -0.117352 0.082703 0.949219 1 0 1.0
0 1.275774 -1.455433 8.064196 0.685199 0.718840 -0.117352 0.080627 0.947754 1 0 1.0
Default
0 0.630524 -0.583262 7.252122 0.730590 0.641697 -0.233374 0.079834 0.230591 1 0 1.0
0 0.584883 -0.367700 7.701963 0.730590 0.641697 -0.233374 0.079834 0.230591 1 0 1.0
0 0.860214 -0.638685 7.818785 0.730590 0.641697 -0.233374 0.079651 0.230591 1 0 1.0
Default
0 0.241944 -0.629075 7.782718 0.104110 0.879192 0.464954 0.079895 0.230591 1 0 1.0
0 0.360280 -0.639293 7.775543 0.104110 0.879192 0.464954 0.079895 0.230591 1 0 1.0
0 0.401234 -0.592468 7.677830 0.104110 0.879192 0.464954 0.079895 0.230591 1 0 1.0
Default
0 0.365156 -0.480814 7.544169 -0.661252 0.478224 0.577968 0.079895 0.230591 1 0 1.0
0 0.401234 -0.592468 7.677830 -0.661252 0.478224 0.577968 0.079895 0.230591 1 0 1.0
0 0.584883 -0.367700 7.701963 -0.661252 0.478224 0.577968 0.079834 0.230591 1 0 1.0
Default
0 0.401234 -0.592468 7.677830 0.604766 0.589196 0.535823 0.079895 0.230591 1 0 1.0
0 0.360280 -0.639293 7.775543 0.604766 0.589196 0.535823 0.079895 0.230591 1 0 1.0
0 0.478404 -0.745247 7.758729 0.604766 0.589196 0.535823 0.079834 0.230591 1 0 1.0
Default
0 0.478404 -0.745247 7.758729 -0.420231 0.249683 0.872390 0.079834 0.230591 1 0 1.0
0 0.584883 -0.367700 7.701963 -0.420231 0.249683 0.872390 0.079834 0.230591 1 0 1.0
0 0.401234 -0.592468 7.677830 -0.420231 0.249683 0.872390 0.079895 0.230591 1 0 1.0
Default
0 0.797987 -0.875064 8.922338 -0.019000 0.907748 0.419086 0.079834 0.955566 1 0 1.0
0 0.576363 -0.751875 8.645461 -0.019000 0.907748 0.419086 0.077515 0.950195 1 0 1.0
0 0.580762 -0.962010 9.100818 -0.019000 0.907748 0.419086 0.078247 0.954590 1 0 1.0
Default
0 0.273520 -0.784726 8.618347 0.408709 0.749711 -0.520471 0.079773 0.230347 1 0 1.0
0 0.000000 -0.630556 8.625633 0.408709 0.749711 -0.520471 0.079468 0.229858 1 0 1.0
0 0.299466 -0.703371 8.755909 0.408709 0.749711 -0.520471 0.079285 0.229370 1 0 1.0
Default
0 0.000000 -0.566184 8.455686 0.472787 0.824044 0.312127 0.079529 0.229980 1 0 1.0
0 0.000000 -0.630556 8.625633 0.472787 0.824044 0.312127 0.079468 0.229858 1 0 1.0
0 0.273520 -0.784726 8.618347 0.472787 0.824044 0.312127 0.079773 0.230347 1 0 1.0
Default
0 0.562743 -0.463412 8.361496 0.236002 0.888583 0.393349 0.082397 0.229004 1 0 1.0
0 0.564143 -0.531376 8.514189 0.236002 0.888583 0.393349 0.081604 0.232788 1 0 1.0
0 0.682098 -0.526182 8.431685 0.236002 0.888583 0.393349 0.081604 0.231567 1 0 1.0
Default
0 0.199758 -1.295013 8.079918 -0.145671 0.955296 0.257272 0.019165 0.669922 1 0 1.0
0 0.000000 -1.312627 8.032214 -0.145671 0.955296 0.257272 0.019226 0.669922 1 0 1.0
0 0.000000 -1.370278 8.246283 -0.145671 0.955296 0.257272 0.019196 0.669922 1 0 1.0
Default
0 0.225223 -1.343443 8.191041 -0.010625 0.915777 0.401547 0.018951 0.669922 1 0 1.0
0 0.199758 -1.295013 8.079918 -0.010625 0.915777 0.401547 0.019165 0.669922 1 0 1.0
0 0.000000 -1.370278 8.246283 -0.010625 0.915777 0.401547 0.019196 0.669922 1 0 1.0
Default
0 0.176091 -1.402631 8.440323 0.206935 0.978042 -0.024722 0.018616 0.670410 1 0 1.0
0 0.215603 -1.414389 8.305905 0.206935 0.978042 -0.024722 0.018616 0.670410 1 0 1.0
0 0.000000 -1.370278 8.246283 0.206935 0.978042 -0.024722 0.019196 0.669922 1 0 1.0
Default
0 0.000000 -1.370278 8.246283 0.219559 0.965625 -0.139147 0.019196 0.669922 1 0 1.0
0 0.000000 -1.338446 8.467184 0.219559 0.965625 -0.139147 0.019196 0.669922 1 0 1.0
0 0.080493 -1.352865 8.494130 0.219559 0.965625 -0.139147 0.019897 0.669922 1 0 1.0
Default
0 0.080493 -1.352865 8.494130 0.370276 0.910472 -0.184221 0.019897 0.669922 1 0 1.0
0 0.176091 -1.402631 8.440323 0.370276 0.910472 -0.184221 0.018616 0.670410 1 0 1.0
0 0.000000 -1.370278 8.246283 0.370276 0.910472 -0.184221 0.019196 0.669922 1 0 1.0
Default
0 0.176091 -1.402631 8.440323 -0.837567 -0.025172 0.545754 0.018616 0.670410 1 0 1.0
0 0.273520 -0.784726 8.618347 -0.837567 -0.025172 0.545754 0.017929 0.670898 1 0 1.0
0 0.157617 -0.893826 8.435439 -0.837567 -0.025172 0.545754 0.018143 0.670410 1 0 1.0
Default
0 0.000000 -1.338446 8.467184 0.503485 -0.012863 -0.863908 0.017517 0.665527 1 0 1.0
0 0.000000 -0.566184 8.455686 0.503485 -0.012863 -0.863908 0.017517 0.665527 1 0 1.0
0 0.273520 -0.784726 8.618347 0.503485 -0.012863 -0.863908 0.017517 0.665527 1 0 1.0
Default
0 1.727879 -1.671208 7.917623 0.617734 0.769745 -0.160927 0.079651 0.947266 1 0 1.0
0 1.691935 -1.583089 8.201140 0.617734 0.769745 -0.160927 0.079651 0.947266 1 0 1.0
0 1.880861 -1.713732 8.301460 0.617734 0.769745 -0.160927 0.079651 0.947266 1 0 1.0
Default
0 1.041099 -1.046329 8.800981 0.907376 0.404198 -0.115291 0.082764 0.950684 1 0 1.0
0 1.230057 -1.511371 8.657750 0.907376 0.404198 -0.115291 0.077820 0.953125 1 0 1.0
0 1.082710 -1.226902 8.495404 0.907376 0.404198 -0.115291 0.081543 0.951172 1 0 1.0
Default
0 0.299466 -0.703371 8.755909 0.532892 0.827933 0.174797 0.077209 0.950195 1 0 1.0
0 0.447984 -0.891670 9.195019 0.532892 0.827933 0.174797 0.077698 0.954102 1 0 1.0
0 0.580762 -0.962010 9.100818 0.550472 0.818431 0.164776 0.078247 0.954590 1 0 1.0
Default
0 0.630524 -0.583262 7.252122 0.475149 0.419122 -0.773673 0.079834 0.230591 1 0 1.0
0 0.919589 -0.800814 7.311796 0.475149 0.419122 -0.773673 0.079834 0.230591 1 0 1.0
0 0.000000 -0.813412 6.740209 0.475149 0.419122 -0.773673 0.079895 0.230591 1 0 1.0
Default
0 0.630524 -0.583262 7.252122 -0.006244 0.914899 -0.403635 0.079834 0.230591 1 0 1.0
0 0.000000 -0.813412 6.740209 -0.006244 0.914899 -0.403635 0.079895 0.230591 1 0 1.0
0 0.229696 -0.562460 7.305474 -0.006244 0.914899 -0.403635 0.079895 0.230591 1 0 1.0
Default
0 0.091069 -0.623529 7.691445 -0.226258 0.875390 0.427199 0.079895 0.230591 1 0 1.0
0 0.241944 -0.629075 7.782718 -0.226258 0.875390 0.427199 0.079895 0.230591 1 0 1.0
0 0.365156 -0.480814 7.544169 -0.226258 0.875390 0.427199 0.079895 0.230591 1 0 1.0
Default
0 0.000000 -0.813412 6.740209 -0.534048 0.831642 -0.152200 0.079895 0.230591 1 0 1.0
0 0.000000 -0.689637 7.416534 -0.534048 0.831642 -0.152200 0.079895 0.230591 1 0 1.0
0 0.229696 -0.562460 7.305474 -0.534048 0.831642 -0.152200 0.079895 0.230591 1 0 1.0
Default
0 0.214294 -1.070052 7.742633 -0.448124 0.551003 -0.703975 0.078979 0.230103 1 0 1.0
0 0.000000 -0.989868 7.941805 -0.448124 0.551003 -0.703975 0.078979 0.230103 1 0 1.0
0 0.347674 -0.905167 7.786784 -0.448124 0.551003 -0.703975 0.078979 0.230103 1 0 1.0
Default
0 0.919589 -0.800814 7.311796 0.895128 0.444252 -0.037235 0.079834 0.230591 1 0 1.0
0 0.860214 -0.638685 7.818785 0.895128 0.444252 -0.037235 0.079651 0.230591 1 0 1.0
0 1.275774 -1.455433 8.064196 0.895128 0.444252 -0.037235 0.079529 0.230591 1 0 1.0
Default
0 0.751290 -1.116761 6.566754 0.229510 0.850298 -0.473623 0.081177 0.232788 1 0 1.0
0 1.489415 -1.431371 6.359617 0.229510 0.850298 -0.473623 0.080811 0.232056 1 0 1.0
0 1.131801 -1.719771 5.668557 0.229510 0.850298 -0.473623 0.081177 0.232788 1 0 1.0
Default
0 0.347674 -0.905167 7.786784 0.063843 0.039133 0.997192 0.079895 0.230591 1 0 1.0
0 0.360280 -0.639293 7.775543 0.063843 0.039133 0.997192 0.079895 0.230591 1 0 1.0
0 0.241944 -0.629075 7.782718 0.063843 0.039133 0.997192 0.079895 0.230591 1 0 1.0
Default
0 0.000000 -0.858229 7.703175 -0.096554 0.087018 0.991517 0.079895 0.230591 1 0 1.0
0 0.214294 -1.070052 7.742633 -0.096554 0.087018 0.991517 0.079895 0.230591 1 0 1.0
0 0.091069 -0.623529 7.691445 -0.096554 0.087018 0.991517 0.079895 0.230591 1 0 1.0
Default
0 0.360280 -0.639293 7.775543 0.170291 0.033563 0.984822 0.079895 0.230591 1 0 1.0
0 0.347674 -0.905167 7.786784 0.170291 0.033563 0.984822 0.079834 0.230591 1 0 1.0
0 0.478404 -0.745247 7.758729 0.170291 0.033563 0.984822 0.079834 0.230591 1 0 1.0
Default
0 0.347674 -0.905167 7.786784 -0.976116 -0.180287 -0.121218 0.079834 0.230591 1 0 1.0
0 0.311233 -1.063337 8.315477 -0.976116 -0.180287 -0.121218 0.079895 0.230591 1 0 1.0
0 0.273021 -0.769749 8.186527 -0.976116 -0.180287 -0.121218 0.079956 0.230591 1 0 1.0
Default
0 0.091069 -0.623529 7.691445 -0.518300 -0.045132 0.854007 0.079895 0.230591 1 0 1.0
0 0.214294 -1.070052 7.742633 -0.518300 -0.045132 0.854007 0.079895 0.230591 1 0 1.0
0 0.241944 -0.629075 7.782718 -0.518300 -0.045132 0.854007 0.079895 0.230591 1 0 1.0
Default
0 0.229696 -0.562460 7.305474 0.005598 0.945188 -0.326479 0.079895 0.230591 1 0 1.0
0 0.365156 -0.480814 7.544169 0.005598 0.945188 -0.326479 0.079895 0.230591 1 0 1.0
0 0.630524 -0.583262 7.252122 0.005598 0.945188 -0.326479 0.079834 0.230591 1 0 1.0
Default
0 1.078793 -0.648940 9.562554 0.391201 -0.328699 0.859604 0.074707 0.946777 1 0 1.0
0 0.776558 -0.957842 9.581980 0.391201 -0.328699 0.859604 0.074707 0.946777 1 0 1.0
0 1.018361 -1.198823 9.379789 0.391201 -0.328699 0.859604 0.074707 0.946777 1 0 1.0
Default
0 1.078793 -0.648940 9.562554 0.921100 0.027839 -0.388328 0.074707 0.946777 1 0 1.0
0 1.018361 -1.198823 9.379789 0.921100 0.027839 -0.388328 0.074707 0.946777 1 0 1.0
0 0.871280 -0.918517 9.051013 0.921100 0.027839 -0.388328 0.074707 0.946777 1 0 1.0
Default
0 2.105613 -1.304950 8.959090 -0.606897 0.697275 0.381422 0.074707 0.946777 1 0 1.0
0 1.716450 -1.525863 8.743724 -0.606897 0.697275 0.381422 0.074707 0.946777 1 0 1.0
0 1.712457 -1.609975 8.891135 -0.606897 0.697275 0.381422 0.074707 0.946777 1 0 1.0
Default
0 2.105613 -1.304950 8.959090 -0.309052 0.190774 0.931715 0.074707 0.946777 1 0 1.0
0 1.712457 -1.609975 8.891135 -0.309052 0.190774 0.931715 0.074707 0.946777 1 0 1.0
0 1.995135 -2.114355 9.088175 -0.309052 0.190774 0.931715 0.074707 0.946777 1 0 1.0
Default
0 2.105613 -1.304950 8.959090 0.949283 -0.171590 -0.263475 0.074707 0.946777 1 0 1.0
0 1.995135 -2.114355 9.088175 0.949283 -0.171590 -0.263475 0.074707 0.946777 1 0 1.0
0 1.944481 -1.736687 8.659711 0.949283 -0.171590 -0.263475 0.074707 0.946777 1 0 1.0
Default
0 1.260044 -1.769314 8.988322 0.972610 -0.132069 -0.191280 0.074707 0.946777 1 0 1.0
0 1.230057 -1.511371 8.657750 0.972610 -0.132069 -0.191280 0.074707 0.946777 1 0 1.0
0 1.329788 -1.272818 9.000148 0.972610 -0.132069 -0.191280 0.074707 0.946777 1 0 1.0
Default
0 1.367303 -1.009399 8.831119 -0.138297 0.548738 0.824476 0.074707 0.946777 1 0 1.0
0 1.041099 -1.046329 8.800981 -0.138297 0.548738 0.824476 0.074707 0.946777 1 0 1.0
0 1.329788 -1.272818 9.000148 -0.138297 0.548738 0.824476 0.074707 0.946777 1 0 1.0
Default
0 1.367303 -1.009399 8.831119 0.052145 0.313242 -0.948241 0.082764 0.950684 1 0 1.0
0 1.230057 -1.511371 8.657750 0.052145 0.313242 -0.948241 0.077820 0.953125 1 0 1.0
0 1.041099 -1.046329 8.800981 0.052145 0.313242 -0.948241 0.082764 0.950684 1 0 1.0
Default
0 0.562743 -0.463412 8.361496 -0.530078 0.801888 -0.275669 0.082397 0.233643 1 0 1.0
0 0.337466 -0.618659 8.343080 -0.530078 0.801888 -0.275669 0.083008 0.233643 1 0 1.0
0 0.414696 -0.530297 8.451611 -0.530078 0.801888 -0.275669 0.082642 0.233643 1 0 1.0
Default
0 0.584883 -0.367700 7.701963 -0.570132 0.815540 0.099213 0.079834 0.230591 1 0 1.0
0 0.337466 -0.618659 8.343080 -0.570132 0.815540 0.099213 0.079895 0.230591 1 0 1.0
0 0.562743 -0.463412 8.361496 -0.570132 0.815540 0.099213 0.079285 0.230591 1 0 1.0
Default
0 1.275774 -1.455433 8.064196 0.355146 0.904504 -0.236102 0.079041 0.947754 1 0 1.0
0 1.691935 -1.583089 8.201140 0.355146 0.904504 -0.236102 0.079651 0.947266 1 0 1.0
0 1.727879 -1.671208 7.917623 0.355146 0.904504 -0.236102 0.079651 0.947266 1 0 1.0
Default
0 3.310964 -2.644395 7.528200 0.286960 -0.086353 0.954042 0.074707 0.946777 1 0 1.0
0 2.587659 -2.934824 7.719471 0.286960 -0.086353 0.954042 0.074707 0.946777 1 0 1.0
0 3.212266 -3.176207 7.509752 0.286960 -0.086353 0.954042 0.074707 0.946777 1 0 1.0
Default
0 3.310964 -2.644395 7.528200 0.983025 -0.181510 -0.026762 0.074707 0.946777 1 0 1.0
0 3.212266 -3.176207 7.509752 0.983025 -0.181510 -0.026762 0.074707 0.946777 1 0 1.0
0 3.212266 -3.103293 7.015235 0.983025 -0.181510 -0.026762 0.074707 0.946777 1 0 1.0
Default
0 3.310964 -2.644395 7.528200 -0.432218 0.711816 -0.553629 0.074707 0.946777 1 0 1.0
0 3.212266 -3.103293 7.015235 -0.432218 0.711816 -0.553629 0.074707 0.946777 1 0 1.0
0 2.587659 -2.934824 7.719471 -0.432218 0.711816 -0.553629 0.074707 0.946777 1 0 1.0
Default
0 0.000000 -0.755155 9.692412 -0.761188 0.638050 0.116129 0.074707 0.946777 1 0 1.0
0 0.238105 -0.473129 9.703572 -0.761188 0.638050 0.116129 0.074707 0.946777 1 0 1.0
0 0.000000 -0.676221 9.258724 -0.761188 0.638050 0.116129 0.074707 0.946777 1 0 1.0
Default
0 0.238105 -0.473129 9.703572 0.270724 -0.265183 0.925412 0.074707 0.946777 1 0 1.0
0 0.000000 -0.755155 9.692412 0.270724 -0.265183 0.925412 0.074707 0.946777 1 0 1.0
0 0.404624 -0.589314 9.621564 0.270724 -0.265183 0.925412 0.074707 0.946777 1 0 1.0
Default
0 0.214294 -1.070052 7.742633 -0.181087 0.000000 0.983467 0.079895 0.230591 1 0 1.0
0 0.000000 -0.858229 7.703175 -0.181087 0.000000 0.983467 0.079895 0.230591 1 0 1.0
0 0.000000 -1.043276 7.703175 -0.181087 0.000000 0.983467 0.082153 0.232544 1 0 1.0
Default
0 0.000000 -1.043276 7.703175 0.160058 0.963276 -0.215592 0.082153 0.232544 1 0 1.0
0 0.000000 -0.989868 7.941805 0.160058 0.963276 -0.215592 0.078979 0.230103 1 0 1.0
0 0.214294 -1.070052 7.742633 0.160058 0.963276 -0.215592 0.079895 0.230591 1 0 1.0
Default
0 3.713935 -4.939787 5.927961 0.975415 -0.081214 0.204868 0.074707 0.946777 1 0 1.0
0 3.797216 -4.892198 5.550310 0.975415 -0.081214 0.204868 0.074707 0.946777 1 0 1.0
0 3.735747 -3.924552 6.226576 0.975415 -0.081214 0.204868 0.074707 0.946777 1 0 1.0
Default
0 4.327937 -4.153977 5.773267 0.505925 0.827969 0.241881 0.074707 0.946777 1 0 1.0
0 3.866617 -3.900758 5.871395 0.505925 0.827969 0.241881 0.074707 0.946777 1 0 1.0
0 3.735747 -3.924552 6.226576 0.505925 0.827969 0.241881 0.074707 0.946777 1 0 1.0
Default
0 4.327937 -4.153977 5.773267 -0.031976 0.309970 -0.950208 0.074707 0.946777 1 0 1.0
0 3.797216 -4.892198 5.550310 -0.031976 0.309970 -0.950208 0.074707 0.946777 1 0 1.0
0 3.866617 -3.900758 5.871395 -0.031976 0.309970 -0.950208 0.074707 0.946777 1 0 1.0
Default
0 3.348180 -3.463236 6.198229 0.477073 0.846990 -0.234543 0.081177 0.947266 1 0 1.0
0 3.597905 -3.769991 5.598415 0.477073 0.846990 -0.234543 0.081177 0.947266 1 0 1.0
0 2.919623 -3.207791 6.248992 0.477073 0.846990 -0.234543 0.081177 0.947266 1 0 1.0
Default
0 0.214120 -0.719867 9.068608 0.192077 0.975864 0.103906 0.078125 0.955078 1 0 1.0
0 0.299466 -0.703371 8.755909 0.192077 0.975864 0.103906 0.078003 0.955078 1 0 1.0
0 0.000000 -0.630556 8.625633 0.192077 0.975864 0.103906 0.078064 0.955078 1 0 1.0
Default
0 0.000000 -1.730310 5.344931 0.215348 0.597286 -0.772577 0.081177 0.232788 1 0 1.0
0 1.131801 -1.719771 5.668557 0.215348 0.597286 -0.772577 0.081177 0.232788 1 0 1.0
0 1.105786 -2.712064 4.894155 0.215348 0.597286 -0.772577 0.081177 0.232788 1 0 1.0
Default
0 1.105786 -2.712064 4.894155 0.011747 0.428139 -0.903636 0.081177 0.232788 1 0 1.0
0 0.000000 -2.342042 5.055095 -0.000000 0.428169 -0.903699 0.081177 0.232788 1 0 1.0
0 0.000000 -1.730310 5.344931 -0.000000 0.428169 -0.903699 0.081177 0.232788 1 0 1.0
Default
0 0.734233 -0.506681 8.300508 0.874625 0.474655 0.098665 0.079224 0.230591 1 0 1.0
0 1.275774 -1.455433 8.064196 0.874625 0.474655 0.098665 0.079529 0.230591 1 0 1.0
0 0.860214 -0.638685 7.818785 0.874625 0.474655 0.098665 0.079651 0.230591 1 0 1.0
Default
0 0.775067 -0.549040 9.660944 0.917585 0.078619 -0.389689 0.074707 0.946777 1 0 1.0
0 0.776558 -0.957842 9.581980 0.917585 0.078619 -0.389689 0.074707 0.946777 1 0 1.0
0 0.655800 -0.743739 9.340831 0.917585 0.078619 -0.389689 0.074707 0.946777 1 0 1.0
Default
0 0.775067 -0.549040 9.660944 0.240601 -0.183236 0.953171 0.074707 0.946777 1 0 1.0
0 0.629909 -0.786609 9.651915 0.240601 -0.183236 0.953171 0.074707 0.946777 1 0 1.0
0 0.776558 -0.957842 9.581980 0.240601 -0.183236 0.953171 0.074707 0.946777 1 0 1.0
Default
0 0.775067 -0.549040 9.660944 -0.853332 0.521367 0.000825 0.074707 0.946777 1 0 1.0
0 0.655800 -0.743739 9.340831 -0.853332 0.521367 0.000825 0.074707 0.946777 1 0 1.0
0 0.629909 -0.786609 9.651915 -0.853332 0.521367 0.000825 0.074707 0.946777 1 0 1.0
Default
0 0.414696 -0.530297 8.451611 -0.169039 0.892075 0.419080 0.082642 0.233643 1 0 1.0
0 0.299466 -0.703371 8.755909 -0.175975 0.882829 0.435484 0.081909 0.233643 1 0 1.0
0 0.564143 -0.531376 8.514189 -0.169039 0.892075 0.419080 0.081604 0.232788 1 0 1.0
Default
0 5.578954 -7.804653 5.818179 0.762023 0.503422 0.407292 0.074707 0.946777 1 0 1.0
0 5.750275 -7.804653 5.497646 0.762023 0.503422 0.407292 0.074707 0.946777 1 0 1.0
0 4.705217 -6.399822 5.716496 0.762023 0.503422 0.407292 0.074707 0.946777 1 0 1.0
Default
0 5.575641 -6.849133 5.393441 0.507332 0.837820 0.201673 0.074707 0.946777 1 0 1.0
0 4.876538 -6.399822 5.285519 0.507332 0.837820 0.201673 0.074707 0.946777 1 0 1.0
0 4.705217 -6.399822 5.716496 0.507332 0.837820 0.201673 0.074707 0.946777 1 0 1.0
Default
0 5.575641 -6.849133 5.393441 0.094675 -0.090810 -0.991358 0.074707 0.946777 1 0 1.0
0 5.750275 -7.804653 5.497646 0.094675 -0.090810 -0.991358 0.074707 0.946777 1 0 1.0
0 4.876538 -6.399822 5.285519 0.094675 -0.090810 -0.991358 0.074707 0.946777 1 0 1.0
Default
0 5.105233 -6.922558 5.964926 0.435690 0.636071 0.636858 0.074707 0.946777 1 0 1.0
0 4.705217 -6.399822 5.716496 0.435690 0.636071 0.636858 0.074707 0.946777 1 0 1.0
0 4.129579 -7.504119 7.213238 0.435690 0.636071 0.636858 0.074707 0.946777 1 0 1.0
Default
0 5.105233 -6.922558 5.964926 0.821452 0.489757 -0.292156 0.074707 0.946777 1 0 1.0
0 5.578954 -7.804653 5.818179 0.821452 0.489757 -0.292156 0.074707 0.946777 1 0 1.0
0 4.705217 -6.399822 5.716496 0.821452 0.489757 -0.292156 0.074707 0.946777 1 0 1.0
Default
0 5.311027 -10.484616 6.248191 0.608309 0.056932 0.791656 0.074707 0.946777 1 0 1.0
0 5.681746 -9.723447 5.908592 0.608309 0.056932 0.791656 0.074707 0.946777 1 0 1.0
0 4.203590 -10.538560 7.103025 0.608309 0.056932 0.791656 0.074707 0.946777 1 0 1.0
Default
0 5.311027 -10.484616 6.248191 0.832731 -0.170560 0.526752 0.074707 0.946777 1 0 1.0
0 5.390500 -11.145411 5.908592 0.832731 -0.170560 0.526752 0.074707 0.946777 1 0 1.0
0 5.681746 -9.723447 5.908592 0.832731 -0.170560 0.526752 0.074707 0.946777 1 0 1.0
Default
0 4.513261 -13.149880 5.700512 0.927781 -0.298697 0.223611 0.074707 0.946777 1 0 1.0
0 4.842274 -12.430318 5.296590 0.927781 -0.298697 0.223611 0.074707 0.946777 1 0 1.0
0 4.722349 -12.344657 5.908592 0.927781 -0.298697 0.223611 0.074707 0.946777 1 0 1.0
Default
0 4.513261 -13.149880 5.700512 0.332611 -0.315981 0.888553 0.074707 0.946777 1 0 1.0
0 4.722349 -12.344657 5.908592 0.332611 -0.315981 0.888553 0.074707 0.946777 1 0 1.0
0 3.745820 -13.372582 5.908592 0.332611 -0.315981 0.888553 0.074707 0.946777 1 0 1.0
Default
0 2.291749 -13.519516 6.615111 0.287951 -0.310702 0.905841 0.074707 0.946777 1 0 1.0
0 3.175764 -12.826402 6.571835 0.287951 -0.310702 0.905841 0.074707 0.946777 1 0 1.0
0 1.761237 -13.474318 6.799254 0.287951 -0.310702 0.905841 0.074707 0.946777 1 0 1.0
Default
0 2.291749 -13.519516 6.615111 0.577461 -0.711511 0.400364 0.074707 0.946777 1 0 1.0
0 2.118271 -14.057866 5.908592 0.577461 -0.711511 0.400364 0.074707 0.946777 1 0 1.0
0 3.175764 -12.826402 6.571835 0.577461 -0.711511 0.400364 0.074707 0.946777 1 0 1.0
Default
0 1.658003 -14.497189 5.793525 0.605815 -0.722150 0.333896 0.074707 0.946777 1 0 1.0
0 2.152214 -14.216266 5.504419 0.605815 -0.722150 0.333896 0.074707 0.946777 1 0 1.0
0 2.118271 -14.057866 5.908592 0.605815 -0.722150 0.333896 0.074707 0.946777 1 0 1.0
Default
0 1.658003 -14.497189 5.793525 -0.184161 -0.063951 0.980813 0.074707 0.946777 1 0 1.0
0 2.118271 -14.057866 5.908592 -0.184161 -0.063951 0.980813 0.074707 0.946777 1 0 1.0
0 0.904357 -14.503035 5.651637 -0.184161 -0.063951 0.980813 0.074707 0.946777 1 0 1.0
Default
0 1.658003 -14.497189 5.793525 0.116007 -0.804114 -0.583046 0.074707 0.946777 1 0 1.0
0 0.904357 -14.503035 5.651637 0.116007 -0.804114 -0.583046 0.074707 0.946777 1 0 1.0
0 2.152214 -14.216266 5.504419 0.116007 -0.804114 -0.583046 0.074707 0.946777 1 0 1.0
Default
0 0.742837 -13.008457 7.370575 0.115454 -0.480896 0.869143 0.074707 0.946777 1 0 1.0
0 1.435200 -11.503698 8.111185 0.115454 -0.480896 0.869143 0.074707 0.946777 1 0 1.0
0 0.000000 -12.443537 7.781821 0.115454 -0.480896 0.869143 0.074707 0.946777 1 0 1.0
Default
0 0.742837 -13.008457 7.370575 -0.051041 -0.630774 0.774286 0.074707 0.946777 1 0 1.0
0 0.000000 -12.443537 7.781821 -0.051041 -0.630774 0.774286 0.074707 0.946777 1 0 1.0
0 0.577065 -13.696351 6.799254 -0.051041 -0.630774 0.774286 0.074707 0.946777 1 0 1.0
Default
0 2.724015 -10.742174 7.965820 0.591999 -0.297187 0.749144 0.074707 0.946777 1 0 1.0
0 2.635187 -11.589587 7.699844 0.591999 -0.297187 0.749144 0.074707 0.946777 1 0 1.0
0 3.192110 -9.995815 7.891998 0.591999 -0.297187 0.749144 0.074707 0.946777 1 0 1.0
Default
0 0.943236 -9.419679 9.062166 0.308365 -0.016797 0.951120 0.074707 0.946777 1 0 1.0
0 1.465193 -9.280378 8.895401 0.308365 -0.016797 0.951120 0.074707 0.946777 1 0 1.0
0 0.774427 -8.342908 9.135912 0.308365 -0.016797 0.951120 0.074707 0.946777 1 0 1.0
Default
0 2.442005 -7.236200 8.606754 0.595636 0.434838 0.675377 0.074707 0.946777 1 0 1.0
0 2.649365 -6.986045 8.262815 0.595636 0.434838 0.675377 0.074707 0.946777 1 0 1.0
0 1.711896 -6.665331 8.883108 0.595636 0.434838 0.675377 0.074707 0.946777 1 0 1.0
Default
0 2.442005 -7.236200 8.606754 0.893444 -0.344797 0.287878 0.074707 0.946777 1 0 1.0
0 1.906622 -8.651676 8.572999 0.893444 -0.344797 0.287878 0.074707 0.946777 1 0 1.0
0 2.649365 -6.986045 8.262815 0.893444 -0.344797 0.287878 0.074707 0.946777 1 0 1.0
Default
0 1.631036 -4.964192 9.296782 0.046387 -0.241221 0.969361 0.074707 0.946777 1 0 1.0
0 1.407670 -3.938965 9.562593 0.046387 -0.241221 0.969361 0.074707 0.946777 1 0 1.0
0 0.901954 -5.260607 9.257909 0.046387 -0.241221 0.969361 0.074707 0.946777 1 0 1.0
Default
0 1.631036 -4.964192 9.296782 0.820557 0.030800 0.570734 0.074707 0.946777 1 0 1.0
0 2.362953 -5.607721 8.279216 0.820557 0.030800 0.570734 0.074707 0.946777 1 0 1.0
0 1.407670 -3.938965 9.562593 0.820557 0.030800 0.570734 0.074707 0.946777 1 0 1.0
Default
0 0.600062 -2.055721 9.527259 0.310942 -0.089558 0.946200 0.074707 0.946777 1 0 1.0
0 0.876755 -1.455766 9.493118 0.310942 -0.089558 0.946200 0.074707 0.946777 1 0 1.0
0 0.256352 -1.899575 9.654989 0.310942 -0.089558 0.946200 0.074707 0.946777 1 0 1.0
Default
0 0.600062 -2.055721 9.527259 0.263837 -0.192413 0.945181 0.074707 0.946777 1 0 1.0
0 0.256352 -1.899575 9.654989 0.263837 -0.192413 0.945181 0.074707 0.946777 1 0 1.0
0 0.725086 -2.414446 9.419333 0.263837 -0.192413 0.945181 0.074707 0.946777 1 0 1.0
Default
0 4.220838 -8.511313 7.238809 0.595064 -0.182210 0.782751 0.074707 0.946777 1 0 1.0
0 3.099091 -8.784668 8.027953 0.595064 -0.182210 0.782751 0.074707 0.946777 1 0 1.0
0 4.746335 -9.206367 6.677520 0.595064 -0.182210 0.782751 0.074707 0.946777 1 0 1.0
Default
0 4.220838 -8.511313 7.238809 0.562121 0.071850 0.823928 0.074707 0.946777 1 0 1.0
0 4.129579 -7.504119 7.213238 0.562121 0.071850 0.823928 0.074707 0.946777 1 0 1.0
0 3.099091 -8.784668 8.027953 0.562121 0.071850 0.823928 0.074707 0.946777 1 0 1.0
Default
0 0.000000 -12.443537 7.781821 0.105467 -0.583154 0.805486 0.074707 0.946777 1 0 1.0
0 0.000000 -13.623886 6.927276 0.105467 -0.583154 0.805486 0.074707 0.946777 1 0 1.0
0 0.577065 -13.696351 6.799254 0.105467 -0.583154 0.805486 0.074707 0.946777 1 0 1.0
Default
0 3.363334 -5.380094 3.994672 0.518185 0.387923 -0.762234 0.081177 0.232788 1 0 1.0
0 2.189387 -6.223126 2.767551 0.518185 0.387923 -0.762234 0.081177 0.232788 1 0 1.0
0 2.740915 -3.752738 4.399745 0.518185 0.387923 -0.762234 0.081177 0.232788 1 0 1.0
Default
0 3.841189 -6.320285 3.642969 0.428446 0.499436 -0.752993 0.081177 0.232788 1 0 1.0
0 2.189387 -6.223126 2.767551 0.428446 0.499436 -0.752993 0.081177 0.232788 1 0 1.0
0 3.363334 -5.380094 3.994672 0.428446 0.499436 -0.752993 0.081177 0.232788 1 0 1.0
Default
0 4.010075 -9.199928 3.232962 0.427790 0.014408 -0.903763 0.081177 0.232788 1 0 1.0
0 2.608781 -7.900702 2.590381 0.427790 0.014408 -0.903763 0.081177 0.232788 1 0 1.0
0 3.361614 -7.657710 2.950604 0.427790 0.014408 -0.903763 0.081177 0.232788 1 0 1.0
Default
0 4.149081 -10.457189 3.682800 0.541802 -0.229405 -0.808594 0.081177 0.232788 1 0 1.0
0 3.003505 -9.948333 2.770834 0.541802 -0.229405 -0.808594 0.081177 0.232788 1 0 1.0
0 4.010075 -9.199928 3.232962 0.541802 -0.229405 -0.808594 0.081177 0.232788 1 0 1.0
Default
0 4.149081 -10.457189 3.682800 0.618923 -0.014083 -0.785325 0.081177 0.232788 1 0 1.0
0 3.348889 -11.354536 3.068253 0.618923 -0.014083 -0.785325 0.081177 0.232788 1 0 1.0
0 3.003505 -9.948333 2.770834 0.618923 -0.014083 -0.785325 0.081177 0.232788 1 0 1.0
Default
0 2.902878 -12.673680 3.612716 0.231651 -0.437036 -0.869102 0.081177 0.232788 1 0 1.0
0 2.016696 -11.354536 2.713170 0.231651 -0.437036 -0.869102 0.081177 0.232788 1 0 1.0
0 3.348889 -11.354536 3.068253 0.231651 -0.437036 -0.869102 0.081177 0.232788 1 0 1.0
Default
0 2.902878 -12.673680 3.612716 0.442724 -0.282819 -0.850887 0.081177 0.232788 1 0 1.0
0 1.967355 -12.341346 3.015494 0.442724 -0.282819 -0.850887 0.081177 0.232788 1 0 1.0
0 2.016696 -11.354536 2.713170 0.442724 -0.282819 -0.850887 0.081177 0.232788 1 0 1.0
Default
0 1.591249 -13.245930 3.769869 -0.039456 -0.630237 -0.775399 0.081177 0.232788 1 0 1.0
0 0.635162 -12.094643 2.882765 -0.039456 -0.630237 -0.775399 0.081177 0.232788 1 0 1.0
0 1.967355 -12.341346 3.015494 -0.039456 -0.630237 -0.775399 0.081177 0.232788 1 0 1.0
Default
0 1.967355 -12.341346 3.015494 0.210453 -0.676247 -0.705974 0.081177 0.232788 1 0 1.0
0 2.902878 -12.673680 3.612716 0.210453 -0.676247 -0.705974 0.081177 0.232788 1 0 1.0
0 1.591249 -13.245930 3.769869 0.210453 -0.676247 -0.705974 0.081177 0.232788 1 0 1.0
Default
0 3.348889 -11.354536 3.068253 0.647164 -0.467390 -0.602267 0.081177 0.232788 1 0 1.0
0 3.749609 -11.729193 3.789598 0.647164 -0.467390 -0.602267 0.081177 0.232788 1 0 1.0
0 2.902878 -12.673680 3.612716 0.647164 -0.467390 -0.602267 0.081177 0.232788 1 0 1.0
Default
0 3.949345 -11.296801 4.044897 0.849463 -0.084914 -0.520771 0.081177 0.232788 1 0 1.0
0 3.749609 -11.729193 3.789598 0.849463 -0.084914 -0.520771 0.081177 0.232788 1 0 1.0
0 3.348889 -11.354536 3.068253 0.850920 -0.087222 -0.518003 0.081177 0.232788 1 0 1.0
Default
0 4.010075 -9.199928 3.232962 0.732702 -0.156002 -0.662428 0.081177 0.232788 1 0 1.0
0 4.363317 -9.149320 3.611759 0.745152 -0.157262 -0.648087 0.081177 0.232788 1 0 1.0
0 4.149081 -10.457189 3.682800 0.745152 -0.157262 -0.648087 0.081177 0.232788 1 0 1.0
Default
0 4.010075 -9.199928 3.232962 0.726743 0.053321 -0.684837 0.081177 0.232788 1 0 1.0
0 4.180031 -7.091650 3.577466 0.726743 0.053321 -0.684837 0.081177 0.232788 1 0 1.0
0 4.363317 -9.149320 3.611759 0.726743 0.053321 -0.684837 0.081177 0.232788 1 0 1.0
Default
0 4.010075 -9.199928 3.232962 0.566533 0.088209 -0.819305 0.081177 0.232788 1 0 1.0
0 3.361614 -7.657710 2.950604 0.566533 0.088209 -0.819305 0.081177 0.232788 1 0 1.0
0 4.180031 -7.091650 3.577466 0.566533 0.088209 -0.819305 0.081177 0.232788 1 0 1.0
Default
0 0.437800 -10.565088 2.609001 -0.094920 0.221333 -0.970568 0.081177 0.232788 1 0 1.0
0 0.000000 -11.056447 2.539766 -0.094920 0.221333 -0.970568 0.081177 0.232788 1 0 1.0
0 0.000000 -9.309329 2.938186 -0.094920 0.221333 -0.970568 0.081177 0.232788 1 0 1.0
Default
0 0.437800 -10.565088 2.609001 0.296657 -0.131031 -0.945952 0.081177 0.232788 1 0 1.0
0 0.635162 -12.094643 2.882765 0.296657 -0.131031 -0.945952 0.081177 0.232788 1 0 1.0
0 0.000000 -11.056447 2.539766 0.296657 -0.131031 -0.945952 0.081177 0.232788 1 0 1.0
Default
0 2.016696 -11.354536 2.713170 0.040582 -0.294540 -0.954777 0.081177 0.232788 1 0 1.0
0 1.967355 -12.341346 3.015494 0.040582 -0.294540 -0.954777 0.081177 0.232788 1 0 1.0
0 0.635162 -12.094643 2.882765 0.020235 -0.302455 -0.952949 0.081177 0.232788 1 0 1.0
Default
0 0.000000 -12.803564 3.094281 -0.000000 -0.302517 -0.953144 0.081177 0.232788 1 0 1.0
0 0.000000 -11.056447 2.539766 -0.000000 -0.302517 -0.953144 0.081177 0.232788 1 0 1.0
0 0.635162 -12.094643 2.882765 0.020235 -0.302455 -0.952949 0.081177 0.232788 1 0 1.0
Default
0 0.000000 -11.056447 2.539766 -0.000000 -0.302517 -0.953144 0.081177 0.232788 1 0 1.0
0 0.000000 -12.803564 3.094281 -0.000000 -0.302517 -0.953144 0.081177 0.232788 1 0 1.0
0 -0.635162 -12.094643 2.882765 -0.020235 -0.302455 -0.952949 0.081177 0.232788 1 0 1.0
Default
0 -1.967355 -12.341346 3.015494 -0.040582 -0.294540 -0.954777 0.081177 0.232788 1 0 1.0
0 -2.016696 -11.354536 2.713170 -0.040582 -0.294540 -0.954777 0.081177 0.232788 1 0 1.0
0 -0.635162 -12.094643 2.882765 -0.020235 -0.302455 -0.952949 0.081177 0.232788 1 0 1.0
Default
0 3.003505 -9.948333 2.770834 0.255022 -0.139728 -0.956786 0.081177 0.232788 1 0 1.0
0 3.348889 -11.354536 3.068253 0.255022 -0.139728 -0.956786 0.081177 0.232788 1 0 1.0
0 2.016696 -11.354536 2.713170 0.255022 -0.139728 -0.956786 0.081177 0.232788 1 0 1.0
Default
0 2.337409 -9.134215 2.699560 0.305488 0.167887 -0.937279 0.081177 0.232788 1 0 1.0
0 4.010075 -9.199928 3.232962 0.305488 0.167887 -0.937279 0.081177 0.232788 1 0 1.0
0 3.003505 -9.948333 2.770834 0.305488 0.167887 -0.937279 0.081177 0.232788 1 0 1.0
Default
0 2.337409 -9.134215 2.699560 0.295152 -0.148473 -0.943844 0.081177 0.232788 1 0 1.0
0 2.608781 -7.900702 2.590381 0.295152 -0.148473 -0.943844 0.081177 0.232788 1 0 1.0
0 4.010075 -9.199928 3.232962 0.295152 -0.148473 -0.943844 0.081177 0.232788 1 0 1.0
Default
0 1.967355 -7.209935 2.553635 0.343026 0.270675 -0.899482 0.081177 0.232788 1 0 1.0
0 3.361614 -7.657710 2.950604 0.343026 0.270675 -0.899482 0.081177 0.232788 1 0 1.0
0 2.608781 -7.900702 2.590381 0.343026 0.270675 -0.899482 0.081177 0.232788 1 0 1.0
Default
0 1.967355 -7.209935 2.553635 0.310938 0.134011 -0.940935 0.081177 0.232788 1 0 1.0
0 2.189387 -6.223126 2.767551 0.310938 0.134011 -0.940935 0.081177 0.232788 1 0 1.0
0 3.361614 -7.657710 2.950604 0.310938 0.134011 -0.940935 0.081177 0.232788 1 0 1.0
Default
0 0.931205 -6.864552 2.761623 -0.082824 0.171534 -0.981691 0.081177 0.232788 1 0 1.0
0 1.325929 -5.631040 2.943857 -0.082824 0.171534 -0.981691 0.081177 0.232788 1 0 1.0
0 2.189387 -6.223126 2.767551 -0.082824 0.171534 -0.981691 0.081177 0.232788 1 0 1.0
Default
0 0.931205 -6.864552 2.761623 -0.242817 0.217371 -0.945404 0.081177 0.232788 1 0 1.0
0 0.000000 -3.683375 3.732222 -0.242817 0.217371 -0.945404 0.081177 0.232788 1 0 1.0
0 1.325929 -5.631040 2.943857 -0.242817 0.217371 -0.945404 0.081177 0.232788 1 0 1.0
Default
0 2.189387 -6.223126 2.767551 -0.115338 0.235159 -0.965089 0.081177 0.232788 1 0 1.0
0 1.967355 -7.209935 2.553635 -0.115338 0.235159 -0.965089 0.081177 0.232788 1 0 1.0
0 0.931205 -6.864552 2.761623 -0.115338 0.235159 -0.965089 0.081177 0.232788 1 0 1.0
Default
0 0.000000 -9.309329 2.938186 -0.387493 0.104994 -0.915874 0.081177 0.232788 1 0 1.0
0 0.561151 -9.084874 2.726502 -0.387493 0.104994 -0.915874 0.081177 0.232788 1 0 1.0
0 0.437800 -10.565088 2.609001 -0.387493 0.104994 -0.915874 0.081177 0.232788 1 0 1.0
Default
0 0.437800 -10.565088 2.609001 -0.024723 -0.179219 -0.983499 0.081177 0.232788 1 0 1.0
0 2.016696 -11.354536 2.713170 -0.024723 -0.179219 -0.983499 0.081177 0.232788 1 0 1.0
0 0.635162 -12.094643 2.882765 -0.024723 -0.179219 -0.983499 0.081177 0.232788 1 0 1.0
Default
0 0.561151 -9.084874 2.726502 -0.358882 0.017100 -0.933226 0.081177 0.232788 1 0 1.0
0 0.000000 -9.309329 2.938186 -0.358882 0.017100 -0.933226 0.081177 0.232788 1 0 1.0
0 0.000000 -6.641456 2.987073 -0.358882 0.017100 -0.933226 0.081177 0.232788 1 0 1.0
Default
0 0.931205 -6.864552 2.761623 -0.173573 0.240564 -0.954988 0.081177 0.232788 1 0 1.0
0 0.000000 -6.641456 2.987073 -0.173573 0.240564 -0.954988 0.081177 0.232788 1 0 1.0
0 0.000000 -3.683375 3.732222 -0.173573 0.240564 -0.954988 0.081177 0.232788 1 0 1.0
Default
0 0.857194 -8.172075 2.657136 -0.312965 0.029361 -0.949311 0.081177 0.232788 1 0 1.0
0 0.561151 -9.084874 2.726502 -0.312965 0.029361 -0.949311 0.081177 0.232788 1 0 1.0
0 0.000000 -6.641456 2.987073 -0.312965 0.029361 -0.949311 0.081177 0.232788 1 0 1.0
Default
0 1.058958 -3.381649 4.235847 0.249425 0.504411 -0.826654 0.081177 0.232788 1 0 1.0
0 1.325929 -5.631040 2.943857 0.249425 0.504411 -0.826654 0.081177 0.232788 1 0 1.0
0 0.000000 -3.683375 3.732222 0.249425 0.504411 -0.826654 0.081177 0.232788 1 0 1.0
Default
0 0.000000 -12.803564 3.094281 0.103617 -0.567972 -0.816500 0.081177 0.232788 1 0 1.0
0 0.576928 -13.528731 3.671935 0.103617 -0.567972 -0.816500 0.081177 0.232788 1 0 1.0
0 0.000000 -13.701244 3.718723 0.103617 -0.567972 -0.816500 0.081177 0.232788 1 0 1.0
Default
0 4.036658 -14.392856 4.956042 0.335555 0.790954 0.511659 0.078552 0.955566 1 0 1.0
0 3.865683 -14.450968 5.158003 0.335555 0.790954 0.511659 0.078552 0.955566 1 0 1.0
0 11.276084 -18.360961 6.342438 0.335555 0.790954 0.511659 0.078552 0.955566 1 0 1.0
Default
0 1.727879 -1.671208 7.917623 0.735622 0.677341 -0.008323 0.079590 0.230591 1 0 1.0
0 1.489415 -1.431371 6.359617 0.735622 0.677341 -0.008323 0.080811 0.232056 1 0 1.0
0 0.919589 -0.800814 7.311796 0.735622 0.677341 -0.008323 0.079834 0.230591 1 0 1.0
Default
0 1.275774 -1.455433 8.064196 0.258107 0.959795 0.110334 0.079041 0.947754 1 0 1.0
0 1.230057 -1.511371 8.657750 0.258107 0.959795 0.110334 0.079651 0.947266 1 0 1.0
0 1.691935 -1.583089 8.201140 0.258107 0.959795 0.110334 0.079651 0.947266 1 0 1.0
Default
0 -0.776558 -0.957842 9.581980 -0.383467 -0.048269 0.922292 0.074707 0.946777 1 0 1.0
0 -0.572989 -1.284911 9.649502 -0.383467 -0.048269 0.922292 0.074707 0.946777 1 0 1.0
0 -0.629909 -0.786609 9.651915 -0.383467 -0.048269 0.922292 0.074707 0.946777 1 0 1.0
Default
0 -5.390500 -11.145411 5.908592 -0.796871 -0.500890 0.337796 0.074707 0.946777 1 0 1.0
0 -5.596086 -11.231071 5.296590 -0.796871 -0.500890 0.337796 0.074707 0.946777 1 0 1.0
0 -4.842274 -12.430318 5.296590 -0.796871 -0.500890 0.337796 0.074707 0.946777 1 0 1.0
Default
0 -3.212266 -3.176207 7.509752 -0.415480 0.882043 0.222209 0.074707 0.946777 1 0 1.0
0 -2.480583 -3.025173 8.278315 -0.415480 0.882043 0.222209 0.074707 0.946777 1 0 1.0
0 -2.587659 -2.934824 7.719471 -0.415480 0.882043 0.222209 0.074707 0.946777 1 0 1.0
Default
0 -4.513261 -13.149880 5.700512 -0.491553 -0.586244 -0.643967 0.074707 0.946777 1 0 1.0
0 -4.842274 -12.430318 5.296590 -0.491553 -0.586244 -0.643967 0.074707 0.946777 1 0 1.0
0 -4.007623 -13.299407 5.450672 -0.491553 -0.586244 -0.643967 0.074707 0.946777 1 0 1.0
Default
0 -3.735747 -3.924552 6.226576 -0.870871 0.486254 0.071696 0.074707 0.946777 1 0 1.0
0 -3.212266 -3.176207 7.509752 -0.870871 0.486254 0.071696 0.074707 0.946777 1 0 1.0
0 -3.212266 -3.103293 7.015235 -0.870871 0.486254 0.071696 0.074707 0.946777 1 0 1.0
Default
0 -0.776558 -0.957842 9.581980 -0.635645 -0.009851 0.771919 0.074707 0.946777 1 0 1.0
0 -1.018361 -1.198823 9.379789 -0.635645 -0.009851 0.771919 0.074707 0.946777 1 0 1.0
0 -0.876755 -1.455766 9.493118 -0.635645 -0.009851 0.771919 0.074707 0.946777 1 0 1.0
Default
0 -3.735747 -3.924552 6.226576 -0.388815 -0.511049 0.766584 0.074707 0.946777 1 0 1.0
0 -4.327937 -4.153977 5.773267 -0.388815 -0.511049 0.766584 0.074707 0.946777 1 0 1.0
0 -3.797216 -4.892198 5.550310 -0.388815 -0.511049 0.766584 0.074707 0.946777 1 0 1.0
Default
0 -1.306386 -1.371572 9.222201 -0.989265 -0.139965 0.042011 0.074707 0.946777 1 0 1.0
0 -1.329788 -1.272818 9.000148 -0.989265 -0.139965 0.042011 0.074707 0.946777 1 0 1.0
0 -1.260044 -1.769314 8.988322 -0.989265 -0.139965 0.042011 0.074707 0.946777 1 0 1.0
Default
0 -4.705217 -6.399822 5.716496 -0.818107 0.519831 0.245917 0.074707 0.946777 1 0 1.0
0 -3.713935 -4.939787 5.927961 -0.818107 0.519831 0.245917 0.074707 0.946777 1 0 1.0
0 -3.797216 -4.892198 5.550310 -0.818107 0.519831 0.245917 0.074707 0.946777 1 0 1.0
Default
0 -1.712457 -1.609975 8.891135 0.083399 0.680703 0.727797 0.074707 0.946777 1 0 1.0
0 -1.081102 -2.006866 9.189998 0.083399 0.680703 0.727797 0.074707 0.946777 1 0 1.0
0 -1.260044 -1.769314 8.988322 0.083399 0.680703 0.727797 0.074707 0.946777 1 0 1.0
Default
0 -0.904357 -14.503035 5.651637 -0.082196 -0.925536 0.369631 0.074707 0.946777 1 0 1.0
0 -0.934174 -14.642182 5.296590 -0.082196 -0.925536 0.369631 0.074707 0.946777 1 0 1.0
0 0.000000 -14.725145 5.296590 -0.082196 -0.925536 0.369631 0.074707 0.946777 1 0 1.0
Default
0 -4.705217 -6.399822 5.716496 -0.420312 0.173937 0.890552 0.074707 0.946777 1 0 1.0
0 -5.575641 -6.849133 5.393441 -0.420312 0.173937 0.890552 0.074707 0.946777 1 0 1.0
0 -5.750275 -7.804653 5.497646 -0.420312 0.173937 0.890552 0.074707 0.946777 1 0 1.0
Default
0 -1.944481 -1.736687 8.659711 -0.169960 0.517922 -0.838374 0.074707 0.946777 1 0 1.0
0 -2.105613 -1.304950 8.959090 -0.169960 0.517922 -0.838374 0.074707 0.946777 1 0 1.0
0 -1.716450 -1.525863 8.743724 -0.169960 0.517922 -0.838374 0.074707 0.946777 1 0 1.0
Default
0 -0.565608 -0.428136 9.881888 0.350755 0.065394 0.934181 0.074707 0.946777 1 0 1.0
0 0.000000 -1.098172 9.716423 0.350755 0.065394 0.934181 0.074707 0.946777 1 0 1.0
0 0.000000 -0.755155 9.692412 0.350755 0.065394 0.934181 0.074707 0.946777 1 0 1.0
Default
0 -5.681746 -9.723447 5.908592 -0.879810 0.069290 0.470248 0.074707 0.946777 1 0 1.0
0 -5.578954 -7.804653 5.818179 -0.879810 0.069290 0.470248 0.074707 0.946777 1 0 1.0
0 -5.750275 -7.804653 5.497646 -0.879810 0.069290 0.470248 0.074707 0.946777 1 0 1.0
Default
0 -2.386685 -1.833300 8.755190 -0.021711 0.751270 0.659638 0.074707 0.946777 1 0 1.0
0 -1.995135 -2.114355 9.088175 -0.021711 0.751270 0.659638 0.074707 0.946777 1 0 1.0
0 -1.944481 -1.736687 8.659711 -0.021711 0.751270 0.659638 0.074707 0.946777 1 0 1.0
Default
0 -5.390500 -11.145411 5.908592 -0.944778 -0.193509 0.264477 0.074707 0.946777 1 0 1.0
0 -5.681746 -9.723447 5.908592 -0.944778 -0.193509 0.264477 0.074707 0.946777 1 0 1.0
0 -5.853067 -9.723447 5.296590 -0.944778 -0.193509 0.264477 0.074707 0.946777 1 0 1.0
Default
0 -2.480583 -3.025173 8.278315 -0.996562 0.053049 0.063638 0.074707 0.946777 1 0 1.0
0 -2.386685 -1.833300 8.755190 -0.996562 0.053049 0.063638 0.074707 0.946777 1 0 1.0
0 -2.427737 -2.020590 8.268451 -0.996562 0.053049 0.063638 0.074707 0.946777 1 0 1.0
Default
0 -1.306386 -1.371572 9.222201 -0.518704 0.089165 0.850292 0.074707 0.946777 1 0 1.0
0 -0.876755 -1.455766 9.493118 -0.518704 0.089165 0.850292 0.074707 0.946777 1 0 1.0
0 -1.018361 -1.198823 9.379789 -0.518704 0.089165 0.850292 0.074707 0.946777 1 0 1.0
Default
0 -0.404624 -0.589314 9.621564 0.055489 0.800793 -0.596365 0.074707 0.946777 1 0 1.0
0 -0.366980 -0.714417 9.457079 0.065827 0.807923 -0.585600 0.074707 0.946777 1 0 1.0
0 -0.461261 -0.664889 9.514813 0.065827 0.807923 -0.585600 0.074707 0.946777 1 0 1.0
Default
0 -0.655800 -0.743739 9.340831 -0.489604 0.857344 0.158900 0.074707 0.946777 1 0 1.0
0 -0.629909 -0.786609 9.651915 -0.489604 0.857344 0.158900 0.074707 0.946777 1 0 1.0
0 -0.461261 -0.664889 9.514813 -0.489604 0.857344 0.158900 0.074707 0.946777 1 0 1.0
Default
0 -1.329788 -1.272818 9.000148 -0.967005 -0.220068 -0.128338 0.074707 0.946777 1 0 1.0
0 -1.367303 -1.009399 8.831119 -0.967005 -0.220068 -0.128338 0.074707 0.946777 1 0 1.0
0 -1.230057 -1.511371 8.657750 -0.967005 -0.220068 -0.128338 0.074707 0.946777 1 0 1.0
Default
0 -1.716450 -1.525863 8.743724 0.085899 0.781682 0.617734 0.074707 0.946777 1 0 1.0
0 -1.260044 -1.769314 8.988322 0.085899 0.781682 0.617734 0.074707 0.946777 1 0 1.0
0 -1.230057 -1.511371 8.657750 0.085899 0.781682 0.617734 0.074707 0.946777 1 0 1.0
Default
0 -1.716450 -1.525863 8.743724 -0.604315 0.789043 -0.110524 0.074707 0.946777 1 0 1.0
0 -1.691935 -1.583089 8.201140 -0.604315 0.789043 -0.110524 0.074707 0.946777 1 0 1.0
0 -1.880861 -1.713732 8.301460 -0.604315 0.789043 -0.110524 0.074707 0.946777 1 0 1.0
Default
0 -2.587659 -2.934824 7.719471 -0.958111 0.250721 -0.138428 0.074707 0.946777 1 0 1.0
0 -2.427737 -2.020590 8.268451 -0.958111 0.250721 -0.138428 0.074707 0.946777 1 0 1.0
0 -2.351596 -1.985717 7.804614 -0.958111 0.250721 -0.138428 0.074707 0.946777 1 0 1.0
Default
0 -3.212266 -3.103293 7.015235 -0.396725 0.908008 0.134651 0.074707 0.946777 1 0 1.0
0 -2.587659 -2.934824 7.719471 -0.396725 0.908008 0.134651 0.074707 0.946777 1 0 1.0
0 -2.562165 -2.864889 7.322984 -0.396725 0.908008 0.134651 0.074707 0.946777 1 0 1.0
Default
0 -3.866617 -3.900758 5.871395 -0.514306 0.813107 -0.272666 0.074707 0.946777 1 0 1.0
0 -3.212266 -3.103293 7.015235 -0.514306 0.813107 -0.272666 0.074707 0.946777 1 0 1.0
0 -3.348180 -3.463236 6.198229 -0.514306 0.813107 -0.272666 0.074707 0.946777 1 0 1.0
Default
0 -3.797216 -4.892198 5.550310 -0.740662 0.159524 -0.652665 0.074707 0.946777 1 0 1.0
0 -3.866617 -3.900758 5.871395 -0.740662 0.159524 -0.652665 0.074707 0.946777 1 0 1.0
0 -3.597905 -3.769991 5.598415 -0.740662 0.159524 -0.652665 0.074707 0.946777 1 0 1.0
Default
0 -3.797216 -4.892198 5.550310 -0.699896 0.520392 -0.489221 0.074707 0.946777 1 0 1.0
0 -3.598593 -4.945894 5.209034 -0.699896 0.520392 -0.489221 0.074707 0.946777 1 0 1.0
0 -4.674621 -6.534685 5.058414 -0.699896 0.520392 -0.489221 0.074707 0.946777 1 0 1.0
Default
0 -4.876538 -6.399822 5.285519 -0.582975 0.356574 -0.730065 0.074707 0.946777 1 0 1.0
0 -4.674621 -6.534685 5.058414 -0.582975 0.356574 -0.730065 0.074707 0.946777 1 0 1.0
0 -5.511271 -7.879887 5.069485 -0.582975 0.356574 -0.730065 0.074707 0.946777 1 0 1.0
Default
0 -5.853067 -9.723447 5.296590 -0.861484 0.098350 -0.498170 0.074707 0.946777 1 0 1.0
0 -5.750275 -7.804653 5.497646 -0.861484 0.098350 -0.498170 0.074707 0.946777 1 0 1.0
0 -5.511271 -7.879887 5.069485 -0.861484 0.098350 -0.498170 0.074707 0.946777 1 0 1.0
Default
0 -0.871280 -0.918517 9.051013 -0.755023 0.630118 0.181360 0.074707 0.946777 1 0 1.0
0 -0.776558 -0.957842 9.581980 -0.755023 0.630118 0.181360 0.074707 0.946777 1 0 1.0
0 -0.655800 -0.743739 9.340831 -0.755023 0.630118 0.181360 0.074707 0.946777 1 0 1.0
Default
0 -1.329788 -1.272818 9.000148 -0.607990 0.707171 0.360912 0.074707 0.946777 1 0 1.0
0 -1.018361 -1.198823 9.379789 -0.607990 0.707171 0.360912 0.074707 0.946777 1 0 1.0
0 -0.871280 -0.918517 9.051013 -0.596955 0.722444 0.348884 0.074707 0.946777 1 0 1.0
Default
0 -0.873968 -14.301556 4.899022 -0.099506 -0.929956 -0.353949 0.081177 0.232788 1 0 1.0
0 0.000000 -14.395071 4.899022 -0.099506 -0.929956 -0.353949 0.081177 0.232788 1 0 1.0
0 0.000000 -14.459951 5.069485 -0.099506 -0.929956 -0.353949 0.081177 0.232788 1 0 1.0
Default
0 -0.580762 -0.962010 9.100818 0.077818 0.930289 0.358480 0.078247 0.954590 1 0 1.0
0 -0.797987 -0.875064 8.922338 0.077818 0.930289 0.358480 0.078308 0.955566 1 0 1.0
0 -0.871280 -0.918517 9.051013 0.077818 0.930289 0.358480 0.078125 0.955078 1 0 1.0
Default
0 -1.880861 -1.713732 8.301460 -0.312003 0.926253 -0.211445 0.079651 0.947266 1 0 1.0
0 -2.126247 -1.983006 7.483969 -0.312003 0.926253 -0.211445 0.079651 0.947266 1 0 1.0
0 -2.351596 -1.985717 7.804614 -0.312003 0.926253 -0.211445 0.079651 0.947266 1 0 1.0
Default
0 -1.082710 -1.226902 8.495404 -0.854243 0.507309 0.113607 0.078430 0.948242 1 0 1.0
0 -1.275774 -1.455433 8.064196 -0.854243 0.507309 0.113607 0.079041 0.947754 1 0 1.0
0 -1.230057 -1.511371 8.657750 -0.854243 0.507309 0.113607 0.074707 0.949707 1 0 1.0
Default
0 -4.183003 -11.952719 4.526862 -0.610011 -0.443351 -0.656754 0.081177 0.232788 1 0 1.0
0 -3.287150 -12.966061 4.378839 -0.610011 -0.443351 -0.656754 0.081177 0.232788 1 0 1.0
0 -3.584302 -13.327775 4.899022 -0.610011 -0.443351 -0.656754 0.081177 0.232788 1 0 1.0
Default
0 -2.126247 -1.983006 7.483969 -0.881820 0.457077 -0.116081 0.079651 0.947266 1 0 1.0
0 -2.526329 -2.955132 6.695414 -0.881820 0.457077 -0.116081 0.079651 0.947266 1 0 1.0
0 -2.562165 -2.864889 7.322984 -0.881820 0.457077 -0.116081 0.079651 0.947266 1 0 1.0
Default
0 -2.526329 -2.955132 6.695414 -0.508177 0.860359 -0.039232 0.079651 0.947266 1 0 1.0
0 -2.919623 -3.207791 6.248992 -0.508177 0.860359 -0.039232 0.079651 0.947266 1 0 1.0
0 -3.348180 -3.463236 6.198229 -0.508177 0.860359 -0.039232 0.079651 0.947266 1 0 1.0
Default
0 -0.447984 -0.891670 9.195019 0.076146 0.814832 -0.574674 0.077698 0.954102 1 0 1.0
0 -0.461261 -0.664889 9.514813 0.065827 0.807923 -0.585600 0.078125 0.955078 1 0 1.0
0 -0.366980 -0.714417 9.457079 0.065827 0.807923 -0.585600 0.078125 0.955078 1 0 1.0
Default
0 -2.919623 -3.207791 6.248992 0.058465 0.724372 -0.686926 0.081177 0.232788 1 0 1.0
0 -3.501879 -4.082744 5.276786 0.058465 0.724372 -0.686926 0.081177 0.232788 1 0 1.0
0 -3.597905 -3.769991 5.598415 0.058465 0.724372 -0.686926 0.081177 0.232788 1 0 1.0
Default
0 -0.447984 -0.891670 9.195019 0.070754 0.748878 -0.658920 0.077698 0.954102 1 0 1.0
0 -0.580762 -0.962010 9.100818 0.070754 0.748878 -0.658920 0.078247 0.954590 1 0 1.0
0 -0.655800 -0.743739 9.340831 0.070754 0.748878 -0.658920 0.078125 0.955078 1 0 1.0
Default
0 -3.501879 -4.082744 5.276786 -0.969590 0.125149 -0.210315 0.081177 0.232788 1 0 1.0
0 -3.531842 -5.020439 4.856944 -0.969590 0.125149 -0.210315 0.081177 0.232788 1 0 1.0
0 -3.598593 -4.945894 5.209034 -0.969590 0.125149 -0.210315 0.081177 0.232788 1 0 1.0
Default
0 -2.690941 -3.804564 5.331498 -0.209642 0.737419 -0.642077 0.081177 0.232788 1 0 1.0
0 -3.331263 -4.284210 4.989697 -0.209642 0.737419 -0.642077 0.081177 0.232788 1 0 1.0
0 -3.501879 -4.082744 5.276786 -0.209642 0.737419 -0.642077 0.081177 0.232788 1 0 1.0
Default
0 -3.331263 -4.284210 4.989697 -0.861460 0.307562 -0.404095 0.081177 0.232788 1 0 1.0
0 -3.398098 -5.151943 4.471734 -0.861460 0.307562 -0.404095 0.081177 0.232788 1 0 1.0
0 -3.531842 -5.020439 4.856944 -0.861460 0.307562 -0.404095 0.081177 0.232788 1 0 1.0
Default
0 -1.880882 -13.558174 4.378839 -0.243769 -0.755613 -0.607968 0.081177 0.232788 1 0 1.0
0 -0.801513 -13.859111 4.320079 -0.243769 -0.755613 -0.607968 0.081177 0.232788 1 0 1.0
0 -0.873968 -14.301556 4.899022 -0.243769 -0.755613 -0.607968 0.081177 0.232788 1 0 1.0
Default
0 0.000000 -14.000025 4.348152 -0.086626 -0.809584 -0.580577 0.081177 0.232788 1 0 1.0
0 0.000000 -14.395071 4.899022 -0.086626 -0.809584 -0.580577 0.081177 0.232788 1 0 1.0
0 -0.873968 -14.301556 4.899022 -0.086626 -0.809584 -0.580577 0.081177 0.232788 1 0 1.0
Default
0 -4.913750 -7.997500 4.487969 -0.557630 0.346819 -0.754165 0.081177 0.232788 1 0 1.0
0 -5.409042 -7.900009 4.899022 -0.557630 0.346819 -0.754165 0.081177 0.232788 1 0 1.0
0 -4.587911 -6.579759 4.899022 -0.557630 0.346819 -0.754165 0.081177 0.232788 1 0 1.0
Default
0 -1.489415 -1.431371 6.359617 -0.859232 0.431369 -0.275028 0.080811 0.232056 1 0 1.0
0 -2.011339 -2.457302 6.381066 -0.859232 0.431369 -0.275028 0.081177 0.232788 1 0 1.0
0 -2.126247 -1.983006 7.483969 -0.859232 0.431369 -0.275028 0.081177 0.232788 1 0 1.0
Default
0 -2.165137 -3.113867 5.580627 -0.560543 0.623362 -0.545171 0.081177 0.232788 1 0 1.0
0 -2.690941 -3.804564 5.331498 -0.560543 0.623362 -0.545171 0.081177 0.232788 1 0 1.0
0 -2.919623 -3.207791 6.248992 -0.560543 0.623362 -0.545171 0.081177 0.232788 1 0 1.0
Default
0 -0.572989 -1.284911 9.649502 -0.027476 -0.261455 0.964824 0.074707 0.946777 1 0 1.0
0 0.000000 -1.098172 9.716423 -0.027476 -0.261455 0.964824 0.074707 0.946777 1 0 1.0
0 -0.565608 -0.428136 9.881888 -0.027476 -0.261455 0.964824 0.074707 0.946777 1 0 1.0
Default
0 -0.774427 -8.342908 9.135912 -0.421108 -0.099467 0.901540 0.074707 0.946777 1 0 1.0
0 -1.711896 -6.665331 8.883108 -0.421108 -0.099467 0.901540 0.074707 0.946777 1 0 1.0
0 -1.906622 -8.651676 8.572999 -0.421108 -0.099467 0.901540 0.074707 0.946777 1 0 1.0
Default
0 -3.192110 -9.995815 7.891998 -0.408119 -0.070826 0.910177 0.074707 0.946777 1 0 1.0
0 -1.906622 -8.651676 8.572999 -0.421108 -0.099467 0.901540 0.074707 0.946777 1 0 1.0
0 -3.099091 -8.784668 8.027953 -0.408119 -0.070826 0.910177 0.074707 0.946777 1 0 1.0
Default
0 0.000000 -5.598711 9.384863 0.078134 -0.154941 0.984829 0.074707 0.946777 1 0 1.0
0 0.000000 -3.646780 9.691956 0.078134 -0.154941 0.984829 0.074707 0.946777 1 0 1.0
0 -0.429043 -4.173636 9.643106 0.078134 -0.154941 0.984829 0.074707 0.946777 1 0 1.0
Default
0 -0.577065 -13.696351 6.799254 -0.702548 -0.547187 0.454986 0.074707 0.946777 1 0 1.0
0 -0.742837 -13.008457 7.370575 -0.702548 -0.547187 0.454986 0.074707 0.946777 1 0 1.0
0 -1.435200 -11.503698 8.111185 -0.702548 -0.547187 0.454986 0.074707 0.946777 1 0 1.0
Default
0 -0.776558 -0.957842 9.581980 -0.422149 -0.076262 0.903313 0.074707 0.946777 1 0 1.0
0 -0.876755 -1.455766 9.493118 -0.422149 -0.076262 0.903313 0.074707 0.946777 1 0 1.0
0 -0.572989 -1.284911 9.649502 -0.422149 -0.076262 0.903313 0.074707 0.946777 1 0 1.0
Default
0 -1.306386 -1.371572 9.222201 -0.550993 -0.235965 0.800455 0.074707 0.946777 1 0 1.0
0 -1.081102 -2.006866 9.189998 -0.550993 -0.235965 0.800455 0.074707 0.946777 1 0 1.0
0 -0.876755 -1.455766 9.493118 -0.550993 -0.235965 0.800455 0.074707 0.946777 1 0 1.0
Default
0 -1.995135 -2.114355 9.088175 0.163382 0.278200 0.946526 0.074707 0.946777 1 0 1.0
0 -1.613215 -2.736138 9.205003 0.163382 0.278200 0.946526 0.074707 0.946777 1 0 1.0
0 -1.712457 -1.609975 8.891135 0.163382 0.278200 0.946526 0.074707 0.946777 1 0 1.0
Default
0 -2.386685 -1.833300 8.755190 -0.716430 -0.209778 0.665373 0.074707 0.946777 1 0 1.0
0 -2.480583 -3.025173 8.278315 -0.716430 -0.209778 0.665373 0.074707 0.946777 1 0 1.0
0 -1.995135 -2.114355 9.088175 -0.716430 -0.209778 0.665373 0.074707 0.946777 1 0 1.0
Default
0 -3.212266 -3.176207 7.509752 -0.726068 0.241786 0.643712 0.074707 0.946777 1 0 1.0
0 -3.093429 -4.148967 8.009173 -0.726068 0.241786 0.643712 0.074707 0.946777 1 0 1.0
0 -2.480583 -3.025173 8.278315 -0.726068 0.241786 0.643712 0.074707 0.946777 1 0 1.0
Default
0 -3.735747 -3.924552 6.226576 -0.936375 0.062897 0.345319 0.074707 0.946777 1 0 1.0
0 -3.093429 -4.148967 8.009173 -0.936375 0.062897 0.345319 0.074707 0.946777 1 0 1.0
0 -3.212266 -3.176207 7.509752 -0.936375 0.062897 0.345319 0.074707 0.946777 1 0 1.0
Default
0 -4.705217 -6.399822 5.716496 -0.800600 0.494564 0.338299 0.074707 0.946777 1 0 1.0
0 -3.658109 -5.794203 7.309159 -0.800600 0.494564 0.338299 0.074707 0.946777 1 0 1.0
0 -3.713935 -4.939787 5.927961 -0.800600 0.494564 0.338299 0.074707 0.946777 1 0 1.0
Default
0 -4.876538 -6.399822 5.285519 -0.796704 0.514744 0.316705 0.074707 0.946777 1 0 1.0
0 -4.705217 -6.399822 5.716496 -0.800600 0.494564 0.338299 0.074707 0.946777 1 0 1.0
0 -3.797216 -4.892198 5.550310 -0.796704 0.514744 0.316705 0.074707 0.946777 1 0 1.0
Default
0 -4.129579 -7.504119 7.213238 -0.696800 0.263208 0.667227 0.074707 0.946777 1 0 1.0
0 -5.105233 -6.922558 5.964926 -0.696800 0.263208 0.667227 0.074707 0.946777 1 0 1.0
0 -5.578954 -7.804653 5.818179 -0.696800 0.263208 0.667227 0.074707 0.946777 1 0 1.0
Default
0 -3.713935 -4.939787 5.927961 -0.939047 -0.115425 0.323833 0.074707 0.946777 1 0 1.0
0 -3.093429 -4.148967 8.009173 -0.939047 -0.115425 0.323833 0.074707 0.946777 1 0 1.0
0 -3.735747 -3.924552 6.226576 -0.939047 -0.115425 0.323833 0.074707 0.946777 1 0 1.0
Default
0 -2.480583 -3.025173 8.278315 -0.658520 -0.272694 0.701420 0.074707 0.946777 1 0 1.0
0 -1.613215 -2.736138 9.205003 -0.658520 -0.272694 0.701420 0.074707 0.946777 1 0 1.0
0 -1.995135 -2.114355 9.088175 -0.658520 -0.272694 0.701420 0.074707 0.946777 1 0 1.0
Default
0 -0.876755 -1.455766 9.493118 -0.367642 -0.181244 0.912135 0.074707 0.946777 1 0 1.0
0 -0.256352 -1.899575 9.654989 -0.367642 -0.181244 0.912135 0.074707 0.946777 1 0 1.0
0 -0.572989 -1.284911 9.649502 -0.367642 -0.181244 0.912135 0.074707 0.946777 1 0 1.0
Default
0 -1.081102 -2.006866 9.189998 -0.657929 -0.160713 0.735731 0.074707 0.946777 1 0 1.0
0 -0.725086 -2.414446 9.419333 -0.657929 -0.160713 0.735731 0.074707 0.946777 1 0 1.0
0 -0.876755 -1.455766 9.493118 -0.657929 -0.160713 0.735731 0.074707 0.946777 1 0 1.0
Default
0 -0.725086 -2.414446 9.419333 -0.400552 -0.133141 0.906549 0.074707 0.946777 1 0 1.0
0 -0.600062 -2.055721 9.527259 -0.400552 -0.133141 0.906549 0.074707 0.946777 1 0 1.0
0 -0.876755 -1.455766 9.493118 -0.400552 -0.133141 0.906549 0.074707 0.946777 1 0 1.0
Default
0 -0.799097 -3.463283 9.614558 -0.296253 0.194941 0.935004 0.074707 0.946777 1 0 1.0
0 -0.725086 -2.414446 9.419333 -0.296253 0.194941 0.935004 0.074707 0.946777 1 0 1.0
0 -1.613215 -2.736138 9.205003 -0.301660 0.239097 0.922948 0.074707 0.946777 1 0 1.0
Default
0 -1.712457 -1.609975 8.891135 -0.292747 0.232686 0.927446 0.074707 0.946777 1 0 1.0
0 -1.613215 -2.736138 9.205003 -0.301660 0.239097 0.922948 0.074707 0.946777 1 0 1.0
0 -1.081102 -2.006866 9.189998 -0.301660 0.239097 0.922948 0.074707 0.946777 1 0 1.0
Default
0 -0.725086 -2.414446 9.419333 -0.310531 0.245474 0.918321 0.074707 0.946777 1 0 1.0
0 -1.081102 -2.006866 9.189998 -0.301660 0.239097 0.922948 0.074707 0.946777 1 0 1.0
0 -1.613215 -2.736138 9.205003 -0.301660 0.239097 0.922948 0.074707 0.946777 1 0 1.0
Default
0 0.000000 -1.098172 9.716423 -0.101864 -0.043602 0.993842 0.074707 0.946777 1 0 1.0
0 -0.572989 -1.284911 9.649502 -0.101864 -0.043602 0.993842 0.074707 0.946777 1 0 1.0
0 -0.256352 -1.899575 9.654989 -0.101864 -0.043602 0.993842 0.074707 0.946777 1 0 1.0
Default
0 -2.480583 -3.025173 8.278315 -0.732093 0.376227 0.567884 0.074707 0.946777 1 0 1.0
0 -1.974940 -3.335432 9.135718 -0.732093 0.376227 0.567884 0.074707 0.946777 1 0 1.0
0 -1.613215 -2.736138 9.205003 -0.732093 0.376227 0.567884 0.074707 0.946777 1 0 1.0
Default
0 -4.129579 -7.504119 7.213238 -0.851751 0.207871 0.480946 0.074707 0.946777 1 0 1.0
0 -3.658109 -5.794203 7.309159 -0.851751 0.207871 0.480946 0.074707 0.946777 1 0 1.0
0 -4.705217 -6.399822 5.716496 -0.851751 0.207871 0.480946 0.074707 0.946777 1 0 1.0
Default
0 -5.681746 -9.723447 5.908592 -0.656416 0.070556 0.751092 0.074707 0.946777 1 0 1.0
0 -4.746335 -9.206367 6.677520 -0.656416 0.070556 0.751092 0.074707 0.946777 1 0 1.0
0 -5.578954 -7.804653 5.818179 -0.656416 0.070556 0.751092 0.074707 0.946777 1 0 1.0
Default
0 -5.578954 -7.804653 5.818179 -0.696072 0.026398 0.717486 0.074707 0.946777 1 0 1.0
0 -4.746335 -9.206367 6.677520 -0.696072 0.026398 0.717486 0.074707 0.946777 1 0 1.0
0 -4.129579 -7.504119 7.213238 -0.696072 0.026398 0.717486 0.074707 0.946777 1 0 1.0
Default
0 -3.745820 -13.372582 5.908592 -0.517545 -0.491668 0.700293 0.074707 0.946777 1 0 1.0
0 -3.981559 -12.117455 6.615582 -0.517545 -0.491668 0.700293 0.074707 0.946777 1 0 1.0
0 -4.722349 -12.344657 5.908592 -0.517545 -0.491668 0.700293 0.074707 0.946777 1 0 1.0
Default
0 -2.118271 -14.057866 5.908592 -0.262012 -0.622279 0.737644 0.074707 0.946777 1 0 1.0
0 -3.175764 -12.826402 6.571835 -0.262012 -0.622279 0.737644 0.074707 0.946777 1 0 1.0
0 -3.745820 -13.372582 5.908592 -0.262012 -0.622279 0.737644 0.074707 0.946777 1 0 1.0
Default
0 0.000000 -14.628563 5.871818 -0.251949 -0.756449 0.603578 0.074707 0.946777 1 0 1.0
0 -0.577065 -13.696351 6.799254 -0.251949 -0.756449 0.603578 0.074707 0.946777 1 0 1.0
0 -0.904357 -14.503035 5.651637 -0.251949 -0.756449 0.603578 0.074707 0.946777 1 0 1.0
Default
0 0.000000 -13.623886 6.927276 -0.061884 -0.722928 0.688146 0.074707 0.946777 1 0 1.0
0 -0.577065 -13.696351 6.799254 -0.061884 -0.722928 0.688146 0.074707 0.946777 1 0 1.0
0 0.000000 -14.628563 5.871818 -0.061884 -0.722928 0.688146 0.074707 0.946777 1 0 1.0
Default
0 -1.435200 -11.503698 8.111185 -0.348803 -0.478696 0.805721 0.074707 0.946777 1 0 1.0
0 -3.175764 -12.826402 6.571835 -0.348803 -0.478696 0.805721 0.074707 0.946777 1 0 1.0
0 -1.761237 -13.474318 6.799254 -0.348803 -0.478696 0.805721 0.074707 0.946777 1 0 1.0
Default
0 -2.635187 -11.589587 7.699844 -0.219639 -0.603258 0.766706 0.074707 0.946777 1 0 1.0
0 -3.175764 -12.826402 6.571835 -0.219639 -0.603258 0.766706 0.074707 0.946777 1 0 1.0
0 -1.435200 -11.503698 8.111185 -0.219639 -0.603258 0.766706 0.074707 0.946777 1 0 1.0
Default
0 -1.407670 -3.938965 9.562593 -0.666814 -0.104905 0.737803 0.074707 0.946777 1 0 1.0
0 -1.974940 -3.335432 9.135718 -0.666814 -0.104905 0.737803 0.074707 0.946777 1 0 1.0
0 -3.093429 -4.148967 8.009173 -0.666814 -0.104905 0.737803 0.074707 0.946777 1 0 1.0
Default
0 -4.746335 -9.206367 6.677520 -0.778366 0.086313 0.621849 0.074707 0.946777 1 0 1.0
0 -4.220838 -8.511313 7.238809 -0.778366 0.086313 0.621849 0.074707 0.946777 1 0 1.0
0 -4.129579 -7.504119 7.213238 -0.778366 0.086313 0.621849 0.074707 0.946777 1 0 1.0
Default
0 -1.974940 -3.335432 9.135718 -0.775473 0.288376 0.561677 0.074707 0.946777 1 0 1.0
0 -2.480583 -3.025173 8.278315 -0.775473 0.288376 0.561677 0.074707 0.946777 1 0 1.0
0 -3.093429 -4.148967 8.009173 -0.775473 0.288376 0.561677 0.074707 0.946777 1 0 1.0
Default
0 -2.362953 -5.607721 8.279216 -0.465910 0.743942 0.479038 0.074707 0.946777 1 0 1.0
0 -3.713935 -4.939787 5.927961 -0.465910 0.743942 0.479038 0.074707 0.946777 1 0 1.0
0 -3.658109 -5.794203 7.309159 -0.465910 0.743942 0.479038 0.074707 0.946777 1 0 1.0
Default
0 -3.093429 -4.148967 8.009173 -0.850788 -0.354165 0.388236 0.074707 0.946777 1 0 1.0
0 -3.713935 -4.939787 5.927961 -0.850788 -0.354165 0.388236 0.074707 0.946777 1 0 1.0
0 -2.362953 -5.607721 8.279216 -0.850788 -0.354165 0.388236 0.074707 0.946777 1 0 1.0
Default
0 -0.256352 -1.899575 9.654989 -0.412273 -0.041233 0.910127 0.074707 0.946777 1 0 1.0
0 -0.725086 -2.414446 9.419333 -0.412273 -0.041233 0.910127 0.074707 0.946777 1 0 1.0
0 0.000000 -3.646780 9.691956 -0.412273 -0.041233 0.910127 0.074707 0.946777 1 0 1.0
Default
0 0.000000 -3.646780 9.691956 -0.052245 0.186304 0.981102 0.074707 0.946777 1 0 1.0
0 -0.725086 -2.414446 9.419333 -0.052245 0.186304 0.981102 0.074707 0.946777 1 0 1.0
0 -0.799097 -3.463283 9.614558 -0.052245 0.186304 0.981102 0.074707 0.946777 1 0 1.0
Default
0 -1.613215 -2.736138 9.205003 -0.364186 0.112941 0.924453 0.074707 0.946777 1 0 1.0
0 -1.974940 -3.335432 9.135718 -0.364186 0.112941 0.924453 0.074707 0.946777 1 0 1.0
0 -0.799097 -3.463283 9.614558 -0.364186 0.112941 0.924453 0.074707 0.946777 1 0 1.0
Default
0 -3.093429 -4.148967 8.009173 -0.652242 -0.190809 0.733602 0.074707 0.946777 1 0 1.0
0 -2.362953 -5.607721 8.279216 -0.652242 -0.190809 0.733602 0.074707 0.946777 1 0 1.0
0 -1.407670 -3.938965 9.562593 -0.652242 -0.190809 0.733602 0.074707 0.946777 1 0 1.0
Default
0 -1.974940 -3.335432 9.135718 -0.326994 0.321258 0.888745 0.074707 0.946777 1 0 1.0
0 -1.407670 -3.938965 9.562593 -0.326994 0.321258 0.888745 0.074707 0.946777 1 0 1.0
0 -0.799097 -3.463283 9.614558 -0.326994 0.321258 0.888745 0.074707 0.946777 1 0 1.0
Default
0 -0.429043 -4.173636 9.643106 -0.143998 -0.274293 0.950804 0.074707 0.946777 1 0 1.0
0 -1.407670 -3.938965 9.562593 -0.143998 -0.274293 0.950804 0.074707 0.946777 1 0 1.0
0 -0.901954 -5.260607 9.257909 -0.143998 -0.274293 0.950804 0.074707 0.946777 1 0 1.0
Default
0 -0.901954 -5.260607 9.257909 -0.258984 -0.721263 0.642423 0.074707 0.946777 1 0 1.0
0 -1.631036 -4.964192 9.296782 -0.258984 -0.721263 0.642423 0.074707 0.946777 1 0 1.0
0 -2.362953 -5.607721 8.279216 -0.258984 -0.721263 0.642423 0.074707 0.946777 1 0 1.0
Default
0 -4.129579 -7.504119 7.213238 -0.554046 -0.093002 0.827275 0.074707 0.946777 1 0 1.0
0 -1.906622 -8.651676 8.572999 -0.554046 -0.093002 0.827275 0.074707 0.946777 1 0 1.0
0 -2.649365 -6.986045 8.262815 -0.554046 -0.093002 0.827275 0.074707 0.946777 1 0 1.0
Default
0 -3.099091 -8.784668 8.027953 -0.425718 0.216399 0.878599 0.074707 0.946777 1 0 1.0
0 -1.906622 -8.651676 8.572999 -0.425718 0.216399 0.878599 0.074707 0.946777 1 0 1.0
0 -4.129579 -7.504119 7.213238 -0.425718 0.216399 0.878599 0.074707 0.946777 1 0 1.0
Default
0 -3.981559 -12.117455 6.615582 -0.515854 -0.318109 0.795425 0.074707 0.946777 1 0 1.0
0 -2.635187 -11.589587 7.699844 -0.515854 -0.318109 0.795425 0.074707 0.946777 1 0 1.0
0 -4.203590 -10.538560 7.103025 -0.515854 -0.318109 0.795425 0.074707 0.946777 1 0 1.0
Default
0 -1.465193 -9.280378 8.895401 -0.490950 -0.035763 0.870453 0.074707 0.946777 1 0 1.0
0 -3.192110 -9.995815 7.891998 -0.490950 -0.035763 0.870453 0.074707 0.946777 1 0 1.0
0 -1.835247 -10.267187 8.646141 -0.490950 -0.035763 0.870453 0.074707 0.946777 1 0 1.0
Default
0 -3.192110 -9.995815 7.891998 -0.496418 -0.272824 0.824097 0.074707 0.946777 1 0 1.0
0 -2.724015 -10.742174 7.965820 -0.507733 -0.236497 0.828418 0.074707 0.946777 1 0 1.0
0 -1.835247 -10.267187 8.646141 -0.507733 -0.236497 0.828418 0.074707 0.946777 1 0 1.0
Default
0 -2.635187 -11.589587 7.699844 -0.496418 -0.272824 0.824097 0.074707 0.946777 1 0 1.0
0 -3.192110 -9.995815 7.891998 -0.496418 -0.272824 0.824097 0.074707 0.946777 1 0 1.0
0 -4.203590 -10.538560 7.103025 -0.496418 -0.272824 0.824097 0.074707 0.946777 1 0 1.0
Default
0 -1.835247 -10.267187 8.646141 -0.468494 -0.308899 0.827705 0.074707 0.946777 1 0 1.0
0 -2.724015 -10.742174 7.965820 -0.468494 -0.308899 0.827705 0.074707 0.946777 1 0 1.0
0 -2.635187 -11.589587 7.699844 -0.496418 -0.272824 0.824097 0.074707 0.946777 1 0 1.0
Default
0 -1.711896 -6.665331 8.883108 -0.265560 -0.123246 0.956184 0.074707 0.946777 1 0 1.0
0 -2.442005 -7.236200 8.606754 -0.265560 -0.123246 0.956184 0.074707 0.946777 1 0 1.0
0 -1.906622 -8.651676 8.572999 -0.265560 -0.123246 0.956184 0.074707 0.946777 1 0 1.0
Default
0 -0.901954 -5.260607 9.257909 -0.222387 -0.238272 0.945395 0.074707 0.946777 1 0 1.0
0 0.000000 -5.598711 9.384863 -0.222387 -0.238272 0.945395 0.074707 0.946777 1 0 1.0
0 -0.429043 -4.173636 9.643106 -0.222387 -0.238272 0.945395 0.074707 0.946777 1 0 1.0
Default
0 0.000000 -7.880320 9.003513 -0.177286 -0.184125 0.966782 0.074707 0.946777 1 0 1.0
0 0.000000 -6.698120 9.228664 -0.177286 -0.184125 0.966782 0.074707 0.946777 1 0 1.0
0 -0.478384 -6.467969 9.184772 -0.177286 -0.184125 0.966782 0.074707 0.946777 1 0 1.0
Default
0 -1.711896 -6.665331 8.883108 -0.239425 0.012504 0.970834 0.074707 0.946777 1 0 1.0
0 -0.774427 -8.342908 9.135912 -0.239425 0.012504 0.970834 0.074707 0.946777 1 0 1.0
0 -0.478384 -6.467969 9.184772 -0.239425 0.012504 0.970834 0.074707 0.946777 1 0 1.0
Default
0 -1.906622 -8.651676 8.572999 -0.468075 0.120294 0.875463 0.074707 0.946777 1 0 1.0
0 -1.465193 -9.280378 8.895401 -0.468075 0.120294 0.875463 0.074707 0.946777 1 0 1.0
0 -0.774427 -8.342908 9.135912 -0.468075 0.120294 0.875463 0.074707 0.946777 1 0 1.0
Default
0 -3.192110 -9.995815 7.891998 -0.522416 0.069027 0.849892 0.074707 0.946777 1 0 1.0
0 -1.465193 -9.280378 8.895401 -0.522416 0.069027 0.849892 0.074707 0.946777 1 0 1.0
0 -1.906622 -8.651676 8.572999 -0.522416 0.069027 0.849892 0.074707 0.946777 1 0 1.0
Default
0 -1.835247 -10.267187 8.646141 -0.114111 -0.202863 0.972535 0.074707 0.946777 1 0 1.0
0 -0.651075 -10.933284 8.646141 -0.114111 -0.202863 0.972535 0.074707 0.946777 1 0 1.0
0 -1.465193 -9.280378 8.895401 -0.114111 -0.202863 0.972535 0.074707 0.946777 1 0 1.0
Default
0 -0.478384 -6.467969 9.184772 0.201390 -0.057281 0.977835 0.074707 0.946777 1 0 1.0
0 -0.774427 -8.342908 9.135912 0.201390 -0.057281 0.977835 0.074707 0.946777 1 0 1.0
0 0.000000 -7.880320 9.003513 0.201390 -0.057281 0.977835 0.074707 0.946777 1 0 1.0
Default
0 0.000000 -12.443537 7.781821 -0.166620 -0.542895 0.823106 0.074707 0.946777 1 0 1.0
0 -0.651075 -10.933284 8.646141 -0.166620 -0.542895 0.823106 0.074707 0.946777 1 0 1.0
0 -1.435200 -11.503698 8.111185 -0.166620 -0.542895 0.823106 0.074707 0.946777 1 0 1.0
Default
0 0.000000 -10.161928 8.760071 0.292636 -0.376811 0.878850 0.074707 0.946777 1 0 1.0
0 -0.651075 -10.933284 8.646141 0.292636 -0.376811 0.878850 0.074707 0.946777 1 0 1.0
0 0.000000 -12.443537 7.781821 0.292636 -0.376811 0.878850 0.074707 0.946777 1 0 1.0
Default
0 0.000000 -10.161928 8.760071 -0.378261 -0.718328 0.583887 0.074707 0.946777 1 0 1.0
0 -0.943236 -9.419679 9.062166 -0.378261 -0.718328 0.583887 0.074707 0.946777 1 0 1.0
0 -1.465193 -9.280378 8.895401 -0.378261 -0.718328 0.583887 0.074707 0.946777 1 0 1.0
Default
0 -1.761237 -13.474318 6.799254 -0.101188 -0.539671 0.835773 0.074707 0.946777 1 0 1.0
0 -0.577065 -13.696351 6.799254 -0.101188 -0.539671 0.835773 0.074707 0.946777 1 0 1.0
0 -1.435200 -11.503698 8.111185 -0.101188 -0.539671 0.835773 0.074707 0.946777 1 0 1.0
Default
0 -1.131801 -1.719771 5.668557 -0.123363 0.879275 -0.460062 0.081177 0.232788 1 0 1.0
0 0.000000 -1.259374 6.244987 -0.123363 0.879275 -0.460062 0.081177 0.232788 1 0 1.0
0 0.000000 -1.730310 5.344931 -0.123363 0.879275 -0.460062 0.081177 0.232788 1 0 1.0
Default
0 -0.080493 -1.352865 8.494130 0.338984 0.309421 -0.888453 0.019897 0.669922 1 0 1.0
0 -0.176091 -1.402631 8.440323 0.338984 0.309421 -0.888453 0.018616 0.670410 1 0 1.0
0 -0.273520 -0.784726 8.618347 0.338984 0.309421 -0.888453 0.017929 0.670898 1 0 1.0
Default
0 -1.131801 -1.719771 5.668557 -0.069605 0.841632 -0.535547 0.081177 0.232788 1 0 1.0
0 -0.751290 -1.116761 6.566754 -0.069605 0.841632 -0.535547 0.081177 0.232788 1 0 1.0
0 0.000000 -1.259374 6.244987 -0.069605 0.841632 -0.535547 0.081177 0.232788 1 0 1.0
Default
0 -1.489415 -1.431371 6.359617 -0.752268 0.371324 -0.544253 0.080811 0.232056 1 0 1.0
0 -1.131801 -1.719771 5.668557 -0.752268 0.371324 -0.544253 0.081177 0.232788 1 0 1.0
0 -2.011339 -2.457302 6.381066 -0.752268 0.371324 -0.544253 0.081177 0.232788 1 0 1.0
Default
0 -3.331263 -4.284210 4.989697 -0.800879 0.351205 -0.485025 0.081177 0.232788 1 0 1.0
0 -2.740915 -3.752738 4.399745 -0.800879 0.351205 -0.485025 0.081177 0.232788 1 0 1.0
0 -3.398098 -5.151943 4.471734 -0.800879 0.351205 -0.485025 0.081177 0.232788 1 0 1.0
Default
0 -2.690941 -3.804564 5.331498 -0.623667 0.777916 0.076719 0.081177 0.232788 1 0 1.0
0 -2.740915 -3.752738 4.399745 -0.623667 0.777916 0.076719 0.081177 0.232788 1 0 1.0
0 -3.331263 -4.284210 4.989697 -0.623667 0.777916 0.076719 0.081177 0.232788 1 0 1.0
Default
0 -4.180031 -7.091650 3.577466 -0.867989 0.330704 -0.370445 0.081177 0.232788 1 0 1.0
0 -4.913750 -7.997500 4.487969 -0.867989 0.330704 -0.370445 0.081177 0.232788 1 0 1.0
0 -4.375643 -6.785234 4.309349 -0.867989 0.330704 -0.370445 0.081177 0.232788 1 0 1.0
Default
0 -0.576928 -13.528731 3.671935 -0.229094 -0.879361 -0.417421 0.081177 0.232788 1 0 1.0
0 0.000000 -13.701244 3.718723 -0.229094 -0.879361 -0.417421 0.081177 0.232788 1 0 1.0
0 0.000000 -14.000025 4.348152 -0.229094 -0.879361 -0.417421 0.081177 0.232788 1 0 1.0
Default
0 -2.740915 -3.752738 4.399745 -0.880077 0.400210 -0.255530 0.081177 0.232788 1 0 1.0
0 -3.363334 -5.380094 3.994672 -0.880077 0.400210 -0.255530 0.081177 0.232788 1 0 1.0
0 -3.398098 -5.151943 4.471734 -0.880077 0.400210 -0.255530 0.081177 0.232788 1 0 1.0
Default
0 -4.149081 -10.457189 3.682800 -0.567138 -0.436211 -0.698623 0.081177 0.232788 1 0 1.0
0 -3.949345 -11.296801 4.044897 -0.567138 -0.436211 -0.698623 0.081177 0.232788 1 0 1.0
0 -4.828915 -10.925132 4.526862 -0.567138 -0.436211 -0.698623 0.081177 0.232788 1 0 1.0
Default
0 -4.149081 -10.457189 3.682800 -0.741222 -0.115793 -0.661198 0.081177 0.232788 1 0 1.0
0 -4.828915 -10.925132 4.526862 -0.741222 -0.115793 -0.661198 0.081177 0.232788 1 0 1.0
0 -4.986215 -9.626659 4.475803 -0.741222 -0.115793 -0.661198 0.081177 0.232788 1 0 1.0
Default
0 -1.131801 -1.719771 5.668557 -0.149354 0.605899 -0.781396 0.081177 0.232788 1 0 1.0
0 -1.105786 -2.712064 4.894155 -0.149354 0.605899 -0.781396 0.081177 0.232788 1 0 1.0
0 -2.740915 -3.752738 4.399745 -0.149354 0.605899 -0.781396 0.081177 0.232788 1 0 1.0
Default
0 -1.105786 -2.712064 4.894155 -0.217802 0.676458 -0.703539 0.081177 0.232788 1 0 1.0
0 -1.058958 -3.381649 4.235847 -0.217802 0.676458 -0.703539 0.081177 0.232788 1 0 1.0
0 -2.740915 -3.752738 4.399745 -0.217802 0.676458 -0.703539 0.081177 0.232788 1 0 1.0
Default
0 -1.058697 -0.971856 8.927029 -0.259824 -0.308458 -0.915066 0.982422 0.981934 1 0 1.0
0 -1.298632 -0.875759 8.962763 -0.259824 -0.308458 -0.915066 0.982422 0.981934 1 0 1.0
0 -1.169772 -0.785689 8.895813 -0.259824 -0.308458 -0.915066 0.982422 0.981934 1 0 1.0
Default
0 -1.323359 -0.833832 9.003206 -0.608196 0.335314 -0.719487 0.982422 0.981934 1 0 1.0
0 -1.169772 -0.785689 8.895813 -0.608196 0.335314 -0.719487 0.982422 0.981934 1 0 1.0
0 -1.298632 -0.875759 8.962763 -0.608196 0.335314 -0.719487 0.982422 0.981934 1 0 1.0
Default
0 -1.122570 -0.755822 9.057066 0.834791 0.443329 -0.326471 0.981934 0.981934 1 0 1.0
0 -1.058697 -0.971856 8.927029 0.834791 0.443329 -0.326471 0.982422 0.981934 1 0 1.0
0 -1.169772 -0.785689 8.895813 0.834791 0.443329 -0.326471 0.982422 0.981934 1 0 1.0
Default
0 -1.177736 -0.733728 9.082028 0.260837 0.932691 -0.249100 0.982422 0.981934 1 0 1.0
0 -1.122570 -0.755822 9.057066 0.260837 0.932691 -0.249100 0.981934 0.981934 1 0 1.0
0 -1.169772 -0.785689 8.895813 0.260837 0.932691 -0.249100 0.982422 0.981934 1 0 1.0
Default
0 -1.323359 -0.833832 9.003206 -0.448596 0.855699 -0.257956 0.982422 0.981934 1 0 1.0
0 -1.177736 -0.733728 9.082028 -0.448596 0.855699 -0.257956 0.982422 0.981934 1 0 1.0
0 -1.169772 -0.785689 8.895813 -0.448596 0.855699 -0.257956 0.982422 0.981934 1 0 1.0
Default
0 -1.290439 -0.975102 9.094695 -0.916472 -0.344899 -0.202791 0.982422 0.981934 1 0 1.0
0 -1.323359 -0.833832 9.003206 -0.916472 -0.344899 -0.202791 0.982422 0.981934 1 0 1.0
0 -1.298632 -0.875759 8.962763 -0.916472 -0.344899 -0.202791 0.982422 0.981934 1 0 1.0
Default
0 -1.101054 -1.045544 8.977522 -0.295535 -0.418562 -0.858757 0.982422 0.981934 1 0 1.0
0 -1.298632 -0.875759 8.962763 -0.295535 -0.418562 -0.858757 0.982422 0.981934 1 0 1.0
0 -1.058697 -0.971856 8.927029 -0.295535 -0.418562 -0.858757 0.982422 0.981934 1 0 1.0
Default
0 -1.026652 -0.994398 9.017796 0.892781 0.394686 -0.217176 0.982422 0.981934 1 0 1.0
0 -1.058697 -0.971856 8.927029 0.892781 0.394686 -0.217176 0.982422 0.981934 1 0 1.0
0 -1.122570 -0.755822 9.057066 0.892781 0.394686 -0.217176 0.981934 0.981934 1 0 1.0
Default
0 -1.136149 -0.864439 9.182414 0.515884 0.618966 0.592237 0.981445 0.981934 1 0 1.0
0 -1.122570 -0.755822 9.057066 0.515884 0.618966 0.592237 0.981934 0.981934 1 0 1.0
0 -1.177736 -0.733728 9.082028 0.515884 0.618966 0.592237 0.979980 0.981934 1 0 1.0
Default
0 -1.284638 -0.861068 9.112885 -0.655717 0.645407 0.391772 0.982422 0.521484 1 0 1.0
0 -1.177736 -0.733728 9.082028 -0.655717 0.645407 0.391772 0.982422 0.521484 1 0 1.0
0 -1.323359 -0.833832 9.003206 -0.655717 0.645407 0.391772 0.982422 0.521484 1 0 1.0
Default
0 -1.101054 -1.045544 8.977522 -0.550891 -0.682787 -0.479918 0.982422 0.981934 1 0 1.0
0 -1.290439 -0.975102 9.094695 -0.550891 -0.682787 -0.479918 0.982422 0.981934 1 0 1.0
0 -1.298632 -0.875759 8.962763 -0.550891 -0.682787 -0.479918 0.982422 0.981934 1 0 1.0
Default
0 -1.136149 -0.864439 9.182414 0.886370 0.298044 0.354285 0.981445 0.981934 1 0 1.0
0 -1.026652 -0.994398 9.017796 0.886370 0.298044 0.354285 0.982422 0.981934 1 0 1.0
0 -1.122570 -0.755822 9.057066 0.886370 0.298044 0.354285 0.981934 0.981934 1 0 1.0
Default
0 -1.284638 -0.861068 9.112885 -0.359553 0.493714 0.791813 0.982422 0.984375 1 0 1.0
0 -1.136149 -0.864439 9.182414 -0.359553 0.493714 0.791813 0.982422 0.984375 1 0 1.0
0 -1.177736 -0.733728 9.082028 -0.359553 0.493714 0.791813 0.982422 0.984375 1 0 1.0
Default
0 -1.290439 -0.975102 9.094695 -0.943332 -0.004939 0.331814 0.987305 0.986816 1 0 1.0
0 -1.284638 -0.861068 9.112885 -0.943332 -0.004939 0.331814 0.987305 0.986816 1 0 1.0
0 -1.323359 -0.833832 9.003206 -0.943332 -0.004939 0.331814 0.987305 0.986816 1 0 1.0
Default
0 -1.207688 -0.949932 9.174443 -0.098465 -0.915110 0.390996 0.981934 0.981934 1 0 1.0
0 -1.290439 -0.975102 9.094695 -0.098465 -0.915110 0.390996 0.982422 0.981934 1 0 1.0
0 -1.101054 -1.045544 8.977522 -0.098465 -0.915110 0.390996 0.982422 0.981934 1 0 1.0
Default
0 -1.207688 -0.949932 9.174443 0.263930 -0.803779 0.533179 0.981934 0.981934 1 0 1.0
0 -1.101054 -1.045544 8.977522 0.263930 -0.803779 0.533179 0.982422 0.981934 1 0 1.0
0 -1.026652 -0.994398 9.017796 0.263930 -0.803779 0.533179 0.982422 0.981934 1 0 1.0
Default
0 -1.207688 -0.949932 9.174443 0.500672 -0.485749 0.716502 0.981934 0.981934 1 0 1.0
0 -1.026652 -0.994398 9.017796 0.500672 -0.485749 0.716502 0.982422 0.981934 1 0 1.0
0 -1.136149 -0.864439 9.182414 0.500672 -0.485749 0.716502 0.981445 0.981934 1 0 1.0
Default
0 -1.207688 -0.949932 9.174443 -0.405010 0.257101 0.877420 0.987305 0.986816 1 0 1.0
0 -1.136149 -0.864439 9.182414 -0.405010 0.257101 0.877420 0.987305 0.986816 1 0 1.0
0 -1.284638 -0.861068 9.112885 -0.405010 0.257101 0.877420 0.987305 0.986816 1 0 1.0
Default
0 -1.207688 -0.949932 9.174443 -0.678558 -0.081918 0.729965 0.987305 0.986816 1 0 1.0
0 -1.284638 -0.861068 9.112885 -0.678558 -0.081918 0.729965 0.987305 0.986816 1 0 1.0
0 -1.290439 -0.975102 9.094695 -0.678558 -0.081918 0.729965 0.987305 0.986816 1 0 1.0
Default
0 -0.225223 -1.343443 8.191041 0.991383 -0.116293 -0.060294 0.018951 0.669922 1 0 1.0
0 -0.159957 -0.823955 8.262204 0.991383 -0.116293 -0.060294 0.019196 0.669922 1 0 1.0
0 -0.157617 -0.893826 8.435439 0.991383 -0.116293 -0.060294 0.018143 0.670410 1 0 1.0
Default
0 -0.273021 -0.769749 8.186527 0.532937 0.819964 -0.208897 0.079956 0.230591 1 0 1.0
0 -0.159957 -0.823955 8.262204 0.532937 0.819964 -0.208897 0.081177 0.231201 1 0 1.0
0 -0.478404 -0.745247 7.758729 0.532937 0.819964 -0.208897 0.079834 0.230591 1 0 1.0
Default
0 -0.478404 -0.745247 7.758729 0.745978 0.541904 -0.387114 0.081177 0.232788 1 0 1.0
0 -0.159957 -0.823955 8.262204 0.745978 0.541904 -0.387114 0.081177 0.232788 1 0 1.0
0 -0.347674 -0.905167 7.786784 0.745978 0.541904 -0.387114 0.081177 0.232788 1 0 1.0
Default
0 -4.291564 -4.845044 4.185770 0.160548 -0.299044 -0.940637 0.078552 0.955566 1 0 1.0
0 -3.828801 -4.849433 4.266149 0.160548 -0.299044 -0.940637 0.078552 0.955566 1 0 1.0
0 -4.007162 -5.339479 4.391501 0.160548 -0.299044 -0.940637 0.078552 0.955566 1 0 1.0
Default
0 -4.071782 -4.241197 4.655319 -0.101313 0.837476 -0.537001 0.078552 0.955566 1 0 1.0
0 -3.576559 -4.156404 4.694126 -0.101313 0.837476 -0.537001 0.078552 0.955566 1 0 1.0
0 -3.650439 -4.359389 4.391501 -0.101313 0.837476 -0.537001 0.078552 0.955566 1 0 1.0
Default
0 -3.650439 -4.359389 4.996754 -0.183684 0.836513 0.516243 0.078552 0.955566 1 0 1.0
0 -3.576559 -4.156404 4.694126 -0.183684 0.836513 0.516243 0.078552 0.955566 1 0 1.0
0 -4.071782 -4.241197 4.655319 -0.183684 0.836513 0.516243 0.078552 0.955566 1 0 1.0
Default
0 -4.007162 -5.339479 5.057021 0.231079 -0.000590 0.972935 0.078552 0.955566 1 0 1.0
0 -3.828801 -4.849433 5.014956 0.231079 -0.000590 0.972935 0.078552 0.955566 1 0 1.0
0 -4.291564 -4.845044 5.124868 0.231079 -0.000590 0.972935 0.078552 0.955566 1 0 1.0
Default
0 -4.007162 -5.339479 4.391501 -0.124358 -0.809728 -0.573478 0.078552 0.955566 1 0 1.0
0 -4.081043 -5.542462 4.694126 -0.124358 -0.809728 -0.573478 0.078552 0.955566 1 0 1.0
0 -4.511346 -5.448892 4.655319 -0.124358 -0.809728 -0.573478 0.078552 0.955566 1 0 1.0
Default
0 -4.136154 -4.418061 4.323298 0.111320 0.208055 -0.971762 0.078552 0.955566 1 0 1.0
0 -3.650439 -4.359389 4.391501 0.111320 0.208055 -0.971762 0.078552 0.955566 1 0 1.0
0 -3.828801 -4.849433 4.266149 0.111320 0.208055 -0.971762 0.078552 0.955566 1 0 1.0
Default
0 -3.828801 -4.849433 5.014956 -0.024930 0.046167 0.998623 0.078552 0.955566 1 0 1.0
0 -3.650439 -4.359389 4.996754 -0.024930 0.046167 0.998623 0.078552 0.955566 1 0 1.0
0 -4.136154 -4.418061 4.987340 -0.024930 0.046167 0.998623 0.078552 0.955566 1 0 1.0
Default
0 -5.078810 -3.389243 4.954003 0.658087 0.580503 0.479519 0.078552 0.955566 1 0 1.0
0 -4.986214 -3.247489 4.655319 0.658087 0.580503 0.479519 0.078552 0.955566 1 0 1.0
0 -10.413741 2.905427 4.655321 0.658087 0.580503 0.479519 0.078552 0.955566 1 0 1.0
Default
0 -5.525904 -4.073676 4.954003 -0.209863 -0.208265 0.955292 0.078552 0.955566 1 0 1.0
0 -5.302357 -3.731459 5.077720 -0.209863 -0.208265 0.955292 0.078552 0.955566 1 0 1.0
0 -10.953594 2.698706 5.238080 -0.209863 -0.208265 0.955292 0.078552 0.955566 1 0 1.0
Default
0 -11.335324 2.552533 4.243247 -0.655588 -0.582989 -0.479926 0.078552 0.955566 1 0 1.0
0 -5.525903 -4.073676 4.356637 -0.655588 -0.582989 -0.479926 0.078552 0.955566 1 0 1.0
0 -5.618501 -4.215427 4.655319 -0.655588 -0.582989 -0.479926 0.078552 0.955566 1 0 1.0
Default
0 -10.571862 2.844879 4.243247 0.235828 0.190462 -0.952948 0.078552 0.955566 1 0 1.0
0 -5.078810 -3.389243 4.356637 0.235828 0.190462 -0.952948 0.078552 0.955566 1 0 1.0
0 -5.302357 -3.731459 4.232918 0.235828 0.190462 -0.952948 0.078552 0.955566 1 0 1.0
Default
0 -5.302357 -3.731459 5.077720 0.235825 0.190459 0.952949 0.078552 0.955566 1 0 1.0
0 -5.078810 -3.389243 4.954003 0.235825 0.190459 0.952949 0.078552 0.955566 1 0 1.0
0 -10.571862 2.844879 5.067393 0.235825 0.190459 0.952949 0.078552 0.955566 1 0 1.0
Default
0 -5.618501 -4.215427 4.655319 -0.655589 -0.582990 0.479922 0.078552 0.955566 1 0 1.0
0 -5.525904 -4.073676 4.954003 -0.655589 -0.582990 0.479922 0.078552 0.955566 1 0 1.0
0 -11.335324 2.552533 5.067393 -0.655589 -0.582990 0.479922 0.078552 0.955566 1 0 1.0
Default
0 -10.953594 2.698707 4.072561 -0.209866 -0.208267 -0.955291 0.078552 0.955566 1 0 1.0
0 -5.302357 -3.731459 4.232918 -0.209866 -0.208267 -0.955291 0.078552 0.955566 1 0 1.0
0 -5.525903 -4.073676 4.356637 -0.209866 -0.208267 -0.955291 0.078552 0.955566 1 0 1.0
Default
0 -10.413741 2.905427 4.655321 0.658086 0.580502 -0.479522 0.078552 0.955566 1 0 1.0
0 -4.986214 -3.247489 4.655319 0.658086 0.580502 -0.479522 0.078552 0.955566 1 0 1.0
0 -5.078810 -3.389243 4.356637 0.658086 0.580502 -0.479522 0.078552 0.955566 1 0 1.0
Default
0 -12.676971 10.399323 4.197279 -0.912278 0.088310 -0.399938 0.078552 0.955566 1 0 1.0
0 -12.877280 10.404426 4.655321 -0.912278 0.088310 -0.399938 0.078552 0.955566 1 0 1.0
0 -12.016316 19.298528 4.655321 -0.912278 0.088310 -0.399938 0.078552 0.955566 1 0 1.0
Default
0 -11.709796 10.374699 4.197281 0.365477 0.012454 -0.930737 0.078552 0.955566 1 0 1.0
0 -12.193383 10.387011 4.007553 0.365477 0.012454 -0.930737 0.078552 0.955566 1 0 1.0
0 -11.472609 19.236979 4.409003 0.365477 0.012454 -0.930737 0.078552 0.955566 1 0 1.0
Default
0 -11.472609 19.236979 4.901639 0.365474 0.012454 0.930738 0.078552 0.955566 1 0 1.0
0 -12.193383 10.387011 5.303087 0.365474 0.012454 0.930738 0.078552 0.955566 1 0 1.0
0 -11.709796 10.374699 5.113361 0.365474 0.012454 0.930738 0.078552 0.955566 1 0 1.0
Default
0 -12.016316 19.298528 4.655321 -0.912277 0.088310 0.399940 0.078552 0.955566 1 0 1.0
0 -12.877280 10.404426 4.655321 -0.912277 0.088310 0.399940 0.078552 0.955566 1 0 1.0
0 -12.676971 10.399323 5.113361 -0.912277 0.088310 0.399940 0.078552 0.955566 1 0 1.0
Default
0 -12.193383 10.387011 4.007553 -0.363101 0.063234 -0.929602 0.078552 0.955566 1 0 1.0
0 -12.676971 10.399323 4.197279 -0.363101 0.063234 -0.929602 0.078552 0.955566 1 0 1.0
0 -11.857069 19.280499 4.481147 -0.363101 0.063234 -0.929602 0.078552 0.955566 1 0 1.0
Default
0 -11.509484 10.369605 4.655321 0.914786 -0.051588 -0.400631 0.078552 0.955566 1 0 1.0
0 -11.709796 10.374699 4.197281 0.914786 -0.051588 -0.400631 0.078552 0.955566 1 0 1.0
0 -11.088152 19.193459 4.481147 0.914786 -0.051588 -0.400631 0.078552 0.955566 1 0 1.0
Default
0 -11.088152 19.193459 4.829493 0.914786 -0.051588 0.400631 0.078552 0.955566 1 0 1.0
0 -11.709796 10.374699 5.113361 0.914786 -0.051588 0.400631 0.078552 0.955566 1 0 1.0
0 -11.509484 10.369605 4.655321 0.914786 -0.051588 0.400631 0.078552 0.955566 1 0 1.0
Default
0 -11.857069 19.280499 4.829493 -0.363101 0.063234 0.929602 0.078552 0.955566 1 0 1.0
0 -12.676971 10.399323 5.113361 -0.363101 0.063234 0.929602 0.078552 0.955566 1 0 1.0
0 -12.193383 10.387011 5.303087 -0.363101 0.063234 0.929602 0.078552 0.955566 1 0 1.0
Default
0 -10.345264 21.182864 4.655319 0.725235 -0.128508 -0.676402 0.078552 0.955566 1 0 1.0
0 -10.473480 20.459274 4.655319 0.725235 -0.128508 -0.676402 0.078552 0.955566 1 0 1.0
0 -10.699767 20.484891 4.407828 0.725235 -0.128508 -0.676402 0.078552 0.955566 1 0 1.0
Default
0 -11.857069 19.280499 4.829493 -0.199408 -0.158493 0.967014 0.078552 0.955566 1 0 1.0
0 -11.472609 19.236979 4.901639 -0.199408 -0.158493 0.967014 0.078552 0.955566 1 0 1.0
0 -11.384894 20.263574 5.087985 -0.199408 -0.158493 0.967014 0.078552 0.955566 1 0 1.0
Default
0 -11.384894 20.263574 5.087985 0.160328 -0.189535 0.968696 0.078552 0.955566 1 0 1.0
0 -11.472609 19.236979 4.901639 0.160328 -0.189535 0.968696 0.078552 0.955566 1 0 1.0
0 -11.088152 19.193459 4.829493 0.160328 -0.189535 0.968696 0.078552 0.955566 1 0 1.0
Default
0 -11.384894 20.263574 4.305314 -0.192797 -0.082285 -0.977782 0.078552 0.955566 1 0 1.0
0 -11.472609 19.236979 4.409003 -0.192797 -0.082285 -0.977782 0.078552 0.955566 1 0 1.0
0 -11.857069 19.280499 4.481147 -0.192797 -0.082285 -0.977782 0.078552 0.955566 1 0 1.0
Default
0 -10.968117 21.042627 4.781343 -0.814323 0.580412 0.000000 0.078552 0.955566 1 0 1.0
0 -9.890710 22.554239 4.655321 -0.814323 0.580412 0.000000 0.078552 0.955566 1 0 1.0
0 -10.968117 21.042627 4.529295 -0.814323 0.580412 0.000000 0.078552 0.955566 1 0 1.0
Default
0 -10.699767 20.484891 4.902810 0.725235 -0.128508 0.676402 0.078552 0.955566 1 0 1.0
0 -10.473480 20.459274 4.655319 0.725235 -0.128508 0.676402 0.078552 0.955566 1 0 1.0
0 -10.345264 21.182864 4.655319 0.725235 -0.128508 0.676402 0.078552 0.955566 1 0 1.0
Default
0 -10.699767 20.484891 4.407828 0.066405 0.242726 -0.967819 0.078552 0.955566 1 0 1.0
0 -11.384894 20.263574 4.305314 0.066405 0.242726 -0.967819 0.078552 0.955566 1 0 1.0
0 -10.968117 21.042627 4.529295 0.066405 0.242726 -0.967819 0.078552 0.955566 1 0 1.0
Default
0 -10.968117 21.042627 4.781343 0.163461 0.284383 0.944673 0.078552 0.955566 1 0 1.0
0 -11.384894 20.263574 5.087985 0.163461 0.284383 0.944673 0.078552 0.955566 1 0 1.0
0 -10.699767 20.484891 4.902810 0.163461 0.284383 0.944673 0.078552 0.955566 1 0 1.0
Default
0 -11.335161 23.442715 4.655319 0.982557 -0.185960 0.000000 0.078552 0.955566 1 0 1.0
0 -11.673500 21.655036 4.784822 0.982557 -0.185960 0.000000 0.078552 0.955566 1 0 1.0
0 -11.673500 21.655036 4.525817 0.982557 -0.185960 0.000000 0.078552 0.955566 1 0 1.0
Default
0 -11.384894 20.263574 5.087985 -0.308126 0.141073 0.940828 0.078552 0.955566 1 0 1.0
0 -11.673500 21.655036 4.784822 -0.308126 0.141073 0.940828 0.078552 0.955566 1 0 1.0
0 -11.792356 20.608562 4.902810 -0.308126 0.141073 0.940828 0.078552 0.955566 1 0 1.0
Default
0 -11.673500 21.655036 4.525817 -0.139876 0.126610 -0.982041 0.078552 0.955566 1 0 1.0
0 -11.384894 20.263574 4.305314 -0.139876 0.126610 -0.982041 0.078552 0.955566 1 0 1.0
0 -11.792356 20.608562 4.407828 -0.139876 0.126610 -0.982041 0.078552 0.955566 1 0 1.0
Default
0 -3.687327 -6.001418 5.117983 -0.845712 -0.373532 0.381109 0.078552 0.955566 1 0 1.0
0 -4.007162 -5.339479 5.057021 -0.845712 -0.373532 0.381109 0.078552 0.955566 1 0 1.0
0 -4.081043 -5.542462 4.694126 -0.845712 -0.373532 0.381109 0.078552 0.955566 1 0 1.0
Default
0 -3.252080 -5.805392 4.362738 -0.155063 -0.191471 -0.969172 0.078552 0.955566 1 0 1.0
0 -4.007162 -5.339479 4.391501 -0.155063 -0.191471 -0.969172 0.078552 0.955566 1 0 1.0
0 -3.828801 -4.849433 4.266149 -0.155063 -0.191471 -0.969172 0.078552 0.955566 1 0 1.0
Default
0 -3.650439 -4.359389 4.391501 -0.254357 0.830752 -0.495129 0.078552 0.955566 1 0 1.0
0 -3.576559 -4.156404 4.694126 -0.254357 0.830752 -0.495129 0.078552 0.955566 1 0 1.0
0 -2.518870 -3.832564 4.694126 -0.254357 0.830752 -0.495129 0.078552 0.955566 1 0 1.0
Default
0 -3.576559 -4.156404 4.694126 -0.477106 0.779316 0.406246 0.078552 0.955566 1 0 1.0
0 -3.650439 -4.359389 4.996754 -0.477106 0.779316 0.406246 0.078552 0.955566 1 0 1.0
0 -3.010876 -4.142884 5.332545 -0.477106 0.779316 0.406246 0.078552 0.955566 1 0 1.0
Default
0 -4.081043 -5.542462 4.694126 -0.446729 -0.688739 -0.571027 0.078552 0.955566 1 0 1.0
0 -4.007162 -5.339479 4.391501 -0.446729 -0.688739 -0.571027 0.078552 0.955566 1 0 1.0
0 -3.252080 -5.805392 4.362738 -0.446729 -0.688739 -0.571027 0.078552 0.955566 1 0 1.0
Default
0 -0.199758 -1.295013 8.079918 0.245947 0.261445 0.933358 0.019165 0.669922 1 0 1.0
0 0.000000 -1.312627 8.032214 0.245947 0.261445 0.933358 0.019226 0.669922 1 0 1.0
0 0.000000 -0.989868 7.941805 0.245947 0.261445 0.933358 0.019196 0.669922 1 0 1.0
Default
0 -0.576363 -0.751875 8.645461 0.110838 0.993237 0.034577 0.084290 0.228271 1 0 1.0
0 -0.273520 -0.784726 8.618347 0.110838 0.993237 0.034577 0.082153 0.229370 1 0 1.0
0 -0.273021 -0.769749 8.186527 0.110838 0.993237 0.034577 0.084167 0.228149 1 0 1.0
Default
0 -5.844373 -7.485428 3.972465 -0.241356 -0.103617 -0.964889 0.078552 0.955566 1 0 1.0
0 -5.046075 -7.742884 3.800427 -0.241356 -0.103617 -0.964889 0.078552 0.955566 1 0 1.0
0 -5.224436 -8.232930 3.897667 -0.241356 -0.103617 -0.964889 0.078552 0.955566 1 0 1.0
Default
0 -4.793833 -7.049856 4.132423 0.046768 0.748283 -0.661729 0.078552 0.955566 1 0 1.0
0 -4.867713 -7.252841 3.897667 0.046768 0.748283 -0.661729 0.078552 0.955566 1 0 1.0
0 -5.675920 -7.058445 4.060369 0.046768 0.748283 -0.661729 0.078552 0.955566 1 0 1.0
Default
0 -4.867713 -7.252841 4.367179 0.300740 0.672558 0.676181 0.078552 0.955566 1 0 1.0
0 -4.793833 -7.049856 4.132423 0.300740 0.672558 0.676181 0.078552 0.955566 1 0 1.0
0 -5.577347 -6.881581 4.313527 0.300740 0.672558 0.676181 0.078552 0.955566 1 0 1.0
Default
0 -5.984028 -7.912411 4.101303 -0.434811 -0.608973 -0.663394 0.078552 0.955566 1 0 1.0
0 -5.224436 -8.232930 3.897667 -0.434811 -0.608973 -0.663394 0.078552 0.955566 1 0 1.0
0 -5.298317 -8.435914 4.132423 -0.434811 -0.608973 -0.663394 0.078552 0.955566 1 0 1.0
Default
0 -5.046075 -7.742885 4.464419 0.299558 0.079627 0.950749 0.078552 0.955566 1 0 1.0
0 -4.867713 -7.252841 4.367179 0.299558 0.079627 0.950749 0.078552 0.955566 1 0 1.0
0 -5.606398 -7.058445 4.583640 0.299558 0.079627 0.950749 0.078552 0.955566 1 0 1.0
Default
0 -6.542460 -7.732545 5.187598 0.557982 -0.372774 0.741415 0.078552 0.955566 1 0 1.0
0 -5.914510 -7.912412 4.624574 0.557982 -0.372774 0.741415 0.078552 0.955566 1 0 1.0
0 -5.746056 -7.485428 4.712478 0.557982 -0.372774 0.741415 0.078552 0.955566 1 0 1.0
Default
0 -5.675920 -7.058445 4.060369 -0.454928 0.348217 -0.819625 0.078552 0.955566 1 0 1.0
0 -5.844373 -7.485428 3.972465 -0.454928 0.348217 -0.819625 0.078552 0.955566 1 0 1.0
0 -6.811645 -7.278500 4.597257 -0.454928 0.348217 -0.819625 0.078552 0.955566 1 0 1.0
Default
0 -5.746056 -7.485428 4.712478 0.548618 0.071901 0.832976 0.078552 0.955566 1 0 1.0
0 -5.606398 -7.058445 4.583640 0.548618 0.071901 0.832976 0.078552 0.955566 1 0 1.0
0 -6.574963 -6.824458 5.201363 0.548618 0.071901 0.832976 0.078552 0.955566 1 0 1.0
Default
0 -6.811645 -7.278500 4.597257 -0.551806 -0.070267 -0.831007 0.078552 0.955566 1 0 1.0
0 -5.844373 -7.485428 3.972465 -0.551806 -0.070267 -0.831007 0.078552 0.955566 1 0 1.0
0 -5.984028 -7.912411 4.101303 -0.551806 -0.070267 -0.831007 0.078552 0.955566 1 0 1.0
Default
0 -5.606398 -7.058445 4.583640 0.460755 0.718995 0.520337 0.078552 0.955566 1 0 1.0
0 -5.577347 -6.881581 4.313527 0.460755 0.718995 0.520337 0.078552 0.955566 1 0 1.0
0 -6.686467 -6.636385 4.956838 0.460755 0.718995 0.520337 0.078552 0.955566 1 0 1.0
Default
0 -14.915405 -5.983451 6.332373 -0.074297 -0.782984 0.617589 0.078552 0.955566 1 0 1.0
0 -6.642373 -7.868178 4.938163 -0.074297 -0.782984 0.617589 0.078552 0.955566 1 0 1.0
0 -6.561403 -7.712846 5.144834 -0.074297 -0.782984 0.617589 0.078552 0.955566 1 0 1.0
Default
0 -3.741272 -8.149034 3.801033 -0.054128 -0.175359 -0.983015 0.078552 0.955566 1 0 1.0
0 -5.224436 -8.232930 3.897667 -0.054128 -0.175359 -0.983015 0.078552 0.955566 1 0 1.0
0 -5.046075 -7.742884 3.800427 -0.054128 -0.175359 -0.983015 0.078552 0.955566 1 0 1.0
Default
0 -4.867713 -7.252841 3.897667 -0.115444 0.769069 -0.628654 0.078552 0.955566 1 0 1.0
0 -4.793833 -7.049856 4.132423 -0.115444 0.769069 -0.628654 0.078552 0.955566 1 0 1.0
0 -3.656341 -6.879109 4.132423 -0.115444 0.769069 -0.628654 0.078552 0.955566 1 0 1.0
Default
0 -4.793833 -7.049856 4.132423 -0.271825 0.768634 0.579063 0.078552 0.955566 1 0 1.0
0 -4.867713 -7.252841 4.367179 -0.271825 0.768634 0.579063 0.078552 0.955566 1 0 1.0
0 -4.314244 -7.215623 4.577588 -0.271825 0.768634 0.579063 0.078552 0.955566 1 0 1.0
Default
0 -4.172170 -7.811207 4.761983 -0.326354 -0.068292 0.942777 0.078552 0.955566 1 0 1.0
0 -5.046075 -7.742885 4.464419 -0.326354 -0.068292 0.942777 0.078552 0.955566 1 0 1.0
0 -5.224436 -8.232930 4.367179 -0.326354 -0.068292 0.942777 0.078552 0.955566 1 0 1.0
Default
0 -3.971245 -8.653491 4.132423 -0.120010 -0.731977 -0.670677 0.078552 0.955566 1 0 1.0
0 -5.298317 -8.435914 4.132423 -0.120010 -0.731977 -0.670677 0.078552 0.955566 1 0 1.0
0 -5.224436 -8.232930 3.897667 -0.120010 -0.731977 -0.670677 0.078552 0.955566 1 0 1.0
Default
0 -4.314244 -7.215623 4.577588 -0.356275 0.304932 0.883224 0.078552 0.955566 1 0 1.0
0 -4.867713 -7.252841 4.367179 -0.356275 0.304932 0.883224 0.078552 0.955566 1 0 1.0
0 -5.046075 -7.742885 4.464419 -0.356275 0.304932 0.883224 0.078552 0.955566 1 0 1.0
Default
0 -15.607125 -5.368085 6.869142 0.093362 0.364427 0.926540 0.078552 0.955566 1 0 1.0
0 -14.770472 -5.495860 6.835093 0.093362 0.364427 0.926540 0.078552 0.955566 1 0 1.0
0 -14.729514 -5.116527 6.681767 0.093362 0.364427 0.926540 0.078552 0.955566 1 0 1.0
Default
0 -6.791522 -7.278500 4.644764 -0.198942 -0.226842 -0.953396 0.078552 0.955566 1 0 1.0
0 -6.734463 -7.712845 4.736202 -0.198942 -0.226842 -0.953396 0.078552 0.955566 1 0 1.0
0 -14.935480 -5.837140 6.001194 -0.198942 -0.226842 -0.953396 0.078552 0.955566 1 0 1.0
Default
0 -6.684586 -6.688823 4.956040 0.073553 0.783165 -0.617449 0.078552 0.955566 1 0 1.0
0 -6.765558 -6.844157 4.749370 0.073553 0.783165 -0.617449 0.078552 0.955566 1 0 1.0
0 -14.813340 -5.090813 6.014615 0.073553 0.783165 -0.617449 0.078552 0.955566 1 0 1.0
Default
0 -14.729514 -5.116527 6.681767 0.268831 0.818827 0.507201 0.078552 0.955566 1 0 1.0
0 -6.592497 -6.844157 5.158003 0.268831 0.818827 0.507201 0.078552 0.955566 1 0 1.0
0 -6.684586 -6.688823 4.956040 0.268831 0.818827 0.507201 0.078552 0.955566 1 0 1.0
Default
0 -14.851649 -5.862857 6.668349 0.123576 -0.239320 0.963045 0.078552 0.955566 1 0 1.0
0 -6.561403 -7.712846 5.144834 0.123576 -0.239320 0.963045 0.078552 0.955566 1 0 1.0
0 -6.535436 -7.278501 5.249439 0.123576 -0.239320 0.963045 0.078552 0.955566 1 0 1.0
Default
0 -6.734463 -7.712845 4.736202 -0.271758 -0.818732 -0.505791 0.078552 0.955566 1 0 1.0
0 -6.642373 -7.868178 4.938163 -0.271758 -0.818732 -0.505791 0.078552 0.955566 1 0 1.0
0 -14.915405 -5.983451 6.332373 -0.271758 -0.818732 -0.505791 0.078552 0.955566 1 0 1.0
Default
0 -6.765558 -6.844157 4.749370 -0.090040 0.238276 -0.967015 0.078552 0.955566 1 0 1.0
0 -6.791522 -7.278500 4.644764 -0.090040 0.238276 -0.967015 0.078552 0.955566 1 0 1.0
0 -14.894520 -5.457807 5.847872 -0.090040 0.238276 -0.967015 0.078552 0.955566 1 0 1.0
Default
0 -14.770472 -5.495860 6.835093 0.231694 0.229447 0.945342 0.078552 0.955566 1 0 1.0
0 -6.535436 -7.278501 5.249439 0.231694 0.229447 0.945342 0.078552 0.955566 1 0 1.0
0 -6.592497 -6.844157 5.158003 0.231694 0.229447 0.945342 0.078552 0.955566 1 0 1.0
Default
0 -15.551138 -5.959099 6.355103 -0.023770 -0.939497 0.341731 0.078552 0.955566 1 0 1.0
0 -14.915405 -5.983451 6.332373 -0.023770 -0.939497 0.341731 0.078552 0.955566 1 0 1.0
0 -14.851649 -5.862857 6.668349 -0.023770 -0.939497 0.341731 0.078552 0.955566 1 0 1.0
Default
0 -15.388646 -5.368084 5.864225 -0.096749 -0.363982 -0.926368 0.078552 0.955566 1 0 1.0
0 -14.894520 -5.457807 5.847872 -0.096749 -0.363982 -0.926368 0.078552 0.955566 1 0 1.0
0 -14.935480 -5.837140 6.001194 -0.096749 -0.363982 -0.926368 0.078552 0.955566 1 0 1.0
Default
0 -15.610932 -5.803415 6.697712 0.002776 -0.414162 0.910199 0.078552 0.955566 1 0 1.0
0 -14.851649 -5.862857 6.668349 0.002776 -0.414162 0.910199 0.078552 0.955566 1 0 1.0
0 -14.770472 -5.495860 6.835093 0.002776 -0.414162 0.910199 0.078552 0.955566 1 0 1.0
Default
0 -14.813340 -5.090813 6.014615 0.043372 0.405296 -0.913156 0.078552 0.955566 1 0 1.0
0 -14.894520 -5.457807 5.847872 0.043372 0.405296 -0.913156 0.078552 0.955566 1 0 1.0
0 -15.388646 -5.368084 5.864225 0.043372 0.405296 -0.913156 0.078552 0.955566 1 0 1.0
Default
0 -18.947689 -4.292727 1.883420 0.497226 0.819301 -0.285505 0.078552 0.955566 1 0 1.0
0 -15.451110 -4.848927 6.376853 0.497226 0.819301 -0.285505 0.078552 0.955566 1 0 1.0
0 -15.415647 -4.941239 6.173712 0.497226 0.819301 -0.285505 0.078552 0.955566 1 0 1.0
Default
0 -19.415277 -4.899286 2.115434 -0.726953 -0.421019 0.542478 0.078552 0.955566 1 0 1.0
0 -19.257153 -5.397994 1.940280 -0.726953 -0.421019 0.542478 0.078552 0.955566 1 0 1.0
0 -15.580119 -5.794934 6.559655 -0.726953 -0.421019 0.542478 0.078552 0.955566 1 0 1.0
Default
0 -23.869504 -3.685455 -6.316674 0.322436 0.938739 -0.121672 0.078552 0.955566 1 0 1.0
0 -19.421742 -4.229435 1.273106 0.322436 0.938739 -0.121672 0.078552 0.955566 1 0 1.0
0 -19.260104 -4.298671 1.167274 0.322436 0.938739 -0.121672 0.078552 0.955566 1 0 1.0
Default
0 -19.257153 -5.397994 1.940280 -0.315047 -0.935281 0.161229 0.078552 0.955566 1 0 1.0
0 -19.024763 -5.505847 1.768730 -0.315047 -0.935281 0.161229 0.078552 0.955566 1 0 1.0
0 -15.544665 -5.887244 6.356512 -0.315047 -0.935281 0.161229 0.078552 0.955566 1 0 1.0
Default
0 -19.193783 -4.400579 2.034574 -0.286703 0.895806 0.339607 0.078552 0.955566 1 0 1.0
0 -15.503192 -4.941239 6.576380 -0.286703 0.895806 0.339607 0.078552 0.955566 1 0 1.0
0 -15.451110 -4.848927 6.376853 -0.286703 0.895806 0.339607 0.078552 0.955566 1 0 1.0
Default
0 -19.024763 -5.505847 1.768730 0.248297 -0.932774 -0.261307 0.078552 0.955566 1 0 1.0
0 -18.778669 -5.397994 1.617573 0.248297 -0.932774 -0.261307 0.078552 0.955566 1 0 1.0
0 -15.492577 -5.794932 6.156985 0.248297 -0.932774 -0.261307 0.078552 0.955566 1 0 1.0
Default
0 -18.778669 -5.397994 1.617573 0.725027 -0.411540 -0.552242 0.078552 0.955566 1 0 1.0
0 -18.557181 -4.899286 1.536715 0.725027 -0.411540 -0.552242 0.078552 0.955566 1 0 1.0
0 -15.419387 -5.368085 6.005615 0.725027 -0.411540 -0.552242 0.078552 0.955566 1 0 1.0
Default
0 -19.415277 -4.899286 2.115434 -0.705101 0.341319 0.621557 0.078552 0.955566 1 0 1.0
0 -15.576385 -5.368085 6.727746 -0.705101 0.341319 0.621557 0.078552 0.955566 1 0 1.0
0 -15.503192 -4.941239 6.576380 -0.705101 0.341319 0.621557 0.078552 0.955566 1 0 1.0
Default
0 -18.715294 -4.400579 1.711880 0.797494 0.215009 -0.563715 0.078552 0.955566 1 0 1.0
0 -15.415647 -4.941239 6.173712 0.797494 0.215009 -0.563715 0.078552 0.955566 1 0 1.0
0 -15.419387 -5.368085 6.005615 0.797494 0.215009 -0.563715 0.078552 0.955566 1 0 1.0
Default
0 -19.591795 -4.298672 1.364805 -0.262955 0.939061 0.221402 0.078552 0.955566 1 0 1.0
0 -19.421742 -4.229435 1.273106 -0.262955 0.939061 0.221402 0.078552 0.955566 1 0 1.0
0 -23.869504 -3.685455 -6.316674 -0.262955 0.939061 0.221402 0.078552 0.955566 1 0 1.0
Default
0 -19.657146 -5.372929 1.255077 -0.802172 -0.425995 0.418389 0.078552 0.955566 1 0 1.0
0 -19.845208 -4.835799 1.441403 -0.802172 -0.425995 0.418389 0.078552 0.955566 1 0 1.0
0 -24.221467 -4.036300 -6.135116 -0.802172 -0.425995 0.418389 0.078552 0.955566 1 0 1.0
Default
0 -19.325468 -5.372928 1.057525 0.235184 -0.933970 -0.269050 0.078552 0.955566 1 0 1.0
0 -19.495518 -5.442166 1.149231 0.235184 -0.933970 -0.269050 0.078552 0.955566 1 0 1.0
0 -23.894171 -4.387146 -6.358092 0.235184 -0.933970 -0.269050 0.078552 0.955566 1 0 1.0
Default
0 -23.725214 -3.725516 -6.405813 0.792262 0.428190 -0.434713 0.078552 0.955566 1 0 1.0
0 -19.260104 -4.298671 1.167274 0.792262 0.428190 -0.434713 0.078552 0.955566 1 0 1.0
0 -19.072051 -4.835799 0.980932 0.792262 0.428190 -0.434713 0.078552 0.955566 1 0 1.0
Default
0 -19.845208 -4.835799 1.441403 -0.765859 0.429562 0.478473 0.078552 0.955566 1 0 1.0
0 -19.591795 -4.298672 1.364805 -0.765859 0.429562 0.478473 0.078552 0.955566 1 0 1.0
0 -24.016613 -3.725515 -6.232268 -0.765859 0.429562 0.478473 0.078552 0.955566 1 0 1.0
Default
0 -19.495518 -5.442166 1.149231 -0.349893 -0.933665 0.076448 0.078552 0.955566 1 0 1.0
0 -19.657146 -5.372929 1.255077 -0.349893 -0.933665 0.076448 0.078552 0.955566 1 0 1.0
0 -24.038464 -4.347084 -6.268951 -0.349893 -0.933665 0.076448 0.078552 0.955566 1 0 1.0
Default
0 -19.072051 -4.835799 0.980932 0.752410 -0.426559 -0.501923 0.078552 0.955566 1 0 1.0
0 -19.325468 -5.372928 1.057525 0.752410 -0.426559 -0.501923 0.078552 0.955566 1 0 1.0
0 -23.747068 -4.347085 -6.442509 0.752410 -0.426559 -0.501923 0.078552 0.955566 1 0 1.0
Default
0 -25.992837 -3.592604 -9.881884 -0.168809 0.977357 0.127581 0.078552 0.955566 1 0 1.0
0 -24.856125 -3.667637 -7.803035 -0.175422 0.975951 0.129413 0.078552 0.955566 1 0 1.0
0 -24.780620 -3.648922 -7.846494 -0.169610 0.977397 0.126207 0.078552 0.955566 1 0 1.0
Default
0 -24.866333 -3.957963 -7.820173 -0.774460 -0.572215 0.269781 0.078552 0.955566 1 0 1.0
0 -24.038464 -4.347084 -6.268951 -0.774460 -0.572215 0.269781 0.078552 0.955566 1 0 1.0
0 -24.221467 -4.036300 -6.135116 -0.774460 -0.572215 0.269781 0.078552 0.955566 1 0 1.0
Default
0 -24.960843 -3.812800 -7.752274 -0.741682 -0.611652 0.275300 0.078552 0.955566 1 0 1.0
0 -24.866333 -3.957963 -7.820173 -0.741682 -0.611652 0.275300 0.078552 0.955566 1 0 1.0
0 -24.221467 -4.036300 -6.135116 -0.774460 -0.572215 0.269781 0.078552 0.955566 1 0 1.0
Default
0 -25.992837 -3.592604 -9.881884 -0.733356 -0.613993 0.291894 0.078552 0.955566 1 0 1.0
0 -24.866333 -3.957963 -7.820173 -0.741682 -0.611652 0.275300 0.078552 0.955566 1 0 1.0
0 -24.960843 -3.812800 -7.752274 -0.741682 -0.611652 0.275300 0.078552 0.955566 1 0 1.0
Default
0 -23.725214 -3.725516 -6.405813 0.687780 0.588203 -0.425413 0.078552 0.955566 1 0 1.0
0 -23.542210 -4.036301 -6.539655 0.687780 0.588203 -0.425413 0.078552 0.955566 1 0 1.0
0 -24.611928 -3.812799 -7.960075 0.687780 0.588203 -0.425413 0.078552 0.955566 1 0 1.0
Default
0 -24.960843 -3.812800 -7.752274 -0.701666 0.588202 0.402099 0.078552 0.955566 1 0 1.0
0 -24.221467 -4.036300 -6.135116 -0.701666 0.588202 0.402099 0.078552 0.955566 1 0 1.0
0 -24.016613 -3.725515 -6.232268 -0.701666 0.588202 0.402099 0.078552 0.955566 1 0 1.0
Default
0 -23.542210 -4.036301 -6.539655 0.606112 -0.572214 -0.552449 0.078552 0.955566 1 0 1.0
0 -23.747068 -4.347085 -6.442509 0.606112 -0.572214 -0.552449 0.078552 0.955566 1 0 1.0
0 -24.716648 -3.957962 -7.909317 0.606112 -0.572214 -0.552449 0.078552 0.955566 1 0 1.0
Default
0 -24.611928 -3.812799 -7.960075 0.595350 -0.611655 -0.520997 0.078552 0.955566 1 0 1.0
0 -23.542210 -4.036301 -6.539655 0.606112 -0.572214 -0.552449 0.078552 0.955566 1 0 1.0
0 -24.716648 -3.957962 -7.909317 0.595350 -0.611655 -0.520997 0.078552 0.955566 1 0 1.0
Default
0 -25.992837 -3.592604 -9.881884 0.099269 -0.964946 -0.242950 0.078552 0.955566 1 0 1.0
0 -24.716648 -3.957962 -7.909317 0.099269 -0.964946 -0.242950 0.078552 0.955566 1 0 1.0
0 -24.792149 -3.976674 -7.865846 0.099269 -0.964946 -0.242950 0.078552 0.955566 1 0 1.0
Default
0 -25.992837 -3.592604 -9.881884 -0.260899 -0.964947 -0.028446 0.078552 0.955566 1 0 1.0
0 -24.792149 -3.976674 -7.865846 -0.260899 -0.964947 -0.028446 0.078552 0.955566 1 0 1.0
0 -24.866333 -3.957963 -7.820173 -0.260899 -0.964947 -0.028446 0.078552 0.955566 1 0 1.0
Default
0 -25.992837 -3.592604 -9.881884 0.605975 -0.613996 -0.505770 0.078552 0.955566 1 0 1.0
0 -24.611928 -3.812799 -7.960075 0.595350 -0.611655 -0.520997 0.078552 0.955566 1 0 1.0
0 -24.716648 -3.957962 -7.909317 0.595350 -0.611655 -0.520997 0.078552 0.955566 1 0 1.0
Default
0 -5.976307 -9.572623 3.972465 -0.227955 -0.130484 -0.964889 0.078552 0.955566 1 0 1.0
0 -5.153843 -9.737297 3.800427 -0.227955 -0.130484 -0.964889 0.078552 0.955566 1 0 1.0
0 -5.275114 -10.244495 3.897667 -0.227955 -0.130484 -0.964889 0.078552 0.955566 1 0 1.0
Default
0 -4.982336 -9.020010 4.132423 -0.038930 0.748731 -0.661729 0.078552 0.955566 1 0 1.0
0 -5.032570 -9.230100 3.897667 -0.038930 0.748731 -0.661729 0.078552 0.955566 1 0 1.0
0 -5.857681 -9.129205 4.060369 -0.038930 0.748731 -0.661729 0.078552 0.955566 1 0 1.0
Default
0 -5.032570 -9.230100 4.367179 0.222024 0.702484 0.676181 0.078552 0.955566 1 0 1.0
0 -4.982336 -9.020010 4.132423 0.222024 0.702484 0.676181 0.078552 0.955566 1 0 1.0
0 -5.779937 -8.942248 4.313527 0.222024 0.702484 0.676181 0.078552 0.955566 1 0 1.0
Default
0 -6.066324 -10.012753 4.101303 -0.362474 -0.654614 -0.663395 0.078552 0.955566 1 0 1.0
0 -5.275114 -10.244495 3.897667 -0.362474 -0.654614 -0.663395 0.078552 0.955566 1 0 1.0
0 -5.325350 -10.454584 4.132423 -0.362474 -0.654614 -0.663395 0.078552 0.955566 1 0 1.0
Default
0 -5.153843 -9.737297 4.464419 0.288514 0.113292 0.950749 0.078552 0.955566 1 0 1.0
0 -5.032570 -9.230100 4.367179 0.288514 0.113292 0.950749 0.078552 0.955566 1 0 1.0
0 -5.788613 -9.121271 4.583640 0.288514 0.113292 0.950749 0.078552 0.955566 1 0 1.0
Default
0 -6.075004 -10.191777 4.371418 -0.045185 -0.739588 0.671542 0.078552 0.955566 1 0 1.0
0 -5.325350 -10.454584 4.132423 -0.045185 -0.739588 0.671542 0.078552 0.955566 1 0 1.0
0 -5.275117 -10.244495 4.367179 -0.045185 -0.739588 0.671542 0.078552 0.955566 1 0 1.0
Default
0 -6.641633 -9.897790 5.187598 0.596878 -0.306662 0.741414 0.078552 0.955566 1 0 1.0
0 -5.997261 -10.004821 4.624574 0.596878 -0.306662 0.741414 0.078552 0.955566 1 0 1.0
0 -5.878634 -9.561403 4.712478 0.596878 -0.306662 0.741414 0.078552 0.955566 1 0 1.0
Default
0 -5.857681 -9.129205 4.060369 -0.491694 0.294027 -0.819625 0.078552 0.955566 1 0 1.0
0 -5.976307 -9.572623 3.972465 -0.491694 0.294027 -0.819625 0.078552 0.955566 1 0 1.0
0 -6.960874 -9.477429 4.597257 -0.491694 0.294027 -0.819625 0.078552 0.955566 1 0 1.0
Default
0 -5.878634 -9.561403 4.712478 0.536828 0.134037 0.832976 0.078552 0.955566 1 0 1.0
0 -5.788613 -9.121271 4.583640 0.536828 0.134037 0.832976 0.078552 0.955566 1 0 1.0
0 -6.777553 -8.999344 5.201363 0.536828 0.134037 0.832976 0.078552 0.955566 1 0 1.0
Default
0 -6.960874 -9.477429 4.597257 -0.540183 -0.132778 -0.831007 0.078552 0.955566 1 0 1.0
0 -5.976307 -9.572623 3.972465 -0.540183 -0.132778 -0.831007 0.078552 0.955566 1 0 1.0
0 -6.066324 -10.012753 4.101303 -0.540183 -0.132778 -0.831007 0.078552 0.955566 1 0 1.0
Default
0 -5.788613 -9.121271 4.583640 0.375695 0.766880 0.520336 0.078552 0.955566 1 0 1.0
0 -5.779937 -8.942248 4.313527 0.375695 0.766880 0.520336 0.078552 0.955566 1 0 1.0
0 -6.909791 -8.825224 4.956838 0.375695 0.766880 0.520336 0.078552 0.955566 1 0 1.0
Default
0 -15.081342 -9.156097 6.364721 0.021595 -0.787149 0.616385 0.078552 0.955566 1 0 1.0
0 -6.725416 -10.043938 4.938163 0.021595 -0.787149 0.616385 0.078552 0.955566 1 0 1.0
0 -6.662700 -9.880380 5.144834 0.021595 -0.787149 0.616385 0.078552 0.955566 1 0 1.0
Default
0 -4.311926 -10.572391 4.577588 -0.366994 -0.652780 0.662717 0.078552 0.955566 1 0 1.0
0 -5.275117 -10.244495 4.367179 -0.366994 -0.652780 0.662717 0.078552 0.955566 1 0 1.0
0 -5.325350 -10.454584 4.132423 -0.366994 -0.652780 0.662717 0.078552 0.955566 1 0 1.0
Default
0 -3.914822 -10.312218 3.866797 -0.031317 -0.180970 -0.982990 0.078552 0.955566 1 0 1.0
0 -5.275114 -10.244495 3.897667 -0.031317 -0.180970 -0.982990 0.078552 0.955566 1 0 1.0
0 -5.153843 -9.737297 3.800427 -0.031317 -0.180970 -0.982990 0.078552 0.955566 1 0 1.0
Default
0 -5.032570 -9.230100 3.897667 -0.264758 0.746044 -0.611001 0.078552 0.955566 1 0 1.0
0 -4.982336 -9.020010 4.132423 -0.264758 0.746044 -0.611001 0.078552 0.955566 1 0 1.0
0 -4.238327 -8.755974 4.132423 -0.264758 0.746044 -0.611001 0.078552 0.955566 1 0 1.0
Default
0 -4.982336 -9.020010 4.132423 -0.397340 0.724442 0.563298 0.078552 0.955566 1 0 1.0
0 -5.032570 -9.230100 4.367179 -0.397340 0.724442 0.563298 0.078552 0.955566 1 0 1.0
0 -4.539297 -9.123157 4.577588 -0.397340 0.724442 0.563298 0.078552 0.955566 1 0 1.0
Default
0 -4.425612 -9.847774 4.761983 -0.387741 -0.083287 0.917998 0.078552 0.955566 1 0 1.0
0 -5.153843 -9.737297 4.464419 -0.387741 -0.083287 0.917998 0.078552 0.955566 1 0 1.0
0 -5.275117 -10.244495 4.367179 -0.387741 -0.083287 0.917998 0.078552 0.955566 1 0 1.0
Default
0 -4.127289 -10.878141 4.208266 -0.206977 -0.706611 -0.676654 0.078552 0.955566 1 0 1.0
0 -5.325350 -10.454584 4.132423 -0.206977 -0.706611 -0.676654 0.078552 0.955566 1 0 1.0
0 -5.275114 -10.244495 3.897667 -0.206977 -0.706611 -0.676654 0.078552 0.955566 1 0 1.0
Default
0 -5.153843 -9.737297 3.800427 -0.110977 0.212657 -0.970804 0.078552 0.955566 1 0 1.0
0 -5.032570 -9.230100 3.897667 -0.110977 0.212657 -0.970804 0.078552 0.955566 1 0 1.0
0 -4.022941 -9.059983 3.819516 -0.110977 0.212657 -0.970804 0.078552 0.955566 1 0 1.0
Default
0 -4.539297 -9.123157 4.577588 -0.426551 0.267628 0.863962 0.078552 0.955566 1 0 1.0
0 -5.032570 -9.230100 4.367179 -0.426551 0.267628 0.863962 0.078552 0.955566 1 0 1.0
0 -5.153843 -9.737297 4.464419 -0.426551 0.267628 0.863962 0.078552 0.955566 1 0 1.0
Default
0 -15.050426 -8.600742 6.892312 0.071293 0.398765 0.914278 0.078552 0.955566 1 0 1.0
0 -15.027555 -8.197921 6.714837 0.071293 0.398765 0.914278 0.078552 0.955566 1 0 1.0
0 -15.915821 -8.112122 6.746680 0.071293 0.398765 0.914278 0.078552 0.955566 1 0 1.0
Default
0 -6.940882 -9.475133 4.644764 -0.173163 -0.248345 -0.953068 0.078552 0.955566 1 0 1.0
0 -6.834629 -9.900129 4.736202 -0.173163 -0.248345 -0.953068 0.078552 0.955566 1 0 1.0
0 -15.073105 -9.015333 6.002497 -0.173163 -0.248345 -0.953068 0.078552 0.955566 1 0 1.0
Default
0 -6.901938 -8.877105 4.956040 -0.013960 0.786126 -0.617909 0.078552 0.955566 1 0 1.0
0 -6.964654 -9.040665 4.749370 -0.013960 0.786126 -0.617909 0.078552 0.955566 1 0 1.0
0 -15.027419 -8.205876 5.993580 -0.013960 0.786126 -0.617909 0.078552 0.955566 1 0 1.0
Default
0 -15.027555 -8.197921 6.714837 0.179745 0.844647 0.504246 0.078552 0.955566 1 0 1.0
0 -6.792725 -9.020915 5.158003 0.179745 0.844647 0.504246 0.078552 0.955566 1 0 1.0
0 -6.901938 -8.877105 4.956040 0.179745 0.844647 0.504246 0.078552 0.955566 1 0 1.0
Default
0 -15.073238 -9.007380 6.723756 0.157453 -0.223004 0.962018 0.078552 0.955566 1 0 1.0
0 -6.662700 -9.880380 5.144834 0.157453 -0.223004 0.962018 0.078552 0.955566 1 0 1.0
0 -6.686470 -9.445910 5.249439 0.157453 -0.223004 0.962018 0.078552 0.955566 1 0 1.0
Default
0 -6.834629 -9.900129 4.736202 -0.176103 -0.844360 -0.506008 0.078552 0.955566 1 0 1.0
0 -6.725416 -10.043938 4.938163 -0.176103 -0.844360 -0.506008 0.078552 0.955566 1 0 1.0
0 -15.081342 -9.156097 6.364721 -0.176103 -0.844360 -0.506008 0.078552 0.955566 1 0 1.0
Default
0 -6.964654 -9.040665 4.749370 -0.116655 0.226444 -0.967013 0.078552 0.955566 1 0 1.0
0 -6.940882 -9.475133 4.644764 -0.116655 0.226444 -0.967013 0.078552 0.955566 1 0 1.0
0 -15.050233 -8.612511 5.825026 -0.116655 0.226444 -0.967013 0.078552 0.955566 1 0 1.0
Default
0 -15.050426 -8.600742 6.892312 0.211150 0.255759 0.943400 0.078552 0.955566 1 0 1.0
0 -6.686470 -9.445910 5.249439 0.211150 0.255759 0.943400 0.078552 0.955566 1 0 1.0
0 -6.792725 -9.020915 5.158003 0.211150 0.255759 0.943400 0.078552 0.955566 1 0 1.0
Default
0 -15.709393 -8.558126 5.834945 -0.046814 -0.400507 -0.915097 0.078552 0.955566 1 0 1.0
0 -15.050233 -8.612511 5.825026 -0.046814 -0.400507 -0.915097 0.078552 0.955566 1 0 1.0
0 -15.073105 -9.015333 6.002497 -0.046814 -0.400507 -0.915097 0.078552 0.955566 1 0 1.0
Default
0 -15.735632 -9.030859 6.000424 0.022974 -0.932022 -0.361672 0.078552 0.955566 1 0 1.0
0 -15.073105 -9.015333 6.002497 0.022974 -0.932022 -0.361672 0.078552 0.955566 1 0 1.0
0 -15.081342 -9.156097 6.364721 0.022974 -0.932022 -0.361672 0.078552 0.955566 1 0 1.0
Default
0 -19.238908 -8.987142 1.847762 0.339041 -0.896381 -0.285574 0.078552 0.955566 1 0 1.0
0 -19.057917 -8.879435 1.724560 0.339041 -0.896381 -0.285574 0.078552 0.955566 1 0 1.0
0 -15.765840 -9.041250 6.140924 0.339041 -0.896381 -0.285574 0.078552 0.955566 1 0 1.0
Default
0 -19.057917 -8.879435 1.724560 0.757466 -0.322686 -0.567555 0.078552 0.955566 1 0 1.0
0 -18.930909 -8.462943 1.657268 0.757466 -0.322686 -0.567555 0.078552 0.955566 1 0 1.0
0 -15.739215 -8.561552 5.973003 0.757466 -0.322686 -0.567555 0.078552 0.955566 1 0 1.0
Default
0 -24.317328 -7.854466 -6.316676 0.217799 0.969278 -0.114297 0.078552 0.955566 1 0 1.0
0 -19.781358 -7.974861 1.305884 0.217799 0.969278 -0.114297 0.078552 0.955566 1 0 1.0
0 -19.637980 -8.017698 1.215822 0.217799 0.969278 -0.114297 0.078552 0.955566 1 0 1.0
Default
0 -19.595588 -8.539294 2.127658 -0.757050 0.252905 0.602424 0.078552 0.955566 1 0 1.0
0 -15.912246 -8.581428 6.774101 -0.757050 0.252905 0.602424 0.078552 0.955566 1 0 1.0
0 -15.885617 -8.101730 6.606182 -0.757050 0.252905 0.602424 0.078552 0.955566 1 0 1.0
Default
0 -19.097942 -8.080228 1.798074 0.758326 0.307908 -0.574574 0.078552 0.955566 1 0 1.0
0 -15.789130 -8.090647 6.159479 0.758326 0.307908 -0.574574 0.078552 0.955566 1 0 1.0
0 -15.739215 -8.561552 5.973003 0.758326 0.307908 -0.574574 0.078552 0.955566 1 0 1.0
Default
0 -19.595588 -8.539294 2.127658 -0.693388 -0.495197 0.523444 0.078552 0.955566 1 0 1.0
0 -19.428553 -8.922010 1.986860 -0.693388 -0.495197 0.523444 0.078552 0.955566 1 0 1.0
0 -15.862320 -9.052334 6.587629 -0.693388 -0.495197 0.523444 0.078552 0.955566 1 0 1.0
Default
0 -19.428553 -8.922010 1.986860 -0.228878 -0.963467 0.139094 0.078552 0.955566 1 0 1.0
0 -19.238908 -8.987142 1.847762 -0.228878 -0.963467 0.139094 0.078552 0.955566 1 0 1.0
0 -15.811560 -9.149582 6.362271 -0.228878 -0.963467 0.139094 0.078552 0.955566 1 0 1.0
Default
0 -19.468580 -8.122803 2.060363 -0.420314 0.846267 0.327364 0.078552 0.955566 1 0 1.0
0 -15.885617 -8.101730 6.606182 -0.420314 0.846267 0.327364 0.078552 0.955566 1 0 1.0
0 -15.839899 -7.993399 6.384835 -0.420314 0.846267 0.327364 0.078552 0.955566 1 0 1.0
Default
0 -19.287591 -8.015096 1.937164 0.374838 0.878954 -0.294850 0.078552 0.955566 1 0 1.0
0 -15.839899 -7.993399 6.384835 0.374838 0.878954 -0.294850 0.078552 0.955566 1 0 1.0
0 -15.789130 -8.090647 6.159479 0.374838 0.878954 -0.294850 0.078552 0.955566 1 0 1.0
Default
0 -19.918399 -8.049910 1.383918 -0.363206 0.902774 0.230393 0.078552 0.955566 1 0 1.0
0 -19.781358 -7.974861 1.305884 -0.363206 0.902774 0.230393 0.078552 0.955566 1 0 1.0
0 -24.317328 -7.854466 -6.316676 -0.363206 0.902774 0.230393 0.078552 0.955566 1 0 1.0
Default
0 -19.869326 -8.964460 1.290541 -0.743475 -0.515285 0.426294 0.078552 0.955566 1 0 1.0
0 -20.080480 -8.528620 1.449102 -0.743475 -0.515285 0.426294 0.078552 0.955566 1 0 1.0
0 -24.626955 -8.243185 -6.135118 -0.743475 -0.515285 0.426294 0.078552 0.955566 1 0 1.0
Default
0 -19.588915 -8.932249 1.122427 0.345047 -0.901543 -0.261079 0.078552 0.955566 1 0 1.0
0 -19.725956 -9.007298 1.200468 0.345047 -0.901543 -0.261079 0.078552 0.955566 1 0 1.0
0 -24.261759 -8.554388 -6.358094 0.345047 -0.901543 -0.261079 0.078552 0.955566 1 0 1.0
Default
0 -24.169409 -7.877801 -6.405816 0.740629 0.515572 -0.430876 0.078552 0.955566 1 0 1.0
0 -19.637980 -8.017698 1.215822 0.740629 0.515572 -0.430876 0.078552 0.955566 1 0 1.0
0 -19.426834 -8.453537 1.057248 0.740629 0.515572 -0.430876 0.078552 0.955566 1 0 1.0
Default
0 -20.080480 -8.528620 1.449102 -0.805381 0.338905 0.486318 0.078552 0.955566 1 0 1.0
0 -19.918399 -8.049910 1.383918 -0.805381 0.338905 0.486318 0.078552 0.955566 1 0 1.0
0 -24.458903 -7.911054 -6.232270 -0.805381 0.338905 0.486318 0.078552 0.955566 1 0 1.0
Default
0 -19.725956 -9.007298 1.200468 -0.235339 -0.968115 0.085844 0.078552 0.955566 1 0 1.0
0 -19.869326 -8.964460 1.290541 -0.235339 -0.968115 0.085844 0.078552 0.955566 1 0 1.0
0 -24.409681 -8.531055 -6.268953 -0.235339 -0.968115 0.085844 0.078552 0.955566 1 0 1.0
Default
0 -19.426834 -8.453537 1.057248 0.798645 -0.338179 -0.497796 0.078552 0.955566 1 0 1.0
0 -19.588915 -8.932249 1.122427 0.798645 -0.338179 -0.497796 0.078552 0.955566 1 0 1.0
0 -24.120187 -8.497803 -6.442511 0.798645 -0.338179 -0.497796 0.078552 0.955566 1 0 1.0
Default
0 -26.437386 -8.004534 -9.881888 -0.279246 0.951706 0.127583 0.078552 0.955566 1 0 1.0
0 -25.299537 -7.949356 -7.803037 -0.285654 0.949554 0.129415 0.078552 0.955566 1 0 1.0
0 -25.226663 -7.922147 -7.846497 -0.280045 0.951654 0.126210 0.078552 0.955566 1 0 1.0
Default
0 -25.276548 -8.238951 -7.820176 -0.704102 -0.656855 0.269782 0.078552 0.955566 1 0 1.0
0 -24.409681 -8.531055 -6.268953 -0.704102 -0.656855 0.269782 0.078552 0.955566 1 0 1.0
0 -24.626955 -8.243185 -6.135118 -0.704102 -0.656855 0.269782 0.078552 0.955566 1 0 1.0
Default
0 -25.387007 -8.105521 -7.752276 -0.667034 -0.692297 0.275299 0.078552 0.955566 1 0 1.0
0 -25.276548 -8.238951 -7.820176 -0.667034 -0.692297 0.275299 0.078552 0.955566 1 0 1.0
0 -24.626955 -8.243185 -6.135118 -0.704102 -0.656855 0.269782 0.078552 0.955566 1 0 1.0
Default
0 -24.169409 -7.877801 -6.405816 0.616163 0.662848 -0.425413 0.078552 0.955566 1 0 1.0
0 -23.952135 -8.165670 -6.539657 0.616163 0.662848 -0.425413 0.078552 0.955566 1 0 1.0
0 -25.040367 -8.065702 -7.960077 0.616163 0.662848 -0.425413 0.078552 0.955566 1 0 1.0
Default
0 -25.387007 -8.105521 -7.752276 -0.764204 0.504291 0.402099 0.078552 0.955566 1 0 1.0
0 -24.626955 -8.243185 -6.135118 -0.764204 0.504291 0.402099 0.078552 0.955566 1 0 1.0
0 -24.458903 -7.911054 -6.232270 -0.764204 0.504291 0.402099 0.078552 0.955566 1 0 1.0
Default
0 -23.952135 -8.165670 -6.539657 0.667454 -0.499304 -0.552449 0.078552 0.955566 1 0 1.0
0 -24.120187 -8.497803 -6.442511 0.667454 -0.499304 -0.552449 0.078552 0.955566 1 0 1.0
0 -25.127840 -8.221868 -7.909319 0.667454 -0.499304 -0.552449 0.078552 0.955566 1 0 1.0
Default
0 -25.040367 -8.065702 -7.960077 0.661259 -0.539724 -0.520994 0.078552 0.955566 1 0 1.0
0 -23.952135 -8.165670 -6.539657 0.667454 -0.499304 -0.552449 0.078552 0.955566 1 0 1.0
0 -25.127840 -8.221868 -7.909319 0.661259 -0.539724 -0.520994 0.078552 0.955566 1 0 1.0
Default
0 -26.437386 -8.004534 -9.881888 0.672081 -0.540837 -0.505769 0.078552 0.955566 1 0 1.0
0 -25.040367 -8.065702 -7.960077 0.661259 -0.539724 -0.520994 0.078552 0.955566 1 0 1.0
0 -25.127840 -8.221868 -7.909319 0.661259 -0.539724 -0.520994 0.078552 0.955566 1 0 1.0
Default
0 -26.437386 -8.004534 -9.881888 -0.658496 -0.693673 0.291893 0.078552 0.955566 1 0 1.0
0 -25.276548 -8.238951 -7.820176 -0.667034 -0.692297 0.275299 0.078552 0.955566 1 0 1.0
0 -25.387007 -8.105521 -7.752276 -0.667034 -0.692297 0.275299 0.078552 0.955566 1 0 1.0
Default
0 -26.437386 -8.004534 -9.881888 0.208738 -0.947314 -0.242950 0.078552 0.955566 1 0 1.0
0 -25.127840 -8.221868 -7.909319 0.208738 -0.947314 -0.242950 0.078552 0.955566 1 0 1.0
0 -25.200712 -8.249074 -7.865848 0.208738 -0.947314 -0.242950 0.078552 0.955566 1 0 1.0
Default
0 -26.437386 -8.004534 -9.881888 -0.149075 -0.988417 -0.028447 0.078552 0.955566 1 0 1.0
0 -25.200712 -8.249074 -7.865848 -0.149075 -0.988417 -0.028447 0.078552 0.955566 1 0 1.0
0 -25.276548 -8.238951 -7.820176 -0.149075 -0.988417 -0.028447 0.078552 0.955566 1 0 1.0
Default
0 -5.160036 -13.080168 3.972465 -0.165690 -0.203805 -0.964889 0.078552 0.955566 1 0 1.0
0 -4.333440 -12.937683 3.800427 -0.165690 -0.203805 -0.964889 0.078552 0.955566 1 0 1.0
0 -4.263970 -13.454530 3.897667 -0.165690 -0.203805 -0.964889 0.078552 0.955566 1 0 1.0
Default
0 -4.431682 -12.206750 4.132423 -0.305889 0.684504 -0.661730 0.078552 0.955566 1 0 1.0
0 -4.402907 -12.420837 3.897667 -0.305889 0.684504 -0.661730 0.078552 0.955566 1 0 1.0
0 -5.209011 -12.623777 4.060369 -0.305889 0.684504 -0.661730 0.078552 0.955566 1 0 1.0
Default
0 -4.402907 -12.420837 4.367179 -0.045784 0.735311 0.676182 0.078552 0.955566 1 0 1.0
0 -4.431682 -12.206750 4.132423 -0.045784 0.735311 0.676182 0.078552 0.955566 1 0 1.0
0 -5.203793 -12.421367 4.313527 -0.045784 0.735311 0.676182 0.078552 0.955566 1 0 1.0
Default
0 -5.085555 -13.523191 4.101303 -0.102483 -0.741218 -0.663395 0.078552 0.955566 1 0 1.0
0 -4.263970 -13.454530 3.897667 -0.102483 -0.741218 -0.663395 0.078552 0.955566 1 0 1.0
0 -4.235197 -13.668617 4.132423 -0.102483 -0.741218 -0.663395 0.078552 0.955566 1 0 1.0
Default
0 -4.333439 -12.937684 4.464419 0.228377 0.209570 0.950749 0.078552 0.955566 1 0 1.0
0 -4.402907 -12.420837 4.367179 0.228377 0.209570 0.950749 0.078552 0.955566 1 0 1.0
0 -5.147431 -12.591508 4.583640 0.228377 0.209570 0.950749 0.078552 0.955566 1 0 1.0
Default
0 -5.663674 -13.623069 5.187598 0.667259 -0.071199 0.741415 0.078552 0.955566 1 0 1.0
0 -5.023978 -13.490927 4.624574 0.667259 -0.071199 0.741415 0.078552 0.955566 1 0 1.0
0 -5.072953 -13.034535 4.712478 0.667259 -0.071199 0.741415 0.078552 0.955566 1 0 1.0
Default
0 -5.209011 -12.623777 4.060369 -0.564580 0.097283 -0.819625 0.078552 0.955566 1 0 1.0
0 -5.160036 -13.080168 3.972465 -0.564580 0.097283 -0.819625 0.078552 0.955566 1 0 1.0
0 -6.112851 -13.345837 4.597257 -0.564580 0.097283 -0.819625 0.078552 0.955566 1 0 1.0
Default
0 -5.072953 -13.034535 4.712478 0.452570 0.318324 0.832977 0.078552 0.955566 1 0 1.0
0 -5.147431 -12.591508 4.583640 0.452570 0.318324 0.832977 0.078552 0.955566 1 0 1.0
0 -6.113951 -12.833810 5.201363 0.452570 0.318324 0.832977 0.078552 0.955566 1 0 1.0
Default
0 -6.112851 -13.345837 4.597257 -0.456152 -0.318359 -0.831007 0.078552 0.955566 1 0 1.0
0 -5.160036 -13.080168 3.972465 -0.456152 -0.318359 -0.831007 0.078552 0.955566 1 0 1.0
0 -5.085555 -13.523191 4.101303 -0.456152 -0.318359 -0.831007 0.078552 0.955566 1 0 1.0
Default
0 -5.147431 -12.591508 4.583640 0.074396 0.850715 0.520335 0.078552 0.955566 1 0 1.0
0 -5.203793 -12.421367 4.313527 0.074396 0.850715 0.520335 0.078552 0.955566 1 0 1.0
0 -6.300010 -12.718977 4.956838 0.074396 0.850715 0.520335 0.078552 0.955566 1 0 1.0
Default
0 -2.766721 -12.477549 4.051241 0.200405 -0.155063 -0.967364 0.078552 0.955566 1 0 1.0
0 -4.263970 -13.454530 3.897667 0.200405 -0.155063 -0.967364 0.078552 0.955566 1 0 1.0
0 -4.333440 -12.937683 3.800427 0.200405 -0.155063 -0.967364 0.078552 0.955566 1 0 1.0
Default
0 -4.402907 -12.420837 3.897667 -0.537284 0.589351 -0.603317 0.078552 0.955566 1 0 1.0
0 -4.431682 -12.206750 4.132423 -0.537284 0.589351 -0.603317 0.078552 0.955566 1 0 1.0
0 -3.526343 -11.208073 4.301732 -0.537284 0.589351 -0.603317 0.078552 0.955566 1 0 1.0
Default
0 -4.431682 -12.206750 4.132423 -0.750135 0.440250 0.493434 0.078552 0.955566 1 0 1.0
0 -4.402907 -12.420837 4.367179 -0.750135 0.440250 0.493434 0.078552 0.955566 1 0 1.0
0 -3.695108 -11.640420 4.746897 -0.750135 0.440250 0.493434 0.078552 0.955566 1 0 1.0
Default
0 -4.333439 -12.937684 4.464419 -0.191751 -0.206296 0.959517 0.078552 0.955566 1 0 1.0
0 -4.263972 -13.454531 4.367179 -0.191751 -0.206296 0.959517 0.078552 0.955566 1 0 1.0
0 -3.051390 -12.815490 4.746897 -0.191751 -0.206296 0.959517 0.078552 0.955566 1 0 1.0
Default
0 -2.776331 -13.046414 4.378371 0.388950 -0.656473 -0.646344 0.078552 0.955566 1 0 1.0
0 -4.235197 -13.668617 4.132423 0.388950 -0.656473 -0.646344 0.078552 0.955566 1 0 1.0
0 -4.263970 -13.454530 3.897667 0.388950 -0.656473 -0.646344 0.078552 0.955566 1 0 1.0
Default
0 -2.858737 -11.784507 3.785949 -0.138673 0.165078 -0.976483 0.078552 0.955566 1 0 1.0
0 -4.333440 -12.937683 3.800427 -0.138673 0.165078 -0.976483 0.078552 0.955566 1 0 1.0
0 -4.402907 -12.420837 3.897667 -0.138673 0.165078 -0.976483 0.078552 0.955566 1 0 1.0
Default
0 -4.402907 -12.420837 4.367179 -0.492092 0.096631 0.865163 0.078552 0.955566 1 0 1.0
0 -4.333439 -12.937684 4.464419 -0.492092 0.096631 0.865163 0.078552 0.955566 1 0 1.0
0 -3.373250 -12.227956 4.931290 -0.492092 0.096631 0.865163 0.078552 0.955566 1 0 1.0
Default
0 -14.112312 -15.228099 6.739972 0.042062 0.691190 0.721448 0.078552 0.955566 1 0 1.0
0 -14.210764 -14.953428 6.482561 0.042062 0.691190 0.721448 0.078552 0.955566 1 0 1.0
0 -14.945509 -15.152778 6.716387 0.042062 0.691190 0.721448 0.078552 0.955566 1 0 1.0
Default
0 -6.095027 -13.336496 4.644764 -0.082229 -0.300419 -0.950256 0.078552 0.955566 1 0 1.0
0 -5.842885 -13.694737 4.736202 -0.082229 -0.300419 -0.950256 0.078552 0.955566 1 0 1.0
0 -13.964938 -15.798438 6.104105 -0.082229 -0.300419 -0.950256 0.078552 0.955566 1 0 1.0
Default
0 -14.210764 -14.953428 6.482561 -0.137848 0.852030 0.505018 0.078552 0.955566 1 0 1.0
0 -6.120338 -12.859398 5.158003 -0.137848 0.852030 0.505018 0.078552 0.955566 1 0 1.0
0 -6.274005 -12.764552 4.956040 -0.137848 0.852030 0.505018 0.078552 0.955566 1 0 1.0
Default
0 -13.997998 -15.598629 6.707771 0.218400 -0.155669 0.963363 0.078552 0.955566 1 0 1.0
0 -5.689595 -13.614412 5.144834 0.218400 -0.155669 0.963363 0.078552 0.955566 1 0 1.0
0 -5.868196 -13.217637 5.249439 0.218400 -0.155669 0.963363 0.078552 0.955566 1 0 1.0
Default
0 -5.842885 -13.694737 4.736202 0.120415 -0.860178 -0.495575 0.078552 0.955566 1 0 1.0
0 -5.689219 -13.789581 4.938163 0.120415 -0.860178 -0.495575 0.078552 0.955566 1 0 1.0
0 -13.943425 -15.813904 6.446209 0.120415 -0.860178 -0.495575 0.078552 0.955566 1 0 1.0
Default
0 -14.061404 -15.111295 5.856324 -0.185389 0.171640 -0.967559 0.078552 0.955566 1 0 1.0
0 -6.273627 -12.939723 4.749370 -0.185389 0.171640 -0.967559 0.078552 0.955566 1 0 1.0
0 -6.095027 -13.336496 4.644764 -0.185389 0.171640 -0.967559 0.078552 0.955566 1 0 1.0
Default
0 -14.112312 -15.228099 6.739972 0.095750 0.308913 0.946258 0.078552 0.955566 1 0 1.0
0 -5.868196 -13.217637 5.249439 0.095750 0.308913 0.946258 0.078552 0.955566 1 0 1.0
0 -6.120338 -12.859398 5.158003 0.095750 0.308913 0.946258 0.078552 0.955566 1 0 1.0
Default
0 -13.943425 -15.813904 6.446209 0.394832 -0.667263 0.631560 0.078552 0.955566 1 0 1.0
0 -13.997998 -15.598629 6.707771 0.394832 -0.667263 0.631560 0.078552 0.955566 1 0 1.0
0 -14.684116 -16.013066 6.698845 0.394832 -0.667263 0.631560 0.078552 0.955566 1 0 1.0
Default
0 -14.063390 -15.523766 5.846696 0.296082 -0.594493 -0.747606 0.078552 0.955566 1 0 1.0
0 -13.964938 -15.798438 6.104105 0.296082 -0.594493 -0.747606 0.078552 0.955566 1 0 1.0
0 -14.543373 -15.956057 6.000359 0.296082 -0.594493 -0.747606 0.078552 0.955566 1 0 1.0
Default
0 -14.232277 -14.937961 6.140457 -0.105323 0.819523 -0.563285 0.078552 0.955566 1 0 1.0
0 -14.061404 -15.111295 5.856324 -0.105323 0.819523 -0.563285 0.078552 0.955566 1 0 1.0
0 -14.804757 -15.095769 6.017905 -0.105323 0.819523 -0.563285 0.078552 0.955566 1 0 1.0
Default
0 -14.210764 -14.953428 6.482561 -0.031329 0.998398 0.047108 0.078552 0.955566 1 0 1.0
0 -14.232277 -14.937961 6.140457 -0.031329 0.998398 0.047108 0.078552 0.955566 1 0 1.0
0 -14.921880 -14.970444 6.370281 -0.031329 0.998398 0.047108 0.078552 0.955566 1 0 1.0
Default
0 -13.964938 -15.798438 6.104105 0.469198 -0.880369 -0.069305 0.078552 0.955566 1 0 1.0
0 -13.943425 -15.813904 6.446209 0.469198 -0.880369 -0.069305 0.078552 0.955566 1 0 1.0
0 -14.567002 -16.138390 6.346465 0.469198 -0.880369 -0.069305 0.078552 0.955566 1 0 1.0
Default
0 -14.061404 -15.111295 5.856324 0.009324 0.023291 -0.999685 0.078552 0.955566 1 0 1.0
0 -14.063390 -15.523766 5.846696 0.009324 0.023291 -0.999685 0.078552 0.955566 1 0 1.0
0 -14.640304 -15.512237 5.841583 0.009324 0.023291 -0.999685 0.078552 0.955566 1 0 1.0
Default
0 -18.221130 -16.133217 1.870524 0.100787 0.947494 -0.303476 0.078552 0.955566 1 0 1.0
0 -14.898965 -15.045855 6.368744 0.100787 0.947494 -0.303476 0.078552 0.955566 1 0 1.0
0 -14.830114 -15.119524 6.161605 0.100787 0.947494 -0.303476 0.078552 0.955566 1 0 1.0
Default
0 -18.339497 -16.534057 2.002838 -0.554618 -0.645072 0.525624 0.078552 0.955566 1 0 1.0
0 -18.164922 -16.763398 1.905585 -0.554618 -0.645072 0.525624 0.078552 0.955566 1 0 1.0
0 -14.658759 -15.989310 6.555145 -0.554618 -0.645072 0.525624 0.078552 0.955566 1 0 1.0
Default
0 -23.173294 -17.065570 -6.316673 -0.009960 0.994610 -0.103209 0.078552 0.955566 1 0 1.0
0 -18.604928 -16.222509 1.366956 -0.009960 0.994610 -0.103209 0.078552 0.955566 1 0 1.0
0 -18.504251 -16.227797 1.306278 -0.009960 0.994610 -0.103209 0.078552 0.955566 1 0 1.0
Default
0 -18.164922 -16.763398 1.905585 0.010128 -0.988969 0.147776 0.078552 0.955566 1 0 1.0
0 -18.027848 -16.776383 1.809286 0.010128 -0.988969 0.147776 0.078552 0.955566 1 0 1.0
0 -14.589917 -16.062981 6.348004 0.010128 -0.988969 0.147776 0.078552 0.955566 1 0 1.0
Default
0 -18.323837 -16.234593 1.955934 -0.650221 0.689581 0.318888 0.078552 0.955566 1 0 1.0
0 -14.912855 -15.153036 6.572198 -0.650221 0.689581 0.318888 0.078552 0.955566 1 0 1.0
0 -14.898965 -15.045855 6.368744 -0.650221 0.689581 0.318888 0.078552 0.955566 1 0 1.0
Default
0 -18.027848 -16.776383 1.809286 0.543843 -0.789844 -0.283516 0.078552 0.955566 1 0 1.0
0 -17.925141 -16.675006 1.723875 0.543843 -0.789844 -0.283516 0.078552 0.955566 1 0 1.0
0 -14.576027 -15.955799 6.144550 0.543843 -0.789844 -0.283516 0.078552 0.955566 1 0 1.0
Default
0 -17.925141 -16.675006 1.723875 0.804943 -0.132669 -0.578330 0.078552 0.955566 1 0 1.0
0 -17.909483 -16.375540 1.676971 0.804943 -0.132669 -0.578330 0.078552 0.955566 1 0 1.0
0 -14.670254 -15.524369 5.990202 0.804943 -0.132669 -0.578330 0.078552 0.955566 1 0 1.0
Default
0 -18.339497 -16.534057 2.002838 -0.804731 0.036228 0.592533 0.078552 0.955566 1 0 1.0
0 -14.818632 -15.584468 6.726542 -0.804731 0.036228 0.592533 0.078552 0.955566 1 0 1.0
0 -14.912855 -15.153036 6.572198 -0.804731 0.036228 0.592533 0.078552 0.955566 1 0 1.0
Default
0 -18.084048 -16.146200 1.774230 0.635493 0.500020 -0.588327 0.078552 0.955566 1 0 1.0
0 -14.830114 -15.119524 6.161605 0.635493 0.500020 -0.588327 0.078552 0.955566 1 0 1.0
0 -14.670254 -15.524369 5.990202 0.635493 0.500020 -0.588327 0.078552 0.955566 1 0 1.0
Default
0 -18.682747 -16.293405 1.419531 -0.557580 0.793309 0.244470 0.078552 0.955566 1 0 1.0
0 -18.604928 -16.222509 1.366956 -0.557580 0.793309 0.244470 0.078552 0.955566 1 0 1.0
0 -23.173294 -17.065570 -6.316673 -0.557580 0.793309 0.244470 0.078552 0.955566 1 0 1.0
Default
0 -23.103626 -17.744869 -6.268950 -0.595541 -0.675168 0.435292 0.078552 0.955566 1 0 1.0
0 -18.505431 -16.884439 1.356619 -0.595541 -0.675168 0.435292 0.078552 0.955566 1 0 1.0
0 -18.712878 -16.632583 1.463449 -0.595541 -0.675168 0.435292 0.078552 0.955566 1 0 1.0
Default
0 -18.326938 -16.818833 1.243353 0.557743 -0.793290 -0.244160 0.078552 0.955566 1 0 1.0
0 -18.404756 -16.889729 1.295932 0.557743 -0.793290 -0.244160 0.078552 0.955566 1 0 1.0
0 -22.954375 -17.732692 -6.358091 0.557743 -0.793290 -0.244160 0.078552 0.955566 1 0 1.0
Default
0 -23.024044 -17.053393 -6.405812 0.601858 0.676058 -0.425102 0.078552 0.955566 1 0 1.0
0 -18.504251 -16.227797 1.306278 0.601858 0.676058 -0.425102 0.078552 0.955566 1 0 1.0
0 -18.296807 -16.479653 1.199439 0.601858 0.676058 -0.425102 0.078552 0.955566 1 0 1.0
Default
0 -18.712878 -16.632583 1.463449 -0.854724 0.140628 0.499670 0.078552 0.955566 1 0 1.0
0 -18.682747 -16.293405 1.419531 -0.854724 0.140628 0.499670 0.078552 0.955566 1 0 1.0
0 -23.297552 -17.153922 -6.232267 -0.854724 0.140628 0.499670 0.078552 0.955566 1 0 1.0
Default
0 -22.954375 -17.732692 -6.358091 0.010141 -0.994577 0.103508 0.078552 0.955566 1 0 1.0
0 -18.404756 -16.889729 1.295932 0.010141 -0.994577 0.103508 0.078552 0.955566 1 0 1.0
0 -18.505431 -16.884439 1.356619 0.010141 -0.994577 0.103508 0.078552 0.955566 1 0 1.0
Default
0 -18.296807 -16.479653 1.199439 0.860813 -0.139825 -0.489336 0.078552 0.955566 1 0 1.0
0 -18.326938 -16.818833 1.243353 0.860813 -0.139825 -0.489336 0.078552 0.955566 1 0 1.0
0 -22.830120 -17.644341 -6.442508 0.860813 -0.139825 -0.489336 0.078552 0.955566 1 0 1.0
Default
0 -25.198302 -17.710951 -9.881882 -0.495640 0.859105 0.127591 0.078552 0.955566 1 0 1.0
0 -24.105489 -17.389220 -7.803034 -0.501357 0.855507 0.129420 0.078552 0.955566 1 0 1.0
0 -24.041081 -17.345608 -7.846493 -0.496405 0.858866 0.126218 0.078552 0.955566 1 0 1.0
Default
0 -24.014914 -17.665245 -7.820172 -0.529503 -0.804267 0.269781 0.078552 0.955566 1 0 1.0
0 -23.103626 -17.744869 -6.268950 -0.529503 -0.804267 0.269781 0.078552 0.955566 1 0 1.0
0 -23.382614 -17.516299 -6.135115 -0.529503 -0.804267 0.269781 0.078552 0.955566 1 0 1.0
Default
0 -24.153702 -17.561599 -7.752273 -0.485132 -0.829974 0.275300 0.078552 0.955566 1 0 1.0
0 -24.014914 -17.665245 -7.820172 -0.485132 -0.829974 0.275300 0.078552 0.955566 1 0 1.0
0 -23.382614 -17.516299 -6.135115 -0.529503 -0.804267 0.269781 0.078552 0.955566 1 0 1.0
Default
0 -25.198302 -17.710951 -9.881882 -0.476510 -0.829299 0.291894 0.078552 0.955566 1 0 1.0
0 -24.014914 -17.665245 -7.820172 -0.485132 -0.829974 0.275300 0.078552 0.955566 1 0 1.0
0 -24.153702 -17.561599 -7.752273 -0.485132 -0.829974 0.275300 0.078552 0.955566 1 0 1.0
Default
0 -23.024044 -17.053393 -6.405812 0.442629 0.789369 -0.425413 0.078552 0.955566 1 0 1.0
0 -22.745055 -17.281962 -6.539654 0.442629 0.789369 -0.425413 0.078552 0.955566 1 0 1.0
0 -23.826207 -17.441225 -7.960074 0.442629 0.789369 -0.425413 0.078552 0.955566 1 0 1.0
Default
0 -24.153702 -17.561599 -7.752273 -0.861510 0.310028 0.402098 0.078552 0.955566 1 0 1.0
0 -23.382614 -17.516299 -6.135115 -0.861510 0.310028 0.402098 0.078552 0.955566 1 0 1.0
0 -23.297552 -17.153922 -6.232267 -0.861510 0.310028 0.402098 0.078552 0.955566 1 0 1.0
Default
0 -22.745055 -17.281962 -6.539654 0.766309 -0.327982 -0.552448 0.078552 0.955566 1 0 1.0
0 -22.830120 -17.644341 -6.442508 0.766309 -0.327982 -0.552448 0.078552 0.955566 1 0 1.0
0 -23.874418 -17.613604 -7.909316 0.766309 -0.327982 -0.552448 0.078552 0.955566 1 0 1.0
Default
0 -23.826207 -17.441225 -7.960074 0.769814 -0.368712 -0.520997 0.078552 0.955566 1 0 1.0
0 -22.745055 -17.281962 -6.539654 0.766309 -0.327982 -0.552448 0.078552 0.955566 1 0 1.0
0 -23.874418 -17.613604 -7.909316 0.769814 -0.368712 -0.520997 0.078552 0.955566 1 0 1.0
Default
0 -25.198302 -17.710951 -9.881882 0.780594 -0.367244 -0.505771 0.078552 0.955566 1 0 1.0
0 -23.826207 -17.441225 -7.960074 0.769814 -0.368712 -0.520997 0.078552 0.955566 1 0 1.0
0 -23.874418 -17.613604 -7.909316 0.769814 -0.368712 -0.520997 0.078552 0.955566 1 0 1.0
Default
0 -25.198302 -17.710951 -9.881882 0.426067 -0.871460 -0.242947 0.078552 0.955566 1 0 1.0
0 -23.874418 -17.613604 -7.909316 0.426067 -0.871460 -0.242947 0.078552 0.955566 1 0 1.0
0 -23.938829 -17.657215 -7.865845 0.426067 -0.871460 -0.242947 0.078552 0.955566 1 0 1.0
Default
0 -25.198302 -17.710951 -9.881882 0.088018 -0.995713 -0.028447 0.078552 0.955566 1 0 1.0
0 -23.938829 -17.657215 -7.865845 0.088018 -0.995713 -0.028447 0.078552 0.955566 1 0 1.0
0 -24.014914 -17.665245 -7.820172 0.088018 -0.995713 -0.028447 0.078552 0.955566 1 0 1.0
Default
0 -2.880332 -14.451582 3.972465 -0.115961 -0.235670 -0.964890 0.078552 0.955566 1 0 1.0
0 -2.106470 -14.128001 3.800429 -0.115961 -0.235670 -0.964890 0.078552 0.955566 1 0 1.0
0 -1.923272 -14.616259 3.897667 -0.115961 -0.235670 -0.964890 0.078552 0.955566 1 0 1.0
Default
0 -3.070186 -13.819215 4.313527 0.220249 -0.719216 -0.658953 0.078552 0.955566 1 0 1.0
0 -2.365552 -13.437501 4.132423 0.220249 -0.719216 -0.658953 0.078552 0.955566 1 0 1.0
0 -2.289667 -13.639746 4.378527 0.220249 -0.719216 -0.658953 0.078552 0.955566 1 0 1.0
Default
0 -2.289667 -13.639746 4.367179 -0.208927 0.706489 0.676182 0.078552 0.955566 1 0 1.0
0 -2.365552 -13.437501 4.132423 -0.208927 0.706489 0.676182 0.078552 0.955566 1 0 1.0
0 -3.070186 -13.819215 4.313527 -0.208927 0.706489 0.676182 0.078552 0.955566 1 0 1.0
Default
0 -2.708742 -14.866763 4.101305 0.065728 -0.745377 -0.663395 0.078552 0.955566 1 0 1.0
0 -1.923272 -14.616259 3.897667 0.065728 -0.745377 -0.663395 0.078552 0.955566 1 0 1.0
0 -1.847388 -14.818503 4.132423 0.065728 -0.745377 -0.663395 0.078552 0.955566 1 0 1.0
Default
0 -3.030045 -14.017673 4.060369 -0.096734 0.745071 -0.659933 0.078552 0.955566 1 0 1.0
0 -2.289667 -13.639746 4.378527 -0.096734 0.745071 -0.659933 0.078552 0.955566 1 0 1.0
0 -2.106470 -14.128001 3.800429 -0.096734 0.745071 -0.659933 0.078552 0.955566 1 0 1.0
Default
0 -2.106470 -14.128002 4.464419 0.175776 0.255300 0.950750 0.078552 0.955566 1 0 1.0
0 -2.289667 -13.639746 4.367179 0.175776 0.255300 0.950750 0.078552 0.955566 1 0 1.0
0 -2.977235 -13.972461 4.583640 0.175776 0.255300 0.950750 0.078552 0.955566 1 0 1.0
Default
0 -2.615791 -15.020012 4.371418 0.376265 -0.638321 0.671544 0.078552 0.955566 1 0 1.0
0 -1.847388 -14.818503 4.132423 0.376265 -0.638321 0.671544 0.078552 0.955566 1 0 1.0
0 -1.923274 -14.616260 4.367179 0.376265 -0.638321 0.671544 0.078552 0.955566 1 0 1.0
Default
0 -3.249927 -15.093292 5.187598 0.666297 0.079694 0.741415 0.078552 0.955566 1 0 1.0
0 -2.655932 -14.821554 4.624575 0.666297 0.079694 0.741415 0.078552 0.955566 1 0 1.0
0 -2.805646 -14.387645 4.712480 0.666297 0.079694 0.741415 0.078552 0.955566 1 0 1.0
Default
0 -3.030045 -14.017673 4.060369 -0.572044 -0.031328 -0.819625 0.078552 0.955566 1 0 1.0
0 -2.880332 -14.451582 3.972465 -0.572044 -0.031328 -0.819625 0.078552 0.955566 1 0 1.0
0 -3.749694 -14.923435 4.597257 -0.572044 -0.031328 -0.819625 0.078552 0.955566 1 0 1.0
Default
0 -2.805646 -14.387645 4.712480 0.369998 0.411404 0.832975 0.078552 0.955566 1 0 1.0
0 -2.977235 -13.972461 4.583640 0.369998 0.411404 0.832975 0.078552 0.955566 1 0 1.0
0 -3.865173 -14.424600 5.201363 0.369998 0.411404 0.832975 0.078552 0.955566 1 0 1.0
Default
0 -3.749694 -14.923435 4.597257 -0.373482 -0.412237 -0.831006 0.078552 0.955566 1 0 1.0
0 -2.880332 -14.451582 3.972465 -0.373482 -0.412237 -0.831006 0.078552 0.955566 1 0 1.0
0 -2.708742 -14.866763 4.101305 -0.373482 -0.412237 -0.831006 0.078552 0.955566 1 0 1.0
Default
0 -2.977235 -13.972461 4.583640 -0.117572 0.845830 0.520335 0.078552 0.955566 1 0 1.0
0 -3.070186 -13.819215 4.313527 -0.117572 0.845830 0.520335 0.078552 0.955566 1 0 1.0
0 -4.072188 -14.354244 4.956838 -0.117572 0.845830 0.520335 0.078552 0.955566 1 0 1.0
Default
0 -10.858941 -19.064202 6.396894 0.442134 -0.648309 0.619848 0.078552 0.955566 1 0 1.0
0 -3.237620 -15.261302 4.938163 0.442134 -0.648309 0.619848 0.078552 0.955566 1 0 1.0
0 -3.277127 -15.090647 5.144834 0.442134 -0.648309 0.619848 0.078552 0.955566 1 0 1.0
Default
0 -1.041023 -14.019214 4.860689 0.120843 -0.732419 0.670044 0.078552 0.955566 1 0 1.0
0 -1.923274 -14.616260 4.367179 0.120843 -0.732419 0.670044 0.078552 0.955566 1 0 1.0
0 -1.847388 -14.818503 4.132423 0.120843 -0.732419 0.670044 0.078552 0.955566 1 0 1.0
Default
0 -0.957895 -13.564362 4.201833 0.352804 -0.053665 -0.934157 0.078552 0.955566 1 0 1.0
0 -1.923272 -14.616259 3.897667 0.352804 -0.053665 -0.934157 0.078552 0.955566 1 0 1.0
0 -2.106470 -14.128001 3.800429 0.352804 -0.053665 -0.934157 0.078552 0.955566 1 0 1.0
Default
0 -2.289667 -13.639746 4.378527 0.693486 -0.436909 -0.572876 0.078552 0.955566 1 0 1.0
0 -2.365552 -13.437501 4.132423 0.693486 -0.436909 -0.572876 0.078552 0.955566 1 0 1.0
0 -2.037838 -13.145314 4.306292 0.693486 -0.436909 -0.572876 0.078552 0.955566 1 0 1.0
Default
0 -2.037838 -13.145314 4.306292 -0.689393 0.423500 0.587695 0.078552 0.955566 1 0 1.0
0 -2.365552 -13.437501 4.132423 -0.689393 0.423500 0.587695 0.078552 0.955566 1 0 1.0
0 -2.289667 -13.639746 4.367179 -0.689393 0.423500 0.587695 0.078552 0.955566 1 0 1.0
Default
0 -1.247332 -13.253190 3.901531 -0.507137 0.572507 -0.644242 0.078552 0.955566 1 0 1.0
0 -2.106470 -14.128001 3.800429 -0.507137 0.572507 -0.644242 0.078552 0.955566 1 0 1.0
0 -2.289667 -13.639746 4.378527 -0.507137 0.572507 -0.644242 0.078552 0.955566 1 0 1.0
Default
0 -2.035330 -13.550209 4.751457 -0.798892 -0.185822 0.572050 0.078552 0.955566 1 0 1.0
0 -2.289667 -13.639746 4.367179 -0.798892 -0.185822 0.572050 0.078552 0.955566 1 0 1.0
0 -2.106470 -14.128002 4.464419 -0.798892 -0.185822 0.572050 0.078552 0.955566 1 0 1.0
Default
0 -11.120859 -18.546353 6.600420 -0.119864 0.770627 0.625913 0.078552 0.955566 1 0 1.0
0 -11.276084 -18.360961 6.342438 -0.119864 0.770627 0.625913 0.078552 0.955566 1 0 1.0
0 -11.905802 -18.710838 6.652616 -0.119864 0.770627 0.625913 0.078552 0.955566 1 0 1.0
Default
0 -3.734405 -14.910347 4.644766 -0.010941 -0.309097 -0.950967 0.078552 0.955566 1 0 1.0
0 -3.408594 -15.203191 4.736202 -0.010941 -0.309097 -0.950967 0.078552 0.955566 1 0 1.0
0 -10.894554 -19.101360 6.089368 -0.010941 -0.309097 -0.950967 0.078552 0.955566 1 0 1.0
Default
0 -11.311699 -18.398126 6.034912 -0.447302 0.645792 -0.618768 0.078552 0.955566 1 0 1.0
0 -4.036658 -14.392856 4.956042 -0.447302 0.645792 -0.618768 0.078552 0.955566 1 0 1.0
0 -3.997149 -14.563515 4.749370 -0.447302 0.645792 -0.618768 0.078552 0.955566 1 0 1.0
Default
0 -10.942589 -18.851578 6.609069 0.238452 -0.110361 0.964863 0.078552 0.955566 1 0 1.0
0 -3.277127 -15.090647 5.144834 0.238452 -0.110361 0.964863 0.078552 0.955566 1 0 1.0
0 -3.539870 -14.743810 5.249439 0.238452 -0.110361 0.964863 0.078552 0.955566 1 0 1.0
Default
0 -3.408594 -15.203191 4.736202 0.309911 -0.811263 -0.495789 0.078552 0.955566 1 0 1.0
0 -3.237620 -15.261302 4.938163 0.309911 -0.811263 -0.495789 0.078552 0.955566 1 0 1.0
0 -10.858941 -19.064202 6.396894 0.309911 -0.811263 -0.495789 0.078552 0.955566 1 0 1.0
Default
0 -3.997149 -14.563515 4.749370 -0.223734 0.122146 -0.966966 0.078552 0.955566 1 0 1.0
0 -3.734405 -14.910347 4.644766 -0.223734 0.122146 -0.966966 0.078552 0.955566 1 0 1.0
0 -11.049780 -18.915970 5.831390 -0.223734 0.122146 -0.966966 0.078552 0.955566 1 0 1.0
Default
0 -11.120859 -18.546353 6.600420 0.013168 0.311340 0.950207 0.078552 0.955566 1 0 1.0
0 -3.539870 -14.743810 5.249439 0.013168 0.311340 0.950207 0.078552 0.955566 1 0 1.0
0 -3.865683 -14.450968 5.158003 0.013168 0.311340 0.950207 0.078552 0.955566 1 0 1.0
Default
0 -10.858941 -19.064202 6.396894 0.482563 -0.516224 0.707563 0.078552 0.955566 1 0 1.0
0 -10.942589 -18.851578 6.609069 0.482563 -0.516224 0.707563 0.078552 0.955566 1 0 1.0
0 -11.532089 -19.363052 6.637950 0.482563 -0.516224 0.707563 0.078552 0.955566 1 0 1.0
Default
0 -11.311699 -18.398126 6.034912 -0.340820 0.593492 -0.729115 0.078552 0.955566 1 0 1.0
0 -11.228045 -18.610743 5.822739 -0.340820 0.593492 -0.729115 0.078552 0.955566 1 0 1.0
0 -11.801756 -18.638088 6.068659 -0.340820 0.593492 -0.729115 0.078552 0.955566 1 0 1.0
Default
0 -11.276084 -18.360961 6.342438 -0.293570 0.952490 -0.081110 0.078552 0.955566 1 0 1.0
0 -11.311699 -18.398126 6.034912 -0.293570 0.952490 -0.081110 0.078552 0.955566 1 0 1.0
0 -11.920610 -18.557839 6.363257 -0.293570 0.952490 -0.081110 0.078552 0.955566 1 0 1.0
Default
0 -10.942589 -18.851578 6.609069 0.180688 0.133147 0.974487 0.078552 0.955566 1 0 1.0
0 -11.120859 -18.546353 6.600420 0.180688 0.133147 0.974487 0.078552 0.955566 1 0 1.0
0 -11.743904 -19.054397 6.785359 0.180688 0.133147 0.974487 0.078552 0.955566 1 0 1.0
Default
0 -10.894554 -19.101360 6.089368 0.561894 -0.826477 0.034794 0.078552 0.955566 1 0 1.0
0 -10.858941 -19.064202 6.396894 0.561894 -0.826477 0.034794 0.078552 0.955566 1 0 1.0
0 -11.413239 -19.443304 6.343346 0.561894 -0.826477 0.034794 0.078552 0.955566 1 0 1.0
Default
0 -11.228045 -18.610743 5.822739 -0.156325 -0.119090 -0.980500 0.078552 0.955566 1 0 1.0
0 -11.049780 -18.915970 5.831390 -0.156325 -0.119090 -0.980500 0.078552 0.955566 1 0 1.0
0 -11.589943 -18.946743 5.921248 -0.156325 -0.119090 -0.980500 0.078552 0.955566 1 0 1.0
Default
0 -14.709417 -20.957128 1.665935 0.708405 -0.649728 -0.275710 0.078552 0.955566 1 0 1.0
0 -14.634218 -20.842829 1.589796 0.708405 -0.649728 -0.275710 0.078552 0.955566 1 0 1.0
0 -11.445726 -19.308696 6.166978 0.708405 -0.649728 -0.275710 0.078552 0.955566 1 0 1.0
Default
0 -14.634218 -20.842829 1.589796 0.816518 0.046262 -0.575463 0.078552 0.955566 1 0 1.0
0 -14.678202 -20.569910 1.549328 0.816518 0.046262 -0.575463 0.078552 0.955566 1 0 1.0
0 -11.609763 -18.960604 6.032480 0.816518 0.046262 -0.575463 0.078552 0.955566 1 0 1.0
Default
0 -19.547645 -22.361179 -6.316676 -0.231945 0.967238 -0.103211 0.078552 0.955566 1 0 1.0
0 -15.283158 -20.518656 1.366954 -0.231945 0.967238 -0.103211 0.078552 0.955566 1 0 1.0
0 -15.183844 -20.501315 1.306276 -0.231945 0.967238 -0.103211 0.078552 0.955566 1 0 1.0
Default
0 -15.044963 -20.809232 1.841078 -0.790661 -0.142523 0.595435 0.078552 0.955566 1 0 1.0
0 -11.724088 -19.040540 6.674125 -0.790661 -0.142523 0.595435 0.078552 0.955566 1 0 1.0
0 -11.888121 -18.692444 6.539630 -0.790661 -0.142523 0.595435 0.078552 0.955566 1 0 1.0
Default
0 -14.884434 -20.402862 1.637930 0.509549 0.629711 -0.586365 0.078552 0.955566 1 0 1.0
0 -11.824370 -18.647868 6.181841 0.509549 0.629711 -0.586365 0.078552 0.955566 1 0 1.0
0 -11.609763 -18.960604 6.032480 0.509549 0.629711 -0.586365 0.078552 0.955566 1 0 1.0
Default
0 -15.044963 -20.809232 1.841078 -0.386575 -0.756809 0.527067 0.078552 0.955566 1 0 1.0
0 -14.838727 -20.976278 1.752482 -0.386575 -0.756809 0.527067 0.078552 0.955566 1 0 1.0
0 -11.509473 -19.353272 6.524769 -0.386575 -0.756809 0.527067 0.078552 0.955566 1 0 1.0
Default
0 -14.838727 -20.976278 1.752482 0.241940 -0.958728 0.149350 0.078552 0.955566 1 0 1.0
0 -14.709417 -20.957128 1.665935 0.241940 -0.958728 0.149350 0.078552 0.955566 1 0 1.0
0 -11.436654 -19.402439 6.344269 0.241940 -0.958728 0.149350 0.078552 0.955566 1 0 1.0
Default
0 -15.088947 -20.536313 1.800609 -0.782938 0.532510 0.321622 0.078552 0.955566 1 0 1.0
0 -11.888121 -18.692444 6.539630 -0.782938 0.532510 0.321622 0.078552 0.955566 1 0 1.0
0 -11.897193 -18.598704 6.362340 -0.782938 0.532510 0.321622 0.078552 0.955566 1 0 1.0
Default
0 -15.013749 -20.422013 1.724472 -0.106410 0.947653 -0.301050 0.078552 0.955566 1 0 1.0
0 -11.897193 -18.598704 6.362340 -0.106410 0.947653 -0.301050 0.078552 0.955566 1 0 1.0
0 -11.824370 -18.647868 6.181841 -0.106410 0.947653 -0.301050 0.078552 0.955566 1 0 1.0
Default
0 -15.343171 -20.605150 1.419529 -0.720737 0.648672 0.244465 0.078552 0.955566 1 0 1.0
0 -15.283158 -20.518656 1.366954 -0.720737 0.648672 0.244465 0.078552 0.955566 1 0 1.0
0 -19.547645 -22.361179 -6.316676 -0.720737 0.648672 0.244465 0.078552 0.955566 1 0 1.0
Default
0 -19.327951 -23.007734 -6.268952 -0.429623 -0.791167 0.435292 0.078552 0.955566 1 0 1.0
0 -15.038273 -21.141620 1.356617 -0.429623 -0.791167 0.435292 0.078552 0.955566 1 0 1.0
0 -15.296750 -20.942484 1.463447 -0.429623 -0.791167 0.435292 0.078552 0.955566 1 0 1.0
Default
0 -14.878949 -21.037786 1.243352 0.720898 -0.648607 -0.244160 0.078552 0.955566 1 0 1.0
0 -14.938960 -21.124278 1.295931 0.720898 -0.648607 -0.244160 0.078552 0.955566 1 0 1.0
0 -19.185193 -22.962513 -6.358094 0.720898 -0.648607 -0.244160 0.078552 0.955566 1 0 1.0
Default
0 -19.404885 -22.315958 -6.405816 0.435578 0.793449 -0.425101 0.078552 0.955566 1 0 1.0
0 -15.183844 -20.501315 1.306276 0.435578 0.793449 -0.425101 0.078552 0.955566 1 0 1.0
0 -14.925369 -20.700450 1.199437 0.435578 0.793449 -0.425101 0.078552 0.955566 1 0 1.0
Default
0 -15.296750 -20.942484 1.463447 -0.864536 -0.053918 0.499671 0.078552 0.955566 1 0 1.0
0 -15.343171 -20.605150 1.419529 -0.864536 -0.053918 0.499671 0.078552 0.955566 1 0 1.0
0 -19.649018 -22.475059 -6.232270 -0.864536 -0.053918 0.499671 0.078552 0.955566 1 0 1.0
Default
0 -19.185193 -22.962513 -6.358094 0.232132 -0.967162 0.103499 0.078552 0.955566 1 0 1.0
0 -14.938960 -21.124278 1.295931 0.232132 -0.967162 0.103499 0.078552 0.955566 1 0 1.0
0 -15.038273 -21.141620 1.356617 0.232132 -0.967162 0.103499 0.078552 0.955566 1 0 1.0
Default
0 -14.925369 -20.700450 1.199437 0.870292 0.056056 -0.489337 0.078552 0.955566 1 0 1.0
0 -14.878949 -21.037786 1.243352 0.870292 0.056056 -0.489337 0.078552 0.955566 1 0 1.0
0 -19.083820 -22.848635 -6.442510 0.870292 0.056056 -0.489337 0.078552 0.955566 1 0 1.0
Default
0 -21.377247 -23.442716 -9.881886 -0.675077 0.726630 0.127595 0.078552 0.955566 1 0 1.0
0 -20.383952 -22.884937 -7.803036 -0.679841 0.721849 0.129422 0.078552 0.955566 1 0 1.0
0 -20.330917 -22.828033 -7.846497 -0.675768 0.726227 0.126223 0.078552 0.955566 1 0 1.0
Default
0 -20.233990 -23.133743 -7.820174 -0.336407 -0.902247 0.269780 0.078552 0.955566 1 0 1.0
0 -19.327951 -23.007734 -6.268952 -0.336407 -0.902247 0.269780 0.078552 0.955566 1 0 1.0
0 -19.650960 -22.847281 -6.135118 -0.336407 -0.902247 0.269780 0.078552 0.955566 1 0 1.0
Default
0 -20.392428 -23.063728 -7.752276 -0.287418 -0.917388 0.275301 0.078552 0.955566 1 0 1.0
0 -20.233990 -23.133743 -7.820174 -0.287418 -0.917388 0.275301 0.078552 0.955566 1 0 1.0
0 -19.650960 -22.847281 -6.135118 -0.336407 -0.902247 0.269780 0.078552 0.955566 1 0 1.0
Default
0 -21.377247 -23.442716 -9.881886 -0.279164 -0.914803 0.291896 0.078552 0.955566 1 0 1.0
0 -20.233990 -23.133743 -7.820174 -0.287418 -0.917388 0.275301 0.078552 0.955566 1 0 1.0
0 -20.392428 -23.063728 -7.752276 -0.287418 -0.917388 0.275301 0.078552 0.955566 1 0 1.0
Default
0 -19.404885 -22.315958 -6.405816 0.255062 0.868312 -0.425414 0.078552 0.955566 1 0 1.0
0 -19.081883 -22.476411 -6.539656 0.255062 0.868312 -0.425414 0.078552 0.955566 1 0 1.0
0 -20.100109 -22.873222 -7.960076 0.255062 0.868312 -0.425414 0.078552 0.955566 1 0 1.0
Default
0 -20.392428 -23.063728 -7.752276 -0.909003 0.109692 0.402097 0.078552 0.955566 1 0 1.0
0 -19.650960 -22.847281 -6.135118 -0.909003 0.109692 0.402097 0.078552 0.955566 1 0 1.0
0 -19.649018 -22.475059 -6.232270 -0.909003 0.109692 0.402097 0.078552 0.955566 1 0 1.0
Default
0 -19.081883 -22.476411 -6.539656 0.820219 -0.148452 -0.552451 0.078552 0.955566 1 0 1.0
0 -19.083820 -22.848635 -6.442510 0.820219 -0.148452 -0.552451 0.078552 0.955566 1 0 1.0
0 -20.108585 -23.052016 -7.909318 0.820219 -0.148452 -0.552451 0.078552 0.955566 1 0 1.0
Default
0 -20.100109 -22.873222 -7.960076 0.832737 -0.187383 -0.520995 0.078552 0.955566 1 0 1.0
0 -19.081883 -22.476411 -6.539656 0.820219 -0.148452 -0.552451 0.078552 0.955566 1 0 1.0
0 -20.108585 -23.052016 -7.909318 0.832737 -0.187383 -0.520995 0.078552 0.955566 1 0 1.0
Default
0 -21.377247 -23.442716 -9.881886 0.842917 -0.183543 -0.505770 0.078552 0.955566 1 0 1.0
0 -20.100109 -22.873222 -7.960076 0.832737 -0.187383 -0.520995 0.078552 0.955566 1 0 1.0
0 -20.108585 -23.052016 -7.909318 0.832737 -0.187383 -0.520995 0.078552 0.955566 1 0 1.0
Default
0 -21.377247 -23.442716 -9.881886 0.610012 -0.754231 -0.242943 0.078552 0.955566 1 0 1.0
0 -20.108585 -23.052016 -7.909318 0.610012 -0.754231 -0.242943 0.078552 0.955566 1 0 1.0
0 -20.161627 -23.108917 -7.865847 0.610012 -0.754231 -0.242943 0.078552 0.955566 1 0 1.0
Default
0 -21.377247 -23.442716 -9.881886 0.308264 -0.950876 -0.028437 0.078552 0.955566 1 0 1.0
0 -20.161627 -23.108917 -7.865847 0.308264 -0.950876 -0.028437 0.078552 0.955566 1 0 1.0
0 -20.233990 -23.133743 -7.820174 0.308264 -0.950876 -0.028437 0.078552 0.955566 1 0 1.0
Default
0 -0.404624 -0.589314 9.621564 0.405867 0.867907 -0.286373 0.074707 0.946777 1 0 1.0
0 -0.565608 -0.428136 9.881888 0.405867 0.867907 -0.286373 0.074707 0.946777 1 0 1.0
0 0.000000 -0.755155 9.692412 0.405867 0.867907 -0.286373 0.074707 0.946777 1 0 1.0
Default
0 -0.629909 -0.786609 9.651915 -0.544108 0.520007 -0.658436 0.074707 0.946777 1 0 1.0
0 -0.565608 -0.428136 9.881888 -0.544108 0.520007 -0.658436 0.074707 0.946777 1 0 1.0
0 -0.404624 -0.589314 9.621564 -0.544108 0.520007 -0.658436 0.074707 0.946777 1 0 1.0
Default
0 0.000000 -0.676221 9.258724 -0.401238 0.682491 -0.610913 0.074707 0.946777 1 0 1.0
0 -0.366980 -0.714417 9.457079 -0.401238 0.682491 -0.610913 0.074707 0.946777 1 0 1.0
0 -0.404624 -0.589314 9.621564 -0.401238 0.682491 -0.610913 0.074707 0.946777 1 0 1.0
Default
0 -0.404624 -0.589314 9.621564 -0.298532 0.797702 -0.523975 0.074707 0.946777 1 0 1.0
0 -0.238105 -0.473129 9.703572 -0.298532 0.797702 -0.523975 0.074707 0.946777 1 0 1.0
0 0.000000 -0.676221 9.258724 -0.298532 0.797702 -0.523975 0.074707 0.946777 1 0 1.0
Default
0 -0.629909 -0.786609 9.651915 -0.903062 -0.105171 0.416435 0.074707 0.946777 1 0 1.0
0 -0.572989 -1.284911 9.649502 -0.903062 -0.105171 0.416435 0.074707 0.946777 1 0 1.0
0 -0.565608 -0.428136 9.881888 -0.903062 -0.105171 0.416435 0.074707 0.946777 1 0 1.0
Default
0 -0.178150 -0.502014 8.359289 -0.377811 0.247683 -0.892139 0.075256 0.235229 1 0 1.0
0 -0.159957 -0.823955 8.262204 -0.377811 0.247683 -0.892139 0.075256 0.235229 1 0 1.0
0 -0.414696 -0.530297 8.451611 -0.377811 0.247683 -0.892139 0.075256 0.235229 1 0 1.0
Default
0 -0.734233 -0.506681 8.300508 -0.290809 0.945427 0.146964 0.079224 0.230591 1 0 1.0
0 -0.562743 -0.463412 8.361496 -0.290809 0.945427 0.146964 0.079285 0.230591 1 0 1.0
0 -0.584883 -0.367700 7.701963 -0.290809 0.945427 0.146964 0.079834 0.230591 1 0 1.0
Default
0 -0.894737 -1.022241 8.492904 -0.838139 0.399515 0.371364 0.082886 0.229004 1 0 1.0
0 -0.682098 -0.526182 8.431685 -0.828313 0.403085 0.389127 0.081604 0.231567 1 0 1.0
0 -0.734233 -0.506681 8.300508 -0.838139 0.399515 0.371364 0.082153 0.230103 1 0 1.0
Default
0 -1.275774 -1.455433 8.064196 -0.847609 0.395775 0.353443 0.082886 0.229004 1 0 1.0
0 -0.894737 -1.022241 8.492904 -0.838139 0.399515 0.371364 0.082886 0.229004 1 0 1.0
0 -0.734233 -0.506681 8.300508 -0.838139 0.399515 0.371364 0.082153 0.230103 1 0 1.0
Default
0 -0.576363 -0.751875 8.645461 -0.395922 0.485850 0.779228 0.081543 0.232910 1 0 1.0
0 -0.299466 -0.703371 8.755909 -0.395922 0.485850 0.779228 0.081909 0.233643 1 0 1.0
0 -0.564143 -0.531376 8.514189 -0.395922 0.485850 0.779228 0.081604 0.232788 1 0 1.0
Default
0 -0.159957 -0.823955 8.262204 0.603025 0.683466 -0.411382 0.075256 0.235229 1 0 1.0
0 -0.273021 -0.769749 8.186527 0.603025 0.683466 -0.411382 0.075256 0.235229 1 0 1.0
0 -0.337466 -0.618659 8.343080 0.603025 0.683466 -0.411382 0.075256 0.235229 1 0 1.0
Default
0 -0.091191 -0.449594 8.094628 0.824510 0.545993 -0.148579 0.079895 0.230591 1 0 1.0
0 -0.073145 -0.392315 8.405255 0.824510 0.545993 -0.148579 0.079895 0.230591 1 0 1.0
0 -0.032176 -0.460397 8.382419 0.824510 0.545993 -0.148579 0.079895 0.230591 1 0 1.0
Default
0 -0.299466 -0.703371 8.755909 0.784584 -0.457456 0.418524 0.079895 0.230591 1 0 1.0
0 -0.273520 -0.784726 8.618347 0.784584 -0.457456 0.418524 0.079773 0.230347 1 0 1.0
0 0.000000 -0.499509 8.417342 0.784584 -0.457456 0.418524 0.079895 0.230591 1 0 1.0
Default
0 0.000000 -0.499509 8.417342 0.703892 0.126733 0.698910 0.078369 0.236694 1 0 1.0
0 -0.073895 -0.382300 8.470510 0.703892 0.126733 0.698910 0.078308 0.236694 1 0 1.0
0 -0.299466 -0.703371 8.755909 0.703892 0.126733 0.698910 0.078186 0.236694 1 0 1.0
Default
0 -0.414696 -0.530297 8.451611 -0.355897 0.748002 0.560206 0.075562 0.230591 1 0 1.0
0 -0.299466 -0.703371 8.755909 -0.355897 0.748002 0.560206 0.074951 0.230591 1 0 1.0
0 -0.073895 -0.382300 8.470510 -0.355897 0.748002 0.560206 0.075195 0.230591 1 0 1.0
Default
0 -0.682098 -0.526182 8.431685 -0.323058 0.908949 0.263524 0.081604 0.231567 1 0 1.0
0 -0.562743 -0.463412 8.361496 -0.323058 0.908949 0.263524 0.082397 0.229004 1 0 1.0
0 -0.734233 -0.506681 8.300508 -0.323058 0.908949 0.263524 0.082153 0.230103 1 0 1.0
Default
0 -0.682098 -0.526182 8.431685 -0.632068 0.355891 0.688354 0.081604 0.231567 1 0 1.0
0 -0.894737 -1.022241 8.492904 -0.632068 0.355891 0.688354 0.081421 0.233643 1 0 1.0
0 -0.576363 -0.751875 8.645461 -0.632068 0.355891 0.688354 0.081543 0.232910 1 0 1.0
Default
0 -0.337466 -0.618659 8.343080 0.716889 0.625288 -0.308361 0.079895 0.230591 1 0 1.0
0 -0.273021 -0.769749 8.186527 0.716889 0.625288 -0.308361 0.079956 0.230591 1 0 1.0
0 -0.478404 -0.745247 7.758729 0.716889 0.625288 -0.308361 0.079834 0.230591 1 0 1.0
Default
0 -0.860214 -0.638685 7.818785 -0.703710 0.710408 -0.010635 0.079651 0.230591 1 0 1.0
0 -0.734233 -0.506681 8.300508 -0.703710 0.710408 -0.010635 0.079224 0.230591 1 0 1.0
0 -0.584883 -0.367700 7.701963 -0.703710 0.710408 -0.010635 0.079834 0.230591 1 0 1.0
Default
0 -0.871280 -0.918517 9.051013 0.715093 0.694874 -0.076104 0.074707 0.946777 1 0 1.0
0 -1.078793 -0.648940 9.562554 0.715093 0.694874 -0.076104 0.074707 0.946777 1 0 1.0
0 -0.776558 -0.957842 9.581980 0.715093 0.694874 -0.076104 0.074707 0.946777 1 0 1.0
Default
0 0.000000 -0.709504 8.879657 0.210832 0.933479 0.290115 0.078064 0.955078 1 0 1.0
0 0.000000 -0.630556 8.625633 0.210832 0.933479 0.290115 0.078064 0.955078 1 0 1.0
0 -0.214120 -0.719867 9.068608 0.210832 0.933479 0.290115 0.078125 0.955078 1 0 1.0
Default
0 -0.214120 -0.719867 9.068608 -0.515045 0.837021 0.184730 0.078125 0.955078 1 0 1.0
0 -0.299466 -0.703371 8.755909 -0.532892 0.827933 0.174797 0.078003 0.955078 1 0 1.0
0 -0.447984 -0.891670 9.195019 -0.532892 0.827933 0.174797 0.077698 0.954102 1 0 1.0
Default
0 -0.032176 -0.460397 8.382419 0.273760 -0.505425 -0.818292 0.079895 0.230591 1 0 1.0
0 0.000000 -0.499509 8.417342 0.273760 -0.505425 -0.818292 0.079895 0.230591 1 0 1.0
0 -0.178150 -0.502014 8.359289 0.273760 -0.505425 -0.818292 0.079895 0.230591 1 0 1.0
Default
0 -0.073895 -0.382300 8.470510 0.815493 0.566939 -0.116410 0.079895 0.230591 1 0 1.0
0 0.000000 -0.499509 8.417342 0.815493 0.566939 -0.116410 0.079895 0.230591 1 0 1.0
0 -0.032176 -0.460397 8.382419 0.815493 0.566939 -0.116410 0.079895 0.230591 1 0 1.0
Default
0 -0.138667 -0.393533 8.391707 -0.100938 0.993165 -0.058606 0.079895 0.230591 1 0 1.0
0 -0.170313 -0.393533 8.446210 -0.100938 0.993165 -0.058606 0.079895 0.230591 1 0 1.0
0 -0.073895 -0.382300 8.470510 -0.100938 0.993165 -0.058606 0.079895 0.230591 1 0 1.0
Default
0 -0.138667 -0.393533 8.391707 -0.784225 0.421498 -0.455335 0.079895 0.230591 1 0 1.0
0 -0.178150 -0.502014 8.359289 -0.784225 0.421498 -0.455335 0.079895 0.230591 1 0 1.0
0 -0.170313 -0.393533 8.446210 -0.784225 0.421498 -0.455335 0.079895 0.230591 1 0 1.0
Default
0 -0.100042 -0.441112 7.794776 0.950624 0.309746 -0.019299 0.014786 0.917480 1 0 1.0
0 -0.091191 -0.449594 8.094628 0.950624 0.309746 -0.019299 0.014786 0.917480 1 0 1.0
0 -0.086799 -0.463514 8.087515 0.950624 0.309746 -0.019299 0.014786 0.917480 1 0 1.0
Default
0 -0.086799 -0.463514 8.087515 0.280046 -0.959079 -0.041733 0.079895 0.230591 1 0 1.0
0 -0.032176 -0.460397 8.382419 0.280046 -0.959079 -0.041733 0.079895 0.230591 1 0 1.0
0 -0.178150 -0.502014 8.359289 0.280046 -0.959079 -0.041733 0.079895 0.230591 1 0 1.0
Default
0 -0.178150 -0.502014 8.359289 -0.913765 0.377459 -0.150194 0.079895 0.230591 1 0 1.0
0 -0.138667 -0.393533 8.391707 -0.913765 0.377459 -0.150194 0.079895 0.230591 1 0 1.0
0 -0.113269 -0.450250 8.094651 -0.913765 0.377459 -0.150194 0.079895 0.230591 1 0 1.0
Default
0 -0.100042 -0.441112 7.794776 0.118878 -0.989591 -0.081108 0.014786 0.917480 1 0 1.0
0 -0.086799 -0.463514 8.087515 0.118754 -0.988782 -0.090595 0.014786 0.917480 1 0 1.0
0 -0.122295 -0.467786 8.087615 0.118754 -0.988782 -0.090595 0.014786 0.917480 1 0 1.0
Default
0 -0.100042 -0.441112 7.794776 -0.029634 0.999136 0.029138 0.014786 0.917480 1 0 1.0
0 -0.113269 -0.450250 8.094651 -0.029634 0.999136 0.029138 0.014786 0.917480 1 0 1.0
0 -0.091191 -0.449594 8.094628 -0.029634 0.999136 0.029138 0.014786 0.917480 1 0 1.0
Default
0 -0.100042 -0.441112 7.794776 -0.884791 0.465324 -0.024849 0.014786 0.917480 1 0 1.0
0 -0.122295 -0.467786 8.087615 -0.884791 0.465324 -0.024849 0.014786 0.917480 1 0 1.0
0 -0.113269 -0.450250 8.094651 -0.884791 0.465324 -0.024849 0.014786 0.917480 1 0 1.0
Default
0 -0.199758 -1.295013 8.079918 0.923998 0.067576 -0.376379 0.019165 0.669922 1 0 1.0
0 -0.347674 -0.905167 7.786784 0.923998 0.067576 -0.376379 0.019196 0.669922 1 0 1.0
0 -0.159957 -0.823955 8.262204 0.923998 0.067576 -0.376379 0.019196 0.669922 1 0 1.0
Default
0 -0.942001 -1.146835 8.622013 -0.699721 0.663498 -0.264880 0.082764 0.948730 1 0 1.0
0 -0.797987 -0.875064 8.922338 -0.699721 0.663498 -0.264880 0.078308 0.955566 1 0 1.0
0 -0.576363 -0.751875 8.645461 -0.699721 0.663498 -0.264880 0.082642 0.949219 1 0 1.0
Default
0 -0.797987 -0.875064 8.922338 -0.257420 0.774680 -0.577586 0.078308 0.955566 1 0 1.0
0 -0.942001 -1.146835 8.622013 -0.257420 0.774680 -0.577586 0.078125 0.955078 1 0 1.0
0 -1.041099 -1.046329 8.800981 -0.257420 0.774680 -0.577586 0.078125 0.955078 1 0 1.0
Default
0 -1.275774 -1.455433 8.064196 -0.736370 0.675976 -0.028559 0.080627 0.947754 1 0 1.0
0 -1.082710 -1.226902 8.495404 -0.736370 0.675976 -0.028559 0.081543 0.949707 1 0 1.0
0 -0.894737 -1.022241 8.492904 -0.736370 0.675976 -0.028559 0.082703 0.949219 1 0 1.0
Default
0 -0.860214 -0.638685 7.818785 -0.730590 0.641697 -0.233374 0.079651 0.230591 1 0 1.0
0 -0.584883 -0.367700 7.701963 -0.730590 0.641697 -0.233374 0.079834 0.230591 1 0 1.0
0 -0.630524 -0.583262 7.252122 -0.730590 0.641697 -0.233374 0.079834 0.230591 1 0 1.0
Default
0 -0.401234 -0.592468 7.677830 -0.104110 0.879192 0.464954 0.079895 0.230591 1 0 1.0
0 -0.360280 -0.639293 7.775543 -0.104110 0.879192 0.464954 0.079895 0.230591 1 0 1.0
0 -0.241944 -0.629075 7.782718 -0.104110 0.879192 0.464954 0.079895 0.230591 1 0 1.0
Default
0 -0.365156 -0.480814 7.544169 0.141120 0.887125 -0.439425 0.079895 0.230591 1 0 1.0
0 -0.630524 -0.583262 7.252122 0.141120 0.887125 -0.439425 0.079834 0.230591 1 0 1.0
0 -0.584883 -0.367700 7.701963 0.141120 0.887125 -0.439425 0.079834 0.230591 1 0 1.0
Default
0 -0.360280 -0.639293 7.775543 -0.604766 0.589196 0.535823 0.079895 0.230591 1 0 1.0
0 -0.401234 -0.592468 7.677830 -0.604766 0.589196 0.535823 0.079895 0.230591 1 0 1.0
0 -0.478404 -0.745247 7.758729 -0.604766 0.589196 0.535823 0.079834 0.230591 1 0 1.0
Default
0 -0.584883 -0.367700 7.701963 0.420231 0.249683 0.872390 0.079834 0.230591 1 0 1.0
0 -0.478404 -0.745247 7.758729 0.420231 0.249683 0.872390 0.079834 0.230591 1 0 1.0
0 -0.401234 -0.592468 7.677830 0.420231 0.249683 0.872390 0.079895 0.230591 1 0 1.0
Default
0 -0.576363 -0.751875 8.645461 0.019000 0.907748 0.419086 0.077515 0.950195 1 0 1.0
0 -0.797987 -0.875064 8.922338 0.019000 0.907748 0.419086 0.079834 0.955566 1 0 1.0
0 -0.580762 -0.962010 9.100818 0.019000 0.907748 0.419086 0.078247 0.954590 1 0 1.0
Default
0 0.000000 -0.630556 8.625633 -0.408709 0.749711 -0.520471 0.079468 0.229858 1 0 1.0
0 -0.273520 -0.784726 8.618347 -0.408709 0.749711 -0.520471 0.079773 0.230347 1 0 1.0
0 -0.299466 -0.703371 8.755909 -0.408709 0.749711 -0.520471 0.079285 0.229370 1 0 1.0
Default
0 0.000000 -0.630556 8.625633 -0.472787 0.824044 0.312127 0.079468 0.229858 1 0 1.0
0 0.000000 -0.566184 8.455686 -0.472787 0.824044 0.312127 0.079529 0.229980 1 0 1.0
0 -0.273520 -0.784726 8.618347 -0.472787 0.824044 0.312127 0.079773 0.230347 1 0 1.0
Default
0 -0.564143 -0.531376 8.514189 -0.236002 0.888583 0.393349 0.081604 0.232788 1 0 1.0
0 -0.562743 -0.463412 8.361496 -0.236002 0.888583 0.393349 0.082397 0.229004 1 0 1.0
0 -0.682098 -0.526182 8.431685 -0.236002 0.888583 0.393349 0.081604 0.231567 1 0 1.0
Default
0 0.000000 -1.312627 8.032214 0.145671 0.955296 0.257272 0.019226 0.669922 1 0 1.0
0 -0.199758 -1.295013 8.079918 0.145671 0.955296 0.257272 0.019165 0.669922 1 0 1.0
0 0.000000 -1.370278 8.246283 0.145671 0.955296 0.257272 0.019196 0.669922 1 0 1.0
Default
0 -0.225223 -1.343443 8.191041 -0.028051 0.849409 0.526990 0.018951 0.669922 1 0 1.0
0 -0.215603 -1.414389 8.305905 -0.028051 0.849409 0.526990 0.018616 0.670410 1 0 1.0
0 0.000000 -1.370278 8.246283 -0.028051 0.849409 0.526990 0.019196 0.669922 1 0 1.0
Default
0 -0.215603 -1.414389 8.305905 -0.206935 0.978042 -0.024722 0.018616 0.670410 1 0 1.0
0 -0.176091 -1.402631 8.440323 -0.206935 0.978042 -0.024722 0.018616 0.670410 1 0 1.0
0 0.000000 -1.370278 8.246283 -0.206935 0.978042 -0.024722 0.019196 0.669922 1 0 1.0
Default
0 0.000000 -1.338446 8.467184 -0.219559 0.965625 -0.139147 0.019196 0.669922 1 0 1.0
0 0.000000 -1.370278 8.246283 -0.219559 0.965625 -0.139147 0.019196 0.669922 1 0 1.0
0 -0.080493 -1.352865 8.494130 -0.219559 0.965625 -0.139147 0.019897 0.669922 1 0 1.0
Default
0 -0.176091 -1.402631 8.440323 -0.370276 0.910472 -0.184221 0.018616 0.670410 1 0 1.0
0 -0.080493 -1.352865 8.494130 -0.370276 0.910472 -0.184221 0.019897 0.669922 1 0 1.0
0 0.000000 -1.370278 8.246283 -0.370276 0.910472 -0.184221 0.019196 0.669922 1 0 1.0
Default
0 -0.176091 -1.402631 8.440323 0.959617 -0.037519 -0.278796 0.018616 0.670410 1 0 1.0
0 -0.215603 -1.414389 8.305905 0.959617 -0.037519 -0.278796 0.018616 0.670410 1 0 1.0
0 -0.157617 -0.893826 8.435439 0.959617 -0.037519 -0.278796 0.018143 0.670410 1 0 1.0
Default
0 0.000000 -1.338446 8.467184 -0.330997 0.092855 -0.939052 0.017517 0.665527 1 0 1.0
0 -0.080493 -1.352865 8.494130 -0.330997 0.092855 -0.939052 0.017517 0.665527 1 0 1.0
0 -0.273520 -0.784726 8.618347 -0.330997 0.092855 -0.939052 0.017517 0.665527 1 0 1.0
Default
0 -1.727879 -1.671208 7.917623 -0.529302 0.840205 -0.117875 0.079651 0.947266 1 0 1.0
0 -2.126247 -1.983006 7.483969 -0.529302 0.840205 -0.117875 0.079651 0.947266 1 0 1.0
0 -1.880861 -1.713732 8.301460 -0.529302 0.840205 -0.117875 0.079651 0.947266 1 0 1.0
Default
0 -1.041099 -1.046329 8.800981 -0.036678 0.862522 -0.504689 0.082764 0.950684 1 0 1.0
0 -0.942001 -1.146835 8.622013 -0.036678 0.862522 -0.504689 0.082764 0.950684 1 0 1.0
0 -1.082710 -1.226902 8.495404 -0.036678 0.862522 -0.504689 0.081543 0.951172 1 0 1.0
Default
0 -0.576363 -0.751875 8.645461 -0.309395 0.864564 0.395985 0.077515 0.950195 1 0 1.0
0 -0.580762 -0.962010 9.100818 -0.309395 0.864564 0.395985 0.078247 0.954590 1 0 1.0
0 -0.299466 -0.703371 8.755909 -0.309395 0.864564 0.395985 0.077209 0.950195 1 0 1.0
Default
0 -0.447984 -0.891670 9.195019 -0.532892 0.827933 0.174797 0.077698 0.954102 1 0 1.0
0 -0.299466 -0.703371 8.755909 -0.532892 0.827933 0.174797 0.077209 0.950195 1 0 1.0
0 -0.580762 -0.962010 9.100818 -0.550473 0.818431 0.164776 0.078247 0.954590 1 0 1.0
Default
0 -0.919589 -0.800814 7.311796 -0.475149 0.419122 -0.773673 0.079834 0.230591 1 0 1.0
0 -0.630524 -0.583262 7.252122 -0.475149 0.419122 -0.773673 0.079834 0.230591 1 0 1.0
0 0.000000 -0.813412 6.740209 -0.475149 0.419122 -0.773673 0.079895 0.230591 1 0 1.0
Default
0 0.000000 -0.813412 6.740209 0.006244 0.914899 -0.403635 0.079895 0.230591 1 0 1.0
0 -0.630524 -0.583262 7.252122 0.006244 0.914899 -0.403635 0.079834 0.230591 1 0 1.0
0 -0.229696 -0.562460 7.305474 0.006244 0.914899 -0.403635 0.079895 0.230591 1 0 1.0
Default
0 -0.241944 -0.629075 7.782718 0.226259 0.875390 0.427199 0.079895 0.230591 1 0 1.0
0 -0.091069 -0.623529 7.691445 0.226259 0.875390 0.427199 0.079895 0.230591 1 0 1.0
0 -0.365156 -0.480814 7.544169 0.226259 0.875390 0.427199 0.079895 0.230591 1 0 1.0
Default
0 0.000000 -0.689637 7.416534 0.534048 0.831642 -0.152200 0.079895 0.230591 1 0 1.0
0 0.000000 -0.813412 6.740209 0.534048 0.831642 -0.152200 0.079895 0.230591 1 0 1.0
0 -0.229696 -0.562460 7.305474 0.534048 0.831642 -0.152200 0.079895 0.230591 1 0 1.0
Default
0 0.000000 -0.989868 7.941805 0.448124 0.551003 -0.703975 0.078979 0.230103 1 0 1.0
0 -0.214294 -1.070052 7.742633 0.448124 0.551003 -0.703975 0.078979 0.230103 1 0 1.0
0 -0.347674 -0.905167 7.786784 0.448124 0.551003 -0.703975 0.078979 0.230103 1 0 1.0
Default
0 -1.275774 -1.455433 8.064196 -0.895128 0.444252 -0.037235 0.079529 0.230591 1 0 1.0
0 -0.860214 -0.638685 7.818785 -0.895128 0.444252 -0.037235 0.079651 0.230591 1 0 1.0
0 -0.919589 -0.800814 7.311796 -0.895128 0.444252 -0.037235 0.079834 0.230591 1 0 1.0
Default
0 -1.489415 -1.431371 6.359617 -0.229510 0.850298 -0.473623 0.080811 0.232056 1 0 1.0
0 -0.751290 -1.116761 6.566754 -0.229510 0.850298 -0.473623 0.081177 0.232788 1 0 1.0
0 -1.131801 -1.719771 5.668557 -0.229510 0.850298 -0.473623 0.081177 0.232788 1 0 1.0
Default
0 -0.241944 -0.629075 7.782718 -0.063843 0.039133 0.997192 0.079895 0.230591 1 0 1.0
0 -0.360280 -0.639293 7.775543 -0.063843 0.039133 0.997192 0.079895 0.230591 1 0 1.0
0 -0.347674 -0.905167 7.786784 -0.063843 0.039133 0.997192 0.079895 0.230591 1 0 1.0
Default
0 0.000000 -0.858229 7.703175 0.907178 0.362668 0.213309 0.079895 0.230591 1 0 1.0
0 0.000000 -0.689637 7.416534 0.907178 0.362668 0.213309 0.079895 0.230591 1 0 1.0
0 -0.091069 -0.623529 7.691445 0.907178 0.362668 0.213309 0.079895 0.230591 1 0 1.0
Default
0 -0.347674 -0.905167 7.786784 -0.170291 0.033563 0.984822 0.079834 0.230591 1 0 1.0
0 -0.360280 -0.639293 7.775543 -0.170291 0.033563 0.984822 0.079895 0.230591 1 0 1.0
0 -0.478404 -0.745247 7.758729 -0.170291 0.033563 0.984822 0.079834 0.230591 1 0 1.0
Default
0 -0.347674 -0.905167 7.786784 0.758059 0.561488 -0.331780 0.079834 0.230591 1 0 1.0
0 -0.478404 -0.745247 7.758729 0.758059 0.561488 -0.331780 0.079834 0.230591 1 0 1.0
0 -0.273021 -0.769749 8.186527 0.758059 0.561488 -0.331780 0.079956 0.230591 1 0 1.0
Default
0 -0.214294 -1.070052 7.742633 0.518300 -0.045132 0.854007 0.079895 0.230591 1 0 1.0
0 -0.091069 -0.623529 7.691445 0.518300 -0.045132 0.854007 0.079895 0.230591 1 0 1.0
0 -0.241944 -0.629075 7.782718 0.518300 -0.045132 0.854007 0.079895 0.230591 1 0 1.0
Default
0 -0.365156 -0.480814 7.544169 -0.005598 0.945188 -0.326479 0.079895 0.230591 1 0 1.0
0 -0.229696 -0.562460 7.305474 -0.005598 0.945188 -0.326479 0.079895 0.230591 1 0 1.0
0 -0.630524 -0.583262 7.252122 -0.005598 0.945188 -0.326479 0.079834 0.230591 1 0 1.0
Default
0 -0.776558 -0.957842 9.581980 -0.391201 -0.328699 0.859604 0.074707 0.946777 1 0 1.0
0 -1.078793 -0.648940 9.562554 -0.391201 -0.328699 0.859604 0.074707 0.946777 1 0 1.0
0 -1.018361 -1.198823 9.379789 -0.391201 -0.328699 0.859604 0.074707 0.946777 1 0 1.0
Default
0 -1.018361 -1.198823 9.379789 -0.921100 0.027839 -0.388328 0.074707 0.946777 1 0 1.0
0 -1.078793 -0.648940 9.562554 -0.921100 0.027839 -0.388328 0.074707 0.946777 1 0 1.0
0 -0.871280 -0.918517 9.051013 -0.921100 0.027839 -0.388328 0.074707 0.946777 1 0 1.0
Default
0 -1.716450 -1.525863 8.743724 0.606897 0.697275 0.381422 0.074707 0.946777 1 0 1.0
0 -2.105613 -1.304950 8.959090 0.606897 0.697275 0.381422 0.074707 0.946777 1 0 1.0
0 -1.712457 -1.609975 8.891135 0.606897 0.697275 0.381422 0.074707 0.946777 1 0 1.0
Default
0 -1.712457 -1.609975 8.891135 0.309052 0.190774 0.931715 0.074707 0.946777 1 0 1.0
0 -2.105613 -1.304950 8.959090 0.309052 0.190774 0.931715 0.074707 0.946777 1 0 1.0
0 -1.995135 -2.114355 9.088175 0.309052 0.190774 0.931715 0.074707 0.946777 1 0 1.0
Default
0 -1.995135 -2.114355 9.088175 -0.949283 -0.171590 -0.263475 0.074707 0.946777 1 0 1.0
0 -2.105613 -1.304950 8.959090 -0.949283 -0.171590 -0.263475 0.074707 0.946777 1 0 1.0
0 -1.944481 -1.736687 8.659711 -0.949283 -0.171590 -0.263475 0.074707 0.946777 1 0 1.0
Default
0 -1.230057 -1.511371 8.657750 -0.972610 -0.132069 -0.191280 0.074707 0.946777 1 0 1.0
0 -1.260044 -1.769314 8.988322 -0.972610 -0.132069 -0.191280 0.074707 0.946777 1 0 1.0
0 -1.329788 -1.272818 9.000148 -0.972610 -0.132069 -0.191280 0.074707 0.946777 1 0 1.0
Default
0 -1.041099 -1.046329 8.800981 0.138297 0.548738 0.824476 0.074707 0.946777 1 0 1.0
0 -1.367303 -1.009399 8.831119 0.138297 0.548738 0.824476 0.074707 0.946777 1 0 1.0
0 -1.329788 -1.272818 9.000148 0.138297 0.548738 0.824476 0.074707 0.946777 1 0 1.0
Default
0 -1.230057 -1.511371 8.657750 -0.052145 0.313242 -0.948241 0.077820 0.953125 1 0 1.0
0 -1.367303 -1.009399 8.831119 -0.052145 0.313242 -0.948241 0.082764 0.950684 1 0 1.0
0 -1.041099 -1.046329 8.800981 -0.052145 0.313242 -0.948241 0.082764 0.950684 1 0 1.0
Default
0 -0.337466 -0.618659 8.343080 0.530078 0.801888 -0.275669 0.083008 0.233643 1 0 1.0
0 -0.562743 -0.463412 8.361496 0.530078 0.801888 -0.275669 0.082397 0.233643 1 0 1.0
0 -0.414696 -0.530297 8.451611 0.530078 0.801888 -0.275669 0.082642 0.233643 1 0 1.0
Default
0 -0.337466 -0.618659 8.343080 0.570132 0.815540 0.099213 0.079895 0.230591 1 0 1.0
0 -0.584883 -0.367700 7.701963 0.570132 0.815540 0.099213 0.079834 0.230591 1 0 1.0
0 -0.562743 -0.463412 8.361496 0.570132 0.815540 0.099213 0.079285 0.230591 1 0 1.0
Default
0 -1.691935 -1.583089 8.201140 -0.355146 0.904504 -0.236102 0.079651 0.947266 1 0 1.0
0 -1.275774 -1.455433 8.064196 -0.355146 0.904504 -0.236102 0.079041 0.947754 1 0 1.0
0 -1.727879 -1.671208 7.917623 -0.355146 0.904504 -0.236102 0.079651 0.947266 1 0 1.0
Default
0 -2.587659 -2.934824 7.719471 -0.286960 -0.086353 0.954042 0.074707 0.946777 1 0 1.0
0 -3.310964 -2.644395 7.528200 -0.286960 -0.086353 0.954042 0.074707 0.946777 1 0 1.0
0 -3.212266 -3.176207 7.509752 -0.286960 -0.086353 0.954042 0.074707 0.946777 1 0 1.0
Default
0 -3.212266 -3.176207 7.509752 -0.983025 -0.181510 -0.026762 0.074707 0.946777 1 0 1.0
0 -3.310964 -2.644395 7.528200 -0.983025 -0.181510 -0.026762 0.074707 0.946777 1 0 1.0
0 -3.212266 -3.103293 7.015235 -0.983025 -0.181510 -0.026762 0.074707 0.946777 1 0 1.0
Default
0 -3.212266 -3.103293 7.015235 0.432218 0.711816 -0.553629 0.074707 0.946777 1 0 1.0
0 -3.310964 -2.644395 7.528200 0.432218 0.711816 -0.553629 0.074707 0.946777 1 0 1.0
0 -2.587659 -2.934824 7.719471 0.432218 0.711816 -0.553629 0.074707 0.946777 1 0 1.0
Default
0 -0.238105 -0.473129 9.703572 0.761188 0.638050 0.116129 0.074707 0.946777 1 0 1.0
0 0.000000 -0.755155 9.692412 0.761188 0.638050 0.116129 0.074707 0.946777 1 0 1.0
0 0.000000 -0.676221 9.258724 0.761188 0.638050 0.116129 0.074707 0.946777 1 0 1.0
Default
0 0.000000 -0.755155 9.692412 -0.270724 -0.265183 0.925412 0.074707 0.946777 1 0 1.0
0 -0.238105 -0.473129 9.703572 -0.270724 -0.265183 0.925412 0.074707 0.946777 1 0 1.0
0 -0.404624 -0.589314 9.621564 -0.270724 -0.265183 0.925412 0.074707 0.946777 1 0 1.0
Default
0 0.000000 -0.858229 7.703175 0.181087 0.000000 0.983467 0.079895 0.230591 1 0 1.0
0 -0.214294 -1.070052 7.742633 0.181087 0.000000 0.983467 0.079895 0.230591 1 0 1.0
0 0.000000 -1.043276 7.703175 0.181087 0.000000 0.983467 0.082153 0.232544 1 0 1.0
Default
0 0.000000 -0.989868 7.941805 -0.160058 0.963276 -0.215592 0.078979 0.230103 1 0 1.0
0 0.000000 -1.043276 7.703175 -0.160058 0.963276 -0.215592 0.082153 0.232544 1 0 1.0
0 -0.214294 -1.070052 7.742633 -0.160058 0.963276 -0.215592 0.079895 0.230591 1 0 1.0
Default
0 -3.797216 -4.892198 5.550310 -0.975415 -0.081214 0.204868 0.074707 0.946777 1 0 1.0
0 -3.713935 -4.939787 5.927961 -0.975415 -0.081214 0.204868 0.074707 0.946777 1 0 1.0
0 -3.735747 -3.924552 6.226576 -0.975415 -0.081214 0.204868 0.074707 0.946777 1 0 1.0
Default
0 -3.866617 -3.900758 5.871395 -0.505925 0.827969 0.241881 0.074707 0.946777 1 0 1.0
0 -4.327937 -4.153977 5.773267 -0.505925 0.827969 0.241881 0.074707 0.946777 1 0 1.0
0 -3.735747 -3.924552 6.226576 -0.505925 0.827969 0.241881 0.074707 0.946777 1 0 1.0
Default
0 -3.797216 -4.892198 5.550310 0.031976 0.309970 -0.950208 0.074707 0.946777 1 0 1.0
0 -4.327937 -4.153977 5.773267 0.031976 0.309970 -0.950208 0.074707 0.946777 1 0 1.0
0 -3.866617 -3.900758 5.871395 0.031976 0.309970 -0.950208 0.074707 0.946777 1 0 1.0
Default
0 -3.597905 -3.769991 5.598415 -0.477073 0.846990 -0.234543 0.081177 0.947266 1 0 1.0
0 -3.348180 -3.463236 6.198229 -0.477073 0.846990 -0.234543 0.081177 0.947266 1 0 1.0
0 -2.919623 -3.207791 6.248992 -0.477073 0.846990 -0.234543 0.081177 0.947266 1 0 1.0
Default
0 -0.299466 -0.703371 8.755909 -0.192077 0.975864 0.103906 0.078003 0.955078 1 0 1.0
0 -0.214120 -0.719867 9.068608 -0.192077 0.975864 0.103906 0.078125 0.955078 1 0 1.0
0 0.000000 -0.630556 8.625633 -0.192077 0.975864 0.103906 0.078064 0.955078 1 0 1.0
Default
0 -1.131801 -1.719771 5.668557 -0.215348 0.597286 -0.772577 0.081177 0.232788 1 0 1.0
0 0.000000 -1.730310 5.344931 -0.215348 0.597286 -0.772577 0.081177 0.232788 1 0 1.0
0 -1.105786 -2.712064 4.894155 -0.215348 0.597286 -0.772577 0.081177 0.232788 1 0 1.0
Default
0 0.000000 -2.342042 5.055095 -0.000000 0.428169 -0.903699 0.081177 0.232788 1 0 1.0
0 -1.105786 -2.712064 4.894155 -0.011747 0.428139 -0.903636 0.081177 0.232788 1 0 1.0
0 0.000000 -1.730310 5.344931 -0.000000 0.428169 -0.903699 0.081177 0.232788 1 0 1.0
Default
0 -1.275774 -1.455433 8.064196 -0.874625 0.474655 0.098665 0.079529 0.230591 1 0 1.0
0 -0.734233 -0.506681 8.300508 -0.874625 0.474655 0.098665 0.079224 0.230591 1 0 1.0
0 -0.860214 -0.638685 7.818785 -0.874625 0.474655 0.098665 0.079651 0.230591 1 0 1.0
Default
0 -0.776558 -0.957842 9.581980 -0.917585 0.078619 -0.389689 0.074707 0.946777 1 0 1.0
0 -0.775067 -0.549040 9.660944 -0.917585 0.078619 -0.389689 0.074707 0.946777 1 0 1.0
0 -0.655800 -0.743739 9.340831 -0.917585 0.078619 -0.389689 0.074707 0.946777 1 0 1.0
Default
0 -0.629909 -0.786609 9.651915 -0.240601 -0.183236 0.953171 0.074707 0.946777 1 0 1.0
0 -0.775067 -0.549040 9.660944 -0.240601 -0.183236 0.953171 0.074707 0.946777 1 0 1.0
0 -0.776558 -0.957842 9.581980 -0.240601 -0.183236 0.953171 0.074707 0.946777 1 0 1.0
Default
0 -0.655800 -0.743739 9.340831 0.853332 0.521367 0.000825 0.074707 0.946777 1 0 1.0
0 -0.775067 -0.549040 9.660944 0.853332 0.521367 0.000825 0.074707 0.946777 1 0 1.0
0 -0.629909 -0.786609 9.651915 0.853332 0.521367 0.000825 0.074707 0.946777 1 0 1.0
Default
0 -0.564143 -0.531376 8.514189 0.169039 0.892075 0.419080 0.081604 0.232788 1 0 1.0
0 -0.299466 -0.703371 8.755909 0.175975 0.882829 0.435484 0.081909 0.233643 1 0 1.0
0 -0.414696 -0.530297 8.451611 0.169039 0.892075 0.419080 0.082642 0.233643 1 0 1.0
Default
0 -5.750275 -7.804653 5.497646 -0.762023 0.503422 0.407292 0.074707 0.946777 1 0 1.0
0 -5.578954 -7.804653 5.818179 -0.762023 0.503422 0.407292 0.074707 0.946777 1 0 1.0
0 -4.705217 -6.399822 5.716496 -0.762023 0.503422 0.407292 0.074707 0.946777 1 0 1.0
Default
0 -4.876538 -6.399822 5.285519 -0.507332 0.837820 0.201674 0.074707 0.946777 1 0 1.0
0 -5.575641 -6.849133 5.393441 -0.507332 0.837820 0.201674 0.074707 0.946777 1 0 1.0
0 -4.705217 -6.399822 5.716496 -0.507332 0.837820 0.201674 0.074707 0.946777 1 0 1.0
Default
0 -5.750275 -7.804653 5.497646 -0.094675 -0.090810 -0.991358 0.074707 0.946777 1 0 1.0
0 -5.575641 -6.849133 5.393441 -0.094675 -0.090810 -0.991358 0.074707 0.946777 1 0 1.0
0 -4.876538 -6.399822 5.285519 -0.094675 -0.090810 -0.991358 0.074707 0.946777 1 0 1.0
Default
0 -4.705217 -6.399822 5.716496 -0.435690 0.636071 0.636858 0.074707 0.946777 1 0 1.0
0 -5.105233 -6.922558 5.964926 -0.435690 0.636071 0.636858 0.074707 0.946777 1 0 1.0
0 -4.129579 -7.504119 7.213238 -0.435690 0.636071 0.636858 0.074707 0.946777 1 0 1.0
Default
0 -5.578954 -7.804653 5.818179 -0.821452 0.489757 -0.292156 0.074707 0.946777 1 0 1.0
0 -5.105233 -6.922558 5.964926 -0.821452 0.489757 -0.292156 0.074707 0.946777 1 0 1.0
0 -4.705217 -6.399822 5.716496 -0.821452 0.489757 -0.292156 0.074707 0.946777 1 0 1.0
Default
0 -5.681746 -9.723447 5.908592 -0.608308 0.056931 0.791656 0.074707 0.946777 1 0 1.0
0 -5.311027 -10.484616 6.248191 -0.608308 0.056931 0.791656 0.074707 0.946777 1 0 1.0
0 -4.203590 -10.538560 7.103025 -0.608308 0.056931 0.791656 0.074707 0.946777 1 0 1.0
Default
0 -5.390500 -11.145411 5.908592 -0.832731 -0.170560 0.526752 0.074707 0.946777 1 0 1.0
0 -5.311027 -10.484616 6.248191 -0.832731 -0.170560 0.526752 0.074707 0.946777 1 0 1.0
0 -5.681746 -9.723447 5.908592 -0.832731 -0.170560 0.526752 0.074707 0.946777 1 0 1.0
Default
0 -4.842274 -12.430318 5.296590 -0.927781 -0.298697 0.223611 0.074707 0.946777 1 0 1.0
0 -4.513261 -13.149880 5.700512 -0.927781 -0.298697 0.223611 0.074707 0.946777 1 0 1.0
0 -4.722349 -12.344657 5.908592 -0.927781 -0.298697 0.223611 0.074707 0.946777 1 0 1.0
Default
0 -4.722349 -12.344657 5.908592 -0.332611 -0.315981 0.888553 0.074707 0.946777 1 0 1.0
0 -4.513261 -13.149880 5.700512 -0.332611 -0.315981 0.888553 0.074707 0.946777 1 0 1.0
0 -3.745820 -13.372582 5.908592 -0.332611 -0.315981 0.888553 0.074707 0.946777 1 0 1.0
Default
0 -3.175764 -12.826402 6.571835 -0.287951 -0.310702 0.905841 0.074707 0.946777 1 0 1.0
0 -2.291749 -13.519516 6.615111 -0.287951 -0.310702 0.905841 0.074707 0.946777 1 0 1.0
0 -1.761237 -13.474318 6.799254 -0.287951 -0.310702 0.905841 0.074707 0.946777 1 0 1.0
Default
0 -2.118271 -14.057866 5.908592 -0.577461 -0.711511 0.400364 0.074707 0.946777 1 0 1.0
0 -2.291749 -13.519516 6.615111 -0.577461 -0.711511 0.400364 0.074707 0.946777 1 0 1.0
0 -3.175764 -12.826402 6.571835 -0.577461 -0.711511 0.400364 0.074707 0.946777 1 0 1.0
Default
0 -2.152214 -14.216266 5.504419 -0.605815 -0.722150 0.333896 0.074707 0.946777 1 0 1.0
0 -1.658003 -14.497189 5.793525 -0.605815 -0.722150 0.333896 0.074707 0.946777 1 0 1.0
0 -2.118271 -14.057866 5.908592 -0.605815 -0.722150 0.333896 0.074707 0.946777 1 0 1.0
Default
0 -2.118271 -14.057866 5.908592 0.184161 -0.063951 0.980813 0.074707 0.946777 1 0 1.0
0 -1.658003 -14.497189 5.793525 0.184161 -0.063951 0.980813 0.074707 0.946777 1 0 1.0
0 -0.904357 -14.503035 5.651637 0.184161 -0.063951 0.980813 0.074707 0.946777 1 0 1.0
Default
0 -0.904357 -14.503035 5.651637 -0.116007 -0.804114 -0.583046 0.074707 0.946777 1 0 1.0
0 -1.658003 -14.497189 5.793525 -0.116007 -0.804114 -0.583046 0.074707 0.946777 1 0 1.0
0 -2.152214 -14.216266 5.504419 -0.116007 -0.804114 -0.583046 0.074707 0.946777 1 0 1.0
Default
0 -1.435200 -11.503698 8.111185 -0.115454 -0.480896 0.869143 0.074707 0.946777 1 0 1.0
0 -0.742837 -13.008457 7.370575 -0.115454 -0.480896 0.869143 0.074707 0.946777 1 0 1.0
0 0.000000 -12.443537 7.781821 -0.115454 -0.480896 0.869143 0.074707 0.946777 1 0 1.0
Default
0 0.000000 -12.443537 7.781821 0.051041 -0.630774 0.774286 0.074707 0.946777 1 0 1.0
0 -0.742837 -13.008457 7.370575 0.051041 -0.630774 0.774286 0.074707 0.946777 1 0 1.0
0 -0.577065 -13.696351 6.799254 0.051041 -0.630774 0.774286 0.074707 0.946777 1 0 1.0
Default
0 -2.635187 -11.589587 7.699844 -0.591999 -0.297187 0.749144 0.074707 0.946777 1 0 1.0
0 -2.724015 -10.742174 7.965820 -0.591999 -0.297187 0.749144 0.074707 0.946777 1 0 1.0
0 -3.192110 -9.995815 7.891998 -0.591999 -0.297187 0.749144 0.074707 0.946777 1 0 1.0
Default
0 -1.465193 -9.280378 8.895401 -0.308365 -0.016797 0.951120 0.074707 0.946777 1 0 1.0
0 -0.943236 -9.419679 9.062166 -0.308365 -0.016797 0.951120 0.074707 0.946777 1 0 1.0
0 -0.774427 -8.342908 9.135912 -0.308365 -0.016797 0.951120 0.074707 0.946777 1 0 1.0
Default
0 -2.649365 -6.986045 8.262815 -0.595636 0.434838 0.675377 0.074707 0.946777 1 0 1.0
0 -2.442005 -7.236200 8.606754 -0.595636 0.434838 0.675377 0.074707 0.946777 1 0 1.0
0 -1.711896 -6.665331 8.883108 -0.595636 0.434838 0.675377 0.074707 0.946777 1 0 1.0
Default
0 -1.906622 -8.651676 8.572999 -0.893444 -0.344797 0.287878 0.074707 0.946777 1 0 1.0
0 -2.442005 -7.236200 8.606754 -0.893444 -0.344797 0.287878 0.074707 0.946777 1 0 1.0
0 -2.649365 -6.986045 8.262815 -0.893444 -0.344797 0.287878 0.074707 0.946777 1 0 1.0
Default
0 -1.407670 -3.938965 9.562593 -0.046387 -0.241221 0.969361 0.074707 0.946777 1 0 1.0
0 -1.631036 -4.964192 9.296782 -0.046387 -0.241221 0.969361 0.074707 0.946777 1 0 1.0
0 -0.901954 -5.260607 9.257909 -0.046387 -0.241221 0.969361 0.074707 0.946777 1 0 1.0
Default
0 -2.362953 -5.607721 8.279216 -0.820557 0.030800 0.570734 0.074707 0.946777 1 0 1.0
0 -1.631036 -4.964192 9.296782 -0.820557 0.030800 0.570734 0.074707 0.946777 1 0 1.0
0 -1.407670 -3.938965 9.562593 -0.820557 0.030800 0.570734 0.074707 0.946777 1 0 1.0
Default
0 -0.876755 -1.455766 9.493118 -0.310942 -0.089558 0.946200 0.074707 0.946777 1 0 1.0
0 -0.600062 -2.055721 9.527259 -0.310942 -0.089558 0.946200 0.074707 0.946777 1 0 1.0
0 -0.256352 -1.899575 9.654989 -0.310942 -0.089558 0.946200 0.074707 0.946777 1 0 1.0
Default
0 -0.256352 -1.899575 9.654989 -0.263837 -0.192413 0.945181 0.074707 0.946777 1 0 1.0
0 -0.600062 -2.055721 9.527259 -0.263837 -0.192413 0.945181 0.074707 0.946777 1 0 1.0
0 -0.725086 -2.414446 9.419333 -0.263837 -0.192413 0.945181 0.074707 0.946777 1 0 1.0
Default
0 -3.099091 -8.784668 8.027953 -0.595064 -0.182210 0.782751 0.074707 0.946777 1 0 1.0
0 -4.220838 -8.511313 7.238809 -0.595064 -0.182210 0.782751 0.074707 0.946777 1 0 1.0
0 -4.746335 -9.206367 6.677520 -0.595064 -0.182210 0.782751 0.074707 0.946777 1 0 1.0
Default
0 -4.129579 -7.504119 7.213238 -0.562121 0.071850 0.823928 0.074707 0.946777 1 0 1.0
0 -4.220838 -8.511313 7.238809 -0.562121 0.071850 0.823928 0.074707 0.946777 1 0 1.0
0 -3.099091 -8.784668 8.027953 -0.562121 0.071850 0.823928 0.074707 0.946777 1 0 1.0
Default
0 0.000000 -13.623886 6.927276 -0.105467 -0.583154 0.805486 0.074707 0.946777 1 0 1.0
0 0.000000 -12.443537 7.781821 -0.105467 -0.583154 0.805486 0.074707 0.946777 1 0 1.0
0 -0.577065 -13.696351 6.799254 -0.105467 -0.583154 0.805486 0.074707 0.946777 1 0 1.0
Default
0 -2.189387 -6.223126 2.767551 -0.518185 0.387923 -0.762234 0.081177 0.232788 1 0 1.0
0 -3.363334 -5.380094 3.994672 -0.518185 0.387923 -0.762234 0.081177 0.232788 1 0 1.0
0 -2.740915 -3.752738 4.399745 -0.518185 0.387923 -0.762234 0.081177 0.232788 1 0 1.0
Default
0 -2.189387 -6.223126 2.767551 -0.428446 0.499436 -0.752993 0.081177 0.232788 1 0 1.0
0 -3.841189 -6.320285 3.642969 -0.428446 0.499436 -0.752993 0.081177 0.232788 1 0 1.0
0 -3.363334 -5.380094 3.994672 -0.428446 0.499436 -0.752993 0.081177 0.232788 1 0 1.0
Default
0 -2.608781 -7.900702 2.590381 -0.427790 0.014408 -0.903763 0.081177 0.232788 1 0 1.0
0 -4.010075 -9.199928 3.232962 -0.427790 0.014408 -0.903763 0.081177 0.232788 1 0 1.0
0 -3.361614 -7.657710 2.950604 -0.427790 0.014408 -0.903763 0.081177 0.232788 1 0 1.0
Default
0 -3.003505 -9.948333 2.770834 -0.541802 -0.229405 -0.808594 0.081177 0.232788 1 0 1.0
0 -4.149081 -10.457189 3.682800 -0.541802 -0.229405 -0.808594 0.081177 0.232788 1 0 1.0
0 -4.010075 -9.199928 3.232962 -0.541802 -0.229405 -0.808594 0.081177 0.232788 1 0 1.0
Default
0 -3.348889 -11.354536 3.068253 -0.618923 -0.014083 -0.785325 0.081177 0.232788 1 0 1.0
0 -4.149081 -10.457189 3.682800 -0.618923 -0.014083 -0.785325 0.081177 0.232788 1 0 1.0
0 -3.003505 -9.948333 2.770834 -0.618923 -0.014083 -0.785325 0.081177 0.232788 1 0 1.0
Default
0 -2.016696 -11.354536 2.713170 -0.231651 -0.437036 -0.869102 0.081177 0.232788 1 0 1.0
0 -2.902878 -12.673680 3.612716 -0.231651 -0.437036 -0.869102 0.081177 0.232788 1 0 1.0
0 -3.348889 -11.354536 3.068253 -0.231651 -0.437036 -0.869102 0.081177 0.232788 1 0 1.0
Default
0 -1.967355 -12.341346 3.015494 -0.442724 -0.282819 -0.850887 0.081177 0.232788 1 0 1.0
0 -2.902878 -12.673680 3.612716 -0.442724 -0.282819 -0.850887 0.081177 0.232788 1 0 1.0
0 -2.016696 -11.354536 2.713170 -0.442724 -0.282819 -0.850887 0.081177 0.232788 1 0 1.0
Default
0 -0.635162 -12.094643 2.882765 0.039456 -0.630237 -0.775399 0.081177 0.232788 1 0 1.0
0 -1.591249 -13.245930 3.769869 0.039456 -0.630237 -0.775399 0.081177 0.232788 1 0 1.0
0 -1.967355 -12.341346 3.015494 0.039456 -0.630237 -0.775399 0.081177 0.232788 1 0 1.0
Default
0 -2.902878 -12.673680 3.612716 -0.210453 -0.676247 -0.705974 0.081177 0.232788 1 0 1.0
0 -1.967355 -12.341346 3.015494 -0.210453 -0.676247 -0.705974 0.081177 0.232788 1 0 1.0
0 -1.591249 -13.245930 3.769869 -0.210453 -0.676247 -0.705974 0.081177 0.232788 1 0 1.0
Default
0 -3.749609 -11.729193 3.789598 -0.647164 -0.467390 -0.602267 0.081177 0.232788 1 0 1.0
0 -3.348889 -11.354536 3.068253 -0.647164 -0.467390 -0.602267 0.081177 0.232788 1 0 1.0
0 -2.902878 -12.673680 3.612716 -0.647164 -0.467390 -0.602267 0.081177 0.232788 1 0 1.0
Default
0 -3.348889 -11.354536 3.068253 -0.850920 -0.087222 -0.518003 0.081177 0.232788 1 0 1.0
0 -3.749609 -11.729193 3.789598 -0.849463 -0.084914 -0.520771 0.081177 0.232788 1 0 1.0
0 -3.949345 -11.296801 4.044897 -0.849463 -0.084914 -0.520771 0.081177 0.232788 1 0 1.0
Default
0 -4.363317 -9.149320 3.611759 -0.745152 -0.157262 -0.648087 0.081177 0.232788 1 0 1.0
0 -4.010075 -9.199928 3.232962 -0.732702 -0.156002 -0.662428 0.081177 0.232788 1 0 1.0
0 -4.149081 -10.457189 3.682800 -0.745152 -0.157262 -0.648087 0.081177 0.232788 1 0 1.0
Default
0 -4.180031 -7.091650 3.577466 -0.726743 0.053321 -0.684837 0.081177 0.232788 1 0 1.0
0 -4.010075 -9.199928 3.232962 -0.726743 0.053321 -0.684837 0.081177 0.232788 1 0 1.0
0 -4.363317 -9.149320 3.611759 -0.726743 0.053321 -0.684837 0.081177 0.232788 1 0 1.0
Default
0 -3.361614 -7.657710 2.950604 -0.566533 0.088209 -0.819305 0.081177 0.232788 1 0 1.0
0 -4.010075 -9.199928 3.232962 -0.566533 0.088209 -0.819305 0.081177 0.232788 1 0 1.0
0 -4.180031 -7.091650 3.577466 -0.566533 0.088209 -0.819305 0.081177 0.232788 1 0 1.0
Default
0 0.000000 -11.056447 2.539766 0.094920 0.221333 -0.970568 0.081177 0.232788 1 0 1.0
0 -0.437800 -10.565088 2.609001 0.094920 0.221333 -0.970568 0.081177 0.232788 1 0 1.0
0 0.000000 -9.309329 2.938186 0.094920 0.221333 -0.970568 0.081177 0.232788 1 0 1.0
Default
0 -0.635162 -12.094643 2.882765 -0.296657 -0.131031 -0.945952 0.081177 0.232788 1 0 1.0
0 -0.437800 -10.565088 2.609001 -0.296657 -0.131031 -0.945952 0.081177 0.232788 1 0 1.0
0 0.000000 -11.056447 2.539766 -0.296657 -0.131031 -0.945952 0.081177 0.232788 1 0 1.0
Default
0 -3.348889 -11.354536 3.068253 -0.255022 -0.139727 -0.956786 0.081177 0.232788 1 0 1.0
0 -3.003505 -9.948333 2.770834 -0.255022 -0.139727 -0.956786 0.081177 0.232788 1 0 1.0
0 -2.016696 -11.354536 2.713170 -0.255022 -0.139727 -0.956786 0.081177 0.232788 1 0 1.0
Default
0 -4.010075 -9.199928 3.232962 -0.305488 0.167887 -0.937279 0.081177 0.232788 1 0 1.0
0 -2.337409 -9.134215 2.699560 -0.305488 0.167887 -0.937279 0.081177 0.232788 1 0 1.0
0 -3.003505 -9.948333 2.770834 -0.305488 0.167887 -0.937279 0.081177 0.232788 1 0 1.0
Default
0 -2.608781 -7.900702 2.590381 -0.295152 -0.148473 -0.943844 0.081177 0.232788 1 0 1.0
0 -2.337409 -9.134215 2.699560 -0.295152 -0.148473 -0.943844 0.081177 0.232788 1 0 1.0
0 -4.010075 -9.199928 3.232962 -0.295152 -0.148473 -0.943844 0.081177 0.232788 1 0 1.0
Default
0 -3.361614 -7.657710 2.950604 -0.343026 0.270675 -0.899482 0.081177 0.232788 1 0 1.0
0 -1.967355 -7.209935 2.553635 -0.343026 0.270675 -0.899482 0.081177 0.232788 1 0 1.0
0 -2.608781 -7.900702 2.590381 -0.343026 0.270675 -0.899482 0.081177 0.232788 1 0 1.0
Default
0 -2.189387 -6.223126 2.767551 -0.310938 0.134011 -0.940935 0.081177 0.232788 1 0 1.0
0 -1.967355 -7.209935 2.553635 -0.310938 0.134011 -0.940935 0.081177 0.232788 1 0 1.0
0 -3.361614 -7.657710 2.950604 -0.310938 0.134011 -0.940935 0.081177 0.232788 1 0 1.0
Default
0 -1.325929 -5.631040 2.943857 0.082824 0.171534 -0.981691 0.081177 0.232788 1 0 1.0
0 -0.931205 -6.864552 2.761623 0.082824 0.171534 -0.981691 0.081177 0.232788 1 0 1.0
0 -2.189387 -6.223126 2.767551 0.082824 0.171534 -0.981691 0.081177 0.232788 1 0 1.0
Default
0 0.000000 -3.683375 3.732222 0.242817 0.217371 -0.945404 0.081177 0.232788 1 0 1.0
0 -0.931205 -6.864552 2.761623 0.242817 0.217371 -0.945404 0.081177 0.232788 1 0 1.0
0 -1.325929 -5.631040 2.943857 0.242817 0.217371 -0.945404 0.081177 0.232788 1 0 1.0
Default
0 -1.967355 -7.209935 2.553635 0.115338 0.235159 -0.965089 0.081177 0.232788 1 0 1.0
0 -2.189387 -6.223126 2.767551 0.115338 0.235159 -0.965089 0.081177 0.232788 1 0 1.0
0 -0.931205 -6.864552 2.761623 0.115338 0.235159 -0.965089 0.081177 0.232788 1 0 1.0
Default
0 -0.561151 -9.084874 2.726502 0.387493 0.104994 -0.915874 0.081177 0.232788 1 0 1.0
0 0.000000 -9.309329 2.938186 0.387493 0.104994 -0.915874 0.081177 0.232788 1 0 1.0
0 -0.437800 -10.565088 2.609001 0.387493 0.104994 -0.915874 0.081177 0.232788 1 0 1.0
Default
0 -2.016696 -11.354536 2.713170 0.024723 -0.179219 -0.983499 0.081177 0.232788 1 0 1.0
0 -0.437800 -10.565088 2.609001 0.024723 -0.179219 -0.983499 0.081177 0.232788 1 0 1.0
0 -0.635162 -12.094643 2.882765 0.024723 -0.179219 -0.983499 0.081177 0.232788 1 0 1.0
Default
0 0.000000 -9.309329 2.938186 0.358882 0.017100 -0.933226 0.081177 0.232788 1 0 1.0
0 -0.561151 -9.084874 2.726502 0.358882 0.017100 -0.933226 0.081177 0.232788 1 0 1.0
0 0.000000 -6.641456 2.987073 0.358882 0.017100 -0.933226 0.081177 0.232788 1 0 1.0
Default
0 0.000000 -6.641456 2.987073 0.173573 0.240564 -0.954988 0.081177 0.232788 1 0 1.0
0 -0.931205 -6.864552 2.761623 0.173573 0.240564 -0.954988 0.081177 0.232788 1 0 1.0
0 0.000000 -3.683375 3.732222 0.173573 0.240564 -0.954988 0.081177 0.232788 1 0 1.0
Default
0 -0.561151 -9.084874 2.726502 0.312965 0.029361 -0.949311 0.081177 0.232788 1 0 1.0
0 -0.857194 -8.172075 2.657136 0.312965 0.029361 -0.949311 0.081177 0.232788 1 0 1.0
0 0.000000 -6.641456 2.987073 0.312965 0.029361 -0.949311 0.081177 0.232788 1 0 1.0
Default
0 -1.325929 -5.631040 2.943857 -0.249424 0.504411 -0.826654 0.081177 0.232788 1 0 1.0
0 -1.058958 -3.381649 4.235847 -0.249424 0.504411 -0.826654 0.081177 0.232788 1 0 1.0
0 0.000000 -3.683375 3.732222 -0.249424 0.504411 -0.826654 0.081177 0.232788 1 0 1.0
Default
0 -0.576928 -13.528731 3.671935 -0.103617 -0.567972 -0.816500 0.081177 0.232788 1 0 1.0
0 0.000000 -12.803564 3.094281 -0.103617 -0.567972 -0.816500 0.081177 0.232788 1 0 1.0
0 0.000000 -13.701244 3.718723 -0.103617 -0.567972 -0.816500 0.081177 0.232788 1 0 1.0
Default
0 -4.036658 -14.392856 4.956042 -0.487270 0.871879 -0.048936 0.078552 0.955566 1 0 1.0
0 -11.311699 -18.398126 6.034912 -0.487270 0.871879 -0.048936 0.078552 0.955566 1 0 1.0
0 -11.276084 -18.360961 6.342438 -0.487270 0.871879 -0.048936 0.078552 0.955566 1 0 1.0
Default
0 -1.489415 -1.431371 6.359617 -0.735622 0.677341 -0.008323 0.080811 0.232056 1 0 1.0
0 -1.727879 -1.671208 7.917623 -0.735622 0.677341 -0.008323 0.079590 0.230591 1 0 1.0
0 -0.919589 -0.800814 7.311796 -0.735622 0.677341 -0.008323 0.079834 0.230591 1 0 1.0
Default
0 -1.230057 -1.511371 8.657750 -0.258107 0.959795 0.110334 0.079651 0.947266 1 0 1.0
0 -1.275774 -1.455433 8.064196 -0.258107 0.959795 0.110334 0.079041 0.947754 1 0 1.0
0 -1.691935 -1.583089 8.201140 -0.258107 0.959795 0.110334 0.079651 0.947266 1 0 1.0
Default
0 4.722349 -12.344657 5.908592 0.849581 -0.473338 0.232732 0.074707 0.946777 1 0 1.0
0 4.842274 -12.430318 5.296590 0.849581 -0.473338 0.232732 0.074707 0.946777 1 0 1.0
0 5.390500 -11.145411 5.908592 0.849581 -0.473338 0.232732 0.074707 0.946777 1 0 1.0
Default
0 3.745820 -13.372582 5.908592 0.280419 -0.959853 0.006939 0.074707 0.946777 1 0 1.0
0 4.007623 -13.299407 5.450672 0.280419 -0.959853 0.006939 0.074707 0.946777 1 0 1.0
0 4.513261 -13.149880 5.700512 0.280419 -0.959853 0.006939 0.074707 0.946777 1 0 1.0
Default
0 3.212266 -3.176207 7.509752 0.870871 0.486254 0.071696 0.074707 0.946777 1 0 1.0
0 3.735747 -3.924552 6.226576 0.870871 0.486254 0.071696 0.074707 0.946777 1 0 1.0
0 3.212266 -3.103293 7.015235 0.870871 0.486254 0.071696 0.074707 0.946777 1 0 1.0
Default
0 1.081102 -2.006866 9.189998 0.864339 -0.325921 0.383006 0.074707 0.946777 1 0 1.0
0 1.260044 -1.769314 8.988322 0.864339 -0.325921 0.383006 0.074707 0.946777 1 0 1.0
0 1.306386 -1.371572 9.222201 0.864339 -0.325921 0.383006 0.074707 0.946777 1 0 1.0
Default
0 3.713935 -4.939787 5.927961 0.818107 0.519831 0.245917 0.074707 0.946777 1 0 1.0
0 4.705217 -6.399822 5.716496 0.818107 0.519831 0.245917 0.074707 0.946777 1 0 1.0
0 3.797216 -4.892198 5.550310 0.818107 0.519831 0.245917 0.074707 0.946777 1 0 1.0
Default
0 1.081102 -2.006866 9.189998 -0.083399 0.680703 0.727797 0.074707 0.946777 1 0 1.0
0 1.712457 -1.609975 8.891135 -0.083399 0.680703 0.727797 0.074707 0.946777 1 0 1.0
0 1.260044 -1.769314 8.988322 -0.083399 0.680703 0.727797 0.074707 0.946777 1 0 1.0
Default
0 0.000000 -14.628563 5.871818 0.174484 -0.971067 0.163044 0.074707 0.946777 1 0 1.0
0 0.000000 -14.725145 5.296590 0.174484 -0.971067 0.163044 0.074707 0.946777 1 0 1.0
0 0.904357 -14.503035 5.651637 0.174484 -0.971067 0.163044 0.074707 0.946777 1 0 1.0
Default
0 5.578954 -7.804653 5.818179 0.879810 0.069290 0.470248 0.074707 0.946777 1 0 1.0
0 5.681746 -9.723447 5.908592 0.879810 0.069290 0.470248 0.074707 0.946777 1 0 1.0
0 5.750275 -7.804653 5.497646 0.879810 0.069290 0.470248 0.074707 0.946777 1 0 1.0
Default
0 1.995135 -2.114355 9.088175 0.021711 0.751270 0.659638 0.074707 0.946777 1 0 1.0
0 2.386685 -1.833300 8.755190 0.021711 0.751270 0.659638 0.074707 0.946777 1 0 1.0
0 1.944481 -1.736687 8.659711 0.021711 0.751270 0.659638 0.074707 0.946777 1 0 1.0
Default
0 5.681746 -9.723447 5.908592 0.944778 -0.193509 0.264477 0.074707 0.946777 1 0 1.0
0 5.390500 -11.145411 5.908592 0.944778 -0.193509 0.264477 0.074707 0.946777 1 0 1.0
0 5.853067 -9.723447 5.296590 0.944778 -0.193509 0.264477 0.074707 0.946777 1 0 1.0
Default
0 2.386685 -1.833300 8.755190 0.996562 0.053049 0.063638 0.074707 0.946777 1 0 1.0
0 2.480583 -3.025173 8.278315 0.996562 0.053049 0.063638 0.074707 0.946777 1 0 1.0
0 2.427737 -2.020590 8.268451 0.996562 0.053049 0.063638 0.074707 0.946777 1 0 1.0
Default
0 1.329788 -1.272818 9.000148 0.607990 0.707171 0.360912 0.074707 0.946777 1 0 1.0
0 1.018361 -1.198823 9.379789 0.607990 0.707171 0.360912 0.074707 0.946777 1 0 1.0
0 1.306386 -1.371572 9.222201 0.618720 0.691545 0.372761 0.074707 0.946777 1 0 1.0
Default
0 0.629909 -0.786609 9.651915 0.662252 0.730677 -0.165929 0.074707 0.946777 1 0 1.0
0 0.461261 -0.664889 9.514813 0.662252 0.730677 -0.165929 0.074707 0.946777 1 0 1.0
0 0.404624 -0.589314 9.621564 0.662252 0.730677 -0.165929 0.074707 0.946777 1 0 1.0
Default
0 1.260044 -1.769314 8.988322 -0.085899 0.781682 0.617734 0.074707 0.946777 1 0 1.0
0 1.716450 -1.525863 8.743724 -0.085899 0.781682 0.617734 0.074707 0.946777 1 0 1.0
0 1.230057 -1.511371 8.657750 -0.085899 0.781682 0.617734 0.074707 0.946777 1 0 1.0
Default
0 1.944481 -1.736687 8.659711 0.663163 0.745193 -0.070020 0.074707 0.946777 1 0 1.0
0 1.880861 -1.713732 8.301460 0.663163 0.745193 -0.070020 0.074707 0.946777 1 0 1.0
0 1.716450 -1.525863 8.743724 0.663163 0.745193 -0.070020 0.074707 0.946777 1 0 1.0
Default
0 2.427737 -2.020590 8.268451 0.958111 0.250721 -0.138428 0.074707 0.946777 1 0 1.0
0 2.587659 -2.934824 7.719471 0.958111 0.250721 -0.138428 0.074707 0.946777 1 0 1.0
0 2.351596 -1.985717 7.804614 0.958111 0.250721 -0.138428 0.074707 0.946777 1 0 1.0
Default
0 2.587659 -2.934824 7.719471 0.396725 0.908008 0.134651 0.074707 0.946777 1 0 1.0
0 3.212266 -3.103293 7.015235 0.396725 0.908008 0.134651 0.074707 0.946777 1 0 1.0
0 2.562165 -2.864889 7.322984 0.396725 0.908008 0.134651 0.074707 0.946777 1 0 1.0
Default
0 3.212266 -3.103293 7.015235 0.514306 0.813107 -0.272667 0.074707 0.946777 1 0 1.0
0 3.866617 -3.900758 5.871395 0.514306 0.813107 -0.272667 0.074707 0.946777 1 0 1.0
0 3.348180 -3.463236 6.198229 0.514306 0.813107 -0.272667 0.074707 0.946777 1 0 1.0
Default
0 3.866617 -3.900758 5.871395 0.740662 0.159524 -0.652665 0.074707 0.946777 1 0 1.0
0 3.797216 -4.892198 5.550310 0.740662 0.159524 -0.652665 0.074707 0.946777 1 0 1.0
0 3.597905 -3.769991 5.598415 0.740662 0.159524 -0.652665 0.074707 0.946777 1 0 1.0
Default
0 4.876538 -6.399822 5.285519 0.493819 0.480787 -0.724559 0.074707 0.946777 1 0 1.0
0 4.674621 -6.534685 5.058414 0.493819 0.480787 -0.724559 0.074707 0.946777 1 0 1.0
0 3.797216 -4.892198 5.550310 0.493819 0.480787 -0.724559 0.074707 0.946777 1 0 1.0
Default
0 5.750275 -7.804653 5.497646 0.767610 0.402048 -0.499133 0.074707 0.946777 1 0 1.0
0 5.511271 -7.879887 5.069485 0.767610 0.402048 -0.499133 0.074707 0.946777 1 0 1.0
0 4.876538 -6.399822 5.285519 0.767610 0.402048 -0.499133 0.074707 0.946777 1 0 1.0
Default
0 5.750275 -7.804653 5.497646 0.861484 0.098350 -0.498170 0.074707 0.946777 1 0 1.0
0 5.853067 -9.723447 5.296590 0.861484 0.098350 -0.498170 0.074707 0.946777 1 0 1.0
0 5.511271 -7.879887 5.069485 0.861484 0.098350 -0.498170 0.074707 0.946777 1 0 1.0
Default
0 1.018361 -1.198823 9.379789 0.607990 0.707171 0.360912 0.074707 0.946777 1 0 1.0
0 1.329788 -1.272818 9.000148 0.607990 0.707171 0.360912 0.074707 0.946777 1 0 1.0
0 0.871280 -0.918517 9.051013 0.596955 0.722444 0.348884 0.074707 0.946777 1 0 1.0
Default
0 0.000000 -14.395071 4.899022 0.099506 -0.929956 -0.353949 0.081177 0.232788 1 0 1.0
0 0.873968 -14.301556 4.899022 0.099506 -0.929956 -0.353949 0.081177 0.232788 1 0 1.0
0 0.000000 -14.459951 5.069485 0.099506 -0.929956 -0.353949 0.081177 0.232788 1 0 1.0
Default
0 0.797987 -0.875064 8.922338 -0.077818 0.930289 0.358480 0.078308 0.955566 1 0 1.0
0 0.580762 -0.962010 9.100818 -0.077818 0.930289 0.358480 0.078247 0.954590 1 0 1.0
0 0.871280 -0.918517 9.051013 -0.077818 0.930289 0.358480 0.078125 0.955078 1 0 1.0
Default
0 3.287150 -12.966061 4.378839 0.610011 -0.443351 -0.656754 0.081177 0.232788 1 0 1.0
0 4.183003 -11.952719 4.526862 0.610011 -0.443351 -0.656754 0.081177 0.232788 1 0 1.0
0 3.584302 -13.327775 4.899022 0.610011 -0.443351 -0.656754 0.081177 0.232788 1 0 1.0
Default
0 2.526329 -2.955132 6.695414 0.881820 0.457077 -0.116081 0.079651 0.947266 1 0 1.0
0 2.126247 -1.983006 7.483969 0.881820 0.457077 -0.116081 0.079651 0.947266 1 0 1.0
0 2.562165 -2.864889 7.322984 0.881820 0.457077 -0.116081 0.079651 0.947266 1 0 1.0
Default
0 2.919623 -3.207791 6.248992 0.508177 0.860359 -0.039232 0.079651 0.947266 1 0 1.0
0 2.526329 -2.955132 6.695414 0.508177 0.860359 -0.039232 0.079651 0.947266 1 0 1.0
0 3.348180 -3.463236 6.198229 0.508177 0.860359 -0.039232 0.079651 0.947266 1 0 1.0
Default
0 0.214120 -0.719867 9.068608 0.660534 0.700666 -0.269745 0.078125 0.955078 1 0 1.0
0 0.366980 -0.714417 9.457079 0.660534 0.700666 -0.269745 0.078125 0.955078 1 0 1.0
0 0.447984 -0.891670 9.195019 0.660534 0.700666 -0.269745 0.077698 0.954102 1 0 1.0
Default
0 0.580762 -0.962010 9.100818 -0.070754 0.748878 -0.658920 0.078247 0.954590 1 0 1.0
0 0.447984 -0.891670 9.195019 -0.070754 0.748878 -0.658920 0.077698 0.954102 1 0 1.0
0 0.655800 -0.743739 9.340831 -0.070754 0.748878 -0.658920 0.078125 0.955078 1 0 1.0
Default
0 3.531842 -5.020439 4.856944 0.969590 0.125149 -0.210315 0.081177 0.232788 1 0 1.0
0 3.501879 -4.082744 5.276786 0.969590 0.125149 -0.210315 0.081177 0.232788 1 0 1.0
0 3.598593 -4.945894 5.209034 0.969590 0.125149 -0.210315 0.081177 0.232788 1 0 1.0
Default
0 3.331263 -4.284210 4.989697 0.209642 0.737419 -0.642077 0.081177 0.232788 1 0 1.0
0 2.690941 -3.804564 5.331498 0.209642 0.737419 -0.642077 0.081177 0.232788 1 0 1.0
0 3.501879 -4.082744 5.276786 0.209642 0.737419 -0.642077 0.081177 0.232788 1 0 1.0
Default
0 3.398098 -5.151943 4.471734 0.861460 0.307562 -0.404095 0.081177 0.232788 1 0 1.0
0 3.331263 -4.284210 4.989697 0.861460 0.307562 -0.404095 0.081177 0.232788 1 0 1.0
0 3.531842 -5.020439 4.856944 0.861460 0.307562 -0.404095 0.081177 0.232788 1 0 1.0
Default
0 0.801513 -13.859111 4.320079 0.243769 -0.755613 -0.607968 0.081177 0.232788 1 0 1.0
0 1.880882 -13.558174 4.378839 0.243769 -0.755613 -0.607968 0.081177 0.232788 1 0 1.0
0 0.873968 -14.301556 4.899022 0.243769 -0.755613 -0.607968 0.081177 0.232788 1 0 1.0
Default
0 0.801513 -13.859111 4.320079 0.116059 -0.782111 -0.612236 0.081177 0.232788 1 0 1.0
0 0.873968 -14.301556 4.899022 0.116059 -0.782111 -0.612236 0.081177 0.232788 1 0 1.0
0 0.000000 -14.000025 4.348152 0.116059 -0.782111 -0.612236 0.081177 0.232788 1 0 1.0
Default
0 4.375643 -6.785234 4.309349 0.851927 0.316710 -0.417032 0.081177 0.232788 1 0 1.0
0 4.587911 -6.579759 4.899022 0.851927 0.316710 -0.417032 0.081177 0.232788 1 0 1.0
0 4.913750 -7.997500 4.487969 0.851927 0.316710 -0.417032 0.081177 0.232788 1 0 1.0
Default
0 2.011339 -2.457302 6.381066 0.859232 0.431369 -0.275028 0.081177 0.232788 1 0 1.0
0 1.489415 -1.431371 6.359617 0.859232 0.431369 -0.275028 0.080811 0.232056 1 0 1.0
0 2.126247 -1.983006 7.483969 0.859232 0.431369 -0.275028 0.081177 0.232788 1 0 1.0
Default
0 2.690941 -3.804564 5.331498 0.560543 0.623362 -0.545171 0.081177 0.232788 1 0 1.0
0 2.165137 -3.113867 5.580627 0.560543 0.623362 -0.545171 0.081177 0.232788 1 0 1.0
0 2.919623 -3.207791 6.248992 0.560543 0.623362 -0.545171 0.081177 0.232788 1 0 1.0
Default
0 3.841189 -6.320285 3.642969 0.830943 0.398024 -0.388729 0.081177 0.232788 1 0 1.0
0 4.375643 -6.785234 4.309349 0.830943 0.398024 -0.388729 0.081177 0.232788 1 0 1.0
0 4.180031 -7.091650 3.577466 0.830943 0.398024 -0.388729 0.081177 0.232788 1 0 1.0
Default
0 0.000000 -13.701244 3.718723 0.229094 -0.879361 -0.417421 0.081177 0.232788 1 0 1.0
0 0.576928 -13.528731 3.671935 0.229094 -0.879361 -0.417421 0.081177 0.232788 1 0 1.0
0 0.000000 -14.000025 4.348152 0.229094 -0.879361 -0.417421 0.081177 0.232788 1 0 1.0
Default
0 3.749609 -11.729193 3.789598 0.849463 -0.084914 -0.520771 0.081177 0.232788 1 0 1.0
0 3.949345 -11.296801 4.044897 0.849463 -0.084914 -0.520771 0.081177 0.232788 1 0 1.0
0 4.183003 -11.952719 4.526862 0.847993 -0.082605 -0.523531 0.081177 0.232788 1 0 1.0
Default
0 4.363317 -9.149320 3.611759 0.745152 -0.157262 -0.648087 0.081177 0.232788 1 0 1.0
0 4.986215 -9.626659 4.475803 0.757332 -0.158466 -0.633512 0.081177 0.232788 1 0 1.0
0 4.149081 -10.457189 3.682800 0.745152 -0.157262 -0.648087 0.081177 0.232788 1 0 1.0
Default
0 0.215603 -1.414389 8.305905 -0.988384 -0.077578 -0.130687 0.018616 0.670410 1 0 1.0
0 0.157617 -0.893826 8.435439 -0.988384 -0.077578 -0.130687 0.018143 0.670410 1 0 1.0
0 0.225223 -1.343443 8.191041 -0.988384 -0.077578 -0.130687 0.018951 0.669922 1 0 1.0
Default
0 3.828801 -4.849433 4.266149 -0.160548 -0.299044 -0.940637 0.078552 0.955566 1 0 1.0
0 4.291564 -4.845044 4.185770 -0.160548 -0.299044 -0.940637 0.078552 0.955566 1 0 1.0
0 4.007162 -5.339479 4.391501 -0.160548 -0.299044 -0.940637 0.078552 0.955566 1 0 1.0
Default
0 3.576559 -4.156404 4.694126 0.101313 0.837476 -0.537001 0.078552 0.955566 1 0 1.0
0 4.071782 -4.241197 4.655319 0.101313 0.837476 -0.537001 0.078552 0.955566 1 0 1.0
0 3.650439 -4.359389 4.391501 0.101313 0.837476 -0.537001 0.078552 0.955566 1 0 1.0
Default
0 4.136154 -4.418061 4.987340 0.115709 0.885796 0.449419 0.078552 0.955566 1 0 1.0
0 4.071782 -4.241197 4.655319 0.115709 0.885796 0.449419 0.078552 0.955566 1 0 1.0
0 3.650439 -4.359389 4.996754 0.115709 0.885796 0.449419 0.078552 0.955566 1 0 1.0
Default
0 4.446973 -5.272029 4.987340 0.187556 -0.238632 0.952826 0.078552 0.955566 1 0 1.0
0 4.291564 -4.845044 5.124868 0.226519 -0.210690 0.950946 0.078552 0.955566 1 0 1.0
0 4.007162 -5.339479 5.057021 0.187556 -0.238632 0.952826 0.078552 0.955566 1 0 1.0
Default
0 5.550856 -4.111874 4.987340 0.226519 -0.210690 0.950946 0.078552 0.955566 1 0 1.0
0 5.302357 -3.731459 5.124868 0.221046 -0.200642 0.954401 0.078552 0.955566 1 0 1.0
0 4.291564 -4.845044 5.124868 0.226519 -0.210690 0.950946 0.078552 0.955566 1 0 1.0
Default
0 4.446973 -5.272029 4.987340 0.231959 -0.220709 0.947356 0.078552 0.955566 1 0 1.0
0 5.550856 -4.111874 4.987340 0.226519 -0.210690 0.950946 0.078552 0.955566 1 0 1.0
0 4.291564 -4.845044 5.124868 0.226519 -0.210690 0.950946 0.078552 0.955566 1 0 1.0
Default
0 4.446972 -5.272028 4.323298 0.060181 -0.876101 -0.478357 0.078552 0.955566 1 0 1.0
0 4.511346 -5.448892 4.655319 0.060181 -0.876101 -0.478357 0.078552 0.955566 1 0 1.0
0 4.007162 -5.339479 4.391501 0.060181 -0.876101 -0.478357 0.078552 0.955566 1 0 1.0
Default
0 3.650439 -4.359389 4.391501 -0.111320 0.208055 -0.971762 0.078552 0.955566 1 0 1.0
0 4.136154 -4.418061 4.323298 -0.111320 0.208055 -0.971762 0.078552 0.955566 1 0 1.0
0 3.828801 -4.849433 4.266149 -0.111320 0.208055 -0.971762 0.078552 0.955566 1 0 1.0
Default
0 10.571862 2.844880 5.067393 -0.703245 0.613101 0.359936 0.078552 0.955566 1 0 1.0
0 10.413741 2.905427 4.655321 -0.703245 0.613101 0.359936 0.078552 0.955566 1 0 1.0
0 5.078810 -3.389243 4.954003 -0.703245 0.613101 0.359936 0.078552 0.955566 1 0 1.0
Default
0 11.335324 2.552534 5.067393 0.300782 -0.279310 0.911875 0.078552 0.955566 1 0 1.0
0 10.953594 2.698706 5.238080 0.300782 -0.279310 0.911875 0.078552 0.955566 1 0 1.0
0 5.525904 -4.073676 4.954003 0.300782 -0.279310 0.911875 0.078552 0.955566 1 0 1.0
Default
0 5.525903 -4.073676 4.356637 0.655588 -0.582989 -0.479926 0.078552 0.955566 1 0 1.0
0 11.335324 2.552534 4.243247 0.655588 -0.582989 -0.479926 0.078552 0.955566 1 0 1.0
0 5.618501 -4.215427 4.655319 0.655588 -0.582989 -0.479926 0.078552 0.955566 1 0 1.0
Default
0 5.078810 -3.389243 4.356637 -0.235828 0.190462 -0.952948 0.078552 0.955566 1 0 1.0
0 10.571862 2.844880 4.243247 -0.235828 0.190462 -0.952948 0.078552 0.955566 1 0 1.0
0 5.302357 -3.731459 4.232918 -0.235828 0.190462 -0.952948 0.078552 0.955566 1 0 1.0
Default
0 10.953594 2.698706 5.238080 -0.312891 0.252152 0.915707 0.078552 0.955566 1 0 1.0
0 10.571862 2.844880 5.067393 -0.312891 0.252152 0.915707 0.078552 0.955566 1 0 1.0
0 5.302357 -3.731459 5.077720 -0.312891 0.252152 0.915707 0.078552 0.955566 1 0 1.0
Default
0 5.302357 -3.731459 4.232918 0.209866 -0.208267 -0.955291 0.078552 0.955566 1 0 1.0
0 10.953594 2.698708 4.072560 0.209866 -0.208267 -0.955291 0.078552 0.955566 1 0 1.0
0 5.525903 -4.073676 4.356637 0.209866 -0.208267 -0.955291 0.078552 0.955566 1 0 1.0
Default
0 4.986214 -3.247489 4.655319 -0.658086 0.580502 -0.479521 0.078552 0.955566 1 0 1.0
0 10.413741 2.905427 4.655321 -0.658086 0.580502 -0.479521 0.078552 0.955566 1 0 1.0
0 5.078810 -3.389243 4.356637 -0.658086 0.580502 -0.479521 0.078552 0.955566 1 0 1.0
Default
0 11.857071 19.280495 4.481147 0.730480 0.089079 -0.677100 0.078552 0.955566 1 0 1.0
0 12.016318 19.298524 4.655321 0.730480 0.089079 -0.677100 0.078552 0.955566 1 0 1.0
0 12.676973 10.399319 4.197279 0.730480 0.089079 -0.677100 0.078552 0.955566 1 0 1.0
Default
0 11.088154 19.193459 4.481147 -0.186422 0.018478 -0.982296 0.078552 0.955566 1 0 1.0
0 11.472612 19.236975 4.409003 -0.186422 0.018478 -0.982296 0.078552 0.955566 1 0 1.0
0 11.709798 10.374699 4.197281 -0.186422 0.018478 -0.982296 0.078552 0.955566 1 0 1.0
Default
0 12.193385 10.387011 5.303087 -0.365474 0.012454 0.930738 0.078552 0.955566 1 0 1.0
0 11.472612 19.236975 4.901639 -0.365474 0.012454 0.930738 0.078552 0.955566 1 0 1.0
0 11.709798 10.374699 5.113361 -0.365474 0.012454 0.930738 0.078552 0.955566 1 0 1.0
Default
0 12.877282 10.404422 4.655321 0.912277 0.088310 0.399940 0.078552 0.955566 1 0 1.0
0 12.016318 19.298524 4.655321 0.912277 0.088310 0.399940 0.078552 0.955566 1 0 1.0
0 12.676973 10.399319 5.113361 0.912277 0.088310 0.399940 0.078552 0.955566 1 0 1.0
Default
0 11.472612 19.236975 4.409003 0.177652 0.059028 -0.982321 0.078552 0.955566 1 0 1.0
0 11.857071 19.280495 4.481147 0.177652 0.059028 -0.982321 0.078552 0.955566 1 0 1.0
0 12.193385 10.387011 4.007553 0.177652 0.059028 -0.982321 0.078552 0.955566 1 0 1.0
Default
0 10.928904 19.175434 4.655321 -0.734649 -0.048437 -0.676716 0.078552 0.955566 1 0 1.0
0 11.088154 19.193459 4.481147 -0.734649 -0.048437 -0.676716 0.078552 0.955566 1 0 1.0
0 11.509487 10.369600 4.655321 -0.734649 -0.048437 -0.676716 0.078552 0.955566 1 0 1.0
Default
0 11.709798 10.374699 5.113361 -0.914786 -0.051588 0.400631 0.078552 0.955566 1 0 1.0
0 11.088154 19.193459 4.829493 -0.914786 -0.051588 0.400631 0.078552 0.955566 1 0 1.0
0 11.509487 10.369600 4.655321 -0.914786 -0.051588 0.400631 0.078552 0.955566 1 0 1.0
Default
0 12.676973 10.399319 5.113361 0.363101 0.063234 0.929601 0.078552 0.955566 1 0 1.0
0 11.857071 19.280495 4.829493 0.363101 0.063234 0.929601 0.078552 0.955566 1 0 1.0
0 12.193385 10.387011 5.303087 0.363101 0.063234 0.929601 0.078552 0.955566 1 0 1.0
Default
0 10.473479 20.459274 4.655319 -0.725235 -0.128508 -0.676402 0.078552 0.955566 1 0 1.0
0 10.345263 21.182864 4.655319 -0.725235 -0.128508 -0.676402 0.078552 0.955566 1 0 1.0
0 10.699766 20.484891 4.407828 -0.725235 -0.128508 -0.676402 0.078552 0.955566 1 0 1.0
Default
0 11.792357 20.608564 4.902810 0.433538 -0.028597 0.900681 0.078552 0.955566 1 0 1.0
0 11.384896 20.263570 5.087985 0.433538 -0.028597 0.900681 0.078552 0.955566 1 0 1.0
0 11.857071 19.280495 4.829493 0.433538 -0.028597 0.900681 0.078552 0.955566 1 0 1.0
Default
0 11.472612 19.236975 4.901639 -0.160330 -0.189535 0.968695 0.078552 0.955566 1 0 1.0
0 11.384896 20.263570 5.087985 -0.160330 -0.189535 0.968695 0.078552 0.955566 1 0 1.0
0 11.088154 19.193459 4.829493 -0.160330 -0.189535 0.968695 0.078552 0.955566 1 0 1.0
Default
0 11.472612 19.236975 4.409003 0.192797 -0.082285 -0.977782 0.078552 0.955566 1 0 1.0
0 11.384896 20.263570 4.305314 0.192797 -0.082285 -0.977782 0.078552 0.955566 1 0 1.0
0 11.857071 19.280495 4.481147 0.192797 -0.082285 -0.977782 0.078552 0.955566 1 0 1.0
Default
0 12.018640 20.634180 4.655319 0.738274 -0.005102 0.674482 0.078552 0.955566 1 0 1.0
0 12.029788 21.556852 4.655319 0.738451 -0.008922 0.674248 0.078552 0.955566 1 0 1.0
0 11.792357 20.608564 4.902810 0.738212 -0.003829 0.674558 0.078552 0.955566 1 0 1.0
Default
0 9.890709 22.554239 4.655321 -0.858289 -0.284488 0.427092 0.078552 0.955566 1 0 1.0
0 10.345263 21.182864 4.655319 -0.858289 -0.284488 0.427092 0.078552 0.955566 1 0 1.0
0 10.699766 20.484891 4.902810 -0.858289 -0.284488 0.427092 0.078552 0.955566 1 0 1.0
Default
0 9.890709 22.554239 4.655321 0.110426 0.160482 -0.980842 0.078552 0.955566 1 0 1.0
0 10.968116 21.042627 4.529295 0.110426 0.160482 -0.980842 0.078552 0.955566 1 0 1.0
0 10.699766 20.484891 4.407828 0.110426 0.160482 -0.980842 0.078552 0.955566 1 0 1.0
Default
0 11.384896 20.263570 5.087985 -0.163459 0.284382 0.944673 0.078552 0.955566 1 0 1.0
0 10.968116 21.042627 4.781343 -0.163459 0.284382 0.944673 0.078552 0.955566 1 0 1.0
0 10.699766 20.484891 4.902810 -0.163459 0.284382 0.944673 0.078552 0.955566 1 0 1.0
Default
0 12.018640 20.634180 4.655319 0.738274 -0.005103 -0.674482 0.078552 0.955566 1 0 1.0
0 11.792357 20.608564 4.407828 0.738213 -0.003830 -0.674557 0.078552 0.955566 1 0 1.0
0 12.029788 21.556852 4.655319 0.738451 -0.008922 -0.674249 0.078552 0.955566 1 0 1.0
Default
0 4.007162 -5.339479 5.057021 0.845712 -0.373532 0.381109 0.078552 0.955566 1 0 1.0
0 3.687327 -6.001418 5.117983 0.845712 -0.373532 0.381109 0.078552 0.955566 1 0 1.0
0 4.081043 -5.542462 4.694126 0.845712 -0.373532 0.381109 0.078552 0.955566 1 0 1.0
Default
0 4.007162 -5.339479 4.391501 0.155063 -0.191471 -0.969172 0.078552 0.955566 1 0 1.0
0 3.252080 -5.805392 4.362738 0.155063 -0.191471 -0.969172 0.078552 0.955566 1 0 1.0
0 3.828801 -4.849433 4.266149 0.155063 -0.191471 -0.969172 0.078552 0.955566 1 0 1.0
Default
0 2.199474 -4.277240 4.362738 0.048706 0.574115 -0.817325 0.078552 0.955566 1 0 1.0
0 2.518870 -3.832564 4.694126 0.048706 0.574115 -0.817325 0.078552 0.955566 1 0 1.0
0 3.650439 -4.359389 4.391501 0.048706 0.574115 -0.817325 0.078552 0.955566 1 0 1.0
Default
0 2.518870 -3.832564 4.694126 0.284732 0.929960 0.232599 0.078552 0.955566 1 0 1.0
0 3.010876 -4.142884 5.332545 0.284732 0.929960 0.232599 0.078552 0.955566 1 0 1.0
0 3.576559 -4.156404 4.694126 0.284732 0.929960 0.232599 0.078552 0.955566 1 0 1.0
Default
0 3.827426 -6.386334 4.694126 0.401234 -0.120587 -0.908003 0.078552 0.955566 1 0 1.0
0 3.252080 -5.805392 4.362738 0.401234 -0.120587 -0.908003 0.078552 0.955566 1 0 1.0
0 4.081043 -5.542462 4.694126 0.401234 -0.120587 -0.908003 0.078552 0.955566 1 0 1.0
Default
0 0.000000 -1.312627 8.032214 -0.245947 0.261445 0.933358 0.019226 0.669922 1 0 1.0
0 0.199758 -1.295013 8.079918 -0.245947 0.261445 0.933358 0.019165 0.669922 1 0 1.0
0 0.000000 -0.989868 7.941805 -0.245947 0.261445 0.933358 0.019196 0.669922 1 0 1.0
Default
0 0.157617 -0.893826 8.435439 -0.192556 0.910951 0.364815 0.083252 0.228638 1 0 1.0
0 0.273021 -0.769749 8.186527 -0.192556 0.910951 0.364815 0.084167 0.228149 1 0 1.0
0 0.159957 -0.823955 8.262204 -0.192556 0.910951 0.364815 0.084290 0.228027 1 0 1.0
Default
0 0.273520 -0.784726 8.618347 -0.706123 0.707635 0.025359 0.082153 0.229370 1 0 1.0
0 0.273021 -0.769749 8.186527 -0.706123 0.707635 0.025359 0.084167 0.228149 1 0 1.0
0 0.157617 -0.893826 8.435439 -0.706123 0.707635 0.025359 0.083252 0.228638 1 0 1.0
Default
0 5.046075 -7.742884 3.800427 0.241356 -0.103617 -0.964889 0.078552 0.955566 1 0 1.0
0 5.844373 -7.485428 3.972465 0.241356 -0.103617 -0.964889 0.078552 0.955566 1 0 1.0
0 5.224436 -8.232930 3.897667 0.241356 -0.103617 -0.964889 0.078552 0.955566 1 0 1.0
Default
0 5.577347 -6.881581 4.313527 -0.039685 0.811793 -0.582595 0.078552 0.955566 1 0 1.0
0 5.675920 -7.058445 4.060369 -0.039685 0.811793 -0.582595 0.078552 0.955566 1 0 1.0
0 4.793833 -7.049856 4.132423 -0.039685 0.811793 -0.582595 0.078552 0.955566 1 0 1.0
Default
0 5.606398 -7.058445 4.583640 -0.358440 0.762888 0.538073 0.078552 0.955566 1 0 1.0
0 5.577347 -6.881581 4.313527 -0.358440 0.762888 0.538073 0.078552 0.955566 1 0 1.0
0 4.867713 -7.252841 4.367179 -0.358440 0.762888 0.538073 0.078552 0.955566 1 0 1.0
Default
0 5.224436 -8.232930 3.897667 0.434811 -0.608973 -0.663394 0.078552 0.955566 1 0 1.0
0 5.984028 -7.912411 4.101303 0.434811 -0.608973 -0.663394 0.078552 0.955566 1 0 1.0
0 5.298317 -8.435914 4.132423 0.434811 -0.608973 -0.663394 0.078552 0.955566 1 0 1.0
Default
0 5.746056 -7.485428 4.712478 -0.379188 0.151418 0.912847 0.078552 0.955566 1 0 1.0
0 5.606398 -7.058445 4.583640 -0.379188 0.151418 0.912847 0.078552 0.955566 1 0 1.0
0 5.046075 -7.742885 4.464419 -0.379188 0.151418 0.912847 0.078552 0.955566 1 0 1.0
Default
0 5.914510 -7.912412 4.624574 -0.557982 -0.372774 0.741415 0.078552 0.955566 1 0 1.0
0 6.542460 -7.732545 5.187598 -0.557982 -0.372774 0.741415 0.078552 0.955566 1 0 1.0
0 5.746056 -7.485428 4.712478 -0.557982 -0.372774 0.741415 0.078552 0.955566 1 0 1.0
Default
0 6.784500 -6.824458 4.706605 0.452217 0.234294 -0.860585 0.078552 0.955566 1 0 1.0
0 6.811645 -7.278500 4.597257 0.452217 0.234294 -0.860585 0.078552 0.955566 1 0 1.0
0 5.675920 -7.058445 4.060369 0.452217 0.234294 -0.860585 0.078552 0.955566 1 0 1.0
Default
0 6.515314 -7.278501 5.296946 -0.627376 0.238477 0.741301 0.078552 0.955566 1 0 1.0
0 6.574963 -6.824458 5.201363 -0.627376 0.238477 0.741301 0.078552 0.955566 1 0 1.0
0 5.746056 -7.485428 4.712478 -0.627376 0.238477 0.741301 0.078552 0.955566 1 0 1.0
Default
0 5.844373 -7.485428 3.972465 0.551806 -0.070267 -0.831007 0.078552 0.955566 1 0 1.0
0 6.811645 -7.278500 4.597257 0.551806 -0.070267 -0.831007 0.078552 0.955566 1 0 1.0
0 5.984028 -7.912411 4.101303 0.551806 -0.070267 -0.831007 0.078552 0.955566 1 0 1.0
Default
0 6.574963 -6.824458 5.201363 -0.450886 0.794980 0.405843 0.078552 0.955566 1 0 1.0
0 6.686467 -6.636385 4.956838 -0.450886 0.794980 0.405843 0.078552 0.955566 1 0 1.0
0 5.606398 -7.058445 4.583640 -0.450886 0.794980 0.405843 0.078552 0.955566 1 0 1.0
Default
0 6.642373 -7.868178 4.938163 0.074297 -0.782984 0.617589 0.078552 0.955566 1 0 1.0
0 14.915404 -5.983451 6.332374 0.074297 -0.782984 0.617589 0.078552 0.955566 1 0 1.0
0 6.561403 -7.712846 5.144834 0.074297 -0.782984 0.617589 0.078552 0.955566 1 0 1.0
Default
0 4.030094 -8.406791 4.577588 0.206101 -0.867188 0.453330 0.078552 0.955566 1 0 1.0
0 3.971245 -8.653491 4.132423 0.206101 -0.867188 0.453330 0.078552 0.955566 1 0 1.0
0 5.224436 -8.232930 4.367179 0.206101 -0.867188 0.453330 0.078552 0.955566 1 0 1.0
Default
0 5.224436 -8.232930 3.897667 0.054128 -0.175359 -0.983015 0.078552 0.955566 1 0 1.0
0 3.741272 -8.149034 3.801033 0.054128 -0.175359 -0.983015 0.078552 0.955566 1 0 1.0
0 5.046075 -7.742884 3.800427 0.054128 -0.175359 -0.983015 0.078552 0.955566 1 0 1.0
Default
0 3.299824 -6.989385 3.801033 0.174228 0.862811 -0.474554 0.078552 0.955566 1 0 1.0
0 3.656341 -6.879109 4.132423 0.174228 0.862811 -0.474554 0.078552 0.955566 1 0 1.0
0 4.867713 -7.252841 3.897667 0.174228 0.862811 -0.474554 0.078552 0.955566 1 0 1.0
Default
0 3.656341 -6.879109 4.132423 0.131261 0.874444 0.467031 0.078552 0.955566 1 0 1.0
0 4.314244 -7.215623 4.577588 0.131261 0.874444 0.467031 0.078552 0.955566 1 0 1.0
0 4.793833 -7.049856 4.132423 0.131261 0.874444 0.467031 0.078552 0.955566 1 0 1.0
Default
0 5.046075 -7.742885 4.464419 0.326354 -0.068292 0.942777 0.078552 0.955566 1 0 1.0
0 4.172170 -7.811207 4.761983 0.326354 -0.068292 0.942777 0.078552 0.955566 1 0 1.0
0 5.224436 -8.232930 4.367179 0.326354 -0.068292 0.942777 0.078552 0.955566 1 0 1.0
Default
0 5.298317 -8.435914 4.132423 0.120010 -0.731977 -0.670677 0.078552 0.955566 1 0 1.0
0 3.971245 -8.653491 4.132423 0.120010 -0.731977 -0.670677 0.078552 0.955566 1 0 1.0
0 5.224436 -8.232930 3.897667 0.120010 -0.731977 -0.670677 0.078552 0.955566 1 0 1.0
Default
0 4.867713 -7.252841 4.367179 0.356275 0.304932 0.883224 0.078552 0.955566 1 0 1.0
0 4.314244 -7.215623 4.577588 0.356275 0.304932 0.883224 0.078552 0.955566 1 0 1.0
0 5.046075 -7.742885 4.464419 0.356275 0.304932 0.883224 0.078552 0.955566 1 0 1.0
Default
0 14.770471 -5.495860 6.835094 -0.093362 0.364427 0.926540 0.078552 0.955566 1 0 1.0
0 15.607124 -5.368086 6.869143 -0.093362 0.364427 0.926540 0.078552 0.955566 1 0 1.0
0 14.729513 -5.116527 6.681768 -0.093362 0.364427 0.926540 0.078552 0.955566 1 0 1.0
Default
0 14.894519 -5.457807 5.847872 0.213432 -0.346205 -0.913558 0.078552 0.955566 1 0 1.0
0 14.935479 -5.837140 6.001195 0.213432 -0.346205 -0.913558 0.078552 0.955566 1 0 1.0
0 6.791522 -7.278500 4.644764 0.213432 -0.346205 -0.913558 0.078552 0.955566 1 0 1.0
Default
0 14.749588 -4.970216 6.350593 -0.135137 0.924140 -0.357357 0.078552 0.955566 1 0 1.0
0 14.813339 -5.090813 6.014615 -0.135137 0.924140 -0.357357 0.078552 0.955566 1 0 1.0
0 6.684586 -6.688823 4.956040 -0.135137 0.924140 -0.357357 0.078552 0.955566 1 0 1.0
Default
0 6.592497 -6.844157 5.158003 -0.268831 0.818827 0.507201 0.078552 0.955566 1 0 1.0
0 14.729513 -5.116527 6.681768 -0.268831 0.818827 0.507201 0.078552 0.955566 1 0 1.0
0 6.684586 -6.688823 4.956040 -0.268831 0.818827 0.507201 0.078552 0.955566 1 0 1.0
Default
0 6.561403 -7.712846 5.144834 -0.123576 -0.239320 0.963045 0.078552 0.955566 1 0 1.0
0 14.851648 -5.862857 6.668349 -0.123576 -0.239320 0.963045 0.078552 0.955566 1 0 1.0
0 6.535436 -7.278501 5.249439 -0.123576 -0.239320 0.963045 0.078552 0.955566 1 0 1.0
Default
0 14.935479 -5.837140 6.001195 0.261368 -0.888672 -0.376761 0.078552 0.955566 1 0 1.0
0 14.915404 -5.983451 6.332374 0.261368 -0.888672 -0.376761 0.078552 0.955566 1 0 1.0
0 6.734463 -7.712845 4.736202 0.261368 -0.888672 -0.376761 0.078552 0.955566 1 0 1.0
Default
0 14.813339 -5.090813 6.014615 0.050277 0.422327 -0.905048 0.078552 0.955566 1 0 1.0
0 14.894519 -5.457807 5.847872 0.050277 0.422327 -0.905048 0.078552 0.955566 1 0 1.0
0 6.765558 -6.844157 4.749370 0.050277 0.422327 -0.905048 0.078552 0.955566 1 0 1.0
Default
0 6.535436 -7.278501 5.249439 -0.231694 0.229447 0.945342 0.078552 0.955566 1 0 1.0
0 14.770471 -5.495860 6.835094 -0.231694 0.229447 0.945342 0.078552 0.955566 1 0 1.0
0 6.592497 -6.844157 5.158003 -0.231694 0.229447 0.945342 0.078552 0.955566 1 0 1.0
Default
0 14.915404 -5.983451 6.332374 0.023770 -0.939497 0.341731 0.078552 0.955566 1 0 1.0
0 15.551137 -5.959099 6.355103 0.023770 -0.939497 0.341731 0.078552 0.955566 1 0 1.0
0 14.851648 -5.862857 6.668349 0.023770 -0.939497 0.341731 0.078552 0.955566 1 0 1.0
Default
0 14.894519 -5.457807 5.847872 0.096749 -0.363982 -0.926368 0.078552 0.955566 1 0 1.0
0 15.388645 -5.368085 5.864225 0.096749 -0.363982 -0.926368 0.078552 0.955566 1 0 1.0
0 14.935479 -5.837140 6.001195 0.096749 -0.363982 -0.926368 0.078552 0.955566 1 0 1.0
Default
0 15.532478 -4.932759 6.714767 -0.216323 0.863343 0.455898 0.078552 0.955566 1 0 1.0
0 15.444633 -4.777073 6.378259 -0.216323 0.863343 0.455898 0.078552 0.955566 1 0 1.0
0 14.729513 -5.116527 6.681768 -0.216323 0.863343 0.455898 0.078552 0.955566 1 0 1.0
Default
0 14.851648 -5.862857 6.668349 -0.002776 -0.414163 0.910199 0.078552 0.955566 1 0 1.0
0 15.610931 -5.803416 6.697712 -0.002776 -0.414163 0.910199 0.078552 0.955566 1 0 1.0
0 14.770471 -5.495860 6.835094 -0.002776 -0.414163 0.910199 0.078552 0.955566 1 0 1.0
Default
0 15.384832 -4.932759 6.035658 -0.066781 0.365089 -0.928574 0.078552 0.955566 1 0 1.0
0 15.388645 -5.368085 5.864225 -0.066781 0.365089 -0.928574 0.078552 0.955566 1 0 1.0
0 14.813339 -5.090813 6.014615 -0.066781 0.365089 -0.928574 0.078552 0.955566 1 0 1.0
Default
0 18.715294 -4.400579 1.711880 -0.334070 0.932974 -0.134001 0.078552 0.955566 1 0 1.0
0 15.415645 -4.941239 6.173712 -0.334070 0.932974 -0.134001 0.078552 0.955566 1 0 1.0
0 18.947689 -4.292727 1.883420 -0.334070 0.932974 -0.134001 0.078552 0.955566 1 0 1.0
Default
0 19.257153 -5.397994 1.940280 0.726953 -0.421019 0.542478 0.078552 0.955566 1 0 1.0
0 19.415277 -4.899286 2.115434 0.726953 -0.421019 0.542478 0.078552 0.955566 1 0 1.0
0 15.580117 -5.794934 6.559656 0.726953 -0.421019 0.542478 0.078552 0.955566 1 0 1.0
Default
0 19.421742 -4.229435 1.273106 -0.322438 0.938738 -0.121673 0.078552 0.955566 1 0 1.0
0 23.869504 -3.685455 -6.316674 -0.322438 0.938738 -0.121673 0.078552 0.955566 1 0 1.0
0 19.260104 -4.298672 1.167274 -0.322438 0.938738 -0.121673 0.078552 0.955566 1 0 1.0
Default
0 19.024763 -5.505847 1.768730 0.315048 -0.935281 0.161229 0.078552 0.955566 1 0 1.0
0 19.257153 -5.397994 1.940280 0.315048 -0.935281 0.161229 0.078552 0.955566 1 0 1.0
0 15.544664 -5.887244 6.356513 0.315048 -0.935281 0.161229 0.078552 0.955566 1 0 1.0
Default
0 18.947689 -4.292727 1.883420 0.227658 0.928887 0.292131 0.078552 0.955566 1 0 1.0
0 15.451109 -4.848928 6.376853 0.227658 0.928887 0.292131 0.078552 0.955566 1 0 1.0
0 19.193783 -4.400579 2.034574 0.227658 0.928887 0.292131 0.078552 0.955566 1 0 1.0
Default
0 18.778669 -5.397994 1.617573 -0.248297 -0.932774 -0.261307 0.078552 0.955566 1 0 1.0
0 19.024763 -5.505847 1.768730 -0.248297 -0.932774 -0.261307 0.078552 0.955566 1 0 1.0
0 15.492576 -5.794932 6.156985 -0.248297 -0.932774 -0.261307 0.078552 0.955566 1 0 1.0
Default
0 18.557181 -4.899286 1.536715 -0.725027 -0.411540 -0.552242 0.078552 0.955566 1 0 1.0
0 18.778669 -5.397994 1.617573 -0.725027 -0.411540 -0.552242 0.078552 0.955566 1 0 1.0
0 15.419386 -5.368086 6.005616 -0.725027 -0.411540 -0.552242 0.078552 0.955566 1 0 1.0
Default
0 15.576384 -5.368086 6.727746 0.705101 0.341319 0.621558 0.078552 0.955566 1 0 1.0
0 19.415277 -4.899286 2.115434 0.705101 0.341319 0.621558 0.078552 0.955566 1 0 1.0
0 15.503191 -4.941239 6.576381 0.705101 0.341319 0.621558 0.078552 0.955566 1 0 1.0
Default
0 18.557181 -4.899286 1.536715 -0.764338 0.415520 -0.493083 0.078552 0.955566 1 0 1.0
0 15.419386 -5.368086 6.005616 -0.764338 0.415520 -0.493083 0.078552 0.955566 1 0 1.0
0 18.715294 -4.400579 1.711880 -0.764338 0.415520 -0.493083 0.078552 0.955566 1 0 1.0
Default
0 19.987761 -4.835799 1.526295 0.508075 0.118057 -0.853184 0.078552 0.955566 1 0 1.0
0 19.788330 -5.405386 1.328708 0.508084 0.118091 -0.853174 0.078552 0.955566 1 0 1.0
0 19.845208 -4.835799 1.441403 0.508083 0.118058 -0.853179 0.078552 0.955566 1 0 1.0
Default
0 24.038464 -4.347085 -6.268952 0.734466 -0.582465 0.348272 0.078552 0.955566 1 0 1.0
0 24.221467 -4.036300 -6.135116 0.734466 -0.582465 0.348272 0.078552 0.955566 1 0 1.0
0 19.657146 -5.372929 1.255077 0.734466 -0.582465 0.348272 0.078552 0.955566 1 0 1.0
Default
0 23.747068 -4.347086 -6.442510 -0.139992 -0.966586 -0.214740 0.078552 0.955566 1 0 1.0
0 23.894171 -4.387146 -6.358092 -0.139992 -0.966586 -0.214740 0.078552 0.955566 1 0 1.0
0 19.325468 -5.372928 1.057525 -0.139992 -0.966586 -0.214740 0.078552 0.955566 1 0 1.0
Default
0 19.260104 -4.298672 1.167274 -0.792261 0.428190 -0.434712 0.078552 0.955566 1 0 1.0
0 23.725214 -3.725517 -6.405813 -0.792261 0.428190 -0.434712 0.078552 0.955566 1 0 1.0
0 19.072051 -4.835799 0.980932 -0.792261 0.428190 -0.434712 0.078552 0.955566 1 0 1.0
Default
0 24.221467 -4.036300 -6.135116 0.673905 0.585190 0.451004 0.078552 0.955566 1 0 1.0
0 24.016613 -3.725516 -6.232268 0.673905 0.585190 0.451004 0.078552 0.955566 1 0 1.0
0 19.845208 -4.835799 1.441403 0.673905 0.585190 0.451004 0.078552 0.955566 1 0 1.0
Default
0 23.894171 -4.387146 -6.358092 0.258469 -0.965892 0.015702 0.078552 0.955566 1 0 1.0
0 24.038464 -4.347085 -6.268952 0.258469 -0.965892 0.015702 0.078552 0.955566 1 0 1.0
0 19.495518 -5.442166 1.149231 0.258469 -0.965892 0.015702 0.078552 0.955566 1 0 1.0
Default
0 23.542210 -4.036301 -6.539656 -0.668711 -0.584454 -0.459607 0.078552 0.955566 1 0 1.0
0 23.747068 -4.347086 -6.442510 -0.668711 -0.584454 -0.459607 0.078552 0.955566 1 0 1.0
0 19.072051 -4.835799 0.980932 -0.668711 -0.584454 -0.459607 0.078552 0.955566 1 0 1.0
Default
0 24.038464 -4.347085 -6.268952 0.774460 -0.572215 0.269781 0.078552 0.955566 1 0 1.0
0 24.866333 -3.957963 -7.820174 0.774460 -0.572215 0.269781 0.078552 0.955566 1 0 1.0
0 24.221467 -4.036300 -6.135116 0.749748 -0.609098 0.258609 0.078552 0.955566 1 0 1.0
Default
0 24.866333 -3.957963 -7.820174 0.741681 -0.611653 0.275300 0.078552 0.955566 1 0 1.0
0 24.960843 -3.812800 -7.752274 0.741681 -0.611653 0.275300 0.078552 0.955566 1 0 1.0
0 24.221467 -4.036300 -6.135116 0.749748 -0.609098 0.258609 0.078552 0.955566 1 0 1.0
Default
0 24.866333 -3.957963 -7.820174 0.741681 -0.611653 0.275300 0.078552 0.955566 1 0 1.0
0 25.992837 -3.592605 -9.881886 0.733355 -0.613994 0.291893 0.078552 0.955566 1 0 1.0
0 24.960843 -3.812800 -7.752274 0.741681 -0.611653 0.275300 0.078552 0.955566 1 0 1.0
Default
0 24.221467 -4.036300 -6.135116 0.701665 0.588202 0.402099 0.078552 0.955566 1 0 1.0
0 24.960843 -3.812800 -7.752274 0.701665 0.588202 0.402099 0.078552 0.955566 1 0 1.0
0 24.016613 -3.725516 -6.232268 0.701665 0.588202 0.402099 0.078552 0.955566 1 0 1.0
Default
0 5.153843 -9.737297 3.800427 0.227955 -0.130484 -0.964889 0.078552 0.955566 1 0 1.0
0 5.976307 -9.572623 3.972465 0.227955 -0.130484 -0.964889 0.078552 0.955566 1 0 1.0
0 5.275114 -10.244495 3.897667 0.227955 -0.130484 -0.964889 0.078552 0.955566 1 0 1.0
Default
0 5.779937 -8.942248 4.313527 0.053214 0.811018 -0.582595 0.078552 0.955566 1 0 1.0
0 5.857681 -9.129205 4.060369 0.053214 0.811018 -0.582595 0.078552 0.955566 1 0 1.0
0 4.982336 -9.020010 4.132423 0.053214 0.811018 -0.582595 0.078552 0.955566 1 0 1.0
Default
0 5.788613 -9.121271 4.583640 -0.269039 0.798810 0.538072 0.078552 0.955566 1 0 1.0
0 5.779937 -8.942248 4.313527 -0.269039 0.798810 0.538072 0.078552 0.955566 1 0 1.0
0 5.032570 -9.230100 4.367179 -0.269039 0.798810 0.538072 0.078552 0.955566 1 0 1.0
Default
0 5.275114 -10.244495 3.897667 0.362474 -0.654614 -0.663395 0.078552 0.955566 1 0 1.0
0 6.066324 -10.012753 4.101303 0.362474 -0.654614 -0.663395 0.078552 0.955566 1 0 1.0
0 5.325350 -10.454584 4.132423 0.362474 -0.654614 -0.663395 0.078552 0.955566 1 0 1.0
Default
0 5.878634 -9.561403 4.712478 -0.359430 0.193701 0.912847 0.078552 0.955566 1 0 1.0
0 5.788613 -9.121271 4.583640 -0.359430 0.193701 0.912847 0.078552 0.955566 1 0 1.0
0 5.153843 -9.737297 4.464419 -0.359430 0.193701 0.912847 0.078552 0.955566 1 0 1.0
Default
0 5.325350 -10.454584 4.132423 0.045185 -0.739588 0.671542 0.078552 0.955566 1 0 1.0
0 6.075004 -10.191777 4.371418 0.045185 -0.739588 0.671542 0.078552 0.955566 1 0 1.0
0 5.275117 -10.244495 4.367179 0.045185 -0.739588 0.671542 0.078552 0.955566 1 0 1.0
Default
0 5.997261 -10.004821 4.624574 -0.596878 -0.306662 0.741414 0.078552 0.955566 1 0 1.0
0 6.641633 -9.897790 5.187598 -0.596878 -0.306662 0.741414 0.078552 0.955566 1 0 1.0
0 5.878634 -9.561403 4.712478 -0.596878 -0.306662 0.741414 0.078552 0.955566 1 0 1.0
Default
0 6.985721 -9.023256 4.706605 0.476000 0.181157 -0.860585 0.078552 0.955566 1 0 1.0
0 6.960874 -9.477429 4.597257 0.476000 0.181157 -0.860585 0.078552 0.955566 1 0 1.0
0 5.857681 -9.129205 4.060369 0.476000 0.181157 -0.860585 0.078552 0.955566 1 0 1.0
Default
0 6.666479 -9.443614 5.296946 -0.596064 0.308514 0.741301 0.078552 0.955566 1 0 1.0
0 6.777553 -8.999344 5.201363 -0.596064 0.308514 0.741301 0.078552 0.955566 1 0 1.0
0 5.878634 -9.561403 4.712478 -0.596064 0.308514 0.741301 0.078552 0.955566 1 0 1.0
Default
0 5.976307 -9.572623 3.972465 0.540183 -0.132778 -0.831007 0.078552 0.955566 1 0 1.0
0 6.960874 -9.477429 4.597257 0.540183 -0.132778 -0.831007 0.078552 0.955566 1 0 1.0
0 6.066324 -10.012753 4.101303 0.540183 -0.132778 -0.831007 0.078552 0.955566 1 0 1.0
Default
0 6.777553 -8.999344 5.201363 -0.357219 0.841241 0.405843 0.078552 0.955566 1 0 1.0
0 6.909791 -8.825224 4.956838 -0.357219 0.841241 0.405843 0.078552 0.955566 1 0 1.0
0 5.788613 -9.121271 4.583640 -0.357219 0.841241 0.405843 0.078552 0.955566 1 0 1.0
Default
0 6.725416 -10.043938 4.938163 -0.021595 -0.787148 0.616385 0.078552 0.955566 1 0 1.0
0 15.081342 -9.156097 6.364721 -0.021595 -0.787148 0.616385 0.078552 0.955566 1 0 1.0
0 6.662700 -9.880380 5.144834 -0.021595 -0.787148 0.616385 0.078552 0.955566 1 0 1.0
Default
0 5.275117 -10.244495 4.367179 0.366994 -0.652780 0.662717 0.078552 0.955566 1 0 1.0
0 4.311926 -10.572391 4.577588 0.366994 -0.652780 0.662717 0.078552 0.955566 1 0 1.0
0 5.325350 -10.454584 4.132423 0.366994 -0.652780 0.662717 0.078552 0.955566 1 0 1.0
Default
0 5.275114 -10.244495 3.897667 0.031317 -0.180970 -0.982990 0.078552 0.955566 1 0 1.0
0 3.914822 -10.312218 3.866797 0.031317 -0.180970 -0.982990 0.078552 0.955566 1 0 1.0
0 5.153843 -9.737297 3.800427 0.031317 -0.180970 -0.982990 0.078552 0.955566 1 0 1.0
Default
0 4.022941 -9.059983 3.819516 0.166650 0.647403 -0.743705 0.078552 0.955566 1 0 1.0
0 4.238327 -8.755974 4.132423 0.166650 0.647403 -0.743705 0.078552 0.955566 1 0 1.0
0 5.032570 -9.230100 3.897667 0.166650 0.647403 -0.743705 0.078552 0.955566 1 0 1.0
Default
0 4.238327 -8.755974 4.132423 0.292898 0.825336 0.482733 0.078552 0.955566 1 0 1.0
0 4.539297 -9.123157 4.577588 0.292898 0.825336 0.482733 0.078552 0.955566 1 0 1.0
0 4.982336 -9.020010 4.132423 0.292898 0.825336 0.482733 0.078552 0.955566 1 0 1.0
Default
0 5.153843 -9.737297 4.464419 0.387741 -0.083287 0.917998 0.078552 0.955566 1 0 1.0
0 4.425612 -9.847774 4.761983 0.387741 -0.083287 0.917998 0.078552 0.955566 1 0 1.0
0 5.275117 -10.244495 4.367179 0.387741 -0.083287 0.917998 0.078552 0.955566 1 0 1.0
Default
0 5.325350 -10.454584 4.132423 0.206977 -0.706611 -0.676654 0.078552 0.955566 1 0 1.0
0 4.127289 -10.878141 4.208266 0.206977 -0.706611 -0.676654 0.078552 0.955566 1 0 1.0
0 5.275114 -10.244495 3.897667 0.206977 -0.706611 -0.676654 0.078552 0.955566 1 0 1.0
Default
0 3.793164 -9.610923 3.616640 0.154207 0.284148 -0.946298 0.078552 0.955566 1 0 1.0
0 4.022941 -9.059983 3.819516 0.154207 0.284148 -0.946298 0.078552 0.955566 1 0 1.0
0 5.153843 -9.737297 3.800427 0.154207 0.284148 -0.946298 0.078552 0.955566 1 0 1.0
Default
0 5.032570 -9.230100 4.367179 0.426551 0.267628 0.863962 0.078552 0.955566 1 0 1.0
0 4.539297 -9.123157 4.577588 0.426551 0.267628 0.863962 0.078552 0.955566 1 0 1.0
0 5.153843 -9.737297 4.464419 0.426551 0.267628 0.863962 0.078552 0.955566 1 0 1.0
Default
0 15.942061 -8.584853 6.912163 -0.026878 0.328949 0.943965 0.078552 0.955566 1 0 1.0
0 15.915821 -8.112122 6.746680 -0.026878 0.328949 0.943965 0.078552 0.955566 1 0 1.0
0 15.050426 -8.600742 6.892312 -0.026878 0.328949 0.943965 0.078552 0.955566 1 0 1.0
Default
0 15.050233 -8.612511 5.825026 0.173065 -0.388846 -0.904902 0.078552 0.955566 1 0 1.0
0 15.073105 -9.015332 6.002497 0.173065 -0.388846 -0.904902 0.078552 0.955566 1 0 1.0
0 6.940882 -9.475133 4.644764 0.173065 -0.388846 -0.904902 0.078552 0.955566 1 0 1.0
Default
0 15.019317 -8.057156 6.352613 -0.027358 0.923312 -0.383074 0.078552 0.955566 1 0 1.0
0 15.027419 -8.205876 5.993580 -0.027358 0.923312 -0.383074 0.078552 0.955566 1 0 1.0
0 6.901938 -8.877105 4.956040 -0.027358 0.923312 -0.383074 0.078552 0.955566 1 0 1.0
Default
0 6.792725 -9.020915 5.158003 -0.179745 0.844647 0.504246 0.078552 0.955566 1 0 1.0
0 15.027555 -8.197921 6.714837 -0.179745 0.844647 0.504246 0.078552 0.955566 1 0 1.0
0 6.901938 -8.877105 4.956040 -0.179745 0.844647 0.504246 0.078552 0.955566 1 0 1.0
Default
0 6.662700 -9.880380 5.144834 -0.157453 -0.223004 0.962018 0.078552 0.955566 1 0 1.0
0 15.073238 -9.007379 6.723756 -0.157453 -0.223004 0.962018 0.078552 0.955566 1 0 1.0
0 6.686470 -9.445910 5.249439 -0.157453 -0.223004 0.962018 0.078552 0.955566 1 0 1.0
Default
0 15.073105 -9.015332 6.002497 0.154256 -0.919746 -0.360932 0.078552 0.955566 1 0 1.0
0 15.081342 -9.156097 6.364721 0.154256 -0.919746 -0.360932 0.078552 0.955566 1 0 1.0
0 6.834629 -9.900129 4.736202 0.154256 -0.919746 -0.360932 0.078552 0.955566 1 0 1.0
Default
0 15.027419 -8.205876 5.993580 0.101560 0.385794 -0.916978 0.078552 0.955566 1 0 1.0
0 15.050233 -8.612511 5.825026 0.101560 0.385794 -0.916978 0.078552 0.955566 1 0 1.0
0 6.964654 -9.040665 4.749370 0.101560 0.385794 -0.916978 0.078552 0.955566 1 0 1.0
Default
0 6.686470 -9.445910 5.249439 -0.211150 0.255759 0.943400 0.078552 0.955566 1 0 1.0
0 15.050426 -8.600742 6.892312 -0.211150 0.255759 0.943400 0.078552 0.955566 1 0 1.0
0 6.792725 -9.020915 5.158003 -0.211150 0.255759 0.943400 0.078552 0.955566 1 0 1.0
Default
0 15.050233 -8.612511 5.825026 0.046814 -0.400507 -0.915097 0.078552 0.955566 1 0 1.0
0 15.709393 -8.558126 5.834944 0.046814 -0.400507 -0.915097 0.078552 0.955566 1 0 1.0
0 15.073105 -9.015332 6.002497 0.046814 -0.400507 -0.915097 0.078552 0.955566 1 0 1.0
Default
0 15.915821 -8.112122 6.746680 -0.101772 0.885071 0.454193 0.078552 0.955566 1 0 1.0
0 15.841315 -7.935579 6.385962 -0.101772 0.885071 0.454193 0.078552 0.955566 1 0 1.0
0 15.027555 -8.197921 6.714837 -0.101772 0.885071 0.454193 0.078552 0.955566 1 0 1.0
Default
0 15.073105 -9.015332 6.002497 -0.022974 -0.932022 -0.361672 0.078552 0.955566 1 0 1.0
0 15.735632 -9.030859 6.000423 -0.022974 -0.932022 -0.361672 0.078552 0.955566 1 0 1.0
0 15.081342 -9.156097 6.364721 -0.022974 -0.932022 -0.361672 0.078552 0.955566 1 0 1.0
Default
0 19.057917 -8.879435 1.724562 -0.339041 -0.896381 -0.285574 0.078552 0.955566 1 0 1.0
0 19.238908 -8.987142 1.847763 -0.339041 -0.896381 -0.285574 0.078552 0.955566 1 0 1.0
0 15.765840 -9.041250 6.140924 -0.339041 -0.896381 -0.285574 0.078552 0.955566 1 0 1.0
Default
0 18.930909 -8.462943 1.657269 -0.757466 -0.322687 -0.567555 0.078552 0.955566 1 0 1.0
0 19.057917 -8.879435 1.724562 -0.757466 -0.322687 -0.567555 0.078552 0.955566 1 0 1.0
0 15.739215 -8.561552 5.973003 -0.757466 -0.322687 -0.567555 0.078552 0.955566 1 0 1.0
Default
0 19.781358 -7.974861 1.305885 -0.217799 0.969278 -0.114297 0.078552 0.955566 1 0 1.0
0 24.317328 -7.854467 -6.316674 -0.217799 0.969278 -0.114297 0.078552 0.955566 1 0 1.0
0 19.637980 -8.017698 1.215823 -0.217799 0.969278 -0.114297 0.078552 0.955566 1 0 1.0
Default
0 15.912246 -8.581428 6.774101 0.757050 0.252905 0.602424 0.078552 0.955566 1 0 1.0
0 19.595588 -8.539294 2.127659 0.757050 0.252905 0.602424 0.078552 0.955566 1 0 1.0
0 15.885617 -8.101730 6.606181 0.757050 0.252905 0.602424 0.078552 0.955566 1 0 1.0
Default
0 18.930909 -8.462943 1.657269 -0.704098 0.494718 -0.509411 0.078552 0.955566 1 0 1.0
0 15.739215 -8.561552 5.973003 -0.704098 0.494718 -0.509411 0.078552 0.955566 1 0 1.0
0 19.097942 -8.080228 1.798075 -0.704098 0.494718 -0.509411 0.078552 0.955566 1 0 1.0
Default
0 19.428553 -8.922010 1.986861 0.693388 -0.495197 0.523444 0.078552 0.955566 1 0 1.0
0 19.595588 -8.539294 2.127659 0.693388 -0.495197 0.523444 0.078552 0.955566 1 0 1.0
0 15.862320 -9.052334 6.587629 0.693388 -0.495197 0.523444 0.078552 0.955566 1 0 1.0
Default
0 19.238908 -8.987142 1.847763 0.228878 -0.963467 0.139094 0.078552 0.955566 1 0 1.0
0 19.428553 -8.922010 1.986861 0.228878 -0.963467 0.139094 0.078552 0.955566 1 0 1.0
0 15.811560 -9.149582 6.362271 0.228878 -0.963467 0.139094 0.078552 0.955566 1 0 1.0
Default
0 19.287591 -8.015096 1.937165 0.351395 0.897045 0.268014 0.078552 0.955566 1 0 1.0
0 15.839899 -7.993399 6.384835 0.351395 0.897045 0.268014 0.078552 0.955566 1 0 1.0
0 19.468580 -8.122803 2.060364 0.351395 0.897045 0.268014 0.078552 0.955566 1 0 1.0
Default
0 19.097942 -8.080228 1.798075 -0.213739 0.963724 -0.159852 0.078552 0.955566 1 0 1.0
0 15.789130 -8.090647 6.159479 -0.213739 0.963724 -0.159852 0.078552 0.955566 1 0 1.0
0 19.287591 -8.015096 1.937165 -0.213739 0.963724 -0.159852 0.078552 0.955566 1 0 1.0
Default
0 20.200995 -8.542463 1.521345 0.518244 0.059301 -0.853175 0.078552 0.955566 1 0 1.0
0 19.977078 -9.004640 1.353201 0.518251 0.059326 -0.853168 0.078552 0.955566 1 0 1.0
0 20.080480 -8.528620 1.449103 0.518245 0.059301 -0.853174 0.078552 0.955566 1 0 1.0
Default
0 24.458903 -7.911054 -6.232268 0.271292 0.945710 0.178977 0.078552 0.955566 1 0 1.0
0 24.317328 -7.854467 -6.316674 0.271292 0.945710 0.178977 0.078552 0.955566 1 0 1.0
0 19.918399 -8.049910 1.383919 0.271292 0.945710 0.178977 0.078552 0.955566 1 0 1.0
Default
0 24.409681 -8.531055 -6.268952 0.658084 -0.662792 0.357257 0.078552 0.955566 1 0 1.0
0 24.626955 -8.243185 -6.135116 0.658084 -0.662792 0.357257 0.078552 0.955566 1 0 1.0
0 19.869326 -8.964460 1.290542 0.658084 -0.662792 0.357257 0.078552 0.955566 1 0 1.0
Default
0 24.120187 -8.497803 -6.442510 -0.254401 -0.944765 -0.206639 0.078552 0.955566 1 0 1.0
0 24.261759 -8.554388 -6.358092 -0.254401 -0.944765 -0.206639 0.078552 0.955566 1 0 1.0
0 19.588915 -8.932249 1.122428 -0.254401 -0.944765 -0.206639 0.078552 0.955566 1 0 1.0
Default
0 19.637980 -8.017698 1.215823 -0.740629 0.515571 -0.430876 0.078552 0.955566 1 0 1.0
0 24.169409 -7.877801 -6.405813 -0.740629 0.515571 -0.430876 0.078552 0.955566 1 0 1.0
0 19.426834 -8.453537 1.057249 -0.740629 0.515571 -0.430876 0.078552 0.955566 1 0 1.0
Default
0 24.626955 -8.243185 -6.135116 0.732111 0.504362 0.457857 0.078552 0.955566 1 0 1.0
0 24.458903 -7.911054 -6.232268 0.732111 0.504362 0.457857 0.078552 0.955566 1 0 1.0
0 20.080480 -8.528620 1.449103 0.732111 0.504362 0.457857 0.078552 0.955566 1 0 1.0
Default
0 24.261759 -8.554388 -6.358092 0.140898 -0.989702 0.025248 0.078552 0.955566 1 0 1.0
0 24.409681 -8.531055 -6.268952 0.140898 -0.989702 0.025248 0.078552 0.955566 1 0 1.0
0 19.725956 -9.007298 1.200469 0.140898 -0.989702 0.025248 0.078552 0.955566 1 0 1.0
Default
0 23.952135 -8.165670 -6.539656 -0.733300 -0.504387 -0.455922 0.078552 0.955566 1 0 1.0
0 24.120187 -8.497803 -6.442510 -0.733300 -0.504387 -0.455922 0.078552 0.955566 1 0 1.0
0 19.426834 -8.453537 1.057249 -0.733300 -0.504387 -0.455922 0.078552 0.955566 1 0 1.0
Default
0 24.626955 -8.243185 -6.135116 0.764204 0.504291 0.402099 0.078552 0.955566 1 0 1.0
0 25.387007 -8.105521 -7.752274 0.764204 0.504291 0.402099 0.078552 0.955566 1 0 1.0
0 24.458903 -7.911054 -6.232268 0.764204 0.504291 0.402099 0.078552 0.955566 1 0 1.0
Default
0 4.333440 -12.937683 3.800427 0.165690 -0.203805 -0.964889 0.078552 0.955566 1 0 1.0
0 5.160036 -13.080168 3.972465 0.165690 -0.203805 -0.964889 0.078552 0.955566 1 0 1.0
0 4.263970 -13.454530 3.897667 0.165690 -0.203805 -0.964889 0.078552 0.955566 1 0 1.0
Default
0 5.203793 -12.421367 4.313527 0.341640 0.737471 -0.582596 0.078552 0.955566 1 0 1.0
0 5.209011 -12.623777 4.060369 0.341640 0.737471 -0.582596 0.078552 0.955566 1 0 1.0
0 4.431682 -12.206750 4.132423 0.341640 0.737471 -0.582596 0.078552 0.955566 1 0 1.0
Default
0 5.147431 -12.591508 4.583640 0.036602 0.842104 0.538072 0.078552 0.955566 1 0 1.0
0 5.203793 -12.421367 4.313527 0.036602 0.842104 0.538072 0.078552 0.955566 1 0 1.0
0 4.402907 -12.420837 4.367179 0.036602 0.842104 0.538072 0.078552 0.955566 1 0 1.0
Default
0 4.263970 -13.454530 3.897667 0.102483 -0.741218 -0.663395 0.078552 0.955566 1 0 1.0
0 5.085555 -13.523191 4.101303 0.102483 -0.741218 -0.663395 0.078552 0.955566 1 0 1.0
0 4.235197 -13.668617 4.132423 0.102483 -0.741218 -0.663395 0.078552 0.955566 1 0 1.0
Default
0 5.072953 -13.034535 4.712478 -0.265587 0.310117 0.912848 0.078552 0.955566 1 0 1.0
0 5.147431 -12.591508 4.583640 -0.265587 0.310117 0.912848 0.078552 0.955566 1 0 1.0
0 4.333439 -12.937684 4.464419 -0.265587 0.310117 0.912848 0.078552 0.955566 1 0 1.0
Default
0 5.023978 -13.490927 4.624574 -0.667259 -0.071199 0.741415 0.078552 0.955566 1 0 1.0
0 5.663674 -13.623069 5.187598 -0.667259 -0.071199 0.741415 0.078552 0.955566 1 0 1.0
0 5.072953 -13.034535 4.712478 -0.667259 -0.071199 0.741415 0.078552 0.955566 1 0 1.0
Default
0 6.299549 -12.931066 4.706605 0.509302 -0.002368 -0.860585 0.078552 0.955566 1 0 1.0
0 6.112851 -13.345837 4.597257 0.509302 -0.002368 -0.860585 0.078552 0.955566 1 0 1.0
0 5.209011 -12.623777 4.060369 0.509302 -0.002368 -0.860585 0.078552 0.955566 1 0 1.0
Default
0 5.850372 -13.208297 5.296946 -0.445016 0.502428 0.741301 0.078552 0.955566 1 0 1.0
0 6.113951 -12.833810 5.201363 -0.445016 0.502428 0.741301 0.078552 0.955566 1 0 1.0
0 5.072953 -13.034535 4.712478 -0.445016 0.502428 0.741301 0.078552 0.955566 1 0 1.0
Default
0 5.160036 -13.080168 3.972465 0.456152 -0.318359 -0.831007 0.078552 0.955566 1 0 1.0
0 6.112851 -13.345837 4.597257 0.456152 -0.318359 -0.831007 0.078552 0.955566 1 0 1.0
0 5.085555 -13.523191 4.101303 0.456152 -0.318359 -0.831007 0.078552 0.955566 1 0 1.0
Default
0 6.113951 -12.833810 5.201363 -0.030388 0.913438 0.405843 0.078552 0.955566 1 0 1.0
0 6.300010 -12.718977 4.956838 -0.030388 0.913438 0.405843 0.078552 0.955566 1 0 1.0
0 5.147431 -12.591508 4.583640 -0.030388 0.913438 0.405843 0.078552 0.955566 1 0 1.0
Default
0 4.263970 -13.454530 3.897667 -0.200405 -0.155063 -0.967364 0.078552 0.955566 1 0 1.0
0 2.766721 -12.477549 4.051241 -0.200405 -0.155063 -0.967364 0.078552 0.955566 1 0 1.0
0 4.333440 -12.937683 3.800427 -0.200405 -0.155063 -0.967364 0.078552 0.955566 1 0 1.0
Default
0 3.021610 -11.189417 3.970342 0.467495 0.564541 -0.680251 0.078552 0.955566 1 0 1.0
0 3.526343 -11.208073 4.301732 0.467495 0.564541 -0.680251 0.078552 0.955566 1 0 1.0
0 4.402907 -12.420837 3.897667 0.467495 0.564541 -0.680251 0.078552 0.955566 1 0 1.0
Default
0 3.526343 -11.208073 4.301732 0.729302 0.607919 0.313931 0.078552 0.955566 1 0 1.0
0 3.695108 -11.640420 4.746897 0.729302 0.607919 0.313931 0.078552 0.955566 1 0 1.0
0 4.431682 -12.206750 4.132423 0.729302 0.607919 0.313931 0.078552 0.955566 1 0 1.0
Default
0 3.373250 -12.227956 4.931290 0.164977 -0.376481 0.911617 0.078552 0.955566 1 0 1.0
0 3.051390 -12.815490 4.746897 0.164977 -0.376481 0.911617 0.078552 0.955566 1 0 1.0
0 4.333439 -12.937684 4.464419 0.164977 -0.376481 0.911617 0.078552 0.955566 1 0 1.0
Default
0 4.235197 -13.668617 4.132423 -0.388950 -0.656473 -0.646344 0.078552 0.955566 1 0 1.0
0 2.776331 -13.046414 4.378371 -0.388950 -0.656473 -0.646344 0.078552 0.955566 1 0 1.0
0 4.263970 -13.454530 3.897667 -0.388950 -0.656473 -0.646344 0.078552 0.955566 1 0 1.0
Default
0 4.333440 -12.937683 3.800427 0.138673 0.165078 -0.976483 0.078552 0.955566 1 0 1.0
0 2.858737 -11.784507 3.785949 0.138673 0.165078 -0.976483 0.078552 0.955566 1 0 1.0
0 4.402907 -12.420837 3.897667 0.138673 0.165078 -0.976483 0.078552 0.955566 1 0 1.0
Default
0 3.695108 -11.640420 4.746897 0.482020 0.010898 0.876092 0.078552 0.955566 1 0 1.0
0 3.373250 -12.227956 4.931290 0.482020 0.010898 0.876092 0.078552 0.955566 1 0 1.0
0 4.402907 -12.420837 4.367179 0.482020 0.010898 0.876092 0.078552 0.955566 1 0 1.0
Default
0 14.848574 -15.596598 6.875166 -0.003874 0.337597 0.941283 0.078552 0.955566 1 0 1.0
0 14.945505 -15.152778 6.716387 -0.003874 0.337597 0.941283 0.078552 0.955566 1 0 1.0
0 14.112308 -15.228099 6.739971 -0.003874 0.337597 0.941283 0.078552 0.955566 1 0 1.0
Default
0 14.063386 -15.523766 5.846695 -0.071734 -0.668235 -0.740484 0.078552 0.955566 1 0 1.0
0 13.964934 -15.798437 6.104104 -0.071734 -0.668235 -0.740484 0.078552 0.955566 1 0 1.0
0 6.095027 -13.336496 4.644764 -0.071734 -0.668235 -0.740484 0.078552 0.955566 1 0 1.0
Default
0 6.120338 -12.859398 5.158003 0.137848 0.852030 0.505018 0.078552 0.955566 1 0 1.0
0 14.210760 -14.953428 6.482560 0.137848 0.852030 0.505018 0.078552 0.955566 1 0 1.0
0 6.274005 -12.764552 4.956040 0.137848 0.852030 0.505018 0.078552 0.955566 1 0 1.0
Default
0 5.689595 -13.614412 5.144834 -0.218400 -0.155669 0.963363 0.078552 0.955566 1 0 1.0
0 13.997994 -15.598629 6.707770 -0.218400 -0.155669 0.963363 0.078552 0.955566 1 0 1.0
0 5.868196 -13.217637 5.249439 -0.218400 -0.155669 0.963363 0.078552 0.955566 1 0 1.0
Default
0 13.964934 -15.798437 6.104104 -0.240985 -0.968737 -0.058949 0.078552 0.955566 1 0 1.0
0 13.943421 -15.813903 6.446208 -0.240985 -0.968737 -0.058949 0.078552 0.955566 1 0 1.0
0 5.842885 -13.694737 4.736202 -0.240985 -0.968737 -0.058949 0.078552 0.955566 1 0 1.0
Default
0 6.273627 -12.939723 4.749370 0.185389 0.171640 -0.967559 0.078552 0.955566 1 0 1.0
0 14.061399 -15.111295 5.856324 0.185389 0.171640 -0.967559 0.078552 0.955566 1 0 1.0
0 6.095027 -13.336496 4.644764 0.185389 0.171640 -0.967559 0.078552 0.955566 1 0 1.0
Default
0 5.868196 -13.217637 5.249439 -0.095750 0.308912 0.946258 0.078552 0.955566 1 0 1.0
0 14.112308 -15.228099 6.739971 -0.095750 0.308912 0.946258 0.078552 0.955566 1 0 1.0
0 6.120338 -12.859398 5.158003 -0.095750 0.308912 0.946258 0.078552 0.955566 1 0 1.0
Default
0 14.566998 -16.138390 6.346465 -0.366024 -0.831721 0.417452 0.078552 0.955566 1 0 1.0
0 14.684112 -16.013065 6.698844 -0.366024 -0.831721 0.417452 0.078552 0.955566 1 0 1.0
0 13.943421 -15.813903 6.446208 -0.366024 -0.831721 0.417452 0.078552 0.955566 1 0 1.0
Default
0 14.640299 -15.512237 5.841583 -0.001620 -0.336529 -0.941672 0.078552 0.955566 1 0 1.0
0 14.543369 -15.956056 6.000359 -0.001620 -0.336529 -0.941672 0.078552 0.955566 1 0 1.0
0 14.063386 -15.523766 5.846695 -0.001620 -0.336529 -0.941672 0.078552 0.955566 1 0 1.0
Default
0 14.921875 -14.970444 6.370281 0.169400 0.909445 -0.379754 0.078552 0.955566 1 0 1.0
0 14.804753 -15.095769 6.017905 0.169400 0.909445 -0.379754 0.078552 0.955566 1 0 1.0
0 14.232273 -14.937961 6.140457 0.169400 0.909445 -0.379754 0.078552 0.955566 1 0 1.0
Default
0 14.945505 -15.152778 6.716387 0.093619 0.883471 0.459035 0.078552 0.955566 1 0 1.0
0 14.921875 -14.970444 6.370281 0.093619 0.883471 0.459035 0.078552 0.955566 1 0 1.0
0 14.210760 -14.953428 6.482560 0.093619 0.883471 0.459035 0.078552 0.955566 1 0 1.0
Default
0 14.684112 -16.013065 6.698844 -0.182107 -0.321501 0.929233 0.078552 0.955566 1 0 1.0
0 14.848574 -15.596598 6.875166 -0.182107 -0.321501 0.929233 0.078552 0.955566 1 0 1.0
0 13.997994 -15.598629 6.707770 -0.182107 -0.321501 0.929233 0.078552 0.955566 1 0 1.0
Default
0 14.543369 -15.956056 6.000359 -0.308224 -0.850178 -0.426843 0.078552 0.955566 1 0 1.0
0 14.566998 -16.138390 6.346465 -0.308224 -0.850178 -0.426843 0.078552 0.955566 1 0 1.0
0 13.964934 -15.798437 6.104104 -0.308224 -0.850178 -0.426843 0.078552 0.955566 1 0 1.0
Default
0 14.804753 -15.095769 6.017905 0.195217 0.315999 -0.928458 0.078552 0.955566 1 0 1.0
0 14.640299 -15.512237 5.841583 0.195217 0.315999 -0.928458 0.078552 0.955566 1 0 1.0
0 14.061399 -15.111295 5.856324 0.195217 0.315999 -0.928458 0.078552 0.955566 1 0 1.0
Default
0 18.084050 -16.146200 1.774229 0.044869 0.979586 -0.195953 0.078552 0.955566 1 0 1.0
0 14.830110 -15.119524 6.161605 0.044869 0.979586 -0.195953 0.078552 0.955566 1 0 1.0
0 18.221130 -16.133216 1.870523 0.044869 0.979586 -0.195953 0.078552 0.955566 1 0 1.0
Default
0 18.164924 -16.763397 1.905584 0.554618 -0.645072 0.525625 0.078552 0.955566 1 0 1.0
0 18.339499 -16.534056 2.002837 0.554618 -0.645072 0.525625 0.078552 0.955566 1 0 1.0
0 14.658755 -15.989309 6.555145 0.554618 -0.645072 0.525625 0.078552 0.955566 1 0 1.0
Default
0 18.604930 -16.222508 1.366955 0.009960 0.994610 -0.103208 0.078552 0.955566 1 0 1.0
0 23.173294 -17.065569 -6.316675 0.009960 0.994610 -0.103208 0.078552 0.955566 1 0 1.0
0 18.504251 -16.227796 1.306276 0.009960 0.994610 -0.103208 0.078552 0.955566 1 0 1.0
Default
0 18.027848 -16.776383 1.809285 -0.010128 -0.988969 0.147776 0.078552 0.955566 1 0 1.0
0 18.164924 -16.763397 1.905584 -0.010128 -0.988969 0.147776 0.078552 0.955566 1 0 1.0
0 14.589912 -16.062981 6.348004 -0.010128 -0.988969 0.147776 0.078552 0.955566 1 0 1.0
Default
0 18.221130 -16.133216 1.870523 0.575988 0.782583 0.236222 0.078552 0.955566 1 0 1.0
0 14.898961 -15.045855 6.368744 0.575988 0.782583 0.236222 0.078552 0.955566 1 0 1.0
0 18.323839 -16.234592 1.955933 0.575988 0.782583 0.236222 0.078552 0.955566 1 0 1.0
Default
0 17.925140 -16.675006 1.723874 -0.543839 -0.789848 -0.283513 0.078552 0.955566 1 0 1.0
0 18.027848 -16.776383 1.809285 -0.543839 -0.789848 -0.283513 0.078552 0.955566 1 0 1.0
0 14.576023 -15.955799 6.144550 -0.543839 -0.789848 -0.283513 0.078552 0.955566 1 0 1.0
Default
0 17.909482 -16.375540 1.676970 -0.804943 -0.132668 -0.578330 0.078552 0.955566 1 0 1.0
0 17.925140 -16.675006 1.723874 -0.804943 -0.132668 -0.578330 0.078552 0.955566 1 0 1.0
0 14.670250 -15.524369 5.990202 -0.804943 -0.132668 -0.578330 0.078552 0.955566 1 0 1.0
Default
0 14.818628 -15.584468 6.726542 0.804731 0.036228 0.592533 0.078552 0.955566 1 0 1.0
0 18.339499 -16.534056 2.002837 0.804731 0.036228 0.592533 0.078552 0.955566 1 0 1.0
0 14.912850 -15.153036 6.572198 0.804731 0.036228 0.592533 0.078552 0.955566 1 0 1.0
Default
0 17.909482 -16.375540 1.676970 -0.545901 0.643216 -0.536903 0.078552 0.955566 1 0 1.0
0 14.670250 -15.524369 5.990202 -0.545901 0.643216 -0.536903 0.078552 0.955566 1 0 1.0
0 18.084050 -16.146200 1.774229 -0.545901 0.643216 -0.536903 0.078552 0.955566 1 0 1.0
Default
0 18.789591 -16.660779 1.512120 0.517631 -0.064480 -0.853171 0.078552 0.955566 1 0 1.0
0 18.569607 -16.927854 1.398834 0.517640 -0.064445 -0.853168 0.078552 0.955566 1 0 1.0
0 18.712880 -16.632582 1.463447 0.517628 -0.064478 -0.853173 0.078552 0.955566 1 0 1.0
Default
0 23.297552 -17.153922 -6.232269 0.478570 0.856738 0.192277 0.078552 0.955566 1 0 1.0
0 23.173294 -17.065569 -6.316675 0.478570 0.856738 0.192277 0.078552 0.955566 1 0 1.0
0 18.682749 -16.293405 1.419530 0.478570 0.856738 0.192277 0.078552 0.955566 1 0 1.0
Default
0 18.505431 -16.884439 1.356618 0.595539 -0.675171 0.435291 0.078552 0.955566 1 0 1.0
0 23.103626 -17.744868 -6.268952 0.595539 -0.675171 0.435291 0.078552 0.955566 1 0 1.0
0 18.712880 -16.632582 1.463447 0.595539 -0.675171 0.435291 0.078552 0.955566 1 0 1.0
Default
0 22.830122 -17.644340 -6.442510 -0.480278 -0.856421 -0.189412 0.078552 0.955566 1 0 1.0
0 22.954375 -17.732691 -6.358093 -0.480278 -0.856421 -0.189412 0.078552 0.955566 1 0 1.0
0 18.326938 -16.818833 1.243352 -0.480278 -0.856421 -0.189412 0.078552 0.955566 1 0 1.0
Default
0 18.504251 -16.227796 1.306276 -0.601858 0.676058 -0.425102 0.078552 0.955566 1 0 1.0
0 23.024044 -17.053392 -6.405815 -0.601858 0.676058 -0.425102 0.078552 0.955566 1 0 1.0
0 18.296807 -16.479653 1.199438 -0.601858 0.676058 -0.425102 0.078552 0.955566 1 0 1.0
Default
0 23.382614 -17.516298 -6.135117 0.823549 0.319055 0.469010 0.078552 0.955566 1 0 1.0
0 23.297552 -17.153922 -6.232269 0.823549 0.319055 0.469010 0.078552 0.955566 1 0 1.0
0 18.712880 -16.632582 1.463447 0.823549 0.319055 0.469010 0.078552 0.955566 1 0 1.0
Default
0 18.404756 -16.889728 1.295931 -0.010141 -0.994577 0.103508 0.078552 0.955566 1 0 1.0
0 22.954375 -17.732691 -6.358093 -0.010141 -0.994577 0.103508 0.078552 0.955566 1 0 1.0
0 18.505431 -16.884439 1.356618 -0.010141 -0.994577 0.103508 0.078552 0.955566 1 0 1.0
Default
0 22.745055 -17.281962 -6.539656 -0.836258 -0.316370 -0.447864 0.078552 0.955566 1 0 1.0
0 22.830122 -17.644340 -6.442510 -0.836258 -0.316370 -0.447864 0.078552 0.955566 1 0 1.0
0 18.296807 -16.479653 1.199438 -0.836258 -0.316370 -0.447864 0.078552 0.955566 1 0 1.0
Default
0 23.103626 -17.744868 -6.268952 0.529502 -0.804267 0.269782 0.078552 0.955566 1 0 1.0
0 24.014916 -17.665245 -7.820174 0.529502 -0.804267 0.269782 0.078552 0.955566 1 0 1.0
0 23.382614 -17.516298 -6.135117 0.493585 -0.830358 0.258610 0.078552 0.955566 1 0 1.0
Default
0 24.014916 -17.665245 -7.820174 0.485132 -0.829974 0.275300 0.078552 0.955566 1 0 1.0
0 24.153704 -17.561599 -7.752275 0.485132 -0.829974 0.275300 0.078552 0.955566 1 0 1.0
0 23.382614 -17.516298 -6.135117 0.493585 -0.830358 0.258610 0.078552 0.955566 1 0 1.0
Default
0 24.014916 -17.665245 -7.820174 0.485132 -0.829974 0.275300 0.078552 0.955566 1 0 1.0
0 25.198302 -17.710950 -9.881886 0.476510 -0.829299 0.291893 0.078552 0.955566 1 0 1.0
0 24.153704 -17.561599 -7.752275 0.485132 -0.829974 0.275300 0.078552 0.955566 1 0 1.0
Default
0 23.382614 -17.516298 -6.135117 0.861510 0.310028 0.402099 0.078552 0.955566 1 0 1.0
0 24.153704 -17.561599 -7.752275 0.861510 0.310028 0.402099 0.078552 0.955566 1 0 1.0
0 23.297552 -17.153922 -6.232269 0.861510 0.310028 0.402099 0.078552 0.955566 1 0 1.0
Default
0 2.106470 -14.128001 3.800429 0.115961 -0.235670 -0.964890 0.078552 0.955566 1 0 1.0
0 2.880332 -14.451582 3.972465 0.115961 -0.235670 -0.964890 0.078552 0.955566 1 0 1.0
0 1.923272 -14.616259 3.897667 0.115961 -0.235670 -0.964890 0.078552 0.955566 1 0 1.0
Default
0 2.365552 -13.437501 4.132423 -0.220249 -0.719216 -0.658953 0.078552 0.955566 1 0 1.0
0 3.070186 -13.819215 4.313527 -0.220249 -0.719216 -0.658953 0.078552 0.955566 1 0 1.0
0 2.289667 -13.639746 4.378527 -0.220249 -0.719216 -0.658953 0.078552 0.955566 1 0 1.0
Default
0 2.977235 -13.972461 4.583640 0.223840 0.812635 0.538071 0.078552 0.955566 1 0 1.0
0 3.070186 -13.819215 4.313527 0.223840 0.812635 0.538071 0.078552 0.955566 1 0 1.0
0 2.289667 -13.639746 4.367179 0.223840 0.812635 0.538071 0.078552 0.955566 1 0 1.0
Default
0 1.923272 -14.616259 3.897667 -0.065728 -0.745377 -0.663395 0.078552 0.955566 1 0 1.0
0 2.708742 -14.866763 4.101305 -0.065728 -0.745377 -0.663395 0.078552 0.955566 1 0 1.0
0 1.847388 -14.818503 4.132423 -0.065728 -0.745377 -0.663395 0.078552 0.955566 1 0 1.0
Default
0 2.289667 -13.639746 4.378527 0.096734 0.745071 -0.659933 0.078552 0.955566 1 0 1.0
0 3.030045 -14.017673 4.060369 0.096734 0.745071 -0.659933 0.078552 0.955566 1 0 1.0
0 2.106470 -14.128001 3.800429 0.096734 0.745071 -0.659933 0.078552 0.955566 1 0 1.0
Default
0 2.805646 -14.387645 4.712480 -0.189578 0.361625 0.912846 0.078552 0.955566 1 0 1.0
0 2.977235 -13.972461 4.583640 -0.189578 0.361625 0.912846 0.078552 0.955566 1 0 1.0
0 2.106470 -14.128002 4.464419 -0.189578 0.361625 0.912846 0.078552 0.955566 1 0 1.0
Default
0 1.847388 -14.818503 4.132423 -0.376265 -0.638321 0.671544 0.078552 0.955566 1 0 1.0
0 2.615791 -15.020012 4.371418 -0.376265 -0.638321 0.671544 0.078552 0.955566 1 0 1.0
0 1.923274 -14.616260 4.367179 -0.376265 -0.638321 0.671544 0.078552 0.955566 1 0 1.0
Default
0 2.655932 -14.821554 4.624575 -0.666297 0.079694 0.741415 0.078552 0.955566 1 0 1.0
0 3.249927 -15.093292 5.187598 -0.666297 0.079694 0.741415 0.078552 0.955566 1 0 1.0
0 2.805646 -14.387645 4.712480 -0.666297 0.079694 0.741415 0.078552 0.955566 1 0 1.0
Default
0 4.024348 -14.560868 4.706607 0.495899 -0.116104 -0.860583 0.078552 0.955566 1 0 1.0
0 3.749694 -14.923435 4.597257 0.495899 -0.116104 -0.860583 0.078552 0.955566 1 0 1.0
0 3.030045 -14.017673 4.060369 0.495899 -0.116104 -0.860583 0.078552 0.955566 1 0 1.0
Default
0 3.524583 -14.730723 5.296948 -0.321498 0.589164 0.741300 0.078552 0.955566 1 0 1.0
0 3.865173 -14.424600 5.201363 -0.321498 0.589164 0.741300 0.078552 0.955566 1 0 1.0
0 2.805646 -14.387645 4.712480 -0.321498 0.589164 0.741300 0.078552 0.955566 1 0 1.0
Default
0 2.880332 -14.451582 3.972465 0.373482 -0.412237 -0.831006 0.078552 0.955566 1 0 1.0
0 3.749694 -14.923435 4.597257 0.373482 -0.412237 -0.831006 0.078552 0.955566 1 0 1.0
0 2.708742 -14.866763 4.101305 0.373482 -0.412237 -0.831006 0.078552 0.955566 1 0 1.0
Default
0 3.865173 -14.424600 5.201363 0.174482 0.897132 0.405845 0.078552 0.955566 1 0 1.0
0 4.072188 -14.354244 4.956838 0.174482 0.897132 0.405845 0.078552 0.955566 1 0 1.0
0 2.977235 -13.972461 4.583640 0.174482 0.897132 0.405845 0.078552 0.955566 1 0 1.0
Default
0 3.237620 -15.261302 4.938163 -0.442134 -0.648309 0.619849 0.078552 0.955566 1 0 1.0
0 10.858941 -19.064202 6.396894 -0.442134 -0.648309 0.619849 0.078552 0.955566 1 0 1.0
0 3.277127 -15.090647 5.144834 -0.442134 -0.648309 0.619849 0.078552 0.955566 1 0 1.0
Default
0 1.923274 -14.616260 4.367179 -0.120843 -0.732419 0.670044 0.078552 0.955566 1 0 1.0
0 1.041023 -14.019214 4.860689 -0.120843 -0.732419 0.670044 0.078552 0.955566 1 0 1.0
0 1.847388 -14.818503 4.132423 -0.120843 -0.732419 0.670044 0.078552 0.955566 1 0 1.0
Default
0 1.923272 -14.616259 3.897667 -0.352804 -0.053665 -0.934157 0.078552 0.955566 1 0 1.0
0 0.957895 -13.564362 4.201833 -0.352804 -0.053665 -0.934157 0.078552 0.955566 1 0 1.0
0 2.106470 -14.128001 3.800429 -0.352804 -0.053665 -0.934157 0.078552 0.955566 1 0 1.0
Default
0 1.599261 -12.887113 3.974901 0.671083 0.239285 -0.701705 0.078552 0.955566 1 0 1.0
0 2.037838 -13.145314 4.306292 0.671083 0.239285 -0.701705 0.078552 0.955566 1 0 1.0
0 2.289667 -13.639746 4.378527 0.671083 0.239285 -0.701705 0.078552 0.955566 1 0 1.0
Default
0 2.365552 -13.437501 4.132423 0.689393 0.423500 0.587695 0.078552 0.955566 1 0 1.0
0 2.037838 -13.145314 4.306292 0.689393 0.423500 0.587695 0.078552 0.955566 1 0 1.0
0 2.289667 -13.639746 4.367179 0.689393 0.423500 0.587695 0.078552 0.955566 1 0 1.0
Default
0 2.106470 -14.128001 3.800429 0.507137 0.572507 -0.644242 0.078552 0.955566 1 0 1.0
0 1.247332 -13.253190 3.901531 0.507137 0.572507 -0.644242 0.078552 0.955566 1 0 1.0
0 2.289667 -13.639746 4.378527 0.507137 0.572507 -0.644242 0.078552 0.955566 1 0 1.0
Default
0 2.289667 -13.639746 4.367179 0.798892 -0.185822 0.572050 0.078552 0.955566 1 0 1.0
0 2.035330 -13.550209 4.751457 0.798892 -0.185822 0.572050 0.078552 0.955566 1 0 1.0
0 2.106470 -14.128002 4.464419 0.798892 -0.185822 0.572050 0.078552 0.955566 1 0 1.0
Default
0 11.743903 -19.054396 6.785359 0.012308 0.355332 0.934659 0.078552 0.955566 1 0 1.0
0 11.905801 -18.710837 6.652615 0.012308 0.355332 0.934659 0.078552 0.955566 1 0 1.0
0 11.120859 -18.546353 6.600420 0.012308 0.355332 0.934659 0.078552 0.955566 1 0 1.0
Default
0 4.036658 -14.392856 4.956042 0.447302 0.645792 -0.618768 0.078552 0.955566 1 0 1.0
0 11.311699 -18.398126 6.034911 0.447302 0.645792 -0.618768 0.078552 0.955566 1 0 1.0
0 3.997149 -14.563515 4.749370 0.447302 0.645792 -0.618768 0.078552 0.955566 1 0 1.0
Default
0 3.277127 -15.090647 5.144834 -0.238452 -0.110361 0.964863 0.078552 0.955566 1 0 1.0
0 10.942589 -18.851578 6.609069 -0.238452 -0.110361 0.964863 0.078552 0.955566 1 0 1.0
0 3.539870 -14.743810 5.249439 -0.238452 -0.110361 0.964863 0.078552 0.955566 1 0 1.0
Default
0 10.894554 -19.101360 6.089368 -0.468649 -0.881836 0.052282 0.078552 0.955566 1 0 1.0
0 10.858941 -19.064202 6.396894 -0.468649 -0.881836 0.052282 0.078552 0.955566 1 0 1.0
0 3.408594 -15.203191 4.736202 -0.468649 -0.881836 0.052282 0.078552 0.955566 1 0 1.0
Default
0 11.228045 -18.610743 5.822739 0.099053 -0.085948 -0.991363 0.078552 0.955566 1 0 1.0
0 11.049780 -18.915970 5.831390 0.099053 -0.085948 -0.991363 0.078552 0.955566 1 0 1.0
0 3.997149 -14.563515 4.749370 0.099053 -0.085948 -0.991363 0.078552 0.955566 1 0 1.0
Default
0 3.539870 -14.743810 5.249439 -0.013168 0.311340 0.950207 0.078552 0.955566 1 0 1.0
0 11.120859 -18.546353 6.600420 -0.013168 0.311340 0.950207 0.078552 0.955566 1 0 1.0
0 3.865683 -14.450968 5.158003 -0.013168 0.311340 0.950207 0.078552 0.955566 1 0 1.0
Default
0 11.413238 -19.443303 6.343345 -0.488455 -0.771714 0.407271 0.078552 0.955566 1 0 1.0
0 11.532087 -19.363051 6.637949 -0.488455 -0.771714 0.407271 0.078552 0.955566 1 0 1.0
0 10.858941 -19.064202 6.396894 -0.488455 -0.771714 0.407271 0.078552 0.955566 1 0 1.0
Default
0 11.589943 -18.946743 5.921248 0.127025 -0.409004 -0.903648 0.078552 0.955566 1 0 1.0
0 11.428044 -19.290306 6.053991 0.127025 -0.409004 -0.903648 0.078552 0.955566 1 0 1.0
0 11.049780 -18.915970 5.831390 0.127025 -0.409004 -0.903648 0.078552 0.955566 1 0 1.0
Default
0 11.920608 -18.557839 6.363257 0.425975 0.814563 -0.393741 0.078552 0.955566 1 0 1.0
0 11.801754 -18.638087 6.068659 0.425975 0.814563 -0.393741 0.078552 0.955566 1 0 1.0
0 11.311699 -18.398126 6.034911 0.425975 0.814563 -0.393741 0.078552 0.955566 1 0 1.0
Default
0 11.905801 -18.710837 6.652615 0.245238 0.851793 0.462933 0.078552 0.955566 1 0 1.0
0 11.920608 -18.557839 6.363257 0.245238 0.851793 0.462933 0.078552 0.955566 1 0 1.0
0 11.276084 -18.360961 6.342438 0.245238 0.851793 0.462933 0.078552 0.955566 1 0 1.0
Default
0 11.532087 -19.363051 6.637949 -0.269454 -0.258172 0.927762 0.078552 0.955566 1 0 1.0
0 11.743903 -19.054396 6.785359 -0.269454 -0.258172 0.927762 0.078552 0.955566 1 0 1.0
0 10.942589 -18.851578 6.609069 -0.269454 -0.258172 0.927762 0.078552 0.955566 1 0 1.0
Default
0 11.428044 -19.290306 6.053991 -0.323932 -0.829412 -0.455131 0.078552 0.955566 1 0 1.0
0 11.413238 -19.443303 6.343345 -0.323932 -0.829412 -0.455131 0.078552 0.955566 1 0 1.0
0 10.894554 -19.101360 6.089368 -0.323932 -0.829412 -0.455131 0.078552 0.955566 1 0 1.0
Default
0 11.801754 -18.638087 6.068659 0.395320 0.160643 -0.904387 0.078552 0.955566 1 0 1.0
0 11.589943 -18.946743 5.921248 0.395320 0.160643 -0.904387 0.078552 0.955566 1 0 1.0
0 11.228045 -18.610743 5.822739 0.395320 0.160643 -0.904387 0.078552 0.955566 1 0 1.0
Default
0 14.634216 -20.842828 1.589796 -0.708403 -0.649732 -0.275707 0.078552 0.955566 1 0 1.0
0 14.709416 -20.957127 1.665935 -0.708403 -0.649732 -0.275707 0.078552 0.955566 1 0 1.0
0 11.445725 -19.308695 6.166978 -0.708403 -0.649732 -0.275707 0.078552 0.955566 1 0 1.0
Default
0 14.678200 -20.569910 1.549328 -0.816519 0.046262 -0.575463 0.078552 0.955566 1 0 1.0
0 14.634216 -20.842828 1.589796 -0.816519 0.046262 -0.575463 0.078552 0.955566 1 0 1.0
0 11.609763 -18.960604 6.032480 -0.816519 0.046262 -0.575463 0.078552 0.955566 1 0 1.0
Default
0 15.283157 -20.518656 1.366954 0.231952 0.967237 -0.103206 0.078552 0.955566 1 0 1.0
0 19.547645 -22.361180 -6.316675 0.231952 0.967237 -0.103206 0.078552 0.955566 1 0 1.0
0 15.183843 -20.501314 1.306276 0.231952 0.967237 -0.103206 0.078552 0.955566 1 0 1.0
Default
0 11.724087 -19.040540 6.674125 0.790661 -0.142521 0.595435 0.078552 0.955566 1 0 1.0
0 15.044962 -20.809232 1.841078 0.790661 -0.142521 0.595435 0.078552 0.955566 1 0 1.0
0 11.888119 -18.692443 6.539630 0.790661 -0.142521 0.595435 0.078552 0.955566 1 0 1.0
Default
0 14.678200 -20.569910 1.549328 -0.382533 0.754854 -0.532788 0.078552 0.955566 1 0 1.0
0 11.609763 -18.960604 6.032480 -0.382533 0.754854 -0.532788 0.078552 0.955566 1 0 1.0
0 14.884433 -20.402862 1.637930 -0.382533 0.754854 -0.532788 0.078552 0.955566 1 0 1.0
Default
0 14.838725 -20.976278 1.752481 0.386574 -0.756810 0.527066 0.078552 0.955566 1 0 1.0
0 15.044962 -20.809232 1.841078 0.386574 -0.756810 0.527066 0.078552 0.955566 1 0 1.0
0 11.509472 -19.353271 6.524769 0.386574 -0.756810 0.527066 0.078552 0.955566 1 0 1.0
Default
0 14.709416 -20.957127 1.665935 -0.241946 -0.958727 0.149345 0.078552 0.955566 1 0 1.0
0 14.838725 -20.976278 1.752481 -0.241946 -0.958727 0.149345 0.078552 0.955566 1 0 1.0
0 11.436653 -19.402439 6.344268 -0.241946 -0.958727 0.149345 0.078552 0.955566 1 0 1.0
Default
0 15.013748 -20.422013 1.724472 0.730326 0.639841 0.239221 0.078552 0.955566 1 0 1.0
0 11.897191 -18.598703 6.362340 0.730326 0.639841 0.239221 0.078552 0.955566 1 0 1.0
0 15.088946 -20.536312 1.800609 0.730326 0.639841 0.239221 0.078552 0.955566 1 0 1.0
Default
0 14.884433 -20.402862 1.637930 0.265114 0.945947 -0.186814 0.078552 0.955566 1 0 1.0
0 11.824368 -18.647867 6.181841 0.265114 0.945947 -0.186814 0.078552 0.955566 1 0 1.0
0 15.013748 -20.422013 1.724472 0.265114 0.945947 -0.186814 0.078552 0.955566 1 0 1.0
Default
0 15.365222 -20.987108 1.512120 0.490124 -0.178504 -0.853179 0.078552 0.955566 1 0 1.0
0 15.091121 -21.198275 1.398833 0.490148 -0.178497 -0.853167 0.078552 0.955566 1 0 1.0
0 15.296747 -20.942484 1.463447 0.490135 -0.178511 -0.853172 0.078552 0.955566 1 0 1.0
Default
0 19.649018 -22.475060 -6.232269 0.657898 0.728149 0.192273 0.078552 0.955566 1 0 1.0
0 19.547645 -22.361180 -6.316675 0.657898 0.728149 0.192273 0.078552 0.955566 1 0 1.0
0 15.343169 -20.605150 1.419529 0.657898 0.728149 0.192273 0.078552 0.955566 1 0 1.0
Default
0 15.038272 -21.141620 1.356617 0.429624 -0.791166 0.435293 0.078552 0.955566 1 0 1.0
0 19.327951 -23.007734 -6.268952 0.429624 -0.791166 0.435293 0.078552 0.955566 1 0 1.0
0 15.296747 -20.942484 1.463447 0.429624 -0.791166 0.435293 0.078552 0.955566 1 0 1.0
Default
0 19.083820 -22.848636 -6.442510 -0.659484 -0.727467 -0.189401 0.078552 0.955566 1 0 1.0
0 19.185193 -22.962514 -6.358093 -0.659484 -0.727467 -0.189401 0.078552 0.955566 1 0 1.0
0 14.878948 -21.037786 1.243351 -0.659484 -0.727467 -0.189401 0.078552 0.955566 1 0 1.0
Default
0 15.183843 -20.501314 1.306276 -0.435578 0.793448 -0.425101 0.078552 0.955566 1 0 1.0
0 19.404885 -22.315958 -6.405815 -0.435578 0.793448 -0.425101 0.078552 0.955566 1 0 1.0
0 14.925367 -20.700450 1.199437 -0.435578 0.793448 -0.425101 0.078552 0.955566 1 0 1.0
Default
0 19.650960 -22.847282 -6.135117 0.874018 0.126974 0.469010 0.078552 0.955566 1 0 1.0
0 19.649018 -22.475060 -6.232269 0.874018 0.126974 0.469010 0.078552 0.955566 1 0 1.0
0 15.296747 -20.942484 1.463447 0.874018 0.126974 0.469010 0.078552 0.955566 1 0 1.0
Default
0 14.938958 -21.124278 1.295931 -0.232131 -0.967162 0.103500 0.078552 0.955566 1 0 1.0
0 19.185193 -22.962514 -6.358093 -0.232131 -0.967162 0.103500 0.078552 0.955566 1 0 1.0
0 15.038272 -21.141620 1.356617 -0.232131 -0.967162 0.103500 0.078552 0.955566 1 0 1.0
Default
0 19.081883 -22.476412 -6.539656 -0.885806 -0.121498 -0.447868 0.078552 0.955566 1 0 1.0
0 19.083820 -22.848636 -6.442510 -0.885806 -0.121498 -0.447868 0.078552 0.955566 1 0 1.0
0 14.925367 -20.700450 1.199437 -0.885806 -0.121498 -0.447868 0.078552 0.955566 1 0 1.0
Default
0 19.327951 -23.007734 -6.268952 0.336404 -0.902248 0.269779 0.078552 0.955566 1 0 1.0
0 20.233990 -23.133744 -7.820174 0.336404 -0.902248 0.269779 0.078552 0.955566 1 0 1.0
0 19.650960 -22.847282 -6.135117 0.295570 -0.919652 0.258610 0.078552 0.955566 1 0 1.0
Default
0 20.233990 -23.133744 -7.820174 0.287417 -0.917388 0.275301 0.078552 0.955566 1 0 1.0
0 20.392428 -23.063730 -7.752275 0.287417 -0.917388 0.275301 0.078552 0.955566 1 0 1.0
0 19.650960 -22.847282 -6.135117 0.295570 -0.919652 0.258610 0.078552 0.955566 1 0 1.0
Default
0 20.233990 -23.133744 -7.820174 0.287417 -0.917388 0.275301 0.078552 0.955566 1 0 1.0
0 21.377247 -23.442717 -9.881886 0.279163 -0.914803 0.291896 0.078552 0.955566 1 0 1.0
0 20.392428 -23.063730 -7.752275 0.287417 -0.917388 0.275301 0.078552 0.955566 1 0 1.0
Default
0 19.650960 -22.847282 -6.135117 0.909003 0.109692 0.402097 0.078552 0.955566 1 0 1.0
0 20.392428 -23.063730 -7.752275 0.909003 0.109692 0.402097 0.078552 0.955566 1 0 1.0
0 19.649018 -22.475060 -6.232269 0.909003 0.109692 0.402097 0.078552 0.955566 1 0 1.0
Default
0 0.159957 -0.823955 8.262204 0.377811 0.247683 -0.892139 0.075256 0.235229 1 0 1.0
0 0.178150 -0.502014 8.359289 0.377811 0.247683 -0.892139 0.075256 0.235229 1 0 1.0
0 0.414696 -0.530297 8.451611 0.377811 0.247683 -0.892139 0.075256 0.235229 1 0 1.0
Default
0 0.894737 -1.022241 8.492904 -0.286847 -0.938646 -0.191473 0.079895 0.230591 1 0 1.0
0 0.273021 -0.769749 8.186527 -0.286847 -0.938646 -0.191473 0.079956 0.230591 1 0 1.0
0 0.478404 -0.745247 7.758729 -0.286847 -0.938646 -0.191473 0.079834 0.230591 1 0 1.0
Default
0 0.576363 -0.751875 8.645461 -0.497783 -0.789168 0.359757 0.081543 0.232910 1 0 1.0
0 0.273021 -0.769749 8.186527 -0.497783 -0.789168 0.359757 0.079956 0.230591 1 0 1.0
0 0.894737 -1.022241 8.492904 -0.497783 -0.789168 0.359757 0.079895 0.230591 1 0 1.0
Default
0 0.299466 -0.703371 8.755909 0.048783 -0.863719 0.501608 0.079895 0.230591 1 0 1.0
0 0.273520 -0.784726 8.618347 0.048783 -0.863719 0.501608 0.079773 0.230347 1 0 1.0
0 0.576363 -0.751875 8.645461 0.048783 -0.863719 0.501608 0.081543 0.232910 1 0 1.0
Default
0 0.159957 -0.823955 8.262204 0.414584 -0.909448 -0.032022 0.079895 0.230591 1 0 1.0
0 0.273021 -0.769749 8.186527 0.414584 -0.909448 -0.032022 0.079956 0.230591 1 0 1.0
0 0.273520 -0.784726 8.618347 0.414584 -0.909448 -0.032022 0.079773 0.230347 1 0 1.0
Default
0 0.414696 -0.530297 8.451611 -0.758073 0.652114 0.008510 0.075256 0.235229 1 0 1.0
0 0.337466 -0.618659 8.343080 -0.758073 0.652114 0.008510 0.075256 0.235229 1 0 1.0
0 0.159957 -0.823955 8.262204 -0.758073 0.652114 0.008510 0.075256 0.235229 1 0 1.0
Default
0 0.073145 -0.392315 8.405255 -0.824510 0.545993 -0.148579 0.079895 0.230591 1 0 1.0
0 0.091191 -0.449594 8.094628 -0.824510 0.545993 -0.148579 0.079895 0.230591 1 0 1.0
0 0.032176 -0.460397 8.382419 -0.824510 0.545993 -0.148579 0.079895 0.230591 1 0 1.0
Default
0 0.159957 -0.823955 8.262204 -0.950760 -0.038990 0.307464 0.079895 0.230591 1 0 1.0
0 0.273520 -0.784726 8.618347 -0.950760 -0.038990 0.307464 0.079773 0.230347 1 0 1.0
0 0.178150 -0.502014 8.359289 -0.950760 -0.038990 0.307464 0.079895 0.230591 1 0 1.0
Default
0 0.299466 -0.703371 8.755909 -0.784584 -0.457456 0.418524 0.079895 0.230591 1 0 1.0
0 0.000000 -0.499509 8.417342 -0.784584 -0.457456 0.418524 0.079895 0.230591 1 0 1.0
0 0.273520 -0.784726 8.618347 -0.784584 -0.457456 0.418524 0.079773 0.230347 1 0 1.0
Default
0 0.170313 -0.393533 8.446210 0.265716 0.507181 0.819855 0.075317 0.230591 1 0 1.0
0 0.073895 -0.382300 8.470510 0.265716 0.507181 0.819855 0.075195 0.230591 1 0 1.0
0 0.414696 -0.530297 8.451611 0.265716 0.507181 0.819855 0.075562 0.230591 1 0 1.0
Default
0 0.564143 -0.531376 8.514189 0.493611 0.464922 0.734980 0.081604 0.232788 1 0 1.0
0 0.576363 -0.751875 8.645461 0.493611 0.464922 0.734980 0.081543 0.232910 1 0 1.0
0 0.682098 -0.526182 8.431685 0.493611 0.464922 0.734980 0.081604 0.231567 1 0 1.0
Default
0 0.273021 -0.769749 8.186527 -0.716889 0.625288 -0.308361 0.079956 0.230591 1 0 1.0
0 0.337466 -0.618659 8.343080 -0.716889 0.625288 -0.308361 0.079895 0.230591 1 0 1.0
0 0.478404 -0.745247 7.758729 -0.716889 0.625288 -0.308361 0.079834 0.230591 1 0 1.0
Default
0 0.073145 -0.392315 8.405255 -0.843764 0.531871 -0.071932 0.079895 0.230591 1 0 1.0
0 0.032176 -0.460397 8.382419 -0.843764 0.531871 -0.071932 0.079895 0.230591 1 0 1.0
0 0.073895 -0.382300 8.470510 -0.843764 0.531871 -0.071932 0.079895 0.230591 1 0 1.0
Default
0 0.170313 -0.393533 8.446210 0.100938 0.993165 -0.058606 0.079895 0.230591 1 0 1.0
0 0.138667 -0.393533 8.391707 0.100938 0.993165 -0.058606 0.079895 0.230591 1 0 1.0
0 0.073895 -0.382300 8.470510 0.100938 0.993165 -0.058606 0.079895 0.230591 1 0 1.0
Default
0 0.032176 -0.460397 8.382419 -0.280046 -0.959079 -0.041733 0.079895 0.230591 1 0 1.0
0 0.086799 -0.463514 8.087515 -0.280046 -0.959079 -0.041733 0.079895 0.230591 1 0 1.0
0 0.178150 -0.502014 8.359289 -0.280046 -0.959079 -0.041733 0.079895 0.230591 1 0 1.0
Default
0 0.113269 -0.450250 8.094651 0.029340 0.981368 -0.189882 0.079895 0.230591 1 0 1.0
0 0.091191 -0.449594 8.094628 0.029340 0.981368 -0.189882 0.079895 0.230591 1 0 1.0
0 0.138667 -0.393533 8.391707 0.029340 0.981368 -0.189882 0.079895 0.230591 1 0 1.0
Default
0 0.122295 -0.467786 8.087615 0.863534 0.490838 -0.115702 0.079895 0.230591 1 0 1.0
0 0.113269 -0.450250 8.094651 0.863534 0.490838 -0.115702 0.079895 0.230591 1 0 1.0
0 0.178150 -0.502014 8.359289 0.863534 0.490838 -0.115702 0.079895 0.230591 1 0 1.0
Default
0 0.225223 -1.343443 8.191041 -0.976346 -0.144674 0.160681 0.018951 0.669922 1 0 1.0
0 0.159957 -0.823955 8.262204 -0.976346 -0.144674 0.160681 0.019196 0.669922 1 0 1.0
0 0.199758 -1.295013 8.079918 -0.976346 -0.144674 0.160681 0.019165 0.669922 1 0 1.0
Default
0 0.871280 -0.918517 9.051013 0.561707 0.826325 -0.040899 0.078125 0.955078 1 0 1.0
0 1.041099 -1.046329 8.800981 0.561707 0.826325 -0.040899 0.078125 0.955078 1 0 1.0
0 0.797987 -0.875064 8.922338 0.561707 0.826325 -0.040899 0.078308 0.955566 1 0 1.0
Default
0 1.275774 -1.455433 8.064196 0.736370 0.675976 -0.028559 0.080627 0.947754 1 0 1.0
0 0.894737 -1.022241 8.492904 0.736370 0.675976 -0.028559 0.082703 0.949219 1 0 1.0
0 1.082710 -1.226902 8.495404 0.736370 0.675976 -0.028559 0.081543 0.949707 1 0 1.0
Default
0 0.919589 -0.800814 7.311796 0.614837 0.769224 -0.173982 0.079834 0.230591 1 0 1.0
0 0.630524 -0.583262 7.252122 0.614837 0.769224 -0.173982 0.079834 0.230591 1 0 1.0
0 0.860214 -0.638685 7.818785 0.614837 0.769224 -0.173982 0.079651 0.230591 1 0 1.0
Default
0 0.365156 -0.480814 7.544169 0.211396 0.777438 0.592371 0.079895 0.230591 1 0 1.0
0 0.241944 -0.629075 7.782718 0.211396 0.777438 0.592371 0.079895 0.230591 1 0 1.0
0 0.401234 -0.592468 7.677830 0.211396 0.777438 0.592371 0.079895 0.230591 1 0 1.0
Default
0 0.630524 -0.583262 7.252122 -0.141120 0.887125 -0.439425 0.079834 0.230591 1 0 1.0
0 0.365156 -0.480814 7.544169 -0.141120 0.887125 -0.439425 0.079895 0.230591 1 0 1.0
0 0.584883 -0.367700 7.701963 -0.141120 0.887125 -0.439425 0.079834 0.230591 1 0 1.0
Default
0 0.215603 -1.414389 8.305905 0.028051 0.849409 0.526990 0.018616 0.670410 1 0 1.0
0 0.225223 -1.343443 8.191041 0.028051 0.849409 0.526990 0.018951 0.669922 1 0 1.0
0 0.000000 -1.370278 8.246283 0.028051 0.849409 0.526990 0.019196 0.669922 1 0 1.0
Default
0 0.215603 -1.414389 8.305905 -0.959617 -0.037519 -0.278796 0.018616 0.670410 1 0 1.0
0 0.176091 -1.402631 8.440323 -0.959617 -0.037519 -0.278796 0.018616 0.670410 1 0 1.0
0 0.157617 -0.893826 8.435439 -0.959617 -0.037519 -0.278796 0.018143 0.670410 1 0 1.0
Default
0 0.080493 -1.352865 8.494130 0.330997 0.092855 -0.939052 0.017517 0.665527 1 0 1.0
0 0.000000 -1.338446 8.467184 0.330997 0.092855 -0.939052 0.017517 0.665527 1 0 1.0
0 0.273520 -0.784726 8.618347 0.330997 0.092855 -0.939052 0.017517 0.665527 1 0 1.0
Default
0 2.126247 -1.983006 7.483969 0.529302 0.840205 -0.117875 0.079651 0.947266 1 0 1.0
0 1.727879 -1.671208 7.917623 0.529302 0.840205 -0.117875 0.079651 0.947266 1 0 1.0
0 1.880861 -1.713732 8.301460 0.529302 0.840205 -0.117875 0.079651 0.947266 1 0 1.0
Default
0 0.942001 -1.146835 8.622013 0.036678 0.862522 -0.504689 0.082764 0.950684 1 0 1.0
0 1.041099 -1.046329 8.800981 0.036678 0.862522 -0.504689 0.082764 0.950684 1 0 1.0
0 1.082710 -1.226902 8.495404 0.036678 0.862522 -0.504689 0.081543 0.951172 1 0 1.0
Default
0 0.580762 -0.962010 9.100818 0.309395 0.864564 0.395985 0.078247 0.954590 1 0 1.0
0 0.576363 -0.751875 8.645461 0.309395 0.864564 0.395985 0.077515 0.950195 1 0 1.0
0 0.299466 -0.703371 8.755909 0.309395 0.864564 0.395985 0.077209 0.950195 1 0 1.0
Default
0 1.727879 -1.671208 7.917623 0.498317 0.756973 0.422696 0.079590 0.230591 1 0 1.0
0 0.919589 -0.800814 7.311796 0.498317 0.756973 0.422696 0.079834 0.230591 1 0 1.0
0 1.275774 -1.455433 8.064196 0.498317 0.756973 0.422696 0.079529 0.230591 1 0 1.0
Default
0 0.214294 -1.070052 7.742633 -0.230000 -0.073789 0.970389 0.079895 0.230591 1 0 1.0
0 0.347674 -0.905167 7.786784 -0.230000 -0.073789 0.970389 0.079895 0.230591 1 0 1.0
0 0.241944 -0.629075 7.782718 -0.230000 -0.073789 0.970389 0.079895 0.230591 1 0 1.0
Default
0 0.000000 -0.689637 7.416534 -0.907178 0.362668 0.213309 0.079895 0.230591 1 0 1.0
0 0.000000 -0.858229 7.703175 -0.907178 0.362668 0.213309 0.079895 0.230591 1 0 1.0
0 0.091069 -0.623529 7.691445 -0.907178 0.362668 0.213309 0.079895 0.230591 1 0 1.0
Default
0 0.478404 -0.745247 7.758729 -0.758059 0.561488 -0.331780 0.079834 0.230591 1 0 1.0
0 0.347674 -0.905167 7.786784 -0.758059 0.561488 -0.331780 0.079834 0.230591 1 0 1.0
0 0.273021 -0.769749 8.186527 -0.758059 0.561488 -0.331780 0.079956 0.230591 1 0 1.0
Default
0 0.562743 -0.463412 8.361496 -0.162036 0.900962 0.402508 0.082397 0.233643 1 0 1.0
0 0.414696 -0.530297 8.451611 -0.169039 0.892075 0.419080 0.082642 0.233643 1 0 1.0
0 0.564143 -0.531376 8.514189 -0.169039 0.892075 0.419080 0.081604 0.232788 1 0 1.0
Default
0 4.149081 -10.457189 3.682800 0.794601 -0.389780 -0.465491 0.081177 0.232788 1 0 1.0
0 3.949345 -11.296801 4.044897 0.794601 -0.389780 -0.465491 0.081177 0.232788 1 0 1.0
0 3.348889 -11.354536 3.068253 0.794601 -0.389780 -0.465491 0.081177 0.232788 1 0 1.0
Default
0 11.311699 -18.398126 6.034911 0.487270 0.871879 -0.048935 0.078552 0.955566 1 0 1.0
0 4.036658 -14.392856 4.956042 0.487270 0.871879 -0.048935 0.078552 0.955566 1 0 1.0
0 11.276084 -18.360961 6.342438 0.487270 0.871879 -0.048935 0.078552 0.955566 1 0 1.0
Default
0 -4.722349 -12.344657 5.908592 -0.849581 -0.473338 0.232732 0.074707 0.946777 1 0 1.0
0 -5.390500 -11.145411 5.908592 -0.849581 -0.473338 0.232732 0.074707 0.946777 1 0 1.0
0 -4.842274 -12.430318 5.296590 -0.849581 -0.473338 0.232732 0.074707 0.946777 1 0 1.0
Default
0 -3.745820 -13.372582 5.908592 -0.280419 -0.959853 0.006939 0.074707 0.946777 1 0 1.0
0 -4.513261 -13.149880 5.700512 -0.280419 -0.959853 0.006939 0.074707 0.946777 1 0 1.0
0 -4.007623 -13.299407 5.450672 -0.280419 -0.959853 0.006939 0.074707 0.946777 1 0 1.0
Default
0 -3.866617 -3.900758 5.871395 -0.905274 0.241198 0.349716 0.074707 0.946777 1 0 1.0
0 -3.735747 -3.924552 6.226576 -0.905274 0.241198 0.349716 0.074707 0.946777 1 0 1.0
0 -3.212266 -3.103293 7.015235 -0.905274 0.241198 0.349716 0.074707 0.946777 1 0 1.0
Default
0 -1.081102 -2.006866 9.189998 -0.864339 -0.325921 0.383006 0.074707 0.946777 1 0 1.0
0 -1.306386 -1.371572 9.222201 -0.864339 -0.325921 0.383006 0.074707 0.946777 1 0 1.0
0 -1.260044 -1.769314 8.988322 -0.864339 -0.325921 0.383006 0.074707 0.946777 1 0 1.0
Default
0 -1.716450 -1.525863 8.743724 0.197199 0.853791 0.481824 0.074707 0.946777 1 0 1.0
0 -1.712457 -1.609975 8.891135 0.197199 0.853791 0.481824 0.074707 0.946777 1 0 1.0
0 -1.260044 -1.769314 8.988322 0.197199 0.853791 0.481824 0.074707 0.946777 1 0 1.0
Default
0 0.000000 -14.628563 5.871818 -0.174484 -0.971067 0.163044 0.074707 0.946777 1 0 1.0
0 -0.904357 -14.503035 5.651637 -0.174484 -0.971067 0.163044 0.074707 0.946777 1 0 1.0
0 0.000000 -14.725145 5.296590 -0.174484 -0.971067 0.163044 0.074707 0.946777 1 0 1.0
Default
0 -5.853067 -9.723447 5.296590 -0.962718 0.023335 0.269499 0.074707 0.946777 1 0 1.0
0 -5.681746 -9.723447 5.908592 -0.962718 0.023335 0.269499 0.074707 0.946777 1 0 1.0
0 -5.750275 -7.804653 5.497646 -0.962718 0.023335 0.269499 0.074707 0.946777 1 0 1.0
Default
0 -2.427737 -2.020590 8.268451 -0.268450 0.906407 -0.326130 0.074707 0.946777 1 0 1.0
0 -2.386685 -1.833300 8.755190 -0.268450 0.906407 -0.326130 0.074707 0.946777 1 0 1.0
0 -1.944481 -1.736687 8.659711 -0.268450 0.906407 -0.326130 0.074707 0.946777 1 0 1.0
Default
0 -5.596086 -11.231071 5.296590 -0.929079 -0.158366 0.334265 0.074707 0.946777 1 0 1.0
0 -5.390500 -11.145411 5.908592 -0.929079 -0.158366 0.334265 0.074707 0.946777 1 0 1.0
0 -5.853067 -9.723447 5.296590 -0.929079 -0.158366 0.334265 0.074707 0.946777 1 0 1.0
Default
0 -2.587659 -2.934824 7.719471 -0.979100 0.053433 0.196236 0.074707 0.946777 1 0 1.0
0 -2.480583 -3.025173 8.278315 -0.979100 0.053433 0.196236 0.074707 0.946777 1 0 1.0
0 -2.427737 -2.020590 8.268451 -0.979100 0.053433 0.196236 0.074707 0.946777 1 0 1.0
Default
0 -1.329788 -1.272818 9.000148 -0.607990 0.707171 0.360912 0.074707 0.946777 1 0 1.0
0 -1.306386 -1.371572 9.222201 -0.618720 0.691545 0.372761 0.074707 0.946777 1 0 1.0
0 -1.018361 -1.198823 9.379789 -0.607990 0.707171 0.360912 0.074707 0.946777 1 0 1.0
Default
0 -3.598593 -4.945894 5.209034 -0.785962 0.557620 -0.267065 0.081177 0.232788 1 0 1.0
0 -3.531842 -5.020439 4.856944 -0.785962 0.557620 -0.267065 0.081177 0.232788 1 0 1.0
0 -4.674621 -6.534685 5.058414 -0.785962 0.557620 -0.267065 0.081177 0.232788 1 0 1.0
Default
0 -0.629909 -0.786609 9.651915 -0.662252 0.730677 -0.165929 0.074707 0.946777 1 0 1.0
0 -0.404624 -0.589314 9.621564 -0.662252 0.730677 -0.165929 0.074707 0.946777 1 0 1.0
0 -0.461261 -0.664889 9.514813 -0.662252 0.730677 -0.165929 0.074707 0.946777 1 0 1.0
Default
0 -1.691935 -1.583089 8.201140 -0.048489 0.993083 -0.106931 0.074707 0.946777 1 0 1.0
0 -1.716450 -1.525863 8.743724 -0.048489 0.993083 -0.106931 0.074707 0.946777 1 0 1.0
0 -1.230057 -1.511371 8.657750 -0.048489 0.993083 -0.106931 0.074707 0.946777 1 0 1.0
Default
0 -1.944481 -1.736687 8.659711 -0.663163 0.745193 -0.070020 0.074707 0.946777 1 0 1.0
0 -1.716450 -1.525863 8.743724 -0.663163 0.745193 -0.070020 0.074707 0.946777 1 0 1.0
0 -1.880861 -1.713732 8.301460 -0.663163 0.745193 -0.070020 0.074707 0.946777 1 0 1.0
Default
0 -2.562165 -2.864889 7.322984 -0.969838 0.242969 -0.019504 0.074707 0.946777 1 0 1.0
0 -2.587659 -2.934824 7.719471 -0.969838 0.242969 -0.019504 0.074707 0.946777 1 0 1.0
0 -2.351596 -1.985717 7.804614 -0.969838 0.242969 -0.019504 0.074707 0.946777 1 0 1.0
Default
0 -3.348180 -3.463236 6.198229 -0.156775 0.913167 -0.376227 0.074707 0.946777 1 0 1.0
0 -3.212266 -3.103293 7.015235 -0.156775 0.913167 -0.376227 0.074707 0.946777 1 0 1.0
0 -2.562165 -2.864889 7.322984 -0.156775 0.913167 -0.376227 0.074707 0.946777 1 0 1.0
Default
0 -3.597905 -3.769991 5.598415 -0.568496 0.803971 -0.174479 0.074707 0.946777 1 0 1.0
0 -3.866617 -3.900758 5.871395 -0.568496 0.803971 -0.174479 0.074707 0.946777 1 0 1.0
0 -3.348180 -3.463236 6.198229 -0.568496 0.803971 -0.174479 0.074707 0.946777 1 0 1.0
Default
0 -3.598593 -4.945894 5.209034 -0.839568 0.171213 -0.515570 0.074707 0.946777 1 0 1.0
0 -3.797216 -4.892198 5.550310 -0.839568 0.171213 -0.515570 0.074707 0.946777 1 0 1.0
0 -3.597905 -3.769991 5.598415 -0.839568 0.171213 -0.515570 0.074707 0.946777 1 0 1.0
Default
0 -4.876538 -6.399822 5.285519 -0.493819 0.480787 -0.724559 0.074707 0.946777 1 0 1.0
0 -3.797216 -4.892198 5.550310 -0.493819 0.480787 -0.724559 0.074707 0.946777 1 0 1.0
0 -4.674621 -6.534685 5.058414 -0.493819 0.480787 -0.724559 0.074707 0.946777 1 0 1.0
Default
0 -5.750275 -7.804653 5.497646 -0.767610 0.402048 -0.499133 0.074707 0.946777 1 0 1.0
0 -4.876538 -6.399822 5.285519 -0.767610 0.402048 -0.499133 0.074707 0.946777 1 0 1.0
0 -5.511271 -7.879887 5.069485 -0.767610 0.402048 -0.499133 0.074707 0.946777 1 0 1.0
Default
0 -5.609279 -9.709376 5.069485 -0.682300 0.036552 -0.730158 0.074707 0.946777 1 0 1.0
0 -5.853067 -9.723447 5.296590 -0.682300 0.036552 -0.730158 0.074707 0.946777 1 0 1.0
0 -5.511271 -7.879887 5.069485 -0.682300 0.036552 -0.730158 0.074707 0.946777 1 0 1.0
Default
0 -1.041099 -1.046329 8.800981 -0.612215 0.790605 0.011665 0.074707 0.946777 1 0 1.0
0 -1.329788 -1.272818 9.000148 -0.612215 0.790605 0.011665 0.074707 0.946777 1 0 1.0
0 -0.871280 -0.918517 9.051013 -0.612215 0.790605 0.011665 0.074707 0.946777 1 0 1.0
Default
0 -0.890485 -14.402420 5.069485 -0.055364 -0.856946 -0.512425 0.081177 0.232788 1 0 1.0
0 -0.873968 -14.301556 4.899022 -0.055364 -0.856946 -0.512425 0.081177 0.232788 1 0 1.0
0 0.000000 -14.459951 5.069485 -0.055364 -0.856946 -0.512425 0.081177 0.232788 1 0 1.0
Default
0 -0.655800 -0.743739 9.340831 0.218994 0.754969 -0.618113 0.078125 0.955078 1 0 1.0
0 -0.580762 -0.962010 9.100818 0.218994 0.754969 -0.618113 0.078247 0.954590 1 0 1.0
0 -0.871280 -0.918517 9.051013 0.218994 0.754969 -0.618113 0.078125 0.955078 1 0 1.0
Default
0 -4.561138 -12.222830 4.899022 -0.469866 -0.415389 -0.778895 0.081177 0.232788 1 0 1.0
0 -4.183003 -11.952719 4.526862 -0.469866 -0.415389 -0.778895 0.081177 0.232788 1 0 1.0
0 -3.584302 -13.327775 4.899022 -0.469866 -0.415389 -0.778895 0.081177 0.232788 1 0 1.0
Default
0 -2.351596 -1.985717 7.804614 -0.730687 0.454222 -0.509685 0.079651 0.947266 1 0 1.0
0 -2.126247 -1.983006 7.483969 -0.730687 0.454222 -0.509685 0.079651 0.947266 1 0 1.0
0 -2.562165 -2.864889 7.322984 -0.730687 0.454222 -0.509685 0.079651 0.947266 1 0 1.0
Default
0 -2.562165 -2.864889 7.322984 -0.451481 0.879203 -0.152209 0.079651 0.947266 1 0 1.0
0 -2.526329 -2.955132 6.695414 -0.451481 0.879203 -0.152209 0.079651 0.947266 1 0 1.0
0 -3.348180 -3.463236 6.198229 -0.451481 0.879203 -0.152209 0.079651 0.947266 1 0 1.0
Default
0 -0.214120 -0.719867 9.068608 -0.660534 0.700666 -0.269745 0.078125 0.955078 1 0 1.0
0 -0.447984 -0.891670 9.195019 -0.660534 0.700666 -0.269745 0.077698 0.954102 1 0 1.0
0 -0.366980 -0.714417 9.457079 -0.660534 0.700666 -0.269745 0.078125 0.955078 1 0 1.0
Default
0 -0.461261 -0.664889 9.514813 0.177920 0.806167 -0.564304 0.078125 0.955078 1 0 1.0
0 -0.447984 -0.891670 9.195019 0.177920 0.806167 -0.564304 0.077698 0.954102 1 0 1.0
0 -0.655800 -0.743739 9.340831 0.177920 0.806167 -0.564304 0.078125 0.955078 1 0 1.0
Default
0 -3.597905 -3.769991 5.598415 -0.906783 0.133006 -0.400067 0.081177 0.232788 1 0 1.0
0 -3.501879 -4.082744 5.276786 -0.906783 0.133006 -0.400067 0.081177 0.232788 1 0 1.0
0 -3.598593 -4.945894 5.209034 -0.906783 0.133006 -0.400067 0.081177 0.232788 1 0 1.0
Default
0 -2.919623 -3.207791 6.248992 -0.231837 0.788014 -0.570338 0.081177 0.232788 1 0 1.0
0 -2.690941 -3.804564 5.331498 -0.231837 0.788014 -0.570338 0.081177 0.232788 1 0 1.0
0 -3.501879 -4.082744 5.276786 -0.231837 0.788014 -0.570338 0.081177 0.232788 1 0 1.0
Default
0 -3.501879 -4.082744 5.276786 -0.707537 0.307492 -0.636270 0.081177 0.232788 1 0 1.0
0 -3.331263 -4.284210 4.989697 -0.707537 0.307492 -0.636270 0.081177 0.232788 1 0 1.0
0 -3.531842 -5.020439 4.856944 -0.707537 0.307492 -0.636270 0.081177 0.232788 1 0 1.0
Default
0 -2.050909 -13.973415 4.899022 -0.203953 -0.731517 -0.650605 0.081177 0.232788 1 0 1.0
0 -1.880882 -13.558174 4.378839 -0.203953 -0.731517 -0.650605 0.081177 0.232788 1 0 1.0
0 -0.873968 -14.301556 4.899022 -0.203953 -0.731517 -0.650605 0.081177 0.232788 1 0 1.0
Default
0 -0.801513 -13.859111 4.320079 -0.116059 -0.782111 -0.612236 0.081177 0.232788 1 0 1.0
0 0.000000 -14.000025 4.348152 -0.116059 -0.782111 -0.612236 0.081177 0.232788 1 0 1.0
0 -0.873968 -14.301556 4.899022 -0.116059 -0.782111 -0.612236 0.081177 0.232788 1 0 1.0
Default
0 -4.375643 -6.785234 4.309349 -0.851927 0.316710 -0.417032 0.081177 0.232788 1 0 1.0
0 -4.913750 -7.997500 4.487969 -0.851927 0.316710 -0.417032 0.081177 0.232788 1 0 1.0
0 -4.587911 -6.579759 4.899022 -0.851927 0.316710 -0.417032 0.081177 0.232788 1 0 1.0
Default
0 -1.727879 -1.671208 7.917623 -0.631385 0.775137 0.022685 0.079590 0.230591 1 0 1.0
0 -1.489415 -1.431371 6.359617 -0.631385 0.775137 0.022685 0.080811 0.232056 1 0 1.0
0 -2.126247 -1.983006 7.483969 -0.631385 0.775137 0.022685 0.081177 0.232788 1 0 1.0
Default
0 -2.526329 -2.955132 6.695414 -0.322336 0.916990 -0.235008 0.081177 0.232788 1 0 1.0
0 -2.165137 -3.113867 5.580627 -0.322336 0.916990 -0.235008 0.081177 0.232788 1 0 1.0
0 -2.919623 -3.207791 6.248992 -0.322336 0.916990 -0.235008 0.081177 0.232788 1 0 1.0
Default
0 -3.841189 -6.320285 3.642969 -0.830943 0.398024 -0.388729 0.081177 0.232788 1 0 1.0
0 -4.180031 -7.091650 3.577466 -0.830943 0.398024 -0.388729 0.081177 0.232788 1 0 1.0
0 -4.375643 -6.785234 4.309349 -0.830943 0.398024 -0.388729 0.081177 0.232788 1 0 1.0
Default
0 -0.801513 -13.859111 4.320079 -0.134705 -0.863148 -0.486651 0.081177 0.232788 1 0 1.0
0 -0.576928 -13.528731 3.671935 -0.134705 -0.863148 -0.486651 0.081177 0.232788 1 0 1.0
0 0.000000 -14.000025 4.348152 -0.134705 -0.863148 -0.486651 0.081177 0.232788 1 0 1.0
Default
0 -3.287150 -12.966061 4.378839 -0.340542 -0.808788 -0.479472 0.081177 0.232788 1 0 1.0
0 -2.902878 -12.673680 3.612716 -0.340542 -0.808788 -0.479472 0.081177 0.232788 1 0 1.0
0 -1.880882 -13.558174 4.378839 -0.340542 -0.808788 -0.479472 0.081177 0.232788 1 0 1.0
Default
0 -4.183003 -11.952719 4.526862 -0.847993 -0.082605 -0.523531 0.081177 0.232788 1 0 1.0
0 -3.949345 -11.296801 4.044897 -0.849463 -0.084914 -0.520771 0.081177 0.232788 1 0 1.0
0 -3.749609 -11.729193 3.789598 -0.849463 -0.084914 -0.520771 0.081177 0.232788 1 0 1.0
Default
0 -4.363317 -9.149320 3.611759 -0.745152 -0.157262 -0.648087 0.081177 0.232788 1 0 1.0
0 -4.149081 -10.457189 3.682800 -0.745152 -0.157262 -0.648087 0.081177 0.232788 1 0 1.0
0 -4.986215 -9.626659 4.475803 -0.757332 -0.158466 -0.633512 0.081177 0.232788 1 0 1.0
Default
0 -0.215603 -1.414389 8.305905 0.988384 -0.077578 -0.130687 0.018616 0.670410 1 0 1.0
0 -0.225223 -1.343443 8.191041 0.988384 -0.077578 -0.130687 0.018951 0.669922 1 0 1.0
0 -0.157617 -0.893826 8.435439 0.988384 -0.077578 -0.130687 0.018143 0.670410 1 0 1.0
Default
0 -4.446972 -5.272028 4.323298 0.093802 -0.335999 -0.937180 0.078552 0.955566 1 0 1.0
0 -4.291564 -4.845044 4.185770 0.093802 -0.335999 -0.937180 0.078552 0.955566 1 0 1.0
0 -4.007162 -5.339479 4.391501 0.093802 -0.335999 -0.937180 0.078552 0.955566 1 0 1.0
Default
0 -4.136154 -4.418061 4.323298 -0.041853 0.885160 -0.463400 0.078552 0.955566 1 0 1.0
0 -4.071782 -4.241197 4.655319 -0.041853 0.885160 -0.463400 0.078552 0.955566 1 0 1.0
0 -3.650439 -4.359389 4.391501 -0.041853 0.885160 -0.463400 0.078552 0.955566 1 0 1.0
Default
0 -4.136154 -4.418061 4.987340 -0.115709 0.885796 0.449419 0.078552 0.955566 1 0 1.0
0 -3.650439 -4.359389 4.996754 -0.115709 0.885796 0.449419 0.078552 0.955566 1 0 1.0
0 -4.071782 -4.241197 4.655319 -0.115709 0.885796 0.449419 0.078552 0.955566 1 0 1.0
Default
0 -4.446973 -5.272029 4.987340 -0.187556 -0.238632 0.952826 0.078552 0.955566 1 0 1.0
0 -4.007162 -5.339479 5.057021 -0.187556 -0.238632 0.952826 0.078552 0.955566 1 0 1.0
0 -4.291564 -4.845044 5.124868 -0.226519 -0.210690 0.950946 0.078552 0.955566 1 0 1.0
Default
0 -5.550856 -4.111874 4.987340 -0.226519 -0.210690 0.950946 0.078552 0.955566 1 0 1.0
0 -4.446973 -5.272029 4.987340 -0.231959 -0.220709 0.947356 0.078552 0.955566 1 0 1.0
0 -4.291564 -4.845044 5.124868 -0.226519 -0.210690 0.950946 0.078552 0.955566 1 0 1.0
Default
0 -5.302357 -3.731459 5.124868 -0.221046 -0.200642 0.954401 0.078552 0.955566 1 0 1.0
0 -5.550856 -4.111874 4.987340 -0.226519 -0.210690 0.950946 0.078552 0.955566 1 0 1.0
0 -4.291564 -4.845044 5.124868 -0.226519 -0.210690 0.950946 0.078552 0.955566 1 0 1.0
Default
0 -4.446972 -5.272028 4.323298 -0.060181 -0.876101 -0.478357 0.078552 0.955566 1 0 1.0
0 -4.007162 -5.339479 4.391501 -0.060181 -0.876101 -0.478357 0.078552 0.955566 1 0 1.0
0 -4.511346 -5.448892 4.655319 -0.060181 -0.876101 -0.478357 0.078552 0.955566 1 0 1.0
Default
0 -4.291564 -4.845044 4.185770 0.168129 0.246246 -0.954513 0.078552 0.955566 1 0 1.0
0 -4.136154 -4.418061 4.323298 0.168129 0.246246 -0.954513 0.078552 0.955566 1 0 1.0
0 -3.828801 -4.849433 4.266149 0.168129 0.246246 -0.954513 0.078552 0.955566 1 0 1.0
Default
0 -10.571862 2.844879 5.067393 0.703244 0.613101 0.359937 0.078552 0.955566 1 0 1.0
0 -5.078810 -3.389243 4.954003 0.703244 0.613101 0.359937 0.078552 0.955566 1 0 1.0
0 -10.413741 2.905427 4.655321 0.703244 0.613101 0.359937 0.078552 0.955566 1 0 1.0
Default
0 -11.335324 2.552533 5.067393 -0.300781 -0.279309 0.911875 0.078552 0.955566 1 0 1.0
0 -5.525904 -4.073676 4.954003 -0.300781 -0.279309 0.911875 0.078552 0.955566 1 0 1.0
0 -10.953594 2.698706 5.238080 -0.300781 -0.279309 0.911875 0.078552 0.955566 1 0 1.0
Default
0 -10.953594 2.698707 4.072561 0.312892 0.252153 -0.915706 0.078552 0.955566 1 0 1.0
0 -10.571862 2.844879 4.243247 0.312892 0.252153 -0.915706 0.078552 0.955566 1 0 1.0
0 -5.302357 -3.731459 4.232918 0.312892 0.252153 -0.915706 0.078552 0.955566 1 0 1.0
Default
0 -10.953594 2.698706 5.238080 0.312892 0.252153 0.915706 0.078552 0.955566 1 0 1.0
0 -5.302357 -3.731459 5.077720 0.312892 0.252153 0.915706 0.078552 0.955566 1 0 1.0
0 -10.571862 2.844879 5.067393 0.312892 0.252153 0.915706 0.078552 0.955566 1 0 1.0
Default
0 -11.335324 2.552533 4.243247 -0.300781 -0.279309 -0.911876 0.078552 0.955566 1 0 1.0
0 -10.953594 2.698707 4.072561 -0.300781 -0.279309 -0.911876 0.078552 0.955566 1 0 1.0
0 -5.525903 -4.073676 4.356637 -0.300781 -0.279309 -0.911876 0.078552 0.955566 1 0 1.0
Default
0 -10.571862 2.844879 4.243247 0.703245 0.613101 -0.359936 0.078552 0.955566 1 0 1.0
0 -10.413741 2.905427 4.655321 0.703245 0.613101 -0.359936 0.078552 0.955566 1 0 1.0
0 -5.078810 -3.389243 4.356637 0.703245 0.613101 -0.359936 0.078552 0.955566 1 0 1.0
Default
0 -11.857069 19.280499 4.481147 -0.730480 0.089079 -0.677099 0.078552 0.955566 1 0 1.0
0 -12.676971 10.399323 4.197279 -0.730480 0.089079 -0.677099 0.078552 0.955566 1 0 1.0
0 -12.016316 19.298528 4.655321 -0.730480 0.089079 -0.677099 0.078552 0.955566 1 0 1.0
Default
0 -11.088152 19.193459 4.481147 0.186422 0.018478 -0.982296 0.078552 0.955566 1 0 1.0
0 -11.709796 10.374699 4.197281 0.186422 0.018478 -0.982296 0.078552 0.955566 1 0 1.0
0 -11.472609 19.236979 4.409003 0.186422 0.018478 -0.982296 0.078552 0.955566 1 0 1.0
Default
0 -11.088152 19.193459 4.829493 0.186427 0.018478 0.982295 0.078552 0.955566 1 0 1.0
0 -11.472609 19.236979 4.901639 0.186427 0.018478 0.982295 0.078552 0.955566 1 0 1.0
0 -11.709796 10.374699 5.113361 0.186427 0.018478 0.982295 0.078552 0.955566 1 0 1.0
Default
0 -11.857069 19.280499 4.829493 -0.730477 0.089079 0.677103 0.078552 0.955566 1 0 1.0
0 -12.016316 19.298528 4.655321 -0.730477 0.089079 0.677103 0.078552 0.955566 1 0 1.0
0 -12.676971 10.399323 5.113361 -0.730477 0.089079 0.677103 0.078552 0.955566 1 0 1.0
Default
0 -11.472609 19.236979 4.409003 -0.177652 0.059028 -0.982321 0.078552 0.955566 1 0 1.0
0 -12.193383 10.387011 4.007553 -0.177652 0.059028 -0.982321 0.078552 0.955566 1 0 1.0
0 -11.857069 19.280499 4.481147 -0.177652 0.059028 -0.982321 0.078552 0.955566 1 0 1.0
Default
0 -10.928902 19.175434 4.655321 0.734649 -0.048437 -0.676716 0.078552 0.955566 1 0 1.0
0 -11.509484 10.369605 4.655321 0.734649 -0.048437 -0.676716 0.078552 0.955566 1 0 1.0
0 -11.088152 19.193459 4.481147 0.734649 -0.048437 -0.676716 0.078552 0.955566 1 0 1.0
Default
0 -10.928902 19.175434 4.655321 0.734645 -0.048436 0.676720 0.078552 0.955566 1 0 1.0
0 -11.088152 19.193459 4.829493 0.734645 -0.048436 0.676720 0.078552 0.955566 1 0 1.0
0 -11.509484 10.369605 4.655321 0.734645 -0.048436 0.676720 0.078552 0.955566 1 0 1.0
Default
0 -11.472609 19.236979 4.901639 -0.177657 0.059029 0.982321 0.078552 0.955566 1 0 1.0
0 -11.857069 19.280499 4.829493 -0.177657 0.059029 0.982321 0.078552 0.955566 1 0 1.0
0 -12.193383 10.387011 5.303087 -0.177657 0.059029 0.982321 0.078552 0.955566 1 0 1.0
Default
0 -9.890710 22.554239 4.655321 0.858288 -0.284486 -0.427095 0.078552 0.955566 1 0 1.0
0 -10.345264 21.182864 4.655319 0.858288 -0.284486 -0.427095 0.078552 0.955566 1 0 1.0
0 -10.699767 20.484891 4.407828 0.858288 -0.284486 -0.427095 0.078552 0.955566 1 0 1.0
Default
0 -11.792356 20.608562 4.902810 -0.433537 -0.028598 0.900682 0.078552 0.955566 1 0 1.0
0 -11.857069 19.280499 4.829493 -0.433537 -0.028598 0.900682 0.078552 0.955566 1 0 1.0
0 -11.384894 20.263574 5.087985 -0.433537 -0.028598 0.900682 0.078552 0.955566 1 0 1.0
Default
0 -10.699767 20.484891 4.902810 0.301315 -0.144129 0.942569 0.078552 0.955566 1 0 1.0
0 -11.384894 20.263574 5.087985 0.301315 -0.144129 0.942569 0.078552 0.955566 1 0 1.0
0 -11.088152 19.193459 4.829493 0.301315 -0.144129 0.942569 0.078552 0.955566 1 0 1.0
Default
0 -11.792356 20.608562 4.407828 -0.275216 -0.039620 -0.960566 0.078552 0.955566 1 0 1.0
0 -11.384894 20.263574 4.305314 -0.275216 -0.039620 -0.960566 0.078552 0.955566 1 0 1.0
0 -11.857069 19.280499 4.481147 -0.275216 -0.039620 -0.960566 0.078552 0.955566 1 0 1.0
Default
0 -11.792356 20.608562 4.902810 -0.738212 -0.003829 0.674558 0.078552 0.955566 1 0 1.0
0 -12.029787 21.556850 4.655319 -0.738451 -0.008922 0.674248 0.078552 0.955566 1 0 1.0
0 -12.018638 20.634178 4.655319 -0.738274 -0.005103 0.674482 0.078552 0.955566 1 0 1.0
Default
0 -9.890710 22.554239 4.655321 0.858288 -0.284488 0.427092 0.078552 0.955566 1 0 1.0
0 -10.699767 20.484891 4.902810 0.858288 -0.284488 0.427092 0.078552 0.955566 1 0 1.0
0 -10.345264 21.182864 4.655319 0.858288 -0.284488 0.427092 0.078552 0.955566 1 0 1.0
Default
0 -9.890710 22.554239 4.655321 -0.110426 0.160482 -0.980842 0.078552 0.955566 1 0 1.0
0 -10.699767 20.484891 4.407828 -0.110426 0.160482 -0.980842 0.078552 0.955566 1 0 1.0
0 -10.968117 21.042627 4.529295 -0.110426 0.160482 -0.980842 0.078552 0.955566 1 0 1.0
Default
0 -9.890710 22.554239 4.655321 -0.110428 0.160481 0.980842 0.078552 0.955566 1 0 1.0
0 -10.968117 21.042627 4.781343 -0.110428 0.160481 0.980842 0.078552 0.955566 1 0 1.0
0 -10.699767 20.484891 4.902810 -0.110428 0.160481 0.980842 0.078552 0.955566 1 0 1.0
Default
0 -12.018638 20.634178 4.655319 -0.738274 -0.005104 -0.674482 0.078552 0.955566 1 0 1.0
0 -12.029787 21.556850 4.655319 -0.738451 -0.008922 -0.674249 0.078552 0.955566 1 0 1.0
0 -11.792356 20.608562 4.407828 -0.738213 -0.003830 -0.674557 0.078552 0.955566 1 0 1.0
Default
0 -3.827426 -6.386334 4.694126 -0.829172 -0.249199 0.500374 0.078552 0.955566 1 0 1.0
0 -3.687327 -6.001418 5.117983 -0.829172 -0.249199 0.500374 0.078552 0.955566 1 0 1.0
0 -4.081043 -5.542462 4.694126 -0.829172 -0.249199 0.500374 0.078552 0.955566 1 0 1.0
Default
0 -2.639823 -5.068244 4.178345 -0.102085 -0.160776 -0.981697 0.078552 0.955566 1 0 1.0
0 -3.252080 -5.805392 4.362738 -0.102085 -0.160776 -0.981697 0.078552 0.955566 1 0 1.0
0 -3.828801 -4.849433 4.266149 -0.102085 -0.160776 -0.981697 0.078552 0.955566 1 0 1.0
Default
0 -2.199474 -4.277240 4.362738 -0.048706 0.574115 -0.817325 0.078552 0.955566 1 0 1.0
0 -3.650439 -4.359389 4.391501 -0.048706 0.574115 -0.817325 0.078552 0.955566 1 0 1.0
0 -2.518870 -3.832564 4.694126 -0.048706 0.574115 -0.817325 0.078552 0.955566 1 0 1.0
Default
0 -2.518870 -3.832564 4.694126 -0.284732 0.929960 0.232599 0.078552 0.955566 1 0 1.0
0 -3.576559 -4.156404 4.694126 -0.284732 0.929960 0.232599 0.078552 0.955566 1 0 1.0
0 -3.010876 -4.142884 5.332545 -0.284732 0.929960 0.232599 0.078552 0.955566 1 0 1.0
Default
0 -3.687327 -6.001418 5.117983 -0.392797 -0.105658 0.913535 0.078552 0.955566 1 0 1.0
0 -3.349102 -5.072151 5.370889 -0.392797 -0.105658 0.913535 0.078552 0.955566 1 0 1.0
0 -4.007162 -5.339479 5.057021 -0.392797 -0.105658 0.913535 0.078552 0.955566 1 0 1.0
Default
0 -3.827426 -6.386334 4.694126 -0.401234 -0.120587 -0.908003 0.078552 0.955566 1 0 1.0
0 -4.081043 -5.542462 4.694126 -0.401234 -0.120587 -0.908003 0.078552 0.955566 1 0 1.0
0 -3.252080 -5.805392 4.362738 -0.401234 -0.120587 -0.908003 0.078552 0.955566 1 0 1.0
Default
0 -0.347674 -0.905167 7.786784 -0.236646 0.524958 0.817568 0.019196 0.669922 1 0 1.0
0 -0.199758 -1.295013 8.079918 -0.236646 0.524958 0.817568 0.019165 0.669922 1 0 1.0
0 0.000000 -0.989868 7.941805 -0.236646 0.524958 0.817568 0.019196 0.669922 1 0 1.0
Default
0 -0.157617 -0.893826 8.435439 0.706123 0.707635 0.025359 0.083252 0.228638 1 0 1.0
0 -0.273021 -0.769749 8.186527 0.706123 0.707635 0.025359 0.084167 0.228149 1 0 1.0
0 -0.273520 -0.784726 8.618347 0.706123 0.707635 0.025359 0.082153 0.229370 1 0 1.0
Default
0 -0.159957 -0.823955 8.262204 0.192556 0.910951 0.364815 0.084290 0.228027 1 0 1.0
0 -0.273021 -0.769749 8.186527 0.192556 0.910951 0.364815 0.084167 0.228149 1 0 1.0
0 -0.157617 -0.893826 8.435439 0.192556 0.910951 0.364815 0.083252 0.228638 1 0 1.0
Default
0 -5.984028 -7.912411 4.101303 -0.323148 -0.174938 -0.930039 0.078552 0.955566 1 0 1.0
0 -5.844373 -7.485428 3.972465 -0.323148 -0.174938 -0.930039 0.078552 0.955566 1 0 1.0
0 -5.224436 -8.232930 3.897667 -0.323148 -0.174938 -0.930039 0.078552 0.955566 1 0 1.0
Default
0 -5.577347 -6.881581 4.313527 0.039685 0.811793 -0.582595 0.078552 0.955566 1 0 1.0
0 -4.793833 -7.049856 4.132423 0.039685 0.811793 -0.582595 0.078552 0.955566 1 0 1.0
0 -5.675920 -7.058445 4.060369 0.039685 0.811793 -0.582595 0.078552 0.955566 1 0 1.0
Default
0 -5.606398 -7.058445 4.583640 0.358440 0.762888 0.538073 0.078552 0.955566 1 0 1.0
0 -4.867713 -7.252841 4.367179 0.358440 0.762888 0.538073 0.078552 0.955566 1 0 1.0
0 -5.577347 -6.881581 4.313527 0.358440 0.762888 0.538073 0.078552 0.955566 1 0 1.0
Default
0 -5.746056 -7.485428 4.712478 0.379188 0.151418 0.912847 0.078552 0.955566 1 0 1.0
0 -5.046075 -7.742885 4.464419 0.379188 0.151418 0.912847 0.078552 0.955566 1 0 1.0
0 -5.606398 -7.058445 4.583640 0.379188 0.151418 0.912847 0.078552 0.955566 1 0 1.0
Default
0 -5.914510 -7.912412 4.624574 -0.139809 -0.785324 0.603091 0.078552 0.955566 1 0 1.0
0 -6.013083 -8.089275 4.371418 -0.139809 -0.785324 0.603091 0.078552 0.955566 1 0 1.0
0 -5.224436 -8.232930 4.367179 -0.139809 -0.785324 0.603091 0.078552 0.955566 1 0 1.0
Default
0 -6.515314 -7.278501 5.296946 0.549893 -0.226491 0.803940 0.078552 0.955566 1 0 1.0
0 -6.542460 -7.732545 5.187598 0.549893 -0.226491 0.803940 0.078552 0.955566 1 0 1.0
0 -5.746056 -7.485428 4.712478 0.549893 -0.226491 0.803940 0.078552 0.955566 1 0 1.0
Default
0 -6.640495 -7.920615 4.937367 -0.526992 -0.772650 -0.353965 0.078552 0.955566 1 0 1.0
0 -6.751994 -7.732544 4.692840 -0.526992 -0.772650 -0.353965 0.078552 0.955566 1 0 1.0
0 -6.013083 -8.089275 4.371418 -0.526992 -0.772650 -0.353965 0.078552 0.955566 1 0 1.0
Default
0 -6.784500 -6.824458 4.706605 -0.452217 0.234294 -0.860585 0.078552 0.955566 1 0 1.0
0 -5.675920 -7.058445 4.060369 -0.452217 0.234294 -0.860585 0.078552 0.955566 1 0 1.0
0 -6.811645 -7.278500 4.597257 -0.452217 0.234294 -0.860585 0.078552 0.955566 1 0 1.0
Default
0 -6.515314 -7.278501 5.296946 0.627376 0.238477 0.741301 0.078552 0.955566 1 0 1.0
0 -5.746056 -7.485428 4.712478 0.627376 0.238477 0.741301 0.078552 0.955566 1 0 1.0
0 -6.574963 -6.824458 5.201363 0.627376 0.238477 0.741301 0.078552 0.955566 1 0 1.0
Default
0 -6.751994 -7.732544 4.692840 -0.627059 -0.238492 -0.741565 0.078552 0.955566 1 0 1.0
0 -6.811645 -7.278500 4.597257 -0.627059 -0.238492 -0.741565 0.078552 0.955566 1 0 1.0
0 -5.984028 -7.912411 4.101303 -0.627059 -0.238492 -0.741565 0.078552 0.955566 1 0 1.0
Default
0 -6.574963 -6.824458 5.201363 0.450886 0.794980 0.405843 0.078552 0.955566 1 0 1.0
0 -5.606398 -7.058445 4.583640 0.450886 0.794980 0.405843 0.078552 0.955566 1 0 1.0
0 -6.686467 -6.636385 4.956838 0.450886 0.794980 0.405843 0.078552 0.955566 1 0 1.0
Default
0 -14.851649 -5.862857 6.668349 -0.140220 -0.923148 0.357960 0.078552 0.955566 1 0 1.0
0 -14.915405 -5.983451 6.332373 -0.140220 -0.923148 0.357960 0.078552 0.955566 1 0 1.0
0 -6.561403 -7.712846 5.144834 -0.140220 -0.923148 0.357960 0.078552 0.955566 1 0 1.0
Default
0 -4.030094 -8.406791 4.577588 -0.206101 -0.867188 0.453330 0.078552 0.955566 1 0 1.0
0 -5.224436 -8.232930 4.367179 -0.206101 -0.867188 0.453330 0.078552 0.955566 1 0 1.0
0 -3.971245 -8.653491 4.132423 -0.206101 -0.867188 0.453330 0.078552 0.955566 1 0 1.0
Default
0 -3.353527 -7.551702 3.616640 -0.076818 -0.248226 -0.965651 0.078552 0.955566 1 0 1.0
0 -3.741272 -8.149034 3.801033 -0.076818 -0.248226 -0.965651 0.078552 0.955566 1 0 1.0
0 -5.046075 -7.742884 3.800427 -0.076818 -0.248226 -0.965651 0.078552 0.955566 1 0 1.0
Default
0 -3.299824 -6.989385 3.801033 -0.174228 0.862811 -0.474554 0.078552 0.955566 1 0 1.0
0 -4.867713 -7.252841 3.897667 -0.174228 0.862811 -0.474554 0.078552 0.955566 1 0 1.0
0 -3.656341 -6.879109 4.132423 -0.174228 0.862811 -0.474554 0.078552 0.955566 1 0 1.0
Default
0 -3.656341 -6.879109 4.132423 -0.131261 0.874444 0.467031 0.078552 0.955566 1 0 1.0
0 -4.793833 -7.049856 4.132423 -0.131261 0.874444 0.467031 0.078552 0.955566 1 0 1.0
0 -4.314244 -7.215623 4.577588 -0.131261 0.874444 0.467031 0.078552 0.955566 1 0 1.0
Default
0 -4.030094 -8.406791 4.577588 -0.210529 -0.334605 0.918541 0.078552 0.955566 1 0 1.0
0 -4.172170 -7.811207 4.761983 -0.210529 -0.334605 0.918541 0.078552 0.955566 1 0 1.0
0 -5.224436 -8.232930 4.367179 -0.210529 -0.334605 0.918541 0.078552 0.955566 1 0 1.0
Default
0 -3.741272 -8.149034 3.801033 -0.024154 -0.541175 -0.840563 0.078552 0.955566 1 0 1.0
0 -3.971245 -8.653491 4.132423 -0.024154 -0.541175 -0.840563 0.078552 0.955566 1 0 1.0
0 -5.224436 -8.232930 3.897667 -0.024154 -0.541175 -0.840563 0.078552 0.955566 1 0 1.0
Default
0 -3.299824 -6.989385 3.801033 -0.111646 0.319254 -0.941069 0.078552 0.955566 1 0 1.0
0 -3.353527 -7.551702 3.616640 -0.111646 0.319254 -0.941069 0.078552 0.955566 1 0 1.0
0 -4.867713 -7.252841 3.897667 -0.111646 0.319254 -0.941069 0.078552 0.955566 1 0 1.0
Default
0 -4.172170 -7.811207 4.761983 -0.299506 0.216256 0.929263 0.078552 0.955566 1 0 1.0
0 -4.314244 -7.215623 4.577588 -0.299506 0.216256 0.929263 0.078552 0.955566 1 0 1.0
0 -5.046075 -7.742885 4.464419 -0.299506 0.216256 0.929263 0.078552 0.955566 1 0 1.0
Default
0 -15.532479 -4.932758 6.714767 0.110878 0.315222 0.942519 0.078552 0.955566 1 0 1.0
0 -15.607125 -5.368085 6.869142 0.110878 0.315222 0.942519 0.078552 0.955566 1 0 1.0
0 -14.729514 -5.116527 6.681767 0.110878 0.315222 0.942519 0.078552 0.955566 1 0 1.0
Default
0 -14.894520 -5.457807 5.847872 -0.213432 -0.346205 -0.913558 0.078552 0.955566 1 0 1.0
0 -6.791522 -7.278500 4.644764 -0.213432 -0.346205 -0.913558 0.078552 0.955566 1 0 1.0
0 -14.935480 -5.837140 6.001194 -0.213432 -0.346205 -0.913558 0.078552 0.955566 1 0 1.0
Default
0 -14.749589 -4.970216 6.350592 0.135137 0.924140 -0.357357 0.078552 0.955566 1 0 1.0
0 -6.684586 -6.688823 4.956040 0.135137 0.924140 -0.357357 0.078552 0.955566 1 0 1.0
0 -14.813340 -5.090813 6.014615 0.135137 0.924140 -0.357357 0.078552 0.955566 1 0 1.0
Default
0 -14.770472 -5.495860 6.835093 0.080956 -0.427084 0.900581 0.078552 0.955566 1 0 1.0
0 -14.851649 -5.862857 6.668349 0.080956 -0.427084 0.900581 0.078552 0.955566 1 0 1.0
0 -6.535436 -7.278501 5.249439 0.080956 -0.427084 0.900581 0.078552 0.955566 1 0 1.0
Default
0 -14.935480 -5.837140 6.001194 -0.261368 -0.888672 -0.376761 0.078552 0.955566 1 0 1.0
0 -6.734463 -7.712845 4.736202 -0.261368 -0.888672 -0.376761 0.078552 0.955566 1 0 1.0
0 -14.915405 -5.983451 6.332373 -0.261368 -0.888672 -0.376761 0.078552 0.955566 1 0 1.0
Default
0 -14.813340 -5.090813 6.014615 -0.050277 0.422327 -0.905048 0.078552 0.955566 1 0 1.0
0 -6.765558 -6.844157 4.749370 -0.050277 0.422327 -0.905048 0.078552 0.955566 1 0 1.0
0 -14.894520 -5.457807 5.847872 -0.050277 0.422327 -0.905048 0.078552 0.955566 1 0 1.0
Default
0 -14.729514 -5.116527 6.681767 0.242475 0.340943 0.908275 0.078552 0.955566 1 0 1.0
0 -14.770472 -5.495860 6.835093 0.242475 0.340943 0.908275 0.078552 0.955566 1 0 1.0
0 -6.592497 -6.844157 5.158003 0.242475 0.340943 0.908275 0.078552 0.955566 1 0 1.0
Default
0 -15.610932 -5.803415 6.697712 -0.055785 -0.912628 0.404967 0.078552 0.955566 1 0 1.0
0 -15.551138 -5.959099 6.355103 -0.055785 -0.912628 0.404967 0.078552 0.955566 1 0 1.0
0 -14.851649 -5.862857 6.668349 -0.055785 -0.912628 0.404967 0.078552 0.955566 1 0 1.0
Default
0 -15.463292 -5.803414 6.018598 -0.051947 -0.325845 -0.943995 0.078552 0.955566 1 0 1.0
0 -15.388646 -5.368084 5.864225 -0.051947 -0.325845 -0.943995 0.078552 0.955566 1 0 1.0
0 -14.935480 -5.837140 6.001194 -0.051947 -0.325845 -0.943995 0.078552 0.955566 1 0 1.0
Default
0 -15.532479 -4.932758 6.714767 0.216323 0.863343 0.455898 0.078552 0.955566 1 0 1.0
0 -14.729514 -5.116527 6.681767 0.216323 0.863343 0.455898 0.078552 0.955566 1 0 1.0
0 -15.444634 -4.777072 6.378259 0.216323 0.863343 0.455898 0.078552 0.955566 1 0 1.0
Default
0 -15.607125 -5.368085 6.869142 -0.018066 -0.366211 0.930356 0.078552 0.955566 1 0 1.0
0 -15.610932 -5.803415 6.697712 -0.018066 -0.366211 0.930356 0.078552 0.955566 1 0 1.0
0 -14.770472 -5.495860 6.835093 -0.018066 -0.366211 0.930356 0.078552 0.955566 1 0 1.0
Default
0 -15.384833 -4.932758 6.035657 0.066781 0.365089 -0.928574 0.078552 0.955566 1 0 1.0
0 -14.813340 -5.090813 6.014615 0.066781 0.365089 -0.928574 0.078552 0.955566 1 0 1.0
0 -15.388646 -5.368084 5.864225 0.066781 0.365089 -0.928574 0.078552 0.955566 1 0 1.0
Default
0 -18.715294 -4.400579 1.711880 0.334070 0.932974 -0.134001 0.078552 0.955566 1 0 1.0
0 -18.947689 -4.292727 1.883420 0.334070 0.932974 -0.134001 0.078552 0.955566 1 0 1.0
0 -15.415647 -4.941239 6.173712 0.334070 0.932974 -0.134001 0.078552 0.955566 1 0 1.0
Default
0 -15.576385 -5.368085 6.727746 -0.758991 -0.232810 0.608056 0.078552 0.955566 1 0 1.0
0 -19.415277 -4.899286 2.115434 -0.758991 -0.232810 0.608056 0.078552 0.955566 1 0 1.0
0 -15.580119 -5.794934 6.559655 -0.758991 -0.232810 0.608056 0.078552 0.955566 1 0 1.0
Default
0 -15.580119 -5.794934 6.559655 -0.464347 -0.834030 0.297953 0.078552 0.955566 1 0 1.0
0 -19.257153 -5.397994 1.940280 -0.464347 -0.834030 0.297953 0.078552 0.955566 1 0 1.0
0 -15.544665 -5.887244 6.356512 -0.464347 -0.834030 0.297953 0.078552 0.955566 1 0 1.0
Default
0 -18.947689 -4.292727 1.883420 -0.227658 0.928887 0.292131 0.078552 0.955566 1 0 1.0
0 -19.193783 -4.400579 2.034574 -0.227658 0.928887 0.292131 0.078552 0.955566 1 0 1.0
0 -15.451110 -4.848927 6.376853 -0.227658 0.928887 0.292131 0.078552 0.955566 1 0 1.0
Default
0 -15.544665 -5.887244 6.356512 0.330015 -0.886616 -0.324042 0.078552 0.955566 1 0 1.0
0 -19.024763 -5.505847 1.768730 0.330015 -0.886616 -0.324042 0.078552 0.955566 1 0 1.0
0 -15.492577 -5.794932 6.156985 0.330015 -0.886616 -0.324042 0.078552 0.955566 1 0 1.0
Default
0 -15.492577 -5.794932 6.156985 0.750221 -0.331508 -0.572075 0.078552 0.955566 1 0 1.0
0 -18.778669 -5.397994 1.617573 0.750221 -0.331508 -0.572075 0.078552 0.955566 1 0 1.0
0 -15.419387 -5.368085 6.005615 0.750221 -0.331508 -0.572075 0.078552 0.955566 1 0 1.0
Default
0 -19.193783 -4.400579 2.034574 -0.686218 0.402964 0.605578 0.078552 0.955566 1 0 1.0
0 -19.415277 -4.899286 2.115434 -0.686218 0.402964 0.605578 0.078552 0.955566 1 0 1.0
0 -15.503192 -4.941239 6.576380 -0.686218 0.402964 0.605578 0.078552 0.955566 1 0 1.0
Default
0 -18.557181 -4.899286 1.536715 0.764338 0.415520 -0.493083 0.078552 0.955566 1 0 1.0
0 -18.715294 -4.400579 1.711880 0.764338 0.415520 -0.493083 0.078552 0.955566 1 0 1.0
0 -15.419387 -5.368085 6.005615 0.764338 0.415520 -0.493083 0.078552 0.955566 1 0 1.0
Default
0 -19.987761 -4.835799 1.526295 -0.508075 0.118057 -0.853184 0.078552 0.955566 1 0 1.0
0 -19.845208 -4.835799 1.441403 -0.508083 0.118058 -0.853179 0.078552 0.955566 1 0 1.0
0 -19.788330 -5.405386 1.328708 -0.508084 0.118091 -0.853174 0.078552 0.955566 1 0 1.0
Default
0 -19.987761 -4.835799 1.526295 -0.508075 0.118057 -0.853184 0.078552 0.955566 1 0 1.0
0 -19.719028 -4.266214 1.445068 -0.508091 0.118043 -0.853176 0.078552 0.955566 1 0 1.0
0 -19.845208 -4.835799 1.441403 -0.508083 0.118058 -0.853179 0.078552 0.955566 1 0 1.0
Default
0 -24.038464 -4.347084 -6.268951 -0.734466 -0.582465 0.348272 0.078552 0.955566 1 0 1.0
0 -19.657146 -5.372929 1.255077 -0.734466 -0.582465 0.348272 0.078552 0.955566 1 0 1.0
0 -24.221467 -4.036300 -6.135116 -0.734466 -0.582465 0.348272 0.078552 0.955566 1 0 1.0
Default
0 -23.747068 -4.347085 -6.442509 0.139996 -0.966585 -0.214742 0.078552 0.955566 1 0 1.0
0 -19.325468 -5.372928 1.057525 0.139996 -0.966585 -0.214742 0.078552 0.955566 1 0 1.0
0 -23.894171 -4.387146 -6.358092 0.139996 -0.966585 -0.214742 0.078552 0.955566 1 0 1.0
Default
0 -23.542210 -4.036301 -6.539655 0.723350 0.584350 -0.367831 0.078552 0.955566 1 0 1.0
0 -23.725214 -3.725516 -6.405813 0.723350 0.584350 -0.367831 0.078552 0.955566 1 0 1.0
0 -19.072051 -4.835799 0.980932 0.723350 0.584350 -0.367831 0.078552 0.955566 1 0 1.0
Default
0 -24.221467 -4.036300 -6.135116 -0.673904 0.585191 0.451004 0.078552 0.955566 1 0 1.0
0 -19.845208 -4.835799 1.441403 -0.673904 0.585191 0.451004 0.078552 0.955566 1 0 1.0
0 -24.016613 -3.725515 -6.232268 -0.673904 0.585191 0.451004 0.078552 0.955566 1 0 1.0
Default
0 -23.894171 -4.387146 -6.358092 -0.258471 -0.965891 0.015703 0.078552 0.955566 1 0 1.0
0 -19.495518 -5.442166 1.149231 -0.258471 -0.965891 0.015703 0.078552 0.955566 1 0 1.0
0 -24.038464 -4.347084 -6.268951 -0.258471 -0.965891 0.015703 0.078552 0.955566 1 0 1.0
Default
0 -23.542210 -4.036301 -6.539655 0.668710 -0.584456 -0.459607 0.078552 0.955566 1 0 1.0
0 -19.072051 -4.835799 0.980932 0.668710 -0.584456 -0.459607 0.078552 0.955566 1 0 1.0
0 -23.747068 -4.347085 -6.442509 0.668710 -0.584456 -0.459607 0.078552 0.955566 1 0 1.0
Default
0 -6.066324 -10.012753 4.101303 -0.301073 -0.210672 -0.930039 0.078552 0.955566 1 0 1.0
0 -5.976307 -9.572623 3.972465 -0.301073 -0.210672 -0.930039 0.078552 0.955566 1 0 1.0
0 -5.275114 -10.244495 3.897667 -0.301073 -0.210672 -0.930039 0.078552 0.955566 1 0 1.0
Default
0 -5.779937 -8.942248 4.313527 -0.053214 0.811018 -0.582596 0.078552 0.955566 1 0 1.0
0 -4.982336 -9.020010 4.132423 -0.053214 0.811018 -0.582596 0.078552 0.955566 1 0 1.0
0 -5.857681 -9.129205 4.060369 -0.053214 0.811018 -0.582596 0.078552 0.955566 1 0 1.0
Default
0 -5.788613 -9.121271 4.583640 0.269039 0.798810 0.538072 0.078552 0.955566 1 0 1.0
0 -5.032570 -9.230100 4.367179 0.269039 0.798810 0.538072 0.078552 0.955566 1 0 1.0
0 -5.779937 -8.942248 4.313527 0.269039 0.798810 0.538072 0.078552 0.955566 1 0 1.0
Default
0 -5.878634 -9.561403 4.712478 0.359430 0.193701 0.912847 0.078552 0.955566 1 0 1.0
0 -5.153843 -9.737297 4.464419 0.359430 0.193701 0.912847 0.078552 0.955566 1 0 1.0
0 -5.788613 -9.121271 4.583640 0.359430 0.193701 0.912847 0.078552 0.955566 1 0 1.0
Default
0 -5.997261 -10.004821 4.624574 -0.049276 -0.796150 0.603090 0.078552 0.955566 1 0 1.0
0 -6.075004 -10.191777 4.371418 -0.049276 -0.796150 0.603090 0.078552 0.955566 1 0 1.0
0 -5.275117 -10.244495 4.367179 -0.049276 -0.796150 0.603090 0.078552 0.955566 1 0 1.0
Default
0 -6.666479 -9.443614 5.296946 0.572149 -0.162259 0.803939 0.078552 0.955566 1 0 1.0
0 -6.641633 -9.897790 5.187598 0.572149 -0.162259 0.803939 0.078552 0.955566 1 0 1.0
0 -5.878634 -9.561403 4.712478 0.572149 -0.162259 0.803939 0.078552 0.955566 1 0 1.0
Default
0 -6.717565 -10.095818 4.937367 -0.435376 -0.827741 -0.353966 0.078552 0.955566 1 0 1.0
0 -6.849798 -9.921699 4.692840 -0.435376 -0.827741 -0.353966 0.078552 0.955566 1 0 1.0
0 -6.075004 -10.191777 4.371418 -0.435376 -0.827741 -0.353966 0.078552 0.955566 1 0 1.0
Default
0 -6.985721 -9.023256 4.706605 -0.476000 0.181157 -0.860585 0.078552 0.955566 1 0 1.0
0 -5.857681 -9.129205 4.060369 -0.476000 0.181157 -0.860585 0.078552 0.955566 1 0 1.0
0 -6.960874 -9.477429 4.597257 -0.476000 0.181157 -0.860585 0.078552 0.955566 1 0 1.0
Default
0 -6.666479 -9.443614 5.296946 0.596064 0.308514 0.741301 0.078552 0.955566 1 0 1.0
0 -5.878634 -9.561403 4.712478 0.596064 0.308514 0.741301 0.078552 0.955566 1 0 1.0
0 -6.777553 -8.999344 5.201363 0.596064 0.308514 0.741301 0.078552 0.955566 1 0 1.0
Default
0 -6.849798 -9.921699 4.692840 -0.595747 -0.308493 -0.741564 0.078552 0.955566 1 0 1.0
0 -6.960874 -9.477429 4.597257 -0.595747 -0.308493 -0.741564 0.078552 0.955566 1 0 1.0
0 -6.066324 -10.012753 4.101303 -0.595747 -0.308493 -0.741564 0.078552 0.955566 1 0 1.0
Default
0 -6.777553 -8.999344 5.201363 0.357219 0.841241 0.405843 0.078552 0.955566 1 0 1.0
0 -5.788613 -9.121271 4.583640 0.357219 0.841241 0.405843 0.078552 0.955566 1 0 1.0
0 -6.909791 -8.825224 4.956838 0.357219 0.841241 0.405843 0.078552 0.955566 1 0 1.0
Default
0 -15.073238 -9.007380 6.723756 -0.023942 -0.923424 0.383035 0.078552 0.955566 1 0 1.0
0 -15.081342 -9.156097 6.364721 -0.023942 -0.923424 0.383035 0.078552 0.955566 1 0 1.0
0 -6.662700 -9.880380 5.144834 -0.023942 -0.923424 0.383035 0.078552 0.955566 1 0 1.0
Default
0 -4.127289 -10.878141 4.208266 -0.315735 -0.802396 0.506431 0.078552 0.955566 1 0 1.0
0 -4.311926 -10.572391 4.577588 -0.315735 -0.802396 0.506431 0.078552 0.955566 1 0 1.0
0 -5.325350 -10.454584 4.132423 -0.315735 -0.802396 0.506431 0.078552 0.955566 1 0 1.0
Default
0 -3.793164 -9.610923 3.616640 -0.097664 -0.319294 -0.942610 0.078552 0.955566 1 0 1.0
0 -3.914822 -10.312218 3.866797 -0.097664 -0.319294 -0.942610 0.078552 0.955566 1 0 1.0
0 -5.153843 -9.737297 3.800427 -0.097664 -0.319294 -0.942610 0.078552 0.955566 1 0 1.0
Default
0 -4.022941 -9.059983 3.819516 -0.166650 0.647403 -0.743705 0.078552 0.955566 1 0 1.0
0 -5.032570 -9.230100 3.897667 -0.166650 0.647403 -0.743705 0.078552 0.955566 1 0 1.0
0 -4.238327 -8.755974 4.132423 -0.166650 0.647403 -0.743705 0.078552 0.955566 1 0 1.0
Default
0 -4.238327 -8.755974 4.132423 -0.292898 0.825336 0.482733 0.078552 0.955566 1 0 1.0
0 -4.982336 -9.020010 4.132423 -0.292898 0.825336 0.482733 0.078552 0.955566 1 0 1.0
0 -4.539297 -9.123157 4.577588 -0.292898 0.825336 0.482733 0.078552 0.955566 1 0 1.0
Default
0 -4.311926 -10.572391 4.577588 -0.294590 -0.278817 0.914045 0.078552 0.955566 1 0 1.0
0 -4.425612 -9.847774 4.761983 -0.294590 -0.278817 0.914045 0.078552 0.955566 1 0 1.0
0 -5.275117 -10.244495 4.367179 -0.294590 -0.278817 0.914045 0.078552 0.955566 1 0 1.0
Default
0 -3.914822 -10.312218 3.866797 -0.044658 -0.503765 -0.862686 0.078552 0.955566 1 0 1.0
0 -4.127289 -10.878141 4.208266 -0.044658 -0.503765 -0.862686 0.078552 0.955566 1 0 1.0
0 -5.275114 -10.244495 3.897667 -0.044658 -0.503765 -0.862686 0.078552 0.955566 1 0 1.0
Default
0 -3.793164 -9.610923 3.616640 -0.154207 0.284148 -0.946298 0.078552 0.955566 1 0 1.0
0 -5.153843 -9.737297 3.800427 -0.154207 0.284148 -0.946298 0.078552 0.955566 1 0 1.0
0 -4.022941 -9.059983 3.819516 -0.154207 0.284148 -0.946298 0.078552 0.955566 1 0 1.0
Default
0 -4.425612 -9.847774 4.761983 -0.348675 0.179390 0.919916 0.078552 0.955566 1 0 1.0
0 -4.539297 -9.123157 4.577588 -0.348675 0.179390 0.919916 0.078552 0.955566 1 0 1.0
0 -5.153843 -9.737297 4.464419 -0.348675 0.179390 0.919916 0.078552 0.955566 1 0 1.0
Default
0 -15.942061 -8.584854 6.912163 0.026878 0.328949 0.943965 0.078552 0.955566 1 0 1.0
0 -15.050426 -8.600742 6.892312 0.026878 0.328949 0.943965 0.078552 0.955566 1 0 1.0
0 -15.915821 -8.112122 6.746680 0.026878 0.328949 0.943965 0.078552 0.955566 1 0 1.0
Default
0 -15.050233 -8.612511 5.825026 -0.173065 -0.388846 -0.904902 0.078552 0.955566 1 0 1.0
0 -6.940882 -9.475133 4.644764 -0.173065 -0.388846 -0.904902 0.078552 0.955566 1 0 1.0
0 -15.073105 -9.015333 6.002497 -0.173065 -0.388846 -0.904902 0.078552 0.955566 1 0 1.0
Default
0 -15.019317 -8.057156 6.352614 0.027358 0.923312 -0.383074 0.078552 0.955566 1 0 1.0
0 -6.901938 -8.877105 4.956040 0.027358 0.923312 -0.383074 0.078552 0.955566 1 0 1.0
0 -15.027419 -8.205876 5.993580 0.027358 0.923312 -0.383074 0.078552 0.955566 1 0 1.0
Default
0 -15.050426 -8.600742 6.892312 0.140122 -0.385838 0.911863 0.078552 0.955566 1 0 1.0
0 -15.073238 -9.007380 6.723756 0.140122 -0.385838 0.911863 0.078552 0.955566 1 0 1.0
0 -6.686470 -9.445910 5.249439 0.140122 -0.385838 0.911863 0.078552 0.955566 1 0 1.0
Default
0 -15.073105 -9.015333 6.002497 -0.154256 -0.919746 -0.360932 0.078552 0.955566 1 0 1.0
0 -6.834629 -9.900129 4.736202 -0.154256 -0.919746 -0.360932 0.078552 0.955566 1 0 1.0
0 -15.081342 -9.156097 6.364721 -0.154256 -0.919746 -0.360932 0.078552 0.955566 1 0 1.0
Default
0 -15.027419 -8.205876 5.993580 -0.101560 0.385794 -0.916978 0.078552 0.955566 1 0 1.0
0 -6.964654 -9.040665 4.749370 -0.101560 0.385794 -0.916978 0.078552 0.955566 1 0 1.0
0 -15.050233 -8.612511 5.825026 -0.101560 0.385794 -0.916978 0.078552 0.955566 1 0 1.0
Default
0 -15.027555 -8.197921 6.714837 0.208439 0.384392 0.899331 0.078552 0.955566 1 0 1.0
0 -15.050426 -8.600742 6.892312 0.208439 0.384392 0.899331 0.078552 0.955566 1 0 1.0
0 -6.792725 -9.020915 5.158003 0.208439 0.384392 0.899331 0.078552 0.955566 1 0 1.0
Default
0 -15.735632 -9.030859 6.000424 0.010708 -0.330901 -0.943605 0.078552 0.955566 1 0 1.0
0 -15.709393 -8.558126 5.834945 0.010708 -0.330901 -0.943605 0.078552 0.955566 1 0 1.0
0 -15.073105 -9.015333 6.002497 0.010708 -0.330901 -0.943605 0.078552 0.955566 1 0 1.0
Default
0 -15.915821 -8.112122 6.746680 0.101772 0.885071 0.454193 0.078552 0.955566 1 0 1.0
0 -15.027555 -8.197921 6.714837 0.101772 0.885071 0.454193 0.078552 0.955566 1 0 1.0
0 -15.841315 -7.935579 6.385962 0.101772 0.885071 0.454193 0.078552 0.955566 1 0 1.0
Default
0 -15.810142 -9.207401 6.361140 0.065566 -0.901544 -0.427691 0.078552 0.955566 1 0 1.0
0 -15.735632 -9.030859 6.000424 0.065566 -0.901544 -0.427691 0.078552 0.955566 1 0 1.0
0 -15.081342 -9.156097 6.364721 0.065566 -0.901544 -0.427691 0.078552 0.955566 1 0 1.0
Default
0 -15.811560 -9.149582 6.362271 0.400491 -0.852970 -0.334738 0.078552 0.955566 1 0 1.0
0 -19.238908 -8.987142 1.847762 0.400491 -0.852970 -0.334738 0.078552 0.955566 1 0 1.0
0 -15.765840 -9.041250 6.140924 0.400491 -0.852970 -0.334738 0.078552 0.955566 1 0 1.0
Default
0 -15.765840 -9.041250 6.140924 0.772422 -0.247604 -0.584856 0.078552 0.955566 1 0 1.0
0 -19.057917 -8.879435 1.724560 0.772422 -0.247604 -0.584856 0.078552 0.955566 1 0 1.0
0 -15.739215 -8.561552 5.973003 0.772422 -0.247604 -0.584856 0.078552 0.955566 1 0 1.0
Default
0 -24.169409 -7.877801 -6.405816 0.123147 0.990862 -0.055029 0.078552 0.955566 1 0 1.0
0 -24.317328 -7.854466 -6.316676 0.123147 0.990862 -0.055029 0.078552 0.955566 1 0 1.0
0 -19.637980 -8.017698 1.215822 0.123147 0.990862 -0.055029 0.078552 0.955566 1 0 1.0
Default
0 -19.468580 -8.122803 2.060363 -0.744386 0.321558 0.585226 0.078552 0.955566 1 0 1.0
0 -19.595588 -8.539294 2.127658 -0.744386 0.321558 0.585226 0.078552 0.955566 1 0 1.0
0 -15.885617 -8.101730 6.606182 -0.744386 0.321558 0.585226 0.078552 0.955566 1 0 1.0
Default
0 -18.930909 -8.462943 1.657268 0.704098 0.494718 -0.509411 0.078552 0.955566 1 0 1.0
0 -19.097942 -8.080228 1.798074 0.704098 0.494718 -0.509411 0.078552 0.955566 1 0 1.0
0 -15.739215 -8.561552 5.973003 0.704098 0.494718 -0.509411 0.078552 0.955566 1 0 1.0
Default
0 -15.912246 -8.581428 6.774101 -0.745877 -0.312094 0.588443 0.078552 0.955566 1 0 1.0
0 -19.595588 -8.539294 2.127658 -0.745877 -0.312094 0.588443 0.078552 0.955566 1 0 1.0
0 -15.862320 -9.052334 6.587629 -0.745877 -0.312094 0.588443 0.078552 0.955566 1 0 1.0
Default
0 -15.862320 -9.052334 6.587629 -0.400267 -0.870758 0.285597 0.078552 0.955566 1 0 1.0
0 -19.428553 -8.922010 1.986860 -0.400267 -0.870758 0.285597 0.078552 0.955566 1 0 1.0
0 -15.811560 -9.149582 6.362271 -0.400267 -0.870758 0.285597 0.078552 0.955566 1 0 1.0
Default
0 -19.287591 -8.015096 1.937164 -0.351395 0.897045 0.268014 0.078552 0.955566 1 0 1.0
0 -19.468580 -8.122803 2.060363 -0.351395 0.897045 0.268014 0.078552 0.955566 1 0 1.0
0 -15.839899 -7.993399 6.384835 -0.351395 0.897045 0.268014 0.078552 0.955566 1 0 1.0
Default
0 -19.097942 -8.080228 1.798074 0.213739 0.963724 -0.159852 0.078552 0.955566 1 0 1.0
0 -19.287591 -8.015096 1.937164 0.213739 0.963724 -0.159852 0.078552 0.955566 1 0 1.0
0 -15.789130 -8.090647 6.159479 0.213739 0.963724 -0.159852 0.078552 0.955566 1 0 1.0
Default
0 -20.200995 -8.542463 1.521344 -0.518244 0.059301 -0.853175 0.078552 0.955566 1 0 1.0
0 -20.080480 -8.528620 1.449102 -0.518245 0.059301 -0.853174 0.078552 0.955566 1 0 1.0
0 -19.977078 -9.004640 1.353200 -0.518251 0.059326 -0.853168 0.078552 0.955566 1 0 1.0
Default
0 -20.200995 -8.542463 1.521344 -0.518244 0.059301 -0.853175 0.078552 0.955566 1 0 1.0
0 -20.029119 -8.034825 1.452220 -0.518244 0.059284 -0.853176 0.078552 0.955566 1 0 1.0
0 -20.080480 -8.528620 1.449102 -0.518245 0.059301 -0.853174 0.078552 0.955566 1 0 1.0
Default
0 -24.458903 -7.911054 -6.232270 -0.271291 0.945711 0.178976 0.078552 0.955566 1 0 1.0
0 -19.918399 -8.049910 1.383918 -0.271291 0.945711 0.178976 0.078552 0.955566 1 0 1.0
0 -24.317328 -7.854466 -6.316676 -0.271291 0.945711 0.178976 0.078552 0.955566 1 0 1.0
Default
0 -24.409681 -8.531055 -6.268953 -0.658084 -0.662792 0.357257 0.078552 0.955566 1 0 1.0
0 -19.869326 -8.964460 1.290541 -0.658084 -0.662792 0.357257 0.078552 0.955566 1 0 1.0
0 -24.626955 -8.243185 -6.135118 -0.658084 -0.662792 0.357257 0.078552 0.955566 1 0 1.0
Default
0 -24.120187 -8.497803 -6.442511 0.254402 -0.944764 -0.206639 0.078552 0.955566 1 0 1.0
0 -19.588915 -8.932249 1.122427 0.254402 -0.944764 -0.206639 0.078552 0.955566 1 0 1.0
0 -24.261759 -8.554388 -6.358094 0.254402 -0.944764 -0.206639 0.078552 0.955566 1 0 1.0
Default
0 -23.952135 -8.165670 -6.539657 0.653938 0.662999 -0.364413 0.078552 0.955566 1 0 1.0
0 -24.169409 -7.877801 -6.405816 0.653938 0.662999 -0.364413 0.078552 0.955566 1 0 1.0
0 -19.426834 -8.453537 1.057248 0.653938 0.662999 -0.364413 0.078552 0.955566 1 0 1.0
Default
0 -24.626955 -8.243185 -6.135118 -0.732111 0.504362 0.457857 0.078552 0.955566 1 0 1.0
0 -20.080480 -8.528620 1.449102 -0.732111 0.504362 0.457857 0.078552 0.955566 1 0 1.0
0 -24.458903 -7.911054 -6.232270 -0.732111 0.504362 0.457857 0.078552 0.955566 1 0 1.0
Default
0 -24.261759 -8.554388 -6.358094 -0.140899 -0.989702 0.025248 0.078552 0.955566 1 0 1.0
0 -19.725956 -9.007298 1.200468 -0.140899 -0.989702 0.025248 0.078552 0.955566 1 0 1.0
0 -24.409681 -8.531055 -6.268953 -0.140899 -0.989702 0.025248 0.078552 0.955566 1 0 1.0
Default
0 -23.952135 -8.165670 -6.539657 0.733300 -0.504387 -0.455922 0.078552 0.955566 1 0 1.0
0 -19.426834 -8.453537 1.057248 0.733300 -0.504387 -0.455922 0.078552 0.955566 1 0 1.0
0 -24.120187 -8.497803 -6.442511 0.733300 -0.504387 -0.455922 0.078552 0.955566 1 0 1.0
Default
0 -5.085555 -13.523191 4.101303 -0.205034 -0.304941 -0.930039 0.078552 0.955566 1 0 1.0
0 -5.160036 -13.080168 3.972465 -0.205034 -0.304941 -0.930039 0.078552 0.955566 1 0 1.0
0 -4.263970 -13.454530 3.897667 -0.205034 -0.304941 -0.930039 0.078552 0.955566 1 0 1.0
Default
0 -5.203793 -12.421367 4.313527 -0.341640 0.737471 -0.582596 0.078552 0.955566 1 0 1.0
0 -4.431682 -12.206750 4.132423 -0.341640 0.737471 -0.582596 0.078552 0.955566 1 0 1.0
0 -5.209011 -12.623777 4.060369 -0.341640 0.737471 -0.582596 0.078552 0.955566 1 0 1.0
Default
0 -5.147431 -12.591508 4.583640 -0.036602 0.842104 0.538072 0.078552 0.955566 1 0 1.0
0 -4.402907 -12.420837 4.367179 -0.036602 0.842104 0.538072 0.078552 0.955566 1 0 1.0
0 -5.203793 -12.421367 4.313527 -0.036602 0.842104 0.538072 0.078552 0.955566 1 0 1.0
Default
0 -5.072953 -13.034535 4.712478 0.265587 0.310117 0.912848 0.078552 0.955566 1 0 1.0
0 -4.333439 -12.937684 4.464419 0.265587 0.310117 0.912848 0.078552 0.955566 1 0 1.0
0 -5.147431 -12.591508 4.583640 0.265587 0.310117 0.912848 0.078552 0.955566 1 0 1.0
Default
0 -5.023978 -13.490927 4.624574 0.240670 -0.760501 0.603089 0.078552 0.955566 1 0 1.0
0 -5.029199 -13.693335 4.371418 0.240670 -0.760501 0.603089 0.078552 0.955566 1 0 1.0
0 -4.263972 -13.454531 4.367179 0.240670 -0.760501 0.603089 0.078552 0.955566 1 0 1.0
Default
0 -3.051390 -12.815490 4.746897 0.202368 -0.754771 0.623993 0.078552 0.955566 1 0 1.0
0 -4.263972 -13.454531 4.367179 0.240670 -0.760501 0.603089 0.078552 0.955566 1 0 1.0
0 -2.776331 -13.046414 4.378371 0.202368 -0.754771 0.623993 0.078552 0.955566 1 0 1.0
Default
0 -5.850372 -13.208297 5.296946 0.592198 0.054616 0.803939 0.078552 0.955566 1 0 1.0
0 -5.663674 -13.623069 5.187598 0.592198 0.054616 0.803939 0.078552 0.955566 1 0 1.0
0 -5.072953 -13.034535 4.712478 0.592198 0.054616 0.803939 0.078552 0.955566 1 0 1.0
Default
0 -5.663216 -13.835157 4.937367 -0.108164 -0.928982 -0.353966 0.078552 0.955566 1 0 1.0
0 -5.849271 -13.720323 4.692840 -0.108164 -0.928982 -0.353966 0.078552 0.955566 1 0 1.0
0 -5.029199 -13.693335 4.371418 -0.108164 -0.928982 -0.353966 0.078552 0.955566 1 0 1.0
Default
0 -6.299549 -12.931066 4.706605 -0.509302 -0.002368 -0.860585 0.078552 0.955566 1 0 1.0
0 -5.209011 -12.623777 4.060369 -0.509302 -0.002368 -0.860585 0.078552 0.955566 1 0 1.0
0 -6.112851 -13.345837 4.597257 -0.509302 -0.002368 -0.860585 0.078552 0.955566 1 0 1.0
Default
0 -5.850372 -13.208297 5.296946 0.445016 0.502428 0.741301 0.078552 0.955566 1 0 1.0
0 -5.072953 -13.034535 4.712478 0.445016 0.502428 0.741301 0.078552 0.955566 1 0 1.0
0 -6.113951 -12.833810 5.201363 0.445016 0.502428 0.741301 0.078552 0.955566 1 0 1.0
Default
0 -5.849271 -13.720323 4.692840 -0.444727 -0.502295 -0.741565 0.078552 0.955566 1 0 1.0
0 -6.112851 -13.345837 4.597257 -0.444727 -0.502295 -0.741565 0.078552 0.955566 1 0 1.0
0 -5.085555 -13.523191 4.101303 -0.444727 -0.502295 -0.741565 0.078552 0.955566 1 0 1.0
Default
0 -6.113951 -12.833810 5.201363 0.030388 0.913438 0.405843 0.078552 0.955566 1 0 1.0
0 -5.147431 -12.591508 4.583640 0.030388 0.913438 0.405843 0.078552 0.955566 1 0 1.0
0 -6.300010 -12.718977 4.956838 0.030388 0.913438 0.405843 0.078552 0.955566 1 0 1.0
Default
0 -2.858737 -11.784507 3.785949 0.240448 -0.319000 -0.916746 0.078552 0.955566 1 0 1.0
0 -2.766721 -12.477549 4.051241 0.240448 -0.319000 -0.916746 0.078552 0.955566 1 0 1.0
0 -4.333440 -12.937683 3.800427 0.240448 -0.319000 -0.916746 0.078552 0.955566 1 0 1.0
Default
0 -3.021610 -11.189417 3.970342 -0.467495 0.564541 -0.680251 0.078552 0.955566 1 0 1.0
0 -4.402907 -12.420837 3.897667 -0.467495 0.564541 -0.680251 0.078552 0.955566 1 0 1.0
0 -3.526343 -11.208073 4.301732 -0.467495 0.564541 -0.680251 0.078552 0.955566 1 0 1.0
Default
0 -3.526343 -11.208073 4.301732 -0.729302 0.607919 0.313931 0.078552 0.955566 1 0 1.0
0 -4.431682 -12.206750 4.132423 -0.729302 0.607919 0.313931 0.078552 0.955566 1 0 1.0
0 -3.695108 -11.640420 4.746897 -0.729302 0.607919 0.313931 0.078552 0.955566 1 0 1.0
Default
0 -3.373250 -12.227956 4.931290 -0.164977 -0.376481 0.911617 0.078552 0.955566 1 0 1.0
0 -4.333439 -12.937684 4.464419 -0.164977 -0.376481 0.911617 0.078552 0.955566 1 0 1.0
0 -3.051390 -12.815490 4.746897 -0.164977 -0.376481 0.911617 0.078552 0.955566 1 0 1.0
Default
0 -2.766721 -12.477549 4.051241 0.385145 -0.464932 -0.797184 0.078552 0.955566 1 0 1.0
0 -2.776331 -13.046414 4.378371 0.385145 -0.464932 -0.797184 0.078552 0.955566 1 0 1.0
0 -4.263970 -13.454530 3.897667 0.385145 -0.464932 -0.797184 0.078552 0.955566 1 0 1.0
Default
0 -3.021610 -11.189417 3.970342 -0.171376 0.248498 -0.953351 0.078552 0.955566 1 0 1.0
0 -2.858737 -11.784507 3.785949 -0.171376 0.248498 -0.953351 0.078552 0.955566 1 0 1.0
0 -4.402907 -12.420837 3.897667 -0.171376 0.248498 -0.953351 0.078552 0.955566 1 0 1.0
Default
0 -3.695108 -11.640420 4.746897 -0.482020 0.010898 0.876092 0.078552 0.955566 1 0 1.0
0 -4.402907 -12.420837 4.367179 -0.482020 0.010898 0.876092 0.078552 0.955566 1 0 1.0
0 -3.373250 -12.227956 4.931290 -0.482020 0.010898 0.876092 0.078552 0.955566 1 0 1.0
Default
0 -14.848578 -15.596598 6.875167 0.003874 0.337597 0.941283 0.078552 0.955566 1 0 1.0
0 -14.112312 -15.228099 6.739972 0.003874 0.337597 0.941283 0.078552 0.955566 1 0 1.0
0 -14.945509 -15.152778 6.716387 0.003874 0.337597 0.941283 0.078552 0.955566 1 0 1.0
Default
0 -14.063390 -15.523766 5.846696 0.071733 -0.668234 -0.740485 0.078552 0.955566 1 0 1.0
0 -6.095027 -13.336496 4.644764 0.071733 -0.668234 -0.740485 0.078552 0.955566 1 0 1.0
0 -13.964938 -15.798438 6.104105 0.071733 -0.668234 -0.740485 0.078552 0.955566 1 0 1.0
Default
0 -14.232277 -14.937961 6.140457 -0.254712 0.965175 0.059654 0.078552 0.955566 1 0 1.0
0 -14.210764 -14.953428 6.482561 -0.254712 0.965175 0.059654 0.078552 0.955566 1 0 1.0
0 -6.274005 -12.764552 4.956040 -0.254712 0.965175 0.059654 0.078552 0.955566 1 0 1.0
Default
0 -13.964938 -15.798438 6.104105 0.240985 -0.968737 -0.058949 0.078552 0.955566 1 0 1.0
0 -5.842885 -13.694737 4.736202 0.240985 -0.968737 -0.058949 0.078552 0.955566 1 0 1.0
0 -13.943425 -15.813904 6.446209 0.240985 -0.968737 -0.058949 0.078552 0.955566 1 0 1.0
Default
0 -14.063390 -15.523766 5.846696 -0.155493 0.023801 -0.987550 0.078552 0.955566 1 0 1.0
0 -14.061404 -15.111295 5.856324 -0.155493 0.023801 -0.987550 0.078552 0.955566 1 0 1.0
0 -6.095027 -13.336496 4.644764 -0.155493 0.023801 -0.987550 0.078552 0.955566 1 0 1.0
Default
0 -14.210764 -14.953428 6.482561 -0.053253 0.672610 0.738078 0.078552 0.955566 1 0 1.0
0 -14.112312 -15.228099 6.739972 -0.053253 0.672610 0.738078 0.078552 0.955566 1 0 1.0
0 -6.120338 -12.859398 5.158003 -0.053253 0.672610 0.738078 0.078552 0.955566 1 0 1.0
Default
0 -14.567002 -16.138390 6.346465 0.366024 -0.831721 0.417452 0.078552 0.955566 1 0 1.0
0 -13.943425 -15.813904 6.446209 0.366024 -0.831721 0.417452 0.078552 0.955566 1 0 1.0
0 -14.684116 -16.013066 6.698845 0.366024 -0.831721 0.417452 0.078552 0.955566 1 0 1.0
Default
0 -14.640304 -15.512237 5.841583 0.001620 -0.336528 -0.941672 0.078552 0.955566 1 0 1.0
0 -14.063390 -15.523766 5.846696 0.001620 -0.336528 -0.941672 0.078552 0.955566 1 0 1.0
0 -14.543373 -15.956057 6.000359 0.001620 -0.336528 -0.941672 0.078552 0.955566 1 0 1.0
Default
0 -14.921880 -14.970444 6.370281 -0.169400 0.909445 -0.379754 0.078552 0.955566 1 0 1.0
0 -14.232277 -14.937961 6.140457 -0.169400 0.909445 -0.379754 0.078552 0.955566 1 0 1.0
0 -14.804757 -15.095769 6.017905 -0.169400 0.909445 -0.379754 0.078552 0.955566 1 0 1.0
Default
0 -14.945509 -15.152778 6.716387 -0.093619 0.883472 0.459035 0.078552 0.955566 1 0 1.0
0 -14.210764 -14.953428 6.482561 -0.093619 0.883472 0.459035 0.078552 0.955566 1 0 1.0
0 -14.921880 -14.970444 6.370281 -0.093619 0.883472 0.459035 0.078552 0.955566 1 0 1.0
Default
0 -14.684116 -16.013066 6.698845 0.182107 -0.321500 0.929233 0.078552 0.955566 1 0 1.0
0 -13.997998 -15.598629 6.707771 0.182107 -0.321500 0.929233 0.078552 0.955566 1 0 1.0
0 -14.848578 -15.596598 6.875167 0.182107 -0.321500 0.929233 0.078552 0.955566 1 0 1.0
Default
0 -14.543373 -15.956057 6.000359 0.308224 -0.850178 -0.426843 0.078552 0.955566 1 0 1.0
0 -13.964938 -15.798438 6.104105 0.308224 -0.850178 -0.426843 0.078552 0.955566 1 0 1.0
0 -14.567002 -16.138390 6.346465 0.308224 -0.850178 -0.426843 0.078552 0.955566 1 0 1.0
Default
0 -14.804757 -15.095769 6.017905 -0.195217 0.315999 -0.928458 0.078552 0.955566 1 0 1.0
0 -14.061404 -15.111295 5.856324 -0.195217 0.315999 -0.928458 0.078552 0.955566 1 0 1.0
0 -14.640304 -15.512237 5.841583 -0.195217 0.315999 -0.928458 0.078552 0.955566 1 0 1.0
Default
0 -18.084048 -16.146200 1.774230 -0.044868 0.979586 -0.195953 0.078552 0.955566 1 0 1.0
0 -18.221130 -16.133217 1.870524 -0.044868 0.979586 -0.195953 0.078552 0.955566 1 0 1.0
0 -14.830114 -15.119524 6.161605 -0.044868 0.979586 -0.195953 0.078552 0.955566 1 0 1.0
Default
0 -14.818632 -15.584468 6.726542 -0.643398 -0.499635 0.580004 0.078552 0.955566 1 0 1.0
0 -18.339497 -16.534057 2.002838 -0.643398 -0.499635 0.580004 0.078552 0.955566 1 0 1.0
0 -14.658759 -15.989310 6.555145 -0.643398 -0.499635 0.580004 0.078552 0.955566 1 0 1.0
Default
0 -23.024044 -17.053393 -6.405812 -0.107072 0.993295 -0.043584 0.078552 0.955566 1 0 1.0
0 -23.173294 -17.065570 -6.316673 -0.107072 0.993295 -0.043584 0.078552 0.955566 1 0 1.0
0 -18.504251 -16.227797 1.306278 -0.107072 0.993295 -0.043584 0.078552 0.955566 1 0 1.0
Default
0 -14.658759 -15.989310 6.555145 -0.164603 -0.945335 0.281510 0.078552 0.955566 1 0 1.0
0 -18.164922 -16.763398 1.905585 -0.164603 -0.945335 0.281510 0.078552 0.955566 1 0 1.0
0 -14.589917 -16.062981 6.348004 -0.164603 -0.945335 0.281510 0.078552 0.955566 1 0 1.0
Default
0 -18.221130 -16.133217 1.870524 -0.575992 0.782580 0.236225 0.078552 0.955566 1 0 1.0
0 -18.323837 -16.234593 1.955934 -0.575992 0.782580 0.236225 0.078552 0.955566 1 0 1.0
0 -14.898965 -15.045855 6.368744 -0.575992 0.782580 0.236225 0.078552 0.955566 1 0 1.0
Default
0 -14.589917 -16.062981 6.348004 0.599792 -0.724088 -0.340510 0.078552 0.955566 1 0 1.0
0 -18.027848 -16.776383 1.809286 0.599792 -0.724088 -0.340510 0.078552 0.955566 1 0 1.0
0 -14.576027 -15.955799 6.144550 0.599792 -0.724088 -0.340510 0.078552 0.955566 1 0 1.0
Default
0 -14.576027 -15.955799 6.144550 0.799555 -0.039768 -0.599275 0.078552 0.955566 1 0 1.0
0 -17.925141 -16.675006 1.723875 0.799555 -0.039768 -0.599275 0.078552 0.955566 1 0 1.0
0 -14.670254 -15.524369 5.990202 0.799555 -0.039768 -0.599275 0.078552 0.955566 1 0 1.0
Default
0 -18.323837 -16.234593 1.955934 -0.811755 0.131568 0.568985 0.078552 0.955566 1 0 1.0
0 -18.339497 -16.534057 2.002838 -0.811755 0.131568 0.568985 0.078552 0.955566 1 0 1.0
0 -14.912855 -15.153036 6.572198 -0.811755 0.131568 0.568985 0.078552 0.955566 1 0 1.0
Default
0 -17.909483 -16.375540 1.676971 0.545903 0.643213 -0.536904 0.078552 0.955566 1 0 1.0
0 -18.084048 -16.146200 1.774230 0.545903 0.643213 -0.536904 0.078552 0.955566 1 0 1.0
0 -14.670254 -15.524369 5.990202 0.545903 0.643213 -0.536904 0.078552 0.955566 1 0 1.0
Default
0 -18.789591 -16.660779 1.512121 -0.517621 -0.064476 -0.853177 0.078552 0.955566 1 0 1.0
0 -18.712878 -16.632583 1.463449 -0.517625 -0.064478 -0.853175 0.078552 0.955566 1 0 1.0
0 -18.569605 -16.927855 1.398835 -0.517640 -0.064453 -0.853168 0.078552 0.955566 1 0 1.0
Default
0 -18.789591 -16.660779 1.512121 -0.517621 -0.064476 -0.853177 0.078552 0.955566 1 0 1.0
0 -18.757638 -16.301105 1.465550 -0.517621 -0.064497 -0.853176 0.078552 0.955566 1 0 1.0
0 -18.712878 -16.632583 1.463449 -0.517625 -0.064478 -0.853175 0.078552 0.955566 1 0 1.0
Default
0 -23.297552 -17.153922 -6.232267 -0.478570 0.856738 0.192278 0.078552 0.955566 1 0 1.0
0 -18.682747 -16.293405 1.419531 -0.478570 0.856738 0.192278 0.078552 0.955566 1 0 1.0
0 -23.173294 -17.065570 -6.316673 -0.478570 0.856738 0.192278 0.078552 0.955566 1 0 1.0
Default
0 -23.382614 -17.516299 -6.135115 -0.469576 -0.796359 0.381197 0.078552 0.955566 1 0 1.0
0 -23.103626 -17.744869 -6.268950 -0.469576 -0.796359 0.381197 0.078552 0.955566 1 0 1.0
0 -18.712878 -16.632583 1.463449 -0.469576 -0.796359 0.381197 0.078552 0.955566 1 0 1.0
Default
0 -22.830120 -17.644341 -6.442508 0.480273 -0.856424 -0.189409 0.078552 0.955566 1 0 1.0
0 -18.326938 -16.818833 1.243353 0.480273 -0.856424 -0.189409 0.078552 0.955566 1 0 1.0
0 -22.954375 -17.732692 -6.358091 0.480273 -0.856424 -0.189409 0.078552 0.955566 1 0 1.0
Default
0 -22.745055 -17.281962 -6.539654 0.481923 0.798923 -0.359822 0.078552 0.955566 1 0 1.0
0 -23.024044 -17.053393 -6.405812 0.481923 0.798923 -0.359822 0.078552 0.955566 1 0 1.0
0 -18.296807 -16.479653 1.199439 0.481923 0.798923 -0.359822 0.078552 0.955566 1 0 1.0
Default
0 -23.382614 -17.516299 -6.135115 -0.823549 0.319055 0.469010 0.078552 0.955566 1 0 1.0
0 -18.712878 -16.632583 1.463449 -0.823549 0.319055 0.469010 0.078552 0.955566 1 0 1.0
0 -23.297552 -17.153922 -6.232267 -0.823549 0.319055 0.469010 0.078552 0.955566 1 0 1.0
Default
0 -23.103626 -17.744869 -6.268950 0.108764 -0.992981 0.046459 0.078552 0.955566 1 0 1.0
0 -22.954375 -17.732692 -6.358091 0.108764 -0.992981 0.046459 0.078552 0.955566 1 0 1.0
0 -18.505431 -16.884439 1.356619 0.108764 -0.992981 0.046459 0.078552 0.955566 1 0 1.0
Default
0 -22.745055 -17.281962 -6.539654 0.836259 -0.316366 -0.447865 0.078552 0.955566 1 0 1.0
0 -18.296807 -16.479653 1.199439 0.836259 -0.316366 -0.447865 0.078552 0.955566 1 0 1.0
0 -22.830120 -17.644341 -6.442508 0.836259 -0.316366 -0.447865 0.078552 0.955566 1 0 1.0
Default
0 -2.708742 -14.866763 4.101305 -0.131713 -0.343048 -0.930037 0.078552 0.955566 1 0 1.0
0 -2.880332 -14.451582 3.972465 -0.131713 -0.343048 -0.930037 0.078552 0.955566 1 0 1.0
0 -1.923272 -14.616259 3.897667 -0.131713 -0.343048 -0.930037 0.078552 0.955566 1 0 1.0
Default
0 -3.030045 -14.017673 4.060369 -0.125300 0.771053 -0.624321 0.078552 0.955566 1 0 1.0
0 -3.070186 -13.819215 4.313527 -0.125300 0.771053 -0.624321 0.078552 0.955566 1 0 1.0
0 -2.289667 -13.639746 4.378527 -0.125300 0.771053 -0.624321 0.078552 0.955566 1 0 1.0
Default
0 -2.977235 -13.972461 4.583640 -0.223840 0.812635 0.538071 0.078552 0.955566 1 0 1.0
0 -2.289667 -13.639746 4.367179 -0.223840 0.812635 0.538071 0.078552 0.955566 1 0 1.0
0 -3.070186 -13.819215 4.313527 -0.223840 0.812635 0.538071 0.078552 0.955566 1 0 1.0
Default
0 -2.880332 -14.451582 3.972465 -0.257692 0.105660 -0.960433 0.078552 0.955566 1 0 1.0
0 -3.030045 -14.017673 4.060369 -0.257692 0.105660 -0.960433 0.078552 0.955566 1 0 1.0
0 -2.106470 -14.128001 3.800429 -0.257692 0.105660 -0.960433 0.078552 0.955566 1 0 1.0
Default
0 -2.805646 -14.387645 4.712480 0.189578 0.361625 0.912846 0.078552 0.955566 1 0 1.0
0 -2.106470 -14.128002 4.464419 0.189578 0.361625 0.912846 0.078552 0.955566 1 0 1.0
0 -2.977235 -13.972461 4.583640 0.189578 0.361625 0.912846 0.078552 0.955566 1 0 1.0
Default
0 -2.655932 -14.821554 4.624575 0.404516 -0.687496 0.603089 0.078552 0.955566 1 0 1.0
0 -2.615791 -15.020012 4.371418 0.404516 -0.687496 0.603089 0.078552 0.955566 1 0 1.0
0 -1.923274 -14.616260 4.367179 0.404516 -0.687496 0.603089 0.078552 0.955566 1 0 1.0
Default
0 -3.524583 -14.730723 5.296948 0.565024 0.185554 0.803939 0.078552 0.955566 1 0 1.0
0 -3.249927 -15.093292 5.187598 0.565024 0.185554 0.803939 0.078552 0.955566 1 0 1.0
0 -2.805646 -14.387645 4.712480 0.565024 0.185554 0.803939 0.078552 0.955566 1 0 1.0
Default
0 -3.202090 -15.299915 4.937367 0.102147 -0.929663 -0.353966 0.078552 0.955566 1 0 1.0
0 -3.409100 -15.229557 4.692840 0.102147 -0.929663 -0.353966 0.078552 0.955566 1 0 1.0
0 -2.615791 -15.020012 4.371418 0.102147 -0.929663 -0.353966 0.078552 0.955566 1 0 1.0
Default
0 -4.024348 -14.560868 4.706607 -0.495899 -0.116105 -0.860583 0.078552 0.955566 1 0 1.0
0 -3.030045 -14.017673 4.060369 -0.495899 -0.116105 -0.860583 0.078552 0.955566 1 0 1.0
0 -3.749694 -14.923435 4.597257 -0.495899 -0.116105 -0.860583 0.078552 0.955566 1 0 1.0
Default
0 -3.524583 -14.730723 5.296948 0.321498 0.589164 0.741300 0.078552 0.955566 1 0 1.0
0 -2.805646 -14.387645 4.712480 0.321498 0.589164 0.741300 0.078552 0.955566 1 0 1.0
0 -3.865173 -14.424600 5.201363 0.321498 0.589164 0.741300 0.078552 0.955566 1 0 1.0
Default
0 -3.409100 -15.229557 4.692840 -0.321247 -0.588968 -0.741564 0.078552 0.955566 1 0 1.0
0 -3.749694 -14.923435 4.597257 -0.321247 -0.588968 -0.741564 0.078552 0.955566 1 0 1.0
0 -2.708742 -14.866763 4.101305 -0.321247 -0.588968 -0.741564 0.078552 0.955566 1 0 1.0
Default
0 -3.865173 -14.424600 5.201363 -0.174482 0.897132 0.405845 0.078552 0.955566 1 0 1.0
0 -2.977235 -13.972461 4.583640 -0.174482 0.897132 0.405845 0.078552 0.955566 1 0 1.0
0 -4.072188 -14.354244 4.956838 -0.174482 0.897132 0.405845 0.078552 0.955566 1 0 1.0
Default
0 -10.942589 -18.851578 6.609069 0.411326 -0.557653 0.720995 0.078552 0.955566 1 0 1.0
0 -10.858941 -19.064202 6.396894 0.411326 -0.557653 0.720995 0.078552 0.955566 1 0 1.0
0 -3.277127 -15.090647 5.144834 0.411326 -0.557653 0.720995 0.078552 0.955566 1 0 1.0
Default
0 -0.721803 -13.863410 4.680828 0.541736 -0.795060 0.272766 0.078552 0.955566 1 0 1.0
0 -1.041023 -14.019214 4.860689 0.541736 -0.795060 0.272766 0.078552 0.955566 1 0 1.0
0 -1.847388 -14.818503 4.132423 0.541736 -0.795060 0.272766 0.078552 0.955566 1 0 1.0
Default
0 -1.247332 -13.253190 3.901531 0.459514 -0.357307 -0.813129 0.078552 0.955566 1 0 1.0
0 -0.957895 -13.564362 4.201833 0.459514 -0.357307 -0.813129 0.078552 0.955566 1 0 1.0
0 -2.106470 -14.128001 3.800429 0.459514 -0.357307 -0.813129 0.078552 0.955566 1 0 1.0
Default
0 -1.599261 -12.887113 3.974901 -0.671083 0.239285 -0.701705 0.078552 0.955566 1 0 1.0
0 -2.289667 -13.639746 4.378527 -0.671083 0.239285 -0.701705 0.078552 0.955566 1 0 1.0
0 -2.037838 -13.145314 4.306292 -0.671083 0.239285 -0.701705 0.078552 0.955566 1 0 1.0
Default
0 -2.035330 -13.550209 4.751457 -0.788428 0.452837 0.416317 0.078552 0.955566 1 0 1.0
0 -2.037838 -13.145314 4.306292 -0.788428 0.452837 0.416317 0.078552 0.955566 1 0 1.0
0 -2.289667 -13.639746 4.367179 -0.788428 0.452837 0.416317 0.078552 0.955566 1 0 1.0
Default
0 -1.041023 -14.019214 4.860689 -0.082776 -0.559408 0.824749 0.078552 0.955566 1 0 1.0
0 -1.545838 -13.833701 4.935852 -0.082776 -0.559408 0.824749 0.078552 0.955566 1 0 1.0
0 -1.923274 -14.616260 4.367179 -0.082776 -0.559408 0.824749 0.078552 0.955566 1 0 1.0
Default
0 -1.599261 -12.887113 3.974901 -0.360241 -0.162201 -0.918650 0.078552 0.955566 1 0 1.0
0 -1.247332 -13.253190 3.901531 -0.360241 -0.162201 -0.918650 0.078552 0.955566 1 0 1.0
0 -2.289667 -13.639746 4.378527 -0.360241 -0.162201 -0.918650 0.078552 0.955566 1 0 1.0
Default
0 -11.743904 -19.054397 6.785359 -0.012308 0.355331 0.934659 0.078552 0.955566 1 0 1.0
0 -11.120859 -18.546353 6.600420 -0.012308 0.355331 0.934659 0.078552 0.955566 1 0 1.0
0 -11.905802 -18.710838 6.652616 -0.012308 0.355331 0.934659 0.078552 0.955566 1 0 1.0
Default
0 -11.228045 -18.610743 5.822739 -0.417216 0.554434 -0.720093 0.078552 0.955566 1 0 1.0
0 -11.311699 -18.398126 6.034912 -0.417216 0.554434 -0.720093 0.078552 0.955566 1 0 1.0
0 -3.997149 -14.563515 4.749370 -0.417216 0.554434 -0.720093 0.078552 0.955566 1 0 1.0
Default
0 -11.120859 -18.546353 6.600420 0.125183 0.101082 0.986971 0.078552 0.955566 1 0 1.0
0 -10.942589 -18.851578 6.609069 0.125183 0.101082 0.986971 0.078552 0.955566 1 0 1.0
0 -3.539870 -14.743810 5.249439 0.125183 0.101082 0.986971 0.078552 0.955566 1 0 1.0
Default
0 -10.894554 -19.101360 6.089368 0.468649 -0.881836 0.052282 0.078552 0.955566 1 0 1.0
0 -3.408594 -15.203191 4.736202 0.468649 -0.881836 0.052282 0.078552 0.955566 1 0 1.0
0 -10.858941 -19.064202 6.396894 0.468649 -0.881836 0.052282 0.078552 0.955566 1 0 1.0
Default
0 -11.228045 -18.610743 5.822739 -0.099053 -0.085949 -0.991363 0.078552 0.955566 1 0 1.0
0 -3.997149 -14.563515 4.749370 -0.099053 -0.085949 -0.991363 0.078552 0.955566 1 0 1.0
0 -11.049780 -18.915970 5.831390 -0.099053 -0.085949 -0.991363 0.078552 0.955566 1 0 1.0
Default
0 -11.276084 -18.360961 6.342438 -0.263956 0.700966 0.662551 0.078552 0.955566 1 0 1.0
0 -11.120859 -18.546353 6.600420 -0.263956 0.700966 0.662551 0.078552 0.955566 1 0 1.0
0 -3.865683 -14.450968 5.158003 -0.263956 0.700966 0.662551 0.078552 0.955566 1 0 1.0
Default
0 -11.413239 -19.443304 6.343346 0.488455 -0.771713 0.407272 0.078552 0.955566 1 0 1.0
0 -10.858941 -19.064202 6.396894 0.488455 -0.771713 0.407272 0.078552 0.955566 1 0 1.0
0 -11.532089 -19.363052 6.637950 0.488455 -0.771713 0.407272 0.078552 0.955566 1 0 1.0
Default
0 -11.589943 -18.946743 5.921248 -0.127025 -0.409004 -0.903648 0.078552 0.955566 1 0 1.0
0 -11.049780 -18.915970 5.831390 -0.127025 -0.409004 -0.903648 0.078552 0.955566 1 0 1.0
0 -11.428044 -19.290306 6.053991 -0.127025 -0.409004 -0.903648 0.078552 0.955566 1 0 1.0
Default
0 -11.920610 -18.557839 6.363257 -0.425975 0.814562 -0.393743 0.078552 0.955566 1 0 1.0
0 -11.311699 -18.398126 6.034912 -0.425975 0.814562 -0.393743 0.078552 0.955566 1 0 1.0
0 -11.801756 -18.638088 6.068659 -0.425975 0.814562 -0.393743 0.078552 0.955566 1 0 1.0
Default
0 -11.905802 -18.710838 6.652616 -0.245237 0.851792 0.462936 0.078552 0.955566 1 0 1.0
0 -11.276084 -18.360961 6.342438 -0.245237 0.851792 0.462936 0.078552 0.955566 1 0 1.0
0 -11.920610 -18.557839 6.363257 -0.245237 0.851792 0.462936 0.078552 0.955566 1 0 1.0
Default
0 -11.532089 -19.363052 6.637950 0.269454 -0.258172 0.927762 0.078552 0.955566 1 0 1.0
0 -10.942589 -18.851578 6.609069 0.269454 -0.258172 0.927762 0.078552 0.955566 1 0 1.0
0 -11.743904 -19.054397 6.785359 0.269454 -0.258172 0.927762 0.078552 0.955566 1 0 1.0
Default
0 -11.428044 -19.290306 6.053991 0.323932 -0.829411 -0.455132 0.078552 0.955566 1 0 1.0
0 -10.894554 -19.101360 6.089368 0.323932 -0.829411 -0.455132 0.078552 0.955566 1 0 1.0
0 -11.413239 -19.443304 6.343346 0.323932 -0.829411 -0.455132 0.078552 0.955566 1 0 1.0
Default
0 -11.801756 -18.638088 6.068659 -0.395320 0.160641 -0.904387 0.078552 0.955566 1 0 1.0
0 -11.228045 -18.610743 5.822739 -0.395320 0.160641 -0.904387 0.078552 0.955566 1 0 1.0
0 -11.589943 -18.946743 5.921248 -0.395320 0.160641 -0.904387 0.078552 0.955566 1 0 1.0
Default
0 -11.436654 -19.402439 6.344269 0.751880 -0.566165 -0.337837 0.078552 0.955566 1 0 1.0
0 -14.709417 -20.957128 1.665935 0.751880 -0.566165 -0.337837 0.078552 0.955566 1 0 1.0
0 -11.445726 -19.308696 6.166978 0.751880 -0.566165 -0.337837 0.078552 0.955566 1 0 1.0
Default
0 -11.445726 -19.308696 6.166978 0.789481 0.141250 -0.597300 0.078552 0.955566 1 0 1.0
0 -14.634218 -20.842829 1.589796 0.789481 0.141250 -0.597300 0.078552 0.955566 1 0 1.0
0 -11.609763 -18.960604 6.032480 0.789481 0.141250 -0.597300 0.078552 0.955566 1 0 1.0
Default
0 -19.404885 -22.315958 -6.405816 -0.326317 0.944255 -0.043580 0.078552 0.955566 1 0 1.0
0 -19.547645 -22.361179 -6.316676 -0.326317 0.944255 -0.043580 0.078552 0.955566 1 0 1.0
0 -15.183844 -20.501315 1.306276 -0.326317 0.944255 -0.043580 0.078552 0.955566 1 0 1.0
Default
0 -15.088947 -20.536313 1.800609 -0.819139 -0.047249 0.571646 0.078552 0.955566 1 0 1.0
0 -15.044963 -20.809232 1.841078 -0.819139 -0.047249 0.571646 0.078552 0.955566 1 0 1.0
0 -11.888121 -18.692444 6.539630 -0.819139 -0.047249 0.571646 0.078552 0.955566 1 0 1.0
Default
0 -14.678202 -20.569910 1.549328 0.382534 0.754853 -0.532789 0.078552 0.955566 1 0 1.0
0 -14.884434 -20.402862 1.637930 0.382534 0.754853 -0.532789 0.078552 0.955566 1 0 1.0
0 -11.609763 -18.960604 6.032480 0.382534 0.754853 -0.532789 0.078552 0.955566 1 0 1.0
Default
0 -11.724088 -19.040540 6.674125 -0.512733 -0.630283 0.582965 0.078552 0.955566 1 0 1.0
0 -15.044963 -20.809232 1.841078 -0.512733 -0.630283 0.582965 0.078552 0.955566 1 0 1.0
0 -11.509473 -19.353272 6.524769 -0.512733 -0.630283 0.582965 0.078552 0.955566 1 0 1.0
Default
0 -11.509473 -19.353272 6.524769 0.058834 -0.956902 0.284388 0.078552 0.955566 1 0 1.0
0 -14.838727 -20.976278 1.752482 0.058834 -0.956902 0.284388 0.078552 0.955566 1 0 1.0
0 -11.436654 -19.402439 6.344269 0.058834 -0.956902 0.284388 0.078552 0.955566 1 0 1.0
Default
0 -15.013749 -20.422013 1.724472 -0.730329 0.639838 0.239223 0.078552 0.955566 1 0 1.0
0 -15.088947 -20.536313 1.800609 -0.730329 0.639838 0.239223 0.078552 0.955566 1 0 1.0
0 -11.897193 -18.598704 6.362340 -0.730329 0.639838 0.239223 0.078552 0.955566 1 0 1.0
Default
0 -14.884434 -20.402862 1.637930 -0.265114 0.945947 -0.186814 0.078552 0.955566 1 0 1.0
0 -15.013749 -20.422013 1.724472 -0.265114 0.945947 -0.186814 0.078552 0.955566 1 0 1.0
0 -11.824370 -18.647868 6.181841 -0.265114 0.945947 -0.186814 0.078552 0.955566 1 0 1.0
Default
0 -15.365223 -20.987108 1.512120 -0.490129 -0.178506 -0.853176 0.078552 0.955566 1 0 1.0
0 -15.296750 -20.942484 1.463447 -0.490136 -0.178510 -0.853171 0.078552 0.955566 1 0 1.0
0 -15.091123 -21.198276 1.398834 -0.490148 -0.178492 -0.853168 0.078552 0.955566 1 0 1.0
Default
0 -15.365223 -20.987108 1.512120 -0.490129 -0.178506 -0.853176 0.078552 0.955566 1 0 1.0
0 -15.414445 -20.629388 1.465548 -0.490140 -0.178517 -0.853167 0.078552 0.955566 1 0 1.0
0 -15.296750 -20.942484 1.463447 -0.490136 -0.178510 -0.853171 0.078552 0.955566 1 0 1.0
Default
0 -19.649018 -22.475059 -6.232270 -0.657898 0.728150 0.192273 0.078552 0.955566 1 0 1.0
0 -15.343171 -20.605150 1.419529 -0.657898 0.728150 0.192273 0.078552 0.955566 1 0 1.0
0 -19.547645 -22.361179 -6.316676 -0.657898 0.728150 0.192273 0.078552 0.955566 1 0 1.0
Default
0 -19.650960 -22.847281 -6.135118 -0.279762 -0.881148 0.381197 0.078552 0.955566 1 0 1.0
0 -19.327951 -23.007734 -6.268952 -0.279762 -0.881148 0.381197 0.078552 0.955566 1 0 1.0
0 -15.296750 -20.942484 1.463447 -0.279762 -0.881148 0.381197 0.078552 0.955566 1 0 1.0
Default
0 -19.083820 -22.848635 -6.442510 0.659485 -0.727466 -0.189402 0.078552 0.955566 1 0 1.0
0 -14.878949 -21.037786 1.243352 0.659485 -0.727466 -0.189402 0.078552 0.955566 1 0 1.0
0 -19.185193 -22.962513 -6.358094 0.659485 -0.727466 -0.189402 0.078552 0.955566 1 0 1.0
Default
0 -19.081883 -22.476411 -6.539656 0.291228 0.886404 -0.359824 0.078552 0.955566 1 0 1.0
0 -19.404885 -22.315958 -6.405816 0.291228 0.886404 -0.359824 0.078552 0.955566 1 0 1.0
0 -14.925369 -20.700450 1.199437 0.291228 0.886404 -0.359824 0.078552 0.955566 1 0 1.0
Default
0 -19.650960 -22.847281 -6.135118 -0.874018 0.126974 0.469009 0.078552 0.955566 1 0 1.0
0 -15.296750 -20.942484 1.463447 -0.874018 0.126974 0.469009 0.078552 0.955566 1 0 1.0
0 -19.649018 -22.475059 -6.232270 -0.874018 0.126974 0.469009 0.078552 0.955566 1 0 1.0
Default
0 -19.327951 -23.007734 -6.268952 0.327898 -0.943570 0.046454 0.078552 0.955566 1 0 1.0
0 -19.185193 -22.962513 -6.358094 0.327898 -0.943570 0.046454 0.078552 0.955566 1 0 1.0
0 -15.038273 -21.141620 1.356617 0.327898 -0.943570 0.046454 0.078552 0.955566 1 0 1.0
Default
0 -19.081883 -22.476411 -6.539656 0.885806 -0.121499 -0.447868 0.078552 0.955566 1 0 1.0
0 -14.925369 -20.700450 1.199437 0.885806 -0.121499 -0.447868 0.078552 0.955566 1 0 1.0
0 -19.083820 -22.848635 -6.442510 0.885806 -0.121499 -0.447868 0.078552 0.955566 1 0 1.0
Default
0 -0.170313 -0.393533 8.446210 -0.351996 0.600631 -0.717873 0.075256 0.235229 1 0 1.0
0 -0.178150 -0.502014 8.359289 -0.351996 0.600631 -0.717873 0.075256 0.235229 1 0 1.0
0 -0.414696 -0.530297 8.451611 -0.351996 0.600631 -0.717873 0.075256 0.235229 1 0 1.0
Default
0 -0.894737 -1.022241 8.492904 0.497783 -0.789168 0.359757 0.079895 0.230591 1 0 1.0
0 -0.273021 -0.769749 8.186527 0.497783 -0.789168 0.359757 0.079956 0.230591 1 0 1.0
0 -0.576363 -0.751875 8.645461 0.497783 -0.789168 0.359757 0.081543 0.232910 1 0 1.0
Default
0 -0.478404 -0.745247 7.758729 0.286847 -0.938646 -0.191473 0.079834 0.230591 1 0 1.0
0 -0.273021 -0.769749 8.186527 0.286847 -0.938646 -0.191473 0.079956 0.230591 1 0 1.0
0 -0.894737 -1.022241 8.492904 0.286847 -0.938646 -0.191473 0.079895 0.230591 1 0 1.0
Default
0 -0.159957 -0.823955 8.262204 -0.414584 -0.909448 -0.032022 0.079895 0.230591 1 0 1.0
0 -0.273520 -0.784726 8.618347 -0.414584 -0.909448 -0.032022 0.079773 0.230347 1 0 1.0
0 -0.273021 -0.769749 8.186527 -0.414584 -0.909448 -0.032022 0.079956 0.230591 1 0 1.0
Default
0 -0.299466 -0.703371 8.755909 -0.048783 -0.863719 0.501608 0.079895 0.230591 1 0 1.0
0 -0.576363 -0.751875 8.645461 -0.048783 -0.863719 0.501608 0.081543 0.232910 1 0 1.0
0 -0.273520 -0.784726 8.618347 -0.048783 -0.863719 0.501608 0.079773 0.230347 1 0 1.0
Default
0 -0.414696 -0.530297 8.451611 0.758073 0.652115 0.008510 0.075256 0.235229 1 0 1.0
0 -0.159957 -0.823955 8.262204 0.758073 0.652115 0.008510 0.075256 0.235229 1 0 1.0
0 -0.337466 -0.618659 8.343080 0.758073 0.652115 0.008510 0.075256 0.235229 1 0 1.0
Default
0 -0.086799 -0.463514 8.087515 0.910611 0.375478 -0.172635 0.079895 0.230591 1 0 1.0
0 -0.091191 -0.449594 8.094628 0.910611 0.375478 -0.172635 0.079895 0.230591 1 0 1.0
0 -0.032176 -0.460397 8.382419 0.910611 0.375478 -0.172635 0.079895 0.230591 1 0 1.0
Default
0 -0.159957 -0.823955 8.262204 0.950760 -0.038990 0.307464 0.079895 0.230591 1 0 1.0
0 -0.178150 -0.502014 8.359289 0.950760 -0.038990 0.307464 0.079895 0.230591 1 0 1.0
0 -0.273520 -0.784726 8.618347 0.950760 -0.038990 0.307464 0.079773 0.230347 1 0 1.0
Default
0 0.000000 -0.499509 8.417342 0.230571 -0.698524 -0.677422 0.079895 0.230591 1 0 1.0
0 -0.273520 -0.784726 8.618347 0.230571 -0.698524 -0.677422 0.079773 0.230347 1 0 1.0
0 -0.178150 -0.502014 8.359289 0.230571 -0.698524 -0.677422 0.079895 0.230591 1 0 1.0
Default
0 -0.170313 -0.393533 8.446210 -0.265716 0.507181 0.819855 0.075317 0.230591 1 0 1.0
0 -0.414696 -0.530297 8.451611 -0.265716 0.507181 0.819855 0.075562 0.230591 1 0 1.0
0 -0.073895 -0.382300 8.470510 -0.265716 0.507181 0.819855 0.075195 0.230591 1 0 1.0
Default
0 -0.564143 -0.531376 8.514189 -0.493611 0.464922 0.734980 0.081604 0.232788 1 0 1.0
0 -0.682098 -0.526182 8.431685 -0.493611 0.464922 0.734980 0.081604 0.231567 1 0 1.0
0 -0.576363 -0.751875 8.645461 -0.493611 0.464922 0.734980 0.081543 0.232910 1 0 1.0
Default
0 -0.584883 -0.367700 7.701963 0.935621 0.222690 -0.273901 0.079834 0.230591 1 0 1.0
0 -0.337466 -0.618659 8.343080 0.935621 0.222690 -0.273901 0.079895 0.230591 1 0 1.0
0 -0.478404 -0.745247 7.758729 0.935621 0.222690 -0.273901 0.079834 0.230591 1 0 1.0
Default
0 -0.073145 -0.392315 8.405255 0.843764 0.531872 -0.071932 0.079895 0.230591 1 0 1.0
0 -0.073895 -0.382300 8.470510 0.843764 0.531872 -0.071932 0.079895 0.230591 1 0 1.0
0 -0.032176 -0.460397 8.382419 0.843764 0.531872 -0.071932 0.079895 0.230591 1 0 1.0
Default
0 -0.122295 -0.467786 8.087615 0.118754 -0.988782 -0.090595 0.079895 0.230591 1 0 1.0
0 -0.086799 -0.463514 8.087515 0.118754 -0.988782 -0.090595 0.079895 0.230591 1 0 1.0
0 -0.178150 -0.502014 8.359289 0.118619 -0.987884 -0.100074 0.079895 0.230591 1 0 1.0
Default
0 -0.113269 -0.450250 8.094651 -0.029340 0.981368 -0.189882 0.079895 0.230591 1 0 1.0
0 -0.138667 -0.393533 8.391707 -0.029340 0.981368 -0.189882 0.079895 0.230591 1 0 1.0
0 -0.091191 -0.449594 8.094628 -0.029340 0.981368 -0.189882 0.079895 0.230591 1 0 1.0
Default
0 -0.122295 -0.467786 8.087615 -0.863534 0.490838 -0.115702 0.079895 0.230591 1 0 1.0
0 -0.178150 -0.502014 8.359289 -0.863534 0.490838 -0.115702 0.079895 0.230591 1 0 1.0
0 -0.113269 -0.450250 8.094651 -0.863534 0.490838 -0.115702 0.079895 0.230591 1 0 1.0
Default
0 -0.225223 -1.343443 8.191041 0.976346 -0.144674 0.160681 0.018951 0.669922 1 0 1.0
0 -0.199758 -1.295013 8.079918 0.976346 -0.144674 0.160681 0.019165 0.669922 1 0 1.0
0 -0.159957 -0.823955 8.262204 0.976346 -0.144674 0.160681 0.019196 0.669922 1 0 1.0
Default
0 -0.871280 -0.918517 9.051013 -0.561707 0.826325 -0.040899 0.078125 0.955078 1 0 1.0
0 -0.797987 -0.875064 8.922338 -0.561707 0.826325 -0.040899 0.078308 0.955566 1 0 1.0
0 -1.041099 -1.046329 8.800981 -0.561707 0.826325 -0.040899 0.078125 0.955078 1 0 1.0
Default
0 -0.478404 -0.745247 7.758729 -0.685199 0.718840 -0.117352 0.082764 0.948730 1 0 1.0
0 -1.275774 -1.455433 8.064196 -0.685199 0.718840 -0.117352 0.080627 0.947754 1 0 1.0
0 -0.894737 -1.022241 8.492904 -0.685199 0.718840 -0.117352 0.082703 0.949219 1 0 1.0
Default
0 -0.919589 -0.800814 7.311796 -0.614837 0.769224 -0.173982 0.079834 0.230591 1 0 1.0
0 -0.860214 -0.638685 7.818785 -0.614837 0.769224 -0.173982 0.079651 0.230591 1 0 1.0
0 -0.630524 -0.583262 7.252122 -0.614837 0.769224 -0.173982 0.079834 0.230591 1 0 1.0
Default
0 -0.365156 -0.480814 7.544169 -0.211396 0.777438 0.592371 0.079895 0.230591 1 0 1.0
0 -0.401234 -0.592468 7.677830 -0.211396 0.777438 0.592371 0.079895 0.230591 1 0 1.0
0 -0.241944 -0.629075 7.782718 -0.211396 0.777438 0.592371 0.079895 0.230591 1 0 1.0
Default
0 -0.401234 -0.592468 7.677830 0.661252 0.478224 0.577968 0.079895 0.230591 1 0 1.0
0 -0.365156 -0.480814 7.544169 0.661252 0.478224 0.577968 0.079895 0.230591 1 0 1.0
0 -0.584883 -0.367700 7.701963 0.661252 0.478224 0.577968 0.079834 0.230591 1 0 1.0
Default
0 -0.199758 -1.295013 8.079918 0.010625 0.915777 0.401547 0.019165 0.669922 1 0 1.0
0 -0.225223 -1.343443 8.191041 0.010625 0.915777 0.401547 0.018951 0.669922 1 0 1.0
0 0.000000 -1.370278 8.246283 0.010625 0.915777 0.401547 0.019196 0.669922 1 0 1.0
Default
0 -0.273520 -0.784726 8.618347 0.837567 -0.025172 0.545754 0.017929 0.670898 1 0 1.0
0 -0.176091 -1.402631 8.440323 0.837567 -0.025172 0.545754 0.018616 0.670410 1 0 1.0
0 -0.157617 -0.893826 8.435439 0.837567 -0.025172 0.545754 0.018143 0.670410 1 0 1.0
Default
0 0.000000 -0.566184 8.455686 -0.503485 -0.012863 -0.863908 0.017517 0.665527 1 0 1.0
0 0.000000 -1.338446 8.467184 -0.503485 -0.012863 -0.863908 0.017517 0.665527 1 0 1.0
0 -0.273520 -0.784726 8.618347 -0.503485 -0.012863 -0.863908 0.017517 0.665527 1 0 1.0
Default
0 -1.691935 -1.583089 8.201140 -0.617734 0.769745 -0.160927 0.079651 0.947266 1 0 1.0
0 -1.727879 -1.671208 7.917623 -0.617734 0.769745 -0.160927 0.079651 0.947266 1 0 1.0
0 -1.880861 -1.713732 8.301460 -0.617734 0.769745 -0.160927 0.079651 0.947266 1 0 1.0
Default
0 -1.230057 -1.511371 8.657750 -0.907376 0.404198 -0.115291 0.077820 0.953125 1 0 1.0
0 -1.041099 -1.046329 8.800981 -0.907376 0.404198 -0.115291 0.082764 0.950684 1 0 1.0
0 -1.082710 -1.226902 8.495404 -0.907376 0.404198 -0.115291 0.081543 0.951172 1 0 1.0
Default
0 -1.727879 -1.671208 7.917623 -0.498317 0.756973 0.422696 0.079590 0.230591 1 0 1.0
0 -1.275774 -1.455433 8.064196 -0.498317 0.756973 0.422696 0.079529 0.230591 1 0 1.0
0 -0.919589 -0.800814 7.311796 -0.498317 0.756973 0.422696 0.079834 0.230591 1 0 1.0
Default
0 -0.214294 -1.070052 7.742633 0.230000 -0.073789 0.970389 0.079895 0.230591 1 0 1.0
0 -0.241944 -0.629075 7.782718 0.230000 -0.073789 0.970389 0.079895 0.230591 1 0 1.0
0 -0.347674 -0.905167 7.786784 0.230000 -0.073789 0.970389 0.079895 0.230591 1 0 1.0
Default
0 -0.214294 -1.070052 7.742633 0.096554 0.087018 0.991517 0.079895 0.230591 1 0 1.0
0 0.000000 -0.858229 7.703175 0.096554 0.087018 0.991517 0.079895 0.230591 1 0 1.0
0 -0.091069 -0.623529 7.691445 0.096554 0.087018 0.991517 0.079895 0.230591 1 0 1.0
Default
0 -0.311233 -1.063337 8.315477 0.976116 -0.180287 -0.121218 0.079895 0.230591 1 0 1.0
0 -0.347674 -0.905167 7.786784 0.976116 -0.180287 -0.121218 0.079834 0.230591 1 0 1.0
0 -0.273021 -0.769749 8.186527 0.976116 -0.180287 -0.121218 0.079956 0.230591 1 0 1.0
Default
0 -0.562743 -0.463412 8.361496 0.162036 0.900962 0.402508 0.082397 0.233643 1 0 1.0
0 -0.564143 -0.531376 8.514189 0.169039 0.892075 0.419080 0.081604 0.232788 1 0 1.0
0 -0.414696 -0.530297 8.451611 0.169039 0.892075 0.419080 0.082642 0.233643 1 0 1.0
Default
0 -4.149081 -10.457189 3.682800 -0.794601 -0.389780 -0.465490 0.081177 0.232788 1 0 1.0
0 -3.348889 -11.354536 3.068253 -0.794601 -0.389780 -0.465490 0.081177 0.232788 1 0 1.0
0 -3.949345 -11.296801 4.044897 -0.794601 -0.389780 -0.465490 0.081177 0.232788 1 0 1.0
Default
0 -3.865683 -14.450968 5.158003 -0.335555 0.790954 0.511659 0.078552 0.955566 1 0 1.0
0 -4.036658 -14.392856 4.956042 -0.335555 0.790954 0.511659 0.078552 0.955566 1 0 1.0
0 -11.276084 -18.360961 6.342438 -0.335555 0.790954 0.511659 0.078552 0.955566 1 0 1.0
Default
0 0.934174 -14.642182 5.296590 0.249351 -0.894345 0.371443 0.074707 0.946777 1 0 1.0
0 2.169668 -14.297715 5.296590 0.249351 -0.894346 0.371442 0.074707 0.946777 1 0 1.0
0 2.152214 -14.216266 5.504419 0.249351 -0.894345 0.371443 0.074707 0.946777 1 0 1.0
Default
0 0.904357 -14.503035 5.651637 0.249351 -0.894345 0.371444 0.074707 0.946777 1 0 1.0
0 0.934174 -14.642182 5.296590 0.249351 -0.894345 0.371443 0.074707 0.946777 1 0 1.0
0 2.152214 -14.216266 5.504419 0.249351 -0.894345 0.371443 0.074707 0.946777 1 0 1.0
Default
0 2.427737 -2.020590 8.268451 0.488174 0.872452 -0.022663 0.074707 0.946777 1 0 1.0
0 2.351596 -1.985717 7.804614 0.488616 0.872376 -0.014620 0.074707 0.946777 1 0 1.0
0 1.880861 -1.713732 8.301460 0.488174 0.872452 -0.022663 0.074707 0.946777 1 0 1.0
Default
0 1.944481 -1.736687 8.659711 0.487699 0.872472 -0.030705 0.074707 0.946777 1 0 1.0
0 2.427737 -2.020590 8.268451 0.488174 0.872452 -0.022663 0.074707 0.946777 1 0 1.0
0 1.880861 -1.713732 8.301460 0.488174 0.872452 -0.022663 0.074707 0.946777 1 0 1.0
Default
0 5.364953 -11.142751 5.069485 0.673564 -0.114812 -0.730158 0.074707 0.946777 1 0 1.0
0 5.609279 -9.709376 5.069485 0.673564 -0.114812 -0.730157 0.074707 0.946777 1 0 1.0
0 5.853067 -9.723447 5.296590 0.673564 -0.114812 -0.730158 0.074707 0.946777 1 0 1.0
Default
0 5.596086 -11.231071 5.296590 0.673563 -0.114812 -0.730158 0.074707 0.946777 1 0 1.0
0 5.364953 -11.142751 5.069485 0.673564 -0.114812 -0.730158 0.074707 0.946777 1 0 1.0
0 5.853067 -9.723447 5.296590 0.673564 -0.114812 -0.730158 0.074707 0.946777 1 0 1.0
Default
0 4.842274 -12.430318 5.296590 0.578489 -0.363621 -0.730158 0.074707 0.946777 1 0 1.0
0 4.647341 -12.284407 5.069485 0.578489 -0.363621 -0.730158 0.074707 0.946777 1 0 1.0
0 5.364953 -11.142751 5.069485 0.578489 -0.363621 -0.730158 0.074707 0.946777 1 0 1.0
Default
0 5.596086 -11.231071 5.296590 0.578489 -0.363621 -0.730158 0.074707 0.946777 1 0 1.0
0 4.842274 -12.430318 5.296590 0.578489 -0.363621 -0.730158 0.074707 0.946777 1 0 1.0
0 5.364953 -11.142751 5.069485 0.578489 -0.363621 -0.730158 0.074707 0.946777 1 0 1.0
Default
0 3.652043 -13.410236 5.069485 0.511915 -0.452562 -0.730158 0.074707 0.946777 1 0 1.0
0 4.647341 -12.284407 5.069485 0.511915 -0.452563 -0.730158 0.074707 0.946777 1 0 1.0
0 4.842274 -12.430318 5.296590 0.511915 -0.452562 -0.730158 0.074707 0.946777 1 0 1.0
Default
0 3.797216 -13.612432 5.296590 0.511915 -0.452563 -0.730158 0.074707 0.946777 1 0 1.0
0 3.652043 -13.410236 5.069485 0.511915 -0.452562 -0.730158 0.074707 0.946777 1 0 1.0
0 4.842274 -12.430318 5.296590 0.511915 -0.452562 -0.730158 0.074707 0.946777 1 0 1.0
Default
0 2.169668 -14.297715 5.296590 0.265151 -0.629734 -0.730158 0.074707 0.946777 1 0 1.0
0 2.089671 -14.068077 5.069485 0.265151 -0.629734 -0.730157 0.074707 0.946777 1 0 1.0
0 3.652043 -13.410236 5.069485 0.265151 -0.629734 -0.730158 0.074707 0.946777 1 0 1.0
Default
0 3.797216 -13.612432 5.296590 0.265151 -0.629734 -0.730158 0.074707 0.946777 1 0 1.0
0 2.169668 -14.297715 5.296590 0.265151 -0.629734 -0.730158 0.074707 0.946777 1 0 1.0
0 3.652043 -13.410236 5.069485 0.265151 -0.629734 -0.730158 0.074707 0.946777 1 0 1.0
Default
0 0.890485 -14.402420 5.069485 0.183505 -0.658176 -0.730157 0.074707 0.946777 1 0 1.0
0 2.089671 -14.068077 5.069485 0.183505 -0.658176 -0.730157 0.074707 0.946777 1 0 1.0
0 2.169668 -14.297715 5.296590 0.183505 -0.658176 -0.730157 0.074707 0.946777 1 0 1.0
Default
0 0.934174 -14.642182 5.296590 0.183505 -0.658176 -0.730158 0.074707 0.946777 1 0 1.0
0 0.890485 -14.402420 5.069485 0.183505 -0.658176 -0.730157 0.074707 0.946777 1 0 1.0
0 2.169668 -14.297715 5.296590 0.183505 -0.658176 -0.730157 0.074707 0.946777 1 0 1.0
Default
0 0.000000 -14.725145 5.296590 0.041986 -0.649880 -0.758876 0.074707 0.946777 1 0 1.0
0 0.000000 -14.459951 5.069485 0.041986 -0.649880 -0.758876 0.074707 0.946777 1 0 1.0
0 0.890485 -14.402420 5.069485 0.041986 -0.649880 -0.758876 0.074707 0.946777 1 0 1.0
Default
0 0.934174 -14.642182 5.296590 0.060444 -0.680600 -0.730158 0.074707 0.946777 1 0 1.0
0 0.000000 -14.725145 5.296590 0.041986 -0.649880 -0.758876 0.074707 0.946777 1 0 1.0
0 0.890485 -14.402420 5.069485 0.041986 -0.649880 -0.758876 0.074707 0.946777 1 0 1.0
Default
0 1.131801 -1.719771 5.668557 0.748796 0.575737 -0.328376 0.081177 0.232788 1 0 1.0
0 2.011339 -2.457302 6.381066 0.751155 0.573907 -0.326186 0.081177 0.232788 1 0 1.0
0 2.165137 -3.113867 5.580627 0.750569 0.574294 -0.326852 0.081177 0.232788 1 0 1.0
Default
0 2.165137 -3.113867 5.580627 0.750569 0.574294 -0.326852 0.081177 0.232788 1 0 1.0
0 2.011339 -2.457302 6.381066 0.751155 0.573907 -0.326186 0.081177 0.232788 1 0 1.0
0 2.526329 -2.955132 6.695414 0.752330 0.572989 -0.325090 0.081177 0.232788 1 0 1.0
Default
0 2.011339 -2.457302 6.381066 0.751155 0.573907 -0.326186 0.081177 0.232788 1 0 1.0
0 2.126247 -1.983006 7.483969 0.752324 0.573131 -0.324854 0.081177 0.232788 1 0 1.0
0 2.526329 -2.955132 6.695414 0.752330 0.572989 -0.325090 0.081177 0.232788 1 0 1.0
Default
0 4.674621 -6.534685 5.058414 0.725652 0.458426 -0.513103 0.081177 0.232788 1 0 1.0
0 5.511271 -7.879887 5.069485 0.738779 0.455396 -0.496809 0.081177 0.232788 1 0 1.0
0 5.409042 -7.900009 4.899022 0.731723 0.453051 -0.509240 0.081177 0.232788 1 0 1.0
Default
0 4.587911 -6.579759 4.899022 0.718966 0.459865 -0.521164 0.081177 0.232788 1 0 1.0
0 4.674621 -6.534685 5.058414 0.725652 0.458426 -0.513103 0.081177 0.232788 1 0 1.0
0 5.409042 -7.900009 4.899022 0.731723 0.453051 -0.509240 0.081177 0.232788 1 0 1.0
Default
0 4.587911 -6.579759 4.899022 0.718966 0.459865 -0.521164 0.081177 0.232788 1 0 1.0
0 3.531842 -5.020439 4.856944 0.713336 0.469064 -0.520702 0.081177 0.232788 1 0 1.0
0 4.674621 -6.534685 5.058414 0.725652 0.458426 -0.513103 0.081177 0.232788 1 0 1.0
Default
0 5.511271 -7.879887 5.069485 0.854312 0.045767 -0.517741 0.081177 0.232788 1 0 1.0
0 5.609279 -9.709376 5.069485 0.854312 0.045767 -0.517742 0.081177 0.232788 1 0 1.0
0 5.505232 -9.695563 4.899022 0.854312 0.045767 -0.517741 0.081177 0.232788 1 0 1.0
Default
0 5.409042 -7.900009 4.899022 0.854312 0.045767 -0.517741 0.081177 0.232788 1 0 1.0
0 5.511271 -7.879887 5.069485 0.854312 0.045767 -0.517741 0.081177 0.232788 1 0 1.0
0 5.505232 -9.695563 4.899022 0.854312 0.045767 -0.517741 0.081177 0.232788 1 0 1.0
Default
0 5.609279 -9.709376 5.069485 0.839576 -0.143110 -0.524053 0.081177 0.232788 1 0 1.0
0 5.364953 -11.142751 5.069485 0.839576 -0.143110 -0.524053 0.081177 0.232788 1 0 1.0
0 5.265439 -11.102351 4.899022 0.839576 -0.143110 -0.524053 0.081177 0.232788 1 0 1.0
Default
0 5.505232 -9.695563 4.899022 0.839577 -0.143110 -0.524052 0.081177 0.232788 1 0 1.0
0 5.609279 -9.709376 5.069485 0.839576 -0.143110 -0.524053 0.081177 0.232788 1 0 1.0
0 5.265439 -11.102351 4.899022 0.839576 -0.143110 -0.524053 0.081177 0.232788 1 0 1.0
Default
0 0.000000 -0.676221 9.258724 0.132266 0.988149 -0.077889 0.078125 0.955078 1 0 1.0
0 0.366980 -0.714417 9.457079 0.140090 0.987733 -0.068982 0.078125 0.955078 1 0 1.0
0 0.214120 -0.719867 9.068608 0.132266 0.988149 -0.077889 0.078125 0.955078 1 0 1.0
Default
0 0.000000 -0.709504 8.879657 0.124424 0.988427 -0.086785 0.078064 0.955078 1 0 1.0
0 0.000000 -0.676221 9.258724 0.132266 0.988149 -0.077889 0.078125 0.955078 1 0 1.0
0 0.214120 -0.719867 9.068608 0.132266 0.988149 -0.077889 0.078125 0.955078 1 0 1.0
Default
0 5.265439 -11.102351 4.899022 0.719435 -0.452216 -0.527175 0.081177 0.232788 1 0 1.0
0 5.364953 -11.142751 5.069485 0.719435 -0.452216 -0.527175 0.081177 0.232788 1 0 1.0
0 4.647341 -12.284407 5.069485 0.719435 -0.452216 -0.527175 0.081177 0.232788 1 0 1.0
Default
0 4.561138 -12.222830 4.899022 0.719435 -0.452216 -0.527175 0.081177 0.232788 1 0 1.0
0 5.265439 -11.102351 4.899022 0.719435 -0.452216 -0.527175 0.081177 0.232788 1 0 1.0
0 4.647341 -12.284407 5.069485 0.719435 -0.452216 -0.527175 0.081177 0.232788 1 0 1.0
Default
0 4.647341 -12.284407 5.069485 0.637282 -0.563395 -0.525792 0.081177 0.232788 1 0 1.0
0 3.652043 -13.410236 5.069485 0.637282 -0.563395 -0.525792 0.081177 0.232788 1 0 1.0
0 3.584302 -13.327775 4.899022 0.637282 -0.563395 -0.525792 0.081177 0.232788 1 0 1.0
Default
0 4.561138 -12.222830 4.899022 0.637283 -0.563395 -0.525792 0.081177 0.232788 1 0 1.0
0 4.647341 -12.284407 5.069485 0.637282 -0.563395 -0.525792 0.081177 0.232788 1 0 1.0
0 3.584302 -13.327775 4.899022 0.637282 -0.563395 -0.525792 0.081177 0.232788 1 0 1.0
Default
0 3.584302 -13.327775 4.899022 0.332750 -0.790280 -0.514524 0.081177 0.232788 1 0 1.0
0 3.652043 -13.410236 5.069485 0.332749 -0.790279 -0.514525 0.081177 0.232788 1 0 1.0
0 2.089671 -14.068077 5.069485 0.332750 -0.790280 -0.514524 0.081177 0.232788 1 0 1.0
Default
0 2.050909 -13.973415 4.899022 0.332750 -0.790281 -0.514523 0.081177 0.232788 1 0 1.0
0 3.584302 -13.327775 4.899022 0.332750 -0.790280 -0.514524 0.081177 0.232788 1 0 1.0
0 2.089671 -14.068077 5.069485 0.332750 -0.790280 -0.514524 0.081177 0.232788 1 0 1.0
Default
0 2.050909 -13.973415 4.899022 0.230700 -0.827450 -0.511961 0.081177 0.232788 1 0 1.0
0 2.089671 -14.068077 5.069485 0.230700 -0.827451 -0.511959 0.081177 0.232788 1 0 1.0
0 0.890485 -14.402420 5.069485 0.230700 -0.827450 -0.511961 0.081177 0.232788 1 0 1.0
Default
0 0.873968 -14.301556 4.899022 0.230700 -0.827450 -0.511962 0.081177 0.232788 1 0 1.0
0 2.050909 -13.973415 4.899022 0.230700 -0.827450 -0.511961 0.081177 0.232788 1 0 1.0
0 0.890485 -14.402420 5.069485 0.230700 -0.827450 -0.511961 0.081177 0.232788 1 0 1.0
Default
0 3.287150 -12.966061 4.378839 0.293849 -0.697891 -0.653147 0.081177 0.232788 1 0 1.0
0 3.584302 -13.327775 4.899022 0.293849 -0.697891 -0.653146 0.081177 0.232788 1 0 1.0
0 2.050909 -13.973415 4.899022 0.293849 -0.697891 -0.653147 0.081177 0.232788 1 0 1.0
Default
0 1.880882 -13.558174 4.378839 0.293849 -0.697891 -0.653147 0.081177 0.232788 1 0 1.0
0 3.287150 -12.966061 4.378839 0.293849 -0.697891 -0.653147 0.081177 0.232788 1 0 1.0
0 2.050909 -13.973415 4.899022 0.293849 -0.697891 -0.653147 0.081177 0.232788 1 0 1.0
Default
0 3.398098 -5.151943 4.471734 0.751130 0.495322 -0.436418 0.081177 0.232788 1 0 1.0
0 3.531842 -5.020439 4.856944 0.752402 0.497937 -0.431220 0.081177 0.232788 1 0 1.0
0 4.587911 -6.579759 4.899022 0.751130 0.495322 -0.436418 0.081177 0.232788 1 0 1.0
Default
0 4.375643 -6.785234 4.309349 0.749831 0.492689 -0.441601 0.081177 0.232788 1 0 1.0
0 3.398098 -5.151943 4.471734 0.751130 0.495322 -0.436418 0.081177 0.232788 1 0 1.0
0 4.587911 -6.579759 4.899022 0.751130 0.495322 -0.436418 0.081177 0.232788 1 0 1.0
Default
0 5.409042 -7.900009 4.899022 0.634296 0.033980 -0.772344 0.081177 0.232788 1 0 1.0
0 5.505232 -9.695563 4.899022 0.634296 0.033980 -0.772343 0.081177 0.232788 1 0 1.0
0 4.986215 -9.626659 4.475803 0.634296 0.033980 -0.772344 0.081177 0.232788 1 0 1.0
Default
0 4.913750 -7.997500 4.487969 0.634295 0.033981 -0.772344 0.081177 0.232788 1 0 1.0
0 5.409042 -7.900009 4.899022 0.634296 0.033980 -0.772344 0.081177 0.232788 1 0 1.0
0 4.986215 -9.626659 4.475803 0.634296 0.033980 -0.772344 0.081177 0.232788 1 0 1.0
Default
0 5.505232 -9.695563 4.899022 0.619953 -0.105674 -0.777491 0.081177 0.232788 1 0 1.0
0 5.265439 -11.102351 4.899022 0.619952 -0.105674 -0.777491 0.081177 0.232788 1 0 1.0
0 4.828915 -10.925132 4.526862 0.619953 -0.105674 -0.777491 0.081177 0.232788 1 0 1.0
Default
0 4.986215 -9.626659 4.475803 0.619953 -0.105675 -0.777490 0.081177 0.232788 1 0 1.0
0 5.505232 -9.695563 4.899022 0.619953 -0.105674 -0.777491 0.081177 0.232788 1 0 1.0
0 4.828915 -10.925132 4.526862 0.619953 -0.105674 -0.777491 0.081177 0.232788 1 0 1.0
Default
0 4.828915 -10.925132 4.526862 0.529801 -0.333017 -0.780007 0.081177 0.232788 1 0 1.0
0 5.265439 -11.102351 4.899022 0.529801 -0.333017 -0.780007 0.081177 0.232788 1 0 1.0
0 4.561138 -12.222830 4.899022 0.529801 -0.333017 -0.780007 0.081177 0.232788 1 0 1.0
Default
0 4.183003 -11.952719 4.526862 0.529801 -0.333017 -0.780007 0.081177 0.232788 1 0 1.0
0 4.828915 -10.925132 4.526862 0.529801 -0.333017 -0.780007 0.081177 0.232788 1 0 1.0
0 4.561138 -12.222830 4.899022 0.529801 -0.333017 -0.780007 0.081177 0.232788 1 0 1.0
Default
0 4.183003 -11.952719 4.526862 0.529801 -0.333017 -0.780007 0.081177 0.232788 1 0 1.0
0 3.949345 -11.296801 4.044897 0.559774 -0.351857 -0.750233 0.081177 0.232788 1 0 1.0
0 4.828915 -10.925132 4.526862 0.529801 -0.333017 -0.780007 0.081177 0.232788 1 0 1.0
Default
0 3.658109 -5.794203 7.309159 0.604110 0.119170 0.787940 0.074707 0.946777 1 0 1.0
0 2.649365 -6.986045 8.262815 0.594276 0.116029 0.795847 0.074707 0.946777 1 0 1.0
0 4.129579 -7.504119 7.213238 0.602120 0.121757 0.789067 0.074707 0.946777 1 0 1.0
Default
0 2.649365 -6.986045 8.262815 0.594276 0.116029 0.795847 0.074707 0.946777 1 0 1.0
0 3.658109 -5.794203 7.309159 0.604110 0.119170 0.787940 0.074707 0.946777 1 0 1.0
0 2.362953 -5.607721 8.279216 0.584025 0.112947 0.803840 0.074707 0.946777 1 0 1.0
Default
0 1.711896 -6.665331 8.883108 0.572818 0.111095 0.812119 0.074707 0.946777 1 0 1.0
0 2.649365 -6.986045 8.262815 0.594276 0.116029 0.795847 0.074707 0.946777 1 0 1.0
0 2.362953 -5.607721 8.279216 0.584025 0.112947 0.803840 0.074707 0.946777 1 0 1.0
Default
0 1.711896 -6.665331 8.883108 0.572818 0.111095 0.812119 0.074707 0.946777 1 0 1.0
0 2.362953 -5.607721 8.279216 0.584025 0.112947 0.803840 0.074707 0.946777 1 0 1.0
0 0.901954 -5.260607 9.257909 0.571325 0.112503 0.812976 0.074707 0.946777 1 0 1.0
Default
0 0.000000 -1.098172 9.716423 0.291401 0.019897 0.956394 0.074707 0.946777 1 0 1.0
0 0.000000 -1.898153 9.733066 0.291351 -0.001294 0.956616 0.074707 0.946777 1 0 1.0
0 0.256352 -1.899575 9.654989 0.291351 -0.001294 0.956616 0.074707 0.946777 1 0 1.0
Default
0 0.000000 -3.646780 9.691956 0.291170 -0.022485 0.956407 0.074707 0.946777 1 0 1.0
0 0.256352 -1.899575 9.654989 0.291351 -0.001294 0.956616 0.074707 0.946777 1 0 1.0
0 0.000000 -1.898153 9.733066 0.291351 -0.001294 0.956616 0.074707 0.946777 1 0 1.0
Default
0 5.311027 -10.484616 6.248191 0.590052 -0.311775 0.744738 0.074707 0.946777 1 0 1.0
0 4.203590 -10.538560 7.103025 0.589782 -0.312296 0.744734 0.074707 0.946777 1 0 1.0
0 5.390500 -11.145411 5.908592 0.591881 -0.318897 0.740258 0.074707 0.946777 1 0 1.0
Default
0 3.981559 -12.117455 6.615582 0.592779 -0.322449 0.737997 0.074707 0.946777 1 0 1.0
0 5.390500 -11.145411 5.908592 0.591881 -0.318897 0.740258 0.074707 0.946777 1 0 1.0
0 4.203590 -10.538560 7.103025 0.589782 -0.312296 0.744734 0.074707 0.946777 1 0 1.0
Default
0 3.981559 -12.117455 6.615582 0.592779 -0.322449 0.737997 0.074707 0.946777 1 0 1.0
0 4.722349 -12.344657 5.908592 0.595958 -0.332034 0.731155 0.074707 0.946777 1 0 1.0
0 5.390500 -11.145411 5.908592 0.591881 -0.318897 0.740258 0.074707 0.946777 1 0 1.0
Default
0 2.291749 -13.519516 6.615111 0.132796 -0.803809 0.579876 0.074707 0.946777 1 0 1.0
0 1.761237 -13.474318 6.799254 0.149134 -0.795243 0.587663 0.074707 0.946777 1 0 1.0
0 2.118271 -14.057866 5.908592 0.149747 -0.798441 0.583154 0.074707 0.946777 1 0 1.0
Default
0 1.761237 -13.474318 6.799254 0.149134 -0.795243 0.587663 0.074707 0.946777 1 0 1.0
0 0.904357 -14.503035 5.651637 0.157282 -0.790840 0.591468 0.074707 0.946777 1 0 1.0
0 2.118271 -14.057866 5.908592 0.149747 -0.798441 0.583154 0.074707 0.946777 1 0 1.0
Default
0 0.577065 -13.696351 6.799254 0.147895 -0.788775 0.596625 0.074707 0.946777 1 0 1.0
0 0.904357 -14.503035 5.651637 0.157282 -0.790840 0.591468 0.074707 0.946777 1 0 1.0
0 1.761237 -13.474318 6.799254 0.149134 -0.795243 0.587663 0.074707 0.946777 1 0 1.0
Default
0 3.175764 -12.826402 6.571835 0.405943 -0.508264 0.759525 0.074707 0.946777 1 0 1.0
0 3.745820 -13.372582 5.908592 0.403271 -0.505431 0.762831 0.074707 0.946777 1 0 1.0
0 3.981559 -12.117455 6.615582 0.405943 -0.508264 0.759525 0.074707 0.946777 1 0 1.0
Default
0 2.635187 -11.589587 7.699844 0.408604 -0.511084 0.756198 0.074707 0.946777 1 0 1.0
0 3.175764 -12.826402 6.571835 0.405943 -0.508264 0.759525 0.074707 0.946777 1 0 1.0
0 3.981559 -12.117455 6.615582 0.405943 -0.508264 0.759525 0.074707 0.946777 1 0 1.0
Default
0 5.681746 -9.723447 5.908592 0.631743 -0.009803 0.775116 0.074707 0.946777 1 0 1.0
0 4.746335 -9.206367 6.677520 0.624994 -0.015954 0.780467 0.074707 0.946777 1 0 1.0
0 4.203590 -10.538560 7.103025 0.623610 -0.004379 0.781724 0.074707 0.946777 1 0 1.0
Default
0 3.192110 -9.995815 7.891998 0.621592 -0.019030 0.783110 0.074707 0.946777 1 0 1.0
0 4.203590 -10.538560 7.103025 0.623610 -0.004379 0.781724 0.074707 0.946777 1 0 1.0
0 4.746335 -9.206367 6.677520 0.624994 -0.015954 0.780467 0.074707 0.946777 1 0 1.0
Default
0 3.192110 -9.995815 7.891998 0.621592 -0.019030 0.783110 0.074707 0.946777 1 0 1.0
0 4.746335 -9.206367 6.677520 0.624994 -0.015954 0.780467 0.074707 0.946777 1 0 1.0
0 3.099091 -8.784668 8.027953 0.627504 -0.039098 0.777631 0.074707 0.946777 1 0 1.0
Default
0 0.799097 -3.463283 9.614558 0.090882 -0.007324 0.995835 0.074707 0.946777 1 0 1.0
0 0.000000 -3.646780 9.691956 0.099038 -0.011605 0.995016 0.074707 0.946777 1 0 1.0
0 0.429043 -4.173636 9.643106 0.090882 -0.007324 0.995835 0.074707 0.946777 1 0 1.0
Default
0 1.407670 -3.938965 9.562593 0.082718 -0.003041 0.996568 0.074707 0.946777 1 0 1.0
0 0.799097 -3.463283 9.614558 0.090882 -0.007324 0.995835 0.074707 0.946777 1 0 1.0
0 0.429043 -4.173636 9.643106 0.090882 -0.007324 0.995835 0.074707 0.946777 1 0 1.0
Default
0 1.835247 -10.267187 8.646141 0.257116 -0.452588 0.853848 0.074707 0.946777 1 0 1.0
0 1.435200 -11.503698 8.111185 0.257116 -0.452588 0.853848 0.074707 0.946777 1 0 1.0
0 2.635187 -11.589587 7.699844 0.259896 -0.453023 0.852775 0.074707 0.946777 1 0 1.0
Default
0 1.835247 -10.267187 8.646141 0.257116 -0.452588 0.853848 0.074707 0.946777 1 0 1.0
0 0.651075 -10.933284 8.646141 0.254334 -0.452148 0.854913 0.074707 0.946777 1 0 1.0
0 1.435200 -11.503698 8.111185 0.257116 -0.452588 0.853848 0.074707 0.946777 1 0 1.0
Default
0 0.901954 -5.260607 9.257909 0.199365 -0.128786 0.971426 0.074707 0.946777 1 0 1.0
0 0.478384 -6.467969 9.184772 0.185135 -0.132196 0.973781 0.074707 0.946777 1 0 1.0
0 1.711896 -6.665331 8.883108 0.215120 -0.134066 0.967342 0.074707 0.946777 1 0 1.0
Default
0 0.901954 -5.260607 9.257909 0.199365 -0.128786 0.971426 0.074707 0.946777 1 0 1.0
0 0.000000 -5.598711 9.384863 0.170075 -0.131215 0.976656 0.074707 0.946777 1 0 1.0
0 0.478384 -6.467969 9.184772 0.185135 -0.132196 0.973781 0.074707 0.946777 1 0 1.0
Default
0 0.000000 -6.698120 9.228664 0.156557 -0.138928 0.977849 0.074707 0.946777 1 0 1.0
0 0.478384 -6.467969 9.184772 0.185135 -0.132196 0.973781 0.074707 0.946777 1 0 1.0
0 0.000000 -5.598711 9.384863 0.170075 -0.131215 0.976656 0.074707 0.946777 1 0 1.0
Default
0 0.774427 -8.342908 9.135912 -0.228392 -0.102796 0.968127 0.074707 0.946777 1 0 1.0
0 0.000000 -7.880320 9.003513 -0.227266 -0.103319 0.968336 0.074707 0.946777 1 0 1.0
0 0.000000 -10.161928 8.760071 -0.228392 -0.102796 0.968127 0.074707 0.946777 1 0 1.0
Default
0 0.943236 -9.419679 9.062166 -0.229519 -0.102273 0.967916 0.074707 0.946777 1 0 1.0
0 0.774427 -8.342908 9.135912 -0.228392 -0.102796 0.968127 0.074707 0.946777 1 0 1.0
0 0.000000 -10.161928 8.760071 -0.228392 -0.102796 0.968127 0.074707 0.946777 1 0 1.0
Default
0 2.165137 -3.113867 5.580627 0.804923 0.588754 0.073944 0.081177 0.232788 1 0 1.0
0 2.740915 -3.752738 4.399745 0.804923 0.588754 0.073944 0.081177 0.232788 1 0 1.0
0 1.131801 -1.719771 5.668557 0.803454 0.590996 0.072015 0.081177 0.232788 1 0 1.0
Default
0 2.165137 -3.113867 5.580627 0.804923 0.588754 0.073944 0.081177 0.232788 1 0 1.0
0 2.690941 -3.804564 5.331498 0.806383 0.586506 0.075872 0.081177 0.232788 1 0 1.0
0 2.740915 -3.752738 4.399745 0.804923 0.588754 0.073944 0.081177 0.232788 1 0 1.0
Default
0 0.000000 -2.342042 5.055095 0.132403 0.693186 -0.708493 0.081177 0.232788 1 0 1.0
0 1.105786 -2.712064 4.894155 0.127573 0.690797 -0.711706 0.081177 0.232788 1 0 1.0
0 1.058958 -3.381649 4.235847 0.132403 0.693186 -0.708493 0.081177 0.232788 1 0 1.0
Default
0 0.000000 -3.683375 3.732222 0.137228 0.695547 -0.705253 0.081177 0.232788 1 0 1.0
0 0.000000 -2.342042 5.055095 0.132403 0.693186 -0.708493 0.081177 0.232788 1 0 1.0
0 1.058958 -3.381649 4.235847 0.132403 0.693186 -0.708493 0.081177 0.232788 1 0 1.0
Default
0 3.398098 -5.151943 4.471734 0.802682 0.516254 -0.298637 0.081177 0.232788 1 0 1.0
0 4.375643 -6.785234 4.309349 0.808052 0.512511 -0.290489 0.081177 0.232788 1 0 1.0
0 3.841189 -6.320285 3.642969 0.802682 0.516254 -0.298637 0.081177 0.232788 1 0 1.0
Default
0 3.363334 -5.380094 3.994672 0.797224 0.519940 -0.306752 0.081177 0.232788 1 0 1.0
0 3.398098 -5.151943 4.471734 0.802682 0.516254 -0.298637 0.081177 0.232788 1 0 1.0
0 3.841189 -6.320285 3.642969 0.802682 0.516254 -0.298637 0.081177 0.232788 1 0 1.0
Default
0 3.749609 -11.729193 3.789598 0.671477 -0.508053 -0.539445 0.081177 0.232788 1 0 1.0
0 4.183003 -11.952719 4.526862 0.665791 -0.508891 -0.545667 0.081177 0.232788 1 0 1.0
0 3.287150 -12.966061 4.378839 0.671477 -0.508053 -0.539445 0.081177 0.232788 1 0 1.0
Default
0 2.902878 -12.673680 3.612716 0.677115 -0.507178 -0.533185 0.081177 0.232788 1 0 1.0
0 3.749609 -11.729193 3.789598 0.671477 -0.508053 -0.539445 0.081177 0.232788 1 0 1.0
0 3.287150 -12.966061 4.378839 0.671477 -0.508053 -0.539445 0.081177 0.232788 1 0 1.0
Default
0 4.913750 -7.997500 4.487969 0.813831 0.051407 -0.578823 0.081177 0.232788 1 0 1.0
0 4.986215 -9.626659 4.475803 0.821059 0.040772 -0.569385 0.081177 0.232788 1 0 1.0
0 4.363317 -9.149320 3.611759 0.813831 0.051407 -0.578823 0.081177 0.232788 1 0 1.0
Default
0 4.180031 -7.091650 3.577466 0.806396 0.062028 -0.588114 0.081177 0.232788 1 0 1.0
0 4.913750 -7.997500 4.487969 0.813831 0.051407 -0.578823 0.081177 0.232788 1 0 1.0
0 4.363317 -9.149320 3.611759 0.813831 0.051407 -0.578823 0.081177 0.232788 1 0 1.0
Default
0 0.000000 -1.008283 6.518709 0.148484 0.735648 -0.660889 0.079041 0.227905 1 0 1.0
0 0.751290 -1.116761 6.566754 0.148484 0.735648 -0.660889 0.079895 0.230591 1 0 1.0
0 0.000000 -1.259374 6.244987 0.147985 0.728799 -0.668545 0.081177 0.232788 1 0 1.0
Default
0 0.751290 -1.116761 6.566754 0.148484 0.735648 -0.660889 0.079895 0.230591 1 0 1.0
0 0.000000 -1.008283 6.518709 0.148484 0.735648 -0.660889 0.079041 0.227905 1 0 1.0
0 0.000000 -0.813412 6.740209 0.148967 0.742419 -0.653164 0.079895 0.230591 1 0 1.0
Default
0 1.024262 -1.133827 8.931770 0.097991 -0.523776 0.846201 0.982422 0.981934 1 0 1.0
0 1.101054 -1.045544 8.977522 0.097989 -0.523776 0.846202 0.982422 0.981934 1 0 1.0
0 1.026652 -0.994398 9.017796 0.097991 -0.523776 0.846201 0.982422 0.981934 1 0 1.0
Default
0 0.938778 -1.075064 8.978042 0.097993 -0.523776 0.846201 0.982422 0.981934 1 0 1.0
0 1.024262 -1.133827 8.931770 0.097991 -0.523776 0.846201 0.982422 0.981934 1 0 1.0
0 1.026652 -0.994398 9.017796 0.097991 -0.523776 0.846201 0.982422 0.981934 1 0 1.0
Default
0 0.975596 -1.049164 8.873755 -0.663380 0.746692 -0.048765 0.982422 0.981934 1 0 1.0
0 0.938778 -1.075064 8.978042 -0.663378 0.746693 -0.048766 0.982422 0.981934 1 0 1.0
0 1.026652 -0.994398 9.017796 -0.663380 0.746692 -0.048765 0.982422 0.981934 1 0 1.0
Default
0 1.058697 -0.971856 8.927029 -0.663382 0.746691 -0.048763 0.982422 0.981934 1 0 1.0
0 0.975596 -1.049164 8.873755 -0.663380 0.746692 -0.048765 0.982422 0.981934 1 0 1.0
0 1.026652 -0.994398 9.017796 -0.663380 0.746692 -0.048765 0.982422 0.981934 1 0 1.0
Default
0 0.975596 -1.049164 8.873755 0.632163 -0.156606 -0.758844 0.982422 0.981934 1 0 1.0
0 1.058697 -0.971856 8.927029 0.632163 -0.156602 -0.758845 0.982422 0.981934 1 0 1.0
0 1.101054 -1.045544 8.977522 0.632163 -0.156606 -0.758844 0.982422 0.981934 1 0 1.0
Default
0 1.024262 -1.133827 8.931770 0.632163 -0.156610 -0.758844 0.982422 0.981934 1 0 1.0
0 0.975596 -1.049164 8.873755 0.632163 -0.156606 -0.758844 0.982422 0.981934 1 0 1.0
0 1.101054 -1.045544 8.977522 0.632163 -0.156606 -0.758844 0.982422 0.981934 1 0 1.0
Default
0 4.446973 -5.272029 4.987340 0.217956 -0.837756 0.500660 0.078552 0.955566 1 0 1.0
0 4.007162 -5.339479 5.057021 0.208739 -0.834804 0.509441 0.078552 0.955566 1 0 1.0
0 4.081043 -5.542462 4.694126 0.217956 -0.837756 0.500660 0.078552 0.955566 1 0 1.0
Default
0 4.511346 -5.448892 4.655319 0.227136 -0.840564 0.491794 0.078552 0.955566 1 0 1.0
0 4.446973 -5.272029 4.987340 0.217956 -0.837756 0.500660 0.078552 0.955566 1 0 1.0
0 4.081043 -5.542462 4.694126 0.217956 -0.837756 0.500660 0.078552 0.955566 1 0 1.0
Default
0 5.653788 -4.269446 4.655319 0.637199 -0.611775 -0.468731 0.078552 0.955566 1 0 1.0
0 4.511346 -5.448892 4.655319 0.639904 -0.619828 -0.454242 0.078552 0.955566 1 0 1.0
0 4.446972 -5.272028 4.323298 0.637199 -0.611775 -0.468731 0.078552 0.955566 1 0 1.0
Default
0 5.550855 -4.111873 4.323298 0.634315 -0.603549 -0.483087 0.078552 0.955566 1 0 1.0
0 5.653788 -4.269446 4.655319 0.637199 -0.611775 -0.468731 0.078552 0.955566 1 0 1.0
0 4.446972 -5.272028 4.323298 0.637199 -0.611775 -0.468731 0.078552 0.955566 1 0 1.0
Default
0 5.302357 -3.731459 4.185770 -0.233771 0.206765 -0.950052 0.078552 0.955566 1 0 1.0
0 4.291564 -4.845044 4.185770 -0.239651 0.217529 -0.946176 0.078552 0.955566 1 0 1.0
0 4.136154 -4.418061 4.323298 -0.233771 0.206765 -0.950052 0.078552 0.955566 1 0 1.0
Default
0 5.053858 -3.351044 4.323298 -0.227852 0.195968 -0.953771 0.078552 0.955566 1 0 1.0
0 5.302357 -3.731459 4.185770 -0.233771 0.206765 -0.950052 0.078552 0.955566 1 0 1.0
0 4.136154 -4.418061 4.323298 -0.233771 0.206765 -0.950052 0.078552 0.955566 1 0 1.0
Default
0 5.302357 -3.731459 5.124868 -0.233771 0.206765 0.950052 0.078552 0.955566 1 0 1.0
0 5.053858 -3.351044 4.987340 -0.227852 0.195968 0.953772 0.078552 0.955566 1 0 1.0
0 4.136154 -4.418061 4.987340 -0.231615 0.212061 0.949413 0.078552 0.955566 1 0 1.0
Default
0 4.291564 -4.845044 5.124868 -0.233472 0.220085 0.947129 0.078552 0.955566 1 0 1.0
0 5.302357 -3.731459 5.124868 -0.233771 0.206765 0.950052 0.078552 0.955566 1 0 1.0
0 4.136154 -4.418061 4.987340 -0.231615 0.212061 0.949413 0.078552 0.955566 1 0 1.0
Default
0 4.291564 -4.845044 5.124868 -0.233472 0.220085 0.947129 0.078552 0.955566 1 0 1.0
0 4.136154 -4.418061 4.987340 -0.231615 0.212061 0.949413 0.078552 0.955566 1 0 1.0
0 3.828801 -4.849433 5.014956 -0.227283 0.222631 0.948039 0.078552 0.955566 1 0 1.0
Default
0 5.653788 -4.269446 4.655319 0.637200 -0.611776 0.468728 0.078552 0.955566 1 0 1.0
0 5.550856 -4.111874 4.987340 0.634316 -0.603550 0.483085 0.078552 0.955566 1 0 1.0
0 4.446973 -5.272029 4.987340 0.637200 -0.611776 0.468728 0.078552 0.955566 1 0 1.0
Default
0 4.511346 -5.448892 4.655319 0.639905 -0.619829 0.454240 0.078552 0.955566 1 0 1.0
0 5.653788 -4.269446 4.655319 0.637200 -0.611776 0.468728 0.078552 0.955566 1 0 1.0
0 4.446973 -5.272029 4.987340 0.637200 -0.611776 0.468728 0.078552 0.955566 1 0 1.0
Default
0 5.550855 -4.111873 4.323298 0.226519 -0.210691 -0.950946 0.078552 0.955566 1 0 1.0
0 4.446972 -5.272028 4.323298 0.231960 -0.220709 -0.947355 0.078552 0.955566 1 0 1.0
0 4.291564 -4.845044 4.185770 0.226519 -0.210691 -0.950946 0.078552 0.955566 1 0 1.0
Default
0 5.302357 -3.731459 4.185770 0.221046 -0.200642 -0.954401 0.078552 0.955566 1 0 1.0
0 5.550855 -4.111873 4.323298 0.226519 -0.210691 -0.950946 0.078552 0.955566 1 0 1.0
0 4.291564 -4.845044 4.185770 0.226519 -0.210691 -0.950946 0.078552 0.955566 1 0 1.0
Default
0 5.053858 -3.351044 4.323298 -0.676623 0.574879 -0.460104 0.078552 0.955566 1 0 1.0
0 4.136154 -4.418061 4.323298 -0.679651 0.584545 -0.443150 0.078552 0.955566 1 0 1.0
0 4.071782 -4.241197 4.655319 -0.676623 0.574879 -0.460104 0.078552 0.955566 1 0 1.0
Default
0 4.950927 -3.193470 4.655319 -0.673330 0.564989 -0.476880 0.078552 0.955566 1 0 1.0
0 5.053858 -3.351044 4.323298 -0.676623 0.574879 -0.460104 0.078552 0.955566 1 0 1.0
0 4.071782 -4.241197 4.655319 -0.676623 0.574879 -0.460104 0.078552 0.955566 1 0 1.0
Default
0 5.053858 -3.351044 4.987340 -0.676623 0.574879 0.460104 0.078552 0.955566 1 0 1.0
0 4.950927 -3.193470 4.655319 -0.673330 0.564989 0.476880 0.078552 0.955566 1 0 1.0
0 4.071782 -4.241197 4.655319 -0.676623 0.574879 0.460104 0.078552 0.955566 1 0 1.0
Default
0 4.136154 -4.418061 4.987340 -0.679651 0.584545 0.443149 0.078552 0.955566 1 0 1.0
0 5.053858 -3.351044 4.987340 -0.676623 0.574879 0.460104 0.078552 0.955566 1 0 1.0
0 4.071782 -4.241197 4.655319 -0.676623 0.574879 0.460104 0.078552 0.955566 1 0 1.0
Default
0 11.335324 2.552534 4.243247 0.698599 -0.618928 -0.359008 0.078552 0.955566 1 0 1.0
0 11.493446 2.491987 4.655321 0.697494 -0.620303 -0.358784 0.078552 0.955566 1 0 1.0
0 5.618501 -4.215427 4.655319 0.701905 -0.614791 -0.359668 0.078552 0.955566 1 0 1.0
Default
0 11.335324 2.552534 4.243247 0.698599 -0.618928 -0.359008 0.078552 0.955566 1 0 1.0
0 11.787669 3.128368 4.119706 0.695275 -0.623048 -0.358335 0.078552 0.955566 1 0 1.0
0 11.493446 2.491987 4.655321 0.697494 -0.620303 -0.358784 0.078552 0.955566 1 0 1.0
Default
0 11.787669 3.128368 4.119706 0.695275 -0.623048 -0.358335 0.078552 0.955566 1 0 1.0
0 11.993193 3.049669 4.655321 0.695277 -0.623047 -0.358333 0.078552 0.955566 1 0 1.0
0 11.493446 2.491987 4.655321 0.697494 -0.620303 -0.358784 0.078552 0.955566 1 0 1.0
Default
0 12.745634 10.401066 5.178394 0.376759 -0.059550 0.924395 0.078552 0.955566 1 0 1.0
0 12.193385 10.387011 5.395059 0.365892 -0.057233 0.928896 0.078552 0.955566 1 0 1.0
0 11.291493 3.318362 5.314791 0.376759 -0.059550 0.924395 0.078552 0.955566 1 0 1.0
Default
0 11.723474 3.152950 5.121636 0.387572 -0.061859 0.919761 0.078552 0.955566 1 0 1.0
0 12.745634 10.401066 5.178394 0.376759 -0.059550 0.924395 0.078552 0.955566 1 0 1.0
0 11.291493 3.318362 5.314791 0.376759 -0.059550 0.924395 0.078552 0.955566 1 0 1.0
Default
0 11.291493 3.318365 3.897849 0.249183 -0.386275 -0.888088 0.078552 0.955566 1 0 1.0
0 11.787669 3.128368 4.119706 0.249181 -0.386275 -0.888088 0.078552 0.955566 1 0 1.0
0 11.335324 2.552534 4.243247 0.249183 -0.386275 -0.888088 0.078552 0.955566 1 0 1.0
Default
0 10.953594 2.698708 4.072560 0.249184 -0.386275 -0.888087 0.078552 0.955566 1 0 1.0
0 11.291493 3.318365 3.897849 0.249183 -0.386275 -0.888088 0.078552 0.955566 1 0 1.0
0 11.335324 2.552534 4.243247 0.249183 -0.386275 -0.888088 0.078552 0.955566 1 0 1.0
Default
0 10.589792 3.587060 4.655321 -0.896396 0.231521 -0.377984 0.078552 0.955566 1 0 1.0
0 10.795318 3.508357 4.119706 -0.896396 0.231521 -0.377984 0.078552 0.955566 1 0 1.0
0 10.571862 2.844880 4.243247 -0.896396 0.231521 -0.377984 0.078552 0.955566 1 0 1.0
Default
0 10.413741 2.905427 4.655321 -0.896396 0.231521 -0.377984 0.078552 0.955566 1 0 1.0
0 10.589792 3.587060 4.655321 -0.896396 0.231521 -0.377984 0.078552 0.955566 1 0 1.0
0 10.571862 2.844880 4.243247 -0.896396 0.231521 -0.377984 0.078552 0.955566 1 0 1.0
Default
0 10.589792 3.587060 4.655321 -0.896396 0.231520 0.377986 0.078552 0.955566 1 0 1.0
0 10.413741 2.905427 4.655321 -0.896396 0.231520 0.377986 0.078552 0.955566 1 0 1.0
0 10.571862 2.844880 5.067393 -0.896396 0.231520 0.377986 0.078552 0.955566 1 0 1.0
Default
0 10.795318 3.508357 5.190934 -0.896396 0.231520 0.377985 0.078552 0.955566 1 0 1.0
0 10.589792 3.587060 4.655321 -0.896396 0.231520 0.377986 0.078552 0.955566 1 0 1.0
0 10.571862 2.844880 5.067393 -0.896396 0.231520 0.377986 0.078552 0.955566 1 0 1.0
Default
0 11.291493 3.318362 5.412791 0.249184 -0.386276 0.888087 0.078552 0.955566 1 0 1.0
0 10.953594 2.698706 5.238080 0.249186 -0.386276 0.888087 0.078552 0.955566 1 0 1.0
0 11.335324 2.552534 5.067393 0.249184 -0.386276 0.888087 0.078552 0.955566 1 0 1.0
Default
0 11.787669 3.128368 5.190934 0.249182 -0.386276 0.888087 0.078552 0.955566 1 0 1.0
0 11.291493 3.318362 5.412791 0.249184 -0.386276 0.888087 0.078552 0.955566 1 0 1.0
0 11.335324 2.552534 5.067393 0.249184 -0.386276 0.888087 0.078552 0.955566 1 0 1.0
Default
0 10.795318 3.508357 4.119706 -0.417144 -0.028651 -0.908388 0.078552 0.955566 1 0 1.0
0 11.291493 3.318365 3.897849 -0.417144 -0.028651 -0.908388 0.078552 0.955566 1 0 1.0
0 10.953594 2.698708 4.072560 -0.417144 -0.028651 -0.908388 0.078552 0.955566 1 0 1.0
Default
0 10.571862 2.844880 4.243247 -0.417144 -0.028651 -0.908388 0.078552 0.955566 1 0 1.0
0 10.795318 3.508357 4.119706 -0.417144 -0.028651 -0.908388 0.078552 0.955566 1 0 1.0
0 10.953594 2.698708 4.072560 -0.417144 -0.028651 -0.908388 0.078552 0.955566 1 0 1.0
Default
0 10.795318 3.508357 5.190934 -0.417145 -0.028651 0.908388 0.078552 0.955566 1 0 1.0
0 10.571862 2.844880 5.067393 -0.417145 -0.028651 0.908388 0.078552 0.955566 1 0 1.0
0 10.953594 2.698706 5.238080 -0.417145 -0.028651 0.908388 0.078552 0.955566 1 0 1.0
Default
0 11.291493 3.318362 5.412791 -0.417145 -0.028651 0.908388 0.078552 0.955566 1 0 1.0
0 10.795318 3.508357 5.190934 -0.417145 -0.028651 0.908388 0.078552 0.955566 1 0 1.0
0 10.953594 2.698706 5.238080 -0.417145 -0.028651 0.908388 0.078552 0.955566 1 0 1.0
Default
0 12.974383 10.406894 4.655321 0.913682 -0.132868 -0.384098 0.078552 0.955566 1 0 1.0
0 11.902408 3.084431 4.655321 0.918383 -0.134447 -0.372151 0.078552 0.955566 1 0 1.0
0 11.723474 3.152947 4.189002 0.913682 -0.132868 -0.384098 0.078552 0.955566 1 0 1.0
Default
0 12.745634 10.401066 4.132246 0.908828 -0.131267 -0.395981 0.078552 0.955566 1 0 1.0
0 12.974383 10.406894 4.655321 0.913682 -0.132868 -0.384098 0.078552 0.955566 1 0 1.0
0 11.723474 3.152947 4.189002 0.913682 -0.132868 -0.384098 0.078552 0.955566 1 0 1.0
Default
0 12.193385 10.387011 3.915583 -0.380464 0.036915 -0.924059 0.078552 0.955566 1 0 1.0
0 11.291493 3.318365 3.995849 -0.395061 0.039984 -0.917784 0.078552 0.955566 1 0 1.0
0 10.859511 3.483775 4.189002 -0.380464 0.036915 -0.924059 0.078552 0.955566 1 0 1.0
Default
0 11.641138 10.372952 4.132248 -0.365767 0.033837 -0.930091 0.078552 0.955566 1 0 1.0
0 12.193385 10.387011 3.915583 -0.380464 0.036915 -0.924059 0.078552 0.955566 1 0 1.0
0 10.859511 3.483775 4.189002 -0.380464 0.036915 -0.924059 0.078552 0.955566 1 0 1.0
Default
0 12.193385 10.387011 5.395059 -0.380465 0.036915 0.924058 0.078552 0.955566 1 0 1.0
0 11.641138 10.372952 5.178394 -0.365767 0.033836 0.930091 0.078552 0.955566 1 0 1.0
0 10.859511 3.483775 5.121636 -0.380465 0.036915 0.924058 0.078552 0.955566 1 0 1.0
Default
0 11.291493 3.318362 5.314791 -0.395064 0.039985 0.917783 0.078552 0.955566 1 0 1.0
0 12.193385 10.387011 5.395059 -0.380465 0.036915 0.924058 0.078552 0.955566 1 0 1.0
0 10.859511 3.483775 5.121636 -0.380465 0.036915 0.924058 0.078552 0.955566 1 0 1.0
Default
0 12.974383 10.406894 4.655321 0.913681 -0.132868 0.384101 0.078552 0.955566 1 0 1.0
0 12.745634 10.401066 5.178394 0.908827 -0.131267 0.395983 0.078552 0.955566 1 0 1.0
0 11.723474 3.152950 5.121636 0.913681 -0.132868 0.384101 0.078552 0.955566 1 0 1.0
Default
0 11.902408 3.084431 4.655321 0.918382 -0.134447 0.372154 0.078552 0.955566 1 0 1.0
0 12.974383 10.406894 4.655321 0.913681 -0.132868 0.384101 0.078552 0.955566 1 0 1.0
0 11.723474 3.152950 5.121636 0.913681 -0.132868 0.384101 0.078552 0.955566 1 0 1.0
Default
0 12.745634 10.401066 4.132246 0.376756 -0.059550 -0.924396 0.078552 0.955566 1 0 1.0
0 11.723474 3.152947 4.189002 0.387569 -0.061859 -0.919763 0.078552 0.955566 1 0 1.0
0 11.291493 3.318365 3.995849 0.376756 -0.059550 -0.924396 0.078552 0.955566 1 0 1.0
Default
0 12.193385 10.387011 3.915583 0.365890 -0.057232 -0.928897 0.078552 0.955566 1 0 1.0
0 12.745634 10.401066 4.132246 0.376756 -0.059550 -0.924396 0.078552 0.955566 1 0 1.0
0 11.291493 3.318365 3.995849 0.376756 -0.059550 -0.924396 0.078552 0.955566 1 0 1.0
Default
0 11.641138 10.372952 4.132248 -0.918059 0.099869 -0.383659 0.078552 0.955566 1 0 1.0
0 10.859511 3.483775 4.189002 -0.923689 0.101756 -0.369385 0.078552 0.955566 1 0 1.0
0 10.680578 3.552296 4.655321 -0.918059 0.099869 -0.383659 0.078552 0.955566 1 0 1.0
Default
0 11.412385 10.367128 4.655321 -0.912210 0.097957 -0.397841 0.078552 0.955566 1 0 1.0
0 11.641138 10.372952 4.132248 -0.918059 0.099869 -0.383659 0.078552 0.955566 1 0 1.0
0 10.680578 3.552296 4.655321 -0.918059 0.099869 -0.383659 0.078552 0.955566 1 0 1.0
Default
0 11.641138 10.372952 5.178394 -0.918058 0.099868 0.383660 0.078552 0.955566 1 0 1.0
0 11.412385 10.367128 4.655321 -0.912210 0.097957 0.397841 0.078552 0.955566 1 0 1.0
0 10.680578 3.552296 4.655321 -0.918058 0.099868 0.383660 0.078552 0.955566 1 0 1.0
Default
0 10.859511 3.483775 5.121636 -0.923688 0.101756 0.369387 0.078552 0.955566 1 0 1.0
0 11.641138 10.372952 5.178394 -0.918058 0.099868 0.383660 0.078552 0.955566 1 0 1.0
0 10.680578 3.552296 4.655321 -0.918058 0.099868 0.383660 0.078552 0.955566 1 0 1.0
Default
0 10.699766 20.484891 4.902810 -0.701808 -0.248956 0.667448 0.078552 0.955566 1 0 1.0
0 10.473479 20.459274 4.655319 -0.701807 -0.248956 0.667448 0.078552 0.955566 1 0 1.0
0 10.928904 19.175434 4.655321 -0.701808 -0.248956 0.667448 0.078552 0.955566 1 0 1.0
Default
0 11.088154 19.193459 4.829493 -0.701808 -0.248956 0.667447 0.078552 0.955566 1 0 1.0
0 10.699766 20.484891 4.902810 -0.701808 -0.248956 0.667448 0.078552 0.955566 1 0 1.0
0 10.928904 19.175434 4.655321 -0.701808 -0.248956 0.667448 0.078552 0.955566 1 0 1.0
Default
0 11.792357 20.608564 4.407828 0.738213 -0.003830 -0.674557 0.078552 0.955566 1 0 1.0
0 12.018640 20.634180 4.655319 0.738274 -0.005103 -0.674482 0.078552 0.955566 1 0 1.0
0 12.016318 19.298524 4.655321 0.738087 -0.001283 -0.674704 0.078552 0.955566 1 0 1.0
Default
0 11.857071 19.280495 4.481147 0.738089 -0.001283 -0.674702 0.078552 0.955566 1 0 1.0
0 11.792357 20.608564 4.407828 0.738213 -0.003830 -0.674557 0.078552 0.955566 1 0 1.0
0 12.016318 19.298524 4.655321 0.738087 -0.001283 -0.674704 0.078552 0.955566 1 0 1.0
Default
0 11.384896 20.263570 4.305314 -0.176310 -0.111802 -0.977965 0.078552 0.955566 1 0 1.0
0 11.472612 19.236975 4.409003 -0.170823 -0.113452 -0.978748 0.078552 0.955566 1 0 1.0
0 11.088154 19.193459 4.481147 -0.176310 -0.111802 -0.977965 0.078552 0.955566 1 0 1.0
Default
0 10.699766 20.484891 4.407828 -0.181790 -0.110148 -0.977149 0.078552 0.955566 1 0 1.0
0 11.384896 20.263570 4.305314 -0.176310 -0.111802 -0.977965 0.078552 0.955566 1 0 1.0
0 11.088154 19.193459 4.481147 -0.176310 -0.111802 -0.977965 0.078552 0.955566 1 0 1.0
Default
0 11.792357 20.608564 4.902810 0.738212 -0.003829 0.674558 0.078552 0.955566 1 0 1.0
0 11.857071 19.280495 4.829493 0.738085 -0.001282 0.674706 0.078552 0.955566 1 0 1.0
0 12.016318 19.298524 4.655321 0.738086 -0.001282 0.674706 0.078552 0.955566 1 0 1.0
Default
0 12.018640 20.634180 4.655319 0.738274 -0.005102 0.674482 0.078552 0.955566 1 0 1.0
0 11.792357 20.608564 4.902810 0.738212 -0.003829 0.674558 0.078552 0.955566 1 0 1.0
0 12.016318 19.298524 4.655321 0.738086 -0.001282 0.674706 0.078552 0.955566 1 0 1.0
Default
0 10.699766 20.484891 4.407828 -0.701809 -0.248957 -0.667446 0.078552 0.955566 1 0 1.0
0 11.088154 19.193459 4.481147 -0.701812 -0.248957 -0.667444 0.078552 0.955566 1 0 1.0
0 10.928904 19.175434 4.655321 -0.701809 -0.248957 -0.667446 0.078552 0.955566 1 0 1.0
Default
0 10.473479 20.459274 4.655319 -0.701807 -0.248958 -0.667448 0.078552 0.955566 1 0 1.0
0 10.699766 20.484891 4.407828 -0.701809 -0.248957 -0.667446 0.078552 0.955566 1 0 1.0
0 10.928904 19.175434 4.655321 -0.701809 -0.248957 -0.667446 0.078552 0.955566 1 0 1.0
Default
0 11.335162 23.442717 4.655319 0.371490 0.136832 0.918298 0.078552 0.955566 1 0 1.0
0 11.673501 21.655038 4.784822 0.372342 0.141263 0.917282 0.078552 0.955566 1 0 1.0
0 12.029788 21.556852 4.655319 0.372342 0.141263 0.917282 0.078552 0.955566 1 0 1.0
Default
0 11.792357 20.608564 4.902810 0.373186 0.145691 0.916246 0.078552 0.955566 1 0 1.0
0 12.029788 21.556852 4.655319 0.372342 0.141263 0.917282 0.078552 0.955566 1 0 1.0
0 11.673501 21.655038 4.784822 0.372342 0.141263 0.917282 0.078552 0.955566 1 0 1.0
Default
0 10.968116 21.042627 4.781343 0.881749 0.471718 0.000000 0.078552 0.955566 1 0 1.0
0 11.384896 20.263570 5.087985 0.881749 0.471718 0.000000 0.078552 0.955566 1 0 1.0
0 11.384896 20.263570 4.305314 0.881749 0.471718 0.000000 0.078552 0.955566 1 0 1.0
Default
0 10.968116 21.042627 4.529295 0.881749 0.471718 0.000000 0.078552 0.955566 1 0 1.0
0 10.968116 21.042627 4.781343 0.881749 0.471718 0.000000 0.078552 0.955566 1 0 1.0
0 11.384896 20.263570 4.305314 0.881749 0.471718 0.000000 0.078552 0.955566 1 0 1.0
Default
0 11.673501 21.655038 4.784822 -0.979160 0.203089 0.000000 0.078552 0.955566 1 0 1.0
0 11.673501 21.655038 4.525817 -0.979160 0.203089 0.000000 0.078552 0.955566 1 0 1.0
0 11.384896 20.263570 4.305314 -0.979160 0.203089 0.000000 0.078552 0.955566 1 0 1.0
Default
0 11.384896 20.263570 5.087985 -0.979160 0.203089 0.000000 0.078552 0.955566 1 0 1.0
0 11.673501 21.655038 4.784822 -0.979160 0.203089 0.000000 0.078552 0.955566 1 0 1.0
0 11.384896 20.263570 4.305314 -0.979160 0.203089 0.000000 0.078552 0.955566 1 0 1.0
Default
0 11.673501 21.655038 4.525817 0.372342 0.141263 -0.917282 0.078552 0.955566 1 0 1.0
0 12.029788 21.556852 4.655319 0.372342 0.141263 -0.917282 0.078552 0.955566 1 0 1.0
0 11.792357 20.608564 4.407828 0.373186 0.145691 -0.916246 0.078552 0.955566 1 0 1.0
Default
0 11.335162 23.442717 4.655319 0.371490 0.136832 -0.918298 0.078552 0.955566 1 0 1.0
0 12.029788 21.556852 4.655319 0.372342 0.141263 -0.917282 0.078552 0.955566 1 0 1.0
0 11.673501 21.655038 4.525817 0.372342 0.141263 -0.917282 0.078552 0.955566 1 0 1.0
Default
0 2.639823 -5.068244 4.178345 0.028647 0.250173 -0.967777 0.078552 0.955566 1 0 1.0
0 2.199474 -4.277240 4.362738 0.033044 0.244312 -0.969133 0.078552 0.955566 1 0 1.0
0 3.650439 -4.359389 4.391501 0.028647 0.250173 -0.967777 0.078552 0.955566 1 0 1.0
Default
0 3.828801 -4.849433 4.266149 0.024249 0.256019 -0.966367 0.078552 0.955566 1 0 1.0
0 2.639823 -5.068244 4.178345 0.028647 0.250173 -0.967777 0.078552 0.955566 1 0 1.0
0 3.650439 -4.359389 4.391501 0.028647 0.250173 -0.967777 0.078552 0.955566 1 0 1.0
Default
0 5.914510 -7.912412 4.624574 -0.225972 -0.274639 0.934617 0.078552 0.955566 1 0 1.0
0 5.746056 -7.485428 4.712478 -0.226888 -0.281461 0.932363 0.078552 0.955566 1 0 1.0
0 5.046075 -7.742885 4.464419 -0.225972 -0.274639 0.934617 0.078552 0.955566 1 0 1.0
Default
0 5.224436 -8.232930 4.367179 -0.225045 -0.267803 0.936823 0.078552 0.955566 1 0 1.0
0 5.914510 -7.912412 4.624574 -0.225972 -0.274639 0.934617 0.078552 0.955566 1 0 1.0
0 5.046075 -7.742885 4.464419 -0.225972 -0.274639 0.934617 0.078552 0.955566 1 0 1.0
Default
0 5.984028 -7.912411 4.101303 0.525388 -0.684845 -0.504931 0.078552 0.955566 1 0 1.0
0 6.013083 -8.089275 4.371418 0.525388 -0.684845 -0.504931 0.078552 0.955566 1 0 1.0
0 5.298317 -8.435914 4.132423 0.507391 -0.694899 -0.509578 0.078552 0.955566 1 0 1.0
Default
0 5.984028 -7.912411 4.101303 0.525388 -0.684845 -0.504931 0.078552 0.955566 1 0 1.0
0 6.751994 -7.732544 4.692840 0.543150 -0.674485 -0.500058 0.078552 0.955566 1 0 1.0
0 6.013083 -8.089275 4.371418 0.525388 -0.684845 -0.504931 0.078552 0.955566 1 0 1.0
Default
0 5.675920 -7.058445 4.060369 0.131397 0.243998 -0.960833 0.078552 0.955566 1 0 1.0
0 5.844373 -7.485428 3.972465 0.127046 0.247850 -0.960432 0.078552 0.955566 1 0 1.0
0 5.046075 -7.742884 3.800427 0.131413 0.242253 -0.961272 0.078552 0.955566 1 0 1.0
Default
0 4.867713 -7.252841 3.897667 0.133594 0.239450 -0.961674 0.078552 0.955566 1 0 1.0
0 5.675920 -7.058445 4.060369 0.131397 0.243998 -0.960833 0.078552 0.955566 1 0 1.0
0 5.046075 -7.742884 3.800427 0.131413 0.242253 -0.961272 0.078552 0.955566 1 0 1.0
Default
0 5.046075 -7.742884 3.800427 0.131413 0.242253 -0.961272 0.078552 0.955566 1 0 1.0
0 3.353527 -7.551702 3.616640 0.131444 0.238760 -0.962141 0.078552 0.955566 1 0 1.0
0 4.867713 -7.252841 3.897667 0.133594 0.239450 -0.961674 0.078552 0.955566 1 0 1.0
Default
0 6.640495 -7.920615 4.937367 -0.229466 -0.828475 0.510857 0.078552 0.955566 1 0 1.0
0 6.542460 -7.732545 5.187598 -0.234827 -0.818996 0.523547 0.078552 0.955566 1 0 1.0
0 5.914510 -7.912412 4.624574 -0.229466 -0.828475 0.510857 0.078552 0.955566 1 0 1.0
Default
0 6.013083 -8.089275 4.371418 -0.224042 -0.837722 0.498023 0.078552 0.955566 1 0 1.0
0 6.640495 -7.920615 4.937367 -0.229466 -0.828475 0.510857 0.078552 0.955566 1 0 1.0
0 5.914510 -7.912412 4.624574 -0.229466 -0.828475 0.510857 0.078552 0.955566 1 0 1.0
Default
0 6.784500 -6.824458 4.706605 0.138408 0.826796 -0.545207 0.078552 0.955566 1 0 1.0
0 5.675920 -7.058445 4.060369 0.133688 0.836086 -0.532060 0.078552 0.955566 1 0 1.0
0 5.577347 -6.881581 4.313527 0.138408 0.826796 -0.545207 0.078552 0.955566 1 0 1.0
Default
0 6.686467 -6.636385 4.956838 0.143090 0.817274 -0.558201 0.078552 0.955566 1 0 1.0
0 6.784500 -6.824458 4.706605 0.138408 0.826796 -0.545207 0.078552 0.955566 1 0 1.0
0 5.577347 -6.881581 4.313527 0.138408 0.826796 -0.545207 0.078552 0.955566 1 0 1.0
Default
0 3.971245 -8.653491 4.132423 0.120010 -0.731977 0.670677 0.078552 0.955566 1 0 1.0
0 5.298317 -8.435914 4.132423 0.124652 -0.730796 0.671118 0.078552 0.955566 1 0 1.0
0 5.224436 -8.232930 4.367179 0.124652 -0.730796 0.671118 0.078552 0.955566 1 0 1.0
Default
0 5.298317 -8.435914 4.132423 0.124652 -0.730796 0.671118 0.078552 0.955566 1 0 1.0
0 6.013083 -8.089275 4.371418 0.129290 -0.729599 0.671542 0.078552 0.955566 1 0 1.0
0 5.224436 -8.232930 4.367179 0.124652 -0.730796 0.671118 0.078552 0.955566 1 0 1.0
Default
0 14.729513 -5.116527 6.681768 -0.258454 0.889325 0.377231 0.078552 0.955566 1 0 1.0
0 14.749588 -4.970216 6.350593 -0.258454 0.889325 0.377231 0.078552 0.955566 1 0 1.0
0 6.684586 -6.688823 4.956040 -0.254996 0.890090 0.377779 0.078552 0.955566 1 0 1.0
Default
0 15.444633 -4.777073 6.378259 -0.261909 0.888548 0.376678 0.078552 0.955566 1 0 1.0
0 14.749588 -4.970216 6.350593 -0.258454 0.889325 0.377231 0.078552 0.955566 1 0 1.0
0 14.729513 -5.116527 6.681768 -0.258454 0.889325 0.377231 0.078552 0.955566 1 0 1.0
Default
0 18.929506 -4.835799 0.896040 -0.799171 0.417434 -0.432521 0.078552 0.955566 1 0 1.0
0 18.557181 -4.899286 1.536715 -0.806907 0.406388 -0.428660 0.078552 0.955566 1 0 1.0
0 18.715294 -4.400579 1.711880 -0.799171 0.417434 -0.432521 0.078552 0.955566 1 0 1.0
Default
0 19.128925 -4.266215 1.093640 -0.791278 0.428397 -0.436297 0.078552 0.955566 1 0 1.0
0 18.929506 -4.835799 0.896040 -0.799171 0.417434 -0.432521 0.078552 0.955566 1 0 1.0
0 18.715294 -4.400579 1.711880 -0.799171 0.417434 -0.432521 0.078552 0.955566 1 0 1.0
Default
0 15.384832 -4.932759 6.035658 -0.235330 0.899688 -0.367669 0.078552 0.955566 1 0 1.0
0 14.813339 -5.090813 6.014615 -0.235297 0.899726 -0.367599 0.078552 0.955566 1 0 1.0
0 14.749588 -4.970216 6.350593 -0.235330 0.899688 -0.367669 0.078552 0.955566 1 0 1.0
Default
0 15.444633 -4.777073 6.378259 -0.235362 0.899651 -0.367739 0.078552 0.955566 1 0 1.0
0 15.384832 -4.932759 6.035658 -0.235330 0.899688 -0.367669 0.078552 0.955566 1 0 1.0
0 14.749588 -4.970216 6.350593 -0.235330 0.899688 -0.367669 0.078552 0.955566 1 0 1.0
Default
0 15.463291 -5.803414 6.018599 0.060750 -0.907866 -0.414836 0.078552 0.955566 1 0 1.0
0 15.551137 -5.959099 6.355103 0.049905 -0.901415 -0.430071 0.078552 0.955566 1 0 1.0
0 14.915404 -5.983451 6.332374 0.060750 -0.907866 -0.414836 0.078552 0.955566 1 0 1.0
Default
0 14.935479 -5.837140 6.001195 0.071571 -0.913962 -0.399438 0.078552 0.955566 1 0 1.0
0 15.463291 -5.803414 6.018599 0.060750 -0.907866 -0.414836 0.078552 0.955566 1 0 1.0
0 14.915404 -5.983451 6.332374 0.060750 -0.907866 -0.414836 0.078552 0.955566 1 0 1.0
Default
0 15.532478 -4.932759 6.714767 0.973045 0.091811 -0.211553 0.078552 0.955566 1 0 1.0
0 15.607124 -5.368086 6.869143 0.973045 0.091822 -0.211545 0.078552 0.955566 1 0 1.0
0 15.576384 -5.368086 6.727746 0.973045 0.091822 -0.211546 0.078552 0.955566 1 0 1.0
Default
0 15.503191 -4.941239 6.576381 0.973047 0.091813 -0.211540 0.078552 0.955566 1 0 1.0
0 15.532478 -4.932759 6.714767 0.973045 0.091811 -0.211553 0.078552 0.955566 1 0 1.0
0 15.576384 -5.368086 6.727746 0.973045 0.091822 -0.211546 0.078552 0.955566 1 0 1.0
Default
0 15.444633 -4.777073 6.378259 0.973046 0.091802 -0.211551 0.078552 0.955566 1 0 1.0
0 15.532478 -4.932759 6.714767 0.973045 0.091811 -0.211553 0.078552 0.955566 1 0 1.0
0 15.503191 -4.941239 6.576381 0.973047 0.091813 -0.211540 0.078552 0.955566 1 0 1.0
Default
0 19.416483 -4.143034 1.281932 0.175995 0.914253 0.364922 0.078552 0.955566 1 0 1.0
0 18.947689 -4.292727 1.883420 0.176429 0.914134 0.365010 0.078552 0.955566 1 0 1.0
0 19.193783 -4.400579 2.034574 0.175995 0.914253 0.364922 0.078552 0.955566 1 0 1.0
Default
0 19.719028 -4.266215 1.445068 0.175561 0.914371 0.364834 0.078552 0.955566 1 0 1.0
0 19.416483 -4.143034 1.281932 0.175995 0.914253 0.364922 0.078552 0.955566 1 0 1.0
0 19.193783 -4.400579 2.034574 0.175995 0.914253 0.364922 0.078552 0.955566 1 0 1.0
Default
0 19.719028 -4.266215 1.445068 0.639023 0.393342 0.661008 0.078552 0.955566 1 0 1.0
0 19.193783 -4.400579 2.034574 0.640832 0.391670 0.660249 0.078552 0.955566 1 0 1.0
0 19.415277 -4.899286 2.115434 0.639023 0.393342 0.661008 0.078552 0.955566 1 0 1.0
Default
0 19.987761 -4.835799 1.526295 0.637209 0.395012 0.661763 0.078552 0.955566 1 0 1.0
0 19.719028 -4.266215 1.445068 0.639023 0.393342 0.661008 0.078552 0.955566 1 0 1.0
0 19.415277 -4.899286 2.115434 0.639023 0.393342 0.661008 0.078552 0.955566 1 0 1.0
Default
0 19.257153 -5.397994 1.940280 0.257308 -0.938185 0.231521 0.078552 0.955566 1 0 1.0
0 19.024763 -5.505847 1.768730 0.262675 -0.936365 0.232858 0.078552 0.955566 1 0 1.0
0 19.500778 -5.528567 1.140403 0.257308 -0.938185 0.231521 0.078552 0.955566 1 0 1.0
Default
0 19.788330 -5.405386 1.328708 0.251934 -0.939973 0.230176 0.078552 0.955566 1 0 1.0
0 19.257153 -5.397994 1.940280 0.257308 -0.938185 0.231521 0.078552 0.955566 1 0 1.0
0 19.500778 -5.528567 1.140403 0.257308 -0.938185 0.231521 0.078552 0.955566 1 0 1.0
Default
0 18.778669 -5.397994 1.617573 -0.762280 -0.423581 -0.489396 0.078552 0.955566 1 0 1.0
0 18.557181 -4.899286 1.536715 -0.766278 -0.419261 -0.486865 0.078552 0.955566 1 0 1.0
0 18.929506 -4.835799 0.896040 -0.762280 -0.423581 -0.489396 0.078552 0.955566 1 0 1.0
Default
0 19.198233 -5.405386 0.977264 -0.758250 -0.427884 -0.491906 0.078552 0.955566 1 0 1.0
0 18.778669 -5.397994 1.617573 -0.762280 -0.423581 -0.489396 0.078552 0.955566 1 0 1.0
0 18.929506 -4.835799 0.896040 -0.762280 -0.423581 -0.489396 0.078552 0.955566 1 0 1.0
Default
0 19.415277 -4.899286 2.115434 0.673788 -0.433526 0.598386 0.078552 0.955566 1 0 1.0
0 19.257153 -5.397994 1.940280 0.680750 -0.425308 0.596400 0.078552 0.955566 1 0 1.0
0 19.788330 -5.405386 1.328708 0.673788 -0.433526 0.598386 0.078552 0.955566 1 0 1.0
Default
0 19.987761 -4.835799 1.526295 0.666745 -0.441692 0.600299 0.078552 0.955566 1 0 1.0
0 19.415277 -4.899286 2.115434 0.673788 -0.433526 0.598386 0.078552 0.955566 1 0 1.0
0 19.788330 -5.405386 1.328708 0.673788 -0.433526 0.598386 0.078552 0.955566 1 0 1.0
Default
0 19.024763 -5.505847 1.768730 -0.291278 -0.938967 -0.183025 0.078552 0.955566 1 0 1.0
0 18.778669 -5.397994 1.617573 -0.297481 -0.936808 -0.184111 0.078552 0.955566 1 0 1.0
0 19.198233 -5.405386 0.977264 -0.291278 -0.938967 -0.183025 0.078552 0.955566 1 0 1.0
Default
0 19.500778 -5.528567 1.140403 -0.285062 -0.941085 -0.181932 0.078552 0.955566 1 0 1.0
0 19.024763 -5.505847 1.768730 -0.291278 -0.938967 -0.183025 0.078552 0.955566 1 0 1.0
0 19.198233 -5.405386 0.977264 -0.291278 -0.938967 -0.183025 0.078552 0.955566 1 0 1.0
Default
0 23.869504 -3.685455 -6.316674 -0.210162 0.974027 -0.084280 0.078552 0.955566 1 0 1.0
0 23.725214 -3.725517 -6.405813 -0.219746 0.972170 -0.081220 0.078552 0.955566 1 0 1.0
0 19.260104 -4.298672 1.167274 -0.230886 0.970962 -0.062646 0.078552 0.955566 1 0 1.0
Default
0 24.706439 -3.667637 -7.892178 -0.197349 0.975950 -0.092599 0.078552 0.955566 1 0 1.0
0 23.725214 -3.725517 -6.405813 -0.219746 0.972170 -0.081220 0.078552 0.955566 1 0 1.0
0 23.869504 -3.685455 -6.316674 -0.210162 0.974027 -0.084280 0.078552 0.955566 1 0 1.0
Default
0 24.780620 -3.648922 -7.846494 -0.191758 0.977397 -0.089013 0.078552 0.955566 1 0 1.0
0 24.706439 -3.667637 -7.892178 -0.197349 0.975950 -0.092599 0.078552 0.955566 1 0 1.0
0 23.869504 -3.685455 -6.316674 -0.210162 0.974027 -0.084280 0.078552 0.955566 1 0 1.0
Default
0 24.780620 -3.648922 -7.846494 -0.191758 0.977397 -0.089013 0.078552 0.955566 1 0 1.0
0 25.992837 -3.592605 -9.881886 -0.192585 0.977358 -0.087655 0.078552 0.955566 1 0 1.0
0 24.706439 -3.667637 -7.892178 -0.197349 0.975950 -0.092599 0.078552 0.955566 1 0 1.0
Default
0 19.530232 -7.977519 1.153161 -0.279959 0.959150 -0.040673 0.078552 0.955566 1 0 1.0
0 19.097942 -8.080228 1.798075 -0.294531 0.954563 -0.045402 0.078552 0.955566 1 0 1.0
0 19.287591 -8.015096 1.937165 -0.279959 0.959150 -0.040673 0.078552 0.955566 1 0 1.0
Default
0 19.785304 -7.901305 1.313396 -0.265315 0.963492 -0.035932 0.078552 0.955566 1 0 1.0
0 19.530232 -7.977519 1.153161 -0.279959 0.959150 -0.040673 0.078552 0.955566 1 0 1.0
0 19.287591 -8.015096 1.937165 -0.279959 0.959150 -0.040673 0.078552 0.955566 1 0 1.0
Default
0 19.128925 -4.266215 1.093640 0.508105 0.118060 -0.853165 0.078552 0.955566 1 0 1.0
0 19.260104 -4.298672 1.167274 0.508089 0.118057 -0.853175 0.078552 0.955566 1 0 1.0
0 19.072051 -4.835799 0.980932 0.508096 0.118069 -0.853169 0.078552 0.955566 1 0 1.0
Default
0 18.929506 -4.835799 0.896040 0.508096 0.118072 -0.853169 0.078552 0.955566 1 0 1.0
0 19.128925 -4.266215 1.093640 0.508105 0.118060 -0.853165 0.078552 0.955566 1 0 1.0
0 19.072051 -4.835799 0.980932 0.508096 0.118069 -0.853169 0.078552 0.955566 1 0 1.0
Default
0 19.198233 -5.405386 0.977264 0.508089 0.118030 -0.853179 0.078552 0.955566 1 0 1.0
0 18.929506 -4.835799 0.896040 0.508096 0.118072 -0.853169 0.078552 0.955566 1 0 1.0
0 19.072051 -4.835799 0.980932 0.508096 0.118069 -0.853169 0.078552 0.955566 1 0 1.0
Default
0 19.325468 -5.372928 1.057525 0.508112 0.118044 -0.853163 0.078552 0.955566 1 0 1.0
0 19.198233 -5.405386 0.977264 0.508089 0.118030 -0.853179 0.078552 0.955566 1 0 1.0
0 19.072051 -4.835799 0.980932 0.508096 0.118069 -0.853169 0.078552 0.955566 1 0 1.0
Default
0 19.500778 -5.528567 1.140403 0.508118 0.118078 -0.853155 0.078552 0.955566 1 0 1.0
0 19.198233 -5.405386 0.977264 0.508089 0.118030 -0.853179 0.078552 0.955566 1 0 1.0
0 19.325468 -5.372928 1.057525 0.508112 0.118044 -0.853163 0.078552 0.955566 1 0 1.0
Default
0 19.495518 -5.442166 1.149231 0.508142 0.118096 -0.853138 0.078552 0.955566 1 0 1.0
0 19.500778 -5.528567 1.140403 0.508118 0.118078 -0.853155 0.078552 0.955566 1 0 1.0
0 19.325468 -5.372928 1.057525 0.508112 0.118044 -0.853163 0.078552 0.955566 1 0 1.0
Default
0 19.500778 -5.528567 1.140403 0.508118 0.118078 -0.853155 0.078552 0.955566 1 0 1.0
0 19.495518 -5.442166 1.149231 0.508142 0.118096 -0.853138 0.078552 0.955566 1 0 1.0
0 19.657146 -5.372929 1.255077 0.508099 0.118099 -0.853164 0.078552 0.955566 1 0 1.0
Default
0 19.788330 -5.405386 1.328708 0.508084 0.118091 -0.853174 0.078552 0.955566 1 0 1.0
0 19.657146 -5.372929 1.255077 0.508099 0.118099 -0.853164 0.078552 0.955566 1 0 1.0
0 19.845208 -4.835799 1.441403 0.508083 0.118058 -0.853179 0.078552 0.955566 1 0 1.0
Default
0 19.788330 -5.405386 1.328708 0.508084 0.118091 -0.853174 0.078552 0.955566 1 0 1.0
0 19.500778 -5.528567 1.140403 0.508118 0.118078 -0.853155 0.078552 0.955566 1 0 1.0
0 19.657146 -5.372929 1.255077 0.508099 0.118099 -0.853164 0.078552 0.955566 1 0 1.0
Default
0 24.856125 -3.667637 -7.803036 0.175424 0.975950 0.129414 0.078552 0.955566 1 0 1.0
0 24.780620 -3.648922 -7.846494 0.169611 0.977396 0.126207 0.078552 0.955566 1 0 1.0
0 23.869504 -3.685455 -6.316674 0.174758 0.974068 0.143704 0.078552 0.955566 1 0 1.0
Default
0 24.016613 -3.725516 -6.232268 0.176907 0.972244 0.153121 0.078552 0.955566 1 0 1.0
0 24.856125 -3.667637 -7.803036 0.175424 0.975950 0.129414 0.078552 0.955566 1 0 1.0
0 23.869504 -3.685455 -6.316674 0.174758 0.974068 0.143704 0.078552 0.955566 1 0 1.0
Default
0 24.016613 -3.725516 -6.232268 0.176907 0.972244 0.153121 0.078552 0.955566 1 0 1.0
0 23.869504 -3.685455 -6.316674 0.174758 0.974068 0.143704 0.078552 0.955566 1 0 1.0
0 19.591795 -4.298672 1.364805 0.166717 0.971174 0.170372 0.078552 0.955566 1 0 1.0
Default
0 24.792149 -3.976675 -7.865847 -0.073840 -0.950572 -0.301595 0.078552 0.955566 1 0 1.0
0 23.894171 -4.387146 -6.358092 -0.082037 -0.948171 -0.306989 0.078552 0.955566 1 0 1.0
0 23.747068 -4.347086 -6.442510 -0.073840 -0.950572 -0.301595 0.078552 0.955566 1 0 1.0
Default
0 24.716648 -3.957963 -7.909318 -0.065635 -0.952877 -0.296171 0.078552 0.955566 1 0 1.0
0 24.792149 -3.976675 -7.865847 -0.073840 -0.950572 -0.301595 0.078552 0.955566 1 0 1.0
0 23.747068 -4.347086 -6.442510 -0.073840 -0.950572 -0.301595 0.078552 0.955566 1 0 1.0
Default
0 24.960843 -3.812800 -7.752274 0.677256 0.624558 0.388912 0.078552 0.955566 1 0 1.0
0 24.856125 -3.667637 -7.803036 0.677256 0.624558 0.388912 0.078552 0.955566 1 0 1.0
0 24.016613 -3.725516 -6.232268 0.678894 0.624672 0.385859 0.078552 0.955566 1 0 1.0
Default
0 24.960843 -3.812800 -7.752274 0.677256 0.624558 0.388912 0.078552 0.955566 1 0 1.0
0 25.992837 -3.592605 -9.881886 0.675609 0.624436 0.391960 0.078552 0.955566 1 0 1.0
0 24.856125 -3.667637 -7.803036 0.677256 0.624558 0.388912 0.078552 0.955566 1 0 1.0
Default
0 24.792149 -3.976675 -7.865847 0.300360 -0.950571 -0.078730 0.078552 0.955566 1 0 1.0
0 24.866333 -3.957963 -7.820174 0.291674 -0.952878 -0.083365 0.078552 0.955566 1 0 1.0
0 24.038464 -4.347085 -6.268952 0.300360 -0.950571 -0.078730 0.078552 0.955566 1 0 1.0
Default
0 23.894171 -4.387146 -6.358092 0.309016 -0.948167 -0.074087 0.078552 0.955566 1 0 1.0
0 24.792149 -3.976675 -7.865847 0.300360 -0.950571 -0.078730 0.078552 0.955566 1 0 1.0
0 24.038464 -4.347085 -6.268952 0.300360 -0.950571 -0.078730 0.078552 0.955566 1 0 1.0
Default
0 24.706439 -3.667637 -7.892178 -0.664559 0.624556 -0.410233 0.078552 0.955566 1 0 1.0
0 25.992837 -3.592605 -9.881886 -0.666455 0.624434 -0.407333 0.078552 0.955566 1 0 1.0
0 24.611928 -3.812799 -7.960076 -0.664559 0.624556 -0.410233 0.078552 0.955566 1 0 1.0
Default
0 24.706439 -3.667637 -7.892178 -0.664559 0.624556 -0.410233 0.078552 0.955566 1 0 1.0
0 24.611928 -3.812799 -7.960076 -0.664559 0.624556 -0.410233 0.078552 0.955566 1 0 1.0
0 23.725214 -3.725517 -6.405813 -0.662656 0.624670 -0.413128 0.078552 0.955566 1 0 1.0
Default
0 5.997261 -10.004821 4.624574 -0.255837 -0.247057 0.934618 0.078552 0.955566 1 0 1.0
0 5.878634 -9.561403 4.712478 -0.257526 -0.253730 0.932363 0.078552 0.955566 1 0 1.0
0 5.153843 -9.737297 4.464419 -0.255837 -0.247057 0.934618 0.078552 0.955566 1 0 1.0
Default
0 5.275117 -10.244495 4.367179 -0.254135 -0.240372 0.936823 0.078552 0.955566 1 0 1.0
0 5.997261 -10.004821 4.624574 -0.255837 -0.247057 0.934618 0.078552 0.955566 1 0 1.0
0 5.153843 -9.737297 4.464419 -0.255837 -0.247057 0.934618 0.078552 0.955566 1 0 1.0
Default
0 6.066324 -10.012753 4.101303 0.443802 -0.740329 -0.504929 0.078552 0.955566 1 0 1.0
0 6.075004 -10.191777 4.371418 0.443802 -0.740329 -0.504929 0.078552 0.955566 1 0 1.0
0 5.325350 -10.454584 4.132423 0.424775 -0.748263 -0.509576 0.078552 0.955566 1 0 1.0
Default
0 6.066324 -10.012753 4.101303 0.443802 -0.740329 -0.504929 0.078552 0.955566 1 0 1.0
0 6.849798 -9.921699 4.692840 0.462630 -0.732063 -0.500056 0.078552 0.955566 1 0 1.0
0 6.075004 -10.191777 4.371418 0.443802 -0.740329 -0.504929 0.078552 0.955566 1 0 1.0
Default
0 5.857681 -9.129205 4.060369 0.158383 0.227409 -0.960833 0.078552 0.955566 1 0 1.0
0 5.976307 -9.572623 3.972465 0.154500 0.231732 -0.960432 0.078552 0.955566 1 0 1.0
0 5.153843 -9.737297 3.800427 0.158383 0.227409 -0.960833 0.078552 0.955566 1 0 1.0
Default
0 5.032570 -9.230100 3.897667 0.162260 0.223078 -0.961201 0.078552 0.955566 1 0 1.0
0 5.857681 -9.129205 4.060369 0.158383 0.227409 -0.960833 0.078552 0.955566 1 0 1.0
0 5.153843 -9.737297 3.800427 0.158383 0.227409 -0.960833 0.078552 0.955566 1 0 1.0
Default
0 6.717565 -10.095818 4.937367 -0.322511 -0.796876 0.510857 0.078552 0.955566 1 0 1.0
0 6.641633 -9.897790 5.187598 -0.326755 -0.786848 0.523547 0.078552 0.955566 1 0 1.0
0 5.997261 -10.004821 4.624574 -0.322511 -0.796876 0.510857 0.078552 0.955566 1 0 1.0
Default
0 6.075004 -10.191777 4.371418 -0.318177 -0.806682 0.498024 0.078552 0.955566 1 0 1.0
0 6.717565 -10.095818 4.937367 -0.322511 -0.796876 0.510857 0.078552 0.955566 1 0 1.0
0 5.997261 -10.004821 4.624574 -0.322511 -0.796876 0.510857 0.078552 0.955566 1 0 1.0
Default
0 6.985721 -9.023256 4.706605 0.231857 0.805600 -0.545208 0.078552 0.955566 1 0 1.0
0 5.857681 -9.129205 4.060369 0.228228 0.815367 -0.532061 0.078552 0.955566 1 0 1.0
0 5.779937 -8.942248 4.313527 0.231857 0.805600 -0.545208 0.078552 0.955566 1 0 1.0
Default
0 6.909791 -8.825224 4.956838 0.235421 0.795606 -0.558201 0.078552 0.955566 1 0 1.0
0 6.985721 -9.023256 4.706605 0.231857 0.805600 -0.545208 0.078552 0.955566 1 0 1.0
0 5.779937 -8.942248 4.313527 0.231857 0.805600 -0.545208 0.078552 0.955566 1 0 1.0
Default
0 15.027555 -8.197921 6.714837 -0.152874 0.919957 0.360984 0.078552 0.955566 1 0 1.0
0 15.019317 -8.057156 6.352613 -0.152874 0.919957 0.360984 0.078552 0.955566 1 0 1.0
0 6.901938 -8.877105 4.956040 -0.154987 0.919633 0.360907 0.078552 0.955566 1 0 1.0
Default
0 15.841315 -7.935579 6.385962 -0.150760 0.920275 0.361060 0.078552 0.955566 1 0 1.0
0 15.019317 -8.057156 6.352613 -0.152874 0.919957 0.360984 0.078552 0.955566 1 0 1.0
0 15.027555 -8.197921 6.714837 -0.152874 0.919957 0.360984 0.078552 0.955566 1 0 1.0
Default
0 19.306322 -8.439694 0.985007 -0.758673 0.501300 -0.416069 0.078552 0.955566 1 0 1.0
0 18.930909 -8.462943 1.657269 -0.769324 0.487623 -0.412752 0.078552 0.955566 1 0 1.0
0 19.097942 -8.080228 1.798075 -0.758673 0.501300 -0.416069 0.078552 0.955566 1 0 1.0
Default
0 19.530232 -7.977519 1.153161 -0.747786 0.514821 -0.419256 0.078552 0.955566 1 0 1.0
0 19.306322 -8.439694 0.985007 -0.758673 0.501300 -0.416069 0.078552 0.955566 1 0 1.0
0 19.097942 -8.080228 1.798075 -0.758673 0.501300 -0.416069 0.078552 0.955566 1 0 1.0
Default
0 15.810142 -9.207401 6.361140 -0.055828 -0.917899 0.392868 0.078552 0.955566 1 0 1.0
0 15.892863 -9.048921 6.728398 -0.048570 -0.913051 0.404943 0.078552 0.955566 1 0 1.0
0 15.073238 -9.007379 6.723756 -0.055828 -0.917899 0.392868 0.078552 0.955566 1 0 1.0
Default
0 15.081342 -9.156097 6.364721 -0.063073 -0.922543 0.380705 0.078552 0.955566 1 0 1.0
0 15.810142 -9.207401 6.361140 -0.055828 -0.917899 0.392868 0.078552 0.955566 1 0 1.0
0 15.073238 -9.007379 6.723756 -0.055828 -0.917899 0.392868 0.078552 0.955566 1 0 1.0
Default
0 15.758587 -8.094061 6.018710 -0.124035 0.918237 -0.376106 0.078552 0.955566 1 0 1.0
0 15.027419 -8.205876 5.993580 -0.126858 0.915397 -0.382041 0.078552 0.955566 1 0 1.0
0 15.019317 -8.057156 6.352613 -0.124035 0.918237 -0.376106 0.078552 0.955566 1 0 1.0
Default
0 15.841315 -7.935579 6.385962 -0.121207 0.921030 -0.370152 0.078552 0.955566 1 0 1.0
0 15.758587 -8.094061 6.018710 -0.124035 0.918237 -0.376106 0.078552 0.955566 1 0 1.0
0 15.019317 -8.057156 6.352613 -0.124035 0.918237 -0.376106 0.078552 0.955566 1 0 1.0
Default
0 15.892863 -9.048921 6.728398 -0.019432 -0.375431 0.926646 0.078552 0.955566 1 0 1.0
0 15.942061 -8.584853 6.912163 -0.014173 -0.366837 0.930177 0.078552 0.955566 1 0 1.0
0 15.050426 -8.600742 6.892312 -0.019432 -0.375431 0.926646 0.078552 0.955566 1 0 1.0
Default
0 15.073238 -9.007379 6.723756 -0.024689 -0.383983 0.923010 0.078552 0.955566 1 0 1.0
0 15.892863 -9.048921 6.728398 -0.019432 -0.375431 0.926646 0.078552 0.955566 1 0 1.0
0 15.050426 -8.600742 6.892312 -0.019432 -0.375431 0.926646 0.078552 0.955566 1 0 1.0
Default
0 15.709393 -8.558126 5.834944 -0.021167 0.376180 -0.926305 0.078552 0.955566 1 0 1.0
0 15.050233 -8.612511 5.825026 -0.017616 0.382014 -0.923989 0.078552 0.955566 1 0 1.0
0 15.027419 -8.205876 5.993580 -0.021167 0.376180 -0.926305 0.078552 0.955566 1 0 1.0
Default
0 15.758587 -8.094061 6.018710 -0.024718 0.370327 -0.928573 0.078552 0.955566 1 0 1.0
0 15.709393 -8.558126 5.834944 -0.021167 0.376180 -0.926305 0.078552 0.955566 1 0 1.0
0 15.027419 -8.205876 5.993580 -0.021167 0.376180 -0.926305 0.078552 0.955566 1 0 1.0
Default
0 15.915821 -8.112122 6.746680 0.977171 -0.019810 -0.211528 0.078552 0.955566 1 0 1.0
0 15.942061 -8.584853 6.912163 0.977173 -0.019819 -0.211519 0.078552 0.955566 1 0 1.0
0 15.912246 -8.581428 6.774101 0.977171 -0.019819 -0.211527 0.078552 0.955566 1 0 1.0
Default
0 15.885617 -8.101730 6.606181 0.977171 -0.019813 -0.211530 0.078552 0.955566 1 0 1.0
0 15.915821 -8.112122 6.746680 0.977171 -0.019810 -0.211528 0.078552 0.955566 1 0 1.0
0 15.912246 -8.581428 6.774101 0.977171 -0.019819 -0.211527 0.078552 0.955566 1 0 1.0
Default
0 15.841315 -7.935579 6.385962 0.977167 -0.019834 -0.211546 0.078552 0.955566 1 0 1.0
0 15.915821 -8.112122 6.746680 0.977171 -0.019810 -0.211528 0.078552 0.955566 1 0 1.0
0 15.885617 -8.101730 6.606181 0.977171 -0.019813 -0.211530 0.078552 0.955566 1 0 1.0
Default
0 19.785304 -7.901305 1.313396 0.270295 0.885782 0.377269 0.078552 0.955566 1 0 1.0
0 19.287591 -8.015096 1.937165 0.270314 0.885773 0.377274 0.078552 0.955566 1 0 1.0
0 19.468580 -8.122803 2.060364 0.270295 0.885782 0.377269 0.078552 0.955566 1 0 1.0
Default
0 20.029119 -8.034825 1.452221 0.270276 0.885790 0.377263 0.078552 0.955566 1 0 1.0
0 19.785304 -7.901305 1.313396 0.270295 0.885782 0.377269 0.078552 0.955566 1 0 1.0
0 19.468580 -8.122803 2.060364 0.270295 0.885782 0.377269 0.078552 0.955566 1 0 1.0
Default
0 20.029119 -8.034825 1.452221 0.673372 0.316122 0.668309 0.078552 0.955566 1 0 1.0
0 19.468580 -8.122803 2.060364 0.675119 0.313755 0.667662 0.078552 0.955566 1 0 1.0
0 19.595588 -8.539294 2.127659 0.673372 0.316122 0.668309 0.078552 0.955566 1 0 1.0
Default
0 20.200995 -8.542463 1.521345 0.671620 0.318486 0.668950 0.078552 0.955566 1 0 1.0
0 20.029119 -8.034825 1.452221 0.673372 0.316122 0.668309 0.078552 0.955566 1 0 1.0
0 19.595588 -8.539294 2.127659 0.673372 0.316122 0.668309 0.078552 0.955566 1 0 1.0
Default
0 19.428553 -8.922010 1.986861 0.141595 -0.959311 0.244280 0.078552 0.955566 1 0 1.0
0 19.238908 -8.987142 1.847763 0.148205 -0.957766 0.246414 0.078552 0.955566 1 0 1.0
0 19.722012 -9.080855 1.192957 0.141595 -0.959311 0.244280 0.078552 0.955566 1 0 1.0
Default
0 19.977078 -9.004640 1.353201 0.134977 -0.960808 0.242133 0.078552 0.955566 1 0 1.0
0 19.428553 -8.922010 1.986861 0.141595 -0.959311 0.244280 0.078552 0.955566 1 0 1.0
0 19.722012 -9.080855 1.192957 0.141595 -0.959311 0.244280 0.078552 0.955566 1 0 1.0
Default
0 19.057917 -8.879435 1.724562 -0.816308 -0.332831 -0.472087 0.078552 0.955566 1 0 1.0
0 18.930909 -8.462943 1.657269 -0.820526 -0.326071 -0.469484 0.078552 0.955566 1 0 1.0
0 19.306322 -8.439694 0.985007 -0.816308 -0.332831 -0.472087 0.078552 0.955566 1 0 1.0
Default
0 19.478198 -8.947334 1.054128 -0.812032 -0.339567 -0.474656 0.078552 0.955566 1 0 1.0
0 19.057917 -8.879435 1.724562 -0.816308 -0.332831 -0.472087 0.078552 0.955566 1 0 1.0
0 19.306322 -8.439694 0.985007 -0.816308 -0.332831 -0.472087 0.078552 0.955566 1 0 1.0
Default
0 20.200995 -8.542463 1.521345 0.613824 -0.504736 0.607010 0.078552 0.955566 1 0 1.0
0 19.595588 -8.539294 2.127659 0.613832 -0.494341 0.615498 0.078552 0.955566 1 0 1.0
0 19.428553 -8.922010 1.986861 0.613824 -0.504736 0.607010 0.078552 0.955566 1 0 1.0
Default
0 19.977078 -9.004640 1.353201 0.613706 -0.515039 0.598414 0.078552 0.955566 1 0 1.0
0 20.200995 -8.542463 1.521345 0.613824 -0.504736 0.607010 0.078552 0.955566 1 0 1.0
0 19.428553 -8.922010 1.986861 0.613824 -0.504736 0.607010 0.078552 0.955566 1 0 1.0
Default
0 19.238908 -8.987142 1.847763 -0.407647 -0.897565 -0.167932 0.078552 0.955566 1 0 1.0
0 19.057917 -8.879435 1.724562 -0.415808 -0.893388 -0.170183 0.078552 0.955566 1 0 1.0
0 19.478198 -8.947334 1.054128 -0.407647 -0.897565 -0.167932 0.078552 0.955566 1 0 1.0
Default
0 19.722012 -9.080855 1.192957 -0.399450 -0.901662 -0.165666 0.078552 0.955566 1 0 1.0
0 19.238908 -8.987142 1.847763 -0.407647 -0.897565 -0.167932 0.078552 0.955566 1 0 1.0
0 19.478198 -8.947334 1.054128 -0.407647 -0.897565 -0.167932 0.078552 0.955566 1 0 1.0
Default
0 19.530232 -7.977519 1.153161 0.518266 0.059293 -0.853162 0.078552 0.955566 1 0 1.0
0 19.637980 -8.017698 1.215823 0.518249 0.059289 -0.853172 0.078552 0.955566 1 0 1.0
0 19.426834 -8.453537 1.057249 0.518258 0.059312 -0.853165 0.078552 0.955566 1 0 1.0
Default
0 19.306322 -8.439694 0.985007 0.518255 0.059315 -0.853167 0.078552 0.955566 1 0 1.0
0 19.530232 -7.977519 1.153161 0.518266 0.059293 -0.853162 0.078552 0.955566 1 0 1.0
0 19.426834 -8.453537 1.057249 0.518258 0.059312 -0.853165 0.078552 0.955566 1 0 1.0
Default
0 19.478198 -8.947334 1.054128 0.518246 0.059281 -0.853174 0.078552 0.955566 1 0 1.0
0 19.306322 -8.439694 0.985007 0.518255 0.059315 -0.853167 0.078552 0.955566 1 0 1.0
0 19.426834 -8.453537 1.057249 0.518258 0.059312 -0.853165 0.078552 0.955566 1 0 1.0
Default
0 19.588915 -8.932249 1.122428 0.518268 0.059292 -0.853161 0.078552 0.955566 1 0 1.0
0 19.478198 -8.947334 1.054128 0.518246 0.059281 -0.853174 0.078552 0.955566 1 0 1.0
0 19.426834 -8.453537 1.057249 0.518258 0.059312 -0.853165 0.078552 0.955566 1 0 1.0
Default
0 19.722012 -9.080855 1.192957 0.518274 0.059318 -0.853155 0.078552 0.955566 1 0 1.0
0 19.478198 -8.947334 1.054128 0.518246 0.059281 -0.853174 0.078552 0.955566 1 0 1.0
0 19.588915 -8.932249 1.122428 0.518268 0.059292 -0.853161 0.078552 0.955566 1 0 1.0
Default
0 19.725956 -9.007298 1.200469 0.518296 0.059335 -0.853141 0.078552 0.955566 1 0 1.0
0 19.722012 -9.080855 1.192957 0.518274 0.059318 -0.853155 0.078552 0.955566 1 0 1.0
0 19.588915 -8.932249 1.122428 0.518268 0.059292 -0.853161 0.078552 0.955566 1 0 1.0
Default
0 19.722012 -9.080855 1.192957 0.518274 0.059318 -0.853155 0.078552 0.955566 1 0 1.0
0 19.725956 -9.007298 1.200469 0.518296 0.059335 -0.853141 0.078552 0.955566 1 0 1.0
0 19.869326 -8.964460 1.290542 0.518261 0.059335 -0.853162 0.078552 0.955566 1 0 1.0
Default
0 19.977078 -9.004640 1.353201 0.518251 0.059326 -0.853168 0.078552 0.955566 1 0 1.0
0 19.869326 -8.964460 1.290542 0.518261 0.059335 -0.853162 0.078552 0.955566 1 0 1.0
0 20.080480 -8.528620 1.449103 0.518245 0.059301 -0.853174 0.078552 0.955566 1 0 1.0
Default
0 19.977078 -9.004640 1.353201 0.518251 0.059326 -0.853168 0.078552 0.955566 1 0 1.0
0 19.722012 -9.080855 1.192957 0.518274 0.059318 -0.853155 0.078552 0.955566 1 0 1.0
0 19.869326 -8.964460 1.290542 0.518261 0.059335 -0.853162 0.078552 0.955566 1 0 1.0
Default
0 25.150831 -7.932274 -7.892178 -0.084684 0.992096 -0.092598 0.078552 0.955566 1 0 1.0
0 24.169409 -7.877801 -6.405813 -0.096113 0.990359 -0.099757 0.078552 0.955566 1 0 1.0
0 24.317328 -7.854467 -6.316674 -0.087130 0.991650 -0.095069 0.078552 0.955566 1 0 1.0
Default
0 25.226663 -7.922147 -7.846494 -0.078964 0.992896 -0.089012 0.078552 0.955566 1 0 1.0
0 25.150831 -7.932274 -7.892178 -0.084684 0.992096 -0.092598 0.078552 0.955566 1 0 1.0
0 24.317328 -7.854467 -6.316674 -0.087130 0.991650 -0.095069 0.078552 0.955566 1 0 1.0
Default
0 25.226663 -7.922147 -7.846494 -0.078964 0.992896 -0.089012 0.078552 0.955566 1 0 1.0
0 26.437386 -8.004534 -9.881886 -0.079790 0.992950 -0.087654 0.078552 0.955566 1 0 1.0
0 25.150831 -7.932274 -7.892178 -0.084684 0.992096 -0.092598 0.078552 0.955566 1 0 1.0
Default
0 25.299537 -7.949356 -7.803036 0.285655 0.949554 0.129416 0.078552 0.955566 1 0 1.0
0 25.226663 -7.922147 -7.846494 0.280047 0.951654 0.126210 0.078552 0.955566 1 0 1.0
0 24.317328 -7.854467 -6.316674 0.288854 0.948461 0.130329 0.078552 0.955566 1 0 1.0
Default
0 24.458903 -7.911054 -6.232268 0.296833 0.945223 0.135809 0.078552 0.955566 1 0 1.0
0 25.299537 -7.949356 -7.803036 0.285655 0.949554 0.129416 0.078552 0.955566 1 0 1.0
0 24.317328 -7.854467 -6.316674 0.288854 0.948461 0.130329 0.078552 0.955566 1 0 1.0
Default
0 25.200712 -8.249074 -7.865847 -0.181835 -0.935936 -0.301595 0.078552 0.955566 1 0 1.0
0 24.261759 -8.554388 -6.358092 -0.189705 -0.932614 -0.306989 0.078552 0.955566 1 0 1.0
0 24.120187 -8.497803 -6.442510 -0.181835 -0.935936 -0.301595 0.078552 0.955566 1 0 1.0
Default
0 25.127840 -8.221868 -7.909318 -0.173947 -0.939162 -0.296170 0.078552 0.955566 1 0 1.0
0 25.200712 -8.249074 -7.865847 -0.181835 -0.935936 -0.301595 0.078552 0.955566 1 0 1.0
0 24.120187 -8.497803 -6.442510 -0.181835 -0.935936 -0.301595 0.078552 0.955566 1 0 1.0
Default
0 25.387007 -8.105521 -7.752274 0.744101 0.543198 0.388910 0.078552 0.955566 1 0 1.0
0 25.299537 -7.949356 -7.803036 0.744101 0.543198 0.388910 0.078552 0.955566 1 0 1.0
0 24.458903 -7.911054 -6.232268 0.745741 0.543124 0.385858 0.078552 0.955566 1 0 1.0
Default
0 25.387007 -8.105521 -7.752274 0.744101 0.543198 0.388910 0.078552 0.955566 1 0 1.0
0 26.437386 -8.004534 -9.881886 0.742451 0.543264 0.391957 0.078552 0.955566 1 0 1.0
0 25.299537 -7.949356 -7.803036 0.744101 0.543198 0.388910 0.078552 0.955566 1 0 1.0
Default
0 25.200712 -8.249074 -7.865847 0.189917 -0.978638 -0.078732 0.078552 0.955566 1 0 1.0
0 25.276548 -8.238951 -7.820174 0.181021 -0.979939 -0.083369 0.078552 0.955566 1 0 1.0
0 24.409681 -8.531055 -6.268952 0.189917 -0.978638 -0.078732 0.078552 0.955566 1 0 1.0
Default
0 24.261759 -8.554388 -6.358092 0.198793 -0.977237 -0.074088 0.078552 0.955566 1 0 1.0
0 25.200712 -8.249074 -7.865847 0.189917 -0.978638 -0.078732 0.078552 0.955566 1 0 1.0
0 24.409681 -8.531055 -6.268952 0.189917 -0.978638 -0.078732 0.078552 0.955566 1 0 1.0
Default
0 25.150831 -7.932274 -7.892178 -0.588935 0.696326 -0.410227 0.078552 0.955566 1 0 1.0
0 26.437386 -8.004534 -9.881886 -0.590832 0.696421 -0.407327 0.078552 0.955566 1 0 1.0
0 25.040367 -8.065703 -7.960076 -0.588935 0.696326 -0.410227 0.078552 0.955566 1 0 1.0
Default
0 25.150831 -7.932274 -7.892178 -0.588935 0.696326 -0.410227 0.078552 0.955566 1 0 1.0
0 25.040367 -8.065703 -7.960076 -0.588935 0.696326 -0.410227 0.078552 0.955566 1 0 1.0
0 24.169409 -7.877801 -6.405813 -0.587030 0.696222 -0.413122 0.078552 0.955566 1 0 1.0
Default
0 5.023978 -13.490927 4.624574 -0.327630 -0.138379 0.934618 0.078552 0.955566 1 0 1.0
0 5.072953 -13.034535 4.712478 -0.331607 -0.143996 0.932364 0.078552 0.955566 1 0 1.0
0 4.333439 -12.937684 4.464419 -0.327630 -0.138379 0.934618 0.078552 0.955566 1 0 1.0
Default
0 4.263972 -13.454531 4.367179 -0.323635 -0.132755 0.936823 0.078552 0.955566 1 0 1.0
0 5.023978 -13.490927 4.624574 -0.327630 -0.138379 0.934618 0.078552 0.955566 1 0 1.0
0 4.333439 -12.937684 4.464419 -0.327630 -0.138379 0.934618 0.078552 0.955566 1 0 1.0
Default
0 5.085555 -13.523191 4.101303 0.147497 -0.850465 -0.504930 0.078552 0.955566 1 0 1.0
0 5.029199 -13.693335 4.371418 0.147497 -0.850465 -0.504930 0.078552 0.955566 1 0 1.0
0 4.235197 -13.668617 4.132423 0.126890 -0.851017 -0.509577 0.078552 0.955566 1 0 1.0
Default
0 5.085555 -13.523191 4.101303 0.147497 -0.850465 -0.504930 0.078552 0.955566 1 0 1.0
0 5.849271 -13.720323 4.692840 0.168038 -0.849533 -0.500057 0.078552 0.955566 1 0 1.0
0 5.029199 -13.693335 4.371418 0.147497 -0.850465 -0.504930 0.078552 0.955566 1 0 1.0
Default
0 5.209011 -12.623777 4.060369 0.229637 0.155136 -0.960833 0.078552 0.955566 1 0 1.0
0 5.160036 -13.080168 3.972465 0.227571 0.160567 -0.960432 0.078552 0.955566 1 0 1.0
0 4.333440 -12.937683 3.800427 0.229637 0.155136 -0.960833 0.078552 0.955566 1 0 1.0
Default
0 4.402907 -12.420837 3.897667 0.231695 0.149700 -0.961201 0.078552 0.955566 1 0 1.0
0 5.209011 -12.623777 4.060369 0.229637 0.155136 -0.960833 0.078552 0.955566 1 0 1.0
0 4.333440 -12.937683 3.800427 0.229637 0.155136 -0.960833 0.078552 0.955566 1 0 1.0
Default
0 5.663216 -13.835157 4.937367 -0.587786 -0.627322 0.510856 0.078552 0.955566 1 0 1.0
0 5.663674 -13.623069 5.187598 -0.588135 -0.616437 0.523548 0.078552 0.955566 1 0 1.0
0 5.023978 -13.490927 4.624574 -0.587786 -0.627322 0.510856 0.078552 0.955566 1 0 1.0
Default
0 5.029199 -13.693335 4.371418 -0.587273 -0.638032 0.498021 0.078552 0.955566 1 0 1.0
0 5.663216 -13.835157 4.937367 -0.587786 -0.627322 0.510856 0.078552 0.955566 1 0 1.0
0 5.023978 -13.490927 4.624574 -0.587786 -0.627322 0.510856 0.078552 0.955566 1 0 1.0
Default
0 6.299549 -12.931066 4.706605 0.506353 0.668098 -0.545208 0.078552 0.955566 1 0 1.0
0 5.209011 -12.623777 4.060369 0.506483 0.678516 -0.532062 0.078552 0.955566 1 0 1.0
0 5.203793 -12.421367 4.313527 0.506353 0.668098 -0.545208 0.078552 0.955566 1 0 1.0
Default
0 6.300010 -12.718977 4.956838 0.506080 0.657491 -0.558201 0.078552 0.955566 1 0 1.0
0 6.299549 -12.931066 4.706605 0.506353 0.668098 -0.545208 0.078552 0.955566 1 0 1.0
0 5.203793 -12.421367 4.313527 0.506353 0.668098 -0.545208 0.078552 0.955566 1 0 1.0
Default
0 13.943421 -15.813903 6.446208 -0.291100 -0.718926 0.631194 0.078552 0.955566 1 0 1.0
0 13.997994 -15.598629 6.707770 -0.290208 -0.708297 0.643502 0.078552 0.955566 1 0 1.0
0 5.689595 -13.614412 5.144834 -0.291100 -0.718926 0.631194 0.078552 0.955566 1 0 1.0
Default
0 5.689219 -13.789581 4.938163 -0.291915 -0.729365 0.618719 0.078552 0.955566 1 0 1.0
0 13.943421 -15.813903 6.446208 -0.291100 -0.718926 0.631194 0.078552 0.955566 1 0 1.0
0 5.689595 -13.614412 5.144834 -0.291100 -0.718926 0.631194 0.078552 0.955566 1 0 1.0
Default
0 2.776331 -13.046414 4.378371 -0.190691 -0.713579 0.674123 0.078552 0.955566 1 0 1.0
0 4.235197 -13.668617 4.132423 -0.207437 -0.710023 0.672932 0.078552 0.955566 1 0 1.0
0 4.263972 -13.454531 4.367179 -0.207437 -0.710023 0.672932 0.078552 0.955566 1 0 1.0
Default
0 4.235197 -13.668617 4.132423 -0.207437 -0.710023 0.672932 0.078552 0.955566 1 0 1.0
0 5.029199 -13.693335 4.371418 -0.224121 -0.706257 0.671543 0.078552 0.955566 1 0 1.0
0 4.263972 -13.454531 4.367179 -0.207437 -0.710023 0.672932 0.078552 0.955566 1 0 1.0
Default
0 14.061399 -15.111295 5.856324 0.291316 0.729123 -0.619286 0.078552 0.955566 1 0 1.0
0 6.273627 -12.939723 4.749370 0.291373 0.729483 -0.618835 0.078552 0.955566 1 0 1.0
0 6.274005 -12.764552 4.956040 0.291316 0.729123 -0.619286 0.078552 0.955566 1 0 1.0
Default
0 14.232273 -14.937961 6.140457 0.291260 0.728762 -0.619737 0.078552 0.955566 1 0 1.0
0 14.061399 -15.111295 5.856324 0.291316 0.729123 -0.619286 0.078552 0.955566 1 0 1.0
0 6.274005 -12.764552 4.956040 0.291316 0.729123 -0.619286 0.078552 0.955566 1 0 1.0
Default
0 13.997994 -15.598629 6.707770 -0.188767 -0.027073 0.981649 0.078552 0.955566 1 0 1.0
0 14.112308 -15.228099 6.739971 -0.188767 -0.027073 0.981649 0.078552 0.955566 1 0 1.0
0 5.868196 -13.217637 5.249439 -0.184555 -0.028439 0.982411 0.078552 0.955566 1 0 1.0
Default
0 14.848574 -15.596598 6.875166 -0.192975 -0.025707 0.980867 0.078552 0.955566 1 0 1.0
0 14.112308 -15.228099 6.739971 -0.188767 -0.027073 0.981649 0.078552 0.955566 1 0 1.0
0 13.997994 -15.598629 6.707770 -0.188767 -0.027073 0.981649 0.078552 0.955566 1 0 1.0
Default
0 17.909482 -16.375540 1.676970 -0.593547 0.663440 -0.455576 0.078552 0.955566 1 0 1.0
0 18.084050 -16.146200 1.774229 -0.597645 0.652495 -0.465909 0.078552 0.955566 1 0 1.0
0 18.440080 -16.184382 1.264058 -0.593547 0.663440 -0.455576 0.078552 0.955566 1 0 1.0
Default
0 18.220096 -16.451457 1.150765 -0.589305 0.674223 -0.445133 0.078552 0.955566 1 0 1.0
0 17.909482 -16.375540 1.676970 -0.593547 0.663440 -0.455576 0.078552 0.955566 1 0 1.0
0 18.440080 -16.184382 1.264058 -0.593547 0.663440 -0.455576 0.078552 0.955566 1 0 1.0
Default
0 14.945505 -15.152778 6.716387 0.936345 -0.280192 -0.211545 0.078552 0.955566 1 0 1.0
0 14.848574 -15.596598 6.875166 0.936348 -0.280190 -0.211532 0.078552 0.955566 1 0 1.0
0 14.818628 -15.584468 6.726542 0.936346 -0.280190 -0.211540 0.078552 0.955566 1 0 1.0
Default
0 14.912850 -15.153036 6.572198 0.936341 -0.280202 -0.211547 0.078552 0.955566 1 0 1.0
0 14.945505 -15.152778 6.716387 0.936345 -0.280192 -0.211545 0.078552 0.955566 1 0 1.0
0 14.818628 -15.584468 6.726542 0.936346 -0.280190 -0.211540 0.078552 0.955566 1 0 1.0
Default
0 14.921875 -14.970444 6.370281 0.936335 -0.280220 -0.211552 0.078552 0.955566 1 0 1.0
0 14.945505 -15.152778 6.716387 0.936345 -0.280192 -0.211545 0.078552 0.955566 1 0 1.0
0 14.912850 -15.153036 6.572198 0.936341 -0.280202 -0.211547 0.078552 0.955566 1 0 1.0
Default
0 18.619191 -16.174972 1.372015 0.502849 0.796533 0.335675 0.078552 0.955566 1 0 1.0
0 18.221130 -16.133216 1.870523 0.504803 0.794947 0.336501 0.078552 0.955566 1 0 1.0
0 18.323839 -16.234592 1.955933 0.502849 0.796533 0.335675 0.078552 0.955566 1 0 1.0
Default
0 18.757640 -16.301104 1.465549 0.500893 0.798113 0.334847 0.078552 0.955566 1 0 1.0
0 18.619191 -16.174972 1.372015 0.502849 0.796533 0.335675 0.078552 0.955566 1 0 1.0
0 18.323839 -16.234592 1.955933 0.502849 0.796533 0.335675 0.078552 0.955566 1 0 1.0
Default
0 18.757640 -16.301104 1.465549 0.749292 0.145259 0.646112 0.078552 0.955566 1 0 1.0
0 18.323839 -16.234592 1.955933 0.750954 0.140336 0.645271 0.078552 0.955566 1 0 1.0
0 18.339499 -16.534056 2.002837 0.749292 0.145259 0.646112 0.078552 0.955566 1 0 1.0
Default
0 18.789591 -16.660779 1.512120 0.747610 0.150178 0.646936 0.078552 0.955566 1 0 1.0
0 18.757640 -16.301104 1.465549 0.749292 0.145259 0.646112 0.078552 0.955566 1 0 1.0
0 18.339499 -16.534056 2.002837 0.749292 0.145259 0.646112 0.078552 0.955566 1 0 1.0
Default
0 18.164924 -16.763397 1.905584 -0.086622 -0.966506 0.241584 0.078552 0.955566 1 0 1.0
0 18.027848 -16.776383 1.809285 -0.079890 -0.966468 0.244043 0.078552 0.955566 1 0 1.0
0 18.390500 -16.937265 1.290870 -0.086622 -0.966506 0.241584 0.078552 0.955566 1 0 1.0
Default
0 18.569607 -16.927854 1.398834 -0.093349 -0.966494 0.239112 0.078552 0.955566 1 0 1.0
0 18.164924 -16.763397 1.905584 -0.086622 -0.966506 0.241584 0.078552 0.955566 1 0 1.0
0 18.390500 -16.937265 1.290870 -0.086622 -0.966506 0.241584 0.078552 0.955566 1 0 1.0
Default
0 17.925140 -16.675006 1.723874 -0.859714 -0.131202 -0.493637 0.078552 0.955566 1 0 1.0
0 17.909482 -16.375540 1.676970 -0.862330 -0.122056 -0.491416 0.078552 0.955566 1 0 1.0
0 18.220096 -16.451457 1.150765 -0.859714 -0.131202 -0.493637 0.078552 0.955566 1 0 1.0
Default
0 18.252050 -16.811133 1.197335 -0.857016 -0.140336 -0.495812 0.078552 0.955566 1 0 1.0
0 17.925140 -16.675006 1.723874 -0.859714 -0.131202 -0.493637 0.078552 0.955566 1 0 1.0
0 18.220096 -16.451457 1.150765 -0.859714 -0.131202 -0.493637 0.078552 0.955566 1 0 1.0
Default
0 18.789591 -16.660779 1.512120 0.482945 -0.637294 0.600517 0.078552 0.955566 1 0 1.0
0 18.339499 -16.534056 2.002837 0.486067 -0.627802 0.607950 0.078552 0.955566 1 0 1.0
0 18.164924 -16.763397 1.905584 0.482945 -0.637294 0.600517 0.078552 0.955566 1 0 1.0
Default
0 18.569607 -16.927854 1.398834 0.479747 -0.646688 0.592990 0.078552 0.955566 1 0 1.0
0 18.789591 -16.660779 1.512120 0.482945 -0.637294 0.600517 0.078552 0.955566 1 0 1.0
0 18.164924 -16.763397 1.905584 0.482945 -0.637294 0.600517 0.078552 0.955566 1 0 1.0
Default
0 18.027848 -16.776383 1.809285 -0.603743 -0.777268 -0.177057 0.078552 0.955566 1 0 1.0
0 17.925140 -16.675006 1.723874 -0.611058 -0.770825 -0.180103 0.078552 0.955566 1 0 1.0
0 18.252050 -16.811133 1.197335 -0.603743 -0.777268 -0.177057 0.078552 0.955566 1 0 1.0
Default
0 18.390500 -16.937265 1.290870 -0.596365 -0.783629 -0.173993 0.078552 0.955566 1 0 1.0
0 18.027848 -16.776383 1.809285 -0.603743 -0.777268 -0.177057 0.078552 0.955566 1 0 1.0
0 18.252050 -16.811133 1.197335 -0.603743 -0.777268 -0.177057 0.078552 0.955566 1 0 1.0
Default
0 15.130993 -20.444660 1.264058 0.163613 0.986501 -0.006859 0.078552 0.955566 1 0 1.0
0 14.884433 -20.402862 1.637930 0.152832 0.988205 -0.009688 0.078552 0.955566 1 0 1.0
0 15.013748 -20.422013 1.724472 0.163613 0.986501 -0.006859 0.078552 0.955566 1 0 1.0
Default
0 15.307681 -20.475507 1.372015 0.174373 0.984671 -0.004029 0.078552 0.955566 1 0 1.0
0 15.130993 -20.444660 1.264058 0.163613 0.986501 -0.006859 0.078552 0.955566 1 0 1.0
0 15.013748 -20.422013 1.724472 0.163613 0.986501 -0.006859 0.078552 0.955566 1 0 1.0
Default
0 18.440080 -16.184382 1.264058 0.517644 -0.064491 -0.853162 0.078552 0.955566 1 0 1.0
0 18.504251 -16.227796 1.306276 0.517629 -0.064490 -0.853171 0.078552 0.955566 1 0 1.0
0 18.296807 -16.479653 1.199438 0.517642 -0.064470 -0.853165 0.078552 0.955566 1 0 1.0
Default
0 18.220096 -16.451457 1.150765 0.517635 -0.064466 -0.853169 0.078552 0.955566 1 0 1.0
0 18.440080 -16.184382 1.264058 0.517644 -0.064491 -0.853162 0.078552 0.955566 1 0 1.0
0 18.296807 -16.479653 1.199438 0.517642 -0.064470 -0.853165 0.078552 0.955566 1 0 1.0
Default
0 18.252050 -16.811133 1.197335 0.517630 -0.064487 -0.853171 0.078552 0.955566 1 0 1.0
0 18.220096 -16.451457 1.150765 0.517635 -0.064466 -0.853169 0.078552 0.955566 1 0 1.0
0 18.296807 -16.479653 1.199438 0.517642 -0.064470 -0.853165 0.078552 0.955566 1 0 1.0
Default
0 18.326938 -16.818833 1.243352 0.517661 -0.064472 -0.853153 0.078552 0.955566 1 0 1.0
0 18.252050 -16.811133 1.197335 0.517630 -0.064487 -0.853171 0.078552 0.955566 1 0 1.0
0 18.296807 -16.479653 1.199438 0.517642 -0.064470 -0.853165 0.078552 0.955566 1 0 1.0
Default
0 18.390500 -16.937265 1.290870 0.517669 -0.064438 -0.853151 0.078552 0.955566 1 0 1.0
0 18.252050 -16.811133 1.197335 0.517630 -0.064487 -0.853171 0.078552 0.955566 1 0 1.0
0 18.326938 -16.818833 1.243352 0.517661 -0.064472 -0.853153 0.078552 0.955566 1 0 1.0
Default
0 18.404756 -16.889728 1.295931 0.517693 -0.064423 -0.853137 0.078552 0.955566 1 0 1.0
0 18.390500 -16.937265 1.290870 0.517669 -0.064438 -0.853151 0.078552 0.955566 1 0 1.0
0 18.326938 -16.818833 1.243352 0.517661 -0.064472 -0.853153 0.078552 0.955566 1 0 1.0
Default
0 18.390500 -16.937265 1.290870 0.517669 -0.064438 -0.853151 0.078552 0.955566 1 0 1.0
0 18.404756 -16.889728 1.295931 0.517693 -0.064423 -0.853137 0.078552 0.955566 1 0 1.0
0 18.505431 -16.884439 1.356618 0.517650 -0.064426 -0.853164 0.078552 0.955566 1 0 1.0
Default
0 18.569607 -16.927854 1.398834 0.517640 -0.064445 -0.853168 0.078552 0.955566 1 0 1.0
0 18.505431 -16.884439 1.356618 0.517650 -0.064426 -0.853164 0.078552 0.955566 1 0 1.0
0 18.712880 -16.632582 1.463447 0.517628 -0.064478 -0.853173 0.078552 0.955566 1 0 1.0
Default
0 18.569607 -16.927854 1.398834 0.517640 -0.064445 -0.853168 0.078552 0.955566 1 0 1.0
0 18.390500 -16.937265 1.290870 0.517669 -0.064438 -0.853151 0.078552 0.955566 1 0 1.0
0 18.505431 -16.884439 1.356618 0.517650 -0.064426 -0.853164 0.078552 0.955566 1 0 1.0
Default
0 23.964997 -17.337579 -7.892179 0.151470 0.984115 -0.092593 0.078552 0.955566 1 0 1.0
0 23.024044 -17.053392 -6.405815 0.139952 0.985121 -0.099754 0.078552 0.955566 1 0 1.0
0 23.173294 -17.065569 -6.316675 0.148988 0.984259 -0.095064 0.078552 0.955566 1 0 1.0
Default
0 24.041081 -17.345607 -7.846495 0.157218 0.983545 -0.089007 0.078552 0.955566 1 0 1.0
0 23.964997 -17.337579 -7.892179 0.151470 0.984115 -0.092593 0.078552 0.955566 1 0 1.0
0 23.173294 -17.065569 -6.316675 0.148988 0.984259 -0.095064 0.078552 0.955566 1 0 1.0
Default
0 24.041081 -17.345607 -7.846495 0.157218 0.983545 -0.089007 0.078552 0.955566 1 0 1.0
0 25.198302 -17.710950 -9.881886 0.156429 0.983793 -0.087649 0.078552 0.955566 1 0 1.0
0 23.964997 -17.337579 -7.892179 0.151470 0.984115 -0.092593 0.078552 0.955566 1 0 1.0
Default
0 24.105489 -17.389220 -7.803036 0.501357 0.855507 0.129420 0.078552 0.955566 1 0 1.0
0 24.041081 -17.345607 -7.846495 0.496405 0.858866 0.126218 0.078552 0.955566 1 0 1.0
0 23.173294 -17.065569 -6.316675 0.504206 0.853692 0.130332 0.078552 0.955566 1 0 1.0
Default
0 23.297552 -17.153922 -6.232269 0.511192 0.848669 0.135807 0.078552 0.955566 1 0 1.0
0 24.105489 -17.389220 -7.803036 0.501357 0.855507 0.129420 0.078552 0.955566 1 0 1.0
0 23.173294 -17.065569 -6.316675 0.504206 0.853692 0.130332 0.078552 0.955566 1 0 1.0
Default
0 23.938831 -17.657214 -7.865847 -0.397245 -0.866739 -0.301595 0.078552 0.955566 1 0 1.0
0 22.954375 -17.732691 -6.358093 -0.404115 -0.861654 -0.306992 0.078552 0.955566 1 0 1.0
0 22.830122 -17.644340 -6.442510 -0.397245 -0.866739 -0.301595 0.078552 0.955566 1 0 1.0
Default
0 23.874420 -17.613604 -7.909318 -0.390336 -0.871736 -0.296167 0.078552 0.955566 1 0 1.0
0 23.938831 -17.657214 -7.865847 -0.397245 -0.866739 -0.301595 0.078552 0.955566 1 0 1.0
0 22.830122 -17.644340 -6.442510 -0.397245 -0.866739 -0.301595 0.078552 0.955566 1 0 1.0
Default
0 24.153704 -17.561599 -7.752275 0.851136 0.352590 0.388905 0.078552 0.955566 1 0 1.0
0 24.105489 -17.389220 -7.803036 0.851136 0.352590 0.388905 0.078552 0.955566 1 0 1.0
0 23.297552 -17.153922 -6.232269 0.852714 0.352132 0.385852 0.078552 0.955566 1 0 1.0
Default
0 24.153704 -17.561599 -7.752275 0.851136 0.352590 0.388905 0.078552 0.955566 1 0 1.0
0 25.198302 -17.710950 -9.881886 0.849548 0.353044 0.391954 0.078552 0.955566 1 0 1.0
0 24.105489 -17.389220 -7.803036 0.851136 0.352590 0.388905 0.078552 0.955566 1 0 1.0
Default
0 23.938831 -17.657214 -7.865847 -0.046020 -0.995833 -0.078731 0.078552 0.955566 1 0 1.0
0 24.014916 -17.665245 -7.820174 -0.054975 -0.995001 -0.083369 0.078552 0.955566 1 0 1.0
0 23.103626 -17.744868 -6.268952 -0.046020 -0.995833 -0.078731 0.078552 0.955566 1 0 1.0
Default
0 22.954375 -17.732691 -6.358093 -0.037061 -0.996563 -0.074085 0.078552 0.955566 1 0 1.0
0 23.938831 -17.657214 -7.865847 -0.046020 -0.995833 -0.078731 0.078552 0.955566 1 0 1.0
0 23.103626 -17.744868 -6.268952 -0.046020 -0.995833 -0.078731 0.078552 0.955566 1 0 1.0
Default
0 23.964997 -17.337579 -7.892179 -0.408294 0.815478 -0.410233 0.078552 0.955566 1 0 1.0
0 25.198302 -17.710950 -9.881886 -0.410115 0.816018 -0.407334 0.078552 0.955566 1 0 1.0
0 23.826209 -17.441224 -7.960076 -0.408294 0.815478 -0.410233 0.078552 0.955566 1 0 1.0
Default
0 23.964997 -17.337579 -7.892179 -0.408294 0.815478 -0.410233 0.078552 0.955566 1 0 1.0
0 23.826209 -17.441224 -7.960076 -0.408294 0.815478 -0.410233 0.078552 0.955566 1 0 1.0
0 23.024044 -17.053392 -6.405815 -0.406467 0.814929 -0.413128 0.078552 0.955566 1 0 1.0
Default
0 2.655932 -14.821554 4.624575 -0.350268 -0.061674 0.934617 0.078552 0.955566 1 0 1.0
0 2.805646 -14.387645 4.712480 -0.355400 -0.066260 0.932363 0.078552 0.955566 1 0 1.0
0 2.106470 -14.128002 4.464419 -0.350268 -0.061674 0.934617 0.078552 0.955566 1 0 1.0
Default
0 1.923274 -14.616260 4.367179 -0.345118 -0.057084 0.936822 0.078552 0.955566 1 0 1.0
0 2.655932 -14.821554 4.624575 -0.350268 -0.061674 0.934617 0.078552 0.955566 1 0 1.0
0 2.106470 -14.128002 4.464419 -0.350268 -0.061674 0.934617 0.078552 0.955566 1 0 1.0
Default
0 2.708742 -14.866763 4.101305 -0.046264 -0.861919 -0.504931 0.078552 0.955566 1 0 1.0
0 2.615791 -15.020012 4.371418 -0.046264 -0.861919 -0.504931 0.078552 0.955566 1 0 1.0
0 1.847388 -14.818503 4.132423 -0.066473 -0.857853 -0.509578 0.078552 0.955566 1 0 1.0
Default
0 2.708742 -14.866763 4.101305 -0.046264 -0.861919 -0.504931 0.078552 0.955566 1 0 1.0
0 3.409100 -15.229557 4.692840 -0.026034 -0.865601 -0.500058 0.078552 0.955566 1 0 1.0
0 2.615791 -15.020012 4.371418 -0.046264 -0.861919 -0.504931 0.078552 0.955566 1 0 1.0
Default
0 3.202090 -15.299915 4.937367 -0.713097 -0.480122 0.510858 0.078552 0.955566 1 0 1.0
0 3.249927 -15.093292 5.187598 -0.711004 -0.469434 0.523549 0.078552 0.955566 1 0 1.0
0 2.655932 -14.821554 4.624575 -0.713097 -0.480122 0.510858 0.078552 0.955566 1 0 1.0
Default
0 2.615791 -15.020012 4.371418 -0.714990 -0.490675 0.498024 0.078552 0.955566 1 0 1.0
0 3.202090 -15.299915 4.937367 -0.713097 -0.480122 0.510858 0.078552 0.955566 1 0 1.0
0 2.655932 -14.821554 4.624575 -0.713097 -0.480122 0.510858 0.078552 0.955566 1 0 1.0
Default
0 4.024348 -14.560868 4.706607 0.642833 0.538063 -0.545210 0.078552 0.955566 1 0 1.0
0 3.030045 -14.017673 4.060369 0.645289 0.548190 -0.532062 0.078552 0.955566 1 0 1.0
0 3.070186 -13.819215 4.313527 0.642833 0.538063 -0.545210 0.078552 0.955566 1 0 1.0
Default
0 4.072188 -14.354244 4.956838 0.640197 0.527784 -0.558204 0.078552 0.955566 1 0 1.0
0 4.024348 -14.560868 4.706607 0.642833 0.538063 -0.545210 0.078552 0.955566 1 0 1.0
0 3.070186 -13.819215 4.313527 0.642833 0.538063 -0.545210 0.078552 0.955566 1 0 1.0
Default
0 0.957895 -13.564362 4.201833 -0.667924 -0.440524 -0.599847 0.078552 0.955566 1 0 1.0
0 1.923272 -14.616259 3.897667 -0.669549 -0.441830 -0.597068 0.078552 0.955566 1 0 1.0
0 1.847388 -14.818503 4.132423 -0.667924 -0.440524 -0.599847 0.078552 0.955566 1 0 1.0
Default
0 0.721803 -13.863410 4.680828 -0.666291 -0.439212 -0.602619 0.078552 0.955566 1 0 1.0
0 0.957895 -13.564362 4.201833 -0.667924 -0.440524 -0.599847 0.078552 0.955566 1 0 1.0
0 1.847388 -14.818503 4.132423 -0.667924 -0.440524 -0.599847 0.078552 0.955566 1 0 1.0
Default
0 2.035330 -13.550209 4.751457 0.496332 -0.336457 0.800282 0.078552 0.955566 1 0 1.0
0 1.545838 -13.833701 4.935852 0.494178 -0.340176 0.800042 0.078552 0.955566 1 0 1.0
0 2.106470 -14.128002 4.464419 0.494178 -0.340176 0.800042 0.078552 0.955566 1 0 1.0
Default
0 2.106470 -14.128002 4.464419 0.494178 -0.340176 0.800042 0.078552 0.955566 1 0 1.0
0 1.545838 -13.833701 4.935852 0.494178 -0.340176 0.800042 0.078552 0.955566 1 0 1.0
0 1.923274 -14.616260 4.367179 0.492016 -0.343889 0.799788 0.078552 0.955566 1 0 1.0
Default
0 14.856896 -20.655829 1.150764 -0.465738 0.795848 -0.386929 0.078552 0.955566 1 0 1.0
0 14.678200 -20.569910 1.549328 -0.475943 0.791236 -0.383957 0.078552 0.955566 1 0 1.0
0 14.884433 -20.402862 1.637930 -0.465738 0.795848 -0.386929 0.078552 0.955566 1 0 1.0
Default
0 15.130993 -20.444660 1.264058 -0.455469 0.800354 -0.389849 0.078552 0.955566 1 0 1.0
0 14.856896 -20.655829 1.150764 -0.465738 0.795848 -0.386929 0.078552 0.955566 1 0 1.0
0 14.884433 -20.402862 1.637930 -0.465738 0.795848 -0.386929 0.078552 0.955566 1 0 1.0
Default
0 11.428044 -19.290306 6.053991 -0.287649 -0.687300 -0.666991 0.078552 0.955566 1 0 1.0
0 10.894554 -19.101360 6.089368 -0.280428 -0.691534 -0.665688 0.078552 0.955566 1 0 1.0
0 11.049780 -18.915970 5.831390 -0.280428 -0.691534 -0.665688 0.078552 0.955566 1 0 1.0
Default
0 11.049780 -18.915970 5.831390 -0.280428 -0.691534 -0.665688 0.078552 0.955566 1 0 1.0
0 10.894554 -19.101360 6.089368 -0.280428 -0.691534 -0.665688 0.078552 0.955566 1 0 1.0
0 3.734405 -14.910347 4.644766 -0.273187 -0.695718 -0.664338 0.078552 0.955566 1 0 1.0
Default
0 11.905801 -18.710837 6.652615 0.850060 -0.482335 -0.211543 0.078552 0.955566 1 0 1.0
0 11.743903 -19.054396 6.785359 0.850071 -0.482328 -0.211517 0.078552 0.955566 1 0 1.0
0 11.724087 -19.040540 6.674125 0.850068 -0.482327 -0.211531 0.078552 0.955566 1 0 1.0
Default
0 11.888119 -18.692443 6.539630 0.850049 -0.482351 -0.211552 0.078552 0.955566 1 0 1.0
0 11.905801 -18.710837 6.652615 0.850060 -0.482335 -0.211543 0.078552 0.955566 1 0 1.0
0 11.724087 -19.040540 6.674125 0.850068 -0.482327 -0.211531 0.078552 0.955566 1 0 1.0
Default
0 11.920608 -18.557839 6.363257 0.850033 -0.482380 -0.211549 0.078552 0.955566 1 0 1.0
0 11.905801 -18.710837 6.652615 0.850060 -0.482335 -0.211543 0.078552 0.955566 1 0 1.0
0 11.888119 -18.692443 6.539630 0.850049 -0.482351 -0.211552 0.078552 0.955566 1 0 1.0
Default
0 15.307681 -20.475507 1.372015 0.613712 0.675323 0.409019 0.078552 0.955566 1 0 1.0
0 15.013748 -20.422013 1.724472 0.613264 0.675826 0.408861 0.078552 0.955566 1 0 1.0
0 15.088946 -20.536312 1.800609 0.613712 0.675323 0.409019 0.078552 0.955566 1 0 1.0
Default
0 15.414444 -20.629387 1.465548 0.614160 0.674820 0.409176 0.078552 0.955566 1 0 1.0
0 15.307681 -20.475507 1.372015 0.613712 0.675323 0.409019 0.078552 0.955566 1 0 1.0
0 15.088946 -20.536312 1.800609 0.613712 0.675323 0.409019 0.078552 0.955566 1 0 1.0
Default
0 15.414444 -20.629387 1.465548 0.715062 -0.009502 0.698996 0.078552 0.955566 1 0 1.0
0 15.088946 -20.536312 1.800609 0.715584 -0.011761 0.698428 0.078552 0.955566 1 0 1.0
0 15.044962 -20.809232 1.841078 0.715062 -0.009502 0.698996 0.078552 0.955566 1 0 1.0
Default
0 15.365222 -20.987108 1.512120 0.714537 -0.007244 0.699561 0.078552 0.955566 1 0 1.0
0 15.414444 -20.629387 1.465548 0.715062 -0.009502 0.698996 0.078552 0.955566 1 0 1.0
0 15.044962 -20.809232 1.841078 0.715062 -0.009502 0.698996 0.078552 0.955566 1 0 1.0
Default
0 14.838725 -20.976278 1.752481 -0.342187 -0.886660 0.311033 0.078552 0.955566 1 0 1.0
0 14.709416 -20.957127 1.665935 -0.339997 -0.887285 0.311651 0.078552 0.955566 1 0 1.0
0 14.914437 -21.167427 1.290869 -0.342187 -0.886660 0.311033 0.078552 0.955566 1 0 1.0
Default
0 15.091121 -21.198275 1.398833 -0.344375 -0.886030 0.310413 0.078552 0.955566 1 0 1.0
0 14.838725 -20.976278 1.752481 -0.342187 -0.886660 0.311033 0.078552 0.955566 1 0 1.0
0 14.914437 -21.167427 1.290869 -0.342187 -0.886660 0.311033 0.078552 0.955566 1 0 1.0
Default
0 14.634216 -20.842828 1.589796 -0.901906 0.075551 -0.425274 0.078552 0.955566 1 0 1.0
0 14.678200 -20.569910 1.549328 -0.902564 0.082809 -0.422516 0.078552 0.955566 1 0 1.0
0 14.856896 -20.655829 1.150764 -0.901906 0.075551 -0.425274 0.078552 0.955566 1 0 1.0
Default
0 14.807672 -21.013550 1.197334 -0.901192 0.068288 -0.428006 0.078552 0.955566 1 0 1.0
0 14.634216 -20.842828 1.589796 -0.901906 0.075551 -0.425274 0.078552 0.955566 1 0 1.0
0 14.856896 -20.655829 1.150764 -0.901906 0.075551 -0.425274 0.078552 0.955566 1 0 1.0
Default
0 15.365222 -20.987108 1.512120 0.282561 -0.704816 0.650687 0.078552 0.955566 1 0 1.0
0 15.044962 -20.809232 1.841078 0.284879 -0.699384 0.655520 0.078552 0.955566 1 0 1.0
0 14.838725 -20.976278 1.752481 0.282561 -0.704816 0.650687 0.078552 0.955566 1 0 1.0
Default
0 15.091121 -21.198275 1.398833 0.280226 -0.710208 0.645816 0.078552 0.955566 1 0 1.0
0 15.365222 -20.987108 1.512120 0.282561 -0.704816 0.650687 0.078552 0.955566 1 0 1.0
0 14.838725 -20.976278 1.752481 0.282561 -0.704816 0.650687 0.078552 0.955566 1 0 1.0
Default
0 14.709416 -20.957127 1.665935 -0.795730 -0.598183 -0.094824 0.078552 0.955566 1 0 1.0
0 14.634216 -20.842828 1.589796 -0.800696 -0.591214 -0.096705 0.078552 0.955566 1 0 1.0
0 14.807672 -21.013550 1.197334 -0.795730 -0.598183 -0.094824 0.078552 0.955566 1 0 1.0
Default
0 14.914437 -21.167427 1.290869 -0.790702 -0.605106 -0.092936 0.078552 0.955566 1 0 1.0
0 14.709416 -20.957127 1.665935 -0.795730 -0.598183 -0.094824 0.078552 0.955566 1 0 1.0
0 14.807672 -21.013550 1.197334 -0.795730 -0.598183 -0.094824 0.078552 0.955566 1 0 1.0
Default
0 15.130993 -20.444660 1.264058 0.490146 -0.178525 -0.853162 0.078552 0.955566 1 0 1.0
0 15.183843 -20.501314 1.306276 0.490130 -0.178525 -0.853172 0.078552 0.955566 1 0 1.0
0 14.925367 -20.700450 1.199437 0.490149 -0.178506 -0.853164 0.078552 0.955566 1 0 1.0
Default
0 14.856896 -20.655829 1.150764 0.490150 -0.178504 -0.853164 0.078552 0.955566 1 0 1.0
0 15.130993 -20.444660 1.264058 0.490146 -0.178525 -0.853162 0.078552 0.955566 1 0 1.0
0 14.925367 -20.700450 1.199437 0.490149 -0.178506 -0.853164 0.078552 0.955566 1 0 1.0
Default
0 14.807672 -21.013550 1.197334 0.490127 -0.178526 -0.853173 0.078552 0.955566 1 0 1.0
0 14.856896 -20.655829 1.150764 0.490150 -0.178504 -0.853164 0.078552 0.955566 1 0 1.0
0 14.925367 -20.700450 1.199437 0.490149 -0.178506 -0.853164 0.078552 0.955566 1 0 1.0
Default
0 14.878948 -21.037786 1.243351 0.490151 -0.178523 -0.853160 0.078552 0.955566 1 0 1.0
0 14.807672 -21.013550 1.197334 0.490127 -0.178526 -0.853173 0.078552 0.955566 1 0 1.0
0 14.925367 -20.700450 1.199437 0.490149 -0.178506 -0.853164 0.078552 0.955566 1 0 1.0
Default
0 14.914437 -21.167427 1.290869 0.490165 -0.178506 -0.853155 0.078552 0.955566 1 0 1.0
0 14.807672 -21.013550 1.197334 0.490127 -0.178526 -0.853173 0.078552 0.955566 1 0 1.0
0 14.878948 -21.037786 1.243351 0.490151 -0.178523 -0.853160 0.078552 0.955566 1 0 1.0
Default
0 14.938958 -21.124278 1.295931 0.490190 -0.178492 -0.853144 0.078552 0.955566 1 0 1.0
0 14.914437 -21.167427 1.290869 0.490165 -0.178506 -0.853155 0.078552 0.955566 1 0 1.0
0 14.878948 -21.037786 1.243351 0.490151 -0.178523 -0.853160 0.078552 0.955566 1 0 1.0
Default
0 14.914437 -21.167427 1.290869 0.490165 -0.178506 -0.853155 0.078552 0.955566 1 0 1.0
0 14.938958 -21.124278 1.295931 0.490190 -0.178492 -0.853144 0.078552 0.955566 1 0 1.0
0 15.038272 -21.141620 1.356617 0.490160 -0.178491 -0.853161 0.078552 0.955566 1 0 1.0
Default
0 15.091121 -21.198275 1.398833 0.490148 -0.178497 -0.853167 0.078552 0.955566 1 0 1.0
0 15.038272 -21.141620 1.356617 0.490160 -0.178491 -0.853161 0.078552 0.955566 1 0 1.0
0 15.296747 -20.942484 1.463447 0.490135 -0.178511 -0.853172 0.078552 0.955566 1 0 1.0
Default
0 15.091121 -21.198275 1.398833 0.490148 -0.178497 -0.853167 0.078552 0.955566 1 0 1.0
0 14.914437 -21.167427 1.290869 0.490165 -0.178506 -0.853155 0.078552 0.955566 1 0 1.0
0 15.038272 -21.141620 1.356617 0.490160 -0.178491 -0.853161 0.078552 0.955566 1 0 1.0
Default
0 20.258551 -22.803210 -7.892179 0.367534 0.925389 -0.092594 0.078552 0.955566 1 0 1.0
0 19.404885 -22.315958 -6.405815 0.356542 0.928940 -0.099747 0.078552 0.955566 1 0 1.0
0 19.547645 -22.361180 -6.316675 0.365148 0.926083 -0.095062 0.078552 0.955566 1 0 1.0
Default
0 20.330917 -22.828034 -7.846495 0.373004 0.923550 -0.089010 0.078552 0.955566 1 0 1.0
0 20.258551 -22.803210 -7.892179 0.367534 0.925389 -0.092594 0.078552 0.955566 1 0 1.0
0 19.547645 -22.361180 -6.316675 0.365148 0.926083 -0.095062 0.078552 0.955566 1 0 1.0
Default
0 20.330917 -22.828034 -7.846495 0.373004 0.923550 -0.089010 0.078552 0.955566 1 0 1.0
0 21.377247 -23.442717 -9.881886 0.372290 0.923968 -0.087653 0.078552 0.955566 1 0 1.0
0 20.258551 -22.803210 -7.892179 0.367534 0.925389 -0.092594 0.078552 0.955566 1 0 1.0
Default
0 20.383952 -22.884938 -7.803036 0.679842 0.721849 0.129422 0.078552 0.955566 1 0 1.0
0 20.330917 -22.828034 -7.846495 0.675769 0.726226 0.126223 0.078552 0.955566 1 0 1.0
0 19.547645 -22.361180 -6.316675 0.682211 0.719445 0.130333 0.078552 0.955566 1 0 1.0
Default
0 19.649018 -22.475060 -6.232269 0.687892 0.712995 0.135803 0.078552 0.955566 1 0 1.0
0 20.383952 -22.884938 -7.803036 0.679842 0.721849 0.129422 0.078552 0.955566 1 0 1.0
0 19.547645 -22.361180 -6.316675 0.682211 0.719445 0.130333 0.078552 0.955566 1 0 1.0
Default
0 20.161627 -23.108917 -7.865847 -0.580860 -0.756072 -0.301589 0.078552 0.955566 1 0 1.0
0 19.185193 -22.962514 -6.358093 -0.586416 -0.749585 -0.306983 0.078552 0.955566 1 0 1.0
0 19.083820 -22.848636 -6.442510 -0.580860 -0.756072 -0.301589 0.078552 0.955566 1 0 1.0
Default
0 20.108585 -23.052016 -7.909318 -0.575245 -0.762482 -0.296165 0.078552 0.955566 1 0 1.0
0 20.161627 -23.108917 -7.865847 -0.580860 -0.756072 -0.301589 0.078552 0.955566 1 0 1.0
0 19.083820 -22.848636 -6.442510 -0.580860 -0.756072 -0.301589 0.078552 0.955566 1 0 1.0
Default
0 20.392428 -23.063730 -7.752275 0.908402 0.153480 0.388909 0.078552 0.955566 1 0 1.0
0 20.383952 -22.884938 -7.803036 0.908402 0.153480 0.388909 0.078552 0.955566 1 0 1.0
0 19.649018 -22.475060 -6.232269 0.909837 0.152681 0.385856 0.078552 0.955566 1 0 1.0
Default
0 20.392428 -23.063730 -7.752275 0.908402 0.153480 0.388909 0.078552 0.955566 1 0 1.0
0 21.377247 -23.442717 -9.881886 0.906955 0.154277 0.391958 0.078552 0.955566 1 0 1.0
0 20.383952 -22.884938 -7.803036 0.908402 0.153480 0.388909 0.078552 0.955566 1 0 1.0
Default
0 20.161627 -23.108917 -7.865847 -0.267368 -0.960373 -0.078730 0.078552 0.955566 1 0 1.0
0 20.233990 -23.133744 -7.820174 -0.275904 -0.957563 -0.083365 0.078552 0.955566 1 0 1.0
0 19.327951 -23.007734 -6.268952 -0.267368 -0.960373 -0.078730 0.078552 0.955566 1 0 1.0
Default
0 19.185193 -22.962514 -6.358093 -0.258804 -0.963084 -0.074088 0.078552 0.955566 1 0 1.0
0 20.161627 -23.108917 -7.865847 -0.267368 -0.960373 -0.078730 0.078552 0.955566 1 0 1.0
0 19.327951 -23.007734 -6.268952 -0.267368 -0.960373 -0.078730 0.078552 0.955566 1 0 1.0
Default
0 20.258551 -22.803210 -7.892179 -0.215750 0.886094 -0.410231 0.078552 0.955566 1 0 1.0
0 21.377247 -23.442717 -9.881886 -0.217405 0.887027 -0.407331 0.078552 0.955566 1 0 1.0
0 20.100109 -22.873222 -7.960076 -0.215750 0.886094 -0.410231 0.078552 0.955566 1 0 1.0
Default
0 20.258551 -22.803210 -7.892179 -0.215750 0.886094 -0.410231 0.078552 0.955566 1 0 1.0
0 20.100109 -22.873222 -7.960076 -0.215750 0.886094 -0.410231 0.078552 0.955566 1 0 1.0
0 19.404885 -22.315958 -6.405815 -0.214093 0.885151 -0.413126 0.078552 0.955566 1 0 1.0
Default
0 0.138667 -0.393533 8.391707 -0.016216 0.985824 -0.166996 0.079895 0.230591 1 0 1.0
0 0.073145 -0.392315 8.405255 -0.016216 0.985824 -0.166996 0.079895 0.230591 1 0 1.0
0 0.073895 -0.382300 8.470510 -0.012975 0.988364 -0.151552 0.079895 0.230591 1 0 1.0
Default
0 0.091191 -0.449594 8.094628 -0.019452 0.983032 -0.182398 0.079895 0.230591 1 0 1.0
0 0.073145 -0.392315 8.405255 -0.016216 0.985824 -0.166996 0.079895 0.230591 1 0 1.0
0 0.138667 -0.393533 8.391707 -0.016216 0.985824 -0.166996 0.079895 0.230591 1 0 1.0
Default
0 0.229696 -0.562460 7.305474 -0.487274 0.872466 -0.036968 0.079895 0.230591 1 0 1.0
0 0.000000 -0.689637 7.416534 -0.499613 0.865203 -0.042549 0.079895 0.230591 1 0 1.0
0 0.091069 -0.623529 7.691445 -0.487274 0.872466 -0.036968 0.079895 0.230591 1 0 1.0
Default
0 0.229696 -0.562460 7.305474 -0.487274 0.872466 -0.036968 0.079895 0.230591 1 0 1.0
0 0.091069 -0.623529 7.691445 -0.487274 0.872466 -0.036968 0.079895 0.230591 1 0 1.0
0 0.365156 -0.480814 7.544169 -0.474820 0.879523 -0.031378 0.079895 0.230591 1 0 1.0
Default
0 0.751290 -1.116761 6.566754 0.251898 0.869194 -0.425498 0.079895 0.230591 1 0 1.0
0 0.000000 -0.813412 6.740209 0.252609 0.868958 -0.425558 0.079895 0.230591 1 0 1.0
0 0.919589 -0.800814 7.311796 0.251898 0.869194 -0.425498 0.079834 0.230591 1 0 1.0
Default
0 1.489415 -1.431371 6.359617 0.251187 0.869430 -0.425437 0.080811 0.232056 1 0 1.0
0 0.751290 -1.116761 6.566754 0.251898 0.869194 -0.425498 0.079895 0.230591 1 0 1.0
0 0.919589 -0.800814 7.311796 0.251898 0.869194 -0.425498 0.079834 0.230591 1 0 1.0
Default
0 0.942001 -1.146835 8.622013 0.691480 0.629510 0.354362 0.082764 0.948730 1 0 1.0
0 0.894737 -1.022241 8.492904 0.691480 0.629510 0.354362 0.082703 0.949219 1 0 1.0
0 0.576363 -0.751875 8.645461 0.698121 0.625620 0.348177 0.082642 0.949219 1 0 1.0
Default
0 0.942001 -1.146835 8.622013 0.691480 0.629510 0.354362 0.082764 0.948730 1 0 1.0
0 1.082710 -1.226902 8.495404 0.684773 0.633338 0.360512 0.081543 0.949707 1 0 1.0
0 0.894737 -1.022241 8.492904 0.691480 0.629510 0.354362 0.082703 0.949219 1 0 1.0
Default
0 3.797216 -13.612432 5.296590 0.713041 -0.630369 0.306932 0.074707 0.946777 1 0 1.0
0 4.007623 -13.299407 5.450672 0.713041 -0.630369 0.306932 0.074707 0.946777 1 0 1.0
0 3.745820 -13.372582 5.908592 0.713042 -0.630369 0.306930 0.074707 0.946777 1 0 1.0
Default
0 4.842274 -12.430318 5.296590 0.713040 -0.630369 0.306933 0.074707 0.946777 1 0 1.0
0 4.007623 -13.299407 5.450672 0.713041 -0.630369 0.306932 0.074707 0.946777 1 0 1.0
0 3.797216 -13.612432 5.296590 0.713041 -0.630369 0.306932 0.074707 0.946777 1 0 1.0
Default
0 1.745323 -10.565088 2.699560 0.065200 -0.006954 -0.997848 0.081177 0.232788 1 0 1.0
0 2.337409 -9.134215 2.699560 0.070854 -0.029319 -0.997056 0.081177 0.232788 1 0 1.0
0 3.003505 -9.948333 2.770834 0.063249 -0.013707 -0.997904 0.081177 0.232788 1 0 1.0
Default
0 1.745323 -10.565088 2.699560 0.065200 -0.006954 -0.997848 0.081177 0.232788 1 0 1.0
0 3.003505 -9.948333 2.770834 0.063249 -0.013707 -0.997904 0.081177 0.232788 1 0 1.0
0 2.016696 -11.354536 2.713170 0.062361 0.004231 -0.998045 0.081177 0.232788 1 0 1.0
Default
0 2.016696 -11.354536 2.713170 0.062361 0.004231 -0.998045 0.081177 0.232788 1 0 1.0
0 0.437800 -10.565088 2.609001 0.069093 0.006553 -0.997589 0.081177 0.232788 1 0 1.0
0 1.745323 -10.565088 2.699560 0.065200 -0.006954 -0.997848 0.081177 0.232788 1 0 1.0
Default
0 0.931205 -6.864552 2.761623 -0.167777 0.087962 -0.981893 0.081177 0.232788 1 0 1.0
0 1.967355 -7.209935 2.553635 -0.167777 0.087962 -0.981893 0.081177 0.232788 1 0 1.0
0 0.857194 -8.172075 2.657136 -0.167777 0.087962 -0.981893 0.081177 0.232788 1 0 1.0
Default
0 0.857194 -8.172075 2.657136 -0.167777 0.087962 -0.981893 0.081177 0.232788 1 0 1.0
0 0.000000 -6.641456 2.987073 -0.213971 0.089843 -0.972700 0.081177 0.232788 1 0 1.0
0 0.931205 -6.864552 2.761623 -0.167777 0.087962 -0.981893 0.081177 0.232788 1 0 1.0
Default
0 2.189387 -6.223126 2.767551 0.181006 0.513696 -0.838662 0.081177 0.232788 1 0 1.0
0 1.325929 -5.631040 2.943857 0.187266 0.509771 -0.839682 0.081177 0.232788 1 0 1.0
0 2.740915 -3.752738 4.399745 0.187266 0.509771 -0.839682 0.081177 0.232788 1 0 1.0
Default
0 2.740915 -3.752738 4.399745 0.187266 0.509771 -0.839682 0.081177 0.232788 1 0 1.0
0 1.325929 -5.631040 2.943857 0.187266 0.509771 -0.839682 0.081177 0.232788 1 0 1.0
0 1.058958 -3.381649 4.235847 0.193515 0.505817 -0.840655 0.081177 0.232788 1 0 1.0
Default
0 3.841189 -6.320285 3.642969 0.460907 0.272031 -0.844727 0.081177 0.232788 1 0 1.0
0 3.361614 -7.657710 2.950604 0.460907 0.272031 -0.844727 0.081177 0.232788 1 0 1.0
0 2.189387 -6.223126 2.767551 0.463170 0.270786 -0.843889 0.081177 0.232788 1 0 1.0
Default
0 3.361614 -7.657710 2.950604 0.460907 0.272031 -0.844727 0.081177 0.232788 1 0 1.0
0 3.841189 -6.320285 3.642969 0.460907 0.272031 -0.844727 0.081177 0.232788 1 0 1.0
0 4.180031 -7.091650 3.577466 0.458641 0.273274 -0.845559 0.081177 0.232788 1 0 1.0
Default
0 0.576928 -13.528731 3.671935 0.232058 -0.476172 -0.848180 0.081177 0.232788 1 0 1.0
0 0.000000 -12.803564 3.094281 0.248672 -0.474703 -0.844286 0.081177 0.232788 1 0 1.0
0 0.635162 -12.094643 2.882765 0.232058 -0.476172 -0.848180 0.081177 0.232788 1 0 1.0
Default
0 0.576928 -13.528731 3.671935 0.232058 -0.476172 -0.848180 0.081177 0.232788 1 0 1.0
0 0.635162 -12.094643 2.882765 0.232058 -0.476172 -0.848180 0.081177 0.232788 1 0 1.0
0 1.591249 -13.245930 3.769869 0.215376 -0.477500 -0.851825 0.081177 0.232788 1 0 1.0
Default
0 2.608781 -7.900702 2.590381 -0.025595 -0.079915 -0.996473 0.081177 0.232788 1 0 1.0
0 0.857194 -8.172075 2.657136 -0.022757 -0.076697 -0.996795 0.081177 0.232788 1 0 1.0
0 1.967355 -7.209935 2.553635 -0.026026 -0.077187 -0.996677 0.081177 0.232788 1 0 1.0
Default
0 2.608781 -7.900702 2.590381 -0.025595 -0.079915 -0.996473 0.081177 0.232788 1 0 1.0
0 2.337409 -9.134215 2.699560 -0.021123 -0.076451 -0.996850 0.081177 0.232788 1 0 1.0
0 0.857194 -8.172075 2.657136 -0.022757 -0.076697 -0.996795 0.081177 0.232788 1 0 1.0
Default
0 0.561151 -9.084874 2.726502 -0.017080 -0.070255 -0.997383 0.081177 0.232788 1 0 1.0
0 0.857194 -8.172075 2.657136 -0.022757 -0.076697 -0.996795 0.081177 0.232788 1 0 1.0
0 2.337409 -9.134215 2.699560 -0.021123 -0.076451 -0.996850 0.081177 0.232788 1 0 1.0
Default
0 1.745323 -10.565088 2.699560 -0.000000 0.000000 -1.000000 0.081177 0.232788 1 0 1.0
0 1.153237 -9.800311 2.699560 -0.007225 0.012844 -0.999891 0.081177 0.232788 1 0 1.0
0 2.337409 -9.134215 2.699560 -0.007225 0.012844 -0.999891 0.081177 0.232788 1 0 1.0
Default
0 0.561151 -9.084874 2.726502 -0.014448 0.025685 -0.999566 0.081177 0.232788 1 0 1.0
0 2.337409 -9.134215 2.699560 -0.007225 0.012844 -0.999891 0.081177 0.232788 1 0 1.0
0 1.153237 -9.800311 2.699560 -0.007225 0.012844 -0.999891 0.081177 0.232788 1 0 1.0
Default
0 1.153237 -9.800311 2.699560 0.057317 0.064352 -0.996280 0.081177 0.232788 1 0 1.0
0 0.437800 -10.565088 2.609001 0.057317 0.064352 -0.996280 0.081177 0.232788 1 0 1.0
0 0.561151 -9.084874 2.726502 0.045625 0.075271 -0.996119 0.081177 0.232788 1 0 1.0
Default
0 1.153237 -9.800311 2.699560 0.057317 0.064352 -0.996280 0.081177 0.232788 1 0 1.0
0 1.745323 -10.565088 2.699560 0.068996 0.053416 -0.996186 0.081177 0.232788 1 0 1.0
0 0.437800 -10.565088 2.609001 0.057317 0.064352 -0.996280 0.081177 0.232788 1 0 1.0
Default
0 19.128925 -4.266215 1.093640 -0.374596 0.925562 -0.054890 0.078552 0.955566 1 0 1.0
0 18.715294 -4.400579 1.711880 -0.385069 0.921098 -0.057443 0.078552 0.955566 1 0 1.0
0 18.947689 -4.292727 1.883420 -0.374596 0.925562 -0.054890 0.078552 0.955566 1 0 1.0
Default
0 19.416483 -4.143034 1.281932 -0.364072 0.929899 -0.052330 0.078552 0.955566 1 0 1.0
0 19.128925 -4.266215 1.093640 -0.374596 0.925562 -0.054890 0.078552 0.955566 1 0 1.0
0 18.947689 -4.292727 1.883420 -0.374596 0.925562 -0.054890 0.078552 0.955566 1 0 1.0
Default
0 18.440080 -16.184382 1.264058 -0.014761 0.995891 -0.089350 0.078552 0.955566 1 0 1.0
0 18.084050 -16.146200 1.774229 -0.028141 0.995163 -0.094119 0.078552 0.955566 1 0 1.0
0 18.221130 -16.133216 1.870523 -0.014761 0.995891 -0.089350 0.078552 0.955566 1 0 1.0
Default
0 18.619191 -16.174972 1.372015 -0.001378 0.996417 -0.084563 0.078552 0.955566 1 0 1.0
0 18.440080 -16.184382 1.264058 -0.014761 0.995891 -0.089350 0.078552 0.955566 1 0 1.0
0 18.221130 -16.133216 1.870523 -0.014761 0.995891 -0.089350 0.078552 0.955566 1 0 1.0
Default
0 -2.152214 -14.216266 5.504419 -0.249351 -0.894345 0.371443 0.074707 0.946777 1 0 1.0
0 -2.169668 -14.297715 5.296590 -0.249351 -0.894346 0.371442 0.074707 0.946777 1 0 1.0
0 -0.934174 -14.642182 5.296590 -0.249351 -0.894345 0.371443 0.074707 0.946777 1 0 1.0
Default
0 -0.904357 -14.503035 5.651637 -0.249351 -0.894345 0.371444 0.074707 0.946777 1 0 1.0
0 -2.152214 -14.216266 5.504419 -0.249351 -0.894345 0.371443 0.074707 0.946777 1 0 1.0
0 -0.934174 -14.642182 5.296590 -0.249351 -0.894345 0.371443 0.074707 0.946777 1 0 1.0
Default
0 -3.531842 -5.020439 4.856944 -0.713336 0.469064 -0.520702 0.081177 0.232788 1 0 1.0
0 -4.587911 -6.579759 4.899022 -0.718966 0.459865 -0.521164 0.081177 0.232788 1 0 1.0
0 -4.674621 -6.534685 5.058414 -0.725652 0.458426 -0.513103 0.081177 0.232788 1 0 1.0
Default
0 -4.587911 -6.579759 4.899022 -0.718966 0.459865 -0.521164 0.081177 0.232788 1 0 1.0
0 -5.409042 -7.900009 4.899022 -0.731723 0.453051 -0.509241 0.081177 0.232788 1 0 1.0
0 -4.674621 -6.534685 5.058414 -0.725652 0.458426 -0.513103 0.081177 0.232788 1 0 1.0
Default
0 -5.409042 -7.900009 4.899022 -0.731723 0.453051 -0.509241 0.081177 0.232788 1 0 1.0
0 -5.511271 -7.879887 5.069485 -0.738779 0.455396 -0.496809 0.081177 0.232788 1 0 1.0
0 -4.674621 -6.534685 5.058414 -0.725652 0.458426 -0.513103 0.081177 0.232788 1 0 1.0
Default
0 -2.427737 -2.020590 8.268451 -0.488174 0.872452 -0.022663 0.074707 0.946777 1 0 1.0
0 -1.944481 -1.736687 8.659711 -0.487699 0.872472 -0.030705 0.074707 0.946777 1 0 1.0
0 -1.880861 -1.713732 8.301460 -0.488174 0.872452 -0.022663 0.074707 0.946777 1 0 1.0
Default
0 -2.351596 -1.985717 7.804614 -0.488616 0.872376 -0.014620 0.074707 0.946777 1 0 1.0
0 -2.427737 -2.020590 8.268451 -0.488174 0.872452 -0.022663 0.074707 0.946777 1 0 1.0
0 -1.880861 -1.713732 8.301460 -0.488174 0.872452 -0.022663 0.074707 0.946777 1 0 1.0
Default
0 -5.853067 -9.723447 5.296590 -0.673564 -0.114812 -0.730158 0.074707 0.946777 1 0 1.0
0 -5.609279 -9.709376 5.069485 -0.673564 -0.114812 -0.730157 0.074707 0.946777 1 0 1.0
0 -5.364953 -11.142751 5.069485 -0.673564 -0.114812 -0.730158 0.074707 0.946777 1 0 1.0
Default
0 -5.596086 -11.231071 5.296590 -0.673564 -0.114812 -0.730158 0.074707 0.946777 1 0 1.0
0 -5.853067 -9.723447 5.296590 -0.673564 -0.114812 -0.730158 0.074707 0.946777 1 0 1.0
0 -5.364953 -11.142751 5.069485 -0.673564 -0.114812 -0.730158 0.074707 0.946777 1 0 1.0
Default
0 -4.842274 -12.430318 5.296590 -0.578489 -0.363621 -0.730158 0.074707 0.946777 1 0 1.0
0 -5.596086 -11.231071 5.296590 -0.578489 -0.363621 -0.730158 0.074707 0.946777 1 0 1.0
0 -5.364953 -11.142751 5.069485 -0.578489 -0.363621 -0.730158 0.074707 0.946777 1 0 1.0
Default
0 -4.647341 -12.284407 5.069485 -0.578489 -0.363621 -0.730158 0.074707 0.946777 1 0 1.0
0 -4.842274 -12.430318 5.296590 -0.578489 -0.363621 -0.730158 0.074707 0.946777 1 0 1.0
0 -5.364953 -11.142751 5.069485 -0.578489 -0.363621 -0.730158 0.074707 0.946777 1 0 1.0
Default
0 -4.842274 -12.430318 5.296590 -0.511915 -0.452562 -0.730158 0.074707 0.946777 1 0 1.0
0 -4.647341 -12.284407 5.069485 -0.511915 -0.452562 -0.730158 0.074707 0.946777 1 0 1.0
0 -3.652043 -13.410236 5.069485 -0.511915 -0.452562 -0.730158 0.074707 0.946777 1 0 1.0
Default
0 -3.797216 -13.612432 5.296590 -0.511915 -0.452563 -0.730158 0.074707 0.946777 1 0 1.0
0 -4.842274 -12.430318 5.296590 -0.511915 -0.452562 -0.730158 0.074707 0.946777 1 0 1.0
0 -3.652043 -13.410236 5.069485 -0.511915 -0.452562 -0.730158 0.074707 0.946777 1 0 1.0
Default
0 -2.169668 -14.297715 5.296590 -0.265151 -0.629734 -0.730158 0.074707 0.946777 1 0 1.0
0 -3.797216 -13.612432 5.296590 -0.265151 -0.629734 -0.730158 0.074707 0.946777 1 0 1.0
0 -3.652043 -13.410236 5.069485 -0.265151 -0.629734 -0.730158 0.074707 0.946777 1 0 1.0
Default
0 -2.089671 -14.068077 5.069485 -0.265151 -0.629734 -0.730157 0.074707 0.946777 1 0 1.0
0 -2.169668 -14.297715 5.296590 -0.265151 -0.629734 -0.730158 0.074707 0.946777 1 0 1.0
0 -3.652043 -13.410236 5.069485 -0.265151 -0.629734 -0.730158 0.074707 0.946777 1 0 1.0
Default
0 -2.169668 -14.297715 5.296590 -0.183505 -0.658176 -0.730157 0.074707 0.946777 1 0 1.0
0 -2.089671 -14.068077 5.069485 -0.183505 -0.658176 -0.730157 0.074707 0.946777 1 0 1.0
0 -0.890485 -14.402420 5.069485 -0.183505 -0.658176 -0.730157 0.074707 0.946777 1 0 1.0
Default
0 -0.934174 -14.642182 5.296590 -0.183505 -0.658176 -0.730158 0.074707 0.946777 1 0 1.0
0 -2.169668 -14.297715 5.296590 -0.183505 -0.658176 -0.730157 0.074707 0.946777 1 0 1.0
0 -0.890485 -14.402420 5.069485 -0.183505 -0.658176 -0.730157 0.074707 0.946777 1 0 1.0
Default
0 0.000000 -14.725145 5.296590 -0.060444 -0.680600 -0.730158 0.074707 0.946777 1 0 1.0
0 -0.934174 -14.642182 5.296590 -0.060444 -0.680600 -0.730158 0.074707 0.946777 1 0 1.0
0 -0.890485 -14.402420 5.069485 -0.060444 -0.680600 -0.730158 0.074707 0.946777 1 0 1.0
Default
0 0.000000 -14.459951 5.069485 -0.041986 -0.649880 -0.758876 0.074707 0.946777 1 0 1.0
0 0.000000 -14.725145 5.296590 -0.060444 -0.680600 -0.730158 0.074707 0.946777 1 0 1.0
0 -0.890485 -14.402420 5.069485 -0.060444 -0.680600 -0.730158 0.074707 0.946777 1 0 1.0
Default
0 -2.011339 -2.457302 6.381066 -0.751155 0.573907 -0.326186 0.081177 0.232788 1 0 1.0
0 -1.131801 -1.719771 5.668557 -0.748796 0.575737 -0.328376 0.081177 0.232788 1 0 1.0
0 -2.165137 -3.113867 5.580627 -0.750569 0.574294 -0.326852 0.081177 0.232788 1 0 1.0
Default
0 -2.011339 -2.457302 6.381066 -0.751155 0.573907 -0.326186 0.081177 0.232788 1 0 1.0
0 -2.165137 -3.113867 5.580627 -0.750569 0.574294 -0.326852 0.081177 0.232788 1 0 1.0
0 -2.526329 -2.955132 6.695414 -0.752330 0.572989 -0.325090 0.081177 0.232788 1 0 1.0
Default
0 -2.126247 -1.983006 7.483969 -0.752324 0.573131 -0.324854 0.081177 0.232788 1 0 1.0
0 -2.011339 -2.457302 6.381066 -0.751155 0.573907 -0.326186 0.081177 0.232788 1 0 1.0
0 -2.526329 -2.955132 6.695414 -0.752330 0.572989 -0.325090 0.081177 0.232788 1 0 1.0
Default
0 -5.505232 -9.695563 4.899022 -0.854312 0.045767 -0.517741 0.081177 0.232788 1 0 1.0
0 -5.609279 -9.709376 5.069485 -0.854312 0.045767 -0.517742 0.081177 0.232788 1 0 1.0
0 -5.511271 -7.879887 5.069485 -0.854312 0.045767 -0.517741 0.081177 0.232788 1 0 1.0
Default
0 -5.409042 -7.900009 4.899022 -0.854312 0.045767 -0.517741 0.081177 0.232788 1 0 1.0
0 -5.505232 -9.695563 4.899022 -0.854312 0.045767 -0.517741 0.081177 0.232788 1 0 1.0
0 -5.511271 -7.879887 5.069485 -0.854312 0.045767 -0.517741 0.081177 0.232788 1 0 1.0
Default
0 -5.265439 -11.102351 4.899022 -0.839576 -0.143110 -0.524053 0.081177 0.232788 1 0 1.0
0 -5.364953 -11.142751 5.069485 -0.839576 -0.143110 -0.524053 0.081177 0.232788 1 0 1.0
0 -5.609279 -9.709376 5.069485 -0.839576 -0.143110 -0.524053 0.081177 0.232788 1 0 1.0
Default
0 -5.505232 -9.695563 4.899022 -0.839577 -0.143110 -0.524052 0.081177 0.232788 1 0 1.0
0 -5.265439 -11.102351 4.899022 -0.839576 -0.143110 -0.524053 0.081177 0.232788 1 0 1.0
0 -5.609279 -9.709376 5.069485 -0.839576 -0.143110 -0.524053 0.081177 0.232788 1 0 1.0
Default
0 -0.214120 -0.719867 9.068608 -0.132266 0.988149 -0.077889 0.078125 0.955078 1 0 1.0
0 -0.366980 -0.714417 9.457079 -0.140090 0.987733 -0.068982 0.078125 0.955078 1 0 1.0
0 0.000000 -0.676221 9.258724 -0.132266 0.988149 -0.077889 0.078125 0.955078 1 0 1.0
Default
0 0.000000 -0.709504 8.879657 -0.124424 0.988427 -0.086785 0.078064 0.955078 1 0 1.0
0 -0.214120 -0.719867 9.068608 -0.132266 0.988149 -0.077889 0.078125 0.955078 1 0 1.0
0 0.000000 -0.676221 9.258724 -0.132266 0.988149 -0.077889 0.078125 0.955078 1 0 1.0
Default
0 -5.265439 -11.102351 4.899022 -0.719435 -0.452216 -0.527175 0.081177 0.232788 1 0 1.0
0 -4.561138 -12.222830 4.899022 -0.719435 -0.452216 -0.527175 0.081177 0.232788 1 0 1.0
0 -4.647341 -12.284407 5.069485 -0.719435 -0.452216 -0.527175 0.081177 0.232788 1 0 1.0
Default
0 -5.364953 -11.142751 5.069485 -0.719435 -0.452216 -0.527175 0.081177 0.232788 1 0 1.0
0 -5.265439 -11.102351 4.899022 -0.719435 -0.452216 -0.527175 0.081177 0.232788 1 0 1.0
0 -4.647341 -12.284407 5.069485 -0.719435 -0.452216 -0.527175 0.081177 0.232788 1 0 1.0
Default
0 -3.584302 -13.327775 4.899022 -0.637282 -0.563395 -0.525792 0.081177 0.232788 1 0 1.0
0 -3.652043 -13.410236 5.069485 -0.637282 -0.563395 -0.525792 0.081177 0.232788 1 0 1.0
0 -4.647341 -12.284407 5.069485 -0.637282 -0.563395 -0.525792 0.081177 0.232788 1 0 1.0
Default
0 -4.561138 -12.222830 4.899022 -0.637283 -0.563395 -0.525792 0.081177 0.232788 1 0 1.0
0 -3.584302 -13.327775 4.899022 -0.637282 -0.563395 -0.525792 0.081177 0.232788 1 0 1.0
0 -4.647341 -12.284407 5.069485 -0.637282 -0.563395 -0.525792 0.081177 0.232788 1 0 1.0
Default
0 -3.584302 -13.327775 4.899022 -0.332750 -0.790280 -0.514524 0.081177 0.232788 1 0 1.0
0 -2.050909 -13.973415 4.899022 -0.332750 -0.790281 -0.514523 0.081177 0.232788 1 0 1.0
0 -2.089671 -14.068077 5.069485 -0.332750 -0.790280 -0.514524 0.081177 0.232788 1 0 1.0
Default
0 -3.652043 -13.410236 5.069485 -0.332749 -0.790279 -0.514525 0.081177 0.232788 1 0 1.0
0 -3.584302 -13.327775 4.899022 -0.332750 -0.790280 -0.514524 0.081177 0.232788 1 0 1.0
0 -2.089671 -14.068077 5.069485 -0.332750 -0.790280 -0.514524 0.081177 0.232788 1 0 1.0
Default
0 -2.050909 -13.973415 4.899022 -0.230700 -0.827450 -0.511961 0.081177 0.232788 1 0 1.0
0 -0.873968 -14.301556 4.899022 -0.230700 -0.827450 -0.511962 0.081177 0.232788 1 0 1.0
0 -0.890485 -14.402420 5.069485 -0.230700 -0.827450 -0.511961 0.081177 0.232788 1 0 1.0
Default
0 -2.089671 -14.068077 5.069485 -0.230700 -0.827451 -0.511959 0.081177 0.232788 1 0 1.0
0 -2.050909 -13.973415 4.899022 -0.230700 -0.827450 -0.511961 0.081177 0.232788 1 0 1.0
0 -0.890485 -14.402420 5.069485 -0.230700 -0.827450 -0.511961 0.081177 0.232788 1 0 1.0
Default
0 -3.287150 -12.966061 4.378839 -0.293849 -0.697891 -0.653147 0.081177 0.232788 1 0 1.0
0 -1.880882 -13.558174 4.378839 -0.293849 -0.697891 -0.653147 0.081177 0.232788 1 0 1.0
0 -2.050909 -13.973415 4.899022 -0.293849 -0.697891 -0.653147 0.081177 0.232788 1 0 1.0
Default
0 -3.584302 -13.327775 4.899022 -0.293849 -0.697891 -0.653146 0.081177 0.232788 1 0 1.0
0 -3.287150 -12.966061 4.378839 -0.293849 -0.697891 -0.653147 0.081177 0.232788 1 0 1.0
0 -2.050909 -13.973415 4.899022 -0.293849 -0.697891 -0.653147 0.081177 0.232788 1 0 1.0
Default
0 -3.398098 -5.151943 4.471734 -0.751130 0.495322 -0.436418 0.081177 0.232788 1 0 1.0
0 -4.375643 -6.785234 4.309349 -0.749831 0.492689 -0.441601 0.081177 0.232788 1 0 1.0
0 -4.587911 -6.579759 4.899022 -0.751130 0.495322 -0.436418 0.081177 0.232788 1 0 1.0
Default
0 -3.531842 -5.020439 4.856944 -0.752402 0.497937 -0.431220 0.081177 0.232788 1 0 1.0
0 -3.398098 -5.151943 4.471734 -0.751130 0.495322 -0.436418 0.081177 0.232788 1 0 1.0
0 -4.587911 -6.579759 4.899022 -0.751130 0.495322 -0.436418 0.081177 0.232788 1 0 1.0
Default
0 -4.986215 -9.626659 4.475803 -0.634296 0.033980 -0.772344 0.081177 0.232788 1 0 1.0
0 -5.505232 -9.695563 4.899022 -0.634296 0.033980 -0.772343 0.081177 0.232788 1 0 1.0
0 -5.409042 -7.900009 4.899022 -0.634296 0.033980 -0.772344 0.081177 0.232788 1 0 1.0
Default
0 -4.913750 -7.997500 4.487969 -0.634295 0.033981 -0.772344 0.081177 0.232788 1 0 1.0
0 -4.986215 -9.626659 4.475803 -0.634296 0.033980 -0.772344 0.081177 0.232788 1 0 1.0
0 -5.409042 -7.900009 4.899022 -0.634296 0.033980 -0.772344 0.081177 0.232788 1 0 1.0
Default
0 -4.828915 -10.925132 4.526862 -0.619953 -0.105674 -0.777491 0.081177 0.232788 1 0 1.0
0 -5.265439 -11.102351 4.899022 -0.619952 -0.105674 -0.777491 0.081177 0.232788 1 0 1.0
0 -5.505232 -9.695563 4.899022 -0.619953 -0.105674 -0.777491 0.081177 0.232788 1 0 1.0
Default
0 -4.986215 -9.626659 4.475803 -0.619953 -0.105675 -0.777490 0.081177 0.232788 1 0 1.0
0 -4.828915 -10.925132 4.526862 -0.619953 -0.105674 -0.777491 0.081177 0.232788 1 0 1.0
0 -5.505232 -9.695563 4.899022 -0.619953 -0.105674 -0.777491 0.081177 0.232788 1 0 1.0
Default
0 -2.649365 -6.986045 8.262815 -0.594276 0.116029 0.795847 0.074707 0.946777 1 0 1.0
0 -3.658109 -5.794203 7.309159 -0.604110 0.119170 0.787940 0.074707 0.946777 1 0 1.0
0 -4.129579 -7.504119 7.213238 -0.602120 0.121757 0.789067 0.074707 0.946777 1 0 1.0
Default
0 -3.658109 -5.794203 7.309159 -0.604110 0.119170 0.787940 0.074707 0.946777 1 0 1.0
0 -2.649365 -6.986045 8.262815 -0.594276 0.116029 0.795847 0.074707 0.946777 1 0 1.0
0 -2.362953 -5.607721 8.279216 -0.584025 0.112947 0.803840 0.074707 0.946777 1 0 1.0
Default
0 -2.649365 -6.986045 8.262815 -0.594276 0.116029 0.795847 0.074707 0.946777 1 0 1.0
0 -1.711896 -6.665331 8.883108 -0.572818 0.111095 0.812119 0.074707 0.946777 1 0 1.0
0 -2.362953 -5.607721 8.279216 -0.584025 0.112947 0.803840 0.074707 0.946777 1 0 1.0
Default
0 -2.362953 -5.607721 8.279216 -0.584025 0.112947 0.803840 0.074707 0.946777 1 0 1.0
0 -1.711896 -6.665331 8.883108 -0.572818 0.111095 0.812119 0.074707 0.946777 1 0 1.0
0 -0.901954 -5.260607 9.257909 -0.571325 0.112503 0.812976 0.074707 0.946777 1 0 1.0
Default
0 0.000000 -1.898153 9.733066 -0.291351 -0.001294 0.956616 0.074707 0.946777 1 0 1.0
0 0.000000 -1.098172 9.716423 -0.291401 0.019897 0.956394 0.074707 0.946777 1 0 1.0
0 -0.256352 -1.899575 9.654989 -0.291351 -0.001294 0.956616 0.074707 0.946777 1 0 1.0
Default
0 -0.256352 -1.899575 9.654989 -0.291351 -0.001294 0.956616 0.074707 0.946777 1 0 1.0
0 0.000000 -3.646780 9.691956 -0.291170 -0.022485 0.956407 0.074707 0.946777 1 0 1.0
0 0.000000 -1.898153 9.733066 -0.291351 -0.001294 0.956616 0.074707 0.946777 1 0 1.0
Default
0 -4.203590 -10.538560 7.103025 -0.589782 -0.312296 0.744734 0.074707 0.946777 1 0 1.0
0 -5.311027 -10.484616 6.248191 -0.590052 -0.311775 0.744738 0.074707 0.946777 1 0 1.0
0 -5.390500 -11.145411 5.908592 -0.591881 -0.318897 0.740258 0.074707 0.946777 1 0 1.0
Default
0 -5.390500 -11.145411 5.908592 -0.591881 -0.318897 0.740258 0.074707 0.946777 1 0 1.0
0 -3.981559 -12.117455 6.615582 -0.592779 -0.322449 0.737997 0.074707 0.946777 1 0 1.0
0 -4.203590 -10.538560 7.103025 -0.589782 -0.312296 0.744734 0.074707 0.946777 1 0 1.0
Default
0 -4.722349 -12.344657 5.908592 -0.595958 -0.332034 0.731155 0.074707 0.946777 1 0 1.0
0 -3.981559 -12.117455 6.615582 -0.592779 -0.322449 0.737997 0.074707 0.946777 1 0 1.0
0 -5.390500 -11.145411 5.908592 -0.591881 -0.318897 0.740258 0.074707 0.946777 1 0 1.0
Default
0 -1.761237 -13.474318 6.799254 -0.149134 -0.795243 0.587663 0.074707 0.946777 1 0 1.0
0 -2.291749 -13.519516 6.615111 -0.132796 -0.803809 0.579876 0.074707 0.946777 1 0 1.0
0 -2.118271 -14.057866 5.908592 -0.149747 -0.798441 0.583153 0.074707 0.946777 1 0 1.0
Default
0 -0.904357 -14.503035 5.651637 -0.157282 -0.790840 0.591468 0.074707 0.946777 1 0 1.0
0 -1.761237 -13.474318 6.799254 -0.149134 -0.795243 0.587663 0.074707 0.946777 1 0 1.0
0 -2.118271 -14.057866 5.908592 -0.149747 -0.798441 0.583153 0.074707 0.946777 1 0 1.0
Default
0 -0.904357 -14.503035 5.651637 -0.157282 -0.790840 0.591468 0.074707 0.946777 1 0 1.0
0 -0.577065 -13.696351 6.799254 -0.147895 -0.788775 0.596625 0.074707 0.946777 1 0 1.0
0 -1.761237 -13.474318 6.799254 -0.149134 -0.795243 0.587663 0.074707 0.946777 1 0 1.0
Default
0 -3.745820 -13.372582 5.908592 -0.403271 -0.505431 0.762831 0.074707 0.946777 1 0 1.0
0 -3.175764 -12.826402 6.571835 -0.405943 -0.508264 0.759525 0.074707 0.946777 1 0 1.0
0 -3.981559 -12.117455 6.615582 -0.405943 -0.508264 0.759525 0.074707 0.946777 1 0 1.0
Default
0 -3.175764 -12.826402 6.571835 -0.405943 -0.508264 0.759525 0.074707 0.946777 1 0 1.0
0 -2.635187 -11.589587 7.699844 -0.408604 -0.511084 0.756198 0.074707 0.946777 1 0 1.0
0 -3.981559 -12.117455 6.615582 -0.405943 -0.508264 0.759525 0.074707 0.946777 1 0 1.0
Default
0 -4.746335 -9.206367 6.677520 -0.624994 -0.015954 0.780467 0.074707 0.946777 1 0 1.0
0 -5.681746 -9.723447 5.908592 -0.631743 -0.009803 0.775116 0.074707 0.946777 1 0 1.0
0 -4.203590 -10.538560 7.103025 -0.623610 -0.004379 0.781724 0.074707 0.946777 1 0 1.0
Default
0 -4.203590 -10.538560 7.103025 -0.623610 -0.004379 0.781724 0.074707 0.946777 1 0 1.0
0 -3.192110 -9.995815 7.891998 -0.621592 -0.019030 0.783110 0.074707 0.946777 1 0 1.0
0 -4.746335 -9.206367 6.677520 -0.624994 -0.015954 0.780467 0.074707 0.946777 1 0 1.0
Default
0 -4.746335 -9.206367 6.677520 -0.624994 -0.015954 0.780467 0.074707 0.946777 1 0 1.0
0 -3.192110 -9.995815 7.891998 -0.621592 -0.019030 0.783110 0.074707 0.946777 1 0 1.0
0 -3.099091 -8.784668 8.027953 -0.627504 -0.039098 0.777631 0.074707 0.946777 1 0 1.0
Default
0 0.000000 -3.646780 9.691956 -0.099038 -0.011605 0.995016 0.074707 0.946777 1 0 1.0
0 -0.799097 -3.463283 9.614558 -0.090882 -0.007324 0.995835 0.074707 0.946777 1 0 1.0
0 -0.429043 -4.173636 9.643106 -0.090882 -0.007324 0.995835 0.074707 0.946777 1 0 1.0
Default
0 -0.799097 -3.463283 9.614558 -0.090882 -0.007324 0.995835 0.074707 0.946777 1 0 1.0
0 -1.407670 -3.938965 9.562593 -0.082718 -0.003041 0.996568 0.074707 0.946777 1 0 1.0
0 -0.429043 -4.173636 9.643106 -0.090882 -0.007324 0.995835 0.074707 0.946777 1 0 1.0
Default
0 -1.435200 -11.503698 8.111185 -0.257116 -0.452588 0.853848 0.074707 0.946777 1 0 1.0
0 -1.835247 -10.267187 8.646141 -0.257116 -0.452588 0.853848 0.074707 0.946777 1 0 1.0
0 -2.635187 -11.589587 7.699844 -0.259896 -0.453023 0.852775 0.074707 0.946777 1 0 1.0
Default
0 -0.651075 -10.933284 8.646141 -0.254334 -0.452148 0.854913 0.074707 0.946777 1 0 1.0
0 -1.835247 -10.267187 8.646141 -0.257116 -0.452588 0.853848 0.074707 0.946777 1 0 1.0
0 -1.435200 -11.503698 8.111185 -0.257116 -0.452588 0.853848 0.074707 0.946777 1 0 1.0
Default
0 -0.478384 -6.467969 9.184772 -0.185135 -0.132196 0.973781 0.074707 0.946777 1 0 1.0
0 -0.901954 -5.260607 9.257909 -0.199365 -0.128786 0.971426 0.074707 0.946777 1 0 1.0
0 -1.711896 -6.665331 8.883108 -0.215120 -0.134066 0.967342 0.074707 0.946777 1 0 1.0
Default
0 0.000000 -5.598711 9.384863 -0.170075 -0.131215 0.976656 0.074707 0.946777 1 0 1.0
0 -0.901954 -5.260607 9.257909 -0.199365 -0.128786 0.971426 0.074707 0.946777 1 0 1.0
0 -0.478384 -6.467969 9.184772 -0.185135 -0.132196 0.973781 0.074707 0.946777 1 0 1.0
Default
0 -0.478384 -6.467969 9.184772 -0.185135 -0.132196 0.973781 0.074707 0.946777 1 0 1.0
0 0.000000 -6.698120 9.228664 -0.156557 -0.138928 0.977849 0.074707 0.946777 1 0 1.0
0 0.000000 -5.598711 9.384863 -0.170075 -0.131215 0.976656 0.074707 0.946777 1 0 1.0
Default
0 0.000000 -7.880320 9.003513 0.227266 -0.103319 0.968336 0.074707 0.946777 1 0 1.0
0 -0.774427 -8.342908 9.135912 0.228392 -0.102796 0.968127 0.074707 0.946777 1 0 1.0
0 0.000000 -10.161928 8.760071 0.228392 -0.102796 0.968127 0.074707 0.946777 1 0 1.0
Default
0 -0.774427 -8.342908 9.135912 0.228392 -0.102796 0.968127 0.074707 0.946777 1 0 1.0
0 -0.943236 -9.419679 9.062166 0.229519 -0.102273 0.967916 0.074707 0.946777 1 0 1.0
0 0.000000 -10.161928 8.760071 0.228392 -0.102796 0.968127 0.074707 0.946777 1 0 1.0
Default
0 -2.740915 -3.752738 4.399745 -0.804923 0.588754 0.073944 0.081177 0.232788 1 0 1.0
0 -2.165137 -3.113867 5.580627 -0.804923 0.588754 0.073944 0.081177 0.232788 1 0 1.0
0 -1.131801 -1.719771 5.668557 -0.803454 0.590996 0.072015 0.081177 0.232788 1 0 1.0
Default
0 -2.690941 -3.804564 5.331498 -0.806383 0.586506 0.075872 0.081177 0.232788 1 0 1.0
0 -2.165137 -3.113867 5.580627 -0.804923 0.588754 0.073944 0.081177 0.232788 1 0 1.0
0 -2.740915 -3.752738 4.399745 -0.804923 0.588754 0.073944 0.081177 0.232788 1 0 1.0
Default
0 -1.058958 -3.381649 4.235847 -0.132403 0.693186 -0.708493 0.081177 0.232788 1 0 1.0
0 -1.105786 -2.712064 4.894155 -0.127573 0.690797 -0.711706 0.081177 0.232788 1 0 1.0
0 0.000000 -2.342042 5.055095 -0.132403 0.693186 -0.708493 0.081177 0.232788 1 0 1.0
Default
0 0.000000 -3.683375 3.732222 -0.137228 0.695547 -0.705253 0.081177 0.232788 1 0 1.0
0 -1.058958 -3.381649 4.235847 -0.132403 0.693186 -0.708493 0.081177 0.232788 1 0 1.0
0 0.000000 -2.342042 5.055095 -0.132403 0.693186 -0.708493 0.081177 0.232788 1 0 1.0
Default
0 -3.841189 -6.320285 3.642969 -0.802682 0.516254 -0.298637 0.081177 0.232788 1 0 1.0
0 -4.375643 -6.785234 4.309349 -0.808052 0.512511 -0.290489 0.081177 0.232788 1 0 1.0
0 -3.398098 -5.151943 4.471734 -0.802682 0.516254 -0.298637 0.081177 0.232788 1 0 1.0
Default
0 -3.363334 -5.380094 3.994672 -0.797224 0.519940 -0.306752 0.081177 0.232788 1 0 1.0
0 -3.841189 -6.320285 3.642969 -0.802682 0.516254 -0.298637 0.081177 0.232788 1 0 1.0
0 -3.398098 -5.151943 4.471734 -0.802682 0.516254 -0.298637 0.081177 0.232788 1 0 1.0
Default
0 -1.591249 -13.245930 3.769869 -0.270530 -0.804651 -0.528536 0.081177 0.232788 1 0 1.0
0 -0.576928 -13.528731 3.671935 -0.276299 -0.814134 -0.510730 0.081177 0.232788 1 0 1.0
0 -0.801513 -13.859111 4.320079 -0.265133 -0.810346 -0.522535 0.081177 0.232788 1 0 1.0
Default
0 -1.880882 -13.558174 4.378839 -0.267601 -0.799776 -0.537352 0.081177 0.232788 1 0 1.0
0 -1.591249 -13.245930 3.769869 -0.270530 -0.804651 -0.528536 0.081177 0.232788 1 0 1.0
0 -0.801513 -13.859111 4.320079 -0.265133 -0.810346 -0.522535 0.081177 0.232788 1 0 1.0
Default
0 -2.902878 -12.673680 3.612716 -0.281243 -0.793027 -0.540380 0.081177 0.232788 1 0 1.0
0 -1.591249 -13.245930 3.769869 -0.270530 -0.804651 -0.528536 0.081177 0.232788 1 0 1.0
0 -1.880882 -13.558174 4.378839 -0.267601 -0.799776 -0.537352 0.081177 0.232788 1 0 1.0
Default
0 -3.749609 -11.729193 3.789598 -0.671477 -0.508053 -0.539446 0.081177 0.232788 1 0 1.0
0 -2.902878 -12.673680 3.612716 -0.677115 -0.507178 -0.533185 0.081177 0.232788 1 0 1.0
0 -3.287150 -12.966061 4.378839 -0.671477 -0.508053 -0.539446 0.081177 0.232788 1 0 1.0
Default
0 -4.183003 -11.952719 4.526862 -0.665791 -0.508891 -0.545667 0.081177 0.232788 1 0 1.0
0 -3.749609 -11.729193 3.789598 -0.671477 -0.508053 -0.539446 0.081177 0.232788 1 0 1.0
0 -3.287150 -12.966061 4.378839 -0.671477 -0.508053 -0.539446 0.081177 0.232788 1 0 1.0
Default
0 -4.363317 -9.149320 3.611759 -0.813831 0.051407 -0.578823 0.081177 0.232788 1 0 1.0
0 -4.986215 -9.626659 4.475803 -0.821059 0.040772 -0.569385 0.081177 0.232788 1 0 1.0
0 -4.913750 -7.997500 4.487969 -0.813831 0.051407 -0.578823 0.081177 0.232788 1 0 1.0
Default
0 -4.180031 -7.091650 3.577466 -0.806396 0.062028 -0.588115 0.081177 0.232788 1 0 1.0
0 -4.363317 -9.149320 3.611759 -0.813831 0.051407 -0.578823 0.081177 0.232788 1 0 1.0
0 -4.913750 -7.997500 4.487969 -0.813831 0.051407 -0.578823 0.081177 0.232788 1 0 1.0
Default
0 -0.751290 -1.116761 6.566754 -0.148484 0.735648 -0.660889 0.079895 0.230591 1 0 1.0
0 0.000000 -1.008283 6.518709 -0.148484 0.735648 -0.660889 0.079041 0.227905 1 0 1.0
0 0.000000 -1.259374 6.244987 -0.147985 0.728799 -0.668545 0.081177 0.232788 1 0 1.0
Default
0 0.000000 -1.008283 6.518709 -0.148484 0.735648 -0.660889 0.079041 0.227905 1 0 1.0
0 -0.751290 -1.116761 6.566754 -0.148484 0.735648 -0.660889 0.079895 0.230591 1 0 1.0
0 0.000000 -0.813412 6.740209 -0.148967 0.742419 -0.653164 0.079895 0.230591 1 0 1.0
Default
0 -1.026652 -0.994398 9.017796 -0.097991 -0.523776 0.846201 0.982422 0.981934 1 0 1.0
0 -1.101054 -1.045544 8.977522 -0.097989 -0.523776 0.846202 0.982422 0.981934 1 0 1.0
0 -1.024262 -1.133827 8.931770 -0.097991 -0.523776 0.846201 0.982422 0.981934 1 0 1.0
Default
0 -0.938778 -1.075064 8.978042 -0.097993 -0.523776 0.846201 0.982422 0.981934 1 0 1.0
0 -1.026652 -0.994398 9.017796 -0.097991 -0.523776 0.846201 0.982422 0.981934 1 0 1.0
0 -1.024262 -1.133827 8.931770 -0.097991 -0.523776 0.846201 0.982422 0.981934 1 0 1.0
Default
0 -0.975596 -1.049164 8.873755 0.663380 0.746692 -0.048765 0.982422 0.981934 1 0 1.0
0 -1.058697 -0.971856 8.927029 0.663382 0.746691 -0.048763 0.982422 0.981934 1 0 1.0
0 -1.026652 -0.994398 9.017796 0.663380 0.746692 -0.048765 0.982422 0.981934 1 0 1.0
Default
0 -0.938778 -1.075064 8.978042 0.663378 0.746693 -0.048766 0.982422 0.981934 1 0 1.0
0 -0.975596 -1.049164 8.873755 0.663380 0.746692 -0.048765 0.982422 0.981934 1 0 1.0
0 -1.026652 -0.994398 9.017796 0.663380 0.746692 -0.048765 0.982422 0.981934 1 0 1.0
Default
0 -1.101054 -1.045544 8.977522 -0.632163 -0.156606 -0.758844 0.982422 0.981934 1 0 1.0
0 -1.058697 -0.971856 8.927029 -0.632163 -0.156602 -0.758845 0.982422 0.981934 1 0 1.0
0 -0.975596 -1.049164 8.873755 -0.632163 -0.156606 -0.758844 0.982422 0.981934 1 0 1.0
Default
0 -1.024262 -1.133827 8.931770 -0.632163 -0.156610 -0.758844 0.982422 0.981934 1 0 1.0
0 -1.101054 -1.045544 8.977522 -0.632163 -0.156606 -0.758844 0.982422 0.981934 1 0 1.0
0 -0.975596 -1.049164 8.873755 -0.632163 -0.156606 -0.758844 0.982422 0.981934 1 0 1.0
Default
0 -4.081043 -5.542462 4.694126 -0.217956 -0.837756 0.500660 0.078552 0.955566 1 0 1.0
0 -4.007162 -5.339479 5.057021 -0.208739 -0.834804 0.509441 0.078552 0.955566 1 0 1.0
0 -4.446973 -5.272029 4.987340 -0.217956 -0.837756 0.500660 0.078552 0.955566 1 0 1.0
Default
0 -4.511346 -5.448892 4.655319 -0.227136 -0.840564 0.491794 0.078552 0.955566 1 0 1.0
0 -4.081043 -5.542462 4.694126 -0.217956 -0.837756 0.500660 0.078552 0.955566 1 0 1.0
0 -4.446973 -5.272029 4.987340 -0.217956 -0.837756 0.500660 0.078552 0.955566 1 0 1.0
Default
0 -4.446972 -5.272028 4.323298 -0.637199 -0.611775 -0.468731 0.078552 0.955566 1 0 1.0
0 -4.511346 -5.448892 4.655319 -0.639904 -0.619828 -0.454242 0.078552 0.955566 1 0 1.0
0 -5.653788 -4.269446 4.655319 -0.637199 -0.611775 -0.468731 0.078552 0.955566 1 0 1.0
Default
0 -5.550855 -4.111873 4.323298 -0.634315 -0.603549 -0.483087 0.078552 0.955566 1 0 1.0
0 -4.446972 -5.272028 4.323298 -0.637199 -0.611775 -0.468731 0.078552 0.955566 1 0 1.0
0 -5.653788 -4.269446 4.655319 -0.637199 -0.611775 -0.468731 0.078552 0.955566 1 0 1.0
Default
0 -4.136154 -4.418061 4.323298 0.233771 0.206765 -0.950052 0.078552 0.955566 1 0 1.0
0 -4.291564 -4.845044 4.185770 0.239651 0.217529 -0.946176 0.078552 0.955566 1 0 1.0
0 -5.302357 -3.731459 4.185770 0.233771 0.206765 -0.950052 0.078552 0.955566 1 0 1.0
Default
0 -5.053858 -3.351044 4.323298 0.227852 0.195968 -0.953771 0.078552 0.955566 1 0 1.0
0 -4.136154 -4.418061 4.323298 0.233771 0.206765 -0.950052 0.078552 0.955566 1 0 1.0
0 -5.302357 -3.731459 4.185770 0.233771 0.206765 -0.950052 0.078552 0.955566 1 0 1.0
Default
0 -5.653788 -4.269446 4.655319 -0.637200 -0.611776 0.468728 0.078552 0.955566 1 0 1.0
0 -4.511346 -5.448892 4.655319 -0.639905 -0.619829 0.454240 0.078552 0.955566 1 0 1.0
0 -4.446973 -5.272029 4.987340 -0.637200 -0.611776 0.468728 0.078552 0.955566 1 0 1.0
Default
0 -5.550856 -4.111874 4.987340 -0.634316 -0.603550 0.483085 0.078552 0.955566 1 0 1.0
0 -5.653788 -4.269446 4.655319 -0.637200 -0.611776 0.468728 0.078552 0.955566 1 0 1.0
0 -4.446973 -5.272029 4.987340 -0.637200 -0.611776 0.468728 0.078552 0.955566 1 0 1.0
Default
0 -4.291564 -4.845044 4.185770 -0.226519 -0.210691 -0.950946 0.078552 0.955566 1 0 1.0
0 -4.446972 -5.272028 4.323298 -0.231960 -0.220709 -0.947355 0.078552 0.955566 1 0 1.0
0 -5.550855 -4.111873 4.323298 -0.226519 -0.210691 -0.950946 0.078552 0.955566 1 0 1.0
Default
0 -5.302357 -3.731459 4.185770 -0.221046 -0.200642 -0.954401 0.078552 0.955566 1 0 1.0
0 -4.291564 -4.845044 4.185770 -0.226519 -0.210691 -0.950946 0.078552 0.955566 1 0 1.0
0 -5.550855 -4.111873 4.323298 -0.226519 -0.210691 -0.950946 0.078552 0.955566 1 0 1.0
Default
0 -4.071782 -4.241197 4.655319 0.676623 0.574879 -0.460104 0.078552 0.955566 1 0 1.0
0 -4.136154 -4.418061 4.323298 0.679651 0.584545 -0.443150 0.078552 0.955566 1 0 1.0
0 -5.053858 -3.351044 4.323298 0.676623 0.574879 -0.460104 0.078552 0.955566 1 0 1.0
Default
0 -4.950927 -3.193470 4.655319 0.673330 0.564989 -0.476880 0.078552 0.955566 1 0 1.0
0 -4.071782 -4.241197 4.655319 0.676623 0.574879 -0.460104 0.078552 0.955566 1 0 1.0
0 -5.053858 -3.351044 4.323298 0.676623 0.574879 -0.460104 0.078552 0.955566 1 0 1.0
Default
0 -5.053858 -3.351044 4.987340 0.676623 0.574879 0.460104 0.078552 0.955566 1 0 1.0
0 -4.136154 -4.418061 4.987340 0.679651 0.584545 0.443149 0.078552 0.955566 1 0 1.0
0 -4.071782 -4.241197 4.655319 0.676623 0.574879 0.460104 0.078552 0.955566 1 0 1.0
Default
0 -4.950927 -3.193470 4.655319 0.673330 0.564989 0.476880 0.078552 0.955566 1 0 1.0
0 -5.053858 -3.351044 4.987340 0.676623 0.574879 0.460104 0.078552 0.955566 1 0 1.0
0 -4.071782 -4.241197 4.655319 0.676623 0.574879 0.460104 0.078552 0.955566 1 0 1.0
Default
0 -12.745632 10.401070 5.178394 -0.376760 -0.059550 0.924395 0.078552 0.955566 1 0 1.0
0 -11.723474 3.152948 5.121636 -0.387572 -0.061859 0.919761 0.078552 0.955566 1 0 1.0
0 -11.291493 3.318362 5.314791 -0.376760 -0.059550 0.924395 0.078552 0.955566 1 0 1.0
Default
0 -12.193383 10.387011 5.395059 -0.365893 -0.057232 0.928895 0.078552 0.955566 1 0 1.0
0 -12.745632 10.401070 5.178394 -0.376760 -0.059550 0.924395 0.078552 0.955566 1 0 1.0
0 -11.291493 3.318362 5.314791 -0.376760 -0.059550 0.924395 0.078552 0.955566 1 0 1.0
Default
0 -11.291493 3.318364 3.897849 -0.249183 -0.386275 -0.888088 0.078552 0.955566 1 0 1.0
0 -10.953594 2.698707 4.072561 -0.249184 -0.386275 -0.888087 0.078552 0.955566 1 0 1.0
0 -11.335324 2.552533 4.243247 -0.249183 -0.386275 -0.888088 0.078552 0.955566 1 0 1.0
Default
0 -11.787669 3.128367 4.119707 -0.249181 -0.386275 -0.888088 0.078552 0.955566 1 0 1.0
0 -11.291493 3.318364 3.897849 -0.249183 -0.386275 -0.888088 0.078552 0.955566 1 0 1.0
0 -11.335324 2.552533 4.243247 -0.249183 -0.386275 -0.888088 0.078552 0.955566 1 0 1.0
Default
0 -10.589792 3.587059 4.655321 0.896396 0.231521 -0.377984 0.078552 0.955566 1 0 1.0
0 -10.413741 2.905427 4.655321 0.896396 0.231521 -0.377985 0.078552 0.955566 1 0 1.0
0 -10.571862 2.844879 4.243247 0.896396 0.231521 -0.377984 0.078552 0.955566 1 0 1.0
Default
0 -10.795318 3.508356 4.119707 0.896396 0.231521 -0.377984 0.078552 0.955566 1 0 1.0
0 -10.589792 3.587059 4.655321 0.896396 0.231521 -0.377984 0.078552 0.955566 1 0 1.0
0 -10.571862 2.844879 4.243247 0.896396 0.231521 -0.377984 0.078552 0.955566 1 0 1.0
Default
0 -10.571862 2.844879 5.067393 0.896396 0.231520 0.377986 0.078552 0.955566 1 0 1.0
0 -10.413741 2.905427 4.655321 0.896395 0.231521 0.377986 0.078552 0.955566 1 0 1.0
0 -10.589792 3.587059 4.655321 0.896396 0.231520 0.377986 0.078552 0.955566 1 0 1.0
Default
0 -10.795318 3.508356 5.190934 0.896396 0.231520 0.377985 0.078552 0.955566 1 0 1.0
0 -10.571862 2.844879 5.067393 0.896396 0.231520 0.377986 0.078552 0.955566 1 0 1.0
0 -10.589792 3.587059 4.655321 0.896396 0.231520 0.377986 0.078552 0.955566 1 0 1.0
Default
0 -11.335324 2.552533 5.067393 -0.249183 -0.386276 0.888087 0.078552 0.955566 1 0 1.0
0 -10.953594 2.698706 5.238080 -0.249185 -0.386275 0.888087 0.078552 0.955566 1 0 1.0
0 -11.291493 3.318362 5.412791 -0.249183 -0.386276 0.888087 0.078552 0.955566 1 0 1.0
Default
0 -11.787669 3.128367 5.190934 -0.249182 -0.386276 0.888088 0.078552 0.955566 1 0 1.0
0 -11.335324 2.552533 5.067393 -0.249183 -0.386276 0.888087 0.078552 0.955566 1 0 1.0
0 -11.291493 3.318362 5.412791 -0.249183 -0.386276 0.888087 0.078552 0.955566 1 0 1.0
Default
0 -10.795318 3.508356 4.119707 0.417144 -0.028651 -0.908389 0.078552 0.955566 1 0 1.0
0 -10.571862 2.844879 4.243247 0.417144 -0.028651 -0.908388 0.078552 0.955566 1 0 1.0
0 -10.953594 2.698707 4.072561 0.417144 -0.028651 -0.908389 0.078552 0.955566 1 0 1.0
Default
0 -11.291493 3.318364 3.897849 0.417144 -0.028651 -0.908389 0.078552 0.955566 1 0 1.0
0 -10.795318 3.508356 4.119707 0.417144 -0.028651 -0.908389 0.078552 0.955566 1 0 1.0
0 -10.953594 2.698707 4.072561 0.417144 -0.028651 -0.908389 0.078552 0.955566 1 0 1.0
Default
0 -10.953594 2.698706 5.238080 0.417144 -0.028651 0.908388 0.078552 0.955566 1 0 1.0
0 -10.571862 2.844879 5.067393 0.417144 -0.028651 0.908388 0.078552 0.955566 1 0 1.0
0 -10.795318 3.508356 5.190934 0.417144 -0.028651 0.908388 0.078552 0.955566 1 0 1.0
Default
0 -11.291493 3.318362 5.412791 0.417145 -0.028651 0.908388 0.078552 0.955566 1 0 1.0
0 -10.953594 2.698706 5.238080 0.417144 -0.028651 0.908388 0.078552 0.955566 1 0 1.0
0 -10.795318 3.508356 5.190934 0.417144 -0.028651 0.908388 0.078552 0.955566 1 0 1.0
Default
0 -11.723474 3.152947 4.189002 -0.913682 -0.132868 -0.384099 0.078552 0.955566 1 0 1.0
0 -11.902408 3.084431 4.655321 -0.918383 -0.134447 -0.372151 0.078552 0.955566 1 0 1.0
0 -12.974380 10.406894 4.655321 -0.913682 -0.132868 -0.384099 0.078552 0.955566 1 0 1.0
Default
0 -12.745632 10.401070 4.132246 -0.908827 -0.131267 -0.395982 0.078552 0.955566 1 0 1.0
0 -11.723474 3.152947 4.189002 -0.913682 -0.132868 -0.384099 0.078552 0.955566 1 0 1.0
0 -12.974380 10.406894 4.655321 -0.913682 -0.132868 -0.384099 0.078552 0.955566 1 0 1.0
Default
0 -10.859511 3.483775 4.189002 0.380464 0.036915 -0.924059 0.078552 0.955566 1 0 1.0
0 -11.291493 3.318364 3.995849 0.395061 0.039984 -0.917784 0.078552 0.955566 1 0 1.0
0 -12.193383 10.387011 3.915583 0.380464 0.036915 -0.924059 0.078552 0.955566 1 0 1.0
Default
0 -11.641136 10.372952 4.132248 0.365767 0.033836 -0.930091 0.078552 0.955566 1 0 1.0
0 -10.859511 3.483775 4.189002 0.380464 0.036915 -0.924059 0.078552 0.955566 1 0 1.0
0 -12.193383 10.387011 3.915583 0.380464 0.036915 -0.924059 0.078552 0.955566 1 0 1.0
Default
0 -12.193383 10.387011 5.395059 0.380465 0.036915 0.924058 0.078552 0.955566 1 0 1.0
0 -11.291493 3.318362 5.314791 0.395064 0.039984 0.917783 0.078552 0.955566 1 0 1.0
0 -10.859511 3.483775 5.121636 0.380465 0.036915 0.924058 0.078552 0.955566 1 0 1.0
Default
0 -11.641136 10.372952 5.178394 0.365767 0.033836 0.930091 0.078552 0.955566 1 0 1.0
0 -12.193383 10.387011 5.395059 0.380465 0.036915 0.924058 0.078552 0.955566 1 0 1.0
0 -10.859511 3.483775 5.121636 0.380465 0.036915 0.924058 0.078552 0.955566 1 0 1.0
Default
0 -12.974380 10.406894 4.655321 -0.913681 -0.132868 0.384101 0.078552 0.955566 1 0 1.0
0 -11.902408 3.084431 4.655321 -0.918382 -0.134447 0.372154 0.078552 0.955566 1 0 1.0
0 -11.723474 3.152948 5.121636 -0.913681 -0.132868 0.384101 0.078552 0.955566 1 0 1.0
Default
0 -12.745632 10.401070 5.178394 -0.908827 -0.131267 0.395983 0.078552 0.955566 1 0 1.0
0 -12.974380 10.406894 4.655321 -0.913681 -0.132868 0.384101 0.078552 0.955566 1 0 1.0
0 -11.723474 3.152948 5.121636 -0.913681 -0.132868 0.384101 0.078552 0.955566 1 0 1.0
Default
0 -11.291493 3.318364 3.995849 -0.376757 -0.059550 -0.924396 0.078552 0.955566 1 0 1.0
0 -11.723474 3.152947 4.189002 -0.387569 -0.061859 -0.919763 0.078552 0.955566 1 0 1.0
0 -12.745632 10.401070 4.132246 -0.376757 -0.059550 -0.924396 0.078552 0.955566 1 0 1.0
Default
0 -12.193383 10.387011 3.915583 -0.365890 -0.057232 -0.928897 0.078552 0.955566 1 0 1.0
0 -11.291493 3.318364 3.995849 -0.376757 -0.059550 -0.924396 0.078552 0.955566 1 0 1.0
0 -12.745632 10.401070 4.132246 -0.376757 -0.059550 -0.924396 0.078552 0.955566 1 0 1.0
Default
0 -10.680578 3.552296 4.655321 0.918059 0.099868 -0.383659 0.078552 0.955566 1 0 1.0
0 -10.859511 3.483775 4.189002 0.923689 0.101756 -0.369385 0.078552 0.955566 1 0 1.0
0 -11.641136 10.372952 4.132248 0.918059 0.099868 -0.383659 0.078552 0.955566 1 0 1.0
Default
0 -11.412383 10.367133 4.655321 0.912210 0.097957 -0.397842 0.078552 0.955566 1 0 1.0
0 -10.680578 3.552296 4.655321 0.918059 0.099868 -0.383659 0.078552 0.955566 1 0 1.0
0 -11.641136 10.372952 4.132248 0.918059 0.099868 -0.383659 0.078552 0.955566 1 0 1.0
Default
0 -11.641136 10.372952 5.178394 0.918058 0.099868 0.383660 0.078552 0.955566 1 0 1.0
0 -10.859511 3.483775 5.121636 0.923688 0.101755 0.369387 0.078552 0.955566 1 0 1.0
0 -10.680578 3.552296 4.655321 0.918058 0.099868 0.383660 0.078552 0.955566 1 0 1.0
Default
0 -11.412383 10.367133 4.655321 0.912210 0.097957 0.397842 0.078552 0.955566 1 0 1.0
0 -11.641136 10.372952 5.178394 0.918058 0.099868 0.383660 0.078552 0.955566 1 0 1.0
0 -10.680578 3.552296 4.655321 0.918058 0.099868 0.383660 0.078552 0.955566 1 0 1.0
Default
0 -10.699767 20.484891 4.902810 0.701808 -0.248954 0.667448 0.078552 0.955566 1 0 1.0
0 -11.088152 19.193459 4.829493 0.701809 -0.248954 0.667448 0.078552 0.955566 1 0 1.0
0 -10.928902 19.175434 4.655321 0.701808 -0.248954 0.667448 0.078552 0.955566 1 0 1.0
Default
0 -10.473480 20.459274 4.655319 0.701808 -0.248954 0.667449 0.078552 0.955566 1 0 1.0
0 -10.699767 20.484891 4.902810 0.701808 -0.248954 0.667448 0.078552 0.955566 1 0 1.0
0 -10.928902 19.175434 4.655321 0.701808 -0.248954 0.667448 0.078552 0.955566 1 0 1.0
Default
0 -11.792356 20.608562 4.407828 -0.738213 -0.003830 -0.674557 0.078552 0.955566 1 0 1.0
0 -11.857069 19.280499 4.481147 -0.738089 -0.001283 -0.674702 0.078552 0.955566 1 0 1.0
0 -12.016316 19.298528 4.655321 -0.738087 -0.001284 -0.674704 0.078552 0.955566 1 0 1.0
Default
0 -12.018638 20.634178 4.655319 -0.738274 -0.005104 -0.674482 0.078552 0.955566 1 0 1.0
0 -11.792356 20.608562 4.407828 -0.738213 -0.003830 -0.674557 0.078552 0.955566 1 0 1.0
0 -12.016316 19.298528 4.655321 -0.738087 -0.001284 -0.674704 0.078552 0.955566 1 0 1.0
Default
0 -11.088152 19.193459 4.481147 0.176309 -0.111802 -0.977965 0.078552 0.955566 1 0 1.0
0 -11.472609 19.236979 4.409003 0.170822 -0.113452 -0.978748 0.078552 0.955566 1 0 1.0
0 -11.384894 20.263574 4.305314 0.176309 -0.111802 -0.977965 0.078552 0.955566 1 0 1.0
Default
0 -10.699767 20.484891 4.407828 0.181790 -0.110148 -0.977149 0.078552 0.955566 1 0 1.0
0 -11.088152 19.193459 4.481147 0.176309 -0.111802 -0.977965 0.078552 0.955566 1 0 1.0
0 -11.384894 20.263574 4.305314 0.176309 -0.111802 -0.977965 0.078552 0.955566 1 0 1.0
Default
0 -12.016316 19.298528 4.655321 -0.738086 -0.001283 0.674706 0.078552 0.955566 1 0 1.0
0 -11.857069 19.280499 4.829493 -0.738085 -0.001283 0.674706 0.078552 0.955566 1 0 1.0
0 -11.792356 20.608562 4.902810 -0.738212 -0.003829 0.674558 0.078552 0.955566 1 0 1.0
Default
0 -12.018638 20.634178 4.655319 -0.738274 -0.005103 0.674482 0.078552 0.955566 1 0 1.0
0 -12.016316 19.298528 4.655321 -0.738086 -0.001283 0.674706 0.078552 0.955566 1 0 1.0
0 -11.792356 20.608562 4.902810 -0.738212 -0.003829 0.674558 0.078552 0.955566 1 0 1.0
Default
0 -10.928902 19.175434 4.655321 0.701810 -0.248956 -0.667446 0.078552 0.955566 1 0 1.0
0 -11.088152 19.193459 4.481147 0.701812 -0.248956 -0.667444 0.078552 0.955566 1 0 1.0
0 -10.699767 20.484891 4.407828 0.701810 -0.248956 -0.667446 0.078552 0.955566 1 0 1.0
Default
0 -10.473480 20.459274 4.655319 0.701807 -0.248956 -0.667448 0.078552 0.955566 1 0 1.0
0 -10.928902 19.175434 4.655321 0.701810 -0.248956 -0.667446 0.078552 0.955566 1 0 1.0
0 -10.699767 20.484891 4.407828 0.701810 -0.248956 -0.667446 0.078552 0.955566 1 0 1.0
Default
0 -11.335161 23.442715 4.655319 -0.371490 0.136832 0.918298 0.078552 0.955566 1 0 1.0
0 -12.029787 21.556850 4.655319 -0.372342 0.141263 0.917282 0.078552 0.955566 1 0 1.0
0 -11.673500 21.655036 4.784822 -0.372342 0.141263 0.917282 0.078552 0.955566 1 0 1.0
Default
0 -11.673500 21.655036 4.784822 -0.372342 0.141263 0.917282 0.078552 0.955566 1 0 1.0
0 -12.029787 21.556850 4.655319 -0.372342 0.141263 0.917282 0.078552 0.955566 1 0 1.0
0 -11.792356 20.608562 4.902810 -0.373186 0.145691 0.916246 0.078552 0.955566 1 0 1.0
Default
0 -11.384894 20.263574 4.305314 -0.881750 0.471717 0.000000 0.078552 0.955566 1 0 1.0
0 -11.384894 20.263574 5.087985 -0.881750 0.471717 0.000000 0.078552 0.955566 1 0 1.0
0 -10.968117 21.042627 4.781343 -0.881750 0.471717 0.000000 0.078552 0.955566 1 0 1.0
Default
0 -10.968117 21.042627 4.529295 -0.881750 0.471717 0.000000 0.078552 0.955566 1 0 1.0
0 -11.384894 20.263574 4.305314 -0.881750 0.471717 0.000000 0.078552 0.955566 1 0 1.0
0 -10.968117 21.042627 4.781343 -0.881750 0.471717 0.000000 0.078552 0.955566 1 0 1.0
Default
0 -11.673500 21.655036 4.784822 0.979160 0.203090 0.000000 0.078552 0.955566 1 0 1.0
0 -11.384894 20.263574 5.087985 0.979160 0.203090 0.000000 0.078552 0.955566 1 0 1.0
0 -11.384894 20.263574 4.305314 0.979160 0.203090 0.000000 0.078552 0.955566 1 0 1.0
Default
0 -11.673500 21.655036 4.525817 0.979160 0.203090 0.000000 0.078552 0.955566 1 0 1.0
0 -11.673500 21.655036 4.784822 0.979160 0.203090 0.000000 0.078552 0.955566 1 0 1.0
0 -11.384894 20.263574 4.305314 0.979160 0.203090 0.000000 0.078552 0.955566 1 0 1.0
Default
0 -11.673500 21.655036 4.525817 -0.372342 0.141263 -0.917282 0.078552 0.955566 1 0 1.0
0 -11.792356 20.608562 4.407828 -0.373186 0.145691 -0.916246 0.078552 0.955566 1 0 1.0
0 -12.029787 21.556850 4.655319 -0.372342 0.141263 -0.917282 0.078552 0.955566 1 0 1.0
Default
0 -11.335161 23.442715 4.655319 -0.371490 0.136832 -0.918298 0.078552 0.955566 1 0 1.0
0 -11.673500 21.655036 4.525817 -0.372342 0.141263 -0.917282 0.078552 0.955566 1 0 1.0
0 -12.029787 21.556850 4.655319 -0.372342 0.141263 -0.917282 0.078552 0.955566 1 0 1.0
Default
0 -3.349102 -5.072151 5.370889 -0.507845 0.230281 0.830099 0.078552 0.955566 1 0 1.0
0 -3.828801 -4.849433 5.014956 -0.506324 0.235301 0.829620 0.078552 0.955566 1 0 1.0
0 -4.007162 -5.339479 5.057021 -0.498210 0.252533 0.829466 0.078552 0.955566 1 0 1.0
Default
0 -3.650439 -4.359389 4.996754 -0.512551 0.219103 0.830232 0.078552 0.955566 1 0 1.0
0 -3.828801 -4.849433 5.014956 -0.506324 0.235301 0.829620 0.078552 0.955566 1 0 1.0
0 -3.349102 -5.072151 5.370889 -0.507845 0.230281 0.830099 0.078552 0.955566 1 0 1.0
Default
0 -3.010876 -4.142884 5.332545 -0.510845 0.220221 0.830987 0.078552 0.955566 1 0 1.0
0 -3.650439 -4.359389 4.996754 -0.512551 0.219103 0.830232 0.078552 0.955566 1 0 1.0
0 -3.349102 -5.072151 5.370889 -0.507845 0.230281 0.830099 0.078552 0.955566 1 0 1.0
Default
0 -2.639823 -5.068244 4.178345 -0.028647 0.250173 -0.967777 0.078552 0.955566 1 0 1.0
0 -3.828801 -4.849433 4.266149 -0.024249 0.256019 -0.966367 0.078552 0.955566 1 0 1.0
0 -3.650439 -4.359389 4.391501 -0.028647 0.250173 -0.967777 0.078552 0.955566 1 0 1.0
Default
0 -2.199474 -4.277240 4.362738 -0.033044 0.244312 -0.969133 0.078552 0.955566 1 0 1.0
0 -2.639823 -5.068244 4.178345 -0.028647 0.250173 -0.967777 0.078552 0.955566 1 0 1.0
0 -3.650439 -4.359389 4.391501 -0.028647 0.250173 -0.967777 0.078552 0.955566 1 0 1.0
Default
0 -5.914510 -7.912412 4.624574 0.225972 -0.274639 0.934617 0.078552 0.955566 1 0 1.0
0 -5.224436 -8.232930 4.367179 0.225045 -0.267803 0.936823 0.078552 0.955566 1 0 1.0
0 -5.046075 -7.742885 4.464419 0.225972 -0.274639 0.934617 0.078552 0.955566 1 0 1.0
Default
0 -5.746056 -7.485428 4.712478 0.226888 -0.281461 0.932363 0.078552 0.955566 1 0 1.0
0 -5.914510 -7.912412 4.624574 0.225972 -0.274639 0.934617 0.078552 0.955566 1 0 1.0
0 -5.046075 -7.742885 4.464419 0.225972 -0.274639 0.934617 0.078552 0.955566 1 0 1.0
Default
0 -6.013083 -8.089275 4.371418 -0.129290 -0.729599 0.671542 0.078552 0.955566 1 0 1.0
0 -5.298317 -8.435914 4.132423 -0.124652 -0.730796 0.671118 0.078552 0.955566 1 0 1.0
0 -5.224436 -8.232930 4.367179 -0.124652 -0.730796 0.671118 0.078552 0.955566 1 0 1.0
Default
0 -5.224436 -8.232930 4.367179 -0.124652 -0.730796 0.671118 0.078552 0.955566 1 0 1.0
0 -5.298317 -8.435914 4.132423 -0.124652 -0.730796 0.671118 0.078552 0.955566 1 0 1.0
0 -3.971245 -8.653491 4.132423 -0.120010 -0.731977 0.670677 0.078552 0.955566 1 0 1.0
Default
0 -6.751994 -7.732544 4.692840 -0.543150 -0.674485 -0.500058 0.078552 0.955566 1 0 1.0
0 -5.984028 -7.912411 4.101303 -0.525388 -0.684845 -0.504931 0.078552 0.955566 1 0 1.0
0 -6.013083 -8.089275 4.371418 -0.525388 -0.684845 -0.504931 0.078552 0.955566 1 0 1.0
Default
0 -6.013083 -8.089275 4.371418 -0.525388 -0.684845 -0.504931 0.078552 0.955566 1 0 1.0
0 -5.984028 -7.912411 4.101303 -0.525388 -0.684845 -0.504931 0.078552 0.955566 1 0 1.0
0 -5.298317 -8.435914 4.132423 -0.507391 -0.694899 -0.509578 0.078552 0.955566 1 0 1.0
Default
0 -6.640495 -7.920615 4.937367 0.229466 -0.828475 0.510857 0.078552 0.955566 1 0 1.0
0 -6.013083 -8.089275 4.371418 0.224042 -0.837722 0.498023 0.078552 0.955566 1 0 1.0
0 -5.914510 -7.912412 4.624574 0.229466 -0.828475 0.510857 0.078552 0.955566 1 0 1.0
Default
0 -6.542460 -7.732545 5.187598 0.234827 -0.818996 0.523547 0.078552 0.955566 1 0 1.0
0 -6.640495 -7.920615 4.937367 0.229466 -0.828475 0.510857 0.078552 0.955566 1 0 1.0
0 -5.914510 -7.912412 4.624574 0.229466 -0.828475 0.510857 0.078552 0.955566 1 0 1.0
Default
0 -5.577347 -6.881581 4.313527 -0.138408 0.826796 -0.545207 0.078552 0.955566 1 0 1.0
0 -5.675920 -7.058445 4.060369 -0.133688 0.836086 -0.532060 0.078552 0.955566 1 0 1.0
0 -6.784500 -6.824458 4.706605 -0.138408 0.826796 -0.545207 0.078552 0.955566 1 0 1.0
Default
0 -6.686467 -6.636385 4.956838 -0.143090 0.817274 -0.558201 0.078552 0.955566 1 0 1.0
0 -5.577347 -6.881581 4.313527 -0.138408 0.826796 -0.545207 0.078552 0.955566 1 0 1.0
0 -6.784500 -6.824458 4.706605 -0.138408 0.826796 -0.545207 0.078552 0.955566 1 0 1.0
Default
0 -3.353527 -7.551702 3.616640 -0.131444 0.238760 -0.962141 0.078552 0.955566 1 0 1.0
0 -5.046075 -7.742884 3.800427 -0.131413 0.242253 -0.961272 0.078552 0.955566 1 0 1.0
0 -4.867713 -7.252841 3.897667 -0.133594 0.239450 -0.961674 0.078552 0.955566 1 0 1.0
Default
0 -5.675920 -7.058445 4.060369 -0.131397 0.243998 -0.960833 0.078552 0.955566 1 0 1.0
0 -4.867713 -7.252841 3.897667 -0.133594 0.239450 -0.961674 0.078552 0.955566 1 0 1.0
0 -5.046075 -7.742884 3.800427 -0.131413 0.242253 -0.961272 0.078552 0.955566 1 0 1.0
Default
0 -5.844373 -7.485428 3.972465 -0.127046 0.247850 -0.960432 0.078552 0.955566 1 0 1.0
0 -5.675920 -7.058445 4.060369 -0.131397 0.243998 -0.960833 0.078552 0.955566 1 0 1.0
0 -5.046075 -7.742884 3.800427 -0.131413 0.242253 -0.961272 0.078552 0.955566 1 0 1.0
Default
0 -18.929506 -4.835799 0.896040 0.799172 0.417434 -0.432521 0.078552 0.955566 1 0 1.0
0 -19.128925 -4.266214 1.093640 0.791279 0.428397 -0.436297 0.078552 0.955566 1 0 1.0
0 -18.715294 -4.400579 1.711880 0.799172 0.417434 -0.432521 0.078552 0.955566 1 0 1.0
Default
0 -18.557181 -4.899286 1.536715 0.806907 0.406389 -0.428660 0.078552 0.955566 1 0 1.0
0 -18.929506 -4.835799 0.896040 0.799172 0.417434 -0.432521 0.078552 0.955566 1 0 1.0
0 -18.715294 -4.400579 1.711880 0.799172 0.417434 -0.432521 0.078552 0.955566 1 0 1.0
Default
0 -14.749589 -4.970216 6.350592 0.235330 0.899688 -0.367669 0.078552 0.955566 1 0 1.0
0 -14.813340 -5.090813 6.014615 0.235297 0.899726 -0.367599 0.078552 0.955566 1 0 1.0
0 -15.384833 -4.932758 6.035657 0.235330 0.899688 -0.367669 0.078552 0.955566 1 0 1.0
Default
0 -15.444634 -4.777072 6.378259 0.235363 0.899651 -0.367739 0.078552 0.955566 1 0 1.0
0 -14.749589 -4.970216 6.350592 0.235330 0.899688 -0.367669 0.078552 0.955566 1 0 1.0
0 -15.384833 -4.932758 6.035657 0.235330 0.899688 -0.367669 0.078552 0.955566 1 0 1.0
Default
0 -14.729514 -5.116527 6.681767 0.258454 0.889324 0.377231 0.078552 0.955566 1 0 1.0
0 -14.749589 -4.970216 6.350592 0.258454 0.889324 0.377231 0.078552 0.955566 1 0 1.0
0 -15.444634 -4.777072 6.378259 0.261909 0.888548 0.376679 0.078552 0.955566 1 0 1.0
Default
0 -14.749589 -4.970216 6.350592 0.258454 0.889324 0.377231 0.078552 0.955566 1 0 1.0
0 -14.729514 -5.116527 6.681767 0.258454 0.889324 0.377231 0.078552 0.955566 1 0 1.0
0 -6.684586 -6.688823 4.956040 0.254996 0.890090 0.377779 0.078552 0.955566 1 0 1.0
Default
0 -15.463292 -5.803414 6.018598 -0.060750 -0.907866 -0.414836 0.078552 0.955566 1 0 1.0
0 -14.935480 -5.837140 6.001194 -0.071571 -0.913962 -0.399438 0.078552 0.955566 1 0 1.0
0 -14.915405 -5.983451 6.332373 -0.060750 -0.907866 -0.414836 0.078552 0.955566 1 0 1.0
Default
0 -15.551138 -5.959099 6.355103 -0.049905 -0.901415 -0.430071 0.078552 0.955566 1 0 1.0
0 -15.463292 -5.803414 6.018598 -0.060750 -0.907866 -0.414836 0.078552 0.955566 1 0 1.0
0 -14.915405 -5.983451 6.332373 -0.060750 -0.907866 -0.414836 0.078552 0.955566 1 0 1.0
Default
0 -15.444634 -4.777072 6.378259 -0.973046 0.091802 -0.211551 0.078552 0.955566 1 0 1.0
0 -15.451110 -4.848927 6.376853 -0.973043 0.091835 -0.211552 0.078552 0.955566 1 0 1.0
0 -15.503192 -4.941239 6.576380 -0.973047 0.091813 -0.211540 0.078552 0.955566 1 0 1.0
Default
0 -15.415647 -4.941239 6.173712 -0.973043 0.091810 -0.211560 0.078552 0.955566 1 0 1.0
0 -15.451110 -4.848927 6.376853 -0.973043 0.091835 -0.211552 0.078552 0.955566 1 0 1.0
0 -15.444634 -4.777072 6.378259 -0.973046 0.091802 -0.211551 0.078552 0.955566 1 0 1.0
Default
0 -15.384833 -4.932758 6.035657 -0.973047 0.091809 -0.211545 0.078552 0.955566 1 0 1.0
0 -15.415647 -4.941239 6.173712 -0.973043 0.091810 -0.211560 0.078552 0.955566 1 0 1.0
0 -15.444634 -4.777072 6.378259 -0.973046 0.091802 -0.211551 0.078552 0.955566 1 0 1.0
Default
0 -15.419387 -5.368085 6.005615 -0.973045 0.091831 -0.211545 0.078552 0.955566 1 0 1.0
0 -15.415647 -4.941239 6.173712 -0.973043 0.091810 -0.211560 0.078552 0.955566 1 0 1.0
0 -15.384833 -4.932758 6.035657 -0.973047 0.091809 -0.211545 0.078552 0.955566 1 0 1.0
Default
0 -15.388646 -5.368084 5.864225 -0.973043 0.091831 -0.211552 0.078552 0.955566 1 0 1.0
0 -15.419387 -5.368085 6.005615 -0.973045 0.091831 -0.211545 0.078552 0.955566 1 0 1.0
0 -15.384833 -4.932758 6.035657 -0.973047 0.091809 -0.211545 0.078552 0.955566 1 0 1.0
Default
0 -15.388646 -5.368084 5.864225 -0.973043 0.091831 -0.211552 0.078552 0.955566 1 0 1.0
0 -15.463292 -5.803414 6.018598 -0.973046 0.091826 -0.211542 0.078552 0.955566 1 0 1.0
0 -15.419387 -5.368085 6.005615 -0.973045 0.091831 -0.211545 0.078552 0.955566 1 0 1.0
Default
0 -15.463292 -5.803414 6.018598 -0.973046 0.091826 -0.211542 0.078552 0.955566 1 0 1.0
0 -15.492577 -5.794932 6.156985 -0.973047 0.091817 -0.211541 0.078552 0.955566 1 0 1.0
0 -15.419387 -5.368085 6.005615 -0.973045 0.091831 -0.211545 0.078552 0.955566 1 0 1.0
Default
0 -15.463292 -5.803414 6.018598 -0.973046 0.091826 -0.211542 0.078552 0.955566 1 0 1.0
0 -15.551138 -5.959099 6.355103 -0.973048 0.091807 -0.211540 0.078552 0.955566 1 0 1.0
0 -15.492577 -5.794932 6.156985 -0.973047 0.091817 -0.211541 0.078552 0.955566 1 0 1.0
Default
0 -15.551138 -5.959099 6.355103 -0.973048 0.091807 -0.211540 0.078552 0.955566 1 0 1.0
0 -15.544665 -5.887244 6.356512 -0.973048 0.091803 -0.211544 0.078552 0.955566 1 0 1.0
0 -15.492577 -5.794932 6.156985 -0.973047 0.091817 -0.211541 0.078552 0.955566 1 0 1.0
Default
0 -15.580119 -5.794934 6.559655 -0.973049 0.091806 -0.211537 0.078552 0.955566 1 0 1.0
0 -15.544665 -5.887244 6.356512 -0.973048 0.091803 -0.211544 0.078552 0.955566 1 0 1.0
0 -15.551138 -5.959099 6.355103 -0.973048 0.091807 -0.211540 0.078552 0.955566 1 0 1.0
Default
0 -15.610932 -5.803415 6.697712 -0.973048 0.091810 -0.211540 0.078552 0.955566 1 0 1.0
0 -15.580119 -5.794934 6.559655 -0.973049 0.091806 -0.211537 0.078552 0.955566 1 0 1.0
0 -15.551138 -5.959099 6.355103 -0.973048 0.091807 -0.211540 0.078552 0.955566 1 0 1.0
Default
0 -15.576385 -5.368085 6.727746 -0.973045 0.091822 -0.211546 0.078552 0.955566 1 0 1.0
0 -15.580119 -5.794934 6.559655 -0.973049 0.091806 -0.211537 0.078552 0.955566 1 0 1.0
0 -15.610932 -5.803415 6.697712 -0.973048 0.091810 -0.211540 0.078552 0.955566 1 0 1.0
Default
0 -15.607125 -5.368085 6.869142 -0.973045 0.091822 -0.211545 0.078552 0.955566 1 0 1.0
0 -15.576385 -5.368085 6.727746 -0.973045 0.091822 -0.211546 0.078552 0.955566 1 0 1.0
0 -15.610932 -5.803415 6.697712 -0.973048 0.091810 -0.211540 0.078552 0.955566 1 0 1.0
Default
0 -19.416483 -4.143034 1.281932 -0.175995 0.914253 0.364922 0.078552 0.955566 1 0 1.0
0 -19.719028 -4.266214 1.445068 -0.175560 0.914371 0.364834 0.078552 0.955566 1 0 1.0
0 -19.193783 -4.400579 2.034574 -0.175995 0.914253 0.364922 0.078552 0.955566 1 0 1.0
Default
0 -18.947689 -4.292727 1.883420 -0.176429 0.914134 0.365009 0.078552 0.955566 1 0 1.0
0 -19.416483 -4.143034 1.281932 -0.175995 0.914253 0.364922 0.078552 0.955566 1 0 1.0
0 -19.193783 -4.400579 2.034574 -0.175995 0.914253 0.364922 0.078552 0.955566 1 0 1.0
Default
0 -19.415277 -4.899286 2.115434 -0.639022 0.393342 0.661008 0.078552 0.955566 1 0 1.0
0 -19.193783 -4.400579 2.034574 -0.640832 0.391670 0.660249 0.078552 0.955566 1 0 1.0
0 -19.719028 -4.266214 1.445068 -0.639022 0.393342 0.661008 0.078552 0.955566 1 0 1.0
Default
0 -19.987761 -4.835799 1.526295 -0.637209 0.395011 0.661763 0.078552 0.955566 1 0 1.0
0 -19.415277 -4.899286 2.115434 -0.639022 0.393342 0.661008 0.078552 0.955566 1 0 1.0
0 -19.719028 -4.266214 1.445068 -0.639022 0.393342 0.661008 0.078552 0.955566 1 0 1.0
Default
0 -19.500778 -5.528567 1.140403 -0.257308 -0.938185 0.231521 0.078552 0.955566 1 0 1.0
0 -19.024763 -5.505847 1.768730 -0.262674 -0.936365 0.232858 0.078552 0.955566 1 0 1.0
0 -19.257153 -5.397994 1.940280 -0.257308 -0.938185 0.231521 0.078552 0.955566 1 0 1.0
Default
0 -19.788330 -5.405386 1.328708 -0.251933 -0.939973 0.230175 0.078552 0.955566 1 0 1.0
0 -19.500778 -5.528567 1.140403 -0.257308 -0.938185 0.231521 0.078552 0.955566 1 0 1.0
0 -19.257153 -5.397994 1.940280 -0.257308 -0.938185 0.231521 0.078552 0.955566 1 0 1.0
Default
0 -18.929506 -4.835799 0.896040 0.762280 -0.423581 -0.489396 0.078552 0.955566 1 0 1.0
0 -18.557181 -4.899286 1.536715 0.766279 -0.419261 -0.486865 0.078552 0.955566 1 0 1.0
0 -18.778669 -5.397994 1.617573 0.762280 -0.423581 -0.489396 0.078552 0.955566 1 0 1.0
Default
0 -19.198233 -5.405386 0.977264 0.758251 -0.427884 -0.491906 0.078552 0.955566 1 0 1.0
0 -18.929506 -4.835799 0.896040 0.762280 -0.423581 -0.489396 0.078552 0.955566 1 0 1.0
0 -18.778669 -5.397994 1.617573 0.762280 -0.423581 -0.489396 0.078552 0.955566 1 0 1.0
Default
0 -19.788330 -5.405386 1.328708 -0.673788 -0.433526 0.598386 0.078552 0.955566 1 0 1.0
0 -19.257153 -5.397994 1.940280 -0.680750 -0.425308 0.596400 0.078552 0.955566 1 0 1.0
0 -19.415277 -4.899286 2.115434 -0.673788 -0.433526 0.598386 0.078552 0.955566 1 0 1.0
Default
0 -19.987761 -4.835799 1.526295 -0.666745 -0.441692 0.600299 0.078552 0.955566 1 0 1.0
0 -19.788330 -5.405386 1.328708 -0.673788 -0.433526 0.598386 0.078552 0.955566 1 0 1.0
0 -19.415277 -4.899286 2.115434 -0.673788 -0.433526 0.598386 0.078552 0.955566 1 0 1.0
Default
0 -19.198233 -5.405386 0.977264 0.291278 -0.938967 -0.183025 0.078552 0.955566 1 0 1.0
0 -18.778669 -5.397994 1.617573 0.297481 -0.936808 -0.184110 0.078552 0.955566 1 0 1.0
0 -19.024763 -5.505847 1.768730 0.291278 -0.938967 -0.183025 0.078552 0.955566 1 0 1.0
Default
0 -19.500778 -5.528567 1.140403 0.285062 -0.941085 -0.181931 0.078552 0.955566 1 0 1.0
0 -19.198233 -5.405386 0.977264 0.291278 -0.938967 -0.183025 0.078552 0.955566 1 0 1.0
0 -19.024763 -5.505847 1.768730 0.291278 -0.938967 -0.183025 0.078552 0.955566 1 0 1.0
Default
0 -19.530232 -7.977519 1.153160 0.279959 0.959150 -0.040673 0.078552 0.955566 1 0 1.0
0 -19.785304 -7.901305 1.313394 0.265315 0.963492 -0.035932 0.078552 0.955566 1 0 1.0
0 -19.287591 -8.015096 1.937164 0.279959 0.959150 -0.040673 0.078552 0.955566 1 0 1.0
Default
0 -19.097942 -8.080228 1.798074 0.294531 0.954563 -0.045402 0.078552 0.955566 1 0 1.0
0 -19.530232 -7.977519 1.153160 0.279959 0.959150 -0.040673 0.078552 0.955566 1 0 1.0
0 -19.287591 -8.015096 1.937164 0.279959 0.959150 -0.040673 0.078552 0.955566 1 0 1.0
Default
0 -19.072051 -4.835799 0.980932 -0.508096 0.118069 -0.853169 0.078552 0.955566 1 0 1.0
0 -19.260104 -4.298671 1.167274 -0.508089 0.118057 -0.853175 0.078552 0.955566 1 0 1.0
0 -19.128925 -4.266214 1.093640 -0.508105 0.118060 -0.853165 0.078552 0.955566 1 0 1.0
Default
0 -18.929506 -4.835799 0.896040 -0.508096 0.118072 -0.853169 0.078552 0.955566 1 0 1.0
0 -19.072051 -4.835799 0.980932 -0.508096 0.118069 -0.853169 0.078552 0.955566 1 0 1.0
0 -19.128925 -4.266214 1.093640 -0.508105 0.118060 -0.853165 0.078552 0.955566 1 0 1.0
Default
0 -18.929506 -4.835799 0.896040 -0.508096 0.118072 -0.853169 0.078552 0.955566 1 0 1.0
0 -19.198233 -5.405386 0.977264 -0.508089 0.118030 -0.853179 0.078552 0.955566 1 0 1.0
0 -19.072051 -4.835799 0.980932 -0.508096 0.118069 -0.853169 0.078552 0.955566 1 0 1.0
Default
0 -19.198233 -5.405386 0.977264 -0.508089 0.118030 -0.853179 0.078552 0.955566 1 0 1.0
0 -19.325468 -5.372928 1.057525 -0.508112 0.118044 -0.853163 0.078552 0.955566 1 0 1.0
0 -19.072051 -4.835799 0.980932 -0.508096 0.118069 -0.853169 0.078552 0.955566 1 0 1.0
Default
0 -19.198233 -5.405386 0.977264 -0.508089 0.118030 -0.853179 0.078552 0.955566 1 0 1.0
0 -19.500778 -5.528567 1.140403 -0.508118 0.118078 -0.853155 0.078552 0.955566 1 0 1.0
0 -19.325468 -5.372928 1.057525 -0.508112 0.118044 -0.853163 0.078552 0.955566 1 0 1.0
Default
0 -19.500778 -5.528567 1.140403 -0.508118 0.118078 -0.853155 0.078552 0.955566 1 0 1.0
0 -19.495518 -5.442166 1.149231 -0.508142 0.118097 -0.853138 0.078552 0.955566 1 0 1.0
0 -19.325468 -5.372928 1.057525 -0.508112 0.118044 -0.853163 0.078552 0.955566 1 0 1.0
Default
0 -19.657146 -5.372929 1.255077 -0.508099 0.118100 -0.853164 0.078552 0.955566 1 0 1.0
0 -19.495518 -5.442166 1.149231 -0.508142 0.118097 -0.853138 0.078552 0.955566 1 0 1.0
0 -19.500778 -5.528567 1.140403 -0.508118 0.118078 -0.853155 0.078552 0.955566 1 0 1.0
Default
0 -19.845208 -4.835799 1.441403 -0.508083 0.118058 -0.853179 0.078552 0.955566 1 0 1.0
0 -19.657146 -5.372929 1.255077 -0.508099 0.118100 -0.853164 0.078552 0.955566 1 0 1.0
0 -19.788330 -5.405386 1.328708 -0.508084 0.118091 -0.853174 0.078552 0.955566 1 0 1.0
Default
0 -19.788330 -5.405386 1.328708 -0.508084 0.118091 -0.853174 0.078552 0.955566 1 0 1.0
0 -19.657146 -5.372929 1.255077 -0.508099 0.118100 -0.853164 0.078552 0.955566 1 0 1.0
0 -19.500778 -5.528567 1.140403 -0.508118 0.118078 -0.853155 0.078552 0.955566 1 0 1.0
Default
0 -19.719028 -4.266214 1.445068 -0.508091 0.118043 -0.853176 0.078552 0.955566 1 0 1.0
0 -19.591795 -4.298672 1.364805 -0.508108 0.118056 -0.853164 0.078552 0.955566 1 0 1.0
0 -19.845208 -4.835799 1.441403 -0.508083 0.118058 -0.853179 0.078552 0.955566 1 0 1.0
Default
0 -19.719028 -4.266214 1.445068 -0.508091 0.118043 -0.853176 0.078552 0.955566 1 0 1.0
0 -19.416483 -4.143034 1.281932 -0.508095 0.118052 -0.853172 0.078552 0.955566 1 0 1.0
0 -19.591795 -4.298672 1.364805 -0.508108 0.118056 -0.853164 0.078552 0.955566 1 0 1.0
Default
0 -19.416483 -4.143034 1.281932 -0.508095 0.118052 -0.853172 0.078552 0.955566 1 0 1.0
0 -19.421742 -4.229435 1.273106 -0.508087 0.118082 -0.853173 0.078552 0.955566 1 0 1.0
0 -19.591795 -4.298672 1.364805 -0.508108 0.118056 -0.853164 0.078552 0.955566 1 0 1.0
Default
0 -19.260104 -4.298671 1.167274 -0.508089 0.118057 -0.853175 0.078552 0.955566 1 0 1.0
0 -19.421742 -4.229435 1.273106 -0.508087 0.118082 -0.853173 0.078552 0.955566 1 0 1.0
0 -19.416483 -4.143034 1.281932 -0.508095 0.118052 -0.853172 0.078552 0.955566 1 0 1.0
Default
0 -19.128925 -4.266214 1.093640 -0.508105 0.118060 -0.853165 0.078552 0.955566 1 0 1.0
0 -19.260104 -4.298671 1.167274 -0.508089 0.118057 -0.853175 0.078552 0.955566 1 0 1.0
0 -19.416483 -4.143034 1.281932 -0.508095 0.118052 -0.853172 0.078552 0.955566 1 0 1.0
Default
0 -23.747068 -4.347085 -6.442509 0.073842 -0.950572 -0.301596 0.078552 0.955566 1 0 1.0
0 -23.894171 -4.387146 -6.358092 0.082041 -0.948170 -0.306992 0.078552 0.955566 1 0 1.0
0 -24.792149 -3.976674 -7.865846 0.073842 -0.950572 -0.301596 0.078552 0.955566 1 0 1.0
Default
0 -24.716648 -3.957962 -7.909317 0.065635 -0.952877 -0.296171 0.078552 0.955566 1 0 1.0
0 -23.747068 -4.347085 -6.442509 0.073842 -0.950572 -0.301596 0.078552 0.955566 1 0 1.0
0 -24.792149 -3.976674 -7.865846 0.073842 -0.950572 -0.301596 0.078552 0.955566 1 0 1.0
Default
0 -24.792149 -3.976674 -7.865846 -0.300359 -0.950571 -0.078731 0.078552 0.955566 1 0 1.0
0 -23.894171 -4.387146 -6.358092 -0.309019 -0.948166 -0.074086 0.078552 0.955566 1 0 1.0
0 -24.038464 -4.347084 -6.268951 -0.300359 -0.950571 -0.078731 0.078552 0.955566 1 0 1.0
Default
0 -24.866333 -3.957963 -7.820173 -0.291669 -0.952879 -0.083367 0.078552 0.955566 1 0 1.0
0 -24.792149 -3.976674 -7.865846 -0.300359 -0.950571 -0.078731 0.078552 0.955566 1 0 1.0
0 -24.038464 -4.347084 -6.268951 -0.300359 -0.950571 -0.078731 0.078552 0.955566 1 0 1.0
Default
0 -25.992837 -3.592604 -9.881884 0.666456 0.624432 -0.407334 0.078552 0.955566 1 0 1.0
0 -24.706439 -3.667637 -7.892178 0.664560 0.624554 -0.410234 0.078552 0.955566 1 0 1.0
0 -24.611928 -3.812799 -7.960075 0.664560 0.624554 -0.410234 0.078552 0.955566 1 0 1.0
Default
0 -24.706439 -3.667637 -7.892178 0.664560 0.624554 -0.410234 0.078552 0.955566 1 0 1.0
0 -23.725214 -3.725516 -6.405813 0.662657 0.624668 -0.413129 0.078552 0.955566 1 0 1.0
0 -24.611928 -3.812799 -7.960075 0.664560 0.624554 -0.410234 0.078552 0.955566 1 0 1.0
Default
0 -25.992837 -3.592604 -9.881884 -0.675611 0.624434 0.391961 0.078552 0.955566 1 0 1.0
0 -24.960843 -3.812800 -7.752274 -0.677257 0.624555 0.388913 0.078552 0.955566 1 0 1.0
0 -24.856125 -3.667637 -7.803035 -0.677257 0.624555 0.388913 0.078552 0.955566 1 0 1.0
Default
0 -24.856125 -3.667637 -7.803035 -0.677257 0.624555 0.388913 0.078552 0.955566 1 0 1.0
0 -24.960843 -3.812800 -7.752274 -0.677257 0.624555 0.388913 0.078552 0.955566 1 0 1.0
0 -24.016613 -3.725515 -6.232268 -0.678896 0.624670 0.385860 0.078552 0.955566 1 0 1.0
Default
0 -25.992837 -3.592604 -9.881884 0.192585 0.977358 -0.087655 0.078552 0.955566 1 0 1.0
0 -24.780620 -3.648922 -7.846494 0.191758 0.977397 -0.089013 0.078552 0.955566 1 0 1.0
0 -24.706439 -3.667637 -7.892178 0.197348 0.975950 -0.092598 0.078552 0.955566 1 0 1.0
Default
0 -24.780620 -3.648922 -7.846494 0.191758 0.977397 -0.089013 0.078552 0.955566 1 0 1.0
0 -23.869504 -3.685455 -6.316674 0.210160 0.974028 -0.084279 0.078552 0.955566 1 0 1.0
0 -24.706439 -3.667637 -7.892178 0.197348 0.975950 -0.092598 0.078552 0.955566 1 0 1.0
Default
0 -23.869504 -3.685455 -6.316674 0.210160 0.974028 -0.084279 0.078552 0.955566 1 0 1.0
0 -23.725214 -3.725516 -6.405813 0.219744 0.972171 -0.081219 0.078552 0.955566 1 0 1.0
0 -24.706439 -3.667637 -7.892178 0.197348 0.975950 -0.092598 0.078552 0.955566 1 0 1.0
Default
0 -23.725214 -3.725516 -6.405813 0.219744 0.972171 -0.081219 0.078552 0.955566 1 0 1.0
0 -23.869504 -3.685455 -6.316674 0.210160 0.974028 -0.084279 0.078552 0.955566 1 0 1.0
0 -19.260104 -4.298671 1.167274 0.230884 0.970963 -0.062644 0.078552 0.955566 1 0 1.0
Default
0 -5.997261 -10.004821 4.624574 0.255837 -0.247057 0.934618 0.078552 0.955566 1 0 1.0
0 -5.275117 -10.244495 4.367179 0.254135 -0.240372 0.936823 0.078552 0.955566 1 0 1.0
0 -5.153843 -9.737297 4.464419 0.255837 -0.247057 0.934618 0.078552 0.955566 1 0 1.0
Default
0 -5.878634 -9.561403 4.712478 0.257526 -0.253730 0.932363 0.078552 0.955566 1 0 1.0
0 -5.997261 -10.004821 4.624574 0.255837 -0.247057 0.934618 0.078552 0.955566 1 0 1.0
0 -5.153843 -9.737297 4.464419 0.255837 -0.247057 0.934618 0.078552 0.955566 1 0 1.0
Default
0 -5.857681 -9.129205 4.060369 -0.158383 0.227409 -0.960833 0.078552 0.955566 1 0 1.0
0 -5.032570 -9.230100 3.897667 -0.162260 0.223078 -0.961201 0.078552 0.955566 1 0 1.0
0 -5.153843 -9.737297 3.800427 -0.158383 0.227409 -0.960833 0.078552 0.955566 1 0 1.0
Default
0 -5.976307 -9.572623 3.972465 -0.154500 0.231732 -0.960432 0.078552 0.955566 1 0 1.0
0 -5.857681 -9.129205 4.060369 -0.158383 0.227409 -0.960833 0.078552 0.955566 1 0 1.0
0 -5.153843 -9.737297 3.800427 -0.158383 0.227409 -0.960833 0.078552 0.955566 1 0 1.0
Default
0 -6.849798 -9.921699 4.692840 -0.462630 -0.732063 -0.500056 0.078552 0.955566 1 0 1.0
0 -6.066324 -10.012753 4.101303 -0.443802 -0.740329 -0.504929 0.078552 0.955566 1 0 1.0
0 -6.075004 -10.191777 4.371418 -0.443802 -0.740329 -0.504929 0.078552 0.955566 1 0 1.0
Default
0 -6.075004 -10.191777 4.371418 -0.443802 -0.740329 -0.504929 0.078552 0.955566 1 0 1.0
0 -6.066324 -10.012753 4.101303 -0.443802 -0.740329 -0.504929 0.078552 0.955566 1 0 1.0
0 -5.325350 -10.454584 4.132423 -0.424775 -0.748263 -0.509576 0.078552 0.955566 1 0 1.0
Default
0 -6.717565 -10.095818 4.937367 0.322511 -0.796876 0.510857 0.078552 0.955566 1 0 1.0
0 -6.075004 -10.191777 4.371418 0.318177 -0.806682 0.498024 0.078552 0.955566 1 0 1.0
0 -5.997261 -10.004821 4.624574 0.322511 -0.796876 0.510857 0.078552 0.955566 1 0 1.0
Default
0 -6.641633 -9.897790 5.187598 0.326755 -0.786848 0.523547 0.078552 0.955566 1 0 1.0
0 -6.717565 -10.095818 4.937367 0.322511 -0.796876 0.510857 0.078552 0.955566 1 0 1.0
0 -5.997261 -10.004821 4.624574 0.322511 -0.796876 0.510857 0.078552 0.955566 1 0 1.0
Default
0 -5.779937 -8.942248 4.313527 -0.231857 0.805600 -0.545208 0.078552 0.955566 1 0 1.0
0 -5.857681 -9.129205 4.060369 -0.228228 0.815367 -0.532061 0.078552 0.955566 1 0 1.0
0 -6.985721 -9.023256 4.706605 -0.231857 0.805600 -0.545208 0.078552 0.955566 1 0 1.0
Default
0 -6.909791 -8.825224 4.956838 -0.235421 0.795606 -0.558201 0.078552 0.955566 1 0 1.0
0 -5.779937 -8.942248 4.313527 -0.231857 0.805600 -0.545208 0.078552 0.955566 1 0 1.0
0 -6.985721 -9.023256 4.706605 -0.231857 0.805600 -0.545208 0.078552 0.955566 1 0 1.0
Default
0 -19.306322 -8.439694 0.985005 0.758673 0.501300 -0.416069 0.078552 0.955566 1 0 1.0
0 -19.530232 -7.977519 1.153160 0.747786 0.514821 -0.419256 0.078552 0.955566 1 0 1.0
0 -19.097942 -8.080228 1.798074 0.758673 0.501300 -0.416069 0.078552 0.955566 1 0 1.0
Default
0 -18.930909 -8.462943 1.657268 0.769324 0.487623 -0.412752 0.078552 0.955566 1 0 1.0
0 -19.306322 -8.439694 0.985005 0.758673 0.501300 -0.416069 0.078552 0.955566 1 0 1.0
0 -19.097942 -8.080228 1.798074 0.758673 0.501300 -0.416069 0.078552 0.955566 1 0 1.0
Default
0 -15.810142 -9.207401 6.361140 0.055828 -0.917899 0.392868 0.078552 0.955566 1 0 1.0
0 -15.081342 -9.156097 6.364721 0.063073 -0.922543 0.380705 0.078552 0.955566 1 0 1.0
0 -15.073238 -9.007380 6.723756 0.055828 -0.917899 0.392868 0.078552 0.955566 1 0 1.0
Default
0 -15.892863 -9.048921 6.728398 0.048570 -0.913051 0.404943 0.078552 0.955566 1 0 1.0
0 -15.810142 -9.207401 6.361140 0.055828 -0.917899 0.392868 0.078552 0.955566 1 0 1.0
0 -15.073238 -9.007380 6.723756 0.055828 -0.917899 0.392868 0.078552 0.955566 1 0 1.0
Default
0 -15.019317 -8.057156 6.352614 0.124035 0.918237 -0.376106 0.078552 0.955566 1 0 1.0
0 -15.027419 -8.205876 5.993580 0.126858 0.915397 -0.382041 0.078552 0.955566 1 0 1.0
0 -15.758587 -8.094061 6.018710 0.124035 0.918237 -0.376106 0.078552 0.955566 1 0 1.0
Default
0 -15.841315 -7.935579 6.385962 0.121207 0.921030 -0.370152 0.078552 0.955566 1 0 1.0
0 -15.019317 -8.057156 6.352614 0.124035 0.918237 -0.376106 0.078552 0.955566 1 0 1.0
0 -15.758587 -8.094061 6.018710 0.124035 0.918237 -0.376106 0.078552 0.955566 1 0 1.0
Default
0 -15.027555 -8.197921 6.714837 0.152874 0.919956 0.360984 0.078552 0.955566 1 0 1.0
0 -15.019317 -8.057156 6.352614 0.152874 0.919956 0.360984 0.078552 0.955566 1 0 1.0
0 -15.841315 -7.935579 6.385962 0.150760 0.920275 0.361060 0.078552 0.955566 1 0 1.0
Default
0 -15.019317 -8.057156 6.352614 0.152874 0.919956 0.360984 0.078552 0.955566 1 0 1.0
0 -15.027555 -8.197921 6.714837 0.152874 0.919956 0.360984 0.078552 0.955566 1 0 1.0
0 -6.901938 -8.877105 4.956040 0.154987 0.919633 0.360907 0.078552 0.955566 1 0 1.0
Default
0 -15.892863 -9.048921 6.728398 0.019432 -0.375431 0.926646 0.078552 0.955566 1 0 1.0
0 -15.073238 -9.007380 6.723756 0.024689 -0.383983 0.923010 0.078552 0.955566 1 0 1.0
0 -15.050426 -8.600742 6.892312 0.019432 -0.375431 0.926646 0.078552 0.955566 1 0 1.0
Default
0 -15.942061 -8.584854 6.912163 0.014173 -0.366837 0.930177 0.078552 0.955566 1 0 1.0
0 -15.892863 -9.048921 6.728398 0.019432 -0.375431 0.926646 0.078552 0.955566 1 0 1.0
0 -15.050426 -8.600742 6.892312 0.019432 -0.375431 0.926646 0.078552 0.955566 1 0 1.0
Default
0 -15.027419 -8.205876 5.993580 0.021167 0.376180 -0.926305 0.078552 0.955566 1 0 1.0
0 -15.050233 -8.612511 5.825026 0.017616 0.382014 -0.923989 0.078552 0.955566 1 0 1.0
0 -15.709393 -8.558126 5.834945 0.021167 0.376180 -0.926305 0.078552 0.955566 1 0 1.0
Default
0 -15.758587 -8.094061 6.018710 0.024718 0.370327 -0.928573 0.078552 0.955566 1 0 1.0
0 -15.027419 -8.205876 5.993580 0.021167 0.376180 -0.926305 0.078552 0.955566 1 0 1.0
0 -15.709393 -8.558126 5.834945 0.021167 0.376180 -0.926305 0.078552 0.955566 1 0 1.0
Default
0 -15.841315 -7.935579 6.385962 -0.977167 -0.019834 -0.211546 0.078552 0.955566 1 0 1.0
0 -15.839899 -7.993399 6.384835 -0.977165 -0.019810 -0.211556 0.078552 0.955566 1 0 1.0
0 -15.885617 -8.101730 6.606182 -0.977171 -0.019813 -0.211530 0.078552 0.955566 1 0 1.0
Default
0 -15.789130 -8.090647 6.159479 -0.977165 -0.019837 -0.211554 0.078552 0.955566 1 0 1.0
0 -15.839899 -7.993399 6.384835 -0.977165 -0.019810 -0.211556 0.078552 0.955566 1 0 1.0
0 -15.841315 -7.935579 6.385962 -0.977167 -0.019834 -0.211546 0.078552 0.955566 1 0 1.0
Default
0 -15.758587 -8.094061 6.018710 -0.977167 -0.019836 -0.211547 0.078552 0.955566 1 0 1.0
0 -15.789130 -8.090647 6.159479 -0.977165 -0.019837 -0.211554 0.078552 0.955566 1 0 1.0
0 -15.841315 -7.935579 6.385962 -0.977167 -0.019834 -0.211546 0.078552 0.955566 1 0 1.0
Default
0 -15.739215 -8.561552 5.973003 -0.977165 -0.019815 -0.211558 0.078552 0.955566 1 0 1.0
0 -15.789130 -8.090647 6.159479 -0.977165 -0.019837 -0.211554 0.078552 0.955566 1 0 1.0
0 -15.758587 -8.094061 6.018710 -0.977167 -0.019836 -0.211547 0.078552 0.955566 1 0 1.0
Default
0 -15.709393 -8.558126 5.834945 -0.977162 -0.019815 -0.211568 0.078552 0.955566 1 0 1.0
0 -15.739215 -8.561552 5.973003 -0.977165 -0.019815 -0.211558 0.078552 0.955566 1 0 1.0
0 -15.758587 -8.094061 6.018710 -0.977167 -0.019836 -0.211547 0.078552 0.955566 1 0 1.0
Default
0 -15.709393 -8.558126 5.834945 -0.977162 -0.019815 -0.211568 0.078552 0.955566 1 0 1.0
0 -15.735632 -9.030859 6.000424 -0.977163 -0.019835 -0.211563 0.078552 0.955566 1 0 1.0
0 -15.739215 -8.561552 5.973003 -0.977165 -0.019815 -0.211558 0.078552 0.955566 1 0 1.0
Default
0 -15.735632 -9.030859 6.000424 -0.977163 -0.019835 -0.211563 0.078552 0.955566 1 0 1.0
0 -15.765840 -9.041250 6.140924 -0.977165 -0.019838 -0.211555 0.078552 0.955566 1 0 1.0
0 -15.739215 -8.561552 5.973003 -0.977165 -0.019815 -0.211558 0.078552 0.955566 1 0 1.0
Default
0 -15.735632 -9.030859 6.000424 -0.977163 -0.019835 -0.211563 0.078552 0.955566 1 0 1.0
0 -15.810142 -9.207401 6.361140 -0.977167 -0.019841 -0.211546 0.078552 0.955566 1 0 1.0
0 -15.765840 -9.041250 6.140924 -0.977165 -0.019838 -0.211555 0.078552 0.955566 1 0 1.0
Default
0 -15.810142 -9.207401 6.361140 -0.977167 -0.019841 -0.211546 0.078552 0.955566 1 0 1.0
0 -15.811560 -9.149582 6.362271 -0.977168 -0.019833 -0.211543 0.078552 0.955566 1 0 1.0
0 -15.765840 -9.041250 6.140924 -0.977165 -0.019838 -0.211555 0.078552 0.955566 1 0 1.0
Default
0 -15.862320 -9.052334 6.587629 -0.977168 -0.019836 -0.211539 0.078552 0.955566 1 0 1.0
0 -15.811560 -9.149582 6.362271 -0.977168 -0.019833 -0.211543 0.078552 0.955566 1 0 1.0
0 -15.810142 -9.207401 6.361140 -0.977167 -0.019841 -0.211546 0.078552 0.955566 1 0 1.0
Default
0 -15.892863 -9.048921 6.728398 -0.977170 -0.019837 -0.211531 0.078552 0.955566 1 0 1.0
0 -15.862320 -9.052334 6.587629 -0.977168 -0.019836 -0.211539 0.078552 0.955566 1 0 1.0
0 -15.810142 -9.207401 6.361140 -0.977167 -0.019841 -0.211546 0.078552 0.955566 1 0 1.0
Default
0 -15.912246 -8.581428 6.774101 -0.977171 -0.019819 -0.211527 0.078552 0.955566 1 0 1.0
0 -15.862320 -9.052334 6.587629 -0.977168 -0.019836 -0.211539 0.078552 0.955566 1 0 1.0
0 -15.892863 -9.048921 6.728398 -0.977170 -0.019837 -0.211531 0.078552 0.955566 1 0 1.0
Default
0 -15.942061 -8.584854 6.912163 -0.977173 -0.019819 -0.211519 0.078552 0.955566 1 0 1.0
0 -15.912246 -8.581428 6.774101 -0.977171 -0.019819 -0.211527 0.078552 0.955566 1 0 1.0
0 -15.892863 -9.048921 6.728398 -0.977170 -0.019837 -0.211531 0.078552 0.955566 1 0 1.0
Default
0 -19.785304 -7.901305 1.313394 -0.270295 0.885782 0.377269 0.078552 0.955566 1 0 1.0
0 -20.029119 -8.034825 1.452220 -0.270276 0.885790 0.377263 0.078552 0.955566 1 0 1.0
0 -19.468580 -8.122803 2.060363 -0.270295 0.885782 0.377269 0.078552 0.955566 1 0 1.0
Default
0 -19.287591 -8.015096 1.937164 -0.270314 0.885773 0.377274 0.078552 0.955566 1 0 1.0
0 -19.785304 -7.901305 1.313394 -0.270295 0.885782 0.377269 0.078552 0.955566 1 0 1.0
0 -19.468580 -8.122803 2.060363 -0.270295 0.885782 0.377269 0.078552 0.955566 1 0 1.0
Default
0 -19.595588 -8.539294 2.127658 -0.673372 0.316122 0.668309 0.078552 0.955566 1 0 1.0
0 -19.468580 -8.122803 2.060363 -0.675119 0.313755 0.667662 0.078552 0.955566 1 0 1.0
0 -20.029119 -8.034825 1.452220 -0.673372 0.316122 0.668309 0.078552 0.955566 1 0 1.0
Default
0 -20.200995 -8.542463 1.521344 -0.671620 0.318486 0.668950 0.078552 0.955566 1 0 1.0
0 -19.595588 -8.539294 2.127658 -0.673372 0.316122 0.668309 0.078552 0.955566 1 0 1.0
0 -20.029119 -8.034825 1.452220 -0.673372 0.316122 0.668309 0.078552 0.955566 1 0 1.0
Default
0 -19.722012 -9.080855 1.192956 -0.141594 -0.959311 0.244279 0.078552 0.955566 1 0 1.0
0 -19.238908 -8.987142 1.847762 -0.148205 -0.957766 0.246414 0.078552 0.955566 1 0 1.0
0 -19.428553 -8.922010 1.986860 -0.141594 -0.959311 0.244279 0.078552 0.955566 1 0 1.0
Default
0 -19.977078 -9.004640 1.353200 -0.134977 -0.960808 0.242133 0.078552 0.955566 1 0 1.0
0 -19.722012 -9.080855 1.192956 -0.141594 -0.959311 0.244279 0.078552 0.955566 1 0 1.0
0 -19.428553 -8.922010 1.986860 -0.141594 -0.959311 0.244279 0.078552 0.955566 1 0 1.0
Default
0 -19.306322 -8.439694 0.985005 0.816308 -0.332831 -0.472087 0.078552 0.955566 1 0 1.0
0 -18.930909 -8.462943 1.657268 0.820526 -0.326071 -0.469484 0.078552 0.955566 1 0 1.0
0 -19.057917 -8.879435 1.724560 0.816308 -0.332831 -0.472087 0.078552 0.955566 1 0 1.0
Default
0 -19.478198 -8.947334 1.054127 0.812032 -0.339566 -0.474656 0.078552 0.955566 1 0 1.0
0 -19.306322 -8.439694 0.985005 0.816308 -0.332831 -0.472087 0.078552 0.955566 1 0 1.0
0 -19.057917 -8.879435 1.724560 0.816308 -0.332831 -0.472087 0.078552 0.955566 1 0 1.0
Default
0 -20.200995 -8.542463 1.521344 -0.613824 -0.504736 0.607010 0.078552 0.955566 1 0 1.0
0 -19.977078 -9.004640 1.353200 -0.613706 -0.515039 0.598414 0.078552 0.955566 1 0 1.0
0 -19.428553 -8.922010 1.986860 -0.613824 -0.504736 0.607010 0.078552 0.955566 1 0 1.0
Default
0 -19.595588 -8.539294 2.127658 -0.613832 -0.494341 0.615498 0.078552 0.955566 1 0 1.0
0 -20.200995 -8.542463 1.521344 -0.613824 -0.504736 0.607010 0.078552 0.955566 1 0 1.0
0 -19.428553 -8.922010 1.986860 -0.613824 -0.504736 0.607010 0.078552 0.955566 1 0 1.0
Default
0 -19.478198 -8.947334 1.054127 0.407647 -0.897565 -0.167932 0.078552 0.955566 1 0 1.0
0 -19.057917 -8.879435 1.724560 0.415808 -0.893388 -0.170183 0.078552 0.955566 1 0 1.0
0 -19.238908 -8.987142 1.847762 0.407647 -0.897565 -0.167932 0.078552 0.955566 1 0 1.0
Default
0 -19.722012 -9.080855 1.192956 0.399450 -0.901662 -0.165666 0.078552 0.955566 1 0 1.0
0 -19.478198 -8.947334 1.054127 0.407647 -0.897565 -0.167932 0.078552 0.955566 1 0 1.0
0 -19.238908 -8.987142 1.847762 0.407647 -0.897565 -0.167932 0.078552 0.955566 1 0 1.0
Default
0 -19.426834 -8.453537 1.057248 -0.518258 0.059312 -0.853165 0.078552 0.955566 1 0 1.0
0 -19.637980 -8.017698 1.215822 -0.518249 0.059289 -0.853172 0.078552 0.955566 1 0 1.0
0 -19.530232 -7.977519 1.153160 -0.518266 0.059293 -0.853162 0.078552 0.955566 1 0 1.0
Default
0 -19.306322 -8.439694 0.985005 -0.518255 0.059315 -0.853167 0.078552 0.955566 1 0 1.0
0 -19.426834 -8.453537 1.057248 -0.518258 0.059312 -0.853165 0.078552 0.955566 1 0 1.0
0 -19.530232 -7.977519 1.153160 -0.518266 0.059293 -0.853162 0.078552 0.955566 1 0 1.0
Default
0 -19.306322 -8.439694 0.985005 -0.518255 0.059315 -0.853167 0.078552 0.955566 1 0 1.0
0 -19.478198 -8.947334 1.054127 -0.518246 0.059281 -0.853174 0.078552 0.955566 1 0 1.0
0 -19.426834 -8.453537 1.057248 -0.518258 0.059312 -0.853165 0.078552 0.955566 1 0 1.0
Default
0 -19.478198 -8.947334 1.054127 -0.518246 0.059281 -0.853174 0.078552 0.955566 1 0 1.0
0 -19.588915 -8.932249 1.122427 -0.518268 0.059292 -0.853161 0.078552 0.955566 1 0 1.0
0 -19.426834 -8.453537 1.057248 -0.518258 0.059312 -0.853165 0.078552 0.955566 1 0 1.0
Default
0 -19.478198 -8.947334 1.054127 -0.518246 0.059281 -0.853174 0.078552 0.955566 1 0 1.0
0 -19.722012 -9.080855 1.192956 -0.518274 0.059318 -0.853155 0.078552 0.955566 1 0 1.0
0 -19.588915 -8.932249 1.122427 -0.518268 0.059292 -0.853161 0.078552 0.955566 1 0 1.0
Default
0 -19.722012 -9.080855 1.192956 -0.518274 0.059318 -0.853155 0.078552 0.955566 1 0 1.0
0 -19.725956 -9.007298 1.200468 -0.518296 0.059335 -0.853141 0.078552 0.955566 1 0 1.0
0 -19.588915 -8.932249 1.122427 -0.518268 0.059292 -0.853161 0.078552 0.955566 1 0 1.0
Default
0 -19.869326 -8.964460 1.290541 -0.518261 0.059335 -0.853162 0.078552 0.955566 1 0 1.0
0 -19.725956 -9.007298 1.200468 -0.518296 0.059335 -0.853141 0.078552 0.955566 1 0 1.0
0 -19.722012 -9.080855 1.192956 -0.518274 0.059318 -0.853155 0.078552 0.955566 1 0 1.0
Default
0 -20.080480 -8.528620 1.449102 -0.518245 0.059301 -0.853174 0.078552 0.955566 1 0 1.0
0 -19.869326 -8.964460 1.290541 -0.518261 0.059335 -0.853162 0.078552 0.955566 1 0 1.0
0 -19.977078 -9.004640 1.353200 -0.518251 0.059326 -0.853168 0.078552 0.955566 1 0 1.0
Default
0 -19.977078 -9.004640 1.353200 -0.518251 0.059326 -0.853168 0.078552 0.955566 1 0 1.0
0 -19.869326 -8.964460 1.290541 -0.518261 0.059335 -0.853162 0.078552 0.955566 1 0 1.0
0 -19.722012 -9.080855 1.192956 -0.518274 0.059318 -0.853155 0.078552 0.955566 1 0 1.0
Default
0 -20.029119 -8.034825 1.452220 -0.518244 0.059284 -0.853176 0.078552 0.955566 1 0 1.0
0 -19.918399 -8.049910 1.383918 -0.518256 0.059290 -0.853168 0.078552 0.955566 1 0 1.0
0 -20.080480 -8.528620 1.449102 -0.518245 0.059301 -0.853174 0.078552 0.955566 1 0 1.0
Default
0 -20.029119 -8.034825 1.452220 -0.518244 0.059284 -0.853176 0.078552 0.955566 1 0 1.0
0 -19.785304 -7.901305 1.313394 -0.518247 0.059281 -0.853174 0.078552 0.955566 1 0 1.0
0 -19.918399 -8.049910 1.383918 -0.518256 0.059290 -0.853168 0.078552 0.955566 1 0 1.0
Default
0 -19.785304 -7.901305 1.313394 -0.518247 0.059281 -0.853174 0.078552 0.955566 1 0 1.0
0 -19.781358 -7.974861 1.305884 -0.518242 0.059314 -0.853174 0.078552 0.955566 1 0 1.0
0 -19.918399 -8.049910 1.383918 -0.518256 0.059290 -0.853168 0.078552 0.955566 1 0 1.0
Default
0 -19.637980 -8.017698 1.215822 -0.518249 0.059289 -0.853172 0.078552 0.955566 1 0 1.0
0 -19.781358 -7.974861 1.305884 -0.518242 0.059314 -0.853174 0.078552 0.955566 1 0 1.0
0 -19.785304 -7.901305 1.313394 -0.518247 0.059281 -0.853174 0.078552 0.955566 1 0 1.0
Default
0 -19.530232 -7.977519 1.153160 -0.518266 0.059293 -0.853162 0.078552 0.955566 1 0 1.0
0 -19.637980 -8.017698 1.215822 -0.518249 0.059289 -0.853172 0.078552 0.955566 1 0 1.0
0 -19.785304 -7.901305 1.313394 -0.518247 0.059281 -0.853174 0.078552 0.955566 1 0 1.0
Default
0 -24.317328 -7.854466 -6.316676 0.087130 0.991650 -0.095069 0.078552 0.955566 1 0 1.0
0 -24.169409 -7.877801 -6.405816 0.096113 0.990359 -0.099757 0.078552 0.955566 1 0 1.0
0 -25.150831 -7.932274 -7.892180 0.084684 0.992096 -0.092598 0.078552 0.955566 1 0 1.0
Default
0 -25.226663 -7.922147 -7.846497 0.078964 0.992896 -0.089012 0.078552 0.955566 1 0 1.0
0 -24.317328 -7.854466 -6.316676 0.087130 0.991650 -0.095069 0.078552 0.955566 1 0 1.0
0 -25.150831 -7.932274 -7.892180 0.084684 0.992096 -0.092598 0.078552 0.955566 1 0 1.0
Default
0 -26.437386 -8.004534 -9.881888 0.079790 0.992950 -0.087654 0.078552 0.955566 1 0 1.0
0 -25.226663 -7.922147 -7.846497 0.078964 0.992896 -0.089012 0.078552 0.955566 1 0 1.0
0 -25.150831 -7.932274 -7.892180 0.084684 0.992096 -0.092598 0.078552 0.955566 1 0 1.0
Default
0 -25.299537 -7.949356 -7.803037 -0.285654 0.949554 0.129415 0.078552 0.955566 1 0 1.0
0 -24.458903 -7.911054 -6.232270 -0.296833 0.945223 0.135809 0.078552 0.955566 1 0 1.0
0 -24.317328 -7.854466 -6.316676 -0.288854 0.948461 0.130329 0.078552 0.955566 1 0 1.0
Default
0 -25.226663 -7.922147 -7.846497 -0.280045 0.951654 0.126210 0.078552 0.955566 1 0 1.0
0 -25.299537 -7.949356 -7.803037 -0.285654 0.949554 0.129415 0.078552 0.955566 1 0 1.0
0 -24.317328 -7.854466 -6.316676 -0.288854 0.948461 0.130329 0.078552 0.955566 1 0 1.0
Default
0 -24.120187 -8.497803 -6.442511 0.181836 -0.935936 -0.301596 0.078552 0.955566 1 0 1.0
0 -24.261759 -8.554388 -6.358094 0.189707 -0.932614 -0.306990 0.078552 0.955566 1 0 1.0
0 -25.200712 -8.249074 -7.865848 0.181836 -0.935936 -0.301596 0.078552 0.955566 1 0 1.0
Default
0 -25.127840 -8.221868 -7.909319 0.173947 -0.939162 -0.296171 0.078552 0.955566 1 0 1.0
0 -24.120187 -8.497803 -6.442511 0.181836 -0.935936 -0.301596 0.078552 0.955566 1 0 1.0
0 -25.200712 -8.249074 -7.865848 0.181836 -0.935936 -0.301596 0.078552 0.955566 1 0 1.0
Default
0 -25.200712 -8.249074 -7.865848 -0.189917 -0.978638 -0.078732 0.078552 0.955566 1 0 1.0
0 -24.261759 -8.554388 -6.358094 -0.198794 -0.977237 -0.074088 0.078552 0.955566 1 0 1.0
0 -24.409681 -8.531055 -6.268953 -0.189917 -0.978638 -0.078732 0.078552 0.955566 1 0 1.0
Default
0 -25.276548 -8.238951 -7.820176 -0.181021 -0.979939 -0.083369 0.078552 0.955566 1 0 1.0
0 -25.200712 -8.249074 -7.865848 -0.189917 -0.978638 -0.078732 0.078552 0.955566 1 0 1.0
0 -24.409681 -8.531055 -6.268953 -0.189917 -0.978638 -0.078732 0.078552 0.955566 1 0 1.0
Default
0 -26.437386 -8.004534 -9.881888 0.590834 0.696419 -0.407328 0.078552 0.955566 1 0 1.0
0 -25.150831 -7.932274 -7.892180 0.588936 0.696324 -0.410228 0.078552 0.955566 1 0 1.0
0 -25.040367 -8.065702 -7.960077 0.588936 0.696324 -0.410228 0.078552 0.955566 1 0 1.0
Default
0 -25.150831 -7.932274 -7.892180 0.588936 0.696324 -0.410228 0.078552 0.955566 1 0 1.0
0 -24.169409 -7.877801 -6.405816 0.587032 0.696221 -0.413123 0.078552 0.955566 1 0 1.0
0 -25.040367 -8.065702 -7.960077 0.588936 0.696324 -0.410228 0.078552 0.955566 1 0 1.0
Default
0 -26.437386 -8.004534 -9.881888 -0.742452 0.543262 0.391958 0.078552 0.955566 1 0 1.0
0 -25.387007 -8.105521 -7.752276 -0.744101 0.543196 0.388910 0.078552 0.955566 1 0 1.0
0 -25.299537 -7.949356 -7.803037 -0.744101 0.543196 0.388910 0.078552 0.955566 1 0 1.0
Default
0 -25.299537 -7.949356 -7.803037 -0.744101 0.543196 0.388910 0.078552 0.955566 1 0 1.0
0 -25.387007 -8.105521 -7.752276 -0.744101 0.543196 0.388910 0.078552 0.955566 1 0 1.0
0 -24.458903 -7.911054 -6.232270 -0.745742 0.543123 0.385858 0.078552 0.955566 1 0 1.0
Default
0 -5.023978 -13.490927 4.624574 0.327630 -0.138379 0.934618 0.078552 0.955566 1 0 1.0
0 -4.263972 -13.454531 4.367179 0.323635 -0.132755 0.936822 0.078552 0.955566 1 0 1.0
0 -4.333439 -12.937684 4.464419 0.327630 -0.138379 0.934618 0.078552 0.955566 1 0 1.0
Default
0 -5.072953 -13.034535 4.712478 0.331607 -0.143996 0.932364 0.078552 0.955566 1 0 1.0
0 -5.023978 -13.490927 4.624574 0.327630 -0.138379 0.934618 0.078552 0.955566 1 0 1.0
0 -4.333439 -12.937684 4.464419 0.327630 -0.138379 0.934618 0.078552 0.955566 1 0 1.0
Default
0 -5.209011 -12.623777 4.060369 -0.229637 0.155136 -0.960833 0.078552 0.955566 1 0 1.0
0 -4.402907 -12.420837 3.897667 -0.231695 0.149700 -0.961201 0.078552 0.955566 1 0 1.0
0 -4.333440 -12.937683 3.800427 -0.229637 0.155136 -0.960833 0.078552 0.955566 1 0 1.0
Default
0 -5.160036 -13.080168 3.972465 -0.227571 0.160567 -0.960432 0.078552 0.955566 1 0 1.0
0 -5.209011 -12.623777 4.060369 -0.229637 0.155136 -0.960833 0.078552 0.955566 1 0 1.0
0 -4.333440 -12.937683 3.800427 -0.229637 0.155136 -0.960833 0.078552 0.955566 1 0 1.0
Default
0 -5.029199 -13.693335 4.371418 0.224121 -0.706257 0.671543 0.078552 0.955566 1 0 1.0
0 -4.235197 -13.668617 4.132423 0.207437 -0.710023 0.672932 0.078552 0.955566 1 0 1.0
0 -4.263972 -13.454531 4.367179 0.207437 -0.710023 0.672932 0.078552 0.955566 1 0 1.0
Default
0 -4.263972 -13.454531 4.367179 0.207437 -0.710023 0.672932 0.078552 0.955566 1 0 1.0
0 -4.235197 -13.668617 4.132423 0.207437 -0.710023 0.672932 0.078552 0.955566 1 0 1.0
0 -2.776331 -13.046414 4.378371 0.190691 -0.713579 0.674123 0.078552 0.955566 1 0 1.0
Default
0 -5.849271 -13.720323 4.692840 -0.168038 -0.849533 -0.500057 0.078552 0.955566 1 0 1.0
0 -5.085555 -13.523191 4.101303 -0.147497 -0.850465 -0.504930 0.078552 0.955566 1 0 1.0
0 -5.029199 -13.693335 4.371418 -0.147497 -0.850465 -0.504930 0.078552 0.955566 1 0 1.0
Default
0 -5.029199 -13.693335 4.371418 -0.147497 -0.850465 -0.504930 0.078552 0.955566 1 0 1.0
0 -5.085555 -13.523191 4.101303 -0.147497 -0.850465 -0.504930 0.078552 0.955566 1 0 1.0
0 -4.235197 -13.668617 4.132423 -0.126890 -0.851017 -0.509577 0.078552 0.955566 1 0 1.0
Default
0 -5.663216 -13.835157 4.937367 0.587786 -0.627322 0.510856 0.078552 0.955566 1 0 1.0
0 -5.029199 -13.693335 4.371418 0.587273 -0.638032 0.498021 0.078552 0.955566 1 0 1.0
0 -5.023978 -13.490927 4.624574 0.587786 -0.627322 0.510856 0.078552 0.955566 1 0 1.0
Default
0 -5.663674 -13.623069 5.187598 0.588135 -0.616437 0.523548 0.078552 0.955566 1 0 1.0
0 -5.663216 -13.835157 4.937367 0.587786 -0.627322 0.510856 0.078552 0.955566 1 0 1.0
0 -5.023978 -13.490927 4.624574 0.587786 -0.627322 0.510856 0.078552 0.955566 1 0 1.0
Default
0 -5.203793 -12.421367 4.313527 -0.506353 0.668098 -0.545208 0.078552 0.955566 1 0 1.0
0 -5.209011 -12.623777 4.060369 -0.506483 0.678517 -0.532062 0.078552 0.955566 1 0 1.0
0 -6.299549 -12.931066 4.706605 -0.506353 0.668098 -0.545208 0.078552 0.955566 1 0 1.0
Default
0 -6.300010 -12.718977 4.956838 -0.506080 0.657491 -0.558201 0.078552 0.955566 1 0 1.0
0 -5.203793 -12.421367 4.313527 -0.506353 0.668098 -0.545208 0.078552 0.955566 1 0 1.0
0 -6.299549 -12.931066 4.706605 -0.506353 0.668098 -0.545208 0.078552 0.955566 1 0 1.0
Default
0 -13.943425 -15.813904 6.446209 0.291100 -0.718925 0.631195 0.078552 0.955566 1 0 1.0
0 -5.689219 -13.789581 4.938163 0.291915 -0.729364 0.618720 0.078552 0.955566 1 0 1.0
0 -5.689595 -13.614412 5.144834 0.291100 -0.718925 0.631195 0.078552 0.955566 1 0 1.0
Default
0 -13.997998 -15.598629 6.707771 0.290208 -0.708296 0.643503 0.078552 0.955566 1 0 1.0
0 -13.943425 -15.813904 6.446209 0.291100 -0.718925 0.631195 0.078552 0.955566 1 0 1.0
0 -5.689595 -13.614412 5.144834 0.291100 -0.718925 0.631195 0.078552 0.955566 1 0 1.0
Default
0 -6.274005 -12.764552 4.956040 -0.291316 0.729123 -0.619286 0.078552 0.955566 1 0 1.0
0 -6.273627 -12.939723 4.749370 -0.291373 0.729483 -0.618834 0.078552 0.955566 1 0 1.0
0 -14.061404 -15.111295 5.856324 -0.291316 0.729123 -0.619286 0.078552 0.955566 1 0 1.0
Default
0 -14.232277 -14.937961 6.140457 -0.291260 0.728762 -0.619736 0.078552 0.955566 1 0 1.0
0 -6.274005 -12.764552 4.956040 -0.291316 0.729123 -0.619286 0.078552 0.955566 1 0 1.0
0 -14.061404 -15.111295 5.856324 -0.291316 0.729123 -0.619286 0.078552 0.955566 1 0 1.0
Default
0 -18.440077 -16.184383 1.264060 0.593549 0.663437 -0.455577 0.078552 0.955566 1 0 1.0
0 -18.084048 -16.146200 1.774230 0.597648 0.652491 -0.465911 0.078552 0.955566 1 0 1.0
0 -17.909483 -16.375540 1.676971 0.593549 0.663437 -0.455577 0.078552 0.955566 1 0 1.0
Default
0 -18.220096 -16.451458 1.150766 0.589307 0.674221 -0.445133 0.078552 0.955566 1 0 1.0
0 -18.440077 -16.184383 1.264060 0.593549 0.663437 -0.455577 0.078552 0.955566 1 0 1.0
0 -17.909483 -16.375540 1.676971 0.593549 0.663437 -0.455577 0.078552 0.955566 1 0 1.0
Default
0 -13.997998 -15.598629 6.707771 0.188767 -0.027073 0.981649 0.078552 0.955566 1 0 1.0
0 -14.112312 -15.228099 6.739972 0.188767 -0.027073 0.981649 0.078552 0.955566 1 0 1.0
0 -14.848578 -15.596598 6.875167 0.192975 -0.025707 0.980867 0.078552 0.955566 1 0 1.0
Default
0 -14.112312 -15.228099 6.739972 0.188767 -0.027073 0.981649 0.078552 0.955566 1 0 1.0
0 -13.997998 -15.598629 6.707771 0.188767 -0.027073 0.981649 0.078552 0.955566 1 0 1.0
0 -5.868196 -13.217637 5.249439 0.184555 -0.028439 0.982411 0.078552 0.955566 1 0 1.0
Default
0 -14.921880 -14.970444 6.370281 -0.936335 -0.280220 -0.211552 0.078552 0.955566 1 0 1.0
0 -14.898965 -15.045855 6.368744 -0.936337 -0.280208 -0.211557 0.078552 0.955566 1 0 1.0
0 -14.912855 -15.153036 6.572198 -0.936341 -0.280202 -0.211547 0.078552 0.955566 1 0 1.0
Default
0 -14.830114 -15.119524 6.161605 -0.936338 -0.280207 -0.211553 0.078552 0.955566 1 0 1.0
0 -14.898965 -15.045855 6.368744 -0.936337 -0.280208 -0.211557 0.078552 0.955566 1 0 1.0
0 -14.921880 -14.970444 6.370281 -0.936335 -0.280220 -0.211552 0.078552 0.955566 1 0 1.0
Default
0 -14.804757 -15.095769 6.017905 -0.936342 -0.280195 -0.211551 0.078552 0.955566 1 0 1.0
0 -14.830114 -15.119524 6.161605 -0.936338 -0.280207 -0.211553 0.078552 0.955566 1 0 1.0
0 -14.921880 -14.970444 6.370281 -0.936335 -0.280220 -0.211552 0.078552 0.955566 1 0 1.0
Default
0 -14.670254 -15.524369 5.990202 -0.936346 -0.280179 -0.211557 0.078552 0.955566 1 0 1.0
0 -14.830114 -15.119524 6.161605 -0.936338 -0.280207 -0.211553 0.078552 0.955566 1 0 1.0
0 -14.804757 -15.095769 6.017905 -0.936342 -0.280195 -0.211551 0.078552 0.955566 1 0 1.0
Default
0 -14.640304 -15.512237 5.841583 -0.936343 -0.280178 -0.211570 0.078552 0.955566 1 0 1.0
0 -14.670254 -15.524369 5.990202 -0.936346 -0.280179 -0.211557 0.078552 0.955566 1 0 1.0
0 -14.804757 -15.095769 6.017905 -0.936342 -0.280195 -0.211551 0.078552 0.955566 1 0 1.0
Default
0 -14.640304 -15.512237 5.841583 -0.936343 -0.280178 -0.211570 0.078552 0.955566 1 0 1.0
0 -14.543373 -15.956057 6.000359 -0.936340 -0.280197 -0.211556 0.078552 0.955566 1 0 1.0
0 -14.670254 -15.524369 5.990202 -0.936346 -0.280179 -0.211557 0.078552 0.955566 1 0 1.0
Default
0 -14.543373 -15.956057 6.000359 -0.936340 -0.280197 -0.211556 0.078552 0.955566 1 0 1.0
0 -14.576027 -15.955799 6.144550 -0.936341 -0.280205 -0.211546 0.078552 0.955566 1 0 1.0
0 -14.670254 -15.524369 5.990202 -0.936346 -0.280179 -0.211557 0.078552 0.955566 1 0 1.0
Default
0 -14.543373 -15.956057 6.000359 -0.936340 -0.280197 -0.211556 0.078552 0.955566 1 0 1.0
0 -14.567002 -16.138390 6.346465 -0.936341 -0.280208 -0.211541 0.078552 0.955566 1 0 1.0
0 -14.576027 -15.955799 6.144550 -0.936341 -0.280205 -0.211546 0.078552 0.955566 1 0 1.0
Default
0 -14.567002 -16.138390 6.346465 -0.936341 -0.280208 -0.211541 0.078552 0.955566 1 0 1.0
0 -14.589917 -16.062981 6.348004 -0.936342 -0.280208 -0.211536 0.078552 0.955566 1 0 1.0
0 -14.576027 -15.955799 6.144550 -0.936341 -0.280205 -0.211546 0.078552 0.955566 1 0 1.0
Default
0 -14.658759 -15.989310 6.555145 -0.936343 -0.280202 -0.211540 0.078552 0.955566 1 0 1.0
0 -14.589917 -16.062981 6.348004 -0.936342 -0.280208 -0.211536 0.078552 0.955566 1 0 1.0
0 -14.567002 -16.138390 6.346465 -0.936341 -0.280208 -0.211541 0.078552 0.955566 1 0 1.0
Default
0 -14.684116 -16.013066 6.698845 -0.936343 -0.280200 -0.211540 0.078552 0.955566 1 0 1.0
0 -14.658759 -15.989310 6.555145 -0.936343 -0.280202 -0.211540 0.078552 0.955566 1 0 1.0
0 -14.567002 -16.138390 6.346465 -0.936341 -0.280208 -0.211541 0.078552 0.955566 1 0 1.0
Default
0 -14.818632 -15.584468 6.726542 -0.936346 -0.280190 -0.211540 0.078552 0.955566 1 0 1.0
0 -14.658759 -15.989310 6.555145 -0.936343 -0.280202 -0.211540 0.078552 0.955566 1 0 1.0
0 -14.684116 -16.013066 6.698845 -0.936343 -0.280200 -0.211540 0.078552 0.955566 1 0 1.0
Default
0 -14.848578 -15.596598 6.875167 -0.936348 -0.280190 -0.211532 0.078552 0.955566 1 0 1.0
0 -14.818632 -15.584468 6.726542 -0.936346 -0.280190 -0.211540 0.078552 0.955566 1 0 1.0
0 -14.684116 -16.013066 6.698845 -0.936343 -0.280200 -0.211540 0.078552 0.955566 1 0 1.0
Default
0 -18.619191 -16.174973 1.372016 -0.502853 0.796529 0.335678 0.078552 0.955566 1 0 1.0
0 -18.757638 -16.301105 1.465550 -0.500896 0.798110 0.334850 0.078552 0.955566 1 0 1.0
0 -18.323837 -16.234593 1.955934 -0.502853 0.796529 0.335678 0.078552 0.955566 1 0 1.0
Default
0 -18.221130 -16.133217 1.870524 -0.504807 0.794943 0.336504 0.078552 0.955566 1 0 1.0
0 -18.619191 -16.174973 1.372016 -0.502853 0.796529 0.335678 0.078552 0.955566 1 0 1.0
0 -18.323837 -16.234593 1.955934 -0.502853 0.796529 0.335678 0.078552 0.955566 1 0 1.0
Default
0 -18.339497 -16.534057 2.002838 -0.749292 0.145261 0.646112 0.078552 0.955566 1 0 1.0
0 -18.323837 -16.234593 1.955934 -0.750954 0.140336 0.645271 0.078552 0.955566 1 0 1.0
0 -18.757638 -16.301105 1.465550 -0.749292 0.145261 0.646112 0.078552 0.955566 1 0 1.0
Default
0 -18.789591 -16.660779 1.512121 -0.747609 0.150182 0.646936 0.078552 0.955566 1 0 1.0
0 -18.339497 -16.534057 2.002838 -0.749292 0.145261 0.646112 0.078552 0.955566 1 0 1.0
0 -18.757638 -16.301105 1.465550 -0.749292 0.145261 0.646112 0.078552 0.955566 1 0 1.0
Default
0 -18.390497 -16.937266 1.290871 0.086622 -0.966506 0.241584 0.078552 0.955566 1 0 1.0
0 -18.027848 -16.776383 1.809286 0.079891 -0.966468 0.244043 0.078552 0.955566 1 0 1.0
0 -18.164922 -16.763398 1.905585 0.086622 -0.966506 0.241584 0.078552 0.955566 1 0 1.0
Default
0 -18.569605 -16.927855 1.398835 0.093349 -0.966494 0.239112 0.078552 0.955566 1 0 1.0
0 -18.390497 -16.937266 1.290871 0.086622 -0.966506 0.241584 0.078552 0.955566 1 0 1.0
0 -18.164922 -16.763398 1.905585 0.086622 -0.966506 0.241584 0.078552 0.955566 1 0 1.0
Default
0 -18.220096 -16.451458 1.150766 0.859716 -0.131200 -0.493635 0.078552 0.955566 1 0 1.0
0 -17.909483 -16.375540 1.676971 0.862331 -0.122056 -0.491415 0.078552 0.955566 1 0 1.0
0 -17.925141 -16.675006 1.723875 0.859716 -0.131200 -0.493635 0.078552 0.955566 1 0 1.0
Default
0 -18.252048 -16.811134 1.197336 0.857018 -0.140331 -0.495809 0.078552 0.955566 1 0 1.0
0 -18.220096 -16.451458 1.150766 0.859716 -0.131200 -0.493635 0.078552 0.955566 1 0 1.0
0 -17.925141 -16.675006 1.723875 0.859716 -0.131200 -0.493635 0.078552 0.955566 1 0 1.0
Default
0 -18.789591 -16.660779 1.512121 -0.482943 -0.637295 0.600517 0.078552 0.955566 1 0 1.0
0 -18.569605 -16.927855 1.398835 -0.479745 -0.646690 0.592989 0.078552 0.955566 1 0 1.0
0 -18.164922 -16.763398 1.905585 -0.482943 -0.637295 0.600517 0.078552 0.955566 1 0 1.0
Default
0 -18.339497 -16.534057 2.002838 -0.486066 -0.627801 0.607951 0.078552 0.955566 1 0 1.0
0 -18.789591 -16.660779 1.512121 -0.482943 -0.637295 0.600517 0.078552 0.955566 1 0 1.0
0 -18.164922 -16.763398 1.905585 -0.482943 -0.637295 0.600517 0.078552 0.955566 1 0 1.0
Default
0 -18.252048 -16.811134 1.197336 0.603746 -0.777265 -0.177056 0.078552 0.955566 1 0 1.0
0 -17.925141 -16.675006 1.723875 0.611063 -0.770821 -0.180103 0.078552 0.955566 1 0 1.0
0 -18.027848 -16.776383 1.809286 0.603746 -0.777265 -0.177056 0.078552 0.955566 1 0 1.0
Default
0 -18.390497 -16.937266 1.290871 0.596366 -0.783629 -0.173991 0.078552 0.955566 1 0 1.0
0 -18.252048 -16.811134 1.197336 0.603746 -0.777265 -0.177056 0.078552 0.955566 1 0 1.0
0 -18.027848 -16.776383 1.809286 0.603746 -0.777265 -0.177056 0.078552 0.955566 1 0 1.0
Default
0 -15.130996 -20.444660 1.264058 -0.163616 0.986500 -0.006857 0.078552 0.955566 1 0 1.0
0 -15.307682 -20.475508 1.372015 -0.174379 0.984670 -0.004027 0.078552 0.955566 1 0 1.0
0 -15.013749 -20.422013 1.724472 -0.163616 0.986500 -0.006857 0.078552 0.955566 1 0 1.0
Default
0 -14.884434 -20.402862 1.637930 -0.152832 0.988205 -0.009687 0.078552 0.955566 1 0 1.0
0 -15.130996 -20.444660 1.264058 -0.163616 0.986500 -0.006857 0.078552 0.955566 1 0 1.0
0 -15.013749 -20.422013 1.724472 -0.163616 0.986500 -0.006857 0.078552 0.955566 1 0 1.0
Default
0 -18.296807 -16.479653 1.199439 -0.517637 -0.064468 -0.853168 0.078552 0.955566 1 0 1.0
0 -18.504251 -16.227797 1.306278 -0.517628 -0.064491 -0.853172 0.078552 0.955566 1 0 1.0
0 -18.440077 -16.184383 1.264060 -0.517640 -0.064482 -0.853165 0.078552 0.955566 1 0 1.0
Default
0 -18.220096 -16.451458 1.150766 -0.517635 -0.064466 -0.853169 0.078552 0.955566 1 0 1.0
0 -18.296807 -16.479653 1.199439 -0.517637 -0.064468 -0.853168 0.078552 0.955566 1 0 1.0
0 -18.440077 -16.184383 1.264060 -0.517640 -0.064482 -0.853165 0.078552 0.955566 1 0 1.0
Default
0 -18.220096 -16.451458 1.150766 -0.517635 -0.064466 -0.853169 0.078552 0.955566 1 0 1.0
0 -18.252048 -16.811134 1.197336 -0.517622 -0.064495 -0.853175 0.078552 0.955566 1 0 1.0
0 -18.296807 -16.479653 1.199439 -0.517637 -0.064468 -0.853168 0.078552 0.955566 1 0 1.0
Default
0 -18.252048 -16.811134 1.197336 -0.517622 -0.064495 -0.853175 0.078552 0.955566 1 0 1.0
0 -18.326938 -16.818833 1.243353 -0.517649 -0.064486 -0.853160 0.078552 0.955566 1 0 1.0
0 -18.296807 -16.479653 1.199439 -0.517637 -0.064468 -0.853168 0.078552 0.955566 1 0 1.0
Default
0 -18.252048 -16.811134 1.197336 -0.517622 -0.064495 -0.853175 0.078552 0.955566 1 0 1.0
0 -18.390497 -16.937266 1.290871 -0.517662 -0.064459 -0.853153 0.078552 0.955566 1 0 1.0
0 -18.326938 -16.818833 1.243353 -0.517649 -0.064486 -0.853160 0.078552 0.955566 1 0 1.0
Default
0 -18.390497 -16.937266 1.290871 -0.517662 -0.064459 -0.853153 0.078552 0.955566 1 0 1.0
0 -18.404756 -16.889729 1.295932 -0.517687 -0.064444 -0.853140 0.078552 0.955566 1 0 1.0
0 -18.326938 -16.818833 1.243353 -0.517649 -0.064486 -0.853160 0.078552 0.955566 1 0 1.0
Default
0 -18.505431 -16.884439 1.356619 -0.517653 -0.064443 -0.853160 0.078552 0.955566 1 0 1.0
0 -18.404756 -16.889729 1.295932 -0.517687 -0.064444 -0.853140 0.078552 0.955566 1 0 1.0
0 -18.390497 -16.937266 1.290871 -0.517662 -0.064459 -0.853153 0.078552 0.955566 1 0 1.0
Default
0 -18.712878 -16.632583 1.463449 -0.517625 -0.064478 -0.853175 0.078552 0.955566 1 0 1.0
0 -18.505431 -16.884439 1.356619 -0.517653 -0.064443 -0.853160 0.078552 0.955566 1 0 1.0
0 -18.569605 -16.927855 1.398835 -0.517640 -0.064453 -0.853168 0.078552 0.955566 1 0 1.0
Default
0 -18.569605 -16.927855 1.398835 -0.517640 -0.064453 -0.853168 0.078552 0.955566 1 0 1.0
0 -18.505431 -16.884439 1.356619 -0.517653 -0.064443 -0.853160 0.078552 0.955566 1 0 1.0
0 -18.390497 -16.937266 1.290871 -0.517662 -0.064459 -0.853153 0.078552 0.955566 1 0 1.0
Default
0 -18.757638 -16.301105 1.465550 -0.517621 -0.064497 -0.853176 0.078552 0.955566 1 0 1.0
0 -18.682747 -16.293405 1.419531 -0.517631 -0.064498 -0.853170 0.078552 0.955566 1 0 1.0
0 -18.712878 -16.632583 1.463449 -0.517625 -0.064478 -0.853175 0.078552 0.955566 1 0 1.0
Default
0 -18.757638 -16.301105 1.465550 -0.517621 -0.064497 -0.853176 0.078552 0.955566 1 0 1.0
0 -18.619191 -16.174973 1.372016 -0.517624 -0.064504 -0.853174 0.078552 0.955566 1 0 1.0
0 -18.682747 -16.293405 1.419531 -0.517631 -0.064498 -0.853170 0.078552 0.955566 1 0 1.0
Default
0 -18.619191 -16.174973 1.372016 -0.517624 -0.064504 -0.853174 0.078552 0.955566 1 0 1.0
0 -18.604928 -16.222509 1.366956 -0.517626 -0.064485 -0.853174 0.078552 0.955566 1 0 1.0
0 -18.682747 -16.293405 1.419531 -0.517631 -0.064498 -0.853170 0.078552 0.955566 1 0 1.0
Default
0 -18.504251 -16.227797 1.306278 -0.517628 -0.064491 -0.853172 0.078552 0.955566 1 0 1.0
0 -18.604928 -16.222509 1.366956 -0.517626 -0.064485 -0.853174 0.078552 0.955566 1 0 1.0
0 -18.619191 -16.174973 1.372016 -0.517624 -0.064504 -0.853174 0.078552 0.955566 1 0 1.0
Default
0 -18.440077 -16.184383 1.264060 -0.517640 -0.064482 -0.853165 0.078552 0.955566 1 0 1.0
0 -18.504251 -16.227797 1.306278 -0.517628 -0.064491 -0.853172 0.078552 0.955566 1 0 1.0
0 -18.619191 -16.174973 1.372016 -0.517624 -0.064504 -0.853174 0.078552 0.955566 1 0 1.0
Default
0 -23.173294 -17.065570 -6.316673 -0.148988 0.984259 -0.095064 0.078552 0.955566 1 0 1.0
0 -23.024044 -17.053393 -6.405812 -0.139952 0.985121 -0.099754 0.078552 0.955566 1 0 1.0
0 -23.964997 -17.337580 -7.892177 -0.151470 0.984115 -0.092594 0.078552 0.955566 1 0 1.0
Default
0 -24.041081 -17.345608 -7.846493 -0.157218 0.983545 -0.089007 0.078552 0.955566 1 0 1.0
0 -23.173294 -17.065570 -6.316673 -0.148988 0.984259 -0.095064 0.078552 0.955566 1 0 1.0
0 -23.964997 -17.337580 -7.892177 -0.151470 0.984115 -0.092594 0.078552 0.955566 1 0 1.0
Default
0 -25.198302 -17.710951 -9.881882 -0.156429 0.983793 -0.087649 0.078552 0.955566 1 0 1.0
0 -24.041081 -17.345608 -7.846493 -0.157218 0.983545 -0.089007 0.078552 0.955566 1 0 1.0
0 -23.964997 -17.337580 -7.892177 -0.151470 0.984115 -0.092594 0.078552 0.955566 1 0 1.0
Default
0 -24.105489 -17.389220 -7.803034 -0.501357 0.855507 0.129420 0.078552 0.955566 1 0 1.0
0 -23.297552 -17.153922 -6.232267 -0.511191 0.848669 0.135807 0.078552 0.955566 1 0 1.0
0 -23.173294 -17.065570 -6.316673 -0.504206 0.853692 0.130332 0.078552 0.955566 1 0 1.0
Default
0 -24.041081 -17.345608 -7.846493 -0.496405 0.858866 0.126218 0.078552 0.955566 1 0 1.0
0 -24.105489 -17.389220 -7.803034 -0.501357 0.855507 0.129420 0.078552 0.955566 1 0 1.0
0 -23.173294 -17.065570 -6.316673 -0.504206 0.853692 0.130332 0.078552 0.955566 1 0 1.0
Default
0 -22.830120 -17.644341 -6.442508 0.397244 -0.866740 -0.301594 0.078552 0.955566 1 0 1.0
0 -22.954375 -17.732692 -6.358091 0.404111 -0.861656 -0.306989 0.078552 0.955566 1 0 1.0
0 -23.938829 -17.657215 -7.865845 0.397244 -0.866740 -0.301594 0.078552 0.955566 1 0 1.0
Default
0 -23.874418 -17.613604 -7.909316 0.390336 -0.871736 -0.296167 0.078552 0.955566 1 0 1.0
0 -22.830120 -17.644341 -6.442508 0.397244 -0.866740 -0.301594 0.078552 0.955566 1 0 1.0
0 -23.938829 -17.657215 -7.865845 0.397244 -0.866740 -0.301594 0.078552 0.955566 1 0 1.0
Default
0 -23.938829 -17.657215 -7.865845 0.046020 -0.995833 -0.078731 0.078552 0.955566 1 0 1.0
0 -22.954375 -17.732692 -6.358091 0.037061 -0.996563 -0.074085 0.078552 0.955566 1 0 1.0
0 -23.103626 -17.744869 -6.268950 0.046020 -0.995833 -0.078731 0.078552 0.955566 1 0 1.0
Default
0 -24.014914 -17.665245 -7.820172 0.054975 -0.995001 -0.083369 0.078552 0.955566 1 0 1.0
0 -23.938829 -17.657215 -7.865845 0.046020 -0.995833 -0.078731 0.078552 0.955566 1 0 1.0
0 -23.103626 -17.744869 -6.268950 0.046020 -0.995833 -0.078731 0.078552 0.955566 1 0 1.0
Default
0 -25.198302 -17.710951 -9.881882 0.410111 0.816020 -0.407332 0.078552 0.955566 1 0 1.0
0 -23.964997 -17.337580 -7.892177 0.408290 0.815481 -0.410232 0.078552 0.955566 1 0 1.0
0 -23.826207 -17.441225 -7.960074 0.408290 0.815481 -0.410232 0.078552 0.955566 1 0 1.0
Default
0 -23.964997 -17.337580 -7.892177 0.408290 0.815481 -0.410232 0.078552 0.955566 1 0 1.0
0 -23.024044 -17.053393 -6.405812 0.406464 0.814932 -0.413126 0.078552 0.955566 1 0 1.0
0 -23.826207 -17.441225 -7.960074 0.408290 0.815481 -0.410232 0.078552 0.955566 1 0 1.0
Default
0 -25.198302 -17.710951 -9.881882 -0.849551 0.353035 0.391957 0.078552 0.955566 1 0 1.0
0 -24.153702 -17.561599 -7.752273 -0.851139 0.352581 0.388908 0.078552 0.955566 1 0 1.0
0 -24.105489 -17.389220 -7.803034 -0.851139 0.352581 0.388908 0.078552 0.955566 1 0 1.0
Default
0 -24.105489 -17.389220 -7.803034 -0.851139 0.352581 0.388908 0.078552 0.955566 1 0 1.0
0 -24.153702 -17.561599 -7.752273 -0.851139 0.352581 0.388908 0.078552 0.955566 1 0 1.0
0 -23.297552 -17.153922 -6.232267 -0.852717 0.352123 0.385855 0.078552 0.955566 1 0 1.0
Default
0 -2.655932 -14.821554 4.624575 0.350268 -0.061674 0.934617 0.078552 0.955566 1 0 1.0
0 -1.923274 -14.616260 4.367179 0.345118 -0.057084 0.936822 0.078552 0.955566 1 0 1.0
0 -2.106470 -14.128002 4.464419 0.350268 -0.061674 0.934617 0.078552 0.955566 1 0 1.0
Default
0 -2.805646 -14.387645 4.712480 0.355400 -0.066260 0.932363 0.078552 0.955566 1 0 1.0
0 -2.655932 -14.821554 4.624575 0.350268 -0.061674 0.934617 0.078552 0.955566 1 0 1.0
0 -2.106470 -14.128002 4.464419 0.350268 -0.061674 0.934617 0.078552 0.955566 1 0 1.0
Default
0 -3.409100 -15.229557 4.692840 0.026034 -0.865601 -0.500058 0.078552 0.955566 1 0 1.0
0 -2.708742 -14.866763 4.101305 0.046264 -0.861919 -0.504931 0.078552 0.955566 1 0 1.0
0 -2.615791 -15.020012 4.371418 0.046264 -0.861919 -0.504931 0.078552 0.955566 1 0 1.0
Default
0 -2.615791 -15.020012 4.371418 0.046264 -0.861919 -0.504931 0.078552 0.955566 1 0 1.0
0 -2.708742 -14.866763 4.101305 0.046264 -0.861919 -0.504931 0.078552 0.955566 1 0 1.0
0 -1.847388 -14.818503 4.132423 0.066473 -0.857853 -0.509578 0.078552 0.955566 1 0 1.0
Default
0 -3.202090 -15.299915 4.937367 0.713097 -0.480122 0.510858 0.078552 0.955566 1 0 1.0
0 -2.615791 -15.020012 4.371418 0.714990 -0.490675 0.498024 0.078552 0.955566 1 0 1.0
0 -2.655932 -14.821554 4.624575 0.713097 -0.480122 0.510858 0.078552 0.955566 1 0 1.0
Default
0 -3.249927 -15.093292 5.187598 0.711004 -0.469434 0.523549 0.078552 0.955566 1 0 1.0
0 -3.202090 -15.299915 4.937367 0.713097 -0.480122 0.510858 0.078552 0.955566 1 0 1.0
0 -2.655932 -14.821554 4.624575 0.713097 -0.480122 0.510858 0.078552 0.955566 1 0 1.0
Default
0 -3.070186 -13.819215 4.313527 -0.642833 0.538063 -0.545210 0.078552 0.955566 1 0 1.0
0 -3.030045 -14.017673 4.060369 -0.645289 0.548190 -0.532062 0.078552 0.955566 1 0 1.0
0 -4.024348 -14.560868 4.706607 -0.642833 0.538063 -0.545210 0.078552 0.955566 1 0 1.0
Default
0 -4.072188 -14.354244 4.956838 -0.640197 0.527784 -0.558204 0.078552 0.955566 1 0 1.0
0 -3.070186 -13.819215 4.313527 -0.642833 0.538063 -0.545210 0.078552 0.955566 1 0 1.0
0 -4.024348 -14.560868 4.706607 -0.642833 0.538063 -0.545210 0.078552 0.955566 1 0 1.0
Default
0 -1.545838 -13.833701 4.935852 -0.494178 -0.340176 0.800042 0.078552 0.955566 1 0 1.0
0 -2.106470 -14.128002 4.464419 -0.494178 -0.340176 0.800042 0.078552 0.955566 1 0 1.0
0 -1.923274 -14.616260 4.367179 -0.492016 -0.343889 0.799788 0.078552 0.955566 1 0 1.0
Default
0 -1.545838 -13.833701 4.935852 -0.494178 -0.340176 0.800042 0.078552 0.955566 1 0 1.0
0 -2.035330 -13.550209 4.751457 -0.496332 -0.336457 0.800282 0.078552 0.955566 1 0 1.0
0 -2.106470 -14.128002 4.464419 -0.494178 -0.340176 0.800042 0.078552 0.955566 1 0 1.0
Default
0 -1.847388 -14.818503 4.132423 0.667924 -0.440524 -0.599847 0.078552 0.955566 1 0 1.0
0 -1.923272 -14.616259 3.897667 0.669549 -0.441830 -0.597068 0.078552 0.955566 1 0 1.0
0 -0.957895 -13.564362 4.201833 0.667924 -0.440524 -0.599847 0.078552 0.955566 1 0 1.0
Default
0 -0.721803 -13.863410 4.680828 0.666291 -0.439212 -0.602619 0.078552 0.955566 1 0 1.0
0 -1.847388 -14.818503 4.132423 0.667924 -0.440524 -0.599847 0.078552 0.955566 1 0 1.0
0 -0.957895 -13.564362 4.201833 0.667924 -0.440524 -0.599847 0.078552 0.955566 1 0 1.0
Default
0 -14.856897 -20.655829 1.150765 0.465738 0.795848 -0.386929 0.078552 0.955566 1 0 1.0
0 -15.130996 -20.444660 1.264058 0.455468 0.800354 -0.389849 0.078552 0.955566 1 0 1.0
0 -14.884434 -20.402862 1.637930 0.465738 0.795848 -0.386929 0.078552 0.955566 1 0 1.0
Default
0 -14.678202 -20.569910 1.549328 0.475945 0.791235 -0.383956 0.078552 0.955566 1 0 1.0
0 -14.856897 -20.655829 1.150765 0.465738 0.795848 -0.386929 0.078552 0.955566 1 0 1.0
0 -14.884434 -20.402862 1.637930 0.465738 0.795848 -0.386929 0.078552 0.955566 1 0 1.0
Default
0 -11.049780 -18.915970 5.831390 0.280428 -0.691534 -0.665689 0.078552 0.955566 1 0 1.0
0 -10.894554 -19.101360 6.089368 0.280428 -0.691534 -0.665689 0.078552 0.955566 1 0 1.0
0 -11.428044 -19.290306 6.053991 0.287649 -0.687300 -0.666991 0.078552 0.955566 1 0 1.0
Default
0 -11.049780 -18.915970 5.831390 0.280428 -0.691534 -0.665689 0.078552 0.955566 1 0 1.0
0 -3.734405 -14.910347 4.644766 0.273187 -0.695718 -0.664339 0.078552 0.955566 1 0 1.0
0 -10.894554 -19.101360 6.089368 0.280428 -0.691534 -0.665689 0.078552 0.955566 1 0 1.0
Default
0 -11.920610 -18.557839 6.363257 -0.850039 -0.482372 -0.211547 0.078552 0.955566 1 0 1.0
0 -11.897193 -18.598704 6.362340 -0.850048 -0.482351 -0.211556 0.078552 0.955566 1 0 1.0
0 -11.888121 -18.692444 6.539630 -0.850054 -0.482344 -0.211545 0.078552 0.955566 1 0 1.0
Default
0 -11.824370 -18.647868 6.181841 -0.850045 -0.482362 -0.211541 0.078552 0.955566 1 0 1.0
0 -11.897193 -18.598704 6.362340 -0.850048 -0.482351 -0.211556 0.078552 0.955566 1 0 1.0
0 -11.920610 -18.557839 6.363257 -0.850039 -0.482372 -0.211547 0.078552 0.955566 1 0 1.0
Default
0 -11.801756 -18.638088 6.068659 -0.850053 -0.482350 -0.211540 0.078552 0.955566 1 0 1.0
0 -11.824370 -18.647868 6.181841 -0.850045 -0.482362 -0.211541 0.078552 0.955566 1 0 1.0
0 -11.920610 -18.557839 6.363257 -0.850039 -0.482372 -0.211547 0.078552 0.955566 1 0 1.0
Default
0 -11.609763 -18.960604 6.032480 -0.850067 -0.482320 -0.211552 0.078552 0.955566 1 0 1.0
0 -11.824370 -18.647868 6.181841 -0.850045 -0.482362 -0.211541 0.078552 0.955566 1 0 1.0
0 -11.801756 -18.638088 6.068659 -0.850053 -0.482350 -0.211540 0.078552 0.955566 1 0 1.0
Default
0 -11.589943 -18.946743 5.921248 -0.850064 -0.482317 -0.211570 0.078552 0.955566 1 0 1.0
0 -11.609763 -18.960604 6.032480 -0.850067 -0.482320 -0.211552 0.078552 0.955566 1 0 1.0
0 -11.801756 -18.638088 6.068659 -0.850053 -0.482350 -0.211540 0.078552 0.955566 1 0 1.0
Default
0 -11.589943 -18.946743 5.921248 -0.850064 -0.482317 -0.211570 0.078552 0.955566 1 0 1.0
0 -11.428044 -19.290306 6.053991 -0.850065 -0.482324 -0.211550 0.078552 0.955566 1 0 1.0
0 -11.609763 -18.960604 6.032480 -0.850067 -0.482320 -0.211552 0.078552 0.955566 1 0 1.0
Default
0 -11.428044 -19.290306 6.053991 -0.850065 -0.482324 -0.211550 0.078552 0.955566 1 0 1.0
0 -11.445726 -19.308696 6.166978 -0.850073 -0.482317 -0.211532 0.078552 0.955566 1 0 1.0
0 -11.609763 -18.960604 6.032480 -0.850067 -0.482320 -0.211552 0.078552 0.955566 1 0 1.0
Default
0 -11.428044 -19.290306 6.053991 -0.850065 -0.482324 -0.211550 0.078552 0.955566 1 0 1.0
0 -11.413239 -19.443304 6.343346 -0.850073 -0.482312 -0.211543 0.078552 0.955566 1 0 1.0
0 -11.445726 -19.308696 6.166978 -0.850073 -0.482317 -0.211532 0.078552 0.955566 1 0 1.0
Default
0 -11.413239 -19.443304 6.343346 -0.850073 -0.482312 -0.211543 0.078552 0.955566 1 0 1.0
0 -11.436654 -19.402439 6.344269 -0.850082 -0.482297 -0.211544 0.078552 0.955566 1 0 1.0
0 -11.445726 -19.308696 6.166978 -0.850073 -0.482317 -0.211532 0.078552 0.955566 1 0 1.0
Default
0 -11.509473 -19.353272 6.524769 -0.850067 -0.482319 -0.211553 0.078552 0.955566 1 0 1.0
0 -11.436654 -19.402439 6.344269 -0.850082 -0.482297 -0.211544 0.078552 0.955566 1 0 1.0
0 -11.413239 -19.443304 6.343346 -0.850073 -0.482312 -0.211543 0.078552 0.955566 1 0 1.0
Default
0 -11.532089 -19.363052 6.637950 -0.850063 -0.482333 -0.211537 0.078552 0.955566 1 0 1.0
0 -11.509473 -19.353272 6.524769 -0.850067 -0.482319 -0.211553 0.078552 0.955566 1 0 1.0
0 -11.413239 -19.443304 6.343346 -0.850073 -0.482312 -0.211543 0.078552 0.955566 1 0 1.0
Default
0 -11.724088 -19.040540 6.674125 -0.850068 -0.482325 -0.211533 0.078552 0.955566 1 0 1.0
0 -11.509473 -19.353272 6.524769 -0.850067 -0.482319 -0.211553 0.078552 0.955566 1 0 1.0
0 -11.532089 -19.363052 6.637950 -0.850063 -0.482333 -0.211537 0.078552 0.955566 1 0 1.0
Default
0 -11.743904 -19.054397 6.785359 -0.850071 -0.482327 -0.211521 0.078552 0.955566 1 0 1.0
0 -11.724088 -19.040540 6.674125 -0.850068 -0.482325 -0.211533 0.078552 0.955566 1 0 1.0
0 -11.532089 -19.363052 6.637950 -0.850063 -0.482333 -0.211537 0.078552 0.955566 1 0 1.0
Default
0 -15.307682 -20.475508 1.372015 -0.613713 0.675321 0.409020 0.078552 0.955566 1 0 1.0
0 -15.414445 -20.629388 1.465548 -0.614160 0.674820 0.409176 0.078552 0.955566 1 0 1.0
0 -15.088947 -20.536313 1.800609 -0.613713 0.675321 0.409020 0.078552 0.955566 1 0 1.0
Default
0 -15.013749 -20.422013 1.724472 -0.613267 0.675822 0.408863 0.078552 0.955566 1 0 1.0
0 -15.307682 -20.475508 1.372015 -0.613713 0.675321 0.409020 0.078552 0.955566 1 0 1.0
0 -15.088947 -20.536313 1.800609 -0.613713 0.675321 0.409020 0.078552 0.955566 1 0 1.0
Default
0 -15.044963 -20.809232 1.841078 -0.715062 -0.009502 0.698996 0.078552 0.955566 1 0 1.0
0 -15.088947 -20.536313 1.800609 -0.715584 -0.011761 0.698428 0.078552 0.955566 1 0 1.0
0 -15.414445 -20.629388 1.465548 -0.715062 -0.009502 0.698996 0.078552 0.955566 1 0 1.0
Default
0 -15.365223 -20.987108 1.512120 -0.714537 -0.007244 0.699561 0.078552 0.955566 1 0 1.0
0 -15.044963 -20.809232 1.841078 -0.715062 -0.009502 0.698996 0.078552 0.955566 1 0 1.0
0 -15.414445 -20.629388 1.465548 -0.715062 -0.009502 0.698996 0.078552 0.955566 1 0 1.0
Default
0 -14.914438 -21.167428 1.290870 0.342183 -0.886661 0.311037 0.078552 0.955566 1 0 1.0
0 -14.709417 -20.957128 1.665935 0.339990 -0.887287 0.311656 0.078552 0.955566 1 0 1.0
0 -14.838727 -20.976278 1.752482 0.342183 -0.886661 0.311037 0.078552 0.955566 1 0 1.0
Default
0 -15.091123 -21.198276 1.398834 0.344374 -0.886030 0.310416 0.078552 0.955566 1 0 1.0
0 -14.914438 -21.167428 1.290870 0.342183 -0.886661 0.311037 0.078552 0.955566 1 0 1.0
0 -14.838727 -20.976278 1.752482 0.342183 -0.886661 0.311037 0.078552 0.955566 1 0 1.0
Default
0 -14.856897 -20.655829 1.150765 0.901907 0.075551 -0.425272 0.078552 0.955566 1 0 1.0
0 -14.678202 -20.569910 1.549328 0.902565 0.082809 -0.422515 0.078552 0.955566 1 0 1.0
0 -14.634218 -20.842829 1.589796 0.901907 0.075551 -0.425272 0.078552 0.955566 1 0 1.0
Default
0 -14.807673 -21.013551 1.197334 0.901193 0.068288 -0.428004 0.078552 0.955566 1 0 1.0
0 -14.856897 -20.655829 1.150765 0.901907 0.075551 -0.425272 0.078552 0.955566 1 0 1.0
0 -14.634218 -20.842829 1.589796 0.901907 0.075551 -0.425272 0.078552 0.955566 1 0 1.0
Default
0 -15.365223 -20.987108 1.512120 -0.282562 -0.704815 0.650688 0.078552 0.955566 1 0 1.0
0 -15.091123 -21.198276 1.398834 -0.280227 -0.710205 0.645818 0.078552 0.955566 1 0 1.0
0 -14.838727 -20.976278 1.752482 -0.282562 -0.704815 0.650688 0.078552 0.955566 1 0 1.0
Default
0 -15.044963 -20.809232 1.841078 -0.284880 -0.699383 0.655521 0.078552 0.955566 1 0 1.0
0 -15.365223 -20.987108 1.512120 -0.282562 -0.704815 0.650688 0.078552 0.955566 1 0 1.0
0 -14.838727 -20.976278 1.752482 -0.282562 -0.704815 0.650688 0.078552 0.955566 1 0 1.0
Default
0 -14.807673 -21.013551 1.197334 0.795731 -0.598180 -0.094825 0.078552 0.955566 1 0 1.0
0 -14.634218 -20.842829 1.589796 0.800699 -0.591209 -0.096706 0.078552 0.955566 1 0 1.0
0 -14.709417 -20.957128 1.665935 0.795731 -0.598180 -0.094825 0.078552 0.955566 1 0 1.0
Default
0 -14.914438 -21.167428 1.290870 0.790702 -0.605106 -0.092936 0.078552 0.955566 1 0 1.0
0 -14.807673 -21.013551 1.197334 0.795731 -0.598180 -0.094825 0.078552 0.955566 1 0 1.0
0 -14.709417 -20.957128 1.665935 0.795731 -0.598180 -0.094825 0.078552 0.955566 1 0 1.0
Default
0 -14.925369 -20.700450 1.199437 -0.490148 -0.178506 -0.853165 0.078552 0.955566 1 0 1.0
0 -15.183844 -20.501315 1.306276 -0.490131 -0.178528 -0.853170 0.078552 0.955566 1 0 1.0
0 -15.130996 -20.444660 1.264058 -0.490146 -0.178526 -0.853162 0.078552 0.955566 1 0 1.0
Default
0 -14.856897 -20.655829 1.150765 -0.490146 -0.178502 -0.853167 0.078552 0.955566 1 0 1.0
0 -14.925369 -20.700450 1.199437 -0.490148 -0.178506 -0.853165 0.078552 0.955566 1 0 1.0
0 -15.130996 -20.444660 1.264058 -0.490146 -0.178526 -0.853162 0.078552 0.955566 1 0 1.0
Default
0 -14.856897 -20.655829 1.150765 -0.490146 -0.178502 -0.853167 0.078552 0.955566 1 0 1.0
0 -14.807673 -21.013551 1.197334 -0.490127 -0.178525 -0.853173 0.078552 0.955566 1 0 1.0
0 -14.925369 -20.700450 1.199437 -0.490148 -0.178506 -0.853165 0.078552 0.955566 1 0 1.0
Default
0 -14.807673 -21.013551 1.197334 -0.490127 -0.178525 -0.853173 0.078552 0.955566 1 0 1.0
0 -14.878949 -21.037786 1.243352 -0.490149 -0.178523 -0.853161 0.078552 0.955566 1 0 1.0
0 -14.925369 -20.700450 1.199437 -0.490148 -0.178506 -0.853165 0.078552 0.955566 1 0 1.0
Default
0 -14.807673 -21.013551 1.197334 -0.490127 -0.178525 -0.853173 0.078552 0.955566 1 0 1.0
0 -14.914438 -21.167428 1.290870 -0.490164 -0.178505 -0.853156 0.078552 0.955566 1 0 1.0
0 -14.878949 -21.037786 1.243352 -0.490149 -0.178523 -0.853161 0.078552 0.955566 1 0 1.0
Default
0 -14.914438 -21.167428 1.290870 -0.490164 -0.178505 -0.853156 0.078552 0.955566 1 0 1.0
0 -14.938960 -21.124278 1.295931 -0.490187 -0.178498 -0.853144 0.078552 0.955566 1 0 1.0
0 -14.878949 -21.037786 1.243352 -0.490149 -0.178523 -0.853161 0.078552 0.955566 1 0 1.0
Default
0 -15.038273 -21.141620 1.356617 -0.490160 -0.178488 -0.853162 0.078552 0.955566 1 0 1.0
0 -14.938960 -21.124278 1.295931 -0.490187 -0.178498 -0.853144 0.078552 0.955566 1 0 1.0
0 -14.914438 -21.167428 1.290870 -0.490164 -0.178505 -0.853156 0.078552 0.955566 1 0 1.0
Default
0 -15.296750 -20.942484 1.463447 -0.490136 -0.178510 -0.853171 0.078552 0.955566 1 0 1.0
0 -15.038273 -21.141620 1.356617 -0.490160 -0.178488 -0.853162 0.078552 0.955566 1 0 1.0
0 -15.091123 -21.198276 1.398834 -0.490148 -0.178492 -0.853168 0.078552 0.955566 1 0 1.0
Default
0 -15.091123 -21.198276 1.398834 -0.490148 -0.178492 -0.853168 0.078552 0.955566 1 0 1.0
0 -15.038273 -21.141620 1.356617 -0.490160 -0.178488 -0.853162 0.078552 0.955566 1 0 1.0
0 -14.914438 -21.167428 1.290870 -0.490164 -0.178505 -0.853156 0.078552 0.955566 1 0 1.0
Default
0 -15.414445 -20.629388 1.465548 -0.490140 -0.178517 -0.853167 0.078552 0.955566 1 0 1.0
0 -15.343171 -20.605150 1.419529 -0.490146 -0.178518 -0.853164 0.078552 0.955566 1 0 1.0
0 -15.296750 -20.942484 1.463447 -0.490136 -0.178510 -0.853171 0.078552 0.955566 1 0 1.0
Default
0 -15.414445 -20.629388 1.465548 -0.490140 -0.178517 -0.853167 0.078552 0.955566 1 0 1.0
0 -15.307682 -20.475508 1.372015 -0.490128 -0.178526 -0.853172 0.078552 0.955566 1 0 1.0
0 -15.343171 -20.605150 1.419529 -0.490146 -0.178518 -0.853164 0.078552 0.955566 1 0 1.0
Default
0 -15.307682 -20.475508 1.372015 -0.490128 -0.178526 -0.853172 0.078552 0.955566 1 0 1.0
0 -15.283158 -20.518656 1.366954 -0.490123 -0.178507 -0.853179 0.078552 0.955566 1 0 1.0
0 -15.343171 -20.605150 1.419529 -0.490146 -0.178518 -0.853164 0.078552 0.955566 1 0 1.0
Default
0 -15.183844 -20.501315 1.306276 -0.490131 -0.178528 -0.853170 0.078552 0.955566 1 0 1.0
0 -15.283158 -20.518656 1.366954 -0.490123 -0.178507 -0.853179 0.078552 0.955566 1 0 1.0
0 -15.307682 -20.475508 1.372015 -0.490128 -0.178526 -0.853172 0.078552 0.955566 1 0 1.0
Default
0 -15.130996 -20.444660 1.264058 -0.490146 -0.178526 -0.853162 0.078552 0.955566 1 0 1.0
0 -15.183844 -20.501315 1.306276 -0.490131 -0.178528 -0.853170 0.078552 0.955566 1 0 1.0
0 -15.307682 -20.475508 1.372015 -0.490128 -0.178526 -0.853172 0.078552 0.955566 1 0 1.0
Default
0 -19.547645 -22.361179 -6.316676 -0.365142 0.926085 -0.095066 0.078552 0.955566 1 0 1.0
0 -19.404885 -22.315958 -6.405816 -0.356537 0.928941 -0.099750 0.078552 0.955566 1 0 1.0
0 -20.258551 -22.803210 -7.892180 -0.367526 0.925392 -0.092598 0.078552 0.955566 1 0 1.0
Default
0 -20.330917 -22.828033 -7.846497 -0.372996 0.923553 -0.089016 0.078552 0.955566 1 0 1.0
0 -19.547645 -22.361179 -6.316676 -0.365142 0.926085 -0.095066 0.078552 0.955566 1 0 1.0
0 -20.258551 -22.803210 -7.892180 -0.367526 0.925392 -0.092598 0.078552 0.955566 1 0 1.0
Default
0 -21.377247 -23.442716 -9.881886 -0.372282 0.923971 -0.087659 0.078552 0.955566 1 0 1.0
0 -20.330917 -22.828033 -7.846497 -0.372996 0.923553 -0.089016 0.078552 0.955566 1 0 1.0
0 -20.258551 -22.803210 -7.892180 -0.367526 0.925392 -0.092598 0.078552 0.955566 1 0 1.0
Default
0 -20.383952 -22.884937 -7.803036 -0.679841 0.721849 0.129422 0.078552 0.955566 1 0 1.0
0 -19.649018 -22.475059 -6.232270 -0.687893 0.712995 0.135803 0.078552 0.955566 1 0 1.0
0 -19.547645 -22.361179 -6.316676 -0.682211 0.719445 0.130333 0.078552 0.955566 1 0 1.0
Default
0 -20.330917 -22.828033 -7.846497 -0.675768 0.726227 0.126223 0.078552 0.955566 1 0 1.0
0 -20.383952 -22.884937 -7.803036 -0.679841 0.721849 0.129422 0.078552 0.955566 1 0 1.0
0 -19.547645 -22.361179 -6.316676 -0.682211 0.719445 0.130333 0.078552 0.955566 1 0 1.0
Default
0 -19.083820 -22.848635 -6.442510 0.580861 -0.756071 -0.301590 0.078552 0.955566 1 0 1.0
0 -19.185193 -22.962513 -6.358094 0.586418 -0.749583 -0.306983 0.078552 0.955566 1 0 1.0
0 -20.161627 -23.108917 -7.865847 0.580861 -0.756071 -0.301590 0.078552 0.955566 1 0 1.0
Default
0 -20.108585 -23.052016 -7.909318 0.575246 -0.762482 -0.296165 0.078552 0.955566 1 0 1.0
0 -19.083820 -22.848635 -6.442510 0.580861 -0.756071 -0.301590 0.078552 0.955566 1 0 1.0
0 -20.161627 -23.108917 -7.865847 0.580861 -0.756071 -0.301590 0.078552 0.955566 1 0 1.0
Default
0 -20.161627 -23.108917 -7.865847 0.267365 -0.960374 -0.078729 0.078552 0.955566 1 0 1.0
0 -19.185193 -22.962513 -6.358094 0.258809 -0.963083 -0.074090 0.078552 0.955566 1 0 1.0
0 -19.327951 -23.007734 -6.268952 0.267365 -0.960374 -0.078729 0.078552 0.955566 1 0 1.0
Default
0 -20.233990 -23.133743 -7.820174 0.275894 -0.957566 -0.083359 0.078552 0.955566 1 0 1.0
0 -20.161627 -23.108917 -7.865847 0.267365 -0.960374 -0.078729 0.078552 0.955566 1 0 1.0
0 -19.327951 -23.007734 -6.268952 0.267365 -0.960374 -0.078729 0.078552 0.955566 1 0 1.0
Default
0 -21.377247 -23.442716 -9.881886 0.217407 0.887026 -0.407332 0.078552 0.955566 1 0 1.0
0 -20.258551 -22.803210 -7.892180 0.215752 0.886093 -0.410232 0.078552 0.955566 1 0 1.0
0 -20.100109 -22.873222 -7.960076 0.215752 0.886093 -0.410232 0.078552 0.955566 1 0 1.0
Default
0 -20.258551 -22.803210 -7.892180 0.215752 0.886093 -0.410232 0.078552 0.955566 1 0 1.0
0 -19.404885 -22.315958 -6.405816 0.214095 0.885150 -0.413126 0.078552 0.955566 1 0 1.0
0 -20.100109 -22.873222 -7.960076 0.215752 0.886093 -0.410232 0.078552 0.955566 1 0 1.0
Default
0 -21.377247 -23.442716 -9.881886 -0.906955 0.154275 0.391959 0.078552 0.955566 1 0 1.0
0 -20.392428 -23.063728 -7.752276 -0.908402 0.153478 0.388910 0.078552 0.955566 1 0 1.0
0 -20.383952 -22.884937 -7.803036 -0.908402 0.153478 0.388910 0.078552 0.955566 1 0 1.0
Default
0 -20.383952 -22.884937 -7.803036 -0.908402 0.153478 0.388910 0.078552 0.955566 1 0 1.0
0 -20.392428 -23.063728 -7.752276 -0.908402 0.153478 0.388910 0.078552 0.955566 1 0 1.0
0 -19.649018 -22.475059 -6.232270 -0.909837 0.152679 0.385857 0.078552 0.955566 1 0 1.0
Default
0 -0.138667 -0.393533 8.391707 0.016216 0.985824 -0.166996 0.079895 0.230591 1 0 1.0
0 -0.073145 -0.392315 8.405255 0.016216 0.985824 -0.166996 0.079895 0.230591 1 0 1.0
0 -0.091191 -0.449594 8.094628 0.019452 0.983032 -0.182398 0.079895 0.230591 1 0 1.0
Default
0 -0.073145 -0.392315 8.405255 0.016216 0.985824 -0.166996 0.079895 0.230591 1 0 1.0
0 -0.138667 -0.393533 8.391707 0.016216 0.985824 -0.166996 0.079895 0.230591 1 0 1.0
0 -0.073895 -0.382300 8.470510 0.012975 0.988364 -0.151552 0.079895 0.230591 1 0 1.0
Default
0 0.000000 -0.689637 7.416534 0.499613 0.865203 -0.042549 0.079895 0.230591 1 0 1.0
0 -0.229696 -0.562460 7.305474 0.487274 0.872466 -0.036968 0.079895 0.230591 1 0 1.0
0 -0.091069 -0.623529 7.691445 0.487274 0.872466 -0.036968 0.079895 0.230591 1 0 1.0
Default
0 -0.091069 -0.623529 7.691445 0.487274 0.872466 -0.036968 0.079895 0.230591 1 0 1.0
0 -0.229696 -0.562460 7.305474 0.487274 0.872466 -0.036968 0.079895 0.230591 1 0 1.0
0 -0.365156 -0.480814 7.544169 0.474820 0.879523 -0.031378 0.079895 0.230591 1 0 1.0
Default
0 -0.919589 -0.800814 7.311796 -0.251898 0.869194 -0.425498 0.079834 0.230591 1 0 1.0
0 0.000000 -0.813412 6.740209 -0.252609 0.868958 -0.425558 0.079895 0.230591 1 0 1.0
0 -0.751290 -1.116761 6.566754 -0.251898 0.869194 -0.425498 0.079895 0.230591 1 0 1.0
Default
0 -1.489415 -1.431371 6.359617 -0.251187 0.869430 -0.425437 0.080811 0.232056 1 0 1.0
0 -0.919589 -0.800814 7.311796 -0.251898 0.869194 -0.425498 0.079834 0.230591 1 0 1.0
0 -0.751290 -1.116761 6.566754 -0.251898 0.869194 -0.425498 0.079895 0.230591 1 0 1.0
Default
0 -0.894737 -1.022241 8.492904 -0.691480 0.629510 0.354362 0.082703 0.949219 1 0 1.0
0 -0.942001 -1.146835 8.622013 -0.691480 0.629510 0.354362 0.082764 0.948730 1 0 1.0
0 -0.576363 -0.751875 8.645461 -0.698121 0.625620 0.348177 0.082642 0.949219 1 0 1.0
Default
0 -0.942001 -1.146835 8.622013 -0.691480 0.629510 0.354362 0.082764 0.948730 1 0 1.0
0 -0.894737 -1.022241 8.492904 -0.691480 0.629510 0.354362 0.082703 0.949219 1 0 1.0
0 -1.082710 -1.226902 8.495404 -0.684773 0.633338 0.360512 0.081543 0.949707 1 0 1.0
Default
0 -4.007623 -13.299407 5.450672 -0.713041 -0.630369 0.306932 0.074707 0.946777 1 0 1.0
0 -3.797216 -13.612432 5.296590 -0.713041 -0.630369 0.306932 0.074707 0.946777 1 0 1.0
0 -3.745820 -13.372582 5.908592 -0.713042 -0.630369 0.306930 0.074707 0.946777 1 0 1.0
Default
0 -4.007623 -13.299407 5.450672 -0.713041 -0.630369 0.306932 0.074707 0.946777 1 0 1.0
0 -4.842274 -12.430318 5.296590 -0.713040 -0.630369 0.306933 0.074707 0.946777 1 0 1.0
0 -3.797216 -13.612432 5.296590 -0.713041 -0.630369 0.306932 0.074707 0.946777 1 0 1.0
Default
0 -2.337409 -9.134215 2.699560 -0.070854 -0.029319 -0.997056 0.081177 0.232788 1 0 1.0
0 -1.745323 -10.565088 2.699560 -0.065200 -0.006954 -0.997848 0.081177 0.232788 1 0 1.0
0 -3.003505 -9.948333 2.770834 -0.063249 -0.013707 -0.997904 0.081177 0.232788 1 0 1.0
Default
0 -3.003505 -9.948333 2.770834 -0.063249 -0.013707 -0.997904 0.081177 0.232788 1 0 1.0
0 -1.745323 -10.565088 2.699560 -0.065200 -0.006954 -0.997848 0.081177 0.232788 1 0 1.0
0 -2.016696 -11.354536 2.713170 -0.062361 0.004231 -0.998045 0.081177 0.232788 1 0 1.0
Default
0 -0.437800 -10.565088 2.609001 -0.069093 0.006553 -0.997589 0.081177 0.232788 1 0 1.0
0 -2.016696 -11.354536 2.713170 -0.062361 0.004231 -0.998045 0.081177 0.232788 1 0 1.0
0 -1.745323 -10.565088 2.699560 -0.065200 -0.006954 -0.997848 0.081177 0.232788 1 0 1.0
Default
0 -1.967355 -7.209935 2.553635 0.167777 0.087962 -0.981893 0.081177 0.232788 1 0 1.0
0 -0.931205 -6.864552 2.761623 0.167777 0.087962 -0.981893 0.081177 0.232788 1 0 1.0
0 -0.857194 -8.172075 2.657136 0.167777 0.087962 -0.981893 0.081177 0.232788 1 0 1.0
Default
0 0.000000 -6.641456 2.987073 0.213971 0.089843 -0.972700 0.081177 0.232788 1 0 1.0
0 -0.857194 -8.172075 2.657136 0.167777 0.087962 -0.981893 0.081177 0.232788 1 0 1.0
0 -0.931205 -6.864552 2.761623 0.167777 0.087962 -0.981893 0.081177 0.232788 1 0 1.0
Default
0 -1.325929 -5.631040 2.943857 -0.187266 0.509771 -0.839682 0.081177 0.232788 1 0 1.0
0 -2.189387 -6.223126 2.767551 -0.181006 0.513696 -0.838662 0.081177 0.232788 1 0 1.0
0 -2.740915 -3.752738 4.399745 -0.187266 0.509771 -0.839682 0.081177 0.232788 1 0 1.0
Default
0 -1.325929 -5.631040 2.943857 -0.187266 0.509771 -0.839682 0.081177 0.232788 1 0 1.0
0 -2.740915 -3.752738 4.399745 -0.187266 0.509771 -0.839682 0.081177 0.232788 1 0 1.0
0 -1.058958 -3.381649 4.235847 -0.193515 0.505817 -0.840655 0.081177 0.232788 1 0 1.0
Default
0 -3.361614 -7.657710 2.950604 -0.460907 0.272031 -0.844727 0.081177 0.232788 1 0 1.0
0 -3.841189 -6.320285 3.642969 -0.460907 0.272031 -0.844727 0.081177 0.232788 1 0 1.0
0 -2.189387 -6.223126 2.767551 -0.463170 0.270786 -0.843889 0.081177 0.232788 1 0 1.0
Default
0 -3.841189 -6.320285 3.642969 -0.460907 0.272031 -0.844727 0.081177 0.232788 1 0 1.0
0 -3.361614 -7.657710 2.950604 -0.460907 0.272031 -0.844727 0.081177 0.232788 1 0 1.0
0 -4.180031 -7.091650 3.577466 -0.458641 0.273274 -0.845559 0.081177 0.232788 1 0 1.0
Default
0 0.000000 -12.803564 3.094281 -0.248672 -0.474703 -0.844286 0.081177 0.232788 1 0 1.0
0 -0.576928 -13.528731 3.671935 -0.232058 -0.476172 -0.848180 0.081177 0.232788 1 0 1.0
0 -0.635162 -12.094643 2.882765 -0.232058 -0.476172 -0.848180 0.081177 0.232788 1 0 1.0
Default
0 -0.635162 -12.094643 2.882765 -0.232058 -0.476172 -0.848180 0.081177 0.232788 1 0 1.0
0 -0.576928 -13.528731 3.671935 -0.232058 -0.476172 -0.848180 0.081177 0.232788 1 0 1.0
0 -1.591249 -13.245930 3.769869 -0.215376 -0.477500 -0.851825 0.081177 0.232788 1 0 1.0
Default
0 -0.857194 -8.172075 2.657136 0.022757 -0.076697 -0.996795 0.081177 0.232788 1 0 1.0
0 -2.608781 -7.900702 2.590381 0.025595 -0.079915 -0.996473 0.081177 0.232788 1 0 1.0
0 -1.967355 -7.209935 2.553635 0.026026 -0.077187 -0.996677 0.081177 0.232788 1 0 1.0
Default
0 -2.337409 -9.134215 2.699560 0.021123 -0.076451 -0.996850 0.081177 0.232788 1 0 1.0
0 -2.608781 -7.900702 2.590381 0.025595 -0.079915 -0.996473 0.081177 0.232788 1 0 1.0
0 -0.857194 -8.172075 2.657136 0.022757 -0.076697 -0.996795 0.081177 0.232788 1 0 1.0
Default
0 -0.857194 -8.172075 2.657136 0.022757 -0.076697 -0.996795 0.081177 0.232788 1 0 1.0
0 -0.561151 -9.084874 2.726502 0.017080 -0.070255 -0.997383 0.081177 0.232788 1 0 1.0
0 -2.337409 -9.134215 2.699560 0.021123 -0.076451 -0.996850 0.081177 0.232788 1 0 1.0
Default
0 -1.153237 -9.800311 2.699560 0.007225 0.012844 -0.999891 0.081177 0.232788 1 0 1.0
0 -1.745323 -10.565088 2.699560 -0.000000 0.000000 -1.000000 0.081177 0.232788 1 0 1.0
0 -2.337409 -9.134215 2.699560 0.007225 0.012844 -0.999891 0.081177 0.232788 1 0 1.0
Default
0 -2.337409 -9.134215 2.699560 0.007225 0.012844 -0.999891 0.081177 0.232788 1 0 1.0
0 -0.561151 -9.084874 2.726502 0.014448 0.025685 -0.999566 0.081177 0.232788 1 0 1.0
0 -1.153237 -9.800311 2.699560 0.007225 0.012844 -0.999891 0.081177 0.232788 1 0 1.0
Default
0 -0.437800 -10.565088 2.609001 -0.057317 0.064352 -0.996280 0.081177 0.232788 1 0 1.0
0 -1.153237 -9.800311 2.699560 -0.057317 0.064352 -0.996280 0.081177 0.232788 1 0 1.0
0 -0.561151 -9.084874 2.726502 -0.045625 0.075271 -0.996119 0.081177 0.232788 1 0 1.0
Default
0 -1.745323 -10.565088 2.699560 -0.068996 0.053416 -0.996186 0.081177 0.232788 1 0 1.0
0 -1.153237 -9.800311 2.699560 -0.057317 0.064352 -0.996280 0.081177 0.232788 1 0 1.0
0 -0.437800 -10.565088 2.609001 -0.057317 0.064352 -0.996280 0.081177 0.232788 1 0 1.0
Default
0 -19.128925 -4.266214 1.093640 0.374596 0.925562 -0.054890 0.078552 0.955566 1 0 1.0
0 -19.416483 -4.143034 1.281932 0.364072 0.929900 -0.052329 0.078552 0.955566 1 0 1.0
0 -18.947689 -4.292727 1.883420 0.374596 0.925562 -0.054890 0.078552 0.955566 1 0 1.0
Default
0 -18.715294 -4.400579 1.711880 0.385069 0.921098 -0.057443 0.078552 0.955566 1 0 1.0
0 -19.128925 -4.266214 1.093640 0.374596 0.925562 -0.054890 0.078552 0.955566 1 0 1.0
0 -18.947689 -4.292727 1.883420 0.374596 0.925562 -0.054890 0.078552 0.955566 1 0 1.0
Default
0 -18.440077 -16.184383 1.264060 0.014761 0.995891 -0.089350 0.078552 0.955566 1 0 1.0
0 -18.619191 -16.174973 1.372016 0.001378 0.996417 -0.084563 0.078552 0.955566 1 0 1.0
0 -18.221130 -16.133217 1.870524 0.014761 0.995891 -0.089350 0.078552 0.955566 1 0 1.0
Default
0 -18.084048 -16.146200 1.774230 0.028141 0.995163 -0.094119 0.078552 0.955566 1 0 1.0
0 -18.440077 -16.184383 1.264060 0.014761 0.995891 -0.089350 0.078552 0.955566 1 0 1.0
0 -18.221130 -16.133217 1.870524 0.014761 0.995891 -0.089350 0.078552 0.955566 1 0 1.0
Default
0 3.797216 -13.612432 5.296590 0.361070 -0.857542 0.366402 0.074707 0.946777 1 0 1.0
0 2.152214 -14.216266 5.504419 0.361070 -0.857542 0.366402 0.074707 0.946777 1 0 1.0
0 2.169668 -14.297715 5.296590 0.361070 -0.857542 0.366401 0.074707 0.946777 1 0 1.0
Default
0 3.797216 -13.612432 5.296590 0.361070 -0.857542 0.366402 0.074707 0.946777 1 0 1.0
0 2.118271 -14.057866 5.908592 0.361070 -0.857541 0.366403 0.074707 0.946777 1 0 1.0
0 2.152214 -14.216266 5.504419 0.361070 -0.857542 0.366402 0.074707 0.946777 1 0 1.0
Default
0 3.745820 -13.372582 5.908592 0.361070 -0.857542 0.366403 0.074707 0.946777 1 0 1.0
0 2.118271 -14.057866 5.908592 0.361070 -0.857541 0.366403 0.074707 0.946777 1 0 1.0
0 3.797216 -13.612432 5.296590 0.361070 -0.857542 0.366402 0.074707 0.946777 1 0 1.0
Default
0 0.576928 -13.528731 3.671935 0.276299 -0.814134 -0.510730 0.081177 0.232788 1 0 1.0
0 1.591249 -13.245930 3.769869 0.270530 -0.804651 -0.528536 0.081177 0.232788 1 0 1.0
0 0.801513 -13.859111 4.320079 0.265133 -0.810346 -0.522535 0.081177 0.232788 1 0 1.0
Default
0 1.591249 -13.245930 3.769869 0.270530 -0.804651 -0.528536 0.081177 0.232788 1 0 1.0
0 1.880882 -13.558174 4.378839 0.267601 -0.799776 -0.537352 0.081177 0.232788 1 0 1.0
0 0.801513 -13.859111 4.320079 0.265133 -0.810346 -0.522535 0.081177 0.232788 1 0 1.0
Default
0 1.591249 -13.245930 3.769869 0.270530 -0.804651 -0.528536 0.081177 0.232788 1 0 1.0
0 2.902878 -12.673680 3.612716 0.281243 -0.793027 -0.540380 0.081177 0.232788 1 0 1.0
0 1.880882 -13.558174 4.378839 0.267601 -0.799776 -0.537352 0.081177 0.232788 1 0 1.0
Default
0 11.993193 3.049669 4.655321 0.695276 -0.623047 0.358335 0.078552 0.955566 1 0 1.0
0 11.787669 3.128368 5.190934 0.695275 -0.623048 0.358337 0.078552 0.955566 1 0 1.0
0 11.493446 2.491987 4.655321 0.697494 -0.620303 0.358785 0.078552 0.955566 1 0 1.0
Default
0 11.787669 3.128368 5.190934 0.695275 -0.623048 0.358337 0.078552 0.955566 1 0 1.0
0 11.335324 2.552534 5.067393 0.698599 -0.618928 0.359009 0.078552 0.955566 1 0 1.0
0 11.493446 2.491987 4.655321 0.697494 -0.620303 0.358785 0.078552 0.955566 1 0 1.0
Default
0 11.493446 2.491987 4.655321 0.697494 -0.620303 0.358785 0.078552 0.955566 1 0 1.0
0 11.335324 2.552534 5.067393 0.698599 -0.618928 0.359009 0.078552 0.955566 1 0 1.0
0 5.618501 -4.215427 4.655319 0.701905 -0.614790 0.359670 0.078552 0.955566 1 0 1.0
Default
0 3.828801 -4.849433 5.014956 0.506324 0.235301 0.829620 0.078552 0.955566 1 0 1.0
0 3.349102 -5.072151 5.370889 0.507845 0.230281 0.830099 0.078552 0.955566 1 0 1.0
0 4.007162 -5.339479 5.057021 0.498210 0.252533 0.829466 0.078552 0.955566 1 0 1.0
Default
0 3.349102 -5.072151 5.370889 0.507845 0.230281 0.830099 0.078552 0.955566 1 0 1.0
0 3.828801 -4.849433 5.014956 0.506324 0.235301 0.829620 0.078552 0.955566 1 0 1.0
0 3.650439 -4.359389 4.996754 0.512551 0.219103 0.830232 0.078552 0.955566 1 0 1.0
Default
0 3.010876 -4.142884 5.332545 0.510845 0.220221 0.830987 0.078552 0.955566 1 0 1.0
0 3.349102 -5.072151 5.370889 0.507845 0.230281 0.830099 0.078552 0.955566 1 0 1.0
0 3.650439 -4.359389 4.996754 0.512551 0.219103 0.830232 0.078552 0.955566 1 0 1.0
Default
0 15.607124 -5.368086 6.869143 0.973045 0.091822 -0.211545 0.078552 0.955566 1 0 1.0
0 15.610931 -5.803416 6.697712 0.973048 0.091810 -0.211540 0.078552 0.955566 1 0 1.0
0 15.576384 -5.368086 6.727746 0.973045 0.091822 -0.211546 0.078552 0.955566 1 0 1.0
Default
0 15.610931 -5.803416 6.697712 0.973048 0.091810 -0.211540 0.078552 0.955566 1 0 1.0
0 15.580117 -5.794934 6.559656 0.973049 0.091807 -0.211537 0.078552 0.955566 1 0 1.0
0 15.576384 -5.368086 6.727746 0.973045 0.091822 -0.211546 0.078552 0.955566 1 0 1.0
Default
0 15.610931 -5.803416 6.697712 0.973048 0.091810 -0.211540 0.078552 0.955566 1 0 1.0
0 15.551137 -5.959099 6.355103 0.973048 0.091807 -0.211540 0.078552 0.955566 1 0 1.0
0 15.580117 -5.794934 6.559656 0.973049 0.091807 -0.211537 0.078552 0.955566 1 0 1.0
Default
0 15.551137 -5.959099 6.355103 0.973048 0.091807 -0.211540 0.078552 0.955566 1 0 1.0
0 15.544664 -5.887244 6.356513 0.973048 0.091803 -0.211544 0.078552 0.955566 1 0 1.0
0 15.580117 -5.794934 6.559656 0.973049 0.091807 -0.211537 0.078552 0.955566 1 0 1.0
Default
0 15.544664 -5.887244 6.356513 0.973048 0.091803 -0.211544 0.078552 0.955566 1 0 1.0
0 15.551137 -5.959099 6.355103 0.973048 0.091807 -0.211540 0.078552 0.955566 1 0 1.0
0 15.492576 -5.794932 6.156985 0.973047 0.091817 -0.211541 0.078552 0.955566 1 0 1.0
Default
0 15.551137 -5.959099 6.355103 0.973048 0.091807 -0.211540 0.078552 0.955566 1 0 1.0
0 15.463291 -5.803414 6.018599 0.973046 0.091826 -0.211542 0.078552 0.955566 1 0 1.0
0 15.492576 -5.794932 6.156985 0.973047 0.091817 -0.211541 0.078552 0.955566 1 0 1.0
Default
0 15.492576 -5.794932 6.156985 0.973047 0.091817 -0.211541 0.078552 0.955566 1 0 1.0
0 15.463291 -5.803414 6.018599 0.973046 0.091826 -0.211542 0.078552 0.955566 1 0 1.0
0 15.419386 -5.368086 6.005616 0.973045 0.091831 -0.211545 0.078552 0.955566 1 0 1.0
Default
0 15.463291 -5.803414 6.018599 0.973046 0.091826 -0.211542 0.078552 0.955566 1 0 1.0
0 15.388645 -5.368085 5.864225 0.973043 0.091831 -0.211552 0.078552 0.955566 1 0 1.0
0 15.419386 -5.368086 6.005616 0.973045 0.091831 -0.211545 0.078552 0.955566 1 0 1.0
Default
0 15.388645 -5.368085 5.864225 0.973043 0.091831 -0.211552 0.078552 0.955566 1 0 1.0
0 15.384832 -4.932759 6.035658 0.973047 0.091809 -0.211545 0.078552 0.955566 1 0 1.0
0 15.419386 -5.368086 6.005616 0.973045 0.091831 -0.211545 0.078552 0.955566 1 0 1.0
Default
0 15.384832 -4.932759 6.035658 0.973047 0.091809 -0.211545 0.078552 0.955566 1 0 1.0
0 15.415645 -4.941239 6.173712 0.973043 0.091810 -0.211560 0.078552 0.955566 1 0 1.0
0 15.419386 -5.368086 6.005616 0.973045 0.091831 -0.211545 0.078552 0.955566 1 0 1.0
Default
0 15.384832 -4.932759 6.035658 0.973047 0.091809 -0.211545 0.078552 0.955566 1 0 1.0
0 15.444633 -4.777073 6.378259 0.973046 0.091802 -0.211551 0.078552 0.955566 1 0 1.0
0 15.415645 -4.941239 6.173712 0.973043 0.091810 -0.211560 0.078552 0.955566 1 0 1.0
Default
0 15.444633 -4.777073 6.378259 0.973046 0.091802 -0.211551 0.078552 0.955566 1 0 1.0
0 15.451109 -4.848928 6.376853 0.973043 0.091835 -0.211552 0.078552 0.955566 1 0 1.0
0 15.415645 -4.941239 6.173712 0.973043 0.091810 -0.211560 0.078552 0.955566 1 0 1.0
Default
0 15.451109 -4.848928 6.376853 0.973043 0.091835 -0.211552 0.078552 0.955566 1 0 1.0
0 15.444633 -4.777073 6.378259 0.973046 0.091802 -0.211551 0.078552 0.955566 1 0 1.0
0 15.503191 -4.941239 6.576381 0.973047 0.091813 -0.211540 0.078552 0.955566 1 0 1.0
Default
0 19.128925 -4.266215 1.093640 0.508105 0.118060 -0.853165 0.078552 0.955566 1 0 1.0
0 19.416483 -4.143034 1.281932 0.508095 0.118052 -0.853172 0.078552 0.955566 1 0 1.0
0 19.260104 -4.298672 1.167274 0.508089 0.118057 -0.853175 0.078552 0.955566 1 0 1.0
Default
0 19.416483 -4.143034 1.281932 0.508095 0.118052 -0.853172 0.078552 0.955566 1 0 1.0
0 19.421742 -4.229435 1.273106 0.508087 0.118082 -0.853173 0.078552 0.955566 1 0 1.0
0 19.260104 -4.298672 1.167274 0.508089 0.118057 -0.853175 0.078552 0.955566 1 0 1.0
Default
0 19.421742 -4.229435 1.273106 0.508087 0.118082 -0.853173 0.078552 0.955566 1 0 1.0
0 19.416483 -4.143034 1.281932 0.508095 0.118052 -0.853172 0.078552 0.955566 1 0 1.0
0 19.591795 -4.298672 1.364805 0.508109 0.118056 -0.853164 0.078552 0.955566 1 0 1.0
Default
0 19.416483 -4.143034 1.281932 0.508095 0.118052 -0.853172 0.078552 0.955566 1 0 1.0
0 19.719028 -4.266215 1.445068 0.508091 0.118044 -0.853176 0.078552 0.955566 1 0 1.0
0 19.591795 -4.298672 1.364805 0.508109 0.118056 -0.853164 0.078552 0.955566 1 0 1.0
Default
0 19.591795 -4.298672 1.364805 0.508109 0.118056 -0.853164 0.078552 0.955566 1 0 1.0
0 19.719028 -4.266215 1.445068 0.508091 0.118044 -0.853176 0.078552 0.955566 1 0 1.0
0 19.845208 -4.835799 1.441403 0.508083 0.118058 -0.853179 0.078552 0.955566 1 0 1.0
Default
0 15.942061 -8.584853 6.912163 0.977173 -0.019819 -0.211519 0.078552 0.955566 1 0 1.0
0 15.892863 -9.048921 6.728398 0.977170 -0.019837 -0.211531 0.078552 0.955566 1 0 1.0
0 15.912246 -8.581428 6.774101 0.977171 -0.019819 -0.211527 0.078552 0.955566 1 0 1.0
Default
0 15.892863 -9.048921 6.728398 0.977170 -0.019837 -0.211531 0.078552 0.955566 1 0 1.0
0 15.862320 -9.052334 6.587629 0.977168 -0.019836 -0.211539 0.078552 0.955566 1 0 1.0
0 15.912246 -8.581428 6.774101 0.977171 -0.019819 -0.211527 0.078552 0.955566 1 0 1.0
Default
0 15.892863 -9.048921 6.728398 0.977170 -0.019837 -0.211531 0.078552 0.955566 1 0 1.0
0 15.810142 -9.207401 6.361140 0.977167 -0.019842 -0.211546 0.078552 0.955566 1 0 1.0
0 15.862320 -9.052334 6.587629 0.977168 -0.019836 -0.211539 0.078552 0.955566 1 0 1.0
Default
0 15.810142 -9.207401 6.361140 0.977167 -0.019842 -0.211546 0.078552 0.955566 1 0 1.0
0 15.811560 -9.149582 6.362271 0.977168 -0.019833 -0.211543 0.078552 0.955566 1 0 1.0
0 15.862320 -9.052334 6.587629 0.977168 -0.019836 -0.211539 0.078552 0.955566 1 0 1.0
Default
0 15.811560 -9.149582 6.362271 0.977168 -0.019833 -0.211543 0.078552 0.955566 1 0 1.0
0 15.810142 -9.207401 6.361140 0.977167 -0.019842 -0.211546 0.078552 0.955566 1 0 1.0
0 15.765840 -9.041250 6.140924 0.977165 -0.019838 -0.211555 0.078552 0.955566 1 0 1.0
Default
0 15.810142 -9.207401 6.361140 0.977167 -0.019842 -0.211546 0.078552 0.955566 1 0 1.0
0 15.735632 -9.030859 6.000423 0.977163 -0.019835 -0.211563 0.078552 0.955566 1 0 1.0
0 15.765840 -9.041250 6.140924 0.977165 -0.019838 -0.211555 0.078552 0.955566 1 0 1.0
Default
0 15.765840 -9.041250 6.140924 0.977165 -0.019838 -0.211555 0.078552 0.955566 1 0 1.0
0 15.735632 -9.030859 6.000423 0.977163 -0.019835 -0.211563 0.078552 0.955566 1 0 1.0
0 15.739215 -8.561552 5.973003 0.977165 -0.019815 -0.211558 0.078552 0.955566 1 0 1.0
Default
0 15.735632 -9.030859 6.000423 0.977163 -0.019835 -0.211563 0.078552 0.955566 1 0 1.0
0 15.709393 -8.558126 5.834944 0.977162 -0.019815 -0.211568 0.078552 0.955566 1 0 1.0
0 15.739215 -8.561552 5.973003 0.977165 -0.019815 -0.211558 0.078552 0.955566 1 0 1.0
Default
0 15.709393 -8.558126 5.834944 0.977162 -0.019815 -0.211568 0.078552 0.955566 1 0 1.0
0 15.758587 -8.094061 6.018710 0.977167 -0.019836 -0.211547 0.078552 0.955566 1 0 1.0
0 15.739215 -8.561552 5.973003 0.977165 -0.019815 -0.211558 0.078552 0.955566 1 0 1.0
Default
0 15.758587 -8.094061 6.018710 0.977167 -0.019836 -0.211547 0.078552 0.955566 1 0 1.0
0 15.789130 -8.090647 6.159479 0.977165 -0.019836 -0.211554 0.078552 0.955566 1 0 1.0
0 15.739215 -8.561552 5.973003 0.977165 -0.019815 -0.211558 0.078552 0.955566 1 0 1.0
Default
0 15.758587 -8.094061 6.018710 0.977167 -0.019836 -0.211547 0.078552 0.955566 1 0 1.0
0 15.841315 -7.935579 6.385962 0.977167 -0.019834 -0.211546 0.078552 0.955566 1 0 1.0
0 15.789130 -8.090647 6.159479 0.977165 -0.019836 -0.211554 0.078552 0.955566 1 0 1.0
Default
0 15.841315 -7.935579 6.385962 0.977167 -0.019834 -0.211546 0.078552 0.955566 1 0 1.0
0 15.839899 -7.993399 6.384835 0.977165 -0.019810 -0.211556 0.078552 0.955566 1 0 1.0
0 15.789130 -8.090647 6.159479 0.977165 -0.019836 -0.211554 0.078552 0.955566 1 0 1.0
Default
0 15.839899 -7.993399 6.384835 0.977165 -0.019810 -0.211556 0.078552 0.955566 1 0 1.0
0 15.841315 -7.935579 6.385962 0.977167 -0.019834 -0.211546 0.078552 0.955566 1 0 1.0
0 15.885617 -8.101730 6.606181 0.977171 -0.019813 -0.211530 0.078552 0.955566 1 0 1.0
Default
0 19.530232 -7.977519 1.153161 0.518266 0.059293 -0.853162 0.078552 0.955566 1 0 1.0
0 19.785304 -7.901305 1.313396 0.518247 0.059281 -0.853174 0.078552 0.955566 1 0 1.0
0 19.637980 -8.017698 1.215823 0.518249 0.059289 -0.853172 0.078552 0.955566 1 0 1.0
Default
0 19.785304 -7.901305 1.313396 0.518247 0.059281 -0.853174 0.078552 0.955566 1 0 1.0
0 19.781358 -7.974861 1.305885 0.518242 0.059314 -0.853174 0.078552 0.955566 1 0 1.0
0 19.637980 -8.017698 1.215823 0.518249 0.059289 -0.853172 0.078552 0.955566 1 0 1.0
Default
0 19.781358 -7.974861 1.305885 0.518242 0.059314 -0.853174 0.078552 0.955566 1 0 1.0
0 19.785304 -7.901305 1.313396 0.518247 0.059281 -0.853174 0.078552 0.955566 1 0 1.0
0 19.918399 -8.049910 1.383919 0.518256 0.059290 -0.853168 0.078552 0.955566 1 0 1.0
Default
0 19.785304 -7.901305 1.313396 0.518247 0.059281 -0.853174 0.078552 0.955566 1 0 1.0
0 20.029119 -8.034825 1.452221 0.518244 0.059284 -0.853176 0.078552 0.955566 1 0 1.0
0 19.918399 -8.049910 1.383919 0.518256 0.059290 -0.853168 0.078552 0.955566 1 0 1.0
Default
0 19.918399 -8.049910 1.383919 0.518256 0.059290 -0.853168 0.078552 0.955566 1 0 1.0
0 20.029119 -8.034825 1.452221 0.518244 0.059284 -0.853176 0.078552 0.955566 1 0 1.0
0 20.080480 -8.528620 1.449103 0.518245 0.059301 -0.853174 0.078552 0.955566 1 0 1.0
Default
0 14.848574 -15.596598 6.875166 0.936348 -0.280190 -0.211532 0.078552 0.955566 1 0 1.0
0 14.684112 -16.013065 6.698844 0.936343 -0.280200 -0.211540 0.078552 0.955566 1 0 1.0
0 14.818628 -15.584468 6.726542 0.936346 -0.280190 -0.211540 0.078552 0.955566 1 0 1.0
Default
0 14.684112 -16.013065 6.698844 0.936343 -0.280200 -0.211540 0.078552 0.955566 1 0 1.0
0 14.658755 -15.989309 6.555145 0.936343 -0.280202 -0.211540 0.078552 0.955566 1 0 1.0
0 14.818628 -15.584468 6.726542 0.936346 -0.280190 -0.211540 0.078552 0.955566 1 0 1.0
Default
0 14.684112 -16.013065 6.698844 0.936343 -0.280200 -0.211540 0.078552 0.955566 1 0 1.0
0 14.566998 -16.138390 6.346465 0.936341 -0.280208 -0.211541 0.078552 0.955566 1 0 1.0
0 14.658755 -15.989309 6.555145 0.936343 -0.280202 -0.211540 0.078552 0.955566 1 0 1.0
Default
0 14.566998 -16.138390 6.346465 0.936341 -0.280208 -0.211541 0.078552 0.955566 1 0 1.0
0 14.589912 -16.062981 6.348004 0.936342 -0.280209 -0.211536 0.078552 0.955566 1 0 1.0
0 14.658755 -15.989309 6.555145 0.936343 -0.280202 -0.211540 0.078552 0.955566 1 0 1.0
Default
0 14.589912 -16.062981 6.348004 0.936342 -0.280209 -0.211536 0.078552 0.955566 1 0 1.0
0 14.566998 -16.138390 6.346465 0.936341 -0.280208 -0.211541 0.078552 0.955566 1 0 1.0
0 14.576023 -15.955799 6.144550 0.936341 -0.280205 -0.211546 0.078552 0.955566 1 0 1.0
Default
0 14.566998 -16.138390 6.346465 0.936341 -0.280208 -0.211541 0.078552 0.955566 1 0 1.0
0 14.543369 -15.956056 6.000359 0.936340 -0.280198 -0.211556 0.078552 0.955566 1 0 1.0
0 14.576023 -15.955799 6.144550 0.936341 -0.280205 -0.211546 0.078552 0.955566 1 0 1.0
Default
0 14.576023 -15.955799 6.144550 0.936341 -0.280205 -0.211546 0.078552 0.955566 1 0 1.0
0 14.543369 -15.956056 6.000359 0.936340 -0.280198 -0.211556 0.078552 0.955566 1 0 1.0
0 14.670250 -15.524369 5.990202 0.936346 -0.280179 -0.211557 0.078552 0.955566 1 0 1.0
Default
0 14.543369 -15.956056 6.000359 0.936340 -0.280198 -0.211556 0.078552 0.955566 1 0 1.0
0 14.640299 -15.512237 5.841583 0.936343 -0.280178 -0.211570 0.078552 0.955566 1 0 1.0
0 14.670250 -15.524369 5.990202 0.936346 -0.280179 -0.211557 0.078552 0.955566 1 0 1.0
Default
0 14.640299 -15.512237 5.841583 0.936343 -0.280178 -0.211570 0.078552 0.955566 1 0 1.0
0 14.804753 -15.095769 6.017905 0.936342 -0.280195 -0.211551 0.078552 0.955566 1 0 1.0
0 14.670250 -15.524369 5.990202 0.936346 -0.280179 -0.211557 0.078552 0.955566 1 0 1.0
Default
0 14.804753 -15.095769 6.017905 0.936342 -0.280195 -0.211551 0.078552 0.955566 1 0 1.0
0 14.830110 -15.119524 6.161605 0.936338 -0.280207 -0.211553 0.078552 0.955566 1 0 1.0
0 14.670250 -15.524369 5.990202 0.936346 -0.280179 -0.211557 0.078552 0.955566 1 0 1.0
Default
0 14.804753 -15.095769 6.017905 0.936342 -0.280195 -0.211551 0.078552 0.955566 1 0 1.0
0 14.921875 -14.970444 6.370281 0.936335 -0.280220 -0.211552 0.078552 0.955566 1 0 1.0
0 14.830110 -15.119524 6.161605 0.936338 -0.280207 -0.211553 0.078552 0.955566 1 0 1.0
Default
0 14.921875 -14.970444 6.370281 0.936335 -0.280220 -0.211552 0.078552 0.955566 1 0 1.0
0 14.898961 -15.045855 6.368744 0.936337 -0.280208 -0.211557 0.078552 0.955566 1 0 1.0
0 14.830110 -15.119524 6.161605 0.936338 -0.280207 -0.211553 0.078552 0.955566 1 0 1.0
Default
0 14.898961 -15.045855 6.368744 0.936337 -0.280208 -0.211557 0.078552 0.955566 1 0 1.0
0 14.921875 -14.970444 6.370281 0.936335 -0.280220 -0.211552 0.078552 0.955566 1 0 1.0
0 14.912850 -15.153036 6.572198 0.936341 -0.280202 -0.211547 0.078552 0.955566 1 0 1.0
Default
0 18.440080 -16.184382 1.264058 0.517644 -0.064491 -0.853162 0.078552 0.955566 1 0 1.0
0 18.619191 -16.174972 1.372015 0.517626 -0.064494 -0.853173 0.078552 0.955566 1 0 1.0
0 18.504251 -16.227796 1.306276 0.517629 -0.064490 -0.853171 0.078552 0.955566 1 0 1.0
Default
0 18.619191 -16.174972 1.372015 0.517626 -0.064494 -0.853173 0.078552 0.955566 1 0 1.0
0 18.604930 -16.222508 1.366955 0.517628 -0.064462 -0.853174 0.078552 0.955566 1 0 1.0
0 18.504251 -16.227796 1.306276 0.517629 -0.064490 -0.853171 0.078552 0.955566 1 0 1.0
Default
0 18.604930 -16.222508 1.366955 0.517628 -0.064462 -0.853174 0.078552 0.955566 1 0 1.0
0 18.619191 -16.174972 1.372015 0.517626 -0.064494 -0.853173 0.078552 0.955566 1 0 1.0
0 18.682749 -16.293405 1.419530 0.517636 -0.064489 -0.853167 0.078552 0.955566 1 0 1.0
Default
0 18.619191 -16.174972 1.372015 0.517626 -0.064494 -0.853173 0.078552 0.955566 1 0 1.0
0 18.757640 -16.301104 1.465549 0.517624 -0.064494 -0.853174 0.078552 0.955566 1 0 1.0
0 18.682749 -16.293405 1.419530 0.517636 -0.064489 -0.853167 0.078552 0.955566 1 0 1.0
Default
0 18.682749 -16.293405 1.419530 0.517636 -0.064489 -0.853167 0.078552 0.955566 1 0 1.0
0 18.757640 -16.301104 1.465549 0.517624 -0.064494 -0.853174 0.078552 0.955566 1 0 1.0
0 18.712880 -16.632582 1.463447 0.517628 -0.064478 -0.853173 0.078552 0.955566 1 0 1.0
Default
0 11.743903 -19.054396 6.785359 0.850071 -0.482328 -0.211517 0.078552 0.955566 1 0 1.0
0 11.532087 -19.363051 6.637949 0.850061 -0.482340 -0.211530 0.078552 0.955566 1 0 1.0
0 11.724087 -19.040540 6.674125 0.850068 -0.482327 -0.211531 0.078552 0.955566 1 0 1.0
Default
0 11.532087 -19.363051 6.637949 0.850061 -0.482340 -0.211530 0.078552 0.955566 1 0 1.0
0 11.509472 -19.353271 6.524769 0.850064 -0.482328 -0.211546 0.078552 0.955566 1 0 1.0
0 11.724087 -19.040540 6.674125 0.850068 -0.482327 -0.211531 0.078552 0.955566 1 0 1.0
Default
0 11.532087 -19.363051 6.637949 0.850061 -0.482340 -0.211530 0.078552 0.955566 1 0 1.0
0 11.413238 -19.443303 6.343345 0.850072 -0.482316 -0.211538 0.078552 0.955566 1 0 1.0
0 11.509472 -19.353271 6.524769 0.850064 -0.482328 -0.211546 0.078552 0.955566 1 0 1.0
Default
0 11.413238 -19.443303 6.343345 0.850072 -0.482316 -0.211538 0.078552 0.955566 1 0 1.0
0 11.436653 -19.402439 6.344268 0.850076 -0.482307 -0.211544 0.078552 0.955566 1 0 1.0
0 11.509472 -19.353271 6.524769 0.850064 -0.482328 -0.211546 0.078552 0.955566 1 0 1.0
Default
0 11.436653 -19.402439 6.344268 0.850076 -0.482307 -0.211544 0.078552 0.955566 1 0 1.0
0 11.413238 -19.443303 6.343345 0.850072 -0.482316 -0.211538 0.078552 0.955566 1 0 1.0
0 11.445725 -19.308695 6.166978 0.850076 -0.482315 -0.211527 0.078552 0.955566 1 0 1.0
Default
0 11.413238 -19.443303 6.343345 0.850072 -0.482316 -0.211538 0.078552 0.955566 1 0 1.0
0 11.428044 -19.290306 6.053991 0.850069 -0.482320 -0.211542 0.078552 0.955566 1 0 1.0
0 11.445725 -19.308695 6.166978 0.850076 -0.482315 -0.211527 0.078552 0.955566 1 0 1.0
Default
0 11.445725 -19.308695 6.166978 0.850076 -0.482315 -0.211527 0.078552 0.955566 1 0 1.0
0 11.428044 -19.290306 6.053991 0.850069 -0.482320 -0.211542 0.078552 0.955566 1 0 1.0
0 11.609763 -18.960604 6.032480 0.850069 -0.482317 -0.211548 0.078552 0.955566 1 0 1.0
Default
0 11.428044 -19.290306 6.053991 0.850069 -0.482320 -0.211542 0.078552 0.955566 1 0 1.0
0 11.589943 -18.946743 5.921248 0.850065 -0.482315 -0.211570 0.078552 0.955566 1 0 1.0
0 11.609763 -18.960604 6.032480 0.850069 -0.482317 -0.211548 0.078552 0.955566 1 0 1.0
Default
0 11.589943 -18.946743 5.921248 0.850065 -0.482315 -0.211570 0.078552 0.955566 1 0 1.0
0 11.801754 -18.638087 6.068659 0.850054 -0.482348 -0.211540 0.078552 0.955566 1 0 1.0
0 11.609763 -18.960604 6.032480 0.850069 -0.482317 -0.211548 0.078552 0.955566 1 0 1.0
Default
0 11.801754 -18.638087 6.068659 0.850054 -0.482348 -0.211540 0.078552 0.955566 1 0 1.0
0 11.824368 -18.647867 6.181841 0.850044 -0.482365 -0.211540 0.078552 0.955566 1 0 1.0
0 11.609763 -18.960604 6.032480 0.850069 -0.482317 -0.211548 0.078552 0.955566 1 0 1.0
Default
0 11.801754 -18.638087 6.068659 0.850054 -0.482348 -0.211540 0.078552 0.955566 1 0 1.0
0 11.920608 -18.557839 6.363257 0.850033 -0.482380 -0.211549 0.078552 0.955566 1 0 1.0
0 11.824368 -18.647867 6.181841 0.850044 -0.482365 -0.211540 0.078552 0.955566 1 0 1.0
Default
0 11.920608 -18.557839 6.363257 0.850033 -0.482380 -0.211549 0.078552 0.955566 1 0 1.0
0 11.897191 -18.598703 6.362340 0.850043 -0.482360 -0.211556 0.078552 0.955566 1 0 1.0
0 11.824368 -18.647867 6.181841 0.850044 -0.482365 -0.211540 0.078552 0.955566 1 0 1.0
Default
0 11.897191 -18.598703 6.362340 0.850043 -0.482360 -0.211556 0.078552 0.955566 1 0 1.0
0 11.920608 -18.557839 6.363257 0.850033 -0.482380 -0.211549 0.078552 0.955566 1 0 1.0
0 11.888119 -18.692443 6.539630 0.850049 -0.482351 -0.211552 0.078552 0.955566 1 0 1.0
Default
0 15.130993 -20.444660 1.264058 0.490146 -0.178525 -0.853162 0.078552 0.955566 1 0 1.0
0 15.307681 -20.475507 1.372015 0.490128 -0.178525 -0.853173 0.078552 0.955566 1 0 1.0
0 15.183843 -20.501314 1.306276 0.490130 -0.178525 -0.853172 0.078552 0.955566 1 0 1.0
Default
0 15.307681 -20.475507 1.372015 0.490128 -0.178525 -0.853173 0.078552 0.955566 1 0 1.0
0 15.283157 -20.518656 1.366954 0.490126 -0.178504 -0.853178 0.078552 0.955566 1 0 1.0
0 15.183843 -20.501314 1.306276 0.490130 -0.178525 -0.853172 0.078552 0.955566 1 0 1.0
Default
0 15.283157 -20.518656 1.366954 0.490126 -0.178504 -0.853178 0.078552 0.955566 1 0 1.0
0 15.307681 -20.475507 1.372015 0.490128 -0.178525 -0.853173 0.078552 0.955566 1 0 1.0
0 15.343169 -20.605150 1.419529 0.490145 -0.178519 -0.853164 0.078552 0.955566 1 0 1.0
Default
0 15.307681 -20.475507 1.372015 0.490128 -0.178525 -0.853173 0.078552 0.955566 1 0 1.0
0 15.414444 -20.629387 1.465548 0.490136 -0.178519 -0.853170 0.078552 0.955566 1 0 1.0
0 15.343169 -20.605150 1.419529 0.490145 -0.178519 -0.853164 0.078552 0.955566 1 0 1.0
Default
0 15.343169 -20.605150 1.419529 0.490145 -0.178519 -0.853164 0.078552 0.955566 1 0 1.0
0 15.414444 -20.629387 1.465548 0.490136 -0.178519 -0.853170 0.078552 0.955566 1 0 1.0
0 15.296747 -20.942484 1.463447 0.490135 -0.178511 -0.853172 0.078552 0.955566 1 0 1.0
Default
0 -3.797216 -13.612432 5.296590 -0.361070 -0.857542 0.366402 0.074707 0.946777 1 0 1.0
0 -2.118271 -14.057866 5.908592 -0.361070 -0.857541 0.366403 0.074707 0.946777 1 0 1.0
0 -3.745820 -13.372582 5.908592 -0.361070 -0.857542 0.366403 0.074707 0.946777 1 0 1.0
Default
0 -2.118271 -14.057866 5.908592 -0.361070 -0.857541 0.366403 0.074707 0.946777 1 0 1.0
0 -3.797216 -13.612432 5.296590 -0.361070 -0.857542 0.366402 0.074707 0.946777 1 0 1.0
0 -2.152214 -14.216266 5.504419 -0.361070 -0.857542 0.366402 0.074707 0.946777 1 0 1.0
Default
0 -2.169668 -14.297715 5.296590 -0.361070 -0.857542 0.366401 0.074707 0.946777 1 0 1.0
0 -2.152214 -14.216266 5.504419 -0.361070 -0.857542 0.366402 0.074707 0.946777 1 0 1.0
0 -3.797216 -13.612432 5.296590 -0.361070 -0.857542 0.366402 0.074707 0.946777 1 0 1.0
Default
0 -5.265439 -11.102351 4.899022 -0.529801 -0.333017 -0.780007 0.081177 0.232788 1 0 1.0
0 -4.828915 -10.925132 4.526862 -0.529801 -0.333017 -0.780007 0.081177 0.232788 1 0 1.0
0 -4.561138 -12.222830 4.899022 -0.529801 -0.333017 -0.780007 0.081177 0.232788 1 0 1.0
Default
0 -4.828915 -10.925132 4.526862 -0.529801 -0.333017 -0.780007 0.081177 0.232788 1 0 1.0
0 -4.183003 -11.952719 4.526862 -0.529801 -0.333017 -0.780007 0.081177 0.232788 1 0 1.0
0 -4.561138 -12.222830 4.899022 -0.529801 -0.333017 -0.780007 0.081177 0.232788 1 0 1.0
Default
0 -4.828915 -10.925132 4.526862 -0.529801 -0.333017 -0.780007 0.081177 0.232788 1 0 1.0
0 -3.949345 -11.296801 4.044897 -0.559774 -0.351857 -0.750233 0.081177 0.232788 1 0 1.0
0 -4.183003 -11.952719 4.526862 -0.529801 -0.333017 -0.780007 0.081177 0.232788 1 0 1.0
Default
0 -4.291564 -4.845044 5.124868 0.233472 0.220085 0.947129 0.078552 0.955566 1 0 1.0
0 -3.828801 -4.849433 5.014956 0.227283 0.222631 0.948039 0.078552 0.955566 1 0 1.0
0 -4.136154 -4.418061 4.987340 0.231615 0.212061 0.949413 0.078552 0.955566 1 0 1.0
Default
0 -5.302357 -3.731459 5.124868 0.233771 0.206765 0.950052 0.078552 0.955566 1 0 1.0
0 -4.291564 -4.845044 5.124868 0.233472 0.220085 0.947129 0.078552 0.955566 1 0 1.0
0 -4.136154 -4.418061 4.987340 0.231615 0.212061 0.949413 0.078552 0.955566 1 0 1.0
Default
0 -5.053858 -3.351044 4.987340 0.227852 0.195968 0.953772 0.078552 0.955566 1 0 1.0
0 -5.302357 -3.731459 5.124868 0.233771 0.206765 0.950052 0.078552 0.955566 1 0 1.0
0 -4.136154 -4.418061 4.987340 0.231615 0.212061 0.949413 0.078552 0.955566 1 0 1.0
Default
0 -11.993193 3.049668 4.655321 -0.695276 -0.623047 0.358334 0.078552 0.955566 1 0 1.0
0 -11.493446 2.491987 4.655321 -0.697494 -0.620303 0.358785 0.078552 0.955566 1 0 1.0
0 -11.787669 3.128367 5.190934 -0.695275 -0.623048 0.358336 0.078552 0.955566 1 0 1.0
Default
0 -11.493446 2.491987 4.655321 -0.697494 -0.620303 0.358785 0.078552 0.955566 1 0 1.0
0 -11.335324 2.552533 5.067393 -0.698599 -0.618928 0.359008 0.078552 0.955566 1 0 1.0
0 -11.787669 3.128367 5.190934 -0.695275 -0.623048 0.358336 0.078552 0.955566 1 0 1.0
Default
0 -11.493446 2.491987 4.655321 -0.697494 -0.620303 0.358785 0.078552 0.955566 1 0 1.0
0 -5.618501 -4.215427 4.655319 -0.701905 -0.614791 0.359669 0.078552 0.955566 1 0 1.0
0 -11.335324 2.552533 5.067393 -0.698599 -0.618928 0.359008 0.078552 0.955566 1 0 1.0
Default
0 -11.493446 2.491987 4.655321 -0.697494 -0.620304 -0.358783 0.078552 0.955566 1 0 1.0
0 -11.335324 2.552533 4.243247 -0.698600 -0.618929 -0.359007 0.078552 0.955566 1 0 1.0
0 -5.618501 -4.215427 4.655319 -0.701906 -0.614791 -0.359667 0.078552 0.955566 1 0 1.0
Default
0 -11.787669 3.128367 4.119707 -0.695275 -0.623048 -0.358335 0.078552 0.955566 1 0 1.0
0 -11.335324 2.552533 4.243247 -0.698600 -0.618929 -0.359007 0.078552 0.955566 1 0 1.0
0 -11.493446 2.491987 4.655321 -0.697494 -0.620304 -0.358783 0.078552 0.955566 1 0 1.0
Default
0 -11.993193 3.049668 4.655321 -0.695276 -0.623048 -0.358333 0.078552 0.955566 1 0 1.0
0 -11.787669 3.128367 4.119707 -0.695275 -0.623048 -0.358335 0.078552 0.955566 1 0 1.0
0 -11.493446 2.491987 4.655321 -0.697494 -0.620304 -0.358783 0.078552 0.955566 1 0 1.0
Default
0 -15.607125 -5.368085 6.869142 -0.973045 0.091822 -0.211545 0.078552 0.955566 1 0 1.0
0 -15.532479 -4.932758 6.714767 -0.973045 0.091811 -0.211553 0.078552 0.955566 1 0 1.0
0 -15.576385 -5.368085 6.727746 -0.973045 0.091822 -0.211546 0.078552 0.955566 1 0 1.0
Default
0 -15.532479 -4.932758 6.714767 -0.973045 0.091811 -0.211553 0.078552 0.955566 1 0 1.0
0 -15.503192 -4.941239 6.576380 -0.973047 0.091813 -0.211540 0.078552 0.955566 1 0 1.0
0 -15.576385 -5.368085 6.727746 -0.973045 0.091822 -0.211546 0.078552 0.955566 1 0 1.0
Default
0 -15.532479 -4.932758 6.714767 -0.973045 0.091811 -0.211553 0.078552 0.955566 1 0 1.0
0 -15.444634 -4.777072 6.378259 -0.973046 0.091802 -0.211551 0.078552 0.955566 1 0 1.0
0 -15.503192 -4.941239 6.576380 -0.973047 0.091813 -0.211540 0.078552 0.955566 1 0 1.0
Default
0 -24.016613 -3.725515 -6.232268 -0.176904 0.972245 0.153119 0.078552 0.955566 1 0 1.0
0 -19.591795 -4.298672 1.364805 -0.166715 0.971175 0.170371 0.078552 0.955566 1 0 1.0
0 -23.869504 -3.685455 -6.316674 -0.174756 0.974069 0.143703 0.078552 0.955566 1 0 1.0
Default
0 -24.856125 -3.667637 -7.803035 -0.175422 0.975951 0.129413 0.078552 0.955566 1 0 1.0
0 -24.016613 -3.725515 -6.232268 -0.176904 0.972245 0.153119 0.078552 0.955566 1 0 1.0
0 -23.869504 -3.685455 -6.316674 -0.174756 0.974069 0.143703 0.078552 0.955566 1 0 1.0
Default
0 -24.780620 -3.648922 -7.846494 -0.169610 0.977397 0.126207 0.078552 0.955566 1 0 1.0
0 -24.856125 -3.667637 -7.803035 -0.175422 0.975951 0.129413 0.078552 0.955566 1 0 1.0
0 -23.869504 -3.685455 -6.316674 -0.174756 0.974069 0.143703 0.078552 0.955566 1 0 1.0
Default
0 -15.942061 -8.584854 6.912163 -0.977173 -0.019819 -0.211519 0.078552 0.955566 1 0 1.0
0 -15.915821 -8.112122 6.746680 -0.977171 -0.019810 -0.211529 0.078552 0.955566 1 0 1.0
0 -15.912246 -8.581428 6.774101 -0.977171 -0.019819 -0.211527 0.078552 0.955566 1 0 1.0
Default
0 -15.915821 -8.112122 6.746680 -0.977171 -0.019810 -0.211529 0.078552 0.955566 1 0 1.0
0 -15.885617 -8.101730 6.606182 -0.977171 -0.019813 -0.211530 0.078552 0.955566 1 0 1.0
0 -15.912246 -8.581428 6.774101 -0.977171 -0.019819 -0.211527 0.078552 0.955566 1 0 1.0
Default
0 -15.915821 -8.112122 6.746680 -0.977171 -0.019810 -0.211529 0.078552 0.955566 1 0 1.0
0 -15.841315 -7.935579 6.385962 -0.977167 -0.019834 -0.211546 0.078552 0.955566 1 0 1.0
0 -15.885617 -8.101730 6.606182 -0.977171 -0.019813 -0.211530 0.078552 0.955566 1 0 1.0
Default
0 -14.848578 -15.596598 6.875167 -0.936348 -0.280190 -0.211532 0.078552 0.955566 1 0 1.0
0 -14.945509 -15.152778 6.716387 -0.936345 -0.280192 -0.211545 0.078552 0.955566 1 0 1.0
0 -14.818632 -15.584468 6.726542 -0.936346 -0.280190 -0.211540 0.078552 0.955566 1 0 1.0
Default
0 -14.945509 -15.152778 6.716387 -0.936345 -0.280192 -0.211545 0.078552 0.955566 1 0 1.0
0 -14.912855 -15.153036 6.572198 -0.936341 -0.280202 -0.211547 0.078552 0.955566 1 0 1.0
0 -14.818632 -15.584468 6.726542 -0.936346 -0.280190 -0.211540 0.078552 0.955566 1 0 1.0
Default
0 -14.945509 -15.152778 6.716387 -0.936345 -0.280192 -0.211545 0.078552 0.955566 1 0 1.0
0 -14.921880 -14.970444 6.370281 -0.936335 -0.280220 -0.211552 0.078552 0.955566 1 0 1.0
0 -14.912855 -15.153036 6.572198 -0.936341 -0.280202 -0.211547 0.078552 0.955566 1 0 1.0
Default
0 -11.743904 -19.054397 6.785359 -0.850071 -0.482327 -0.211521 0.078552 0.955566 1 0 1.0
0 -11.905802 -18.710838 6.652616 -0.850063 -0.482332 -0.211539 0.078552 0.955566 1 0 1.0
0 -11.724088 -19.040540 6.674125 -0.850068 -0.482325 -0.211533 0.078552 0.955566 1 0 1.0
Default
0 -11.905802 -18.710838 6.652616 -0.850063 -0.482332 -0.211539 0.078552 0.955566 1 0 1.0
0 -11.888121 -18.692444 6.539630 -0.850054 -0.482344 -0.211545 0.078552 0.955566 1 0 1.0
0 -11.724088 -19.040540 6.674125 -0.850068 -0.482325 -0.211533 0.078552 0.955566 1 0 1.0
Default
0 -11.905802 -18.710838 6.652616 -0.850063 -0.482332 -0.211539 0.078552 0.955566 1 0 1.0
0 -11.920610 -18.557839 6.363257 -0.850039 -0.482372 -0.211547 0.078552 0.955566 1 0 1.0
0 -11.888121 -18.692444 6.539630 -0.850054 -0.482344 -0.211545 0.078552 0.955566 1 0 1.0
Default
0 -3.524583 -14.730723 5.296948 -0.673703 -0.627880 0.389732 0.078552 0.955566 1 0 1.0
0 -3.539870 -14.743810 5.249439 -0.673709 -0.627882 0.389720 0.078552 0.955566 1 0 1.0
0 -3.249927 -15.093292 5.187598 -0.673707 -0.627898 0.389697 0.078552 0.955566 1 0 1.0
Default
0 -3.524583 -14.730723 5.296948 -0.673703 -0.627880 0.389732 0.078552 0.955566 1 0 1.0
0 -3.865173 -14.424600 5.201363 -0.673713 -0.627880 0.389715 0.078552 0.955566 1 0 1.0
0 -3.539870 -14.743810 5.249439 -0.673709 -0.627882 0.389720 0.078552 0.955566 1 0 1.0
Default
0 -3.539870 -14.743810 5.249439 -0.673709 -0.627882 0.389720 0.078552 0.955566 1 0 1.0
0 -3.277127 -15.090647 5.144834 -0.673723 -0.627892 0.389678 0.078552 0.955566 1 0 1.0
0 -3.249927 -15.093292 5.187598 -0.673707 -0.627898 0.389697 0.078552 0.955566 1 0 1.0
Default
0 -3.865173 -14.424600 5.201363 -0.673713 -0.627880 0.389715 0.078552 0.955566 1 0 1.0
0 -3.865683 -14.450968 5.158003 -0.673726 -0.627857 0.389729 0.078552 0.955566 1 0 1.0
0 -3.539870 -14.743810 5.249439 -0.673709 -0.627882 0.389720 0.078552 0.955566 1 0 1.0
Default
0 -3.249927 -15.093292 5.187598 -0.673707 -0.627898 0.389697 0.078552 0.955566 1 0 1.0
0 -3.277127 -15.090647 5.144834 -0.673723 -0.627892 0.389678 0.078552 0.955566 1 0 1.0
0 -3.237620 -15.261302 4.938163 -0.673703 -0.627913 0.389677 0.078552 0.955566 1 0 1.0
Default
0 -3.202090 -15.299915 4.937367 -0.673690 -0.627926 0.389681 0.078552 0.955566 1 0 1.0
0 -3.249927 -15.093292 5.187598 -0.673707 -0.627898 0.389697 0.078552 0.955566 1 0 1.0
0 -3.237620 -15.261302 4.938163 -0.673703 -0.627913 0.389677 0.078552 0.955566 1 0 1.0
Default
0 -4.036658 -14.392856 4.956042 -0.673713 -0.627895 0.389691 0.078552 0.955566 1 0 1.0
0 -3.865683 -14.450968 5.158003 -0.673726 -0.627857 0.389729 0.078552 0.955566 1 0 1.0
0 -3.865173 -14.424600 5.201363 -0.673713 -0.627880 0.389715 0.078552 0.955566 1 0 1.0
Default
0 -4.072188 -14.354244 4.956838 -0.673683 -0.627930 0.389687 0.078552 0.955566 1 0 1.0
0 -4.036658 -14.392856 4.956042 -0.673713 -0.627895 0.389691 0.078552 0.955566 1 0 1.0
0 -3.865173 -14.424600 5.201363 -0.673713 -0.627880 0.389715 0.078552 0.955566 1 0 1.0
Default
0 -3.202090 -15.299915 4.937367 -0.673690 -0.627926 0.389681 0.078552 0.955566 1 0 1.0
0 -3.237620 -15.261302 4.938163 -0.673703 -0.627913 0.389677 0.078552 0.955566 1 0 1.0
0 -3.409100 -15.229557 4.692840 -0.673707 -0.627903 0.389689 0.078552 0.955566 1 0 1.0
Default
0 -3.237620 -15.261302 4.938163 -0.673703 -0.627913 0.389677 0.078552 0.955566 1 0 1.0
0 -3.408594 -15.203191 4.736202 -0.673715 -0.627908 0.389666 0.078552 0.955566 1 0 1.0
0 -3.409100 -15.229557 4.692840 -0.673707 -0.627903 0.389689 0.078552 0.955566 1 0 1.0
Default
0 -4.072188 -14.354244 4.956838 -0.673683 -0.627930 0.389687 0.078552 0.955566 1 0 1.0
0 -4.024348 -14.560868 4.706607 -0.673706 -0.627897 0.389699 0.078552 0.955566 1 0 1.0
0 -4.036658 -14.392856 4.956042 -0.673713 -0.627895 0.389691 0.078552 0.955566 1 0 1.0
Default
0 -4.024348 -14.560868 4.706607 -0.673706 -0.627897 0.389699 0.078552 0.955566 1 0 1.0
0 -3.997149 -14.563515 4.749370 -0.673733 -0.627890 0.389664 0.078552 0.955566 1 0 1.0
0 -4.036658 -14.392856 4.956042 -0.673713 -0.627895 0.389691 0.078552 0.955566 1 0 1.0
Default
0 -3.409100 -15.229557 4.692840 -0.673707 -0.627903 0.389689 0.078552 0.955566 1 0 1.0
0 -3.408594 -15.203191 4.736202 -0.673715 -0.627908 0.389666 0.078552 0.955566 1 0 1.0
0 -3.734405 -14.910347 4.644766 -0.673707 -0.627888 0.389712 0.078552 0.955566 1 0 1.0
Default
0 -3.734405 -14.910347 4.644766 -0.673707 -0.627888 0.389712 0.078552 0.955566 1 0 1.0
0 -3.997149 -14.563515 4.749370 -0.673733 -0.627890 0.389664 0.078552 0.955566 1 0 1.0
0 -4.024348 -14.560868 4.706607 -0.673706 -0.627897 0.389699 0.078552 0.955566 1 0 1.0
Default
0 -3.749694 -14.923435 4.597257 -0.673690 -0.627874 0.389764 0.078552 0.955566 1 0 1.0
0 -3.409100 -15.229557 4.692840 -0.673707 -0.627903 0.389689 0.078552 0.955566 1 0 1.0
0 -3.734405 -14.910347 4.644766 -0.673707 -0.627888 0.389712 0.078552 0.955566 1 0 1.0
Default
0 -3.749694 -14.923435 4.597257 -0.673690 -0.627874 0.389764 0.078552 0.955566 1 0 1.0
0 -3.734405 -14.910347 4.644766 -0.673707 -0.627888 0.389712 0.078552 0.955566 1 0 1.0
0 -4.024348 -14.560868 4.706607 -0.673706 -0.627897 0.389699 0.078552 0.955566 1 0 1.0
Default
0 -5.850372 -13.208297 5.296946 -0.796963 -0.461469 0.389740 0.078552 0.955566 1 0 1.0
0 -5.868196 -13.217637 5.249439 -0.796970 -0.461471 0.389721 0.078552 0.955566 1 0 1.0
0 -5.663674 -13.623069 5.187598 -0.796973 -0.461485 0.389700 0.078552 0.955566 1 0 1.0
Default
0 -5.850372 -13.208297 5.296946 -0.796963 -0.461469 0.389740 0.078552 0.955566 1 0 1.0
0 -6.113951 -12.833810 5.201363 -0.796973 -0.461478 0.389707 0.078552 0.955566 1 0 1.0
0 -5.868196 -13.217637 5.249439 -0.796970 -0.461471 0.389721 0.078552 0.955566 1 0 1.0
Default
0 -5.868196 -13.217637 5.249439 -0.796970 -0.461471 0.389721 0.078552 0.955566 1 0 1.0
0 -5.689595 -13.614412 5.144834 -0.796987 -0.461478 0.389680 0.078552 0.955566 1 0 1.0
0 -5.663674 -13.623069 5.187598 -0.796973 -0.461485 0.389700 0.078552 0.955566 1 0 1.0
Default
0 -6.113951 -12.833810 5.201363 -0.796973 -0.461478 0.389707 0.078552 0.955566 1 0 1.0
0 -6.120338 -12.859398 5.158003 -0.796984 -0.461448 0.389719 0.078552 0.955566 1 0 1.0
0 -5.868196 -13.217637 5.249439 -0.796970 -0.461471 0.389721 0.078552 0.955566 1 0 1.0
Default
0 -5.663674 -13.623069 5.187598 -0.796973 -0.461485 0.389700 0.078552 0.955566 1 0 1.0
0 -5.689595 -13.614412 5.144834 -0.796987 -0.461478 0.389680 0.078552 0.955566 1 0 1.0
0 -5.689219 -13.789581 4.938163 -0.796975 -0.461497 0.389681 0.078552 0.955566 1 0 1.0
Default
0 -5.663216 -13.835157 4.937367 -0.796966 -0.461510 0.389683 0.078552 0.955566 1 0 1.0
0 -5.663674 -13.623069 5.187598 -0.796973 -0.461485 0.389700 0.078552 0.955566 1 0 1.0
0 -5.689219 -13.789581 4.938163 -0.796975 -0.461497 0.389681 0.078552 0.955566 1 0 1.0
Default
0 -6.274005 -12.764552 4.956040 -0.796970 -0.461499 0.389690 0.078552 0.955566 1 0 1.0
0 -6.120338 -12.859398 5.158003 -0.796984 -0.461448 0.389719 0.078552 0.955566 1 0 1.0
0 -6.113951 -12.833810 5.201363 -0.796973 -0.461478 0.389707 0.078552 0.955566 1 0 1.0
Default
0 -6.300010 -12.718977 4.956838 -0.796943 -0.461549 0.389685 0.078552 0.955566 1 0 1.0
0 -6.274005 -12.764552 4.956040 -0.796970 -0.461499 0.389690 0.078552 0.955566 1 0 1.0
0 -6.113951 -12.833810 5.201363 -0.796973 -0.461478 0.389707 0.078552 0.955566 1 0 1.0
Default
0 -5.663216 -13.835157 4.937367 -0.796966 -0.461510 0.389683 0.078552 0.955566 1 0 1.0
0 -5.689219 -13.789581 4.938163 -0.796975 -0.461497 0.389681 0.078552 0.955566 1 0 1.0
0 -5.849271 -13.720323 4.692840 -0.796976 -0.461487 0.389690 0.078552 0.955566 1 0 1.0
Default
0 -5.689219 -13.789581 4.938163 -0.796975 -0.461497 0.389681 0.078552 0.955566 1 0 1.0
0 -5.842885 -13.694737 4.736202 -0.796984 -0.461488 0.389674 0.078552 0.955566 1 0 1.0
0 -5.849271 -13.720323 4.692840 -0.796976 -0.461487 0.389690 0.078552 0.955566 1 0 1.0
Default
0 -6.300010 -12.718977 4.956838 -0.796943 -0.461549 0.389685 0.078552 0.955566 1 0 1.0
0 -6.299549 -12.931066 4.706605 -0.796967 -0.461493 0.389703 0.078552 0.955566 1 0 1.0
0 -6.274005 -12.764552 4.956040 -0.796970 -0.461499 0.389690 0.078552 0.955566 1 0 1.0
Default
0 -6.299549 -12.931066 4.706605 -0.796967 -0.461493 0.389703 0.078552 0.955566 1 0 1.0
0 -6.273627 -12.939723 4.749370 -0.796992 -0.461475 0.389672 0.078552 0.955566 1 0 1.0
0 -6.274005 -12.764552 4.956040 -0.796970 -0.461499 0.389690 0.078552 0.955566 1 0 1.0
Default
0 -5.849271 -13.720323 4.692840 -0.796976 -0.461487 0.389690 0.078552 0.955566 1 0 1.0
0 -5.842885 -13.694737 4.736202 -0.796984 -0.461488 0.389674 0.078552 0.955566 1 0 1.0
0 -6.095027 -13.336496 4.644764 -0.796973 -0.461477 0.389708 0.078552 0.955566 1 0 1.0
Default
0 -6.095027 -13.336496 4.644764 -0.796973 -0.461477 0.389708 0.078552 0.955566 1 0 1.0
0 -6.273627 -12.939723 4.749370 -0.796992 -0.461475 0.389672 0.078552 0.955566 1 0 1.0
0 -6.299549 -12.931066 4.706605 -0.796967 -0.461493 0.389703 0.078552 0.955566 1 0 1.0
Default
0 -6.112851 -13.345837 4.597257 -0.796959 -0.461469 0.389747 0.078552 0.955566 1 0 1.0
0 -5.849271 -13.720323 4.692840 -0.796976 -0.461487 0.389690 0.078552 0.955566 1 0 1.0
0 -6.095027 -13.336496 4.644764 -0.796973 -0.461477 0.389708 0.078552 0.955566 1 0 1.0
Default
0 -6.112851 -13.345837 4.597257 -0.796959 -0.461469 0.389747 0.078552 0.955566 1 0 1.0
0 -6.095027 -13.336496 4.644764 -0.796973 -0.461477 0.389708 0.078552 0.955566 1 0 1.0
0 -6.299549 -12.931066 4.706605 -0.796967 -0.461493 0.389703 0.078552 0.955566 1 0 1.0
Default
0 -6.666479 -9.443614 5.296946 -0.909663 -0.143589 0.389737 0.078552 0.955566 1 0 1.0
0 -6.686470 -9.445910 5.249439 -0.909669 -0.143588 0.389724 0.078552 0.955566 1 0 1.0
0 -6.641633 -9.897790 5.187598 -0.909674 -0.143605 0.389707 0.078552 0.955566 1 0 1.0
Default
0 -6.666479 -9.443614 5.296946 -0.909663 -0.143589 0.389737 0.078552 0.955566 1 0 1.0
0 -6.777553 -8.999344 5.201363 -0.909676 -0.143596 0.389704 0.078552 0.955566 1 0 1.0
0 -6.686470 -9.445910 5.249439 -0.909669 -0.143588 0.389724 0.078552 0.955566 1 0 1.0
Default
0 -6.686470 -9.445910 5.249439 -0.909669 -0.143588 0.389724 0.078552 0.955566 1 0 1.0
0 -6.662700 -9.880380 5.144834 -0.909681 -0.143596 0.389692 0.078552 0.955566 1 0 1.0
0 -6.641633 -9.897790 5.187598 -0.909674 -0.143605 0.389707 0.078552 0.955566 1 0 1.0
Default
0 -6.777553 -8.999344 5.201363 -0.909676 -0.143596 0.389704 0.078552 0.955566 1 0 1.0
0 -6.792725 -9.020915 5.158003 -0.909676 -0.143560 0.389719 0.078552 0.955566 1 0 1.0
0 -6.686470 -9.445910 5.249439 -0.909669 -0.143588 0.389724 0.078552 0.955566 1 0 1.0
Default
0 -6.641633 -9.897790 5.187598 -0.909674 -0.143605 0.389707 0.078552 0.955566 1 0 1.0
0 -6.662700 -9.880380 5.144834 -0.909681 -0.143596 0.389692 0.078552 0.955566 1 0 1.0
0 -6.725416 -10.043938 4.938163 -0.909683 -0.143616 0.389682 0.078552 0.955566 1 0 1.0
Default
0 -6.717565 -10.095818 4.937367 -0.909680 -0.143630 0.389682 0.078552 0.955566 1 0 1.0
0 -6.641633 -9.897790 5.187598 -0.909674 -0.143605 0.389707 0.078552 0.955566 1 0 1.0
0 -6.725416 -10.043938 4.938163 -0.909683 -0.143616 0.389682 0.078552 0.955566 1 0 1.0
Default
0 -6.901938 -8.877105 4.956040 -0.909679 -0.143619 0.389690 0.078552 0.955566 1 0 1.0
0 -6.792725 -9.020915 5.158003 -0.909676 -0.143560 0.389719 0.078552 0.955566 1 0 1.0
0 -6.777553 -8.999344 5.201363 -0.909676 -0.143596 0.389704 0.078552 0.955566 1 0 1.0
Default
0 -6.909791 -8.825224 4.956838 -0.909671 -0.143681 0.389685 0.078552 0.955566 1 0 1.0
0 -6.901938 -8.877105 4.956040 -0.909679 -0.143619 0.389690 0.078552 0.955566 1 0 1.0
0 -6.777553 -8.999344 5.201363 -0.909676 -0.143596 0.389704 0.078552 0.955566 1 0 1.0
Default
0 -6.717565 -10.095818 4.937367 -0.909680 -0.143630 0.389682 0.078552 0.955566 1 0 1.0
0 -6.725416 -10.043938 4.938163 -0.909683 -0.143616 0.389682 0.078552 0.955566 1 0 1.0
0 -6.849798 -9.921699 4.692840 -0.909683 -0.143603 0.389686 0.078552 0.955566 1 0 1.0
Default
0 -6.725416 -10.043938 4.938163 -0.909683 -0.143616 0.389682 0.078552 0.955566 1 0 1.0
0 -6.834629 -9.900129 4.736202 -0.909690 -0.143600 0.389670 0.078552 0.955566 1 0 1.0
0 -6.849798 -9.921699 4.692840 -0.909683 -0.143603 0.389686 0.078552 0.955566 1 0 1.0
Default
0 -6.909791 -8.825224 4.956838 -0.909671 -0.143681 0.389685 0.078552 0.955566 1 0 1.0
0 -6.985721 -9.023256 4.706605 -0.909673 -0.143612 0.389706 0.078552 0.955566 1 0 1.0
0 -6.901938 -8.877105 4.956040 -0.909679 -0.143619 0.389690 0.078552 0.955566 1 0 1.0
Default
0 -6.985721 -9.023256 4.706605 -0.909673 -0.143612 0.389706 0.078552 0.955566 1 0 1.0
0 -6.964654 -9.040665 4.749370 -0.909690 -0.143584 0.389675 0.078552 0.955566 1 0 1.0
0 -6.901938 -8.877105 4.956040 -0.909679 -0.143619 0.389690 0.078552 0.955566 1 0 1.0
Default
0 -6.849798 -9.921699 4.692840 -0.909683 -0.143603 0.389686 0.078552 0.955566 1 0 1.0
0 -6.834629 -9.900129 4.736202 -0.909690 -0.143600 0.389670 0.078552 0.955566 1 0 1.0
0 -6.940882 -9.475133 4.644764 -0.909675 -0.143593 0.389708 0.078552 0.955566 1 0 1.0
Default
0 -6.940882 -9.475133 4.644764 -0.909675 -0.143593 0.389708 0.078552 0.955566 1 0 1.0
0 -6.964654 -9.040665 4.749370 -0.909690 -0.143584 0.389675 0.078552 0.955566 1 0 1.0
0 -6.985721 -9.023256 4.706605 -0.909673 -0.143612 0.389706 0.078552 0.955566 1 0 1.0
Default
0 -6.960874 -9.477429 4.597257 -0.909659 -0.143591 0.389747 0.078552 0.955566 1 0 1.0
0 -6.849798 -9.921699 4.692840 -0.909683 -0.143603 0.389686 0.078552 0.955566 1 0 1.0
0 -6.940882 -9.475133 4.644764 -0.909675 -0.143593 0.389708 0.078552 0.955566 1 0 1.0
Default
0 -6.960874 -9.477429 4.597257 -0.909659 -0.143591 0.389747 0.078552 0.955566 1 0 1.0
0 -6.940882 -9.475133 4.644764 -0.909675 -0.143593 0.389708 0.078552 0.955566 1 0 1.0
0 -6.985721 -9.023256 4.706605 -0.909673 -0.143612 0.389706 0.078552 0.955566 1 0 1.0
Default
0 -6.515314 -7.278501 5.296946 -0.920110 -0.038841 0.389728 0.078552 0.955566 1 0 1.0
0 -6.535436 -7.278501 5.249439 -0.920114 -0.038840 0.389719 0.078552 0.955566 1 0 1.0
0 -6.542460 -7.732545 5.187598 -0.920120 -0.038854 0.389703 0.078552 0.955566 1 0 1.0
Default
0 -6.515314 -7.278501 5.296946 -0.920110 -0.038841 0.389728 0.078552 0.955566 1 0 1.0
0 -6.574963 -6.824458 5.201363 -0.920121 -0.038847 0.389703 0.078552 0.955566 1 0 1.0
0 -6.535436 -7.278501 5.249439 -0.920114 -0.038840 0.389719 0.078552 0.955566 1 0 1.0
Default
0 -6.535436 -7.278501 5.249439 -0.920114 -0.038840 0.389719 0.078552 0.955566 1 0 1.0
0 -6.561403 -7.712846 5.144834 -0.920125 -0.038848 0.389693 0.078552 0.955566 1 0 1.0
0 -6.542460 -7.732545 5.187598 -0.920120 -0.038854 0.389703 0.078552 0.955566 1 0 1.0
Default
0 -6.574963 -6.824458 5.201363 -0.920121 -0.038847 0.389703 0.078552 0.955566 1 0 1.0
0 -6.592497 -6.844157 5.158003 -0.920116 -0.038814 0.389718 0.078552 0.955566 1 0 1.0
0 -6.535436 -7.278501 5.249439 -0.920114 -0.038840 0.389719 0.078552 0.955566 1 0 1.0
Default
0 -6.542460 -7.732545 5.187598 -0.920120 -0.038854 0.389703 0.078552 0.955566 1 0 1.0
0 -6.561403 -7.712846 5.144834 -0.920125 -0.038848 0.389693 0.078552 0.955566 1 0 1.0
0 -6.642373 -7.868178 4.938163 -0.920129 -0.038865 0.389683 0.078552 0.955566 1 0 1.0
Default
0 -6.640495 -7.920615 4.937367 -0.920128 -0.038874 0.389683 0.078552 0.955566 1 0 1.0
0 -6.542460 -7.732545 5.187598 -0.920120 -0.038854 0.389703 0.078552 0.955566 1 0 1.0
0 -6.642373 -7.868178 4.938163 -0.920129 -0.038865 0.389683 0.078552 0.955566 1 0 1.0
Default
0 -6.684586 -6.688823 4.956040 -0.920126 -0.038864 0.389689 0.078552 0.955566 1 0 1.0
0 -6.592497 -6.844157 5.158003 -0.920116 -0.038814 0.389718 0.078552 0.955566 1 0 1.0
0 -6.574963 -6.824458 5.201363 -0.920121 -0.038847 0.389703 0.078552 0.955566 1 0 1.0
Default
0 -6.686467 -6.636385 4.956838 -0.920125 -0.038925 0.389685 0.078552 0.955566 1 0 1.0
0 -6.684586 -6.688823 4.956040 -0.920126 -0.038864 0.389689 0.078552 0.955566 1 0 1.0
0 -6.574963 -6.824458 5.201363 -0.920121 -0.038847 0.389703 0.078552 0.955566 1 0 1.0
Default
0 -6.640495 -7.920615 4.937367 -0.920128 -0.038874 0.389683 0.078552 0.955566 1 0 1.0
0 -6.642373 -7.868178 4.938163 -0.920129 -0.038865 0.389683 0.078552 0.955566 1 0 1.0
0 -6.751994 -7.732544 4.692840 -0.920127 -0.038853 0.389688 0.078552 0.955566 1 0 1.0
Default
0 -6.642373 -7.868178 4.938163 -0.920129 -0.038865 0.389683 0.078552 0.955566 1 0 1.0
0 -6.734463 -7.712845 4.736202 -0.920135 -0.038852 0.389670 0.078552 0.955566 1 0 1.0
0 -6.751994 -7.732544 4.692840 -0.920127 -0.038853 0.389688 0.078552 0.955566 1 0 1.0
Default
0 -6.686467 -6.636385 4.956838 -0.920125 -0.038925 0.389685 0.078552 0.955566 1 0 1.0
0 -6.784500 -6.824458 4.706605 -0.920121 -0.038859 0.389701 0.078552 0.955566 1 0 1.0
0 -6.684586 -6.688823 4.956040 -0.920126 -0.038864 0.389689 0.078552 0.955566 1 0 1.0
Default
0 -6.784500 -6.824458 4.706605 -0.920121 -0.038859 0.389701 0.078552 0.955566 1 0 1.0
0 -6.765558 -6.844157 4.749370 -0.920137 -0.038827 0.389667 0.078552 0.955566 1 0 1.0
0 -6.684586 -6.688823 4.956040 -0.920126 -0.038864 0.389689 0.078552 0.955566 1 0 1.0
Default
0 -6.751994 -7.732544 4.692840 -0.920127 -0.038853 0.389688 0.078552 0.955566 1 0 1.0
0 -6.734463 -7.712845 4.736202 -0.920135 -0.038852 0.389670 0.078552 0.955566 1 0 1.0
0 -6.791522 -7.278500 4.644764 -0.920120 -0.038843 0.389705 0.078552 0.955566 1 0 1.0
Default
0 -6.791522 -7.278500 4.644764 -0.920120 -0.038843 0.389705 0.078552 0.955566 1 0 1.0
0 -6.765558 -6.844157 4.749370 -0.920137 -0.038827 0.389667 0.078552 0.955566 1 0 1.0
0 -6.784500 -6.824458 4.706605 -0.920121 -0.038859 0.389701 0.078552 0.955566 1 0 1.0
Default
0 -6.811645 -7.278500 4.597257 -0.920103 -0.038843 0.389746 0.078552 0.955566 1 0 1.0
0 -6.751994 -7.732544 4.692840 -0.920127 -0.038853 0.389688 0.078552 0.955566 1 0 1.0
0 -6.791522 -7.278500 4.644764 -0.920120 -0.038843 0.389705 0.078552 0.955566 1 0 1.0
Default
0 -6.811645 -7.278500 4.597257 -0.920103 -0.038843 0.389746 0.078552 0.955566 1 0 1.0
0 -6.791522 -7.278500 4.644764 -0.920120 -0.038843 0.389705 0.078552 0.955566 1 0 1.0
0 -6.784500 -6.824458 4.706605 -0.920121 -0.038859 0.389701 0.078552 0.955566 1 0 1.0
Default
0 -12.974380 10.406894 4.655321 0.025405 0.999677 0.000000 0.078552 0.955566 1 0 1.0
0 -12.877280 10.404426 4.655321 0.025423 0.999677 0.000000 0.078552 0.955566 1 0 1.0
0 -12.745632 10.401070 4.132246 0.025430 0.999677 -0.000015 0.078552 0.955566 1 0 1.0
Default
0 -12.974380 10.406894 4.655321 0.025405 0.999677 0.000000 0.078552 0.955566 1 0 1.0
0 -12.745632 10.401070 5.178394 0.025430 0.999677 0.000015 0.078552 0.955566 1 0 1.0
0 -12.877280 10.404426 4.655321 0.025423 0.999677 0.000000 0.078552 0.955566 1 0 1.0
Default
0 -12.877280 10.404426 4.655321 0.025423 0.999677 0.000000 0.078552 0.955566 1 0 1.0
0 -12.676971 10.399323 4.197279 0.025446 0.999676 0.000000 0.078552 0.955566 1 0 1.0
0 -12.745632 10.401070 4.132246 0.025430 0.999677 -0.000015 0.078552 0.955566 1 0 1.0
Default
0 -12.745632 10.401070 5.178394 0.025430 0.999677 0.000015 0.078552 0.955566 1 0 1.0
0 -12.676971 10.399323 5.113361 0.025446 0.999676 0.000000 0.078552 0.955566 1 0 1.0
0 -12.877280 10.404426 4.655321 0.025423 0.999677 0.000000 0.078552 0.955566 1 0 1.0
Default
0 -12.745632 10.401070 4.132246 0.025430 0.999677 -0.000015 0.078552 0.955566 1 0 1.0
0 -12.676971 10.399323 4.197279 0.025446 0.999676 0.000000 0.078552 0.955566 1 0 1.0
0 -12.193383 10.387011 3.915583 0.025448 0.999676 0.000000 0.078552 0.955566 1 0 1.0
Default
0 -12.676971 10.399323 4.197279 0.025446 0.999676 0.000000 0.078552 0.955566 1 0 1.0
0 -12.193383 10.387011 4.007553 0.025452 0.999676 0.000000 0.078552 0.955566 1 0 1.0
0 -12.193383 10.387011 3.915583 0.025448 0.999676 0.000000 0.078552 0.955566 1 0 1.0
Default
0 -12.193383 10.387011 3.915583 0.025448 0.999676 0.000000 0.078552 0.955566 1 0 1.0
0 -12.193383 10.387011 4.007553 0.025452 0.999676 0.000000 0.078552 0.955566 1 0 1.0
0 -11.709796 10.374699 4.197281 0.025442 0.999676 0.000000 0.078552 0.955566 1 0 1.0
Default
0 -11.641136 10.372952 4.132248 0.025440 0.999676 0.000000 0.078552 0.955566 1 0 1.0
0 -12.193383 10.387011 3.915583 0.025448 0.999676 0.000000 0.078552 0.955566 1 0 1.0
0 -11.709796 10.374699 4.197281 0.025442 0.999676 0.000000 0.078552 0.955566 1 0 1.0
Default
0 -12.745632 10.401070 5.178394 0.025430 0.999677 0.000015 0.078552 0.955566 1 0 1.0
0 -12.193383 10.387011 5.395059 0.025448 0.999676 0.000000 0.078552 0.955566 1 0 1.0
0 -12.676971 10.399323 5.113361 0.025446 0.999676 0.000000 0.078552 0.955566 1 0 1.0
Default
0 -12.193383 10.387011 5.395059 0.025448 0.999676 0.000000 0.078552 0.955566 1 0 1.0
0 -12.193383 10.387011 5.303087 0.025452 0.999676 0.000000 0.078552 0.955566 1 0 1.0
0 -12.676971 10.399323 5.113361 0.025446 0.999676 0.000000 0.078552 0.955566 1 0 1.0
Default
0 -11.709796 10.374699 5.113361 0.025442 0.999676 0.000000 0.078552 0.955566 1 0 1.0
0 -12.193383 10.387011 5.303087 0.025452 0.999676 0.000000 0.078552 0.955566 1 0 1.0
0 -12.193383 10.387011 5.395059 0.025448 0.999676 0.000000 0.078552 0.955566 1 0 1.0
Default
0 -11.641136 10.372952 5.178394 0.025440 0.999676 0.000000 0.078552 0.955566 1 0 1.0
0 -11.709796 10.374699 5.113361 0.025442 0.999676 0.000000 0.078552 0.955566 1 0 1.0
0 -12.193383 10.387011 5.395059 0.025448 0.999676 0.000000 0.078552 0.955566 1 0 1.0
Default
0 -11.641136 10.372952 4.132248 0.025440 0.999676 0.000000 0.078552 0.955566 1 0 1.0
0 -11.709796 10.374699 4.197281 0.025442 0.999676 0.000000 0.078552 0.955566 1 0 1.0
0 -11.509484 10.369605 4.655321 0.025439 0.999676 0.000000 0.078552 0.955566 1 0 1.0
Default
0 -11.509484 10.369605 4.655321 0.025439 0.999676 0.000000 0.078552 0.955566 1 0 1.0
0 -11.709796 10.374699 5.113361 0.025442 0.999676 0.000000 0.078552 0.955566 1 0 1.0
0 -11.641136 10.372952 5.178394 0.025440 0.999676 0.000000 0.078552 0.955566 1 0 1.0
Default
0 -11.412383 10.367133 4.655321 0.025449 0.999676 0.000000 0.078552 0.955566 1 0 1.0
0 -11.641136 10.372952 4.132248 0.025440 0.999676 0.000000 0.078552 0.955566 1 0 1.0
0 -11.509484 10.369605 4.655321 0.025439 0.999676 0.000000 0.078552 0.955566 1 0 1.0
Default
0 -11.412383 10.367133 4.655321 0.025449 0.999676 0.000000 0.078552 0.955566 1 0 1.0
0 -11.509484 10.369605 4.655321 0.025439 0.999676 0.000000 0.078552 0.955566 1 0 1.0
0 -11.641136 10.372952 5.178394 0.025440 0.999676 0.000000 0.078552 0.955566 1 0 1.0
Default
0 -11.291493 3.318362 5.412791 -0.357598 0.933875 0.000000 0.078552 0.955566 1 0 1.0
0 -11.291493 3.318362 5.314791 -0.357599 0.933875 0.000000 0.078552 0.955566 1 0 1.0
0 -11.787669 3.128367 5.190934 -0.357601 0.933875 0.000000 0.078552 0.955566 1 0 1.0
Default
0 -11.291493 3.318362 5.412791 -0.357598 0.933875 0.000000 0.078552 0.955566 1 0 1.0
0 -10.795318 3.508356 5.190934 -0.357600 0.933875 0.000000 0.078552 0.955566 1 0 1.0
0 -11.291493 3.318362 5.314791 -0.357599 0.933875 0.000000 0.078552 0.955566 1 0 1.0
Default
0 -11.291493 3.318362 5.314791 -0.357599 0.933875 0.000000 0.078552 0.955566 1 0 1.0
0 -11.723474 3.152948 5.121636 -0.357598 0.933876 0.000000 0.078552 0.955566 1 0 1.0
0 -11.787669 3.128367 5.190934 -0.357601 0.933875 0.000000 0.078552 0.955566 1 0 1.0
Default
0 -10.795318 3.508356 5.190934 -0.357600 0.933875 0.000000 0.078552 0.955566 1 0 1.0
0 -10.859511 3.483775 5.121636 -0.357597 0.933876 0.000000 0.078552 0.955566 1 0 1.0
0 -11.291493 3.318362 5.314791 -0.357599 0.933875 0.000000 0.078552 0.955566 1 0 1.0
Default
0 -11.787669 3.128367 5.190934 -0.357601 0.933875 0.000000 0.078552 0.955566 1 0 1.0
0 -11.723474 3.152948 5.121636 -0.357598 0.933876 0.000000 0.078552 0.955566 1 0 1.0
0 -11.993193 3.049668 4.655321 -0.357594 0.933877 0.000000 0.078552 0.955566 1 0 1.0
Default
0 -11.723474 3.152948 5.121636 -0.357598 0.933876 0.000000 0.078552 0.955566 1 0 1.0
0 -11.902408 3.084431 4.655321 -0.357591 0.933878 0.000000 0.078552 0.955566 1 0 1.0
0 -11.993193 3.049668 4.655321 -0.357594 0.933877 0.000000 0.078552 0.955566 1 0 1.0
Default
0 -11.993193 3.049668 4.655321 -0.357594 0.933877 0.000000 0.078552 0.955566 1 0 1.0
0 -11.902408 3.084431 4.655321 -0.357591 0.933878 0.000000 0.078552 0.955566 1 0 1.0
0 -11.723474 3.152947 4.189002 -0.357594 0.933877 0.000000 0.078552 0.955566 1 0 1.0
Default
0 -11.787669 3.128367 4.119707 -0.357598 0.933876 0.000000 0.078552 0.955566 1 0 1.0
0 -11.993193 3.049668 4.655321 -0.357594 0.933877 0.000000 0.078552 0.955566 1 0 1.0
0 -11.723474 3.152947 4.189002 -0.357594 0.933877 0.000000 0.078552 0.955566 1 0 1.0
Default
0 -10.795318 3.508356 5.190934 -0.357600 0.933875 0.000000 0.078552 0.955566 1 0 1.0
0 -10.589792 3.587059 4.655321 -0.357597 0.933876 0.000000 0.078552 0.955566 1 0 1.0
0 -10.859511 3.483775 5.121636 -0.357597 0.933876 0.000000 0.078552 0.955566 1 0 1.0
Default
0 -10.589792 3.587059 4.655321 -0.357597 0.933876 0.000000 0.078552 0.955566 1 0 1.0
0 -10.680578 3.552296 4.655321 -0.357591 0.933878 0.000000 0.078552 0.955566 1 0 1.0
0 -10.859511 3.483775 5.121636 -0.357597 0.933876 0.000000 0.078552 0.955566 1 0 1.0
Default
0 -10.859511 3.483775 4.189002 -0.357597 0.933876 0.000000 0.078552 0.955566 1 0 1.0
0 -10.680578 3.552296 4.655321 -0.357591 0.933878 0.000000 0.078552 0.955566 1 0 1.0
0 -10.589792 3.587059 4.655321 -0.357597 0.933876 0.000000 0.078552 0.955566 1 0 1.0
Default
0 -10.795318 3.508356 4.119707 -0.357599 0.933875 0.000000 0.078552 0.955566 1 0 1.0
0 -10.859511 3.483775 4.189002 -0.357597 0.933876 0.000000 0.078552 0.955566 1 0 1.0
0 -10.589792 3.587059 4.655321 -0.357597 0.933876 0.000000 0.078552 0.955566 1 0 1.0
Default
0 -11.787669 3.128367 4.119707 -0.357598 0.933876 0.000000 0.078552 0.955566 1 0 1.0
0 -11.723474 3.152947 4.189002 -0.357594 0.933877 0.000000 0.078552 0.955566 1 0 1.0
0 -11.291493 3.318364 3.995849 -0.357598 0.933876 0.000000 0.078552 0.955566 1 0 1.0
Default
0 -11.291493 3.318364 3.995849 -0.357598 0.933876 0.000000 0.078552 0.955566 1 0 1.0
0 -10.859511 3.483775 4.189002 -0.357597 0.933876 0.000000 0.078552 0.955566 1 0 1.0
0 -10.795318 3.508356 4.119707 -0.357599 0.933875 0.000000 0.078552 0.955566 1 0 1.0
Default
0 -11.291493 3.318364 3.897849 -0.357598 0.933875 0.000000 0.078552 0.955566 1 0 1.0
0 -11.787669 3.128367 4.119707 -0.357598 0.933876 0.000000 0.078552 0.955566 1 0 1.0
0 -11.291493 3.318364 3.995849 -0.357598 0.933876 0.000000 0.078552 0.955566 1 0 1.0
Default
0 -11.291493 3.318364 3.897849 -0.357598 0.933875 0.000000 0.078552 0.955566 1 0 1.0
0 -11.291493 3.318364 3.995849 -0.357598 0.933876 0.000000 0.078552 0.955566 1 0 1.0
0 -10.795318 3.508356 4.119707 -0.357599 0.933875 0.000000 0.078552 0.955566 1 0 1.0
Default
0 -5.653788 -4.269446 4.655319 -0.837204 0.546890 0.000000 0.078552 0.955566 1 0 1.0
0 -5.618501 -4.215427 4.655319 -0.837203 0.546892 0.000000 0.078552 0.955566 1 0 1.0
0 -5.550855 -4.111873 4.323298 -0.837202 0.546893 0.000000 0.078552 0.955566 1 0 1.0
Default
0 -5.653788 -4.269446 4.655319 -0.837204 0.546890 0.000000 0.078552 0.955566 1 0 1.0
0 -5.550856 -4.111874 4.987340 -0.837205 0.546890 0.000000 0.078552 0.955566 1 0 1.0
0 -5.618501 -4.215427 4.655319 -0.837203 0.546892 0.000000 0.078552 0.955566 1 0 1.0
Default
0 -5.618501 -4.215427 4.655319 -0.837203 0.546892 0.000000 0.078552 0.955566 1 0 1.0
0 -5.525903 -4.073676 4.356637 -0.837203 0.546892 0.000000 0.078552 0.955566 1 0 1.0
0 -5.550855 -4.111873 4.323298 -0.837202 0.546893 0.000000 0.078552 0.955566 1 0 1.0
Default
0 -5.550856 -4.111874 4.987340 -0.837205 0.546890 0.000000 0.078552 0.955566 1 0 1.0
0 -5.525904 -4.073676 4.954003 -0.837205 0.546889 0.000000 0.078552 0.955566 1 0 1.0
0 -5.618501 -4.215427 4.655319 -0.837203 0.546892 0.000000 0.078552 0.955566 1 0 1.0
Default
0 -5.550855 -4.111873 4.323298 -0.837202 0.546893 0.000000 0.078552 0.955566 1 0 1.0
0 -5.525903 -4.073676 4.356637 -0.837203 0.546892 0.000000 0.078552 0.955566 1 0 1.0
0 -5.302357 -3.731459 4.185770 -0.837205 0.546889 0.000000 0.078552 0.955566 1 0 1.0
Default
0 -5.525903 -4.073676 4.356637 -0.837203 0.546892 0.000000 0.078552 0.955566 1 0 1.0
0 -5.302357 -3.731459 4.232918 -0.837206 0.546888 0.000000 0.078552 0.955566 1 0 1.0
0 -5.302357 -3.731459 4.185770 -0.837205 0.546889 0.000000 0.078552 0.955566 1 0 1.0
Default
0 -5.302357 -3.731459 4.185770 -0.837205 0.546889 0.000000 0.078552 0.955566 1 0 1.0
0 -5.302357 -3.731459 4.232918 -0.837206 0.546888 0.000000 0.078552 0.955566 1 0 1.0
0 -5.078810 -3.389243 4.356637 -0.837206 0.546887 0.000000 0.078552 0.955566 1 0 1.0
Default
0 -5.053858 -3.351044 4.323298 -0.837206 0.546888 0.000000 0.078552 0.955566 1 0 1.0
0 -5.302357 -3.731459 4.185770 -0.837205 0.546889 0.000000 0.078552 0.955566 1 0 1.0
0 -5.078810 -3.389243 4.356637 -0.837206 0.546887 0.000000 0.078552 0.955566 1 0 1.0
Default
0 -5.550856 -4.111874 4.987340 -0.837205 0.546890 0.000000 0.078552 0.955566 1 0 1.0
0 -5.302357 -3.731459 5.124868 -0.837206 0.546888 0.000000 0.078552 0.955566 1 0 1.0
0 -5.525904 -4.073676 4.954003 -0.837205 0.546889 0.000000 0.078552 0.955566 1 0 1.0
Default
0 -5.302357 -3.731459 5.124868 -0.837206 0.546888 0.000000 0.078552 0.955566 1 0 1.0
0 -5.302357 -3.731459 5.077720 -0.837205 0.546889 0.000000 0.078552 0.955566 1 0 1.0
0 -5.525904 -4.073676 4.954003 -0.837205 0.546889 0.000000 0.078552 0.955566 1 0 1.0
Default
0 -5.078810 -3.389243 4.954003 -0.837207 0.546887 0.000000 0.078552 0.955566 1 0 1.0
0 -5.302357 -3.731459 5.077720 -0.837205 0.546889 0.000000 0.078552 0.955566 1 0 1.0
0 -5.302357 -3.731459 5.124868 -0.837206 0.546888 0.000000 0.078552 0.955566 1 0 1.0
Default
0 -5.053858 -3.351044 4.987340 -0.837206 0.546888 0.000000 0.078552 0.955566 1 0 1.0
0 -5.078810 -3.389243 4.954003 -0.837207 0.546887 0.000000 0.078552 0.955566 1 0 1.0
0 -5.302357 -3.731459 5.124868 -0.837206 0.546888 0.000000 0.078552 0.955566 1 0 1.0
Default
0 -5.053858 -3.351044 4.323298 -0.837206 0.546888 0.000000 0.078552 0.955566 1 0 1.0
0 -5.078810 -3.389243 4.356637 -0.837206 0.546887 0.000000 0.078552 0.955566 1 0 1.0
0 -4.986214 -3.247489 4.655319 -0.837205 0.546889 0.000000 0.078552 0.955566 1 0 1.0
Default
0 -4.986214 -3.247489 4.655319 -0.837205 0.546889 0.000000 0.078552 0.955566 1 0 1.0
0 -5.078810 -3.389243 4.954003 -0.837207 0.546887 0.000000 0.078552 0.955566 1 0 1.0
0 -5.053858 -3.351044 4.987340 -0.837206 0.546888 0.000000 0.078552 0.955566 1 0 1.0
Default
0 -4.950927 -3.193470 4.655319 -0.837202 0.546894 0.000000 0.078552 0.955566 1 0 1.0
0 -5.053858 -3.351044 4.323298 -0.837206 0.546888 0.000000 0.078552 0.955566 1 0 1.0
0 -4.986214 -3.247489 4.655319 -0.837205 0.546889 0.000000 0.078552 0.955566 1 0 1.0
Default
0 -4.950927 -3.193470 4.655319 -0.837202 0.546894 0.000000 0.078552 0.955566 1 0 1.0
0 -4.986214 -3.247489 4.655319 -0.837205 0.546889 0.000000 0.078552 0.955566 1 0 1.0
0 -5.053858 -3.351044 4.987340 -0.837206 0.546888 0.000000 0.078552 0.955566 1 0 1.0
Default
0 3.865173 -14.424600 5.201363 0.673713 -0.627880 0.389715 0.078552 0.955566 1 0 1.0
0 3.524583 -14.730723 5.296948 0.673703 -0.627880 0.389732 0.078552 0.955566 1 0 1.0
0 3.539870 -14.743810 5.249439 0.673709 -0.627882 0.389719 0.078552 0.955566 1 0 1.0
Default
0 3.524583 -14.730723 5.296948 0.673703 -0.627880 0.389732 0.078552 0.955566 1 0 1.0
0 3.249927 -15.093292 5.187598 0.673707 -0.627898 0.389697 0.078552 0.955566 1 0 1.0
0 3.539870 -14.743810 5.249439 0.673709 -0.627882 0.389719 0.078552 0.955566 1 0 1.0
Default
0 3.865683 -14.450968 5.158003 0.673726 -0.627857 0.389729 0.078552 0.955566 1 0 1.0
0 3.865173 -14.424600 5.201363 0.673713 -0.627880 0.389715 0.078552 0.955566 1 0 1.0
0 3.539870 -14.743810 5.249439 0.673709 -0.627882 0.389719 0.078552 0.955566 1 0 1.0
Default
0 3.249927 -15.093292 5.187598 0.673707 -0.627898 0.389697 0.078552 0.955566 1 0 1.0
0 3.277127 -15.090647 5.144834 0.673723 -0.627892 0.389677 0.078552 0.955566 1 0 1.0
0 3.539870 -14.743810 5.249439 0.673709 -0.627882 0.389719 0.078552 0.955566 1 0 1.0
Default
0 3.865173 -14.424600 5.201363 0.673713 -0.627880 0.389715 0.078552 0.955566 1 0 1.0
0 3.865683 -14.450968 5.158003 0.673726 -0.627857 0.389729 0.078552 0.955566 1 0 1.0
0 4.036658 -14.392856 4.956042 0.673713 -0.627895 0.389691 0.078552 0.955566 1 0 1.0
Default
0 4.072188 -14.354244 4.956838 0.673683 -0.627930 0.389687 0.078552 0.955566 1 0 1.0
0 3.865173 -14.424600 5.201363 0.673713 -0.627880 0.389715 0.078552 0.955566 1 0 1.0
0 4.036658 -14.392856 4.956042 0.673713 -0.627895 0.389691 0.078552 0.955566 1 0 1.0
Default
0 3.277127 -15.090647 5.144834 0.673723 -0.627892 0.389677 0.078552 0.955566 1 0 1.0
0 3.249927 -15.093292 5.187598 0.673707 -0.627898 0.389697 0.078552 0.955566 1 0 1.0
0 3.237620 -15.261302 4.938163 0.673703 -0.627913 0.389677 0.078552 0.955566 1 0 1.0
Default
0 3.249927 -15.093292 5.187598 0.673707 -0.627898 0.389697 0.078552 0.955566 1 0 1.0
0 3.202090 -15.299915 4.937367 0.673690 -0.627926 0.389681 0.078552 0.955566 1 0 1.0
0 3.237620 -15.261302 4.938163 0.673703 -0.627913 0.389677 0.078552 0.955566 1 0 1.0
Default
0 4.024348 -14.560868 4.706607 0.673706 -0.627897 0.389699 0.078552 0.955566 1 0 1.0
0 4.072188 -14.354244 4.956838 0.673683 -0.627930 0.389687 0.078552 0.955566 1 0 1.0
0 4.036658 -14.392856 4.956042 0.673713 -0.627895 0.389691 0.078552 0.955566 1 0 1.0
Default
0 3.997149 -14.563515 4.749370 0.673733 -0.627890 0.389664 0.078552 0.955566 1 0 1.0
0 4.024348 -14.560868 4.706607 0.673706 -0.627897 0.389699 0.078552 0.955566 1 0 1.0
0 4.036658 -14.392856 4.956042 0.673713 -0.627895 0.389691 0.078552 0.955566 1 0 1.0
Default
0 3.202090 -15.299915 4.937367 0.673690 -0.627926 0.389681 0.078552 0.955566 1 0 1.0
0 3.409100 -15.229557 4.692840 0.673707 -0.627903 0.389689 0.078552 0.955566 1 0 1.0
0 3.237620 -15.261302 4.938163 0.673703 -0.627913 0.389677 0.078552 0.955566 1 0 1.0
Default
0 3.409100 -15.229557 4.692840 0.673707 -0.627903 0.389689 0.078552 0.955566 1 0 1.0
0 3.408594 -15.203191 4.736202 0.673715 -0.627908 0.389666 0.078552 0.955566 1 0 1.0
0 3.237620 -15.261302 4.938163 0.673703 -0.627913 0.389677 0.078552 0.955566 1 0 1.0
Default
0 4.024348 -14.560868 4.706607 0.673706 -0.627897 0.389699 0.078552 0.955566 1 0 1.0
0 3.997149 -14.563515 4.749370 0.673733 -0.627890 0.389664 0.078552 0.955566 1 0 1.0
0 3.734405 -14.910347 4.644766 0.673707 -0.627888 0.389712 0.078552 0.955566 1 0 1.0
Default
0 3.408594 -15.203191 4.736202 0.673715 -0.627908 0.389666 0.078552 0.955566 1 0 1.0
0 3.409100 -15.229557 4.692840 0.673707 -0.627903 0.389689 0.078552 0.955566 1 0 1.0
0 3.734405 -14.910347 4.644766 0.673707 -0.627888 0.389712 0.078552 0.955566 1 0 1.0
Default
0 3.749694 -14.923435 4.597257 0.673690 -0.627874 0.389764 0.078552 0.955566 1 0 1.0
0 4.024348 -14.560868 4.706607 0.673706 -0.627897 0.389699 0.078552 0.955566 1 0 1.0
0 3.734405 -14.910347 4.644766 0.673707 -0.627888 0.389712 0.078552 0.955566 1 0 1.0
Default
0 3.409100 -15.229557 4.692840 0.673707 -0.627903 0.389689 0.078552 0.955566 1 0 1.0
0 3.749694 -14.923435 4.597257 0.673690 -0.627874 0.389764 0.078552 0.955566 1 0 1.0
0 3.734405 -14.910347 4.644766 0.673707 -0.627888 0.389712 0.078552 0.955566 1 0 1.0
Default
0 6.113951 -12.833810 5.201363 0.796973 -0.461478 0.389707 0.078552 0.955566 1 0 1.0
0 5.850372 -13.208297 5.296946 0.796962 -0.461469 0.389740 0.078552 0.955566 1 0 1.0
0 5.868196 -13.217637 5.249439 0.796970 -0.461471 0.389721 0.078552 0.955566 1 0 1.0
Default
0 5.850372 -13.208297 5.296946 0.796962 -0.461469 0.389740 0.078552 0.955566 1 0 1.0
0 5.663674 -13.623069 5.187598 0.796973 -0.461485 0.389700 0.078552 0.955566 1 0 1.0
0 5.868196 -13.217637 5.249439 0.796970 -0.461471 0.389721 0.078552 0.955566 1 0 1.0
Default
0 6.120338 -12.859398 5.158003 0.796985 -0.461448 0.389719 0.078552 0.955566 1 0 1.0
0 6.113951 -12.833810 5.201363 0.796973 -0.461478 0.389707 0.078552 0.955566 1 0 1.0
0 5.868196 -13.217637 5.249439 0.796970 -0.461471 0.389721 0.078552 0.955566 1 0 1.0
Default
0 5.663674 -13.623069 5.187598 0.796973 -0.461485 0.389700 0.078552 0.955566 1 0 1.0
0 5.689595 -13.614412 5.144834 0.796987 -0.461478 0.389680 0.078552 0.955566 1 0 1.0
0 5.868196 -13.217637 5.249439 0.796970 -0.461471 0.389721 0.078552 0.955566 1 0 1.0
Default
0 6.113951 -12.833810 5.201363 0.796973 -0.461478 0.389707 0.078552 0.955566 1 0 1.0
0 6.120338 -12.859398 5.158003 0.796985 -0.461448 0.389719 0.078552 0.955566 1 0 1.0
0 6.274005 -12.764552 4.956040 0.796970 -0.461499 0.389690 0.078552 0.955566 1 0 1.0
Default
0 6.300010 -12.718977 4.956838 0.796943 -0.461549 0.389685 0.078552 0.955566 1 0 1.0
0 6.113951 -12.833810 5.201363 0.796973 -0.461478 0.389707 0.078552 0.955566 1 0 1.0
0 6.274005 -12.764552 4.956040 0.796970 -0.461499 0.389690 0.078552 0.955566 1 0 1.0
Default
0 5.689595 -13.614412 5.144834 0.796987 -0.461478 0.389680 0.078552 0.955566 1 0 1.0
0 5.663674 -13.623069 5.187598 0.796973 -0.461485 0.389700 0.078552 0.955566 1 0 1.0
0 5.689219 -13.789581 4.938163 0.796975 -0.461497 0.389681 0.078552 0.955566 1 0 1.0
Default
0 5.663674 -13.623069 5.187598 0.796973 -0.461485 0.389700 0.078552 0.955566 1 0 1.0
0 5.663216 -13.835157 4.937367 0.796966 -0.461510 0.389683 0.078552 0.955566 1 0 1.0
0 5.689219 -13.789581 4.938163 0.796975 -0.461497 0.389681 0.078552 0.955566 1 0 1.0
Default
0 6.299549 -12.931066 4.706605 0.796967 -0.461493 0.389703 0.078552 0.955566 1 0 1.0
0 6.300010 -12.718977 4.956838 0.796943 -0.461549 0.389685 0.078552 0.955566 1 0 1.0
0 6.274005 -12.764552 4.956040 0.796970 -0.461499 0.389690 0.078552 0.955566 1 0 1.0
Default
0 6.273627 -12.939723 4.749370 0.796992 -0.461475 0.389673 0.078552 0.955566 1 0 1.0
0 6.299549 -12.931066 4.706605 0.796967 -0.461493 0.389703 0.078552 0.955566 1 0 1.0
0 6.274005 -12.764552 4.956040 0.796970 -0.461499 0.389690 0.078552 0.955566 1 0 1.0
Default
0 5.663216 -13.835157 4.937367 0.796966 -0.461510 0.389683 0.078552 0.955566 1 0 1.0
0 5.849271 -13.720323 4.692840 0.796976 -0.461487 0.389690 0.078552 0.955566 1 0 1.0
0 5.689219 -13.789581 4.938163 0.796975 -0.461497 0.389681 0.078552 0.955566 1 0 1.0
Default
0 5.849271 -13.720323 4.692840 0.796976 -0.461487 0.389690 0.078552 0.955566 1 0 1.0
0 5.842885 -13.694737 4.736202 0.796984 -0.461488 0.389674 0.078552 0.955566 1 0 1.0
0 5.689219 -13.789581 4.938163 0.796975 -0.461497 0.389681 0.078552 0.955566 1 0 1.0
Default
0 6.299549 -12.931066 4.706605 0.796967 -0.461493 0.389703 0.078552 0.955566 1 0 1.0
0 6.273627 -12.939723 4.749370 0.796992 -0.461475 0.389673 0.078552 0.955566 1 0 1.0
0 6.095027 -13.336496 4.644764 0.796973 -0.461477 0.389708 0.078552 0.955566 1 0 1.0
Default
0 5.842885 -13.694737 4.736202 0.796984 -0.461488 0.389674 0.078552 0.955566 1 0 1.0
0 5.849271 -13.720323 4.692840 0.796976 -0.461487 0.389690 0.078552 0.955566 1 0 1.0
0 6.095027 -13.336496 4.644764 0.796973 -0.461477 0.389708 0.078552 0.955566 1 0 1.0
Default
0 6.112851 -13.345837 4.597257 0.796959 -0.461469 0.389747 0.078552 0.955566 1 0 1.0
0 6.299549 -12.931066 4.706605 0.796967 -0.461493 0.389703 0.078552 0.955566 1 0 1.0
0 6.095027 -13.336496 4.644764 0.796973 -0.461477 0.389708 0.078552 0.955566 1 0 1.0
Default
0 5.849271 -13.720323 4.692840 0.796976 -0.461487 0.389690 0.078552 0.955566 1 0 1.0
0 6.112851 -13.345837 4.597257 0.796959 -0.461469 0.389747 0.078552 0.955566 1 0 1.0
0 6.095027 -13.336496 4.644764 0.796973 -0.461477 0.389708 0.078552 0.955566 1 0 1.0
Default
0 6.777553 -8.999344 5.201363 0.909676 -0.143596 0.389704 0.078552 0.955566 1 0 1.0
0 6.666479 -9.443614 5.296946 0.909663 -0.143589 0.389737 0.078552 0.955566 1 0 1.0
0 6.686470 -9.445910 5.249439 0.909669 -0.143588 0.389724 0.078552 0.955566 1 0 1.0
Default
0 6.666479 -9.443614 5.296946 0.909663 -0.143589 0.389737 0.078552 0.955566 1 0 1.0
0 6.641633 -9.897790 5.187598 0.909674 -0.143605 0.389707 0.078552 0.955566 1 0 1.0
0 6.686470 -9.445910 5.249439 0.909669 -0.143588 0.389724 0.078552 0.955566 1 0 1.0
Default
0 6.792725 -9.020915 5.158003 0.909676 -0.143560 0.389719 0.078552 0.955566 1 0 1.0
0 6.777553 -8.999344 5.201363 0.909676 -0.143596 0.389704 0.078552 0.955566 1 0 1.0
0 6.686470 -9.445910 5.249439 0.909669 -0.143588 0.389724 0.078552 0.955566 1 0 1.0
Default
0 6.641633 -9.897790 5.187598 0.909674 -0.143605 0.389707 0.078552 0.955566 1 0 1.0
0 6.662700 -9.880380 5.144834 0.909681 -0.143596 0.389692 0.078552 0.955566 1 0 1.0
0 6.686470 -9.445910 5.249439 0.909669 -0.143588 0.389724 0.078552 0.955566 1 0 1.0
Default
0 6.777553 -8.999344 5.201363 0.909676 -0.143596 0.389704 0.078552 0.955566 1 0 1.0
0 6.792725 -9.020915 5.158003 0.909676 -0.143560 0.389719 0.078552 0.955566 1 0 1.0
0 6.901938 -8.877105 4.956040 0.909679 -0.143619 0.389690 0.078552 0.955566 1 0 1.0
Default
0 6.909791 -8.825224 4.956838 0.909671 -0.143681 0.389685 0.078552 0.955566 1 0 1.0
0 6.777553 -8.999344 5.201363 0.909676 -0.143596 0.389704 0.078552 0.955566 1 0 1.0
0 6.901938 -8.877105 4.956040 0.909679 -0.143619 0.389690 0.078552 0.955566 1 0 1.0
Default
0 6.662700 -9.880380 5.144834 0.909681 -0.143596 0.389692 0.078552 0.955566 1 0 1.0
0 6.641633 -9.897790 5.187598 0.909674 -0.143605 0.389707 0.078552 0.955566 1 0 1.0
0 6.725416 -10.043938 4.938163 0.909683 -0.143616 0.389682 0.078552 0.955566 1 0 1.0
Default
0 6.641633 -9.897790 5.187598 0.909674 -0.143605 0.389707 0.078552 0.955566 1 0 1.0
0 6.717565 -10.095818 4.937367 0.909680 -0.143630 0.389682 0.078552 0.955566 1 0 1.0
0 6.725416 -10.043938 4.938163 0.909683 -0.143616 0.389682 0.078552 0.955566 1 0 1.0
Default
0 6.985721 -9.023256 4.706605 0.909673 -0.143612 0.389706 0.078552 0.955566 1 0 1.0
0 6.909791 -8.825224 4.956838 0.909671 -0.143681 0.389685 0.078552 0.955566 1 0 1.0
0 6.901938 -8.877105 4.956040 0.909679 -0.143619 0.389690 0.078552 0.955566 1 0 1.0
Default
0 6.964654 -9.040665 4.749370 0.909690 -0.143584 0.389675 0.078552 0.955566 1 0 1.0
0 6.985721 -9.023256 4.706605 0.909673 -0.143612 0.389706 0.078552 0.955566 1 0 1.0
0 6.901938 -8.877105 4.956040 0.909679 -0.143619 0.389690 0.078552 0.955566 1 0 1.0
Default
0 6.717565 -10.095818 4.937367 0.909680 -0.143630 0.389682 0.078552 0.955566 1 0 1.0
0 6.849798 -9.921699 4.692840 0.909683 -0.143603 0.389686 0.078552 0.955566 1 0 1.0
0 6.725416 -10.043938 4.938163 0.909683 -0.143616 0.389682 0.078552 0.955566 1 0 1.0
Default
0 6.849798 -9.921699 4.692840 0.909683 -0.143603 0.389686 0.078552 0.955566 1 0 1.0
0 6.834629 -9.900129 4.736202 0.909690 -0.143600 0.389670 0.078552 0.955566 1 0 1.0
0 6.725416 -10.043938 4.938163 0.909683 -0.143616 0.389682 0.078552 0.955566 1 0 1.0
Default
0 6.985721 -9.023256 4.706605 0.909673 -0.143612 0.389706 0.078552 0.955566 1 0 1.0
0 6.964654 -9.040665 4.749370 0.909690 -0.143584 0.389675 0.078552 0.955566 1 0 1.0
0 6.940882 -9.475133 4.644764 0.909675 -0.143593 0.389708 0.078552 0.955566 1 0 1.0
Default
0 6.834629 -9.900129 4.736202 0.909690 -0.143600 0.389670 0.078552 0.955566 1 0 1.0
0 6.849798 -9.921699 4.692840 0.909683 -0.143603 0.389686 0.078552 0.955566 1 0 1.0
0 6.940882 -9.475133 4.644764 0.909675 -0.143593 0.389708 0.078552 0.955566 1 0 1.0
Default
0 6.960874 -9.477429 4.597257 0.909659 -0.143591 0.389746 0.078552 0.955566 1 0 1.0
0 6.985721 -9.023256 4.706605 0.909673 -0.143612 0.389706 0.078552 0.955566 1 0 1.0
0 6.940882 -9.475133 4.644764 0.909675 -0.143593 0.389708 0.078552 0.955566 1 0 1.0
Default
0 6.849798 -9.921699 4.692840 0.909683 -0.143603 0.389686 0.078552 0.955566 1 0 1.0
0 6.960874 -9.477429 4.597257 0.909659 -0.143591 0.389746 0.078552 0.955566 1 0 1.0
0 6.940882 -9.475133 4.644764 0.909675 -0.143593 0.389708 0.078552 0.955566 1 0 1.0
Default
0 6.574963 -6.824458 5.201363 0.920121 -0.038847 0.389703 0.078552 0.955566 1 0 1.0
0 6.515314 -7.278501 5.296946 0.920110 -0.038841 0.389728 0.078552 0.955566 1 0 1.0
0 6.535436 -7.278501 5.249439 0.920114 -0.038840 0.389719 0.078552 0.955566 1 0 1.0
Default
0 6.515314 -7.278501 5.296946 0.920110 -0.038841 0.389728 0.078552 0.955566 1 0 1.0
0 6.542460 -7.732545 5.187598 0.920120 -0.038854 0.389703 0.078552 0.955566 1 0 1.0
0 6.535436 -7.278501 5.249439 0.920114 -0.038840 0.389719 0.078552 0.955566 1 0 1.0
Default
0 6.592497 -6.844157 5.158003 0.920116 -0.038814 0.389718 0.078552 0.955566 1 0 1.0
0 6.574963 -6.824458 5.201363 0.920121 -0.038847 0.389703 0.078552 0.955566 1 0 1.0
0 6.535436 -7.278501 5.249439 0.920114 -0.038840 0.389719 0.078552 0.955566 1 0 1.0
Default
0 6.542460 -7.732545 5.187598 0.920120 -0.038854 0.389703 0.078552 0.955566 1 0 1.0
0 6.561403 -7.712846 5.144834 0.920125 -0.038848 0.389693 0.078552 0.955566 1 0 1.0
0 6.535436 -7.278501 5.249439 0.920114 -0.038840 0.389719 0.078552 0.955566 1 0 1.0
Default
0 6.574963 -6.824458 5.201363 0.920121 -0.038847 0.389703 0.078552 0.955566 1 0 1.0
0 6.592497 -6.844157 5.158003 0.920116 -0.038814 0.389718 0.078552 0.955566 1 0 1.0
0 6.684586 -6.688823 4.956040 0.920126 -0.038864 0.389689 0.078552 0.955566 1 0 1.0
Default
0 6.686467 -6.636385 4.956838 0.920125 -0.038925 0.389685 0.078552 0.955566 1 0 1.0
0 6.574963 -6.824458 5.201363 0.920121 -0.038847 0.389703 0.078552 0.955566 1 0 1.0
0 6.684586 -6.688823 4.956040 0.920126 -0.038864 0.389689 0.078552 0.955566 1 0 1.0
Default
0 6.561403 -7.712846 5.144834 0.920125 -0.038848 0.389693 0.078552 0.955566 1 0 1.0
0 6.542460 -7.732545 5.187598 0.920120 -0.038854 0.389703 0.078552 0.955566 1 0 1.0
0 6.642373 -7.868178 4.938163 0.920129 -0.038865 0.389683 0.078552 0.955566 1 0 1.0
Default
0 6.542460 -7.732545 5.187598 0.920120 -0.038854 0.389703 0.078552 0.955566 1 0 1.0
0 6.640495 -7.920615 4.937367 0.920128 -0.038874 0.389683 0.078552 0.955566 1 0 1.0
0 6.642373 -7.868178 4.938163 0.920129 -0.038865 0.389683 0.078552 0.955566 1 0 1.0
Default
0 6.784500 -6.824458 4.706605 0.920121 -0.038859 0.389701 0.078552 0.955566 1 0 1.0
0 6.686467 -6.636385 4.956838 0.920125 -0.038925 0.389685 0.078552 0.955566 1 0 1.0
0 6.684586 -6.688823 4.956040 0.920126 -0.038864 0.389689 0.078552 0.955566 1 0 1.0
Default
0 6.765558 -6.844157 4.749370 0.920137 -0.038827 0.389667 0.078552 0.955566 1 0 1.0
0 6.784500 -6.824458 4.706605 0.920121 -0.038859 0.389701 0.078552 0.955566 1 0 1.0
0 6.684586 -6.688823 4.956040 0.920126 -0.038864 0.389689 0.078552 0.955566 1 0 1.0
Default
0 6.640495 -7.920615 4.937367 0.920128 -0.038874 0.389683 0.078552 0.955566 1 0 1.0
0 6.751994 -7.732544 4.692840 0.920127 -0.038853 0.389688 0.078552 0.955566 1 0 1.0
0 6.642373 -7.868178 4.938163 0.920129 -0.038865 0.389683 0.078552 0.955566 1 0 1.0
Default
0 6.751994 -7.732544 4.692840 0.920127 -0.038853 0.389688 0.078552 0.955566 1 0 1.0
0 6.734463 -7.712845 4.736202 0.920135 -0.038852 0.389670 0.078552 0.955566 1 0 1.0
0 6.642373 -7.868178 4.938163 0.920129 -0.038865 0.389683 0.078552 0.955566 1 0 1.0
Default
0 6.784500 -6.824458 4.706605 0.920121 -0.038859 0.389701 0.078552 0.955566 1 0 1.0
0 6.765558 -6.844157 4.749370 0.920137 -0.038827 0.389667 0.078552 0.955566 1 0 1.0
0 6.791522 -7.278500 4.644764 0.920120 -0.038843 0.389705 0.078552 0.955566 1 0 1.0
Default
0 6.734463 -7.712845 4.736202 0.920135 -0.038852 0.389670 0.078552 0.955566 1 0 1.0
0 6.751994 -7.732544 4.692840 0.920127 -0.038853 0.389688 0.078552 0.955566 1 0 1.0
0 6.791522 -7.278500 4.644764 0.920120 -0.038843 0.389705 0.078552 0.955566 1 0 1.0
Default
0 6.811645 -7.278500 4.597257 0.920103 -0.038843 0.389746 0.078552 0.955566 1 0 1.0
0 6.784500 -6.824458 4.706605 0.920121 -0.038859 0.389701 0.078552 0.955566 1 0 1.0
0 6.791522 -7.278500 4.644764 0.920120 -0.038843 0.389705 0.078552 0.955566 1 0 1.0
Default
0 6.751994 -7.732544 4.692840 0.920127 -0.038853 0.389688 0.078552 0.955566 1 0 1.0
0 6.811645 -7.278500 4.597257 0.920103 -0.038843 0.389746 0.078552 0.955566 1 0 1.0
0 6.791522 -7.278500 4.644764 0.920120 -0.038843 0.389705 0.078552 0.955566 1 0 1.0
Default
0 12.745634 10.401066 5.178394 -0.025443 0.999676 0.000000 0.078552 0.955566 1 0 1.0
0 12.974383 10.406894 4.655321 -0.025449 0.999676 0.000000 0.078552 0.955566 1 0 1.0
0 12.877282 10.404422 4.655321 -0.025445 0.999676 0.000000 0.078552 0.955566 1 0 1.0
Default
0 12.974383 10.406894 4.655321 -0.025449 0.999676 0.000000 0.078552 0.955566 1 0 1.0
0 12.745634 10.401066 4.132246 -0.025443 0.999676 0.000000 0.078552 0.955566 1 0 1.0
0 12.877282 10.404422 4.655321 -0.025445 0.999676 0.000000 0.078552 0.955566 1 0 1.0
Default
0 12.676973 10.399319 5.113361 -0.025441 0.999676 0.000000 0.078552 0.955566 1 0 1.0
0 12.745634 10.401066 5.178394 -0.025443 0.999676 0.000000 0.078552 0.955566 1 0 1.0
0 12.877282 10.404422 4.655321 -0.025445 0.999676 0.000000 0.078552 0.955566 1 0 1.0
Default
0 12.745634 10.401066 4.132246 -0.025443 0.999676 0.000000 0.078552 0.955566 1 0 1.0
0 12.676973 10.399319 4.197279 -0.025441 0.999676 0.000000 0.078552 0.955566 1 0 1.0
0 12.877282 10.404422 4.655321 -0.025445 0.999676 0.000000 0.078552 0.955566 1 0 1.0
Default
0 12.193385 10.387011 5.395059 -0.025445 0.999676 0.000000 0.078552 0.955566 1 0 1.0
0 12.745634 10.401066 5.178394 -0.025443 0.999676 0.000000 0.078552 0.955566 1 0 1.0
0 12.676973 10.399319 5.113361 -0.025441 0.999676 0.000000 0.078552 0.955566 1 0 1.0
Default
0 12.193385 10.387011 5.303087 -0.025448 0.999676 0.000000 0.078552 0.955566 1 0 1.0
0 12.193385 10.387011 5.395059 -0.025445 0.999676 0.000000 0.078552 0.955566 1 0 1.0
0 12.676973 10.399319 5.113361 -0.025441 0.999676 0.000000 0.078552 0.955566 1 0 1.0
Default
0 12.193385 10.387011 5.395059 -0.025445 0.999676 0.000000 0.078552 0.955566 1 0 1.0
0 12.193385 10.387011 5.303087 -0.025448 0.999676 0.000000 0.078552 0.955566 1 0 1.0
0 11.709798 10.374699 5.113361 -0.025444 0.999676 0.000000 0.078552 0.955566 1 0 1.0
Default
0 11.641138 10.372952 5.178394 -0.025443 0.999676 0.000000 0.078552 0.955566 1 0 1.0
0 12.193385 10.387011 5.395059 -0.025445 0.999676 0.000000 0.078552 0.955566 1 0 1.0
0 11.709798 10.374699 5.113361 -0.025444 0.999676 0.000000 0.078552 0.955566 1 0 1.0
Default
0 12.745634 10.401066 4.132246 -0.025443 0.999676 0.000000 0.078552 0.955566 1 0 1.0
0 12.193385 10.387011 3.915583 -0.025445 0.999676 0.000000 0.078552 0.955566 1 0 1.0
0 12.676973 10.399319 4.197279 -0.025441 0.999676 0.000000 0.078552 0.955566 1 0 1.0
Default
0 12.193385 10.387011 3.915583 -0.025445 0.999676 0.000000 0.078552 0.955566 1 0 1.0
0 12.193385 10.387011 4.007553 -0.025448 0.999676 0.000000 0.078552 0.955566 1 0 1.0
0 12.676973 10.399319 4.197279 -0.025441 0.999676 0.000000 0.078552 0.955566 1 0 1.0
Default
0 12.193385 10.387011 4.007553 -0.025448 0.999676 0.000000 0.078552 0.955566 1 0 1.0
0 12.193385 10.387011 3.915583 -0.025445 0.999676 0.000000 0.078552 0.955566 1 0 1.0
0 11.709798 10.374699 4.197281 -0.025444 0.999676 0.000000 0.078552 0.955566 1 0 1.0
Default
0 12.193385 10.387011 3.915583 -0.025445 0.999676 0.000000 0.078552 0.955566 1 0 1.0
0 11.641138 10.372952 4.132248 -0.025443 0.999676 0.000000 0.078552 0.955566 1 0 1.0
0 11.709798 10.374699 4.197281 -0.025444 0.999676 0.000000 0.078552 0.955566 1 0 1.0
Default
0 11.641138 10.372952 5.178394 -0.025443 0.999676 0.000000 0.078552 0.955566 1 0 1.0
0 11.709798 10.374699 5.113361 -0.025444 0.999676 0.000000 0.078552 0.955566 1 0 1.0
0 11.509487 10.369600 4.655321 -0.025442 0.999676 0.000000 0.078552 0.955566 1 0 1.0
Default
0 11.709798 10.374699 4.197281 -0.025444 0.999676 0.000000 0.078552 0.955566 1 0 1.0
0 11.641138 10.372952 4.132248 -0.025443 0.999676 0.000000 0.078552 0.955566 1 0 1.0
0 11.509487 10.369600 4.655321 -0.025442 0.999676 0.000000 0.078552 0.955566 1 0 1.0
Default
0 11.412385 10.367128 4.655321 -0.025449 0.999676 0.000000 0.078552 0.955566 1 0 1.0
0 11.641138 10.372952 5.178394 -0.025443 0.999676 0.000000 0.078552 0.955566 1 0 1.0
0 11.509487 10.369600 4.655321 -0.025442 0.999676 0.000000 0.078552 0.955566 1 0 1.0
Default
0 11.641138 10.372952 4.132248 -0.025443 0.999676 0.000000 0.078552 0.955566 1 0 1.0
0 11.412385 10.367128 4.655321 -0.025449 0.999676 0.000000 0.078552 0.955566 1 0 1.0
0 11.509487 10.369600 4.655321 -0.025442 0.999676 0.000000 0.078552 0.955566 1 0 1.0
Default
0 10.795318 3.508357 5.190934 0.357605 0.933873 0.000000 0.078552 0.955566 1 0 1.0
0 11.291493 3.318362 5.412791 0.357598 0.933875 0.000000 0.078552 0.955566 1 0 1.0
0 11.291493 3.318362 5.314791 0.357599 0.933875 0.000000 0.078552 0.955566 1 0 1.0
Default
0 11.291493 3.318362 5.412791 0.357598 0.933875 0.000000 0.078552 0.955566 1 0 1.0
0 11.787669 3.128368 5.190934 0.357599 0.933875 0.000000 0.078552 0.955566 1 0 1.0
0 11.291493 3.318362 5.314791 0.357599 0.933875 0.000000 0.078552 0.955566 1 0 1.0
Default
0 10.859511 3.483775 5.121636 0.357605 0.933873 0.000000 0.078552 0.955566 1 0 1.0
0 10.795318 3.508357 5.190934 0.357605 0.933873 0.000000 0.078552 0.955566 1 0 1.0
0 11.291493 3.318362 5.314791 0.357599 0.933875 0.000000 0.078552 0.955566 1 0 1.0
Default
0 11.787669 3.128368 5.190934 0.357599 0.933875 0.000000 0.078552 0.955566 1 0 1.0
0 11.723474 3.152950 5.121636 0.357594 0.933877 0.000000 0.078552 0.955566 1 0 1.0
0 11.291493 3.318362 5.314791 0.357599 0.933875 0.000000 0.078552 0.955566 1 0 1.0
Default
0 10.589792 3.587060 4.655321 0.357607 0.933872 0.000000 0.078552 0.955566 1 0 1.0
0 10.795318 3.508357 5.190934 0.357605 0.933873 0.000000 0.078552 0.955566 1 0 1.0
0 10.859511 3.483775 5.121636 0.357605 0.933873 0.000000 0.078552 0.955566 1 0 1.0
Default
0 10.680578 3.552296 4.655321 0.357600 0.933875 0.000000 0.078552 0.955566 1 0 1.0
0 10.589792 3.587060 4.655321 0.357607 0.933872 0.000000 0.078552 0.955566 1 0 1.0
0 10.859511 3.483775 5.121636 0.357605 0.933873 0.000000 0.078552 0.955566 1 0 1.0
Default
0 10.589792 3.587060 4.655321 0.357607 0.933872 0.000000 0.078552 0.955566 1 0 1.0
0 10.680578 3.552296 4.655321 0.357600 0.933875 0.000000 0.078552 0.955566 1 0 1.0
0 10.859511 3.483775 4.189002 0.357604 0.933873 0.000000 0.078552 0.955566 1 0 1.0
Default
0 10.795318 3.508357 4.119706 0.357603 0.933874 0.000000 0.078552 0.955566 1 0 1.0
0 10.589792 3.587060 4.655321 0.357607 0.933872 0.000000 0.078552 0.955566 1 0 1.0
0 10.859511 3.483775 4.189002 0.357604 0.933873 0.000000 0.078552 0.955566 1 0 1.0
Default
0 11.787669 3.128368 5.190934 0.357599 0.933875 0.000000 0.078552 0.955566 1 0 1.0
0 11.993193 3.049669 4.655321 0.357587 0.933880 0.000000 0.078552 0.955566 1 0 1.0
0 11.723474 3.152950 5.121636 0.357594 0.933877 0.000000 0.078552 0.955566 1 0 1.0
Default
0 11.993193 3.049669 4.655321 0.357587 0.933880 0.000000 0.078552 0.955566 1 0 1.0
0 11.902408 3.084431 4.655321 0.357581 0.933882 0.000000 0.078552 0.955566 1 0 1.0
0 11.723474 3.152950 5.121636 0.357594 0.933877 0.000000 0.078552 0.955566 1 0 1.0
Default
0 11.902408 3.084431 4.655321 0.357581 0.933882 0.000000 0.078552 0.955566 1 0 1.0
0 11.993193 3.049669 4.655321 0.357587 0.933880 0.000000 0.078552 0.955566 1 0 1.0
0 11.723474 3.152947 4.189002 0.357587 0.933880 0.000011 0.078552 0.955566 1 0 1.0
Default
0 11.993193 3.049669 4.655321 0.357587 0.933880 0.000000 0.078552 0.955566 1 0 1.0
0 11.787669 3.128368 4.119706 0.357593 0.933877 0.000000 0.078552 0.955566 1 0 1.0
0 11.723474 3.152947 4.189002 0.357587 0.933880 0.000011 0.078552 0.955566 1 0 1.0
Default
0 10.795318 3.508357 4.119706 0.357603 0.933874 0.000000 0.078552 0.955566 1 0 1.0
0 10.859511 3.483775 4.189002 0.357604 0.933873 0.000000 0.078552 0.955566 1 0 1.0
0 11.291493 3.318365 3.995849 0.357598 0.933876 0.000000 0.078552 0.955566 1 0 1.0
Default
0 11.723474 3.152947 4.189002 0.357587 0.933880 0.000011 0.078552 0.955566 1 0 1.0
0 11.787669 3.128368 4.119706 0.357593 0.933877 0.000000 0.078552 0.955566 1 0 1.0
0 11.291493 3.318365 3.995849 0.357598 0.933876 0.000000 0.078552 0.955566 1 0 1.0
Default
0 11.291493 3.318365 3.897849 0.357598 0.933875 0.000000 0.078552 0.955566 1 0 1.0
0 10.795318 3.508357 4.119706 0.357603 0.933874 0.000000 0.078552 0.955566 1 0 1.0
0 11.291493 3.318365 3.995849 0.357598 0.933876 0.000000 0.078552 0.955566 1 0 1.0
Default
0 11.787669 3.128368 4.119706 0.357593 0.933877 0.000000 0.078552 0.955566 1 0 1.0
0 11.291493 3.318365 3.897849 0.357598 0.933875 0.000000 0.078552 0.955566 1 0 1.0
0 11.291493 3.318365 3.995849 0.357598 0.933876 0.000000 0.078552 0.955566 1 0 1.0
Default
0 5.550856 -4.111874 4.987340 0.837205 0.546890 0.000000 0.078552 0.955566 1 0 1.0
0 5.653788 -4.269446 4.655319 0.837204 0.546890 0.000000 0.078552 0.955566 1 0 1.0
0 5.618501 -4.215427 4.655319 0.837203 0.546892 0.000000 0.078552 0.955566 1 0 1.0
Default
0 5.653788 -4.269446 4.655319 0.837204 0.546890 0.000000 0.078552 0.955566 1 0 1.0
0 5.550855 -4.111873 4.323298 0.837202 0.546893 0.000000 0.078552 0.955566 1 0 1.0
0 5.618501 -4.215427 4.655319 0.837203 0.546892 0.000000 0.078552 0.955566 1 0 1.0
Default
0 5.525904 -4.073676 4.954003 0.837205 0.546889 0.000000 0.078552 0.955566 1 0 1.0
0 5.550856 -4.111874 4.987340 0.837205 0.546890 0.000000 0.078552 0.955566 1 0 1.0
0 5.618501 -4.215427 4.655319 0.837203 0.546892 0.000000 0.078552 0.955566 1 0 1.0
Default
0 5.550855 -4.111873 4.323298 0.837202 0.546893 0.000000 0.078552 0.955566 1 0 1.0
0 5.525903 -4.073676 4.356637 0.837203 0.546892 0.000000 0.078552 0.955566 1 0 1.0
0 5.618501 -4.215427 4.655319 0.837203 0.546892 0.000000 0.078552 0.955566 1 0 1.0
Default
0 5.302357 -3.731459 5.124868 0.837206 0.546888 0.000000 0.078552 0.955566 1 0 1.0
0 5.550856 -4.111874 4.987340 0.837205 0.546890 0.000000 0.078552 0.955566 1 0 1.0
0 5.525904 -4.073676 4.954003 0.837205 0.546889 0.000000 0.078552 0.955566 1 0 1.0
Default
0 5.302357 -3.731459 5.077720 0.837205 0.546889 0.000000 0.078552 0.955566 1 0 1.0
0 5.302357 -3.731459 5.124868 0.837206 0.546888 0.000000 0.078552 0.955566 1 0 1.0
0 5.525904 -4.073676 4.954003 0.837205 0.546889 0.000000 0.078552 0.955566 1 0 1.0
Default
0 5.302357 -3.731459 5.124868 0.837206 0.546888 0.000000 0.078552 0.955566 1 0 1.0
0 5.302357 -3.731459 5.077720 0.837205 0.546889 0.000000 0.078552 0.955566 1 0 1.0
0 5.078810 -3.389243 4.954003 0.837207 0.546887 0.000000 0.078552 0.955566 1 0 1.0
Default
0 5.053858 -3.351044 4.987340 0.837206 0.546888 0.000000 0.078552 0.955566 1 0 1.0
0 5.302357 -3.731459 5.124868 0.837206 0.546888 0.000000 0.078552 0.955566 1 0 1.0
0 5.078810 -3.389243 4.954003 0.837207 0.546887 0.000000 0.078552 0.955566 1 0 1.0
Default
0 5.550855 -4.111873 4.323298 0.837202 0.546893 0.000000 0.078552 0.955566 1 0 1.0
0 5.302357 -3.731459 4.185770 0.837205 0.546889 0.000000 0.078552 0.955566 1 0 1.0
0 5.525903 -4.073676 4.356637 0.837203 0.546892 0.000000 0.078552 0.955566 1 0 1.0
Default
0 5.302357 -3.731459 4.185770 0.837205 0.546889 0.000000 0.078552 0.955566 1 0 1.0
0 5.302357 -3.731459 4.232918 0.837206 0.546888 0.000000 0.078552 0.955566 1 0 1.0
0 5.525903 -4.073676 4.356637 0.837203 0.546892 0.000000 0.078552 0.955566 1 0 1.0
Default
0 5.302357 -3.731459 4.232918 0.837206 0.546888 0.000000 0.078552 0.955566 1 0 1.0
0 5.302357 -3.731459 4.185770 0.837205 0.546889 0.000000 0.078552 0.955566 1 0 1.0
0 5.078810 -3.389243 4.356637 0.837206 0.546887 0.000000 0.078552 0.955566 1 0 1.0
Default
0 5.302357 -3.731459 4.185770 0.837205 0.546889 0.000000 0.078552 0.955566 1 0 1.0
0 5.053858 -3.351044 4.323298 0.837206 0.546888 0.000000 0.078552 0.955566 1 0 1.0
0 5.078810 -3.389243 4.356637 0.837206 0.546887 0.000000 0.078552 0.955566 1 0 1.0
Default
0 5.053858 -3.351044 4.987340 0.837206 0.546888 0.000000 0.078552 0.955566 1 0 1.0
0 5.078810 -3.389243 4.954003 0.837207 0.546887 0.000000 0.078552 0.955566 1 0 1.0
0 4.986214 -3.247489 4.655319 0.837205 0.546889 0.000000 0.078552 0.955566 1 0 1.0
Default
0 5.078810 -3.389243 4.356637 0.837206 0.546887 0.000000 0.078552 0.955566 1 0 1.0
0 5.053858 -3.351044 4.323298 0.837206 0.546888 0.000000 0.078552 0.955566 1 0 1.0
0 4.986214 -3.247489 4.655319 0.837205 0.546889 0.000000 0.078552 0.955566 1 0 1.0
Default
0 4.950927 -3.193470 4.655319 0.837202 0.546894 0.000000 0.078552 0.955566 1 0 1.0
0 5.053858 -3.351044 4.987340 0.837206 0.546888 0.000000 0.078552 0.955566 1 0 1.0
0 4.986214 -3.247489 4.655319 0.837205 0.546889 0.000000 0.078552 0.955566 1 0 1.0
Default
0 5.053858 -3.351044 4.323298 0.837206 0.546888 0.000000 0.078552 0.955566 1 0 1.0
0 4.950927 -3.193470 4.655319 0.837202 0.546894 0.000000 0.078552 0.955566 1 0 1.0
0 4.986214 -3.247489 4.655319 0.837205 0.546889 0.000000 0.078552 0.955566 1 0 1.0
end
