version 1
nodes
0 "root" -1
end
skeleton
time 0
0 0 0 0 0 0 0
end
triangles
Default
0 -3.959582 -0.234216 0.190705 0.025645 -0.999671 0.000000 0.109192 0.985840 1 0 1.0
0 -6.532191 -0.300211 -0.131855 0.025645 -0.999671 0.000000 0.109192 0.985840 1 0 1.0
0 -3.959582 -0.234216 -0.702254 0.025645 -0.999671 0.000000 0.109192 0.985840 1 0 1.0
Default
0 -3.959582 -0.234216 0.190705 0.027002 -0.999577 -0.010846 0.108459 0.987305 1 0 1.0
0 -6.031089 -0.300211 1.115645 0.027002 -0.999577 -0.010846 0.108459 0.987305 1 0 1.0
0 -6.532191 -0.300211 -0.131855 0.027002 -0.999577 -0.010846 0.108459 0.987305 1 0 1.0
Default
0 -3.959582 -0.234216 -0.702254 0.030292 -0.999321 0.021000 0.108459 0.987305 1 0 1.0
0 -6.532191 -0.300211 -0.131855 0.027002 -0.999577 -0.010846 0.108459 0.987305 1 0 1.0
0 -5.680149 -0.300211 -1.360924 0.030292 -0.999321 0.021000 0.108459 0.987305 1 0 1.0
Default
0 5.939210 -0.846140 0.730274 0.711164 -0.688054 -0.144314 0.987305 0.520508 1 0 1.0
0 5.718507 -1.022140 0.481798 0.711164 -0.688054 -0.144314 0.987305 0.520508 1 0 1.0
0 5.887070 -0.828603 0.389718 0.711164 -0.688054 -0.144314 0.987305 0.520508 1 0 1.0
Default
0 5.887070 -0.828603 0.389718 0.945006 0.300446 -0.129212 0.984375 0.515625 1 0 1.0
0 5.883313 -0.682416 0.702160 0.945006 0.300446 -0.129212 0.984375 0.515625 1 0 1.0
0 5.939210 -0.846140 0.730274 0.945006 0.300446 -0.129212 0.984375 0.515625 1 0 1.0
Default
0 5.718507 -1.022140 0.481798 0.409550 -0.657563 -0.632360 0.987305 0.520508 1 0 1.0
0 5.526210 -0.967189 0.300115 0.409550 -0.657563 -0.632360 0.987305 0.520508 1 0 1.0
0 5.887070 -0.828603 0.389718 0.409550 -0.657563 -0.632360 0.987305 0.520508 1 0 1.0
Default
0 5.526210 -0.967189 0.300115 -0.000831 0.544476 -0.838776 0.984375 0.515625 1 0 1.0
0 5.628065 -0.757226 0.436308 -0.000831 0.544476 -0.838776 0.984375 0.515625 1 0 1.0
0 5.887070 -0.828603 0.389718 -0.000831 0.544476 -0.838776 0.984375 0.515625 1 0 1.0
Default
0 5.628065 -0.757226 0.436308 0.171337 0.893155 -0.415833 0.984375 0.515625 1 0 1.0
0 5.883313 -0.682416 0.702160 0.171337 0.893155 -0.415833 0.984375 0.515625 1 0 1.0
0 5.887070 -0.828603 0.389718 0.171337 0.893155 -0.415833 0.984375 0.515625 1 0 1.0
Default
0 5.883313 -0.682416 0.702160 0.741604 0.351324 0.571485 0.984375 0.515625 1 0 1.0
0 5.712432 -0.785602 0.987342 0.741604 0.351324 0.571485 0.984375 0.515625 1 0 1.0
0 5.939210 -0.846140 0.730274 0.741604 0.351324 0.571485 0.984375 0.515625 1 0 1.0
Default
0 5.939210 -0.846140 0.730274 0.465128 -0.862815 0.198006 0.987305 0.520508 1 0 1.0
0 5.610570 -0.995566 0.851148 0.465128 -0.862815 0.198006 0.987305 0.520508 1 0 1.0
0 5.718507 -1.022140 0.481798 0.465128 -0.862815 0.198006 0.987305 0.520508 1 0 1.0
Default
0 5.718507 -1.022140 0.481798 0.033888 -0.946123 -0.322029 0.987305 0.520508 1 0 1.0
0 5.355325 -1.070376 0.585295 0.033888 -0.946123 -0.322029 0.987305 0.520508 1 0 1.0
0 5.526210 -0.967189 0.300115 0.033888 -0.946123 -0.322029 0.987305 0.520508 1 0 1.0
Default
0 5.526210 -0.967189 0.300115 -0.503754 0.628675 -0.592452 0.984375 0.515625 1 0 1.0
0 5.299431 -0.906651 0.557181 -0.503754 0.628675 -0.592452 0.984375 0.515625 1 0 1.0
0 5.628065 -0.757226 0.436308 -0.503754 0.628675 -0.592452 0.984375 0.515625 1 0 1.0
Default
0 5.628065 -0.757226 0.436308 -0.163795 0.979372 -0.118331 0.984375 0.515625 1 0 1.0
0 5.520130 -0.730652 0.805657 -0.163795 0.979372 -0.118331 0.984375 0.515625 1 0 1.0
0 5.883313 -0.682416 0.702160 -0.163795 0.979372 -0.118331 0.984375 0.515625 1 0 1.0
Default
0 5.712432 -0.785602 0.987342 0.503750 -0.628683 0.592447 0.987305 0.520508 1 0 1.0
0 5.610570 -0.995566 0.851148 0.503750 -0.628683 0.592447 0.987305 0.520508 1 0 1.0
0 5.939210 -0.846140 0.730274 0.503750 -0.628683 0.592447 0.987305 0.520508 1 0 1.0
Default
0 5.610570 -0.995566 0.851148 0.163796 -0.979371 0.118332 0.987305 0.520508 1 0 1.0
0 5.355325 -1.070376 0.585295 0.163796 -0.979371 0.118332 0.987305 0.520508 1 0 1.0
0 5.718507 -1.022140 0.481798 0.163796 -0.979371 0.118332 0.987305 0.520508 1 0 1.0
Default
0 5.355325 -1.070376 0.585295 -0.741602 -0.351310 -0.571496 0.987305 0.520508 1 0 1.0
0 5.299431 -0.906651 0.557181 -0.741602 -0.351310 -0.571496 0.987305 0.520508 1 0 1.0
0 5.526210 -0.967189 0.300115 -0.741602 -0.351310 -0.571496 0.987305 0.520508 1 0 1.0
Default
0 5.299431 -0.906651 0.557181 -0.465136 0.862811 -0.198007 0.984375 0.515625 1 0 1.0
0 5.520130 -0.730652 0.805657 -0.465136 0.862811 -0.198007 0.984375 0.515625 1 0 1.0
0 5.628065 -0.757226 0.436308 -0.465136 0.862811 -0.198007 0.984375 0.515625 1 0 1.0
Default
0 5.520130 -0.730652 0.805657 -0.033890 0.946125 0.322024 0.984375 0.515625 1 0 1.0
0 5.712432 -0.785602 0.987342 -0.033890 0.946125 0.322024 0.984375 0.515625 1 0 1.0
0 5.883313 -0.682416 0.702160 -0.033890 0.946125 0.322024 0.984375 0.515625 1 0 1.0
Default
0 5.712432 -0.785602 0.987342 0.000830 -0.544479 0.838774 0.987305 0.520508 1 0 1.0
0 5.351570 -0.924188 0.897738 0.000830 -0.544479 0.838774 0.987305 0.520508 1 0 1.0
0 5.610570 -0.995566 0.851148 0.000830 -0.544479 0.838774 0.987305 0.520508 1 0 1.0
Default
0 5.610570 -0.995566 0.851148 -0.171339 -0.893154 0.415834 0.987305 0.520508 1 0 1.0
0 5.351570 -0.924188 0.897738 -0.171339 -0.893154 0.415834 0.987305 0.520508 1 0 1.0
0 5.355325 -1.070376 0.585295 -0.171339 -0.893154 0.415834 0.987305 0.520508 1 0 1.0
Default
0 5.355325 -1.070376 0.585295 -0.945011 -0.300431 0.129210 0.987305 0.520508 1 0 1.0
0 5.351570 -0.924188 0.897738 -0.945011 -0.300431 0.129210 0.987305 0.520508 1 0 1.0
0 5.299431 -0.906651 0.557181 -0.945011 -0.300431 0.129210 0.987305 0.520508 1 0 1.0
Default
0 5.299431 -0.906651 0.557181 -0.711168 0.688051 0.144311 0.984375 0.515625 1 0 1.0
0 5.351570 -0.924188 0.897738 -0.711168 0.688051 0.144311 0.984375 0.515625 1 0 1.0
0 5.520130 -0.730652 0.805657 -0.711168 0.688051 0.144311 0.984375 0.515625 1 0 1.0
Default
0 5.520130 -0.730652 0.805657 -0.409551 0.657562 0.632362 0.984375 0.515625 1 0 1.0
0 5.351570 -0.924188 0.897738 -0.409551 0.657562 0.632362 0.984375 0.515625 1 0 1.0
0 5.712432 -0.785602 0.987342 -0.409551 0.657562 0.632362 0.984375 0.515625 1 0 1.0
Default
0 2.819293 0.000000 3.425258 -0.004936 -0.978952 0.204029 0.983398 0.516602 1 0 1.0
0 1.426120 0.000000 3.391552 -0.004936 -0.978952 0.204029 0.983398 0.516602 1 0 1.0
0 1.433173 -0.087255 2.973063 -0.004936 -0.978952 0.204029 0.984375 0.517578 1 0 1.0
Default
0 1.433173 -0.087255 2.973063 -0.212303 -0.957340 0.196028 0.984375 0.517578 1 0 1.0
0 1.426120 0.000000 3.391552 -0.212303 -0.957340 0.196028 0.984375 0.519043 1 0 1.0
0 0.535998 0.000000 2.427530 -0.212303 -0.957340 0.196028 0.984863 0.516602 1 0 1.0
Default
0 1.201624 -0.082302 2.460686 -0.124875 -0.991066 0.046852 0.984863 0.517578 1 0 1.0
0 1.433173 -0.087255 2.973063 -0.124875 -0.991066 0.046852 0.984375 0.517578 1 0 1.0
0 0.535998 0.000000 2.427530 -0.124875 -0.991066 0.046852 0.984863 0.516602 1 0 1.0
Default
0 -2.842361 -0.124552 0.699386 -0.645362 -0.589889 0.485323 0.108643 0.984375 1 0 1.0
0 -2.020196 -0.476845 1.327232 -0.645362 -0.589889 0.485323 0.108643 0.984375 1 0 1.0
0 -2.058401 -0.166591 1.645680 -0.645362 -0.589889 0.485323 0.108521 0.986328 1 0 1.0
Default
0 -1.119987 0.000000 2.512744 -0.068481 -0.963389 0.259214 0.983398 0.514648 1 0 1.0
0 -2.103760 0.000000 2.252843 -0.068481 -0.963389 0.259214 0.983398 0.514648 1 0 1.0
0 -2.058401 -0.166591 1.645680 -0.068481 -0.963389 0.259214 0.983398 0.513672 1 0 1.0
Default
0 -2.058551 -0.143627 -1.532187 0.029854 -0.983812 -0.176699 0.987305 0.514648 1 0 1.0
0 -1.502335 0.000000 -2.237886 0.029854 -0.983812 -0.176699 0.987305 0.514648 1 0 1.0
0 -0.452300 0.000000 -2.060477 0.029854 -0.983812 -0.176699 0.987305 0.514648 1 0 1.0
Default
0 -2.058551 -0.143627 -1.532187 -0.054784 -0.969122 -0.240419 0.987305 0.514648 1 0 1.0
0 -2.437433 0.000000 -2.024808 -0.054784 -0.969122 -0.240419 0.987305 0.514648 1 0 1.0
0 -1.502335 0.000000 -2.237886 -0.054784 -0.969122 -0.240419 0.987305 0.514648 1 0 1.0
Default
0 1.633596 -0.066534 -2.647613 -0.156641 -0.984539 -0.078399 0.977539 0.518555 1 0 1.0
0 1.279484 0.000000 -2.775634 -0.156641 -0.984539 -0.078399 0.977539 0.518555 1 0 1.0
0 1.604624 0.000000 -3.425258 -0.156641 -0.984539 -0.078399 0.977539 0.518555 1 0 1.0
Default
0 1.585618 0.000000 -1.855712 -0.048901 -0.995540 0.080680 0.108643 0.981445 1 0 1.0
0 1.633596 -0.066534 -2.647613 -0.048901 -0.995540 0.080680 0.108643 0.981445 1 0 1.0
0 3.445731 -0.108930 -2.072415 -0.048901 -0.995540 0.080680 0.108643 0.981445 1 0 1.0
Default
0 1.999095 0.000000 -3.077841 -0.025700 -0.997141 -0.071055 0.108643 0.981445 1 0 1.0
0 2.491707 0.000000 -3.256015 -0.025700 -0.997141 -0.071055 0.108643 0.981445 1 0 1.0
0 3.445731 -0.108930 -2.072415 -0.025700 -0.997141 -0.071055 0.108643 0.981445 1 0 1.0
Default
0 1.999095 0.000000 -3.077841 0.077373 -0.993124 -0.087852 0.977539 0.518555 1 0 1.0
0 1.633596 -0.066534 -2.647613 0.077373 -0.993124 -0.087852 0.977539 0.518555 1 0 1.0
0 1.604624 0.000000 -3.425258 0.077373 -0.993124 -0.087852 0.977539 0.518555 1 0 1.0
Default
0 1.585618 0.000000 -1.855712 -0.208371 -0.975589 0.069342 0.977539 0.518555 1 0 1.0
0 1.279484 0.000000 -2.775634 -0.208371 -0.975589 0.069342 0.977539 0.518555 1 0 1.0
0 1.633596 -0.066534 -2.647613 -0.208371 -0.975589 0.069342 0.977539 0.518555 1 0 1.0
Default
0 -6.031089 -0.300211 1.115645 0.070649 -0.993671 0.087327 0.108459 0.987305 1 0 1.0
0 -3.959582 -0.234216 0.190705 0.070649 -0.993671 0.087327 0.108459 0.987305 1 0 1.0
0 -3.959582 -0.198923 0.592288 0.070649 -0.993671 0.087327 0.108459 0.987305 1 0 1.0
Default
0 -2.058401 -0.166591 1.645680 0.054389 -0.989847 0.131316 0.983398 0.513672 1 0 1.0
0 -0.462217 0.000000 2.240304 0.054389 -0.989847 0.131316 0.983887 0.511719 1 0 1.0
0 -1.119987 0.000000 2.512744 0.054389 -0.989847 0.131316 0.983398 0.514648 1 0 1.0
Default
0 1.999095 0.000000 -3.077841 -0.000000 -1.000000 0.000000 0.977539 0.518555 1 0 1.0
0 1.604624 0.000000 -3.425258 -0.000000 -1.000000 0.000000 0.977539 0.518555 1 0 1.0
0 2.491707 0.000000 -3.256015 -0.000000 -1.000000 0.000000 0.977539 0.518555 1 0 1.0
Default
0 1.999095 0.000000 -3.077841 0.020042 -0.990486 -0.136149 0.108643 0.981445 1 0 1.0
0 3.445731 -0.108930 -2.072415 0.020042 -0.990486 -0.136149 0.108643 0.981445 1 0 1.0
0 1.633596 -0.066534 -2.647613 0.020042 -0.990486 -0.136149 0.108643 0.981445 1 0 1.0
Default
0 2.917617 0.000000 3.283376 0.051242 -0.998055 0.035511 0.983398 0.514648 1 0 1.0
0 2.819293 0.000000 3.425258 0.051242 -0.998055 0.035511 0.983398 0.514648 1 0 1.0
0 1.433173 -0.087255 2.973063 0.051242 -0.998055 0.035511 0.983398 0.514648 1 0 1.0
Default
0 -6.532191 0.300211 -0.131855 0.025645 0.999671 0.000000 0.109192 0.985840 1 0 1.0
0 -3.959582 0.234216 0.190705 0.025645 0.999671 0.000000 0.109192 0.985840 1 0 1.0
0 -3.959582 0.234216 -0.702254 0.025645 0.999671 0.000000 0.109192 0.985840 1 0 1.0
Default
0 -6.031089 0.300211 1.115645 0.027002 0.999577 -0.010846 0.108459 0.987305 1 0 1.0
0 -3.959582 0.234216 0.190705 0.027002 0.999577 -0.010846 0.108459 0.987305 1 0 1.0
0 -6.532191 0.300211 -0.131855 0.027002 0.999577 -0.010846 0.108459 0.987305 1 0 1.0
Default
0 -6.532191 0.300211 -0.131855 0.027002 0.999577 -0.010846 0.108459 0.987305 1 0 1.0
0 -3.959582 0.234216 -0.702254 0.030292 0.999321 0.021000 0.108459 0.987305 1 0 1.0
0 -5.680149 0.300211 -1.360924 0.030292 0.999321 0.021000 0.108459 0.987305 1 0 1.0
Default
0 5.718507 1.022140 0.481798 0.711164 0.688054 -0.144314 0.987305 0.520508 1 0 1.0
0 5.939210 0.846140 0.730274 0.711164 0.688054 -0.144314 0.987305 0.520508 1 0 1.0
0 5.887070 0.828603 0.389718 0.711164 0.688054 -0.144314 0.987305 0.520508 1 0 1.0
Default
0 5.883313 0.682416 0.702160 0.945006 -0.300446 -0.129212 0.984375 0.515625 1 0 1.0
0 5.887070 0.828603 0.389718 0.945006 -0.300446 -0.129212 0.984375 0.515625 1 0 1.0
0 5.939210 0.846140 0.730274 0.945006 -0.300446 -0.129212 0.984375 0.515625 1 0 1.0
Default
0 5.526210 0.967189 0.300115 0.409550 0.657563 -0.632360 0.987305 0.520508 1 0 1.0
0 5.718507 1.022140 0.481798 0.409550 0.657563 -0.632360 0.987305 0.520508 1 0 1.0
0 5.887070 0.828603 0.389718 0.409550 0.657563 -0.632360 0.987305 0.520508 1 0 1.0
Default
0 5.628065 0.757226 0.436308 -0.000831 -0.544476 -0.838776 0.984375 0.515625 1 0 1.0
0 5.526210 0.967189 0.300115 -0.000831 -0.544476 -0.838776 0.984375 0.515625 1 0 1.0
0 5.887070 0.828603 0.389718 -0.000831 -0.544476 -0.838776 0.984375 0.515625 1 0 1.0
Default
0 5.883313 0.682416 0.702160 0.171337 -0.893155 -0.415833 0.984375 0.515625 1 0 1.0
0 5.628065 0.757226 0.436308 0.171337 -0.893155 -0.415833 0.984375 0.515625 1 0 1.0
0 5.887070 0.828603 0.389718 0.171337 -0.893155 -0.415833 0.984375 0.515625 1 0 1.0
Default
0 5.712432 0.785602 0.987342 0.741604 -0.351324 0.571485 0.984375 0.515625 1 0 1.0
0 5.883313 0.682416 0.702160 0.741604 -0.351324 0.571485 0.984375 0.515625 1 0 1.0
0 5.939210 0.846140 0.730274 0.741604 -0.351324 0.571485 0.984375 0.515625 1 0 1.0
Default
0 5.610570 0.995566 0.851148 0.465128 0.862815 0.198006 0.987305 0.520508 1 0 1.0
0 5.939210 0.846140 0.730274 0.465128 0.862815 0.198006 0.987305 0.520508 1 0 1.0
0 5.718507 1.022140 0.481798 0.465128 0.862815 0.198006 0.987305 0.520508 1 0 1.0
Default
0 5.355325 1.070376 0.585295 0.033888 0.946123 -0.322029 0.987305 0.520508 1 0 1.0
0 5.718507 1.022140 0.481798 0.033888 0.946123 -0.322029 0.987305 0.520508 1 0 1.0
0 5.526210 0.967189 0.300115 0.033888 0.946123 -0.322029 0.987305 0.520508 1 0 1.0
Default
0 5.299431 0.906651 0.557181 -0.503754 -0.628675 -0.592452 0.984375 0.515625 1 0 1.0
0 5.526210 0.967189 0.300115 -0.503754 -0.628675 -0.592452 0.984375 0.515625 1 0 1.0
0 5.628065 0.757226 0.436308 -0.503754 -0.628675 -0.592452 0.984375 0.515625 1 0 1.0
Default
0 5.520130 0.730652 0.805657 -0.163795 -0.979372 -0.118331 0.984375 0.515625 1 0 1.0
0 5.628065 0.757226 0.436308 -0.163795 -0.979372 -0.118331 0.984375 0.515625 1 0 1.0
0 5.883313 0.682416 0.702160 -0.163795 -0.979372 -0.118331 0.984375 0.515625 1 0 1.0
Default
0 5.610570 0.995566 0.851148 0.503750 0.628683 0.592447 0.987305 0.520508 1 0 1.0
0 5.712432 0.785602 0.987342 0.503750 0.628683 0.592447 0.987305 0.520508 1 0 1.0
0 5.939210 0.846140 0.730274 0.503750 0.628683 0.592447 0.987305 0.520508 1 0 1.0
Default
0 5.355325 1.070376 0.585295 0.163796 0.979371 0.118332 0.987305 0.520508 1 0 1.0
0 5.610570 0.995566 0.851148 0.163796 0.979371 0.118332 0.987305 0.520508 1 0 1.0
0 5.718507 1.022140 0.481798 0.163796 0.979371 0.118332 0.987305 0.520508 1 0 1.0
Default
0 5.299431 0.906651 0.557181 -0.741602 0.351310 -0.571496 0.987305 0.520508 1 0 1.0
0 5.355325 1.070376 0.585295 -0.741602 0.351310 -0.571496 0.987305 0.520508 1 0 1.0
0 5.526210 0.967189 0.300115 -0.741602 0.351310 -0.571496 0.987305 0.520508 1 0 1.0
Default
0 5.520130 0.730652 0.805657 -0.465136 -0.862811 -0.198007 0.984375 0.515625 1 0 1.0
0 5.299431 0.906651 0.557181 -0.465136 -0.862811 -0.198007 0.984375 0.515625 1 0 1.0
0 5.628065 0.757226 0.436308 -0.465136 -0.862811 -0.198007 0.984375 0.515625 1 0 1.0
Default
0 5.712432 0.785602 0.987342 -0.033890 -0.946125 0.322024 0.984375 0.515625 1 0 1.0
0 5.520130 0.730652 0.805657 -0.033890 -0.946125 0.322024 0.984375 0.515625 1 0 1.0
0 5.883313 0.682416 0.702160 -0.033890 -0.946125 0.322024 0.984375 0.515625 1 0 1.0
Default
0 5.351570 0.924188 0.897738 0.000830 0.544479 0.838774 0.987305 0.520508 1 0 1.0
0 5.712432 0.785602 0.987342 0.000830 0.544479 0.838774 0.987305 0.520508 1 0 1.0
0 5.610570 0.995566 0.851148 0.000830 0.544479 0.838774 0.987305 0.520508 1 0 1.0
Default
0 5.351570 0.924188 0.897738 -0.171339 0.893154 0.415834 0.987305 0.520508 1 0 1.0
0 5.610570 0.995566 0.851148 -0.171339 0.893154 0.415834 0.987305 0.520508 1 0 1.0
0 5.355325 1.070376 0.585295 -0.171339 0.893154 0.415834 0.987305 0.520508 1 0 1.0
Default
0 5.351570 0.924188 0.897738 -0.945011 0.300431 0.129210 0.987305 0.520508 1 0 1.0
0 5.355325 1.070376 0.585295 -0.945011 0.300431 0.129210 0.987305 0.520508 1 0 1.0
0 5.299431 0.906651 0.557181 -0.945011 0.300431 0.129210 0.987305 0.520508 1 0 1.0
Default
0 5.351570 0.924188 0.897738 -0.711168 -0.688051 0.144311 0.984375 0.515625 1 0 1.0
0 5.299431 0.906651 0.557181 -0.711168 -0.688051 0.144311 0.984375 0.515625 1 0 1.0
0 5.520130 0.730652 0.805657 -0.711168 -0.688051 0.144311 0.984375 0.515625 1 0 1.0
Default
0 5.351570 0.924188 0.897738 -0.409551 -0.657562 0.632362 0.984375 0.515625 1 0 1.0
0 5.520130 0.730652 0.805657 -0.409551 -0.657562 0.632362 0.984375 0.515625 1 0 1.0
0 5.712432 0.785602 0.987342 -0.409551 -0.657562 0.632362 0.984375 0.515625 1 0 1.0
Default
0 1.426120 0.000000 3.391552 -0.004936 0.978952 0.204029 0.983398 0.516602 1 0 1.0
0 2.819293 0.000000 3.425258 -0.004936 0.978952 0.204029 0.983398 0.516602 1 0 1.0
0 1.433173 0.087255 2.973063 -0.004936 0.978952 0.204029 0.984375 0.517578 1 0 1.0
Default
0 1.426120 0.000000 3.391552 -0.212303 0.957340 0.196028 0.984375 0.519043 1 0 1.0
0 1.433173 0.087255 2.973063 -0.212303 0.957340 0.196028 0.984375 0.517578 1 0 1.0
0 0.535998 0.000000 2.427530 -0.212303 0.957340 0.196028 0.984863 0.516602 1 0 1.0
Default
0 1.433173 0.087255 2.973063 -0.124875 0.991066 0.046852 0.984375 0.517578 1 0 1.0
0 1.201624 0.082302 2.460686 -0.124875 0.991066 0.046852 0.984863 0.517578 1 0 1.0
0 0.535998 0.000000 2.427530 -0.124875 0.991066 0.046852 0.984863 0.516602 1 0 1.0
Default
0 -2.842361 0.000000 0.699386 -0.645362 0.589889 0.485323 0.108643 0.984375 1 0 1.0
0 -2.868712 0.000000 0.822207 -0.645362 0.589889 0.485323 0.108643 0.984375 1 0 1.0
0 -2.058401 0.166591 1.645680 -0.645362 0.589889 0.485323 0.108521 0.986328 1 0 1.0
Default
0 -2.103760 0.000000 2.252843 -0.068481 0.963389 0.259214 0.983398 0.514648 1 0 1.0
0 -1.119987 0.000000 2.512744 -0.068481 0.963389 0.259214 0.983398 0.514648 1 0 1.0
0 -2.058401 0.166591 1.645680 -0.068481 0.963389 0.259214 0.983398 0.513672 1 0 1.0
Default
0 -1.502335 0.000000 -2.237886 0.029854 0.983812 -0.176699 0.987305 0.514648 1 0 1.0
0 -2.058551 0.143627 -1.532187 0.029854 0.983812 -0.176699 0.987305 0.514648 1 0 1.0
0 -0.452300 0.000000 -2.060477 0.029854 0.983812 -0.176699 0.987305 0.514648 1 0 1.0
Default
0 -2.437433 0.000000 -2.024808 -0.054784 0.969122 -0.240419 0.987305 0.514648 1 0 1.0
0 -2.058551 0.143627 -1.532187 -0.054784 0.969122 -0.240419 0.987305 0.514648 1 0 1.0
0 -1.502335 0.000000 -2.237886 -0.054784 0.969122 -0.240419 0.987305 0.514648 1 0 1.0
Default
0 1.279484 0.000000 -2.775634 -0.156641 0.984539 -0.078399 0.977539 0.518555 1 0 1.0
0 1.633596 0.066534 -2.647613 -0.156641 0.984539 -0.078399 0.977539 0.518555 1 0 1.0
0 1.604624 0.000000 -3.425258 -0.156641 0.984539 -0.078399 0.977539 0.518555 1 0 1.0
Default
0 1.633596 0.066534 -2.647613 -0.048901 0.995540 0.080680 0.108643 0.981445 1 0 1.0
0 1.585618 0.000000 -1.855712 -0.048901 0.995540 0.080680 0.108643 0.981445 1 0 1.0
0 3.445731 0.108930 -2.072415 -0.048901 0.995540 0.080680 0.108643 0.981445 1 0 1.0
Default
0 2.491707 0.000000 -3.256015 -0.025700 0.997141 -0.071055 0.108643 0.981445 1 0 1.0
0 1.999095 0.000000 -3.077841 -0.025700 0.997141 -0.071055 0.108643 0.981445 1 0 1.0
0 3.445731 0.108930 -2.072415 -0.025700 0.997141 -0.071055 0.108643 0.981445 1 0 1.0
Default
0 1.633596 0.066534 -2.647613 0.077373 0.993124 -0.087852 0.977539 0.518555 1 0 1.0
0 1.999095 0.000000 -3.077841 0.077373 0.993124 -0.087852 0.977539 0.518555 1 0 1.0
0 1.604624 0.000000 -3.425258 0.077373 0.993124 -0.087852 0.977539 0.518555 1 0 1.0
Default
0 1.279484 0.000000 -2.775634 -0.208371 0.975589 0.069342 0.977539 0.518555 1 0 1.0
0 1.585618 0.000000 -1.855712 -0.208371 0.975589 0.069342 0.977539 0.518555 1 0 1.0
0 1.633596 0.066534 -2.647613 -0.208371 0.975589 0.069342 0.977539 0.518555 1 0 1.0
Default
0 -3.959582 0.234216 0.190705 0.070649 0.993671 0.087327 0.108459 0.987305 1 0 1.0
0 -6.031089 0.300211 1.115645 0.070649 0.993671 0.087327 0.108459 0.987305 1 0 1.0
0 -3.959582 0.198923 0.592288 0.070649 0.993671 0.087327 0.108459 0.987305 1 0 1.0
Default
0 -0.462217 0.000000 2.240304 0.054389 0.989847 0.131316 0.983887 0.511719 1 0 1.0
0 -2.058401 0.166591 1.645680 0.054389 0.989847 0.131316 0.983398 0.513672 1 0 1.0
0 -1.119987 0.000000 2.512744 0.054389 0.989847 0.131316 0.983398 0.514648 1 0 1.0
Default
0 3.445731 0.108930 -2.072415 0.020042 0.990486 -0.136149 0.108643 0.981445 1 0 1.0
0 1.999095 0.000000 -3.077841 0.020042 0.990486 -0.136149 0.108643 0.981445 1 0 1.0
0 1.633596 0.066534 -2.647613 0.020042 0.990486 -0.136149 0.108643 0.981445 1 0 1.0
Default
0 2.819293 0.000000 3.425258 0.051242 0.998055 0.035511 0.983398 0.514648 1 0 1.0
0 2.917617 0.000000 3.283376 0.051242 0.998055 0.035511 0.983398 0.514648 1 0 1.0
0 1.433173 0.087255 2.973063 0.051242 0.998055 0.035511 0.983398 0.514648 1 0 1.0
Default
0 -3.418245 0.000000 -1.172807 0.310526 0.000000 -0.950565 0.982422 0.983887 1 0 1.0
0 -3.418245 -0.099265 -1.172807 0.310526 0.000000 -0.950565 0.982422 0.983887 1 0 1.0
0 -3.959582 0.000000 -1.349648 0.310526 0.000000 -0.950565 0.982422 0.983887 1 0 1.0
Default
0 -3.418245 0.099265 -1.172807 0.310526 0.000000 -0.950565 0.982422 0.983887 1 0 1.0
0 -3.418245 0.000000 -1.172807 0.310526 0.000000 -0.950565 0.982422 0.983887 1 0 1.0
0 -3.959582 0.000000 -1.349648 0.310526 0.000000 -0.950565 0.982422 0.983887 1 0 1.0
Default
0 6.833287 -0.306719 -0.280894 0.396250 -0.900581 -0.178718 0.113586 0.985840 1 0 1.0
0 6.388152 -0.607076 -0.248053 0.396250 -0.900581 -0.178718 0.113586 0.985840 1 0 1.0
0 5.651776 -0.917284 0.176190 0.396250 -0.900581 -0.178718 0.113586 0.985840 1 0 1.0
Default
0 5.651776 -0.794888 -0.934324 0.396250 -0.900581 -0.178718 0.113586 0.985840 1 0 1.0
0 6.833287 -0.306719 -0.280894 0.396250 -0.900581 -0.178718 0.113586 0.985840 1 0 1.0
0 5.651776 -0.917284 0.176190 0.396250 -0.900581 -0.178718 0.113586 0.985840 1 0 1.0
Default
0 6.759849 -0.229888 0.134134 0.741126 -0.169632 0.649582 0.113037 0.984375 1 0 1.0
0 6.901326 0.000000 0.134134 0.741126 -0.169632 0.649582 0.113037 0.984375 1 0 1.0
0 5.651776 0.000000 1.458398 0.741126 -0.169632 0.649582 0.113037 0.984375 1 0 1.0
Default
0 5.651776 -0.613151 1.399663 0.741126 -0.169632 0.649582 0.113037 0.984375 1 0 1.0
0 6.759849 -0.229888 0.134134 0.741126 -0.169632 0.649582 0.113037 0.984375 1 0 1.0
0 5.651776 0.000000 1.458398 0.741126 -0.169632 0.649582 0.113037 0.984375 1 0 1.0
Default
0 3.450432 -1.149162 1.449013 0.097468 -0.990032 0.101668 0.110596 0.979492 1 0 1.0
0 3.450432 -1.325571 -0.274170 0.097468 -0.990032 0.101668 0.110596 0.979492 1 0 1.0
0 3.706938 -1.297741 -0.243735 0.097468 -0.990032 0.101668 0.110596 0.979492 1 0 1.0
Default
0 3.857746 -1.121332 1.324210 0.097468 -0.990032 0.101668 0.110596 0.980957 1 0 1.0
0 3.450432 -1.149162 1.449013 0.097468 -0.990032 0.101668 0.110596 0.979492 1 0 1.0
0 3.706938 -1.297741 -0.243735 0.097468 -0.990032 0.101668 0.110596 0.979492 1 0 1.0
Default
0 0.972316 -1.330767 1.489430 0.001783 -0.999998 0.000000 0.983887 0.518066 1 0 1.0
0 0.972316 -1.330767 -0.146383 0.001783 -0.999998 0.000000 0.983398 0.516602 1 0 1.0
0 1.222584 -1.330321 -0.157356 0.001783 -0.999998 0.000000 0.983398 0.516602 1 0 1.0
Default
0 1.222584 -1.330321 1.485960 0.001783 -0.999998 0.000000 0.983887 0.518066 1 0 1.0
0 0.972316 -1.330767 1.489430 0.001783 -0.999998 0.000000 0.983887 0.518066 1 0 1.0
0 1.222584 -1.330321 -0.157356 0.001783 -0.999998 0.000000 0.983398 0.516602 1 0 1.0
Default
0 -0.580409 -1.223754 1.231490 -0.068756 -0.997633 0.000000 0.989258 0.986328 1 0 1.0
0 -0.750753 -1.212014 -0.205298 -0.068756 -0.997633 0.000000 0.989258 0.984863 1 0 1.0
0 0.972316 -1.330767 -0.146383 -0.068756 -0.997633 0.000000 0.989258 0.984863 1 0 1.0
Default
0 0.972316 -1.330767 1.489430 -0.068756 -0.997633 0.000000 0.989258 0.986328 1 0 1.0
0 -0.580409 -1.223754 1.231490 -0.068756 -0.997633 0.000000 0.989258 0.986328 1 0 1.0
0 0.972316 -1.330767 -0.146383 -0.068756 -0.997633 0.000000 0.989258 0.984863 1 0 1.0
Default
0 -2.020196 -0.799351 0.678469 -0.311910 -0.950017 0.013429 0.108643 0.983398 1 0 1.0
0 -2.020196 -0.799351 -0.093319 -0.311910 -0.950017 0.013429 0.108643 0.981445 1 0 1.0
0 -0.999631 -1.146703 -0.190269 -0.311910 -0.950017 0.013429 0.108643 0.981445 1 0 1.0
Default
0 -0.830912 -1.172139 1.157279 -0.311910 -0.950017 0.013429 0.108643 0.983398 1 0 1.0
0 -2.020196 -0.799351 0.678469 -0.311910 -0.950017 0.013429 0.108643 0.983398 1 0 1.0
0 -0.999631 -1.146703 -0.190269 -0.311910 -0.950017 0.013429 0.108643 0.981445 1 0 1.0
Default
0 -2.842361 -0.462892 0.145723 -0.378747 -0.925500 0.000000 0.108643 0.981445 1 0 1.0
0 -2.842361 -0.462892 -0.177137 -0.378747 -0.925500 0.000000 0.108643 0.981445 1 0 1.0
0 -2.020196 -0.799351 -0.093319 -0.378747 -0.925500 0.000000 0.108643 0.981445 1 0 1.0
Default
0 -2.020196 -0.799351 0.678469 -0.378747 -0.925500 0.000000 0.108643 0.983398 1 0 1.0
0 -2.842361 -0.462892 0.145723 -0.378747 -0.925500 0.000000 0.108643 0.981445 1 0 1.0
0 -2.020196 -0.799351 -0.093319 -0.378747 -0.925500 0.000000 0.108643 0.981445 1 0 1.0
Default
0 -3.418245 -0.072670 0.768015 0.118335 0.000000 0.992974 0.981934 0.982422 1 0 1.0
0 -2.842361 -0.124552 0.699386 0.118335 0.000000 0.992974 0.981934 0.982422 1 0 1.0
0 -2.842361 0.000000 0.699386 0.118335 0.000000 0.992974 0.981934 0.982422 1 0 1.0
Default
0 -3.418245 0.000000 0.768015 0.118335 0.000000 0.992974 0.981934 0.982422 1 0 1.0
0 -3.418245 -0.072670 0.768015 0.118335 0.000000 0.992974 0.981934 0.982422 1 0 1.0
0 -2.842361 0.000000 0.699386 0.118335 0.000000 0.992974 0.981934 0.982422 1 0 1.0
Default
0 -3.418245 0.072670 0.768015 0.118335 0.000000 0.992974 0.981934 0.982422 1 0 1.0
0 -3.418245 0.000000 0.768015 0.118335 0.000000 0.992974 0.981934 0.982422 1 0 1.0
0 -2.842361 0.000000 0.699386 0.118335 0.000000 0.992974 0.981934 0.982422 1 0 1.0
Default
0 -2.842361 0.124552 0.699386 0.118335 0.000000 0.992974 0.981934 0.982422 1 0 1.0
0 -3.418245 0.072670 0.768015 0.118335 0.000000 0.992974 0.981934 0.982422 1 0 1.0
0 -2.842361 0.000000 0.699386 0.118335 0.000000 0.992974 0.981934 0.982422 1 0 1.0
Default
0 -2.842361 -0.462892 -0.177137 -0.378747 -0.925500 0.000000 0.109192 0.985840 1 0 1.0
0 -2.842361 -0.462892 -0.778537 -0.378747 -0.925500 0.000000 0.109192 0.985840 1 0 1.0
0 -2.020196 -0.799351 -1.062613 -0.378747 -0.925500 0.000000 0.109192 0.985840 1 0 1.0
Default
0 -2.020196 -0.799351 -0.093319 -0.378747 -0.925500 0.000000 0.109192 0.985840 1 0 1.0
0 -2.842361 -0.462892 -0.177137 -0.378747 -0.925500 0.000000 0.109192 0.985840 1 0 1.0
0 -2.020196 -0.799351 -1.062613 -0.378747 -0.925500 0.000000 0.109192 0.985840 1 0 1.0
Default
0 -2.020196 -0.799351 -0.093319 -0.202426 -0.967957 -0.148603 0.109192 0.985840 1 0 1.0
0 -2.020196 -0.799351 -1.062613 -0.202426 -0.967957 -0.148603 0.109192 0.985840 1 0 1.0
0 -0.622879 -0.882531 -1.454923 -0.202426 -0.967957 -0.148603 0.109192 0.985840 1 0 1.0
Default
0 -0.999631 -1.146703 -0.190269 -0.202426 -0.967957 -0.148603 0.109192 0.985840 1 0 1.0
0 -2.020196 -0.799351 -0.093319 -0.202426 -0.967957 -0.148603 0.109192 0.985840 1 0 1.0
0 -0.622879 -0.882531 -1.454923 -0.202426 -0.967957 -0.148603 0.109192 0.985840 1 0 1.0
Default
0 -0.750753 -1.212014 -0.205298 -0.085347 -0.975178 -0.204315 0.989746 0.988770 1 0 1.0
0 -0.424279 -0.924513 -1.502010 -0.085347 -0.975178 -0.204315 0.989746 0.988770 1 0 1.0
0 0.704605 -1.023181 -1.714512 -0.085347 -0.975178 -0.204315 0.989746 0.988770 1 0 1.0
Default
0 0.972316 -1.330767 -0.146383 -0.085347 -0.975178 -0.204315 0.989746 0.988770 1 0 1.0
0 -0.750753 -1.212014 -0.205298 -0.085347 -0.975178 -0.204315 0.989746 0.988770 1 0 1.0
0 0.704605 -1.023181 -1.714512 -0.085347 -0.975178 -0.204315 0.989746 0.988770 1 0 1.0
Default
0 0.972316 -1.330767 -0.146383 -0.000712 -0.981142 -0.193288 0.985352 0.517578 1 0 1.0
0 0.704605 -1.023181 -1.714512 -0.000712 -0.981142 -0.193288 0.985352 0.517578 1 0 1.0
0 0.938514 -1.022764 -1.709704 -0.000712 -0.981142 -0.193288 0.985352 0.517578 1 0 1.0
Default
0 1.222584 -1.330321 -0.157356 -0.000712 -0.981142 -0.193288 0.985352 0.517578 1 0 1.0
0 0.972316 -1.330767 -0.146383 -0.000712 -0.981142 -0.193288 0.985352 0.517578 1 0 1.0
0 0.938514 -1.022764 -1.709704 -0.000712 -0.981142 -0.193288 0.985352 0.517578 1 0 1.0
Default
0 3.450432 -1.325571 -0.274170 0.113800 -0.970533 -0.212405 0.111145 0.983887 1 0 1.0
0 3.450432 -1.018286 -1.658065 0.113800 -0.970533 -0.212405 0.111145 0.983887 1 0 1.0
0 3.989048 -0.990455 -1.516832 0.113800 -0.970533 -0.212405 0.111145 0.983887 1 0 1.0
Default
0 3.706938 -1.297741 -0.243735 0.113800 -0.970533 -0.212405 0.111145 0.983887 1 0 1.0
0 3.450432 -1.325571 -0.274170 0.113800 -0.970533 -0.212405 0.111145 0.983887 1 0 1.0
0 3.989048 -0.990455 -1.516832 0.113800 -0.970533 -0.212405 0.111145 0.983887 1 0 1.0
Default
0 3.859924 -1.281142 -0.225583 0.232979 -0.959675 -0.157303 0.982422 0.987793 1 0 1.0
0 4.195815 -0.973856 -1.477570 0.232979 -0.959675 -0.157303 0.982422 0.987793 1 0 1.0
0 4.577325 -0.923850 -1.342817 0.232979 -0.959675 -0.157303 0.982422 0.987793 1 0 1.0
Default
0 4.241433 -1.179475 -0.155562 0.232979 -0.959675 -0.157303 0.982422 0.987793 1 0 1.0
0 3.859924 -1.281142 -0.225583 0.232979 -0.959675 -0.157303 0.982422 0.987793 1 0 1.0
0 4.577325 -0.923850 -1.342817 0.232979 -0.959675 -0.157303 0.982422 0.987793 1 0 1.0
Default
0 4.010732 -1.104733 1.278393 0.269069 -0.958596 0.093254 0.981445 0.983398 1 0 1.0
0 3.859924 -1.281142 -0.225583 0.269069 -0.958596 0.093254 0.981445 0.983398 1 0 1.0
0 4.241433 -1.179475 -0.155562 0.269069 -0.958596 0.093254 0.981445 0.983398 1 0 1.0
Default
0 4.357967 -1.003066 1.195835 0.269069 -0.958596 0.093254 0.981934 0.984863 1 0 1.0
0 4.010732 -1.104733 1.278393 0.269069 -0.958596 0.093254 0.981445 0.983398 1 0 1.0
0 4.241433 -1.179475 -0.155562 0.269069 -0.958596 0.093254 0.981445 0.983398 1 0 1.0
Default
0 6.730068 -0.238363 -0.589304 0.511073 -0.623294 -0.591869 0.113586 0.985840 1 0 1.0
0 6.833287 -0.306719 -0.280894 0.511073 -0.623294 -0.591869 0.113586 0.985840 1 0 1.0
0 5.651776 -0.794888 -0.934324 0.511073 -0.623294 -0.591869 0.113586 0.985840 1 0 1.0
Default
0 5.651776 -0.212038 -1.400824 0.511073 -0.623294 -0.591869 0.113586 0.985840 1 0 1.0
0 6.730068 -0.238363 -0.589304 0.511073 -0.623294 -0.591869 0.113586 0.985840 1 0 1.0
0 5.651776 -0.794888 -0.934324 0.511073 -0.623294 -0.591869 0.113586 0.985840 1 0 1.0
Default
0 4.488986 -0.634365 2.074008 0.563279 -0.075096 0.822847 0.981934 0.986328 1 0 1.0
0 4.804168 -0.652785 1.857410 0.563279 -0.075096 0.822847 0.981934 0.986328 1 0 1.0
0 4.804168 0.000000 1.916146 0.563279 -0.075096 0.822847 0.981934 0.986328 1 0 1.0
Default
0 4.488986 0.000000 2.132743 0.563279 -0.075096 0.822847 0.981934 0.986328 1 0 1.0
0 4.488986 -0.634365 2.074008 0.563279 -0.075096 0.822847 0.981934 0.986328 1 0 1.0
0 4.804168 0.000000 1.916146 0.563279 -0.075096 0.822847 0.981934 0.986328 1 0 1.0
Default
0 3.450432 -0.581899 2.455785 0.340324 -0.091830 0.935814 0.110596 0.982422 1 0 1.0
0 4.200636 -0.615208 2.181327 0.340324 -0.091830 0.935814 0.110596 0.982422 1 0 1.0
0 4.200636 0.000000 2.240062 0.340324 -0.091830 0.935814 0.110596 0.982422 1 0 1.0
Default
0 3.450432 0.000000 2.514520 0.340324 -0.091830 0.935814 0.110596 0.982422 1 0 1.0
0 3.450432 -0.581899 2.455785 0.340324 -0.091830 0.935814 0.110596 0.982422 1 0 1.0
0 4.200636 0.000000 2.240062 0.340324 -0.091830 0.935814 0.110596 0.982422 1 0 1.0
Default
0 1.118908 -0.528439 2.437595 -0.015183 -0.078120 0.996828 0.108643 0.984375 1 0 1.0
0 3.450432 -0.581899 2.455785 -0.015183 -0.078120 0.996828 0.108643 0.984375 1 0 1.0
0 3.450432 0.000000 2.514520 -0.015183 -0.078120 0.996828 0.108643 0.984375 1 0 1.0
Default
0 1.201624 -0.082302 2.460686 -0.015183 -0.078120 0.996828 0.108582 0.984863 1 0 1.0
0 1.118908 -0.528439 2.437595 -0.015183 -0.078120 0.996828 0.108643 0.984375 1 0 1.0
0 3.450432 0.000000 2.514520 -0.015183 -0.078120 0.996828 0.108643 0.984375 1 0 1.0
Default
0 -0.351064 -0.476845 2.205461 -0.173264 -0.132192 0.975963 0.989258 0.987305 1 0 1.0
0 0.637516 -0.501407 2.388264 -0.173264 -0.132192 0.975963 0.989258 0.987305 1 0 1.0
0 0.535998 0.000000 2.427530 -0.173264 -0.132192 0.975963 0.989258 0.987793 1 0 1.0
Default
0 -0.239119 0.000000 2.300547 -0.173264 -0.132192 0.975963 0.989258 0.987793 1 0 1.0
0 -0.351064 -0.476845 2.205461 -0.173264 -0.132192 0.975963 0.989258 0.987305 1 0 1.0
0 0.535998 0.000000 2.427530 -0.173264 -0.132192 0.975963 0.989258 0.987793 1 0 1.0
Default
0 -0.601150 -0.476845 2.090741 -0.343002 -0.147738 0.927644 0.984863 0.516602 1 0 1.0
0 -0.351064 -0.476845 2.205461 -0.343002 -0.147738 0.927644 0.984863 0.516602 1 0 1.0
0 -0.239119 0.000000 2.300547 -0.343002 -0.147738 0.927644 0.984863 0.516602 1 0 1.0
Default
0 -0.462217 0.000000 2.240304 -0.343002 -0.147738 0.927644 0.984863 0.516602 1 0 1.0
0 -0.601150 -0.476845 2.090741 -0.343002 -0.147738 0.927644 0.984863 0.516602 1 0 1.0
0 -0.239119 0.000000 2.300547 -0.343002 -0.147738 0.927644 0.984863 0.516602 1 0 1.0
Default
0 -2.103760 0.000000 2.252843 -0.239302 -0.962477 0.127953 0.987305 0.520508 1 0 1.0
0 -2.738988 0.000000 1.625939 -0.239302 -0.962477 0.127953 0.987305 0.520508 1 0 1.0
0 -2.868712 0.000000 0.822207 -0.239302 -0.962477 0.127953 0.987305 0.520020 1 0 1.0
Default
0 -2.058401 -0.166591 1.645680 -0.239302 -0.962477 0.127953 0.987305 0.519531 1 0 1.0
0 -2.103760 0.000000 2.252843 -0.239302 -0.962477 0.127953 0.987305 0.520508 1 0 1.0
0 -2.868712 0.000000 0.822207 -0.239302 -0.962477 0.127953 0.987305 0.520020 1 0 1.0
Default
0 -3.959582 0.000000 0.917351 0.265932 0.000000 0.963992 0.981934 0.982422 1 0 1.0
0 -3.418245 -0.072670 0.768015 0.265932 0.000000 0.963992 0.981934 0.982422 1 0 1.0
0 -3.418245 0.000000 0.768015 0.265932 0.000000 0.963992 0.981934 0.982422 1 0 1.0
Default
0 -3.418245 0.072670 0.768015 0.265932 0.000000 0.963992 0.981934 0.982422 1 0 1.0
0 -3.959582 0.000000 0.917351 0.265932 0.000000 0.963992 0.981934 0.982422 1 0 1.0
0 -3.418245 0.000000 0.768015 0.265932 0.000000 0.963992 0.981934 0.982422 1 0 1.0
Default
0 -3.418245 -0.304590 -0.392546 -0.128916 -0.991655 0.000000 0.982422 0.983887 1 0 1.0
0 -3.959582 -0.234216 0.190705 -0.128916 -0.991655 0.000000 0.982422 0.983887 1 0 1.0
0 -3.418245 -0.304590 -0.411685 -0.128916 -0.991655 0.000000 0.982422 0.983887 1 0 1.0
Default
0 -3.959582 -0.234216 0.190705 -0.128916 -0.991655 0.000000 0.982422 0.983887 1 0 1.0
0 -3.959582 -0.234216 -0.304866 -0.128916 -0.991655 0.000000 0.982422 0.983887 1 0 1.0
0 -3.418245 -0.304590 -0.411685 -0.128916 -0.991655 0.000000 0.982422 0.983887 1 0 1.0
Default
0 -3.418245 -0.304590 -0.411685 -0.128916 -0.991655 0.000000 0.982422 0.983887 1 0 1.0
0 -3.959582 -0.234216 -0.304866 -0.128916 -0.991655 0.000000 0.982422 0.983887 1 0 1.0
0 -3.418245 -0.304590 -0.437211 -0.128916 -0.991655 0.000000 0.982422 0.983887 1 0 1.0
Default
0 -3.959582 -0.234216 -0.304866 -0.128916 -0.991655 0.000000 0.982422 0.983887 1 0 1.0
0 -3.959582 -0.234216 -0.702254 -0.128916 -0.991655 0.000000 0.982422 0.983887 1 0 1.0
0 -3.418245 -0.304590 -0.437211 -0.128916 -0.991655 0.000000 0.982422 0.983887 1 0 1.0
Default
0 -3.418245 -0.304590 -0.392546 -0.265054 -0.964233 0.000000 0.981445 0.979492 1 0 1.0
0 -3.418245 -0.304590 -0.411685 -0.265054 -0.964233 0.000000 0.981445 0.979492 1 0 1.0
0 -2.842361 -0.462892 -0.177137 -0.265054 -0.964233 0.000000 0.981445 0.979492 1 0 1.0
Default
0 -2.842361 -0.462892 0.145723 -0.265054 -0.964233 0.000000 0.981445 0.979492 1 0 1.0
0 -3.418245 -0.304590 -0.392546 -0.265054 -0.964233 0.000000 0.981445 0.979492 1 0 1.0
0 -2.842361 -0.462892 -0.177137 -0.265054 -0.964233 0.000000 0.981445 0.979492 1 0 1.0
Default
0 -2.842361 -0.164687 -1.288976 -0.197740 0.000000 -0.980254 0.982422 0.983887 1 0 1.0
0 -3.418245 -0.099265 -1.172807 -0.197740 0.000000 -0.980254 0.982422 0.983887 1 0 1.0
0 -3.418245 0.000000 -1.172807 -0.197740 0.000000 -0.980254 0.982422 0.983887 1 0 1.0
Default
0 -2.842361 0.000000 -1.288976 -0.197740 0.000000 -0.980254 0.982422 0.983887 1 0 1.0
0 -2.842361 -0.164687 -1.288976 -0.197740 0.000000 -0.980254 0.982422 0.983887 1 0 1.0
0 -3.418245 0.000000 -1.172807 -0.197740 0.000000 -0.980254 0.982422 0.983887 1 0 1.0
Default
0 -2.842361 0.164687 -1.288976 -0.197740 0.000000 -0.980254 0.982422 0.983887 1 0 1.0
0 -2.842361 0.000000 -1.288976 -0.197740 0.000000 -0.980254 0.982422 0.983887 1 0 1.0
0 -3.418245 0.000000 -1.172807 -0.197740 0.000000 -0.980254 0.982422 0.983887 1 0 1.0
Default
0 -3.418245 0.099265 -1.172807 -0.197740 0.000000 -0.980254 0.982422 0.983887 1 0 1.0
0 -2.842361 0.164687 -1.288976 -0.197740 0.000000 -0.980254 0.982422 0.983887 1 0 1.0
0 -3.418245 0.000000 -1.172807 -0.197740 0.000000 -0.980254 0.982422 0.983887 1 0 1.0
Default
0 -3.418245 -0.304590 -0.411685 -0.265054 -0.964234 0.000000 0.982422 0.983887 1 0 1.0
0 -3.418245 -0.304590 -0.437211 -0.265054 -0.964234 0.000000 0.982422 0.983887 1 0 1.0
0 -2.842361 -0.462892 -0.778537 -0.265054 -0.964234 0.000000 0.982422 0.983887 1 0 1.0
Default
0 -2.842361 -0.462892 -0.177137 -0.265054 -0.964234 0.000000 0.982422 0.983887 1 0 1.0
0 -3.418245 -0.304590 -0.411685 -0.265054 -0.964234 0.000000 0.982422 0.983887 1 0 1.0
0 -2.842361 -0.462892 -0.778537 -0.265054 -0.964234 0.000000 0.982422 0.983887 1 0 1.0
Default
0 -2.058551 -0.143627 -1.532187 -0.331957 -0.305766 -0.892363 0.109192 0.985840 1 0 1.0
0 -2.020196 -0.476845 -1.541483 -0.331957 -0.305766 -0.892363 0.109192 0.985840 1 0 1.0
0 -2.842361 -0.164687 -1.288976 -0.331957 -0.305766 -0.892363 0.109192 0.985840 1 0 1.0
Default
0 -2.842361 -0.164687 -1.288976 -0.331957 -0.305766 -0.892363 0.109192 0.985840 1 0 1.0
0 -2.806825 0.000000 -1.470587 -0.331957 -0.305766 -0.892363 0.109192 0.985840 1 0 1.0
0 -2.058551 -0.143627 -1.532187 -0.331957 -0.305766 -0.892363 0.109192 0.985840 1 0 1.0
Default
0 -2.842361 -0.164687 -1.288976 -0.331957 -0.305766 -0.892363 0.109192 0.985840 1 0 1.0
0 -2.842361 0.000000 -1.288976 -0.331957 -0.305766 -0.892363 0.109192 0.985840 1 0 1.0
0 -2.806825 0.000000 -1.470587 -0.331957 -0.305766 -0.892363 0.109192 0.985840 1 0 1.0
Default
0 -2.759953 0.000000 -1.744916 -0.166877 -0.979684 -0.111225 0.987305 0.514648 1 0 1.0
0 -2.437433 0.000000 -2.024808 -0.166877 -0.979684 -0.111225 0.987305 0.514648 1 0 1.0
0 -2.058551 -0.143627 -1.532187 -0.166877 -0.979684 -0.111225 0.987305 0.514648 1 0 1.0
Default
0 -2.806825 0.000000 -1.470587 -0.166877 -0.979684 -0.111225 0.987305 0.514648 1 0 1.0
0 -2.759953 0.000000 -1.744916 -0.166877 -0.979684 -0.111225 0.987305 0.514648 1 0 1.0
0 -2.058551 -0.143627 -1.532187 -0.166877 -0.979684 -0.111225 0.987305 0.514648 1 0 1.0
Default
0 0.535998 -0.476845 -2.122498 -0.139778 0.000000 -0.990183 0.989746 0.988770 1 0 1.0
0 -0.239119 -0.476845 -2.013080 -0.139778 0.000000 -0.990183 0.989746 0.988770 1 0 1.0
0 -0.239119 0.000000 -2.013080 -0.139778 0.000000 -0.990183 0.989746 0.988770 1 0 1.0
Default
0 0.535998 0.000000 -2.122498 -0.139778 0.000000 -0.990183 0.989746 0.988770 1 0 1.0
0 0.535998 -0.476845 -2.122498 -0.139778 0.000000 -0.990183 0.989746 0.988770 1 0 1.0
0 -0.239119 0.000000 -2.013080 -0.139778 0.000000 -0.990183 0.989746 0.988770 1 0 1.0
Default
0 0.535998 0.476845 -2.122498 -0.139778 0.000000 -0.990183 0.989746 0.988770 1 0 1.0
0 0.535998 0.000000 -2.122498 -0.139778 0.000000 -0.990183 0.989746 0.988770 1 0 1.0
0 -0.239119 0.000000 -2.013080 -0.139778 0.000000 -0.990183 0.989746 0.988770 1 0 1.0
Default
0 -0.239119 0.476845 -2.013080 -0.139778 0.000000 -0.990183 0.989746 0.988770 1 0 1.0
0 0.535998 0.476845 -2.122498 -0.139778 0.000000 -0.990183 0.989746 0.988770 1 0 1.0
0 -0.239119 0.000000 -2.013080 -0.139778 0.000000 -0.990183 0.989746 0.988770 1 0 1.0
Default
0 3.450432 -0.414091 -2.017769 0.015979 -0.151284 -0.988361 0.109192 0.985840 1 0 1.0
0 0.786266 -0.471456 -2.113505 0.015979 -0.151284 -0.988361 0.109192 0.985840 1 0 1.0
0 0.785881 0.000000 -2.124230 0.015979 -0.151284 -0.988361 0.109192 0.985840 1 0 1.0
Default
0 3.445956 0.000000 -2.142668 0.015979 -0.151284 -0.988361 0.109192 0.985840 1 0 1.0
0 3.450432 -0.414091 -2.017769 0.015979 -0.151284 -0.988361 0.109192 0.985840 1 0 1.0
0 0.785881 0.000000 -2.124230 0.015979 -0.151284 -0.988361 0.109192 0.985840 1 0 1.0
Default
0 5.651776 -0.212038 -1.400824 0.374932 0.000000 -0.927052 0.113586 0.985840 1 0 1.0
0 4.995791 -0.314207 -1.666127 0.374932 0.000000 -0.927052 0.113586 0.985840 1 0 1.0
0 4.995791 0.000000 -1.666127 0.374932 0.000000 -0.927052 0.113586 0.985840 1 0 1.0
Default
0 5.651776 0.000000 -1.400824 0.374932 0.000000 -0.927052 0.113586 0.985840 1 0 1.0
0 5.651776 -0.212038 -1.400824 0.374932 0.000000 -0.927052 0.113586 0.985840 1 0 1.0
0 4.995791 0.000000 -1.666127 0.374932 0.000000 -0.927052 0.113586 0.985840 1 0 1.0
Default
0 5.651776 0.212038 -1.400824 0.374932 0.000000 -0.927052 0.113586 0.985840 1 0 1.0
0 5.651776 0.000000 -1.400824 0.374932 0.000000 -0.927052 0.113586 0.985840 1 0 1.0
0 4.995791 0.000000 -1.666127 0.374932 0.000000 -0.927052 0.113586 0.985840 1 0 1.0
Default
0 4.995791 0.314207 -1.666127 0.374932 0.000000 -0.927052 0.113586 0.985840 1 0 1.0
0 5.651776 0.212038 -1.400824 0.374932 0.000000 -0.927052 0.113586 0.985840 1 0 1.0
0 4.995791 0.000000 -1.666127 0.374932 0.000000 -0.927052 0.113586 0.985840 1 0 1.0
Default
0 6.871544 0.000000 -0.589304 0.566330 -0.177890 -0.804752 0.113586 0.985840 1 0 1.0
0 6.730068 -0.238363 -0.589304 0.566330 -0.177890 -0.804752 0.113586 0.985840 1 0 1.0
0 5.651776 -0.212038 -1.400824 0.566330 -0.177890 -0.804752 0.113586 0.985840 1 0 1.0
Default
0 5.651776 0.000000 -1.400824 0.566330 -0.177890 -0.804752 0.113586 0.985840 1 0 1.0
0 6.871544 0.000000 -0.589304 0.566330 -0.177890 -0.804752 0.113586 0.985840 1 0 1.0
0 5.651776 -0.212038 -1.400824 0.566330 -0.177890 -0.804752 0.113586 0.985840 1 0 1.0
Default
0 -6.285594 0.000000 1.571234 -0.547482 -0.806965 0.221519 0.981445 0.514648 1 0 1.0
0 -6.974763 0.000000 -0.123002 -0.547482 -0.806965 0.221519 0.981445 0.514648 1 0 1.0
0 -6.532191 -0.300211 -0.131855 -0.547482 -0.806965 0.221519 0.981445 0.514648 1 0 1.0
Default
0 -6.031089 -0.300211 1.115645 -0.547482 -0.806965 0.221519 0.981445 0.514648 1 0 1.0
0 -6.285594 0.000000 1.571234 -0.547482 -0.806965 0.221519 0.981445 0.514648 1 0 1.0
0 -6.532191 -0.300211 -0.131855 -0.547482 -0.806965 0.221519 0.981445 0.514648 1 0 1.0
Default
0 6.813870 -0.304681 -0.078903 0.588039 -0.748727 0.305970 0.113037 0.984375 1 0 1.0
0 6.759849 -0.229888 0.134134 0.588039 -0.748727 0.305970 0.113037 0.984375 1 0 1.0
0 5.651776 -0.613151 1.399663 0.588039 -0.748727 0.305970 0.113037 0.984375 1 0 1.0
Default
0 5.651776 -0.812267 0.838607 0.588039 -0.748727 0.305970 0.113037 0.984375 1 0 1.0
0 6.813870 -0.304681 -0.078903 0.588039 -0.748727 0.305970 0.113037 0.984375 1 0 1.0
0 5.651776 -0.613151 1.399663 0.588039 -0.748727 0.305970 0.113037 0.984375 1 0 1.0
Default
0 -6.031089 -0.300211 1.115645 0.171033 -0.803844 0.569722 0.981445 0.514648 1 0 1.0
0 -3.959582 -0.198923 0.592288 0.171033 -0.803844 0.569722 0.981445 0.514648 1 0 1.0
0 -3.959582 0.000000 0.917351 0.171033 -0.803844 0.569722 0.981445 0.514648 1 0 1.0
Default
0 -6.285594 0.000000 1.571234 0.171033 -0.803844 0.569722 0.981445 0.514648 1 0 1.0
0 -6.031089 -0.300211 1.115645 0.171033 -0.803844 0.569722 0.981445 0.514648 1 0 1.0
0 -3.959582 0.000000 0.917351 0.171033 -0.803844 0.569722 0.981445 0.514648 1 0 1.0
Default
0 -3.959582 -0.234216 -0.702254 0.157056 -0.883545 -0.441228 0.981445 0.514648 1 0 1.0
0 -5.680149 -0.300211 -1.360924 0.157056 -0.883545 -0.441228 0.981445 0.514648 1 0 1.0
0 -5.804738 0.000000 -1.828051 0.157056 -0.883545 -0.441228 0.981445 0.514648 1 0 1.0
Default
0 -3.959582 0.000000 -1.349648 0.157056 -0.883545 -0.441228 0.981445 0.514648 1 0 1.0
0 -3.959582 -0.234216 -0.702254 0.157056 -0.883545 -0.441228 0.981445 0.514648 1 0 1.0
0 -5.804738 0.000000 -1.828051 0.157056 -0.883545 -0.441228 0.981445 0.514648 1 0 1.0
Default
0 -2.842361 -0.462892 -0.778537 -0.312451 -0.880739 -0.355911 0.982422 0.983887 1 0 1.0
0 -3.418245 -0.304590 -0.437211 -0.312451 -0.880739 -0.355911 0.982422 0.983887 1 0 1.0
0 -3.418245 -0.099265 -1.172807 -0.312451 -0.880739 -0.355911 0.982422 0.983887 1 0 1.0
Default
0 -2.842361 -0.164687 -1.288976 -0.312451 -0.880739 -0.355911 0.982422 0.983887 1 0 1.0
0 -2.842361 -0.462892 -0.778537 -0.312451 -0.880739 -0.355911 0.982422 0.983887 1 0 1.0
0 -3.418245 -0.099265 -1.172807 -0.312451 -0.880739 -0.355911 0.982422 0.983887 1 0 1.0
Default
0 -2.020196 -0.799351 -1.062613 -0.452603 -0.755348 -0.473920 0.109192 0.985840 1 0 1.0
0 -2.842361 -0.462892 -0.778537 -0.452603 -0.755348 -0.473920 0.109192 0.985840 1 0 1.0
0 -2.842361 -0.164687 -1.288976 -0.452603 -0.755348 -0.473920 0.109192 0.985840 1 0 1.0
Default
0 -2.020196 -0.476845 -1.541483 -0.452603 -0.755348 -0.473920 0.109192 0.985840 1 0 1.0
0 -2.020196 -0.799351 -1.062613 -0.452603 -0.755348 -0.473920 0.109192 0.985840 1 0 1.0
0 -2.842361 -0.164687 -1.288976 -0.452603 -0.755348 -0.473920 0.109192 0.985840 1 0 1.0
Default
0 -0.424279 -0.924513 -1.502010 -0.236210 -0.701560 -0.672324 0.985352 0.517578 1 0 1.0
0 -0.622879 -0.882531 -1.454923 -0.236210 -0.701560 -0.672324 0.985352 0.517578 1 0 1.0
0 -0.483118 -0.476845 -1.948473 -0.236210 -0.701560 -0.672324 0.985352 0.517578 1 0 1.0
Default
0 -0.239119 -0.476845 -2.013080 -0.236210 -0.701560 -0.672324 0.985352 0.517578 1 0 1.0
0 -0.424279 -0.924513 -1.502010 -0.236210 -0.701560 -0.672324 0.985352 0.517578 1 0 1.0
0 -0.483118 -0.476845 -1.948473 -0.236210 -0.701560 -0.672324 0.985352 0.517578 1 0 1.0
Default
0 0.704605 -1.023181 -1.714512 -0.157483 -0.668997 -0.726390 0.989746 0.988770 1 0 1.0
0 -0.424279 -0.924513 -1.502010 -0.157483 -0.668997 -0.726390 0.989746 0.988770 1 0 1.0
0 -0.239119 -0.476845 -2.013080 -0.157483 -0.668997 -0.726390 0.989746 0.988770 1 0 1.0
Default
0 0.535998 -0.476845 -2.122498 -0.157483 -0.668997 -0.726390 0.989746 0.988770 1 0 1.0
0 0.704605 -1.023181 -1.714512 -0.157483 -0.668997 -0.726390 0.989746 0.988770 1 0 1.0
0 -0.239119 -0.476845 -2.013080 -0.157483 -0.668997 -0.726390 0.989746 0.988770 1 0 1.0
Default
0 3.450432 -1.018286 -1.658065 0.030347 -0.548241 -0.835770 0.109192 0.985840 1 0 1.0
0 0.938514 -1.022764 -1.709704 0.030347 -0.548241 -0.835770 0.109192 0.985840 1 0 1.0
0 0.786266 -0.471456 -2.113505 0.030347 -0.548241 -0.835770 0.109192 0.985840 1 0 1.0
Default
0 3.450432 -0.414091 -2.017769 0.030347 -0.548241 -0.835770 0.109192 0.985840 1 0 1.0
0 3.450432 -1.018286 -1.658065 0.030347 -0.548241 -0.835770 0.109192 0.985840 1 0 1.0
0 0.786266 -0.471456 -2.113505 0.030347 -0.548241 -0.835770 0.109192 0.985840 1 0 1.0
Default
0 4.195815 -0.973856 -1.477570 0.163557 -0.564161 -0.809303 0.982422 0.519043 1 0 1.0
0 3.989048 -0.990455 -1.516832 0.163557 -0.564161 -0.809303 0.982422 0.519043 1 0 1.0
0 4.184682 -0.386260 -1.889429 0.163557 -0.564161 -0.809303 0.982422 0.519043 1 0 1.0
Default
0 4.463157 -0.369661 -1.853769 0.163557 -0.564161 -0.809303 0.982422 0.519043 1 0 1.0
0 4.195815 -0.973856 -1.477570 0.163557 -0.564161 -0.809303 0.982422 0.519043 1 0 1.0
0 4.184682 -0.386260 -1.889429 0.163557 -0.564161 -0.809303 0.982422 0.519043 1 0 1.0
Default
0 5.651776 -0.794888 -0.934324 0.360540 -0.597897 -0.715912 0.113586 0.985840 1 0 1.0
0 4.704572 -0.910892 -1.294195 0.360540 -0.597897 -0.715912 0.113586 0.985840 1 0 1.0
0 4.995791 -0.314207 -1.666127 0.360540 -0.597897 -0.715912 0.113586 0.985840 1 0 1.0
Default
0 5.651776 -0.212038 -1.400824 0.360540 -0.597897 -0.715912 0.113586 0.985840 1 0 1.0
0 5.651776 -0.794888 -0.934324 0.360540 -0.597897 -0.715912 0.113586 0.985840 1 0 1.0
0 4.995791 -0.314207 -1.666127 0.360540 -0.597897 -0.715912 0.113586 0.985840 1 0 1.0
Default
0 6.388152 -0.607076 -0.248053 0.488425 -0.856016 0.169342 0.113037 0.981445 1 0 1.0
0 6.813870 -0.304681 -0.078903 0.488425 -0.856016 0.169342 0.113037 0.981445 1 0 1.0
0 5.651776 -0.812267 0.838607 0.488425 -0.856016 0.169342 0.113037 0.981445 1 0 1.0
Default
0 5.651776 -0.917284 0.176190 0.488425 -0.856016 0.169342 0.113037 0.981445 1 0 1.0
0 6.388152 -0.607076 -0.248053 0.488425 -0.856016 0.169342 0.113037 0.981445 1 0 1.0
0 5.651776 -0.812267 0.838607 0.488425 -0.856016 0.169342 0.113037 0.981445 1 0 1.0
Default
0 4.010732 -1.104733 1.278393 0.266501 -0.902234 0.339043 0.981934 0.986328 1 0 1.0
0 4.357967 -1.003066 1.195835 0.266501 -0.902234 0.339043 0.981934 0.984863 1 0 1.0
0 4.804168 -0.652785 1.857410 0.266501 -0.902234 0.339043 0.981934 0.986328 1 0 1.0
Default
0 4.488986 -0.634365 2.074008 0.266501 -0.902234 0.339043 0.981934 0.986328 1 0 1.0
0 4.010732 -1.104733 1.278393 0.266501 -0.902234 0.339043 0.981934 0.986328 1 0 1.0
0 4.804168 -0.652785 1.857410 0.266501 -0.902234 0.339043 0.981934 0.986328 1 0 1.0
Default
0 3.450432 -1.149162 1.449013 0.158262 -0.867965 0.470734 0.110596 0.982422 1 0 1.0
0 3.857746 -1.121332 1.324210 0.158262 -0.867965 0.470734 0.110596 0.980957 1 0 1.0
0 4.200636 -0.615208 2.181327 0.158262 -0.867965 0.470734 0.110596 0.982422 1 0 1.0
Default
0 3.450432 -0.581899 2.455785 0.158262 -0.867965 0.470734 0.110596 0.982422 1 0 1.0
0 3.450432 -1.149162 1.449013 0.158262 -0.867965 0.470734 0.110596 0.982422 1 0 1.0
0 4.200636 -0.615208 2.181327 0.158262 -0.867965 0.470734 0.110596 0.982422 1 0 1.0
Default
0 0.972316 -1.330767 1.489430 -0.068261 -0.756363 0.650581 0.984863 0.515137 1 0 1.0
0 1.222584 -1.330321 1.485960 -0.068261 -0.756363 0.650581 0.984863 0.515137 1 0 1.0
0 1.118908 -0.528439 2.437595 -0.068261 -0.756363 0.650581 0.984863 0.517090 1 0 1.0
Default
0 0.637516 -0.501407 2.388264 -0.068261 -0.756363 0.650581 0.984863 0.516602 1 0 1.0
0 0.972316 -1.330767 1.489430 -0.068261 -0.756363 0.650581 0.984863 0.515137 1 0 1.0
0 1.118908 -0.528439 2.437595 -0.068261 -0.756363 0.650581 0.984863 0.517090 1 0 1.0
Default
0 -0.580409 -1.223754 1.231490 -0.148962 -0.760658 0.631830 0.989258 0.986328 1 0 1.0
0 0.972316 -1.330767 1.489430 -0.148962 -0.760658 0.631830 0.989258 0.986328 1 0 1.0
0 0.637516 -0.501407 2.388264 -0.148962 -0.760658 0.631830 0.989258 0.987305 1 0 1.0
Default
0 -0.351064 -0.476845 2.205461 -0.148962 -0.760658 0.631830 0.989258 0.987305 1 0 1.0
0 -0.580409 -1.223754 1.231490 -0.148962 -0.760658 0.631830 0.989258 0.986328 1 0 1.0
0 0.637516 -0.501407 2.388264 -0.148962 -0.760658 0.631830 0.989258 0.987305 1 0 1.0
Default
0 -2.020196 -0.799351 0.678469 -0.365729 -0.757689 0.540509 0.108643 0.983398 1 0 1.0
0 -0.830912 -1.172139 1.157279 -0.365729 -0.757689 0.540509 0.108643 0.983398 1 0 1.0
0 -0.601150 -0.476845 2.090741 -0.365729 -0.757689 0.540509 0.108643 0.984375 1 0 1.0
Default
0 -2.020196 -0.476845 1.327232 -0.365729 -0.757689 0.540509 0.108643 0.984375 1 0 1.0
0 -2.020196 -0.799351 0.678469 -0.365729 -0.757689 0.540509 0.108643 0.983398 1 0 1.0
0 -0.601150 -0.476845 2.090741 -0.365729 -0.757689 0.540509 0.108643 0.984375 1 0 1.0
Default
0 -2.842361 -0.462892 0.145723 -0.577309 -0.715576 0.393276 0.108643 0.984375 1 0 1.0
0 -2.020196 -0.799351 0.678469 -0.577309 -0.715576 0.393276 0.108643 0.983398 1 0 1.0
0 -2.020196 -0.476845 1.327232 -0.577309 -0.715576 0.393276 0.108643 0.984375 1 0 1.0
Default
0 -2.842361 -0.124552 0.699386 -0.577309 -0.715576 0.393276 0.108643 0.984375 1 0 1.0
0 -2.842361 -0.462892 0.145723 -0.577309 -0.715576 0.393276 0.108643 0.984375 1 0 1.0
0 -2.020196 -0.476845 1.327232 -0.577309 -0.715576 0.393276 0.108643 0.984375 1 0 1.0
Default
0 -3.959582 -0.234216 0.190705 0.098517 -0.966102 0.238625 0.981934 0.982422 1 0 1.0
0 -3.418245 -0.304590 -0.392546 0.098517 -0.966102 0.238625 0.981934 0.982422 1 0 1.0
0 -3.418245 -0.072670 0.768015 0.098517 -0.966102 0.238625 0.981934 0.982422 1 0 1.0
Default
0 -3.418245 -0.072670 0.768015 0.098517 -0.966102 0.238625 0.981934 0.982422 1 0 1.0
0 -3.959582 -0.198923 0.592288 0.098517 -0.966102 0.238625 0.981934 0.982422 1 0 1.0
0 -3.959582 -0.234216 0.190705 0.098517 -0.966102 0.238625 0.981934 0.982422 1 0 1.0
Default
0 -3.418245 -0.072670 0.768015 0.098517 -0.966102 0.238625 0.981934 0.982422 1 0 1.0
0 -3.959582 0.000000 0.917351 0.098517 -0.966102 0.238625 0.981934 0.982422 1 0 1.0
0 -3.959582 -0.198923 0.592288 0.098517 -0.966102 0.238625 0.981934 0.982422 1 0 1.0
Default
0 -3.418245 -0.304590 -0.437211 -0.025695 -0.952711 -0.302789 0.982422 0.983887 1 0 1.0
0 -3.959582 -0.234216 -0.702254 -0.025695 -0.952711 -0.302789 0.982422 0.983887 1 0 1.0
0 -3.959582 0.000000 -1.349648 -0.025695 -0.952711 -0.302789 0.982422 0.983887 1 0 1.0
Default
0 -3.418245 -0.099265 -1.172807 -0.025695 -0.952711 -0.302789 0.982422 0.983887 1 0 1.0
0 -3.418245 -0.304590 -0.437211 -0.025695 -0.952711 -0.302789 0.982422 0.983887 1 0 1.0
0 -3.959582 0.000000 -1.349648 -0.025695 -0.952711 -0.302789 0.982422 0.983887 1 0 1.0
Default
0 -3.418245 -0.304590 -0.392546 -0.288990 -0.908387 0.302188 0.981934 0.982422 1 0 1.0
0 -2.842361 -0.462892 0.145723 -0.288990 -0.908387 0.302188 0.981934 0.982422 1 0 1.0
0 -2.842361 -0.124552 0.699386 -0.288990 -0.908387 0.302188 0.981934 0.982422 1 0 1.0
Default
0 -3.418245 -0.072670 0.768015 -0.288990 -0.908387 0.302188 0.981934 0.982422 1 0 1.0
0 -3.418245 -0.304590 -0.392546 -0.288990 -0.908387 0.302188 0.981934 0.982422 1 0 1.0
0 -2.842361 -0.124552 0.699386 -0.288990 -0.908387 0.302188 0.981934 0.982422 1 0 1.0
Default
0 -6.974763 0.000000 -0.123002 -0.524314 -0.771059 -0.361335 0.981445 0.514648 1 0 1.0
0 -5.804738 0.000000 -1.828051 -0.524314 -0.771059 -0.361335 0.981445 0.514648 1 0 1.0
0 -5.680149 -0.300211 -1.360924 -0.524314 -0.771059 -0.361335 0.981445 0.514648 1 0 1.0
Default
0 -6.532191 -0.300211 -0.131855 -0.524314 -0.771059 -0.361335 0.981445 0.514648 1 0 1.0
0 -6.974763 0.000000 -0.123002 -0.524314 -0.771059 -0.361335 0.981445 0.514648 1 0 1.0
0 -5.680149 -0.300211 -1.360924 -0.524314 -0.771059 -0.361335 0.981445 0.514648 1 0 1.0
Default
0 6.955346 0.000000 -0.078903 0.845086 -0.447314 0.292812 0.981445 0.983398 1 0 1.0
0 6.901326 0.000000 0.134134 0.845086 -0.447314 0.292812 0.981445 0.983398 1 0 1.0
0 6.759849 -0.229888 0.134134 0.845086 -0.447314 0.292812 0.981445 0.983398 1 0 1.0
Default
0 6.813870 -0.304681 -0.078903 0.845086 -0.447314 0.292812 0.981445 0.983398 1 0 1.0
0 6.955346 0.000000 -0.078903 0.845086 -0.447314 0.292812 0.981445 0.983398 1 0 1.0
0 6.759849 -0.229888 0.134134 0.845086 -0.447314 0.292812 0.981445 0.983398 1 0 1.0
Default
0 6.833287 -0.306719 -0.280894 0.066514 -0.010298 0.997732 0.109375 0.951660 1 0 1.0
0 6.974763 0.000000 -0.280894 0.066514 -0.010298 0.997732 0.109375 0.951660 1 0 1.0
0 6.388152 -0.607076 -0.248053 0.066514 -0.010298 0.997732 0.109375 0.951660 1 0 1.0
Default
0 6.974763 0.000000 -0.280894 0.066514 -0.010298 0.997732 0.109375 0.951660 1 0 1.0
0 6.388152 0.000000 -0.248053 0.066514 -0.010298 0.997732 0.109375 0.951660 1 0 1.0
0 6.388152 -0.607076 -0.248053 0.066514 -0.010298 0.997732 0.109375 0.951660 1 0 1.0
Default
0 6.388152 0.000000 -0.248053 0.066514 -0.010298 0.997732 0.109375 0.951660 1 0 1.0
0 6.974763 0.000000 -0.280894 0.066514 -0.010298 0.997732 0.109375 0.951660 1 0 1.0
0 6.388152 0.607076 -0.248053 0.066514 0.010298 0.997732 0.109375 0.951660 1 0 1.0
Default
0 6.974763 0.000000 -0.280894 0.066514 -0.010298 0.997732 0.109375 0.951660 1 0 1.0
0 6.833287 0.306719 -0.280894 0.066514 0.010298 0.997732 0.109375 0.951660 1 0 1.0
0 6.388152 0.607076 -0.248053 0.066514 0.010298 0.997732 0.109375 0.951660 1 0 1.0
Default
0 6.871544 0.000000 -0.589304 0.838209 -0.435117 -0.328753 0.113586 0.985840 1 0 1.0
0 6.974763 0.000000 -0.280894 0.838209 -0.435117 -0.328753 0.113586 0.985840 1 0 1.0
0 6.833287 -0.306719 -0.280894 0.838209 -0.435117 -0.328753 0.113586 0.985840 1 0 1.0
Default
0 6.730068 -0.238363 -0.589304 0.838209 -0.435117 -0.328753 0.113586 0.985840 1 0 1.0
0 6.871544 0.000000 -0.589304 0.838209 -0.435117 -0.328753 0.113586 0.985840 1 0 1.0
0 6.833287 -0.306719 -0.280894 0.838209 -0.435117 -0.328753 0.113586 0.985840 1 0 1.0
Default
0 6.388152 0.000000 -0.248053 0.336273 -0.052179 -0.940318 0.016586 0.979004 1 0 1.0
0 6.955346 0.000000 -0.078903 0.336273 -0.052179 -0.940318 0.016586 0.979004 1 0 1.0
0 6.813870 -0.304681 -0.078903 0.336273 -0.052179 -0.940318 0.016586 0.979004 1 0 1.0
Default
0 6.388152 -0.607076 -0.248053 0.336273 -0.052179 -0.940318 0.016586 0.979004 1 0 1.0
0 6.388152 0.000000 -0.248053 0.336273 -0.052179 -0.940318 0.016586 0.979004 1 0 1.0
0 6.813870 -0.304681 -0.078903 0.336273 -0.052179 -0.940318 0.016586 0.979004 1 0 1.0
Default
0 1.433173 -0.087255 2.973063 0.044723 -0.998977 0.006654 0.108521 0.986328 1 0 1.0
0 1.201624 -0.082302 2.460686 0.044723 -0.998977 0.006654 0.108582 0.984863 1 0 1.0
0 3.450432 0.000000 2.514520 0.044723 -0.998977 0.006654 0.108459 0.987305 1 0 1.0
Default
0 2.917617 0.000000 3.283376 0.044723 -0.998977 0.006654 0.108459 0.987305 1 0 1.0
0 1.433173 -0.087255 2.973063 0.044723 -0.998977 0.006654 0.108521 0.986328 1 0 1.0
0 3.450432 0.000000 2.514520 0.044723 -0.998977 0.006654 0.108459 0.987305 1 0 1.0
Default
0 -2.058401 -0.166591 1.645680 -0.645362 -0.589889 0.485323 0.108521 0.986328 1 0 1.0
0 -2.868712 0.000000 0.822207 -0.645362 -0.589889 0.485323 0.108643 0.984375 1 0 1.0
0 -2.842361 -0.124552 0.699386 -0.645362 -0.589889 0.485323 0.108643 0.984375 1 0 1.0
Default
0 -2.868712 0.000000 0.822207 -0.645362 -0.589889 0.485323 0.108643 0.984375 1 0 1.0
0 -2.842361 0.000000 0.699386 -0.645362 -0.589889 0.485323 0.108643 0.984375 1 0 1.0
0 -2.842361 -0.124552 0.699386 -0.645362 -0.589889 0.485323 0.108643 0.984375 1 0 1.0
Default
0 -0.483118 -0.476845 -1.948473 -0.277826 -0.123375 -0.952676 0.109192 0.985840 1 0 1.0
0 -2.020196 -0.476845 -1.541483 -0.277826 -0.123375 -0.952676 0.109192 0.985840 1 0 1.0
0 -2.058551 -0.143627 -1.532187 -0.277826 -0.123375 -0.952676 0.109192 0.985840 1 0 1.0
Default
0 -0.452300 0.000000 -2.060477 -0.277826 -0.123375 -0.952676 0.109192 0.985840 1 0 1.0
0 -0.483118 -0.476845 -1.948473 -0.277826 -0.123375 -0.952676 0.109192 0.985840 1 0 1.0
0 -2.058551 -0.143627 -1.532187 -0.277826 -0.123375 -0.952676 0.109192 0.985840 1 0 1.0
Default
0 4.463157 -0.369661 -1.853769 0.207977 -0.059806 -0.976304 0.982422 0.519043 1 0 1.0
0 4.184682 -0.386260 -1.889429 0.207977 -0.059806 -0.976304 0.982422 0.519043 1 0 1.0
0 4.183009 0.000000 -1.936091 0.207977 -0.059806 -0.976304 0.982422 0.519043 1 0 1.0
Default
0 4.463157 0.000000 -1.853769 0.207977 -0.059806 -0.976304 0.982422 0.519043 1 0 1.0
0 4.463157 -0.369661 -1.853769 0.207977 -0.059806 -0.976304 0.982422 0.519043 1 0 1.0
0 4.183009 0.000000 -1.936091 0.207977 -0.059806 -0.976304 0.982422 0.519043 1 0 1.0
Default
0 2.349823 -1.664917 0.477233 -0.228822 0.939843 0.253644 0.109680 0.987305 1 0 1.0
0 3.254913 -1.304685 -0.269070 -0.228822 0.939843 0.253644 0.109680 0.987305 1 0 1.0
0 2.784904 -0.992199 -1.622925 -0.228822 0.939843 0.253644 0.109680 0.987305 1 0 1.0
Default
0 1.785158 -1.393017 -1.267689 -0.228822 0.939843 0.253644 0.109680 0.987305 1 0 1.0
0 2.349823 -1.664917 0.477233 -0.228822 0.939843 0.253644 0.109680 0.987305 1 0 1.0
0 2.784904 -0.992199 -1.622925 -0.228822 0.939843 0.253644 0.109680 0.987305 1 0 1.0
Default
0 1.563053 -1.675483 0.228166 -0.050751 0.982715 0.178033 0.109680 0.987305 1 0 1.0
0 2.349823 -1.664917 0.477233 -0.050751 0.982715 0.178033 0.109680 0.987305 1 0 1.0
0 1.785158 -1.393017 -1.267689 -0.050751 0.982715 0.178033 0.109680 0.987305 1 0 1.0
Default
0 1.389111 -1.533287 -0.523216 -0.050751 0.982715 0.178033 0.109680 0.987305 1 0 1.0
0 1.563053 -1.675483 0.228166 -0.050751 0.982715 0.178033 0.109680 0.987305 1 0 1.0
0 1.785158 -1.393017 -1.267689 -0.050751 0.982715 0.178033 0.109680 0.987305 1 0 1.0
Default
0 2.413836 -1.611504 0.677080 0.244862 -0.940342 -0.236219 0.109680 0.987305 1 0 1.0
0 1.697791 -1.339605 -1.524836 0.244862 -0.940342 -0.236219 0.109680 0.987305 1 0 1.0
0 2.776302 -0.938619 -1.625817 0.244862 -0.940342 -0.236219 0.109680 0.987305 1 0 1.0
Default
0 3.246310 -1.251105 -0.271962 0.244862 -0.940342 -0.236219 0.109680 0.987305 1 0 1.0
0 2.413836 -1.611504 0.677080 0.244862 -0.940342 -0.236219 0.109680 0.987305 1 0 1.0
0 2.776302 -0.938619 -1.625817 0.244862 -0.940342 -0.236219 0.109680 0.987305 1 0 1.0
Default
0 1.354774 -1.622071 0.466096 0.023056 -0.990367 -0.136537 0.109680 0.987305 1 0 1.0
0 1.128467 -1.479874 -0.494742 0.023056 -0.990367 -0.136537 0.109680 0.987305 1 0 1.0
0 1.697791 -1.339605 -1.524836 0.023056 -0.990367 -0.136537 0.109680 0.987305 1 0 1.0
Default
0 2.413836 -1.611504 0.677080 0.023056 -0.990367 -0.136537 0.109680 0.987305 1 0 1.0
0 1.354774 -1.622071 0.466096 0.023056 -0.990367 -0.136537 0.109680 0.987305 1 0 1.0
0 1.697791 -1.339605 -1.524836 0.023056 -0.990367 -0.136537 0.109680 0.987305 1 0 1.0
Default
0 2.413836 -1.611504 0.677080 -0.575087 0.775796 -0.259646 0.980957 0.514648 1 0 1.0
0 3.246310 -1.251105 -0.271962 -0.575087 0.775796 -0.259646 0.980957 0.514648 1 0 1.0
0 3.254913 -1.304685 -0.269070 -0.575087 0.775796 -0.259646 0.980957 0.514648 1 0 1.0
Default
0 2.349823 -1.664917 0.477233 -0.575087 0.775796 -0.259646 0.980957 0.514648 1 0 1.0
0 2.413836 -1.611504 0.677080 -0.575087 0.775796 -0.259646 0.980957 0.514648 1 0 1.0
0 3.254913 -1.304685 -0.269070 -0.575087 0.775796 -0.259646 0.980957 0.514648 1 0 1.0
Default
0 1.354774 -1.622071 0.466096 0.044427 0.973809 -0.222985 0.980957 0.514648 1 0 1.0
0 2.413836 -1.611504 0.677080 0.044427 0.973809 -0.222985 0.980957 0.514648 1 0 1.0
0 2.349823 -1.664917 0.477233 0.044427 0.973809 -0.222985 0.980957 0.514648 1 0 1.0
Default
0 1.563053 -1.675483 0.228166 0.044427 0.973809 -0.222985 0.980957 0.514648 1 0 1.0
0 1.354774 -1.622071 0.466096 0.044427 0.973809 -0.222985 0.980957 0.514648 1 0 1.0
0 2.349823 -1.664917 0.477233 0.044427 0.973809 -0.222985 0.980957 0.514648 1 0 1.0
Default
0 1.128467 -1.479874 -0.494742 0.272307 0.957471 0.095378 0.980957 0.514648 1 0 1.0
0 1.354774 -1.622071 0.466096 0.272307 0.957471 0.095378 0.980957 0.514648 1 0 1.0
0 1.563053 -1.675483 0.228166 0.272307 0.957471 0.095378 0.980957 0.514648 1 0 1.0
Default
0 1.389111 -1.533287 -0.523216 0.272307 0.957471 0.095378 0.980957 0.514648 1 0 1.0
0 1.128467 -1.479874 -0.494742 0.272307 0.957471 0.095378 0.980957 0.514648 1 0 1.0
0 1.563053 -1.675483 0.228166 0.272307 0.957471 0.095378 0.980957 0.514648 1 0 1.0
Default
0 3.246310 -1.251105 -0.271962 -0.945237 -0.135736 0.296820 0.109680 0.987305 1 0 1.0
0 2.776302 -0.938619 -1.625817 -0.945237 -0.135736 0.296820 0.109680 0.987305 1 0 1.0
0 2.784904 -0.992199 -1.622925 -0.945237 -0.135736 0.296820 0.109680 0.987305 1 0 1.0
Default
0 3.254913 -1.304685 -0.269070 -0.945237 -0.135736 0.296820 0.109680 0.987305 1 0 1.0
0 3.246310 -1.251105 -0.271962 -0.945237 -0.135736 0.296820 0.109680 0.987305 1 0 1.0
0 2.784904 -0.992199 -1.622925 -0.945237 -0.135736 0.296820 0.109680 0.987305 1 0 1.0
Default
0 2.776302 -0.938619 -1.625817 -0.236378 0.864774 0.443047 0.980957 0.514648 1 0 1.0
0 1.697791 -1.339605 -1.524836 -0.236378 0.864774 0.443047 0.980957 0.514648 1 0 1.0
0 1.785158 -1.393017 -1.267689 -0.236378 0.864774 0.443047 0.980957 0.514648 1 0 1.0
Default
0 2.784904 -0.992199 -1.622925 -0.236378 0.864774 0.443047 0.980957 0.514648 1 0 1.0
0 2.776302 -0.938619 -1.625817 -0.236378 0.864774 0.443047 0.980957 0.514648 1 0 1.0
0 1.785158 -1.393017 -1.267689 -0.236378 0.864774 0.443047 0.980957 0.514648 1 0 1.0
Default
0 1.697791 -1.339605 -1.524836 0.143975 0.962371 0.230462 0.980957 0.514648 1 0 1.0
0 1.128467 -1.479874 -0.494742 0.143975 0.962371 0.230462 0.980957 0.514648 1 0 1.0
0 1.389111 -1.533287 -0.523216 0.143975 0.962371 0.230462 0.980957 0.514648 1 0 1.0
Default
0 1.785158 -1.393017 -1.267689 0.143975 0.962371 0.230462 0.980957 0.514648 1 0 1.0
0 1.697791 -1.339605 -1.524836 0.143975 0.962371 0.230462 0.980957 0.514648 1 0 1.0
0 1.389111 -1.533287 -0.523216 0.143975 0.962371 0.230462 0.980957 0.514648 1 0 1.0
Default
0 2.491707 0.000000 -3.256015 0.778571 0.000000 -0.627557 0.108643 0.981445 1 0 1.0
0 3.445731 0.000000 -2.072415 0.778571 0.000000 -0.627557 0.104919 0.979492 1 0 1.0
0 3.445731 -0.108930 -2.072415 0.778571 0.000000 -0.627557 0.108643 0.981445 1 0 1.0
Default
0 3.445731 0.000000 -2.072415 0.778571 0.000000 -0.627557 0.104919 0.979492 1 0 1.0
0 2.491707 0.000000 -3.256015 0.778571 0.000000 -0.627557 0.108643 0.981445 1 0 1.0
0 3.445731 0.108930 -2.072415 0.778571 0.000000 -0.627557 0.108643 0.981445 1 0 1.0
Default
0 1.222584 -1.330321 1.485960 0.025290 -0.818683 0.573689 0.111023 0.985840 1 0 1.0
0 3.450432 -1.149162 1.449013 0.025290 -0.818683 0.573689 0.111023 0.985840 1 0 1.0
0 3.450432 -0.581899 2.455785 0.025290 -0.818683 0.573689 0.111023 0.985840 1 0 1.0
Default
0 1.118908 -0.528439 2.437595 0.025290 -0.818683 0.573689 0.111023 0.985840 1 0 1.0
0 1.222584 -1.330321 1.485960 0.025290 -0.818683 0.573689 0.111023 0.985840 1 0 1.0
0 3.450432 -0.581899 2.455785 0.025290 -0.818683 0.573689 0.111023 0.985840 1 0 1.0
Default
0 0.938514 -1.022764 -1.709704 0.030086 -0.588652 -0.807827 0.985352 0.517578 1 0 1.0
0 0.704605 -1.023181 -1.714512 0.030086 -0.588652 -0.807827 0.985352 0.517578 1 0 1.0
0 0.535998 -0.476845 -2.122498 0.030086 -0.588652 -0.807827 0.985352 0.517578 1 0 1.0
Default
0 0.786266 -0.471456 -2.113505 0.030086 -0.588652 -0.807827 0.985352 0.517578 1 0 1.0
0 0.938514 -1.022764 -1.709704 0.030086 -0.588652 -0.807827 0.985352 0.517578 1 0 1.0
0 0.535998 -0.476845 -2.122498 0.030086 -0.588652 -0.807827 0.985352 0.517578 1 0 1.0
Default
0 0.786266 -0.471456 -2.113505 0.014638 -0.011302 -0.999829 0.985352 0.517578 1 0 1.0
0 0.535998 -0.476845 -2.122498 0.014638 -0.011302 -0.999829 0.985352 0.517578 1 0 1.0
0 0.535998 0.000000 -2.122498 0.014638 -0.011302 -0.999829 0.985352 0.517578 1 0 1.0
Default
0 0.785881 0.000000 -2.124230 0.014638 -0.011302 -0.999829 0.985352 0.517578 1 0 1.0
0 0.786266 -0.471456 -2.113505 0.014638 -0.011302 -0.999829 0.985352 0.517578 1 0 1.0
0 0.535998 0.000000 -2.122498 0.014638 -0.011302 -0.999829 0.985352 0.517578 1 0 1.0
Default
0 0.786266 0.471456 -2.113505 0.014638 0.011302 -0.999829 0.985352 0.517578 1 0 1.0
0 0.785881 0.000000 -2.124230 0.014638 -0.011302 -0.999829 0.985352 0.517578 1 0 1.0
0 0.535998 0.000000 -2.122498 0.014638 -0.011302 -0.999829 0.985352 0.517578 1 0 1.0
Default
0 0.535998 0.476845 -2.122498 0.014638 0.011302 -0.999829 0.985352 0.517578 1 0 1.0
0 0.786266 0.471456 -2.113505 0.014638 0.011302 -0.999829 0.985352 0.517578 1 0 1.0
0 0.535998 0.000000 -2.122498 0.014638 -0.011302 -0.999829 0.985352 0.517578 1 0 1.0
Default
0 1.222584 -1.330321 -0.157356 -0.000912 -0.978789 -0.204868 0.109192 0.985840 1 0 1.0
0 0.938514 -1.022764 -1.709704 -0.000912 -0.978789 -0.204868 0.109192 0.985840 1 0 1.0
0 3.450432 -1.018286 -1.658065 -0.000912 -0.978789 -0.204868 0.109192 0.985840 1 0 1.0
Default
0 3.450432 -1.325571 -0.274170 -0.000912 -0.978789 -0.204868 0.109192 0.985840 1 0 1.0
0 1.222584 -1.330321 -0.157356 -0.000912 -0.978789 -0.204868 0.109192 0.985840 1 0 1.0
0 3.450432 -1.018286 -1.658065 -0.000912 -0.978789 -0.204868 0.109192 0.985840 1 0 1.0
Default
0 1.222584 -1.330321 1.485960 0.043431 -0.997688 0.052280 0.108643 0.982910 1 0 1.0
0 1.222584 -1.330321 -0.157356 0.043431 -0.997688 0.052280 0.108643 0.981445 1 0 1.0
0 3.450432 -1.325571 -0.274170 0.043431 -0.997688 0.052280 0.108643 0.981445 1 0 1.0
Default
0 3.450432 -1.149162 1.449013 0.043431 -0.997688 0.052280 0.108643 0.981445 1 0 1.0
0 1.222584 -1.330321 1.485960 0.043431 -0.997688 0.052280 0.108643 0.982910 1 0 1.0
0 3.450432 -1.325571 -0.274170 0.043431 -0.997688 0.052280 0.108643 0.981445 1 0 1.0
Default
0 -0.830912 -1.172139 1.157279 -0.308340 -0.721621 0.619831 0.984863 0.515137 1 0 1.0
0 -0.580409 -1.223754 1.231490 -0.308340 -0.721621 0.619831 0.984863 0.515137 1 0 1.0
0 -0.351064 -0.476845 2.205461 -0.308340 -0.721621 0.619831 0.984863 0.516602 1 0 1.0
Default
0 -0.601150 -0.476845 2.090741 -0.308340 -0.721621 0.619831 0.984863 0.516602 1 0 1.0
0 -0.830912 -1.172139 1.157279 -0.308340 -0.721621 0.619831 0.984863 0.515137 1 0 1.0
0 -0.351064 -0.476845 2.205461 -0.308340 -0.721621 0.619831 0.984863 0.516602 1 0 1.0
Default
0 -0.622879 -0.882531 -1.454923 -0.186964 -0.773247 -0.605915 0.109192 0.985840 1 0 1.0
0 -2.020196 -0.799351 -1.062613 -0.186964 -0.773247 -0.605915 0.109192 0.985840 1 0 1.0
0 -2.020196 -0.476845 -1.541483 -0.186964 -0.773247 -0.605915 0.109192 0.985840 1 0 1.0
Default
0 -0.483118 -0.476845 -1.948473 -0.186964 -0.773247 -0.605915 0.109192 0.985840 1 0 1.0
0 -0.622879 -0.882531 -1.454923 -0.186964 -0.773247 -0.605915 0.109192 0.985840 1 0 1.0
0 -2.020196 -0.476845 -1.541483 -0.186964 -0.773247 -0.605915 0.109192 0.985840 1 0 1.0
Default
0 -0.999631 -1.146703 -0.190269 -0.259846 -0.926853 -0.270969 0.985352 0.517578 1 0 1.0
0 -0.622879 -0.882531 -1.454923 -0.259846 -0.926853 -0.270969 0.985352 0.517578 1 0 1.0
0 -0.424279 -0.924513 -1.502010 -0.259846 -0.926853 -0.270969 0.985352 0.517578 1 0 1.0
Default
0 -0.750753 -1.212014 -0.205298 -0.259846 -0.926853 -0.270969 0.985352 0.517578 1 0 1.0
0 -0.999631 -1.146703 -0.190269 -0.259846 -0.926853 -0.270969 0.985352 0.517578 1 0 1.0
0 -0.424279 -0.924513 -1.502010 -0.259846 -0.926853 -0.270969 0.985352 0.517578 1 0 1.0
Default
0 -0.830912 -1.172139 1.157279 -0.229633 -0.973162 0.014970 0.984863 0.515137 1 0 1.0
0 -0.999631 -1.146703 -0.190269 -0.229633 -0.973162 0.014970 0.984863 0.513672 1 0 1.0
0 -0.750753 -1.212014 -0.205298 -0.229633 -0.973162 0.014970 0.984863 0.513672 1 0 1.0
Default
0 -0.580409 -1.223754 1.231490 -0.229633 -0.973162 0.014970 0.984863 0.515137 1 0 1.0
0 -0.830912 -1.172139 1.157279 -0.229633 -0.973162 0.014970 0.984863 0.515137 1 0 1.0
0 -0.750753 -1.212014 -0.205298 -0.229633 -0.973162 0.014970 0.984863 0.513672 1 0 1.0
Default
0 0.535998 0.000000 2.427530 -0.077921 -0.067007 0.994705 0.984863 0.516602 1 0 1.0
0 0.637516 -0.501407 2.388264 -0.077921 -0.067007 0.994705 0.984863 0.516602 1 0 1.0
0 1.118908 -0.528439 2.437595 -0.077921 -0.067007 0.994705 0.984863 0.517090 1 0 1.0
Default
0 1.201624 -0.082302 2.460686 -0.077921 -0.067007 0.994705 0.984863 0.517578 1 0 1.0
0 0.535998 0.000000 2.427530 -0.077921 -0.067007 0.994705 0.984863 0.516602 1 0 1.0
0 1.118908 -0.528439 2.437595 -0.077921 -0.067007 0.994705 0.984863 0.517090 1 0 1.0
Default
0 -2.058401 -0.166591 1.645680 -0.346943 -0.446136 0.824981 0.108521 0.986328 1 0 1.0
0 -2.020196 -0.476845 1.327232 -0.346943 -0.446136 0.824981 0.108643 0.984375 1 0 1.0
0 -0.601150 -0.476845 2.090741 -0.346943 -0.446136 0.824981 0.108643 0.984375 1 0 1.0
Default
0 -0.462217 0.000000 2.240304 -0.346943 -0.446136 0.824981 0.108643 0.984375 1 0 1.0
0 -2.058401 -0.166591 1.645680 -0.346943 -0.446136 0.824981 0.108521 0.986328 1 0 1.0
0 -0.601150 -0.476845 2.090741 -0.346943 -0.446136 0.824981 0.108643 0.984375 1 0 1.0
Default
0 -0.239119 0.000000 -2.013080 -0.037365 -0.115369 -0.992620 0.985352 0.517578 1 0 1.0
0 -0.239119 -0.476845 -2.013080 -0.037365 -0.115369 -0.992620 0.985352 0.517578 1 0 1.0
0 -0.483118 -0.476845 -1.948473 -0.037365 -0.115369 -0.992620 0.985352 0.517578 1 0 1.0
Default
0 -0.452300 0.000000 -2.060477 -0.037365 -0.115369 -0.992620 0.985352 0.517578 1 0 1.0
0 -0.239119 0.000000 -2.013080 -0.037365 -0.115369 -0.992620 0.985352 0.517578 1 0 1.0
0 -0.483118 -0.476845 -1.948473 -0.037365 -0.115369 -0.992620 0.985352 0.517578 1 0 1.0
Default
0 4.357967 -1.003066 1.195835 0.233798 -0.917132 0.322813 0.979980 0.514160 1 0 1.0
0 4.503123 -0.976721 1.155118 0.233798 -0.917132 0.322813 0.979980 0.514160 1 0 1.0
0 4.909935 -0.653273 1.789856 0.233798 -0.917132 0.322813 0.979980 0.515625 1 0 1.0
Default
0 4.804168 -0.652785 1.857410 0.233798 -0.917132 0.322813 0.979980 0.515625 1 0 1.0
0 4.357967 -1.003066 1.195835 0.233798 -0.917132 0.322813 0.979980 0.514160 1 0 1.0
0 4.909935 -0.653273 1.789856 0.233798 -0.917132 0.322813 0.979980 0.515625 1 0 1.0
Default
0 4.577325 -0.923850 -1.342817 0.325788 -0.603712 -0.727595 0.982422 0.987793 1 0 1.0
0 4.195815 -0.973856 -1.477570 0.325788 -0.603712 -0.727595 0.982422 0.987793 1 0 1.0
0 4.463157 -0.369661 -1.853769 0.325788 -0.603712 -0.727595 0.982422 0.987793 1 0 1.0
Default
0 4.892651 -0.325619 -1.703420 0.325788 -0.603712 -0.727595 0.982422 0.987793 1 0 1.0
0 4.577325 -0.923850 -1.342817 0.325788 -0.603712 -0.727595 0.982422 0.987793 1 0 1.0
0 4.463157 -0.369661 -1.853769 0.325788 -0.603712 -0.727595 0.982422 0.987793 1 0 1.0
Default
0 4.892651 -0.325619 -1.703420 0.330400 0.000000 -0.943841 0.982422 0.987793 1 0 1.0
0 4.463157 -0.369661 -1.853769 0.330400 0.000000 -0.943841 0.982422 0.987793 1 0 1.0
0 4.463157 0.000000 -1.853769 0.330400 0.000000 -0.943841 0.982422 0.987793 1 0 1.0
Default
0 4.892651 0.000000 -1.703420 0.330400 0.000000 -0.943841 0.982422 0.987793 1 0 1.0
0 4.892651 -0.325619 -1.703420 0.330400 0.000000 -0.943841 0.982422 0.987793 1 0 1.0
0 4.463157 0.000000 -1.853769 0.330400 0.000000 -0.943841 0.982422 0.987793 1 0 1.0
Default
0 4.892651 0.325619 -1.703420 0.330400 0.000000 -0.943841 0.982422 0.987793 1 0 1.0
0 4.892651 0.000000 -1.703420 0.330400 0.000000 -0.943841 0.982422 0.987793 1 0 1.0
0 4.463157 0.000000 -1.853769 0.330400 0.000000 -0.943841 0.982422 0.987793 1 0 1.0
Default
0 4.463157 0.369661 -1.853769 0.330400 0.000000 -0.943841 0.982422 0.987793 1 0 1.0
0 4.892651 0.325619 -1.703420 0.330400 0.000000 -0.943841 0.982422 0.987793 1 0 1.0
0 4.463157 0.000000 -1.853769 0.330400 0.000000 -0.943841 0.982422 0.987793 1 0 1.0
Default
0 4.804168 -0.652785 1.857410 0.536619 -0.075591 0.840432 0.979980 0.515625 1 0 1.0
0 4.909935 -0.653273 1.789856 0.536619 -0.075591 0.840432 0.979980 0.515625 1 0 1.0
0 4.909935 0.000000 1.848591 0.536619 -0.075591 0.840432 0.979980 0.515625 1 0 1.0
Default
0 4.804168 0.000000 1.916146 0.536619 -0.075591 0.840432 0.979980 0.515625 1 0 1.0
0 4.804168 -0.652785 1.857410 0.536619 -0.075591 0.840432 0.979980 0.515625 1 0 1.0
0 4.909935 0.000000 1.848591 0.536619 -0.075591 0.840432 0.979980 0.515625 1 0 1.0
Default
0 4.357967 -1.003066 1.195835 0.182315 -0.976532 0.114663 0.979980 0.514160 1 0 1.0
0 4.241433 -1.179475 -0.155562 0.182315 -0.976532 0.114663 0.979492 0.512695 1 0 1.0
0 4.383146 -1.153130 -0.122227 0.182315 -0.976532 0.114663 0.979492 0.513184 1 0 1.0
Default
0 4.503123 -0.976721 1.155118 0.182315 -0.976532 0.114663 0.979980 0.514160 1 0 1.0
0 4.357967 -1.003066 1.195835 0.182315 -0.976532 0.114663 0.979980 0.514160 1 0 1.0
0 4.383146 -1.153130 -0.122227 0.182315 -0.976532 0.114663 0.979492 0.513184 1 0 1.0
Default
0 4.241433 -1.179475 -0.155562 0.188197 -0.970248 -0.152315 0.980469 0.517090 1 0 1.0
0 4.577325 -0.923850 -1.342817 0.188197 -0.970248 -0.152315 0.980469 0.517090 1 0 1.0
0 4.704572 -0.910892 -1.294195 0.188197 -0.970248 -0.152315 0.980469 0.517090 1 0 1.0
Default
0 4.383146 -1.153130 -0.122227 0.188197 -0.970248 -0.152315 0.980469 0.517090 1 0 1.0
0 4.241433 -1.179475 -0.155562 0.188197 -0.970248 -0.152315 0.980469 0.517090 1 0 1.0
0 4.704572 -0.910892 -1.294195 0.188197 -0.970248 -0.152315 0.980469 0.517090 1 0 1.0
Default
0 4.184682 -0.386260 -1.889429 0.220988 -0.202792 -0.953960 0.111145 0.983887 1 0 1.0
0 3.450432 -0.414091 -2.017769 0.220988 -0.202792 -0.953960 0.111145 0.983887 1 0 1.0
0 3.445956 0.000000 -2.142668 0.220988 -0.202792 -0.953960 0.111145 0.983887 1 0 1.0
Default
0 4.183009 0.000000 -1.936091 0.220988 -0.202792 -0.953960 0.111145 0.983887 1 0 1.0
0 4.184682 -0.386260 -1.889429 0.220988 -0.202792 -0.953960 0.111145 0.983887 1 0 1.0
0 3.445956 0.000000 -2.142668 0.220988 -0.202792 -0.953960 0.111145 0.983887 1 0 1.0
Default
0 3.857746 -1.121332 1.324210 0.149878 -0.882051 0.446681 0.981934 0.516113 1 0 1.0
0 4.010732 -1.104733 1.278393 0.149878 -0.882051 0.446681 0.981934 0.517578 1 0 1.0
0 4.488986 -0.634365 2.074008 0.149878 -0.882051 0.446681 0.981934 0.517578 1 0 1.0
Default
0 4.200636 -0.615208 2.181327 0.149878 -0.882051 0.446681 0.981934 0.517578 1 0 1.0
0 3.857746 -1.121332 1.324210 0.149878 -0.882051 0.446681 0.981934 0.516113 1 0 1.0
0 4.488986 -0.634365 2.074008 0.149878 -0.882051 0.446681 0.981934 0.517578 1 0 1.0
Default
0 3.989048 -0.990455 -1.516832 0.197703 -0.531254 -0.823822 0.111145 0.983887 1 0 1.0
0 3.450432 -1.018286 -1.658065 0.197703 -0.531254 -0.823822 0.111145 0.983887 1 0 1.0
0 3.450432 -0.414091 -2.017769 0.197703 -0.531254 -0.823822 0.111145 0.983887 1 0 1.0
Default
0 4.184682 -0.386260 -1.889429 0.197703 -0.531254 -0.823822 0.111145 0.983887 1 0 1.0
0 3.989048 -0.990455 -1.516832 0.197703 -0.531254 -0.823822 0.111145 0.983887 1 0 1.0
0 3.450432 -0.414091 -2.017769 0.197703 -0.531254 -0.823822 0.111145 0.983887 1 0 1.0
Default
0 4.200636 -0.615208 2.181327 0.344894 -0.087853 0.934521 0.981934 0.517578 1 0 1.0
0 4.488986 -0.634365 2.074008 0.344894 -0.087853 0.934521 0.981934 0.517578 1 0 1.0
0 4.488986 0.000000 2.132743 0.344894 -0.087853 0.934521 0.981934 0.517578 1 0 1.0
Default
0 4.200636 0.000000 2.240062 0.344894 -0.087853 0.934521 0.981934 0.517578 1 0 1.0
0 4.200636 -0.615208 2.181327 0.344894 -0.087853 0.934521 0.981934 0.517578 1 0 1.0
0 4.488986 0.000000 2.132743 0.344894 -0.087853 0.934521 0.981934 0.517578 1 0 1.0
Default
0 3.706938 -1.297741 -0.243735 0.122507 -0.970791 -0.206294 0.982422 0.519043 1 0 1.0
0 3.989048 -0.990455 -1.516832 0.122507 -0.970791 -0.206294 0.982422 0.519043 1 0 1.0
0 4.195815 -0.973856 -1.477570 0.122507 -0.970791 -0.206294 0.982422 0.519043 1 0 1.0
Default
0 3.859924 -1.281142 -0.225583 0.122507 -0.970791 -0.206294 0.982422 0.519043 1 0 1.0
0 3.706938 -1.297741 -0.243735 0.122507 -0.970791 -0.206294 0.982422 0.519043 1 0 1.0
0 4.195815 -0.973856 -1.477570 0.122507 -0.970791 -0.206294 0.982422 0.519043 1 0 1.0
Default
0 3.857746 -1.121332 1.324210 0.116417 -0.987945 0.102037 0.981934 0.516113 1 0 1.0
0 3.706938 -1.297741 -0.243735 0.116417 -0.987945 0.102037 0.981445 0.514648 1 0 1.0
0 3.859924 -1.281142 -0.225583 0.116417 -0.987945 0.102037 0.981445 0.514648 1 0 1.0
Default
0 4.010732 -1.104733 1.278393 0.116417 -0.987945 0.102037 0.981445 0.514648 1 0 1.0
0 3.857746 -1.121332 1.324210 0.116417 -0.987945 0.102037 0.981934 0.516113 1 0 1.0
0 3.859924 -1.281142 -0.225583 0.116417 -0.987945 0.102037 0.981445 0.514648 1 0 1.0
Default
0 4.383146 -1.153130 -0.122227 0.192593 -0.972856 -0.128295 0.113586 0.985840 1 0 1.0
0 4.704572 -0.910892 -1.294195 0.192593 -0.972856 -0.128295 0.113586 0.985840 1 0 1.0
0 5.651776 -0.794888 -0.934324 0.192593 -0.972856 -0.128295 0.113586 0.985840 1 0 1.0
Default
0 5.651776 -0.917284 0.176190 0.192593 -0.972856 -0.128295 0.113586 0.985840 1 0 1.0
0 4.383146 -1.153130 -0.122227 0.192593 -0.972856 -0.128295 0.113586 0.985840 1 0 1.0
0 5.651776 -0.794888 -0.934324 0.192593 -0.972856 -0.128295 0.113586 0.985840 1 0 1.0
Default
0 4.503123 -0.976721 1.155118 0.162910 -0.977800 0.131785 0.113037 0.982910 1 0 1.0
0 4.383146 -1.153130 -0.122227 0.162910 -0.977800 0.131785 0.113037 0.981934 1 0 1.0
0 5.651776 -0.917284 0.176190 0.162910 -0.977800 0.131785 0.113037 0.981445 1 0 1.0
Default
0 5.651776 -0.812267 0.838607 0.162910 -0.977800 0.131785 0.113037 0.981445 1 0 1.0
0 4.503123 -0.976721 1.155118 0.162910 -0.977800 0.131785 0.113037 0.982910 1 0 1.0
0 5.651776 -0.917284 0.176190 0.162910 -0.977800 0.131785 0.113037 0.981445 1 0 1.0
Default
0 4.909935 -0.653273 1.789856 0.465686 -0.081735 0.881167 0.113037 0.984375 1 0 1.0
0 5.651776 -0.613151 1.399663 0.465686 -0.081735 0.881167 0.113037 0.984375 1 0 1.0
0 5.651776 0.000000 1.458398 0.465686 -0.081735 0.881167 0.113037 0.984375 1 0 1.0
Default
0 4.909935 0.000000 1.848591 0.465686 -0.081735 0.881167 0.113037 0.984375 1 0 1.0
0 4.909935 -0.653273 1.789856 0.465686 -0.081735 0.881167 0.113037 0.984375 1 0 1.0
0 5.651776 0.000000 1.458398 0.465686 -0.081735 0.881167 0.113037 0.984375 1 0 1.0
Default
0 4.503123 -0.976721 1.155118 0.221412 -0.918980 0.326271 0.113037 0.982910 1 0 1.0
0 5.651776 -0.812267 0.838607 0.221412 -0.918980 0.326271 0.113037 0.984375 1 0 1.0
0 5.651776 -0.613151 1.399663 0.221412 -0.918980 0.326271 0.113037 0.984375 1 0 1.0
Default
0 4.909935 -0.653273 1.789856 0.221412 -0.918980 0.326271 0.113037 0.984375 1 0 1.0
0 4.503123 -0.976721 1.155118 0.221412 -0.918980 0.326271 0.113037 0.982910 1 0 1.0
0 5.651776 -0.613151 1.399663 0.221412 -0.918980 0.326271 0.113037 0.984375 1 0 1.0
Default
0 4.704572 -0.910892 -1.294195 0.332744 -0.609852 -0.719279 0.980469 0.517090 1 0 1.0
0 4.577325 -0.923850 -1.342817 0.332744 -0.609852 -0.719279 0.980469 0.517090 1 0 1.0
0 4.892651 -0.325619 -1.703420 0.332744 -0.609852 -0.719279 0.980469 0.517090 1 0 1.0
Default
0 4.995791 -0.314207 -1.666127 0.332744 -0.609852 -0.719279 0.980469 0.517090 1 0 1.0
0 4.704572 -0.910892 -1.294195 0.332744 -0.609852 -0.719279 0.980469 0.517090 1 0 1.0
0 4.892651 -0.325619 -1.703420 0.332744 -0.609852 -0.719279 0.980469 0.517090 1 0 1.0
Default
0 4.995791 -0.314207 -1.666127 0.340031 0.000000 -0.940414 0.980469 0.517090 1 0 1.0
0 4.892651 -0.325619 -1.703420 0.340031 0.000000 -0.940414 0.980469 0.517090 1 0 1.0
0 4.892651 0.000000 -1.703420 0.340031 0.000000 -0.940414 0.980469 0.517090 1 0 1.0
Default
0 4.995791 0.000000 -1.666127 0.340031 0.000000 -0.940414 0.980469 0.517090 1 0 1.0
0 4.995791 -0.314207 -1.666127 0.340031 0.000000 -0.940414 0.980469 0.517090 1 0 1.0
0 4.892651 0.000000 -1.703420 0.340031 0.000000 -0.940414 0.980469 0.517090 1 0 1.0
Default
0 4.995791 0.314207 -1.666127 0.340032 0.000000 -0.940414 0.980469 0.517090 1 0 1.0
0 4.995791 0.000000 -1.666127 0.340031 0.000000 -0.940414 0.980469 0.517090 1 0 1.0
0 4.892651 0.000000 -1.703420 0.340031 0.000000 -0.940414 0.980469 0.517090 1 0 1.0
Default
0 4.892651 0.325619 -1.703420 0.340032 0.000000 -0.940414 0.980469 0.517090 1 0 1.0
0 4.995791 0.314207 -1.666127 0.340032 0.000000 -0.940414 0.980469 0.517090 1 0 1.0
0 4.892651 0.000000 -1.703420 0.340031 0.000000 -0.940414 0.980469 0.517090 1 0 1.0
Default
0 6.833287 0.306719 -0.280894 0.396250 0.900581 -0.178718 0.113586 0.985840 1 0 1.0
0 5.651776 0.794888 -0.934324 0.396250 0.900581 -0.178718 0.113586 0.985840 1 0 1.0
0 5.651776 0.917284 0.176190 0.396250 0.900581 -0.178718 0.113586 0.985840 1 0 1.0
Default
0 6.388152 0.607076 -0.248053 0.396250 0.900581 -0.178718 0.113586 0.985840 1 0 1.0
0 6.833287 0.306719 -0.280894 0.396250 0.900581 -0.178718 0.113586 0.985840 1 0 1.0
0 5.651776 0.917284 0.176190 0.396250 0.900581 -0.178718 0.113586 0.985840 1 0 1.0
Default
0 6.759849 0.229888 0.134134 0.741126 0.169632 0.649582 0.113037 0.984375 1 0 1.0
0 5.651776 0.613151 1.399663 0.741126 0.169632 0.649582 0.113037 0.984375 1 0 1.0
0 5.651776 0.000000 1.458398 0.741126 0.169632 0.649582 0.113037 0.984375 1 0 1.0
Default
0 6.901326 0.000000 0.134134 0.741126 0.169632 0.649582 0.113037 0.984375 1 0 1.0
0 6.759849 0.229888 0.134134 0.741126 0.169632 0.649582 0.113037 0.984375 1 0 1.0
0 5.651776 0.000000 1.458398 0.741126 0.169632 0.649582 0.113037 0.984375 1 0 1.0
Default
0 3.450432 1.149162 1.449013 0.097468 0.990032 0.101668 0.110596 0.979492 1 0 1.0
0 3.857746 1.121332 1.324210 0.097468 0.990032 0.101668 0.110596 0.980957 1 0 1.0
0 3.706938 1.297741 -0.243735 0.097468 0.990032 0.101668 0.110596 0.979492 1 0 1.0
Default
0 3.450432 1.325571 -0.274170 0.097468 0.990032 0.101668 0.110596 0.979492 1 0 1.0
0 3.450432 1.149162 1.449013 0.097468 0.990032 0.101668 0.110596 0.979492 1 0 1.0
0 3.706938 1.297741 -0.243735 0.097468 0.990032 0.101668 0.110596 0.979492 1 0 1.0
Default
0 0.972316 1.330767 1.489430 0.001783 0.999998 0.000000 0.983887 0.518066 1 0 1.0
0 1.222584 1.330321 1.485960 0.001783 0.999998 0.000000 0.983887 0.518066 1 0 1.0
0 1.222584 1.330321 -0.157356 0.001783 0.999998 0.000000 0.983398 0.516602 1 0 1.0
Default
0 0.972316 1.330767 -0.146383 0.001783 0.999998 0.000000 0.983398 0.516602 1 0 1.0
0 0.972316 1.330767 1.489430 0.001783 0.999998 0.000000 0.983887 0.518066 1 0 1.0
0 1.222584 1.330321 -0.157356 0.001783 0.999998 0.000000 0.983398 0.516602 1 0 1.0
Default
0 -0.580409 1.223754 1.231490 -0.068756 0.997633 0.000000 0.989258 0.986328 1 0 1.0
0 0.972316 1.330767 1.489430 -0.068756 0.997633 0.000000 0.989258 0.986328 1 0 1.0
0 0.972316 1.330767 -0.146383 -0.068756 0.997633 0.000000 0.989258 0.984863 1 0 1.0
Default
0 -0.750753 1.212014 -0.205298 -0.068756 0.997633 0.000000 0.989258 0.984863 1 0 1.0
0 -0.580409 1.223754 1.231490 -0.068756 0.997633 0.000000 0.989258 0.986328 1 0 1.0
0 0.972316 1.330767 -0.146383 -0.068756 0.997633 0.000000 0.989258 0.984863 1 0 1.0
Default
0 -2.020196 0.799351 0.678469 -0.311910 0.950017 0.013429 0.108643 0.983398 1 0 1.0
0 -0.830912 1.172139 1.157279 -0.311910 0.950017 0.013429 0.108643 0.983398 1 0 1.0
0 -0.999631 1.146703 -0.190269 -0.311910 0.950017 0.013429 0.108643 0.981445 1 0 1.0
Default
0 -2.020196 0.799351 -0.093319 -0.311910 0.950017 0.013429 0.108643 0.981445 1 0 1.0
0 -2.020196 0.799351 0.678469 -0.311910 0.950017 0.013429 0.108643 0.983398 1 0 1.0
0 -0.999631 1.146703 -0.190269 -0.311910 0.950017 0.013429 0.108643 0.981445 1 0 1.0
Default
0 -2.842361 0.462892 0.145723 -0.378747 0.925500 0.000000 0.108643 0.981445 1 0 1.0
0 -2.020196 0.799351 0.678469 -0.378747 0.925500 0.000000 0.108643 0.983398 1 0 1.0
0 -2.020196 0.799351 -0.093319 -0.378747 0.925500 0.000000 0.108643 0.981445 1 0 1.0
Default
0 -2.842361 0.462892 -0.177137 -0.378747 0.925500 0.000000 0.108643 0.981445 1 0 1.0
0 -2.842361 0.462892 0.145723 -0.378747 0.925500 0.000000 0.108643 0.981445 1 0 1.0
0 -2.020196 0.799351 -0.093319 -0.378747 0.925500 0.000000 0.108643 0.981445 1 0 1.0
Default
0 -2.842361 0.462892 -0.177137 -0.378747 0.925500 0.000000 0.109192 0.985840 1 0 1.0
0 -2.020196 0.799351 -0.093319 -0.378747 0.925500 0.000000 0.109192 0.985840 1 0 1.0
0 -2.020196 0.799351 -1.062613 -0.378747 0.925500 0.000000 0.109192 0.985840 1 0 1.0
Default
0 -2.842361 0.462892 -0.778537 -0.378747 0.925500 0.000000 0.109192 0.985840 1 0 1.0
0 -2.842361 0.462892 -0.177137 -0.378747 0.925500 0.000000 0.109192 0.985840 1 0 1.0
0 -2.020196 0.799351 -1.062613 -0.378747 0.925500 0.000000 0.109192 0.985840 1 0 1.0
Default
0 -2.020196 0.799351 -0.093319 -0.202426 0.967957 -0.148603 0.109192 0.985840 1 0 1.0
0 -0.999631 1.146703 -0.190269 -0.202426 0.967957 -0.148603 0.109192 0.985840 1 0 1.0
0 -0.622879 0.882531 -1.454923 -0.202426 0.967957 -0.148603 0.109192 0.985840 1 0 1.0
Default
0 -2.020196 0.799351 -1.062613 -0.202426 0.967957 -0.148603 0.109192 0.985840 1 0 1.0
0 -2.020196 0.799351 -0.093319 -0.202426 0.967957 -0.148603 0.109192 0.985840 1 0 1.0
0 -0.622879 0.882531 -1.454923 -0.202426 0.967957 -0.148603 0.109192 0.985840 1 0 1.0
Default
0 -0.750753 1.212014 -0.205298 -0.085347 0.975178 -0.204315 0.989746 0.988770 1 0 1.0
0 0.972316 1.330767 -0.146383 -0.085347 0.975178 -0.204315 0.989746 0.988770 1 0 1.0
0 0.704605 1.023181 -1.714512 -0.085347 0.975178 -0.204315 0.989746 0.988770 1 0 1.0
Default
0 -0.424279 0.924513 -1.502010 -0.085347 0.975178 -0.204315 0.989746 0.988770 1 0 1.0
0 -0.750753 1.212014 -0.205298 -0.085347 0.975178 -0.204315 0.989746 0.988770 1 0 1.0
0 0.704605 1.023181 -1.714512 -0.085347 0.975178 -0.204315 0.989746 0.988770 1 0 1.0
Default
0 0.972316 1.330767 -0.146383 -0.000712 0.981142 -0.193288 0.985352 0.517578 1 0 1.0
0 1.222584 1.330321 -0.157356 -0.000712 0.981142 -0.193288 0.985352 0.517578 1 0 1.0
0 0.938514 1.022764 -1.709704 -0.000712 0.981142 -0.193288 0.985352 0.517578 1 0 1.0
Default
0 0.704605 1.023181 -1.714512 -0.000712 0.981142 -0.193288 0.985352 0.517578 1 0 1.0
0 0.972316 1.330767 -0.146383 -0.000712 0.981142 -0.193288 0.985352 0.517578 1 0 1.0
0 0.938514 1.022764 -1.709704 -0.000712 0.981142 -0.193288 0.985352 0.517578 1 0 1.0
Default
0 3.450432 1.325571 -0.274170 0.113800 0.970533 -0.212405 0.111145 0.983887 1 0 1.0
0 3.706938 1.297741 -0.243735 0.113800 0.970533 -0.212405 0.111145 0.983887 1 0 1.0
0 3.989048 0.990455 -1.516832 0.113800 0.970533 -0.212405 0.111145 0.983887 1 0 1.0
Default
0 3.450432 1.018286 -1.658065 0.113800 0.970533 -0.212405 0.111145 0.983887 1 0 1.0
0 3.450432 1.325571 -0.274170 0.113800 0.970533 -0.212405 0.111145 0.983887 1 0 1.0
0 3.989048 0.990455 -1.516832 0.113800 0.970533 -0.212405 0.111145 0.983887 1 0 1.0
Default
0 3.859924 1.281142 -0.225583 0.232979 0.959675 -0.157303 0.982422 0.987793 1 0 1.0
0 4.241433 1.179475 -0.155562 0.232979 0.959675 -0.157303 0.982422 0.987793 1 0 1.0
0 4.577325 0.923850 -1.342817 0.232979 0.959675 -0.157303 0.982422 0.987793 1 0 1.0
Default
0 4.195815 0.973856 -1.477570 0.232979 0.959675 -0.157303 0.982422 0.987793 1 0 1.0
0 3.859924 1.281142 -0.225583 0.232979 0.959675 -0.157303 0.982422 0.987793 1 0 1.0
0 4.577325 0.923850 -1.342817 0.232979 0.959675 -0.157303 0.982422 0.987793 1 0 1.0
Default
0 4.010732 1.104733 1.278393 0.269069 0.958596 0.093254 0.981445 0.983398 1 0 1.0
0 4.357967 1.003066 1.195835 0.269069 0.958596 0.093254 0.981934 0.984863 1 0 1.0
0 4.241433 1.179475 -0.155562 0.269069 0.958596 0.093254 0.981445 0.983398 1 0 1.0
Default
0 3.859924 1.281142 -0.225583 0.269069 0.958596 0.093254 0.981445 0.983398 1 0 1.0
0 4.010732 1.104733 1.278393 0.269069 0.958596 0.093254 0.981445 0.983398 1 0 1.0
0 4.241433 1.179475 -0.155562 0.269069 0.958596 0.093254 0.981445 0.983398 1 0 1.0
Default
0 6.730068 0.238363 -0.589304 0.511073 0.623295 -0.591869 0.113586 0.985840 1 0 1.0
0 5.651776 0.212038 -1.400824 0.511073 0.623295 -0.591869 0.113586 0.985840 1 0 1.0
0 5.651776 0.794888 -0.934324 0.511073 0.623295 -0.591869 0.113586 0.985840 1 0 1.0
Default
0 6.833287 0.306719 -0.280894 0.511073 0.623295 -0.591869 0.113586 0.985840 1 0 1.0
0 6.730068 0.238363 -0.589304 0.511073 0.623295 -0.591869 0.113586 0.985840 1 0 1.0
0 5.651776 0.794888 -0.934324 0.511073 0.623295 -0.591869 0.113586 0.985840 1 0 1.0
Default
0 4.488986 0.634365 2.074008 0.563279 0.075096 0.822847 0.981934 0.986328 1 0 1.0
0 4.488986 0.000000 2.132743 0.563279 0.075096 0.822847 0.981934 0.986328 1 0 1.0
0 4.804168 0.000000 1.916146 0.563279 0.075096 0.822847 0.981934 0.986328 1 0 1.0
Default
0 4.804168 0.652785 1.857410 0.563279 0.075096 0.822847 0.981934 0.986328 1 0 1.0
0 4.488986 0.634365 2.074008 0.563279 0.075096 0.822847 0.981934 0.986328 1 0 1.0
0 4.804168 0.000000 1.916146 0.563279 0.075096 0.822847 0.981934 0.986328 1 0 1.0
Default
0 3.450432 0.581899 2.455785 0.340324 0.091830 0.935814 0.110596 0.982422 1 0 1.0
0 3.450432 0.000000 2.514520 0.340324 0.091830 0.935814 0.110596 0.982422 1 0 1.0
0 4.200636 0.000000 2.240062 0.340324 0.091830 0.935814 0.110596 0.982422 1 0 1.0
Default
0 4.200636 0.615208 2.181327 0.340324 0.091830 0.935814 0.110596 0.982422 1 0 1.0
0 3.450432 0.581899 2.455785 0.340324 0.091830 0.935814 0.110596 0.982422 1 0 1.0
0 4.200636 0.000000 2.240062 0.340324 0.091830 0.935814 0.110596 0.982422 1 0 1.0
Default
0 1.118908 0.528439 2.437595 -0.015183 0.078120 0.996828 0.108643 0.984375 1 0 1.0
0 1.201624 0.082302 2.460686 -0.015183 0.078120 0.996828 0.108582 0.984863 1 0 1.0
0 3.450432 0.000000 2.514520 -0.015183 0.078120 0.996828 0.108643 0.984375 1 0 1.0
Default
0 3.450432 0.581899 2.455785 -0.015183 0.078120 0.996828 0.108643 0.984375 1 0 1.0
0 1.118908 0.528439 2.437595 -0.015183 0.078120 0.996828 0.108643 0.984375 1 0 1.0
0 3.450432 0.000000 2.514520 -0.015183 0.078120 0.996828 0.108643 0.984375 1 0 1.0
Default
0 -0.351064 0.476845 2.205461 -0.173264 0.132192 0.975964 0.989258 0.987305 1 0 1.0
0 -0.239119 0.000000 2.300547 -0.173264 0.132192 0.975964 0.989258 0.987793 1 0 1.0
0 0.535998 0.000000 2.427530 -0.173264 0.132192 0.975964 0.989258 0.987793 1 0 1.0
Default
0 0.637516 0.501407 2.388264 -0.173264 0.132192 0.975964 0.989258 0.987305 1 0 1.0
0 -0.351064 0.476845 2.205461 -0.173264 0.132192 0.975964 0.989258 0.987305 1 0 1.0
0 0.535998 0.000000 2.427530 -0.173264 0.132192 0.975964 0.989258 0.987793 1 0 1.0
Default
0 -0.601150 0.476845 2.090741 -0.343002 0.147738 0.927644 0.984863 0.516602 1 0 1.0
0 -0.462217 0.000000 2.240304 -0.343002 0.147738 0.927644 0.984863 0.516602 1 0 1.0
0 -0.239119 0.000000 2.300547 -0.343002 0.147738 0.927644 0.984863 0.516602 1 0 1.0
Default
0 -0.351064 0.476845 2.205461 -0.343002 0.147738 0.927644 0.984863 0.516602 1 0 1.0
0 -0.601150 0.476845 2.090741 -0.343002 0.147738 0.927644 0.984863 0.516602 1 0 1.0
0 -0.239119 0.000000 2.300547 -0.343002 0.147738 0.927644 0.984863 0.516602 1 0 1.0
Default
0 -2.103760 0.000000 2.252843 -0.239302 0.962477 0.127953 0.987305 0.520508 1 0 1.0
0 -2.058401 0.166591 1.645680 -0.239302 0.962477 0.127953 0.987305 0.519531 1 0 1.0
0 -2.868712 0.000000 0.822207 -0.239302 0.962477 0.127953 0.987305 0.520020 1 0 1.0
Default
0 -2.738988 0.000000 1.625939 -0.239302 0.962477 0.127953 0.987305 0.520508 1 0 1.0
0 -2.103760 0.000000 2.252843 -0.239302 0.962477 0.127953 0.987305 0.520508 1 0 1.0
0 -2.868712 0.000000 0.822207 -0.239302 0.962477 0.127953 0.987305 0.520020 1 0 1.0
Default
0 -3.959582 0.234216 0.190705 -0.128916 0.991655 0.000000 0.982422 0.983887 1 0 1.0
0 -3.418245 0.304590 -0.392546 -0.128916 0.991655 0.000000 0.982422 0.983887 1 0 1.0
0 -3.418245 0.304590 -0.411685 -0.128916 0.991655 0.000000 0.982422 0.983887 1 0 1.0
Default
0 -3.959582 0.234216 -0.304866 -0.128916 0.991655 0.000000 0.982422 0.983887 1 0 1.0
0 -3.959582 0.234216 0.190705 -0.128916 0.991655 0.000000 0.982422 0.983887 1 0 1.0
0 -3.418245 0.304590 -0.411685 -0.128916 0.991655 0.000000 0.982422 0.983887 1 0 1.0
Default
0 -3.959582 0.234216 -0.304866 -0.128916 0.991655 0.000000 0.982422 0.983887 1 0 1.0
0 -3.418245 0.304590 -0.411685 -0.128916 0.991655 0.000000 0.982422 0.983887 1 0 1.0
0 -3.418245 0.304590 -0.437211 -0.128916 0.991655 0.000000 0.982422 0.983887 1 0 1.0
Default
0 -3.959582 0.234216 -0.702254 -0.128916 0.991655 0.000000 0.982422 0.983887 1 0 1.0
0 -3.959582 0.234216 -0.304866 -0.128916 0.991655 0.000000 0.982422 0.983887 1 0 1.0
0 -3.418245 0.304590 -0.437211 -0.128916 0.991655 0.000000 0.982422 0.983887 1 0 1.0
Default
0 -3.418245 0.304590 -0.392546 -0.265054 0.964233 0.000000 0.981445 0.979492 1 0 1.0
0 -2.842361 0.462892 0.145723 -0.265054 0.964233 0.000000 0.981445 0.979492 1 0 1.0
0 -2.842361 0.462892 -0.177137 -0.265054 0.964233 0.000000 0.981445 0.979492 1 0 1.0
Default
0 -3.418245 0.304590 -0.411685 -0.265054 0.964233 0.000000 0.981445 0.979492 1 0 1.0
0 -3.418245 0.304590 -0.392546 -0.265054 0.964233 0.000000 0.981445 0.979492 1 0 1.0
0 -2.842361 0.462892 -0.177137 -0.265054 0.964233 0.000000 0.981445 0.979492 1 0 1.0
Default
0 -3.418245 0.304590 -0.411685 -0.265054 0.964234 0.000000 0.982422 0.983887 1 0 1.0
0 -2.842361 0.462892 -0.177137 -0.265054 0.964234 0.000000 0.982422 0.983887 1 0 1.0
0 -2.842361 0.462892 -0.778537 -0.265054 0.964234 0.000000 0.982422 0.983887 1 0 1.0
Default
0 -3.418245 0.304590 -0.437211 -0.265054 0.964234 0.000000 0.982422 0.983887 1 0 1.0
0 -3.418245 0.304590 -0.411685 -0.265054 0.964234 0.000000 0.982422 0.983887 1 0 1.0
0 -2.842361 0.462892 -0.778537 -0.265054 0.964234 0.000000 0.982422 0.983887 1 0 1.0
Default
0 -2.842361 0.164687 -1.288976 -0.331957 0.305767 -0.892363 0.109192 0.985840 1 0 1.0
0 -2.020196 0.476845 -1.541483 -0.331957 0.305767 -0.892363 0.109192 0.985840 1 0 1.0
0 -2.058551 0.143627 -1.532187 -0.331957 0.305767 -0.892363 0.109192 0.985840 1 0 1.0
Default
0 -2.058551 0.143627 -1.532187 -0.331957 0.305767 -0.892363 0.109192 0.985840 1 0 1.0
0 -2.806825 0.000000 -1.470587 -0.331957 0.305767 -0.892363 0.109192 0.985840 1 0 1.0
0 -2.842361 0.164687 -1.288976 -0.331957 0.305767 -0.892363 0.109192 0.985840 1 0 1.0
Default
0 -2.806825 0.000000 -1.470587 -0.331957 0.305767 -0.892363 0.109192 0.985840 1 0 1.0
0 -2.842361 0.000000 -1.288976 -0.331957 0.305767 -0.892363 0.109192 0.985840 1 0 1.0
0 -2.842361 0.164687 -1.288976 -0.331957 0.305767 -0.892363 0.109192 0.985840 1 0 1.0
Default
0 -2.759953 0.000000 -1.744916 -0.166877 0.979684 -0.111225 0.987305 0.514648 1 0 1.0
0 -2.806825 0.000000 -1.470587 -0.166877 0.979684 -0.111225 0.987305 0.514648 1 0 1.0
0 -2.058551 0.143627 -1.532187 -0.166877 0.979684 -0.111225 0.987305 0.514648 1 0 1.0
Default
0 -2.437433 0.000000 -2.024808 -0.166877 0.979684 -0.111225 0.987305 0.514648 1 0 1.0
0 -2.759953 0.000000 -1.744916 -0.166877 0.979684 -0.111225 0.987305 0.514648 1 0 1.0
0 -2.058551 0.143627 -1.532187 -0.166877 0.979684 -0.111225 0.987305 0.514648 1 0 1.0
Default
0 3.450432 0.414091 -2.017769 0.015979 0.151284 -0.988361 0.109192 0.985840 1 0 1.0
0 3.445956 0.000000 -2.142668 0.015979 0.151284 -0.988361 0.109192 0.985840 1 0 1.0
0 0.785881 0.000000 -2.124230 0.015979 0.151284 -0.988361 0.109192 0.985840 1 0 1.0
Default
0 0.786266 0.471456 -2.113505 0.015979 0.151284 -0.988361 0.109192 0.985840 1 0 1.0
0 3.450432 0.414091 -2.017769 0.015979 0.151284 -0.988361 0.109192 0.985840 1 0 1.0
0 0.785881 0.000000 -2.124230 0.015979 0.151284 -0.988361 0.109192 0.985840 1 0 1.0
Default
0 6.871544 0.000000 -0.589304 0.566330 0.177890 -0.804752 0.113586 0.985840 1 0 1.0
0 5.651776 0.000000 -1.400824 0.566330 0.177890 -0.804752 0.113586 0.985840 1 0 1.0
0 5.651776 0.212038 -1.400824 0.566330 0.177890 -0.804752 0.113586 0.985840 1 0 1.0
Default
0 6.730068 0.238363 -0.589304 0.566330 0.177890 -0.804752 0.113586 0.985840 1 0 1.0
0 6.871544 0.000000 -0.589304 0.566330 0.177890 -0.804752 0.113586 0.985840 1 0 1.0
0 5.651776 0.212038 -1.400824 0.566330 0.177890 -0.804752 0.113586 0.985840 1 0 1.0
Default
0 -6.285594 0.000000 1.571234 -0.547481 0.806965 0.221519 0.981445 0.514648 1 0 1.0
0 -6.031089 0.300211 1.115645 -0.547481 0.806965 0.221519 0.981445 0.514648 1 0 1.0
0 -6.532191 0.300211 -0.131855 -0.547481 0.806965 0.221519 0.981445 0.514648 1 0 1.0
Default
0 -6.974763 0.000000 -0.123002 -0.547481 0.806965 0.221519 0.981445 0.514648 1 0 1.0
0 -6.285594 0.000000 1.571234 -0.547481 0.806965 0.221519 0.981445 0.514648 1 0 1.0
0 -6.532191 0.300211 -0.131855 -0.547481 0.806965 0.221519 0.981445 0.514648 1 0 1.0
Default
0 6.813870 0.304681 -0.078903 0.588039 0.748727 0.305970 0.113037 0.984375 1 0 1.0
0 5.651776 0.812267 0.838607 0.588039 0.748727 0.305970 0.113037 0.984375 1 0 1.0
0 5.651776 0.613151 1.399663 0.588039 0.748727 0.305970 0.113037 0.984375 1 0 1.0
Default
0 6.759849 0.229888 0.134134 0.588039 0.748727 0.305970 0.113037 0.984375 1 0 1.0
0 6.813870 0.304681 -0.078903 0.588039 0.748727 0.305970 0.113037 0.984375 1 0 1.0
0 5.651776 0.613151 1.399663 0.588039 0.748727 0.305970 0.113037 0.984375 1 0 1.0
Default
0 -6.031089 0.300211 1.115645 0.171033 0.803844 0.569722 0.981445 0.514648 1 0 1.0
0 -6.285594 0.000000 1.571234 0.171033 0.803844 0.569722 0.981445 0.514648 1 0 1.0
0 -3.959582 0.000000 0.917351 0.171033 0.803844 0.569722 0.981445 0.514648 1 0 1.0
Default
0 -3.959582 0.198923 0.592288 0.171033 0.803844 0.569722 0.981445 0.514648 1 0 1.0
0 -6.031089 0.300211 1.115645 0.171033 0.803844 0.569722 0.981445 0.514648 1 0 1.0
0 -3.959582 0.000000 0.917351 0.171033 0.803844 0.569722 0.981445 0.514648 1 0 1.0
Default
0 -3.959582 0.234216 -0.702254 0.157056 0.883545 -0.441228 0.981445 0.514648 1 0 1.0
0 -3.959582 0.000000 -1.349648 0.157056 0.883545 -0.441228 0.981445 0.514648 1 0 1.0
0 -5.804738 0.000000 -1.828051 0.157056 0.883545 -0.441228 0.981445 0.514648 1 0 1.0
Default
0 -5.680149 0.300211 -1.360924 0.157056 0.883545 -0.441228 0.981445 0.514648 1 0 1.0
0 -3.959582 0.234216 -0.702254 0.157056 0.883545 -0.441228 0.981445 0.514648 1 0 1.0
0 -5.804738 0.000000 -1.828051 0.157056 0.883545 -0.441228 0.981445 0.514648 1 0 1.0
Default
0 -2.842361 0.462892 -0.778537 -0.312451 0.880739 -0.355911 0.982422 0.983887 1 0 1.0
0 -2.842361 0.164687 -1.288976 -0.312451 0.880739 -0.355911 0.982422 0.983887 1 0 1.0
0 -3.418245 0.099265 -1.172807 -0.312451 0.880739 -0.355911 0.982422 0.983887 1 0 1.0
Default
0 -3.418245 0.304590 -0.437211 -0.312451 0.880739 -0.355911 0.982422 0.983887 1 0 1.0
0 -2.842361 0.462892 -0.778537 -0.312451 0.880739 -0.355911 0.982422 0.983887 1 0 1.0
0 -3.418245 0.099265 -1.172807 -0.312451 0.880739 -0.355911 0.982422 0.983887 1 0 1.0
Default
0 -2.020196 0.799351 -1.062613 -0.452603 0.755348 -0.473920 0.109192 0.985840 1 0 1.0
0 -2.020196 0.476845 -1.541483 -0.452603 0.755348 -0.473920 0.109192 0.985840 1 0 1.0
0 -2.842361 0.164687 -1.288976 -0.452603 0.755348 -0.473920 0.109192 0.985840 1 0 1.0
Default
0 -2.842361 0.462892 -0.778537 -0.452603 0.755348 -0.473920 0.109192 0.985840 1 0 1.0
0 -2.020196 0.799351 -1.062613 -0.452603 0.755348 -0.473920 0.109192 0.985840 1 0 1.0
0 -2.842361 0.164687 -1.288976 -0.452603 0.755348 -0.473920 0.109192 0.985840 1 0 1.0
Default
0 -0.424279 0.924513 -1.502010 -0.236210 0.701559 -0.672324 0.985352 0.517578 1 0 1.0
0 -0.239119 0.476845 -2.013080 -0.236210 0.701559 -0.672324 0.985352 0.517578 1 0 1.0
0 -0.483118 0.476845 -1.948473 -0.236210 0.701559 -0.672324 0.985352 0.517578 1 0 1.0
Default
0 -0.622879 0.882531 -1.454923 -0.236210 0.701559 -0.672324 0.985352 0.517578 1 0 1.0
0 -0.424279 0.924513 -1.502010 -0.236210 0.701559 -0.672324 0.985352 0.517578 1 0 1.0
0 -0.483118 0.476845 -1.948473 -0.236210 0.701559 -0.672324 0.985352 0.517578 1 0 1.0
Default
0 0.704605 1.023181 -1.714512 -0.157483 0.668997 -0.726390 0.989746 0.988770 1 0 1.0
0 0.535998 0.476845 -2.122498 -0.157483 0.668997 -0.726390 0.989746 0.988770 1 0 1.0
0 -0.239119 0.476845 -2.013080 -0.157483 0.668997 -0.726390 0.989746 0.988770 1 0 1.0
Default
0 -0.424279 0.924513 -1.502010 -0.157483 0.668997 -0.726390 0.989746 0.988770 1 0 1.0
0 0.704605 1.023181 -1.714512 -0.157483 0.668997 -0.726390 0.989746 0.988770 1 0 1.0
0 -0.239119 0.476845 -2.013080 -0.157483 0.668997 -0.726390 0.989746 0.988770 1 0 1.0
Default
0 3.450432 1.018286 -1.658065 0.030347 0.548241 -0.835770 0.109192 0.985840 1 0 1.0
0 3.450432 0.414091 -2.017769 0.030347 0.548241 -0.835770 0.109192 0.985840 1 0 1.0
0 0.786266 0.471456 -2.113505 0.030347 0.548241 -0.835770 0.109192 0.985840 1 0 1.0
Default
0 0.938514 1.022764 -1.709704 0.030347 0.548241 -0.835770 0.109192 0.985840 1 0 1.0
0 3.450432 1.018286 -1.658065 0.030347 0.548241 -0.835770 0.109192 0.985840 1 0 1.0
0 0.786266 0.471456 -2.113505 0.030347 0.548241 -0.835770 0.109192 0.985840 1 0 1.0
Default
0 4.195815 0.973856 -1.477570 0.163557 0.564161 -0.809303 0.982422 0.519043 1 0 1.0
0 4.463157 0.369661 -1.853769 0.163557 0.564161 -0.809303 0.982422 0.519043 1 0 1.0
0 4.184682 0.386260 -1.889429 0.163557 0.564161 -0.809303 0.982422 0.519043 1 0 1.0
Default
0 3.989048 0.990455 -1.516832 0.163557 0.564161 -0.809303 0.982422 0.519043 1 0 1.0
0 4.195815 0.973856 -1.477570 0.163557 0.564161 -0.809303 0.982422 0.519043 1 0 1.0
0 4.184682 0.386260 -1.889429 0.163557 0.564161 -0.809303 0.982422 0.519043 1 0 1.0
Default
0 5.651776 0.794888 -0.934324 0.360540 0.597897 -0.715912 0.113586 0.985840 1 0 1.0
0 5.651776 0.212038 -1.400824 0.360540 0.597897 -0.715912 0.113586 0.985840 1 0 1.0
0 4.995791 0.314207 -1.666127 0.360540 0.597897 -0.715912 0.113586 0.985840 1 0 1.0
Default
0 4.704572 0.910892 -1.294195 0.360540 0.597897 -0.715912 0.113586 0.985840 1 0 1.0
0 5.651776 0.794888 -0.934324 0.360540 0.597897 -0.715912 0.113586 0.985840 1 0 1.0
0 4.995791 0.314207 -1.666127 0.360540 0.597897 -0.715912 0.113586 0.985840 1 0 1.0
Default
0 6.388152 0.607076 -0.248053 0.488425 0.856016 0.169342 0.113037 0.981445 1 0 1.0
0 5.651776 0.917284 0.176190 0.488425 0.856016 0.169342 0.113037 0.981445 1 0 1.0
0 5.651776 0.812267 0.838607 0.488425 0.856016 0.169342 0.113037 0.981445 1 0 1.0
Default
0 6.813870 0.304681 -0.078903 0.488425 0.856016 0.169342 0.113037 0.981445 1 0 1.0
0 6.388152 0.607076 -0.248053 0.488425 0.856016 0.169342 0.113037 0.981445 1 0 1.0
0 5.651776 0.812267 0.838607 0.488425 0.856016 0.169342 0.113037 0.981445 1 0 1.0
Default
0 4.010732 1.104733 1.278393 0.266501 0.902234 0.339043 0.981934 0.986328 1 0 1.0
0 4.488986 0.634365 2.074008 0.266501 0.902234 0.339043 0.981934 0.986328 1 0 1.0
0 4.804168 0.652785 1.857410 0.266501 0.902234 0.339043 0.981934 0.986328 1 0 1.0
Default
0 4.357967 1.003066 1.195835 0.266501 0.902234 0.339043 0.981934 0.984863 1 0 1.0
0 4.010732 1.104733 1.278393 0.266501 0.902234 0.339043 0.981934 0.986328 1 0 1.0
0 4.804168 0.652785 1.857410 0.266501 0.902234 0.339043 0.981934 0.986328 1 0 1.0
Default
0 3.450432 1.149162 1.449013 0.158262 0.867965 0.470734 0.110596 0.982422 1 0 1.0
0 3.450432 0.581899 2.455785 0.158262 0.867965 0.470734 0.110596 0.982422 1 0 1.0
0 4.200636 0.615208 2.181327 0.158262 0.867965 0.470734 0.110596 0.982422 1 0 1.0
Default
0 3.857746 1.121332 1.324210 0.158262 0.867965 0.470734 0.110596 0.980957 1 0 1.0
0 3.450432 1.149162 1.449013 0.158262 0.867965 0.470734 0.110596 0.982422 1 0 1.0
0 4.200636 0.615208 2.181327 0.158262 0.867965 0.470734 0.110596 0.982422 1 0 1.0
Default
0 0.972316 1.330767 1.489430 -0.068262 0.756363 0.650581 0.984863 0.515137 1 0 1.0
0 0.637516 0.501407 2.388264 -0.068262 0.756363 0.650581 0.984863 0.516602 1 0 1.0
0 1.118908 0.528439 2.437595 -0.068262 0.756363 0.650581 0.984863 0.517090 1 0 1.0
Default
0 1.222584 1.330321 1.485960 -0.068262 0.756363 0.650581 0.984863 0.515137 1 0 1.0
0 0.972316 1.330767 1.489430 -0.068262 0.756363 0.650581 0.984863 0.515137 1 0 1.0
0 1.118908 0.528439 2.437595 -0.068262 0.756363 0.650581 0.984863 0.517090 1 0 1.0
Default
0 -0.580409 1.223754 1.231490 -0.148962 0.760658 0.631830 0.989258 0.986328 1 0 1.0
0 -0.351064 0.476845 2.205461 -0.148962 0.760658 0.631830 0.989258 0.987305 1 0 1.0
0 0.637516 0.501407 2.388264 -0.148962 0.760658 0.631830 0.989258 0.987305 1 0 1.0
Default
0 0.972316 1.330767 1.489430 -0.148962 0.760658 0.631830 0.989258 0.986328 1 0 1.0
0 -0.580409 1.223754 1.231490 -0.148962 0.760658 0.631830 0.989258 0.986328 1 0 1.0
0 0.637516 0.501407 2.388264 -0.148962 0.760658 0.631830 0.989258 0.987305 1 0 1.0
Default
0 -2.020196 0.799351 0.678469 -0.365729 0.757689 0.540509 0.108643 0.983398 1 0 1.0
0 -2.020196 0.476845 1.327232 -0.365729 0.757689 0.540509 0.108643 0.984375 1 0 1.0
0 -0.601150 0.476845 2.090741 -0.365729 0.757689 0.540509 0.108643 0.984375 1 0 1.0
Default
0 -0.830912 1.172139 1.157279 -0.365729 0.757689 0.540509 0.108643 0.983398 1 0 1.0
0 -2.020196 0.799351 0.678469 -0.365729 0.757689 0.540509 0.108643 0.983398 1 0 1.0
0 -0.601150 0.476845 2.090741 -0.365729 0.757689 0.540509 0.108643 0.984375 1 0 1.0
Default
0 -2.842361 0.462892 0.145723 -0.577309 0.715576 0.393276 0.108643 0.984375 1 0 1.0
0 -2.842361 0.124552 0.699386 -0.577309 0.715576 0.393276 0.108643 0.984375 1 0 1.0
0 -2.020196 0.476845 1.327232 -0.577309 0.715576 0.393276 0.108643 0.984375 1 0 1.0
Default
0 -2.020196 0.799351 0.678469 -0.577309 0.715576 0.393276 0.108643 0.983398 1 0 1.0
0 -2.842361 0.462892 0.145723 -0.577309 0.715576 0.393276 0.108643 0.984375 1 0 1.0
0 -2.020196 0.476845 1.327232 -0.577309 0.715576 0.393276 0.108643 0.984375 1 0 1.0
Default
0 -3.418245 0.072670 0.768015 0.098517 0.966102 0.238625 0.981934 0.982422 1 0 1.0
0 -3.418245 0.304590 -0.392546 0.098517 0.966102 0.238625 0.981934 0.982422 1 0 1.0
0 -3.959582 0.234216 0.190705 0.098517 0.966102 0.238625 0.981934 0.982422 1 0 1.0
Default
0 -3.959582 0.234216 0.190705 0.098517 0.966102 0.238625 0.981934 0.982422 1 0 1.0
0 -3.959582 0.198923 0.592288 0.098517 0.966102 0.238625 0.981934 0.982422 1 0 1.0
0 -3.418245 0.072670 0.768015 0.098517 0.966102 0.238625 0.981934 0.982422 1 0 1.0
Default
0 -3.959582 0.198923 0.592288 0.098517 0.966102 0.238625 0.981934 0.982422 1 0 1.0
0 -3.959582 0.000000 0.917351 0.098517 0.966102 0.238625 0.981934 0.982422 1 0 1.0
0 -3.418245 0.072670 0.768015 0.098517 0.966102 0.238625 0.981934 0.982422 1 0 1.0
Default
0 -3.418245 0.304590 -0.437211 -0.025695 0.952711 -0.302789 0.982422 0.983887 1 0 1.0
0 -3.418245 0.099265 -1.172807 -0.025695 0.952711 -0.302789 0.982422 0.983887 1 0 1.0
0 -3.959582 0.000000 -1.349648 -0.025695 0.952711 -0.302789 0.982422 0.983887 1 0 1.0
Default
0 -3.959582 0.234216 -0.702254 -0.025695 0.952711 -0.302789 0.982422 0.983887 1 0 1.0
0 -3.418245 0.304590 -0.437211 -0.025695 0.952711 -0.302789 0.982422 0.983887 1 0 1.0
0 -3.959582 0.000000 -1.349648 -0.025695 0.952711 -0.302789 0.982422 0.983887 1 0 1.0
Default
0 -3.418245 0.304590 -0.392546 -0.288990 0.908387 0.302188 0.981934 0.982422 1 0 1.0
0 -3.418245 0.072670 0.768015 -0.288990 0.908387 0.302188 0.981934 0.982422 1 0 1.0
0 -2.842361 0.124552 0.699386 -0.288990 0.908387 0.302188 0.981934 0.982422 1 0 1.0
Default
0 -2.842361 0.462892 0.145723 -0.288990 0.908387 0.302188 0.981934 0.982422 1 0 1.0
0 -3.418245 0.304590 -0.392546 -0.288990 0.908387 0.302188 0.981934 0.982422 1 0 1.0
0 -2.842361 0.124552 0.699386 -0.288990 0.908387 0.302188 0.981934 0.982422 1 0 1.0
Default
0 -6.974763 0.000000 -0.123002 -0.524314 0.771059 -0.361335 0.981445 0.514648 1 0 1.0
0 -6.532191 0.300211 -0.131855 -0.524314 0.771059 -0.361335 0.981445 0.514648 1 0 1.0
0 -5.680149 0.300211 -1.360924 -0.524314 0.771059 -0.361335 0.981445 0.514648 1 0 1.0
Default
0 -5.804738 0.000000 -1.828051 -0.524314 0.771059 -0.361335 0.981445 0.514648 1 0 1.0
0 -6.974763 0.000000 -0.123002 -0.524314 0.771059 -0.361335 0.981445 0.514648 1 0 1.0
0 -5.680149 0.300211 -1.360924 -0.524314 0.771059 -0.361335 0.981445 0.514648 1 0 1.0
Default
0 6.955346 0.000000 -0.078903 0.845086 0.447314 0.292812 0.981445 0.983398 1 0 1.0
0 6.813870 0.304681 -0.078903 0.845086 0.447314 0.292812 0.981445 0.983398 1 0 1.0
0 6.759849 0.229888 0.134134 0.845086 0.447314 0.292812 0.981445 0.983398 1 0 1.0
Default
0 6.901326 0.000000 0.134134 0.845086 0.447314 0.292812 0.981445 0.983398 1 0 1.0
0 6.955346 0.000000 -0.078903 0.845086 0.447314 0.292812 0.981445 0.983398 1 0 1.0
0 6.759849 0.229888 0.134134 0.845086 0.447314 0.292812 0.981445 0.983398 1 0 1.0
Default
0 6.871544 0.000000 -0.589304 0.838209 0.435117 -0.328753 0.113586 0.985840 1 0 1.0
0 6.730068 0.238363 -0.589304 0.838209 0.435117 -0.328753 0.113586 0.985840 1 0 1.0
0 6.833287 0.306719 -0.280894 0.838209 0.435117 -0.328753 0.113586 0.985840 1 0 1.0
Default
0 6.974763 0.000000 -0.280894 0.838209 0.435117 -0.328753 0.113586 0.985840 1 0 1.0
0 6.871544 0.000000 -0.589304 0.838209 0.435117 -0.328753 0.113586 0.985840 1 0 1.0
0 6.833287 0.306719 -0.280894 0.838209 0.435117 -0.328753 0.113586 0.985840 1 0 1.0
Default
0 6.388152 0.000000 -0.248053 0.336273 0.052179 -0.940318 0.016586 0.979004 1 0 1.0
0 6.388152 0.607076 -0.248053 0.336273 0.052179 -0.940318 0.016586 0.979004 1 0 1.0
0 6.813870 0.304681 -0.078903 0.336273 0.052179 -0.940318 0.016586 0.979004 1 0 1.0
Default
0 6.955346 0.000000 -0.078903 0.336273 0.052179 -0.940318 0.016586 0.979004 1 0 1.0
0 6.388152 0.000000 -0.248053 0.336273 0.052179 -0.940318 0.016586 0.979004 1 0 1.0
0 6.813870 0.304681 -0.078903 0.336273 0.052179 -0.940318 0.016586 0.979004 1 0 1.0
Default
0 1.433173 0.087255 2.973063 0.044723 0.998977 0.006654 0.108521 0.986328 1 0 1.0
0 2.917617 0.000000 3.283376 0.044723 0.998977 0.006654 0.108459 0.987305 1 0 1.0
0 3.450432 0.000000 2.514520 0.044723 0.998977 0.006654 0.108459 0.987305 1 0 1.0
Default
0 1.201624 0.082302 2.460686 0.044723 0.998977 0.006654 0.108582 0.984863 1 0 1.0
0 1.433173 0.087255 2.973063 0.044723 0.998977 0.006654 0.108521 0.986328 1 0 1.0
0 3.450432 0.000000 2.514520 0.044723 0.998977 0.006654 0.108459 0.987305 1 0 1.0
Default
0 -2.058401 0.166591 1.645680 -0.645362 0.589889 0.485323 0.108521 0.986328 1 0 1.0
0 -2.842361 0.124552 0.699386 -0.645362 0.589889 0.485323 0.108643 0.984375 1 0 1.0
0 -2.842361 0.000000 0.699386 -0.645362 0.589889 0.485323 0.108643 0.984375 1 0 1.0
Default
0 -2.058401 0.166591 1.645680 -0.645362 0.589889 0.485323 0.108521 0.986328 1 0 1.0
0 -2.020196 0.476845 1.327232 -0.645362 0.589889 0.485323 0.108643 0.984375 1 0 1.0
0 -2.842361 0.124552 0.699386 -0.645362 0.589889 0.485323 0.108643 0.984375 1 0 1.0
Default
0 -0.483118 0.476845 -1.948473 -0.277826 0.123375 -0.952676 0.109192 0.985840 1 0 1.0
0 -0.452300 0.000000 -2.060477 -0.277826 0.123375 -0.952676 0.109192 0.985840 1 0 1.0
0 -2.058551 0.143627 -1.532187 -0.277826 0.123375 -0.952676 0.109192 0.985840 1 0 1.0
Default
0 -2.020196 0.476845 -1.541483 -0.277826 0.123375 -0.952676 0.109192 0.985840 1 0 1.0
0 -0.483118 0.476845 -1.948473 -0.277826 0.123375 -0.952676 0.109192 0.985840 1 0 1.0
0 -2.058551 0.143627 -1.532187 -0.277826 0.123375 -0.952676 0.109192 0.985840 1 0 1.0
Default
0 4.463157 0.369661 -1.853769 0.207977 0.059806 -0.976304 0.982422 0.519043 1 0 1.0
0 4.463157 0.000000 -1.853769 0.207977 0.059806 -0.976304 0.982422 0.519043 1 0 1.0
0 4.183009 0.000000 -1.936091 0.207977 0.059806 -0.976304 0.982422 0.519043 1 0 1.0
Default
0 4.184682 0.386260 -1.889429 0.207977 0.059806 -0.976304 0.982422 0.519043 1 0 1.0
0 4.463157 0.369661 -1.853769 0.207977 0.059806 -0.976304 0.982422 0.519043 1 0 1.0
0 4.183009 0.000000 -1.936091 0.207977 0.059806 -0.976304 0.982422 0.519043 1 0 1.0
Default
0 2.349823 1.664917 0.477233 -0.228822 -0.939843 0.253644 0.109680 0.987305 1 0 1.0
0 1.785158 1.393017 -1.267689 -0.228822 -0.939843 0.253644 0.109680 0.987305 1 0 1.0
0 2.784904 0.992199 -1.622925 -0.228822 -0.939843 0.253644 0.109680 0.987305 1 0 1.0
Default
0 3.254913 1.304685 -0.269070 -0.228822 -0.939843 0.253644 0.109680 0.987305 1 0 1.0
0 2.349823 1.664917 0.477233 -0.228822 -0.939843 0.253644 0.109680 0.987305 1 0 1.0
0 2.784904 0.992199 -1.622925 -0.228822 -0.939843 0.253644 0.109680 0.987305 1 0 1.0
Default
0 1.563053 1.675483 0.228166 -0.050751 -0.982715 0.178033 0.109680 0.987305 1 0 1.0
0 1.389111 1.533287 -0.523216 -0.050751 -0.982715 0.178033 0.109680 0.987305 1 0 1.0
0 1.785158 1.393017 -1.267689 -0.050751 -0.982715 0.178033 0.109680 0.987305 1 0 1.0
Default
0 2.349823 1.664917 0.477233 -0.050751 -0.982715 0.178033 0.109680 0.987305 1 0 1.0
0 1.563053 1.675483 0.228166 -0.050751 -0.982715 0.178033 0.109680 0.987305 1 0 1.0
0 1.785158 1.393017 -1.267689 -0.050751 -0.982715 0.178033 0.109680 0.987305 1 0 1.0
Default
0 2.413836 1.611504 0.677080 0.244862 0.940342 -0.236219 0.109680 0.987305 1 0 1.0
0 3.246310 1.251105 -0.271962 0.244862 0.940342 -0.236219 0.109680 0.987305 1 0 1.0
0 2.776302 0.938619 -1.625817 0.244862 0.940342 -0.236219 0.109680 0.987305 1 0 1.0
Default
0 1.697791 1.339605 -1.524836 0.244862 0.940342 -0.236219 0.109680 0.987305 1 0 1.0
0 2.413836 1.611504 0.677080 0.244862 0.940342 -0.236219 0.109680 0.987305 1 0 1.0
0 2.776302 0.938619 -1.625817 0.244862 0.940342 -0.236219 0.109680 0.987305 1 0 1.0
Default
0 1.354774 1.622071 0.466096 0.023056 0.990367 -0.136537 0.109680 0.987305 1 0 1.0
0 2.413836 1.611504 0.677080 0.023056 0.990367 -0.136537 0.109680 0.987305 1 0 1.0
0 1.697791 1.339605 -1.524836 0.023056 0.990367 -0.136537 0.109680 0.987305 1 0 1.0
Default
0 1.128467 1.479874 -0.494742 0.023056 0.990367 -0.136537 0.109680 0.987305 1 0 1.0
0 1.354774 1.622071 0.466096 0.023056 0.990367 -0.136537 0.109680 0.987305 1 0 1.0
0 1.697791 1.339605 -1.524836 0.023056 0.990367 -0.136537 0.109680 0.987305 1 0 1.0
Default
0 2.413836 1.611504 0.677080 -0.575087 -0.775796 -0.259645 0.980957 0.514648 1 0 1.0
0 2.349823 1.664917 0.477233 -0.575087 -0.775796 -0.259645 0.980957 0.514648 1 0 1.0
0 3.254913 1.304685 -0.269070 -0.575087 -0.775796 -0.259645 0.980957 0.514648 1 0 1.0
Default
0 3.246310 1.251105 -0.271962 -0.575087 -0.775796 -0.259645 0.980957 0.514648 1 0 1.0
0 2.413836 1.611504 0.677080 -0.575087 -0.775796 -0.259645 0.980957 0.514648 1 0 1.0
0 3.254913 1.304685 -0.269070 -0.575087 -0.775796 -0.259645 0.980957 0.514648 1 0 1.0
Default
0 1.354774 1.622071 0.466096 0.044427 -0.973809 -0.222985 0.980957 0.514648 1 0 1.0
0 1.563053 1.675483 0.228166 0.044427 -0.973809 -0.222985 0.980957 0.514648 1 0 1.0
0 2.349823 1.664917 0.477233 0.044427 -0.973809 -0.222985 0.980957 0.514648 1 0 1.0
Default
0 2.413836 1.611504 0.677080 0.044427 -0.973809 -0.222985 0.980957 0.514648 1 0 1.0
0 1.354774 1.622071 0.466096 0.044427 -0.973809 -0.222985 0.980957 0.514648 1 0 1.0
0 2.349823 1.664917 0.477233 0.044427 -0.973809 -0.222985 0.980957 0.514648 1 0 1.0
Default
0 1.128467 1.479874 -0.494742 0.272307 -0.957471 0.095378 0.980957 0.514648 1 0 1.0
0 1.389111 1.533287 -0.523216 0.272307 -0.957471 0.095378 0.980957 0.514648 1 0 1.0
0 1.563053 1.675483 0.228166 0.272307 -0.957471 0.095378 0.980957 0.514648 1 0 1.0
Default
0 1.354774 1.622071 0.466096 0.272307 -0.957471 0.095378 0.980957 0.514648 1 0 1.0
0 1.128467 1.479874 -0.494742 0.272307 -0.957471 0.095378 0.980957 0.514648 1 0 1.0
0 1.563053 1.675483 0.228166 0.272307 -0.957471 0.095378 0.980957 0.514648 1 0 1.0
Default
0 3.246310 1.251105 -0.271962 -0.945237 0.135736 0.296820 0.109680 0.987305 1 0 1.0
0 3.254913 1.304685 -0.269070 -0.945237 0.135736 0.296820 0.109680 0.987305 1 0 1.0
0 2.784904 0.992199 -1.622925 -0.945237 0.135736 0.296820 0.109680 0.987305 1 0 1.0
Default
0 2.776302 0.938619 -1.625817 -0.945237 0.135736 0.296820 0.109680 0.987305 1 0 1.0
0 3.246310 1.251105 -0.271962 -0.945237 0.135736 0.296820 0.109680 0.987305 1 0 1.0
0 2.784904 0.992199 -1.622925 -0.945237 0.135736 0.296820 0.109680 0.987305 1 0 1.0
Default
0 2.776302 0.938619 -1.625817 -0.236379 -0.864774 0.443048 0.980957 0.514648 1 0 1.0
0 2.784904 0.992199 -1.622925 -0.236379 -0.864774 0.443048 0.980957 0.514648 1 0 1.0
0 1.785158 1.393017 -1.267689 -0.236379 -0.864774 0.443048 0.980957 0.514648 1 0 1.0
Default
0 1.697791 1.339605 -1.524836 -0.236379 -0.864774 0.443048 0.980957 0.514648 1 0 1.0
0 2.776302 0.938619 -1.625817 -0.236379 -0.864774 0.443048 0.980957 0.514648 1 0 1.0
0 1.785158 1.393017 -1.267689 -0.236379 -0.864774 0.443048 0.980957 0.514648 1 0 1.0
Default
0 1.697791 1.339605 -1.524836 0.143975 -0.962371 0.230462 0.980957 0.514648 1 0 1.0
0 1.785158 1.393017 -1.267689 0.143975 -0.962371 0.230462 0.980957 0.514648 1 0 1.0
0 1.389111 1.533287 -0.523216 0.143975 -0.962371 0.230462 0.980957 0.514648 1 0 1.0
Default
0 1.128467 1.479874 -0.494742 0.143975 -0.962371 0.230462 0.980957 0.514648 1 0 1.0
0 1.697791 1.339605 -1.524836 0.143975 -0.962371 0.230462 0.980957 0.514648 1 0 1.0
0 1.389111 1.533287 -0.523216 0.143975 -0.962371 0.230462 0.980957 0.514648 1 0 1.0
Default
0 1.222584 1.330321 1.485960 0.025290 0.818683 0.573689 0.111023 0.985840 1 0 1.0
0 1.118908 0.528439 2.437595 0.025290 0.818683 0.573689 0.111023 0.985840 1 0 1.0
0 3.450432 0.581899 2.455785 0.025290 0.818683 0.573689 0.111023 0.985840 1 0 1.0
Default
0 3.450432 1.149162 1.449013 0.025290 0.818683 0.573689 0.111023 0.985840 1 0 1.0
0 1.222584 1.330321 1.485960 0.025290 0.818683 0.573689 0.111023 0.985840 1 0 1.0
0 3.450432 0.581899 2.455785 0.025290 0.818683 0.573689 0.111023 0.985840 1 0 1.0
Default
0 0.938514 1.022764 -1.709704 0.030086 0.588652 -0.807827 0.985352 0.517578 1 0 1.0
0 0.786266 0.471456 -2.113505 0.030086 0.588652 -0.807827 0.985352 0.517578 1 0 1.0
0 0.535998 0.476845 -2.122498 0.030086 0.588652 -0.807827 0.985352 0.517578 1 0 1.0
Default
0 0.704605 1.023181 -1.714512 0.030086 0.588652 -0.807827 0.985352 0.517578 1 0 1.0
0 0.938514 1.022764 -1.709704 0.030086 0.588652 -0.807827 0.985352 0.517578 1 0 1.0
0 0.535998 0.476845 -2.122498 0.030086 0.588652 -0.807827 0.985352 0.517578 1 0 1.0
Default
0 1.222584 1.330321 -0.157356 -0.000912 0.978789 -0.204868 0.109192 0.985840 1 0 1.0
0 3.450432 1.325571 -0.274170 -0.000912 0.978789 -0.204868 0.109192 0.985840 1 0 1.0
0 3.450432 1.018286 -1.658065 -0.000912 0.978789 -0.204868 0.109192 0.985840 1 0 1.0
Default
0 0.938514 1.022764 -1.709704 -0.000912 0.978789 -0.204868 0.109192 0.985840 1 0 1.0
0 1.222584 1.330321 -0.157356 -0.000912 0.978789 -0.204868 0.109192 0.985840 1 0 1.0
0 3.450432 1.018286 -1.658065 -0.000912 0.978789 -0.204868 0.109192 0.985840 1 0 1.0
Default
0 1.222584 1.330321 1.485960 0.043431 0.997688 0.052280 0.108643 0.982910 1 0 1.0
0 3.450432 1.149162 1.449013 0.043431 0.997688 0.052280 0.108643 0.981445 1 0 1.0
0 3.450432 1.325571 -0.274170 0.043431 0.997688 0.052280 0.108643 0.981445 1 0 1.0
Default
0 1.222584 1.330321 -0.157356 0.043431 0.997688 0.052280 0.108643 0.981445 1 0 1.0
0 1.222584 1.330321 1.485960 0.043431 0.997688 0.052280 0.108643 0.982910 1 0 1.0
0 3.450432 1.325571 -0.274170 0.043431 0.997688 0.052280 0.108643 0.981445 1 0 1.0
Default
0 -0.830912 1.172139 1.157279 -0.308340 0.721621 0.619831 0.984863 0.515137 1 0 1.0
0 -0.601150 0.476845 2.090741 -0.308340 0.721621 0.619831 0.984863 0.516602 1 0 1.0
0 -0.351064 0.476845 2.205461 -0.308340 0.721621 0.619831 0.984863 0.516602 1 0 1.0
Default
0 -0.580409 1.223754 1.231490 -0.308340 0.721621 0.619831 0.984863 0.515137 1 0 1.0
0 -0.830912 1.172139 1.157279 -0.308340 0.721621 0.619831 0.984863 0.515137 1 0 1.0
0 -0.351064 0.476845 2.205461 -0.308340 0.721621 0.619831 0.984863 0.516602 1 0 1.0
Default
0 -0.622879 0.882531 -1.454923 -0.186964 0.773247 -0.605915 0.109192 0.985840 1 0 1.0
0 -0.483118 0.476845 -1.948473 -0.186964 0.773247 -0.605915 0.109192 0.985840 1 0 1.0
0 -2.020196 0.476845 -1.541483 -0.186964 0.773247 -0.605915 0.109192 0.985840 1 0 1.0
Default
0 -2.020196 0.799351 -1.062613 -0.186964 0.773247 -0.605915 0.109192 0.985840 1 0 1.0
0 -0.622879 0.882531 -1.454923 -0.186964 0.773247 -0.605915 0.109192 0.985840 1 0 1.0
0 -2.020196 0.476845 -1.541483 -0.186964 0.773247 -0.605915 0.109192 0.985840 1 0 1.0
Default
0 -0.999631 1.146703 -0.190269 -0.259846 0.926853 -0.270969 0.985352 0.517578 1 0 1.0
0 -0.750753 1.212014 -0.205298 -0.259846 0.926853 -0.270969 0.985352 0.517578 1 0 1.0
0 -0.424279 0.924513 -1.502010 -0.259846 0.926853 -0.270969 0.985352 0.517578 1 0 1.0
Default
0 -0.622879 0.882531 -1.454923 -0.259846 0.926853 -0.270969 0.985352 0.517578 1 0 1.0
0 -0.999631 1.146703 -0.190269 -0.259846 0.926853 -0.270969 0.985352 0.517578 1 0 1.0
0 -0.424279 0.924513 -1.502010 -0.259846 0.926853 -0.270969 0.985352 0.517578 1 0 1.0
Default
0 -0.830912 1.172139 1.157279 -0.229633 0.973162 0.014970 0.984863 0.515137 1 0 1.0
0 -0.580409 1.223754 1.231490 -0.229633 0.973162 0.014970 0.984863 0.515137 1 0 1.0
0 -0.750753 1.212014 -0.205298 -0.229633 0.973162 0.014970 0.984863 0.513672 1 0 1.0
Default
0 -0.999631 1.146703 -0.190269 -0.229633 0.973162 0.014970 0.984863 0.513672 1 0 1.0
0 -0.830912 1.172139 1.157279 -0.229633 0.973162 0.014970 0.984863 0.515137 1 0 1.0
0 -0.750753 1.212014 -0.205298 -0.229633 0.973162 0.014970 0.984863 0.513672 1 0 1.0
Default
0 0.535998 0.000000 2.427530 -0.077921 0.067007 0.994705 0.984863 0.516602 1 0 1.0
0 1.201624 0.082302 2.460686 -0.077921 0.067007 0.994705 0.984863 0.517578 1 0 1.0
0 1.118908 0.528439 2.437595 -0.077921 0.067007 0.994705 0.984863 0.517090 1 0 1.0
Default
0 0.637516 0.501407 2.388264 -0.077921 0.067007 0.994705 0.984863 0.516602 1 0 1.0
0 0.535998 0.000000 2.427530 -0.077921 0.067007 0.994705 0.984863 0.516602 1 0 1.0
0 1.118908 0.528439 2.437595 -0.077921 0.067007 0.994705 0.984863 0.517090 1 0 1.0
Default
0 -2.058401 0.166591 1.645680 -0.346943 0.446136 0.824981 0.108521 0.986328 1 0 1.0
0 -0.462217 0.000000 2.240304 -0.346943 0.446136 0.824981 0.108643 0.984375 1 0 1.0
0 -0.601150 0.476845 2.090741 -0.346943 0.446136 0.824981 0.108643 0.984375 1 0 1.0
Default
0 -2.020196 0.476845 1.327232 -0.346943 0.446136 0.824981 0.108643 0.984375 1 0 1.0
0 -2.058401 0.166591 1.645680 -0.346943 0.446136 0.824981 0.108521 0.986328 1 0 1.0
0 -0.601150 0.476845 2.090741 -0.346943 0.446136 0.824981 0.108643 0.984375 1 0 1.0
Default
0 -0.239119 0.000000 -2.013080 -0.037365 0.115369 -0.992620 0.985352 0.517578 1 0 1.0
0 -0.452300 0.000000 -2.060477 -0.037365 0.115369 -0.992620 0.985352 0.517578 1 0 1.0
0 -0.483118 0.476845 -1.948473 -0.037365 0.115369 -0.992620 0.985352 0.517578 1 0 1.0
Default
0 -0.239119 0.476845 -2.013080 -0.037365 0.115369 -0.992620 0.985352 0.517578 1 0 1.0
0 -0.239119 0.000000 -2.013080 -0.037365 0.115369 -0.992620 0.985352 0.517578 1 0 1.0
0 -0.483118 0.476845 -1.948473 -0.037365 0.115369 -0.992620 0.985352 0.517578 1 0 1.0
Default
0 4.357967 1.003066 1.195835 0.233799 0.917131 0.322813 0.979980 0.514160 1 0 1.0
0 4.804168 0.652785 1.857410 0.233799 0.917131 0.322813 0.979980 0.515625 1 0 1.0
0 4.909935 0.653273 1.789856 0.233799 0.917131 0.322813 0.979980 0.515625 1 0 1.0
Default
0 4.503123 0.976721 1.155118 0.233799 0.917131 0.322813 0.979980 0.514160 1 0 1.0
0 4.357967 1.003066 1.195835 0.233799 0.917131 0.322813 0.979980 0.514160 1 0 1.0
0 4.909935 0.653273 1.789856 0.233799 0.917131 0.322813 0.979980 0.515625 1 0 1.0
Default
0 4.577325 0.923850 -1.342817 0.325788 0.603712 -0.727595 0.982422 0.987793 1 0 1.0
0 4.892651 0.325619 -1.703420 0.325788 0.603712 -0.727595 0.982422 0.987793 1 0 1.0
0 4.463157 0.369661 -1.853769 0.325788 0.603712 -0.727595 0.982422 0.987793 1 0 1.0
Default
0 4.195815 0.973856 -1.477570 0.325788 0.603712 -0.727595 0.982422 0.987793 1 0 1.0
0 4.577325 0.923850 -1.342817 0.325788 0.603712 -0.727595 0.982422 0.987793 1 0 1.0
0 4.463157 0.369661 -1.853769 0.325788 0.603712 -0.727595 0.982422 0.987793 1 0 1.0
Default
0 4.804168 0.652785 1.857410 0.536619 0.075591 0.840432 0.979980 0.515625 1 0 1.0
0 4.804168 0.000000 1.916146 0.536619 0.075591 0.840432 0.979980 0.515625 1 0 1.0
0 4.909935 0.000000 1.848591 0.536619 0.075591 0.840432 0.979980 0.515625 1 0 1.0
Default
0 4.909935 0.653273 1.789856 0.536619 0.075591 0.840432 0.979980 0.515625 1 0 1.0
0 4.804168 0.652785 1.857410 0.536619 0.075591 0.840432 0.979980 0.515625 1 0 1.0
0 4.909935 0.000000 1.848591 0.536619 0.075591 0.840432 0.979980 0.515625 1 0 1.0
Default
0 4.357967 1.003066 1.195835 0.182315 0.976532 0.114663 0.979980 0.514160 1 0 1.0
0 4.503123 0.976721 1.155118 0.182315 0.976532 0.114663 0.979980 0.514160 1 0 1.0
0 4.383146 1.153130 -0.122227 0.182315 0.976532 0.114663 0.979492 0.513184 1 0 1.0
Default
0 4.241433 1.179475 -0.155562 0.182315 0.976532 0.114663 0.979492 0.512695 1 0 1.0
0 4.357967 1.003066 1.195835 0.182315 0.976532 0.114663 0.979980 0.514160 1 0 1.0
0 4.383146 1.153130 -0.122227 0.182315 0.976532 0.114663 0.979492 0.513184 1 0 1.0
Default
0 4.241433 1.179475 -0.155562 0.188197 0.970248 -0.152315 0.980469 0.517090 1 0 1.0
0 4.383146 1.153130 -0.122227 0.188197 0.970248 -0.152315 0.980469 0.517090 1 0 1.0
0 4.704572 0.910892 -1.294195 0.188197 0.970248 -0.152315 0.980469 0.517090 1 0 1.0
Default
0 4.577325 0.923850 -1.342817 0.188197 0.970248 -0.152315 0.980469 0.517090 1 0 1.0
0 4.241433 1.179475 -0.155562 0.188197 0.970248 -0.152315 0.980469 0.517090 1 0 1.0
0 4.704572 0.910892 -1.294195 0.188197 0.970248 -0.152315 0.980469 0.517090 1 0 1.0
Default
0 4.184682 0.386260 -1.889429 0.220988 0.202792 -0.953960 0.111145 0.983887 1 0 1.0
0 4.183009 0.000000 -1.936091 0.220988 0.202792 -0.953960 0.111145 0.983887 1 0 1.0
0 3.445956 0.000000 -2.142668 0.220988 0.202792 -0.953960 0.111145 0.983887 1 0 1.0
Default
0 3.450432 0.414091 -2.017769 0.220988 0.202792 -0.953960 0.111145 0.983887 1 0 1.0
0 4.184682 0.386260 -1.889429 0.220988 0.202792 -0.953960 0.111145 0.983887 1 0 1.0
0 3.445956 0.000000 -2.142668 0.220988 0.202792 -0.953960 0.111145 0.983887 1 0 1.0
Default
0 3.857746 1.121332 1.324210 0.149878 0.882051 0.446680 0.981934 0.516113 1 0 1.0
0 4.200636 0.615208 2.181327 0.149878 0.882051 0.446680 0.981934 0.517578 1 0 1.0
0 4.488986 0.634365 2.074008 0.149878 0.882051 0.446680 0.981934 0.517578 1 0 1.0
Default
0 4.010732 1.104733 1.278393 0.149878 0.882051 0.446680 0.981934 0.517578 1 0 1.0
0 3.857746 1.121332 1.324210 0.149878 0.882051 0.446680 0.981934 0.516113 1 0 1.0
0 4.488986 0.634365 2.074008 0.149878 0.882051 0.446680 0.981934 0.517578 1 0 1.0
Default
0 3.989048 0.990455 -1.516832 0.197703 0.531254 -0.823822 0.111145 0.983887 1 0 1.0
0 4.184682 0.386260 -1.889429 0.197703 0.531254 -0.823822 0.111145 0.983887 1 0 1.0
0 3.450432 0.414091 -2.017769 0.197703 0.531254 -0.823822 0.111145 0.983887 1 0 1.0
Default
0 3.450432 1.018286 -1.658065 0.197703 0.531254 -0.823822 0.111145 0.983887 1 0 1.0
0 3.989048 0.990455 -1.516832 0.197703 0.531254 -0.823822 0.111145 0.983887 1 0 1.0
0 3.450432 0.414091 -2.017769 0.197703 0.531254 -0.823822 0.111145 0.983887 1 0 1.0
Default
0 4.200636 0.615208 2.181327 0.344894 0.087853 0.934521 0.981934 0.517578 1 0 1.0
0 4.200636 0.000000 2.240062 0.344894 0.087853 0.934521 0.981934 0.517578 1 0 1.0
0 4.488986 0.000000 2.132743 0.344894 0.087853 0.934521 0.981934 0.517578 1 0 1.0
Default
0 4.488986 0.634365 2.074008 0.344894 0.087853 0.934521 0.981934 0.517578 1 0 1.0
0 4.200636 0.615208 2.181327 0.344894 0.087853 0.934521 0.981934 0.517578 1 0 1.0
0 4.488986 0.000000 2.132743 0.344894 0.087853 0.934521 0.981934 0.517578 1 0 1.0
Default
0 3.706938 1.297741 -0.243735 0.122507 0.970791 -0.206294 0.982422 0.519043 1 0 1.0
0 3.859924 1.281142 -0.225583 0.122507 0.970791 -0.206294 0.982422 0.519043 1 0 1.0
0 4.195815 0.973856 -1.477570 0.122507 0.970791 -0.206294 0.982422 0.519043 1 0 1.0
Default
0 3.989048 0.990455 -1.516832 0.122507 0.970791 -0.206294 0.982422 0.519043 1 0 1.0
0 3.706938 1.297741 -0.243735 0.122507 0.970791 -0.206294 0.982422 0.519043 1 0 1.0
0 4.195815 0.973856 -1.477570 0.122507 0.970791 -0.206294 0.982422 0.519043 1 0 1.0
Default
0 3.857746 1.121332 1.324210 0.116417 0.987945 0.102037 0.981934 0.516113 1 0 1.0
0 4.010732 1.104733 1.278393 0.116417 0.987945 0.102037 0.981445 0.514648 1 0 1.0
0 3.859924 1.281142 -0.225583 0.116417 0.987945 0.102037 0.981445 0.514648 1 0 1.0
Default
0 3.706938 1.297741 -0.243735 0.116417 0.987945 0.102037 0.981445 0.514648 1 0 1.0
0 3.857746 1.121332 1.324210 0.116417 0.987945 0.102037 0.981934 0.516113 1 0 1.0
0 3.859924 1.281142 -0.225583 0.116417 0.987945 0.102037 0.981445 0.514648 1 0 1.0
Default
0 4.383146 1.153130 -0.122227 0.192593 0.972856 -0.128295 0.113586 0.985840 1 0 1.0
0 5.651776 0.917284 0.176190 0.192593 0.972856 -0.128295 0.113586 0.985840 1 0 1.0
0 5.651776 0.794888 -0.934324 0.192593 0.972856 -0.128295 0.113586 0.985840 1 0 1.0
Default
0 4.704572 0.910892 -1.294195 0.192593 0.972856 -0.128295 0.113586 0.985840 1 0 1.0
0 4.383146 1.153130 -0.122227 0.192593 0.972856 -0.128295 0.113586 0.985840 1 0 1.0
0 5.651776 0.794888 -0.934324 0.192593 0.972856 -0.128295 0.113586 0.985840 1 0 1.0
Default
0 4.503123 0.976721 1.155118 0.162910 0.977800 0.131785 0.113037 0.982910 1 0 1.0
0 5.651776 0.812267 0.838607 0.162910 0.977800 0.131785 0.113037 0.981445 1 0 1.0
0 5.651776 0.917284 0.176190 0.162910 0.977800 0.131785 0.113037 0.981445 1 0 1.0
Default
0 4.383146 1.153130 -0.122227 0.162910 0.977800 0.131785 0.113037 0.981934 1 0 1.0
0 4.503123 0.976721 1.155118 0.162910 0.977800 0.131785 0.113037 0.982910 1 0 1.0
0 5.651776 0.917284 0.176190 0.162910 0.977800 0.131785 0.113037 0.981445 1 0 1.0
Default
0 4.909935 0.653273 1.789856 0.465686 0.081735 0.881167 0.113037 0.984375 1 0 1.0
0 4.909935 0.000000 1.848591 0.465686 0.081735 0.881167 0.113037 0.984375 1 0 1.0
0 5.651776 0.000000 1.458398 0.465686 0.081735 0.881167 0.113037 0.984375 1 0 1.0
Default
0 5.651776 0.613151 1.399663 0.465686 0.081735 0.881167 0.113037 0.984375 1 0 1.0
0 4.909935 0.653273 1.789856 0.465686 0.081735 0.881167 0.113037 0.984375 1 0 1.0
0 5.651776 0.000000 1.458398 0.465686 0.081735 0.881167 0.113037 0.984375 1 0 1.0
Default
0 4.503123 0.976721 1.155118 0.221412 0.918980 0.326271 0.113037 0.982910 1 0 1.0
0 4.909935 0.653273 1.789856 0.221412 0.918980 0.326271 0.113037 0.984375 1 0 1.0
0 5.651776 0.613151 1.399663 0.221412 0.918980 0.326271 0.113037 0.984375 1 0 1.0
Default
0 5.651776 0.812267 0.838607 0.221412 0.918980 0.326271 0.113037 0.984375 1 0 1.0
0 4.503123 0.976721 1.155118 0.221412 0.918980 0.326271 0.113037 0.982910 1 0 1.0
0 5.651776 0.613151 1.399663 0.221412 0.918980 0.326271 0.113037 0.984375 1 0 1.0
Default
0 4.704572 0.910892 -1.294195 0.332743 0.609852 -0.719279 0.980469 0.517090 1 0 1.0
0 4.995791 0.314207 -1.666127 0.332743 0.609852 -0.719279 0.980469 0.517090 1 0 1.0
0 4.892651 0.325619 -1.703420 0.332743 0.609852 -0.719279 0.980469 0.517090 1 0 1.0
Default
0 4.577325 0.923850 -1.342817 0.332743 0.609852 -0.719279 0.980469 0.517090 1 0 1.0
0 4.704572 0.910892 -1.294195 0.332743 0.609852 -0.719279 0.980469 0.517090 1 0 1.0
0 4.892651 0.325619 -1.703420 0.332743 0.609852 -0.719279 0.980469 0.517090 1 0 1.0
end
