version 1
nodes
0 "root" -1
end
skeleton
time 0
0 0 0 0 0 0 0
end
triangles
Default
0 13.109736 -0.399943 0.474952 0.547389 -0.836277 0.031705 0.987305 0.641113 1 0 1.0
0 12.594474 -0.758577 -0.088642 0.547389 -0.836277 0.031705 0.987305 0.641113 1 0 1.0
0 13.050734 -0.451755 0.126981 0.547389 -0.836277 0.031705 0.987305 0.641113 1 0 1.0
Default
0 2.181476 -0.000000 3.156512 -0.000000 1.000000 0.000000 0.987305 0.641113 1 0 1.0
0 2.181476 -0.113540 3.156512 -0.000000 1.000000 0.000000 0.987305 0.641113 1 0 1.0
0 2.181476 -0.479993 3.156512 -0.000000 1.000000 0.000000 0.987305 0.641113 1 0 1.0
Default
0 2.181476 0.479993 3.156512 -0.000000 1.000000 0.000000 0.987305 0.641113 1 0 1.0
0 2.181476 0.113540 3.156512 -0.000000 1.000000 0.000000 0.987305 0.641113 1 0 1.0
0 2.181476 -0.000000 3.156512 -0.000000 1.000000 0.000000 0.987305 0.641113 1 0 1.0
Default
0 -5.512436 -0.596860 -2.566623 -0.000000 1.000000 0.000000 0.985840 0.883301 1 0 1.0
0 -5.512436 -0.298430 -2.566623 -0.000000 1.000000 0.000000 0.985840 0.883301 1 0 1.0
0 -5.512436 -0.000000 -2.566623 -0.000000 1.000000 0.000000 0.985840 0.883301 1 0 1.0
Default
0 -5.512436 -0.000000 -2.566623 -0.000000 1.000000 0.000000 0.985840 0.883301 1 0 1.0
0 -5.512436 0.298430 -2.566623 -0.000000 1.000000 0.000000 0.985840 0.883301 1 0 1.0
0 -5.512436 0.596860 -2.566623 -0.000000 1.000000 0.000000 0.985840 0.883301 1 0 1.0
Default
0 -10.453830 -0.137576 0.186344 -0.076927 -0.958488 0.274560 0.987305 0.641113 1 0 1.0
0 -8.601662 -0.414256 -0.260597 -0.076927 -0.958488 0.274560 0.987305 0.641113 1 0 1.0
0 -8.601662 -0.185220 0.538964 -0.076927 -0.958488 0.274560 0.987305 0.641113 1 0 1.0
Default
0 -8.601662 -0.185220 0.538964 -0.110554 -0.880076 0.461783 0.987305 0.641113 1 0 1.0
0 -10.453830 -0.000000 0.448539 -0.110554 -0.880076 0.461783 0.987305 0.641113 1 0 1.0
0 -10.453830 -0.137576 0.186344 -0.110554 -0.880076 0.461783 0.987305 0.641113 1 0 1.0
Default
0 -8.601662 -0.185220 0.538964 -0.109632 -0.943221 0.313552 0.987305 0.641113 1 0 1.0
0 -8.601662 -0.092610 0.817552 -0.109632 -0.943221 0.313552 0.987305 0.641113 1 0 1.0
0 -10.453830 -0.000000 0.448539 -0.109632 -0.943221 0.313552 0.987305 0.641113 1 0 1.0
Default
0 -7.793240 -0.185220 -1.590383 -0.420558 -0.813421 -0.401841 0.985840 0.883301 1 0 1.0
0 -6.680194 -0.944235 -1.218848 -0.420558 -0.813421 -0.401841 0.985840 0.883301 1 0 1.0
0 -8.601662 -0.414256 -0.280684 -0.420558 -0.813421 -0.401841 0.985840 0.883301 1 0 1.0
Default
0 -5.041772 -0.483899 -2.740618 -0.561579 -0.398460 -0.725161 0.985840 0.883301 1 0 1.0
0 -5.028683 -0.969227 -2.484077 -0.561579 -0.398460 -0.725161 0.985840 0.883301 1 0 1.0
0 -6.680194 -0.944235 -1.218848 -0.561579 -0.398460 -0.725161 0.985840 0.883301 1 0 1.0
Default
0 -6.680194 -0.944235 -1.218848 0.207723 -0.975574 -0.071466 0.985840 0.883301 1 0 1.0
0 -5.512436 -0.596860 -2.566623 0.207723 -0.975574 -0.071466 0.985840 0.883301 1 0 1.0
0 -5.041772 -0.483899 -2.740618 0.207723 -0.975574 -0.071466 0.985840 0.883301 1 0 1.0
Default
0 -6.680194 -0.944235 -1.218848 -0.637374 -0.403755 -0.656306 0.985840 0.883301 1 0 1.0
0 -6.486173 -0.334277 -1.782514 -0.637374 -0.403755 -0.656306 0.985840 0.883301 1 0 1.0
0 -5.512436 -0.596860 -2.566623 -0.637374 -0.403755 -0.656306 0.985840 0.883301 1 0 1.0
Default
0 12.518601 -0.779757 0.502604 0.650012 -0.752870 -0.103302 0.982910 0.519531 1 0 1.0
0 12.339598 -0.904424 0.284834 0.650012 -0.752870 -0.103302 0.982910 0.519531 1 0 1.0
0 12.493948 -0.761925 0.217520 0.650012 -0.752870 -0.103302 0.982910 0.519531 1 0 1.0
Default
0 12.493948 -0.761925 0.217520 0.975104 0.210010 -0.071186 0.982910 0.519531 1 0 1.0
0 12.487575 -0.643809 0.478684 0.975104 0.210010 -0.071186 0.982910 0.519531 1 0 1.0
0 12.518601 -0.779757 0.502604 0.975104 0.210010 -0.071186 0.982910 0.519531 1 0 1.0
Default
0 12.339598 -0.904424 0.284834 0.383339 -0.699902 -0.602650 0.982910 0.519531 1 0 1.0
0 12.197940 -0.845524 0.126323 0.383339 -0.699902 -0.602650 0.982910 0.519531 1 0 1.0
0 12.493948 -0.761925 0.217520 0.383339 -0.699902 -0.602650 0.982910 0.519531 1 0 1.0
Default
0 12.197940 -0.845524 0.126323 0.096196 0.558313 -0.824035 0.982910 0.519531 1 0 1.0
0 12.289397 -0.684454 0.246130 0.096196 0.558313 -0.824035 0.982910 0.519531 1 0 1.0
0 12.493948 -0.761925 0.217520 0.096196 0.558313 -0.824035 0.982910 0.519531 1 0 1.0
Default
0 12.289397 -0.684454 0.246130 0.277872 0.877792 -0.390216 0.982910 0.519531 1 0 1.0
0 12.487575 -0.643809 0.478684 0.277872 0.877792 -0.390216 0.982910 0.519531 1 0 1.0
0 12.493948 -0.761925 0.217520 0.277872 0.877792 -0.390216 0.982910 0.519531 1 0 1.0
Default
0 12.487575 -0.643809 0.478684 0.748739 0.276847 0.602283 0.982910 0.519531 1 0 1.0
0 12.329287 -0.713307 0.707408 0.748739 0.276847 0.602283 0.982910 0.519531 1 0 1.0
0 12.518601 -0.779757 0.502604 0.748739 0.276847 0.602283 0.982910 0.519531 1 0 1.0
Default
0 12.518601 -0.779757 0.502604 0.369503 -0.904266 0.213942 0.982910 0.519531 1 0 1.0
0 12.237828 -0.874378 0.587599 0.369503 -0.904266 0.213942 0.982910 0.519531 1 0 1.0
0 12.339598 -0.904424 0.284834 0.369503 -0.904266 0.213942 0.982910 0.519531 1 0 1.0
Default
0 12.339598 -0.904424 0.284834 -0.040483 -0.947883 -0.316037 0.982910 0.519531 1 0 1.0
0 12.039650 -0.915023 0.355046 -0.040483 -0.947883 -0.316037 0.982910 0.519531 1 0 1.0
0 12.197940 -0.845524 0.126323 -0.040483 -0.947883 -0.316037 0.982910 0.519531 1 0 1.0
Default
0 12.197940 -0.845524 0.126323 -0.412625 0.682780 -0.602953 0.982910 0.519531 1 0 1.0
0 12.008625 -0.779075 0.331126 -0.412625 0.682780 -0.602953 0.982910 0.519531 1 0 1.0
0 12.289397 -0.684454 0.246130 -0.412625 0.682780 -0.602953 0.982910 0.519531 1 0 1.0
Default
0 12.289397 -0.684454 0.246130 -0.062984 0.990834 -0.119501 0.982910 0.519531 1 0 1.0
0 12.187628 -0.654408 0.548895 -0.062984 0.990834 -0.119501 0.982910 0.519531 1 0 1.0
0 12.487575 -0.643809 0.478684 -0.062984 0.990834 -0.119501 0.982910 0.519531 1 0 1.0
Default
0 12.329287 -0.713307 0.707408 0.412623 -0.682785 0.602948 0.982910 0.519531 1 0 1.0
0 12.237828 -0.874378 0.587599 0.412623 -0.682785 0.602948 0.982910 0.519531 1 0 1.0
0 12.518601 -0.779757 0.502604 0.412623 -0.682785 0.602948 0.982910 0.519531 1 0 1.0
Default
0 12.237828 -0.874378 0.587599 0.062985 -0.990834 0.119502 0.982910 0.519531 1 0 1.0
0 12.039650 -0.915023 0.355046 0.062985 -0.990834 0.119502 0.982910 0.519531 1 0 1.0
0 12.339598 -0.904424 0.284834 0.062985 -0.990834 0.119502 0.982910 0.519531 1 0 1.0
Default
0 12.039650 -0.915023 0.355046 -0.748733 -0.276847 -0.602291 0.982910 0.519531 1 0 1.0
0 12.008625 -0.779075 0.331126 -0.748733 -0.276847 -0.602291 0.982910 0.519531 1 0 1.0
0 12.197940 -0.845524 0.126323 -0.748733 -0.276847 -0.602291 0.982910 0.519531 1 0 1.0
Default
0 12.008625 -0.779075 0.331126 -0.369504 0.904265 -0.213942 0.982910 0.519531 1 0 1.0
0 12.187628 -0.654408 0.548895 -0.369504 0.904265 -0.213942 0.982910 0.519531 1 0 1.0
0 12.289397 -0.684454 0.246130 -0.369504 0.904265 -0.213942 0.982910 0.519531 1 0 1.0
Default
0 12.187628 -0.654408 0.548895 0.040482 0.947885 0.316032 0.982910 0.519531 1 0 1.0
0 12.329287 -0.713307 0.707408 0.040482 0.947885 0.316032 0.982910 0.519531 1 0 1.0
0 12.487575 -0.643809 0.478684 0.040482 0.947885 0.316032 0.982910 0.519531 1 0 1.0
Default
0 12.329287 -0.713307 0.707408 -0.096198 -0.558316 0.824032 0.982910 0.519531 1 0 1.0
0 12.033277 -0.796907 0.616209 -0.096198 -0.558316 0.824032 0.982910 0.519531 1 0 1.0
0 12.237828 -0.874378 0.587599 -0.096198 -0.558316 0.824032 0.982910 0.519531 1 0 1.0
Default
0 12.237828 -0.874378 0.587599 -0.277872 -0.877792 0.390217 0.982910 0.519531 1 0 1.0
0 12.033277 -0.796907 0.616209 -0.277872 -0.877792 0.390217 0.982910 0.519531 1 0 1.0
0 12.039650 -0.915023 0.355046 -0.277872 -0.877792 0.390217 0.982910 0.519531 1 0 1.0
Default
0 12.039650 -0.915023 0.355046 -0.975104 -0.210010 0.071187 0.982910 0.519531 1 0 1.0
0 12.033277 -0.796907 0.616209 -0.975104 -0.210010 0.071187 0.982910 0.519531 1 0 1.0
0 12.008625 -0.779075 0.331126 -0.975104 -0.210010 0.071187 0.982910 0.519531 1 0 1.0
Default
0 12.008625 -0.779075 0.331126 -0.650013 0.752869 0.103302 0.982910 0.519531 1 0 1.0
0 12.033277 -0.796907 0.616209 -0.650013 0.752869 0.103302 0.982910 0.519531 1 0 1.0
0 12.187628 -0.654408 0.548895 -0.650013 0.752869 0.103302 0.982910 0.519531 1 0 1.0
Default
0 12.187628 -0.654408 0.548895 -0.383341 0.699903 0.602649 0.982910 0.519531 1 0 1.0
0 12.033277 -0.796907 0.616209 -0.383341 0.699903 0.602649 0.982910 0.519531 1 0 1.0
0 12.329287 -0.713307 0.707408 -0.383341 0.699903 0.602649 0.982910 0.519531 1 0 1.0
Default
0 13.127073 -0.077296 -0.885352 0.433309 -0.748287 -0.502305 0.985840 0.883301 1 0 1.0
0 13.164756 -0.399943 -0.372196 0.433309 -0.748287 -0.502305 0.985840 0.883301 1 0 1.0
0 12.712721 -0.536447 -0.558789 0.433309 -0.748287 -0.502305 0.985840 0.883301 1 0 1.0
Default
0 12.712721 -0.536447 -0.558789 0.354351 -0.732868 -0.580810 0.985840 0.883301 1 0 1.0
0 10.546172 -0.239212 -2.255650 0.354351 -0.732868 -0.580810 0.985840 0.883301 1 0 1.0
0 13.127073 -0.077296 -0.885352 0.354351 -0.732868 -0.580810 0.985840 0.883301 1 0 1.0
Default
0 12.712721 -0.536447 -0.558789 0.482579 -0.517295 -0.706770 0.985840 0.883301 1 0 1.0
0 10.559261 -0.757825 -1.867133 0.482579 -0.517295 -0.706770 0.985840 0.883301 1 0 1.0
0 10.546172 -0.239212 -2.255650 0.482579 -0.517295 -0.706770 0.985840 0.883301 1 0 1.0
Default
0 -6.486173 -0.334277 -1.782514 -0.182744 -0.635276 -0.750352 0.985840 0.883301 1 0 1.0
0 -6.680194 -0.944235 -1.218848 -0.182744 -0.635276 -0.750352 0.985840 0.883301 1 0 1.0
0 -7.793240 -0.185220 -1.590383 -0.182744 -0.635276 -0.750352 0.985840 0.883301 1 0 1.0
Default
0 -6.680194 -0.944235 -1.218848 -0.257698 -0.912274 -0.318354 0.985840 0.883301 1 0 1.0
0 -5.028683 -0.969227 -2.484077 -0.257698 -0.912274 -0.318354 0.985840 0.883301 1 0 1.0
0 -5.037533 -1.303828 -1.518082 -0.257698 -0.912274 -0.318354 0.985840 0.883301 1 0 1.0
Default
0 -0.208383 -0.923060 -3.004985 -0.080139 0.285174 0.955120 0.984375 0.706055 1 0 1.0
0 -1.296697 -1.394046 -2.955674 -0.080139 0.285174 0.955120 0.984375 0.706055 1 0 1.0
0 -0.208383 -1.277615 -2.899124 -0.080139 0.285174 0.955120 0.984375 0.706055 1 0 1.0
Default
0 0.183876 -1.135237 -2.916656 0.273774 -0.322975 -0.905944 0.984375 0.706055 1 0 1.0
0 -1.658913 -1.616758 -3.301876 0.273774 -0.322975 -0.905944 0.984375 0.706055 1 0 1.0
0 0.183876 -0.919637 -2.993519 0.273774 -0.322975 -0.905944 0.984375 0.706055 1 0 1.0
Default
0 8.807542 -1.286421 -0.963720 -0.348615 0.153357 0.924635 0.984375 0.706055 1 0 1.0
0 6.177278 -2.183002 -1.806704 -0.348615 0.153357 0.924635 0.984375 0.706055 1 0 1.0
0 8.836491 -1.409000 -0.932475 -0.348615 0.153357 0.924635 0.984375 0.706055 1 0 1.0
Default
0 9.200873 -1.320493 -1.532374 0.011362 0.605260 -0.795947 0.984375 0.706055 1 0 1.0
0 7.083869 -1.964930 -2.052641 0.011362 0.605260 -0.795947 0.984375 0.706055 1 0 1.0
0 9.073354 -1.309174 -1.525587 0.011362 0.605260 -0.795947 0.984375 0.706055 1 0 1.0
Default
0 12.594474 0.758577 -0.088642 0.547389 0.836277 0.031705 0.987305 0.641113 1 0 1.0
0 13.109736 0.399943 0.474952 0.547389 0.836277 0.031705 0.987305 0.641113 1 0 1.0
0 13.050734 0.451755 0.126981 0.547389 0.836277 0.031705 0.987305 0.641113 1 0 1.0
Default
0 -1.934600 0.193907 -3.325206 -0.054538 0.000000 -0.998512 0.985840 0.883301 1 0 1.0
0 -0.638157 -0.000000 -3.396017 -0.058988 0.000000 -0.998259 0.985840 0.883301 1 0 1.0
0 -1.934601 -0.000000 -3.325206 -0.054538 0.000000 -0.998512 0.985840 0.883301 1 0 1.0
Default
0 -8.601662 0.185220 0.538964 -0.076927 0.958488 0.274560 0.987305 0.641113 1 0 1.0
0 -8.601662 0.414256 -0.260597 -0.076927 0.958488 0.274560 0.987305 0.641113 1 0 1.0
0 -10.453830 0.137576 0.186344 -0.076927 0.958488 0.274560 0.987305 0.641113 1 0 1.0
Default
0 -10.453830 0.137576 0.186344 -0.110554 0.880076 0.461783 0.987305 0.641113 1 0 1.0
0 -10.453830 -0.000000 0.448539 -0.110554 0.880076 0.461783 0.987305 0.641113 1 0 1.0
0 -8.601662 0.185220 0.538964 -0.110554 0.880076 0.461783 0.987305 0.641113 1 0 1.0
Default
0 -10.453830 -0.000000 0.448539 -0.109641 0.827726 0.550317 0.987305 0.641113 1 0 1.0
0 -8.601662 -0.000000 0.817552 -0.109641 0.827726 0.550317 0.987305 0.641113 1 0 1.0
0 -8.601662 0.185220 0.538964 -0.109641 0.827726 0.550317 0.987305 0.641113 1 0 1.0
Default
0 -6.680194 0.944235 -1.218848 -0.420558 0.813421 -0.401841 0.985840 0.883301 1 0 1.0
0 -7.793240 0.185220 -1.590383 -0.420558 0.813421 -0.401841 0.985840 0.883301 1 0 1.0
0 -8.601662 0.414256 -0.280684 -0.420558 0.813421 -0.401841 0.985840 0.883301 1 0 1.0
Default
0 -6.680194 0.944235 -1.218848 -0.561579 0.398460 -0.725161 0.985840 0.883301 1 0 1.0
0 -5.028683 0.969227 -2.484077 -0.561579 0.398460 -0.725161 0.985840 0.883301 1 0 1.0
0 -5.041772 0.483899 -2.740618 -0.561579 0.398460 -0.725161 0.985840 0.883301 1 0 1.0
Default
0 -5.041772 0.483899 -2.740618 0.207723 0.975574 -0.071466 0.985840 0.883301 1 0 1.0
0 -5.512436 0.596860 -2.566623 0.207723 0.975574 -0.071466 0.985840 0.883301 1 0 1.0
0 -6.680194 0.944235 -1.218848 0.207723 0.975574 -0.071466 0.985840 0.883301 1 0 1.0
Default
0 -5.512436 0.596860 -2.566623 -0.637374 0.403755 -0.656306 0.985840 0.883301 1 0 1.0
0 -6.486173 0.334277 -1.782514 -0.637374 0.403755 -0.656306 0.985840 0.883301 1 0 1.0
0 -6.680194 0.944235 -1.218848 -0.637374 0.403755 -0.656306 0.985840 0.883301 1 0 1.0
Default
0 12.339598 0.904424 0.284834 0.650012 0.752870 -0.103302 0.982910 0.519531 1 0 1.0
0 12.518601 0.779757 0.502604 0.650012 0.752870 -0.103302 0.982910 0.519531 1 0 1.0
0 12.493948 0.761925 0.217520 0.650012 0.752870 -0.103302 0.982910 0.519531 1 0 1.0
Default
0 12.487575 0.643809 0.478684 0.975104 -0.210010 -0.071186 0.982910 0.519531 1 0 1.0
0 12.493948 0.761925 0.217520 0.975104 -0.210010 -0.071186 0.982910 0.519531 1 0 1.0
0 12.518601 0.779757 0.502604 0.975104 -0.210010 -0.071186 0.982910 0.519531 1 0 1.0
Default
0 12.197940 0.845524 0.126323 0.383339 0.699902 -0.602650 0.982910 0.519531 1 0 1.0
0 12.339598 0.904424 0.284834 0.383339 0.699902 -0.602650 0.982910 0.519531 1 0 1.0
0 12.493948 0.761925 0.217520 0.383339 0.699902 -0.602650 0.982910 0.519531 1 0 1.0
Default
0 12.289397 0.684454 0.246130 0.096196 -0.558313 -0.824035 0.982910 0.519531 1 0 1.0
0 12.197940 0.845524 0.126323 0.096196 -0.558313 -0.824035 0.982910 0.519531 1 0 1.0
0 12.493948 0.761925 0.217520 0.096196 -0.558313 -0.824035 0.982910 0.519531 1 0 1.0
Default
0 12.487575 0.643809 0.478684 0.277872 -0.877792 -0.390216 0.982910 0.519531 1 0 1.0
0 12.289397 0.684454 0.246130 0.277872 -0.877792 -0.390216 0.982910 0.519531 1 0 1.0
0 12.493948 0.761925 0.217520 0.277872 -0.877792 -0.390216 0.982910 0.519531 1 0 1.0
Default
0 12.329287 0.713307 0.707408 0.748739 -0.276847 0.602283 0.982910 0.519531 1 0 1.0
0 12.487575 0.643809 0.478684 0.748739 -0.276847 0.602283 0.982910 0.519531 1 0 1.0
0 12.518601 0.779757 0.502604 0.748739 -0.276847 0.602283 0.982910 0.519531 1 0 1.0
Default
0 12.237828 0.874378 0.587599 0.369503 0.904266 0.213942 0.982910 0.519531 1 0 1.0
0 12.518601 0.779757 0.502604 0.369503 0.904266 0.213942 0.982910 0.519531 1 0 1.0
0 12.339598 0.904424 0.284834 0.369503 0.904266 0.213942 0.982910 0.519531 1 0 1.0
Default
0 12.039650 0.915023 0.355046 -0.040483 0.947883 -0.316037 0.982910 0.519531 1 0 1.0
0 12.339598 0.904424 0.284834 -0.040483 0.947883 -0.316037 0.982910 0.519531 1 0 1.0
0 12.197940 0.845524 0.126323 -0.040483 0.947883 -0.316037 0.982910 0.519531 1 0 1.0
Default
0 12.008625 0.779075 0.331126 -0.412625 -0.682780 -0.602953 0.982910 0.519531 1 0 1.0
0 12.197940 0.845524 0.126323 -0.412625 -0.682780 -0.602953 0.982910 0.519531 1 0 1.0
0 12.289397 0.684454 0.246130 -0.412625 -0.682780 -0.602953 0.982910 0.519531 1 0 1.0
Default
0 12.187628 0.654408 0.548895 -0.062984 -0.990834 -0.119501 0.982910 0.519531 1 0 1.0
0 12.289397 0.684454 0.246130 -0.062984 -0.990834 -0.119501 0.982910 0.519531 1 0 1.0
0 12.487575 0.643809 0.478684 -0.062984 -0.990834 -0.119501 0.982910 0.519531 1 0 1.0
Default
0 12.237828 0.874378 0.587599 0.412623 0.682785 0.602948 0.982910 0.519531 1 0 1.0
0 12.329287 0.713307 0.707408 0.412623 0.682785 0.602948 0.982910 0.519531 1 0 1.0
0 12.518601 0.779757 0.502604 0.412623 0.682785 0.602948 0.982910 0.519531 1 0 1.0
Default
0 12.039650 0.915023 0.355046 0.062985 0.990834 0.119502 0.982910 0.519531 1 0 1.0
0 12.237828 0.874378 0.587599 0.062985 0.990834 0.119502 0.982910 0.519531 1 0 1.0
0 12.339598 0.904424 0.284834 0.062985 0.990834 0.119502 0.982910 0.519531 1 0 1.0
Default
0 12.008625 0.779075 0.331126 -0.748733 0.276847 -0.602291 0.982910 0.519531 1 0 1.0
0 12.039650 0.915023 0.355046 -0.748733 0.276847 -0.602291 0.982910 0.519531 1 0 1.0
0 12.197940 0.845524 0.126323 -0.748733 0.276847 -0.602291 0.982910 0.519531 1 0 1.0
Default
0 12.187628 0.654408 0.548895 -0.369505 -0.904265 -0.213942 0.982910 0.519531 1 0 1.0
0 12.008625 0.779075 0.331126 -0.369505 -0.904265 -0.213942 0.982910 0.519531 1 0 1.0
0 12.289397 0.684454 0.246130 -0.369505 -0.904265 -0.213942 0.982910 0.519531 1 0 1.0
Default
0 12.329287 0.713307 0.707408 0.040482 -0.947885 0.316032 0.982910 0.519531 1 0 1.0
0 12.187628 0.654408 0.548895 0.040482 -0.947885 0.316032 0.982910 0.519531 1 0 1.0
0 12.487575 0.643809 0.478684 0.040482 -0.947885 0.316032 0.982910 0.519531 1 0 1.0
Default
0 12.033277 0.796907 0.616209 -0.096198 0.558316 0.824032 0.982910 0.519531 1 0 1.0
0 12.329287 0.713307 0.707408 -0.096198 0.558316 0.824032 0.982910 0.519531 1 0 1.0
0 12.237828 0.874378 0.587599 -0.096198 0.558316 0.824032 0.982910 0.519531 1 0 1.0
Default
0 12.033277 0.796907 0.616209 -0.277872 0.877792 0.390217 0.982910 0.519531 1 0 1.0
0 12.237828 0.874378 0.587599 -0.277872 0.877792 0.390217 0.982910 0.519531 1 0 1.0
0 12.039650 0.915023 0.355046 -0.277872 0.877792 0.390217 0.982910 0.519531 1 0 1.0
Default
0 12.033277 0.796907 0.616209 -0.975104 0.210010 0.071187 0.982910 0.519531 1 0 1.0
0 12.039650 0.915023 0.355046 -0.975104 0.210010 0.071187 0.982910 0.519531 1 0 1.0
0 12.008625 0.779075 0.331126 -0.975104 0.210010 0.071187 0.982910 0.519531 1 0 1.0
Default
0 12.033277 0.796907 0.616209 -0.650013 -0.752869 0.103302 0.982910 0.519531 1 0 1.0
0 12.008625 0.779075 0.331126 -0.650013 -0.752869 0.103302 0.982910 0.519531 1 0 1.0
0 12.187628 0.654408 0.548895 -0.650013 -0.752869 0.103302 0.982910 0.519531 1 0 1.0
Default
0 12.033277 0.796907 0.616209 -0.383341 -0.699903 0.602649 0.982910 0.519531 1 0 1.0
0 12.187628 0.654408 0.548895 -0.383341 -0.699903 0.602649 0.982910 0.519531 1 0 1.0
0 12.329287 0.713307 0.707408 -0.383341 -0.699903 0.602649 0.982910 0.519531 1 0 1.0
Default
0 12.712721 0.536447 -0.558789 0.433309 0.748287 -0.502305 0.985840 0.883301 1 0 1.0
0 13.164756 0.399943 -0.372196 0.433309 0.748287 -0.502305 0.985840 0.883301 1 0 1.0
0 13.127073 0.077296 -0.885352 0.433309 0.748287 -0.502305 0.985840 0.883301 1 0 1.0
Default
0 13.127073 0.077296 -0.885352 0.354351 0.732868 -0.580810 0.985840 0.883301 1 0 1.0
0 10.546172 0.239212 -2.255650 0.354351 0.732868 -0.580810 0.985840 0.883301 1 0 1.0
0 12.712721 0.536447 -0.558789 0.354351 0.732868 -0.580810 0.985840 0.883301 1 0 1.0
Default
0 10.546172 0.239212 -2.255650 0.482579 0.517295 -0.706770 0.985840 0.883301 1 0 1.0
0 10.559261 0.757825 -1.867133 0.482579 0.517295 -0.706770 0.985840 0.883301 1 0 1.0
0 12.712721 0.536447 -0.558789 0.482579 0.517295 -0.706770 0.985840 0.883301 1 0 1.0
Default
0 -6.680194 0.944235 -1.218848 -0.182744 0.635276 -0.750352 0.985840 0.883301 1 0 1.0
0 -6.486173 0.334277 -1.782514 -0.182744 0.635276 -0.750352 0.985840 0.883301 1 0 1.0
0 -7.793240 0.185220 -1.590383 -0.182744 0.635276 -0.750352 0.985840 0.883301 1 0 1.0
Default
0 -5.028683 0.969227 -2.484077 -0.257698 0.912274 -0.318354 0.985840 0.883301 1 0 1.0
0 -6.680194 0.944235 -1.218848 -0.257698 0.912274 -0.318354 0.985840 0.883301 1 0 1.0
0 -5.037533 1.303828 -1.518082 -0.257698 0.912274 -0.318354 0.985840 0.883301 1 0 1.0
Default
0 -1.296697 1.394046 -2.955674 -0.080138 -0.285174 0.955120 0.984375 0.706055 1 0 1.0
0 -0.208383 0.923060 -3.004985 -0.080138 -0.285174 0.955120 0.984375 0.706055 1 0 1.0
0 -0.208383 1.277615 -2.899124 -0.080138 -0.285174 0.955120 0.984375 0.706055 1 0 1.0
Default
0 -1.658913 1.616758 -3.301876 0.273774 0.322975 -0.905944 0.984375 0.706055 1 0 1.0
0 0.183876 1.135237 -2.916656 0.273774 0.322975 -0.905944 0.984375 0.706055 1 0 1.0
0 0.183876 0.919637 -2.993519 0.273774 0.322975 -0.905944 0.984375 0.706055 1 0 1.0
Default
0 6.177278 2.183002 -1.806704 -0.348615 -0.153357 0.924635 0.984375 0.706055 1 0 1.0
0 8.807542 1.286421 -0.963720 -0.348615 -0.153357 0.924635 0.984375 0.706055 1 0 1.0
0 8.836491 1.409000 -0.932475 -0.348615 -0.153357 0.924635 0.984375 0.706055 1 0 1.0
Default
0 7.083869 1.964930 -2.052641 0.011362 -0.605260 -0.795947 0.984375 0.706055 1 0 1.0
0 9.200873 1.320493 -1.532374 0.011362 -0.605260 -0.795947 0.984375 0.706055 1 0 1.0
0 9.073354 1.309174 -1.525587 0.011362 -0.605260 -0.795947 0.984375 0.706055 1 0 1.0
Default
0 -13.556245 -0.000000 -3.161535 0.150846 -0.957511 -0.245802 0.984375 0.706055 1 0 1.0
0 -10.453830 -0.000000 -1.119536 0.150846 -0.957511 -0.245802 0.984375 0.706055 1 0 1.0
0 -10.453830 -0.137576 -0.721693 0.150846 -0.957511 -0.245802 0.984375 0.706055 1 0 1.0
Default
0 -12.955759 -0.103451 -2.251955 0.150846 -0.957511 -0.245802 0.984375 0.706055 1 0 1.0
0 -13.556245 -0.000000 -3.161535 0.150846 -0.957511 -0.245802 0.984375 0.706055 1 0 1.0
0 -10.453830 -0.137576 -0.721693 0.150846 -0.957511 -0.245802 0.984375 0.706055 1 0 1.0
Default
0 -13.556245 -0.000000 -3.161535 -0.177435 -0.984079 0.010240 0.984375 0.706055 1 0 1.0
0 -12.955759 -0.103451 -2.251955 -0.177435 -0.984079 0.010240 0.984375 0.706055 1 0 1.0
0 -12.808446 -0.103451 -0.145621 -0.178328 -0.983964 -0.003771 0.984375 0.706055 1 0 1.0
Default
0 -13.409936 -0.000000 -0.179888 -0.178328 -0.983964 -0.003771 0.984375 0.706055 1 0 1.0
0 -13.556245 -0.000000 -3.161535 -0.177435 -0.984079 0.010240 0.984375 0.706055 1 0 1.0
0 -12.808446 -0.103451 -0.145621 -0.178328 -0.983964 -0.003771 0.984375 0.706055 1 0 1.0
Default
0 -13.658661 -0.000000 2.699342 -0.179185 -0.983655 -0.017781 0.984375 0.706055 1 0 1.0
0 -13.409936 -0.000000 -0.179888 -0.178328 -0.983964 -0.003771 0.984375 0.706055 1 0 1.0
0 -12.808446 -0.103451 -0.145621 -0.178328 -0.983964 -0.003771 0.984375 0.706055 1 0 1.0
Default
0 -12.993446 -0.103451 1.346020 -0.179185 -0.983655 -0.017781 0.984375 0.706055 1 0 1.0
0 -13.658661 -0.000000 2.699342 -0.179185 -0.983655 -0.017781 0.984375 0.706055 1 0 1.0
0 -12.808446 -0.103451 -0.145621 -0.178328 -0.983964 -0.003771 0.984375 0.706055 1 0 1.0
Default
0 10.546172 -0.239212 1.999772 0.413333 0.000000 0.910580 0.987305 0.641113 1 0 1.0
0 12.773634 -0.145400 0.988676 0.413333 0.000000 0.910580 0.987305 0.641113 1 0 1.0
0 12.773634 -0.000000 0.988676 0.413333 0.000000 0.910580 0.987305 0.641113 1 0 1.0
Default
0 10.546172 -0.000000 1.999772 0.413333 0.000000 0.910580 0.987305 0.641113 1 0 1.0
0 10.546172 -0.239212 1.999772 0.413333 0.000000 0.910580 0.987305 0.641113 1 0 1.0
0 12.773634 -0.000000 0.988676 0.413333 0.000000 0.910580 0.987305 0.641113 1 0 1.0
Default
0 10.546172 0.239212 1.999772 0.413333 0.000000 0.910580 0.987305 0.641113 1 0 1.0
0 10.546172 -0.000000 1.999772 0.413333 0.000000 0.910580 0.987305 0.641113 1 0 1.0
0 12.773634 -0.000000 0.988676 0.413333 0.000000 0.910580 0.987305 0.641113 1 0 1.0
Default
0 12.773634 0.145400 0.988676 0.413333 0.000000 0.910580 0.987305 0.641113 1 0 1.0
0 10.546172 0.239212 1.999772 0.413333 0.000000 0.910580 0.987305 0.641113 1 0 1.0
0 12.773634 -0.000000 0.988676 0.413333 0.000000 0.910580 0.987305 0.641113 1 0 1.0
Default
0 7.941206 -1.054782 1.616554 0.029576 -0.935115 0.353107 0.987305 0.641113 1 0 1.0
0 2.312175 -1.109840 1.958581 0.029576 -0.935115 0.353107 0.987305 0.641113 1 0 1.0
0 7.941206 -1.638749 0.086415 0.029576 -0.935115 0.353107 0.987305 0.641113 1 0 1.0
Default
0 2.312175 -1.109840 1.958581 0.029576 -0.935115 0.353107 0.987305 0.641113 1 0 1.0
0 2.623003 -1.860751 -0.072402 0.029576 -0.935115 0.353107 0.987305 0.641113 1 0 1.0
0 7.941206 -1.638749 0.086415 0.029576 -0.935115 0.353107 0.987305 0.641113 1 0 1.0
Default
0 2.312175 -1.109840 1.958581 0.029576 -0.935115 0.353107 0.987305 0.641113 1 0 1.0
0 -0.638157 -1.153734 1.658318 -0.031404 -0.941256 0.336231 0.987305 0.641113 1 0 1.0
0 2.623003 -1.860751 -0.072402 0.029576 -0.935115 0.353107 0.987305 0.641113 1 0 1.0
Default
0 -0.638157 -1.153734 1.658318 -0.031404 -0.941256 0.336231 0.987305 0.641113 1 0 1.0
0 -0.638157 -1.838411 -0.151576 -0.031404 -0.941256 0.336231 0.987305 0.641113 1 0 1.0
0 2.623003 -1.860751 -0.072402 0.029576 -0.935115 0.353107 0.987305 0.641113 1 0 1.0
Default
0 -0.638157 -1.153734 1.658318 -0.031404 -0.941256 0.336231 0.987305 0.641113 1 0 1.0
0 -1.934600 -1.191988 1.557331 -0.044743 -0.945145 0.323574 0.987305 0.641113 1 0 1.0
0 -0.638157 -1.838411 -0.151576 -0.031404 -0.941256 0.336231 0.987305 0.641113 1 0 1.0
Default
0 -1.934600 -1.191988 1.557331 -0.044743 -0.945145 0.323574 0.987305 0.641113 1 0 1.0
0 -1.934600 -1.693031 -0.096213 -0.044743 -0.945145 0.323574 0.987305 0.641113 1 0 1.0
0 -0.638157 -1.838411 -0.151576 -0.031404 -0.941256 0.336231 0.987305 0.641113 1 0 1.0
Default
0 -1.934600 -1.191988 1.557331 -0.081403 -0.954981 0.285280 0.987305 0.641113 1 0 1.0
0 -3.269263 -1.157671 1.315077 -0.094165 -0.950198 0.297079 0.987305 0.641113 1 0 1.0
0 -1.934600 -1.693031 -0.096213 -0.081403 -0.954981 0.285280 0.987305 0.641113 1 0 1.0
Default
0 -3.269263 -1.157671 1.315077 -0.094165 -0.950198 0.297079 0.987305 0.641113 1 0 1.0
0 -3.269263 -1.563361 -0.066687 -0.094165 -0.950198 0.297079 0.987305 0.641113 1 0 1.0
0 -1.934600 -1.693031 -0.096213 -0.081403 -0.954981 0.285280 0.987305 0.641113 1 0 1.0
Default
0 -3.269263 -1.157671 1.315077 -0.094165 -0.950198 0.297079 0.987305 0.641113 1 0 1.0
0 -5.041772 -1.067329 0.837924 -0.106897 -0.945107 0.308781 0.987305 0.641113 1 0 1.0
0 -3.269263 -1.563361 -0.066687 -0.094165 -0.950198 0.297079 0.987305 0.641113 1 0 1.0
Default
0 -5.041772 -1.067329 0.837924 -0.106897 -0.945107 0.308781 0.987305 0.641113 1 0 1.0
0 -5.041772 -1.443980 -0.174868 -0.106897 -0.945107 0.308781 0.987305 0.641113 1 0 1.0
0 -3.269263 -1.563361 -0.066687 -0.094165 -0.950198 0.297079 0.987305 0.641113 1 0 1.0
Default
0 -6.927131 -0.944235 0.046738 -0.207894 -0.925150 0.317612 0.987305 0.641113 1 0 1.0
0 -6.768386 -1.052836 -0.250020 -0.207894 -0.925150 0.317612 0.987305 0.641113 1 0 1.0
0 -5.041772 -1.443980 -0.174868 -0.207894 -0.925150 0.317612 0.987305 0.641113 1 0 1.0
Default
0 -5.041772 -1.067329 0.837924 -0.207894 -0.925150 0.317612 0.987305 0.641113 1 0 1.0
0 -6.927131 -0.944235 0.046738 -0.207894 -0.925150 0.317612 0.987305 0.641113 1 0 1.0
0 -5.041772 -1.443980 -0.174868 -0.207894 -0.925150 0.317612 0.987305 0.641113 1 0 1.0
Default
0 -8.601662 -0.185220 0.538964 -0.291194 -0.699708 0.652391 0.987305 0.641113 1 0 1.0
0 -7.121152 -0.334277 1.219181 -0.291194 -0.699708 0.652391 0.987305 0.641113 1 0 1.0
0 -7.121152 -0.167138 1.219181 -0.291194 -0.699708 0.652391 0.987305 0.641113 1 0 1.0
Default
0 -8.601662 -0.092610 0.817552 -0.291194 -0.699708 0.652391 0.987305 0.641113 1 0 1.0
0 -8.601662 -0.185220 0.538964 -0.291194 -0.699708 0.652391 0.987305 0.641113 1 0 1.0
0 -7.121152 -0.167138 1.219181 -0.291194 -0.699708 0.652391 0.987305 0.641113 1 0 1.0
Default
0 -12.808446 -0.103451 -0.145621 -0.014295 -0.999898 -0.000269 0.985840 0.883301 1 0 1.0
0 -12.955759 -0.103451 -2.251955 -0.014290 -0.999898 0.000822 0.985840 0.883301 1 0 1.0
0 -10.453830 -0.137576 -0.721693 -0.014290 -0.999898 0.000822 0.985840 0.883301 1 0 1.0
Default
0 -10.453830 -0.137576 -0.267755 -0.014295 -0.999898 -0.000269 0.985840 0.883301 1 0 1.0
0 -12.808446 -0.103451 -0.145621 -0.014295 -0.999898 -0.000269 0.985840 0.883301 1 0 1.0
0 -10.453830 -0.137576 -0.721693 -0.014290 -0.999898 0.000822 0.985840 0.883301 1 0 1.0
Default
0 -6.680194 -0.944235 -1.218848 -0.222126 -0.968227 -0.114878 0.985840 0.883301 1 0 1.0
0 -5.041772 -1.443980 -0.174868 -0.222126 -0.968227 -0.114878 0.985840 0.883301 1 0 1.0
0 -6.768386 -1.052836 -0.250020 -0.213818 -0.968448 -0.128023 0.985840 0.883301 1 0 1.0
Default
0 -5.037533 -1.303828 -1.518082 -0.230381 -0.967771 -0.101705 0.985840 0.883301 1 0 1.0
0 -5.041772 -1.443980 -0.174868 -0.222126 -0.968227 -0.114878 0.985840 0.883301 1 0 1.0
0 -6.680194 -0.944235 -1.218848 -0.222126 -0.968227 -0.114878 0.985840 0.883301 1 0 1.0
Default
0 -5.041772 -1.443980 -0.174868 -0.099761 -0.993429 -0.056099 0.985840 0.883301 1 0 1.0
0 -5.037533 -1.303828 -1.518082 -0.099761 -0.993429 -0.056099 0.985840 0.883301 1 0 1.0
0 -3.265023 -1.534492 -1.731634 -0.088972 -0.995037 -0.044559 0.985840 0.883301 1 0 1.0
Default
0 -3.269263 -1.563361 -0.066687 -0.088972 -0.995037 -0.044559 0.985840 0.883301 1 0 1.0
0 -5.041772 -1.443980 -0.174868 -0.099761 -0.993429 -0.056099 0.985840 0.883301 1 0 1.0
0 -3.265023 -1.534492 -1.731634 -0.088972 -0.995037 -0.044559 0.985840 0.883301 1 0 1.0
Default
0 -3.269263 -1.563361 -0.066687 -0.088972 -0.995037 -0.044559 0.985840 0.883301 1 0 1.0
0 -3.265023 -1.534492 -1.731634 -0.088972 -0.995037 -0.044559 0.985840 0.883301 1 0 1.0
0 -1.930286 -1.610502 -1.814262 -0.078160 -0.996394 -0.033008 0.985840 0.883301 1 0 1.0
Default
0 -1.934600 -1.693031 -0.096213 -0.078160 -0.996394 -0.033008 0.985840 0.883301 1 0 1.0
0 -3.269263 -1.563361 -0.066687 -0.088972 -0.995037 -0.044559 0.985840 0.883301 1 0 1.0
0 -1.930286 -1.610502 -1.814262 -0.078160 -0.996394 -0.033008 0.985840 0.883301 1 0 1.0
Default
0 -0.638157 -1.838411 -0.151576 0.001040 -0.991187 -0.132469 0.985840 0.883301 1 0 1.0
0 -0.633732 -1.616719 -1.923899 0.001040 -0.991187 -0.132469 0.985840 0.883301 1 0 1.0
0 2.659530 -1.599617 -1.912450 0.016633 -0.992808 -0.118556 0.985840 0.883301 1 0 1.0
Default
0 2.623003 -1.860751 -0.072402 0.016633 -0.992808 -0.118556 0.985840 0.883301 1 0 1.0
0 -0.638157 -1.838411 -0.151576 0.001040 -0.991187 -0.132469 0.985840 0.883301 1 0 1.0
0 2.659530 -1.599617 -1.912450 0.016633 -0.992808 -0.118556 0.985840 0.883301 1 0 1.0
Default
0 2.623003 -1.860751 -0.072402 0.016633 -0.992808 -0.118556 0.985840 0.883301 1 0 1.0
0 2.659530 -1.599617 -1.912450 0.016633 -0.992808 -0.118556 0.985840 0.883301 1 0 1.0
0 7.945490 -1.498778 -1.872904 0.032218 -0.993993 -0.104591 0.985840 0.883301 1 0 1.0
Default
0 7.941206 -1.638749 0.086415 0.032218 -0.993993 -0.104591 0.985840 0.883301 1 0 1.0
0 2.623003 -1.860751 -0.072402 0.016633 -0.992808 -0.118556 0.985840 0.883301 1 0 1.0
0 7.945490 -1.498778 -1.872904 0.032218 -0.993993 -0.104591 0.985840 0.883301 1 0 1.0
Default
0 7.941206 -1.638749 0.086415 0.134943 -0.988589 -0.066956 0.985840 0.883301 1 0 1.0
0 7.945490 -1.498778 -1.872904 0.134943 -0.988589 -0.066956 0.985840 0.883301 1 0 1.0
0 10.551948 -1.178481 -1.447663 0.134943 -0.988589 -0.066956 0.985840 0.883301 1 0 1.0
Default
0 10.546172 -1.270105 -0.007801 0.134943 -0.988589 -0.066956 0.985840 0.883301 1 0 1.0
0 7.941206 -1.638749 0.086415 0.134943 -0.988589 -0.066956 0.985840 0.883301 1 0 1.0
0 10.551948 -1.178481 -1.447663 0.134943 -0.988589 -0.066956 0.985840 0.883301 1 0 1.0
Default
0 7.941206 -1.054782 1.616554 0.148225 -0.921174 0.359817 0.987305 0.641113 1 0 1.0
0 7.941206 -1.638749 0.086415 0.148225 -0.921174 0.359817 0.987305 0.641113 1 0 1.0
0 10.546172 -1.270105 -0.007801 0.148225 -0.921174 0.359817 0.987305 0.641113 1 0 1.0
Default
0 10.546172 -0.783235 1.203532 0.148225 -0.921174 0.359817 0.987305 0.641113 1 0 1.0
0 7.941206 -1.054782 1.616554 0.148225 -0.921174 0.359817 0.987305 0.641113 1 0 1.0
0 10.546172 -1.270105 -0.007801 0.148225 -0.921174 0.359817 0.987305 0.641113 1 0 1.0
Default
0 7.941206 -0.340026 2.760431 0.280298 0.000000 0.959913 0.987305 0.641113 1 0 1.0
0 10.546172 -0.239212 1.999772 0.280298 0.000000 0.959913 0.987305 0.641113 1 0 1.0
0 10.546172 -0.000000 1.999772 0.280298 0.000000 0.959913 0.987305 0.641113 1 0 1.0
Default
0 7.941206 -0.000000 2.760431 0.280298 0.000000 0.959913 0.987305 0.641113 1 0 1.0
0 7.941206 -0.340026 2.760431 0.280298 0.000000 0.959913 0.987305 0.641113 1 0 1.0
0 10.546172 -0.000000 1.999772 0.280298 0.000000 0.959913 0.987305 0.641113 1 0 1.0
Default
0 7.941206 0.340026 2.760431 0.280298 0.000000 0.959913 0.987305 0.641113 1 0 1.0
0 7.941206 -0.000000 2.760431 0.280298 0.000000 0.959913 0.987305 0.641113 1 0 1.0
0 10.546172 -0.000000 1.999772 0.280298 0.000000 0.959913 0.987305 0.641113 1 0 1.0
Default
0 10.546172 0.239212 1.999772 0.280298 0.000000 0.959913 0.987305 0.641113 1 0 1.0
0 7.941206 0.340026 2.760431 0.280298 0.000000 0.959913 0.987305 0.641113 1 0 1.0
0 10.546172 -0.000000 1.999772 0.280298 0.000000 0.959913 0.987305 0.641113 1 0 1.0
Default
0 2.181476 -0.000000 3.156512 0.068605 0.000000 0.997644 0.987305 0.641113 1 0 1.0
0 2.181476 -0.479993 3.156512 0.068605 0.000000 0.997644 0.987305 0.641113 1 0 1.0
0 7.941206 -0.340026 2.760431 0.068605 0.000000 0.997644 0.987305 0.641113 1 0 1.0
Default
0 7.941206 -0.340026 2.760431 0.068605 0.000000 0.997644 0.987305 0.641113 1 0 1.0
0 7.941206 -0.000000 2.760431 0.068605 0.000000 0.997644 0.987305 0.641113 1 0 1.0
0 2.181476 -0.000000 3.156512 0.068605 0.000000 0.997644 0.987305 0.641113 1 0 1.0
Default
0 2.181476 0.479993 3.156512 0.068605 0.000000 0.997644 0.987305 0.641113 1 0 1.0
0 2.181476 -0.000000 3.156512 0.068605 0.000000 0.997644 0.987305 0.641113 1 0 1.0
0 7.941206 -0.000000 2.760431 0.068605 0.000000 0.997644 0.987305 0.641113 1 0 1.0
Default
0 7.941206 -0.000000 2.760431 0.068605 0.000000 0.997644 0.987305 0.641113 1 0 1.0
0 7.941206 0.340026 2.760431 0.068605 0.000000 0.997644 0.987305 0.641113 1 0 1.0
0 2.181476 0.479993 3.156512 0.068605 0.000000 0.997644 0.987305 0.641113 1 0 1.0
Default
0 -0.638157 -0.479993 2.872805 -0.100113 0.000000 0.994976 0.987305 0.641113 1 0 1.0
0 2.181476 -0.479993 3.156512 -0.100113 0.000000 0.994976 0.987305 0.641113 1 0 1.0
0 2.181476 -0.113540 3.156512 -0.100113 0.000000 0.994976 0.987305 0.641113 1 0 1.0
Default
0 -0.638157 -0.277728 2.872805 -0.100113 0.000000 0.994976 0.987305 0.641113 1 0 1.0
0 -0.638157 -0.479993 2.872805 -0.100113 0.000000 0.994976 0.987305 0.641113 1 0 1.0
0 2.181476 -0.113540 3.156512 -0.100113 0.000000 0.994976 0.987305 0.641113 1 0 1.0
Default
0 -3.269263 -0.480319 2.388797 -0.205714 0.000000 0.978612 0.987305 0.641113 1 0 1.0
0 -1.934597 -0.473855 2.669357 -0.205714 0.000000 0.978612 0.987305 0.641113 1 0 1.0
0 -1.934597 -0.193907 2.669357 -0.205714 0.000000 0.978612 0.987305 0.641113 1 0 1.0
Default
0 -3.269262 -0.206210 2.388797 -0.205714 0.000000 0.978612 0.987305 0.641113 1 0 1.0
0 -3.269263 -0.480319 2.388797 -0.205714 0.000000 0.978612 0.987305 0.641113 1 0 1.0
0 -1.934597 -0.193907 2.669357 -0.205714 0.000000 0.978612 0.987305 0.641113 1 0 1.0
Default
0 -3.269262 -0.206210 2.388797 -0.205714 0.000000 0.978612 0.987305 0.641113 1 0 1.0
0 -1.934597 -0.193907 2.669357 -0.205714 0.000000 0.978612 0.987305 0.641113 1 0 1.0
0 -1.934597 -0.000000 2.669357 -0.205714 0.000000 0.978612 0.987305 0.641113 1 0 1.0
Default
0 -3.269262 -0.000000 2.388797 -0.205714 0.000000 0.978612 0.987305 0.641113 1 0 1.0
0 -3.269262 -0.206210 2.388797 -0.205714 0.000000 0.978612 0.987305 0.641113 1 0 1.0
0 -1.934597 -0.000000 2.669357 -0.205714 0.000000 0.978612 0.987305 0.641113 1 0 1.0
Default
0 -3.269262 0.206210 2.388797 -0.205714 0.000000 0.978612 0.987305 0.641113 1 0 1.0
0 -3.269262 -0.000000 2.388797 -0.205714 0.000000 0.978612 0.987305 0.641113 1 0 1.0
0 -1.934597 -0.000000 2.669357 -0.205714 0.000000 0.978612 0.987305 0.641113 1 0 1.0
Default
0 -1.934597 0.193907 2.669357 -0.205714 0.000000 0.978612 0.987305 0.641113 1 0 1.0
0 -3.269262 0.206210 2.388797 -0.205714 0.000000 0.978612 0.987305 0.641113 1 0 1.0
0 -1.934597 -0.000000 2.669357 -0.205714 0.000000 0.978612 0.987305 0.641113 1 0 1.0
Default
0 -3.269263 0.480319 2.388797 -0.205714 0.000000 0.978612 0.987305 0.641113 1 0 1.0
0 -3.269262 0.206210 2.388797 -0.205714 0.000000 0.978612 0.987305 0.641113 1 0 1.0
0 -1.934597 0.193907 2.669357 -0.205714 0.000000 0.978612 0.987305 0.641113 1 0 1.0
Default
0 -1.934597 0.473855 2.669357 -0.205714 0.000000 0.978612 0.987305 0.641113 1 0 1.0
0 -3.269263 0.480319 2.388797 -0.205714 0.000000 0.978612 0.987305 0.641113 1 0 1.0
0 -1.934597 0.193907 2.669357 -0.205714 0.000000 0.978612 0.987305 0.641113 1 0 1.0
Default
0 -6.611582 -0.431882 1.388607 -0.301131 0.000000 0.953583 0.987305 0.641113 1 0 1.0
0 -3.269263 -0.480319 2.388797 -0.286689 0.000000 0.958024 0.987305 0.641113 1 0 1.0
0 -3.269262 -0.206210 2.388797 -0.286689 0.000000 0.958024 0.987305 0.641113 1 0 1.0
Default
0 -6.611582 -0.206210 1.388607 -0.296324 0.000000 0.955087 0.987305 0.641113 1 0 1.0
0 -6.611582 -0.431882 1.388607 -0.301131 0.000000 0.953583 0.987305 0.641113 1 0 1.0
0 -3.269262 -0.206210 2.388797 -0.286689 0.000000 0.958024 0.987305 0.641113 1 0 1.0
Default
0 -6.611582 -0.431882 1.388607 -0.301131 0.000000 0.953583 0.987305 0.641113 1 0 1.0
0 -6.611582 -0.206210 1.388607 -0.296324 0.000000 0.955087 0.987305 0.641113 1 0 1.0
0 -7.121152 -0.334277 1.219181 -0.315504 0.000000 0.948924 0.987305 0.641113 1 0 1.0
Default
0 -6.611582 -0.206210 1.388607 -0.296324 0.000000 0.955087 0.987305 0.641113 1 0 1.0
0 -7.121152 -0.167138 1.219181 -0.315504 0.000000 0.948924 0.987305 0.641113 1 0 1.0
0 -7.121152 -0.334277 1.219181 -0.315504 0.000000 0.948924 0.987305 0.641113 1 0 1.0
Default
0 -6.611582 -0.206210 1.388607 -0.296324 0.000000 0.955087 0.987305 0.641113 1 0 1.0
0 -3.269262 -0.206210 2.388797 -0.286689 0.000000 0.958024 0.987305 0.641113 1 0 1.0
0 -3.269262 -0.000000 2.388797 -0.286689 0.000000 0.958024 0.987305 0.641113 1 0 1.0
Default
0 -6.611582 -0.000000 1.388607 -0.286689 0.000000 0.958024 0.987305 0.641113 1 0 1.0
0 -6.611582 -0.206210 1.388607 -0.296324 0.000000 0.955087 0.987305 0.641113 1 0 1.0
0 -3.269262 -0.000000 2.388797 -0.286689 0.000000 0.958024 0.987305 0.641113 1 0 1.0
Default
0 -6.611582 0.206210 1.388607 -0.296324 0.000000 0.955087 0.987305 0.641113 1 0 1.0
0 -6.611582 -0.000000 1.388607 -0.286689 0.000000 0.958024 0.987305 0.641113 1 0 1.0
0 -3.269262 -0.000000 2.388797 -0.286689 0.000000 0.958024 0.987305 0.641113 1 0 1.0
Default
0 -3.269262 0.206210 2.388797 -0.286689 0.000000 0.958024 0.987305 0.641113 1 0 1.0
0 -6.611582 0.206210 1.388607 -0.296324 0.000000 0.955087 0.987305 0.641113 1 0 1.0
0 -3.269262 -0.000000 2.388797 -0.286689 0.000000 0.958024 0.987305 0.641113 1 0 1.0
Default
0 -6.611582 0.431882 1.388607 -0.301131 0.000000 0.953583 0.987305 0.641113 1 0 1.0
0 -6.611582 0.206210 1.388607 -0.296324 0.000000 0.955087 0.987305 0.641113 1 0 1.0
0 -3.269262 0.206210 2.388797 -0.286689 0.000000 0.958024 0.987305 0.641113 1 0 1.0
Default
0 -3.269263 0.480319 2.388797 -0.286689 0.000000 0.958024 0.987305 0.641113 1 0 1.0
0 -6.611582 0.431882 1.388607 -0.301131 0.000000 0.953583 0.987305 0.641113 1 0 1.0
0 -3.269262 0.206210 2.388797 -0.286689 0.000000 0.958024 0.987305 0.641113 1 0 1.0
Default
0 -6.611582 0.206210 1.388607 -0.296324 0.000000 0.955087 0.987305 0.641113 1 0 1.0
0 -6.611582 0.431882 1.388607 -0.301131 0.000000 0.953583 0.987305 0.641113 1 0 1.0
0 -7.121152 0.334277 1.219181 -0.315504 0.000000 0.948924 0.987305 0.641113 1 0 1.0
Default
0 -7.121152 0.167138 1.219181 -0.315504 0.000000 0.948924 0.987305 0.641113 1 0 1.0
0 -6.611582 0.206210 1.388607 -0.296324 0.000000 0.955087 0.987305 0.641113 1 0 1.0
0 -7.121152 0.334277 1.219181 -0.315504 0.000000 0.948924 0.987305 0.641113 1 0 1.0
Default
0 -8.566056 -0.000000 1.586806 -0.102070 -0.987601 0.119273 0.984375 0.706055 1 0 1.0
0 -8.673743 -0.000000 1.153278 -0.111405 -0.986026 0.123864 0.984375 0.706055 1 0 1.0
0 -8.601662 -0.092610 0.817552 -0.111405 -0.986026 0.123864 0.984375 0.706055 1 0 1.0
Default
0 -7.121152 -0.167138 1.219181 -0.102070 -0.987601 0.119273 0.984375 0.706055 1 0 1.0
0 -8.566056 -0.000000 1.586806 -0.102070 -0.987601 0.119273 0.984375 0.706055 1 0 1.0
0 -8.601662 -0.092610 0.817552 -0.111405 -0.986026 0.123864 0.984375 0.706055 1 0 1.0
Default
0 -8.153146 -0.000000 1.826314 -0.092724 -0.989067 0.114670 0.984375 0.706055 1 0 1.0
0 -8.566056 -0.000000 1.586806 -0.102070 -0.987601 0.119273 0.984375 0.706055 1 0 1.0
0 -7.121152 -0.167138 1.219181 -0.102070 -0.987601 0.119273 0.984375 0.706055 1 0 1.0
Default
0 -6.611582 -0.206210 1.388607 -0.092724 -0.989067 0.114670 0.984375 0.706055 1 0 1.0
0 -8.153146 -0.000000 1.826314 -0.092724 -0.989067 0.114670 0.984375 0.706055 1 0 1.0
0 -7.121152 -0.167138 1.219181 -0.102070 -0.987601 0.119273 0.984375 0.706055 1 0 1.0
Default
0 -10.453830 -0.000000 -1.119536 -0.061176 -0.941962 -0.330100 0.985840 0.883301 1 0 1.0
0 -7.793240 -0.000000 -1.590383 -0.059114 -0.940706 -0.334032 0.985840 0.883301 1 0 1.0
0 -8.601662 -0.414256 -0.280684 -0.061176 -0.941962 -0.330100 0.985840 0.883301 1 0 1.0
Default
0 -8.601662 -0.414256 -0.280684 -0.061176 -0.941962 -0.330100 0.985840 0.883301 1 0 1.0
0 -10.453830 -0.137576 -0.721693 -0.063236 -0.943197 -0.326161 0.985840 0.883301 1 0 1.0
0 -10.453830 -0.000000 -1.119536 -0.061176 -0.941962 -0.330100 0.985840 0.883301 1 0 1.0
Default
0 -10.453830 -0.137576 0.186344 -0.147742 -0.989026 0.000000 0.987305 0.641113 1 0 1.0
0 -10.453830 -0.137576 -0.267755 -0.147742 -0.989026 0.000000 0.987305 0.641113 1 0 1.0
0 -8.601662 -0.414256 -0.267794 -0.147742 -0.989026 0.000000 0.987305 0.641113 1 0 1.0
Default
0 -8.601662 -0.414256 -0.260597 -0.147742 -0.989026 0.000000 0.987305 0.641113 1 0 1.0
0 -10.453830 -0.137576 0.186344 -0.147742 -0.989026 0.000000 0.987305 0.641113 1 0 1.0
0 -8.601662 -0.414256 -0.267794 -0.147742 -0.989026 0.000000 0.987305 0.641113 1 0 1.0
Default
0 -10.453830 -0.137576 -0.267755 -0.147742 -0.989026 0.000000 0.985840 0.883301 1 0 1.0
0 -10.453830 -0.137576 -0.721693 -0.147742 -0.989026 0.000000 0.985840 0.883301 1 0 1.0
0 -8.601662 -0.414256 -0.280684 -0.147742 -0.989026 0.000000 0.985840 0.883301 1 0 1.0
Default
0 -8.601662 -0.414256 -0.267794 -0.147742 -0.989026 0.000000 0.985840 0.883301 1 0 1.0
0 -10.453830 -0.137576 -0.267755 -0.147742 -0.989026 0.000000 0.985840 0.883301 1 0 1.0
0 -8.601662 -0.414256 -0.280684 -0.147742 -0.989026 0.000000 0.985840 0.883301 1 0 1.0
Default
0 -8.601662 -0.414256 -0.260597 -0.325389 -0.931449 0.162863 0.987305 0.641113 1 0 1.0
0 -8.601662 -0.414256 -0.267794 -0.325389 -0.931449 0.162863 0.987305 0.641113 1 0 1.0
0 -6.768386 -1.052836 -0.250020 -0.325389 -0.931449 0.162863 0.987305 0.641113 1 0 1.0
Default
0 -6.927131 -0.944235 0.046738 -0.325389 -0.931449 0.162863 0.987305 0.641113 1 0 1.0
0 -8.601662 -0.414256 -0.260597 -0.325389 -0.931449 0.162863 0.987305 0.641113 1 0 1.0
0 -6.768386 -1.052836 -0.250020 -0.325389 -0.931449 0.162863 0.987305 0.641113 1 0 1.0
Default
0 -6.486173 -0.334277 -1.782514 -0.145432 0.000000 -0.989368 0.985840 0.883301 1 0 1.0
0 -7.793240 -0.185220 -1.590383 -0.145432 0.000000 -0.989368 0.985840 0.883301 1 0 1.0
0 -7.793240 -0.092610 -1.590383 -0.145432 0.000000 -0.989368 0.985840 0.883301 1 0 1.0
Default
0 -6.486173 -0.167138 -1.782514 -0.145432 0.000000 -0.989368 0.985840 0.883301 1 0 1.0
0 -6.486173 -0.334277 -1.782514 -0.145432 0.000000 -0.989368 0.985840 0.883301 1 0 1.0
0 -7.793240 -0.092610 -1.590383 -0.145432 0.000000 -0.989368 0.985840 0.883301 1 0 1.0
Default
0 -8.601662 -0.414256 -0.267794 -0.324052 -0.936682 -0.132730 0.985840 0.883301 1 0 1.0
0 -8.601662 -0.414256 -0.280684 -0.324052 -0.936682 -0.132730 0.985840 0.883301 1 0 1.0
0 -6.680194 -0.944235 -1.218848 -0.324052 -0.936682 -0.132730 0.985840 0.883301 1 0 1.0
Default
0 -6.768386 -1.052836 -0.250020 -0.324052 -0.936682 -0.132730 0.985840 0.883301 1 0 1.0
0 -8.601662 -0.414256 -0.267794 -0.324052 -0.936682 -0.132730 0.985840 0.883301 1 0 1.0
0 -6.680194 -0.944235 -1.218848 -0.324052 -0.936682 -0.132730 0.985840 0.883301 1 0 1.0
Default
0 -5.041772 -0.206210 -2.740618 -0.346746 0.000000 -0.937959 0.985840 0.883301 1 0 1.0
0 -5.041772 -0.483899 -2.740618 -0.346746 0.000000 -0.937959 0.985840 0.883301 1 0 1.0
0 -5.512436 -0.596860 -2.566623 -0.346746 0.000000 -0.937959 0.985840 0.883301 1 0 1.0
Default
0 -5.512436 -0.596860 -2.566623 -0.346746 0.000000 -0.937959 0.985840 0.883301 1 0 1.0
0 -5.041772 -0.000000 -2.740618 -0.346746 0.000000 -0.937959 0.985840 0.883301 1 0 1.0
0 -5.041772 -0.206210 -2.740618 -0.346746 0.000000 -0.937959 0.985840 0.883301 1 0 1.0
Default
0 -5.512436 -0.596860 -2.566623 -0.346746 0.000000 -0.937959 0.985840 0.883301 1 0 1.0
0 -5.512436 -0.000000 -2.566623 -0.346746 0.000000 -0.937959 0.985840 0.883301 1 0 1.0
0 -5.041772 -0.000000 -2.740618 -0.346746 0.000000 -0.937959 0.985840 0.883301 1 0 1.0
Default
0 -5.041772 0.206210 -2.740618 -0.346746 0.000000 -0.937959 0.985840 0.883301 1 0 1.0
0 -5.041772 -0.000000 -2.740618 -0.346746 0.000000 -0.937959 0.985840 0.883301 1 0 1.0
0 -5.512436 -0.000000 -2.566623 -0.346746 0.000000 -0.937959 0.985840 0.883301 1 0 1.0
Default
0 -5.512436 -0.000000 -2.566623 -0.346746 0.000000 -0.937959 0.985840 0.883301 1 0 1.0
0 -5.041772 0.483899 -2.740618 -0.346746 0.000000 -0.937959 0.985840 0.883301 1 0 1.0
0 -5.041772 0.206210 -2.740618 -0.346746 0.000000 -0.937959 0.985840 0.883301 1 0 1.0
Default
0 -5.512436 -0.000000 -2.566623 -0.346746 0.000000 -0.937959 0.985840 0.883301 1 0 1.0
0 -5.512436 0.596860 -2.566623 -0.346746 0.000000 -0.937959 0.985840 0.883301 1 0 1.0
0 -5.041772 0.483899 -2.740618 -0.346746 0.000000 -0.937959 0.985840 0.883301 1 0 1.0
Default
0 -3.269263 -0.483899 -3.127893 -0.213454 0.000000 -0.976953 0.985840 0.883301 1 0 1.0
0 -5.041772 -0.483899 -2.740618 -0.213454 0.000000 -0.976953 0.985840 0.883301 1 0 1.0
0 -5.041772 -0.206210 -2.740618 -0.213454 0.000000 -0.976953 0.985840 0.883301 1 0 1.0
Default
0 -3.269263 -0.206210 -3.127893 -0.213454 0.000000 -0.976953 0.985840 0.883301 1 0 1.0
0 -3.269263 -0.483899 -3.127893 -0.213454 0.000000 -0.976953 0.985840 0.883301 1 0 1.0
0 -5.041772 -0.206210 -2.740618 -0.213454 0.000000 -0.976953 0.985840 0.883301 1 0 1.0
Default
0 -3.269263 -0.206210 -3.127893 -0.213454 0.000000 -0.976953 0.985840 0.883301 1 0 1.0
0 -5.041772 -0.206210 -2.740618 -0.213454 0.000000 -0.976953 0.985840 0.883301 1 0 1.0
0 -5.041772 -0.000000 -2.740618 -0.213454 0.000000 -0.976953 0.985840 0.883301 1 0 1.0
Default
0 -3.269263 -0.000000 -3.127893 -0.213454 0.000000 -0.976953 0.985840 0.883301 1 0 1.0
0 -3.269263 -0.206210 -3.127893 -0.213454 0.000000 -0.976953 0.985840 0.883301 1 0 1.0
0 -5.041772 -0.000000 -2.740618 -0.213454 0.000000 -0.976953 0.985840 0.883301 1 0 1.0
Default
0 -3.269263 0.206210 -3.127893 -0.213454 0.000000 -0.976953 0.985840 0.883301 1 0 1.0
0 -3.269263 -0.000000 -3.127893 -0.213454 0.000000 -0.976953 0.985840 0.883301 1 0 1.0
0 -5.041772 -0.000000 -2.740618 -0.213454 0.000000 -0.976953 0.985840 0.883301 1 0 1.0
Default
0 -5.041772 0.206210 -2.740618 -0.213454 0.000000 -0.976953 0.985840 0.883301 1 0 1.0
0 -3.269263 0.206210 -3.127893 -0.213454 0.000000 -0.976953 0.985840 0.883301 1 0 1.0
0 -5.041772 -0.000000 -2.740618 -0.213454 0.000000 -0.976953 0.985840 0.883301 1 0 1.0
Default
0 -3.269263 0.483899 -3.127893 -0.213454 0.000000 -0.976953 0.985840 0.883301 1 0 1.0
0 -3.269263 0.206210 -3.127893 -0.213454 0.000000 -0.976953 0.985840 0.883301 1 0 1.0
0 -5.041772 0.206210 -2.740618 -0.213454 0.000000 -0.976953 0.985840 0.883301 1 0 1.0
Default
0 -5.041772 0.483899 -2.740618 -0.213454 0.000000 -0.976953 0.985840 0.883301 1 0 1.0
0 -3.269263 0.483899 -3.127893 -0.213454 0.000000 -0.976953 0.985840 0.883301 1 0 1.0
0 -5.041772 0.206210 -2.740618 -0.213454 0.000000 -0.976953 0.985840 0.883301 1 0 1.0
Default
0 -1.934600 -0.193907 -3.325206 -0.054538 0.000000 -0.998512 0.985840 0.883301 1 0 1.0
0 -1.934601 -0.000000 -3.325206 -0.054538 0.000000 -0.998512 0.985840 0.883301 1 0 1.0
0 -0.638157 -0.000000 -3.396017 -0.058988 0.000000 -0.998259 0.985840 0.883301 1 0 1.0
Default
0 -1.934600 -0.477511 -3.325206 -0.054538 0.000000 -0.998512 0.985840 0.883301 1 0 1.0
0 -1.934600 -0.193907 -3.325206 -0.054538 0.000000 -0.998512 0.985840 0.883301 1 0 1.0
0 -0.638157 -0.000000 -3.396017 -0.058988 0.000000 -0.998259 0.985840 0.883301 1 0 1.0
Default
0 -0.638157 -0.000000 -3.396017 -0.058988 0.000000 -0.998259 0.985840 0.883301 1 0 1.0
0 -0.638157 -0.483899 -3.396017 -0.063436 0.000000 -0.997986 0.985840 0.883301 1 0 1.0
0 -1.934600 -0.477511 -3.325206 -0.054538 0.000000 -0.998512 0.985840 0.883301 1 0 1.0
Default
0 2.831574 -0.483899 -3.647642 -0.072330 0.000000 -0.997381 0.985840 0.883301 1 0 1.0
0 -0.638157 -0.483899 -3.396017 -0.063436 0.000000 -0.997986 0.985840 0.883301 1 0 1.0
0 -0.638157 -0.000000 -3.396017 -0.058988 0.000000 -0.998259 0.985840 0.883301 1 0 1.0
Default
0 2.831574 -0.000000 -3.647642 -0.072330 0.000000 -0.997381 0.985840 0.883301 1 0 1.0
0 2.831574 -0.483899 -3.647642 -0.072330 0.000000 -0.997381 0.985840 0.883301 1 0 1.0
0 -0.638157 -0.000000 -3.396017 -0.058988 0.000000 -0.998259 0.985840 0.883301 1 0 1.0
Default
0 2.831574 0.483899 -3.647642 -0.072330 0.000000 -0.997381 0.985840 0.883301 1 0 1.0
0 2.831574 -0.000000 -3.647642 -0.072330 0.000000 -0.997381 0.985840 0.883301 1 0 1.0
0 -0.638157 -0.000000 -3.396017 -0.058988 0.000000 -0.998259 0.985840 0.883301 1 0 1.0
Default
0 -0.638157 0.483899 -3.396017 -0.063436 0.000000 -0.997986 0.985840 0.883301 1 0 1.0
0 2.831574 0.483899 -3.647642 -0.072330 0.000000 -0.997381 0.985840 0.883301 1 0 1.0
0 -0.638157 -0.000000 -3.396017 -0.058988 0.000000 -0.998259 0.985840 0.883301 1 0 1.0
Default
0 -1.934600 0.477511 -3.325206 -0.054538 0.000000 -0.998512 0.985840 0.883301 1 0 1.0
0 -0.638157 0.483899 -3.396017 -0.063436 0.000000 -0.997986 0.985840 0.883301 1 0 1.0
0 -0.638157 -0.000000 -3.396017 -0.058988 0.000000 -0.998259 0.985840 0.883301 1 0 1.0
Default
0 -0.638157 -0.000000 -3.396017 -0.058988 0.000000 -0.998259 0.985840 0.883301 1 0 1.0
0 -1.934600 0.193907 -3.325206 -0.054538 0.000000 -0.998512 0.985840 0.883301 1 0 1.0
0 -1.934600 0.477511 -3.325206 -0.054538 0.000000 -0.998512 0.985840 0.883301 1 0 1.0
Default
0 2.831574 -0.483899 -3.647642 0.077790 0.000000 -0.996970 0.985840 0.883301 1 0 1.0
0 2.831574 -0.000000 -3.647642 0.077790 0.000000 -0.996970 0.985840 0.883301 1 0 1.0
0 7.941206 -0.387635 -3.248955 0.077790 0.000000 -0.996970 0.985840 0.883301 1 0 1.0
Default
0 2.831574 -0.000000 -3.647642 0.077790 0.000000 -0.996970 0.985840 0.883301 1 0 1.0
0 7.941206 -0.000000 -3.248955 0.077790 0.000000 -0.996970 0.985840 0.883301 1 0 1.0
0 7.941206 -0.387635 -3.248955 0.077790 0.000000 -0.996970 0.985840 0.883301 1 0 1.0
Default
0 7.941206 -0.000000 -3.248955 0.077790 0.000000 -0.996970 0.985840 0.883301 1 0 1.0
0 2.831574 -0.000000 -3.647642 0.077790 0.000000 -0.996970 0.985840 0.883301 1 0 1.0
0 7.941206 0.387635 -3.248955 0.077790 0.000000 -0.996970 0.985840 0.883301 1 0 1.0
Default
0 2.831574 -0.000000 -3.647642 0.077790 0.000000 -0.996970 0.985840 0.883301 1 0 1.0
0 2.831574 0.483899 -3.647642 0.077790 0.000000 -0.996970 0.985840 0.883301 1 0 1.0
0 7.941206 0.387635 -3.248955 0.077790 0.000000 -0.996970 0.985840 0.883301 1 0 1.0
Default
0 10.546172 -0.239212 -2.255650 0.356289 0.000000 -0.934376 0.985840 0.883301 1 0 1.0
0 7.941206 -0.387635 -3.248955 0.356289 0.000000 -0.934376 0.985840 0.883301 1 0 1.0
0 7.941206 -0.000000 -3.248955 0.356289 0.000000 -0.934376 0.985840 0.883301 1 0 1.0
Default
0 10.546172 -0.000000 -2.255650 0.356289 0.000000 -0.934376 0.985840 0.883301 1 0 1.0
0 10.546172 -0.239212 -2.255650 0.356289 0.000000 -0.934376 0.985840 0.883301 1 0 1.0
0 7.941206 -0.000000 -3.248955 0.356289 0.000000 -0.934376 0.985840 0.883301 1 0 1.0
Default
0 10.546172 0.239212 -2.255650 0.356289 0.000000 -0.934376 0.985840 0.883301 1 0 1.0
0 10.546172 -0.000000 -2.255650 0.356289 0.000000 -0.934376 0.985840 0.883301 1 0 1.0
0 7.941206 -0.000000 -3.248955 0.356289 0.000000 -0.934376 0.985840 0.883301 1 0 1.0
Default
0 7.941206 0.387635 -3.248955 0.356289 0.000000 -0.934376 0.985840 0.883301 1 0 1.0
0 10.546172 0.239212 -2.255650 0.356289 0.000000 -0.934376 0.985840 0.883301 1 0 1.0
0 7.941206 -0.000000 -3.248955 0.356289 0.000000 -0.934376 0.985840 0.883301 1 0 1.0
Default
0 -12.993446 -0.103451 1.346020 -0.014299 -0.999897 -0.001360 0.987305 0.641113 1 0 1.0
0 -12.808446 -0.103451 -0.145621 -0.014295 -0.999898 -0.000269 0.987305 0.641113 1 0 1.0
0 -10.453830 -0.137576 -0.267755 -0.014295 -0.999898 -0.000269 0.987305 0.641113 1 0 1.0
Default
0 -10.453830 -0.137576 0.186344 -0.014299 -0.999897 -0.001360 0.987305 0.641113 1 0 1.0
0 -12.993446 -0.103451 1.346020 -0.014299 -0.999897 -0.001360 0.987305 0.641113 1 0 1.0
0 -10.453830 -0.137576 -0.267755 -0.014295 -0.999898 -0.000269 0.987305 0.641113 1 0 1.0
Default
0 10.546172 -1.270105 -0.007801 0.273360 -0.954916 -0.115799 0.985840 0.883301 1 0 1.0
0 10.551948 -1.178481 -1.447663 0.273360 -0.954916 -0.115799 0.985840 0.883301 1 0 1.0
0 12.404519 -0.691265 -0.394204 0.273360 -0.954916 -0.115799 0.985840 0.883301 1 0 1.0
Default
0 12.594474 -0.758577 -0.088642 0.273360 -0.954916 -0.115799 0.985840 0.883301 1 0 1.0
0 10.546172 -1.270105 -0.007801 0.273360 -0.954916 -0.115799 0.985840 0.883301 1 0 1.0
0 12.404519 -0.691265 -0.394204 0.273360 -0.954916 -0.115799 0.985840 0.883301 1 0 1.0
Default
0 -3.256174 -0.900634 -2.779105 -0.146981 -0.554102 -0.819370 0.985840 0.883301 1 0 1.0
0 -5.028683 -0.969227 -2.484077 -0.146981 -0.554102 -0.819370 0.985840 0.883301 1 0 1.0
0 -5.041772 -0.483899 -2.740618 -0.146981 -0.554102 -0.819370 0.985840 0.883301 1 0 1.0
Default
0 -3.269263 -0.483899 -3.127893 -0.146981 -0.554102 -0.819370 0.985840 0.883301 1 0 1.0
0 -3.256174 -0.900634 -2.779105 -0.146981 -0.554102 -0.819370 0.985840 0.883301 1 0 1.0
0 -5.041772 -0.483899 -2.740618 -0.146981 -0.554102 -0.819370 0.985840 0.883301 1 0 1.0
Default
0 -0.625068 -0.856337 -2.984767 -0.019467 -0.704681 -0.709258 0.985840 0.883301 1 0 1.0
0 -1.921233 -0.909884 -2.937565 -0.019467 -0.704681 -0.709258 0.985840 0.883301 1 0 1.0
0 -1.934600 -0.477511 -3.325206 -0.019467 -0.704681 -0.709258 0.985840 0.883301 1 0 1.0
Default
0 -0.638157 -0.483899 -3.396017 -0.019467 -0.704681 -0.709258 0.985840 0.883301 1 0 1.0
0 -0.625068 -0.856337 -2.984767 -0.019467 -0.704681 -0.709258 0.985840 0.883301 1 0 1.0
0 -1.934600 -0.477511 -3.325206 -0.019467 -0.704681 -0.709258 0.985840 0.883301 1 0 1.0
Default
0 2.759316 -1.084430 -3.154810 -0.067618 -0.676930 -0.732935 0.985840 0.883301 1 0 1.0
0 -0.625068 -0.856337 -2.984767 -0.067618 -0.676930 -0.732935 0.985840 0.883301 1 0 1.0
0 -0.638157 -0.483899 -3.396017 -0.067618 -0.676930 -0.732935 0.985840 0.883301 1 0 1.0
Default
0 2.831574 -0.483899 -3.647642 -0.067618 -0.676930 -0.732935 0.985840 0.883301 1 0 1.0
0 2.759316 -1.084430 -3.154810 -0.067618 -0.676930 -0.732935 0.985840 0.883301 1 0 1.0
0 -0.638157 -0.483899 -3.396017 -0.067618 -0.676930 -0.732935 0.985840 0.883301 1 0 1.0
Default
0 7.954294 -0.874457 -2.904770 0.067814 -0.610892 -0.788805 0.985840 0.883301 1 0 1.0
0 2.759316 -1.084430 -3.154810 0.067814 -0.610892 -0.788805 0.985840 0.883301 1 0 1.0
0 2.831574 -0.483899 -3.647642 0.067814 -0.610892 -0.788805 0.985840 0.883301 1 0 1.0
Default
0 7.941206 -0.387635 -3.248955 0.067814 -0.610892 -0.788805 0.985840 0.883301 1 0 1.0
0 7.954294 -0.874457 -2.904770 0.067814 -0.610892 -0.788805 0.985840 0.883301 1 0 1.0
0 2.831574 -0.483899 -3.647642 0.067814 -0.610892 -0.788805 0.985840 0.883301 1 0 1.0
Default
0 10.559261 -0.757825 -1.867133 0.327292 -0.550930 -0.767695 0.985840 0.883301 1 0 1.0
0 7.954294 -0.874457 -2.904770 0.327292 -0.550930 -0.767695 0.985840 0.883301 1 0 1.0
0 7.941206 -0.387635 -3.248955 0.327292 -0.550930 -0.767695 0.985840 0.883301 1 0 1.0
Default
0 10.546172 -0.239212 -2.255650 0.327292 -0.550930 -0.767695 0.985840 0.883301 1 0 1.0
0 10.559261 -0.757825 -1.867133 0.327292 -0.550930 -0.767695 0.985840 0.883301 1 0 1.0
0 7.941206 -0.387635 -3.248955 0.327292 -0.550930 -0.767695 0.985840 0.883301 1 0 1.0
Default
0 10.546172 -0.783235 1.203532 0.278417 -0.786687 0.551006 0.987305 0.641113 1 0 1.0
0 13.109736 -0.399943 0.474952 0.278417 -0.786687 0.551006 0.987305 0.641113 1 0 1.0
0 12.773634 -0.145400 0.988676 0.278417 -0.786687 0.551006 0.987305 0.641113 1 0 1.0
Default
0 10.546172 -0.239212 1.999772 0.278417 -0.786687 0.551006 0.987305 0.641113 1 0 1.0
0 10.546172 -0.783235 1.203532 0.278417 -0.786687 0.551006 0.987305 0.641113 1 0 1.0
0 12.773634 -0.145400 0.988676 0.278417 -0.786687 0.551006 0.987305 0.641113 1 0 1.0
Default
0 7.941206 -1.054782 1.616554 0.179605 -0.825256 0.535439 0.987305 0.641113 1 0 1.0
0 10.546172 -0.783235 1.203532 0.179605 -0.825256 0.535439 0.987305 0.641113 1 0 1.0
0 10.546172 -0.239212 1.999772 0.179605 -0.825256 0.535439 0.987305 0.641113 1 0 1.0
Default
0 7.941206 -0.340026 2.760431 0.179605 -0.825256 0.535439 0.987305 0.641113 1 0 1.0
0 7.941206 -1.054782 1.616554 0.179605 -0.825256 0.535439 0.987305 0.641113 1 0 1.0
0 10.546172 -0.239212 1.999772 0.179605 -0.825256 0.535439 0.987305 0.641113 1 0 1.0
Default
0 2.312175 -1.109840 1.958581 0.047178 -0.865111 0.499357 0.987305 0.641113 1 0 1.0
0 7.941206 -1.054782 1.616554 0.047178 -0.865111 0.499357 0.987305 0.641113 1 0 1.0
0 7.941206 -0.340026 2.760431 0.047178 -0.865111 0.499357 0.987305 0.641113 1 0 1.0
Default
0 2.181476 -0.479993 3.156512 0.047178 -0.865111 0.499357 0.987305 0.641113 1 0 1.0
0 2.312175 -1.109840 1.958581 0.047178 -0.865111 0.499357 0.987305 0.641113 1 0 1.0
0 7.941206 -0.340026 2.760431 0.047178 -0.865111 0.499357 0.987305 0.641113 1 0 1.0
Default
0 -0.638157 -1.153734 1.658318 -0.041204 -0.879956 0.473266 0.987305 0.641113 1 0 1.0
0 2.312175 -1.109840 1.958581 -0.041204 -0.879956 0.473266 0.987305 0.641113 1 0 1.0
0 2.181476 -0.479993 3.156512 -0.041204 -0.879956 0.473266 0.987305 0.641113 1 0 1.0
Default
0 -0.638157 -0.479993 2.872805 -0.041204 -0.879956 0.473266 0.987305 0.641113 1 0 1.0
0 -0.638157 -1.153734 1.658318 -0.041204 -0.879956 0.473266 0.987305 0.641113 1 0 1.0
0 2.181476 -0.479993 3.156512 -0.041204 -0.879956 0.473266 0.987305 0.641113 1 0 1.0
Default
0 -1.934600 -1.191988 1.557331 -0.049589 -0.857093 0.512770 0.987305 0.641113 1 0 1.0
0 -0.638157 -1.153734 1.658318 -0.041204 -0.879956 0.473266 0.987305 0.641113 1 0 1.0
0 -0.638157 -0.479993 2.872805 -0.041204 -0.879956 0.473266 0.987305 0.641113 1 0 1.0
Default
0 -1.934597 -0.473855 2.669357 -0.049589 -0.857093 0.512770 0.987305 0.641113 1 0 1.0
0 -1.934600 -1.191988 1.557331 -0.049589 -0.857093 0.512770 0.987305 0.641113 1 0 1.0
0 -0.638157 -0.479993 2.872805 -0.041204 -0.879956 0.473266 0.987305 0.641113 1 0 1.0
Default
0 -3.269263 -1.157671 1.315077 -0.113454 -0.837423 0.534651 0.987305 0.641113 1 0 1.0
0 -1.934600 -1.191988 1.557331 -0.113454 -0.837423 0.534651 0.987305 0.641113 1 0 1.0
0 -1.934597 -0.473855 2.669357 -0.113454 -0.837423 0.534651 0.987305 0.641113 1 0 1.0
Default
0 -3.269263 -0.480319 2.388797 -0.113454 -0.837423 0.534651 0.987305 0.641113 1 0 1.0
0 -3.269263 -1.157671 1.315077 -0.113454 -0.837423 0.534651 0.987305 0.641113 1 0 1.0
0 -1.934597 -0.473855 2.669357 -0.113454 -0.837423 0.534651 0.987305 0.641113 1 0 1.0
Default
0 -5.041772 -1.067329 0.837924 -0.171233 -0.840602 0.513874 0.987305 0.641113 1 0 1.0
0 -3.269263 -1.157671 1.315077 -0.171233 -0.840602 0.513874 0.987305 0.641113 1 0 1.0
0 -3.269263 -0.480319 2.388797 -0.171233 -0.840602 0.513874 0.987305 0.641113 1 0 1.0
Default
0 -6.611582 -0.431882 1.388607 -0.171233 -0.840602 0.513874 0.987305 0.641113 1 0 1.0
0 -5.041772 -1.067329 0.837924 -0.171233 -0.840602 0.513874 0.987305 0.641113 1 0 1.0
0 -3.269263 -0.480319 2.388797 -0.171233 -0.840602 0.513874 0.987305 0.641113 1 0 1.0
Default
0 -6.927131 -0.944235 0.046738 -0.240166 -0.886714 0.395042 0.987305 0.641113 1 0 1.0
0 -5.041772 -1.067329 0.837924 -0.240166 -0.886714 0.395042 0.987305 0.641113 1 0 1.0
0 -6.611582 -0.431882 1.388607 -0.240166 -0.886714 0.395042 0.987305 0.641113 1 0 1.0
Default
0 -7.121152 -0.334277 1.219181 -0.240166 -0.886714 0.395042 0.987305 0.641113 1 0 1.0
0 -6.927131 -0.944235 0.046738 -0.240166 -0.886714 0.395042 0.987305 0.641113 1 0 1.0
0 -6.611582 -0.431882 1.388607 -0.240166 -0.886714 0.395042 0.987305 0.641113 1 0 1.0
Default
0 -8.601662 -0.414256 -0.260597 -0.300142 -0.888038 0.348287 0.987305 0.641113 1 0 1.0
0 -6.927131 -0.944235 0.046738 -0.300142 -0.888038 0.348287 0.987305 0.641113 1 0 1.0
0 -7.121152 -0.334277 1.219181 -0.300142 -0.888038 0.348287 0.987305 0.641113 1 0 1.0
Default
0 -8.601662 -0.185220 0.538964 -0.300142 -0.888038 0.348287 0.987305 0.641113 1 0 1.0
0 -8.601662 -0.414256 -0.260597 -0.300142 -0.888038 0.348287 0.987305 0.641113 1 0 1.0
0 -7.121152 -0.334277 1.219181 -0.300142 -0.888038 0.348287 0.987305 0.641113 1 0 1.0
Default
0 -10.453830 -0.000000 0.448539 0.106755 -0.976045 0.189579 0.984375 0.706055 1 0 1.0
0 -13.658661 -0.000000 2.699342 0.106755 -0.976045 0.189579 0.984375 0.706055 1 0 1.0
0 -12.993446 -0.103451 1.346020 0.106755 -0.976045 0.189579 0.984375 0.706055 1 0 1.0
Default
0 -10.453830 -0.137576 0.186344 0.106755 -0.976045 0.189579 0.984375 0.706055 1 0 1.0
0 -10.453830 -0.000000 0.448539 0.106755 -0.976045 0.189579 0.984375 0.706055 1 0 1.0
0 -12.993446 -0.103451 1.346020 0.106755 -0.976045 0.189579 0.984375 0.706055 1 0 1.0
Default
0 13.573659 -0.143459 0.457571 0.421548 -0.649684 0.632620 0.987305 0.641113 1 0 1.0
0 13.272689 -0.100584 0.673801 0.421548 -0.649684 0.632620 0.987305 0.641113 1 0 1.0
0 12.773634 -0.145400 0.988676 0.421548 -0.649684 0.632620 0.987305 0.641113 1 0 1.0
Default
0 13.109736 -0.399943 0.474952 0.421548 -0.649684 0.632620 0.987305 0.641113 1 0 1.0
0 13.573659 -0.143459 0.457571 0.421548 -0.649684 0.632620 0.987305 0.641113 1 0 1.0
0 12.773634 -0.145400 0.988676 0.421548 -0.649684 0.632620 0.987305 0.641113 1 0 1.0
Default
0 13.636688 -0.217561 0.322710 0.378119 -0.895023 0.236560 0.987305 0.641113 1 0 1.0
0 13.573659 -0.143459 0.457571 0.378119 -0.895023 0.236560 0.987305 0.641113 1 0 1.0
0 13.109736 -0.399943 0.474952 0.378119 -0.895023 0.236560 0.987305 0.641113 1 0 1.0
Default
0 13.050734 -0.451755 0.126981 0.378119 -0.895023 0.236560 0.987305 0.641113 1 0 1.0
0 13.636688 -0.217561 0.322710 0.378119 -0.895023 0.236560 0.987305 0.641113 1 0 1.0
0 13.109736 -0.399943 0.474952 0.378119 -0.895023 0.236560 0.987305 0.641113 1 0 1.0
Default
0 13.127073 -0.077296 -0.885352 0.468940 0.000000 -0.883230 0.985840 0.883301 1 0 1.0
0 10.546172 -0.239212 -2.255650 0.468940 0.000000 -0.883230 0.985840 0.883301 1 0 1.0
0 10.546172 -0.000000 -2.255650 0.468940 0.000000 -0.883230 0.985840 0.883301 1 0 1.0
Default
0 13.127073 -0.000000 -0.885352 0.468940 0.000000 -0.883230 0.985840 0.883301 1 0 1.0
0 13.127073 -0.077296 -0.885352 0.468940 0.000000 -0.883230 0.985840 0.883301 1 0 1.0
0 10.546172 -0.000000 -2.255650 0.468940 0.000000 -0.883230 0.985840 0.883301 1 0 1.0
Default
0 13.127073 0.077296 -0.885352 0.468940 0.000000 -0.883230 0.985840 0.883301 1 0 1.0
0 13.127073 -0.000000 -0.885352 0.468940 0.000000 -0.883230 0.985840 0.883301 1 0 1.0
0 10.546172 -0.000000 -2.255650 0.468940 0.000000 -0.883230 0.985840 0.883301 1 0 1.0
Default
0 10.546172 0.239212 -2.255650 0.468940 0.000000 -0.883230 0.985840 0.883301 1 0 1.0
0 13.127073 0.077296 -0.885352 0.468940 0.000000 -0.883230 0.985840 0.883301 1 0 1.0
0 10.546172 -0.000000 -2.255650 0.468940 0.000000 -0.883230 0.985840 0.883301 1 0 1.0
Default
0 13.127073 -0.077296 -0.885352 0.700628 0.000000 -0.713527 0.985840 0.883301 1 0 1.0
0 13.127073 -0.000000 -0.885352 0.700628 0.000000 -0.713527 0.985840 0.883301 1 0 1.0
0 13.244544 -0.077296 -0.770004 0.700628 0.000000 -0.713527 0.985840 0.883301 1 0 1.0
Default
0 13.127073 -0.000000 -0.885352 0.700628 0.000000 -0.713527 0.985840 0.883301 1 0 1.0
0 13.244544 -0.000000 -0.770004 0.700628 0.000000 -0.713527 0.985840 0.883301 1 0 1.0
0 13.244544 -0.077296 -0.770004 0.700628 0.000000 -0.713527 0.985840 0.883301 1 0 1.0
Default
0 13.244544 -0.000000 -0.770004 0.700628 0.000000 -0.713527 0.985840 0.883301 1 0 1.0
0 13.127073 -0.000000 -0.885352 0.700628 0.000000 -0.713527 0.985840 0.883301 1 0 1.0
0 13.244544 0.077296 -0.770004 0.700628 0.000000 -0.713527 0.985840 0.883301 1 0 1.0
Default
0 13.127073 -0.000000 -0.885352 0.700628 0.000000 -0.713527 0.985840 0.883301 1 0 1.0
0 13.127073 0.077296 -0.885352 0.700628 0.000000 -0.713527 0.985840 0.883301 1 0 1.0
0 13.244544 0.077296 -0.770004 0.700628 0.000000 -0.713527 0.985840 0.883301 1 0 1.0
Default
0 -0.638157 -0.277728 2.872805 -0.778331 0.000000 -0.627854 0.984375 0.706055 1 0 1.0
0 -0.830883 -0.132753 3.111722 -0.778331 0.000000 -0.627854 0.984375 0.706055 1 0 1.0
0 -0.638156 -0.000000 2.872805 -0.778331 0.000000 -0.627854 0.984375 0.706055 1 0 1.0
Default
0 -0.830883 -0.132753 3.111722 -0.778331 0.000000 -0.627854 0.984375 0.706055 1 0 1.0
0 -0.830882 -0.000000 3.111722 -0.778331 0.000000 -0.627854 0.984375 0.706055 1 0 1.0
0 -0.638156 -0.000000 2.872805 -0.778331 0.000000 -0.627854 0.984375 0.706055 1 0 1.0
Default
0 -0.830882 -0.000000 3.111722 -0.778331 0.000000 -0.627854 0.984375 0.706055 1 0 1.0
0 -0.830883 0.132753 3.111722 -0.778331 0.000000 -0.627854 0.984375 0.706055 1 0 1.0
0 -0.638156 -0.000000 2.872805 -0.778331 0.000000 -0.627854 0.984375 0.706055 1 0 1.0
Default
0 -0.830883 0.132753 3.111722 -0.778331 0.000000 -0.627854 0.984375 0.706055 1 0 1.0
0 -0.638157 0.277728 2.872805 -0.778331 0.000000 -0.627854 0.984375 0.706055 1 0 1.0
0 -0.638156 -0.000000 2.872805 -0.778331 0.000000 -0.627854 0.984375 0.706055 1 0 1.0
Default
0 -0.830883 -0.132753 3.111722 -0.984892 0.000000 0.173169 0.984375 0.706055 1 0 1.0
0 -0.777589 -0.000000 3.414824 -0.984892 0.000000 0.173169 0.984375 0.706055 1 0 1.0
0 -0.830882 -0.000000 3.111722 -0.984892 0.000000 0.173169 0.984375 0.706055 1 0 1.0
Default
0 -0.777589 -0.000000 3.414824 -0.984892 0.000000 0.173169 0.984375 0.706055 1 0 1.0
0 -0.830883 0.132753 3.111722 -0.984892 0.000000 0.173169 0.984375 0.706055 1 0 1.0
0 -0.830882 -0.000000 3.111722 -0.984892 0.000000 0.173169 0.984375 0.706055 1 0 1.0
Default
0 0.896993 -0.000000 3.521659 0.000013 -0.919337 0.393471 0.984375 0.706055 1 0 1.0
0 -0.830883 -0.132753 3.111722 0.000013 -0.919337 0.393471 0.984375 0.706055 1 0 1.0
0 -0.638157 -0.277728 2.872805 0.000013 -0.919337 0.393471 0.984375 0.706055 1 0 1.0
Default
0 2.181476 -0.113540 3.156512 0.000013 -0.919337 0.393471 0.984375 0.706055 1 0 1.0
0 0.896993 -0.000000 3.521659 0.000013 -0.919337 0.393471 0.984375 0.706055 1 0 1.0
0 -0.638157 -0.277728 2.872805 0.000013 -0.919337 0.393471 0.984375 0.706055 1 0 1.0
Default
0 -0.638156 -0.000000 2.872805 -0.000000 1.000000 0.000000 0.984375 0.706055 1 0 1.0
0 -0.830882 -0.000000 3.111722 -0.000000 1.000000 0.000000 0.984375 0.706055 1 0 1.0
0 2.181476 -0.000000 3.156512 -0.000000 1.000000 0.000000 0.984375 0.706055 1 0 1.0
Default
0 -0.830882 -0.000000 3.111722 -0.000000 1.000000 0.000000 0.984375 0.706055 1 0 1.0
0 0.896993 -0.000000 3.521659 -0.000000 1.000000 0.000000 0.984375 0.706055 1 0 1.0
0 2.181476 -0.000000 3.156512 -0.000000 1.000000 0.000000 0.984375 0.706055 1 0 1.0
Default
0 -0.830882 -0.000000 3.111722 -0.000000 1.000000 0.000000 0.984375 0.706055 1 0 1.0
0 -0.777589 -0.000000 3.414824 -0.000000 1.000000 0.000000 0.984375 0.706055 1 0 1.0
0 0.896993 -0.000000 3.521659 -0.000000 1.000000 0.000000 0.984375 0.706055 1 0 1.0
Default
0 -0.777589 -0.000000 3.414824 -0.000000 1.000000 0.000000 0.984375 0.706055 1 0 1.0
0 0.071345 -0.000000 3.647642 -0.000000 1.000000 0.000000 0.984375 0.706055 1 0 1.0
0 0.896993 -0.000000 3.521659 -0.000000 1.000000 0.000000 0.984375 0.706055 1 0 1.0
Default
0 2.181476 -0.000000 3.156512 0.273442 0.000000 0.961889 0.984375 0.706055 1 0 1.0
0 0.896993 -0.000000 3.521659 0.273442 0.000000 0.961889 0.984375 0.706055 1 0 1.0
0 2.181476 -0.113540 3.156512 0.273442 0.000000 0.961889 0.984375 0.706055 1 0 1.0
Default
0 0.896993 -0.000000 3.521659 0.273442 0.000000 0.961889 0.984375 0.706055 1 0 1.0
0 2.181476 -0.000000 3.156512 0.273442 0.000000 0.961889 0.984375 0.706055 1 0 1.0
0 2.181476 0.113540 3.156512 0.273442 0.000000 0.961889 0.984375 0.706055 1 0 1.0
Default
0 0.071345 -0.000000 3.647642 -0.017058 -0.963442 0.267372 0.984375 0.706055 1 0 1.0
0 -0.777589 -0.000000 3.414824 -0.017058 -0.963442 0.267372 0.984375 0.706055 1 0 1.0
0 -0.830883 -0.132753 3.111722 -0.017058 -0.963442 0.267372 0.984375 0.706055 1 0 1.0
Default
0 0.896993 -0.000000 3.521659 -0.017058 -0.963442 0.267372 0.984375 0.706055 1 0 1.0
0 0.071345 -0.000000 3.647642 -0.017058 -0.963442 0.267372 0.984375 0.706055 1 0 1.0
0 -0.830883 -0.132753 3.111722 -0.017058 -0.963442 0.267372 0.984375 0.706055 1 0 1.0
Default
0 -1.921233 -0.909884 -2.937565 -0.100660 -0.653662 -0.750062 0.985840 0.883301 1 0 1.0
0 -3.256174 -0.900634 -2.779105 -0.100660 -0.653662 -0.750062 0.985840 0.883301 1 0 1.0
0 -3.269263 -0.483899 -3.127893 -0.100660 -0.653662 -0.750062 0.985840 0.883301 1 0 1.0
Default
0 -1.934600 -0.477511 -3.325206 -0.100660 -0.653662 -0.750062 0.985840 0.883301 1 0 1.0
0 -1.921233 -0.909884 -2.937565 -0.100660 -0.653662 -0.750062 0.985840 0.883301 1 0 1.0
0 -3.269263 -0.483899 -3.127893 -0.100660 -0.653662 -0.750062 0.985840 0.883301 1 0 1.0
Default
0 -1.934600 -0.477511 -3.325206 -0.146248 0.000000 -0.989248 0.985840 0.883301 1 0 1.0
0 -3.269263 -0.483899 -3.127893 -0.146248 0.000000 -0.989248 0.985840 0.883301 1 0 1.0
0 -3.269263 -0.206210 -3.127893 -0.146248 0.000000 -0.989248 0.985840 0.883301 1 0 1.0
Default
0 -1.934600 -0.193907 -3.325206 -0.146248 0.000000 -0.989248 0.985840 0.883301 1 0 1.0
0 -1.934600 -0.477511 -3.325206 -0.146248 0.000000 -0.989248 0.985840 0.883301 1 0 1.0
0 -3.269263 -0.206210 -3.127893 -0.146248 0.000000 -0.989248 0.985840 0.883301 1 0 1.0
Default
0 -1.934600 -0.193907 -3.325206 -0.146248 0.000000 -0.989248 0.985840 0.883301 1 0 1.0
0 -3.269263 -0.206210 -3.127893 -0.146248 0.000000 -0.989248 0.985840 0.883301 1 0 1.0
0 -3.269263 -0.000000 -3.127893 -0.146248 0.000000 -0.989248 0.985840 0.883301 1 0 1.0
Default
0 -1.934601 -0.000000 -3.325206 -0.146248 0.000000 -0.989248 0.985840 0.883301 1 0 1.0
0 -1.934600 -0.193907 -3.325206 -0.146248 0.000000 -0.989248 0.985840 0.883301 1 0 1.0
0 -3.269263 -0.000000 -3.127893 -0.146248 0.000000 -0.989248 0.985840 0.883301 1 0 1.0
Default
0 -1.934600 -1.693031 -0.096213 -0.063649 -0.994189 -0.086813 0.985840 0.883301 1 0 1.0
0 -1.930286 -1.610502 -1.814262 -0.063649 -0.994189 -0.086813 0.985840 0.883301 1 0 1.0
0 -0.633732 -1.616719 -1.923899 -0.063649 -0.994189 -0.086813 0.985840 0.883301 1 0 1.0
Default
0 -0.638157 -1.838411 -0.151576 -0.063649 -0.994189 -0.086813 0.985840 0.883301 1 0 1.0
0 -1.934600 -1.693031 -0.096213 -0.063649 -0.994189 -0.086813 0.985840 0.883301 1 0 1.0
0 -0.633732 -1.616719 -1.923899 -0.063649 -0.994189 -0.086813 0.985840 0.883301 1 0 1.0
Default
0 -1.934597 -0.193907 2.669357 -0.155031 0.000000 0.987910 0.987305 0.641113 1 0 1.0
0 -1.934597 -0.473855 2.669357 -0.155031 0.000000 0.987910 0.987305 0.641113 1 0 1.0
0 -0.638157 -0.479993 2.872805 -0.155031 0.000000 0.987910 0.987305 0.641113 1 0 1.0
Default
0 -1.934597 -0.000000 2.669357 -0.155031 0.000000 0.987910 0.987305 0.641113 1 0 1.0
0 -1.934597 -0.193907 2.669357 -0.155031 0.000000 0.987910 0.987305 0.641113 1 0 1.0
0 -0.638157 -0.479993 2.872805 -0.155031 0.000000 0.987910 0.987305 0.641113 1 0 1.0
Default
0 -0.638157 -0.479993 2.872805 -0.155031 0.000000 0.987910 0.987305 0.641113 1 0 1.0
0 -0.638157 -0.277728 2.872805 -0.155031 0.000000 0.987910 0.987305 0.641113 1 0 1.0
0 -1.934597 -0.000000 2.669357 -0.155031 0.000000 0.987910 0.987305 0.641113 1 0 1.0
Default
0 -0.638156 -0.000000 2.872805 -0.155031 0.000000 0.987910 0.987305 0.641113 1 0 1.0
0 -1.934597 -0.000000 2.669357 -0.155031 0.000000 0.987910 0.987305 0.641113 1 0 1.0
0 -0.638157 -0.277728 2.872805 -0.155031 0.000000 0.987910 0.987305 0.641113 1 0 1.0
Default
0 -1.934597 -0.000000 2.669357 -0.155031 0.000000 0.987910 0.987305 0.641113 1 0 1.0
0 -0.638156 -0.000000 2.872805 -0.155031 0.000000 0.987910 0.987305 0.641113 1 0 1.0
0 -0.638157 0.277728 2.872805 -0.155031 0.000000 0.987910 0.987305 0.641113 1 0 1.0
Default
0 -0.638157 0.277728 2.872805 -0.155031 0.000000 0.987910 0.987305 0.641113 1 0 1.0
0 -1.934597 0.193907 2.669357 -0.155031 0.000000 0.987910 0.987305 0.641113 1 0 1.0
0 -1.934597 -0.000000 2.669357 -0.155031 0.000000 0.987910 0.987305 0.641113 1 0 1.0
Default
0 -1.934597 0.473855 2.669357 -0.155031 0.000000 0.987910 0.987305 0.641113 1 0 1.0
0 -1.934597 0.193907 2.669357 -0.155031 0.000000 0.987910 0.987305 0.641113 1 0 1.0
0 -0.638157 0.277728 2.872805 -0.155031 0.000000 0.987910 0.987305 0.641113 1 0 1.0
Default
0 -0.638157 0.277728 2.872805 -0.155031 0.000000 0.987910 0.987305 0.641113 1 0 1.0
0 -0.638157 0.479993 2.872805 -0.155031 0.000000 0.987910 0.987305 0.641113 1 0 1.0
0 -1.934597 0.473855 2.669357 -0.155031 0.000000 0.987910 0.987305 0.641113 1 0 1.0
Default
0 -6.611582 -0.000000 1.388607 0.273140 0.000000 0.961974 0.984375 0.706055 1 0 1.0
0 -8.153146 -0.000000 1.826314 0.273140 0.000000 0.961974 0.984375 0.706055 1 0 1.0
0 -6.611582 -0.206210 1.388607 0.273140 0.000000 0.961974 0.984375 0.706055 1 0 1.0
Default
0 -8.153146 -0.000000 1.826314 0.273140 0.000000 0.961974 0.984375 0.706055 1 0 1.0
0 -6.611582 -0.000000 1.388607 0.273140 0.000000 0.961974 0.984375 0.706055 1 0 1.0
0 -6.611582 0.206210 1.388607 0.273140 0.000000 0.961974 0.984375 0.706055 1 0 1.0
Default
0 -8.566056 -0.000000 1.586806 -0.000000 1.000000 0.000000 0.984375 0.706055 1 0 1.0
0 -8.153146 -0.000000 1.826314 -0.000000 1.000000 0.000000 0.984375 0.706055 1 0 1.0
0 -6.611582 -0.000000 1.388607 -0.000000 1.000000 0.000000 0.984375 0.706055 1 0 1.0
Default
0 -7.121152 -0.000000 1.219181 -0.000000 1.000000 0.000000 0.984375 0.706055 1 0 1.0
0 -8.566056 -0.000000 1.586806 -0.000000 1.000000 0.000000 0.984375 0.706055 1 0 1.0
0 -6.611582 -0.000000 1.388607 -0.000000 1.000000 0.000000 0.984375 0.706055 1 0 1.0
Default
0 -8.673743 -0.000000 1.153278 -0.000000 1.000000 0.000000 0.984375 0.706055 1 0 1.0
0 -8.566056 -0.000000 1.586806 -0.000000 1.000000 0.000000 0.984375 0.706055 1 0 1.0
0 -7.121152 -0.000000 1.219181 -0.000000 1.000000 0.000000 0.984375 0.706055 1 0 1.0
Default
0 -8.601662 -0.000000 0.817552 -0.000000 1.000000 0.000000 0.984375 0.706055 1 0 1.0
0 -8.673743 -0.000000 1.153278 -0.000000 1.000000 0.000000 0.984375 0.706055 1 0 1.0
0 -7.121152 -0.000000 1.219181 -0.000000 1.000000 0.000000 0.984375 0.706055 1 0 1.0
Default
0 -8.601662 -0.092610 0.817552 -0.977719 0.000000 -0.209917 0.984375 0.706055 1 0 1.0
0 -8.673743 -0.000000 1.153278 -0.977719 0.000000 -0.209917 0.984375 0.706055 1 0 1.0
0 -8.601662 -0.000000 0.817552 -0.977719 0.000000 -0.209917 0.984375 0.706055 1 0 1.0
Default
0 -8.673743 -0.000000 1.153278 -0.977719 0.000000 -0.209917 0.984375 0.706055 1 0 1.0
0 -8.601662 0.092610 0.817552 -0.977719 0.000000 -0.209917 0.984375 0.706055 1 0 1.0
0 -8.601662 -0.000000 0.817552 -0.977719 0.000000 -0.209917 0.984375 0.706055 1 0 1.0
Default
0 -5.512436 -0.596860 -2.566623 -0.627188 0.000000 -0.778868 0.985840 0.883301 1 0 1.0
0 -6.486173 -0.334277 -1.782514 -0.627188 0.000000 -0.778868 0.985840 0.883301 1 0 1.0
0 -6.486173 -0.167138 -1.782514 -0.627188 0.000000 -0.778868 0.985840 0.883301 1 0 1.0
Default
0 -5.512436 -0.298430 -2.566623 -0.627188 0.000000 -0.778868 0.985840 0.883301 1 0 1.0
0 -5.512436 -0.596860 -2.566623 -0.627188 0.000000 -0.778868 0.985840 0.883301 1 0 1.0
0 -6.486173 -0.167138 -1.782514 -0.627188 0.000000 -0.778868 0.985840 0.883301 1 0 1.0
Default
0 -7.854015 -0.038955 -2.788817 -0.112600 -0.993282 0.026686 0.984375 0.706055 1 0 1.0
0 -7.507565 -0.086342 -3.084877 -0.112600 -0.993282 0.026686 0.984375 0.706055 1 0 1.0
0 -5.512436 -0.298430 -2.566623 -0.112600 -0.993282 0.026686 0.984375 0.706055 1 0 1.0
Default
0 -6.486173 -0.167138 -1.782514 -0.112600 -0.993282 0.026686 0.984375 0.706055 1 0 1.0
0 -7.854015 -0.038955 -2.788817 -0.112600 -0.993282 0.026686 0.984375 0.706055 1 0 1.0
0 -5.512436 -0.298430 -2.566623 -0.112600 -0.993282 0.026686 0.984375 0.706055 1 0 1.0
Default
0 -7.854015 -0.000000 -2.788817 -0.000000 1.000000 0.000000 0.984375 0.706055 1 0 1.0
0 -7.814996 -0.000000 -2.362095 -0.000000 1.000000 0.000000 0.984375 0.706055 1 0 1.0
0 -7.793240 -0.000000 -1.590383 -0.000000 1.000000 0.000000 0.984375 0.706055 1 0 1.0
Default
0 -6.486173 -0.000000 -1.782514 -0.000000 1.000000 0.000000 0.984375 0.706055 1 0 1.0
0 -7.854015 -0.000000 -2.788817 -0.000000 1.000000 0.000000 0.984375 0.706055 1 0 1.0
0 -7.793240 -0.000000 -1.590383 -0.000000 1.000000 0.000000 0.984375 0.706055 1 0 1.0
Default
0 -7.507565 -0.000000 -3.084877 -0.000000 1.000000 0.000000 0.984375 0.706055 1 0 1.0
0 -7.854015 -0.000000 -2.788817 -0.000000 1.000000 0.000000 0.984375 0.706055 1 0 1.0
0 -6.486173 -0.000000 -1.782514 -0.000000 1.000000 0.000000 0.984375 0.706055 1 0 1.0
Default
0 -5.512436 -0.000000 -2.566623 -0.000000 1.000000 0.000000 0.984375 0.706055 1 0 1.0
0 -7.507565 -0.000000 -3.084877 -0.000000 1.000000 0.000000 0.984375 0.706055 1 0 1.0
0 -6.486173 -0.000000 -1.782514 -0.000000 1.000000 0.000000 0.984375 0.706055 1 0 1.0
Default
0 -7.507565 -0.086342 -3.084877 -0.649656 0.000000 -0.760228 0.984375 0.706055 1 0 1.0
0 -7.854015 -0.038955 -2.788817 -0.649656 0.000000 -0.760228 0.984375 0.706055 1 0 1.0
0 -7.854015 -0.000000 -2.788817 -0.649656 0.000000 -0.760228 0.984375 0.706055 1 0 1.0
Default
0 -7.507565 -0.000000 -3.084877 -0.649656 0.000000 -0.760228 0.984375 0.706055 1 0 1.0
0 -7.507565 -0.086342 -3.084877 -0.649656 0.000000 -0.760228 0.984375 0.706055 1 0 1.0
0 -7.854015 -0.000000 -2.788817 -0.649656 0.000000 -0.760228 0.984375 0.706055 1 0 1.0
Default
0 -7.507565 0.086342 -3.084877 -0.649656 0.000000 -0.760228 0.984375 0.706055 1 0 1.0
0 -7.507565 -0.000000 -3.084877 -0.649656 0.000000 -0.760228 0.984375 0.706055 1 0 1.0
0 -7.854015 -0.000000 -2.788817 -0.649656 0.000000 -0.760228 0.984375 0.706055 1 0 1.0
Default
0 -7.854015 0.038955 -2.788817 -0.649656 0.000000 -0.760228 0.984375 0.706055 1 0 1.0
0 -7.507565 0.086342 -3.084877 -0.649656 0.000000 -0.760228 0.984375 0.706055 1 0 1.0
0 -7.854015 -0.000000 -2.788817 -0.649656 0.000000 -0.760228 0.984375 0.706055 1 0 1.0
Default
0 -7.854015 -0.038955 -2.788817 -0.995845 0.000000 0.091058 0.984375 0.706055 1 0 1.0
0 -7.814996 -0.041999 -2.362095 -0.995845 0.000000 0.091058 0.984375 0.706055 1 0 1.0
0 -7.814996 -0.000000 -2.362095 -0.995845 0.000000 0.091058 0.984375 0.706055 1 0 1.0
Default
0 -7.854015 -0.000000 -2.788817 -0.995845 0.000000 0.091058 0.984375 0.706055 1 0 1.0
0 -7.854015 -0.038955 -2.788817 -0.995845 0.000000 0.091058 0.984375 0.706055 1 0 1.0
0 -7.814996 -0.000000 -2.362095 -0.995845 0.000000 0.091058 0.984375 0.706055 1 0 1.0
Default
0 -7.854015 0.038955 -2.788817 -0.995845 0.000000 0.091058 0.984375 0.706055 1 0 1.0
0 -7.854015 -0.000000 -2.788817 -0.995845 0.000000 0.091058 0.984375 0.706055 1 0 1.0
0 -7.814996 -0.000000 -2.362095 -0.995845 0.000000 0.091058 0.984375 0.706055 1 0 1.0
Default
0 -7.814996 0.041999 -2.362095 -0.995845 0.000000 0.091058 0.984375 0.706055 1 0 1.0
0 -7.854015 0.038955 -2.788817 -0.995845 0.000000 0.091058 0.984375 0.706055 1 0 1.0
0 -7.814996 -0.000000 -2.362095 -0.995845 0.000000 0.091058 0.984375 0.706055 1 0 1.0
Default
0 -7.814996 -0.041999 -2.362095 -0.076050 -0.996271 -0.040748 0.984375 0.706055 1 0 1.0
0 -7.854015 -0.038955 -2.788817 -0.076050 -0.996271 -0.040748 0.984375 0.706055 1 0 1.0
0 -6.486173 -0.167138 -1.782514 -0.076050 -0.996271 -0.040748 0.984375 0.706055 1 0 1.0
Default
0 -7.793240 -0.092610 -1.590383 -0.076050 -0.996271 -0.040748 0.984375 0.706055 1 0 1.0
0 -7.814996 -0.041999 -2.362095 -0.076050 -0.996271 -0.040748 0.984375 0.706055 1 0 1.0
0 -6.486173 -0.167138 -1.782514 -0.076050 -0.996271 -0.040748 0.984375 0.706055 1 0 1.0
Default
0 -5.512436 -0.298430 -2.566623 0.251416 0.000000 -0.967879 0.984375 0.706055 1 0 1.0
0 -7.507565 -0.086342 -3.084877 0.251416 0.000000 -0.967879 0.984375 0.706055 1 0 1.0
0 -5.512436 -0.000000 -2.566623 0.251416 0.000000 -0.967879 0.984375 0.706055 1 0 1.0
Default
0 -7.507565 -0.086342 -3.084877 0.251416 0.000000 -0.967879 0.984375 0.706055 1 0 1.0
0 -7.507565 -0.000000 -3.084877 0.251416 0.000000 -0.967879 0.984375 0.706055 1 0 1.0
0 -5.512436 -0.000000 -2.566623 0.251416 0.000000 -0.967879 0.984375 0.706055 1 0 1.0
Default
0 -7.507565 -0.000000 -3.084877 0.251416 0.000000 -0.967879 0.984375 0.706055 1 0 1.0
0 -7.507565 0.086342 -3.084877 0.251416 0.000000 -0.967879 0.984375 0.706055 1 0 1.0
0 -5.512436 -0.000000 -2.566623 0.251416 0.000000 -0.967879 0.984375 0.706055 1 0 1.0
Default
0 -7.507565 0.086342 -3.084877 0.251416 0.000000 -0.967879 0.984375 0.706055 1 0 1.0
0 -5.512436 0.298430 -2.566623 0.251416 0.000000 -0.967879 0.984375 0.706055 1 0 1.0
0 -5.512436 -0.000000 -2.566623 0.251416 0.000000 -0.967879 0.984375 0.706055 1 0 1.0
Default
0 -7.814996 -0.000000 -2.362095 -0.999603 0.000000 0.028181 0.984375 0.706055 1 0 1.0
0 -7.814996 -0.041999 -2.362095 -0.999603 0.000000 0.028181 0.984375 0.706055 1 0 1.0
0 -7.793240 -0.092610 -1.590383 -0.999603 0.000000 0.028181 0.984375 0.706055 1 0 1.0
Default
0 -7.793240 -0.000000 -1.590383 -0.999603 0.000000 0.028181 0.984375 0.706055 1 0 1.0
0 -7.814996 -0.000000 -2.362095 -0.999603 0.000000 0.028181 0.984375 0.706055 1 0 1.0
0 -7.793240 -0.092610 -1.590383 -0.999603 0.000000 0.028181 0.984375 0.706055 1 0 1.0
Default
0 -7.814996 -0.000000 -2.362095 -0.999603 0.000000 0.028181 0.984375 0.706055 1 0 1.0
0 -7.793240 -0.000000 -1.590383 -0.999603 0.000000 0.028181 0.984375 0.706055 1 0 1.0
0 -7.793240 0.092610 -1.590383 -0.999603 0.000000 0.028181 0.984375 0.706055 1 0 1.0
Default
0 -7.814996 0.041999 -2.362095 -0.999603 0.000000 0.028181 0.984375 0.706055 1 0 1.0
0 -7.814996 -0.000000 -2.362095 -0.999603 0.000000 0.028181 0.984375 0.706055 1 0 1.0
0 -7.793240 0.092610 -1.590383 -0.999603 0.000000 0.028181 0.984375 0.706055 1 0 1.0
Default
0 -1.930286 -1.610502 -1.814262 -0.018464 -0.830980 -0.555996 0.985840 0.883301 1 0 1.0
0 -1.921233 -0.909884 -2.937565 -0.018464 -0.830980 -0.555996 0.985840 0.883301 1 0 1.0
0 -0.625068 -0.856337 -2.984767 -0.018464 -0.830980 -0.555996 0.985840 0.883301 1 0 1.0
Default
0 -0.633732 -1.616719 -1.923899 -0.018464 -0.830980 -0.555996 0.985840 0.883301 1 0 1.0
0 -1.930286 -1.610502 -1.814262 -0.018464 -0.830980 -0.555996 0.985840 0.883301 1 0 1.0
0 -0.625068 -0.856337 -2.984767 -0.018464 -0.830980 -0.555996 0.985840 0.883301 1 0 1.0
Default
0 13.603099 -0.248909 0.102632 0.425282 -0.904974 0.012587 0.985840 0.883301 1 0 1.0
0 13.658661 -0.230491 0.230116 0.425282 -0.904974 0.012587 0.985840 0.883301 1 0 1.0
0 13.073279 -0.498459 0.061822 0.425282 -0.904974 0.012587 0.985840 0.883301 1 0 1.0
Default
0 13.171554 -0.463828 -0.088238 0.425282 -0.904974 0.012587 0.985840 0.883301 1 0 1.0
0 13.603099 -0.248909 0.102632 0.425282 -0.904974 0.012587 0.985840 0.883301 1 0 1.0
0 13.073279 -0.498459 0.061822 0.425282 -0.904974 0.012587 0.985840 0.883301 1 0 1.0
Default
0 10.551948 -1.178481 -1.447663 0.430092 -0.748332 -0.504995 0.985840 0.883301 1 0 1.0
0 10.559261 -0.757825 -1.867133 0.430092 -0.748332 -0.504995 0.985840 0.883301 1 0 1.0
0 12.712721 -0.536447 -0.558789 0.430092 -0.748332 -0.504995 0.985840 0.883301 1 0 1.0
Default
0 12.404519 -0.691265 -0.394204 0.430092 -0.748332 -0.504995 0.985840 0.883301 1 0 1.0
0 10.551948 -1.178481 -1.447663 0.430092 -0.748332 -0.504995 0.985840 0.883301 1 0 1.0
0 12.712721 -0.536447 -0.558789 0.430092 -0.748332 -0.504995 0.985840 0.883301 1 0 1.0
Default
0 7.945490 -1.498778 -1.872904 0.225706 -0.791776 -0.567580 0.985840 0.883301 1 0 1.0
0 7.954294 -0.874457 -2.904770 0.225706 -0.791776 -0.567580 0.985840 0.883301 1 0 1.0
0 10.559261 -0.757825 -1.867133 0.225706 -0.791776 -0.567580 0.985840 0.883301 1 0 1.0
Default
0 10.551948 -1.178481 -1.447663 0.225706 -0.791776 -0.567580 0.985840 0.883301 1 0 1.0
0 7.945490 -1.498778 -1.872904 0.225706 -0.791776 -0.567580 0.985840 0.883301 1 0 1.0
0 10.559261 -0.757825 -1.867133 0.225706 -0.791776 -0.567580 0.985840 0.883301 1 0 1.0
Default
0 2.659530 -1.599617 -1.912450 0.038842 -0.894117 -0.446145 0.985840 0.883301 1 0 1.0
0 2.759316 -1.084430 -3.154810 0.038842 -0.894117 -0.446145 0.985840 0.883301 1 0 1.0
0 7.954294 -0.874457 -2.904770 0.038842 -0.894117 -0.446145 0.985840 0.883301 1 0 1.0
Default
0 7.945490 -1.498778 -1.872904 0.038842 -0.894117 -0.446145 0.985840 0.883301 1 0 1.0
0 2.659530 -1.599617 -1.912450 0.038842 -0.894117 -0.446145 0.985840 0.883301 1 0 1.0
0 7.954294 -0.874457 -2.904770 0.038842 -0.894117 -0.446145 0.985840 0.883301 1 0 1.0
Default
0 -0.633732 -1.616719 -1.923899 -0.039126 -0.873350 -0.485519 0.985840 0.883301 1 0 1.0
0 -0.625068 -0.856337 -2.984767 -0.039126 -0.873350 -0.485519 0.985840 0.883301 1 0 1.0
0 2.759316 -1.084430 -3.154810 -0.039126 -0.873350 -0.485519 0.985840 0.883301 1 0 1.0
Default
0 2.659530 -1.599617 -1.912450 -0.039126 -0.873350 -0.485519 0.985840 0.883301 1 0 1.0
0 -0.633732 -1.616719 -1.923899 -0.039126 -0.873350 -0.485519 0.985840 0.883301 1 0 1.0
0 2.759316 -1.084430 -3.154810 -0.039126 -0.873350 -0.485519 0.985840 0.883301 1 0 1.0
Default
0 -3.265023 -1.534492 -1.731634 -0.074326 -0.849271 -0.522699 0.985840 0.883301 1 0 1.0
0 -3.256174 -0.900634 -2.779105 -0.074326 -0.849271 -0.522699 0.985840 0.883301 1 0 1.0
0 -1.921233 -0.909884 -2.937565 -0.074326 -0.849271 -0.522699 0.985840 0.883301 1 0 1.0
Default
0 -1.930286 -1.610502 -1.814262 -0.074326 -0.849271 -0.522699 0.985840 0.883301 1 0 1.0
0 -3.265023 -1.534492 -1.731634 -0.074326 -0.849271 -0.522699 0.985840 0.883301 1 0 1.0
0 -1.921233 -0.909884 -2.937565 -0.074326 -0.849271 -0.522699 0.985840 0.883301 1 0 1.0
Default
0 -5.037533 -1.303828 -1.518082 -0.102925 -0.896035 -0.431889 0.985840 0.883301 1 0 1.0
0 -5.028683 -0.969227 -2.484077 -0.102925 -0.896035 -0.431889 0.985840 0.883301 1 0 1.0
0 -3.256174 -0.900634 -2.779105 -0.102925 -0.896035 -0.431889 0.985840 0.883301 1 0 1.0
Default
0 -3.265023 -1.534492 -1.731634 -0.102925 -0.896035 -0.431889 0.985840 0.883301 1 0 1.0
0 -5.037533 -1.303828 -1.518082 -0.102925 -0.896035 -0.431889 0.985840 0.883301 1 0 1.0
0 -3.256174 -0.900634 -2.779105 -0.102925 -0.896035 -0.431889 0.985840 0.883301 1 0 1.0
Default
0 12.612641 -0.691019 -0.385487 0.377534 -0.922603 -0.079191 0.985840 0.883301 1 0 1.0
0 12.742436 -0.616429 -0.508998 0.377534 -0.922603 -0.079191 0.985840 0.883301 1 0 1.0
0 13.178324 -0.464664 -0.325769 0.377534 -0.922603 -0.079191 0.985840 0.883301 1 0 1.0
Default
0 13.192725 -0.460042 -0.184262 0.377534 -0.922603 -0.079191 0.985840 0.883301 1 0 1.0
0 12.612641 -0.691019 -0.385487 0.377534 -0.922603 -0.079191 0.985840 0.883301 1 0 1.0
0 13.178324 -0.464664 -0.325769 0.377534 -0.922603 -0.079191 0.985840 0.883301 1 0 1.0
Default
0 12.635516 -0.806949 -0.144121 0.543959 -0.831819 -0.110385 0.985840 0.883301 1 0 1.0
0 12.600490 -0.761751 -0.283945 0.543959 -0.831819 -0.110385 0.985840 0.883301 1 0 1.0
0 13.171554 -0.463828 -0.088238 0.543959 -0.831819 -0.110385 0.985840 0.883301 1 0 1.0
Default
0 13.073279 -0.498459 0.061822 0.543959 -0.831819 -0.110385 0.985840 0.883301 1 0 1.0
0 12.635516 -0.806949 -0.144121 0.543959 -0.831819 -0.110385 0.985840 0.883301 1 0 1.0
0 13.171554 -0.463828 -0.088238 0.543959 -0.831819 -0.110385 0.985840 0.883301 1 0 1.0
Default
0 12.773634 -0.145400 0.988676 0.533609 0.000000 0.845731 0.987305 0.641113 1 0 1.0
0 13.272689 -0.100584 0.673801 0.533609 0.000000 0.845731 0.987305 0.641113 1 0 1.0
0 12.773634 -0.000000 0.988676 0.533609 0.000000 0.845731 0.987305 0.641113 1 0 1.0
Default
0 13.272689 -0.100584 0.673801 0.533609 0.000000 0.845731 0.987305 0.641113 1 0 1.0
0 13.272689 -0.000000 0.673801 0.533609 0.000000 0.845731 0.987305 0.641113 1 0 1.0
0 12.773634 -0.000000 0.988676 0.533609 0.000000 0.845731 0.987305 0.641113 1 0 1.0
Default
0 13.272689 -0.000000 0.673801 0.533609 0.000000 0.845731 0.987305 0.641113 1 0 1.0
0 13.272689 0.100584 0.673801 0.533609 0.000000 0.845731 0.987305 0.641113 1 0 1.0
0 12.773634 -0.000000 0.988676 0.533609 0.000000 0.845731 0.987305 0.641113 1 0 1.0
Default
0 13.272689 0.100584 0.673801 0.533609 0.000000 0.845731 0.987305 0.641113 1 0 1.0
0 12.773634 0.145400 0.988676 0.533609 0.000000 0.845731 0.987305 0.641113 1 0 1.0
0 12.773634 -0.000000 0.988676 0.533609 0.000000 0.845731 0.987305 0.641113 1 0 1.0
Default
0 13.244544 -0.077296 -0.770004 0.617986 -0.666647 -0.416742 0.985840 0.883301 1 0 1.0
0 13.519322 -0.152482 -0.183413 0.617986 -0.666647 -0.416742 0.985840 0.883301 1 0 1.0
0 13.164756 -0.399943 -0.372196 0.617986 -0.666647 -0.416742 0.985840 0.883301 1 0 1.0
Default
0 13.127073 -0.077296 -0.885352 0.617986 -0.666647 -0.416742 0.985840 0.883301 1 0 1.0
0 13.244544 -0.077296 -0.770004 0.617986 -0.666647 -0.416742 0.985840 0.883301 1 0 1.0
0 13.164756 -0.399943 -0.372196 0.617986 -0.666647 -0.416742 0.985840 0.883301 1 0 1.0
Default
0 13.575798 -0.189670 -0.133670 0.583258 -0.798971 -0.146481 0.985840 0.883301 1 0 1.0
0 13.557194 -0.237122 -0.058296 0.583258 -0.798971 -0.146481 0.985840 0.883301 1 0 1.0
0 13.192725 -0.460042 -0.184262 0.583258 -0.798971 -0.146481 0.985840 0.883301 1 0 1.0
Default
0 13.178324 -0.464664 -0.325769 0.583258 -0.798971 -0.146481 0.985840 0.883301 1 0 1.0
0 13.575798 -0.189670 -0.133670 0.583258 -0.798971 -0.146481 0.985840 0.883301 1 0 1.0
0 13.192725 -0.460042 -0.184262 0.583258 -0.798971 -0.146481 0.985840 0.883301 1 0 1.0
Default
0 13.603099 -0.248909 0.102632 0.964202 0.010982 -0.264940 0.985840 0.883301 1 0 1.0
0 13.615460 -0.000000 0.082449 0.964260 0.000000 -0.264956 0.985840 0.883301 1 0 1.0
0 13.658661 -0.230491 0.230116 0.964202 0.010982 -0.264940 0.985840 0.883301 1 0 1.0
Default
0 13.615460 -0.000000 0.082449 0.964260 0.000000 -0.264956 0.985840 0.883301 1 0 1.0
0 13.638256 -0.000000 0.240894 0.964260 0.000000 -0.264956 0.985840 0.883301 1 0 1.0
0 13.658661 -0.230491 0.230116 0.964202 0.010982 -0.264940 0.985840 0.883301 1 0 1.0
Default
0 13.638256 -0.000000 0.240894 0.964260 0.000000 -0.264956 0.985840 0.883301 1 0 1.0
0 13.615460 -0.000000 0.082449 0.964260 0.000000 -0.264956 0.985840 0.883301 1 0 1.0
0 13.658661 0.230491 0.230116 0.964202 -0.010982 -0.264940 0.985840 0.883301 1 0 1.0
Default
0 13.615460 -0.000000 0.082449 0.964260 0.000000 -0.264956 0.985840 0.883301 1 0 1.0
0 13.603099 0.248909 0.102632 0.964202 -0.010982 -0.264940 0.985840 0.883301 1 0 1.0
0 13.658661 0.230491 0.230116 0.964202 -0.010982 -0.264940 0.985840 0.883301 1 0 1.0
Default
0 13.244544 -0.077296 -0.770004 0.905569 0.000000 -0.424198 0.985840 0.883301 1 0 1.0
0 13.244544 -0.000000 -0.770004 0.905569 0.000000 -0.424198 0.985840 0.883301 1 0 1.0
0 13.519322 -0.152482 -0.183413 0.905569 0.000000 -0.424198 0.985840 0.883301 1 0 1.0
Default
0 13.244544 -0.000000 -0.770004 0.905569 0.000000 -0.424198 0.985840 0.883301 1 0 1.0
0 13.519322 -0.000000 -0.183413 0.905569 0.000000 -0.424198 0.985840 0.883301 1 0 1.0
0 13.519322 -0.152482 -0.183413 0.905569 0.000000 -0.424198 0.985840 0.883301 1 0 1.0
Default
0 13.519322 -0.000000 -0.183413 0.905569 0.000000 -0.424198 0.985840 0.883301 1 0 1.0
0 13.244544 -0.000000 -0.770004 0.905569 0.000000 -0.424198 0.985840 0.883301 1 0 1.0
0 13.519322 0.152482 -0.183413 0.905569 0.000000 -0.424198 0.985840 0.883301 1 0 1.0
Default
0 13.244544 -0.000000 -0.770004 0.905569 0.000000 -0.424198 0.985840 0.883301 1 0 1.0
0 13.244544 0.077296 -0.770004 0.905569 0.000000 -0.424198 0.985840 0.883301 1 0 1.0
0 13.519322 0.152482 -0.183413 0.905569 0.000000 -0.424198 0.985840 0.883301 1 0 1.0
Default
0 13.573659 -0.143459 0.457571 0.583471 0.000000 0.812134 0.987305 0.641113 1 0 1.0
0 13.573659 -0.000000 0.457571 0.583471 0.000000 0.812134 0.987305 0.641113 1 0 1.0
0 13.272689 -0.100584 0.673801 0.583471 0.000000 0.812134 0.987305 0.641113 1 0 1.0
Default
0 13.573659 -0.000000 0.457571 0.583471 0.000000 0.812134 0.987305 0.641113 1 0 1.0
0 13.272689 -0.000000 0.673801 0.583471 0.000000 0.812134 0.987305 0.641113 1 0 1.0
0 13.272689 -0.100584 0.673801 0.583471 0.000000 0.812134 0.987305 0.641113 1 0 1.0
Default
0 13.272689 -0.000000 0.673801 0.583471 0.000000 0.812134 0.987305 0.641113 1 0 1.0
0 13.573659 -0.000000 0.457571 0.583471 0.000000 0.812134 0.987305 0.641113 1 0 1.0
0 13.272689 0.100584 0.673801 0.583471 0.000000 0.812134 0.987305 0.641113 1 0 1.0
Default
0 13.573659 -0.000000 0.457571 0.583471 0.000000 0.812134 0.987305 0.641113 1 0 1.0
0 13.573659 0.143459 0.457571 0.583471 0.000000 0.812134 0.987305 0.641113 1 0 1.0
0 13.272689 0.100584 0.673801 0.583471 0.000000 0.812134 0.987305 0.641113 1 0 1.0
Default
0 13.575798 -0.189670 -0.133670 0.972814 -0.008406 0.231433 0.985840 0.883301 1 0 1.0
0 13.575961 -0.000000 -0.128569 0.972849 0.000000 0.231442 0.985840 0.883301 1 0 1.0
0 13.557194 -0.237122 -0.058296 0.972814 -0.008406 0.231433 0.985840 0.883301 1 0 1.0
Default
0 13.575961 -0.000000 -0.128569 0.972849 0.000000 0.231442 0.985840 0.883301 1 0 1.0
0 13.558261 -0.000000 -0.053069 0.972849 0.000000 0.231442 0.985840 0.883301 1 0 1.0
0 13.557194 -0.237122 -0.058296 0.972814 -0.008406 0.231433 0.985840 0.883301 1 0 1.0
Default
0 13.558261 -0.000000 -0.053069 0.972849 0.000000 0.231442 0.985840 0.883301 1 0 1.0
0 13.575961 -0.000000 -0.128569 0.972849 0.000000 0.231442 0.985840 0.883301 1 0 1.0
0 13.557194 0.237122 -0.058296 0.972814 0.008406 0.231433 0.985840 0.883301 1 0 1.0
Default
0 13.575961 -0.000000 -0.128569 0.972849 0.000000 0.231442 0.985840 0.883301 1 0 1.0
0 13.575798 0.189670 -0.133670 0.972814 0.008406 0.231433 0.985840 0.883301 1 0 1.0
0 13.557194 0.237122 -0.058296 0.972814 0.008406 0.231433 0.985840 0.883301 1 0 1.0
Default
0 13.636688 -0.217561 0.322710 0.905942 0.000000 0.423402 0.987305 0.641113 1 0 1.0
0 13.636688 -0.000000 0.322710 0.905942 0.000000 0.423402 0.987305 0.641113 1 0 1.0
0 13.573659 -0.143459 0.457571 0.905942 0.000000 0.423402 0.987305 0.641113 1 0 1.0
Default
0 13.636688 -0.000000 0.322710 0.905942 0.000000 0.423402 0.987305 0.641113 1 0 1.0
0 13.573659 -0.000000 0.457571 0.905942 0.000000 0.423402 0.987305 0.641113 1 0 1.0
0 13.573659 -0.143459 0.457571 0.905942 0.000000 0.423402 0.987305 0.641113 1 0 1.0
Default
0 13.573659 -0.000000 0.457571 0.905942 0.000000 0.423402 0.987305 0.641113 1 0 1.0
0 13.636688 -0.000000 0.322710 0.905942 0.000000 0.423402 0.987305 0.641113 1 0 1.0
0 13.573659 0.143459 0.457571 0.905942 0.000000 0.423402 0.987305 0.641113 1 0 1.0
Default
0 13.636688 -0.000000 0.322710 0.905942 0.000000 0.423402 0.987305 0.641113 1 0 1.0
0 13.636688 0.217561 0.322710 0.905942 0.000000 0.423402 0.987305 0.641113 1 0 1.0
0 13.573659 0.143459 0.457571 0.905942 0.000000 0.423402 0.987305 0.641113 1 0 1.0
Default
0 13.636688 -0.217561 0.322710 0.251701 -0.879654 0.403554 0.985840 0.883301 1 0 1.0
0 13.050734 -0.451755 0.126981 0.251701 -0.879654 0.403554 0.985840 0.883301 1 0 1.0
0 13.073279 -0.498459 0.061822 0.251701 -0.879654 0.403554 0.985840 0.883301 1 0 1.0
Default
0 13.658661 -0.230491 0.230116 0.251701 -0.879654 0.403554 0.985840 0.883301 1 0 1.0
0 13.636688 -0.217561 0.322710 0.251701 -0.879654 0.403554 0.985840 0.883301 1 0 1.0
0 13.073279 -0.498459 0.061822 0.251701 -0.879654 0.403554 0.985840 0.883301 1 0 1.0
Default
0 13.050734 -0.451755 0.126981 0.183307 -0.722822 0.666279 0.985840 0.883301 1 0 1.0
0 12.594474 -0.758577 -0.088642 0.183307 -0.722822 0.666279 0.985840 0.883301 1 0 1.0
0 12.635516 -0.806949 -0.144121 0.183307 -0.722822 0.666279 0.985840 0.883301 1 0 1.0
Default
0 13.073279 -0.498459 0.061822 0.183307 -0.722822 0.666279 0.985840 0.883301 1 0 1.0
0 13.050734 -0.451755 0.126981 0.183307 -0.722822 0.666279 0.985840 0.883301 1 0 1.0
0 12.635516 -0.806949 -0.144121 0.183307 -0.722822 0.666279 0.985840 0.883301 1 0 1.0
Default
0 12.404519 -0.691265 -0.394204 0.433384 -0.337384 -0.835674 0.985840 0.883301 1 0 1.0
0 13.161852 -0.399943 -0.138891 0.433384 -0.337384 -0.835674 0.985840 0.883301 1 0 1.0
0 13.171554 -0.463828 -0.088238 0.433384 -0.337384 -0.835674 0.985840 0.883301 1 0 1.0
Default
0 12.600490 -0.761751 -0.283945 0.433384 -0.337384 -0.835674 0.985840 0.883301 1 0 1.0
0 12.404519 -0.691265 -0.394204 0.433384 -0.337384 -0.835674 0.985840 0.883301 1 0 1.0
0 13.171554 -0.463828 -0.088238 0.433384 -0.337384 -0.835674 0.985840 0.883301 1 0 1.0
Default
0 12.594474 -0.758577 -0.088642 -0.448406 -0.893830 0.000713 0.985840 0.883301 1 0 1.0
0 12.404519 -0.691265 -0.394204 -0.448406 -0.893830 0.000713 0.985840 0.883301 1 0 1.0
0 12.600490 -0.761751 -0.283945 -0.448406 -0.893830 0.000713 0.985840 0.883301 1 0 1.0
Default
0 12.635516 -0.806949 -0.144121 -0.448406 -0.893830 0.000713 0.985840 0.883301 1 0 1.0
0 12.594474 -0.758577 -0.088642 -0.448406 -0.893830 0.000713 0.985840 0.883301 1 0 1.0
0 12.600490 -0.761751 -0.283945 -0.448406 -0.893830 0.000713 0.985840 0.883301 1 0 1.0
Default
0 13.161852 -0.399943 -0.138891 0.542341 -0.454751 -0.706448 0.985840 0.883301 1 0 1.0
0 13.516700 -0.206324 0.010971 0.542341 -0.454751 -0.706448 0.985840 0.883301 1 0 1.0
0 13.603099 -0.248909 0.102632 0.542341 -0.454751 -0.706448 0.985840 0.883301 1 0 1.0
Default
0 13.171554 -0.463828 -0.088238 0.542341 -0.454751 -0.706448 0.985840 0.883301 1 0 1.0
0 13.161852 -0.399943 -0.138891 0.542341 -0.454751 -0.706448 0.985840 0.883301 1 0 1.0
0 13.603099 -0.248909 0.102632 0.542341 -0.454751 -0.706448 0.985840 0.883301 1 0 1.0
Default
0 13.636688 -0.000000 0.322710 0.990549 0.041970 0.130583 0.985840 0.883301 1 0 1.0
0 13.636688 -0.217561 0.322710 0.990549 0.041970 0.130583 0.985840 0.883301 1 0 1.0
0 13.658661 -0.230491 0.230116 0.990549 0.041970 0.130583 0.985840 0.883301 1 0 1.0
Default
0 13.638256 -0.000000 0.240894 0.990549 0.041970 0.130583 0.985840 0.883301 1 0 1.0
0 13.636688 -0.000000 0.322710 0.990549 0.041970 0.130583 0.985840 0.883301 1 0 1.0
0 13.658661 -0.230491 0.230116 0.990549 0.041970 0.130583 0.985840 0.883301 1 0 1.0
Default
0 13.516700 -0.206324 0.010971 0.653553 -0.051225 -0.755145 0.985840 0.883301 1 0 1.0
0 13.516700 -0.000000 0.010971 0.653553 -0.051225 -0.755145 0.985840 0.883301 1 0 1.0
0 13.615460 -0.000000 0.082449 0.653553 -0.051225 -0.755145 0.985840 0.883301 1 0 1.0
Default
0 13.603099 -0.248909 0.102632 0.653553 -0.051225 -0.755145 0.985840 0.883301 1 0 1.0
0 13.516700 -0.206324 0.010971 0.653553 -0.051225 -0.755145 0.985840 0.883301 1 0 1.0
0 13.615460 -0.000000 0.082449 0.653553 -0.051225 -0.755145 0.985840 0.883301 1 0 1.0
Default
0 13.164756 -0.399943 -0.372196 0.589332 -0.302046 -0.749304 0.985840 0.883301 1 0 1.0
0 13.519322 -0.152482 -0.183413 0.589332 -0.302046 -0.749304 0.985840 0.883301 1 0 1.0
0 13.575798 -0.189670 -0.133670 0.589332 -0.302046 -0.749304 0.985840 0.883301 1 0 1.0
Default
0 13.178324 -0.464664 -0.325769 0.589332 -0.302046 -0.749304 0.985840 0.883301 1 0 1.0
0 13.164756 -0.399943 -0.372196 0.589332 -0.302046 -0.749304 0.985840 0.883301 1 0 1.0
0 13.575798 -0.189670 -0.133670 0.589332 -0.302046 -0.749304 0.985840 0.883301 1 0 1.0
Default
0 12.712721 -0.536447 -0.558789 0.459315 -0.392471 -0.796867 0.985840 0.883301 1 0 1.0
0 13.164756 -0.399943 -0.372196 0.459315 -0.392471 -0.796867 0.985840 0.883301 1 0 1.0
0 13.178324 -0.464664 -0.325769 0.459315 -0.392471 -0.796867 0.985840 0.883301 1 0 1.0
Default
0 12.742436 -0.616429 -0.508998 0.459315 -0.392471 -0.796867 0.985840 0.883301 1 0 1.0
0 12.712721 -0.536447 -0.558789 0.459315 -0.392471 -0.796867 0.985840 0.883301 1 0 1.0
0 13.178324 -0.464664 -0.325769 0.459315 -0.392471 -0.796867 0.985840 0.883301 1 0 1.0
Default
0 13.161852 -0.399943 -0.138891 -0.031594 -0.610706 0.791227 0.985840 0.883301 1 0 1.0
0 12.404519 -0.691265 -0.394204 -0.031594 -0.610706 0.791227 0.985840 0.883301 1 0 1.0
0 12.612641 -0.691019 -0.385487 -0.031594 -0.610706 0.791227 0.985840 0.883301 1 0 1.0
Default
0 13.192725 -0.460042 -0.184262 -0.031594 -0.610706 0.791227 0.985840 0.883301 1 0 1.0
0 13.161852 -0.399943 -0.138891 -0.031594 -0.610706 0.791227 0.985840 0.883301 1 0 1.0
0 12.612641 -0.691019 -0.385487 -0.031594 -0.610706 0.791227 0.985840 0.883301 1 0 1.0
Default
0 12.404519 -0.691265 -0.394204 -0.073322 -0.722869 -0.687084 0.985840 0.883301 1 0 1.0
0 12.712721 -0.536447 -0.558789 -0.073322 -0.722869 -0.687084 0.985840 0.883301 1 0 1.0
0 12.742436 -0.616429 -0.508998 -0.073322 -0.722869 -0.687084 0.985840 0.883301 1 0 1.0
Default
0 12.612641 -0.691019 -0.385487 -0.073322 -0.722869 -0.687084 0.985840 0.883301 1 0 1.0
0 12.404519 -0.691265 -0.394204 -0.073322 -0.722869 -0.687084 0.985840 0.883301 1 0 1.0
0 12.742436 -0.616429 -0.508998 -0.073322 -0.722869 -0.687084 0.985840 0.883301 1 0 1.0
Default
0 13.516700 -0.206324 0.010971 0.160388 -0.722384 0.672634 0.985840 0.883301 1 0 1.0
0 13.161852 -0.399943 -0.138891 0.160388 -0.722384 0.672634 0.985840 0.883301 1 0 1.0
0 13.192725 -0.460042 -0.184262 0.160388 -0.722384 0.672634 0.985840 0.883301 1 0 1.0
Default
0 13.557194 -0.237122 -0.058296 0.160388 -0.722384 0.672634 0.985840 0.883301 1 0 1.0
0 13.516700 -0.206324 0.010971 0.160388 -0.722384 0.672634 0.985840 0.883301 1 0 1.0
0 13.192725 -0.460042 -0.184262 0.160388 -0.722384 0.672634 0.985840 0.883301 1 0 1.0
Default
0 13.516700 -0.000000 0.010971 0.850751 0.000000 0.525569 0.985840 0.883301 1 0 1.0
0 13.516700 -0.206324 0.010971 0.850722 -0.008243 0.525552 0.985840 0.883301 1 0 1.0
0 13.557194 -0.237122 -0.058296 0.850722 -0.008243 0.525552 0.985840 0.883301 1 0 1.0
Default
0 13.558261 -0.000000 -0.053069 0.850751 0.000000 0.525569 0.985840 0.883301 1 0 1.0
0 13.516700 -0.000000 0.010971 0.850751 0.000000 0.525569 0.985840 0.883301 1 0 1.0
0 13.557194 -0.237122 -0.058296 0.850722 -0.008243 0.525552 0.985840 0.883301 1 0 1.0
Default
0 13.516700 -0.000000 0.010971 0.850751 0.000000 0.525569 0.985840 0.883301 1 0 1.0
0 13.558261 -0.000000 -0.053069 0.850751 0.000000 0.525569 0.985840 0.883301 1 0 1.0
0 13.557194 0.237122 -0.058296 0.850722 0.008243 0.525552 0.985840 0.883301 1 0 1.0
Default
0 13.516700 0.206324 0.010971 0.850722 0.008243 0.525552 0.985840 0.883301 1 0 1.0
0 13.516700 -0.000000 0.010971 0.850751 0.000000 0.525569 0.985840 0.883301 1 0 1.0
0 13.557194 0.237122 -0.058296 0.850722 0.008243 0.525552 0.985840 0.883301 1 0 1.0
Default
0 13.575798 -0.189670 -0.133670 0.680728 0.010596 -0.732460 0.985840 0.883301 1 0 1.0
0 13.519322 -0.152482 -0.183413 0.680728 0.010596 -0.732460 0.985840 0.883301 1 0 1.0
0 13.575961 -0.000000 -0.128569 0.680766 0.000000 -0.732501 0.985840 0.883301 1 0 1.0
Default
0 13.519322 -0.152482 -0.183413 0.680728 0.010596 -0.732460 0.985840 0.883301 1 0 1.0
0 13.519322 -0.000000 -0.183413 0.680766 0.000000 -0.732501 0.985840 0.883301 1 0 1.0
0 13.575961 -0.000000 -0.128569 0.680766 0.000000 -0.732501 0.985840 0.883301 1 0 1.0
Default
0 13.519322 -0.000000 -0.183413 0.680766 0.000000 -0.732501 0.985840 0.883301 1 0 1.0
0 13.519322 0.152482 -0.183413 0.680728 -0.010596 -0.732460 0.985840 0.883301 1 0 1.0
0 13.575961 -0.000000 -0.128569 0.680766 0.000000 -0.732501 0.985840 0.883301 1 0 1.0
Default
0 13.519322 0.152482 -0.183413 0.680728 -0.010596 -0.732460 0.985840 0.883301 1 0 1.0
0 13.575798 0.189670 -0.133670 0.680728 -0.010596 -0.732460 0.985840 0.883301 1 0 1.0
0 13.575961 -0.000000 -0.128569 0.680766 0.000000 -0.732501 0.985840 0.883301 1 0 1.0
Default
0 -1.296697 -1.394046 -2.955674 0.161984 -0.960670 0.225553 0.984375 0.706055 1 0 1.0
0 -1.658913 -1.616758 -3.301876 0.161984 -0.960670 0.225553 0.984375 0.706055 1 0 1.0
0 0.183876 -1.135237 -2.916656 0.161984 -0.960670 0.225553 0.984375 0.706055 1 0 1.0
Default
0 -0.208383 -1.277615 -2.899124 0.161984 -0.960670 0.225553 0.984375 0.706055 1 0 1.0
0 -1.296697 -1.394046 -2.955674 0.161984 -0.960670 0.225553 0.984375 0.706055 1 0 1.0
0 0.183876 -1.135237 -2.916656 0.161984 -0.960670 0.225553 0.984375 0.706055 1 0 1.0
Default
0 -1.658913 -1.616758 -3.301876 -0.268511 0.794544 -0.544612 0.984375 0.706055 1 0 1.0
0 -1.296697 -1.394046 -2.955674 -0.268511 0.794544 -0.544612 0.984375 0.706055 1 0 1.0
0 -0.208383 -0.923060 -3.004985 -0.268511 0.794544 -0.544612 0.984375 0.706055 1 0 1.0
Default
0 0.183876 -0.919637 -2.993519 -0.268511 0.794544 -0.544612 0.984375 0.706055 1 0 1.0
0 -1.658913 -1.616758 -3.301876 -0.268511 0.794544 -0.544612 0.984375 0.706055 1 0 1.0
0 -0.208383 -0.923060 -3.004985 -0.268511 0.794544 -0.544612 0.984375 0.706055 1 0 1.0
Default
0 6.177278 -2.183002 -1.806704 0.269185 -0.961459 0.055996 0.984375 0.706055 1 0 1.0
0 7.083869 -1.964930 -2.052641 0.269185 -0.961459 0.055996 0.984375 0.706055 1 0 1.0
0 9.200873 -1.320493 -1.532374 0.269185 -0.961459 0.055996 0.984375 0.706055 1 0 1.0
Default
0 8.836491 -1.409000 -0.932475 0.269185 -0.961459 0.055996 0.984375 0.706055 1 0 1.0
0 6.177278 -2.183002 -1.806704 0.269185 -0.961459 0.055996 0.984375 0.706055 1 0 1.0
0 9.200873 -1.320493 -1.532374 0.269185 -0.961459 0.055996 0.984375 0.706055 1 0 1.0
Default
0 7.083869 -1.964930 -2.052641 -0.270452 0.948816 -0.163105 0.984375 0.706055 1 0 1.0
0 6.177278 -2.183002 -1.806704 -0.270452 0.948816 -0.163105 0.984375 0.706055 1 0 1.0
0 8.807542 -1.286421 -0.963720 -0.270452 0.948816 -0.163105 0.984375 0.706055 1 0 1.0
Default
0 9.073354 -1.309174 -1.525587 -0.270452 0.948816 -0.163105 0.984375 0.706055 1 0 1.0
0 7.083869 -1.964930 -2.052641 -0.270452 0.948816 -0.163105 0.984375 0.706055 1 0 1.0
0 8.807542 -1.286421 -0.963720 -0.270452 0.948816 -0.163105 0.984375 0.706055 1 0 1.0
Default
0 10.546172 -0.783235 1.203532 0.238052 -0.902016 0.360137 0.987305 0.641113 1 0 1.0
0 10.546172 -1.270105 -0.007801 0.239276 -0.900905 0.362100 0.987305 0.641113 1 0 1.0
0 12.594474 -0.758577 -0.088642 0.238052 -0.902016 0.360137 0.987305 0.641113 1 0 1.0
Default
0 13.109736 -0.399943 0.474952 0.236825 -0.903121 0.358171 0.987305 0.641113 1 0 1.0
0 10.546172 -0.783235 1.203532 0.238052 -0.902016 0.360137 0.987305 0.641113 1 0 1.0
0 12.594474 -0.758577 -0.088642 0.238052 -0.902016 0.360137 0.987305 0.641113 1 0 1.0
Default
0 -13.556245 -0.000000 -3.161535 0.150846 0.957511 -0.245802 0.984375 0.706055 1 0 1.0
0 -12.955759 0.103451 -2.251955 0.150846 0.957511 -0.245802 0.984375 0.706055 1 0 1.0
0 -10.453830 0.137576 -0.721693 0.150846 0.957511 -0.245802 0.984375 0.706055 1 0 1.0
Default
0 -10.453830 -0.000000 -1.119536 0.150846 0.957511 -0.245802 0.984375 0.706055 1 0 1.0
0 -13.556245 -0.000000 -3.161535 0.150846 0.957511 -0.245802 0.984375 0.706055 1 0 1.0
0 -10.453830 0.137576 -0.721693 0.150846 0.957511 -0.245802 0.984375 0.706055 1 0 1.0
Default
0 -12.955759 0.103451 -2.251955 -0.177435 0.984079 0.010240 0.984375 0.706055 1 0 1.0
0 -13.556245 -0.000000 -3.161535 -0.177435 0.984079 0.010240 0.984375 0.706055 1 0 1.0
0 -12.808446 0.103451 -0.145621 -0.178328 0.983964 -0.003771 0.984375 0.706055 1 0 1.0
Default
0 -13.556245 -0.000000 -3.161535 -0.177435 0.984079 0.010240 0.984375 0.706055 1 0 1.0
0 -13.409936 -0.000000 -0.179888 -0.178328 0.983964 -0.003771 0.984375 0.706055 1 0 1.0
0 -12.808446 0.103451 -0.145621 -0.178328 0.983964 -0.003771 0.984375 0.706055 1 0 1.0
Default
0 -13.409936 -0.000000 -0.179888 -0.178328 0.983964 -0.003771 0.984375 0.706055 1 0 1.0
0 -13.658661 -0.000000 2.699342 -0.179185 0.983655 -0.017781 0.984375 0.706055 1 0 1.0
0 -12.808446 0.103451 -0.145621 -0.178328 0.983964 -0.003771 0.984375 0.706055 1 0 1.0
Default
0 -13.658661 -0.000000 2.699342 -0.179185 0.983655 -0.017781 0.984375 0.706055 1 0 1.0
0 -12.993446 0.103451 1.346020 -0.179185 0.983655 -0.017781 0.984375 0.706055 1 0 1.0
0 -12.808446 0.103451 -0.145621 -0.178328 0.983964 -0.003771 0.984375 0.706055 1 0 1.0
Default
0 2.312175 1.109840 1.958581 0.029576 0.935115 0.353107 0.987305 0.641113 1 0 1.0
0 7.941206 1.054782 1.616554 0.029576 0.935115 0.353107 0.987305 0.641113 1 0 1.0
0 7.941206 1.638749 0.086415 0.029576 0.935115 0.353107 0.987305 0.641113 1 0 1.0
Default
0 2.623003 1.860751 -0.072402 0.029576 0.935115 0.353107 0.987305 0.641113 1 0 1.0
0 2.312175 1.109840 1.958581 0.029576 0.935115 0.353107 0.987305 0.641113 1 0 1.0
0 7.941206 1.638749 0.086415 0.029576 0.935115 0.353107 0.987305 0.641113 1 0 1.0
Default
0 -0.638157 1.153734 1.658318 -0.031404 0.941256 0.336231 0.987305 0.641113 1 0 1.0
0 2.312175 1.109840 1.958581 0.029576 0.935115 0.353107 0.987305 0.641113 1 0 1.0
0 2.623003 1.860751 -0.072402 0.029576 0.935115 0.353107 0.987305 0.641113 1 0 1.0
Default
0 -0.638157 1.838411 -0.151576 -0.031404 0.941256 0.336231 0.987305 0.641113 1 0 1.0
0 -0.638157 1.153734 1.658318 -0.031404 0.941256 0.336231 0.987305 0.641113 1 0 1.0
0 2.623003 1.860751 -0.072402 0.029576 0.935115 0.353107 0.987305 0.641113 1 0 1.0
Default
0 -1.934600 1.191988 1.557331 -0.044743 0.945145 0.323574 0.987305 0.641113 1 0 1.0
0 -0.638157 1.153734 1.658318 -0.031404 0.941256 0.336231 0.987305 0.641113 1 0 1.0
0 -0.638157 1.838411 -0.151576 -0.031404 0.941256 0.336231 0.987305 0.641113 1 0 1.0
Default
0 -1.934600 1.693031 -0.096213 -0.044743 0.945145 0.323574 0.987305 0.641113 1 0 1.0
0 -1.934600 1.191988 1.557331 -0.044743 0.945145 0.323574 0.987305 0.641113 1 0 1.0
0 -0.638157 1.838411 -0.151576 -0.031404 0.941256 0.336231 0.987305 0.641113 1 0 1.0
Default
0 -3.269263 1.157671 1.315077 -0.094165 0.950198 0.297079 0.987305 0.641113 1 0 1.0
0 -1.934600 1.191988 1.557331 -0.081403 0.954981 0.285280 0.987305 0.641113 1 0 1.0
0 -1.934600 1.693031 -0.096213 -0.081403 0.954981 0.285280 0.987305 0.641113 1 0 1.0
Default
0 -3.269263 1.563361 -0.066687 -0.094165 0.950198 0.297079 0.987305 0.641113 1 0 1.0
0 -3.269263 1.157671 1.315077 -0.094165 0.950198 0.297079 0.987305 0.641113 1 0 1.0
0 -1.934600 1.693031 -0.096213 -0.081403 0.954981 0.285280 0.987305 0.641113 1 0 1.0
Default
0 -5.041772 1.067329 0.837924 -0.106897 0.945107 0.308781 0.987305 0.641113 1 0 1.0
0 -3.269263 1.157671 1.315077 -0.094165 0.950198 0.297079 0.987305 0.641113 1 0 1.0
0 -3.269263 1.563361 -0.066687 -0.094165 0.950198 0.297079 0.987305 0.641113 1 0 1.0
Default
0 -5.041772 1.443980 -0.174868 -0.106897 0.945107 0.308781 0.987305 0.641113 1 0 1.0
0 -5.041772 1.067329 0.837924 -0.106897 0.945107 0.308781 0.987305 0.641113 1 0 1.0
0 -3.269263 1.563361 -0.066687 -0.094165 0.950198 0.297079 0.987305 0.641113 1 0 1.0
Default
0 -6.927131 0.944235 0.046738 -0.207894 0.925150 0.317612 0.987305 0.641113 1 0 1.0
0 -5.041772 1.067329 0.837924 -0.207894 0.925150 0.317612 0.987305 0.641113 1 0 1.0
0 -5.041772 1.443980 -0.174868 -0.207894 0.925150 0.317612 0.987305 0.641113 1 0 1.0
Default
0 -6.768386 1.052836 -0.250020 -0.207894 0.925150 0.317612 0.987305 0.641113 1 0 1.0
0 -6.927131 0.944235 0.046738 -0.207894 0.925150 0.317612 0.987305 0.641113 1 0 1.0
0 -5.041772 1.443980 -0.174868 -0.207894 0.925150 0.317612 0.987305 0.641113 1 0 1.0
Default
0 -8.601662 0.185220 0.538964 -0.291194 0.699708 0.652391 0.987305 0.641113 1 0 1.0
0 -8.601662 0.092610 0.817552 -0.291194 0.699708 0.652391 0.987305 0.641113 1 0 1.0
0 -7.121152 0.167138 1.219181 -0.291194 0.699708 0.652391 0.987305 0.641113 1 0 1.0
Default
0 -7.121152 0.334277 1.219181 -0.291194 0.699708 0.652391 0.987305 0.641113 1 0 1.0
0 -8.601662 0.185220 0.538964 -0.291194 0.699708 0.652391 0.987305 0.641113 1 0 1.0
0 -7.121152 0.167138 1.219181 -0.291194 0.699708 0.652391 0.987305 0.641113 1 0 1.0
Default
0 -12.808446 0.103451 -0.145621 -0.014295 0.999898 -0.000269 0.985840 0.883301 1 0 1.0
0 -10.453830 0.137576 -0.267755 -0.014295 0.999898 -0.000269 0.985840 0.883301 1 0 1.0
0 -10.453830 0.137576 -0.721693 -0.014290 0.999898 0.000822 0.985840 0.883301 1 0 1.0
Default
0 -12.955759 0.103451 -2.251955 -0.014290 0.999898 0.000822 0.985840 0.883301 1 0 1.0
0 -12.808446 0.103451 -0.145621 -0.014295 0.999898 -0.000269 0.985840 0.883301 1 0 1.0
0 -10.453830 0.137576 -0.721693 -0.014290 0.999898 0.000822 0.985840 0.883301 1 0 1.0
Default
0 -5.041772 1.443980 -0.174868 -0.222126 0.968227 -0.114878 0.985840 0.883301 1 0 1.0
0 -6.680194 0.944235 -1.218848 -0.222126 0.968227 -0.114878 0.985840 0.883301 1 0 1.0
0 -6.768386 1.052836 -0.250020 -0.213818 0.968448 -0.128023 0.985840 0.883301 1 0 1.0
Default
0 -5.041772 1.443980 -0.174868 -0.222126 0.968227 -0.114878 0.985840 0.883301 1 0 1.0
0 -5.037533 1.303828 -1.518082 -0.230381 0.967771 -0.101705 0.985840 0.883301 1 0 1.0
0 -6.680194 0.944235 -1.218848 -0.222126 0.968227 -0.114878 0.985840 0.883301 1 0 1.0
Default
0 -5.037533 1.303828 -1.518082 -0.099761 0.993429 -0.056099 0.985840 0.883301 1 0 1.0
0 -5.041772 1.443980 -0.174868 -0.099761 0.993429 -0.056099 0.985840 0.883301 1 0 1.0
0 -3.265023 1.534492 -1.731634 -0.088972 0.995037 -0.044559 0.985840 0.883301 1 0 1.0
Default
0 -5.041772 1.443980 -0.174868 -0.099761 0.993429 -0.056099 0.985840 0.883301 1 0 1.0
0 -3.269263 1.563361 -0.066687 -0.088972 0.995037 -0.044559 0.985840 0.883301 1 0 1.0
0 -3.265023 1.534492 -1.731634 -0.088972 0.995037 -0.044559 0.985840 0.883301 1 0 1.0
Default
0 -3.265023 1.534492 -1.731634 -0.088972 0.995037 -0.044559 0.985840 0.883301 1 0 1.0
0 -3.269263 1.563361 -0.066687 -0.088972 0.995037 -0.044559 0.985840 0.883301 1 0 1.0
0 -1.930286 1.610502 -1.814262 -0.078160 0.996394 -0.033008 0.985840 0.883301 1 0 1.0
Default
0 -3.269263 1.563361 -0.066687 -0.088972 0.995037 -0.044559 0.985840 0.883301 1 0 1.0
0 -1.934600 1.693031 -0.096213 -0.078160 0.996394 -0.033008 0.985840 0.883301 1 0 1.0
0 -1.930286 1.610502 -1.814262 -0.078160 0.996394 -0.033008 0.985840 0.883301 1 0 1.0
Default
0 -0.633732 1.616719 -1.923899 0.001040 0.991187 -0.132469 0.985840 0.883301 1 0 1.0
0 -0.638157 1.838411 -0.151576 0.001040 0.991187 -0.132469 0.985840 0.883301 1 0 1.0
0 2.659530 1.599617 -1.912450 0.016633 0.992808 -0.118556 0.985840 0.883301 1 0 1.0
Default
0 -0.638157 1.838411 -0.151576 0.001040 0.991187 -0.132469 0.985840 0.883301 1 0 1.0
0 2.623003 1.860751 -0.072402 0.016633 0.992808 -0.118556 0.985840 0.883301 1 0 1.0
0 2.659530 1.599617 -1.912450 0.016633 0.992808 -0.118556 0.985840 0.883301 1 0 1.0
Default
0 2.659530 1.599617 -1.912450 0.016633 0.992808 -0.118556 0.985840 0.883301 1 0 1.0
0 2.623003 1.860751 -0.072402 0.016633 0.992808 -0.118556 0.985840 0.883301 1 0 1.0
0 7.945490 1.498778 -1.872904 0.032218 0.993993 -0.104591 0.985840 0.883301 1 0 1.0
Default
0 2.623003 1.860751 -0.072402 0.016633 0.992808 -0.118556 0.985840 0.883301 1 0 1.0
0 7.941206 1.638749 0.086415 0.032218 0.993993 -0.104591 0.985840 0.883301 1 0 1.0
0 7.945490 1.498778 -1.872904 0.032218 0.993993 -0.104591 0.985840 0.883301 1 0 1.0
Default
0 7.941206 1.638749 0.086415 0.134943 0.988589 -0.066956 0.985840 0.883301 1 0 1.0
0 10.546172 1.270105 -0.007801 0.134943 0.988589 -0.066956 0.985840 0.883301 1 0 1.0
0 10.551948 1.178481 -1.447663 0.134943 0.988589 -0.066956 0.985840 0.883301 1 0 1.0
Default
0 7.945490 1.498778 -1.872904 0.134943 0.988589 -0.066956 0.985840 0.883301 1 0 1.0
0 7.941206 1.638749 0.086415 0.134943 0.988589 -0.066956 0.985840 0.883301 1 0 1.0
0 10.551948 1.178481 -1.447663 0.134943 0.988589 -0.066956 0.985840 0.883301 1 0 1.0
Default
0 7.941206 1.054782 1.616554 0.148225 0.921174 0.359817 0.987305 0.641113 1 0 1.0
0 10.546172 0.783235 1.203532 0.148225 0.921174 0.359817 0.987305 0.641113 1 0 1.0
0 10.546172 1.270105 -0.007801 0.148225 0.921174 0.359817 0.987305 0.641113 1 0 1.0
Default
0 7.941206 1.638749 0.086415 0.148225 0.921174 0.359817 0.987305 0.641113 1 0 1.0
0 7.941206 1.054782 1.616554 0.148225 0.921174 0.359817 0.987305 0.641113 1 0 1.0
0 10.546172 1.270105 -0.007801 0.148225 0.921174 0.359817 0.987305 0.641113 1 0 1.0
Default
0 -0.638157 0.479993 2.872805 -0.100113 0.000000 0.994976 0.987305 0.641113 1 0 1.0
0 -0.638157 0.277728 2.872805 -0.100113 0.000000 0.994976 0.987305 0.641113 1 0 1.0
0 2.181476 0.113540 3.156512 -0.100113 0.000000 0.994976 0.987305 0.641113 1 0 1.0
Default
0 2.181476 0.479993 3.156512 -0.100113 0.000000 0.994976 0.987305 0.641113 1 0 1.0
0 -0.638157 0.479993 2.872805 -0.100113 0.000000 0.994976 0.987305 0.641113 1 0 1.0
0 2.181476 0.113540 3.156512 -0.100113 0.000000 0.994976 0.987305 0.641113 1 0 1.0
Default
0 -8.673743 -0.000000 1.153278 -0.111405 0.986026 0.123864 0.984375 0.706055 1 0 1.0
0 -8.566056 -0.000000 1.586806 -0.102070 0.987601 0.119273 0.984375 0.706055 1 0 1.0
0 -8.601662 0.092610 0.817552 -0.111405 0.986026 0.123864 0.984375 0.706055 1 0 1.0
Default
0 -8.566056 -0.000000 1.586806 -0.102070 0.987601 0.119273 0.984375 0.706055 1 0 1.0
0 -7.121152 0.167138 1.219181 -0.102070 0.987601 0.119273 0.984375 0.706055 1 0 1.0
0 -8.601662 0.092610 0.817552 -0.111405 0.986026 0.123864 0.984375 0.706055 1 0 1.0
Default
0 -8.566056 -0.000000 1.586806 -0.102070 0.987601 0.119273 0.984375 0.706055 1 0 1.0
0 -8.153146 -0.000000 1.826314 -0.092724 0.989067 0.114670 0.984375 0.706055 1 0 1.0
0 -7.121152 0.167138 1.219181 -0.102070 0.987601 0.119273 0.984375 0.706055 1 0 1.0
Default
0 -8.153146 -0.000000 1.826314 -0.092724 0.989067 0.114670 0.984375 0.706055 1 0 1.0
0 -6.611582 0.206210 1.388607 -0.092724 0.989067 0.114670 0.984375 0.706055 1 0 1.0
0 -7.121152 0.167138 1.219181 -0.102070 0.987601 0.119273 0.984375 0.706055 1 0 1.0
Default
0 -8.601662 0.414256 -0.280684 -0.083870 0.954498 -0.286182 0.985840 0.883301 1 0 1.0
0 -7.793240 0.092610 -1.590383 -0.083870 0.954498 -0.286182 0.985840 0.883301 1 0 1.0
0 -10.453830 -0.000000 -1.119536 -0.083870 0.954498 -0.286182 0.985840 0.883301 1 0 1.0
Default
0 -10.453830 -0.000000 -1.119536 -0.083870 0.954498 -0.286182 0.985840 0.883301 1 0 1.0
0 -10.453830 0.137576 -0.721693 -0.063236 0.943197 -0.326161 0.985840 0.883301 1 0 1.0
0 -8.601662 0.414256 -0.280684 -0.083870 0.954498 -0.286182 0.985840 0.883301 1 0 1.0
Default
0 -10.453830 0.137576 0.186344 -0.147742 0.989026 0.000000 0.987305 0.641113 1 0 1.0
0 -8.601662 0.414256 -0.260597 -0.147742 0.989026 0.000000 0.987305 0.641113 1 0 1.0
0 -8.601662 0.414256 -0.267794 -0.147742 0.989026 0.000000 0.987305 0.641113 1 0 1.0
Default
0 -10.453830 0.137576 -0.267755 -0.147742 0.989026 0.000000 0.987305 0.641113 1 0 1.0
0 -10.453830 0.137576 0.186344 -0.147742 0.989026 0.000000 0.987305 0.641113 1 0 1.0
0 -8.601662 0.414256 -0.267794 -0.147742 0.989026 0.000000 0.987305 0.641113 1 0 1.0
Default
0 -10.453830 0.137576 -0.267755 -0.147742 0.989026 0.000000 0.985840 0.883301 1 0 1.0
0 -8.601662 0.414256 -0.267794 -0.147742 0.989026 0.000000 0.985840 0.883301 1 0 1.0
0 -8.601662 0.414256 -0.280684 -0.147742 0.989026 0.000000 0.985840 0.883301 1 0 1.0
Default
0 -10.453830 0.137576 -0.721693 -0.147742 0.989026 0.000000 0.985840 0.883301 1 0 1.0
0 -10.453830 0.137576 -0.267755 -0.147742 0.989026 0.000000 0.985840 0.883301 1 0 1.0
0 -8.601662 0.414256 -0.280684 -0.147742 0.989026 0.000000 0.985840 0.883301 1 0 1.0
Default
0 -8.601662 0.414256 -0.260597 -0.325389 0.931449 0.162863 0.987305 0.641113 1 0 1.0
0 -6.927131 0.944235 0.046738 -0.325389 0.931449 0.162863 0.987305 0.641113 1 0 1.0
0 -6.768386 1.052836 -0.250020 -0.325389 0.931449 0.162863 0.987305 0.641113 1 0 1.0
Default
0 -8.601662 0.414256 -0.267794 -0.325389 0.931449 0.162863 0.987305 0.641113 1 0 1.0
0 -8.601662 0.414256 -0.260597 -0.325389 0.931449 0.162863 0.987305 0.641113 1 0 1.0
0 -6.768386 1.052836 -0.250020 -0.325389 0.931449 0.162863 0.987305 0.641113 1 0 1.0
Default
0 -6.486173 0.334277 -1.782514 -0.145432 0.000000 -0.989368 0.985840 0.883301 1 0 1.0
0 -6.486173 0.167138 -1.782514 -0.145432 0.000000 -0.989368 0.985840 0.883301 1 0 1.0
0 -7.793240 0.092610 -1.590383 -0.145432 0.000000 -0.989368 0.985840 0.883301 1 0 1.0
Default
0 -7.793240 0.185220 -1.590383 -0.145432 0.000000 -0.989368 0.985840 0.883301 1 0 1.0
0 -6.486173 0.334277 -1.782514 -0.145432 0.000000 -0.989368 0.985840 0.883301 1 0 1.0
0 -7.793240 0.092610 -1.590383 -0.145432 0.000000 -0.989368 0.985840 0.883301 1 0 1.0
Default
0 -8.601662 0.414256 -0.267794 -0.324052 0.936682 -0.132730 0.985840 0.883301 1 0 1.0
0 -6.768386 1.052836 -0.250020 -0.324052 0.936682 -0.132730 0.985840 0.883301 1 0 1.0
0 -6.680194 0.944235 -1.218848 -0.324052 0.936682 -0.132730 0.985840 0.883301 1 0 1.0
Default
0 -8.601662 0.414256 -0.280684 -0.324052 0.936682 -0.132730 0.985840 0.883301 1 0 1.0
0 -8.601662 0.414256 -0.267794 -0.324052 0.936682 -0.132730 0.985840 0.883301 1 0 1.0
0 -6.680194 0.944235 -1.218848 -0.324052 0.936682 -0.132730 0.985840 0.883301 1 0 1.0
Default
0 -12.993446 0.103451 1.346020 -0.014299 0.999897 -0.001360 0.987305 0.641113 1 0 1.0
0 -10.453830 0.137576 0.186344 -0.014299 0.999897 -0.001360 0.987305 0.641113 1 0 1.0
0 -10.453830 0.137576 -0.267755 -0.014295 0.999898 -0.000269 0.987305 0.641113 1 0 1.0
Default
0 -12.808446 0.103451 -0.145621 -0.014295 0.999898 -0.000269 0.987305 0.641113 1 0 1.0
0 -12.993446 0.103451 1.346020 -0.014299 0.999897 -0.001360 0.987305 0.641113 1 0 1.0
0 -10.453830 0.137576 -0.267755 -0.014295 0.999898 -0.000269 0.987305 0.641113 1 0 1.0
Default
0 10.546172 1.270105 -0.007801 0.273360 0.954916 -0.115799 0.985840 0.883301 1 0 1.0
0 12.594474 0.758577 -0.088642 0.273360 0.954916 -0.115799 0.985840 0.883301 1 0 1.0
0 12.404519 0.691265 -0.394204 0.273360 0.954916 -0.115799 0.985840 0.883301 1 0 1.0
Default
0 10.551948 1.178481 -1.447663 0.273360 0.954916 -0.115799 0.985840 0.883301 1 0 1.0
0 10.546172 1.270105 -0.007801 0.273360 0.954916 -0.115799 0.985840 0.883301 1 0 1.0
0 12.404519 0.691265 -0.394204 0.273360 0.954916 -0.115799 0.985840 0.883301 1 0 1.0
Default
0 -3.256174 0.900634 -2.779105 -0.146981 0.554102 -0.819370 0.985840 0.883301 1 0 1.0
0 -3.269263 0.483899 -3.127893 -0.146981 0.554102 -0.819370 0.985840 0.883301 1 0 1.0
0 -5.041772 0.483899 -2.740618 -0.146981 0.554102 -0.819370 0.985840 0.883301 1 0 1.0
Default
0 -5.028683 0.969227 -2.484077 -0.146981 0.554102 -0.819370 0.985840 0.883301 1 0 1.0
0 -3.256174 0.900634 -2.779105 -0.146981 0.554102 -0.819370 0.985840 0.883301 1 0 1.0
0 -5.041772 0.483899 -2.740618 -0.146981 0.554102 -0.819370 0.985840 0.883301 1 0 1.0
Default
0 -0.625068 0.856337 -2.984767 -0.019467 0.704681 -0.709258 0.985840 0.883301 1 0 1.0
0 -0.638157 0.483899 -3.396017 -0.019467 0.704681 -0.709258 0.985840 0.883301 1 0 1.0
0 -1.934600 0.477511 -3.325206 -0.019467 0.704681 -0.709258 0.985840 0.883301 1 0 1.0
Default
0 -1.921233 0.909884 -2.937565 -0.019467 0.704681 -0.709258 0.985840 0.883301 1 0 1.0
0 -0.625068 0.856337 -2.984767 -0.019467 0.704681 -0.709258 0.985840 0.883301 1 0 1.0
0 -1.934600 0.477511 -3.325206 -0.019467 0.704681 -0.709258 0.985840 0.883301 1 0 1.0
Default
0 2.759316 1.084430 -3.154810 -0.067618 0.676930 -0.732935 0.985840 0.883301 1 0 1.0
0 2.831574 0.483899 -3.647642 -0.067618 0.676930 -0.732935 0.985840 0.883301 1 0 1.0
0 -0.638157 0.483899 -3.396017 -0.067618 0.676930 -0.732935 0.985840 0.883301 1 0 1.0
Default
0 -0.625068 0.856337 -2.984767 -0.067618 0.676930 -0.732935 0.985840 0.883301 1 0 1.0
0 2.759316 1.084430 -3.154810 -0.067618 0.676930 -0.732935 0.985840 0.883301 1 0 1.0
0 -0.638157 0.483899 -3.396017 -0.067618 0.676930 -0.732935 0.985840 0.883301 1 0 1.0
Default
0 7.954294 0.874457 -2.904770 0.067814 0.610892 -0.788805 0.985840 0.883301 1 0 1.0
0 7.941206 0.387635 -3.248955 0.067814 0.610892 -0.788805 0.985840 0.883301 1 0 1.0
0 2.831574 0.483899 -3.647642 0.067814 0.610892 -0.788805 0.985840 0.883301 1 0 1.0
Default
0 2.759316 1.084430 -3.154810 0.067814 0.610892 -0.788805 0.985840 0.883301 1 0 1.0
0 7.954294 0.874457 -2.904770 0.067814 0.610892 -0.788805 0.985840 0.883301 1 0 1.0
0 2.831574 0.483899 -3.647642 0.067814 0.610892 -0.788805 0.985840 0.883301 1 0 1.0
Default
0 10.559261 0.757825 -1.867133 0.327292 0.550930 -0.767695 0.985840 0.883301 1 0 1.0
0 10.546172 0.239212 -2.255650 0.327292 0.550930 -0.767695 0.985840 0.883301 1 0 1.0
0 7.941206 0.387635 -3.248955 0.327292 0.550930 -0.767695 0.985840 0.883301 1 0 1.0
Default
0 7.954294 0.874457 -2.904770 0.327292 0.550930 -0.767695 0.985840 0.883301 1 0 1.0
0 10.559261 0.757825 -1.867133 0.327292 0.550930 -0.767695 0.985840 0.883301 1 0 1.0
0 7.941206 0.387635 -3.248955 0.327292 0.550930 -0.767695 0.985840 0.883301 1 0 1.0
Default
0 10.546172 0.783235 1.203532 0.278417 0.786687 0.551006 0.987305 0.641113 1 0 1.0
0 10.546172 0.239212 1.999772 0.278417 0.786687 0.551006 0.987305 0.641113 1 0 1.0
0 12.773634 0.145400 0.988676 0.278417 0.786687 0.551006 0.987305 0.641113 1 0 1.0
Default
0 13.109736 0.399943 0.474952 0.278417 0.786687 0.551006 0.987305 0.641113 1 0 1.0
0 10.546172 0.783235 1.203532 0.278417 0.786687 0.551006 0.987305 0.641113 1 0 1.0
0 12.773634 0.145400 0.988676 0.278417 0.786687 0.551006 0.987305 0.641113 1 0 1.0
Default
0 7.941206 1.054782 1.616554 0.179605 0.825256 0.535439 0.987305 0.641113 1 0 1.0
0 7.941206 0.340026 2.760431 0.179605 0.825256 0.535439 0.987305 0.641113 1 0 1.0
0 10.546172 0.239212 1.999772 0.179605 0.825256 0.535439 0.987305 0.641113 1 0 1.0
Default
0 10.546172 0.783235 1.203532 0.179605 0.825256 0.535439 0.987305 0.641113 1 0 1.0
0 7.941206 1.054782 1.616554 0.179605 0.825256 0.535439 0.987305 0.641113 1 0 1.0
0 10.546172 0.239212 1.999772 0.179605 0.825256 0.535439 0.987305 0.641113 1 0 1.0
Default
0 2.312175 1.109840 1.958581 0.047178 0.865111 0.499357 0.987305 0.641113 1 0 1.0
0 2.181476 0.479993 3.156512 0.047178 0.865111 0.499357 0.987305 0.641113 1 0 1.0
0 7.941206 0.340026 2.760431 0.047178 0.865111 0.499357 0.987305 0.641113 1 0 1.0
Default
0 7.941206 1.054782 1.616554 0.047178 0.865111 0.499357 0.987305 0.641113 1 0 1.0
0 2.312175 1.109840 1.958581 0.047178 0.865111 0.499357 0.987305 0.641113 1 0 1.0
0 7.941206 0.340026 2.760431 0.047178 0.865111 0.499357 0.987305 0.641113 1 0 1.0
Default
0 2.312175 1.109840 1.958581 -0.041204 0.879956 0.473266 0.987305 0.641113 1 0 1.0
0 -0.638157 1.153734 1.658318 -0.041204 0.879956 0.473266 0.987305 0.641113 1 0 1.0
0 2.181476 0.479993 3.156512 -0.041204 0.879956 0.473266 0.987305 0.641113 1 0 1.0
Default
0 -0.638157 1.153734 1.658318 -0.041204 0.879956 0.473266 0.987305 0.641113 1 0 1.0
0 -0.638157 0.479993 2.872805 -0.041204 0.879956 0.473266 0.987305 0.641113 1 0 1.0
0 2.181476 0.479993 3.156512 -0.041204 0.879956 0.473266 0.987305 0.641113 1 0 1.0
Default
0 -0.638157 1.153734 1.658318 -0.041204 0.879956 0.473266 0.987305 0.641113 1 0 1.0
0 -1.934600 1.191988 1.557331 -0.049589 0.857093 0.512770 0.987305 0.641113 1 0 1.0
0 -0.638157 0.479993 2.872805 -0.041204 0.879956 0.473266 0.987305 0.641113 1 0 1.0
Default
0 -1.934600 1.191988 1.557331 -0.049589 0.857093 0.512770 0.987305 0.641113 1 0 1.0
0 -1.934597 0.473855 2.669357 -0.049589 0.857093 0.512770 0.987305 0.641113 1 0 1.0
0 -0.638157 0.479993 2.872805 -0.041204 0.879956 0.473266 0.987305 0.641113 1 0 1.0
Default
0 -3.269263 1.157671 1.315077 -0.113454 0.837423 0.534651 0.987305 0.641113 1 0 1.0
0 -3.269263 0.480319 2.388797 -0.113454 0.837423 0.534651 0.987305 0.641113 1 0 1.0
0 -1.934597 0.473855 2.669357 -0.113454 0.837423 0.534651 0.987305 0.641113 1 0 1.0
Default
0 -1.934600 1.191988 1.557331 -0.113454 0.837423 0.534651 0.987305 0.641113 1 0 1.0
0 -3.269263 1.157671 1.315077 -0.113454 0.837423 0.534651 0.987305 0.641113 1 0 1.0
0 -1.934597 0.473855 2.669357 -0.113454 0.837423 0.534651 0.987305 0.641113 1 0 1.0
Default
0 -5.041772 1.067329 0.837924 -0.171233 0.840602 0.513874 0.987305 0.641113 1 0 1.0
0 -6.611582 0.431882 1.388607 -0.171233 0.840602 0.513874 0.987305 0.641113 1 0 1.0
0 -3.269263 0.480319 2.388797 -0.171233 0.840602 0.513874 0.987305 0.641113 1 0 1.0
Default
0 -3.269263 1.157671 1.315077 -0.171233 0.840602 0.513874 0.987305 0.641113 1 0 1.0
0 -5.041772 1.067329 0.837924 -0.171233 0.840602 0.513874 0.987305 0.641113 1 0 1.0
0 -3.269263 0.480319 2.388797 -0.171233 0.840602 0.513874 0.987305 0.641113 1 0 1.0
Default
0 -6.927131 0.944235 0.046738 -0.240166 0.886714 0.395042 0.987305 0.641113 1 0 1.0
0 -7.121152 0.334277 1.219181 -0.240166 0.886714 0.395042 0.987305 0.641113 1 0 1.0
0 -6.611582 0.431882 1.388607 -0.240166 0.886714 0.395042 0.987305 0.641113 1 0 1.0
Default
0 -5.041772 1.067329 0.837924 -0.240166 0.886714 0.395042 0.987305 0.641113 1 0 1.0
0 -6.927131 0.944235 0.046738 -0.240166 0.886714 0.395042 0.987305 0.641113 1 0 1.0
0 -6.611582 0.431882 1.388607 -0.240166 0.886714 0.395042 0.987305 0.641113 1 0 1.0
Default
0 -8.601662 0.414256 -0.260597 -0.300142 0.888038 0.348287 0.987305 0.641113 1 0 1.0
0 -8.601662 0.185220 0.538964 -0.300142 0.888038 0.348287 0.987305 0.641113 1 0 1.0
0 -7.121152 0.334277 1.219181 -0.300142 0.888038 0.348287 0.987305 0.641113 1 0 1.0
Default
0 -6.927131 0.944235 0.046738 -0.300142 0.888038 0.348287 0.987305 0.641113 1 0 1.0
0 -8.601662 0.414256 -0.260597 -0.300142 0.888038 0.348287 0.987305 0.641113 1 0 1.0
0 -7.121152 0.334277 1.219181 -0.300142 0.888038 0.348287 0.987305 0.641113 1 0 1.0
Default
0 -10.453830 -0.000000 0.448539 0.106755 0.976045 0.189579 0.984375 0.706055 1 0 1.0
0 -10.453830 0.137576 0.186344 0.106755 0.976045 0.189579 0.984375 0.706055 1 0 1.0
0 -12.993446 0.103451 1.346020 0.106755 0.976045 0.189579 0.984375 0.706055 1 0 1.0
Default
0 -13.658661 -0.000000 2.699342 0.106755 0.976045 0.189579 0.984375 0.706055 1 0 1.0
0 -10.453830 -0.000000 0.448539 0.106755 0.976045 0.189579 0.984375 0.706055 1 0 1.0
0 -12.993446 0.103451 1.346020 0.106755 0.976045 0.189579 0.984375 0.706055 1 0 1.0
Default
0 13.573659 0.143459 0.457571 0.421548 0.649684 0.632620 0.987305 0.641113 1 0 1.0
0 13.109736 0.399943 0.474952 0.421548 0.649684 0.632620 0.987305 0.641113 1 0 1.0
0 12.773634 0.145400 0.988676 0.421548 0.649684 0.632620 0.987305 0.641113 1 0 1.0
Default
0 13.272689 0.100584 0.673801 0.421548 0.649684 0.632620 0.987305 0.641113 1 0 1.0
0 13.573659 0.143459 0.457571 0.421548 0.649684 0.632620 0.987305 0.641113 1 0 1.0
0 12.773634 0.145400 0.988676 0.421548 0.649684 0.632620 0.987305 0.641113 1 0 1.0
Default
0 13.636688 0.217561 0.322710 0.378119 0.895023 0.236560 0.987305 0.641113 1 0 1.0
0 13.050734 0.451755 0.126981 0.378119 0.895023 0.236560 0.987305 0.641113 1 0 1.0
0 13.109736 0.399943 0.474952 0.378119 0.895023 0.236560 0.987305 0.641113 1 0 1.0
Default
0 13.573659 0.143459 0.457571 0.378119 0.895023 0.236560 0.987305 0.641113 1 0 1.0
0 13.636688 0.217561 0.322710 0.378119 0.895023 0.236560 0.987305 0.641113 1 0 1.0
0 13.109736 0.399943 0.474952 0.378119 0.895023 0.236560 0.987305 0.641113 1 0 1.0
Default
0 0.896993 -0.000000 3.521659 0.000013 0.919337 0.393471 0.984375 0.706055 1 0 1.0
0 2.181476 0.113540 3.156512 0.000013 0.919337 0.393471 0.984375 0.706055 1 0 1.0
0 -0.638157 0.277728 2.872805 0.000013 0.919337 0.393471 0.984375 0.706055 1 0 1.0
Default
0 -0.830883 0.132753 3.111722 0.000013 0.919337 0.393471 0.984375 0.706055 1 0 1.0
0 0.896993 -0.000000 3.521659 0.000013 0.919337 0.393471 0.984375 0.706055 1 0 1.0
0 -0.638157 0.277728 2.872805 0.000013 0.919337 0.393471 0.984375 0.706055 1 0 1.0
Default
0 0.071345 -0.000000 3.647642 -0.017058 0.963442 0.267372 0.984375 0.706055 1 0 1.0
0 0.896993 -0.000000 3.521659 -0.017058 0.963442 0.267372 0.984375 0.706055 1 0 1.0
0 -0.830883 0.132753 3.111722 -0.017058 0.963442 0.267372 0.984375 0.706055 1 0 1.0
Default
0 -0.777589 -0.000000 3.414824 -0.017058 0.963442 0.267372 0.984375 0.706055 1 0 1.0
0 0.071345 -0.000000 3.647642 -0.017058 0.963442 0.267372 0.984375 0.706055 1 0 1.0
0 -0.830883 0.132753 3.111722 -0.017058 0.963442 0.267372 0.984375 0.706055 1 0 1.0
Default
0 -1.921233 0.909884 -2.937565 -0.100660 0.653662 -0.750062 0.985840 0.883301 1 0 1.0
0 -1.934600 0.477511 -3.325206 -0.100660 0.653662 -0.750062 0.985840 0.883301 1 0 1.0
0 -3.269263 0.483899 -3.127893 -0.100660 0.653662 -0.750062 0.985840 0.883301 1 0 1.0
Default
0 -3.256174 0.900634 -2.779105 -0.100660 0.653662 -0.750062 0.985840 0.883301 1 0 1.0
0 -1.921233 0.909884 -2.937565 -0.100660 0.653662 -0.750062 0.985840 0.883301 1 0 1.0
0 -3.269263 0.483899 -3.127893 -0.100660 0.653662 -0.750062 0.985840 0.883301 1 0 1.0
Default
0 -3.269263 0.483899 -3.127893 -0.146248 0.000000 -0.989248 0.985840 0.883301 1 0 1.0
0 -1.934600 0.477511 -3.325206 -0.146248 0.000000 -0.989248 0.985840 0.883301 1 0 1.0
0 -3.269263 0.206210 -3.127893 -0.146248 0.000000 -0.989248 0.985840 0.883301 1 0 1.0
Default
0 -1.934600 0.477511 -3.325206 -0.146248 0.000000 -0.989248 0.985840 0.883301 1 0 1.0
0 -1.934600 0.193907 -3.325206 -0.146248 0.000000 -0.989248 0.985840 0.883301 1 0 1.0
0 -3.269263 0.206210 -3.127893 -0.146248 0.000000 -0.989248 0.985840 0.883301 1 0 1.0
Default
0 -3.269263 0.206210 -3.127893 -0.146248 0.000000 -0.989248 0.985840 0.883301 1 0 1.0
0 -1.934600 0.193907 -3.325206 -0.146248 0.000000 -0.989248 0.985840 0.883301 1 0 1.0
0 -3.269263 -0.000000 -3.127893 -0.146248 0.000000 -0.989248 0.985840 0.883301 1 0 1.0
Default
0 -1.934600 0.193907 -3.325206 -0.146248 0.000000 -0.989248 0.985840 0.883301 1 0 1.0
0 -1.934601 -0.000000 -3.325206 -0.146248 0.000000 -0.989248 0.985840 0.883301 1 0 1.0
0 -3.269263 -0.000000 -3.127893 -0.146248 0.000000 -0.989248 0.985840 0.883301 1 0 1.0
Default
0 -1.934600 1.693031 -0.096213 -0.063649 0.994189 -0.086813 0.985840 0.883301 1 0 1.0
0 -0.638157 1.838411 -0.151576 -0.063649 0.994189 -0.086813 0.985840 0.883301 1 0 1.0
0 -0.633732 1.616719 -1.923899 -0.063649 0.994189 -0.086813 0.985840 0.883301 1 0 1.0
Default
0 -1.930286 1.610502 -1.814262 -0.063649 0.994189 -0.086813 0.985840 0.883301 1 0 1.0
0 -1.934600 1.693031 -0.096213 -0.063649 0.994189 -0.086813 0.985840 0.883301 1 0 1.0
0 -0.633732 1.616719 -1.923899 -0.063649 0.994189 -0.086813 0.985840 0.883301 1 0 1.0
Default
0 -5.512436 0.596860 -2.566623 -0.627189 0.000000 -0.778868 0.985840 0.883301 1 0 1.0
0 -5.512436 0.298430 -2.566623 -0.627189 0.000000 -0.778868 0.985840 0.883301 1 0 1.0
0 -6.486173 0.167138 -1.782514 -0.627189 0.000000 -0.778868 0.985840 0.883301 1 0 1.0
Default
0 -6.486173 0.334277 -1.782514 -0.627189 0.000000 -0.778868 0.985840 0.883301 1 0 1.0
0 -5.512436 0.596860 -2.566623 -0.627189 0.000000 -0.778868 0.985840 0.883301 1 0 1.0
0 -6.486173 0.167138 -1.782514 -0.627189 0.000000 -0.778868 0.985840 0.883301 1 0 1.0
Default
0 -7.854015 0.038955 -2.788817 -0.112600 0.993282 0.026686 0.984375 0.706055 1 0 1.0
0 -6.486173 0.167138 -1.782514 -0.112600 0.993282 0.026686 0.984375 0.706055 1 0 1.0
0 -5.512436 0.298430 -2.566623 -0.112600 0.993282 0.026686 0.984375 0.706055 1 0 1.0
Default
0 -7.507565 0.086342 -3.084877 -0.112600 0.993282 0.026686 0.984375 0.706055 1 0 1.0
0 -7.854015 0.038955 -2.788817 -0.112600 0.993282 0.026686 0.984375 0.706055 1 0 1.0
0 -5.512436 0.298430 -2.566623 -0.112600 0.993282 0.026686 0.984375 0.706055 1 0 1.0
Default
0 -7.814996 0.041999 -2.362095 -0.076050 0.996271 -0.040748 0.984375 0.706055 1 0 1.0
0 -7.793240 0.092610 -1.590383 -0.076050 0.996271 -0.040748 0.984375 0.706055 1 0 1.0
0 -6.486173 0.167138 -1.782514 -0.076050 0.996271 -0.040748 0.984375 0.706055 1 0 1.0
Default
0 -7.854015 0.038955 -2.788817 -0.076050 0.996271 -0.040748 0.984375 0.706055 1 0 1.0
0 -7.814996 0.041999 -2.362095 -0.076050 0.996271 -0.040748 0.984375 0.706055 1 0 1.0
0 -6.486173 0.167138 -1.782514 -0.076050 0.996271 -0.040748 0.984375 0.706055 1 0 1.0
Default
0 -1.930286 1.610502 -1.814262 -0.018464 0.830980 -0.555996 0.985840 0.883301 1 0 1.0
0 -0.633732 1.616719 -1.923899 -0.018464 0.830980 -0.555996 0.985840 0.883301 1 0 1.0
0 -0.625068 0.856337 -2.984767 -0.018464 0.830980 -0.555996 0.985840 0.883301 1 0 1.0
Default
0 -1.921233 0.909884 -2.937565 -0.018464 0.830980 -0.555996 0.985840 0.883301 1 0 1.0
0 -1.930286 1.610502 -1.814262 -0.018464 0.830980 -0.555996 0.985840 0.883301 1 0 1.0
0 -0.625068 0.856337 -2.984767 -0.018464 0.830980 -0.555996 0.985840 0.883301 1 0 1.0
Default
0 13.603099 0.248909 0.102632 0.425282 0.904973 0.012587 0.985840 0.883301 1 0 1.0
0 13.171554 0.463828 -0.088238 0.425282 0.904973 0.012587 0.985840 0.883301 1 0 1.0
0 13.073279 0.498459 0.061822 0.425282 0.904973 0.012587 0.985840 0.883301 1 0 1.0
Default
0 13.658661 0.230491 0.230116 0.425282 0.904973 0.012587 0.985840 0.883301 1 0 1.0
0 13.603099 0.248909 0.102632 0.425282 0.904973 0.012587 0.985840 0.883301 1 0 1.0
0 13.073279 0.498459 0.061822 0.425282 0.904973 0.012587 0.985840 0.883301 1 0 1.0
Default
0 10.551948 1.178481 -1.447663 0.430092 0.748332 -0.504995 0.985840 0.883301 1 0 1.0
0 12.404519 0.691265 -0.394204 0.430092 0.748332 -0.504995 0.985840 0.883301 1 0 1.0
0 12.712721 0.536447 -0.558789 0.430092 0.748332 -0.504995 0.985840 0.883301 1 0 1.0
Default
0 10.559261 0.757825 -1.867133 0.430092 0.748332 -0.504995 0.985840 0.883301 1 0 1.0
0 10.551948 1.178481 -1.447663 0.430092 0.748332 -0.504995 0.985840 0.883301 1 0 1.0
0 12.712721 0.536447 -0.558789 0.430092 0.748332 -0.504995 0.985840 0.883301 1 0 1.0
Default
0 7.945490 1.498778 -1.872904 0.225706 0.791776 -0.567580 0.985840 0.883301 1 0 1.0
0 10.551948 1.178481 -1.447663 0.225706 0.791776 -0.567580 0.985840 0.883301 1 0 1.0
0 10.559261 0.757825 -1.867133 0.225706 0.791776 -0.567580 0.985840 0.883301 1 0 1.0
Default
0 7.954294 0.874457 -2.904770 0.225706 0.791776 -0.567580 0.985840 0.883301 1 0 1.0
0 7.945490 1.498778 -1.872904 0.225706 0.791776 -0.567580 0.985840 0.883301 1 0 1.0
0 10.559261 0.757825 -1.867133 0.225706 0.791776 -0.567580 0.985840 0.883301 1 0 1.0
Default
0 2.659530 1.599617 -1.912450 0.038842 0.894117 -0.446145 0.985840 0.883301 1 0 1.0
0 7.945490 1.498778 -1.872904 0.038842 0.894117 -0.446145 0.985840 0.883301 1 0 1.0
0 7.954294 0.874457 -2.904770 0.038842 0.894117 -0.446145 0.985840 0.883301 1 0 1.0
Default
0 2.759316 1.084430 -3.154810 0.038842 0.894117 -0.446145 0.985840 0.883301 1 0 1.0
0 2.659530 1.599617 -1.912450 0.038842 0.894117 -0.446145 0.985840 0.883301 1 0 1.0
0 7.954294 0.874457 -2.904770 0.038842 0.894117 -0.446145 0.985840 0.883301 1 0 1.0
Default
0 -0.633732 1.616719 -1.923899 -0.039126 0.873350 -0.485519 0.985840 0.883301 1 0 1.0
0 2.659530 1.599617 -1.912450 -0.039126 0.873350 -0.485519 0.985840 0.883301 1 0 1.0
0 2.759316 1.084430 -3.154810 -0.039126 0.873350 -0.485519 0.985840 0.883301 1 0 1.0
Default
0 -0.625068 0.856337 -2.984767 -0.039126 0.873350 -0.485519 0.985840 0.883301 1 0 1.0
0 -0.633732 1.616719 -1.923899 -0.039126 0.873350 -0.485519 0.985840 0.883301 1 0 1.0
0 2.759316 1.084430 -3.154810 -0.039126 0.873350 -0.485519 0.985840 0.883301 1 0 1.0
Default
0 -3.265023 1.534492 -1.731634 -0.074325 0.849271 -0.522699 0.985840 0.883301 1 0 1.0
0 -1.930286 1.610502 -1.814262 -0.074325 0.849271 -0.522699 0.985840 0.883301 1 0 1.0
0 -1.921233 0.909884 -2.937565 -0.074325 0.849271 -0.522699 0.985840 0.883301 1 0 1.0
Default
0 -3.256174 0.900634 -2.779105 -0.074325 0.849271 -0.522699 0.985840 0.883301 1 0 1.0
0 -3.265023 1.534492 -1.731634 -0.074325 0.849271 -0.522699 0.985840 0.883301 1 0 1.0
0 -1.921233 0.909884 -2.937565 -0.074325 0.849271 -0.522699 0.985840 0.883301 1 0 1.0
Default
0 -5.037533 1.303828 -1.518082 -0.102925 0.896035 -0.431889 0.985840 0.883301 1 0 1.0
0 -3.265023 1.534492 -1.731634 -0.102925 0.896035 -0.431889 0.985840 0.883301 1 0 1.0
0 -3.256174 0.900634 -2.779105 -0.102925 0.896035 -0.431889 0.985840 0.883301 1 0 1.0
Default
0 -5.028683 0.969227 -2.484077 -0.102925 0.896035 -0.431889 0.985840 0.883301 1 0 1.0
0 -5.037533 1.303828 -1.518082 -0.102925 0.896035 -0.431889 0.985840 0.883301 1 0 1.0
0 -3.256174 0.900634 -2.779105 -0.102925 0.896035 -0.431889 0.985840 0.883301 1 0 1.0
Default
0 12.612641 0.691019 -0.385487 0.377534 0.922603 -0.079191 0.985840 0.883301 1 0 1.0
0 13.192725 0.460042 -0.184262 0.377534 0.922603 -0.079191 0.985840 0.883301 1 0 1.0
0 13.178324 0.464664 -0.325769 0.377534 0.922603 -0.079191 0.985840 0.883301 1 0 1.0
Default
0 12.742436 0.616429 -0.508998 0.377534 0.922603 -0.079191 0.985840 0.883301 1 0 1.0
0 12.612641 0.691019 -0.385487 0.377534 0.922603 -0.079191 0.985840 0.883301 1 0 1.0
0 13.178324 0.464664 -0.325769 0.377534 0.922603 -0.079191 0.985840 0.883301 1 0 1.0
Default
0 12.635516 0.806949 -0.144121 0.543959 0.831819 -0.110385 0.985840 0.883301 1 0 1.0
0 13.073279 0.498459 0.061822 0.543959 0.831819 -0.110385 0.985840 0.883301 1 0 1.0
0 13.171554 0.463828 -0.088238 0.543959 0.831819 -0.110385 0.985840 0.883301 1 0 1.0
Default
0 12.600490 0.761751 -0.283945 0.543959 0.831819 -0.110385 0.985840 0.883301 1 0 1.0
0 12.635516 0.806949 -0.144121 0.543959 0.831819 -0.110385 0.985840 0.883301 1 0 1.0
0 13.171554 0.463828 -0.088238 0.543959 0.831819 -0.110385 0.985840 0.883301 1 0 1.0
Default
0 13.244544 0.077296 -0.770004 0.617986 0.666647 -0.416742 0.985840 0.883301 1 0 1.0
0 13.127073 0.077296 -0.885352 0.617986 0.666647 -0.416742 0.985840 0.883301 1 0 1.0
0 13.164756 0.399943 -0.372196 0.617986 0.666647 -0.416742 0.985840 0.883301 1 0 1.0
Default
0 13.519322 0.152482 -0.183413 0.617986 0.666647 -0.416742 0.985840 0.883301 1 0 1.0
0 13.244544 0.077296 -0.770004 0.617986 0.666647 -0.416742 0.985840 0.883301 1 0 1.0
0 13.164756 0.399943 -0.372196 0.617986 0.666647 -0.416742 0.985840 0.883301 1 0 1.0
Default
0 13.575798 0.189670 -0.133670 0.583258 0.798971 -0.146481 0.985840 0.883301 1 0 1.0
0 13.178324 0.464664 -0.325769 0.583258 0.798971 -0.146481 0.985840 0.883301 1 0 1.0
0 13.192725 0.460042 -0.184262 0.583258 0.798971 -0.146481 0.985840 0.883301 1 0 1.0
Default
0 13.557194 0.237122 -0.058296 0.583258 0.798971 -0.146481 0.985840 0.883301 1 0 1.0
0 13.575798 0.189670 -0.133670 0.583258 0.798971 -0.146481 0.985840 0.883301 1 0 1.0
0 13.192725 0.460042 -0.184262 0.583258 0.798971 -0.146481 0.985840 0.883301 1 0 1.0
Default
0 13.636688 0.217561 0.322710 0.251701 0.879654 0.403554 0.985840 0.883301 1 0 1.0
0 13.658661 0.230491 0.230116 0.251701 0.879654 0.403554 0.985840 0.883301 1 0 1.0
0 13.073279 0.498459 0.061822 0.251701 0.879654 0.403554 0.985840 0.883301 1 0 1.0
Default
0 13.050734 0.451755 0.126981 0.251701 0.879654 0.403554 0.985840 0.883301 1 0 1.0
0 13.636688 0.217561 0.322710 0.251701 0.879654 0.403554 0.985840 0.883301 1 0 1.0
0 13.073279 0.498459 0.061822 0.251701 0.879654 0.403554 0.985840 0.883301 1 0 1.0
Default
0 13.050734 0.451755 0.126981 0.183307 0.722822 0.666279 0.985840 0.883301 1 0 1.0
0 13.073279 0.498459 0.061822 0.183307 0.722822 0.666279 0.985840 0.883301 1 0 1.0
0 12.635516 0.806949 -0.144121 0.183307 0.722822 0.666279 0.985840 0.883301 1 0 1.0
Default
0 12.594474 0.758577 -0.088642 0.183307 0.722822 0.666279 0.985840 0.883301 1 0 1.0
0 13.050734 0.451755 0.126981 0.183307 0.722822 0.666279 0.985840 0.883301 1 0 1.0
0 12.635516 0.806949 -0.144121 0.183307 0.722822 0.666279 0.985840 0.883301 1 0 1.0
Default
0 12.404519 0.691265 -0.394204 0.433384 0.337384 -0.835674 0.985840 0.883301 1 0 1.0
0 12.600490 0.761751 -0.283945 0.433384 0.337384 -0.835674 0.985840 0.883301 1 0 1.0
0 13.171554 0.463828 -0.088238 0.433384 0.337384 -0.835674 0.985840 0.883301 1 0 1.0
Default
0 13.161852 0.399943 -0.138891 0.433384 0.337384 -0.835674 0.985840 0.883301 1 0 1.0
0 12.404519 0.691265 -0.394204 0.433384 0.337384 -0.835674 0.985840 0.883301 1 0 1.0
0 13.171554 0.463828 -0.088238 0.433384 0.337384 -0.835674 0.985840 0.883301 1 0 1.0
Default
0 12.594474 0.758577 -0.088642 -0.448405 0.893830 0.000713 0.985840 0.883301 1 0 1.0
0 12.635516 0.806949 -0.144121 -0.448405 0.893830 0.000713 0.985840 0.883301 1 0 1.0
0 12.600490 0.761751 -0.283945 -0.448405 0.893830 0.000713 0.985840 0.883301 1 0 1.0
Default
0 12.404519 0.691265 -0.394204 -0.448405 0.893830 0.000713 0.985840 0.883301 1 0 1.0
0 12.594474 0.758577 -0.088642 -0.448405 0.893830 0.000713 0.985840 0.883301 1 0 1.0
0 12.600490 0.761751 -0.283945 -0.448405 0.893830 0.000713 0.985840 0.883301 1 0 1.0
Default
0 13.161852 0.399943 -0.138891 0.542341 0.454751 -0.706448 0.985840 0.883301 1 0 1.0
0 13.171554 0.463828 -0.088238 0.542341 0.454751 -0.706448 0.985840 0.883301 1 0 1.0
0 13.603099 0.248909 0.102632 0.542341 0.454751 -0.706448 0.985840 0.883301 1 0 1.0
Default
0 13.516700 0.206324 0.010971 0.542341 0.454751 -0.706448 0.985840 0.883301 1 0 1.0
0 13.161852 0.399943 -0.138891 0.542341 0.454751 -0.706448 0.985840 0.883301 1 0 1.0
0 13.603099 0.248909 0.102632 0.542341 0.454751 -0.706448 0.985840 0.883301 1 0 1.0
Default
0 13.636688 -0.000000 0.322710 0.990549 -0.041970 0.130583 0.985840 0.883301 1 0 1.0
0 13.638256 -0.000000 0.240894 0.990549 -0.041970 0.130583 0.985840 0.883301 1 0 1.0
0 13.658661 0.230491 0.230116 0.990549 -0.041970 0.130583 0.985840 0.883301 1 0 1.0
Default
0 13.636688 0.217561 0.322710 0.990549 -0.041970 0.130583 0.985840 0.883301 1 0 1.0
0 13.636688 -0.000000 0.322710 0.990549 -0.041970 0.130583 0.985840 0.883301 1 0 1.0
0 13.658661 0.230491 0.230116 0.990549 -0.041970 0.130583 0.985840 0.883301 1 0 1.0
Default
0 13.516700 0.206324 0.010971 0.653553 0.051225 -0.755145 0.985840 0.883301 1 0 1.0
0 13.603099 0.248909 0.102632 0.653553 0.051225 -0.755145 0.985840 0.883301 1 0 1.0
0 13.615460 -0.000000 0.082449 0.653553 0.051225 -0.755145 0.985840 0.883301 1 0 1.0
Default
0 13.516700 -0.000000 0.010971 0.653553 0.051225 -0.755145 0.985840 0.883301 1 0 1.0
0 13.516700 0.206324 0.010971 0.653553 0.051225 -0.755145 0.985840 0.883301 1 0 1.0
0 13.615460 -0.000000 0.082449 0.653553 0.051225 -0.755145 0.985840 0.883301 1 0 1.0
Default
0 13.164756 0.399943 -0.372196 0.589332 0.302046 -0.749304 0.985840 0.883301 1 0 1.0
0 13.178324 0.464664 -0.325769 0.589332 0.302046 -0.749304 0.985840 0.883301 1 0 1.0
0 13.575798 0.189670 -0.133670 0.589332 0.302046 -0.749304 0.985840 0.883301 1 0 1.0
Default
0 13.519322 0.152482 -0.183413 0.589332 0.302046 -0.749304 0.985840 0.883301 1 0 1.0
0 13.164756 0.399943 -0.372196 0.589332 0.302046 -0.749304 0.985840 0.883301 1 0 1.0
0 13.575798 0.189670 -0.133670 0.589332 0.302046 -0.749304 0.985840 0.883301 1 0 1.0
Default
0 12.712721 0.536447 -0.558789 0.459315 0.392471 -0.796867 0.985840 0.883301 1 0 1.0
0 12.742436 0.616429 -0.508998 0.459315 0.392471 -0.796867 0.985840 0.883301 1 0 1.0
0 13.178324 0.464664 -0.325769 0.459315 0.392471 -0.796867 0.985840 0.883301 1 0 1.0
Default
0 13.164756 0.399943 -0.372196 0.459315 0.392471 -0.796867 0.985840 0.883301 1 0 1.0
0 12.712721 0.536447 -0.558789 0.459315 0.392471 -0.796867 0.985840 0.883301 1 0 1.0
0 13.178324 0.464664 -0.325769 0.459315 0.392471 -0.796867 0.985840 0.883301 1 0 1.0
Default
0 13.161852 0.399943 -0.138891 -0.031594 0.610706 0.791227 0.985840 0.883301 1 0 1.0
0 13.192725 0.460042 -0.184262 -0.031594 0.610706 0.791227 0.985840 0.883301 1 0 1.0
0 12.612641 0.691019 -0.385487 -0.031594 0.610706 0.791227 0.985840 0.883301 1 0 1.0
Default
0 12.404519 0.691265 -0.394204 -0.031594 0.610706 0.791227 0.985840 0.883301 1 0 1.0
0 13.161852 0.399943 -0.138891 -0.031594 0.610706 0.791227 0.985840 0.883301 1 0 1.0
0 12.612641 0.691019 -0.385487 -0.031594 0.610706 0.791227 0.985840 0.883301 1 0 1.0
Default
0 12.404519 0.691265 -0.394204 -0.073322 0.722869 -0.687084 0.985840 0.883301 1 0 1.0
0 12.612641 0.691019 -0.385487 -0.073322 0.722869 -0.687084 0.985840 0.883301 1 0 1.0
0 12.742436 0.616429 -0.508998 -0.073322 0.722869 -0.687084 0.985840 0.883301 1 0 1.0
Default
0 12.712721 0.536447 -0.558789 -0.073322 0.722869 -0.687084 0.985840 0.883301 1 0 1.0
0 12.404519 0.691265 -0.394204 -0.073322 0.722869 -0.687084 0.985840 0.883301 1 0 1.0
0 12.742436 0.616429 -0.508998 -0.073322 0.722869 -0.687084 0.985840 0.883301 1 0 1.0
Default
0 13.516700 0.206324 0.010971 0.160388 0.722384 0.672634 0.985840 0.883301 1 0 1.0
0 13.557194 0.237122 -0.058296 0.160388 0.722384 0.672634 0.985840 0.883301 1 0 1.0
0 13.192725 0.460042 -0.184262 0.160388 0.722384 0.672634 0.985840 0.883301 1 0 1.0
Default
0 13.161852 0.399943 -0.138891 0.160388 0.722384 0.672634 0.985840 0.883301 1 0 1.0
0 13.516700 0.206324 0.010971 0.160388 0.722384 0.672634 0.985840 0.883301 1 0 1.0
0 13.192725 0.460042 -0.184262 0.160388 0.722384 0.672634 0.985840 0.883301 1 0 1.0
Default
0 -1.296697 1.394046 -2.955674 0.161984 0.960670 0.225553 0.984375 0.706055 1 0 1.0
0 -0.208383 1.277615 -2.899124 0.161984 0.960670 0.225553 0.984375 0.706055 1 0 1.0
0 0.183876 1.135237 -2.916656 0.161984 0.960670 0.225553 0.984375 0.706055 1 0 1.0
Default
0 -1.658913 1.616758 -3.301876 0.161984 0.960670 0.225553 0.984375 0.706055 1 0 1.0
0 -1.296697 1.394046 -2.955674 0.161984 0.960670 0.225553 0.984375 0.706055 1 0 1.0
0 0.183876 1.135237 -2.916656 0.161984 0.960670 0.225553 0.984375 0.706055 1 0 1.0
Default
0 -1.658913 1.616758 -3.301876 -0.268511 -0.794544 -0.544612 0.984375 0.706055 1 0 1.0
0 0.183876 0.919637 -2.993519 -0.268511 -0.794544 -0.544612 0.984375 0.706055 1 0 1.0
0 -0.208383 0.923060 -3.004985 -0.268511 -0.794544 -0.544612 0.984375 0.706055 1 0 1.0
Default
0 -1.296697 1.394046 -2.955674 -0.268511 -0.794544 -0.544612 0.984375 0.706055 1 0 1.0
0 -1.658913 1.616758 -3.301876 -0.268511 -0.794544 -0.544612 0.984375 0.706055 1 0 1.0
0 -0.208383 0.923060 -3.004985 -0.268511 -0.794544 -0.544612 0.984375 0.706055 1 0 1.0
Default
0 6.177278 2.183002 -1.806704 0.269185 0.961459 0.055996 0.984375 0.706055 1 0 1.0
0 8.836491 1.409000 -0.932475 0.269185 0.961459 0.055996 0.984375 0.706055 1 0 1.0
0 9.200873 1.320493 -1.532374 0.269185 0.961459 0.055996 0.984375 0.706055 1 0 1.0
Default
0 7.083869 1.964930 -2.052641 0.269185 0.961459 0.055996 0.984375 0.706055 1 0 1.0
0 6.177278 2.183002 -1.806704 0.269185 0.961459 0.055996 0.984375 0.706055 1 0 1.0
0 9.200873 1.320493 -1.532374 0.269185 0.961459 0.055996 0.984375 0.706055 1 0 1.0
Default
0 7.083869 1.964930 -2.052641 -0.270452 -0.948816 -0.163105 0.984375 0.706055 1 0 1.0
0 9.073354 1.309174 -1.525587 -0.270452 -0.948816 -0.163105 0.984375 0.706055 1 0 1.0
0 8.807542 1.286421 -0.963720 -0.270452 -0.948816 -0.163105 0.984375 0.706055 1 0 1.0
Default
0 6.177278 2.183002 -1.806704 -0.270452 -0.948816 -0.163105 0.984375 0.706055 1 0 1.0
0 7.083869 1.964930 -2.052641 -0.270452 -0.948816 -0.163105 0.984375 0.706055 1 0 1.0
0 8.807542 1.286421 -0.963720 -0.270452 -0.948816 -0.163105 0.984375 0.706055 1 0 1.0
Default
0 10.546172 1.270105 -0.007801 0.239276 0.900905 0.362100 0.987305 0.641113 1 0 1.0
0 10.546172 0.783235 1.203532 0.238052 0.902016 0.360137 0.987305 0.641113 1 0 1.0
0 12.594474 0.758577 -0.088642 0.238052 0.902016 0.360137 0.987305 0.641113 1 0 1.0
Default
0 10.546172 0.783235 1.203532 0.238052 0.902016 0.360137 0.987305 0.641113 1 0 1.0
0 13.109736 0.399943 0.474952 0.236825 0.903121 0.358171 0.987305 0.641113 1 0 1.0
0 12.594474 0.758577 -0.088642 0.238052 0.902016 0.360137 0.987305 0.641113 1 0 1.0
end
