version 1
nodes
0 "root" -1
end
skeleton
time 0
0 0 0 0 0 0 0
end
triangles
Default
0 11.613395 0.000000 3.656914 0.433788 -0.221578 0.873345 0.266357 0.639160 1 0 1.0
0 9.818524 0.000000 4.548423 0.433788 -0.221578 0.873345 0.266357 0.639160 1 0 1.0
0 9.922456 -1.005956 4.241578 0.433788 -0.221578 0.873345 0.266357 0.639160 1 0 1.0
Default
0 2.552191 -0.945851 -4.233810 0.108269 -0.460722 -0.880916 0.267822 0.453369 1 0 1.0
0 2.676298 -0.000000 -4.713239 0.108269 -0.460722 -0.880916 0.267822 0.453369 1 0 1.0
0 5.307340 -0.000000 -4.389871 0.108269 -0.460722 -0.880916 0.267822 0.453369 1 0 1.0
Default
0 -15.121712 0.000000 5.437618 0.504836 -0.421554 0.753281 0.266357 0.639160 1 0 1.0
0 -11.205114 -0.448099 2.562017 0.504836 -0.421554 0.753281 0.266357 0.639160 1 0 1.0
0 -11.135851 0.000000 2.766363 0.504836 -0.421554 0.753281 0.266357 0.639160 1 0 1.0
Default
0 -11.753189 -0.544111 -1.537373 -0.113954 -0.990040 -0.082672 0.266357 0.639160 1 0 1.0
0 -12.405805 -0.544111 -0.637821 -0.113954 -0.990040 -0.082672 0.266357 0.639160 1 0 1.0
0 -16.358102 0.000000 -1.706043 -0.113954 -0.990040 -0.082672 0.266357 0.639160 1 0 1.0
Default
0 7.556218 -0.000000 -4.169393 0.090129 -0.383056 -0.919318 0.267822 0.453369 1 0 1.0
0 9.467031 -0.000000 -3.904819 0.126403 -0.388089 -0.912913 0.267822 0.453369 1 0 1.0
0 9.382688 -0.881643 -3.541701 0.126403 -0.388089 -0.912913 0.267822 0.453369 1 0 1.0
Default
0 5.364796 -0.965799 -3.981815 0.090129 -0.383056 -0.919318 0.267822 0.453369 1 0 1.0
0 5.307340 -0.000000 -4.389871 0.090129 -0.383056 -0.919318 0.267822 0.453369 1 0 1.0
0 7.556218 -0.000000 -4.169393 0.090129 -0.383056 -0.919318 0.267822 0.453369 1 0 1.0
Default
0 5.364796 -0.965799 -3.981815 0.090129 -0.383056 -0.919318 0.267822 0.453369 1 0 1.0
0 2.552191 -0.945851 -4.233810 0.079697 -0.383929 -0.919917 0.267822 0.453369 1 0 1.0
0 5.307340 -0.000000 -4.389871 0.090129 -0.383056 -0.919318 0.267822 0.453369 1 0 1.0
Default
0 4.489090 0.000000 7.345202 0.461860 -0.831216 0.309461 0.263184 0.392822 1 0 1.0
0 4.803571 -0.412691 5.767361 0.461860 -0.831216 0.309461 0.263184 0.392822 1 0 1.0
0 5.538776 0.000000 5.778586 0.461860 -0.831216 0.309461 0.263184 0.392822 1 0 1.0
Default
0 11.789402 -0.000000 -3.155193 0.372305 -0.274972 -0.886442 0.267822 0.453369 1 0 1.0
0 13.994185 -0.000000 -2.229184 0.372305 -0.274972 -0.886442 0.267822 0.453369 1 0 1.0
0 13.788260 -0.749685 -2.083122 0.372305 -0.274972 -0.886442 0.267822 0.453369 1 0 1.0
Default
0 -11.040630 -0.368624 -1.767796 0.374163 -0.507700 -0.776042 0.267822 0.453369 1 0 1.0
0 -10.977106 0.000000 -1.978329 0.374163 -0.507700 -0.776042 0.267822 0.453369 1 0 1.0
0 -9.989363 0.000000 -1.502096 0.374163 -0.507700 -0.776042 0.267822 0.453369 1 0 1.0
Default
0 -9.989363 0.000000 -1.502096 0.016637 -0.590432 -0.806916 0.267822 0.453369 1 0 1.0
0 -8.278451 0.000000 -1.466819 0.016637 -0.590432 -0.806916 0.267822 0.453369 1 0 1.0
0 -8.426766 -0.633837 -1.006090 0.016637 -0.590432 -0.806916 0.267822 0.453369 1 0 1.0
Default
0 -8.278451 0.000000 -1.466819 -0.177101 -0.702073 -0.689731 0.267822 0.453369 1 0 1.0
0 -7.114163 0.000000 -1.765772 -0.177101 -0.702073 -0.689731 0.267822 0.453369 1 0 1.0
0 -7.074993 -0.594954 -1.170229 -0.177101 -0.702073 -0.689731 0.267822 0.453369 1 0 1.0
Default
0 -5.688076 -0.412690 3.010359 -0.092036 -0.990999 0.097218 0.263184 0.392822 1 0 1.0
0 -4.642029 -0.412690 4.000649 -0.092036 -0.990999 0.097218 0.263184 0.392822 1 0 1.0
0 -7.549449 0.000000 5.454985 -0.092036 -0.990999 0.097218 0.263184 0.392822 1 0 1.0
Default
0 -7.549449 0.000000 5.454985 -0.092036 -0.990999 0.097218 0.263184 0.392822 1 0 1.0
0 -4.642029 -0.412690 4.000649 -0.048454 -0.991894 0.117463 0.263184 0.392822 1 0 1.0
0 -4.818540 0.000000 7.412718 -0.048454 -0.991894 0.117463 0.263184 0.392822 1 0 1.0
Default
0 -4.642029 -0.412690 4.000649 -0.048454 -0.991894 0.117463 0.263184 0.392822 1 0 1.0
0 -2.948756 -0.412690 4.699124 -0.048454 -0.991894 0.117463 0.263184 0.392822 1 0 1.0
0 -4.818540 0.000000 7.412718 -0.048454 -0.991894 0.117463 0.263184 0.392822 1 0 1.0
Default
0 16.352652 -0.276900 -0.423704 0.858484 -0.159254 -0.487486 0.267822 0.453369 1 0 1.0
0 16.321925 -0.000000 -0.568272 0.858484 -0.159254 -0.487486 0.267822 0.453369 1 0 1.0
0 16.554006 -0.000000 -0.159567 0.858484 -0.159254 -0.487486 0.267822 0.453369 1 0 1.0
Default
0 -7.114163 0.000000 -1.765772 -0.329989 -0.284883 -0.899971 0.267822 0.453369 1 0 1.0
0 -5.889283 0.000000 -2.214894 -0.329989 -0.284883 -0.899971 0.267822 0.453369 1 0 1.0
0 -5.773402 -0.695367 -2.037267 -0.329989 -0.284883 -0.899971 0.267822 0.453369 1 0 1.0
Default
0 12.890331 -1.800039 -0.407703 0.354678 -0.873246 -0.334134 0.268066 0.455078 1 0 1.0
0 12.616353 -2.173867 0.278459 0.354678 -0.873246 -0.334134 0.268066 0.455078 1 0 1.0
0 11.653139 -2.019644 -1.147030 0.354678 -0.873246 -0.334134 0.268066 0.455078 1 0 1.0
Default
0 -5.773402 -0.695367 -2.037267 -0.577309 -0.291081 -0.762880 0.267822 0.453369 1 0 1.0
0 -5.889283 0.000000 -2.214894 -0.577309 -0.291081 -0.762880 0.267822 0.453369 1 0 1.0
0 -4.452500 0.000000 -3.302178 -0.577309 -0.291081 -0.762880 0.267822 0.453369 1 0 1.0
Default
0 -6.224230 -0.365666 2.507584 -0.185213 -0.341861 0.921318 0.266357 0.639160 1 0 1.0
0 -6.043292 0.000000 2.679642 -0.185213 -0.341861 0.921318 0.266357 0.639160 1 0 1.0
0 -8.419558 0.000000 2.201939 -0.185213 -0.341861 0.921318 0.266357 0.639160 1 0 1.0
Default
0 -3.926309 -0.805818 -2.983998 -0.297678 -0.512429 -0.805484 0.267822 0.453369 1 0 1.0
0 -4.452500 0.000000 -3.302178 -0.297678 -0.512429 -0.805484 0.267822 0.453369 1 0 1.0
0 -3.100233 0.000000 -3.801929 -0.297678 -0.512429 -0.805484 0.267822 0.453369 1 0 1.0
Default
0 -8.596646 -0.335298 2.080815 0.034912 -0.355806 0.933908 0.266357 0.639160 1 0 1.0
0 -8.419558 0.000000 2.201939 0.034912 -0.355806 0.933908 0.266357 0.639160 1 0 1.0
0 -10.306852 0.000000 2.272492 0.034912 -0.355806 0.933908 0.266357 0.639160 1 0 1.0
Default
0 15.728001 -0.504512 1.134484 0.473780 -0.405486 0.781738 0.266357 0.639160 1 0 1.0
0 15.883548 0.000000 1.301901 0.473780 -0.405486 0.781738 0.266357 0.639160 1 0 1.0
0 14.428392 0.000000 2.183814 0.473780 -0.405486 0.781738 0.266357 0.639160 1 0 1.0
Default
0 -10.306852 0.000000 2.272492 0.463037 -0.426020 0.777241 0.266357 0.639160 1 0 1.0
0 -11.135851 0.000000 2.766363 0.463037 -0.426020 0.777241 0.266357 0.639160 1 0 1.0
0 -11.205114 -0.448099 2.562017 0.463037 -0.426020 0.777241 0.266357 0.639160 1 0 1.0
Default
0 14.428392 0.000000 2.183814 0.425515 -0.397182 0.813132 0.266357 0.639160 1 0 1.0
0 11.613395 0.000000 3.656914 0.425515 -0.397182 0.813132 0.266357 0.639160 1 0 1.0
0 11.548198 -0.924741 3.239334 0.425515 -0.397182 0.813132 0.266357 0.639160 1 0 1.0
Default
0 -0.435120 -1.397180 -3.357391 -0.180073 -0.701971 -0.689065 0.267822 0.453369 1 0 1.0
0 -1.792090 -0.688074 -3.725161 -0.180073 -0.701971 -0.689065 0.267822 0.453369 1 0 1.0
0 0.539327 -0.859444 -4.159849 -0.180073 -0.701971 -0.689065 0.267822 0.453369 1 0 1.0
Default
0 16.352652 -0.276900 -0.423704 0.516664 -0.796927 -0.312995 0.267822 0.453369 1 0 1.0
0 15.961099 -0.544111 -0.389692 0.516664 -0.796927 -0.312995 0.267822 0.453369 1 0 1.0
0 15.359403 -0.668290 -1.066746 0.516664 -0.796927 -0.312995 0.267822 0.453369 1 0 1.0
Default
0 0.057201 -2.357520 0.690400 -0.081362 -0.994187 0.070522 0.267822 0.453369 1 0 1.0
0 0.467115 -2.451816 -0.166026 -0.081362 -0.994187 0.070522 0.267822 0.453369 1 0 1.0
0 1.814606 -2.484013 0.934711 -0.081362 -0.994187 0.070522 0.267822 0.453369 1 0 1.0
Default
0 8.150344 -1.745937 3.855501 0.081133 -0.899659 0.428988 0.266357 0.639160 1 0 1.0
0 5.441105 -1.539110 4.801644 0.081133 -0.899659 0.428988 0.266357 0.639160 1 0 1.0
0 6.711063 -2.329903 2.903033 0.081133 -0.899659 0.428988 0.266357 0.639160 1 0 1.0
Default
0 12.568399 -1.586824 -1.727642 -0.043299 -0.767088 -0.640079 0.268066 0.455078 1 0 1.0
0 11.653139 -2.019644 -1.147030 -0.043299 -0.767088 -0.640079 0.268066 0.455078 1 0 1.0
0 12.580863 -1.434940 -1.910505 -0.043299 -0.767088 -0.640079 0.268066 0.455078 1 0 1.0
Default
0 15.961099 -0.544111 -0.389692 0.423637 -0.694756 -0.581245 0.267822 0.453369 1 0 1.0
0 16.352652 -0.276900 -0.423704 0.423637 -0.694756 -0.581245 0.267822 0.453369 1 0 1.0
0 16.554006 -0.375104 -0.159567 0.423637 -0.694756 -0.581245 0.267822 0.453369 1 0 1.0
Default
0 15.192898 -1.020643 0.268967 0.556194 -0.010291 -0.830989 0.268066 0.455078 1 0 1.0
0 15.912945 -0.411291 0.743356 0.556194 -0.010291 -0.830989 0.268066 0.455078 1 0 1.0
0 15.970136 -0.581081 0.783739 0.556194 -0.010291 -0.830989 0.268066 0.455078 1 0 1.0
Default
0 12.568399 -1.586824 -1.727642 0.457129 -0.699246 -0.549626 0.268066 0.455078 1 0 1.0
0 12.580863 -1.434940 -1.910505 0.457129 -0.699246 -0.549626 0.268066 0.455078 1 0 1.0
0 13.915333 -1.357625 -0.898977 0.457129 -0.699246 -0.549626 0.268066 0.455078 1 0 1.0
Default
0 11.548198 -0.924741 3.239334 0.345366 -0.719265 0.602810 0.266357 0.639160 1 0 1.0
0 10.626758 -1.956538 2.536123 0.345366 -0.719265 0.602810 0.266357 0.639160 1 0 1.0
0 14.013307 -1.654919 0.955768 0.345366 -0.719265 0.602810 0.266357 0.639160 1 0 1.0
Default
0 9.922456 -1.005956 4.241578 0.220217 -0.810533 0.542716 0.266357 0.639160 1 0 1.0
0 8.150344 -1.745937 3.855501 0.220217 -0.810533 0.542716 0.266357 0.639160 1 0 1.0
0 10.626758 -1.956538 2.536123 0.220217 -0.810533 0.542716 0.266357 0.639160 1 0 1.0
Default
0 9.922456 -1.005956 4.241578 0.385071 -0.729314 0.565527 0.266357 0.639160 1 0 1.0
0 10.626758 -1.956538 2.536123 0.385071 -0.729314 0.565527 0.266357 0.639160 1 0 1.0
0 11.548198 -0.924741 3.239334 0.385071 -0.729314 0.565527 0.266357 0.639160 1 0 1.0
Default
0 16.006449 0.000000 1.247983 0.369378 -0.393279 0.841957 0.268066 0.455078 1 0 1.0
0 15.883548 0.000000 1.301901 0.369378 -0.393279 0.841957 0.268066 0.455078 1 0 1.0
0 15.728001 -0.504512 1.134484 0.369378 -0.393279 0.841957 0.268066 0.455078 1 0 1.0
Default
0 14.013307 -1.654919 0.955768 0.229136 -0.827828 0.512053 0.266357 0.639160 1 0 1.0
0 14.319797 -1.009209 1.862528 0.229136 -0.827828 0.512053 0.266357 0.639160 1 0 1.0
0 11.548198 -0.924741 3.239334 0.229136 -0.827828 0.512053 0.266357 0.639160 1 0 1.0
Default
0 14.013307 -1.654919 0.955768 0.483603 -0.781923 0.393351 0.266357 0.639160 1 0 1.0
0 15.728001 -0.504512 1.134484 0.483603 -0.781923 0.393351 0.266357 0.639160 1 0 1.0
0 14.319797 -1.009209 1.862528 0.483603 -0.781923 0.393351 0.266357 0.639160 1 0 1.0
Default
0 8.150344 -1.745937 3.855501 0.197003 -0.780994 0.592654 0.266357 0.639160 1 0 1.0
0 9.922456 -1.005956 4.241578 0.197003 -0.780994 0.592654 0.266357 0.639160 1 0 1.0
0 7.274381 -0.748495 5.461097 0.197003 -0.780994 0.592654 0.266357 0.639160 1 0 1.0
Default
0 -4.588888 -1.293326 1.898171 -0.337414 -0.871277 0.356411 0.266357 0.639160 1 0 1.0
0 -4.642029 -0.412690 4.000649 -0.337414 -0.871277 0.356411 0.266357 0.639160 1 0 1.0
0 -5.688076 -0.412690 3.010359 -0.337414 -0.871277 0.356411 0.266357 0.639160 1 0 1.0
Default
0 -0.612350 -1.243438 4.316564 -0.129215 -0.763040 0.633304 0.266357 0.639160 1 0 1.0
0 2.308548 -1.243438 4.912524 -0.129215 -0.763040 0.633304 0.266357 0.639160 1 0 1.0
0 0.314147 -0.412691 5.506531 -0.129215 -0.763040 0.633304 0.266357 0.639160 1 0 1.0
Default
0 -4.588888 -1.293326 1.898171 -0.375094 -0.870525 0.318577 0.266357 0.639160 1 0 1.0
0 -5.688076 -0.412690 3.010359 -0.375094 -0.870525 0.318577 0.266357 0.639160 1 0 1.0
0 -6.224230 -0.365666 2.507584 -0.375094 -0.870525 0.318577 0.266357 0.639160 1 0 1.0
Default
0 -4.588888 -1.293326 1.898171 -0.281738 -0.887512 0.364619 0.266357 0.639160 1 0 1.0
0 -2.769672 -1.349071 3.168178 -0.281738 -0.887512 0.364619 0.266357 0.639160 1 0 1.0
0 -4.642029 -0.412690 4.000649 -0.281738 -0.887512 0.364619 0.266357 0.639160 1 0 1.0
Default
0 7.274381 -0.748495 5.461097 0.139847 -0.805085 0.576438 0.266357 0.639160 1 0 1.0
0 5.441105 -1.539110 4.801644 0.139847 -0.805085 0.576438 0.266357 0.639160 1 0 1.0
0 8.150344 -1.745937 3.855501 0.139847 -0.805085 0.576438 0.266357 0.639160 1 0 1.0
Default
0 -11.512802 -1.027548 1.654243 -0.137359 -0.813155 0.565607 0.266357 0.639160 1 0 1.0
0 -11.205114 -0.448099 2.562017 -0.137359 -0.813155 0.565607 0.266357 0.639160 1 0 1.0
0 -12.264699 -0.544111 2.166662 -0.137359 -0.813155 0.565607 0.266357 0.639160 1 0 1.0
Default
0 -11.512802 -1.027548 1.654243 0.297622 -0.847270 0.439949 0.266357 0.639160 1 0 1.0
0 -10.288898 -0.333284 2.163320 0.297622 -0.847270 0.439949 0.266357 0.639160 1 0 1.0
0 -11.205114 -0.448099 2.562017 0.297622 -0.847270 0.439949 0.266357 0.639160 1 0 1.0
Default
0 -8.596646 -0.335298 2.080815 -0.050645 -0.608956 0.791586 0.266357 0.639160 1 0 1.0
0 -9.290791 -1.243438 1.337786 -0.050645 -0.608956 0.791586 0.266357 0.639160 1 0 1.0
0 -7.321948 -1.243438 1.463751 -0.050645 -0.608956 0.791586 0.266357 0.639160 1 0 1.0
Default
0 -11.512802 -1.027548 1.654243 -0.457288 -0.875680 0.155151 0.266357 0.639160 1 0 1.0
0 -12.264699 -0.544111 2.166662 -0.457288 -0.875680 0.155151 0.266357 0.639160 1 0 1.0
0 -12.599826 -0.544111 1.178920 -0.457288 -0.875680 0.155151 0.266357 0.639160 1 0 1.0
Default
0 -10.028869 -0.531840 -0.969060 -0.006087 -0.898622 -0.438682 0.267822 0.453369 1 0 1.0
0 -10.098636 -0.990901 -0.027725 -0.006087 -0.898622 -0.438682 0.267822 0.453369 1 0 1.0
0 -11.435665 -0.852107 -0.293487 -0.006087 -0.898622 -0.438682 0.267822 0.453857 1 0 1.0
Default
0 -10.028869 -0.531840 -0.969060 -0.141325 -0.885628 -0.442369 0.267822 0.453369 1 0 1.0
0 -8.778064 -1.243437 0.055970 -0.141325 -0.885628 -0.442369 0.267822 0.453369 1 0 1.0
0 -10.098636 -0.990901 -0.027725 -0.141325 -0.885628 -0.442369 0.267822 0.453369 1 0 1.0
Default
0 -12.599826 -0.544111 0.297006 -0.406359 -0.913714 0.000000 0.266357 0.639160 1 0 1.0
0 -11.512802 -1.027548 1.654243 -0.406359 -0.913714 0.000000 0.266357 0.639160 1 0 1.0
0 -12.599826 -0.544111 1.178920 -0.406359 -0.913714 0.000000 0.266357 0.639160 1 0 1.0
Default
0 -11.435665 -0.852107 -0.293487 0.146002 -0.950947 -0.272732 0.267822 0.453857 1 0 1.0
0 -11.753189 -0.544111 -1.537373 0.146002 -0.950947 -0.272732 0.267822 0.453369 1 0 1.0
0 -11.040630 -0.368624 -1.767796 0.146002 -0.950947 -0.272732 0.267822 0.453369 1 0 1.0
Default
0 -11.435665 -0.852107 -0.293487 -0.241015 -0.954640 -0.174854 0.267822 0.453857 1 0 1.0
0 -12.405805 -0.544111 -0.637821 -0.241015 -0.954640 -0.174854 0.267822 0.454834 1 0 1.0
0 -11.753189 -0.544111 -1.537373 -0.241015 -0.954640 -0.174854 0.267822 0.454834 1 0 1.0
Default
0 -11.435665 -0.852107 -0.293487 0.076777 -0.953314 -0.292056 0.267822 0.453857 1 0 1.0
0 -11.040630 -0.368624 -1.767796 0.076777 -0.953314 -0.292056 0.267822 0.453369 1 0 1.0
0 -10.028869 -0.531840 -0.969060 0.076777 -0.953314 -0.292056 0.267822 0.453369 1 0 1.0
Default
0 -8.426766 -0.633837 -1.006090 0.007287 -0.868304 -0.495978 0.267822 0.453369 1 0 1.0
0 -6.869073 -1.243437 0.084018 0.007287 -0.868304 -0.495978 0.267822 0.453369 1 0 1.0
0 -8.778064 -1.243437 0.055970 0.007287 -0.868304 -0.495978 0.267822 0.453369 1 0 1.0
Default
0 -7.074993 -0.594954 -1.170229 -0.368911 -0.848964 -0.378372 0.267822 0.453369 1 0 1.0
0 -5.353512 -1.243437 -1.393646 -0.368911 -0.848964 -0.378372 0.267822 0.453369 1 0 1.0
0 -6.869073 -1.243437 0.084018 -0.368911 -0.848964 -0.378372 0.267822 0.453369 1 0 1.0
Default
0 -7.074993 -0.594954 -1.170229 -0.029678 -0.889882 -0.455224 0.267822 0.453369 1 0 1.0
0 -6.869073 -1.243437 0.084018 -0.029678 -0.889882 -0.455224 0.267822 0.453369 1 0 1.0
0 -8.426766 -0.633837 -1.006090 -0.029678 -0.889882 -0.455224 0.267822 0.453369 1 0 1.0
Default
0 -8.778064 -1.243437 0.055970 -0.066340 -0.855746 -0.513125 0.267822 0.453369 1 0 1.0
0 -10.028869 -0.531840 -0.969060 -0.066340 -0.855746 -0.513125 0.267822 0.453369 1 0 1.0
0 -8.426766 -0.633837 -1.006090 -0.066340 -0.855746 -0.513125 0.267822 0.453369 1 0 1.0
Default
0 -3.926309 -0.805818 -2.983998 -0.346586 -0.777376 -0.524942 0.267822 0.453369 1 0 1.0
0 -3.046430 -1.557385 -2.451947 -0.346586 -0.777376 -0.524942 0.267822 0.453369 1 0 1.0
0 -5.353512 -1.243437 -1.393646 -0.346586 -0.777376 -0.524942 0.267822 0.453369 1 0 1.0
Default
0 -1.924637 -1.996322 -1.922800 -0.275458 -0.940995 -0.196599 0.267822 0.453369 1 0 1.0
0 -4.342333 -1.687592 -0.013020 -0.275458 -0.940995 -0.196599 0.267822 0.453369 1 0 1.0
0 -3.046430 -1.557385 -2.451947 -0.275458 -0.940995 -0.196599 0.267822 0.453369 1 0 1.0
Default
0 -1.924637 -1.996322 -1.922800 -0.131366 -0.991315 -0.006050 0.267822 0.453369 1 0 1.0
0 -2.050490 -1.993375 0.326842 -0.131366 -0.991315 -0.006050 0.267822 0.453369 1 0 1.0
0 -4.342333 -1.687592 -0.013020 -0.131366 -0.991315 -0.006050 0.267822 0.453369 1 0 1.0
Default
0 -5.773402 -0.695367 -2.037267 -0.365095 -0.812796 -0.453947 0.267822 0.453369 1 0 1.0
0 -5.353512 -1.243437 -1.393646 -0.365095 -0.812796 -0.453947 0.267822 0.453369 1 0 1.0
0 -7.074993 -0.594954 -1.170229 -0.365095 -0.812796 -0.453947 0.267822 0.453369 1 0 1.0
Default
0 -3.926309 -0.805818 -2.983998 -0.302739 -0.814033 -0.495680 0.267822 0.453369 1 0 1.0
0 -5.353512 -1.243437 -1.393646 -0.302739 -0.814033 -0.495680 0.267822 0.453369 1 0 1.0
0 -5.773402 -0.695367 -2.037267 -0.302739 -0.814033 -0.495680 0.267822 0.453369 1 0 1.0
Default
0 -1.792090 -0.688074 -3.725161 -0.038155 -0.807357 -0.588828 0.267822 0.453369 1 0 1.0
0 -1.924637 -1.996322 -1.922800 -0.038155 -0.807357 -0.588828 0.267822 0.453369 1 0 1.0
0 -3.046430 -1.557385 -2.451947 -0.038155 -0.807357 -0.588828 0.267822 0.453369 1 0 1.0
Default
0 -1.792090 -0.688074 -3.725161 -0.247694 -0.775314 -0.580979 0.267822 0.453369 1 0 1.0
0 -0.435120 -1.397180 -3.357391 -0.247694 -0.775314 -0.580979 0.267822 0.453369 1 0 1.0
0 -1.924637 -1.996322 -1.922800 -0.247694 -0.775314 -0.580979 0.267822 0.453369 1 0 1.0
Default
0 5.419939 -1.765440 -3.467911 0.040956 -0.967923 -0.247886 0.267822 0.453369 1 0 1.0
0 3.642002 -2.214691 -2.007462 0.040956 -0.967923 -0.247886 0.267822 0.453369 1 0 1.0
0 2.372045 -1.921508 -3.362081 0.040956 -0.967923 -0.247886 0.267822 0.453369 1 0 1.0
Default
0 0.539327 -0.859444 -4.159849 -0.138684 -0.736570 -0.661991 0.267822 0.453369 1 0 1.0
0 2.372045 -1.921508 -3.362081 -0.138684 -0.736570 -0.661991 0.267822 0.453369 1 0 1.0
0 -0.435120 -1.397180 -3.357391 -0.138684 -0.736570 -0.661991 0.267822 0.453369 1 0 1.0
Default
0 2.552191 -0.945851 -4.233810 0.008294 -0.667102 -0.744920 0.267822 0.453369 1 0 1.0
0 5.419939 -1.765440 -3.467911 0.008294 -0.667102 -0.744920 0.267822 0.453369 1 0 1.0
0 2.372045 -1.921508 -3.362081 0.008294 -0.667102 -0.744920 0.267822 0.453369 1 0 1.0
Default
0 2.552191 -0.945851 -4.233810 -0.055854 -0.659479 -0.749645 0.267822 0.453369 1 0 1.0
0 2.372045 -1.921508 -3.362081 -0.055854 -0.659479 -0.749645 0.267822 0.453369 1 0 1.0
0 0.539327 -0.859444 -4.159849 -0.055854 -0.659479 -0.749645 0.267822 0.453369 1 0 1.0
Default
0 12.616353 -2.173867 0.278459 0.213154 -0.936631 0.278007 0.266357 0.639160 1 0 1.0
0 14.013307 -1.654919 0.955768 0.213154 -0.936631 0.278007 0.266357 0.639160 1 0 1.0
0 10.626758 -1.956538 2.536123 0.213154 -0.936631 0.278007 0.266357 0.639160 1 0 1.0
Default
0 13.788260 -0.749685 -2.083122 0.390058 -0.801465 -0.453330 0.267822 0.453369 1 0 1.0
0 13.915333 -1.357625 -0.898977 0.390058 -0.801465 -0.453330 0.267822 0.453369 1 0 1.0
0 12.580863 -1.434940 -1.910505 0.390058 -0.801465 -0.453330 0.267822 0.453369 1 0 1.0
Default
0 15.359403 -0.668290 -1.066746 0.403964 -0.893731 -0.195083 0.267822 0.453369 1 0 1.0
0 15.961099 -0.544111 -0.389692 0.403964 -0.893731 -0.195083 0.267822 0.453369 1 0 1.0
0 13.915333 -1.357625 -0.898977 0.403964 -0.893731 -0.195083 0.267822 0.453369 1 0 1.0
Default
0 13.788260 -0.749685 -2.083122 0.338989 -0.821658 -0.458218 0.267822 0.453369 1 0 1.0
0 15.359403 -0.668290 -1.066746 0.338989 -0.821658 -0.458218 0.267822 0.453369 1 0 1.0
0 13.915333 -1.357625 -0.898977 0.338989 -0.821658 -0.458218 0.267822 0.453369 1 0 1.0
Default
0 11.651235 -0.691704 -2.904030 0.370278 -0.740876 -0.560355 0.267822 0.453369 1 0 1.0
0 11.653139 -2.019644 -1.147030 0.370278 -0.740876 -0.560355 0.267822 0.453369 1 0 1.0
0 9.272141 -1.758415 -3.065758 0.370278 -0.740876 -0.560355 0.267822 0.453369 1 0 1.0
Default
0 11.651235 -0.691704 -2.904030 0.006589 -0.797753 -0.602949 0.267822 0.453369 1 0 1.0
0 12.580863 -1.434940 -1.910505 0.006589 -0.797753 -0.602949 0.267822 0.453369 1 0 1.0
0 11.653139 -2.019644 -1.147030 0.006589 -0.797753 -0.602949 0.267822 0.453369 1 0 1.0
Default
0 13.788260 -0.749685 -2.083122 0.260189 -0.640461 -0.722572 0.267822 0.453369 1 0 1.0
0 12.580863 -1.434940 -1.910505 0.260189 -0.640461 -0.722572 0.267822 0.453369 1 0 1.0
0 11.651235 -0.691704 -2.904030 0.260189 -0.640461 -0.722572 0.267822 0.453369 1 0 1.0
Default
0 5.419939 -1.765440 -3.467911 0.071579 -0.535761 -0.841330 0.267822 0.453369 1 0 1.0
0 2.552191 -0.945851 -4.233810 0.071579 -0.535761 -0.841330 0.267822 0.453369 1 0 1.0
0 5.364796 -0.965799 -3.981815 0.071579 -0.535761 -0.841330 0.267822 0.453369 1 0 1.0
Default
0 5.419939 -1.765440 -3.467911 -0.038722 -0.542128 -0.839403 0.267822 0.453369 1 0 1.0
0 5.364796 -0.965799 -3.981815 -0.038722 -0.542128 -0.839403 0.267822 0.453369 1 0 1.0
0 7.566411 -1.486365 -3.747170 -0.038722 -0.542128 -0.839403 0.267822 0.453369 1 0 1.0
Default
0 -3.046430 -1.557385 -2.451947 -0.116489 -0.763053 -0.635752 0.267822 0.453369 1 0 1.0
0 -3.085382 -0.737148 -3.429289 -0.116489 -0.763053 -0.635752 0.267822 0.453369 1 0 1.0
0 -1.792090 -0.688074 -3.725161 -0.116489 -0.763053 -0.635752 0.267822 0.453369 1 0 1.0
Default
0 -3.046430 -1.557385 -2.451947 -0.264273 -0.743915 -0.613800 0.267822 0.453369 1 0 1.0
0 -3.926309 -0.805818 -2.983998 -0.264273 -0.743915 -0.613800 0.267822 0.453369 1 0 1.0
0 -3.085382 -0.737148 -3.429289 -0.264273 -0.743915 -0.613800 0.267822 0.453369 1 0 1.0
Default
0 9.145145 -2.370358 -0.758672 0.009207 -0.999376 -0.034111 0.267822 0.453369 1 0 1.0
0 10.605591 -2.393748 0.320791 0.009207 -0.999376 -0.034111 0.267822 0.453369 1 0 1.0
0 8.133133 -2.437972 0.949097 0.009207 -0.999376 -0.034111 0.267822 0.453369 1 0 1.0
Default
0 2.901196 -2.460019 -0.695174 -0.050557 -0.997548 -0.048390 0.267822 0.453369 1 0 1.0
0 5.196584 -2.663554 1.102482 -0.050557 -0.997548 -0.048390 0.267822 0.453369 1 0 1.0
0 1.814606 -2.484013 0.934711 -0.050557 -0.997548 -0.048390 0.267822 0.453369 1 0 1.0
Default
0 2.901196 -2.460019 -0.695174 0.067945 -0.977949 -0.197483 0.267822 0.453369 1 0 1.0
0 5.250614 -2.207030 -1.139659 0.067945 -0.977949 -0.197483 0.267822 0.453369 1 0 1.0
0 5.196584 -2.663554 1.102482 0.067945 -0.977949 -0.197483 0.267822 0.453369 1 0 1.0
Default
0 5.250614 -2.207030 -1.139659 0.067945 -0.977949 -0.197483 0.267822 0.453369 1 0 1.0
0 3.642002 -2.214691 -2.007462 0.100854 -0.978792 -0.178309 0.267822 0.453369 1 0 1.0
0 5.419939 -1.765440 -3.467911 0.100854 -0.978792 -0.178309 0.267822 0.453369 1 0 1.0
Default
0 2.901196 -2.460019 -0.695174 0.079907 -0.987006 -0.139409 0.267822 0.453369 1 0 1.0
0 3.642002 -2.214691 -2.007462 0.100854 -0.978792 -0.178309 0.267822 0.453369 1 0 1.0
0 5.250614 -2.207030 -1.139659 0.079907 -0.987006 -0.139409 0.267822 0.453369 1 0 1.0
Default
0 7.578865 -2.195322 -2.219121 0.018677 -0.990158 -0.138702 0.267822 0.453369 1 0 1.0
0 9.145145 -2.370358 -0.758672 0.018677 -0.990158 -0.138702 0.267822 0.453369 1 0 1.0
0 7.028552 -2.517021 0.003301 0.018677 -0.990158 -0.138702 0.267822 0.453369 1 0 1.0
Default
0 2.901196 -2.460019 -0.695174 -0.019253 -0.980769 -0.194220 0.267822 0.453369 1 0 1.0
0 2.372045 -1.921508 -3.362081 -0.019253 -0.980769 -0.194220 0.267822 0.453369 1 0 1.0
0 3.642002 -2.214691 -2.007462 -0.019253 -0.980769 -0.194220 0.267822 0.453369 1 0 1.0
Default
0 0.467115 -2.451816 -0.166026 -0.019774 -0.974015 -0.225620 0.267822 0.453369 1 0 1.0
0 -1.924637 -1.996322 -1.922800 -0.019774 -0.974015 -0.225620 0.267822 0.453369 1 0 1.0
0 -0.019702 -1.848686 -2.727104 -0.019774 -0.974015 -0.225620 0.267822 0.453369 1 0 1.0
Default
0 0.467115 -2.451816 -0.166026 -0.019774 -0.974015 -0.225620 0.267822 0.453369 1 0 1.0
0 -0.019702 -1.848686 -2.727104 -0.078261 -0.980109 -0.182379 0.267822 0.453369 1 0 1.0
0 2.901196 -2.460019 -0.695174 -0.078261 -0.980109 -0.182379 0.267822 0.453369 1 0 1.0
Default
0 2.901196 -2.460019 -0.695174 -0.078261 -0.980109 -0.182379 0.267822 0.453369 1 0 1.0
0 -0.019702 -1.848686 -2.727104 -0.078261 -0.980109 -0.182379 0.267822 0.453369 1 0 1.0
0 2.372045 -1.921508 -3.362081 -0.078261 -0.980109 -0.182379 0.267822 0.453369 1 0 1.0
Default
0 -9.290791 -1.243438 1.337786 -0.182852 -0.980416 -0.073141 0.266357 0.639160 1 0 1.0
0 -10.098636 -0.990901 -0.027725 -0.182852 -0.980416 -0.073141 0.266357 0.639160 1 0 1.0
0 -8.778064 -1.243437 0.055970 -0.182852 -0.980416 -0.073141 0.266357 0.639160 1 0 1.0
Default
0 -4.588888 -1.293326 1.898171 -0.163657 -0.970138 0.179020 0.266357 0.639160 1 0 1.0
0 -6.869073 -1.243437 0.084018 -0.163657 -0.970138 0.179020 0.266357 0.639160 1 0 1.0
0 -4.342333 -1.687592 -0.013020 -0.163657 -0.970138 0.179020 0.266357 0.639160 1 0 1.0
Default
0 -4.588888 -1.293326 1.898171 -0.017346 -0.999833 -0.005694 0.266357 0.639160 1 0 1.0
0 -7.321948 -1.243438 1.463751 -0.017346 -0.999833 -0.005694 0.266357 0.639160 1 0 1.0
0 -6.869073 -1.243437 0.084018 -0.017346 -0.999833 -0.005694 0.266357 0.639160 1 0 1.0
Default
0 -2.050490 -1.993375 0.326842 -0.196086 -0.965846 0.169384 0.266357 0.639160 1 0 1.0
0 0.057201 -2.357520 0.690400 -0.196086 -0.965846 0.169384 0.266357 0.639160 1 0 1.0
0 -2.769672 -1.349071 3.168178 -0.196086 -0.965846 0.169384 0.266357 0.639160 1 0 1.0
Default
0 5.196584 -2.663554 1.102482 -0.041893 -0.978836 -0.200311 0.267822 0.453369 1 0 1.0
0 5.250614 -2.207030 -1.139659 -0.041893 -0.978836 -0.200311 0.267822 0.453369 1 0 1.0
0 7.028552 -2.517021 0.003301 -0.041893 -0.978836 -0.200311 0.267822 0.453369 1 0 1.0
Default
0 5.196584 -2.663554 1.102482 0.082032 -0.990035 0.114460 0.266357 0.639160 1 0 1.0
0 8.133133 -2.437972 0.949097 0.082032 -0.990035 0.114460 0.266357 0.639160 1 0 1.0
0 6.711063 -2.329903 2.903033 0.082032 -0.990035 0.114460 0.266357 0.639160 1 0 1.0
Default
0 0.467115 -2.451816 -0.166026 -0.007682 -0.999774 -0.019840 0.267822 0.453369 1 0 1.0
0 2.901196 -2.460019 -0.695174 -0.007682 -0.999774 -0.019840 0.267822 0.453369 1 0 1.0
0 1.814606 -2.484013 0.934711 -0.007682 -0.999774 -0.019840 0.267822 0.453369 1 0 1.0
Default
0 8.150344 -1.745937 3.855501 0.235618 -0.945728 0.223789 0.266357 0.639160 1 0 1.0
0 6.711063 -2.329903 2.903033 0.235618 -0.945728 0.223789 0.266357 0.639160 1 0 1.0
0 8.133133 -2.437972 0.949097 0.235618 -0.945728 0.223789 0.266357 0.639160 1 0 1.0
Default
0 -14.945735 0.000000 -4.465369 0.129388 -0.939978 -0.315755 0.266357 0.639160 1 0 1.0
0 -11.040630 -0.368624 -1.767796 0.129388 -0.939978 -0.315755 0.266357 0.639160 1 0 1.0
0 -11.753189 -0.544111 -1.537373 0.129388 -0.939978 -0.315755 0.266357 0.639160 1 0 1.0
Default
0 -14.945735 0.000000 -4.465369 0.460252 -0.498774 -0.734434 0.266357 0.639160 1 0 1.0
0 -10.977106 0.000000 -1.978329 0.460252 -0.498774 -0.734434 0.266357 0.639160 1 0 1.0
0 -11.040630 -0.368624 -1.767796 0.460252 -0.498774 -0.734434 0.266357 0.639160 1 0 1.0
Default
0 -1.140894 -0.412691 5.112350 -0.152007 -0.813669 0.561103 0.263184 0.392822 1 0 1.0
0 0.314147 -0.412691 5.506531 -0.152007 -0.813669 0.561103 0.263184 0.392822 1 0 1.0
0 -0.488656 0.000000 5.887498 -0.152007 -0.813669 0.561103 0.263184 0.392822 1 0 1.0
Default
0 -2.948756 -0.412690 4.699124 -0.074150 -0.943008 0.324404 0.263184 0.392822 1 0 1.0
0 -1.140894 -0.412691 5.112350 -0.074150 -0.943008 0.324404 0.263184 0.392822 1 0 1.0
0 -2.112862 0.000000 6.089832 -0.074150 -0.943008 0.324404 0.263184 0.392822 1 0 1.0
Default
0 16.593395 -0.420131 -0.053842 0.977575 -0.039704 0.206809 0.268066 0.455078 1 0 1.0
0 16.609260 -0.000000 -0.048171 0.977575 -0.039704 0.206809 0.268066 0.455078 1 0 1.0
0 16.525626 -0.000000 0.347160 0.977575 -0.039704 0.206809 0.268066 0.455078 1 0 1.0
Default
0 16.519830 -0.457324 0.350605 0.983976 -0.011135 0.177951 0.268066 0.455078 1 0 1.0
0 16.593395 -0.420131 -0.053842 0.977575 -0.039704 0.206809 0.268066 0.455078 1 0 1.0
0 16.525626 -0.000000 0.347160 0.983976 0.011135 0.177951 0.268066 0.455078 1 0 1.0
Default
0 16.593395 0.420131 -0.053842 0.983976 0.011135 0.177951 0.268066 0.455078 1 0 1.0
0 16.519830 0.457324 0.350605 0.983976 0.011135 0.177951 0.268066 0.455078 1 0 1.0
0 16.525626 -0.000000 0.347160 0.983976 0.011135 0.177951 0.268066 0.455078 1 0 1.0
Default
0 16.609260 -0.000000 -0.048171 0.977575 0.039704 0.206809 0.268066 0.455078 1 0 1.0
0 16.593395 0.420131 -0.053842 0.983976 0.011135 0.177951 0.268066 0.455078 1 0 1.0
0 16.525626 -0.000000 0.347160 0.983976 0.011135 0.177951 0.268066 0.455078 1 0 1.0
Default
0 16.111677 0.000000 0.883681 0.897871 -0.355762 0.259347 0.268066 0.455078 1 0 1.0
0 16.006449 0.000000 1.247983 0.897871 -0.355762 0.259347 0.268066 0.455078 1 0 1.0
0 15.820660 -0.588419 1.084030 0.897871 -0.355762 0.259347 0.268066 0.455078 1 0 1.0
Default
0 15.956976 -0.699189 -0.272744 0.555965 -0.809703 -0.187838 0.268066 0.455078 1 0 1.0
0 16.519830 -0.457324 0.350605 0.555965 -0.809703 -0.187838 0.268066 0.455078 1 0 1.0
0 15.204781 -1.309781 0.132942 0.555965 -0.809703 -0.187838 0.268066 0.455078 1 0 1.0
Default
0 15.956976 -0.699189 -0.272744 0.404581 -0.914442 -0.010504 0.268066 0.455078 1 0 1.0
0 16.593395 -0.420131 -0.053842 0.404581 -0.914442 -0.010504 0.268066 0.455078 1 0 1.0
0 16.519830 -0.457324 0.350605 0.404581 -0.914442 -0.010504 0.268066 0.455078 1 0 1.0
Default
0 12.890331 -1.800039 -0.407703 0.187584 -0.961451 -0.201058 0.268066 0.455078 1 0 1.0
0 12.568399 -1.586824 -1.727642 0.187584 -0.961451 -0.201058 0.268066 0.455078 1 0 1.0
0 13.967257 -1.535494 -0.667989 0.187584 -0.961451 -0.201058 0.268066 0.455078 1 0 1.0
Default
0 12.890331 -1.800039 -0.407703 0.297794 -0.928318 -0.222586 0.268066 0.455078 1 0 1.0
0 11.653139 -2.019644 -1.147030 0.297794 -0.928318 -0.222586 0.268066 0.455078 1 0 1.0
0 12.568399 -1.586824 -1.727642 0.297794 -0.928318 -0.222586 0.268066 0.455078 1 0 1.0
Default
0 15.204781 -1.309781 0.132942 0.421192 -0.801239 -0.424987 0.268066 0.455078 1 0 1.0
0 13.967257 -1.535494 -0.667989 0.421192 -0.801239 -0.424987 0.268066 0.455078 1 0 1.0
0 15.956976 -0.699189 -0.272744 0.421192 -0.801239 -0.424987 0.268066 0.455078 1 0 1.0
Default
0 14.103971 -1.629625 0.209425 0.205227 -0.969225 -0.135958 0.268066 0.455078 1 0 1.0
0 12.890331 -1.800039 -0.407703 0.205227 -0.969225 -0.135958 0.268066 0.455078 1 0 1.0
0 13.967257 -1.535494 -0.667989 0.205227 -0.969225 -0.135958 0.268066 0.455078 1 0 1.0
Default
0 14.103971 -1.629625 0.209425 0.277289 -0.960448 -0.025511 0.268066 0.455078 1 0 1.0
0 15.204781 -1.309781 0.132942 0.277289 -0.960448 -0.025511 0.268066 0.455078 1 0 1.0
0 15.236729 -1.307716 0.402448 0.277289 -0.960448 -0.025511 0.268066 0.455078 1 0 1.0
Default
0 14.103971 -1.629625 0.209425 0.266887 -0.952936 -0.143819 0.268066 0.455078 1 0 1.0
0 13.967257 -1.535494 -0.667989 0.266887 -0.952936 -0.143819 0.268066 0.455078 1 0 1.0
0 15.204781 -1.309781 0.132942 0.266887 -0.952936 -0.143819 0.268066 0.455078 1 0 1.0
Default
0 15.236729 -1.307716 0.402448 0.598492 -0.750767 0.279565 0.268066 0.455078 1 0 1.0
0 15.970136 -0.581081 0.783739 0.598492 -0.750767 0.279565 0.268066 0.455078 1 0 1.0
0 15.820660 -0.588419 1.084030 0.598492 -0.750767 0.279565 0.268066 0.455078 1 0 1.0
Default
0 14.103971 -1.629625 0.209425 0.088214 -0.721938 0.686312 0.268066 0.455078 1 0 1.0
0 15.236729 -1.307716 0.402448 0.088214 -0.721938 0.686312 0.268066 0.455078 1 0 1.0
0 15.820660 -0.588419 1.084030 0.088214 -0.721938 0.686312 0.268066 0.455078 1 0 1.0
Default
0 14.103971 -1.629625 0.209425 0.343967 -0.938929 0.009964 0.268066 0.455078 1 0 1.0
0 14.013307 -1.654919 0.955768 0.343967 -0.938929 0.009964 0.268066 0.455078 1 0 1.0
0 12.616353 -2.173867 0.278459 0.343967 -0.938929 0.009964 0.268066 0.455078 1 0 1.0
Default
0 15.820660 -0.588419 1.084030 0.156964 -0.375837 0.913296 0.268066 0.455078 1 0 1.0
0 15.728001 -0.504512 1.134484 0.156964 -0.375837 0.913296 0.268066 0.455078 1 0 1.0
0 14.013307 -1.654919 0.955768 0.156964 -0.375837 0.913296 0.268066 0.455078 1 0 1.0
Default
0 6.430612 -2.057067 -2.274416 -0.371603 0.928243 0.016642 0.266357 0.639160 1 0 1.0
0 4.343492 -2.882432 -2.841675 -0.371603 0.928243 0.016642 0.266357 0.639160 1 0 1.0
0 4.473740 -2.882432 0.066592 -0.371603 0.928243 0.016642 0.266357 0.639160 1 0 1.0
Default
0 4.473740 -3.044145 0.066592 0.431745 -0.901788 -0.019336 0.266357 0.639160 1 0 1.0
0 4.343492 -3.044145 -2.841675 0.431745 -0.901788 -0.019336 0.266357 0.639160 1 0 1.0
0 6.430612 -2.057067 -2.274416 0.431745 -0.901788 -0.019336 0.266357 0.639160 1 0 1.0
Default
0 6.430612 -2.057067 -2.274416 0.262275 0.000000 -0.964993 0.266357 0.639160 1 0 1.0
0 4.343492 -3.044145 -2.841675 0.262275 0.000000 -0.964993 0.266357 0.639160 1 0 1.0
0 4.343492 -2.882432 -2.841675 0.262275 0.000000 -0.964993 0.266357 0.639160 1 0 1.0
Default
0 4.473740 -2.882432 0.066592 0.298603 0.000000 0.954378 0.266357 0.639160 1 0 1.0
0 4.473740 -3.044145 0.066592 0.298603 0.000000 0.954378 0.266357 0.639160 1 0 1.0
0 6.831076 -2.365772 -0.670962 0.298603 0.000000 0.954378 0.266357 0.639160 1 0 1.0
Default
0 6.054887 -0.932061 -3.830249 -0.162265 0.862253 -0.479780 0.263184 0.392822 1 0 1.0
0 7.048320 -0.735013 -3.812105 -0.162265 0.862253 -0.479780 0.263184 0.392822 1 0 1.0
0 6.351056 -1.952921 -5.765090 -0.162265 0.862253 -0.479780 0.263184 0.392822 1 0 1.0
Default
0 6.351056 -2.114633 -5.765090 0.155331 -0.832134 0.532377 0.263184 0.392822 1 0 1.0
0 7.048320 -0.735013 -3.812105 0.155331 -0.832134 0.532377 0.263184 0.392822 1 0 1.0
0 6.054887 -0.932061 -3.830249 0.155331 -0.832134 0.532377 0.263184 0.392822 1 0 1.0
Default
0 7.048320 -0.735013 -3.812105 0.941777 0.000000 -0.336238 0.263184 0.392822 1 0 1.0
0 6.351056 -2.114633 -5.765090 0.941777 0.000000 -0.336238 0.263184 0.392822 1 0 1.0
0 6.351056 -1.952921 -5.765090 0.941777 0.000000 -0.336238 0.263184 0.392822 1 0 1.0
Default
0 4.581984 -1.820359 -4.538917 -0.433564 0.000000 0.901123 0.263184 0.392822 1 0 1.0
0 4.581984 -1.982072 -4.538917 -0.433564 0.000000 0.901123 0.263184 0.392822 1 0 1.0
0 6.054887 -0.932061 -3.830249 -0.433564 0.000000 0.901123 0.263184 0.392822 1 0 1.0
Default
0 3.889814 -2.057622 -5.385724 -0.074183 0.974370 -0.212367 0.263184 0.392822 1 0 1.0
0 4.581984 -1.820359 -4.538917 -0.074183 0.974370 -0.212367 0.263184 0.392822 1 0 1.0
0 6.351056 -1.952921 -5.765090 -0.074183 0.974370 -0.212367 0.263184 0.392822 1 0 1.0
Default
0 3.889814 -2.219334 -5.385724 0.045002 -0.998854 0.016292 0.263184 0.392822 1 0 1.0
0 4.623636 -2.219334 -7.412718 0.045002 -0.998854 0.016292 0.263184 0.392822 1 0 1.0
0 6.351056 -2.114633 -5.765090 0.045002 -0.998854 0.016292 0.263184 0.392822 1 0 1.0
Default
0 -5.761220 -0.417585 -1.934912 -0.054458 0.974445 -0.217924 0.263184 0.392822 1 0 1.0
0 -2.267423 -0.583523 -3.549978 -0.054458 0.974445 -0.217924 0.263184 0.392822 1 0 1.0
0 -3.006200 -1.036123 -5.389159 -0.054458 0.974445 -0.217924 0.263184 0.392822 1 0 1.0
Default
0 -2.267423 -0.583523 -3.549978 0.927936 0.000000 -0.372741 0.263184 0.392822 1 0 1.0
0 -3.006200 -1.197835 -5.389159 0.927936 0.000000 -0.372741 0.263184 0.392822 1 0 1.0
0 -3.006200 -1.036123 -5.389159 0.927936 0.000000 -0.372741 0.263184 0.392822 1 0 1.0
Default
0 -6.741693 -0.903562 -2.316329 -0.362546 0.000000 0.931966 0.263184 0.392822 1 0 1.0
0 -6.741693 -1.065274 -2.316329 -0.362546 0.000000 0.931966 0.263184 0.392822 1 0 1.0
0 -5.761220 -0.417585 -1.934912 -0.362546 0.000000 0.931966 0.263184 0.392822 1 0 1.0
Default
0 -3.006200 -1.036123 -5.389159 -0.145008 0.965135 -0.217915 0.263184 0.392822 1 0 1.0
0 -7.542051 -1.140824 -2.834567 -0.145008 0.965135 -0.217915 0.263184 0.392822 1 0 1.0
0 -6.741693 -0.903562 -2.316329 -0.145008 0.965135 -0.217915 0.263184 0.392822 1 0 1.0
Default
0 -7.542051 -1.302537 -2.834567 0.056031 -0.996706 0.058636 0.263184 0.392822 1 0 1.0
0 -4.143998 -1.302536 -6.081647 0.056031 -0.996706 0.058636 0.263184 0.392822 1 0 1.0
0 -3.006200 -1.197835 -5.389159 0.056031 -0.996706 0.058636 0.263184 0.392822 1 0 1.0
Default
0 -2.267423 -0.583523 -3.549978 0.250815 -0.744230 0.619042 0.263184 0.392822 1 0 1.0
0 -5.761220 -0.417585 -1.934912 0.250815 -0.744230 0.619042 0.263184 0.392822 1 0 1.0
0 -6.741693 -1.065274 -2.316329 0.250815 -0.744230 0.619042 0.263184 0.392822 1 0 1.0
Default
0 -3.006200 -1.036123 -5.389159 -0.056031 0.996706 -0.058636 0.263184 0.392822 1 0 1.0
0 -4.143998 -1.140824 -6.081647 -0.056031 0.996706 -0.058636 0.263184 0.392822 1 0 1.0
0 -7.542051 -1.140824 -2.834567 -0.056031 0.996706 -0.058636 0.263184 0.392822 1 0 1.0
Default
0 13.517336 -1.839940 1.225539 0.215615 -0.799807 -0.560195 0.982422 0.979492 1 0 1.0
0 12.615795 -2.126278 1.287354 0.215615 -0.799807 -0.560195 0.982422 0.979492 1 0 1.0
0 12.887471 -1.619273 0.668055 0.215615 -0.799807 -0.560195 0.982422 0.979492 1 0 1.0
Default
0 12.887471 -1.619273 0.668055 0.577072 -0.285710 -0.765087 0.982422 0.979492 1 0 1.0
0 13.651462 -0.992372 1.010193 0.577072 -0.285710 -0.765087 0.982422 0.979492 1 0 1.0
0 13.517336 -1.839940 1.225539 0.577072 -0.285710 -0.765087 0.982422 0.979492 1 0 1.0
Default
0 12.615795 -2.126278 1.287354 -0.404618 -0.612572 -0.678999 0.982422 0.979492 1 0 1.0
0 12.017102 -1.542744 1.117669 -0.404618 -0.612572 -0.678999 0.982422 0.979492 1 0 1.0
0 12.887471 -1.619273 0.668055 -0.404618 -0.612572 -0.678999 0.982422 0.979492 1 0 1.0
Default
0 12.017102 -1.542744 1.117669 -0.388110 0.416396 -0.822183 0.982422 0.979492 1 0 1.0
0 12.762045 -0.995408 1.043220 -0.388110 0.416396 -0.822183 0.982422 0.979492 1 0 1.0
0 12.887471 -1.619273 0.668055 -0.388110 0.416396 -0.822183 0.982422 0.979492 1 0 1.0
Default
0 12.762045 -0.995408 1.043220 -0.033657 0.510080 -0.859469 0.982422 0.979492 1 0 1.0
0 13.651462 -0.992372 1.010193 -0.033657 0.510080 -0.859469 0.982422 0.979492 1 0 1.0
0 12.887471 -1.619273 0.668055 -0.033657 0.510080 -0.859469 0.982422 0.979492 1 0 1.0
Default
0 13.651462 -0.992372 1.010193 0.976484 -0.183345 -0.113417 0.982422 0.979492 1 0 1.0
0 13.693843 -1.343945 1.943416 0.976484 -0.183345 -0.113417 0.982422 0.979492 1 0 1.0
0 13.517336 -1.839940 1.225539 0.976484 -0.183345 -0.113417 0.982422 0.979492 1 0 1.0
Default
0 13.517336 -1.839940 1.225539 0.308951 -0.924866 0.221747 0.982422 0.519043 1 0 1.0
0 12.978853 -1.816015 2.075572 0.308951 -0.924866 0.221747 0.982422 0.519043 1 0 1.0
0 12.615795 -2.126278 1.287354 0.308951 -0.924866 0.221747 0.982422 0.519043 1 0 1.0
Default
0 12.615795 -2.126278 1.287354 -0.690985 -0.721563 -0.043436 0.982422 0.979492 1 0 1.0
0 12.235107 -1.807237 2.043432 -0.690985 -0.721563 -0.043436 0.982422 0.979492 1 0 1.0
0 12.017102 -1.542744 1.117669 -0.690985 -0.721563 -0.043436 0.982422 0.979492 1 0 1.0
Default
0 12.017102 -1.542744 1.117669 -0.593484 0.781672 -0.191743 0.982422 0.979492 1 0 1.0
0 12.358856 -1.007898 2.240257 -0.593484 0.781672 -0.191743 0.982422 0.979492 1 0 1.0
0 12.762045 -0.995408 1.043220 -0.593484 0.781672 -0.191743 0.982422 0.979492 1 0 1.0
Default
0 12.762045 -0.995408 1.043220 -0.010992 0.978481 -0.206044 0.982422 0.979492 1 0 1.0
0 13.260396 -0.767657 2.098199 -0.010992 0.978481 -0.206044 0.982422 0.979492 1 0 1.0
0 13.651462 -0.992372 1.010193 -0.010992 0.978481 -0.206044 0.982422 0.979492 1 0 1.0
Default
0 13.693843 -1.343945 1.943416 0.558113 -0.740497 0.374398 0.982422 0.519043 1 0 1.0
0 12.978853 -1.816015 2.075572 0.558113 -0.740497 0.374398 0.982422 0.519043 1 0 1.0
0 13.517336 -1.839940 1.225539 0.558113 -0.740497 0.374398 0.982422 0.519043 1 0 1.0
Default
0 12.978853 -1.816015 2.075572 -0.027218 -0.925828 0.376964 0.982422 0.979492 1 0 1.0
0 12.235107 -1.807237 2.043432 -0.027218 -0.925828 0.376964 0.982422 0.979492 1 0 1.0
0 12.615795 -2.126278 1.287354 -0.027218 -0.925828 0.376964 0.982422 0.979492 1 0 1.0
Default
0 12.235107 -1.807237 2.043432 -0.963823 0.087193 0.251879 0.982422 0.979492 1 0 1.0
0 12.358856 -1.007898 2.240257 -0.963823 0.087193 0.251879 0.982422 0.979492 1 0 1.0
0 12.017102 -1.542744 1.117669 -0.963823 0.087193 0.251879 0.982422 0.979492 1 0 1.0
Default
0 12.358856 -1.007898 2.240257 -0.268469 0.959926 -0.080411 0.982422 0.979492 1 0 1.0
0 13.260396 -0.767657 2.098199 -0.268469 0.959926 -0.080411 0.982422 0.979492 1 0 1.0
0 12.762045 -0.995408 1.043220 -0.268469 0.959926 -0.080411 0.982422 0.979492 1 0 1.0
Default
0 13.260396 -0.767657 2.098199 0.808857 0.561430 0.174774 0.982422 0.979492 1 0 1.0
0 13.693843 -1.343945 1.943416 0.808857 0.561430 0.174774 0.982422 0.979492 1 0 1.0
0 13.651462 -0.992372 1.010193 0.808857 0.561430 0.174774 0.982422 0.979492 1 0 1.0
Default
0 13.693843 -1.343945 1.943416 0.427298 -0.423571 0.798751 0.982422 0.979492 1 0 1.0
0 12.887471 -1.238780 2.430559 0.427298 -0.423571 0.798751 0.982422 0.979492 1 0 1.0
0 12.978853 -1.816015 2.075572 0.427298 -0.423571 0.798751 0.982422 0.979492 1 0 1.0
Default
0 12.978853 -1.816015 2.075572 -0.042880 -0.528281 0.847986 0.982422 0.979492 1 0 1.0
0 12.887471 -1.238780 2.430559 -0.042880 -0.528281 0.847986 0.982422 0.979492 1 0 1.0
0 12.235107 -1.807237 2.043432 -0.042880 -0.528281 0.847986 0.982422 0.979492 1 0 1.0
Default
0 12.235107 -1.807237 2.043432 -0.395901 -0.161310 0.904014 0.982422 0.979492 1 0 1.0
0 12.887471 -1.238780 2.430559 -0.395901 -0.161310 0.904014 0.982422 0.979492 1 0 1.0
0 12.358856 -1.007898 2.240257 -0.395901 -0.161310 0.904014 0.982422 0.979492 1 0 1.0
Default
0 12.358856 -1.007898 2.240257 -0.031033 0.592463 0.805000 0.982422 0.979492 1 0 1.0
0 12.887471 -1.238780 2.430559 -0.031033 0.592463 0.805000 0.982422 0.979492 1 0 1.0
0 13.260396 -0.767657 2.098199 -0.031033 0.592463 0.805000 0.982422 0.979492 1 0 1.0
Default
0 13.260396 -0.767657 2.098199 0.525714 0.171633 0.833167 0.982422 0.979492 1 0 1.0
0 12.887471 -1.238780 2.430559 0.525714 0.171633 0.833167 0.982422 0.979492 1 0 1.0
0 13.693843 -1.343945 1.943416 0.525714 0.171633 0.833167 0.982422 0.979492 1 0 1.0
Default
0 9.922456 1.005956 4.241578 0.433788 0.221578 0.873345 0.266357 0.639160 1 0 1.0
0 9.818524 0.000000 4.548423 0.433788 0.221578 0.873345 0.266357 0.639160 1 0 1.0
0 11.613395 0.000000 3.656914 0.433788 0.221578 0.873345 0.266357 0.639160 1 0 1.0
Default
0 -11.205114 0.448099 2.562017 0.504836 0.421554 0.753281 0.266357 0.639160 1 0 1.0
0 -15.121712 0.000000 5.437618 0.504836 0.421554 0.753281 0.266357 0.639160 1 0 1.0
0 -11.135851 0.000000 2.766363 0.504836 0.421554 0.753281 0.266357 0.639160 1 0 1.0
Default
0 7.274381 0.748495 5.461097 0.094516 0.194932 0.976252 0.266357 0.639160 1 0 1.0
0 4.803571 0.412691 5.767361 0.094516 0.194932 0.976252 0.266357 0.639160 1 0 1.0
0 5.538776 0.000000 5.778586 0.094516 0.194932 0.976252 0.266357 0.639160 1 0 1.0
Default
0 5.364796 0.965799 -3.981815 0.037950 0.272816 -0.961317 0.267822 0.453369 1 0 1.0
0 7.566411 1.486365 -3.747170 0.037950 0.272816 -0.961317 0.267822 0.453369 1 0 1.0
0 7.556218 -0.000000 -4.169393 0.037950 0.272816 -0.961317 0.267822 0.453369 1 0 1.0
Default
0 -16.358102 0.000000 -1.706043 -0.113954 0.990040 -0.082673 0.266357 0.639160 1 0 1.0
0 -12.405805 0.544111 -0.637821 -0.113954 0.990040 -0.082673 0.266357 0.639160 1 0 1.0
0 -11.753189 0.544111 -1.537373 -0.113954 0.990040 -0.082673 0.266357 0.639160 1 0 1.0
Default
0 9.382688 0.881643 -3.541701 0.126403 0.388089 -0.912913 0.267822 0.453369 1 0 1.0
0 9.467031 -0.000000 -3.904819 0.126403 0.388089 -0.912913 0.267822 0.453369 1 0 1.0
0 7.556218 -0.000000 -4.169393 0.126403 0.388089 -0.912913 0.267822 0.453369 1 0 1.0
Default
0 5.307340 -0.000000 -4.389871 0.079697 0.383929 -0.919917 0.267822 0.453369 1 0 1.0
0 5.364796 0.965799 -3.981815 0.079697 0.383929 -0.919917 0.267822 0.453369 1 0 1.0
0 7.556218 -0.000000 -4.169393 0.126403 0.388089 -0.912913 0.267822 0.453369 1 0 1.0
Default
0 2.552191 0.945851 -4.233810 0.079697 0.383929 -0.919917 0.267822 0.453369 1 0 1.0
0 5.364796 0.965799 -3.981815 0.079697 0.383929 -0.919917 0.267822 0.453369 1 0 1.0
0 5.307340 -0.000000 -4.389871 0.079697 0.383929 -0.919917 0.267822 0.453369 1 0 1.0
Default
0 4.803571 0.412691 5.767361 0.461860 0.831216 0.309461 0.263184 0.392822 1 0 1.0
0 4.489090 0.000000 7.345202 0.461860 0.831216 0.309461 0.263184 0.392822 1 0 1.0
0 5.538776 0.000000 5.778586 0.461860 0.831216 0.309461 0.263184 0.392822 1 0 1.0
Default
0 13.788260 0.749685 -2.083122 0.372305 0.274972 -0.886442 0.267822 0.453369 1 0 1.0
0 13.994185 -0.000000 -2.229184 0.372305 0.274972 -0.886442 0.267822 0.453369 1 0 1.0
0 11.789402 -0.000000 -3.155193 0.372305 0.274972 -0.886442 0.267822 0.453369 1 0 1.0
Default
0 -11.040630 0.368624 -1.767796 0.393612 0.665178 -0.634514 0.267822 0.453369 1 0 1.0
0 -10.028869 0.531840 -0.969060 0.393612 0.665178 -0.634514 0.267822 0.453369 1 0 1.0
0 -9.989363 0.000000 -1.502096 0.393612 0.665178 -0.634514 0.267822 0.453369 1 0 1.0
Default
0 -8.426766 0.633837 -1.006090 0.016637 0.590432 -0.806916 0.267822 0.453369 1 0 1.0
0 -8.278451 0.000000 -1.466819 0.016637 0.590432 -0.806916 0.267822 0.453369 1 0 1.0
0 -9.989363 0.000000 -1.502096 0.016637 0.590432 -0.806916 0.267822 0.453369 1 0 1.0
Default
0 -7.074993 0.594954 -1.170229 -0.177101 0.702073 -0.689731 0.267822 0.453369 1 0 1.0
0 -7.114163 0.000000 -1.765772 -0.177101 0.702073 -0.689731 0.267822 0.453369 1 0 1.0
0 -8.278451 0.000000 -1.466819 -0.177101 0.702073 -0.689731 0.267822 0.453369 1 0 1.0
Default
0 -7.549449 0.000000 5.454985 -0.092036 0.990999 0.097218 0.263184 0.392822 1 0 1.0
0 -4.642029 0.412690 4.000649 -0.092036 0.990999 0.097218 0.263184 0.392822 1 0 1.0
0 -5.688076 0.412690 3.010359 -0.092036 0.990999 0.097218 0.263184 0.392822 1 0 1.0
Default
0 -7.549449 0.000000 5.454985 -0.092036 0.990999 0.097218 0.263184 0.392822 1 0 1.0
0 -4.818540 0.000000 7.412718 -0.048454 0.991894 0.117463 0.263184 0.392822 1 0 1.0
0 -4.642029 0.412690 4.000649 -0.048454 0.991894 0.117463 0.263184 0.392822 1 0 1.0
Default
0 -4.818540 0.000000 7.412718 -0.048454 0.991894 0.117463 0.263184 0.392822 1 0 1.0
0 -2.948756 0.412690 4.699124 -0.048454 0.991894 0.117463 0.263184 0.392822 1 0 1.0
0 -4.642029 0.412690 4.000649 -0.048454 0.991894 0.117463 0.263184 0.392822 1 0 1.0
Default
0 16.352652 0.276900 -0.423704 0.795276 0.000000 -0.606248 0.267822 0.453369 1 0 1.0
0 16.554006 0.375104 -0.159567 0.795276 0.000000 -0.606248 0.267822 0.453369 1 0 1.0
0 16.554006 -0.000000 -0.159567 0.795276 0.000000 -0.606248 0.267822 0.453369 1 0 1.0
Default
0 16.554006 -0.375104 -0.159567 0.795276 0.000000 -0.606248 0.267822 0.453369 1 0 1.0
0 16.352652 -0.276900 -0.423704 0.795276 0.000000 -0.606248 0.267822 0.453369 1 0 1.0
0 16.554006 -0.000000 -0.159567 0.795276 0.000000 -0.606248 0.267822 0.453369 1 0 1.0
Default
0 -5.773402 0.695367 -2.037267 -0.329989 0.284883 -0.899971 0.267822 0.453369 1 0 1.0
0 -5.889283 0.000000 -2.214894 -0.329989 0.284883 -0.899971 0.267822 0.453369 1 0 1.0
0 -7.114163 0.000000 -1.765772 -0.329989 0.284883 -0.899971 0.267822 0.453369 1 0 1.0
Default
0 12.616353 2.173867 0.278459 0.354678 0.873246 -0.334134 0.268066 0.455078 1 0 1.0
0 12.890331 1.800039 -0.407703 0.354678 0.873246 -0.334134 0.268066 0.455078 1 0 1.0
0 11.653139 2.019644 -1.147030 0.354678 0.873246 -0.334134 0.268066 0.455078 1 0 1.0
Default
0 -5.773402 0.695367 -2.037267 -0.406098 0.552568 -0.727841 0.267822 0.453369 1 0 1.0
0 -3.926309 0.805818 -2.983998 -0.406098 0.552568 -0.727841 0.267822 0.453369 1 0 1.0
0 -4.452500 0.000000 -3.302178 -0.406098 0.552568 -0.727841 0.267822 0.453369 1 0 1.0
Default
0 -6.224230 0.365666 2.507584 -0.174465 0.251737 0.951940 0.266357 0.639160 1 0 1.0
0 -8.596646 0.335298 2.080815 -0.174465 0.251737 0.951940 0.266357 0.639160 1 0 1.0
0 -8.419558 0.000000 2.201939 -0.174465 0.251737 0.951940 0.266357 0.639160 1 0 1.0
Default
0 -3.926309 0.805818 -2.983998 -0.397575 0.420326 -0.815635 0.267822 0.453369 1 0 1.0
0 -3.085382 0.737148 -3.429289 -0.397575 0.420326 -0.815635 0.267822 0.453369 1 0 1.0
0 -3.100233 0.000000 -3.801929 -0.397575 0.420326 -0.815635 0.267822 0.453369 1 0 1.0
Default
0 -8.596646 0.335298 2.080815 0.045951 0.308724 0.950041 0.266357 0.639160 1 0 1.0
0 -10.288898 0.333284 2.163320 0.045951 0.308724 0.950041 0.266357 0.639160 1 0 1.0
0 -10.306852 0.000000 2.272492 0.045951 0.308724 0.950041 0.266357 0.639160 1 0 1.0
Default
0 15.728001 0.504512 1.134484 0.521854 0.309247 0.795007 0.266357 0.639160 1 0 1.0
0 14.319797 1.009209 1.862528 0.521854 0.309247 0.795007 0.266357 0.639160 1 0 1.0
0 14.428392 0.000000 2.183814 0.521854 0.309247 0.795007 0.266357 0.639160 1 0 1.0
Default
0 -11.205114 0.448099 2.562017 0.463037 0.426019 0.777242 0.266357 0.639160 1 0 1.0
0 -11.135851 0.000000 2.766363 0.463037 0.426019 0.777242 0.266357 0.639160 1 0 1.0
0 -10.306852 0.000000 2.272492 0.463037 0.426019 0.777242 0.266357 0.639160 1 0 1.0
Default
0 11.548198 0.924741 3.239334 0.425515 0.397182 0.813132 0.266357 0.639160 1 0 1.0
0 11.613395 0.000000 3.656914 0.425515 0.397182 0.813132 0.266357 0.639160 1 0 1.0
0 14.428392 0.000000 2.183814 0.425515 0.397182 0.813132 0.266357 0.639160 1 0 1.0
Default
0 -1.792090 0.688074 -3.725161 -0.180073 0.701971 -0.689065 0.267822 0.453369 1 0 1.0
0 -0.435120 1.397180 -3.357391 -0.180073 0.701971 -0.689065 0.267822 0.453369 1 0 1.0
0 0.539327 0.859444 -4.159849 -0.180073 0.701971 -0.689065 0.267822 0.453369 1 0 1.0
Default
0 15.961099 0.544111 -0.389692 0.516664 0.796927 -0.312995 0.267822 0.453369 1 0 1.0
0 16.352652 0.276900 -0.423704 0.516664 0.796927 -0.312995 0.267822 0.453369 1 0 1.0
0 15.359403 0.668290 -1.066746 0.516664 0.796927 -0.312995 0.267822 0.453369 1 0 1.0
Default
0 0.467115 2.451816 -0.166026 -0.081362 0.994187 0.070522 0.267822 0.453369 1 0 1.0
0 0.057201 2.357520 0.690400 -0.081362 0.994187 0.070522 0.267822 0.453369 1 0 1.0
0 1.814606 2.484013 0.934711 -0.081362 0.994187 0.070522 0.267822 0.453369 1 0 1.0
Default
0 5.441105 1.539110 4.801644 0.081133 0.899659 0.428988 0.266357 0.639160 1 0 1.0
0 8.150344 1.745937 3.855501 0.081133 0.899659 0.428988 0.266357 0.639160 1 0 1.0
0 6.711063 2.329903 2.903033 0.081133 0.899659 0.428988 0.266357 0.639160 1 0 1.0
Default
0 11.653139 2.019644 -1.147030 -0.043299 0.767088 -0.640079 0.268066 0.455078 1 0 1.0
0 12.568399 1.586824 -1.727642 -0.043299 0.767088 -0.640079 0.268066 0.455078 1 0 1.0
0 12.580863 1.434940 -1.910505 -0.043299 0.767088 -0.640079 0.268066 0.455078 1 0 1.0
Default
0 16.352652 0.276900 -0.423704 0.423637 0.694756 -0.581245 0.267822 0.453369 1 0 1.0
0 15.961099 0.544111 -0.389692 0.423637 0.694756 -0.581245 0.267822 0.453369 1 0 1.0
0 16.554006 0.375104 -0.159567 0.423637 0.694756 -0.581245 0.267822 0.453369 1 0 1.0
Default
0 15.970136 0.581081 0.783739 0.556194 0.010294 -0.830989 0.268066 0.455078 1 0 1.0
0 15.912945 0.411291 0.743356 0.556194 0.010294 -0.830989 0.268066 0.455078 1 0 1.0
0 15.192898 1.020643 0.268967 0.556194 0.010294 -0.830989 0.268066 0.455078 1 0 1.0
Default
0 12.568399 1.586824 -1.727642 0.478551 0.640412 -0.600718 0.268066 0.455078 1 0 1.0
0 13.967257 1.535494 -0.667989 0.478551 0.640412 -0.600718 0.268066 0.455078 1 0 1.0
0 13.915333 1.357625 -0.898977 0.478551 0.640412 -0.600718 0.268066 0.455078 1 0 1.0
Default
0 10.626758 1.956538 2.536123 0.345366 0.719265 0.602810 0.266357 0.639160 1 0 1.0
0 11.548198 0.924741 3.239334 0.345366 0.719265 0.602810 0.266357 0.639160 1 0 1.0
0 14.013307 1.654919 0.955768 0.345366 0.719265 0.602810 0.266357 0.639160 1 0 1.0
Default
0 8.150344 1.745937 3.855501 0.220217 0.810533 0.542716 0.266357 0.639160 1 0 1.0
0 9.922456 1.005956 4.241578 0.220217 0.810533 0.542716 0.266357 0.639160 1 0 1.0
0 10.626758 1.956538 2.536123 0.220217 0.810533 0.542716 0.266357 0.639160 1 0 1.0
Default
0 10.626758 1.956538 2.536123 0.385071 0.729314 0.565527 0.266357 0.639160 1 0 1.0
0 9.922456 1.005956 4.241578 0.385071 0.729314 0.565527 0.266357 0.639160 1 0 1.0
0 11.548198 0.924741 3.239334 0.385071 0.729314 0.565527 0.266357 0.639160 1 0 1.0
Default
0 16.006449 0.000000 1.247983 0.209679 0.323315 0.922769 0.268066 0.455078 1 0 1.0
0 15.820660 0.588419 1.084030 0.209679 0.323315 0.922769 0.268066 0.455078 1 0 1.0
0 15.728001 0.504512 1.134484 0.209679 0.323315 0.922769 0.268066 0.455078 1 0 1.0
Default
0 15.204781 1.309781 0.132942 0.988365 -0.096089 -0.117901 0.268066 0.455078 1 0 1.0
0 15.236729 1.307716 0.402448 0.988365 -0.096089 -0.117901 0.268066 0.455078 1 0 1.0
0 15.192898 1.020643 0.268967 0.988365 -0.096089 -0.117901 0.268066 0.455078 1 0 1.0
Default
0 15.956976 0.699189 -0.272744 0.485871 0.724150 -0.489423 0.268066 0.455078 1 0 1.0
0 16.593395 0.420131 -0.053842 0.485871 0.724150 -0.489423 0.268066 0.455078 1 0 1.0
0 16.554006 0.375104 -0.159567 0.485871 0.724150 -0.489423 0.268066 0.455078 1 0 1.0
Default
0 14.319797 1.009209 1.862528 0.229136 0.827828 0.512053 0.266357 0.639160 1 0 1.0
0 14.013307 1.654919 0.955768 0.229136 0.827828 0.512053 0.266357 0.639160 1 0 1.0
0 11.548198 0.924741 3.239334 0.229136 0.827828 0.512053 0.266357 0.639160 1 0 1.0
Default
0 15.728001 0.504512 1.134484 0.483603 0.781923 0.393351 0.266357 0.639160 1 0 1.0
0 14.013307 1.654919 0.955768 0.483603 0.781923 0.393351 0.266357 0.639160 1 0 1.0
0 14.319797 1.009209 1.862528 0.483603 0.781923 0.393351 0.266357 0.639160 1 0 1.0
Default
0 9.922456 1.005956 4.241578 0.197003 0.780994 0.592654 0.266357 0.639160 1 0 1.0
0 8.150344 1.745937 3.855501 0.197003 0.780994 0.592654 0.266357 0.639160 1 0 1.0
0 7.274381 0.748495 5.461097 0.197003 0.780994 0.592654 0.266357 0.639160 1 0 1.0
Default
0 -4.642029 0.412690 4.000649 -0.337414 0.871277 0.356411 0.266357 0.639160 1 0 1.0
0 -4.588888 1.293326 1.898171 -0.337414 0.871277 0.356411 0.266357 0.639160 1 0 1.0
0 -5.688076 0.412690 3.010359 -0.337414 0.871277 0.356411 0.266357 0.639160 1 0 1.0
Default
0 2.308548 1.243438 4.912524 -0.129215 0.763040 0.633304 0.266357 0.639160 1 0 1.0
0 -0.612350 1.243438 4.316564 -0.129215 0.763040 0.633304 0.266357 0.639160 1 0 1.0
0 0.314147 0.412691 5.506531 -0.129215 0.763040 0.633304 0.266357 0.639160 1 0 1.0
Default
0 -5.688076 0.412690 3.010359 -0.375094 0.870525 0.318577 0.266357 0.639160 1 0 1.0
0 -4.588888 1.293326 1.898171 -0.375094 0.870525 0.318577 0.266357 0.639160 1 0 1.0
0 -6.224230 0.365666 2.507584 -0.375094 0.870525 0.318577 0.266357 0.639160 1 0 1.0
Default
0 -2.769672 1.349071 3.168178 -0.281738 0.887512 0.364619 0.266357 0.639160 1 0 1.0
0 -4.588888 1.293326 1.898171 -0.281738 0.887512 0.364619 0.266357 0.639160 1 0 1.0
0 -4.642029 0.412690 4.000649 -0.281738 0.887512 0.364619 0.266357 0.639160 1 0 1.0
Default
0 5.441105 1.539110 4.801644 0.139847 0.805085 0.576438 0.266357 0.639160 1 0 1.0
0 7.274381 0.748495 5.461097 0.139847 0.805085 0.576438 0.266357 0.639160 1 0 1.0
0 8.150344 1.745937 3.855501 0.139847 0.805085 0.576438 0.266357 0.639160 1 0 1.0
Default
0 -11.205114 0.448099 2.562017 -0.137359 0.813155 0.565607 0.266357 0.639160 1 0 1.0
0 -11.512802 1.027548 1.654243 -0.137359 0.813155 0.565607 0.266357 0.639160 1 0 1.0
0 -12.264699 0.544111 2.166662 -0.137359 0.813155 0.565607 0.266357 0.639160 1 0 1.0
Default
0 -10.288898 0.333284 2.163320 0.297622 0.847270 0.439949 0.266357 0.639160 1 0 1.0
0 -11.512802 1.027548 1.654243 0.297622 0.847270 0.439949 0.266357 0.639160 1 0 1.0
0 -11.205114 0.448099 2.562017 0.297622 0.847270 0.439949 0.266357 0.639160 1 0 1.0
Default
0 -9.290791 1.243438 1.337786 -0.050645 0.608956 0.791586 0.266357 0.639160 1 0 1.0
0 -8.596646 0.335298 2.080815 -0.050645 0.608956 0.791586 0.266357 0.639160 1 0 1.0
0 -7.321948 1.243438 1.463751 -0.050645 0.608956 0.791586 0.266357 0.639160 1 0 1.0
Default
0 -12.264699 0.544111 2.166662 -0.457288 0.875680 0.155151 0.266357 0.639160 1 0 1.0
0 -11.512802 1.027548 1.654243 -0.457288 0.875680 0.155151 0.266357 0.639160 1 0 1.0
0 -12.599826 0.544111 1.178920 -0.457288 0.875680 0.155151 0.266357 0.639160 1 0 1.0
Default
0 -10.098636 0.990901 -0.027725 -0.006087 0.898622 -0.438682 0.267822 0.453369 1 0 1.0
0 -10.028869 0.531840 -0.969060 -0.006087 0.898622 -0.438682 0.267822 0.453369 1 0 1.0
0 -11.435665 0.852107 -0.293487 -0.006087 0.898622 -0.438682 0.267822 0.453857 1 0 1.0
Default
0 -8.778064 1.243437 0.055970 -0.141325 0.885628 -0.442369 0.267822 0.453369 1 0 1.0
0 -10.028869 0.531840 -0.969060 -0.141325 0.885628 -0.442369 0.267822 0.453369 1 0 1.0
0 -10.098636 0.990901 -0.027725 -0.141325 0.885628 -0.442369 0.267822 0.453369 1 0 1.0
Default
0 -11.512802 1.027548 1.654243 -0.406359 0.913714 0.000000 0.266357 0.639160 1 0 1.0
0 -12.599826 0.544111 0.297006 -0.406359 0.913714 0.000000 0.266357 0.639160 1 0 1.0
0 -12.599826 0.544111 1.178920 -0.406359 0.913714 0.000000 0.266357 0.639160 1 0 1.0
Default
0 -11.753189 0.544111 -1.537373 0.146002 0.950947 -0.272732 0.267822 0.453369 1 0 1.0
0 -11.435665 0.852107 -0.293487 0.146002 0.950947 -0.272732 0.267822 0.453857 1 0 1.0
0 -11.040630 0.368624 -1.767796 0.146002 0.950947 -0.272732 0.267822 0.453369 1 0 1.0
Default
0 -12.405805 0.544111 -0.637821 -0.241015 0.954640 -0.174854 0.267822 0.454834 1 0 1.0
0 -11.435665 0.852107 -0.293487 -0.241015 0.954640 -0.174854 0.267822 0.453857 1 0 1.0
0 -11.753189 0.544111 -1.537373 -0.241015 0.954640 -0.174854 0.267822 0.454834 1 0 1.0
Default
0 -11.040630 0.368624 -1.767796 0.076777 0.953314 -0.292056 0.267822 0.453369 1 0 1.0
0 -11.435665 0.852107 -0.293487 0.076777 0.953314 -0.292056 0.267822 0.453857 1 0 1.0
0 -10.028869 0.531840 -0.969060 0.076777 0.953314 -0.292056 0.267822 0.453369 1 0 1.0
Default
0 -6.869073 1.243437 0.084018 0.007287 0.868304 -0.495978 0.267822 0.453369 1 0 1.0
0 -8.426766 0.633837 -1.006090 0.007287 0.868304 -0.495978 0.267822 0.453369 1 0 1.0
0 -8.778064 1.243437 0.055970 0.007287 0.868304 -0.495978 0.267822 0.453369 1 0 1.0
Default
0 -5.353512 1.243437 -1.393646 -0.368911 0.848964 -0.378372 0.267822 0.453369 1 0 1.0
0 -7.074993 0.594954 -1.170229 -0.368911 0.848964 -0.378372 0.267822 0.453369 1 0 1.0
0 -6.869073 1.243437 0.084018 -0.368911 0.848964 -0.378372 0.267822 0.453369 1 0 1.0
Default
0 -6.869073 1.243437 0.084018 -0.029678 0.889882 -0.455224 0.267822 0.453369 1 0 1.0
0 -7.074993 0.594954 -1.170229 -0.029678 0.889882 -0.455224 0.267822 0.453369 1 0 1.0
0 -8.426766 0.633837 -1.006090 -0.029678 0.889882 -0.455224 0.267822 0.453369 1 0 1.0
Default
0 -10.028869 0.531840 -0.969060 -0.066340 0.855746 -0.513125 0.267822 0.453369 1 0 1.0
0 -8.778064 1.243437 0.055970 -0.066340 0.855746 -0.513125 0.267822 0.453369 1 0 1.0
0 -8.426766 0.633837 -1.006090 -0.066340 0.855746 -0.513125 0.267822 0.453369 1 0 1.0
Default
0 -3.046430 1.557385 -2.451947 -0.346586 0.777376 -0.524942 0.267822 0.453369 1 0 1.0
0 -3.926309 0.805818 -2.983998 -0.346586 0.777376 -0.524942 0.267822 0.453369 1 0 1.0
0 -5.353512 1.243437 -1.393646 -0.346586 0.777376 -0.524942 0.267822 0.453369 1 0 1.0
Default
0 -4.342333 1.687592 -0.013020 -0.275458 0.940995 -0.196599 0.267822 0.453369 1 0 1.0
0 -1.924637 1.996322 -1.922800 -0.275458 0.940995 -0.196599 0.267822 0.453369 1 0 1.0
0 -3.046430 1.557385 -2.451947 -0.275458 0.940995 -0.196599 0.267822 0.453369 1 0 1.0
Default
0 -2.050490 1.993375 0.326842 -0.131366 0.991315 -0.006050 0.267822 0.453369 1 0 1.0
0 -1.924637 1.996322 -1.922800 -0.131366 0.991315 -0.006050 0.267822 0.453369 1 0 1.0
0 -4.342333 1.687592 -0.013020 -0.131366 0.991315 -0.006050 0.267822 0.453369 1 0 1.0
Default
0 -5.353512 1.243437 -1.393646 -0.365095 0.812796 -0.453947 0.267822 0.453369 1 0 1.0
0 -5.773402 0.695367 -2.037267 -0.365095 0.812796 -0.453947 0.267822 0.453369 1 0 1.0
0 -7.074993 0.594954 -1.170229 -0.365095 0.812796 -0.453947 0.267822 0.453369 1 0 1.0
Default
0 -5.353512 1.243437 -1.393646 -0.302739 0.814033 -0.495680 0.267822 0.453369 1 0 1.0
0 -3.926309 0.805818 -2.983998 -0.302739 0.814033 -0.495680 0.267822 0.453369 1 0 1.0
0 -5.773402 0.695367 -2.037267 -0.302739 0.814033 -0.495680 0.267822 0.453369 1 0 1.0
Default
0 -1.924637 1.996322 -1.922800 -0.038155 0.807357 -0.588828 0.267822 0.453369 1 0 1.0
0 -1.792090 0.688074 -3.725161 -0.038155 0.807357 -0.588828 0.267822 0.453369 1 0 1.0
0 -3.046430 1.557385 -2.451947 -0.038155 0.807357 -0.588828 0.267822 0.453369 1 0 1.0
Default
0 -0.435120 1.397180 -3.357391 -0.247694 0.775314 -0.580979 0.267822 0.453369 1 0 1.0
0 -1.792090 0.688074 -3.725161 -0.247694 0.775314 -0.580979 0.267822 0.453369 1 0 1.0
0 -1.924637 1.996322 -1.922800 -0.247694 0.775314 -0.580979 0.267822 0.453369 1 0 1.0
Default
0 3.642002 2.214691 -2.007462 0.040956 0.967923 -0.247886 0.267822 0.453369 1 0 1.0
0 5.419939 1.765440 -3.467911 0.040956 0.967923 -0.247886 0.267822 0.453369 1 0 1.0
0 2.372045 1.921508 -3.362081 0.040956 0.967923 -0.247886 0.267822 0.453369 1 0 1.0
Default
0 2.372045 1.921508 -3.362081 -0.138684 0.736570 -0.661991 0.267822 0.453369 1 0 1.0
0 0.539327 0.859444 -4.159849 -0.138684 0.736570 -0.661991 0.267822 0.453369 1 0 1.0
0 -0.435120 1.397180 -3.357391 -0.138684 0.736570 -0.661991 0.267822 0.453369 1 0 1.0
Default
0 5.419939 1.765440 -3.467911 0.008294 0.667102 -0.744920 0.267822 0.453369 1 0 1.0
0 2.552191 0.945851 -4.233810 0.008294 0.667102 -0.744920 0.267822 0.453369 1 0 1.0
0 2.372045 1.921508 -3.362081 0.008294 0.667102 -0.744920 0.267822 0.453369 1 0 1.0
Default
0 2.372045 1.921508 -3.362081 -0.055854 0.659479 -0.749645 0.267822 0.453369 1 0 1.0
0 2.552191 0.945851 -4.233810 -0.055854 0.659479 -0.749645 0.267822 0.453369 1 0 1.0
0 0.539327 0.859444 -4.159849 -0.055854 0.659479 -0.749645 0.267822 0.453369 1 0 1.0
Default
0 14.013307 1.654919 0.955768 0.213154 0.936631 0.278007 0.266357 0.639160 1 0 1.0
0 12.616353 2.173867 0.278459 0.213154 0.936631 0.278007 0.266357 0.639160 1 0 1.0
0 10.626758 1.956538 2.536123 0.213154 0.936631 0.278007 0.266357 0.639160 1 0 1.0
Default
0 13.915333 1.357625 -0.898977 0.390058 0.801465 -0.453330 0.267822 0.453369 1 0 1.0
0 13.788260 0.749685 -2.083122 0.390058 0.801465 -0.453330 0.267822 0.453369 1 0 1.0
0 12.580863 1.434940 -1.910505 0.390058 0.801465 -0.453330 0.267822 0.453369 1 0 1.0
Default
0 15.961099 0.544111 -0.389692 0.403964 0.893731 -0.195083 0.267822 0.453369 1 0 1.0
0 15.359403 0.668290 -1.066746 0.403964 0.893731 -0.195083 0.267822 0.453369 1 0 1.0
0 13.915333 1.357625 -0.898977 0.403964 0.893731 -0.195083 0.267822 0.453369 1 0 1.0
Default
0 15.359403 0.668290 -1.066746 0.338989 0.821658 -0.458218 0.267822 0.453369 1 0 1.0
0 13.788260 0.749685 -2.083122 0.338989 0.821658 -0.458218 0.267822 0.453369 1 0 1.0
0 13.915333 1.357625 -0.898977 0.338989 0.821658 -0.458218 0.267822 0.453369 1 0 1.0
Default
0 11.653139 2.019644 -1.147030 0.370278 0.740876 -0.560355 0.267822 0.453369 1 0 1.0
0 11.651235 0.691704 -2.904030 0.370278 0.740876 -0.560355 0.267822 0.453369 1 0 1.0
0 9.272141 1.758415 -3.065758 0.370278 0.740876 -0.560355 0.267822 0.453369 1 0 1.0
Default
0 12.580863 1.434940 -1.910505 0.006589 0.797753 -0.602949 0.267822 0.453369 1 0 1.0
0 11.651235 0.691704 -2.904030 0.006589 0.797753 -0.602949 0.267822 0.453369 1 0 1.0
0 11.653139 2.019644 -1.147030 0.006589 0.797753 -0.602949 0.267822 0.453369 1 0 1.0
Default
0 12.580863 1.434940 -1.910505 0.260189 0.640461 -0.722572 0.267822 0.453369 1 0 1.0
0 13.788260 0.749685 -2.083122 0.260189 0.640461 -0.722572 0.267822 0.453369 1 0 1.0
0 11.651235 0.691704 -2.904030 0.260189 0.640461 -0.722572 0.267822 0.453369 1 0 1.0
Default
0 2.552191 0.945851 -4.233810 0.071579 0.535761 -0.841330 0.267822 0.453369 1 0 1.0
0 5.419939 1.765440 -3.467911 0.071579 0.535761 -0.841330 0.267822 0.453369 1 0 1.0
0 5.364796 0.965799 -3.981815 0.071579 0.535761 -0.841330 0.267822 0.453369 1 0 1.0
Default
0 5.364796 0.965799 -3.981815 -0.038722 0.542128 -0.839403 0.267822 0.453369 1 0 1.0
0 5.419939 1.765440 -3.467911 -0.038722 0.542128 -0.839403 0.267822 0.453369 1 0 1.0
0 7.566411 1.486365 -3.747170 -0.038722 0.542128 -0.839403 0.267822 0.453369 1 0 1.0
Default
0 -3.085382 0.737148 -3.429289 -0.116489 0.763053 -0.635752 0.267822 0.453369 1 0 1.0
0 -3.046430 1.557385 -2.451947 -0.116489 0.763053 -0.635752 0.267822 0.453369 1 0 1.0
0 -1.792090 0.688074 -3.725161 -0.116489 0.763053 -0.635752 0.267822 0.453369 1 0 1.0
Default
0 -3.926309 0.805818 -2.983998 -0.264273 0.743915 -0.613800 0.267822 0.453369 1 0 1.0
0 -3.046430 1.557385 -2.451947 -0.264273 0.743915 -0.613800 0.267822 0.453369 1 0 1.0
0 -3.085382 0.737148 -3.429289 -0.264273 0.743915 -0.613800 0.267822 0.453369 1 0 1.0
Default
0 10.605591 2.393748 0.320791 0.009207 0.999376 -0.034111 0.267822 0.453369 1 0 1.0
0 9.145145 2.370358 -0.758672 0.009207 0.999376 -0.034111 0.267822 0.453369 1 0 1.0
0 8.133133 2.437972 0.949097 0.009207 0.999376 -0.034111 0.267822 0.453369 1 0 1.0
Default
0 5.196584 2.663554 1.102482 -0.050557 0.997548 -0.048390 0.267822 0.453369 1 0 1.0
0 2.901196 2.460019 -0.695174 -0.050557 0.997548 -0.048390 0.267822 0.453369 1 0 1.0
0 1.814606 2.484013 0.934711 -0.050557 0.997548 -0.048390 0.267822 0.453369 1 0 1.0
Default
0 5.250614 2.207030 -1.139659 0.067945 0.977949 -0.197483 0.267822 0.453369 1 0 1.0
0 2.901196 2.460019 -0.695174 0.067945 0.977949 -0.197483 0.267822 0.453369 1 0 1.0
0 5.196584 2.663554 1.102482 0.067945 0.977949 -0.197483 0.267822 0.453369 1 0 1.0
Default
0 3.642002 2.214691 -2.007462 0.100854 0.978792 -0.178309 0.267822 0.453369 1 0 1.0
0 5.250614 2.207030 -1.139659 0.067945 0.977949 -0.197483 0.267822 0.453369 1 0 1.0
0 5.419939 1.765440 -3.467911 0.100854 0.978792 -0.178309 0.267822 0.453369 1 0 1.0
Default
0 3.642002 2.214691 -2.007462 0.100854 0.978792 -0.178309 0.267822 0.453369 1 0 1.0
0 2.901196 2.460019 -0.695174 0.079907 0.987006 -0.139409 0.267822 0.453369 1 0 1.0
0 5.250614 2.207030 -1.139659 0.079907 0.987006 -0.139409 0.267822 0.453369 1 0 1.0
Default
0 9.145145 2.370358 -0.758672 0.018677 0.990158 -0.138702 0.267822 0.453369 1 0 1.0
0 7.578865 2.195322 -2.219121 0.018677 0.990158 -0.138702 0.267822 0.453369 1 0 1.0
0 7.028552 2.517021 0.003301 0.018677 0.990158 -0.138702 0.267822 0.453369 1 0 1.0
Default
0 2.372045 1.921508 -3.362081 -0.019253 0.980769 -0.194220 0.267822 0.453369 1 0 1.0
0 2.901196 2.460019 -0.695174 -0.019253 0.980769 -0.194220 0.267822 0.453369 1 0 1.0
0 3.642002 2.214691 -2.007462 -0.019253 0.980769 -0.194220 0.267822 0.453369 1 0 1.0
Default
0 -1.924637 1.996322 -1.922800 -0.019774 0.974015 -0.225620 0.267822 0.453369 1 0 1.0
0 0.467115 2.451816 -0.166026 -0.019774 0.974015 -0.225620 0.267822 0.453369 1 0 1.0
0 -0.019702 1.848686 -2.727104 -0.019774 0.974015 -0.225620 0.267822 0.453369 1 0 1.0
Default
0 -0.019702 1.848686 -2.727104 -0.078261 0.980109 -0.182379 0.267822 0.453369 1 0 1.0
0 0.467115 2.451816 -0.166026 -0.019774 0.974015 -0.225620 0.267822 0.453369 1 0 1.0
0 2.901196 2.460019 -0.695174 -0.078261 0.980109 -0.182379 0.267822 0.453369 1 0 1.0
Default
0 -0.019702 1.848686 -2.727104 -0.078261 0.980109 -0.182379 0.267822 0.453369 1 0 1.0
0 2.901196 2.460019 -0.695174 -0.078261 0.980109 -0.182379 0.267822 0.453369 1 0 1.0
0 2.372045 1.921508 -3.362081 -0.078261 0.980109 -0.182379 0.267822 0.453369 1 0 1.0
Default
0 -10.098636 0.990901 -0.027725 -0.182852 0.980416 -0.073141 0.266357 0.639160 1 0 1.0
0 -9.290791 1.243438 1.337786 -0.182852 0.980416 -0.073141 0.266357 0.639160 1 0 1.0
0 -8.778064 1.243437 0.055970 -0.182852 0.980416 -0.073141 0.266357 0.639160 1 0 1.0
Default
0 -6.869073 1.243437 0.084018 -0.163657 0.970138 0.179020 0.266357 0.639160 1 0 1.0
0 -4.588888 1.293326 1.898171 -0.163657 0.970138 0.179020 0.266357 0.639160 1 0 1.0
0 -4.342333 1.687592 -0.013020 -0.163657 0.970138 0.179020 0.266357 0.639160 1 0 1.0
Default
0 -7.321948 1.243438 1.463751 -0.017346 0.999833 -0.005694 0.266357 0.639160 1 0 1.0
0 -4.588888 1.293326 1.898171 -0.017346 0.999833 -0.005694 0.266357 0.639160 1 0 1.0
0 -6.869073 1.243437 0.084018 -0.017346 0.999833 -0.005694 0.266357 0.639160 1 0 1.0
Default
0 0.057201 2.357520 0.690400 -0.196086 0.965846 0.169384 0.266357 0.639160 1 0 1.0
0 -2.050490 1.993375 0.326842 -0.196086 0.965846 0.169384 0.266357 0.639160 1 0 1.0
0 -2.769672 1.349071 3.168178 -0.196086 0.965846 0.169384 0.266357 0.639160 1 0 1.0
Default
0 5.250614 2.207030 -1.139659 -0.041893 0.978836 -0.200311 0.267822 0.453369 1 0 1.0
0 5.196584 2.663554 1.102482 -0.041893 0.978836 -0.200311 0.267822 0.453369 1 0 1.0
0 7.028552 2.517021 0.003301 -0.041893 0.978836 -0.200311 0.267822 0.453369 1 0 1.0
Default
0 8.133133 2.437972 0.949097 0.082032 0.990035 0.114460 0.266357 0.639160 1 0 1.0
0 5.196584 2.663554 1.102482 0.082032 0.990035 0.114460 0.266357 0.639160 1 0 1.0
0 6.711063 2.329903 2.903033 0.082032 0.990035 0.114460 0.266357 0.639160 1 0 1.0
Default
0 2.901196 2.460019 -0.695174 -0.007682 0.999774 -0.019840 0.267822 0.453369 1 0 1.0
0 0.467115 2.451816 -0.166026 -0.007682 0.999774 -0.019840 0.267822 0.453369 1 0 1.0
0 1.814606 2.484013 0.934711 -0.007682 0.999774 -0.019840 0.267822 0.453369 1 0 1.0
Default
0 6.711063 2.329903 2.903033 0.235618 0.945728 0.223789 0.266357 0.639160 1 0 1.0
0 8.150344 1.745937 3.855501 0.235618 0.945728 0.223789 0.266357 0.639160 1 0 1.0
0 8.133133 2.437972 0.949097 0.235618 0.945728 0.223789 0.266357 0.639160 1 0 1.0
Default
0 -14.945735 0.000000 -4.465369 -0.071329 0.991748 -0.106523 0.266357 0.639160 1 0 1.0
0 -16.256682 0.000000 -3.587539 -0.071329 0.991748 -0.106523 0.266357 0.639160 1 0 1.0
0 -11.753189 0.544111 -1.537373 -0.071329 0.991748 -0.106523 0.266357 0.639160 1 0 1.0
Default
0 -10.977106 0.000000 -1.978329 0.460252 0.498774 -0.734434 0.266357 0.639160 1 0 1.0
0 -14.945735 0.000000 -4.465369 0.460252 0.498774 -0.734434 0.266357 0.639160 1 0 1.0
0 -11.040630 0.368624 -1.767796 0.460252 0.498774 -0.734434 0.266357 0.639160 1 0 1.0
Default
0 -0.488656 0.000000 5.887498 -0.152007 0.813669 0.561103 0.263184 0.392822 1 0 1.0
0 0.314147 0.412691 5.506531 -0.152007 0.813669 0.561103 0.263184 0.392822 1 0 1.0
0 -1.140894 0.412691 5.112350 -0.152007 0.813669 0.561103 0.263184 0.392822 1 0 1.0
Default
0 -2.112862 0.000000 6.089832 -0.074150 0.943008 0.324404 0.263184 0.392822 1 0 1.0
0 -1.140894 0.412691 5.112350 -0.074150 0.943008 0.324404 0.263184 0.392822 1 0 1.0
0 -2.948756 0.412690 4.699124 -0.074150 0.943008 0.324404 0.263184 0.392822 1 0 1.0
Default
0 15.820660 0.588419 1.084030 0.897871 0.355762 0.259347 0.268066 0.455078 1 0 1.0
0 16.006449 0.000000 1.247983 0.897871 0.355762 0.259347 0.268066 0.455078 1 0 1.0
0 16.111677 0.000000 0.883681 0.897871 0.355762 0.259347 0.268066 0.455078 1 0 1.0
Default
0 16.519830 0.457324 0.350605 0.555965 0.809703 -0.187838 0.268066 0.455078 1 0 1.0
0 15.956976 0.699189 -0.272744 0.555965 0.809703 -0.187838 0.268066 0.455078 1 0 1.0
0 15.204781 1.309781 0.132942 0.555965 0.809703 -0.187838 0.268066 0.455078 1 0 1.0
Default
0 16.593395 0.420131 -0.053842 0.404581 0.914442 -0.010504 0.268066 0.455078 1 0 1.0
0 15.956976 0.699189 -0.272744 0.404581 0.914442 -0.010504 0.268066 0.455078 1 0 1.0
0 16.519830 0.457324 0.350605 0.404581 0.914442 -0.010504 0.268066 0.455078 1 0 1.0
Default
0 12.568399 1.586824 -1.727642 0.187584 0.961451 -0.201058 0.268066 0.455078 1 0 1.0
0 12.890331 1.800039 -0.407703 0.187584 0.961451 -0.201058 0.268066 0.455078 1 0 1.0
0 13.967257 1.535494 -0.667989 0.187584 0.961451 -0.201058 0.268066 0.455078 1 0 1.0
Default
0 11.653139 2.019644 -1.147030 0.297794 0.928318 -0.222586 0.268066 0.455078 1 0 1.0
0 12.890331 1.800039 -0.407703 0.297794 0.928318 -0.222586 0.268066 0.455078 1 0 1.0
0 12.568399 1.586824 -1.727642 0.297794 0.928318 -0.222586 0.268066 0.455078 1 0 1.0
Default
0 13.967257 1.535494 -0.667989 0.421192 0.801239 -0.424987 0.268066 0.455078 1 0 1.0
0 15.204781 1.309781 0.132942 0.421192 0.801239 -0.424987 0.268066 0.455078 1 0 1.0
0 15.956976 0.699189 -0.272744 0.421192 0.801239 -0.424987 0.268066 0.455078 1 0 1.0
Default
0 12.890331 1.800039 -0.407703 0.205227 0.969225 -0.135958 0.268066 0.455078 1 0 1.0
0 14.103971 1.629625 0.209425 0.205227 0.969225 -0.135958 0.268066 0.455078 1 0 1.0
0 13.967257 1.535494 -0.667989 0.205227 0.969225 -0.135958 0.268066 0.455078 1 0 1.0
Default
0 15.204781 1.309781 0.132942 0.277289 0.960448 -0.025511 0.268066 0.455078 1 0 1.0
0 14.103971 1.629625 0.209425 0.277289 0.960448 -0.025511 0.268066 0.455078 1 0 1.0
0 15.236729 1.307716 0.402448 0.277289 0.960448 -0.025511 0.268066 0.455078 1 0 1.0
Default
0 13.967257 1.535494 -0.667989 0.266887 0.952936 -0.143819 0.268066 0.455078 1 0 1.0
0 14.103971 1.629625 0.209425 0.266887 0.952936 -0.143819 0.268066 0.455078 1 0 1.0
0 15.204781 1.309781 0.132942 0.266887 0.952936 -0.143819 0.268066 0.455078 1 0 1.0
Default
0 15.970136 0.581081 0.783739 0.598492 0.750767 0.279565 0.268066 0.455078 1 0 1.0
0 15.236729 1.307716 0.402448 0.598492 0.750767 0.279565 0.268066 0.455078 1 0 1.0
0 15.820660 0.588419 1.084030 0.598492 0.750767 0.279565 0.268066 0.455078 1 0 1.0
Default
0 15.236729 1.307716 0.402448 0.088214 0.721938 0.686312 0.268066 0.455078 1 0 1.0
0 14.103971 1.629625 0.209425 0.088214 0.721938 0.686312 0.268066 0.455078 1 0 1.0
0 15.820660 0.588419 1.084030 0.088214 0.721938 0.686312 0.268066 0.455078 1 0 1.0
Default
0 14.103971 1.629625 0.209425 0.306051 0.882007 -0.358323 0.268066 0.455078 1 0 1.0
0 12.890331 1.800039 -0.407703 0.306051 0.882007 -0.358323 0.268066 0.455078 1 0 1.0
0 12.616353 2.173867 0.278459 0.306051 0.882007 -0.358323 0.268066 0.455078 1 0 1.0
Default
0 15.820660 0.588419 1.084030 0.506239 0.861788 0.032291 0.268066 0.455078 1 0 1.0
0 14.103971 1.629625 0.209425 0.506239 0.861788 0.032291 0.268066 0.455078 1 0 1.0
0 14.013307 1.654919 0.955768 0.506239 0.861788 0.032291 0.268066 0.455078 1 0 1.0
Default
0 4.473740 2.882432 0.066592 -0.371603 -0.928243 0.016642 0.266357 0.639160 1 0 1.0
0 4.343492 2.882432 -2.841675 -0.371603 -0.928243 0.016642 0.266357 0.639160 1 0 1.0
0 6.430612 2.057067 -2.274416 -0.371603 -0.928243 0.016642 0.266357 0.639160 1 0 1.0
Default
0 4.473740 3.044145 0.066592 0.200795 0.951441 -0.233325 0.266357 0.639160 1 0 1.0
0 6.831076 2.365772 -0.670962 0.200795 0.951441 -0.233325 0.266357 0.639160 1 0 1.0
0 6.430612 2.057067 -2.274416 0.200795 0.951441 -0.233325 0.266357 0.639160 1 0 1.0
Default
0 4.343492 3.044145 -2.841675 0.262275 0.000000 -0.964993 0.266357 0.639160 1 0 1.0
0 6.430612 2.057067 -2.274416 0.262275 0.000000 -0.964993 0.266357 0.639160 1 0 1.0
0 4.343492 2.882432 -2.841675 0.262275 0.000000 -0.964993 0.266357 0.639160 1 0 1.0
Default
0 4.473740 3.044145 0.066592 0.298603 0.000000 0.954378 0.266357 0.639160 1 0 1.0
0 4.473740 2.882432 0.066592 0.298603 0.000000 0.954378 0.266357 0.639160 1 0 1.0
0 6.831076 2.365772 -0.670962 0.298603 0.000000 0.954378 0.266357 0.639160 1 0 1.0
Default
0 6.054887 0.932061 -3.830249 -0.271141 -0.833562 -0.481307 0.263184 0.392822 1 0 1.0
0 4.581984 1.820359 -4.538917 -0.271141 -0.833562 -0.481307 0.263184 0.392822 1 0 1.0
0 6.351056 1.952921 -5.765090 -0.271141 -0.833562 -0.481307 0.263184 0.392822 1 0 1.0
Default
0 6.054887 0.932061 -3.830249 0.155330 0.832134 0.532376 0.263184 0.392822 1 0 1.0
0 7.048320 0.735013 -3.812105 0.155330 0.832134 0.532376 0.263184 0.392822 1 0 1.0
0 6.351056 2.114633 -5.765090 0.155330 0.832134 0.532376 0.263184 0.392822 1 0 1.0
Default
0 6.351056 2.114633 -5.765090 0.941777 0.000000 -0.336238 0.263184 0.392822 1 0 1.0
0 7.048320 0.735013 -3.812105 0.941777 0.000000 -0.336238 0.263184 0.392822 1 0 1.0
0 6.351056 1.952921 -5.765090 0.941777 0.000000 -0.336238 0.263184 0.392822 1 0 1.0
Default
0 4.581984 1.982072 -4.538917 -0.433564 0.000000 0.901123 0.263184 0.392822 1 0 1.0
0 4.581984 1.820359 -4.538917 -0.433564 0.000000 0.901123 0.263184 0.392822 1 0 1.0
0 6.054887 0.932061 -3.830249 -0.433564 0.000000 0.901123 0.263184 0.392822 1 0 1.0
Default
0 6.351056 1.952921 -5.765090 -0.074183 -0.974370 -0.212367 0.263184 0.392822 1 0 1.0
0 4.581984 1.820359 -4.538917 -0.074183 -0.974370 -0.212367 0.263184 0.392822 1 0 1.0
0 3.889814 2.057622 -5.385724 -0.074183 -0.974370 -0.212367 0.263184 0.392822 1 0 1.0
Default
0 3.889814 2.219334 -5.385724 0.074183 0.974370 0.212367 0.263184 0.392822 1 0 1.0
0 4.581984 1.982072 -4.538917 0.074183 0.974370 0.212367 0.263184 0.392822 1 0 1.0
0 6.351056 2.114633 -5.765090 0.074183 0.974370 0.212367 0.263184 0.392822 1 0 1.0
Default
0 -5.761220 0.417585 -1.934912 -0.285384 -0.877775 -0.384795 0.263184 0.392822 1 0 1.0
0 -6.741693 0.903562 -2.316329 -0.285384 -0.877775 -0.384795 0.263184 0.392822 1 0 1.0
0 -3.006200 1.036123 -5.389159 -0.285384 -0.877775 -0.384795 0.263184 0.392822 1 0 1.0
Default
0 -3.006200 1.197835 -5.389159 0.927936 0.000000 -0.372741 0.263184 0.392822 1 0 1.0
0 -2.267423 0.583523 -3.549978 0.927936 0.000000 -0.372741 0.263184 0.392822 1 0 1.0
0 -3.006200 1.036123 -5.389159 0.927936 0.000000 -0.372741 0.263184 0.392822 1 0 1.0
Default
0 -6.741693 1.065274 -2.316329 -0.362546 0.000000 0.931966 0.263184 0.392822 1 0 1.0
0 -6.741693 0.903562 -2.316329 -0.362546 0.000000 0.931966 0.263184 0.392822 1 0 1.0
0 -5.761220 0.417585 -1.934912 -0.362546 0.000000 0.931966 0.263184 0.392822 1 0 1.0
Default
0 -7.542051 1.140824 -2.834567 -0.145008 -0.965135 -0.217915 0.263184 0.392822 1 0 1.0
0 -3.006200 1.036123 -5.389159 -0.145008 -0.965135 -0.217915 0.263184 0.392822 1 0 1.0
0 -6.741693 0.903562 -2.316329 -0.145008 -0.965135 -0.217915 0.263184 0.392822 1 0 1.0
Default
0 -4.143998 1.302536 -6.081647 0.056031 0.996706 0.058636 0.263184 0.392822 1 0 1.0
0 -7.542051 1.302537 -2.834567 0.056031 0.996706 0.058636 0.263184 0.392822 1 0 1.0
0 -3.006200 1.197835 -5.389159 0.056031 0.996706 0.058636 0.263184 0.392822 1 0 1.0
Default
0 -5.761220 0.417585 -1.934912 0.250815 0.744230 0.619042 0.263184 0.392822 1 0 1.0
0 -2.267423 0.583523 -3.549978 0.250815 0.744230 0.619042 0.263184 0.392822 1 0 1.0
0 -6.741693 1.065274 -2.316329 0.250815 0.744230 0.619042 0.263184 0.392822 1 0 1.0
Default
0 -4.143998 1.140824 -6.081647 -0.056031 -0.996706 -0.058636 0.263184 0.392822 1 0 1.0
0 -3.006200 1.036123 -5.389159 -0.056031 -0.996706 -0.058636 0.263184 0.392822 1 0 1.0
0 -7.542051 1.140824 -2.834567 -0.056031 -0.996706 -0.058636 0.263184 0.392822 1 0 1.0
Default
0 12.615795 2.126278 1.287354 0.215615 0.799807 -0.560195 0.982422 0.979492 1 0 1.0
0 13.517336 1.839940 1.225539 0.215615 0.799807 -0.560195 0.982422 0.979492 1 0 1.0
0 12.887471 1.619273 0.668055 0.215615 0.799807 -0.560195 0.982422 0.979492 1 0 1.0
Default
0 13.651462 0.992372 1.010193 0.577072 0.285710 -0.765087 0.982422 0.979492 1 0 1.0
0 12.887471 1.619273 0.668055 0.577072 0.285710 -0.765087 0.982422 0.979492 1 0 1.0
0 13.517336 1.839940 1.225539 0.577072 0.285710 -0.765087 0.982422 0.979492 1 0 1.0
Default
0 12.017102 1.542744 1.117669 -0.404618 0.612572 -0.678999 0.982422 0.979492 1 0 1.0
0 12.615795 2.126278 1.287354 -0.404618 0.612572 -0.678999 0.982422 0.979492 1 0 1.0
0 12.887471 1.619273 0.668055 -0.404618 0.612572 -0.678999 0.982422 0.979492 1 0 1.0
Default
0 12.762045 0.995408 1.043220 -0.388110 -0.416396 -0.822183 0.982422 0.979492 1 0 1.0
0 12.017102 1.542744 1.117669 -0.388110 -0.416396 -0.822183 0.982422 0.979492 1 0 1.0
0 12.887471 1.619273 0.668055 -0.388110 -0.416396 -0.822183 0.982422 0.979492 1 0 1.0
Default
0 13.651462 0.992372 1.010193 -0.033657 -0.510080 -0.859469 0.982422 0.979492 1 0 1.0
0 12.762045 0.995408 1.043220 -0.033657 -0.510080 -0.859469 0.982422 0.979492 1 0 1.0
0 12.887471 1.619273 0.668055 -0.033657 -0.510080 -0.859469 0.982422 0.979492 1 0 1.0
Default
0 13.693843 1.343945 1.943416 0.976484 0.183345 -0.113417 0.982422 0.979492 1 0 1.0
0 13.651462 0.992372 1.010193 0.976484 0.183345 -0.113417 0.982422 0.979492 1 0 1.0
0 13.517336 1.839940 1.225539 0.976484 0.183345 -0.113417 0.982422 0.979492 1 0 1.0
Default
0 12.978853 1.816015 2.075572 0.308951 0.924866 0.221747 0.982422 0.519043 1 0 1.0
0 13.517336 1.839940 1.225539 0.308951 0.924866 0.221747 0.982422 0.519043 1 0 1.0
0 12.615795 2.126278 1.287354 0.308951 0.924866 0.221747 0.982422 0.519043 1 0 1.0
Default
0 12.235107 1.807237 2.043432 -0.690985 0.721563 -0.043436 0.982422 0.979492 1 0 1.0
0 12.615795 2.126278 1.287354 -0.690985 0.721563 -0.043436 0.982422 0.979492 1 0 1.0
0 12.017102 1.542744 1.117669 -0.690985 0.721563 -0.043436 0.982422 0.979492 1 0 1.0
Default
0 12.358856 1.007898 2.240257 -0.593484 -0.781672 -0.191743 0.982422 0.979492 1 0 1.0
0 12.017102 1.542744 1.117669 -0.593484 -0.781672 -0.191743 0.982422 0.979492 1 0 1.0
0 12.762045 0.995408 1.043220 -0.593484 -0.781672 -0.191743 0.982422 0.979492 1 0 1.0
Default
0 13.260396 0.767657 2.098199 -0.010992 -0.978481 -0.206044 0.982422 0.979492 1 0 1.0
0 12.762045 0.995408 1.043220 -0.010992 -0.978481 -0.206044 0.982422 0.979492 1 0 1.0
0 13.651462 0.992372 1.010193 -0.010992 -0.978481 -0.206044 0.982422 0.979492 1 0 1.0
Default
0 12.978853 1.816015 2.075572 0.558113 0.740497 0.374398 0.982422 0.519043 1 0 1.0
0 13.693843 1.343945 1.943416 0.558113 0.740497 0.374398 0.982422 0.519043 1 0 1.0
0 13.517336 1.839940 1.225539 0.558113 0.740497 0.374398 0.982422 0.519043 1 0 1.0
Default
0 12.235107 1.807237 2.043432 -0.027218 0.925828 0.376964 0.982422 0.979492 1 0 1.0
0 12.978853 1.816015 2.075572 -0.027218 0.925828 0.376964 0.982422 0.979492 1 0 1.0
0 12.615795 2.126278 1.287354 -0.027218 0.925828 0.376964 0.982422 0.979492 1 0 1.0
Default
0 12.358856 1.007898 2.240257 -0.963823 -0.087193 0.251879 0.982422 0.979492 1 0 1.0
0 12.235107 1.807237 2.043432 -0.963823 -0.087193 0.251879 0.982422 0.979492 1 0 1.0
0 12.017102 1.542744 1.117669 -0.963823 -0.087193 0.251879 0.982422 0.979492 1 0 1.0
Default
0 13.260396 0.767657 2.098199 -0.268469 -0.959926 -0.080411 0.982422 0.979492 1 0 1.0
0 12.358856 1.007898 2.240257 -0.268469 -0.959926 -0.080411 0.982422 0.979492 1 0 1.0
0 12.762045 0.995408 1.043220 -0.268469 -0.959926 -0.080411 0.982422 0.979492 1 0 1.0
Default
0 13.693843 1.343945 1.943416 0.808857 -0.561430 0.174774 0.982422 0.979492 1 0 1.0
0 13.260396 0.767657 2.098199 0.808857 -0.561430 0.174774 0.982422 0.979492 1 0 1.0
0 13.651462 0.992372 1.010193 0.808857 -0.561430 0.174774 0.982422 0.979492 1 0 1.0
Default
0 12.887471 1.238780 2.430559 0.427298 0.423571 0.798751 0.982422 0.979492 1 0 1.0
0 13.693843 1.343945 1.943416 0.427298 0.423571 0.798751 0.982422 0.979492 1 0 1.0
0 12.978853 1.816015 2.075572 0.427298 0.423571 0.798751 0.982422 0.979492 1 0 1.0
Default
0 12.887471 1.238780 2.430559 -0.042880 0.528281 0.847986 0.982422 0.979492 1 0 1.0
0 12.978853 1.816015 2.075572 -0.042880 0.528281 0.847986 0.982422 0.979492 1 0 1.0
0 12.235107 1.807237 2.043432 -0.042880 0.528281 0.847986 0.982422 0.979492 1 0 1.0
Default
0 12.887471 1.238780 2.430559 -0.395901 0.161310 0.904014 0.982422 0.979492 1 0 1.0
0 12.235107 1.807237 2.043432 -0.395901 0.161310 0.904014 0.982422 0.979492 1 0 1.0
0 12.358856 1.007898 2.240257 -0.395901 0.161310 0.904014 0.982422 0.979492 1 0 1.0
Default
0 12.887471 1.238780 2.430559 -0.031033 -0.592463 0.805000 0.982422 0.979492 1 0 1.0
0 12.358856 1.007898 2.240257 -0.031033 -0.592463 0.805000 0.982422 0.979492 1 0 1.0
0 13.260396 0.767657 2.098199 -0.031033 -0.592463 0.805000 0.982422 0.979492 1 0 1.0
Default
0 12.887471 1.238780 2.430559 0.525714 -0.171633 0.833167 0.982422 0.979492 1 0 1.0
0 13.260396 0.767657 2.098199 0.525714 -0.171633 0.833167 0.982422 0.979492 1 0 1.0
0 13.693843 1.343945 1.943416 0.525714 -0.171633 0.833167 0.982422 0.979492 1 0 1.0
Default
0 11.548198 -0.924741 3.239334 0.498037 -0.385802 0.776605 0.266357 0.639160 1 0 1.0
0 11.613395 0.000000 3.656914 0.498037 -0.385802 0.776605 0.266357 0.639160 1 0 1.0
0 9.922456 -1.005956 4.241578 0.498037 -0.385802 0.776605 0.266357 0.639160 1 0 1.0
Default
0 9.922456 -1.005956 4.241578 0.388200 -0.231949 0.891908 0.266357 0.639160 1 0 1.0
0 9.818524 0.000000 4.548423 0.388200 -0.231949 0.891908 0.266357 0.639160 1 0 1.0
0 7.274381 -0.748495 5.461097 0.388200 -0.231949 0.891908 0.266357 0.639160 1 0 1.0
Default
0 4.803571 -0.412691 5.767361 0.094516 -0.194932 0.976252 0.266357 0.639160 1 0 1.0
0 7.274381 -0.748495 5.461097 0.094516 -0.194932 0.976252 0.266357 0.639160 1 0 1.0
0 5.538776 0.000000 5.778586 0.094516 -0.194932 0.976252 0.266357 0.639160 1 0 1.0
Default
0 7.566411 -1.486365 -3.747170 0.037950 -0.272816 -0.961317 0.267822 0.453369 1 0 1.0
0 5.364796 -0.965799 -3.981815 0.037950 -0.272816 -0.961317 0.267822 0.453369 1 0 1.0
0 7.556218 -0.000000 -4.169393 0.037950 -0.272816 -0.961317 0.267822 0.453369 1 0 1.0
Default
0 -16.256682 0.000000 -3.587539 -0.117112 -0.993099 -0.006313 0.266357 0.639160 1 0 1.0
0 -11.753189 -0.544111 -1.537373 -0.117112 -0.993099 -0.006313 0.266357 0.639160 1 0 1.0
0 -16.358102 0.000000 -1.706043 -0.117112 -0.993099 -0.006313 0.266357 0.639160 1 0 1.0
Default
0 -0.488656 0.000000 5.887498 -0.238737 -0.867419 0.436566 0.263184 0.392822 1 0 1.0
0 0.314147 -0.412691 5.506531 -0.238737 -0.867419 0.436566 0.263184 0.392822 1 0 1.0
0 2.267552 0.000000 7.394736 -0.238737 -0.867419 0.436566 0.263184 0.392822 1 0 1.0
Default
0 7.566411 -1.486365 -3.747170 0.195568 -0.266736 -0.943719 0.267822 0.453369 1 0 1.0
0 7.556218 -0.000000 -4.169393 0.195568 -0.266736 -0.943719 0.267822 0.453369 1 0 1.0
0 9.382688 -0.881643 -3.541701 0.195568 -0.266736 -0.943719 0.267822 0.453369 1 0 1.0
Default
0 -16.358102 0.000000 -1.706043 -0.147399 -0.988184 0.042018 0.266357 0.639160 1 0 1.0
0 -12.405805 -0.544111 -0.637821 -0.147399 -0.988184 0.042018 0.266357 0.639160 1 0 1.0
0 -15.750482 0.000000 0.425493 -0.147399 -0.988184 0.042018 0.266357 0.639160 1 0 1.0
Default
0 -10.028869 -0.531840 -0.969060 0.393612 -0.665178 -0.634514 0.267822 0.453369 1 0 1.0
0 -11.040630 -0.368624 -1.767796 0.393612 -0.665178 -0.634514 0.267822 0.453369 1 0 1.0
0 -9.989363 0.000000 -1.502096 0.393612 -0.665178 -0.634514 0.267822 0.453369 1 0 1.0
Default
0 -10.028869 -0.531840 -0.969060 -0.061186 -0.704303 -0.707258 0.267822 0.453369 1 0 1.0
0 -9.989363 0.000000 -1.502096 -0.061186 -0.704303 -0.707258 0.267822 0.453369 1 0 1.0
0 -8.426766 -0.633837 -1.006090 -0.061186 -0.704303 -0.707258 0.267822 0.453369 1 0 1.0
Default
0 -8.426766 -0.633837 -1.006090 -0.082497 -0.573263 -0.815208 0.267822 0.453369 1 0 1.0
0 -8.278451 0.000000 -1.466819 -0.082497 -0.573263 -0.815208 0.267822 0.453369 1 0 1.0
0 -7.074993 -0.594954 -1.170229 -0.082497 -0.573263 -0.815208 0.267822 0.453369 1 0 1.0
Default
0 -7.768702 0.000000 3.219400 -0.192697 -0.981076 0.018899 0.263184 0.392822 1 0 1.0
0 -5.688076 -0.412690 3.010359 -0.192697 -0.981076 0.018899 0.263184 0.392822 1 0 1.0
0 -7.549449 0.000000 5.454985 -0.192697 -0.981076 0.018899 0.263184 0.392822 1 0 1.0
Default
0 -7.074993 -0.594954 -1.170229 -0.458014 -0.643771 -0.613010 0.267822 0.453369 1 0 1.0
0 -7.114163 0.000000 -1.765772 -0.458014 -0.643771 -0.613010 0.267822 0.453369 1 0 1.0
0 -5.773402 -0.695367 -2.037267 -0.458014 -0.643771 -0.613010 0.267822 0.453369 1 0 1.0
Default
0 -3.926309 -0.805818 -2.983998 -0.406098 -0.552568 -0.727841 0.267822 0.453369 1 0 1.0
0 -5.773402 -0.695367 -2.037267 -0.406098 -0.552568 -0.727841 0.267822 0.453369 1 0 1.0
0 -4.452500 0.000000 -3.302178 -0.406098 -0.552568 -0.727841 0.267822 0.453369 1 0 1.0
Default
0 -8.596646 -0.335298 2.080815 -0.174465 -0.251737 0.951940 0.266357 0.639160 1 0 1.0
0 -6.224230 -0.365666 2.507584 -0.174465 -0.251737 0.951940 0.266357 0.639160 1 0 1.0
0 -8.419558 0.000000 2.201939 -0.174465 -0.251737 0.951940 0.266357 0.639160 1 0 1.0
Default
0 -3.085382 -0.737148 -3.429289 -0.397575 -0.420326 -0.815635 0.267822 0.453369 1 0 1.0
0 -3.926309 -0.805818 -2.983998 -0.397575 -0.420326 -0.815635 0.267822 0.453369 1 0 1.0
0 -3.100233 0.000000 -3.801929 -0.397575 -0.420326 -0.815635 0.267822 0.453369 1 0 1.0
Default
0 -10.288898 -0.333284 2.163320 0.045951 -0.308724 0.950041 0.266357 0.639160 1 0 1.0
0 -8.596646 -0.335298 2.080815 0.045951 -0.308724 0.950041 0.266357 0.639160 1 0 1.0
0 -10.306852 0.000000 2.272492 0.045951 -0.308724 0.950041 0.266357 0.639160 1 0 1.0
Default
0 14.319797 -1.009209 1.862528 0.521854 -0.309247 0.795007 0.266357 0.639160 1 0 1.0
0 15.728001 -0.504512 1.134484 0.521854 -0.309247 0.795007 0.266357 0.639160 1 0 1.0
0 14.428392 0.000000 2.183814 0.521854 -0.309247 0.795007 0.266357 0.639160 1 0 1.0
Default
0 -3.085382 -0.737148 -3.429289 -0.183424 -0.446434 -0.875815 0.267822 0.453369 1 0 1.0
0 -3.100233 0.000000 -3.801929 -0.183424 -0.446434 -0.875815 0.267822 0.453369 1 0 1.0
0 -1.792090 -0.688074 -3.725161 -0.183424 -0.446434 -0.875815 0.267822 0.453369 1 0 1.0
Default
0 -10.288898 -0.333284 2.163320 0.412487 -0.263428 0.872044 0.266357 0.639160 1 0 1.0
0 -10.306852 0.000000 2.272492 0.412487 -0.263428 0.872044 0.266357 0.639160 1 0 1.0
0 -11.205114 -0.448099 2.562017 0.412487 -0.263428 0.872044 0.266357 0.639160 1 0 1.0
Default
0 14.319797 -1.009209 1.862528 0.414302 -0.316271 0.853420 0.266357 0.639160 1 0 1.0
0 14.428392 0.000000 2.183814 0.414302 -0.316271 0.853420 0.266357 0.639160 1 0 1.0
0 11.548198 -0.924741 3.239334 0.414302 -0.316271 0.853420 0.266357 0.639160 1 0 1.0
Default
0 15.236729 -1.307716 0.402448 0.628308 -0.247072 -0.737689 0.268066 0.455078 1 0 1.0
0 15.192898 -1.020643 0.268967 0.628308 -0.247072 -0.737689 0.268066 0.455078 1 0 1.0
0 15.970136 -0.581081 0.783739 0.628308 -0.247072 -0.737689 0.268066 0.455078 1 0 1.0
Default
0 13.967257 -1.535494 -0.667989 0.478551 -0.640412 -0.600718 0.268066 0.455078 1 0 1.0
0 12.568399 -1.586824 -1.727642 0.478551 -0.640412 -0.600718 0.268066 0.455078 1 0 1.0
0 13.915333 -1.357625 -0.898977 0.478551 -0.640412 -0.600718 0.268066 0.455078 1 0 1.0
Default
0 15.820660 -0.588419 1.084030 0.209679 -0.323315 0.922769 0.268066 0.455078 1 0 1.0
0 16.006449 0.000000 1.247983 0.209679 -0.323315 0.922769 0.268066 0.455078 1 0 1.0
0 15.728001 -0.504512 1.134484 0.209679 -0.323315 0.922769 0.268066 0.455078 1 0 1.0
Default
0 13.967257 -1.535494 -0.667989 0.406515 -0.677443 -0.613038 0.268066 0.455078 1 0 1.0
0 13.915333 -1.357625 -0.898977 0.406515 -0.677443 -0.613038 0.268066 0.455078 1 0 1.0
0 15.956976 -0.699189 -0.272744 0.406515 -0.677443 -0.613038 0.268066 0.455078 1 0 1.0
Default
0 15.236729 -1.307716 0.402448 0.988365 0.096089 -0.117901 0.268066 0.455078 1 0 1.0
0 15.204781 -1.309781 0.132942 0.988365 0.096089 -0.117901 0.268066 0.455078 1 0 1.0
0 15.192898 -1.020643 0.268967 0.988365 0.096089 -0.117901 0.268066 0.455078 1 0 1.0
Default
0 16.593395 -0.420131 -0.053842 0.485871 -0.724150 -0.489423 0.268066 0.455078 1 0 1.0
0 15.956976 -0.699189 -0.272744 0.485871 -0.724150 -0.489423 0.268066 0.455078 1 0 1.0
0 16.554006 -0.375104 -0.159567 0.485871 -0.724150 -0.489423 0.268066 0.455078 1 0 1.0
Default
0 16.593395 -0.420131 -0.053842 0.932352 -0.030342 -0.360277 0.268066 0.455078 1 0 1.0
0 16.554006 -0.375104 -0.159567 0.932352 -0.030342 -0.360277 0.268066 0.455078 1 0 1.0
0 16.609260 -0.000000 -0.048171 0.932352 -0.030342 -0.360277 0.268066 0.455078 1 0 1.0
Default
0 -16.256682 0.000000 -3.587539 -0.071329 -0.991748 -0.106523 0.266357 0.639160 1 0 1.0
0 -14.945735 0.000000 -4.465369 -0.071329 -0.991748 -0.106523 0.266357 0.639160 1 0 1.0
0 -11.753189 -0.544111 -1.537373 -0.071329 -0.991748 -0.106523 0.266357 0.639160 1 0 1.0
Default
0 -2.112862 0.000000 6.089832 0.054001 -0.899543 0.433481 0.263184 0.392822 1 0 1.0
0 -1.140894 -0.412691 5.112350 0.054001 -0.899543 0.433481 0.263184 0.392822 1 0 1.0
0 -0.488656 0.000000 5.887498 0.054001 -0.899543 0.433481 0.263184 0.392822 1 0 1.0
Default
0 -4.818540 0.000000 7.412718 0.108651 -0.968923 0.222221 0.263184 0.392822 1 0 1.0
0 -2.948756 -0.412690 4.699124 0.108651 -0.968923 0.222221 0.263184 0.392822 1 0 1.0
0 -2.112862 0.000000 6.089832 0.108651 -0.968923 0.222221 0.263184 0.392822 1 0 1.0
Default
0 15.970136 -0.581081 0.783739 0.861517 -0.282417 0.421936 0.268066 0.455078 1 0 1.0
0 16.111677 0.000000 0.883681 0.861517 -0.282417 0.421936 0.268066 0.455078 1 0 1.0
0 15.820660 -0.588419 1.084030 0.861517 -0.282417 0.421936 0.268066 0.455078 1 0 1.0
Default
0 12.890331 -1.800039 -0.407703 0.306051 -0.882007 -0.358323 0.268066 0.455078 1 0 1.0
0 14.103971 -1.629625 0.209425 0.306051 -0.882007 -0.358323 0.268066 0.455078 1 0 1.0
0 12.616353 -2.173867 0.278459 0.306051 -0.882007 -0.358323 0.268066 0.455078 1 0 1.0
Default
0 14.103971 -1.629625 0.209425 0.506239 -0.861788 0.032291 0.268066 0.455078 1 0 1.0
0 15.820660 -0.588419 1.084030 0.506239 -0.861788 0.032291 0.268066 0.455078 1 0 1.0
0 14.013307 -1.654919 0.955768 0.506239 -0.861788 0.032291 0.268066 0.455078 1 0 1.0
Default
0 16.519830 -0.457324 0.350605 0.049261 -0.317770 0.946887 0.268066 0.455078 1 0 1.0
0 16.276953 -0.375104 0.390833 0.049261 -0.317770 0.946887 0.268066 0.455078 1 0 1.0
0 15.204781 -1.309781 0.132942 0.049261 -0.317770 0.946887 0.268066 0.455078 1 0 1.0
Default
0 6.831076 -2.365772 -0.670962 -0.142224 0.964787 0.221267 0.266357 0.639160 1 0 1.0
0 6.430612 -2.057067 -2.274416 -0.142224 0.964787 0.221267 0.266357 0.639160 1 0 1.0
0 4.473740 -2.882432 0.066592 -0.142224 0.964787 0.221267 0.266357 0.639160 1 0 1.0
Default
0 6.831076 -2.365772 -0.670962 0.200795 -0.951441 -0.233325 0.266357 0.639160 1 0 1.0
0 4.473740 -3.044145 0.066592 0.200795 -0.951441 -0.233325 0.266357 0.639160 1 0 1.0
0 6.430612 -2.057067 -2.274416 0.200795 -0.951441 -0.233325 0.266357 0.639160 1 0 1.0
Default
0 4.581984 -1.820359 -4.538917 -0.271141 0.833562 -0.481307 0.263184 0.392822 1 0 1.0
0 6.054887 -0.932061 -3.830249 -0.271141 0.833562 -0.481307 0.263184 0.392822 1 0 1.0
0 6.351056 -1.952921 -5.765090 -0.271141 0.833562 -0.481307 0.263184 0.392822 1 0 1.0
Default
0 4.581984 -1.982072 -4.538917 0.308170 -0.790005 0.530022 0.263184 0.392822 1 0 1.0
0 6.351056 -2.114633 -5.765090 0.308170 -0.790005 0.530022 0.263184 0.392822 1 0 1.0
0 6.054887 -0.932061 -3.830249 0.308170 -0.790005 0.530022 0.263184 0.392822 1 0 1.0
Default
0 4.623636 -2.057622 -7.412718 -0.045002 0.998854 -0.016292 0.263184 0.392822 1 0 1.0
0 3.889814 -2.057622 -5.385724 -0.045002 0.998854 -0.016292 0.263184 0.392822 1 0 1.0
0 6.351056 -1.952921 -5.765090 -0.045002 0.998854 -0.016292 0.263184 0.392822 1 0 1.0
Default
0 4.581984 -1.982072 -4.538917 0.074183 -0.974370 0.212367 0.263184 0.392822 1 0 1.0
0 3.889814 -2.219334 -5.385724 0.074183 -0.974370 0.212367 0.263184 0.392822 1 0 1.0
0 6.351056 -2.114633 -5.765090 0.074183 -0.974370 0.212367 0.263184 0.392822 1 0 1.0
Default
0 -6.741693 -0.903562 -2.316329 -0.285384 0.877775 -0.384795 0.263184 0.392822 1 0 1.0
0 -5.761220 -0.417585 -1.934912 -0.285384 0.877775 -0.384795 0.263184 0.392822 1 0 1.0
0 -3.006200 -1.036123 -5.389159 -0.285384 0.877775 -0.384795 0.263184 0.392822 1 0 1.0
Default
0 11.548198 0.924741 3.239334 0.498037 0.385802 0.776605 0.266357 0.639160 1 0 1.0
0 9.922456 1.005956 4.241578 0.498037 0.385802 0.776605 0.266357 0.639160 1 0 1.0
0 11.613395 0.000000 3.656914 0.498037 0.385802 0.776605 0.266357 0.639160 1 0 1.0
Default
0 9.922456 1.005956 4.241578 0.388200 0.231949 0.891908 0.266357 0.639160 1 0 1.0
0 7.274381 0.748495 5.461097 0.388200 0.231949 0.891908 0.266357 0.639160 1 0 1.0
0 9.818524 0.000000 4.548423 0.388200 0.231949 0.891908 0.266357 0.639160 1 0 1.0
Default
0 2.676298 -0.000000 -4.713239 0.108269 0.460722 -0.880916 0.267822 0.453369 1 0 1.0
0 2.552191 0.945851 -4.233810 0.108269 0.460722 -0.880916 0.267822 0.453369 1 0 1.0
0 5.307340 -0.000000 -4.389871 0.108269 0.460722 -0.880916 0.267822 0.453369 1 0 1.0
Default
0 -16.256682 0.000000 -3.587539 -0.117112 0.993099 -0.006313 0.266357 0.639160 1 0 1.0
0 -16.358102 0.000000 -1.706043 -0.117112 0.993099 -0.006313 0.266357 0.639160 1 0 1.0
0 -11.753189 0.544111 -1.537373 -0.117112 0.993099 -0.006313 0.266357 0.639160 1 0 1.0
Default
0 -0.488656 0.000000 5.887498 -0.238737 0.867419 0.436566 0.263184 0.392822 1 0 1.0
0 2.267552 0.000000 7.394736 -0.238737 0.867419 0.436566 0.263184 0.392822 1 0 1.0
0 0.314147 0.412691 5.506531 -0.238737 0.867419 0.436566 0.263184 0.392822 1 0 1.0
Default
0 7.566411 1.486365 -3.747170 0.195568 0.266736 -0.943719 0.267822 0.453369 1 0 1.0
0 9.382688 0.881643 -3.541701 0.195568 0.266736 -0.943719 0.267822 0.453369 1 0 1.0
0 7.556218 -0.000000 -4.169393 0.195568 0.266736 -0.943719 0.267822 0.453369 1 0 1.0
Default
0 -16.358102 0.000000 -1.706043 -0.147399 0.988184 0.042018 0.266357 0.639160 1 0 1.0
0 -15.750482 0.000000 0.425493 -0.147399 0.988184 0.042018 0.266357 0.639160 1 0 1.0
0 -12.405805 0.544111 -0.637821 -0.147399 0.988184 0.042018 0.266357 0.639160 1 0 1.0
Default
0 -12.599826 0.544111 0.297006 -0.171480 0.984545 -0.035590 0.266357 0.639160 1 0 1.0
0 -15.750482 0.000000 0.425493 -0.147399 0.988184 0.042018 0.266357 0.639160 1 0 1.0
0 -12.599826 0.544111 1.178920 -0.161384 0.986185 -0.037335 0.266357 0.639160 1 0 1.0
Default
0 -15.750482 0.000000 0.425493 -0.171480 0.984545 -0.035590 0.266357 0.639160 1 0 1.0
0 -16.609260 0.000000 4.137616 -0.161384 0.986185 -0.037335 0.266357 0.639160 1 0 1.0
0 -12.599826 0.544111 1.178920 -0.161384 0.986185 -0.037335 0.266357 0.639160 1 0 1.0
Default
0 -15.750482 0.000000 0.425493 -0.171480 0.984545 -0.035590 0.266357 0.639160 1 0 1.0
0 -12.599826 0.544111 0.297006 -0.171480 0.984545 -0.035590 0.266357 0.639160 1 0 1.0
0 -12.405805 0.544111 -0.637821 -0.171480 0.984545 -0.035590 0.266357 0.639160 1 0 1.0
Default
0 -10.977106 0.000000 -1.978329 0.374163 0.507700 -0.776042 0.267822 0.453369 1 0 1.0
0 -11.040630 0.368624 -1.767796 0.374163 0.507700 -0.776042 0.267822 0.453369 1 0 1.0
0 -9.989363 0.000000 -1.502096 0.374163 0.507700 -0.776042 0.267822 0.453369 1 0 1.0
Default
0 -10.028869 0.531840 -0.969060 -0.061186 0.704303 -0.707258 0.267822 0.453369 1 0 1.0
0 -8.426766 0.633837 -1.006090 -0.061186 0.704303 -0.707258 0.267822 0.453369 1 0 1.0
0 -9.989363 0.000000 -1.502096 -0.061186 0.704303 -0.707258 0.267822 0.453369 1 0 1.0
Default
0 -8.426766 0.633837 -1.006090 -0.082497 0.573263 -0.815208 0.267822 0.453369 1 0 1.0
0 -7.074993 0.594954 -1.170229 -0.082497 0.573263 -0.815208 0.267822 0.453369 1 0 1.0
0 -8.278451 0.000000 -1.466819 -0.082497 0.573263 -0.815208 0.267822 0.453369 1 0 1.0
Default
0 -7.768702 0.000000 3.219400 -0.192697 0.981076 0.018899 0.263184 0.392822 1 0 1.0
0 -7.549449 0.000000 5.454985 -0.192697 0.981076 0.018899 0.263184 0.392822 1 0 1.0
0 -5.688076 0.412690 3.010359 -0.192697 0.981076 0.018899 0.263184 0.392822 1 0 1.0
Default
0 16.321925 -0.000000 -0.568272 0.858484 0.159254 -0.487486 0.267822 0.453369 1 0 1.0
0 16.352652 0.276900 -0.423704 0.858484 0.159254 -0.487486 0.267822 0.453369 1 0 1.0
0 16.554006 -0.000000 -0.159567 0.858484 0.159254 -0.487486 0.267822 0.453369 1 0 1.0
Default
0 -7.074993 0.594954 -1.170229 -0.458014 0.643772 -0.613010 0.267822 0.453369 1 0 1.0
0 -5.773402 0.695367 -2.037267 -0.458014 0.643772 -0.613010 0.267822 0.453369 1 0 1.0
0 -7.114163 0.000000 -1.765772 -0.458014 0.643772 -0.613010 0.267822 0.453369 1 0 1.0
Default
0 -5.889283 0.000000 -2.214894 -0.577309 0.291081 -0.762880 0.267822 0.453369 1 0 1.0
0 -5.773402 0.695367 -2.037267 -0.577309 0.291081 -0.762880 0.267822 0.453369 1 0 1.0
0 -4.452500 0.000000 -3.302178 -0.577309 0.291081 -0.762880 0.267822 0.453369 1 0 1.0
Default
0 -6.043292 0.000000 2.679642 -0.185213 0.341861 0.921318 0.266357 0.639160 1 0 1.0
0 -6.224230 0.365666 2.507584 -0.185213 0.341861 0.921318 0.266357 0.639160 1 0 1.0
0 -8.419558 0.000000 2.201939 -0.185213 0.341861 0.921318 0.266357 0.639160 1 0 1.0
Default
0 -4.452500 0.000000 -3.302178 -0.297678 0.512429 -0.805484 0.267822 0.453369 1 0 1.0
0 -3.926309 0.805818 -2.983998 -0.297678 0.512429 -0.805484 0.267822 0.453369 1 0 1.0
0 -3.100233 0.000000 -3.801929 -0.297678 0.512429 -0.805484 0.267822 0.453369 1 0 1.0
Default
0 -8.419558 0.000000 2.201939 0.034912 0.355806 0.933908 0.266357 0.639160 1 0 1.0
0 -8.596646 0.335298 2.080815 0.034912 0.355806 0.933908 0.266357 0.639160 1 0 1.0
0 -10.306852 0.000000 2.272492 0.034912 0.355806 0.933908 0.266357 0.639160 1 0 1.0
Default
0 15.883548 0.000000 1.301901 0.473780 0.405486 0.781738 0.266357 0.639160 1 0 1.0
0 15.728001 0.504512 1.134484 0.473780 0.405486 0.781738 0.266357 0.639160 1 0 1.0
0 14.428392 0.000000 2.183814 0.473780 0.405486 0.781738 0.266357 0.639160 1 0 1.0
Default
0 -3.085382 0.737148 -3.429289 -0.183424 0.446434 -0.875815 0.267822 0.453369 1 0 1.0
0 -1.792090 0.688074 -3.725161 -0.183424 0.446434 -0.875815 0.267822 0.453369 1 0 1.0
0 -3.100233 0.000000 -3.801929 -0.183424 0.446434 -0.875815 0.267822 0.453369 1 0 1.0
Default
0 -10.288898 0.333284 2.163320 0.412487 0.263428 0.872044 0.266357 0.639160 1 0 1.0
0 -11.205114 0.448099 2.562017 0.412487 0.263428 0.872044 0.266357 0.639160 1 0 1.0
0 -10.306852 0.000000 2.272492 0.412487 0.263428 0.872044 0.266357 0.639160 1 0 1.0
Default
0 14.319797 1.009209 1.862528 0.414302 0.316272 0.853420 0.266357 0.639160 1 0 1.0
0 11.548198 0.924741 3.239334 0.414302 0.316272 0.853420 0.266357 0.639160 1 0 1.0
0 14.428392 0.000000 2.183814 0.414302 0.316272 0.853420 0.266357 0.639160 1 0 1.0
Default
0 15.236729 1.307716 0.402448 0.628308 0.247073 -0.737688 0.268066 0.455078 1 0 1.0
0 15.970136 0.581081 0.783739 0.628308 0.247073 -0.737688 0.268066 0.455078 1 0 1.0
0 15.192898 1.020643 0.268967 0.628308 0.247073 -0.737688 0.268066 0.455078 1 0 1.0
Default
0 12.580863 1.434940 -1.910505 0.457129 0.699246 -0.549626 0.268066 0.455078 1 0 1.0
0 12.568399 1.586824 -1.727642 0.457129 0.699246 -0.549626 0.268066 0.455078 1 0 1.0
0 13.915333 1.357625 -0.898977 0.457129 0.699246 -0.549626 0.268066 0.455078 1 0 1.0
Default
0 15.883548 0.000000 1.301901 0.369378 0.393279 0.841957 0.268066 0.455078 1 0 1.0
0 16.006449 0.000000 1.247983 0.369378 0.393279 0.841957 0.268066 0.455078 1 0 1.0
0 15.728001 0.504512 1.134484 0.369378 0.393279 0.841957 0.268066 0.455078 1 0 1.0
Default
0 13.967257 1.535494 -0.667989 0.406515 0.677443 -0.613038 0.268066 0.455078 1 0 1.0
0 15.956976 0.699189 -0.272744 0.406515 0.677443 -0.613038 0.268066 0.455078 1 0 1.0
0 13.915333 1.357625 -0.898977 0.406515 0.677443 -0.613038 0.268066 0.455078 1 0 1.0
Default
0 16.593395 0.420131 -0.053842 0.932352 0.030340 -0.360277 0.268066 0.455078 1 0 1.0
0 16.609260 -0.000000 -0.048171 0.932352 0.030340 -0.360277 0.268066 0.455078 1 0 1.0
0 16.554006 0.375104 -0.159567 0.932352 0.030340 -0.360277 0.268066 0.455078 1 0 1.0
Default
0 -11.040630 0.368624 -1.767796 0.129388 0.939978 -0.315755 0.266357 0.639160 1 0 1.0
0 -14.945735 0.000000 -4.465369 0.129388 0.939978 -0.315755 0.266357 0.639160 1 0 1.0
0 -11.753189 0.544111 -1.537373 0.129388 0.939978 -0.315755 0.266357 0.639160 1 0 1.0
Default
0 -2.112862 0.000000 6.089832 0.054001 0.899543 0.433481 0.263184 0.392822 1 0 1.0
0 -0.488656 0.000000 5.887498 0.054001 0.899543 0.433481 0.263184 0.392822 1 0 1.0
0 -1.140894 0.412691 5.112350 0.054001 0.899543 0.433481 0.263184 0.392822 1 0 1.0
Default
0 -4.818540 0.000000 7.412718 0.108651 0.968923 0.222221 0.263184 0.392822 1 0 1.0
0 -2.112862 0.000000 6.089832 0.108651 0.968923 0.222221 0.263184 0.392822 1 0 1.0
0 -2.948756 0.412690 4.699124 0.108651 0.968923 0.222221 0.263184 0.392822 1 0 1.0
Default
0 15.970136 0.581081 0.783739 0.861516 0.282418 0.421936 0.268066 0.455078 1 0 1.0
0 15.820660 0.588419 1.084030 0.861516 0.282418 0.421936 0.268066 0.455078 1 0 1.0
0 16.111677 0.000000 0.883681 0.861516 0.282418 0.421936 0.268066 0.455078 1 0 1.0
Default
0 14.013307 1.654919 0.955768 0.343967 0.938929 0.009964 0.268066 0.455078 1 0 1.0
0 14.103971 1.629625 0.209425 0.343967 0.938929 0.009964 0.268066 0.455078 1 0 1.0
0 12.616353 2.173867 0.278459 0.343967 0.938929 0.009964 0.268066 0.455078 1 0 1.0
Default
0 15.728001 0.504512 1.134484 0.156964 0.375837 0.913296 0.268066 0.455078 1 0 1.0
0 15.820660 0.588419 1.084030 0.156964 0.375837 0.913296 0.268066 0.455078 1 0 1.0
0 14.013307 1.654919 0.955768 0.156964 0.375837 0.913296 0.268066 0.455078 1 0 1.0
Default
0 16.519830 0.457324 0.350605 0.049261 0.317771 0.946887 0.268066 0.455078 1 0 1.0
0 15.204781 1.309781 0.132942 0.049261 0.317771 0.946887 0.268066 0.455078 1 0 1.0
0 16.276953 0.375104 0.390833 0.049261 0.317771 0.946887 0.268066 0.455078 1 0 1.0
Default
0 6.831076 2.365772 -0.670962 -0.142224 -0.964787 0.221267 0.266357 0.639160 1 0 1.0
0 4.473740 2.882432 0.066592 -0.142224 -0.964787 0.221267 0.266357 0.639160 1 0 1.0
0 6.430612 2.057067 -2.274416 -0.142224 -0.964787 0.221267 0.266357 0.639160 1 0 1.0
Default
0 4.343492 3.044145 -2.841675 0.431745 0.901788 -0.019336 0.266357 0.639160 1 0 1.0
0 4.473740 3.044145 0.066592 0.431745 0.901788 -0.019336 0.266357 0.639160 1 0 1.0
0 6.430612 2.057067 -2.274416 0.431745 0.901788 -0.019336 0.266357 0.639160 1 0 1.0
Default
0 7.048320 0.735013 -3.812105 -0.162265 -0.862253 -0.479780 0.263184 0.392822 1 0 1.0
0 6.054887 0.932061 -3.830249 -0.162265 -0.862253 -0.479780 0.263184 0.392822 1 0 1.0
0 6.351056 1.952921 -5.765090 -0.162265 -0.862253 -0.479780 0.263184 0.392822 1 0 1.0
Default
0 4.581984 1.982072 -4.538917 0.308170 0.790005 0.530022 0.263184 0.392822 1 0 1.0
0 6.054887 0.932061 -3.830249 0.308170 0.790005 0.530022 0.263184 0.392822 1 0 1.0
0 6.351056 2.114633 -5.765090 0.308170 0.790005 0.530022 0.263184 0.392822 1 0 1.0
Default
0 4.623636 2.057622 -7.412718 -0.045002 -0.998854 -0.016292 0.263184 0.392822 1 0 1.0
0 6.351056 1.952921 -5.765090 -0.045002 -0.998854 -0.016292 0.263184 0.392822 1 0 1.0
0 3.889814 2.057622 -5.385724 -0.045002 -0.998854 -0.016292 0.263184 0.392822 1 0 1.0
Default
0 4.623636 2.219334 -7.412718 0.045002 0.998854 0.016292 0.263184 0.392822 1 0 1.0
0 3.889814 2.219334 -5.385724 0.045002 0.998854 0.016292 0.263184 0.392822 1 0 1.0
0 6.351056 2.114633 -5.765090 0.045002 0.998854 0.016292 0.263184 0.392822 1 0 1.0
Default
0 -2.267423 0.583523 -3.549978 -0.054458 -0.974445 -0.217924 0.263184 0.392822 1 0 1.0
0 -5.761220 0.417585 -1.934912 -0.054458 -0.974445 -0.217924 0.263184 0.392822 1 0 1.0
0 -3.006200 1.036123 -5.389159 -0.054458 -0.974445 -0.217924 0.263184 0.392822 1 0 1.0
Default
0 0.539327 -0.859444 -4.159849 -0.032001 -0.483635 -0.874685 0.267822 0.453369 1 0 1.0
0 0.265736 -0.000000 -4.625048 -0.032001 -0.483635 -0.874685 0.267822 0.453369 1 0 1.0
0 2.676298 -0.000000 -4.713239 -0.032001 -0.483635 -0.874685 0.267822 0.453369 1 0 1.0
Default
0 2.552191 -0.945851 -4.233810 -0.051979 -0.446068 -0.893488 0.267822 0.453369 1 0 1.0
0 0.539327 -0.859444 -4.159849 -0.032001 -0.483635 -0.874685 0.267822 0.453369 1 0 1.0
0 2.676298 -0.000000 -4.713239 -0.032001 -0.483635 -0.874685 0.267822 0.453369 1 0 1.0
Default
0 9.818524 0.000000 4.548423 0.337665 0.000000 0.941266 0.266357 0.639160 1 0 1.0
0 7.274381 0.000000 5.461097 0.337665 0.000000 0.941266 0.266357 0.639160 1 0 1.0
0 7.274381 -0.748495 5.461097 0.337665 0.000000 0.941266 0.266357 0.639160 1 0 1.0
Default
0 7.274381 0.748495 5.461097 0.337665 0.000000 0.941266 0.266357 0.639160 1 0 1.0
0 7.274381 0.000000 5.461097 0.337665 0.000000 0.941266 0.266357 0.639160 1 0 1.0
0 9.818524 0.000000 4.548423 0.337665 0.000000 0.941266 0.266357 0.639160 1 0 1.0
Default
0 7.274381 -0.748495 5.461097 0.179941 0.000000 0.983677 0.266357 0.639160 1 0 1.0
0 7.274381 0.000000 5.461097 0.179941 0.000000 0.983677 0.266357 0.639160 1 0 1.0
0 5.538776 0.000000 5.778586 0.179941 0.000000 0.983677 0.266357 0.639160 1 0 1.0
Default
0 7.274381 0.000000 5.461097 0.179941 0.000000 0.983677 0.266357 0.639160 1 0 1.0
0 7.274381 0.748495 5.461097 0.179941 0.000000 0.983677 0.266357 0.639160 1 0 1.0
0 5.538776 0.000000 5.778586 0.179941 0.000000 0.983677 0.266357 0.639160 1 0 1.0
Default
0 0.314147 -0.412691 5.506531 -0.022034 -0.971704 0.235173 0.263184 0.392822 1 0 1.0
0 2.766041 -0.412691 5.736254 -0.022034 -0.971704 0.235173 0.263184 0.392822 1 0 1.0
0 2.267552 0.000000 7.394736 -0.022034 -0.971704 0.235173 0.263184 0.392822 1 0 1.0
Default
0 2.267552 0.000000 7.394736 -0.022034 -0.971704 0.235173 0.263184 0.392822 1 0 1.0
0 2.766041 -0.412691 5.736254 -0.022034 -0.971704 0.235173 0.263184 0.392822 1 0 1.0
0 4.489090 0.000000 7.345202 -0.003852 -0.967636 0.252321 0.263184 0.392822 1 0 1.0
Default
0 2.766041 -0.412691 5.736254 -0.022034 -0.971704 0.235173 0.263184 0.392822 1 0 1.0
0 4.803571 -0.412691 5.767361 -0.003852 -0.967636 0.252321 0.263184 0.392822 1 0 1.0
0 4.489090 0.000000 7.345202 -0.003852 -0.967636 0.252321 0.263184 0.392822 1 0 1.0
Default
0 -12.405805 -0.544111 -0.637821 -0.171480 -0.984545 -0.035590 0.266357 0.639160 1 0 1.0
0 -12.599826 -0.544111 0.297006 -0.171480 -0.984545 -0.035590 0.266357 0.639160 1 0 1.0
0 -15.750482 0.000000 0.425493 -0.171480 -0.984545 -0.035590 0.266357 0.639160 1 0 1.0
Default
0 -15.750482 0.000000 0.425493 -0.171480 -0.984545 -0.035590 0.266357 0.639160 1 0 1.0
0 -12.599826 -0.544111 0.297006 -0.171480 -0.984545 -0.035590 0.266357 0.639160 1 0 1.0
0 -12.599826 -0.544111 1.178920 -0.170179 -0.985413 0.000000 0.266357 0.639160 1 0 1.0
Default
0 -16.609260 0.000000 4.137616 -0.161384 -0.986185 -0.037335 0.266357 0.639160 1 0 1.0
0 -15.750482 0.000000 0.425493 -0.171480 -0.984545 -0.035590 0.266357 0.639160 1 0 1.0
0 -12.599826 -0.544111 1.178920 -0.170179 -0.985413 0.000000 0.266357 0.639160 1 0 1.0
Default
0 13.994185 -0.000000 -2.229184 0.523527 -0.310559 -0.793393 0.267822 0.453369 1 0 1.0
0 15.613477 -0.000000 -1.160681 0.523527 -0.310559 -0.793393 0.267822 0.453369 1 0 1.0
0 15.359403 -0.668290 -1.066746 0.523527 -0.310559 -0.793393 0.267822 0.453369 1 0 1.0
Default
0 13.788260 -0.749685 -2.083122 0.529051 -0.299978 -0.793800 0.267822 0.453369 1 0 1.0
0 13.994185 -0.000000 -2.229184 0.523527 -0.310559 -0.793393 0.267822 0.453369 1 0 1.0
0 15.359403 -0.668290 -1.066746 0.523527 -0.310559 -0.793393 0.267822 0.453369 1 0 1.0
Default
0 15.359403 -0.668290 -1.066746 0.605147 -0.331788 -0.723681 0.267822 0.453369 1 0 1.0
0 15.613477 -0.000000 -1.160681 0.605147 -0.331788 -0.723681 0.267822 0.453369 1 0 1.0
0 16.321925 -0.000000 -0.568272 0.605147 -0.331788 -0.723681 0.267822 0.453369 1 0 1.0
Default
0 16.321925 -0.000000 -0.568272 0.605147 -0.331788 -0.723681 0.267822 0.453369 1 0 1.0
0 16.352652 -0.276900 -0.423704 0.600278 -0.316801 -0.734373 0.267822 0.453369 1 0 1.0
0 15.359403 -0.668290 -1.066746 0.605147 -0.331788 -0.723681 0.267822 0.453369 1 0 1.0
Default
0 -3.100233 0.000000 -3.801929 -0.205448 -0.485404 -0.849808 0.267822 0.453369 1 0 1.0
0 -1.762664 0.000000 -4.125297 -0.205448 -0.485404 -0.849808 0.267822 0.453369 1 0 1.0
0 -1.792090 -0.688074 -3.725161 -0.205448 -0.485404 -0.849808 0.267822 0.453369 1 0 1.0
Default
0 -1.792090 -0.688074 -3.725161 -0.205448 -0.485404 -0.849808 0.267822 0.453369 1 0 1.0
0 -1.762664 0.000000 -4.125297 -0.205448 -0.485404 -0.849808 0.267822 0.453369 1 0 1.0
0 0.265736 -0.000000 -4.625048 -0.209220 -0.484881 -0.849186 0.267822 0.453369 1 0 1.0
Default
0 0.539327 -0.859444 -4.159849 -0.193590 -0.513963 -0.835682 0.267822 0.453369 1 0 1.0
0 -1.792090 -0.688074 -3.725161 -0.205448 -0.485404 -0.849808 0.267822 0.453369 1 0 1.0
0 0.265736 -0.000000 -4.625048 -0.209220 -0.484881 -0.849186 0.267822 0.453369 1 0 1.0
Default
0 -8.596646 -0.335298 2.080815 0.036265 -0.649283 0.759682 0.266357 0.639160 1 0 1.0
0 -10.288898 -0.333284 2.163320 0.036265 -0.649283 0.759682 0.266357 0.639160 1 0 1.0
0 -9.290791 -1.243438 1.337786 0.036265 -0.649283 0.759682 0.266357 0.639160 1 0 1.0
Default
0 -10.288898 -0.333284 2.163320 0.036265 -0.649283 0.759682 0.266357 0.639160 1 0 1.0
0 -11.512802 -1.027548 1.654243 0.046471 -0.642671 0.764732 0.266357 0.639160 1 0 1.0
0 -9.290791 -1.243438 1.337786 0.036265 -0.649283 0.759682 0.266357 0.639160 1 0 1.0
Default
0 16.554006 -0.000000 -0.159567 -0.000000 1.000000 0.000000 0.266357 0.639160 1 0 1.0
0 16.276953 -0.000000 0.390833 -0.000000 1.000000 0.000000 0.266357 0.639160 1 0 1.0
0 16.525626 -0.000000 0.347160 -0.000000 1.000000 0.000000 0.266357 0.639160 1 0 1.0
Default
0 16.609260 -0.000000 -0.048171 -0.000000 1.000000 0.000000 0.266357 0.639160 1 0 1.0
0 16.554006 -0.000000 -0.159567 -0.000000 1.000000 0.000000 0.266357 0.639160 1 0 1.0
0 16.525626 -0.000000 0.347160 -0.000000 1.000000 0.000000 0.266357 0.639160 1 0 1.0
Default
0 -2.050490 -1.993375 0.326842 -0.174368 -0.984365 0.024925 0.267822 0.453369 1 0 1.0
0 0.467115 -2.451816 -0.166026 -0.174368 -0.984365 0.024925 0.267822 0.453369 1 0 1.0
0 0.057201 -2.357520 0.690400 -0.174368 -0.984365 0.024925 0.267822 0.453369 1 0 1.0
Default
0 0.467115 -2.451816 -0.166026 -0.174368 -0.984365 0.024925 0.267822 0.453369 1 0 1.0
0 -2.050490 -1.993375 0.326842 -0.174368 -0.984365 0.024925 0.267822 0.453369 1 0 1.0
0 -1.924637 -1.996322 -1.922800 -0.180814 -0.983478 -0.008827 0.267822 0.453369 1 0 1.0
Default
0 13.915333 -1.357625 -0.898977 0.402539 -0.557969 -0.725695 0.268066 0.455078 1 0 1.0
0 15.961099 -0.544111 -0.389692 0.402539 -0.557969 -0.725695 0.268066 0.455078 1 0 1.0
0 15.956976 -0.699189 -0.272744 0.402539 -0.557969 -0.725695 0.268066 0.455078 1 0 1.0
Default
0 15.956976 -0.699189 -0.272744 0.402539 -0.557969 -0.725695 0.268066 0.455078 1 0 1.0
0 15.961099 -0.544111 -0.389692 0.402539 -0.557969 -0.725695 0.268066 0.455078 1 0 1.0
0 16.554006 -0.375104 -0.159567 0.433780 -0.549831 -0.713808 0.268066 0.455078 1 0 1.0
Default
0 15.204781 -1.309781 0.132942 0.998918 0.045524 -0.009517 0.268066 0.455078 1 0 1.0
0 15.191480 -1.020643 0.120200 0.999955 0.000000 -0.009526 0.268066 0.455078 1 0 1.0
0 15.192898 -1.020643 0.268967 0.998918 0.045524 -0.009517 0.268066 0.455078 1 0 1.0
Default
0 15.192898 -1.020643 0.268967 0.998918 0.045524 -0.009517 0.268066 0.455078 1 0 1.0
0 15.191480 -1.020643 0.120200 0.999955 0.000000 -0.009526 0.268066 0.455078 1 0 1.0
0 15.192898 -0.000000 0.268967 0.999955 0.000000 -0.009526 0.268066 0.455078 1 0 1.0
Default
0 15.191480 -1.020643 0.120200 0.999955 0.000000 -0.009526 0.268066 0.455078 1 0 1.0
0 15.191480 -0.000000 0.120201 0.999955 0.000000 -0.009526 0.268066 0.455078 1 0 1.0
0 15.192898 -0.000000 0.268967 0.999955 0.000000 -0.009526 0.268066 0.455078 1 0 1.0
Default
0 15.191480 -0.000000 0.120201 0.999955 0.000000 -0.009526 0.268066 0.455078 1 0 1.0
0 15.191480 1.020643 0.120200 0.999955 0.000000 -0.009526 0.268066 0.455078 1 0 1.0
0 15.192898 -0.000000 0.268967 0.999955 0.000000 -0.009526 0.268066 0.455078 1 0 1.0
Default
0 15.191480 1.020643 0.120200 0.999955 0.000000 -0.009526 0.268066 0.455078 1 0 1.0
0 15.192898 1.020643 0.268967 0.999955 0.000000 -0.009526 0.268066 0.455078 1 0 1.0
0 15.192898 -0.000000 0.268967 0.999955 0.000000 -0.009526 0.268066 0.455078 1 0 1.0
Default
0 15.191480 1.020643 0.120200 0.999955 0.000000 -0.009526 0.268066 0.455078 1 0 1.0
0 15.204781 1.309781 0.132942 0.998918 -0.045524 -0.009517 0.268066 0.455078 1 0 1.0
0 15.192898 1.020643 0.268967 0.999955 0.000000 -0.009526 0.268066 0.455078 1 0 1.0
Default
0 5.441105 -1.539110 4.801644 -0.011541 -0.654588 0.755898 0.266357 0.639160 1 0 1.0
0 4.803571 -0.412691 5.767361 -0.011541 -0.654588 0.755898 0.266357 0.639160 1 0 1.0
0 2.766041 -0.412691 5.736254 -0.011541 -0.654588 0.755898 0.266357 0.639160 1 0 1.0
Default
0 5.441105 -1.539110 4.801644 -0.011541 -0.654588 0.755898 0.266357 0.639160 1 0 1.0
0 7.274381 -0.748495 5.461097 0.006128 -0.648862 0.760882 0.266357 0.639160 1 0 1.0
0 4.803571 -0.412691 5.767361 -0.011541 -0.654588 0.755898 0.266357 0.639160 1 0 1.0
Default
0 -0.612350 -1.243438 4.316564 -0.176686 -0.737167 0.652202 0.266357 0.639160 1 0 1.0
0 0.314147 -0.412691 5.506531 -0.176686 -0.737167 0.652202 0.266357 0.639160 1 0 1.0
0 -1.140894 -0.412691 5.112350 -0.176686 -0.737167 0.652202 0.266357 0.639160 1 0 1.0
Default
0 -0.612350 -1.243438 4.316564 -0.176686 -0.737167 0.652202 0.266357 0.639160 1 0 1.0
0 -1.140894 -0.412691 5.112350 -0.176686 -0.737167 0.652202 0.266357 0.639160 1 0 1.0
0 -2.948756 -0.412690 4.699124 -0.151722 -0.732376 0.663782 0.266357 0.639160 1 0 1.0
Default
0 2.308548 -1.243438 4.912524 -0.068110 -0.683303 0.726951 0.266357 0.639160 1 0 1.0
0 2.766041 -0.412691 5.736254 -0.068110 -0.683303 0.726951 0.266357 0.639160 1 0 1.0
0 0.314147 -0.412691 5.506531 -0.068110 -0.683303 0.726951 0.266357 0.639160 1 0 1.0
Default
0 5.441105 -1.539110 4.801644 -0.039852 -0.692390 0.720422 0.266357 0.639160 1 0 1.0
0 2.766041 -0.412691 5.736254 -0.068110 -0.683303 0.726951 0.266357 0.639160 1 0 1.0
0 2.308548 -1.243438 4.912524 -0.068110 -0.683303 0.726951 0.266357 0.639160 1 0 1.0
Default
0 -2.769672 -1.349071 3.168178 -0.203534 -0.845644 0.493417 0.266357 0.639160 1 0 1.0
0 -2.948756 -0.412690 4.699124 -0.203534 -0.845644 0.493417 0.266357 0.639160 1 0 1.0
0 -4.642029 -0.412690 4.000649 -0.203534 -0.845644 0.493417 0.266357 0.639160 1 0 1.0
Default
0 -0.612350 -1.243438 4.316564 -0.219646 -0.843477 0.490206 0.266357 0.639160 1 0 1.0
0 -2.948756 -0.412690 4.699124 -0.203534 -0.845644 0.493417 0.266357 0.639160 1 0 1.0
0 -2.769672 -1.349071 3.168178 -0.203534 -0.845644 0.493417 0.266357 0.639160 1 0 1.0
Default
0 16.554006 -0.375104 -0.159567 0.895853 0.000000 -0.444350 0.268066 0.455078 1 0 1.0
0 16.554006 -0.000000 -0.159567 0.895853 0.000000 -0.444350 0.268066 0.455078 1 0 1.0
0 16.609260 -0.000000 -0.048171 0.895853 0.000000 -0.444350 0.268066 0.455078 1 0 1.0
Default
0 16.609260 -0.000000 -0.048171 0.895853 0.000000 -0.444350 0.268066 0.455078 1 0 1.0
0 16.554006 -0.000000 -0.159567 0.895853 0.000000 -0.444350 0.268066 0.455078 1 0 1.0
0 16.554006 0.375104 -0.159567 0.895853 0.000000 -0.444350 0.268066 0.455078 1 0 1.0
Default
0 -6.224230 -0.365666 2.507584 -0.125878 -0.690096 0.712686 0.266357 0.639160 1 0 1.0
0 -7.321948 -1.243438 1.463751 -0.125878 -0.690096 0.712686 0.266357 0.639160 1 0 1.0
0 -4.588888 -1.293326 1.898171 -0.125878 -0.690096 0.712686 0.266357 0.639160 1 0 1.0
Default
0 -8.596646 -0.335298 2.080815 -0.137961 -0.681798 0.718414 0.266357 0.639160 1 0 1.0
0 -7.321948 -1.243438 1.463751 -0.125878 -0.690096 0.712686 0.266357 0.639160 1 0 1.0
0 -6.224230 -0.365666 2.507584 -0.125878 -0.690096 0.712686 0.266357 0.639160 1 0 1.0
Default
0 -12.599826 -0.544111 0.297006 -0.300411 -0.948827 -0.097363 0.266357 0.639160 1 0 1.0
0 -11.435665 -0.852107 -0.293487 -0.300411 -0.948827 -0.097363 0.266357 0.639160 1 0 1.0
0 -11.512802 -1.027548 1.654243 -0.300411 -0.948827 -0.097363 0.266357 0.639160 1 0 1.0
Default
0 -11.435665 -0.852107 -0.293487 -0.300411 -0.948827 -0.097363 0.266357 0.639160 1 0 1.0
0 -12.599826 -0.544111 0.297006 -0.300411 -0.948827 -0.097363 0.266357 0.639160 1 0 1.0
0 -12.405805 -0.544111 -0.637821 -0.283067 -0.957299 -0.058750 0.266357 0.639160 1 0 1.0
Default
0 7.566411 -1.486365 -3.747170 0.062978 -0.905124 -0.420457 0.267822 0.453369 1 0 1.0
0 7.578865 -2.195322 -2.219121 0.062978 -0.905124 -0.420457 0.267822 0.453369 1 0 1.0
0 5.419939 -1.765440 -3.467911 0.062978 -0.905124 -0.420457 0.267822 0.453369 1 0 1.0
Default
0 7.566411 -1.486365 -3.747170 0.062978 -0.905124 -0.420457 0.267822 0.453369 1 0 1.0
0 9.272141 -1.758415 -3.065758 0.023521 -0.906797 -0.420911 0.267822 0.453369 1 0 1.0
0 7.578865 -2.195322 -2.219121 0.062978 -0.905124 -0.420457 0.267822 0.453369 1 0 1.0
Default
0 11.653139 -2.019644 -1.147030 0.095970 -0.963411 -0.250257 0.267822 0.453369 1 0 1.0
0 9.145145 -2.370358 -0.758672 0.095970 -0.963411 -0.250257 0.267822 0.453369 1 0 1.0
0 9.272141 -1.758415 -3.065758 0.095970 -0.963411 -0.250257 0.267822 0.453369 1 0 1.0
Default
0 7.578865 -2.195322 -2.219121 0.123896 -0.960798 -0.248027 0.267822 0.453369 1 0 1.0
0 9.272141 -1.758415 -3.065758 0.095970 -0.963411 -0.250257 0.267822 0.453369 1 0 1.0
0 9.145145 -2.370358 -0.758672 0.095970 -0.963411 -0.250257 0.267822 0.453369 1 0 1.0
Default
0 11.653139 -2.019644 -1.147030 0.110485 -0.979110 -0.170695 0.267822 0.453369 1 0 1.0
0 10.605591 -2.393748 0.320791 0.110485 -0.979110 -0.170695 0.267822 0.453369 1 0 1.0
0 9.145145 -2.370358 -0.758672 0.110485 -0.979110 -0.170695 0.267822 0.453369 1 0 1.0
Default
0 10.605591 -2.393748 0.320791 0.110485 -0.979110 -0.170695 0.267822 0.453369 1 0 1.0
0 11.653139 -2.019644 -1.147030 0.110485 -0.979110 -0.170695 0.267822 0.453369 1 0 1.0
0 12.616353 -2.173867 0.278459 0.103355 -0.978993 -0.175754 0.267822 0.453369 1 0 1.0
Default
0 10.605591 -2.393748 0.320791 0.066451 -0.979028 0.192583 0.266357 0.639160 1 0 1.0
0 12.616353 -2.173867 0.278459 0.110676 -0.975250 0.191414 0.266357 0.639160 1 0 1.0
0 10.626758 -1.956538 2.536123 0.066451 -0.979028 0.192583 0.266357 0.639160 1 0 1.0
Default
0 10.626758 -1.956538 2.536123 0.066451 -0.979028 0.192583 0.266357 0.639160 1 0 1.0
0 8.133133 -2.437972 0.949097 0.066451 -0.979028 0.192583 0.266357 0.639160 1 0 1.0
0 10.605591 -2.393748 0.320791 0.066451 -0.979028 0.192583 0.266357 0.639160 1 0 1.0
Default
0 8.150344 -1.745937 3.855501 0.040519 -0.972059 0.231214 0.266357 0.639160 1 0 1.0
0 8.133133 -2.437972 0.949097 0.066451 -0.979028 0.192583 0.266357 0.639160 1 0 1.0
0 10.626758 -1.956538 2.536123 0.066451 -0.979028 0.192583 0.266357 0.639160 1 0 1.0
Default
0 9.272141 -1.758415 -3.065758 0.274025 -0.485274 -0.830313 0.267822 0.453369 1 0 1.0
0 9.382688 -0.881643 -3.541701 0.274025 -0.485274 -0.830313 0.267822 0.453369 1 0 1.0
0 11.651235 -0.691704 -2.904030 0.274025 -0.485274 -0.830313 0.267822 0.453369 1 0 1.0
Default
0 9.272141 -1.758415 -3.065758 0.274025 -0.485274 -0.830313 0.267822 0.453369 1 0 1.0
0 7.566411 -1.486365 -3.747170 0.256306 -0.485903 -0.835587 0.267822 0.453369 1 0 1.0
0 9.382688 -0.881643 -3.541701 0.274025 -0.485274 -0.830313 0.267822 0.453369 1 0 1.0
Default
0 9.145145 -2.370358 -0.758672 0.069794 -0.997560 0.001864 0.267822 0.453369 1 0 1.0
0 8.133133 -2.437972 0.949097 0.069794 -0.997560 0.001864 0.267822 0.453369 1 0 1.0
0 7.028552 -2.517021 0.003301 0.069794 -0.997560 0.001864 0.267822 0.453369 1 0 1.0
Default
0 5.196584 -2.663554 1.102482 0.076292 -0.997069 -0.005766 0.267822 0.453369 1 0 1.0
0 7.028552 -2.517021 0.003301 0.069794 -0.997560 0.001864 0.267822 0.453369 1 0 1.0
0 8.133133 -2.437972 0.949097 0.069794 -0.997560 0.001864 0.267822 0.453369 1 0 1.0
Default
0 7.578865 -2.195322 -2.219121 -0.069066 -0.984755 -0.159647 0.267822 0.453369 1 0 1.0
0 7.028552 -2.517021 0.003301 -0.069066 -0.984755 -0.159647 0.267822 0.453369 1 0 1.0
0 5.250614 -2.207030 -1.139659 -0.069066 -0.984755 -0.159647 0.267822 0.453369 1 0 1.0
Default
0 5.250614 -2.207030 -1.139659 -0.069066 -0.984755 -0.159647 0.267822 0.453369 1 0 1.0
0 5.419939 -1.765440 -3.467911 -0.083903 -0.977885 -0.191574 0.267822 0.453369 1 0 1.0
0 7.578865 -2.195322 -2.219121 -0.069066 -0.984755 -0.159647 0.267822 0.453369 1 0 1.0
Default
0 -0.019702 -1.848686 -2.727104 -0.159472 -0.849283 -0.503277 0.267822 0.453369 1 0 1.0
0 -0.435120 -1.397180 -3.357391 -0.159472 -0.849283 -0.503277 0.267822 0.453369 1 0 1.0
0 2.372045 -1.921508 -3.362081 -0.159472 -0.849283 -0.503277 0.267822 0.453369 1 0 1.0
Default
0 -0.019702 -1.848686 -2.727104 -0.159472 -0.849283 -0.503277 0.267822 0.453369 1 0 1.0
0 -1.924637 -1.996322 -1.922800 -0.149192 -0.847761 -0.508963 0.267822 0.453369 1 0 1.0
0 -0.435120 -1.397180 -3.357391 -0.159472 -0.849283 -0.503277 0.267822 0.453369 1 0 1.0
Default
0 -5.353512 -1.243437 -1.393646 -0.204998 -0.965518 -0.160470 0.267822 0.453369 1 0 1.0
0 -3.046430 -1.557385 -2.451947 -0.204998 -0.965518 -0.160470 0.267822 0.453369 1 0 1.0
0 -4.342333 -1.687592 -0.013020 -0.204998 -0.965518 -0.160470 0.267822 0.453369 1 0 1.0
Default
0 -6.869073 -1.243437 0.084018 -0.177009 -0.967320 -0.181549 0.267822 0.453369 1 0 1.0
0 -5.353512 -1.243437 -1.393646 -0.204998 -0.965518 -0.160470 0.267822 0.453369 1 0 1.0
0 -4.342333 -1.687592 -0.013020 -0.204998 -0.965518 -0.160470 0.267822 0.453369 1 0 1.0
Default
0 -7.321948 -1.243438 1.463751 -0.000000 -1.000000 0.000000 0.266357 0.639160 1 0 1.0
0 -8.778064 -1.243437 0.055970 -0.000000 -1.000000 0.000000 0.266357 0.639160 1 0 1.0
0 -6.869073 -1.243437 0.084018 -0.000000 -1.000000 0.000000 0.266357 0.639160 1 0 1.0
Default
0 -7.321948 -1.243438 1.463751 -0.000000 -1.000000 0.000000 0.266357 0.639160 1 0 1.0
0 -9.290791 -1.243438 1.337786 -0.000000 -1.000000 0.000000 0.266357 0.639160 1 0 1.0
0 -8.778064 -1.243437 0.055970 -0.000000 -1.000000 0.000000 0.266357 0.639160 1 0 1.0
Default
0 -11.512802 -1.027548 1.654243 -0.084559 -0.992096 -0.092711 0.266357 0.639160 1 0 1.0
0 -11.435665 -0.852107 -0.293487 -0.084559 -0.992096 -0.092711 0.266357 0.639160 1 0 1.0
0 -10.098636 -0.990901 -0.027725 -0.084559 -0.992096 -0.092711 0.266357 0.639160 1 0 1.0
Default
0 -9.290791 -1.243438 1.337786 -0.112406 -0.986867 -0.116010 0.266357 0.639160 1 0 1.0
0 -11.512802 -1.027548 1.654243 -0.084559 -0.992096 -0.092711 0.266357 0.639160 1 0 1.0
0 -10.098636 -0.990901 -0.027725 -0.084559 -0.992096 -0.092711 0.266357 0.639160 1 0 1.0
Default
0 -4.588888 -1.293326 1.898171 -0.156290 -0.971138 0.180177 0.266357 0.639160 1 0 1.0
0 -4.342333 -1.687592 -0.013020 -0.156290 -0.971138 0.180177 0.266357 0.639160 1 0 1.0
0 -2.050490 -1.993375 0.326842 -0.156290 -0.971138 0.180177 0.266357 0.639160 1 0 1.0
Default
0 -2.050490 -1.993375 0.326842 -0.156290 -0.971138 0.180177 0.266357 0.639160 1 0 1.0
0 -2.769672 -1.349071 3.168178 -0.155931 -0.971092 0.180738 0.266357 0.639160 1 0 1.0
0 -4.588888 -1.293326 1.898171 -0.156290 -0.971138 0.180177 0.266357 0.639160 1 0 1.0
Default
0 5.196584 -2.663554 1.102482 -0.027195 -0.978550 0.204205 0.266357 0.639160 1 0 1.0
0 6.711063 -2.329903 2.903033 -0.027195 -0.978550 0.204205 0.266357 0.639160 1 0 1.0
0 4.276981 -2.297592 2.733706 -0.027195 -0.978550 0.204205 0.266357 0.639160 1 0 1.0
Default
0 5.196584 -2.663554 1.102482 -0.027195 -0.978550 0.204205 0.266357 0.639160 1 0 1.0
0 4.276981 -2.297592 2.733706 -0.027195 -0.978550 0.204205 0.266357 0.639160 1 0 1.0
0 1.814606 -2.484013 0.934711 -0.061266 -0.980735 0.185488 0.266357 0.639160 1 0 1.0
Default
0 1.814606 -2.484013 0.934711 -0.106324 -0.957187 0.269236 0.266357 0.639160 1 0 1.0
0 4.276981 -2.297592 2.733706 -0.127323 -0.953527 0.273083 0.266357 0.639160 1 0 1.0
0 2.393213 -1.833893 3.474513 -0.106324 -0.957187 0.269236 0.266357 0.639160 1 0 1.0
Default
0 1.814606 -2.484013 0.934711 -0.106324 -0.957187 0.269236 0.266357 0.639160 1 0 1.0
0 2.393213 -1.833893 3.474513 -0.106324 -0.957187 0.269236 0.266357 0.639160 1 0 1.0
0 0.057201 -2.357520 0.690400 -0.106324 -0.957187 0.269236 0.266357 0.639160 1 0 1.0
Default
0 -0.612350 -1.243438 4.316564 -0.111226 -0.955551 0.273041 0.266357 0.639160 1 0 1.0
0 0.057201 -2.357520 0.690400 -0.106324 -0.957187 0.269236 0.266357 0.639160 1 0 1.0
0 2.393213 -1.833893 3.474513 -0.106324 -0.957187 0.269236 0.266357 0.639160 1 0 1.0
Default
0 -0.612350 -1.243438 4.316564 -0.111226 -0.955551 0.273041 0.266357 0.639160 1 0 1.0
0 -2.769672 -1.349071 3.168178 -0.099754 -0.956156 0.275345 0.266357 0.639160 1 0 1.0
0 0.057201 -2.357520 0.690400 -0.106324 -0.957187 0.269236 0.266357 0.639160 1 0 1.0
Default
0 5.441105 -1.539110 4.801644 -0.037591 -0.931151 0.362691 0.266357 0.639160 1 0 1.0
0 4.276981 -2.297592 2.733706 -0.037591 -0.931151 0.362691 0.266357 0.639160 1 0 1.0
0 6.711063 -2.329903 2.903033 -0.037591 -0.931151 0.362691 0.266357 0.639160 1 0 1.0
Default
0 2.308548 -1.243438 4.912524 -0.080077 -0.923732 0.374575 0.266357 0.639160 1 0 1.0
0 4.276981 -2.297592 2.733706 -0.037591 -0.931151 0.362691 0.266357 0.639160 1 0 1.0
0 5.441105 -1.539110 4.801644 -0.037591 -0.931151 0.362691 0.266357 0.639160 1 0 1.0
Default
0 2.308548 -1.243438 4.912524 -0.080077 -0.923732 0.374575 0.266357 0.639160 1 0 1.0
0 2.393213 -1.833893 3.474513 -0.080077 -0.923732 0.374575 0.266357 0.639160 1 0 1.0
0 4.276981 -2.297592 2.733706 -0.037591 -0.931151 0.362691 0.266357 0.639160 1 0 1.0
Default
0 2.393213 -1.833893 3.474513 -0.080077 -0.923732 0.374575 0.266357 0.639160 1 0 1.0
0 2.308548 -1.243438 4.912524 -0.080077 -0.923732 0.374575 0.266357 0.639160 1 0 1.0
0 -0.612350 -1.243438 4.316564 -0.076485 -0.923920 0.374863 0.266357 0.639160 1 0 1.0
Default
0 -15.121712 0.000000 5.437618 -0.000000 1.000000 0.000000 0.266357 0.639160 1 0 1.0
0 -11.135851 0.000000 2.766363 -0.000000 1.000000 0.000000 0.266357 0.639160 1 0 1.0
0 -12.264699 0.000000 2.166662 -0.000000 1.000000 0.000000 0.266357 0.639160 1 0 1.0
Default
0 -16.186702 0.000000 5.617676 -0.000000 1.000000 0.000000 0.266357 0.639160 1 0 1.0
0 -15.121712 0.000000 5.437618 -0.000000 1.000000 0.000000 0.266357 0.639160 1 0 1.0
0 -12.264699 0.000000 2.166662 -0.000000 1.000000 0.000000 0.266357 0.639160 1 0 1.0
Default
0 -16.186702 0.000000 5.617676 -0.000000 1.000000 0.000000 0.266357 0.639160 1 0 1.0
0 -12.264699 0.000000 2.166662 -0.000000 1.000000 0.000000 0.266357 0.639160 1 0 1.0
0 -16.609260 0.000000 4.137616 -0.000000 1.000000 0.000000 0.266357 0.639160 1 0 1.0
Default
0 -12.264699 0.000000 2.166662 -0.000000 1.000000 0.000000 0.266357 0.639160 1 0 1.0
0 -12.599826 0.000000 1.178920 -0.000000 1.000000 0.000000 0.266357 0.639160 1 0 1.0
0 -16.609260 0.000000 4.137616 -0.000000 1.000000 0.000000 0.266357 0.639160 1 0 1.0
Default
0 -16.609260 0.000000 4.137616 -0.000000 1.000000 0.000000 0.266357 0.639160 1 0 1.0
0 -12.599826 0.000000 1.178920 -0.000000 1.000000 0.000000 0.266357 0.639160 1 0 1.0
0 -15.750482 0.000000 0.425493 -0.000000 1.000000 0.000000 0.266357 0.639160 1 0 1.0
Default
0 -12.599826 0.000000 1.178920 -0.000000 1.000000 0.000000 0.266357 0.639160 1 0 1.0
0 -12.599826 0.000000 0.297007 -0.000000 1.000000 0.000000 0.266357 0.639160 1 0 1.0
0 -15.750482 0.000000 0.425493 -0.000000 1.000000 0.000000 0.266357 0.639160 1 0 1.0
Default
0 -15.750482 0.000000 0.425493 -0.000000 1.000000 0.000000 0.266357 0.639160 1 0 1.0
0 -12.599826 0.000000 0.297007 -0.000000 1.000000 0.000000 0.266357 0.639160 1 0 1.0
0 -12.405805 0.000000 -0.637821 -0.000000 1.000000 0.000000 0.266357 0.639160 1 0 1.0
Default
0 -16.358102 0.000000 -1.706043 -0.000000 1.000000 0.000000 0.266357 0.639160 1 0 1.0
0 -15.750482 0.000000 0.425493 -0.000000 1.000000 0.000000 0.266357 0.639160 1 0 1.0
0 -12.405805 0.000000 -0.637821 -0.000000 1.000000 0.000000 0.266357 0.639160 1 0 1.0
Default
0 -16.358102 0.000000 -1.706043 -0.000000 1.000000 0.000000 0.266357 0.639160 1 0 1.0
0 -12.405805 0.000000 -0.637821 -0.000000 1.000000 0.000000 0.266357 0.639160 1 0 1.0
0 -11.753189 0.000000 -1.537372 -0.000000 1.000000 0.000000 0.266357 0.639160 1 0 1.0
Default
0 -16.256682 0.000000 -3.587539 -0.000000 1.000000 0.000000 0.266357 0.639160 1 0 1.0
0 -16.358102 0.000000 -1.706043 -0.000000 1.000000 0.000000 0.266357 0.639160 1 0 1.0
0 -11.753189 0.000000 -1.537372 -0.000000 1.000000 0.000000 0.266357 0.639160 1 0 1.0
Default
0 -16.256682 0.000000 -3.587539 -0.000000 1.000000 0.000000 0.266357 0.639160 1 0 1.0
0 -11.753189 0.000000 -1.537372 -0.000000 1.000000 0.000000 0.266357 0.639160 1 0 1.0
0 -14.945735 0.000000 -4.465369 -0.000000 1.000000 0.000000 0.266357 0.639160 1 0 1.0
Default
0 -11.753189 0.000000 -1.537372 -0.000000 1.000000 0.000000 0.266357 0.639160 1 0 1.0
0 -10.977106 0.000000 -1.978329 -0.000000 1.000000 0.000000 0.266357 0.639160 1 0 1.0
0 -14.945735 0.000000 -4.465369 -0.000000 1.000000 0.000000 0.266357 0.639160 1 0 1.0
Default
0 -12.264699 -0.544111 2.166662 0.021164 -0.983068 0.182016 0.266357 0.639160 1 0 1.0
0 -11.205114 -0.448099 2.562017 0.021164 -0.983068 0.182016 0.266357 0.639160 1 0 1.0
0 -15.121712 0.000000 5.437618 0.021164 -0.983068 0.182016 0.266357 0.639160 1 0 1.0
Default
0 -16.186702 0.000000 5.617676 0.032369 -0.980968 0.191453 0.266357 0.639160 1 0 1.0
0 -12.264699 -0.544111 2.166662 0.021164 -0.983068 0.182016 0.266357 0.639160 1 0 1.0
0 -15.121712 0.000000 5.437618 0.021164 -0.983068 0.182016 0.266357 0.639160 1 0 1.0
Default
0 -16.609260 0.000000 4.137616 -0.107828 -0.993496 0.036584 0.266357 0.639160 1 0 1.0
0 -12.599826 -0.544111 1.178920 -0.107828 -0.993496 0.036584 0.266357 0.639160 1 0 1.0
0 -12.264699 -0.544111 2.166662 -0.107828 -0.993496 0.036584 0.266357 0.639160 1 0 1.0
Default
0 -16.186702 0.000000 5.617676 -0.110149 -0.993418 0.031448 0.266357 0.639160 1 0 1.0
0 -16.609260 0.000000 4.137616 -0.107828 -0.993496 0.036584 0.266357 0.639160 1 0 1.0
0 -12.264699 -0.544111 2.166662 -0.107828 -0.993496 0.036584 0.266357 0.639160 1 0 1.0
Default
0 -7.768702 0.000000 3.219400 -0.099967 0.000000 -0.994991 0.263184 0.392822 1 0 1.0
0 -5.688076 0.000000 3.010359 -0.099967 0.000000 -0.994991 0.263184 0.392822 1 0 1.0
0 -5.688076 -0.412690 3.010359 -0.099967 0.000000 -0.994991 0.263184 0.392822 1 0 1.0
Default
0 -5.688076 0.000000 3.010359 -0.099967 0.000000 -0.994991 0.263184 0.392822 1 0 1.0
0 -7.768702 0.000000 3.219400 -0.099967 0.000000 -0.994991 0.263184 0.392822 1 0 1.0
0 -5.688076 0.412690 3.010359 -0.099967 0.000000 -0.994991 0.263184 0.392822 1 0 1.0
Default
0 4.489090 0.000000 7.345202 -0.000000 1.000000 0.000000 0.263184 0.392822 1 0 1.0
0 5.538776 0.000000 5.778586 -0.000000 1.000000 0.000000 0.263184 0.392822 1 0 1.0
0 2.766041 0.000000 5.736254 -0.000000 1.000000 0.000000 0.263184 0.392822 1 0 1.0
Default
0 2.267552 0.000000 7.394736 -0.000000 1.000000 0.000000 0.263184 0.392822 1 0 1.0
0 4.489090 0.000000 7.345202 -0.000000 1.000000 0.000000 0.263184 0.392822 1 0 1.0
0 2.766041 0.000000 5.736254 -0.000000 1.000000 0.000000 0.263184 0.392822 1 0 1.0
Default
0 2.267552 0.000000 7.394736 -0.000000 1.000000 0.000000 0.263184 0.392822 1 0 1.0
0 2.766041 0.000000 5.736254 -0.000000 1.000000 0.000000 0.263184 0.392822 1 0 1.0
0 0.458957 0.000000 5.545761 -0.000000 1.000000 0.000000 0.263184 0.392822 1 0 1.0
Default
0 -0.488656 0.000000 5.887498 -0.000000 1.000000 0.000000 0.263184 0.392822 1 0 1.0
0 2.267552 0.000000 7.394736 -0.000000 1.000000 0.000000 0.263184 0.392822 1 0 1.0
0 0.458957 0.000000 5.545761 -0.000000 1.000000 0.000000 0.263184 0.392822 1 0 1.0
Default
0 -0.488656 0.000000 5.887498 -0.000000 1.000000 0.000000 0.263184 0.392822 1 0 1.0
0 0.458957 0.000000 5.545761 -0.000000 1.000000 0.000000 0.263184 0.392822 1 0 1.0
0 -0.726335 0.000000 5.207106 -0.000000 1.000000 0.000000 0.263184 0.392822 1 0 1.0
Default
0 -2.112862 0.000000 6.089832 -0.000000 1.000000 0.000000 0.263184 0.392822 1 0 1.0
0 -0.488656 0.000000 5.887498 -0.000000 1.000000 0.000000 0.263184 0.392822 1 0 1.0
0 -0.726335 0.000000 5.207106 -0.000000 1.000000 0.000000 0.263184 0.392822 1 0 1.0
Default
0 -2.112862 0.000000 6.089832 -0.000000 1.000000 0.000000 0.263184 0.392822 1 0 1.0
0 -0.726335 0.000000 5.207106 -0.000000 1.000000 0.000000 0.263184 0.392822 1 0 1.0
0 -2.948756 0.000000 4.699124 -0.000000 1.000000 0.000000 0.263184 0.392822 1 0 1.0
Default
0 -4.818540 0.000000 7.412718 -0.000000 1.000000 0.000000 0.263184 0.392822 1 0 1.0
0 -2.112862 0.000000 6.089832 -0.000000 1.000000 0.000000 0.263184 0.392822 1 0 1.0
0 -2.948756 0.000000 4.699124 -0.000000 1.000000 0.000000 0.263184 0.392822 1 0 1.0
Default
0 -4.818540 0.000000 7.412718 -0.000000 1.000000 0.000000 0.263184 0.392822 1 0 1.0
0 -2.948756 0.000000 4.699124 -0.000000 1.000000 0.000000 0.263184 0.392822 1 0 1.0
0 -4.642029 0.000000 4.000649 -0.000000 1.000000 0.000000 0.263184 0.392822 1 0 1.0
Default
0 -7.549449 0.000000 5.454985 -0.000000 1.000000 0.000000 0.263184 0.392822 1 0 1.0
0 -4.818540 0.000000 7.412718 -0.000000 1.000000 0.000000 0.263184 0.392822 1 0 1.0
0 -4.642029 0.000000 4.000649 -0.000000 1.000000 0.000000 0.263184 0.392822 1 0 1.0
Default
0 -7.549449 0.000000 5.454985 -0.000000 1.000000 0.000000 0.263184 0.392822 1 0 1.0
0 -4.642029 0.000000 4.000649 -0.000000 1.000000 0.000000 0.263184 0.392822 1 0 1.0
0 -5.688076 0.000000 3.010359 -0.000000 1.000000 0.000000 0.263184 0.392822 1 0 1.0
Default
0 -7.768702 0.000000 3.219400 -0.000000 1.000000 0.000000 0.263184 0.392822 1 0 1.0
0 -7.549449 0.000000 5.454985 -0.000000 1.000000 0.000000 0.263184 0.392822 1 0 1.0
0 -5.688076 0.000000 3.010359 -0.000000 1.000000 0.000000 0.263184 0.392822 1 0 1.0
Default
0 16.111677 0.000000 0.883681 -0.000000 1.000000 0.000000 0.266357 0.639160 1 0 1.0
0 15.912945 0.000000 0.743356 -0.000000 1.000000 0.000000 0.266357 0.639160 1 0 1.0
0 15.883548 0.000000 1.301901 -0.000000 1.000000 0.000000 0.266357 0.639160 1 0 1.0
Default
0 16.006449 0.000000 1.247983 -0.000000 1.000000 0.000000 0.266357 0.639160 1 0 1.0
0 16.111677 0.000000 0.883681 -0.000000 1.000000 0.000000 0.266357 0.639160 1 0 1.0
0 15.883548 0.000000 1.301901 -0.000000 1.000000 0.000000 0.266357 0.639160 1 0 1.0
Default
0 16.276953 -0.375104 0.390833 -0.241916 0.000000 0.970297 0.268066 0.455078 1 0 1.0
0 15.191480 -1.020643 0.120200 -0.258917 0.030635 0.965414 0.268066 0.455078 1 0 1.0
0 15.204781 -1.309781 0.132942 -0.258917 0.030635 0.965414 0.268066 0.455078 1 0 1.0
Default
0 15.191480 -1.020643 0.120200 -0.258917 0.030635 0.965414 0.268066 0.455078 1 0 1.0
0 16.276953 -0.375104 0.390833 -0.241916 0.000000 0.970297 0.268066 0.455078 1 0 1.0
0 15.191480 -0.000000 0.120201 -0.241916 0.000000 0.970297 0.268066 0.455078 1 0 1.0
Default
0 16.276953 -0.375104 0.390833 -0.241916 0.000000 0.970297 0.268066 0.455078 1 0 1.0
0 16.276953 -0.000000 0.390833 -0.241916 0.000000 0.970297 0.268066 0.455078 1 0 1.0
0 15.191480 -0.000000 0.120201 -0.241916 0.000000 0.970297 0.268066 0.455078 1 0 1.0
Default
0 16.276953 -0.000000 0.390833 -0.241916 0.000000 0.970297 0.268066 0.455078 1 0 1.0
0 16.276953 0.375104 0.390833 -0.241916 0.000000 0.970297 0.268066 0.455078 1 0 1.0
0 15.191480 -0.000000 0.120201 -0.241916 0.000000 0.970297 0.268066 0.455078 1 0 1.0
Default
0 16.276953 0.375104 0.390833 -0.241916 0.000000 0.970297 0.268066 0.455078 1 0 1.0
0 15.191480 1.020643 0.120200 -0.241916 0.000000 0.970297 0.268066 0.455078 1 0 1.0
0 15.191480 -0.000000 0.120201 -0.241916 0.000000 0.970297 0.268066 0.455078 1 0 1.0
Default
0 15.204781 1.309781 0.132942 -0.258917 -0.030635 0.965414 0.268066 0.455078 1 0 1.0
0 15.191480 1.020643 0.120200 -0.241916 0.000000 0.970297 0.268066 0.455078 1 0 1.0
0 16.276953 0.375104 0.390833 -0.241916 0.000000 0.970297 0.268066 0.455078 1 0 1.0
Default
0 2.805439 -2.915841 -0.061054 -0.076289 0.000000 0.997086 0.266357 0.639160 1 0 1.0
0 4.473740 -3.044145 0.066592 -0.076289 0.000000 0.997086 0.266357 0.639160 1 0 1.0
0 4.473740 -2.882432 0.066592 -0.076289 0.000000 0.997086 0.266357 0.639160 1 0 1.0
Default
0 2.805439 -2.754128 -0.061054 -0.076289 0.000000 0.997086 0.266357 0.639160 1 0 1.0
0 2.805439 -2.915841 -0.061054 -0.076289 0.000000 0.997086 0.266357 0.639160 1 0 1.0
0 4.473740 -2.882432 0.066592 -0.076289 0.000000 0.997086 0.266357 0.639160 1 0 1.0
Default
0 2.590044 -2.754128 -1.499656 -0.988976 0.000000 0.148075 0.266357 0.639160 1 0 1.0
0 2.590044 -2.915841 -1.499656 -0.988976 0.000000 0.148075 0.266357 0.639160 1 0 1.0
0 2.805439 -2.915841 -0.061054 -0.988976 0.000000 0.148075 0.266357 0.639160 1 0 1.0
Default
0 2.805439 -2.754128 -0.061054 -0.988976 0.000000 0.148075 0.266357 0.639160 1 0 1.0
0 2.590044 -2.754128 -1.499656 -0.988976 0.000000 0.148075 0.266357 0.639160 1 0 1.0
0 2.805439 -2.915841 -0.061054 -0.988976 0.000000 0.148075 0.266357 0.639160 1 0 1.0
Default
0 2.590044 -2.915841 -1.499656 -0.607778 0.000000 -0.794107 0.266357 0.639160 1 0 1.0
0 2.590044 -2.754128 -1.499656 -0.607778 0.000000 -0.794107 0.266357 0.639160 1 0 1.0
0 4.343492 -2.882432 -2.841675 -0.607778 0.000000 -0.794107 0.266357 0.639160 1 0 1.0
Default
0 4.343492 -3.044145 -2.841675 -0.607778 0.000000 -0.794107 0.266357 0.639160 1 0 1.0
0 2.590044 -2.915841 -1.499656 -0.607778 0.000000 -0.794107 0.266357 0.639160 1 0 1.0
0 4.343492 -2.882432 -2.841675 -0.607778 0.000000 -0.794107 0.266357 0.639160 1 0 1.0
Default
0 2.590044 -2.754128 -1.499656 0.077559 0.996920 -0.011613 0.266357 0.639160 1 0 1.0
0 2.805439 -2.754128 -0.061054 0.077559 0.996920 -0.011613 0.266357 0.639160 1 0 1.0
0 4.473740 -2.882432 0.066592 0.077559 0.996920 -0.011613 0.266357 0.639160 1 0 1.0
Default
0 4.343492 -2.882432 -2.841675 0.070571 0.997502 -0.003160 0.266357 0.639160 1 0 1.0
0 2.590044 -2.754128 -1.499656 0.077559 0.996920 -0.011613 0.266357 0.639160 1 0 1.0
0 4.473740 -2.882432 0.066592 0.077559 0.996920 -0.011613 0.266357 0.639160 1 0 1.0
Default
0 2.590044 -2.915841 -1.499656 -0.070571 -0.997502 0.003160 0.266357 0.639160 1 0 1.0
0 4.343492 -3.044145 -2.841675 -0.070571 -0.997502 0.003160 0.266357 0.639160 1 0 1.0
0 4.473740 -3.044145 0.066592 -0.070571 -0.997502 0.003160 0.266357 0.639160 1 0 1.0
Default
0 2.805439 -2.915841 -0.061054 -0.077559 -0.996920 0.011612 0.266357 0.639160 1 0 1.0
0 2.590044 -2.915841 -1.499656 -0.070571 -0.997502 0.003160 0.266357 0.639160 1 0 1.0
0 4.473740 -3.044145 0.066592 -0.070571 -0.997502 0.003160 0.266357 0.639160 1 0 1.0
Default
0 3.889814 -2.057622 -5.385724 -0.774258 0.000000 0.632870 0.263184 0.392822 1 0 1.0
0 3.889814 -2.219334 -5.385724 -0.774258 0.000000 0.632870 0.263184 0.392822 1 0 1.0
0 4.581984 -1.982072 -4.538917 -0.774258 0.000000 0.632870 0.263184 0.392822 1 0 1.0
Default
0 4.581984 -1.820359 -4.538917 -0.774259 0.000000 0.632869 0.263184 0.392822 1 0 1.0
0 3.889814 -2.057622 -5.385724 -0.774258 0.000000 0.632870 0.263184 0.392822 1 0 1.0
0 4.581984 -1.982072 -4.538917 -0.774258 0.000000 0.632870 0.263184 0.392822 1 0 1.0
Default
0 4.623636 -2.057622 -7.412718 -0.940279 0.000000 -0.340405 0.263184 0.392822 1 0 1.0
0 4.623636 -2.219334 -7.412718 -0.940279 0.000000 -0.340405 0.263184 0.392822 1 0 1.0
0 3.889814 -2.219334 -5.385724 -0.940279 0.000000 -0.340405 0.263184 0.392822 1 0 1.0
Default
0 3.889814 -2.057622 -5.385724 -0.940279 0.000000 -0.340405 0.263184 0.392822 1 0 1.0
0 4.623636 -2.057622 -7.412718 -0.940279 0.000000 -0.340405 0.263184 0.392822 1 0 1.0
0 3.889814 -2.219334 -5.385724 -0.940279 0.000000 -0.340405 0.263184 0.392822 1 0 1.0
Default
0 4.623636 -2.057622 -7.412718 0.690196 0.000000 -0.723622 0.263184 0.392822 1 0 1.0
0 6.351056 -1.952921 -5.765090 0.690196 0.000000 -0.723622 0.263184 0.392822 1 0 1.0
0 6.351056 -2.114633 -5.765090 0.690196 0.000000 -0.723622 0.263184 0.392822 1 0 1.0
Default
0 4.623636 -2.219334 -7.412718 0.690197 0.000000 -0.723622 0.263184 0.392822 1 0 1.0
0 4.623636 -2.057622 -7.412718 0.690196 0.000000 -0.723622 0.263184 0.392822 1 0 1.0
0 6.351056 -2.114633 -5.765090 0.690196 0.000000 -0.723622 0.263184 0.392822 1 0 1.0
Default
0 -7.542051 -1.140824 -2.834567 -0.543516 0.000000 0.839399 0.263184 0.392822 1 0 1.0
0 -7.542051 -1.302537 -2.834567 -0.543516 0.000000 0.839399 0.263184 0.392822 1 0 1.0
0 -6.741693 -1.065274 -2.316329 -0.543516 0.000000 0.839399 0.263184 0.392822 1 0 1.0
Default
0 -6.741693 -0.903562 -2.316329 -0.543517 0.000000 0.839398 0.263184 0.392822 1 0 1.0
0 -7.542051 -1.140824 -2.834567 -0.543516 0.000000 0.839399 0.263184 0.392822 1 0 1.0
0 -6.741693 -1.065274 -2.316329 -0.543516 0.000000 0.839399 0.263184 0.392822 1 0 1.0
Default
0 -6.519493 -1.140824 -5.906327 -0.000000 1.000000 0.000000 0.263184 0.392822 1 0 1.0
0 -7.584745 -1.140824 -4.327200 -0.000000 1.000000 0.000000 0.263184 0.392822 1 0 1.0
0 -7.542051 -1.140824 -2.834567 -0.000000 1.000000 0.000000 0.263184 0.392822 1 0 1.0
Default
0 -4.143998 -1.140824 -6.081647 -0.000000 1.000000 0.000000 0.263184 0.392822 1 0 1.0
0 -6.519493 -1.140824 -5.906327 -0.000000 1.000000 0.000000 0.263184 0.392822 1 0 1.0
0 -7.542051 -1.140824 -2.834567 -0.000000 1.000000 0.000000 0.263184 0.392822 1 0 1.0
Default
0 -6.741693 -1.065274 -2.316329 0.171410 -0.953086 0.249491 0.263184 0.392822 1 0 1.0
0 -3.006200 -1.197835 -5.389159 0.171410 -0.953086 0.249491 0.263184 0.392822 1 0 1.0
0 -2.267423 -0.583523 -3.549978 0.171410 -0.953086 0.249491 0.263184 0.392822 1 0 1.0
Default
0 -3.006200 -1.197835 -5.389159 0.171410 -0.953086 0.249491 0.263184 0.392822 1 0 1.0
0 -6.741693 -1.065274 -2.316329 0.171410 -0.953086 0.249491 0.263184 0.392822 1 0 1.0
0 -7.542051 -1.302537 -2.834567 0.145008 -0.965135 0.217916 0.263184 0.392822 1 0 1.0
Default
0 -4.143998 -1.140824 -6.081647 0.519900 0.000000 -0.854227 0.263184 0.392822 1 0 1.0
0 -3.006200 -1.036123 -5.389159 0.519900 0.000000 -0.854227 0.263184 0.392822 1 0 1.0
0 -3.006200 -1.197835 -5.389159 0.519900 0.000000 -0.854227 0.263184 0.392822 1 0 1.0
Default
0 -4.143998 -1.302536 -6.081647 0.519900 0.000000 -0.854227 0.263184 0.392822 1 0 1.0
0 -4.143998 -1.140824 -6.081647 0.519900 0.000000 -0.854227 0.263184 0.392822 1 0 1.0
0 -3.006200 -1.197835 -5.389159 0.519900 0.000000 -0.854227 0.263184 0.392822 1 0 1.0
Default
0 -7.584745 -1.140824 -4.327200 -0.829009 0.000000 -0.559235 0.263184 0.392822 1 0 1.0
0 -6.519493 -1.140824 -5.906327 -0.829009 0.000000 -0.559235 0.263184 0.392822 1 0 1.0
0 -6.519493 -1.302537 -5.906327 -0.829009 0.000000 -0.559235 0.263184 0.392822 1 0 1.0
Default
0 -7.584745 -1.302537 -4.327200 -0.829009 0.000000 -0.559236 0.263184 0.392822 1 0 1.0
0 -7.584745 -1.140824 -4.327200 -0.829009 0.000000 -0.559235 0.263184 0.392822 1 0 1.0
0 -6.519493 -1.302537 -5.906327 -0.829009 0.000000 -0.559235 0.263184 0.392822 1 0 1.0
Default
0 -7.584745 -1.302537 -4.327200 -0.999591 0.000000 0.028591 0.263184 0.392822 1 0 1.0
0 -7.542051 -1.302537 -2.834567 -0.999591 0.000000 0.028591 0.263184 0.392822 1 0 1.0
0 -7.542051 -1.140824 -2.834567 -0.999591 0.000000 0.028591 0.263184 0.392822 1 0 1.0
Default
0 -7.584745 -1.140824 -4.327200 -0.999591 0.000000 0.028591 0.263184 0.392822 1 0 1.0
0 -7.584745 -1.302537 -4.327200 -0.999591 0.000000 0.028591 0.263184 0.392822 1 0 1.0
0 -7.542051 -1.140824 -2.834567 -0.999591 0.000000 0.028591 0.263184 0.392822 1 0 1.0
Default
0 -6.519493 -1.140824 -5.906327 -0.073604 0.000000 -0.997288 0.263184 0.392822 1 0 1.0
0 -4.143998 -1.140824 -6.081647 -0.073604 0.000000 -0.997288 0.263184 0.392822 1 0 1.0
0 -4.143998 -1.302536 -6.081647 -0.073604 0.000000 -0.997288 0.263184 0.392822 1 0 1.0
Default
0 -6.519493 -1.302537 -5.906327 -0.073603 0.000000 -0.997288 0.263184 0.392822 1 0 1.0
0 -6.519493 -1.140824 -5.906327 -0.073604 0.000000 -0.997288 0.263184 0.392822 1 0 1.0
0 -4.143998 -1.302536 -6.081647 -0.073604 0.000000 -0.997288 0.263184 0.392822 1 0 1.0
Default
0 -6.519493 -1.302537 -5.906327 -0.000000 -1.000000 0.000000 0.263184 0.392822 1 0 1.0
0 -4.143998 -1.302536 -6.081647 -0.000000 -1.000000 0.000000 0.263184 0.392822 1 0 1.0
0 -7.542051 -1.302537 -2.834567 -0.000000 -1.000000 0.000000 0.263184 0.392822 1 0 1.0
Default
0 -7.584745 -1.302537 -4.327200 -0.000000 -1.000000 0.000000 0.263184 0.392822 1 0 1.0
0 -6.519493 -1.302537 -5.906327 -0.000000 -1.000000 0.000000 0.263184 0.392822 1 0 1.0
0 -7.542051 -1.302537 -2.834567 -0.000000 -1.000000 0.000000 0.263184 0.392822 1 0 1.0
Default
0 0.539327 0.859444 -4.159849 -0.051979 0.446068 -0.893488 0.267822 0.453369 1 0 1.0
0 2.552191 0.945851 -4.233810 -0.051979 0.446068 -0.893488 0.267822 0.453369 1 0 1.0
0 2.676298 -0.000000 -4.713239 -0.051979 0.446068 -0.893488 0.267822 0.453369 1 0 1.0
Default
0 0.265736 -0.000000 -4.625048 -0.032001 0.483635 -0.874685 0.267822 0.453369 1 0 1.0
0 0.539327 0.859444 -4.159849 -0.051979 0.446068 -0.893488 0.267822 0.453369 1 0 1.0
0 2.676298 -0.000000 -4.713239 -0.051979 0.446068 -0.893488 0.267822 0.453369 1 0 1.0
Default
0 2.267552 0.000000 7.394736 -0.022034 0.971704 0.235173 0.263184 0.392822 1 0 1.0
0 2.766041 0.412691 5.736254 -0.022034 0.971704 0.235173 0.263184 0.392822 1 0 1.0
0 0.314147 0.412691 5.506531 -0.022034 0.971704 0.235173 0.263184 0.392822 1 0 1.0
Default
0 2.267552 0.000000 7.394736 -0.022034 0.971704 0.235173 0.263184 0.392822 1 0 1.0
0 4.489090 0.000000 7.345202 -0.003852 0.967636 0.252321 0.263184 0.392822 1 0 1.0
0 2.766041 0.412691 5.736254 -0.022034 0.971704 0.235173 0.263184 0.392822 1 0 1.0
Default
0 4.489090 0.000000 7.345202 -0.003852 0.967636 0.252321 0.263184 0.392822 1 0 1.0
0 4.803571 0.412691 5.767361 -0.003852 0.967636 0.252321 0.263184 0.392822 1 0 1.0
0 2.766041 0.412691 5.736254 -0.022034 0.971704 0.235173 0.263184 0.392822 1 0 1.0
Default
0 15.359403 0.668290 -1.066746 0.523527 0.310558 -0.793393 0.267822 0.453369 1 0 1.0
0 15.613477 -0.000000 -1.160681 0.523527 0.310558 -0.793393 0.267822 0.453369 1 0 1.0
0 13.994185 -0.000000 -2.229184 0.523527 0.310558 -0.793393 0.267822 0.453369 1 0 1.0
Default
0 13.788260 0.749685 -2.083122 0.529051 0.299978 -0.793800 0.267822 0.453369 1 0 1.0
0 15.359403 0.668290 -1.066746 0.523527 0.310558 -0.793393 0.267822 0.453369 1 0 1.0
0 13.994185 -0.000000 -2.229184 0.523527 0.310558 -0.793393 0.267822 0.453369 1 0 1.0
Default
0 15.613477 -0.000000 -1.160681 0.605147 0.331788 -0.723681 0.267822 0.453369 1 0 1.0
0 15.359403 0.668290 -1.066746 0.605147 0.331788 -0.723681 0.267822 0.453369 1 0 1.0
0 16.321925 -0.000000 -0.568272 0.605147 0.331788 -0.723681 0.267822 0.453369 1 0 1.0
Default
0 16.352652 0.276900 -0.423704 0.600278 0.316801 -0.734373 0.267822 0.453369 1 0 1.0
0 16.321925 -0.000000 -0.568272 0.605147 0.331788 -0.723681 0.267822 0.453369 1 0 1.0
0 15.359403 0.668290 -1.066746 0.605147 0.331788 -0.723681 0.267822 0.453369 1 0 1.0
Default
0 -5.688076 0.412690 3.010359 -0.684241 0.004557 0.729241 0.266357 0.639160 1 0 1.0
0 -6.224230 0.365666 2.507584 -0.684241 0.004557 0.729241 0.266357 0.639160 1 0 1.0
0 -6.043292 0.000000 2.679642 -0.681418 0.000000 0.731894 0.266357 0.639160 1 0 1.0
Default
0 -5.688076 0.000000 3.010359 -0.681418 0.000000 0.731894 0.266357 0.639160 1 0 1.0
0 -5.688076 0.412690 3.010359 -0.684241 0.004557 0.729241 0.266357 0.639160 1 0 1.0
0 -6.043292 0.000000 2.679642 -0.681418 0.000000 0.731894 0.266357 0.639160 1 0 1.0
Default
0 -5.688076 -0.412690 3.010359 -0.681418 0.000000 0.731894 0.266357 0.639160 1 0 1.0
0 -5.688076 0.000000 3.010359 -0.681418 0.000000 0.731894 0.266357 0.639160 1 0 1.0
0 -6.043292 0.000000 2.679642 -0.681418 0.000000 0.731894 0.266357 0.639160 1 0 1.0
Default
0 -6.224230 -0.365666 2.507584 -0.684241 -0.004557 0.729241 0.266357 0.639160 1 0 1.0
0 -5.688076 -0.412690 3.010359 -0.681418 0.000000 0.731894 0.266357 0.639160 1 0 1.0
0 -6.043292 0.000000 2.679642 -0.681418 0.000000 0.731894 0.266357 0.639160 1 0 1.0
Default
0 -1.792090 0.688074 -3.725161 -0.205448 0.485404 -0.849808 0.267822 0.453369 1 0 1.0
0 -1.762664 0.000000 -4.125297 -0.205448 0.485404 -0.849808 0.267822 0.453369 1 0 1.0
0 -3.100233 0.000000 -3.801929 -0.205448 0.485404 -0.849808 0.267822 0.453369 1 0 1.0
Default
0 -1.762664 0.000000 -4.125297 -0.205448 0.485404 -0.849808 0.267822 0.453369 1 0 1.0
0 -1.792090 0.688074 -3.725161 -0.205448 0.485404 -0.849808 0.267822 0.453369 1 0 1.0
0 0.265736 -0.000000 -4.625048 -0.193590 0.513963 -0.835682 0.267822 0.453369 1 0 1.0
Default
0 -1.792090 0.688074 -3.725161 -0.205448 0.485404 -0.849808 0.267822 0.453369 1 0 1.0
0 0.539327 0.859444 -4.159849 -0.193590 0.513963 -0.835682 0.267822 0.453369 1 0 1.0
0 0.265736 -0.000000 -4.625048 -0.193590 0.513963 -0.835682 0.267822 0.453369 1 0 1.0
Default
0 -10.288898 0.333284 2.163320 0.036265 0.649283 0.759682 0.266357 0.639160 1 0 1.0
0 -8.596646 0.335298 2.080815 0.036265 0.649283 0.759682 0.266357 0.639160 1 0 1.0
0 -9.290791 1.243438 1.337786 0.036265 0.649283 0.759682 0.266357 0.639160 1 0 1.0
Default
0 -11.512802 1.027548 1.654243 0.046471 0.642671 0.764732 0.266357 0.639160 1 0 1.0
0 -10.288898 0.333284 2.163320 0.036265 0.649283 0.759682 0.266357 0.639160 1 0 1.0
0 -9.290791 1.243438 1.337786 0.036265 0.649283 0.759682 0.266357 0.639160 1 0 1.0
Default
0 0.467115 2.451816 -0.166026 -0.174368 0.984365 0.024925 0.267822 0.453369 1 0 1.0
0 -2.050490 1.993375 0.326842 -0.174368 0.984365 0.024925 0.267822 0.453369 1 0 1.0
0 0.057201 2.357520 0.690400 -0.174368 0.984365 0.024925 0.267822 0.453369 1 0 1.0
Default
0 -2.050490 1.993375 0.326842 -0.174368 0.984365 0.024925 0.267822 0.453369 1 0 1.0
0 0.467115 2.451816 -0.166026 -0.174368 0.984365 0.024925 0.267822 0.453369 1 0 1.0
0 -1.924637 1.996322 -1.922800 -0.180814 0.983478 -0.008827 0.267822 0.453369 1 0 1.0
Default
0 16.525626 -0.000000 0.347160 0.172976 0.000000 0.984926 0.268066 0.455078 1 0 1.0
0 16.519830 0.457324 0.350605 0.165160 -0.005335 0.986252 0.268066 0.455078 1 0 1.0
0 16.276953 0.375104 0.390833 0.165160 -0.005335 0.986252 0.268066 0.455078 1 0 1.0
Default
0 16.276953 -0.000000 0.390833 0.172976 0.000000 0.984926 0.268066 0.455078 1 0 1.0
0 16.525626 -0.000000 0.347160 0.172976 0.000000 0.984926 0.268066 0.455078 1 0 1.0
0 16.276953 0.375104 0.390833 0.165160 -0.005335 0.986252 0.268066 0.455078 1 0 1.0
Default
0 16.525626 -0.000000 0.347160 0.172976 0.000000 0.984926 0.268066 0.455078 1 0 1.0
0 16.276953 -0.000000 0.390833 0.172976 0.000000 0.984926 0.268066 0.455078 1 0 1.0
0 16.276953 -0.375104 0.390833 0.172976 0.000000 0.984926 0.268066 0.455078 1 0 1.0
Default
0 16.519830 -0.457324 0.350605 0.165160 0.005335 0.986252 0.268066 0.455078 1 0 1.0
0 16.525626 -0.000000 0.347160 0.172976 0.000000 0.984926 0.268066 0.455078 1 0 1.0
0 16.276953 -0.375104 0.390833 0.172976 0.000000 0.984926 0.268066 0.455078 1 0 1.0
Default
0 15.956976 0.699189 -0.272744 0.402538 0.557969 -0.725695 0.268066 0.455078 1 0 1.0
0 15.961099 0.544111 -0.389692 0.402538 0.557969 -0.725695 0.268066 0.455078 1 0 1.0
0 13.915333 1.357625 -0.898977 0.402538 0.557969 -0.725695 0.268066 0.455078 1 0 1.0
Default
0 15.961099 0.544111 -0.389692 0.402538 0.557969 -0.725695 0.268066 0.455078 1 0 1.0
0 15.956976 0.699189 -0.272744 0.402538 0.557969 -0.725695 0.268066 0.455078 1 0 1.0
0 16.554006 0.375104 -0.159567 0.433780 0.549831 -0.713808 0.268066 0.455078 1 0 1.0
Default
0 4.803571 0.412691 5.767361 -0.011541 0.654588 0.755898 0.266357 0.639160 1 0 1.0
0 5.441105 1.539110 4.801644 -0.011541 0.654588 0.755898 0.266357 0.639160 1 0 1.0
0 2.766041 0.412691 5.736254 -0.011541 0.654588 0.755898 0.266357 0.639160 1 0 1.0
Default
0 7.274381 0.748495 5.461097 0.006128 0.648862 0.760882 0.266357 0.639160 1 0 1.0
0 5.441105 1.539110 4.801644 -0.011541 0.654588 0.755898 0.266357 0.639160 1 0 1.0
0 4.803571 0.412691 5.767361 -0.011541 0.654588 0.755898 0.266357 0.639160 1 0 1.0
Default
0 0.314147 0.412691 5.506531 -0.176686 0.737167 0.652202 0.266357 0.639160 1 0 1.0
0 -0.612350 1.243438 4.316564 -0.176686 0.737167 0.652202 0.266357 0.639160 1 0 1.0
0 -1.140894 0.412691 5.112350 -0.176686 0.737167 0.652202 0.266357 0.639160 1 0 1.0
Default
0 -1.140894 0.412691 5.112350 -0.176686 0.737167 0.652202 0.266357 0.639160 1 0 1.0
0 -0.612350 1.243438 4.316564 -0.176686 0.737167 0.652202 0.266357 0.639160 1 0 1.0
0 -2.948756 0.412690 4.699124 -0.151722 0.732376 0.663782 0.266357 0.639160 1 0 1.0
Default
0 2.766041 0.412691 5.736254 -0.068110 0.683303 0.726951 0.266357 0.639160 1 0 1.0
0 2.308548 1.243438 4.912524 -0.068110 0.683303 0.726951 0.266357 0.639160 1 0 1.0
0 0.314147 0.412691 5.506531 -0.068110 0.683303 0.726951 0.266357 0.639160 1 0 1.0
Default
0 2.766041 0.412691 5.736254 -0.068110 0.683303 0.726951 0.266357 0.639160 1 0 1.0
0 5.441105 1.539110 4.801644 -0.039852 0.692390 0.720422 0.266357 0.639160 1 0 1.0
0 2.308548 1.243438 4.912524 -0.068110 0.683303 0.726951 0.266357 0.639160 1 0 1.0
Default
0 -2.948756 0.412690 4.699124 -0.203534 0.845644 0.493417 0.266357 0.639160 1 0 1.0
0 -2.769672 1.349071 3.168178 -0.203534 0.845644 0.493417 0.266357 0.639160 1 0 1.0
0 -4.642029 0.412690 4.000649 -0.203534 0.845644 0.493417 0.266357 0.639160 1 0 1.0
Default
0 -2.948756 0.412690 4.699124 -0.203534 0.845644 0.493417 0.266357 0.639160 1 0 1.0
0 -0.612350 1.243438 4.316564 -0.219646 0.843477 0.490206 0.266357 0.639160 1 0 1.0
0 -2.769672 1.349071 3.168178 -0.203534 0.845644 0.493417 0.266357 0.639160 1 0 1.0
Default
0 -7.321948 1.243438 1.463751 -0.125878 0.690096 0.712686 0.266357 0.639160 1 0 1.0
0 -6.224230 0.365666 2.507584 -0.125878 0.690096 0.712686 0.266357 0.639160 1 0 1.0
0 -4.588888 1.293326 1.898171 -0.125878 0.690096 0.712686 0.266357 0.639160 1 0 1.0
Default
0 -7.321948 1.243438 1.463751 -0.125878 0.690096 0.712686 0.266357 0.639160 1 0 1.0
0 -8.596646 0.335298 2.080815 -0.137961 0.681798 0.718414 0.266357 0.639160 1 0 1.0
0 -6.224230 0.365666 2.507584 -0.125878 0.690096 0.712686 0.266357 0.639160 1 0 1.0
Default
0 -11.435665 0.852107 -0.293487 -0.300411 0.948827 -0.097363 0.266357 0.639160 1 0 1.0
0 -12.599826 0.544111 0.297006 -0.300411 0.948827 -0.097363 0.266357 0.639160 1 0 1.0
0 -11.512802 1.027548 1.654243 -0.300411 0.948827 -0.097363 0.266357 0.639160 1 0 1.0
Default
0 -12.599826 0.544111 0.297006 -0.300411 0.948827 -0.097363 0.266357 0.639160 1 0 1.0
0 -11.435665 0.852107 -0.293487 -0.300411 0.948827 -0.097363 0.266357 0.639160 1 0 1.0
0 -12.405805 0.544111 -0.637821 -0.283067 0.957299 -0.058750 0.266357 0.639160 1 0 1.0
Default
0 7.578865 2.195322 -2.219121 0.062978 0.905124 -0.420457 0.267822 0.453369 1 0 1.0
0 7.566411 1.486365 -3.747170 0.062978 0.905124 -0.420457 0.267822 0.453369 1 0 1.0
0 5.419939 1.765440 -3.467911 0.062978 0.905124 -0.420457 0.267822 0.453369 1 0 1.0
Default
0 9.272141 1.758415 -3.065758 0.023521 0.906797 -0.420911 0.267822 0.453369 1 0 1.0
0 7.566411 1.486365 -3.747170 0.062978 0.905124 -0.420457 0.267822 0.453369 1 0 1.0
0 7.578865 2.195322 -2.219121 0.062978 0.905124 -0.420457 0.267822 0.453369 1 0 1.0
Default
0 9.145145 2.370358 -0.758672 0.095970 0.963411 -0.250257 0.267822 0.453369 1 0 1.0
0 11.653139 2.019644 -1.147030 0.095970 0.963411 -0.250257 0.267822 0.453369 1 0 1.0
0 9.272141 1.758415 -3.065758 0.095970 0.963411 -0.250257 0.267822 0.453369 1 0 1.0
Default
0 9.272141 1.758415 -3.065758 0.095970 0.963411 -0.250257 0.267822 0.453369 1 0 1.0
0 7.578865 2.195322 -2.219121 0.123896 0.960798 -0.248027 0.267822 0.453369 1 0 1.0
0 9.145145 2.370358 -0.758672 0.095970 0.963411 -0.250257 0.267822 0.453369 1 0 1.0
Default
0 10.605591 2.393748 0.320791 0.110485 0.979110 -0.170695 0.267822 0.453369 1 0 1.0
0 11.653139 2.019644 -1.147030 0.110485 0.979110 -0.170695 0.267822 0.453369 1 0 1.0
0 9.145145 2.370358 -0.758672 0.110485 0.979110 -0.170695 0.267822 0.453369 1 0 1.0
Default
0 11.653139 2.019644 -1.147030 0.110485 0.979110 -0.170695 0.267822 0.453369 1 0 1.0
0 10.605591 2.393748 0.320791 0.110485 0.979110 -0.170695 0.267822 0.453369 1 0 1.0
0 12.616353 2.173867 0.278459 0.103355 0.978993 -0.175754 0.267822 0.453369 1 0 1.0
Default
0 12.616353 2.173867 0.278459 0.110676 0.975250 0.191414 0.266357 0.639160 1 0 1.0
0 10.605591 2.393748 0.320791 0.066451 0.979028 0.192583 0.266357 0.639160 1 0 1.0
0 10.626758 1.956538 2.536123 0.066451 0.979028 0.192583 0.266357 0.639160 1 0 1.0
Default
0 8.133133 2.437972 0.949097 0.066451 0.979028 0.192583 0.266357 0.639160 1 0 1.0
0 10.626758 1.956538 2.536123 0.066451 0.979028 0.192583 0.266357 0.639160 1 0 1.0
0 10.605591 2.393748 0.320791 0.066451 0.979028 0.192583 0.266357 0.639160 1 0 1.0
Default
0 8.133133 2.437972 0.949097 0.066451 0.979028 0.192583 0.266357 0.639160 1 0 1.0
0 8.150344 1.745937 3.855501 0.040519 0.972059 0.231214 0.266357 0.639160 1 0 1.0
0 10.626758 1.956538 2.536123 0.066451 0.979028 0.192583 0.266357 0.639160 1 0 1.0
Default
0 9.382688 0.881643 -3.541701 0.274025 0.485274 -0.830313 0.267822 0.453369 1 0 1.0
0 9.272141 1.758415 -3.065758 0.274025 0.485274 -0.830313 0.267822 0.453369 1 0 1.0
0 11.651235 0.691704 -2.904030 0.274025 0.485274 -0.830313 0.267822 0.453369 1 0 1.0
Default
0 7.566411 1.486365 -3.747170 0.256306 0.485903 -0.835587 0.267822 0.453369 1 0 1.0
0 9.272141 1.758415 -3.065758 0.274025 0.485274 -0.830313 0.267822 0.453369 1 0 1.0
0 9.382688 0.881643 -3.541701 0.274025 0.485274 -0.830313 0.267822 0.453369 1 0 1.0
Default
0 8.133133 2.437972 0.949097 0.069794 0.997560 0.001864 0.267822 0.453369 1 0 1.0
0 9.145145 2.370358 -0.758672 0.069794 0.997560 0.001864 0.267822 0.453369 1 0 1.0
0 7.028552 2.517021 0.003301 0.069794 0.997560 0.001864 0.267822 0.453369 1 0 1.0
Default
0 7.028552 2.517021 0.003301 0.069794 0.997560 0.001864 0.267822 0.453369 1 0 1.0
0 5.196584 2.663554 1.102482 0.076292 0.997069 -0.005766 0.267822 0.453369 1 0 1.0
0 8.133133 2.437972 0.949097 0.069794 0.997560 0.001864 0.267822 0.453369 1 0 1.0
Default
0 7.028552 2.517021 0.003301 -0.069066 0.984755 -0.159647 0.267822 0.453369 1 0 1.0
0 7.578865 2.195322 -2.219121 -0.069066 0.984755 -0.159647 0.267822 0.453369 1 0 1.0
0 5.250614 2.207030 -1.139659 -0.069066 0.984755 -0.159647 0.267822 0.453369 1 0 1.0
Default
0 5.419939 1.765440 -3.467911 -0.083903 0.977885 -0.191574 0.267822 0.453369 1 0 1.0
0 5.250614 2.207030 -1.139659 -0.069066 0.984755 -0.159647 0.267822 0.453369 1 0 1.0
0 7.578865 2.195322 -2.219121 -0.069066 0.984755 -0.159647 0.267822 0.453369 1 0 1.0
Default
0 -0.435120 1.397180 -3.357391 -0.159472 0.849283 -0.503277 0.267822 0.453369 1 0 1.0
0 -0.019702 1.848686 -2.727104 -0.159472 0.849283 -0.503277 0.267822 0.453369 1 0 1.0
0 2.372045 1.921508 -3.362081 -0.159472 0.849283 -0.503277 0.267822 0.453369 1 0 1.0
Default
0 -1.924637 1.996322 -1.922800 -0.149192 0.847761 -0.508963 0.267822 0.453369 1 0 1.0
0 -0.019702 1.848686 -2.727104 -0.159472 0.849283 -0.503277 0.267822 0.453369 1 0 1.0
0 -0.435120 1.397180 -3.357391 -0.159472 0.849283 -0.503277 0.267822 0.453369 1 0 1.0
Default
0 -3.046430 1.557385 -2.451947 -0.204998 0.965518 -0.160470 0.267822 0.453369 1 0 1.0
0 -5.353512 1.243437 -1.393646 -0.204998 0.965518 -0.160470 0.267822 0.453369 1 0 1.0
0 -4.342333 1.687592 -0.013020 -0.204998 0.965518 -0.160470 0.267822 0.453369 1 0 1.0
Default
0 -5.353512 1.243437 -1.393646 -0.204998 0.965518 -0.160470 0.267822 0.453369 1 0 1.0
0 -6.869073 1.243437 0.084018 -0.177009 0.967320 -0.181549 0.267822 0.453369 1 0 1.0
0 -4.342333 1.687592 -0.013020 -0.204998 0.965518 -0.160470 0.267822 0.453369 1 0 1.0
Default
0 -8.778064 1.243437 0.055970 -0.000000 1.000000 0.000000 0.266357 0.639160 1 0 1.0
0 -7.321948 1.243438 1.463751 -0.000000 1.000000 0.000000 0.266357 0.639160 1 0 1.0
0 -6.869073 1.243437 0.084018 -0.000000 1.000000 0.000000 0.266357 0.639160 1 0 1.0
Default
0 -9.290791 1.243438 1.337786 -0.000000 1.000000 0.000000 0.266357 0.639160 1 0 1.0
0 -7.321948 1.243438 1.463751 -0.000000 1.000000 0.000000 0.266357 0.639160 1 0 1.0
0 -8.778064 1.243437 0.055970 -0.000000 1.000000 0.000000 0.266357 0.639160 1 0 1.0
Default
0 -11.435665 0.852107 -0.293487 -0.084559 0.992096 -0.092711 0.266357 0.639160 1 0 1.0
0 -11.512802 1.027548 1.654243 -0.084559 0.992096 -0.092711 0.266357 0.639160 1 0 1.0
0 -10.098636 0.990901 -0.027725 -0.084559 0.992096 -0.092711 0.266357 0.639160 1 0 1.0
Default
0 -11.512802 1.027548 1.654243 -0.084559 0.992096 -0.092711 0.266357 0.639160 1 0 1.0
0 -9.290791 1.243438 1.337786 -0.112406 0.986867 -0.116010 0.266357 0.639160 1 0 1.0
0 -10.098636 0.990901 -0.027725 -0.084559 0.992096 -0.092711 0.266357 0.639160 1 0 1.0
Default
0 -4.342333 1.687592 -0.013020 -0.156290 0.971138 0.180177 0.266357 0.639160 1 0 1.0
0 -4.588888 1.293326 1.898171 -0.156290 0.971138 0.180177 0.266357 0.639160 1 0 1.0
0 -2.050490 1.993375 0.326842 -0.156290 0.971138 0.180177 0.266357 0.639160 1 0 1.0
Default
0 -2.769672 1.349071 3.168178 -0.155931 0.971092 0.180738 0.266357 0.639160 1 0 1.0
0 -2.050490 1.993375 0.326842 -0.156290 0.971138 0.180177 0.266357 0.639160 1 0 1.0
0 -4.588888 1.293326 1.898171 -0.156290 0.971138 0.180177 0.266357 0.639160 1 0 1.0
Default
0 6.711063 2.329903 2.903033 -0.027195 0.978550 0.204205 0.266357 0.639160 1 0 1.0
0 5.196584 2.663554 1.102482 -0.027195 0.978550 0.204205 0.266357 0.639160 1 0 1.0
0 4.276981 2.297592 2.733706 -0.027195 0.978550 0.204205 0.266357 0.639160 1 0 1.0
Default
0 4.276981 2.297592 2.733706 -0.027195 0.978550 0.204205 0.266357 0.639160 1 0 1.0
0 5.196584 2.663554 1.102482 -0.027195 0.978550 0.204205 0.266357 0.639160 1 0 1.0
0 1.814606 2.484013 0.934711 -0.061266 0.980735 0.185488 0.266357 0.639160 1 0 1.0
Default
0 4.276981 2.297592 2.733706 -0.127323 0.953527 0.273083 0.266357 0.639160 1 0 1.0
0 1.814606 2.484013 0.934711 -0.106324 0.957187 0.269236 0.266357 0.639160 1 0 1.0
0 2.393213 1.833893 3.474513 -0.106324 0.957187 0.269236 0.266357 0.639160 1 0 1.0
Default
0 2.393213 1.833893 3.474513 -0.106324 0.957187 0.269236 0.266357 0.639160 1 0 1.0
0 1.814606 2.484013 0.934711 -0.106324 0.957187 0.269236 0.266357 0.639160 1 0 1.0
0 0.057201 2.357520 0.690400 -0.106324 0.957187 0.269236 0.266357 0.639160 1 0 1.0
Default
0 0.057201 2.357520 0.690400 -0.106324 0.957187 0.269236 0.266357 0.639160 1 0 1.0
0 -0.612350 1.243438 4.316564 -0.111226 0.955551 0.273041 0.266357 0.639160 1 0 1.0
0 2.393213 1.833893 3.474513 -0.106324 0.957187 0.269236 0.266357 0.639160 1 0 1.0
Default
0 -2.769672 1.349071 3.168178 -0.099754 0.956156 0.275345 0.266357 0.639160 1 0 1.0
0 -0.612350 1.243438 4.316564 -0.111226 0.955551 0.273041 0.266357 0.639160 1 0 1.0
0 0.057201 2.357520 0.690400 -0.106324 0.957187 0.269236 0.266357 0.639160 1 0 1.0
Default
0 4.276981 2.297592 2.733706 -0.037591 0.931151 0.362691 0.266357 0.639160 1 0 1.0
0 5.441105 1.539110 4.801644 -0.037591 0.931151 0.362691 0.266357 0.639160 1 0 1.0
0 6.711063 2.329903 2.903033 -0.037591 0.931151 0.362691 0.266357 0.639160 1 0 1.0
Default
0 4.276981 2.297592 2.733706 -0.037591 0.931151 0.362691 0.266357 0.639160 1 0 1.0
0 2.308548 1.243438 4.912524 -0.080077 0.923732 0.374575 0.266357 0.639160 1 0 1.0
0 5.441105 1.539110 4.801644 -0.037591 0.931151 0.362691 0.266357 0.639160 1 0 1.0
Default
0 2.393213 1.833893 3.474513 -0.080077 0.923732 0.374575 0.266357 0.639160 1 0 1.0
0 2.308548 1.243438 4.912524 -0.080077 0.923732 0.374575 0.266357 0.639160 1 0 1.0
0 4.276981 2.297592 2.733706 -0.037591 0.931151 0.362691 0.266357 0.639160 1 0 1.0
Default
0 2.308548 1.243438 4.912524 -0.080077 0.923732 0.374575 0.266357 0.639160 1 0 1.0
0 2.393213 1.833893 3.474513 -0.080077 0.923732 0.374575 0.266357 0.639160 1 0 1.0
0 -0.612350 1.243438 4.316564 -0.076485 0.923920 0.374863 0.266357 0.639160 1 0 1.0
Default
0 -15.121712 0.000000 5.437618 0.021165 0.983068 0.182016 0.266357 0.639160 1 0 1.0
0 -11.205114 0.448099 2.562017 0.021165 0.983068 0.182016 0.266357 0.639160 1 0 1.0
0 -12.264699 0.544111 2.166662 0.021165 0.983068 0.182016 0.266357 0.639160 1 0 1.0
Default
0 -16.186702 0.000000 5.617676 0.032369 0.980968 0.191453 0.266357 0.639160 1 0 1.0
0 -15.121712 0.000000 5.437618 0.021165 0.983068 0.182016 0.266357 0.639160 1 0 1.0
0 -12.264699 0.544111 2.166662 0.021165 0.983068 0.182016 0.266357 0.639160 1 0 1.0
Default
0 -16.609260 0.000000 4.137616 -0.110149 0.993418 0.031448 0.266357 0.639160 1 0 1.0
0 -16.186702 0.000000 5.617676 -0.110149 0.993418 0.031448 0.266357 0.639160 1 0 1.0
0 -12.264699 0.544111 2.166662 -0.110149 0.993418 0.031448 0.266357 0.639160 1 0 1.0
Default
0 -12.599826 0.544111 1.178920 -0.107828 0.993496 0.036584 0.266357 0.639160 1 0 1.0
0 -16.609260 0.000000 4.137616 -0.110149 0.993418 0.031448 0.266357 0.639160 1 0 1.0
0 -12.264699 0.544111 2.166662 -0.110149 0.993418 0.031448 0.266357 0.639160 1 0 1.0
Default
0 4.473740 2.882432 0.066592 -0.076289 0.000000 0.997086 0.266357 0.639160 1 0 1.0
0 4.473740 3.044145 0.066592 -0.076289 0.000000 0.997086 0.266357 0.639160 1 0 1.0
0 2.805439 2.915841 -0.061054 -0.076289 0.000000 0.997086 0.266357 0.639160 1 0 1.0
Default
0 2.805439 2.754128 -0.061054 -0.076289 0.000000 0.997086 0.266357 0.639160 1 0 1.0
0 4.473740 2.882432 0.066592 -0.076289 0.000000 0.997086 0.266357 0.639160 1 0 1.0
0 2.805439 2.915841 -0.061054 -0.076289 0.000000 0.997086 0.266357 0.639160 1 0 1.0
Default
0 2.805439 2.915841 -0.061054 -0.988976 0.000000 0.148075 0.266357 0.639160 1 0 1.0
0 2.590044 2.915841 -1.499656 -0.988976 0.000000 0.148075 0.266357 0.639160 1 0 1.0
0 2.590044 2.754128 -1.499656 -0.988976 0.000000 0.148075 0.266357 0.639160 1 0 1.0
Default
0 2.805439 2.754128 -0.061054 -0.988976 0.000000 0.148075 0.266357 0.639160 1 0 1.0
0 2.805439 2.915841 -0.061054 -0.988976 0.000000 0.148075 0.266357 0.639160 1 0 1.0
0 2.590044 2.754128 -1.499656 -0.988976 0.000000 0.148075 0.266357 0.639160 1 0 1.0
Default
0 2.590044 2.915841 -1.499656 -0.607778 0.000000 -0.794107 0.266357 0.639160 1 0 1.0
0 4.343492 3.044145 -2.841675 -0.607778 0.000000 -0.794107 0.266357 0.639160 1 0 1.0
0 4.343492 2.882432 -2.841675 -0.607778 0.000000 -0.794107 0.266357 0.639160 1 0 1.0
Default
0 2.590044 2.754128 -1.499656 -0.607778 0.000000 -0.794107 0.266357 0.639160 1 0 1.0
0 2.590044 2.915841 -1.499656 -0.607778 0.000000 -0.794107 0.266357 0.639160 1 0 1.0
0 4.343492 2.882432 -2.841675 -0.607778 0.000000 -0.794107 0.266357 0.639160 1 0 1.0
Default
0 2.590044 2.754128 -1.499656 0.070571 -0.997502 -0.003160 0.266357 0.639160 1 0 1.0
0 4.343492 2.882432 -2.841675 0.070571 -0.997502 -0.003160 0.266357 0.639160 1 0 1.0
0 4.473740 2.882432 0.066592 0.070571 -0.997502 -0.003160 0.266357 0.639160 1 0 1.0
Default
0 2.805439 2.754128 -0.061054 0.077559 -0.996920 -0.011613 0.266357 0.639160 1 0 1.0
0 2.590044 2.754128 -1.499656 0.070571 -0.997502 -0.003160 0.266357 0.639160 1 0 1.0
0 4.473740 2.882432 0.066592 0.070571 -0.997502 -0.003160 0.266357 0.639160 1 0 1.0
Default
0 4.473740 3.044145 0.066592 -0.070571 0.997502 0.003161 0.266357 0.639160 1 0 1.0
0 4.343492 3.044145 -2.841675 -0.070571 0.997502 0.003161 0.266357 0.639160 1 0 1.0
0 2.590044 2.915841 -1.499656 -0.070571 0.997502 0.003161 0.266357 0.639160 1 0 1.0
Default
0 2.805439 2.915841 -0.061054 -0.077559 0.996920 0.011612 0.266357 0.639160 1 0 1.0
0 4.473740 3.044145 0.066592 -0.070571 0.997502 0.003161 0.266357 0.639160 1 0 1.0
0 2.590044 2.915841 -1.499656 -0.070571 0.997502 0.003161 0.266357 0.639160 1 0 1.0
Default
0 3.889814 2.057622 -5.385724 -0.774259 0.000000 0.632869 0.263184 0.392822 1 0 1.0
0 4.581984 1.820359 -4.538917 -0.774259 0.000000 0.632869 0.263184 0.392822 1 0 1.0
0 4.581984 1.982072 -4.538917 -0.774259 0.000000 0.632869 0.263184 0.392822 1 0 1.0
Default
0 3.889814 2.219334 -5.385724 -0.774258 0.000000 0.632870 0.263184 0.392822 1 0 1.0
0 3.889814 2.057622 -5.385724 -0.774259 0.000000 0.632869 0.263184 0.392822 1 0 1.0
0 4.581984 1.982072 -4.538917 -0.774259 0.000000 0.632869 0.263184 0.392822 1 0 1.0
Default
0 3.889814 2.219334 -5.385724 -0.940279 0.000000 -0.340405 0.263184 0.392822 1 0 1.0
0 4.623636 2.219334 -7.412718 -0.940279 0.000000 -0.340405 0.263184 0.392822 1 0 1.0
0 4.623636 2.057622 -7.412718 -0.940279 0.000000 -0.340405 0.263184 0.392822 1 0 1.0
Default
0 3.889814 2.057622 -5.385724 -0.940279 0.000000 -0.340405 0.263184 0.392822 1 0 1.0
0 3.889814 2.219334 -5.385724 -0.940279 0.000000 -0.340405 0.263184 0.392822 1 0 1.0
0 4.623636 2.057622 -7.412718 -0.940279 0.000000 -0.340405 0.263184 0.392822 1 0 1.0
Default
0 6.351056 2.114633 -5.765090 0.690196 0.000000 -0.723622 0.263184 0.392822 1 0 1.0
0 6.351056 1.952921 -5.765090 0.690196 0.000000 -0.723622 0.263184 0.392822 1 0 1.0
0 4.623636 2.057622 -7.412718 0.690196 0.000000 -0.723622 0.263184 0.392822 1 0 1.0
Default
0 4.623636 2.219334 -7.412718 0.690197 0.000000 -0.723622 0.263184 0.392822 1 0 1.0
0 6.351056 2.114633 -5.765090 0.690196 0.000000 -0.723622 0.263184 0.392822 1 0 1.0
0 4.623636 2.057622 -7.412718 0.690196 0.000000 -0.723622 0.263184 0.392822 1 0 1.0
Default
0 -7.542051 1.140824 -2.834567 -0.543517 0.000000 0.839398 0.263184 0.392822 1 0 1.0
0 -6.741693 0.903562 -2.316329 -0.543517 0.000000 0.839398 0.263184 0.392822 1 0 1.0
0 -6.741693 1.065274 -2.316329 -0.543517 0.000000 0.839398 0.263184 0.392822 1 0 1.0
Default
0 -7.542051 1.302537 -2.834567 -0.543516 0.000000 0.839399 0.263184 0.392822 1 0 1.0
0 -7.542051 1.140824 -2.834567 -0.543517 0.000000 0.839398 0.263184 0.392822 1 0 1.0
0 -6.741693 1.065274 -2.316329 -0.543517 0.000000 0.839398 0.263184 0.392822 1 0 1.0
Default
0 -6.519493 1.140824 -5.906327 -0.000000 -1.000000 0.000000 0.263184 0.392822 1 0 1.0
0 -4.143998 1.140824 -6.081647 -0.000000 -1.000000 0.000000 0.263184 0.392822 1 0 1.0
0 -7.542051 1.140824 -2.834567 -0.000000 -1.000000 0.000000 0.263184 0.392822 1 0 1.0
Default
0 -7.584745 1.140824 -4.327200 -0.000000 -1.000000 0.000000 0.263184 0.392822 1 0 1.0
0 -6.519493 1.140824 -5.906327 -0.000000 -1.000000 0.000000 0.263184 0.392822 1 0 1.0
0 -7.542051 1.140824 -2.834567 -0.000000 -1.000000 0.000000 0.263184 0.392822 1 0 1.0
Default
0 -3.006200 1.197835 -5.389159 0.171410 0.953086 0.249491 0.263184 0.392822 1 0 1.0
0 -6.741693 1.065274 -2.316329 0.171410 0.953086 0.249491 0.263184 0.392822 1 0 1.0
0 -2.267423 0.583523 -3.549978 0.171410 0.953086 0.249491 0.263184 0.392822 1 0 1.0
Default
0 -6.741693 1.065274 -2.316329 0.171410 0.953086 0.249491 0.263184 0.392822 1 0 1.0
0 -3.006200 1.197835 -5.389159 0.171410 0.953086 0.249491 0.263184 0.392822 1 0 1.0
0 -7.542051 1.302537 -2.834567 0.145008 0.965135 0.217916 0.263184 0.392822 1 0 1.0
Default
0 -3.006200 1.197835 -5.389159 0.519900 0.000000 -0.854227 0.263184 0.392822 1 0 1.0
0 -3.006200 1.036123 -5.389159 0.519900 0.000000 -0.854227 0.263184 0.392822 1 0 1.0
0 -4.143998 1.140824 -6.081647 0.519900 0.000000 -0.854227 0.263184 0.392822 1 0 1.0
Default
0 -4.143998 1.302536 -6.081647 0.519901 0.000000 -0.854227 0.263184 0.392822 1 0 1.0
0 -3.006200 1.197835 -5.389159 0.519900 0.000000 -0.854227 0.263184 0.392822 1 0 1.0
0 -4.143998 1.140824 -6.081647 0.519900 0.000000 -0.854227 0.263184 0.392822 1 0 1.0
Default
0 -7.584745 1.140824 -4.327200 -0.829009 0.000000 -0.559236 0.263184 0.392822 1 0 1.0
0 -7.584745 1.302537 -4.327200 -0.829009 0.000000 -0.559236 0.263184 0.392822 1 0 1.0
0 -6.519493 1.302537 -5.906327 -0.829009 0.000000 -0.559236 0.263184 0.392822 1 0 1.0
Default
0 -6.519493 1.140824 -5.906327 -0.829009 0.000000 -0.559235 0.263184 0.392822 1 0 1.0
0 -7.584745 1.140824 -4.327200 -0.829009 0.000000 -0.559236 0.263184 0.392822 1 0 1.0
0 -6.519493 1.302537 -5.906327 -0.829009 0.000000 -0.559236 0.263184 0.392822 1 0 1.0
Default
0 -7.542051 1.140824 -2.834567 -0.999591 0.000000 0.028591 0.263184 0.392822 1 0 1.0
0 -7.542051 1.302537 -2.834567 -0.999591 0.000000 0.028591 0.263184 0.392822 1 0 1.0
0 -7.584745 1.302537 -4.327200 -0.999591 0.000000 0.028591 0.263184 0.392822 1 0 1.0
Default
0 -7.584745 1.140824 -4.327200 -0.999591 0.000000 0.028591 0.263184 0.392822 1 0 1.0
0 -7.542051 1.140824 -2.834567 -0.999591 0.000000 0.028591 0.263184 0.392822 1 0 1.0
0 -7.584745 1.302537 -4.327200 -0.999591 0.000000 0.028591 0.263184 0.392822 1 0 1.0
Default
0 -4.143998 1.302536 -6.081647 -0.073604 0.000000 -0.997288 0.263184 0.392822 1 0 1.0
0 -4.143998 1.140824 -6.081647 -0.073604 0.000000 -0.997288 0.263184 0.392822 1 0 1.0
0 -6.519493 1.140824 -5.906327 -0.073604 0.000000 -0.997288 0.263184 0.392822 1 0 1.0
Default
0 -6.519493 1.302537 -5.906327 -0.073603 0.000000 -0.997288 0.263184 0.392822 1 0 1.0
0 -4.143998 1.302536 -6.081647 -0.073604 0.000000 -0.997288 0.263184 0.392822 1 0 1.0
0 -6.519493 1.140824 -5.906327 -0.073604 0.000000 -0.997288 0.263184 0.392822 1 0 1.0
Default
0 -7.542051 1.302537 -2.834567 -0.000000 1.000000 0.000000 0.263184 0.392822 1 0 1.0
0 -4.143998 1.302536 -6.081647 -0.000000 1.000000 0.000000 0.263184 0.392822 1 0 1.0
0 -6.519493 1.302537 -5.906327 -0.000000 1.000000 0.000000 0.263184 0.392822 1 0 1.0
Default
0 -7.584745 1.302537 -4.327200 -0.000000 1.000000 0.000000 0.263184 0.392822 1 0 1.0
0 -7.542051 1.302537 -2.834567 -0.000000 1.000000 0.000000 0.263184 0.392822 1 0 1.0
0 -6.519493 1.302537 -5.906327 -0.000000 1.000000 0.000000 0.263184 0.392822 1 0 1.0
Default
0 9.382688 -0.881643 -3.541701 0.279355 -0.388395 -0.878129 0.267822 0.453369 1 0 1.0
0 9.467031 -0.000000 -3.904819 0.284525 -0.376902 -0.881470 0.267822 0.453369 1 0 1.0
0 11.651235 -0.691704 -2.904030 0.284525 -0.376902 -0.881470 0.267822 0.453369 1 0 1.0
Default
0 9.467031 -0.000000 -3.904819 0.284525 -0.376902 -0.881470 0.267822 0.453369 1 0 1.0
0 11.789402 -0.000000 -3.155193 0.284525 -0.376902 -0.881470 0.267822 0.453369 1 0 1.0
0 11.651235 -0.691704 -2.904030 0.284525 -0.376902 -0.881470 0.267822 0.453369 1 0 1.0
Default
0 11.651235 -0.691704 -2.904030 0.284525 -0.376902 -0.881470 0.267822 0.453369 1 0 1.0
0 11.789402 -0.000000 -3.155193 0.284525 -0.376902 -0.881470 0.267822 0.453369 1 0 1.0
0 13.788260 -0.749685 -2.083122 0.322801 -0.379339 -0.867122 0.267822 0.453369 1 0 1.0
Default
0 15.192898 -1.020643 0.268967 0.550162 0.000000 -0.835058 0.267822 0.453369 1 0 1.0
0 15.192898 -0.000000 0.268967 0.550162 0.000000 -0.835058 0.267822 0.453369 1 0 1.0
0 15.912945 -0.411291 0.743356 0.550162 0.000000 -0.835058 0.267822 0.453369 1 0 1.0
Default
0 15.192898 -0.000000 0.268967 0.550162 0.000000 -0.835058 0.267822 0.453369 1 0 1.0
0 15.912945 0.000000 0.743356 0.550162 0.000000 -0.835058 0.267822 0.453369 1 0 1.0
0 15.912945 -0.411291 0.743356 0.550162 0.000000 -0.835058 0.267822 0.453369 1 0 1.0
Default
0 15.912945 0.411291 0.743356 0.550162 0.000000 -0.835058 0.267822 0.453369 1 0 1.0
0 15.912945 0.000000 0.743356 0.550162 0.000000 -0.835058 0.267822 0.453369 1 0 1.0
0 15.192898 -0.000000 0.268967 0.550162 0.000000 -0.835058 0.267822 0.453369 1 0 1.0
Default
0 15.192898 1.020643 0.268967 0.550162 0.000000 -0.835058 0.267822 0.453369 1 0 1.0
0 15.912945 0.411291 0.743356 0.550162 0.000000 -0.835058 0.267822 0.453369 1 0 1.0
0 15.192898 -0.000000 0.268967 0.550162 0.000000 -0.835058 0.267822 0.453369 1 0 1.0
Default
0 15.970136 -0.581081 0.783739 0.576804 0.000000 -0.816883 0.267822 0.453369 1 0 1.0
0 15.912945 -0.411291 0.743356 0.576804 0.000000 -0.816883 0.267822 0.453369 1 0 1.0
0 16.111677 0.000000 0.883681 0.576804 0.000000 -0.816883 0.267822 0.453369 1 0 1.0
Default
0 15.912945 -0.411291 0.743356 0.576804 0.000000 -0.816883 0.267822 0.453369 1 0 1.0
0 15.912945 0.000000 0.743356 0.576804 0.000000 -0.816883 0.267822 0.453369 1 0 1.0
0 16.111677 0.000000 0.883681 0.576804 0.000000 -0.816883 0.267822 0.453369 1 0 1.0
Default
0 16.111677 0.000000 0.883681 0.576804 0.000000 -0.816883 0.267822 0.453369 1 0 1.0
0 15.912945 0.000000 0.743356 0.576804 0.000000 -0.816883 0.267822 0.453369 1 0 1.0
0 15.912945 0.411291 0.743356 0.576804 0.000000 -0.816883 0.267822 0.453369 1 0 1.0
Default
0 15.970136 0.581081 0.783739 0.576804 0.000000 -0.816883 0.267822 0.453369 1 0 1.0
0 16.111677 0.000000 0.883681 0.576804 0.000000 -0.816883 0.267822 0.453369 1 0 1.0
0 15.912945 0.411291 0.743356 0.576804 0.000000 -0.816883 0.267822 0.453369 1 0 1.0
Default
0 9.382688 0.881643 -3.541701 0.279355 0.388395 -0.878129 0.267822 0.453369 1 0 1.0
0 11.651235 0.691704 -2.904030 0.284525 0.376902 -0.881470 0.267822 0.453369 1 0 1.0
0 9.467031 -0.000000 -3.904819 0.284525 0.376902 -0.881470 0.267822 0.453369 1 0 1.0
Default
0 11.651235 0.691704 -2.904030 0.284525 0.376902 -0.881470 0.267822 0.453369 1 0 1.0
0 11.789402 -0.000000 -3.155193 0.284525 0.376902 -0.881470 0.267822 0.453369 1 0 1.0
0 9.467031 -0.000000 -3.904819 0.284525 0.376902 -0.881470 0.267822 0.453369 1 0 1.0
Default
0 11.651235 0.691704 -2.904030 0.284525 0.376902 -0.881470 0.267822 0.453369 1 0 1.0
0 13.788260 0.749685 -2.083122 0.322801 0.379339 -0.867122 0.267822 0.453369 1 0 1.0
0 11.789402 -0.000000 -3.155193 0.284525 0.376902 -0.881470 0.267822 0.453369 1 0 1.0
end
