version 1
nodes
0 "root" -1
end
skeleton
time 0
0 0 0 0 0 0 0
end
triangles
Default
0 1.4691 9.5798 4.1589 0.9919 0.0236 0.1250 0.9844 0.9795 0 1.0
0 1.4421 10.7155 4.1589 0.9919 0.0236 0.1250 0.9844 0.9795 0 1.0
0 1.3793 10.7237 4.6553 0.9919 0.0236 0.1250 0.9844 0.9795 0 1.0
Default
0 49.2098 1.0939 3.5869 0.2050 0.8427 0.4978 0.9863 0.5469 0 1.0
0 50.4619 1.0039 3.2236 0.2050 0.8427 0.4978 0.9863 0.5469 0 1.0
0 48.7331 1.4244 3.2236 0.2050 0.8427 0.4978 0.9863 0.5469 0 1.0
Default
0 1.3793 10.7237 4.6553 0.7863 0.6114 0.0893 0.9844 0.9795 0 1.0
0 1.4421 10.7155 4.1589 0.7863 0.6114 0.0893 0.9844 0.9795 0 1.0
0 1.0321 11.2912 3.8277 0.7863 0.6114 0.0893 0.9844 0.9795 0 1.0
Default
0 1.6082 -8.8989 3.8895 0.1109 -0.9028 0.4156 0.9844 0.5488 0 1.0
0 1.9390 -9.1649 3.2236 0.1109 -0.9028 0.4156 0.9844 0.5488 0 1.0
0 4.6023 -8.8378 3.2236 0.1109 -0.9028 0.4156 0.9844 0.5488 0 1.0
Default
0 1.3671 8.9173 4.1589 0.9636 -0.1483 0.2225 0.9844 0.9795 0 1.0
0 1.4691 9.5798 4.1589 0.9636 -0.1483 0.2225 0.9844 0.9795 0 1.0
0 1.3248 9.5508 4.7645 0.9636 -0.1483 0.2225 0.9844 0.9795 0 1.0
Default
0 1.9858 -11.1506 3.2236 0.8987 0.0211 0.4381 0.9844 0.9795 0 1.0
0 1.9390 -9.1649 3.2236 0.8987 0.0211 0.4381 0.9844 0.9795 0 1.0
0 1.6082 -8.8989 3.8895 0.8987 0.0211 0.4381 0.9844 0.9795 0 1.0
Default
0 3.8979 2.6932 3.8559 0.3506 0.9365 0.0000 0.9844 0.9795 0 1.0
0 5.9658 1.9191 3.5424 0.3506 0.9365 0.0000 0.9844 0.9795 0 1.0
0 3.8979 2.6932 3.2236 0.3506 0.9365 0.0000 0.9844 0.9795 0 1.0
Default
0 2.0218 -11.6050 3.4869 0.8403 0.3201 0.4375 0.9819 0.5439 0 1.0
0 2.9202 -13.6036 3.2236 0.8403 0.3201 0.4375 0.9819 0.5439 0 1.0
0 1.9858 -11.1506 3.2236 0.8403 0.3201 0.4375 0.9819 0.5439 0 1.0
Default
0 1.3081 6.2740 4.3917 0.9665 0.0010 0.2569 0.9844 0.9795 0 1.0
0 1.4484 6.2774 3.8638 0.9665 0.0010 0.2569 0.9844 0.9795 0 1.0
0 1.3671 8.9173 4.1589 0.9665 0.0010 0.2569 0.9844 0.9795 0 1.0
Default
0 28.2914 1.1100 2.6122 0.2080 -0.2850 -0.9357 0.9844 0.5488 0 1.0
0 29.8311 0.2364 3.2205 0.2080 -0.2850 -0.9357 0.9844 0.5488 0 1.0
0 26.8648 -0.1721 2.6855 0.2080 -0.2850 -0.9357 0.9844 0.5488 0 1.0
Default
0 4.2314 -8.6272 2.3961 0.1165 -0.9488 -0.2937 0.9844 0.5488 0 1.0
0 4.6023 -8.8378 3.2236 0.1165 -0.9488 -0.2937 0.9844 0.5488 0 1.0
0 1.9390 -9.1649 3.2236 0.1165 -0.9488 -0.2937 0.9844 0.5488 0 1.0
Default
0 30.6743 -4.7261 3.2236 0.2765 -0.8461 -0.4557 0.9844 0.5488 0 1.0
0 28.3147 -5.4970 3.2236 0.2765 -0.8461 -0.4557 0.9844 0.5488 0 1.0
0 28.4139 -5.2489 2.8231 0.2765 -0.8461 -0.4557 0.9844 0.5488 0 1.0
Default
0 28.3147 -5.4970 3.2236 0.1073 -0.9033 -0.4153 0.9844 0.5488 0 1.0
0 24.5768 -5.9409 3.2236 0.1073 -0.9033 -0.4153 0.9844 0.5488 0 1.0
0 24.6737 -5.7178 2.7633 0.1073 -0.9033 -0.4153 0.9844 0.5488 0 1.0
Default
0 45.4157 -2.0161 3.2236 0.2145 -0.8874 -0.4081 0.9844 0.5488 0 1.0
0 43.2898 -2.5300 3.2236 0.2145 -0.8874 -0.4081 0.9844 0.5488 0 1.0
0 43.3484 -2.3419 2.8453 0.2145 -0.8874 -0.4081 0.9844 0.5488 0 1.0
Default
0 18.0323 0.7353 3.2236 0.0062 0.5400 -0.8416 0.9868 0.5469 0 1.0
0 21.7033 0.6928 3.2236 0.0062 0.5400 -0.8416 0.9868 0.5469 0 1.0
0 21.7033 0.2247 2.9233 0.0062 0.5400 -0.8416 0.9868 0.5469 0 1.0
Default
0 32.1135 -3.6122 2.9030 0.3922 -0.6839 -0.6152 0.9844 0.5488 0 1.0
0 32.2629 -3.8150 3.2236 0.3922 -0.6839 -0.6152 0.9844 0.5488 0 1.0
0 30.6743 -4.7261 3.2236 0.3922 -0.6839 -0.6152 0.9844 0.5488 0 1.0
Default
0 21.7033 0.6928 3.2236 -0.1058 0.6793 -0.7262 0.9868 0.5469 0 1.0
0 25.1375 1.2277 3.2236 -0.1058 0.6793 -0.7262 0.9868 0.5469 0 1.0
0 25.1375 0.7595 2.7858 -0.1058 0.6793 -0.7262 0.9868 0.5469 0 1.0
Default
0 37.3238 -2.6551 2.8981 0.2291 -0.9165 -0.3280 0.9844 0.5488 0 1.0
0 37.0755 -2.8338 3.2236 0.2291 -0.9165 -0.3280 0.9844 0.5488 0 1.0
0 34.6458 -3.4412 3.2236 0.2291 -0.9165 -0.3280 0.9844 0.5488 0 1.0
Default
0 5.9658 1.6194 2.9542 0.0640 0.8892 -0.4530 0.9844 0.9795 0 1.0
0 5.9658 1.9191 3.5424 0.0640 0.8892 -0.4530 0.9844 0.9795 0 1.0
0 10.0096 1.4657 3.2236 0.0640 0.8892 -0.4530 0.9844 0.9795 0 1.0
Default
0 34.2793 -3.2033 2.8732 0.1191 -0.7592 -0.6399 0.9844 0.5488 0 1.0
0 34.6458 -3.4412 3.2236 0.1191 -0.7592 -0.6399 0.9844 0.5488 0 1.0
0 32.2629 -3.8150 3.2236 0.1191 -0.7592 -0.6399 0.9844 0.5488 0 1.0
Default
0 1.7929 -9.1649 2.6812 0.9653 0.0227 -0.2601 0.9844 0.9795 0 1.0
0 1.9390 -9.1649 3.2236 0.9653 0.0227 -0.2601 0.9844 0.9795 0 1.0
0 1.9858 -11.1506 3.2236 0.9653 0.0227 -0.2601 0.9844 0.9795 0 1.0
Default
0 3.8979 2.6932 3.2236 0.3742 0.8263 -0.4210 0.9844 0.9795 0 1.0
0 5.9658 1.9191 3.5424 0.3742 0.8263 -0.4210 0.9844 0.9795 0 1.0
0 5.9658 1.6194 2.9542 0.3742 0.8263 -0.4210 0.9844 0.9795 0 1.0
Default
0 1.9275 -11.5456 2.8348 0.8353 0.3182 -0.4484 0.9819 0.5439 0 1.0
0 1.9858 -11.1506 3.2236 0.8353 0.3182 -0.4484 0.9819 0.5439 0 1.0
0 2.9202 -13.6036 3.2236 0.8353 0.3182 -0.4484 0.9819 0.5439 0 1.0
Default
0 1.3671 8.9173 4.1589 0.9413 0.0660 -0.3311 0.9844 0.9795 0 1.0
0 1.4484 6.2774 3.8638 0.9413 0.0660 -0.3311 0.9844 0.9795 0 1.0
0 1.1925 6.5616 3.1927 0.9413 0.0660 -0.3311 0.9844 0.9795 0 1.0
Default
0 28.2914 1.5781 3.2236 -0.2271 0.6910 -0.6863 0.9868 0.5469 0 1.0
0 31.1649 2.5224 3.2236 -0.2271 0.6910 -0.6863 0.9868 0.5469 0 1.0
0 31.1649 2.0543 2.7523 -0.2271 0.6910 -0.6863 0.9868 0.5469 0 1.0
Default
0 25.1375 1.2277 3.2236 -0.0879 0.7910 -0.6055 0.9868 0.5469 0 1.0
0 28.2914 1.5781 3.2236 -0.0879 0.7910 -0.6055 0.9868 0.5469 0 1.0
0 28.2914 1.1100 2.6122 -0.0879 0.7910 -0.6055 0.9868 0.5469 0 1.0
Default
0 33.8048 2.1244 2.7523 0.0713 0.7077 -0.7029 0.9868 0.5469 0 1.0
0 33.8048 2.5925 3.2236 0.0713 0.7077 -0.7029 0.9868 0.5469 0 1.0
0 36.8185 2.2888 3.2236 0.0713 0.7077 -0.7029 0.9868 0.5469 0 1.0
Default
0 45.3456 1.5367 2.7627 0.0955 0.8658 -0.4912 0.9868 0.5469 0 1.0
0 45.3456 1.7982 3.2236 0.0955 0.8658 -0.4912 0.9868 0.5469 0 1.0
0 48.7331 1.4244 3.2236 0.0955 0.8658 -0.4912 0.9868 0.5469 0 1.0
Default
0 1.9966 4.3235 2.9777 0.5944 0.7405 0.3136 0.9844 0.9795 0 1.0
0 2.0862 3.9455 3.7002 0.5944 0.7405 0.3136 0.9844 0.9795 0 1.0
0 3.8979 2.6932 3.2236 0.5944 0.7405 0.3136 0.9844 0.9795 0 1.0
Default
0 21.3996 -6.4081 3.2236 0.1457 -0.7839 -0.6036 0.9844 0.5488 0 1.0
0 17.7551 -7.0856 3.2236 0.1457 -0.7839 -0.6036 0.9844 0.5488 0 1.0
0 17.8623 -6.6517 2.6859 0.1457 -0.7839 -0.6036 0.9844 0.5488 0 1.0
Default
0 43.2898 -2.5300 3.2236 0.0212 -0.9255 -0.3783 0.9844 0.5488 0 1.0
0 40.2294 -2.6001 3.2236 0.0212 -0.9255 -0.3783 0.9844 0.5488 0 1.0
0 40.4919 -2.4221 2.8028 0.0212 -0.9255 -0.3783 0.9844 0.5488 0 1.0
Default
0 40.2294 -2.6001 3.2236 0.0663 -0.8952 -0.4406 0.9844 0.5488 0 1.0
0 37.0755 -2.8338 3.2236 0.0663 -0.8952 -0.4406 0.9844 0.5488 0 1.0
0 37.3238 -2.6551 2.8981 0.0663 -0.8952 -0.4406 0.9844 0.5488 0 1.0
Default
0 9.5551 -7.6463 3.2236 -0.0198 -0.9099 -0.4143 0.9844 0.5488 0 1.0
0 7.4058 -7.5996 3.2236 -0.0198 -0.9099 -0.4143 0.9844 0.5488 0 1.0
0 7.4713 -7.2227 2.3927 -0.0198 -0.9099 -0.4143 0.9844 0.5488 0 1.0
Default
0 48.8967 -0.9882 2.9066 0.4692 -0.8831 0.0000 0.9844 0.5488 0 1.0
0 50.3918 -0.1938 3.2236 0.4692 -0.8831 0.0000 0.9844 0.5488 0 1.0
0 48.8967 -0.9882 3.2236 0.4692 -0.8831 0.0000 0.9844 0.5488 0 1.0
Default
0 48.7331 1.2667 2.9066 0.2128 0.8749 -0.4351 0.9868 0.5464 0 1.0
0 48.7331 1.4244 3.2236 0.2128 0.8749 -0.4351 0.9868 0.5464 0 1.0
0 50.4619 1.0039 3.2236 0.2128 0.8749 -0.4351 0.9868 0.5464 0 1.0
Default
0 24.5768 -5.9409 3.2236 0.1223 -0.8314 -0.5420 0.9844 0.5488 0 1.0
0 21.3996 -6.4081 3.2236 0.1223 -0.8314 -0.5420 0.9844 0.5488 0 1.0
0 21.3037 -6.0346 2.6289 0.1223 -0.8314 -0.5420 0.9844 0.5488 0 1.0
Default
0 48.8967 -0.9882 3.2236 0.2271 -0.7689 -0.5976 0.9844 0.5488 0 1.0
0 45.4157 -2.0161 3.2236 0.2271 -0.7689 -0.5976 0.9844 0.5488 0 1.0
0 45.4713 -1.7056 2.8453 0.2271 -0.7689 -0.5976 0.9844 0.5488 0 1.0
Default
0 1.0321 11.2912 3.8277 0.8506 0.4688 -0.2381 0.9844 0.9795 0 1.0
0 1.4421 10.7155 4.1589 0.8506 0.4688 -0.2381 0.9844 0.9795 0 1.0
0 1.2551 10.6749 3.4112 0.8506 0.4688 -0.2381 0.9844 0.9795 0 1.0
Default
0 12.0081 -7.1568 2.5650 0.0756 -0.9142 -0.3981 0.9844 0.5488 0 1.0
0 12.3819 -7.4127 3.2236 0.0756 -0.9142 -0.3981 0.9844 0.5488 0 1.0
0 9.5551 -7.6463 3.2236 0.0756 -0.9142 -0.3981 0.9844 0.5488 0 1.0
Default
0 41.4870 0.3442 3.8090 -0.1643 0.1751 0.9707 0.9863 0.5469 0 1.0
0 42.5471 1.4981 3.7802 -0.1643 0.1751 0.9707 0.9863 0.5469 0 1.0
0 39.9023 2.1019 3.2236 -0.1643 0.1751 0.9707 0.9863 0.5469 0 1.0
Default
0 0.4161 10.0121 5.5376 0.1376 0.2878 0.9478 0.9844 0.9795 0 1.0
0 1.1109 10.8065 5.1955 0.1376 0.2878 0.9478 0.9844 0.9795 0 1.0
0 -0.0000 10.8147 5.3543 0.1376 0.2878 0.9478 0.9844 0.9795 0 1.0
Default
0 -0.0000 9.2704 5.5632 0.3865 -0.0541 0.9207 0.9844 0.9795 0 1.0
0 -0.0000 7.4678 5.4572 0.3865 -0.0541 0.9207 0.9844 0.9795 0 1.0
0 0.7072 8.5662 5.2249 0.3865 -0.0541 0.9207 0.9844 0.9795 0 1.0
Default
0 -0.0000 7.4678 5.4572 0.4911 -0.0351 0.8704 0.9844 0.9795 0 1.0
0 -0.0000 4.5103 5.3379 0.4911 -0.0351 0.8704 0.9844 0.9795 0 1.0
0 0.6508 5.8248 5.0237 0.4911 -0.0351 0.8704 0.9844 0.9795 0 1.0
Default
0 -0.0000 0.3834 5.5306 0.4755 0.0410 0.8788 0.9844 0.9795 0 1.0
0 0.6141 2.3941 5.1044 0.4755 0.0410 0.8788 0.9844 0.9795 0 1.0
0 -0.0000 4.5103 5.3379 0.4755 0.0410 0.8788 0.9844 0.9795 0 1.0
Default
0 -0.0000 -5.1954 5.4088 -0.0325 -0.1058 0.9939 0.9844 0.9795 0 1.0
0 1.7040 -4.0180 5.5898 -0.0325 -0.1058 0.9939 0.9844 0.9795 0 1.0
0 -0.0000 -2.5602 5.6892 -0.0325 -0.1058 0.9939 0.9844 0.9795 0 1.0
Default
0 0.9190 -10.2136 3.8687 0.2738 -0.0752 0.9588 0.9844 0.9795 0 1.0
0 -0.0000 -7.6064 4.3356 0.2738 -0.0752 0.9588 0.9844 0.9795 0 1.0
0 -0.0000 -12.9890 3.9135 0.2738 -0.0752 0.9588 0.9844 0.9795 0 1.0
Default
0 2.9202 -13.6036 3.2236 0.4254 0.0724 0.9021 0.9819 0.5439 0 1.0
0 2.0218 -11.6050 3.4869 0.4254 0.0724 0.9021 0.9819 0.5439 0 1.0
0 1.9563 -13.1291 3.6401 0.4254 0.0724 0.9021 0.9819 0.5439 0 1.0
Default
0 4.6023 -8.8378 3.2236 0.1805 -0.6322 0.7535 0.9863 0.5469 0 1.0
0 2.7323 -7.8508 4.4995 0.1805 -0.6322 0.7535 0.9863 0.5469 0 1.0
0 1.6082 -8.8989 3.8895 0.1805 -0.6322 0.7535 0.9863 0.5469 0 1.0
Default
0 30.6743 -4.7261 3.2236 0.3398 -0.2931 0.8937 0.9863 0.5469 0 1.0
0 30.9102 -2.0780 4.0023 0.3398 -0.2931 0.8937 0.9863 0.5469 0 1.0
0 29.6184 -3.8139 3.9243 0.3398 -0.2931 0.8937 0.9863 0.5469 0 1.0
Default
0 0.6063 11.6771 4.4372 0.2231 0.7106 0.6674 0.9844 0.9795 0 1.0
0 -0.0000 11.7706 4.5403 0.2231 0.7106 0.6674 0.9844 0.9795 0 1.0
0 1.1109 10.8065 5.1955 0.2231 0.7106 0.6674 0.9844 0.9795 0 1.0
Default
0 0.9701 9.4582 5.4009 0.1770 -0.0653 0.9820 0.9844 0.9795 0 1.0
0 0.4161 10.0121 5.5376 0.1770 -0.0653 0.9820 0.9844 0.9795 0 1.0
0 -0.0000 9.2704 5.5632 0.1770 -0.0653 0.9820 0.9844 0.9795 0 1.0
Default
0 0.9701 9.4582 5.4009 0.2063 -0.2476 0.9466 0.9844 0.9795 0 1.0
0 -0.0000 9.2704 5.5632 0.2063 -0.2476 0.9466 0.9844 0.9795 0 1.0
0 0.7072 8.5662 5.2249 0.2063 -0.2476 0.9466 0.9844 0.9795 0 1.0
Default
0 0.9958 6.9500 4.8020 0.5484 -0.0034 0.8362 0.9844 0.9795 0 1.0
0 -0.0000 7.4678 5.4572 0.5484 -0.0034 0.8362 0.9844 0.9795 0 1.0
0 0.6508 5.8248 5.0237 0.5484 -0.0034 0.8362 0.9844 0.9795 0 1.0
Default
0 1.0659 8.7679 4.8531 0.7624 -0.3341 0.5542 0.9844 0.9795 0 1.0
0 0.9701 9.4582 5.4009 0.7624 -0.3341 0.5542 0.9844 0.9795 0 1.0
0 0.7072 8.5662 5.2249 0.7624 -0.3341 0.5542 0.9844 0.9795 0 1.0
Default
0 1.3248 9.5508 4.7645 0.8744 -0.0175 0.4849 0.9844 0.9795 0 1.0
0 1.1109 10.8065 5.1955 0.8744 -0.0175 0.4849 0.9844 0.9795 0 1.0
0 0.9701 9.4582 5.4009 0.8744 -0.0175 0.4849 0.9844 0.9795 0 1.0
Default
0 1.3248 9.5508 4.7645 0.8631 -0.2349 0.4470 0.9844 0.9795 0 1.0
0 0.9701 9.4582 5.4009 0.8631 -0.2349 0.4470 0.9844 0.9795 0 1.0
0 1.0659 8.7679 4.8531 0.8631 -0.2349 0.4470 0.9844 0.9795 0 1.0
Default
0 1.3081 6.2740 4.3917 0.5851 0.2356 0.7760 0.9844 0.9795 0 1.0
0 0.6508 5.8248 5.0237 0.5851 0.2356 0.7760 0.9844 0.9795 0 1.0
0 1.6186 4.4133 4.7225 0.5851 0.2356 0.7760 0.9844 0.9795 0 1.0
Default
0 1.3081 6.2740 4.3917 0.7202 -0.0851 0.6885 0.9844 0.9795 0 1.0
0 0.9958 6.9500 4.8020 0.7316 -0.0473 0.6801 0.9844 0.9795 0 1.0
0 0.6508 5.8248 5.0237 0.7202 -0.0851 0.6885 0.9844 0.9795 0 1.0
Default
0 1.0659 8.7679 4.8531 0.7316 -0.0473 0.6801 0.9844 0.9795 0 1.0
0 0.7072 8.5662 5.2249 0.7316 -0.0473 0.6801 0.9844 0.9795 0 1.0
0 0.9958 6.9500 4.8020 0.7316 -0.0473 0.6801 0.9844 0.9795 0 1.0
Default
0 1.3081 6.2740 4.3917 0.7556 -0.0475 0.6534 0.9844 0.9795 0 1.0
0 1.0659 8.7679 4.8531 0.7316 -0.0473 0.6801 0.9844 0.9795 0 1.0
0 0.9958 6.9500 4.8020 0.7316 -0.0473 0.6801 0.9844 0.9795 0 1.0
Default
0 2.0862 3.9455 4.2878 0.2898 0.2159 0.9324 0.9844 0.9795 0 1.0
0 0.6141 2.3941 5.1044 0.2898 0.2159 0.9324 0.9844 0.9795 0 1.0
0 1.5875 0.7231 5.1888 0.2898 0.2159 0.9324 0.9844 0.9795 0 1.0
Default
0 2.0862 3.9455 4.2878 0.5922 -0.1446 0.7927 0.9844 0.9795 0 1.0
0 1.6186 4.4133 4.7225 0.5922 -0.1446 0.7927 0.9844 0.9795 0 1.0
0 0.6141 2.3941 5.1044 0.5922 -0.1446 0.7927 0.9844 0.9795 0 1.0
Default
0 1.7040 -4.0180 5.5898 0.0058 -0.1602 0.9871 0.9844 0.9795 0 1.0
0 -0.0000 -5.1954 5.4088 0.0058 -0.1602 0.9871 0.9844 0.9795 0 1.0
0 2.5450 -6.2327 5.2254 0.0058 -0.1602 0.9871 0.9844 0.9795 0 1.0
Default
0 -0.0000 -5.1954 5.4088 0.0058 -0.1602 0.9871 0.9844 0.9795 0 1.0
0 -1.7040 -4.0180 5.5898 -0.0058 -0.1602 0.9871 0.9844 0.9795 0 1.0
0 -2.5450 -6.2327 5.2254 -0.0058 -0.1602 0.9871 0.9844 0.9795 0 1.0
Default
0 2.5450 -6.2327 5.2254 0.2228 -0.1382 0.9650 0.9844 0.9795 0 1.0
0 4.4681 -6.6801 4.7174 0.2228 -0.1382 0.9650 0.9844 0.9795 0 1.0
0 3.0148 -4.1368 5.4170 0.2228 -0.1382 0.9650 0.9844 0.9795 0 1.0
Default
0 2.5450 -6.2327 5.2254 0.1492 -0.3903 0.9085 0.9844 0.9795 0 1.0
0 2.7323 -7.8508 4.4995 0.1492 -0.3903 0.9085 0.9844 0.9795 0 1.0
0 4.4681 -6.6801 4.7174 0.1492 -0.3903 0.9085 0.9844 0.9795 0 1.0
Default
0 3.0148 -4.1368 5.4170 0.1194 -0.1169 0.9859 0.9844 0.9795 0 1.0
0 1.7040 -4.0180 5.5898 0.1194 -0.1169 0.9859 0.9844 0.9795 0 1.0
0 2.5450 -6.2327 5.2254 0.1194 -0.1169 0.9859 0.9844 0.9795 0 1.0
Default
0 6.3655 -5.6709 4.9990 0.0822 -0.0909 0.9925 0.9844 0.9795 0 1.0
0 4.5085 -2.4413 5.4485 0.0822 -0.0909 0.9925 0.9844 0.9795 0 1.0
0 3.0148 -4.1368 5.4170 0.1194 -0.1169 0.9859 0.9844 0.9795 0 1.0
Default
0 2.7726 -0.6247 5.3558 -0.0282 0.0985 0.9947 0.9844 0.9795 0 1.0
0 1.5875 0.7231 5.1888 -0.0282 0.0985 0.9947 0.9844 0.9795 0 1.0
0 1.3395 -1.3827 5.3902 -0.0282 0.0985 0.9947 0.9844 0.9795 0 1.0
Default
0 1.3395 -1.3827 5.3902 -0.0020 0.0491 0.9988 0.9844 0.9795 0 1.0
0 4.5085 -2.4413 5.4485 -0.0020 0.0491 0.9988 0.9844 0.9795 0 1.0
0 2.7726 -0.6247 5.3558 -0.0020 0.0491 0.9988 0.9844 0.9795 0 1.0
Default
0 1.3395 -1.3827 5.3902 -0.0190 -0.0018 0.9998 0.9844 0.9795 0 1.0
0 3.0148 -4.1368 5.4170 -0.0190 -0.0018 0.9998 0.9844 0.9795 0 1.0
0 4.5085 -2.4413 5.4485 -0.0190 -0.0018 0.9998 0.9844 0.9795 0 1.0
Default
0 7.8188 -2.5221 4.9607 0.2370 -0.0976 0.9666 0.9863 0.5469 0 1.0
0 6.3655 -5.6709 4.9990 0.2370 -0.0976 0.9666 0.9863 0.5469 0 1.0
0 8.6666 -5.8324 4.4184 0.2370 -0.0976 0.9666 0.9863 0.5469 0 1.0
Default
0 7.8188 -2.5221 4.9607 0.0121 0.0066 0.9999 0.9844 0.9795 0 1.0
0 6.0426 -0.5843 4.9695 0.0121 0.0066 0.9999 0.9844 0.9795 0 1.0
0 6.3655 -5.6709 4.9990 0.0121 0.0066 0.9999 0.9844 0.9795 0 1.0
Default
0 6.0426 -0.5843 4.9695 0.1569 0.1393 0.9777 0.9844 0.9795 0 1.0
0 7.8188 -2.5221 4.9607 0.1569 0.1393 0.9777 0.9844 0.9795 0 1.0
0 10.2814 -0.7862 4.3182 0.1569 0.1393 0.9777 0.9844 0.9795 0 1.0
Default
0 6.0426 -0.5843 4.9695 0.1569 0.1393 0.9777 0.9844 0.9795 0 1.0
0 2.7726 -0.6247 5.3558 0.1139 0.1589 0.9807 0.9844 0.9795 0 1.0
0 4.5085 -2.4413 5.4485 0.1139 0.1589 0.9807 0.9844 0.9795 0 1.0
Default
0 3.8979 2.6932 3.8559 0.1039 0.3802 0.9190 0.9844 0.9795 0 1.0
0 2.7726 -0.6247 5.3558 0.1039 0.3802 0.9190 0.9844 0.9795 0 1.0
0 6.0426 -0.5843 4.9695 0.1039 0.3802 0.9190 0.9844 0.9795 0 1.0
Default
0 3.8979 2.6932 3.8559 0.2456 0.3289 0.9119 0.9844 0.9795 0 1.0
0 1.5875 0.7231 5.1888 0.2456 0.3289 0.9119 0.9844 0.9795 0 1.0
0 2.7726 -0.6247 5.3558 0.2456 0.3289 0.9119 0.9844 0.9795 0 1.0
Default
0 2.0862 3.9455 4.2878 0.7770 0.2336 0.5846 0.9844 0.9795 0 1.0
0 1.3081 6.2740 4.3917 0.7770 0.2336 0.5846 0.9844 0.9795 0 1.0
0 1.6186 4.4133 4.7225 0.7770 0.2336 0.5846 0.9844 0.9795 0 1.0
Default
0 1.1109 10.8065 5.1955 0.7203 0.6434 0.2593 0.9844 0.9795 0 1.0
0 1.3793 10.7237 4.6553 0.7203 0.6434 0.2593 0.9844 0.9795 0 1.0
0 0.6063 11.6771 4.4372 0.7203 0.6434 0.2593 0.9844 0.9795 0 1.0
Default
0 1.1109 10.8065 5.1955 0.8955 -0.0002 0.4450 0.9844 0.9795 0 1.0
0 1.3248 9.5508 4.7645 0.8955 -0.0002 0.4450 0.9844 0.9795 0 1.0
0 1.3793 10.7237 4.6553 0.8955 -0.0002 0.4450 0.9844 0.9795 0 1.0
Default
0 10.0096 1.4657 3.2236 0.1566 0.4470 0.8807 0.9844 0.9795 0 1.0
0 6.0426 -0.5843 4.9695 0.1566 0.4470 0.8807 0.9844 0.9795 0 1.0
0 10.2814 -0.7862 4.3182 0.1566 0.4470 0.8807 0.9844 0.9795 0 1.0
Default
0 3.8979 2.6932 3.8559 0.3041 0.4788 0.8236 0.9844 0.9795 0 1.0
0 6.0426 -0.5843 4.9695 0.3041 0.4788 0.8236 0.9844 0.9795 0 1.0
0 5.9658 1.9191 3.5424 0.3041 0.4788 0.8236 0.9844 0.9795 0 1.0
Default
0 13.5109 -3.0469 4.0826 0.0517 0.1350 0.9895 0.9863 0.5469 0 1.0
0 11.0484 -4.7827 4.4482 0.0517 0.1350 0.9895 0.9863 0.5469 0 1.0
0 13.0669 -5.7920 4.4803 0.0517 0.1350 0.9895 0.9863 0.5469 0 1.0
Default
0 13.5109 -3.0469 4.0826 0.1097 0.0533 0.9925 0.9863 0.5469 0 1.0
0 10.2814 -0.7862 4.3182 0.1097 0.0533 0.9925 0.9863 0.5469 0 1.0
0 11.0484 -4.7827 4.4482 0.1097 0.0533 0.9925 0.9863 0.5469 0 1.0
Default
0 13.9142 1.0867 3.2236 -0.1345 0.2142 0.9675 0.9863 0.5469 0 1.0
0 13.5109 -3.0469 4.0826 -0.1345 0.2142 0.9675 0.9863 0.5469 0 1.0
0 15.3679 -1.2706 3.9475 -0.1345 0.2142 0.9675 0.9863 0.5469 0 1.0
Default
0 13.9142 1.0867 3.2236 0.1970 0.1810 0.9635 0.9863 0.5469 0 1.0
0 10.2814 -0.7862 4.3182 0.1970 0.1810 0.9635 0.9863 0.5469 0 1.0
0 13.5109 -3.0469 4.0826 0.1970 0.1810 0.9635 0.9863 0.5469 0 1.0
Default
0 18.1131 -1.2302 4.2563 -0.1127 0.1072 0.9878 0.9863 0.5469 0 1.0
0 15.3679 -1.2706 3.9475 -0.1127 0.1072 0.9878 0.9863 0.5469 0 1.0
0 16.1753 -4.3387 4.3727 -0.1127 0.1072 0.9878 0.9863 0.5469 0 1.0
Default
0 10.0096 1.4657 3.2236 0.1233 0.4943 0.8605 0.9844 0.9795 0 1.0
0 5.9658 1.9191 3.5424 0.1233 0.4943 0.8605 0.9844 0.9795 0 1.0
0 6.0426 -0.5843 4.9695 0.1233 0.4943 0.8605 0.9844 0.9795 0 1.0
Default
0 13.9142 1.0867 3.2236 0.0428 0.4409 0.8965 0.9844 0.9795 0 1.0
0 10.0096 1.4657 3.2236 0.0428 0.4409 0.8965 0.9844 0.9795 0 1.0
0 10.2814 -0.7862 4.3182 0.0428 0.4409 0.8965 0.9844 0.9795 0 1.0
Default
0 3.8979 2.6932 3.8559 0.3560 0.2001 0.9128 0.9844 0.9795 0 1.0
0 2.0862 3.9455 4.2878 0.3560 0.2001 0.9128 0.9844 0.9795 0 1.0
0 1.5875 0.7231 5.1888 0.3560 0.2001 0.9128 0.9844 0.9795 0 1.0
Default
0 21.9078 -4.1368 4.2144 0.0004 -0.2105 0.9776 0.9863 0.5469 0 1.0
0 19.7278 -5.2268 3.9806 0.0004 -0.2105 0.9776 0.9863 0.5469 0 1.0
0 24.2088 -5.0250 4.0223 0.0004 -0.2105 0.9776 0.9863 0.5469 0 1.0
Default
0 18.0323 0.7353 3.2236 0.0263 0.3082 0.9509 0.9863 0.5469 0 1.0
0 13.9142 1.0867 3.2236 0.0263 0.3082 0.9509 0.9863 0.5469 0 1.0
0 15.3679 -1.2706 3.9475 0.0263 0.3082 0.9509 0.9863 0.5469 0 1.0
Default
0 22.9978 -0.7862 4.0187 0.1675 0.0031 0.9859 0.9863 0.5469 0 1.0
0 21.4637 -0.7862 4.2793 0.1675 0.0031 0.9859 0.9863 0.5469 0 1.0
0 21.9078 -4.1368 4.2144 0.1675 0.0031 0.9859 0.9863 0.5469 0 1.0
Default
0 21.9078 -4.1368 4.2144 0.0379 0.0460 0.9982 0.9863 0.5469 0 1.0
0 24.4511 -2.8046 4.0565 0.0379 0.0460 0.9982 0.9863 0.5469 0 1.0
0 22.9978 -0.7862 4.0187 0.0379 0.0460 0.9982 0.9863 0.5469 0 1.0
Default
0 25.1375 1.2277 3.2236 -0.1007 0.4561 0.8842 0.9863 0.5469 0 1.0
0 22.9978 -0.7862 4.0187 -0.1007 0.4561 0.8842 0.9863 0.5469 0 1.0
0 26.7925 -0.5036 4.3050 -0.1007 0.4561 0.8842 0.9863 0.5469 0 1.0
Default
0 21.7033 0.6928 3.2236 0.1387 0.5604 0.8165 0.9863 0.5469 0 1.0
0 21.4637 -0.7862 4.2793 0.1387 0.5604 0.8165 0.9863 0.5469 0 1.0
0 22.9978 -0.7862 4.0187 0.1387 0.5604 0.8165 0.9863 0.5469 0 1.0
Default
0 27.2366 -2.4817 4.1303 0.0106 -0.1342 0.9909 0.9863 0.5469 0 1.0
0 26.2677 -4.3387 3.8891 0.0106 -0.1342 0.9909 0.9863 0.5469 0 1.0
0 29.6184 -3.8139 3.9243 0.0106 -0.1342 0.9909 0.9863 0.5469 0 1.0
Default
0 27.2366 -2.4817 4.1303 -0.0157 -0.0915 0.9957 0.9863 0.5469 0 1.0
0 24.4511 -2.8046 4.0565 -0.0157 -0.0915 0.9957 0.9863 0.5469 0 1.0
0 26.2677 -4.3387 3.8891 0.0106 -0.1342 0.9909 0.9863 0.5469 0 1.0
Default
0 27.2366 -2.4817 4.1303 -0.0157 -0.0915 0.9957 0.9863 0.5469 0 1.0
0 26.7925 -0.5036 4.3050 -0.0157 -0.0915 0.9957 0.9863 0.5469 0 1.0
0 24.4511 -2.8046 4.0565 -0.0157 -0.0915 0.9957 0.9863 0.5469 0 1.0
Default
0 25.1375 1.2277 3.2236 -0.0665 0.4267 0.9019 0.9863 0.5469 0 1.0
0 21.7033 0.6928 3.2236 -0.0665 0.4267 0.9019 0.9863 0.5469 0 1.0
0 22.9978 -0.7862 4.0187 -0.0665 0.4267 0.9019 0.9863 0.5469 0 1.0
Default
0 21.7033 0.6928 3.2236 0.0067 0.5802 0.8144 0.9863 0.5469 0 1.0
0 18.0323 0.7353 3.2236 0.0067 0.5802 0.8144 0.9863 0.5469 0 1.0
0 21.4637 -0.7862 4.2793 0.0067 0.5802 0.8144 0.9863 0.5469 0 1.0
Default
0 29.2550 -0.9880 4.5134 -0.0317 -0.2079 0.9776 0.9863 0.5469 0 1.0
0 27.2366 -2.4817 4.1303 -0.0317 -0.2079 0.9776 0.9863 0.5469 0 1.0
0 29.6184 -3.8139 3.9243 -0.0317 -0.2079 0.9776 0.9863 0.5469 0 1.0
Default
0 29.2550 -0.9880 4.5134 -0.1055 -0.1110 0.9882 0.9863 0.5469 0 1.0
0 26.7925 -0.5036 4.3050 -0.1055 -0.1110 0.9882 0.9863 0.5469 0 1.0
0 27.2366 -2.4817 4.1303 -0.1055 -0.1110 0.9882 0.9863 0.5469 0 1.0
Default
0 28.2914 1.5781 3.2236 -0.2585 0.3546 0.8986 0.9863 0.5469 0 1.0
0 29.2550 -0.9880 4.5134 -0.2585 0.3546 0.8986 0.9863 0.5469 0 1.0
0 30.7083 0.3846 4.3899 -0.2585 0.3546 0.8986 0.9863 0.5469 0 1.0
Default
0 28.2914 1.5781 3.2236 0.0137 0.4531 0.8913 0.9863 0.5469 0 1.0
0 26.7925 -0.5036 4.3050 0.0137 0.4531 0.8913 0.9863 0.5469 0 1.0
0 29.2550 -0.9880 4.5134 0.0137 0.4531 0.8913 0.9863 0.5469 0 1.0
Default
0 28.2914 1.5781 3.2236 -0.0546 0.4910 0.8695 0.9863 0.5469 0 1.0
0 25.1375 1.2277 3.2236 -0.0546 0.4910 0.8695 0.9863 0.5469 0 1.0
0 26.7925 -0.5036 4.3050 -0.0546 0.4910 0.8695 0.9863 0.5469 0 1.0
Default
0 33.6553 0.4249 4.2347 -0.0429 -0.1543 0.9871 0.9863 0.5469 0 1.0
0 33.4131 -2.2395 3.8076 -0.0429 -0.1543 0.9871 0.9863 0.5469 0 1.0
0 35.5527 -1.2706 4.0521 -0.0429 -0.1543 0.9871 0.9863 0.5469 0 1.0
Default
0 31.1649 2.5224 3.2236 0.0399 0.4719 0.8807 0.9863 0.5469 0 1.0
0 30.7083 0.3846 4.3899 0.0399 0.4719 0.8807 0.9863 0.5469 0 1.0
0 33.6553 0.4249 4.2347 0.0399 0.4719 0.8807 0.9863 0.5469 0 1.0
Default
0 30.7083 0.3846 4.3899 -0.1640 0.4992 0.8508 0.9863 0.5469 0 1.0
0 31.1649 2.5224 3.2236 -0.1640 0.4992 0.8508 0.9863 0.5469 0 1.0
0 28.2914 1.5781 3.2236 -0.1640 0.4992 0.8508 0.9863 0.5469 0 1.0
Default
0 33.6553 0.4249 4.2347 0.1045 0.0099 0.9945 0.9863 0.5469 0 1.0
0 35.5527 -1.2706 4.0521 0.1045 0.0099 0.9945 0.9863 0.5469 0 1.0
0 35.6738 0.8286 4.0186 0.1045 0.0099 0.9945 0.9863 0.5469 0 1.0
Default
0 38.7015 0.4249 3.9690 -0.0235 -0.0937 0.9953 0.9863 0.5469 0 1.0
0 38.1363 -1.9973 3.7276 -0.0235 -0.0937 0.9953 0.9863 0.5469 0 1.0
0 41.3255 -1.4724 3.8522 -0.0235 -0.0937 0.9953 0.9863 0.5469 0 1.0
Default
0 39.9023 2.1019 3.2236 0.0640 0.3667 0.9281 0.9863 0.5469 0 1.0
0 38.7015 0.4249 3.9690 0.0640 0.3667 0.9281 0.9863 0.5469 0 1.0
0 41.4870 0.3442 3.8090 0.0640 0.3667 0.9281 0.9863 0.5469 0 1.0
Default
0 39.9023 2.1019 3.2236 0.0237 0.3918 0.9198 0.9863 0.5469 0 1.0
0 36.8185 2.2888 3.2236 0.0237 0.3918 0.9198 0.9863 0.5469 0 1.0
0 38.7015 0.4249 3.9690 0.0237 0.3918 0.9198 0.9863 0.5469 0 1.0
Default
0 -0.0000 11.7706 4.5403 0.1129 0.6442 0.7565 0.9844 0.9795 0 1.0
0 -0.0000 10.8147 5.3543 0.1129 0.6442 0.7565 0.9844 0.9795 0 1.0
0 1.1109 10.8065 5.1955 0.1129 0.6442 0.7565 0.9844 0.9795 0 1.0
Default
0 0.4161 10.0121 5.5376 0.3379 0.1072 0.9351 0.9844 0.9795 0 1.0
0 0.9701 9.4582 5.4009 0.3379 0.1072 0.9351 0.9844 0.9795 0 1.0
0 1.1109 10.8065 5.1955 0.3379 0.1072 0.9351 0.9844 0.9795 0 1.0
Default
0 -0.0000 7.4678 5.4572 0.4940 -0.1365 0.8587 0.9844 0.9795 0 1.0
0 0.9958 6.9500 4.8020 0.4940 -0.1365 0.8587 0.9844 0.9795 0 1.0
0 0.7072 8.5662 5.2249 0.4940 -0.1365 0.8587 0.9844 0.9795 0 1.0
Default
0 -0.0000 0.3834 5.5306 0.1768 0.1521 0.9724 0.9844 0.9795 0 1.0
0 1.5875 0.7231 5.1888 0.1768 0.1521 0.9724 0.9844 0.9795 0 1.0
0 0.6141 2.3941 5.1044 0.1768 0.1521 0.9724 0.9844 0.9795 0 1.0
Default
0 2.0218 -11.6050 3.4869 0.4083 0.0739 0.9099 0.9844 0.9795 0 1.0
0 0.9190 -10.2136 3.8687 0.4083 0.0739 0.9099 0.9844 0.9795 0 1.0
0 1.9563 -13.1291 3.6401 0.4083 0.0739 0.9099 0.9844 0.9795 0 1.0
Default
0 6.3655 -5.6709 4.9990 -0.0015 -0.2660 0.9640 0.9844 0.9795 0 1.0
0 3.0148 -4.1368 5.4170 -0.0015 -0.2660 0.9640 0.9844 0.9795 0 1.0
0 4.4681 -6.6801 4.7174 -0.0015 -0.2660 0.9640 0.9844 0.9795 0 1.0
Default
0 11.0484 -4.7827 4.4482 0.0337 -0.4078 0.9125 0.9863 0.5469 0 1.0
0 9.5551 -7.6463 3.2236 0.0337 -0.4078 0.9125 0.9863 0.5469 0 1.0
0 12.3819 -7.4127 3.2236 0.0337 -0.4078 0.9125 0.9863 0.5469 0 1.0
Default
0 8.6666 -5.8324 4.4184 -0.0120 -0.5541 0.8324 0.9863 0.5469 0 1.0
0 7.4058 -7.5996 3.2236 -0.0120 -0.5541 0.8324 0.9863 0.5469 0 1.0
0 9.5551 -7.6463 3.2236 -0.0120 -0.5541 0.8324 0.9863 0.5469 0 1.0
Default
0 17.3864 -5.5901 4.2301 0.0424 -0.5506 0.8337 0.9863 0.5469 0 1.0
0 15.0218 -7.2959 3.2236 0.0424 -0.5506 0.8337 0.9863 0.5469 0 1.0
0 17.7551 -7.0856 3.2236 0.0424 -0.5506 0.8337 0.9863 0.5469 0 1.0
Default
0 13.0669 -5.7920 4.4803 0.0274 -0.6197 0.7843 0.9863 0.5469 0 1.0
0 12.3819 -7.4127 3.2236 0.0274 -0.6197 0.7843 0.9863 0.5469 0 1.0
0 15.0218 -7.2959 3.2236 0.0274 -0.6197 0.7843 0.9863 0.5469 0 1.0
Default
0 16.1753 -4.3387 4.3727 -0.1897 -0.2904 0.9379 0.9863 0.5469 0 1.0
0 15.0218 -7.2959 3.2236 -0.1897 -0.2904 0.9379 0.9863 0.5469 0 1.0
0 17.3864 -5.5901 4.2301 -0.1897 -0.2904 0.9379 0.9863 0.5469 0 1.0
Default
0 19.7278 -5.2268 3.9806 0.0838 -0.4508 0.8887 0.9863 0.5469 0 1.0
0 17.7551 -7.0856 3.2236 0.0838 -0.4508 0.8887 0.9863 0.5469 0 1.0
0 21.3996 -6.4081 3.2236 0.0838 -0.4508 0.8887 0.9863 0.5469 0 1.0
Default
0 11.0484 -4.7827 4.4482 0.1965 -0.4704 0.8603 0.9863 0.5469 0 1.0
0 8.6666 -5.8324 4.4184 0.1965 -0.4704 0.8603 0.9863 0.5469 0 1.0
0 9.5551 -7.6463 3.2236 0.1965 -0.4704 0.8603 0.9863 0.5469 0 1.0
Default
0 6.3655 -5.6709 4.9990 0.2049 -0.6008 0.7727 0.9863 0.5469 0 1.0
0 4.4681 -6.6801 4.7174 0.2049 -0.6008 0.7727 0.9863 0.5469 0 1.0
0 7.4058 -7.5996 3.2236 0.2049 -0.6008 0.7727 0.9863 0.5469 0 1.0
Default
0 6.3655 -5.6709 4.9990 0.1495 -0.6248 0.7664 0.9863 0.5469 0 1.0
0 7.4058 -7.5996 3.2236 0.1495 -0.6248 0.7664 0.9863 0.5469 0 1.0
0 8.6666 -5.8324 4.4184 0.1495 -0.6248 0.7664 0.9863 0.5469 0 1.0
Default
0 19.7278 -5.2268 3.9806 0.1700 -0.5210 0.8364 0.9863 0.5469 0 1.0
0 17.3864 -5.5901 4.2301 0.1700 -0.5210 0.8364 0.9863 0.5469 0 1.0
0 17.7551 -7.0856 3.2236 0.1700 -0.5210 0.8364 0.9863 0.5469 0 1.0
Default
0 16.1753 -4.3387 4.3727 0.2310 -0.4293 0.8731 0.9863 0.5469 0 1.0
0 13.0669 -5.7920 4.4803 0.2310 -0.4293 0.8731 0.9863 0.5469 0 1.0
0 15.0218 -7.2959 3.2236 0.2310 -0.4293 0.8731 0.9863 0.5469 0 1.0
Default
0 29.6184 -3.8139 3.9243 0.1571 -0.4808 0.8627 0.9863 0.5469 0 1.0
0 28.3147 -5.4970 3.2236 0.1571 -0.4808 0.8627 0.9863 0.5469 0 1.0
0 30.6743 -4.7261 3.2236 0.1571 -0.4808 0.8627 0.9863 0.5469 0 1.0
Default
0 24.2088 -5.0250 4.0223 0.2436 -0.5800 0.7774 0.9863 0.5469 0 1.0
0 24.5768 -5.9409 3.2236 0.2436 -0.5800 0.7774 0.9863 0.5469 0 1.0
0 26.2677 -4.3387 3.8891 0.2436 -0.5800 0.7774 0.9863 0.5469 0 1.0
Default
0 24.2088 -5.0250 4.0223 0.0931 -0.6329 0.7687 0.9863 0.5469 0 1.0
0 21.3996 -6.4081 3.2236 0.0931 -0.6329 0.7687 0.9863 0.5469 0 1.0
0 24.5768 -5.9409 3.2236 0.0931 -0.6329 0.7687 0.9863 0.5469 0 1.0
Default
0 6.3655 -5.6709 4.9990 0.2727 0.0229 0.9618 0.9844 0.9795 0 1.0
0 6.0426 -0.5843 4.9695 0.2727 0.0229 0.9618 0.9844 0.9795 0 1.0
0 4.5085 -2.4413 5.4485 0.2727 0.0229 0.9618 0.9844 0.9795 0 1.0
Default
0 19.7278 -5.2268 3.9806 0.0157 -0.5237 0.8518 0.9863 0.5469 0 1.0
0 21.3996 -6.4081 3.2236 0.0157 -0.5237 0.8518 0.9863 0.5469 0 1.0
0 24.2088 -5.0250 4.0223 0.0157 -0.5237 0.8518 0.9863 0.5469 0 1.0
Default
0 11.0484 -4.7827 4.4482 0.0530 -0.1482 0.9875 0.9863 0.5469 0 1.0
0 7.8188 -2.5221 4.9607 0.0530 -0.1482 0.9875 0.9863 0.5469 0 1.0
0 8.6666 -5.8324 4.4184 0.0530 -0.1482 0.9875 0.9863 0.5469 0 1.0
Default
0 11.0484 -4.7827 4.4482 0.2046 0.0710 0.9763 0.9863 0.5469 0 1.0
0 10.2814 -0.7862 4.3182 0.2046 0.0710 0.9763 0.9863 0.5469 0 1.0
0 7.8188 -2.5221 4.9607 0.2046 0.0710 0.9763 0.9863 0.5469 0 1.0
Default
0 41.3255 -1.4724 3.8522 0.0490 -0.4414 0.8960 0.9863 0.5469 0 1.0
0 43.2898 -2.5300 3.2236 0.0490 -0.4414 0.8960 0.9863 0.5469 0 1.0
0 44.4131 -1.3513 3.7429 0.0490 -0.4414 0.8960 0.9863 0.5469 0 1.0
Default
0 41.3255 -1.4724 3.8522 0.0113 -0.4953 0.8687 0.9863 0.5469 0 1.0
0 40.2294 -2.6001 3.2236 0.0113 -0.4953 0.8687 0.9863 0.5469 0 1.0
0 43.2898 -2.5300 3.2236 0.0113 -0.4953 0.8687 0.9863 0.5469 0 1.0
Default
0 35.5527 -1.2706 4.0521 -0.0282 -0.4894 0.8716 0.9863 0.5469 0 1.0
0 37.0755 -2.8338 3.2236 -0.0282 -0.4894 0.8716 0.9863 0.5469 0 1.0
0 38.1363 -1.9973 3.7276 -0.0282 -0.4894 0.8716 0.9863 0.5469 0 1.0
Default
0 35.5527 -1.2706 4.0521 0.0184 0.0149 0.9997 0.9863 0.5469 0 1.0
0 38.7015 0.4249 3.9690 0.0579 0.0186 0.9981 0.9863 0.5469 0 1.0
0 35.6738 0.8286 4.0186 0.0184 0.0149 0.9997 0.9863 0.5469 0 1.0
Default
0 38.7015 0.4249 3.9690 0.0579 0.0186 0.9981 0.9863 0.5469 0 1.0
0 41.3255 -1.4724 3.8522 0.0579 0.0186 0.9981 0.9863 0.5469 0 1.0
0 41.4870 0.3442 3.8090 0.0579 0.0186 0.9981 0.9863 0.5469 0 1.0
Default
0 41.3255 -1.4724 3.8522 0.0579 0.0186 0.9981 0.9863 0.5469 0 1.0
0 44.4131 -1.3513 3.7429 0.0620 -0.0261 0.9977 0.9863 0.5469 0 1.0
0 44.0498 0.3845 3.7929 0.0362 -0.0212 0.9991 0.9863 0.5469 0 1.0
Default
0 44.4131 -1.3513 3.7429 0.0620 -0.0261 0.9977 0.9863 0.5469 0 1.0
0 45.7049 0.3038 3.7059 0.0620 -0.0261 0.9977 0.9863 0.5469 0 1.0
0 44.0498 0.3845 3.7929 0.0362 -0.0212 0.9991 0.9863 0.5469 0 1.0
Default
0 46.6543 -0.9476 3.6142 0.0620 -0.0261 0.9977 0.9863 0.5469 0 1.0
0 45.7049 0.3038 3.7059 0.0620 -0.0261 0.9977 0.9863 0.5469 0 1.0
0 44.4131 -1.3513 3.7429 0.0620 -0.0261 0.9977 0.9863 0.5469 0 1.0
Default
0 35.5527 -1.2706 4.0521 0.0905 -0.1196 0.9887 0.9863 0.5469 0 1.0
0 38.1363 -1.9973 3.7276 0.0905 -0.1196 0.9887 0.9863 0.5469 0 1.0
0 38.7015 0.4249 3.9690 0.0905 -0.1196 0.9887 0.9863 0.5469 0 1.0
Default
0 12.3819 -7.4127 3.2236 -0.2708 -0.5158 0.8128 0.9863 0.5469 0 1.0
0 13.0669 -5.7920 4.4803 -0.2708 -0.5158 0.8128 0.9863 0.5469 0 1.0
0 11.0484 -4.7827 4.4482 -0.2708 -0.5158 0.8128 0.9863 0.5469 0 1.0
Default
0 21.4637 -0.7862 4.2793 0.0185 -0.1902 0.9816 0.9863 0.5469 0 1.0
0 18.1131 -1.2302 4.2563 0.0185 -0.1902 0.9816 0.9863 0.5469 0 1.0
0 19.7682 -2.3606 4.0061 0.0185 -0.1902 0.9816 0.9863 0.5469 0 1.0
Default
0 30.9102 -2.0780 4.0023 0.1674 -0.2918 0.9417 0.9863 0.5469 0 1.0
0 30.6743 -4.7261 3.2236 0.1674 -0.2918 0.9417 0.9863 0.5469 0 1.0
0 32.2629 -3.8150 3.2236 0.1674 -0.2918 0.9417 0.9863 0.5469 0 1.0
Default
0 26.7925 -0.5036 4.3050 -0.0727 -0.0337 0.9968 0.9863 0.5469 0 1.0
0 22.9978 -0.7862 4.0187 -0.0727 -0.0337 0.9968 0.9863 0.5469 0 1.0
0 24.4511 -2.8046 4.0565 -0.0727 -0.0337 0.9968 0.9863 0.5469 0 1.0
Default
0 30.9102 -2.0780 4.0023 0.1812 -0.1783 0.9671 0.9863 0.5469 0 1.0
0 29.2550 -0.9880 4.5134 0.1812 -0.1783 0.9671 0.9863 0.5469 0 1.0
0 29.6184 -3.8139 3.9243 0.1812 -0.1783 0.9671 0.9863 0.5469 0 1.0
Default
0 30.9102 -2.0780 4.0023 0.2100 -0.1352 0.9683 0.9863 0.5469 0 1.0
0 30.7083 0.3846 4.3899 0.2100 -0.1352 0.9683 0.9863 0.5469 0 1.0
0 29.2550 -0.9880 4.5134 0.2100 -0.1352 0.9683 0.9863 0.5469 0 1.0
Default
0 48.9728 0.0616 3.6771 0.2127 -0.4005 0.8913 0.9863 0.5469 0 1.0
0 48.8967 -0.9882 3.2236 0.2127 -0.4005 0.8913 0.9863 0.5469 0 1.0
0 50.3918 -0.1938 3.2236 0.2127 -0.4005 0.8913 0.9863 0.5469 0 1.0
Default
0 46.6543 -0.9476 3.6142 0.1501 -0.4012 0.9036 0.9863 0.5469 0 1.0
0 48.8967 -0.9882 3.2236 0.1501 -0.4012 0.9036 0.9863 0.5469 0 1.0
0 48.9728 0.0616 3.6771 0.1501 -0.4012 0.9036 0.9863 0.5469 0 1.0
Default
0 46.6543 -0.9476 3.6142 0.0036 -0.0704 0.9975 0.9863 0.5469 0 1.0
0 48.9728 0.0616 3.6771 0.0036 -0.0704 0.9975 0.9863 0.5469 0 1.0
0 45.7049 0.3038 3.7059 0.0036 -0.0704 0.9975 0.9863 0.5469 0 1.0
Default
0 1.6242 -12.4999 2.8980 0.0832 -0.1497 -0.9852 0.9844 0.9795 0 1.0
0 -0.0000 -13.9558 2.9821 0.0832 -0.1497 -0.9852 0.9844 0.9795 0 1.0
0 0.8418 -10.4689 2.5234 0.0832 -0.1497 -0.9852 0.9844 0.9795 0 1.0
Default
0 -0.0000 -8.0265 1.0519 0.2096 -0.6211 -0.7552 0.9844 0.9795 0 1.0
0 1.5203 -8.0779 1.5162 0.2096 -0.6211 -0.7552 0.9844 0.9795 0 1.0
0 -0.0000 -9.3195 2.1154 0.2096 -0.6211 -0.7552 0.9844 0.9795 0 1.0
Default
0 -0.0000 -4.1032 -1.3139 0.1136 -0.4122 -0.9040 0.9844 0.9795 0 1.0
0 1.4233 -4.7190 -0.8543 0.1136 -0.4122 -0.9040 0.9844 0.9795 0 1.0
0 -0.0000 -6.8524 -0.0605 0.1136 -0.4122 -0.9040 0.9844 0.9795 0 1.0
Default
0 -0.0000 -0.9504 -0.8566 0.1195 0.1425 -0.9826 0.9844 0.9795 0 1.0
0 1.7579 -2.9349 -0.9307 0.1195 0.1425 -0.9826 0.9844 0.9795 0 1.0
0 -0.0000 -4.1032 -1.3139 0.1195 0.1425 -0.9826 0.9844 0.9795 0 1.0
Default
0 -0.0000 3.4585 1.1472 0.2067 0.4048 -0.8907 0.9844 0.9795 0 1.0
0 1.1423 2.2497 0.8629 0.2067 0.4048 -0.8907 0.9844 0.9795 0 1.0
0 -0.0000 -0.9504 -0.8566 0.2067 0.4048 -0.8907 0.9844 0.9795 0 1.0
Default
0 1.1423 2.2497 0.8629 0.1720 0.3766 -0.9103 0.9844 0.9795 0 1.0
0 1.8443 -0.7838 -0.3843 0.1912 0.4108 -0.8915 0.9844 0.9795 0 1.0
0 -0.0000 -0.9504 -0.8566 0.2067 0.4048 -0.8907 0.9844 0.9795 0 1.0
Default
0 -0.0000 3.4585 1.1472 0.1720 0.3766 -0.9103 0.9844 0.9795 0 1.0
0 1.0566 5.6989 2.2737 0.1720 0.3766 -0.9103 0.9844 0.9795 0 1.0
0 1.1423 2.2497 0.8629 0.1720 0.3766 -0.9103 0.9844 0.9795 0 1.0
Default
0 -0.0000 9.0339 2.7261 0.2955 0.2603 -0.9192 0.9844 0.9795 0 1.0
0 0.7819 7.6216 2.5775 0.2955 0.2603 -0.9192 0.9844 0.9795 0 1.0
0 -0.0000 3.4585 1.1472 0.2955 0.2603 -0.9192 0.9844 0.9795 0 1.0
Default
0 1.7929 -9.1649 2.6812 0.0861 -0.7183 -0.6904 0.9844 0.5488 0 1.0
0 1.5203 -8.0779 1.5162 0.0861 -0.7183 -0.6904 0.9844 0.5488 0 1.0
0 3.1173 -7.9946 1.6288 0.0861 -0.7183 -0.6904 0.9844 0.5488 0 1.0
Default
0 0.0900 15.0349 3.1574 -0.0182 0.9631 -0.2686 0.1713 0.7319 0 1.0
0 0.0432 15.0306 3.1452 -0.0182 0.9631 -0.2686 0.1705 0.7324 0 1.0
0 -0.0000 15.0366 3.1694 -0.0182 0.9631 -0.2686 0.1698 0.7334 0 1.0
Default
0 0.9694 11.2046 3.4893 0.4164 0.4930 -0.7639 0.9844 0.9795 0 1.0
0 0.8003 10.4489 2.9094 0.4164 0.4930 -0.7639 0.9844 0.9795 0 1.0
0 0.5045 11.1211 3.1820 0.4164 0.4930 -0.7639 0.9844 0.9795 0 1.0
Default
0 -0.0000 9.0339 2.7261 0.0002 0.1047 -0.9945 0.9844 0.9795 0 1.0
0 0.5310 9.3635 2.7609 0.0002 0.1047 -0.9945 0.9844 0.9795 0 1.0
0 0.7819 7.6216 2.5775 0.0002 0.1047 -0.9945 0.9844 0.9795 0 1.0
Default
0 -0.5310 9.3635 2.7609 -0.0002 0.1047 -0.9945 0.9844 0.9795 0 1.0
0 -0.0000 9.0339 2.7261 0.0002 0.1047 -0.9945 0.9844 0.9795 0 1.0
0 -0.7819 7.6216 2.5775 -0.0002 0.1047 -0.9945 0.9844 0.9795 0 1.0
Default
0 0.7819 7.6216 2.5775 0.7069 0.1740 -0.6855 0.9844 0.9795 0 1.0
0 0.5310 9.3635 2.7609 0.7069 0.1740 -0.6855 0.9844 0.9795 0 1.0
0 1.1795 8.9173 3.3164 0.7069 0.1740 -0.6855 0.9844 0.9795 0 1.0
Default
0 1.1423 2.2497 0.8629 0.7876 0.2500 -0.5632 0.9844 0.9795 0 1.0
0 1.0566 5.6989 2.2737 0.7876 0.2500 -0.5632 0.9844 0.9795 0 1.0
0 1.9966 4.3235 2.9777 0.7876 0.2500 -0.5632 0.9844 0.9795 0 1.0
Default
0 1.1925 6.5616 3.1927 0.9334 0.1822 -0.3090 0.9844 0.9795 0 1.0
0 1.0566 5.6989 2.2737 0.9334 0.1822 -0.3090 0.9844 0.9795 0 1.0
0 0.7819 7.6216 2.5775 0.9334 0.1822 -0.3090 0.9844 0.9795 0 1.0
Default
0 1.1795 8.9173 3.3164 0.8558 0.0318 -0.5163 0.9844 0.9795 0 1.0
0 1.1925 6.5616 3.1927 0.8558 0.0318 -0.5163 0.9844 0.9795 0 1.0
0 0.7819 7.6216 2.5775 0.8558 0.0318 -0.5163 0.9844 0.9795 0 1.0
Default
0 1.9966 4.3235 2.9777 0.8296 0.3406 -0.4424 0.9844 0.9795 0 1.0
0 1.0566 5.6989 2.2737 0.8296 0.3406 -0.4424 0.9844 0.9795 0 1.0
0 1.1925 6.5616 3.1927 0.8296 0.3406 -0.4424 0.9844 0.9795 0 1.0
Default
0 1.7579 -2.9349 -0.9307 0.2217 0.2317 -0.9472 0.9844 0.9795 0 1.0
0 -0.0000 -0.9504 -0.8566 0.2217 0.2317 -0.9472 0.9844 0.9795 0 1.0
0 1.8443 -0.7838 -0.3843 0.2217 0.2317 -0.9472 0.9844 0.9795 0 1.0
Default
0 3.8979 2.6932 2.3223 0.3692 0.4252 -0.8264 0.9844 0.9795 0 1.0
0 1.8443 -0.7838 -0.3843 0.3692 0.4252 -0.8264 0.9844 0.9795 0 1.0
0 1.1423 2.2497 0.8629 0.3692 0.4252 -0.8264 0.9844 0.9795 0 1.0
Default
0 0.8003 10.4489 2.9094 0.7311 0.0407 -0.6810 0.9844 0.9795 0 1.0
0 1.2551 10.6749 3.4112 0.7311 0.0407 -0.6810 0.9844 0.9795 0 1.0
0 1.2626 9.5303 3.3508 0.7311 0.0407 -0.6810 0.9844 0.9795 0 1.0
Default
0 0.8003 10.4489 2.9094 0.5740 0.4138 -0.7066 0.9844 0.9795 0 1.0
0 0.9694 11.2046 3.4893 0.5740 0.4138 -0.7066 0.9844 0.9795 0 1.0
0 1.2551 10.6749 3.4112 0.5740 0.4138 -0.7066 0.9844 0.9795 0 1.0
Default
0 1.4233 -4.7190 -0.8543 0.2699 -0.0916 -0.9585 0.9844 0.9795 0 1.0
0 -0.0000 -4.1032 -1.3139 0.2699 -0.0916 -0.9585 0.9844 0.9795 0 1.0
0 1.7579 -2.9349 -0.9307 0.2699 -0.0916 -0.9585 0.9844 0.9795 0 1.0
Default
0 2.6157 -4.5371 -0.2787 0.4465 -0.1217 -0.8865 0.9844 0.9795 0 1.0
0 1.4233 -4.7190 -0.8543 0.4465 -0.1217 -0.8865 0.9844 0.9795 0 1.0
0 1.7579 -2.9349 -0.9307 0.4465 -0.1217 -0.8865 0.9844 0.9795 0 1.0
Default
0 1.5203 -8.0779 1.5162 0.1475 -0.7069 -0.6917 0.9844 0.9795 0 1.0
0 -0.0000 -6.8524 -0.0605 0.1475 -0.7069 -0.6917 0.9844 0.9795 0 1.0
0 2.9858 -6.8230 0.5462 0.1475 -0.7069 -0.6917 0.9844 0.9795 0 1.0
Default
0 2.9858 -6.8230 0.5462 0.0869 -0.6708 -0.7365 0.9844 0.5488 0 1.0
0 3.1173 -7.9946 1.6288 0.0869 -0.6708 -0.7365 0.9844 0.5488 0 1.0
0 1.5203 -8.0779 1.5162 0.0869 -0.6708 -0.7365 0.9844 0.5488 0 1.0
Default
0 2.9858 -6.8230 0.5462 0.3356 -0.6187 -0.7104 0.9844 0.5488 0 1.0
0 5.4562 -6.6972 1.6038 0.3356 -0.6187 -0.7104 0.9844 0.5488 0 1.0
0 3.1173 -7.9946 1.6288 0.3356 -0.6187 -0.7104 0.9844 0.5488 0 1.0
Default
0 3.4963 -1.3314 0.6498 0.5643 0.1819 -0.8053 0.9844 0.9795 0 1.0
0 1.7579 -2.9349 -0.9307 0.5643 0.1819 -0.8053 0.9844 0.9795 0 1.0
0 1.8443 -0.7838 -0.3843 0.5643 0.1819 -0.8053 0.9844 0.9795 0 1.0
Default
0 3.8979 2.6932 2.3223 0.2847 0.6245 -0.7273 0.9844 0.9795 0 1.0
0 1.1423 2.2497 0.8629 0.2847 0.6245 -0.7273 0.9844 0.9795 0 1.0
0 1.9966 4.3235 2.9777 0.2847 0.6245 -0.7273 0.9844 0.9795 0 1.0
Default
0 2.6157 -4.5371 -0.2787 0.3914 -0.2556 -0.8840 0.9844 0.9795 0 1.0
0 5.4562 -6.6972 1.6038 0.3914 -0.2556 -0.8840 0.9844 0.9795 0 1.0
0 2.9858 -6.8230 0.5462 0.3914 -0.2556 -0.8840 0.9844 0.9795 0 1.0
Default
0 3.4963 -1.3314 0.6498 0.6515 0.0405 -0.7576 0.9844 0.9795 0 1.0
0 2.6157 -4.5371 -0.2787 0.6515 0.0405 -0.7576 0.9844 0.9795 0 1.0
0 1.7579 -2.9349 -0.9307 0.6515 0.0405 -0.7576 0.9844 0.9795 0 1.0
Default
0 6.4527 -1.1521 1.5271 0.0912 0.2000 -0.9755 0.9844 0.9795 0 1.0
0 4.7479 -3.8267 0.8195 0.0912 0.2000 -0.9755 0.9844 0.9795 0 1.0
0 4.8124 -0.4695 1.5138 0.0912 0.2000 -0.9755 0.9844 0.9795 0 1.0
Default
0 3.8979 2.6932 2.3223 0.5732 0.2650 -0.7754 0.9844 0.9795 0 1.0
0 3.4963 -1.3314 0.6498 0.5732 0.2650 -0.7754 0.9844 0.9795 0 1.0
0 1.8443 -0.7838 -0.3843 0.5732 0.2650 -0.7754 0.9844 0.9795 0 1.0
Default
0 3.8979 2.6932 2.3223 0.3594 0.3273 -0.8739 0.9844 0.9795 0 1.0
0 4.8124 -0.4695 1.5138 0.3594 0.3273 -0.8739 0.9844 0.9795 0 1.0
0 3.4963 -1.3314 0.6498 0.3594 0.3273 -0.8739 0.9844 0.9795 0 1.0
Default
0 4.8124 -0.4695 1.5138 0.4313 0.3385 -0.8363 0.9844 0.9795 0 1.0
0 3.8979 2.6932 2.3223 0.4313 0.3385 -0.8363 0.9844 0.9795 0 1.0
0 5.9658 1.6194 2.9542 0.4313 0.3385 -0.8363 0.9844 0.9795 0 1.0
Default
0 8.1188 -1.2837 1.9051 0.0057 0.3436 -0.9391 0.9844 0.9795 0 1.0
0 5.9658 1.6194 2.9542 0.0057 0.3436 -0.9391 0.9844 0.9795 0 1.0
0 10.0096 1.1660 2.8130 0.0057 0.3436 -0.9391 0.9844 0.9795 0 1.0
Default
0 10.6253 -1.4794 2.3251 -0.0160 0.1778 -0.9839 0.9844 0.9795 0 1.0
0 10.0096 1.1660 2.8130 -0.0160 0.1778 -0.9839 0.9844 0.9795 0 1.0
0 13.9142 0.6185 2.6507 -0.0160 0.1778 -0.9839 0.9844 0.9795 0 1.0
Default
0 7.1804 -3.8307 1.3639 0.1177 0.0922 -0.9888 0.9844 0.9795 0 1.0
0 4.9581 -5.4555 0.9479 0.1177 0.0922 -0.9888 0.9844 0.9795 0 1.0
0 6.4527 -1.1521 1.5271 0.1177 0.0922 -0.9888 0.9844 0.9795 0 1.0
Default
0 7.1804 -3.8307 1.3639 0.2244 -0.0579 -0.9728 0.9844 0.9795 0 1.0
0 7.6918 -5.9560 1.6083 0.2244 -0.0579 -0.9728 0.9844 0.9795 0 1.0
0 4.9581 -5.4555 0.9479 0.2244 -0.0579 -0.9728 0.9844 0.9795 0 1.0
Default
0 8.1188 -1.2837 1.9051 0.1778 0.2184 -0.9595 0.9844 0.9795 0 1.0
0 10.0096 1.1660 2.8130 0.1778 0.2184 -0.9595 0.9844 0.9795 0 1.0
0 10.6253 -1.4794 2.3251 0.1778 0.2184 -0.9595 0.9844 0.9795 0 1.0
Default
0 17.4265 -0.7360 2.1258 0.0359 0.4407 -0.8969 0.9844 0.5488 0 1.0
0 13.9142 0.6185 2.6507 0.0359 0.4407 -0.8969 0.9844 0.5488 0 1.0
0 18.0323 0.2671 2.6429 0.0359 0.4407 -0.8969 0.9844 0.5488 0 1.0
Default
0 21.3039 -0.7866 2.3884 0.0733 0.4435 -0.8933 0.9844 0.5488 0 1.0
0 18.0323 0.2671 2.6429 0.0359 0.4407 -0.8969 0.9844 0.5488 0 1.0
0 21.7033 0.2247 2.9233 0.0733 0.4435 -0.8933 0.9844 0.5488 0 1.0
Default
0 8.1188 -1.2837 1.9051 0.2287 0.1210 -0.9659 0.9844 0.9795 0 1.0
0 7.1804 -3.8307 1.3639 0.2287 0.1210 -0.9659 0.9844 0.9795 0 1.0
0 6.4527 -1.1521 1.5271 0.2287 0.1210 -0.9659 0.9844 0.9795 0 1.0
Default
0 11.5204 -2.2840 2.0281 -0.0766 0.2691 -0.9601 0.9844 0.9795 0 1.0
0 10.6253 -1.4794 2.3251 -0.0766 0.2691 -0.9601 0.9844 0.9795 0 1.0
0 13.9142 0.6185 2.6507 -0.0766 0.2691 -0.9601 0.9844 0.9795 0 1.0
Default
0 11.5204 -2.2840 2.0281 0.0603 0.1615 -0.9850 0.9844 0.9795 0 1.0
0 13.9142 0.6185 2.6507 0.0603 0.1615 -0.9850 0.9844 0.9795 0 1.0
0 14.4017 -1.1744 2.3866 0.0603 0.1615 -0.9850 0.9844 0.9795 0 1.0
Default
0 24.2618 -0.3819 2.5958 -0.0729 0.2179 -0.9732 0.9844 0.5488 0 1.0
0 21.7033 0.2247 2.9233 -0.0729 0.2179 -0.9732 0.9844 0.5488 0 1.0
0 25.1375 0.7595 2.7858 -0.0729 0.2179 -0.9732 0.9844 0.5488 0 1.0
Default
0 17.4265 -0.7360 2.1258 -0.1022 0.1177 -0.9878 0.9844 0.9795 0 1.0
0 14.4017 -1.1744 2.3866 -0.1022 0.1177 -0.9878 0.9844 0.9795 0 1.0
0 13.9142 0.6185 2.6507 -0.1022 0.1177 -0.9878 0.9844 0.9795 0 1.0
Default
0 11.5204 -2.2840 2.0281 -0.2055 0.1293 -0.9701 0.9844 0.9795 0 1.0
0 9.2613 -4.7114 2.1831 -0.2055 0.1293 -0.9701 0.9844 0.9795 0 1.0
0 10.6253 -1.4794 2.3251 -0.2055 0.1293 -0.9701 0.9844 0.9795 0 1.0
Default
0 11.5204 -2.2840 2.0281 0.0464 -0.1066 -0.9932 0.9844 0.9795 0 1.0
0 10.2405 -5.9467 2.3614 0.0464 -0.1066 -0.9932 0.9844 0.9795 0 1.0
0 9.2613 -4.7114 2.1831 0.0464 -0.1066 -0.9932 0.9844 0.9795 0 1.0
Default
0 11.5204 -2.2840 2.0281 0.1122 -0.1289 -0.9853 0.9844 0.9795 0 1.0
0 13.6046 -5.3206 2.6626 0.1122 -0.1289 -0.9853 0.9844 0.9795 0 1.0
0 10.2405 -5.9467 2.3614 0.1122 -0.1289 -0.9853 0.9844 0.9795 0 1.0
Default
0 17.4265 -0.7360 2.1258 -0.0564 -0.1937 -0.9794 0.9844 0.9795 0 1.0
0 16.3637 -5.1299 3.0558 -0.0564 -0.1937 -0.9794 0.9844 0.9795 0 1.0
0 14.4017 -1.1744 2.3866 -0.0564 -0.1937 -0.9794 0.9844 0.9795 0 1.0
Default
0 18.0323 0.2671 2.6429 0.0667 0.4251 -0.9027 0.9844 0.5488 0 1.0
0 21.3039 -0.7866 2.3884 0.0667 0.4251 -0.9027 0.9844 0.5488 0 1.0
0 17.4265 -0.7360 2.1258 0.0667 0.4251 -0.9027 0.9844 0.5488 0 1.0
Default
0 33.2824 0.6486 3.0285 0.0049 -0.1857 -0.9826 0.9844 0.5488 0 1.0
0 31.1649 2.0543 2.7523 0.0049 -0.1857 -0.9826 0.9844 0.5488 0 1.0
0 33.8048 2.1244 2.7523 0.0049 -0.1857 -0.9826 0.9844 0.5488 0 1.0
Default
0 29.8311 0.2364 3.2205 0.1618 -0.3558 -0.9204 0.9844 0.5488 0 1.0
0 28.2914 1.1100 2.6122 0.1618 -0.3558 -0.9204 0.9844 0.5488 0 1.0
0 31.1649 2.0543 2.7523 0.1618 -0.3558 -0.9204 0.9844 0.5488 0 1.0
Default
0 26.8648 -0.1721 2.6855 -0.0555 0.0046 -0.9984 0.9844 0.5488 0 1.0
0 25.1375 0.7595 2.7858 -0.0555 0.0046 -0.9984 0.9844 0.5488 0 1.0
0 28.2914 1.1100 2.6122 -0.0555 0.0046 -0.9984 0.9844 0.5488 0 1.0
Default
0 24.2618 -0.3819 2.5958 -0.0021 0.4682 -0.8836 0.9844 0.5488 0 1.0
0 21.3039 -0.7866 2.3884 -0.0021 0.4682 -0.8836 0.9844 0.5488 0 1.0
0 21.7033 0.2247 2.9233 -0.0021 0.4682 -0.8836 0.9844 0.5488 0 1.0
Default
0 33.2824 0.6486 3.0285 -0.0265 -0.2311 -0.9726 0.9844 0.5488 0 1.0
0 29.8311 0.2364 3.2205 -0.0265 -0.2311 -0.9726 0.9844 0.5488 0 1.0
0 31.1649 2.0543 2.7523 -0.0265 -0.2311 -0.9726 0.9844 0.5488 0 1.0
Default
0 33.2824 0.6486 3.0285 -0.0818 -0.1553 -0.9845 0.9844 0.5488 0 1.0
0 33.8048 2.1244 2.7523 -0.0818 -0.1553 -0.9845 0.9844 0.5488 0 1.0
0 35.9107 0.6936 2.8031 -0.0818 -0.1553 -0.9845 0.9844 0.5488 0 1.0
Default
0 21.8953 -2.6364 2.3382 -0.1232 -0.0124 -0.9923 0.9844 0.9795 0 1.0
0 18.2441 -5.1055 2.8224 -0.1232 -0.0124 -0.9923 0.9844 0.9795 0 1.0
0 21.3039 -0.7866 2.3884 -0.1232 -0.0124 -0.9923 0.9844 0.9795 0 1.0
Default
0 21.8953 -2.6364 2.3382 -0.2377 0.1638 -0.9574 0.9844 0.9795 0 1.0
0 20.8806 -4.3872 2.2906 -0.2377 0.1638 -0.9574 0.9844 0.9795 0 1.0
0 18.2441 -5.1055 2.8224 -0.2377 0.1638 -0.9574 0.9844 0.9795 0 1.0
Default
0 21.8953 -2.6364 2.3382 0.0625 -0.0091 -0.9980 0.9844 0.9795 0 1.0
0 23.2274 -4.2562 2.4364 0.0625 -0.0091 -0.9980 0.9844 0.9795 0 1.0
0 20.8806 -4.3872 2.2906 0.0625 -0.0091 -0.9980 0.9844 0.9795 0 1.0
Default
0 23.2274 -4.2562 2.4364 0.0625 -0.0091 -0.9980 0.9844 0.9795 0 1.0
0 24.2618 -0.3819 2.5958 0.0634 0.0474 -0.9969 0.9844 0.9795 0 1.0
0 25.4225 -3.9941 2.5792 0.0620 0.0245 -0.9978 0.9844 0.9795 0 1.0
Default
0 23.2274 -4.2562 2.4364 0.0625 -0.0091 -0.9980 0.9844 0.9795 0 1.0
0 21.8953 -2.6364 2.3382 0.0634 0.0474 -0.9969 0.9844 0.9795 0 1.0
0 24.2618 -0.3819 2.5958 0.0634 0.0474 -0.9969 0.9844 0.9795 0 1.0
Default
0 24.2618 -0.3819 2.5958 0.0634 0.0474 -0.9969 0.9844 0.9795 0 1.0
0 21.8953 -2.6364 2.3382 0.0634 0.0474 -0.9969 0.9844 0.9795 0 1.0
0 21.3039 -0.7866 2.3884 0.0634 0.0474 -0.9969 0.9844 0.9795 0 1.0
Default
0 27.4499 -3.6726 2.9598 0.1749 0.0607 -0.9827 0.9844 0.9795 0 1.0
0 25.4225 -3.9941 2.5792 0.1749 0.0607 -0.9827 0.9844 0.9795 0 1.0
0 24.2618 -0.3819 2.5958 0.1749 0.0607 -0.9827 0.9844 0.9795 0 1.0
Default
0 26.8648 -0.1721 2.6855 0.0401 -0.0714 -0.9966 0.9844 0.9795 0 1.0
0 27.4499 -3.6726 2.9598 0.0401 -0.0714 -0.9966 0.9844 0.9795 0 1.0
0 24.2618 -0.3819 2.5958 0.0401 -0.0714 -0.9966 0.9844 0.9795 0 1.0
Default
0 49.1996 -0.0560 3.1268 0.0804 -0.0047 -0.9968 0.9844 0.5488 0 1.0
0 50.4619 1.0039 3.2236 0.0804 -0.0047 -0.9968 0.9844 0.5488 0 1.0
0 50.3918 -0.1938 3.2236 0.0804 -0.0047 -0.9968 0.9844 0.5488 0 1.0
Default
0 49.1996 -0.0560 3.1268 0.1638 -0.1055 -0.9808 0.9844 0.5488 0 1.0
0 48.7331 1.2667 2.9066 0.1638 -0.1055 -0.9808 0.9844 0.5488 0 1.0
0 50.4619 1.0039 3.2236 0.1638 -0.1055 -0.9808 0.9844 0.5488 0 1.0
Default
0 50.3918 -0.1938 3.2236 0.1020 0.1972 -0.9750 0.9844 0.5488 0 1.0
0 48.8967 -0.9882 2.9066 0.1020 0.1972 -0.9750 0.9844 0.5488 0 1.0
0 49.1996 -0.0560 3.1268 0.1020 0.1972 -0.9750 0.9844 0.5488 0 1.0
Default
0 49.1996 -0.0560 3.1268 0.1100 -0.0428 -0.9930 0.9844 0.5488 0 1.0
0 46.7392 -0.8440 2.8882 0.1100 -0.0428 -0.9930 0.9844 0.5488 0 1.0
0 47.8697 0.1612 2.9701 0.1100 -0.0428 -0.9930 0.9844 0.5488 0 1.0
Default
0 48.7331 1.2667 2.9066 0.0949 -0.1308 -0.9869 0.9844 0.5488 0 1.0
0 49.1996 -0.0560 3.1268 0.0949 -0.1308 -0.9869 0.9844 0.5488 0 1.0
0 47.8697 0.1612 2.9701 0.0949 -0.1308 -0.9869 0.9844 0.5488 0 1.0
Default
0 45.3456 1.5367 2.7627 -0.0146 -0.1023 -0.9946 0.9844 0.5488 0 1.0
0 45.7442 -0.1807 2.9335 -0.0146 -0.1023 -0.9946 0.9844 0.5488 0 1.0
0 43.4548 0.4785 2.8993 -0.0146 -0.1023 -0.9946 0.9844 0.5488 0 1.0
Default
0 26.8648 -0.1721 2.6855 0.2005 0.0943 -0.9752 0.9844 0.9795 0 1.0
0 31.3951 -2.6370 3.3785 0.2005 0.0943 -0.9752 0.9844 0.9795 0 1.0
0 29.2522 -3.1521 2.8882 0.2005 0.0943 -0.9752 0.9844 0.9795 0 1.0
Default
0 26.8648 -0.1721 2.6855 0.1721 0.0396 -0.9843 0.9844 0.9795 0 1.0
0 29.8311 0.2364 3.2205 0.1721 0.0396 -0.9843 0.9844 0.9795 0 1.0
0 31.3951 -2.6370 3.3785 0.1721 0.0396 -0.9843 0.9844 0.9795 0 1.0
Default
0 25.1375 0.7595 2.7858 0.0222 0.1475 -0.9888 0.9844 0.5488 0 1.0
0 26.8648 -0.1721 2.6855 0.0222 0.1475 -0.9888 0.9844 0.5488 0 1.0
0 24.2618 -0.3819 2.5958 0.0222 0.1475 -0.9888 0.9844 0.5488 0 1.0
Default
0 0.8418 -10.4689 2.5234 0.2200 -0.1793 -0.9589 0.9844 0.9795 0 1.0
0 -0.0000 -13.9558 2.9821 0.2200 -0.1793 -0.9589 0.9844 0.9795 0 1.0
0 -0.0000 -9.3195 2.1154 0.2200 -0.1793 -0.9589 0.9844 0.9795 0 1.0
Default
0 1.6242 -12.4999 2.8980 -0.0078 -0.0489 -0.9988 0.9844 0.9795 0 1.0
0 1.3526 -13.4003 2.9443 -0.0078 -0.0489 -0.9988 0.9844 0.9795 0 1.0
0 -0.0000 -13.9558 2.9821 -0.0078 -0.0489 -0.9988 0.9844 0.9795 0 1.0
Default
0 -1.3526 -13.4003 2.9443 0.0078 -0.0489 -0.9988 0.9844 0.9795 0 1.0
0 -1.6242 -12.4999 2.8980 0.0078 -0.0489 -0.9988 0.9844 0.9795 0 1.0
0 -0.0000 -13.9558 2.9821 -0.0078 -0.0489 -0.9988 0.9844 0.9795 0 1.0
Default
0 1.5210 -6.3806 -0.3728 -0.1081 -0.2826 -0.9531 0.9844 0.9795 0 1.0
0 -0.0000 -6.8524 -0.0605 -0.1081 -0.2826 -0.9531 0.9844 0.9795 0 1.0
0 1.4233 -4.7190 -0.8543 -0.1081 -0.2826 -0.9531 0.9844 0.9795 0 1.0
Default
0 0.7819 7.6216 2.5775 0.4792 0.2033 -0.8538 0.9844 0.9795 0 1.0
0 1.0566 5.6989 2.2737 0.4792 0.2033 -0.8538 0.9844 0.9795 0 1.0
0 -0.0000 3.4585 1.1472 0.4792 0.2033 -0.8538 0.9844 0.9795 0 1.0
Default
0 0.5310 9.3635 2.7609 0.0505 0.0241 -0.9984 0.9844 0.9795 0 1.0
0 -0.0000 9.0339 2.7261 0.0505 0.0241 -0.9984 0.9844 0.9795 0 1.0
0 -0.0000 10.2085 2.7544 0.0505 0.0241 -0.9984 0.9844 0.9795 0 1.0
Default
0 46.7392 -0.8440 2.8882 0.0232 0.2227 -0.9746 0.9844 0.5488 0 1.0
0 49.1996 -0.0560 3.1268 0.0232 0.2227 -0.9746 0.9844 0.5488 0 1.0
0 48.8967 -0.9882 2.9066 0.0232 0.2227 -0.9746 0.9844 0.5488 0 1.0
Default
0 41.6797 -1.6167 2.9037 0.0118 0.1071 -0.9942 0.9844 0.5488 0 1.0
0 43.3484 -2.3419 2.8453 0.0118 0.1071 -0.9942 0.9844 0.5488 0 1.0
0 40.4919 -2.4221 2.8028 0.0118 0.1071 -0.9942 0.9844 0.5488 0 1.0
Default
0 43.7546 -1.0375 2.8765 -0.0079 0.0264 -0.9996 0.9844 0.5488 0 1.0
0 45.4713 -1.7056 2.8453 -0.0079 0.0264 -0.9996 0.9844 0.5488 0 1.0
0 43.3484 -2.3419 2.8453 -0.0079 0.0264 -0.9996 0.9844 0.5488 0 1.0
Default
0 33.2233 -2.5181 3.0794 -0.0533 0.2115 -0.9759 0.9844 0.5488 0 1.0
0 34.2793 -3.2033 2.8732 -0.0533 0.2115 -0.9759 0.9844 0.5488 0 1.0
0 32.1135 -3.6122 2.9030 -0.0533 0.2115 -0.9759 0.9844 0.5488 0 1.0
Default
0 35.4481 -1.9303 2.8206 0.0187 -0.0584 -0.9981 0.9844 0.5488 0 1.0
0 37.3238 -2.6551 2.8981 0.0187 -0.0584 -0.9981 0.9844 0.5488 0 1.0
0 34.2793 -3.2033 2.8732 0.0187 -0.0584 -0.9981 0.9844 0.5488 0 1.0
Default
0 35.4481 -1.9303 2.8206 -0.1373 0.0853 -0.9868 0.9844 0.5488 0 1.0
0 34.2793 -3.2033 2.8732 -0.1373 0.0853 -0.9868 0.9844 0.5488 0 1.0
0 33.2233 -2.5181 3.0794 -0.1373 0.0853 -0.9868 0.9844 0.5488 0 1.0
Default
0 38.5634 -1.7637 2.8596 -0.0300 -0.0016 -0.9995 0.9844 0.5488 0 1.0
0 40.4919 -2.4221 2.8028 -0.0300 -0.0016 -0.9995 0.9844 0.5488 0 1.0
0 37.3238 -2.6551 2.8981 -0.0300 -0.0016 -0.9995 0.9844 0.5488 0 1.0
Default
0 41.6797 -1.6167 2.9037 -0.0216 0.0307 -0.9993 0.9844 0.5488 0 1.0
0 43.7546 -1.0375 2.8765 -0.0216 0.0307 -0.9993 0.9844 0.5488 0 1.0
0 43.3484 -2.3419 2.8453 -0.0216 0.0307 -0.9993 0.9844 0.5488 0 1.0
Default
0 38.5634 -1.7637 2.8596 0.0088 0.1115 -0.9937 0.9844 0.5488 0 1.0
0 41.6797 -1.6167 2.9037 0.0088 0.1115 -0.9937 0.9844 0.5488 0 1.0
0 40.4919 -2.4221 2.8028 0.0088 0.1115 -0.9937 0.9844 0.5488 0 1.0
Default
0 29.2522 -3.1521 2.8882 0.0484 0.0116 -0.9988 0.9844 0.5488 0 1.0
0 30.4639 -4.4932 2.9313 0.0484 0.0116 -0.9988 0.9844 0.5488 0 1.0
0 28.4139 -5.2489 2.8231 0.0484 0.0116 -0.9988 0.9844 0.5488 0 1.0
Default
0 29.2522 -3.1521 2.8882 -0.0000 -0.0321 -0.9995 0.9844 0.5488 0 1.0
0 32.1135 -3.6122 2.9030 -0.0000 -0.0321 -0.9995 0.9844 0.5488 0 1.0
0 30.4639 -4.4932 2.9313 -0.0000 -0.0321 -0.9995 0.9844 0.5488 0 1.0
Default
0 35.4481 -1.9303 2.8206 0.0160 -0.0654 -0.9977 0.9844 0.5488 0 1.0
0 38.5634 -1.7637 2.8596 0.0160 -0.0654 -0.9977 0.9844 0.5488 0 1.0
0 37.3238 -2.6551 2.8981 0.0160 -0.0654 -0.9977 0.9844 0.5488 0 1.0
Default
0 31.3951 -2.6370 3.3785 -0.1606 -0.0129 -0.9869 0.9844 0.9795 0 1.0
0 33.2824 0.6486 3.0285 -0.1606 -0.0129 -0.9869 0.9844 0.9795 0 1.0
0 33.2233 -2.5181 3.0794 -0.1606 -0.0129 -0.9869 0.9844 0.9795 0 1.0
Default
0 31.3951 -2.6370 3.3785 -0.0459 -0.0797 -0.9958 0.9844 0.9795 0 1.0
0 29.8311 0.2364 3.2205 -0.0459 -0.0797 -0.9958 0.9844 0.9795 0 1.0
0 33.2824 0.6486 3.0285 -0.0459 -0.0797 -0.9958 0.9844 0.9795 0 1.0
Default
0 25.4225 -3.9941 2.5792 0.0308 -0.1194 -0.9924 0.9844 0.5488 0 1.0
0 28.4139 -5.2489 2.8231 0.0308 -0.1194 -0.9924 0.9844 0.5488 0 1.0
0 24.6737 -5.7178 2.7633 0.0308 -0.1194 -0.9924 0.9844 0.5488 0 1.0
Default
0 16.3637 -5.1299 3.0558 0.0217 0.2562 -0.9664 0.9844 0.5488 0 1.0
0 17.8623 -6.6517 2.6859 0.0217 0.2562 -0.9664 0.9844 0.5488 0 1.0
0 14.6866 -6.8287 2.5678 0.0217 0.2562 -0.9664 0.9844 0.5488 0 1.0
Default
0 20.8806 -4.3872 2.2906 0.0190 -0.1964 -0.9803 0.9844 0.5488 0 1.0
0 21.3037 -6.0346 2.6289 0.0190 -0.1964 -0.9803 0.9844 0.5488 0 1.0
0 17.8623 -6.6517 2.6859 0.0190 -0.1964 -0.9803 0.9844 0.5488 0 1.0
Default
0 27.4499 -3.6726 2.9598 -0.0549 0.0529 -0.9971 0.9844 0.5488 0 1.0
0 29.2522 -3.1521 2.8882 -0.0549 0.0529 -0.9971 0.9844 0.5488 0 1.0
0 28.4139 -5.2489 2.8231 -0.0549 0.0529 -0.9971 0.9844 0.5488 0 1.0
Default
0 27.4499 -3.6726 2.9598 0.1541 0.1785 -0.9718 0.9844 0.5488 0 1.0
0 28.4139 -5.2489 2.8231 0.1541 0.1785 -0.9718 0.9844 0.5488 0 1.0
0 25.4225 -3.9941 2.5792 0.1541 0.1785 -0.9718 0.9844 0.5488 0 1.0
Default
0 31.3951 -2.6370 3.3785 -0.1733 0.3256 -0.9295 0.9844 0.5488 0 1.0
0 33.2233 -2.5181 3.0794 -0.1733 0.3256 -0.9295 0.9844 0.5488 0 1.0
0 32.1135 -3.6122 2.9030 -0.1733 0.3256 -0.9295 0.9844 0.5488 0 1.0
Default
0 27.4499 -3.6726 2.9598 -0.0162 -0.0808 -0.9966 0.9844 0.9795 0 1.0
0 26.8648 -0.1721 2.6855 -0.0162 -0.0808 -0.9966 0.9844 0.9795 0 1.0
0 29.2522 -3.1521 2.8882 -0.0162 -0.0808 -0.9966 0.9844 0.9795 0 1.0
Default
0 29.2522 -3.1521 2.8882 0.0825 0.4853 -0.8705 0.9844 0.5488 0 1.0
0 31.3951 -2.6370 3.3785 0.0825 0.4853 -0.8705 0.9844 0.5488 0 1.0
0 32.1135 -3.6122 2.9030 0.0825 0.4853 -0.8705 0.9844 0.5488 0 1.0
Default
0 18.2441 -5.1055 2.8224 -0.2328 0.1424 -0.9620 0.9844 0.5488 0 1.0
0 20.8806 -4.3872 2.2906 -0.2328 0.1424 -0.9620 0.9844 0.5488 0 1.0
0 17.8623 -6.6517 2.6859 -0.2328 0.1424 -0.9620 0.9844 0.5488 0 1.0
Default
0 7.6918 -5.9560 1.6083 0.0458 -0.5316 -0.8457 0.9844 0.5488 0 1.0
0 9.7271 -7.2196 2.5128 0.0458 -0.5316 -0.8457 0.9844 0.5488 0 1.0
0 7.4713 -7.2227 2.3927 0.0458 -0.5316 -0.8457 0.9844 0.5488 0 1.0
Default
0 10.2405 -5.9467 2.3614 0.0262 -0.1286 -0.9914 0.9844 0.5488 0 1.0
0 12.0081 -7.1568 2.5650 0.0262 -0.1286 -0.9914 0.9844 0.5488 0 1.0
0 9.7271 -7.2196 2.5128 0.0262 -0.1286 -0.9914 0.9844 0.5488 0 1.0
Default
0 13.6046 -5.3206 2.6626 -0.0061 0.0584 -0.9983 0.9844 0.5488 0 1.0
0 14.6866 -6.8287 2.5678 -0.0061 0.0584 -0.9983 0.9844 0.5488 0 1.0
0 12.0081 -7.1568 2.5650 -0.0061 0.0584 -0.9983 0.9844 0.5488 0 1.0
Default
0 23.2274 -4.2562 2.4364 0.0810 -0.1406 -0.9867 0.9844 0.5488 0 1.0
0 25.4225 -3.9941 2.5792 0.0810 -0.1406 -0.9867 0.9844 0.5488 0 1.0
0 24.6737 -5.7178 2.7633 0.0810 -0.1406 -0.9867 0.9844 0.5488 0 1.0
Default
0 18.2441 -5.1055 2.8224 -0.1238 0.1175 -0.9853 0.9844 0.5488 0 1.0
0 17.8623 -6.6517 2.6859 -0.1238 0.1175 -0.9853 0.9844 0.5488 0 1.0
0 16.3637 -5.1299 3.0558 -0.1238 0.1175 -0.9853 0.9844 0.5488 0 1.0
Default
0 3.1173 -7.9946 1.6288 0.0756 -0.7127 -0.6973 0.9844 0.5488 0 1.0
0 4.2314 -8.6272 2.3961 0.0756 -0.7127 -0.6973 0.9844 0.5488 0 1.0
0 1.7929 -9.1649 2.6812 0.0756 -0.7127 -0.6973 0.9844 0.5488 0 1.0
Default
0 5.4562 -6.6972 1.6038 0.2078 -0.4814 -0.8515 0.9844 0.5488 0 1.0
0 7.4713 -7.2227 2.3927 0.2078 -0.4814 -0.8515 0.9844 0.5488 0 1.0
0 4.2314 -8.6272 2.3961 0.2078 -0.4814 -0.8515 0.9844 0.5488 0 1.0
Default
0 5.4562 -6.6972 1.6038 0.2734 -0.5087 -0.8164 0.9844 0.5488 0 1.0
0 4.2314 -8.6272 2.3961 0.2734 -0.5087 -0.8164 0.9844 0.5488 0 1.0
0 3.1173 -7.9946 1.6288 0.2734 -0.5087 -0.8164 0.9844 0.5488 0 1.0
Default
0 7.6918 -5.9560 1.6083 0.2770 -0.2229 -0.9347 0.9844 0.5488 0 1.0
0 10.2405 -5.9467 2.3614 0.2770 -0.2229 -0.9347 0.9844 0.5488 0 1.0
0 9.7271 -7.2196 2.5128 0.2770 -0.2229 -0.9347 0.9844 0.5488 0 1.0
Default
0 1.3526 -13.4003 2.9443 0.1461 -0.2036 -0.9681 0.9819 0.5439 0 1.0
0 2.9202 -13.6036 3.2236 0.1461 -0.2036 -0.9681 0.9819 0.5439 0 1.0
0 0.9345 -15.0287 3.2236 0.1461 -0.2036 -0.9681 0.9819 0.5439 0 1.0
Default
0 0.9345 -15.0287 3.2236 0.0467 -0.1805 -0.9825 0.9819 0.5439 0 1.0
0 -0.0000 -13.9558 2.9821 0.0467 -0.1805 -0.9825 0.9819 0.5439 0 1.0
0 1.3526 -13.4003 2.9443 0.0467 -0.1805 -0.9825 0.9819 0.5439 0 1.0
Default
0 1.7929 -9.1649 2.6812 0.2754 -0.6699 -0.6895 0.9844 0.9795 0 1.0
0 -0.0000 -9.3195 2.1154 0.2754 -0.6699 -0.6895 0.9844 0.9795 0 1.0
0 1.5203 -8.0779 1.5162 0.2754 -0.6699 -0.6895 0.9844 0.9795 0 1.0
Default
0 1.7929 -9.1649 2.6812 0.3078 -0.1101 -0.9451 0.9844 0.9795 0 1.0
0 0.8418 -10.4689 2.5234 0.3078 -0.1101 -0.9451 0.9844 0.9795 0 1.0
0 -0.0000 -9.3195 2.1154 0.3078 -0.1101 -0.9451 0.9844 0.9795 0 1.0
Default
0 1.9275 -11.5456 2.8348 0.1647 -0.1172 -0.9794 0.9844 0.9795 0 1.0
0 1.6242 -12.4999 2.8980 0.1647 -0.1172 -0.9794 0.9844 0.9795 0 1.0
0 0.8418 -10.4689 2.5234 0.1647 -0.1172 -0.9794 0.9844 0.9795 0 1.0
Default
0 4.7479 -3.8267 0.8195 0.4598 0.1714 -0.8713 0.9844 0.9795 0 1.0
0 3.4963 -1.3314 0.6498 0.4598 0.1714 -0.8713 0.9844 0.9795 0 1.0
0 4.8124 -0.4695 1.5138 0.4598 0.1714 -0.8713 0.9844 0.9795 0 1.0
Default
0 4.7479 -3.8267 0.8195 0.4139 0.1465 -0.8984 0.9844 0.9795 0 1.0
0 2.6157 -4.5371 -0.2787 0.4139 0.1465 -0.8984 0.9844 0.9795 0 1.0
0 3.4963 -1.3314 0.6498 0.4139 0.1465 -0.8984 0.9844 0.9795 0 1.0
Default
0 4.7479 -3.8267 0.8195 0.4088 -0.0192 -0.9124 0.9844 0.9795 0 1.0
0 6.4527 -1.1521 1.5271 0.4088 -0.0192 -0.9124 0.9844 0.9795 0 1.0
0 4.9581 -5.4555 0.9479 0.4088 -0.0192 -0.9124 0.9844 0.9795 0 1.0
Default
0 2.6157 -4.5371 -0.2787 0.4606 -0.0105 -0.8875 0.9844 0.9795 0 1.0
0 4.7479 -3.8267 0.8195 0.4606 -0.0105 -0.8875 0.9844 0.9795 0 1.0
0 4.9581 -5.4555 0.9479 0.4606 -0.0105 -0.8875 0.9844 0.9795 0 1.0
Default
0 9.2613 -4.7114 2.1831 0.3854 0.0538 -0.9212 0.9844 0.9795 0 1.0
0 7.1804 -3.8307 1.3639 0.3854 0.0538 -0.9212 0.9844 0.9795 0 1.0
0 8.1188 -1.2837 1.9051 0.3854 0.0538 -0.9212 0.9844 0.9795 0 1.0
Default
0 9.2613 -4.7114 2.1831 0.3585 -0.0211 -0.9333 0.9844 0.9795 0 1.0
0 7.6918 -5.9560 1.6083 0.3585 -0.0211 -0.9333 0.9844 0.9795 0 1.0
0 7.1804 -3.8307 1.3639 0.3585 -0.0211 -0.9333 0.9844 0.9795 0 1.0
Default
0 5.4562 -6.6972 1.6038 0.3316 -0.3332 -0.8826 0.9844 0.9795 0 1.0
0 2.6157 -4.5371 -0.2787 0.3316 -0.3332 -0.8826 0.9844 0.9795 0 1.0
0 4.9581 -5.4555 0.9479 0.3316 -0.3332 -0.8826 0.9844 0.9795 0 1.0
Default
0 9.2613 -4.7114 2.1831 0.1632 -0.0256 -0.9863 0.9844 0.9795 0 1.0
0 8.1188 -1.2837 1.9051 0.1632 -0.0256 -0.9863 0.9844 0.9795 0 1.0
0 10.6253 -1.4794 2.3251 0.1632 -0.0256 -0.9863 0.9844 0.9795 0 1.0
Default
0 5.4562 -6.6972 1.6038 0.1403 -0.4178 -0.8976 0.9844 0.9795 0 1.0
0 4.9581 -5.4555 0.9479 0.1403 -0.4178 -0.8976 0.9844 0.9795 0 1.0
0 7.6918 -5.9560 1.6083 0.1403 -0.4178 -0.8976 0.9844 0.9795 0 1.0
Default
0 7.4713 -7.2227 2.3927 0.1808 -0.5403 -0.8218 0.9844 0.5488 0 1.0
0 5.4562 -6.6972 1.6038 0.1808 -0.5403 -0.8218 0.9844 0.5488 0 1.0
0 7.6918 -5.9560 1.6083 0.1808 -0.5403 -0.8218 0.9844 0.5488 0 1.0
Default
0 7.6918 -5.9560 1.6083 0.2820 0.0857 -0.9556 0.9844 0.9795 0 1.0
0 9.2613 -4.7114 2.1831 0.2820 0.0857 -0.9556 0.9844 0.9795 0 1.0
0 10.2405 -5.9467 2.3614 0.2820 0.0857 -0.9556 0.9844 0.9795 0 1.0
Default
0 18.2441 -5.1055 2.8224 0.0650 -0.1452 -0.9873 0.9844 0.9795 0 1.0
0 17.4265 -0.7360 2.1258 0.0650 -0.1452 -0.9873 0.9844 0.9795 0 1.0
0 21.3039 -0.7866 2.3884 0.0650 -0.1452 -0.9873 0.9844 0.9795 0 1.0
Default
0 18.2441 -5.1055 2.8224 -0.1189 -0.1780 -0.9768 0.9844 0.9795 0 1.0
0 16.3637 -5.1299 3.0558 -0.1189 -0.1780 -0.9768 0.9844 0.9795 0 1.0
0 17.4265 -0.7360 2.1258 -0.1189 -0.1780 -0.9768 0.9844 0.9795 0 1.0
Default
0 14.6866 -6.8287 2.5678 0.1290 0.1541 -0.9796 0.9844 0.5488 0 1.0
0 13.6046 -5.3206 2.6626 0.1290 0.1541 -0.9796 0.9844 0.5488 0 1.0
0 16.3637 -5.1299 3.0558 0.1290 0.1541 -0.9796 0.9844 0.5488 0 1.0
Default
0 12.0081 -7.1568 2.5650 0.0946 -0.0294 -0.9951 0.9844 0.5488 0 1.0
0 10.2405 -5.9467 2.3614 0.0946 -0.0294 -0.9951 0.9844 0.5488 0 1.0
0 13.6046 -5.3206 2.6626 0.0946 -0.0294 -0.9951 0.9844 0.5488 0 1.0
Default
0 1.7929 -9.1649 2.6812 0.2295 -0.0497 -0.9720 0.9844 0.9795 0 1.0
0 1.9275 -11.5456 2.8348 0.2295 -0.0497 -0.9720 0.9844 0.9795 0 1.0
0 0.8418 -10.4689 2.5234 0.2295 -0.0497 -0.9720 0.9844 0.9795 0 1.0
Default
0 -0.0000 10.8147 5.3543 -0.1751 0.1320 0.9757 0.9844 0.9795 0 1.0
0 -0.0000 9.2704 5.5632 -0.1751 0.1320 0.9757 0.9844 0.9795 0 1.0
0 0.4161 10.0121 5.5376 -0.1751 0.1320 0.9757 0.9844 0.9795 0 1.0
Default
0 0.5310 9.3635 2.7609 0.1619 0.0942 -0.9823 0.9844 0.9795 0 1.0
0 -0.0000 10.2085 2.7544 0.1619 0.0942 -0.9823 0.9844 0.9795 0 1.0
0 0.8003 10.4489 2.9094 0.1619 0.0942 -0.9823 0.9844 0.9795 0 1.0
Default
0 1.2570 10.9469 4.5839 0.9065 -0.0228 -0.4216 0.9824 0.5176 0 1.0
0 1.4137 10.8167 4.9278 0.9065 -0.0228 -0.4216 0.9824 0.5176 0 1.0
0 1.3213 10.5141 4.7455 0.9065 -0.0228 -0.4216 0.9824 0.5176 0 1.0
Default
0 1.0685 11.1223 4.8279 0.6661 0.7455 -0.0212 0.9824 0.5176 0 1.0
0 1.4137 10.8167 4.9278 0.6661 0.7455 -0.0212 0.9824 0.5176 0 1.0
0 1.2570 10.9469 4.5839 0.6661 0.7455 -0.0212 0.9824 0.5176 0 1.0
Default
0 1.4137 10.8167 4.9278 0.8750 -0.4162 0.2472 0.9824 0.5176 0 1.0
0 1.1803 10.4220 5.0894 0.8750 -0.4162 0.2472 0.9824 0.5176 0 1.0
0 1.3213 10.5141 4.7455 0.8750 -0.4162 0.2472 0.9824 0.5176 0 1.0
Default
0 1.0685 11.1223 4.8279 0.3139 0.5961 0.7390 0.9824 0.5176 0 1.0
0 1.1027 10.7771 5.0919 0.3139 0.5961 0.7390 0.9824 0.5176 0 1.0
0 1.4137 10.8167 4.9278 0.3139 0.5961 0.7390 0.9824 0.5176 0 1.0
Default
0 1.4137 10.8167 4.9278 0.4553 0.0933 0.8854 0.9824 0.5176 0 1.0
0 1.1027 10.7771 5.0919 0.4553 0.0933 0.8854 0.9824 0.5176 0 1.0
0 1.1803 10.4220 5.0894 0.4553 0.0933 0.8854 0.9824 0.5176 0 1.0
Default
0 1.2113 -6.4491 0.1174 -0.6874 -0.7214 -0.0845 0.1779 0.7388 0 1.0
0 1.4037 -6.3429 -2.3546 -0.6874 -0.7214 -0.0845 0.1779 0.7388 0 1.0
0 1.6499 -6.5776 -2.3533 -0.6874 -0.7214 -0.0845 0.1779 0.7388 0 1.0
Default
0 1.8762 -6.4505 0.3575 0.8552 0.5157 0.0520 0.1779 0.7388 0 1.0
0 1.8960 -6.2170 -2.2856 0.8552 0.5157 0.0520 0.1779 0.7388 0 1.0
0 1.7469 -5.9648 -2.3337 0.8552 0.5157 0.0520 0.1779 0.7388 0 1.0
Default
0 1.4075 -6.3640 -2.6208 -0.7547 -0.6308 0.1803 0.1779 0.7388 0 1.0
0 1.6457 -6.6491 -2.6212 -0.7547 -0.6308 0.1803 0.1779 0.7388 0 1.0
0 1.6499 -6.5776 -2.3533 -0.7547 -0.6308 0.1803 0.1779 0.7388 0 1.0
Default
0 1.8028 -6.1685 -5.2140 0.6463 0.7619 -0.0413 0.1779 0.7388 0 1.0
0 1.7557 -6.0024 -2.8874 0.6463 0.7619 -0.0413 0.1779 0.7388 0 1.0
0 2.0055 -6.2142 -2.8853 0.6463 0.7619 -0.0413 0.1779 0.7388 0 1.0
Default
0 1.7557 -6.0024 -2.8874 0.7586 0.5283 -0.3813 0.1779 0.7388 0 1.0
0 1.7767 -5.8213 -2.5947 0.7586 0.5283 -0.3813 0.1779 0.7388 0 1.0
0 2.0074 -6.1540 -2.5966 0.7586 0.5283 -0.3813 0.1779 0.7388 0 1.0
Default
0 1.5614 -6.2406 -5.2187 -0.9906 -0.1198 0.0656 0.1779 0.7388 0 1.0
0 1.2656 -4.0536 -5.6892 -0.9906 -0.1198 0.0656 0.1779 0.7388 0 1.0
0 1.5219 -6.1379 -5.6271 -0.9906 -0.1198 0.0656 0.1779 0.7388 0 1.0
Default
0 2.1087 -6.2300 -5.6054 0.8990 -0.4165 0.1356 0.1779 0.7388 0 1.0
0 2.9942 -4.3250 -5.6252 0.8990 -0.4165 0.1356 0.1779 0.7388 0 1.0
0 2.0103 -6.3111 -5.2021 0.8990 -0.4165 0.1356 0.1779 0.7388 0 1.0
Default
0 1.5219 -6.1379 -5.6271 -0.9951 -0.0551 0.0823 0.1779 0.7388 0 1.0
0 1.5410 -6.4635 -5.6139 -0.9951 -0.0551 0.0823 0.1779 0.7388 0 1.0
0 1.5614 -6.2406 -5.2187 -0.9951 -0.0551 0.0823 0.1779 0.7388 0 1.0
Default
0 1.7557 -6.0024 -2.8874 -0.3650 0.9119 -0.1878 0.1779 0.7388 0 1.0
0 1.4527 -6.1262 -2.9001 -0.3650 0.9119 -0.1878 0.1779 0.7388 0 1.0
0 1.4546 -6.0660 -2.6113 -0.3650 0.9119 -0.1878 0.1779 0.7388 0 1.0
Default
0 1.8028 -6.1685 -5.2140 -0.2848 0.9567 -0.0605 0.1779 0.7388 0 1.0
0 1.5614 -6.2406 -5.2187 -0.2848 0.9567 -0.0605 0.1779 0.7388 0 1.0
0 1.4527 -6.1262 -2.9001 -0.2848 0.9567 -0.0605 0.1779 0.7388 0 1.0
Default
0 1.4546 -6.0660 -2.6113 -0.4547 0.8763 0.1593 0.1779 0.7388 0 1.0
0 1.4387 -6.1223 -2.3475 -0.4547 0.8763 0.1593 0.1779 0.7388 0 1.0
0 1.7469 -5.9648 -2.3337 -0.4547 0.8763 0.1593 0.1779 0.7388 0 1.0
Default
0 1.7469 -5.9648 -2.3337 -0.4551 0.8904 0.0064 0.1779 0.7388 0 1.0
0 1.4387 -6.1223 -2.3475 -0.4551 0.8904 0.0064 0.1779 0.7388 0 1.0
0 1.2505 -6.2373 0.2625 -0.4551 0.8904 0.0064 0.1779 0.7388 0 1.0
Default
0 1.8323 -6.6725 0.2049 0.5655 -0.8217 -0.0708 0.1779 0.7388 0 1.0
0 1.6499 -6.5776 -2.3533 0.5655 -0.8217 -0.0708 0.1779 0.7388 0 1.0
0 1.8611 -6.4375 -2.2926 0.5655 -0.8217 -0.0708 0.1779 0.7388 0 1.0
Default
0 1.9900 -6.5340 -5.5973 0.9218 -0.3560 0.1533 0.1779 0.7388 0 1.0
0 2.1087 -6.2300 -5.6054 0.9218 -0.3560 0.1533 0.1779 0.7388 0 1.0
0 2.0103 -6.3111 -5.2021 0.9218 -0.3560 0.1533 0.1779 0.7388 0 1.0
Default
0 1.5210 -6.3806 -0.3728 0.1272 -0.7992 -0.5875 0.9844 0.9795 0 1.0
0 2.9858 -6.8230 0.5462 0.1272 -0.7992 -0.5875 0.9844 0.9795 0 1.0
0 -0.0000 -6.8524 -0.0605 0.1272 -0.7992 -0.5875 0.9844 0.9795 0 1.0
Default
0 -0.0000 -6.8524 -0.0605 0.1946 -0.6746 -0.7120 0.9844 0.9795 0 1.0
0 1.5203 -8.0779 1.5162 0.1946 -0.6746 -0.7120 0.9844 0.9795 0 1.0
0 -0.0000 -8.0265 1.0519 0.1946 -0.6746 -0.7120 0.9844 0.9795 0 1.0
Default
0 0.5811 12.9970 3.3979 0.8674 0.1068 -0.4861 0.1722 0.7358 0 1.0
0 0.6438 13.0148 3.5137 0.8674 0.1068 -0.4861 0.1722 0.7358 0 1.0
0 1.0321 11.2912 3.8277 0.8674 0.1068 -0.4861 0.1722 0.7358 0 1.0
Default
0 0.5045 11.1211 3.1820 0.1511 0.1382 -0.9788 0.1720 0.7310 0 1.0
0 -0.0000 11.0305 3.0913 0.1511 0.1382 -0.9788 0.1713 0.7319 0 1.0
0 -0.0000 11.1976 3.1149 0.1511 0.1382 -0.9788 0.1698 0.7334 0 1.0
Default
0 0.3300 13.8195 3.5848 0.6433 0.2195 0.7335 0.1722 0.7358 0 1.0
0 0.4176 13.0210 3.7469 0.6433 0.2195 0.7335 0.1722 0.7358 0 1.0
0 0.6438 13.0225 3.5481 0.6433 0.2195 0.7335 0.1722 0.7358 0 1.0
Default
0 0.6063 11.6771 4.4372 0.8612 0.2633 0.4348 0.1722 0.7358 0 1.0
0 1.0321 11.2912 3.8277 0.8612 0.2633 0.4348 0.1722 0.7358 0 1.0
0 0.6438 13.0225 3.5481 0.8612 0.2633 0.4348 0.1722 0.7358 0 1.0
Default
0 0.3488 13.7863 3.1796 0.6410 -0.0235 -0.7672 0.1722 0.7358 0 1.0
0 0.4314 13.8055 3.2480 0.6410 -0.0235 -0.7672 0.1722 0.7358 0 1.0
0 0.5811 12.9970 3.3979 0.6410 -0.0235 -0.7672 0.1722 0.7358 0 1.0
Default
0 0.2245 14.7319 3.4201 0.7724 0.1983 0.6033 0.1722 0.7358 0 1.0
0 0.3300 13.8195 3.5848 0.7724 0.1983 0.6033 0.1722 0.7358 0 1.0
0 0.4940 13.8210 3.3744 0.7724 0.1983 0.6033 0.1722 0.7358 0 1.0
Default
0 -0.0000 14.3824 3.6016 0.3603 0.1840 0.9145 0.1705 0.7319 0 1.0
0 -0.0000 13.7042 3.7380 0.3603 0.1840 0.9145 0.1705 0.7319 0 1.0
0 0.3300 13.8195 3.5848 0.3603 0.1840 0.9145 0.1705 0.7319 0 1.0
Default
0 0.1102 15.0513 3.2093 -0.0000 -0.0876 -0.9962 0.1713 0.7319 0 1.0
0 0.2745 14.7334 3.2373 -0.0000 -0.0876 -0.9962 0.1713 0.7319 0 1.0
0 -0.0000 14.7334 3.2373 -0.0000 -0.0876 -0.9962 0.1698 0.7334 0 1.0
Default
0 -0.2745 14.7334 3.2373 -0.0000 -0.0876 -0.9962 0.1713 0.7319 0 1.0
0 -0.1102 15.0513 3.2093 -0.0000 -0.0876 -0.9962 0.1713 0.7319 0 1.0
0 -0.0000 14.7334 3.2373 -0.0000 -0.0876 -0.9962 0.1698 0.7334 0 1.0
Default
0 -0.0000 14.8939 3.3605 0.0674 0.4254 0.9025 0.1705 0.7319 0 1.0
0 -0.0000 14.3824 3.6016 0.0674 0.4254 0.9025 0.1705 0.7319 0 1.0
0 0.2245 14.7319 3.4201 0.0674 0.4254 0.9025 0.1705 0.7319 0 1.0
Default
0 0.1102 15.0513 3.2093 0.8544 0.4623 0.2374 0.1722 0.7358 0 1.0
0 0.2245 14.7319 3.4201 0.8544 0.4623 0.2374 0.1722 0.7358 0 1.0
0 0.2745 14.7334 3.2373 0.8544 0.4623 0.2374 0.1722 0.7358 0 1.0
Default
0 0.4940 13.8224 3.3251 0.8751 0.0498 -0.4814 0.1722 0.7358 0 1.0
0 0.6438 13.0148 3.5137 0.8751 0.0498 -0.4814 0.1722 0.7358 0 1.0
0 0.5811 12.9970 3.3979 0.8751 0.0498 -0.4814 0.1722 0.7358 0 1.0
Default
0 0.0900 15.0349 3.1574 0.1335 0.1158 0.9843 0.1713 0.7319 0 1.0
0 -0.0000 15.0366 3.1694 0.1335 0.1158 0.9843 0.1698 0.7334 0 1.0
0 -0.0000 14.7223 3.2064 0.1335 0.1158 0.9843 0.1698 0.7334 0 1.0
Default
0 0.2687 14.7223 3.2064 0.7598 0.1056 -0.6415 0.1722 0.7358 0 1.0
0 0.4940 13.8224 3.3251 0.7598 0.1056 -0.6415 0.1722 0.7358 0 1.0
0 0.4314 13.8055 3.2480 0.7598 0.1056 -0.6415 0.1722 0.7358 0 1.0
Default
0 0.2061 14.7100 3.1690 0.6234 0.0874 -0.7770 0.1722 0.7358 0 1.0
0 0.4314 13.8055 3.2480 0.6234 0.0874 -0.7770 0.1722 0.7358 0 1.0
0 0.3488 13.7863 3.1796 0.6234 0.0874 -0.7770 0.1722 0.7358 0 1.0
Default
0 0.2061 14.7100 3.1690 0.4859 0.1427 -0.8623 0.1722 0.7358 0 1.0
0 0.0900 15.0349 3.1574 0.4859 0.1427 -0.8623 0.1713 0.7319 0 1.0
0 0.2687 14.7223 3.2064 0.4859 0.1427 -0.8623 0.1713 0.7319 0 1.0
Default
0 0.1375 14.7028 3.1431 0.3442 0.0895 -0.9346 0.1722 0.7358 0 1.0
0 0.0900 15.0349 3.1574 0.3442 0.0895 -0.9346 0.1713 0.7319 0 1.0
0 0.2061 14.7100 3.1690 0.3442 0.0895 -0.9346 0.1722 0.7358 0 1.0
Default
0 0.0432 15.0306 3.1452 0.2455 0.0768 -0.9664 0.1705 0.7324 0 1.0
0 0.0900 15.0349 3.1574 0.2455 0.0768 -0.9664 0.1713 0.7319 0 1.0
0 0.1375 14.7028 3.1431 0.2455 0.0768 -0.9664 0.1722 0.7358 0 1.0
Default
0 -0.0000 14.8939 3.3605 0.0970 0.6531 0.7511 0.1581 0.7217 0 1.0
0 0.1102 15.0513 3.2093 0.0970 0.6531 0.7511 0.1674 0.7310 0 1.0
0 -0.0000 15.0506 3.2242 0.0970 0.6531 0.7511 0.1698 0.7334 0 1.0
Default
0 -1.3793 10.7237 4.6553 -0.9919 0.0236 0.1250 0.9844 0.9795 0 1.0
0 -1.4421 10.7155 4.1589 -0.9919 0.0236 0.1250 0.9844 0.9795 0 1.0
0 -1.4691 9.5798 4.1589 -0.9919 0.0236 0.1250 0.9844 0.9795 0 1.0
Default
0 -50.4619 1.0039 3.2236 -0.2050 0.8427 0.4978 0.9863 0.5469 0 1.0
0 -49.2098 1.0939 3.5869 -0.2050 0.8427 0.4978 0.9863 0.5469 0 1.0
0 -48.7331 1.4244 3.2236 -0.2050 0.8427 0.4978 0.9863 0.5469 0 1.0
Default
0 -1.3793 10.7237 4.6553 -0.7570 0.6418 0.1224 0.9844 0.9795 0 1.0
0 -0.6063 11.6771 4.4372 -0.7570 0.6418 0.1224 0.9844 0.9795 0 1.0
0 -1.0321 11.2912 3.8277 -0.7570 0.6418 0.1224 0.9844 0.9795 0 1.0
Default
0 -1.9390 -9.1649 3.2236 -0.1109 -0.9028 0.4156 0.9844 0.5488 0 1.0
0 -1.6082 -8.8989 3.8895 -0.1109 -0.9028 0.4156 0.9844 0.5488 0 1.0
0 -4.6023 -8.8378 3.2236 -0.1109 -0.9028 0.4156 0.9844 0.5488 0 1.0
Default
0 -1.3248 9.5508 4.7645 -0.9636 -0.1483 0.2225 0.9844 0.9795 0 1.0
0 -1.4691 9.5798 4.1589 -0.9636 -0.1483 0.2225 0.9844 0.9795 0 1.0
0 -1.3672 8.9173 4.1589 -0.9636 -0.1483 0.2225 0.9844 0.9795 0 1.0
Default
0 -2.0862 3.9455 4.2878 -0.9223 0.2972 0.2470 0.9844 0.9795 0 1.0
0 -1.3081 6.2740 4.3917 -0.9223 0.2972 0.2470 0.9844 0.9795 0 1.0
0 -1.4484 6.2774 3.8638 -0.9223 0.2972 0.2470 0.9844 0.9795 0 1.0
Default
0 -1.6082 -8.8989 3.8895 -0.8987 0.0211 0.4381 0.9844 0.9795 0 1.0
0 -1.9390 -9.1649 3.2236 -0.8987 0.0211 0.4381 0.9844 0.9795 0 1.0
0 -1.9858 -11.1506 3.2236 -0.8987 0.0211 0.4381 0.9844 0.9795 0 1.0
Default
0 -5.9658 1.9191 3.5424 -0.3506 0.9365 0.0000 0.9844 0.9795 0 1.0
0 -3.8979 2.6932 3.8559 -0.3506 0.9365 0.0000 0.9844 0.9795 0 1.0
0 -3.8979 2.6932 3.2236 -0.3506 0.9365 0.0000 0.9844 0.9795 0 1.0
Default
0 -2.9203 -13.6036 3.2236 -0.8403 0.3201 0.4375 0.9819 0.5439 0 1.0
0 -2.0218 -11.6050 3.4869 -0.8403 0.3201 0.4375 0.9819 0.5439 0 1.0
0 -1.9858 -11.1506 3.2236 -0.8403 0.3201 0.4375 0.9819 0.5439 0 1.0
Default
0 -1.3081 6.2740 4.3917 -0.9161 0.0149 0.4008 0.9844 0.9795 0 1.0
0 -1.0659 8.7679 4.8531 -0.9161 0.0149 0.4008 0.9844 0.9795 0 1.0
0 -1.3672 8.9173 4.1589 -0.9161 0.0149 0.4008 0.9844 0.9795 0 1.0
Default
0 -29.8311 0.2364 3.2205 -0.2080 -0.2850 -0.9357 0.9844 0.5488 0 1.0
0 -28.2914 1.1100 2.6122 -0.2080 -0.2850 -0.9357 0.9844 0.5488 0 1.0
0 -26.8648 -0.1721 2.6855 -0.2080 -0.2850 -0.9357 0.9844 0.5488 0 1.0
Default
0 -4.2314 -8.6272 2.3961 -0.2087 -0.9764 -0.0562 0.9844 0.5488 0 1.0
0 -1.7929 -9.1649 2.6812 -0.2087 -0.9764 -0.0562 0.9844 0.5488 0 1.0
0 -1.9390 -9.1649 3.2236 -0.2087 -0.9764 -0.0562 0.9844 0.5488 0 1.0
Default
0 -28.4139 -5.2489 2.8231 -0.2765 -0.8461 -0.4557 0.9844 0.5488 0 1.0
0 -28.3147 -5.4970 3.2236 -0.2765 -0.8461 -0.4557 0.9844 0.5488 0 1.0
0 -30.6743 -4.7261 3.2236 -0.2765 -0.8461 -0.4557 0.9844 0.5488 0 1.0
Default
0 -24.6737 -5.7178 2.7633 -0.1073 -0.9033 -0.4153 0.9844 0.5488 0 1.0
0 -24.5768 -5.9409 3.2236 -0.1073 -0.9033 -0.4153 0.9844 0.5488 0 1.0
0 -28.3147 -5.4970 3.2236 -0.1073 -0.9033 -0.4153 0.9844 0.5488 0 1.0
Default
0 -43.3484 -2.3419 2.8453 -0.2145 -0.8874 -0.4081 0.9844 0.5488 0 1.0
0 -43.2898 -2.5300 3.2236 -0.2145 -0.8874 -0.4081 0.9844 0.5488 0 1.0
0 -45.4157 -2.0161 3.2236 -0.2145 -0.8874 -0.4081 0.9844 0.5488 0 1.0
Default
0 -21.7033 0.2247 2.9233 -0.0062 0.5400 -0.8416 0.9868 0.5469 0 1.0
0 -21.7033 0.6928 3.2236 -0.0062 0.5400 -0.8416 0.9868 0.5469 0 1.0
0 -18.0323 0.7353 3.2236 -0.0062 0.5400 -0.8416 0.9868 0.5469 0 1.0
Default
0 -32.1135 -3.6122 2.9030 -0.3173 -0.6172 -0.7200 0.9844 0.5488 0 1.0
0 -30.4639 -4.4932 2.9313 -0.3173 -0.6172 -0.7200 0.9844 0.5488 0 1.0
0 -30.6743 -4.7261 3.2236 -0.3173 -0.6172 -0.7200 0.9844 0.5488 0 1.0
Default
0 -25.1375 0.7595 2.7858 0.1058 0.6793 -0.7262 0.9868 0.5469 0 1.0
0 -25.1375 1.2277 3.2236 0.1058 0.6793 -0.7262 0.9868 0.5469 0 1.0
0 -21.7033 0.6928 3.2236 0.1058 0.6793 -0.7262 0.9868 0.5469 0 1.0
Default
0 -37.3238 -2.6551 2.8981 -0.1395 -0.7454 -0.6519 0.9844 0.5488 0 1.0
0 -34.2793 -3.2033 2.8732 -0.1395 -0.7454 -0.6519 0.9844 0.5488 0 1.0
0 -34.6458 -3.4412 3.2236 -0.1395 -0.7454 -0.6519 0.9844 0.5488 0 1.0
Default
0 -34.2793 -3.2033 2.8732 -0.1440 -0.8047 -0.5759 0.9844 0.5488 0 1.0
0 -32.1135 -3.6122 2.9030 -0.1440 -0.8047 -0.5759 0.9844 0.5488 0 1.0
0 -32.2629 -3.8150 3.2236 -0.1440 -0.8047 -0.5759 0.9844 0.5488 0 1.0
Default
0 -1.7929 -9.1649 2.6812 -0.9807 0.0431 -0.1907 0.9844 0.9795 0 1.0
0 -1.9275 -11.5456 2.8348 -0.9807 0.0431 -0.1907 0.9844 0.9795 0 1.0
0 -1.9858 -11.1506 3.2236 -0.9807 0.0431 -0.1907 0.9844 0.9795 0 1.0
Default
0 -10.0096 1.1660 2.8130 -0.0820 0.7718 -0.6306 0.9844 0.9795 0 1.0
0 -13.9142 0.6185 2.6507 -0.0820 0.7718 -0.6306 0.9844 0.9795 0 1.0
0 -13.9142 1.0867 3.2236 -0.0820 0.7718 -0.6306 0.9844 0.9795 0 1.0
Default
0 -5.9658 1.6194 2.9542 -0.3742 0.8263 -0.4210 0.9844 0.9795 0 1.0
0 -5.9658 1.9191 3.5424 -0.3742 0.8263 -0.4210 0.9844 0.9795 0 1.0
0 -3.8979 2.6932 3.2236 -0.3742 0.8263 -0.4210 0.9844 0.9795 0 1.0
Default
0 -1.9858 -11.1506 3.2236 -0.8353 0.3182 -0.4484 0.9819 0.5439 0 1.0
0 -1.9275 -11.5456 2.8348 -0.8353 0.3182 -0.4484 0.9819 0.5439 0 1.0
0 -2.9203 -13.6036 3.2236 -0.8353 0.3182 -0.4484 0.9819 0.5439 0 1.0
Default
0 -1.1925 6.5616 3.1927 -0.9413 0.0660 -0.3311 0.9844 0.9795 0 1.0
0 -1.4484 6.2774 3.8638 -0.9413 0.0660 -0.3311 0.9844 0.9795 0 1.0
0 -1.3672 8.9173 4.1589 -0.9413 0.0660 -0.3311 0.9844 0.9795 0 1.0
Default
0 -31.1649 2.0543 2.7523 0.2271 0.6910 -0.6863 0.9868 0.5469 0 1.0
0 -31.1649 2.5224 3.2236 0.2271 0.6910 -0.6863 0.9868 0.5469 0 1.0
0 -28.2914 1.5781 3.2236 0.2271 0.6910 -0.6863 0.9868 0.5469 0 1.0
Default
0 -43.2197 1.6535 2.8332 -0.0314 0.8693 -0.4932 0.9868 0.5469 0 1.0
0 -45.3456 1.5367 2.7627 -0.0314 0.8693 -0.4932 0.9868 0.5469 0 1.0
0 -45.3456 1.7982 3.2236 -0.0314 0.8693 -0.4932 0.9868 0.5469 0 1.0
Default
0 -28.2914 1.1100 2.6122 0.0879 0.7910 -0.6055 0.9868 0.5469 0 1.0
0 -28.2914 1.5781 3.2236 0.0879 0.7910 -0.6055 0.9868 0.5469 0 1.0
0 -25.1375 1.2277 3.2236 0.0879 0.7910 -0.6055 0.9868 0.5469 0 1.0
Default
0 -45.3456 1.5367 2.7627 -0.0899 0.8918 -0.4435 0.9868 0.5469 0 1.0
0 -48.7331 1.2667 2.9066 -0.0899 0.8918 -0.4435 0.9868 0.5469 0 1.0
0 -48.7331 1.4244 3.2236 -0.0899 0.8918 -0.4435 0.9868 0.5469 0 1.0
Default
0 -1.9966 4.3235 2.9777 -0.6509 0.7592 0.0000 0.9844 0.9795 0 1.0
0 -3.8979 2.6932 2.3223 -0.6509 0.7592 0.0000 0.9844 0.9795 0 1.0
0 -3.8979 2.6932 3.2236 -0.6509 0.7592 0.0000 0.9844 0.9795 0 1.0
Default
0 -17.8623 -6.6517 2.6859 -0.1457 -0.7839 -0.6036 0.9844 0.5488 0 1.0
0 -17.7551 -7.0856 3.2236 -0.1457 -0.7839 -0.6036 0.9844 0.5488 0 1.0
0 -21.3996 -6.4081 3.2236 -0.1457 -0.7839 -0.6036 0.9844 0.5488 0 1.0
Default
0 -40.4919 -2.4221 2.8028 -0.0212 -0.9255 -0.3783 0.9844 0.5488 0 1.0
0 -40.2294 -2.6001 3.2236 -0.0212 -0.9255 -0.3783 0.9844 0.5488 0 1.0
0 -43.2898 -2.5300 3.2236 -0.0212 -0.9255 -0.3783 0.9844 0.5488 0 1.0
Default
0 -37.3238 -2.6551 2.8981 -0.0663 -0.8952 -0.4406 0.9844 0.5488 0 1.0
0 -37.0755 -2.8338 3.2236 -0.0663 -0.8952 -0.4406 0.9844 0.5488 0 1.0
0 -40.2294 -2.6001 3.2236 -0.0663 -0.8952 -0.4406 0.9844 0.5488 0 1.0
Default
0 -7.4714 -7.2227 2.3927 0.0198 -0.9099 -0.4143 0.9844 0.5488 0 1.0
0 -7.4058 -7.5996 3.2236 0.0198 -0.9099 -0.4143 0.9844 0.5488 0 1.0
0 -9.5551 -7.6463 3.2236 0.0198 -0.9099 -0.4143 0.9844 0.5488 0 1.0
Default
0 -50.3918 -0.1938 3.2236 -0.4692 -0.8831 0.0000 0.9844 0.5488 0 1.0
0 -48.8967 -0.9882 2.9066 -0.4692 -0.8831 0.0000 0.9844 0.5488 0 1.0
0 -48.8967 -0.9882 3.2236 -0.4692 -0.8831 0.0000 0.9844 0.5488 0 1.0
Default
0 -14.6866 -6.8287 2.5678 -0.1111 -0.9034 -0.4141 0.9844 0.5488 0 1.0
0 -12.0081 -7.1568 2.5650 -0.1111 -0.9034 -0.4141 0.9844 0.5488 0 1.0
0 -12.3819 -7.4127 3.2236 -0.1111 -0.9034 -0.4141 0.9844 0.5488 0 1.0
Default
0 -48.7331 1.4244 3.2236 -0.2128 0.8749 -0.4351 0.9868 0.5464 0 1.0
0 -48.7331 1.2667 2.9066 -0.2128 0.8749 -0.4351 0.9868 0.5464 0 1.0
0 -50.4619 1.0039 3.2236 -0.2128 0.8749 -0.4351 0.9868 0.5464 0 1.0
Default
0 -21.3037 -6.0346 2.6289 -0.1223 -0.8314 -0.5420 0.9844 0.5488 0 1.0
0 -21.3996 -6.4081 3.2236 -0.1223 -0.8314 -0.5420 0.9844 0.5488 0 1.0
0 -24.5768 -5.9409 3.2236 -0.1223 -0.8314 -0.5420 0.9844 0.5488 0 1.0
Default
0 -45.4713 -1.7056 2.8453 -0.2271 -0.7689 -0.5976 0.9844 0.5488 0 1.0
0 -45.4157 -2.0161 3.2236 -0.2271 -0.7689 -0.5976 0.9844 0.5488 0 1.0
0 -48.8967 -0.9882 3.2236 -0.2271 -0.7689 -0.5976 0.9844 0.5488 0 1.0
Default
0 -1.2551 10.6749 3.4112 -0.8506 0.4688 -0.2381 0.9844 0.9795 0 1.0
0 -1.4421 10.7155 4.1589 -0.8506 0.4688 -0.2381 0.9844 0.9795 0 1.0
0 -1.0321 11.2912 3.8277 -0.8506 0.4688 -0.2381 0.9844 0.9795 0 1.0
Default
0 -12.0081 -7.1568 2.5650 -0.0353 -0.8606 -0.5081 0.9844 0.5488 0 1.0
0 -9.7271 -7.2196 2.5128 -0.0353 -0.8606 -0.5081 0.9844 0.5488 0 1.0
0 -9.5551 -7.6463 3.2236 -0.0353 -0.8606 -0.5081 0.9844 0.5488 0 1.0
Default
0 -42.5471 1.4981 3.7802 0.1643 0.1751 0.9707 0.9863 0.5469 0 1.0
0 -41.4870 0.3442 3.8090 0.1643 0.1751 0.9707 0.9863 0.5469 0 1.0
0 -39.9023 2.1019 3.2236 0.1643 0.1751 0.9707 0.9863 0.5469 0 1.0
Default
0 -1.1109 10.8065 5.1955 -0.1376 0.2878 0.9478 0.9844 0.9795 0 1.0
0 -0.4161 10.0121 5.5376 -0.1376 0.2878 0.9478 0.9844 0.9795 0 1.0
0 -0.0000 10.8147 5.3543 -0.1376 0.2878 0.9478 0.9844 0.9795 0 1.0
Default
0 -0.0000 7.4678 5.4572 -0.3865 -0.0541 0.9207 0.9844 0.9795 0 1.0
0 -0.0000 9.2704 5.5632 -0.3865 -0.0541 0.9207 0.9844 0.9795 0 1.0
0 -0.7072 8.5662 5.2249 -0.3865 -0.0541 0.9207 0.9844 0.9795 0 1.0
Default
0 -0.0000 4.5103 5.3379 -0.4911 -0.0351 0.8704 0.9844 0.9795 0 1.0
0 -0.0000 7.4678 5.4572 -0.4911 -0.0351 0.8704 0.9844 0.9795 0 1.0
0 -0.6509 5.8248 5.0237 -0.4911 -0.0351 0.8704 0.9844 0.9795 0 1.0
Default
0 -0.6141 2.3941 5.1044 -0.4755 0.0410 0.8788 0.9844 0.9795 0 1.0
0 -0.0000 0.3834 5.5306 -0.4755 0.0410 0.8788 0.9844 0.9795 0 1.0
0 -0.0000 4.5103 5.3379 -0.4755 0.0410 0.8788 0.9844 0.9795 0 1.0
Default
0 -1.7040 -4.0180 5.5898 0.0325 -0.1058 0.9939 0.9844 0.9795 0 1.0
0 -0.0000 -5.1954 5.4088 0.0325 -0.1058 0.9939 0.9844 0.9795 0 1.0
0 -0.0000 -2.5602 5.6892 0.0325 -0.1058 0.9939 0.9844 0.9795 0 1.0
Default
0 -0.0000 -7.6064 4.3356 -0.2738 -0.0752 0.9588 0.9844 0.9795 0 1.0
0 -0.9190 -10.2136 3.8687 -0.2738 -0.0752 0.9588 0.9844 0.9795 0 1.0
0 -0.0000 -12.9890 3.9135 -0.2738 -0.0752 0.9588 0.9844 0.9795 0 1.0
Default
0 -2.0218 -11.6050 3.4869 -0.4254 0.0724 0.9021 0.9819 0.5439 0 1.0
0 -2.9203 -13.6036 3.2236 -0.4254 0.0724 0.9021 0.9819 0.5439 0 1.0
0 -1.9563 -13.1291 3.6401 -0.4254 0.0724 0.9021 0.9819 0.5439 0 1.0
Default
0 -2.7323 -7.8508 4.4995 -0.1805 -0.6322 0.7535 0.9863 0.5469 0 1.0
0 -4.6023 -8.8378 3.2236 -0.1805 -0.6322 0.7535 0.9863 0.5469 0 1.0
0 -1.6082 -8.8989 3.8895 -0.1805 -0.6322 0.7535 0.9863 0.5469 0 1.0
Default
0 -30.9102 -2.0780 4.0023 -0.3398 -0.2930 0.8937 0.9863 0.5469 0 1.0
0 -30.6743 -4.7261 3.2236 -0.3398 -0.2930 0.8937 0.9863 0.5469 0 1.0
0 -29.6184 -3.8139 3.9243 -0.3398 -0.2930 0.8937 0.9863 0.5469 0 1.0
Default
0 -0.0000 11.7706 4.5403 -0.2231 0.7106 0.6674 0.9844 0.9795 0 1.0
0 -0.6063 11.6771 4.4372 -0.2231 0.7106 0.6674 0.9844 0.9795 0 1.0
0 -1.1109 10.8065 5.1955 -0.2231 0.7106 0.6674 0.9844 0.9795 0 1.0
Default
0 -0.4161 10.0121 5.5376 -0.1770 -0.0653 0.9820 0.9844 0.9795 0 1.0
0 -0.9701 9.4582 5.4009 -0.1770 -0.0653 0.9820 0.9844 0.9795 0 1.0
0 -0.0000 9.2704 5.5632 -0.1770 -0.0653 0.9820 0.9844 0.9795 0 1.0
Default
0 -0.0000 9.2704 5.5632 -0.2063 -0.2476 0.9466 0.9844 0.9795 0 1.0
0 -0.9701 9.4582 5.4009 -0.2063 -0.2476 0.9466 0.9844 0.9795 0 1.0
0 -0.7072 8.5662 5.2249 -0.2063 -0.2476 0.9466 0.9844 0.9795 0 1.0
Default
0 -0.0000 7.4678 5.4572 -0.5484 -0.0034 0.8362 0.9844 0.9795 0 1.0
0 -0.9958 6.9500 4.8020 -0.5484 -0.0034 0.8362 0.9844 0.9795 0 1.0
0 -0.6509 5.8248 5.0237 -0.5484 -0.0034 0.8362 0.9844 0.9795 0 1.0
Default
0 -0.9701 9.4582 5.4009 -0.7624 -0.3341 0.5542 0.9844 0.9795 0 1.0
0 -1.0659 8.7679 4.8531 -0.7624 -0.3341 0.5542 0.9844 0.9795 0 1.0
0 -0.7072 8.5662 5.2249 -0.7624 -0.3341 0.5542 0.9844 0.9795 0 1.0
Default
0 -1.1109 10.8065 5.1955 -0.8744 -0.0175 0.4849 0.9844 0.9795 0 1.0
0 -1.3248 9.5508 4.7645 -0.8744 -0.0175 0.4849 0.9844 0.9795 0 1.0
0 -0.9701 9.4582 5.4009 -0.8744 -0.0175 0.4849 0.9844 0.9795 0 1.0
Default
0 -0.9701 9.4582 5.4009 -0.8631 -0.2349 0.4470 0.9844 0.9795 0 1.0
0 -1.3248 9.5508 4.7645 -0.8631 -0.2349 0.4470 0.9844 0.9795 0 1.0
0 -1.0659 8.7679 4.8531 -0.8631 -0.2349 0.4470 0.9844 0.9795 0 1.0
Default
0 -0.6509 5.8248 5.0237 -0.5851 0.2356 0.7760 0.9844 0.9795 0 1.0
0 -1.3081 6.2740 4.3917 -0.5851 0.2356 0.7760 0.9844 0.9795 0 1.0
0 -1.6186 4.4133 4.7225 -0.5851 0.2356 0.7760 0.9844 0.9795 0 1.0
Default
0 -0.9958 6.9500 4.8020 -0.7316 -0.0473 0.6801 0.9844 0.9795 0 1.0
0 -1.3081 6.2740 4.3917 -0.7202 -0.0851 0.6885 0.9844 0.9795 0 1.0
0 -0.6509 5.8248 5.0237 -0.7202 -0.0851 0.6885 0.9844 0.9795 0 1.0
Default
0 -0.7072 8.5662 5.2249 -0.7316 -0.0473 0.6801 0.9844 0.9795 0 1.0
0 -1.0659 8.7679 4.8531 -0.7316 -0.0473 0.6801 0.9844 0.9795 0 1.0
0 -0.9958 6.9500 4.8020 -0.7316 -0.0473 0.6801 0.9844 0.9795 0 1.0
Default
0 -1.0659 8.7679 4.8531 -0.7316 -0.0473 0.6801 0.9844 0.9795 0 1.0
0 -1.3081 6.2740 4.3917 -0.7556 -0.0475 0.6534 0.9844 0.9795 0 1.0
0 -0.9958 6.9500 4.8020 -0.7316 -0.0473 0.6801 0.9844 0.9795 0 1.0
Default
0 -0.6141 2.3941 5.1044 -0.2898 0.2159 0.9324 0.9844 0.9795 0 1.0
0 -2.0862 3.9455 4.2878 -0.2898 0.2159 0.9324 0.9844 0.9795 0 1.0
0 -1.5875 0.7231 5.1888 -0.2898 0.2159 0.9324 0.9844 0.9795 0 1.0
Default
0 -1.6186 4.4133 4.7225 -0.5922 -0.1446 0.7927 0.9844 0.9795 0 1.0
0 -2.0862 3.9455 4.2878 -0.5922 -0.1446 0.7927 0.9844 0.9795 0 1.0
0 -0.6141 2.3941 5.1044 -0.5922 -0.1446 0.7927 0.9844 0.9795 0 1.0
Default
0 -4.4681 -6.6801 4.7174 -0.2228 -0.1382 0.9650 0.9844 0.9795 0 1.0
0 -2.5450 -6.2327 5.2254 -0.2228 -0.1382 0.9650 0.9844 0.9795 0 1.0
0 -3.0148 -4.1368 5.4170 -0.2228 -0.1382 0.9650 0.9844 0.9795 0 1.0
Default
0 -2.7323 -7.8508 4.4995 -0.1492 -0.3903 0.9085 0.9844 0.9795 0 1.0
0 -2.5450 -6.2327 5.2254 -0.1492 -0.3903 0.9085 0.9844 0.9795 0 1.0
0 -4.4681 -6.6801 4.7174 -0.1492 -0.3903 0.9085 0.9844 0.9795 0 1.0
Default
0 -1.7040 -4.0180 5.5898 -0.1193 -0.1169 0.9859 0.9844 0.9795 0 1.0
0 -3.0148 -4.1368 5.4170 -0.1193 -0.1169 0.9859 0.9844 0.9795 0 1.0
0 -2.5450 -6.2327 5.2254 -0.1193 -0.1169 0.9859 0.9844 0.9795 0 1.0
Default
0 -4.5085 -2.4413 5.4485 -0.0822 -0.0909 0.9925 0.9844 0.9795 0 1.0
0 -6.3655 -5.6709 4.9990 -0.0822 -0.0909 0.9925 0.9844 0.9795 0 1.0
0 -3.0148 -4.1368 5.4170 -0.1193 -0.1169 0.9859 0.9844 0.9795 0 1.0
Default
0 -1.5875 0.7231 5.1888 0.0282 0.0985 0.9947 0.9844 0.9795 0 1.0
0 -2.7726 -0.6247 5.3558 0.0282 0.0985 0.9947 0.9844 0.9795 0 1.0
0 -1.3395 -1.3827 5.3902 0.0282 0.0985 0.9947 0.9844 0.9795 0 1.0
Default
0 -4.5085 -2.4413 5.4485 0.0020 0.0491 0.9988 0.9844 0.9795 0 1.0
0 -1.3395 -1.3827 5.3902 0.0020 0.0491 0.9988 0.9844 0.9795 0 1.0
0 -2.7726 -0.6247 5.3558 0.0020 0.0491 0.9988 0.9844 0.9795 0 1.0
Default
0 -3.0148 -4.1368 5.4170 0.0190 -0.0018 0.9998 0.9844 0.9795 0 1.0
0 -1.3395 -1.3827 5.3902 0.0190 -0.0018 0.9998 0.9844 0.9795 0 1.0
0 -4.5085 -2.4413 5.4485 0.0190 -0.0018 0.9998 0.9844 0.9795 0 1.0
Default
0 -6.3655 -5.6709 4.9990 -0.2370 -0.0976 0.9666 0.9863 0.5469 0 1.0
0 -7.8188 -2.5221 4.9607 -0.2370 -0.0976 0.9666 0.9863 0.5469 0 1.0
0 -8.6666 -5.8324 4.4184 -0.2370 -0.0976 0.9666 0.9863 0.5469 0 1.0
Default
0 -6.0426 -0.5843 4.9695 -0.0121 0.0066 0.9999 0.9844 0.9795 0 1.0
0 -7.8188 -2.5221 4.9607 -0.0121 0.0066 0.9999 0.9844 0.9795 0 1.0
0 -6.3655 -5.6709 4.9990 -0.0121 0.0066 0.9999 0.9844 0.9795 0 1.0
Default
0 -7.8188 -2.5221 4.9607 -0.1569 0.1393 0.9777 0.9844 0.9795 0 1.0
0 -6.0426 -0.5843 4.9695 -0.1569 0.1393 0.9777 0.9844 0.9795 0 1.0
0 -10.2814 -0.7862 4.3182 -0.1569 0.1393 0.9777 0.9844 0.9795 0 1.0
Default
0 -2.7726 -0.6247 5.3558 -0.1139 0.1589 0.9807 0.9844 0.9795 0 1.0
0 -6.0426 -0.5843 4.9695 -0.1569 0.1393 0.9777 0.9844 0.9795 0 1.0
0 -4.5085 -2.4413 5.4485 -0.1139 0.1589 0.9807 0.9844 0.9795 0 1.0
Default
0 -2.7726 -0.6247 5.3558 -0.1039 0.3802 0.9190 0.9844 0.9795 0 1.0
0 -3.8979 2.6932 3.8559 -0.1039 0.3802 0.9190 0.9844 0.9795 0 1.0
0 -6.0426 -0.5843 4.9695 -0.1039 0.3802 0.9190 0.9844 0.9795 0 1.0
Default
0 -1.5875 0.7231 5.1888 -0.2456 0.3289 0.9119 0.9844 0.9795 0 1.0
0 -3.8979 2.6932 3.8559 -0.2456 0.3289 0.9119 0.9844 0.9795 0 1.0
0 -2.7726 -0.6247 5.3558 -0.2456 0.3289 0.9119 0.9844 0.9795 0 1.0
Default
0 -1.3081 6.2740 4.3917 -0.7770 0.2336 0.5846 0.9844 0.9795 0 1.0
0 -2.0862 3.9455 4.2878 -0.7770 0.2336 0.5846 0.9844 0.9795 0 1.0
0 -1.6186 4.4133 4.7225 -0.7770 0.2336 0.5846 0.9844 0.9795 0 1.0
Default
0 -1.3793 10.7237 4.6553 -0.7203 0.6434 0.2593 0.9844 0.9795 0 1.0
0 -1.1109 10.8065 5.1955 -0.7203 0.6434 0.2593 0.9844 0.9795 0 1.0
0 -0.6063 11.6771 4.4372 -0.7203 0.6434 0.2593 0.9844 0.9795 0 1.0
Default
0 -1.3248 9.5508 4.7645 -0.8955 -0.0002 0.4450 0.9844 0.9795 0 1.0
0 -1.1109 10.8065 5.1955 -0.8955 -0.0002 0.4450 0.9844 0.9795 0 1.0
0 -1.3793 10.7237 4.6553 -0.8955 -0.0002 0.4450 0.9844 0.9795 0 1.0
Default
0 -6.0426 -0.5843 4.9695 -0.1566 0.4470 0.8807 0.9844 0.9795 0 1.0
0 -10.0096 1.4657 3.2236 -0.1566 0.4470 0.8807 0.9844 0.9795 0 1.0
0 -10.2814 -0.7862 4.3182 -0.1566 0.4470 0.8807 0.9844 0.9795 0 1.0
Default
0 -6.0426 -0.5843 4.9695 -0.3041 0.4788 0.8236 0.9844 0.9795 0 1.0
0 -3.8979 2.6932 3.8559 -0.3041 0.4788 0.8236 0.9844 0.9795 0 1.0
0 -5.9658 1.9191 3.5424 -0.3041 0.4788 0.8236 0.9844 0.9795 0 1.0
Default
0 -11.0484 -4.7827 4.4482 -0.0517 0.1350 0.9895 0.9863 0.5469 0 1.0
0 -13.5109 -3.0469 4.0826 -0.0517 0.1350 0.9895 0.9863 0.5469 0 1.0
0 -13.0669 -5.7920 4.4803 -0.0517 0.1350 0.9895 0.9863 0.5469 0 1.0
Default
0 -10.2814 -0.7862 4.3182 -0.1097 0.0533 0.9925 0.9863 0.5469 0 1.0
0 -13.5109 -3.0469 4.0826 -0.1097 0.0533 0.9925 0.9863 0.5469 0 1.0
0 -11.0484 -4.7827 4.4482 -0.1097 0.0533 0.9925 0.9863 0.5469 0 1.0
Default
0 -13.5109 -3.0469 4.0826 0.1345 0.2142 0.9675 0.9863 0.5469 0 1.0
0 -13.9142 1.0867 3.2236 0.1345 0.2142 0.9675 0.9863 0.5469 0 1.0
0 -15.3679 -1.2706 3.9475 0.1345 0.2142 0.9675 0.9863 0.5469 0 1.0
Default
0 -10.2814 -0.7862 4.3182 -0.1970 0.1810 0.9635 0.9863 0.5469 0 1.0
0 -13.9142 1.0867 3.2236 -0.1970 0.1810 0.9635 0.9863 0.5469 0 1.0
0 -13.5109 -3.0469 4.0826 -0.1970 0.1810 0.9635 0.9863 0.5469 0 1.0
Default
0 -15.3679 -1.2706 3.9475 0.1127 0.1072 0.9878 0.9863 0.5469 0 1.0
0 -18.1131 -1.2302 4.2563 0.1127 0.1072 0.9878 0.9863 0.5469 0 1.0
0 -16.1753 -4.3387 4.3727 0.1127 0.1072 0.9878 0.9863 0.5469 0 1.0
Default
0 -5.9658 1.9191 3.5424 -0.1233 0.4943 0.8605 0.9844 0.9795 0 1.0
0 -10.0096 1.4657 3.2236 -0.1233 0.4943 0.8605 0.9844 0.9795 0 1.0
0 -6.0426 -0.5843 4.9695 -0.1233 0.4943 0.8605 0.9844 0.9795 0 1.0
Default
0 -10.0096 1.4657 3.2236 -0.0428 0.4409 0.8965 0.9844 0.9795 0 1.0
0 -13.9142 1.0867 3.2236 -0.0428 0.4409 0.8965 0.9844 0.9795 0 1.0
0 -10.2814 -0.7862 4.3182 -0.0428 0.4409 0.8965 0.9844 0.9795 0 1.0
Default
0 -2.0862 3.9455 4.2878 -0.3560 0.2001 0.9128 0.9844 0.9795 0 1.0
0 -3.8979 2.6932 3.8559 -0.3560 0.2001 0.9128 0.9844 0.9795 0 1.0
0 -1.5875 0.7231 5.1888 -0.3560 0.2001 0.9128 0.9844 0.9795 0 1.0
Default
0 -19.7278 -5.2268 3.9806 -0.0004 -0.2105 0.9776 0.9863 0.5469 0 1.0
0 -21.9078 -4.1368 4.2144 -0.0004 -0.2105 0.9776 0.9863 0.5469 0 1.0
0 -24.2088 -5.0250 4.0223 -0.0004 -0.2105 0.9776 0.9863 0.5469 0 1.0
Default
0 -13.9142 1.0867 3.2236 -0.0263 0.3082 0.9509 0.9863 0.5469 0 1.0
0 -18.0323 0.7353 3.2236 -0.0263 0.3082 0.9509 0.9863 0.5469 0 1.0
0 -15.3679 -1.2706 3.9475 -0.0263 0.3082 0.9509 0.9863 0.5469 0 1.0
Default
0 -21.4637 -0.7862 4.2793 -0.1675 0.0031 0.9859 0.9863 0.5469 0 1.0
0 -22.9978 -0.7862 4.0187 -0.1675 0.0031 0.9859 0.9863 0.5469 0 1.0
0 -21.9078 -4.1368 4.2144 -0.1675 0.0031 0.9859 0.9863 0.5469 0 1.0
Default
0 -24.4511 -2.8046 4.0565 -0.0379 0.0460 0.9982 0.9863 0.5469 0 1.0
0 -21.9078 -4.1368 4.2144 -0.0379 0.0460 0.9982 0.9863 0.5469 0 1.0
0 -22.9978 -0.7862 4.0187 -0.0379 0.0460 0.9982 0.9863 0.5469 0 1.0
Default
0 -22.9978 -0.7862 4.0187 0.1007 0.4561 0.8842 0.9863 0.5469 0 1.0
0 -25.1375 1.2277 3.2236 0.1007 0.4561 0.8842 0.9863 0.5469 0 1.0
0 -26.7925 -0.5036 4.3050 0.1007 0.4561 0.8842 0.9863 0.5469 0 1.0
Default
0 -21.4637 -0.7862 4.2793 -0.1387 0.5604 0.8165 0.9863 0.5469 0 1.0
0 -21.7033 0.6928 3.2236 -0.1387 0.5604 0.8165 0.9863 0.5469 0 1.0
0 -22.9978 -0.7862 4.0187 -0.1387 0.5604 0.8165 0.9863 0.5469 0 1.0
Default
0 -26.2677 -4.3387 3.8891 -0.0106 -0.1342 0.9909 0.9863 0.5469 0 1.0
0 -27.2366 -2.4817 4.1303 -0.0106 -0.1342 0.9909 0.9863 0.5469 0 1.0
0 -29.6184 -3.8139 3.9243 -0.0106 -0.1342 0.9909 0.9863 0.5469 0 1.0
Default
0 -24.4511 -2.8046 4.0565 0.0157 -0.0915 0.9957 0.9863 0.5469 0 1.0
0 -27.2366 -2.4817 4.1303 0.0157 -0.0915 0.9957 0.9863 0.5469 0 1.0
0 -26.2677 -4.3387 3.8891 -0.0106 -0.1342 0.9909 0.9863 0.5469 0 1.0
Default
0 -26.7925 -0.5036 4.3050 0.0157 -0.0915 0.9957 0.9863 0.5469 0 1.0
0 -27.2366 -2.4817 4.1303 0.0157 -0.0915 0.9957 0.9863 0.5469 0 1.0
0 -24.4511 -2.8046 4.0565 0.0157 -0.0915 0.9957 0.9863 0.5469 0 1.0
Default
0 -21.7033 0.6928 3.2236 0.0665 0.4267 0.9019 0.9863 0.5469 0 1.0
0 -25.1375 1.2277 3.2236 0.0665 0.4267 0.9019 0.9863 0.5469 0 1.0
0 -22.9978 -0.7862 4.0187 0.0665 0.4267 0.9019 0.9863 0.5469 0 1.0
Default
0 -18.0323 0.7353 3.2236 -0.0067 0.5802 0.8144 0.9863 0.5469 0 1.0
0 -21.7033 0.6928 3.2236 -0.0067 0.5802 0.8144 0.9863 0.5469 0 1.0
0 -21.4637 -0.7862 4.2793 -0.0067 0.5802 0.8144 0.9863 0.5469 0 1.0
Default
0 -27.2366 -2.4817 4.1303 0.0317 -0.2079 0.9776 0.9863 0.5469 0 1.0
0 -29.2550 -0.9880 4.5134 0.0317 -0.2079 0.9776 0.9863 0.5469 0 1.0
0 -29.6184 -3.8139 3.9243 0.0317 -0.2079 0.9776 0.9863 0.5469 0 1.0
Default
0 -26.7925 -0.5036 4.3050 0.1055 -0.1110 0.9882 0.9863 0.5469 0 1.0
0 -29.2550 -0.9880 4.5134 0.1055 -0.1110 0.9882 0.9863 0.5469 0 1.0
0 -27.2366 -2.4817 4.1303 0.1055 -0.1110 0.9882 0.9863 0.5469 0 1.0
Default
0 -29.2550 -0.9880 4.5134 0.2585 0.3546 0.8986 0.9863 0.5469 0 1.0
0 -28.2914 1.5781 3.2236 0.2585 0.3546 0.8986 0.9863 0.5469 0 1.0
0 -30.7083 0.3846 4.3899 0.2585 0.3546 0.8986 0.9863 0.5469 0 1.0
Default
0 -26.7925 -0.5036 4.3050 -0.0137 0.4532 0.8913 0.9863 0.5469 0 1.0
0 -28.2914 1.5781 3.2236 -0.0137 0.4532 0.8913 0.9863 0.5469 0 1.0
0 -29.2550 -0.9880 4.5134 -0.0137 0.4532 0.8913 0.9863 0.5469 0 1.0
Default
0 -25.1375 1.2277 3.2236 0.0546 0.4910 0.8695 0.9863 0.5469 0 1.0
0 -28.2914 1.5781 3.2236 0.0546 0.4910 0.8695 0.9863 0.5469 0 1.0
0 -26.7925 -0.5036 4.3050 0.0546 0.4910 0.8695 0.9863 0.5469 0 1.0
Default
0 -33.4131 -2.2395 3.8076 0.0429 -0.1543 0.9871 0.9863 0.5469 0 1.0
0 -33.6553 0.4249 4.2347 0.0429 -0.1543 0.9871 0.9863 0.5469 0 1.0
0 -35.5527 -1.2706 4.0521 0.0429 -0.1543 0.9871 0.9863 0.5469 0 1.0
Default
0 -30.7083 0.3846 4.3899 -0.0399 0.4719 0.8807 0.9863 0.5469 0 1.0
0 -31.1649 2.5224 3.2236 -0.0399 0.4719 0.8807 0.9863 0.5469 0 1.0
0 -33.6553 0.4249 4.2347 -0.0399 0.4719 0.8807 0.9863 0.5469 0 1.0
Default
0 -31.1649 2.5224 3.2236 0.1640 0.4992 0.8508 0.9863 0.5469 0 1.0
0 -30.7083 0.3846 4.3899 0.1640 0.4992 0.8508 0.9863 0.5469 0 1.0
0 -28.2914 1.5781 3.2236 0.1640 0.4992 0.8508 0.9863 0.5469 0 1.0
Default
0 -35.5527 -1.2706 4.0521 -0.1045 0.0099 0.9945 0.9863 0.5469 0 1.0
0 -33.6553 0.4249 4.2347 -0.1045 0.0099 0.9945 0.9863 0.5469 0 1.0
0 -35.6738 0.8286 4.0186 -0.1045 0.0099 0.9945 0.9863 0.5469 0 1.0
Default
0 -38.1363 -1.9973 3.7276 0.0235 -0.0937 0.9953 0.9863 0.5469 0 1.0
0 -38.7015 0.4249 3.9690 0.0235 -0.0937 0.9953 0.9863 0.5469 0 1.0
0 -41.3255 -1.4724 3.8522 0.0235 -0.0937 0.9953 0.9863 0.5469 0 1.0
Default
0 -38.7015 0.4249 3.9690 -0.0640 0.3667 0.9281 0.9863 0.5469 0 1.0
0 -39.9023 2.1019 3.2236 -0.0640 0.3667 0.9281 0.9863 0.5469 0 1.0
0 -41.4870 0.3442 3.8090 -0.0640 0.3667 0.9281 0.9863 0.5469 0 1.0
Default
0 -36.8185 2.2888 3.2236 -0.0237 0.3918 0.9198 0.9863 0.5469 0 1.0
0 -39.9023 2.1019 3.2236 -0.0237 0.3918 0.9198 0.9863 0.5469 0 1.0
0 -38.7015 0.4249 3.9690 -0.0237 0.3918 0.9198 0.9863 0.5469 0 1.0
Default
0 -0.0000 10.8147 5.3543 -0.1129 0.6442 0.7565 0.9844 0.9795 0 1.0
0 -0.0000 11.7706 4.5403 -0.1129 0.6442 0.7565 0.9844 0.9795 0 1.0
0 -1.1109 10.8065 5.1955 -0.1129 0.6442 0.7565 0.9844 0.9795 0 1.0
Default
0 -0.9701 9.4582 5.4009 -0.3379 0.1072 0.9351 0.9844 0.9795 0 1.0
0 -0.4161 10.0121 5.5376 -0.3379 0.1072 0.9351 0.9844 0.9795 0 1.0
0 -1.1109 10.8065 5.1955 -0.3379 0.1072 0.9351 0.9844 0.9795 0 1.0
Default
0 -0.9958 6.9500 4.8020 -0.4940 -0.1365 0.8587 0.9844 0.9795 0 1.0
0 -0.0000 7.4678 5.4572 -0.4940 -0.1365 0.8587 0.9844 0.9795 0 1.0
0 -0.7072 8.5662 5.2249 -0.4940 -0.1365 0.8587 0.9844 0.9795 0 1.0
Default
0 -1.5875 0.7231 5.1888 -0.1768 0.1521 0.9724 0.9844 0.9795 0 1.0
0 -0.0000 0.3834 5.5306 -0.1768 0.1521 0.9724 0.9844 0.9795 0 1.0
0 -0.6141 2.3941 5.1044 -0.1768 0.1521 0.9724 0.9844 0.9795 0 1.0
Default
0 -0.9190 -10.2136 3.8687 -0.4083 0.0739 0.9099 0.9844 0.9795 0 1.0
0 -2.0218 -11.6050 3.4869 -0.4083 0.0739 0.9099 0.9844 0.9795 0 1.0
0 -1.9563 -13.1291 3.6401 -0.4083 0.0739 0.9099 0.9844 0.9795 0 1.0
Default
0 -3.0148 -4.1368 5.4170 0.0015 -0.2660 0.9640 0.9844 0.9795 0 1.0
0 -6.3655 -5.6709 4.9990 0.0015 -0.2660 0.9640 0.9844 0.9795 0 1.0
0 -4.4681 -6.6801 4.7174 0.0015 -0.2660 0.9640 0.9844 0.9795 0 1.0
Default
0 -9.5551 -7.6463 3.2236 -0.0337 -0.4078 0.9125 0.9863 0.5469 0 1.0
0 -11.0484 -4.7827 4.4482 -0.0337 -0.4078 0.9125 0.9863 0.5469 0 1.0
0 -12.3819 -7.4127 3.2236 -0.0337 -0.4078 0.9125 0.9863 0.5469 0 1.0
Default
0 -7.4058 -7.5996 3.2236 0.0120 -0.5541 0.8324 0.9863 0.5469 0 1.0
0 -8.6666 -5.8324 4.4184 0.0120 -0.5541 0.8324 0.9863 0.5469 0 1.0
0 -9.5551 -7.6463 3.2236 0.0120 -0.5541 0.8324 0.9863 0.5469 0 1.0
Default
0 -15.0218 -7.2959 3.2236 -0.0424 -0.5506 0.8337 0.9863 0.5469 0 1.0
0 -17.3864 -5.5901 4.2301 -0.0424 -0.5506 0.8337 0.9863 0.5469 0 1.0
0 -17.7551 -7.0856 3.2236 -0.0424 -0.5506 0.8337 0.9863 0.5469 0 1.0
Default
0 -12.3819 -7.4127 3.2236 -0.0274 -0.6197 0.7843 0.9863 0.5469 0 1.0
0 -13.0669 -5.7920 4.4803 -0.0274 -0.6197 0.7843 0.9863 0.5469 0 1.0
0 -15.0218 -7.2959 3.2236 -0.0274 -0.6197 0.7843 0.9863 0.5469 0 1.0
Default
0 -15.0218 -7.2959 3.2236 0.1897 -0.2904 0.9379 0.9863 0.5469 0 1.0
0 -16.1753 -4.3387 4.3727 0.1897 -0.2904 0.9379 0.9863 0.5469 0 1.0
0 -17.3864 -5.5901 4.2301 0.1897 -0.2904 0.9379 0.9863 0.5469 0 1.0
Default
0 -17.7551 -7.0856 3.2236 -0.0838 -0.4508 0.8887 0.9863 0.5469 0 1.0
0 -19.7278 -5.2268 3.9806 -0.0838 -0.4508 0.8887 0.9863 0.5469 0 1.0
0 -21.3996 -6.4081 3.2236 -0.0838 -0.4508 0.8887 0.9863 0.5469 0 1.0
Default
0 -8.6666 -5.8324 4.4184 -0.1965 -0.4704 0.8603 0.9863 0.5469 0 1.0
0 -11.0484 -4.7827 4.4482 -0.1965 -0.4704 0.8603 0.9863 0.5469 0 1.0
0 -9.5551 -7.6463 3.2236 -0.1965 -0.4704 0.8603 0.9863 0.5469 0 1.0
Default
0 -4.4681 -6.6801 4.7174 -0.2049 -0.6008 0.7727 0.9863 0.5469 0 1.0
0 -6.3655 -5.6709 4.9990 -0.2049 -0.6008 0.7727 0.9863 0.5469 0 1.0
0 -7.4058 -7.5996 3.2236 -0.2049 -0.6008 0.7727 0.9863 0.5469 0 1.0
Default
0 -7.4058 -7.5996 3.2236 -0.1495 -0.6248 0.7664 0.9863 0.5469 0 1.0
0 -6.3655 -5.6709 4.9990 -0.1495 -0.6248 0.7664 0.9863 0.5469 0 1.0
0 -8.6666 -5.8324 4.4184 -0.1495 -0.6248 0.7664 0.9863 0.5469 0 1.0
Default
0 -17.3864 -5.5901 4.2301 -0.1700 -0.5210 0.8364 0.9863 0.5469 0 1.0
0 -19.7278 -5.2268 3.9806 -0.1700 -0.5210 0.8364 0.9863 0.5469 0 1.0
0 -17.7551 -7.0856 3.2236 -0.1700 -0.5210 0.8364 0.9863 0.5469 0 1.0
Default
0 -13.0669 -5.7920 4.4803 -0.2310 -0.4293 0.8731 0.9863 0.5469 0 1.0
0 -16.1753 -4.3387 4.3727 -0.2310 -0.4293 0.8731 0.9863 0.5469 0 1.0
0 -15.0218 -7.2959 3.2236 -0.2310 -0.4293 0.8731 0.9863 0.5469 0 1.0
Default
0 -28.3147 -5.4970 3.2236 -0.1571 -0.4808 0.8627 0.9863 0.5469 0 1.0
0 -29.6184 -3.8139 3.9243 -0.1571 -0.4808 0.8627 0.9863 0.5469 0 1.0
0 -30.6743 -4.7261 3.2236 -0.1571 -0.4808 0.8627 0.9863 0.5469 0 1.0
Default
0 -24.5768 -5.9409 3.2236 -0.2436 -0.5800 0.7774 0.9863 0.5469 0 1.0
0 -24.2088 -5.0250 4.0223 -0.2436 -0.5800 0.7774 0.9863 0.5469 0 1.0
0 -26.2677 -4.3387 3.8891 -0.2436 -0.5800 0.7774 0.9863 0.5469 0 1.0
Default
0 -21.3996 -6.4081 3.2236 -0.0931 -0.6329 0.7687 0.9863 0.5469 0 1.0
0 -24.2088 -5.0250 4.0223 -0.0931 -0.6329 0.7687 0.9863 0.5469 0 1.0
0 -24.5768 -5.9409 3.2236 -0.0931 -0.6329 0.7687 0.9863 0.5469 0 1.0
Default
0 -6.0426 -0.5843 4.9695 -0.2727 0.0229 0.9618 0.9844 0.9795 0 1.0
0 -6.3655 -5.6709 4.9990 -0.2727 0.0229 0.9618 0.9844 0.9795 0 1.0
0 -4.5085 -2.4413 5.4485 -0.2727 0.0229 0.9618 0.9844 0.9795 0 1.0
Default
0 -21.3996 -6.4081 3.2236 -0.0157 -0.5237 0.8518 0.9863 0.5469 0 1.0
0 -19.7278 -5.2268 3.9806 -0.0157 -0.5237 0.8518 0.9863 0.5469 0 1.0
0 -24.2088 -5.0250 4.0223 -0.0157 -0.5237 0.8518 0.9863 0.5469 0 1.0
Default
0 -7.8188 -2.5221 4.9607 -0.0530 -0.1482 0.9875 0.9863 0.5469 0 1.0
0 -11.0484 -4.7827 4.4482 -0.0530 -0.1482 0.9875 0.9863 0.5469 0 1.0
0 -8.6666 -5.8324 4.4184 -0.0530 -0.1482 0.9875 0.9863 0.5469 0 1.0
Default
0 -10.2814 -0.7862 4.3182 -0.2046 0.0710 0.9763 0.9863 0.5469 0 1.0
0 -11.0484 -4.7827 4.4482 -0.2046 0.0710 0.9763 0.9863 0.5469 0 1.0
0 -7.8188 -2.5221 4.9607 -0.2046 0.0710 0.9763 0.9863 0.5469 0 1.0
Default
0 -43.2898 -2.5300 3.2236 -0.0490 -0.4414 0.8960 0.9863 0.5469 0 1.0
0 -41.3255 -1.4724 3.8522 -0.0490 -0.4414 0.8960 0.9863 0.5469 0 1.0
0 -44.4131 -1.3513 3.7429 -0.0490 -0.4414 0.8960 0.9863 0.5469 0 1.0
Default
0 -40.2294 -2.6001 3.2236 -0.0113 -0.4953 0.8687 0.9863 0.5469 0 1.0
0 -41.3255 -1.4724 3.8522 -0.0113 -0.4953 0.8687 0.9863 0.5469 0 1.0
0 -43.2898 -2.5300 3.2236 -0.0113 -0.4953 0.8687 0.9863 0.5469 0 1.0
Default
0 -37.0755 -2.8338 3.2236 0.0282 -0.4894 0.8716 0.9863 0.5469 0 1.0
0 -35.5527 -1.2706 4.0521 0.0282 -0.4894 0.8716 0.9863 0.5469 0 1.0
0 -38.1363 -1.9973 3.7276 0.0282 -0.4894 0.8716 0.9863 0.5469 0 1.0
Default
0 -38.7015 0.4249 3.9690 -0.0579 0.0186 0.9981 0.9863 0.5469 0 1.0
0 -35.5527 -1.2706 4.0521 -0.0184 0.0149 0.9997 0.9863 0.5469 0 1.0
0 -35.6738 0.8286 4.0186 -0.0184 0.0149 0.9997 0.9863 0.5469 0 1.0
Default
0 -41.3255 -1.4724 3.8522 -0.0579 0.0186 0.9981 0.9863 0.5469 0 1.0
0 -38.7015 0.4249 3.9690 -0.0579 0.0186 0.9981 0.9863 0.5469 0 1.0
0 -41.4870 0.3442 3.8090 -0.0579 0.0186 0.9981 0.9863 0.5469 0 1.0
Default
0 -44.4131 -1.3513 3.7429 -0.0620 -0.0261 0.9977 0.9863 0.5469 0 1.0
0 -41.3255 -1.4724 3.8522 -0.0579 0.0186 0.9981 0.9863 0.5469 0 1.0
0 -44.0498 0.3845 3.7929 -0.0362 -0.0212 0.9991 0.9863 0.5469 0 1.0
Default
0 -45.7049 0.3038 3.7059 -0.0620 -0.0261 0.9977 0.9863 0.5469 0 1.0
0 -44.4131 -1.3513 3.7429 -0.0620 -0.0261 0.9977 0.9863 0.5469 0 1.0
0 -44.0498 0.3845 3.7929 -0.0362 -0.0212 0.9991 0.9863 0.5469 0 1.0
Default
0 -45.7049 0.3038 3.7059 -0.0620 -0.0261 0.9977 0.9863 0.5469 0 1.0
0 -46.6543 -0.9476 3.6142 -0.0620 -0.0261 0.9977 0.9863 0.5469 0 1.0
0 -44.4131 -1.3513 3.7429 -0.0620 -0.0261 0.9977 0.9863 0.5469 0 1.0
Default
0 -38.1363 -1.9973 3.7276 -0.0905 -0.1196 0.9887 0.9863 0.5469 0 1.0
0 -35.5527 -1.2706 4.0521 -0.0905 -0.1196 0.9887 0.9863 0.5469 0 1.0
0 -38.7015 0.4249 3.9690 -0.0905 -0.1196 0.9887 0.9863 0.5469 0 1.0
Default
0 -13.0669 -5.7920 4.4803 0.2708 -0.5158 0.8128 0.9863 0.5469 0 1.0
0 -12.3819 -7.4127 3.2236 0.2708 -0.5158 0.8128 0.9863 0.5469 0 1.0
0 -11.0484 -4.7827 4.4482 0.2708 -0.5158 0.8128 0.9863 0.5469 0 1.0
Default
0 -18.1131 -1.2302 4.2563 -0.0185 -0.1902 0.9816 0.9863 0.5469 0 1.0
0 -21.4637 -0.7862 4.2793 -0.0185 -0.1902 0.9816 0.9863 0.5469 0 1.0
0 -19.7682 -2.3606 4.0061 -0.0185 -0.1902 0.9816 0.9863 0.5469 0 1.0
Default
0 -30.6743 -4.7261 3.2236 -0.1674 -0.2918 0.9417 0.9863 0.5469 0 1.0
0 -30.9102 -2.0780 4.0023 -0.1674 -0.2918 0.9417 0.9863 0.5469 0 1.0
0 -32.2629 -3.8150 3.2236 -0.1674 -0.2918 0.9417 0.9863 0.5469 0 1.0
Default
0 -22.9978 -0.7862 4.0187 0.0727 -0.0337 0.9968 0.9863 0.5469 0 1.0
0 -26.7925 -0.5036 4.3050 0.0727 -0.0337 0.9968 0.9863 0.5469 0 1.0
0 -24.4511 -2.8046 4.0565 0.0727 -0.0337 0.9968 0.9863 0.5469 0 1.0
Default
0 -29.2550 -0.9880 4.5134 -0.1812 -0.1783 0.9671 0.9863 0.5469 0 1.0
0 -30.9102 -2.0780 4.0023 -0.1812 -0.1783 0.9671 0.9863 0.5469 0 1.0
0 -29.6184 -3.8139 3.9243 -0.1812 -0.1783 0.9671 0.9863 0.5469 0 1.0
Default
0 -30.7083 0.3846 4.3899 -0.2100 -0.1352 0.9683 0.9863 0.5469 0 1.0
0 -30.9102 -2.0780 4.0023 -0.2100 -0.1352 0.9683 0.9863 0.5469 0 1.0
0 -29.2550 -0.9880 4.5134 -0.2100 -0.1352 0.9683 0.9863 0.5469 0 1.0
Default
0 -48.8967 -0.9882 3.2236 -0.2127 -0.4005 0.8913 0.9863 0.5469 0 1.0
0 -48.9728 0.0616 3.6771 -0.2127 -0.4005 0.8913 0.9863 0.5469 0 1.0
0 -50.3918 -0.1938 3.2236 -0.2127 -0.4005 0.8913 0.9863 0.5469 0 1.0
Default
0 -48.8967 -0.9882 3.2236 -0.1501 -0.4012 0.9036 0.9863 0.5469 0 1.0
0 -46.6543 -0.9476 3.6142 -0.1501 -0.4012 0.9036 0.9863 0.5469 0 1.0
0 -48.9728 0.0616 3.6771 -0.1501 -0.4012 0.9036 0.9863 0.5469 0 1.0
Default
0 -48.9728 0.0616 3.6771 -0.0036 -0.0704 0.9975 0.9863 0.5469 0 1.0
0 -46.6543 -0.9476 3.6142 -0.0036 -0.0704 0.9975 0.9863 0.5469 0 1.0
0 -45.7049 0.3038 3.7059 -0.0036 -0.0704 0.9975 0.9863 0.5469 0 1.0
Default
0 -0.0000 -13.9558 2.9821 -0.0832 -0.1497 -0.9852 0.9844 0.9795 0 1.0
0 -1.6242 -12.4999 2.8980 -0.0832 -0.1497 -0.9852 0.9844 0.9795 0 1.0
0 -0.8418 -10.4689 2.5234 -0.0832 -0.1497 -0.9852 0.9844 0.9795 0 1.0
Default
0 -1.5204 -8.0779 1.5162 -0.2096 -0.6211 -0.7552 0.9844 0.9795 0 1.0
0 -0.0000 -8.0265 1.0519 -0.2096 -0.6211 -0.7552 0.9844 0.9795 0 1.0
0 -0.0000 -9.3195 2.1154 -0.2096 -0.6211 -0.7552 0.9844 0.9795 0 1.0
Default
0 -1.4233 -4.7190 -0.8543 -0.1136 -0.4122 -0.9040 0.9844 0.9795 0 1.0
0 -0.0000 -4.1032 -1.3139 -0.1136 -0.4122 -0.9040 0.9844 0.9795 0 1.0
0 -0.0000 -6.8524 -0.0605 -0.1136 -0.4122 -0.9040 0.9844 0.9795 0 1.0
Default
0 -1.7579 -2.9349 -0.9307 -0.1195 0.1425 -0.9826 0.9844 0.9795 0 1.0
0 -0.0000 -0.9504 -0.8566 -0.1195 0.1425 -0.9826 0.9844 0.9795 0 1.0
0 -0.0000 -4.1032 -1.3139 -0.1195 0.1425 -0.9826 0.9844 0.9795 0 1.0
Default
0 -1.1423 2.2497 0.8629 -0.2067 0.4048 -0.8907 0.9844 0.9795 0 1.0
0 -0.0000 3.4585 1.1472 -0.2067 0.4048 -0.8907 0.9844 0.9795 0 1.0
0 -0.0000 -0.9504 -0.8566 -0.2067 0.4048 -0.8907 0.9844 0.9795 0 1.0
Default
0 -1.8443 -0.7838 -0.3843 -0.1912 0.4108 -0.8915 0.9844 0.9795 0 1.0
0 -1.1423 2.2497 0.8629 -0.1720 0.3766 -0.9103 0.9844 0.9795 0 1.0
0 -0.0000 -0.9504 -0.8566 -0.2067 0.4048 -0.8907 0.9844 0.9795 0 1.0
Default
0 -1.0566 5.6989 2.2737 -0.1720 0.3766 -0.9103 0.9844 0.9795 0 1.0
0 -0.0000 3.4585 1.1472 -0.1720 0.3766 -0.9103 0.9844 0.9795 0 1.0
0 -1.1423 2.2497 0.8629 -0.1720 0.3766 -0.9103 0.9844 0.9795 0 1.0
Default
0 -0.7819 7.6216 2.5775 -0.2955 0.2603 -0.9192 0.9844 0.9795 0 1.0
0 -0.0000 9.0339 2.7261 -0.2955 0.2603 -0.9192 0.9844 0.9795 0 1.0
0 -0.0000 3.4585 1.1472 -0.2955 0.2603 -0.9192 0.9844 0.9795 0 1.0
Default
0 -1.5204 -8.0779 1.5162 -0.0861 -0.7183 -0.6904 0.9844 0.5488 0 1.0
0 -1.7929 -9.1649 2.6812 -0.0861 -0.7183 -0.6904 0.9844 0.5488 0 1.0
0 -3.1173 -7.9946 1.6288 -0.0861 -0.7183 -0.6904 0.9844 0.5488 0 1.0
Default
0 -0.0432 15.0306 3.1452 0.0182 0.9631 -0.2686 0.1705 0.7324 0 1.0
0 -0.0900 15.0349 3.1574 0.0182 0.9631 -0.2686 0.1713 0.7319 0 1.0
0 -0.0000 15.0366 3.1694 0.0182 0.9631 -0.2686 0.1698 0.7334 0 1.0
Default
0 -0.8003 10.4489 2.9094 -0.4164 0.4930 -0.7639 0.9844 0.9795 0 1.0
0 -0.9694 11.2046 3.4893 -0.4164 0.4930 -0.7639 0.9844 0.9795 0 1.0
0 -0.5045 11.1211 3.1820 -0.4164 0.4930 -0.7639 0.9844 0.9795 0 1.0
Default
0 -0.5310 9.3635 2.7609 -0.7069 0.1740 -0.6855 0.9844 0.9795 0 1.0
0 -0.7819 7.6216 2.5775 -0.7069 0.1740 -0.6855 0.9844 0.9795 0 1.0
0 -1.1795 8.9173 3.3164 -0.7069 0.1740 -0.6855 0.9844 0.9795 0 1.0
Default
0 -1.0566 5.6989 2.2737 -0.7876 0.2500 -0.5632 0.9844 0.9795 0 1.0
0 -1.1423 2.2497 0.8629 -0.7876 0.2500 -0.5632 0.9844 0.9795 0 1.0
0 -1.9966 4.3235 2.9777 -0.7876 0.2500 -0.5632 0.9844 0.9795 0 1.0
Default
0 -1.0566 5.6989 2.2737 -0.9334 0.1822 -0.3090 0.9844 0.9795 0 1.0
0 -1.1925 6.5616 3.1927 -0.9334 0.1822 -0.3090 0.9844 0.9795 0 1.0
0 -0.7819 7.6216 2.5775 -0.9334 0.1822 -0.3090 0.9844 0.9795 0 1.0
Default
0 -1.1925 6.5616 3.1927 -0.8558 0.0318 -0.5163 0.9844 0.9795 0 1.0
0 -1.1795 8.9173 3.3164 -0.8558 0.0318 -0.5163 0.9844 0.9795 0 1.0
0 -0.7819 7.6216 2.5775 -0.8558 0.0318 -0.5163 0.9844 0.9795 0 1.0
Default
0 -1.0566 5.6989 2.2737 -0.8296 0.3406 -0.4424 0.9844 0.9795 0 1.0
0 -1.9966 4.3235 2.9777 -0.8296 0.3406 -0.4424 0.9844 0.9795 0 1.0
0 -1.1925 6.5616 3.1927 -0.8296 0.3406 -0.4424 0.9844 0.9795 0 1.0
Default
0 -0.0000 -0.9504 -0.8566 -0.2217 0.2317 -0.9472 0.9844 0.9795 0 1.0
0 -1.7579 -2.9349 -0.9307 -0.2217 0.2317 -0.9472 0.9844 0.9795 0 1.0
0 -1.8443 -0.7838 -0.3843 -0.2217 0.2317 -0.9472 0.9844 0.9795 0 1.0
Default
0 -1.8443 -0.7838 -0.3843 -0.3692 0.4252 -0.8264 0.9844 0.9795 0 1.0
0 -3.8979 2.6932 2.3223 -0.3692 0.4252 -0.8264 0.9844 0.9795 0 1.0
0 -1.1423 2.2497 0.8629 -0.3692 0.4252 -0.8264 0.9844 0.9795 0 1.0
Default
0 -1.2551 10.6749 3.4112 -0.7311 0.0407 -0.6810 0.9844 0.9795 0 1.0
0 -0.8003 10.4489 2.9094 -0.7311 0.0407 -0.6810 0.9844 0.9795 0 1.0
0 -1.2626 9.5303 3.3508 -0.7311 0.0407 -0.6810 0.9844 0.9795 0 1.0
Default
0 -0.9694 11.2046 3.4893 -0.5740 0.4138 -0.7066 0.9844 0.9795 0 1.0
0 -0.8003 10.4489 2.9094 -0.5740 0.4138 -0.7066 0.9844 0.9795 0 1.0
0 -1.2551 10.6749 3.4112 -0.5740 0.4138 -0.7066 0.9844 0.9795 0 1.0
Default
0 -0.0000 -4.1032 -1.3139 -0.2699 -0.0916 -0.9585 0.9844 0.9795 0 1.0
0 -1.4233 -4.7190 -0.8543 -0.2699 -0.0916 -0.9585 0.9844 0.9795 0 1.0
0 -1.7579 -2.9349 -0.9307 -0.2699 -0.0916 -0.9585 0.9844 0.9795 0 1.0
Default
0 -1.4233 -4.7190 -0.8543 -0.4465 -0.1217 -0.8865 0.9844 0.9795 0 1.0
0 -2.6157 -4.5371 -0.2787 -0.4465 -0.1217 -0.8865 0.9844 0.9795 0 1.0
0 -1.7579 -2.9349 -0.9307 -0.4465 -0.1217 -0.8865 0.9844 0.9795 0 1.0
Default
0 -0.0000 -6.8524 -0.0605 -0.1475 -0.7069 -0.6917 0.9844 0.9795 0 1.0
0 -1.5204 -8.0779 1.5162 -0.1475 -0.7069 -0.6917 0.9844 0.9795 0 1.0
0 -2.9858 -6.8230 0.5462 -0.1475 -0.7069 -0.6917 0.9844 0.9795 0 1.0
Default
0 -3.1173 -7.9946 1.6288 -0.0869 -0.6708 -0.7365 0.9844 0.5488 0 1.0
0 -2.9858 -6.8230 0.5462 -0.0869 -0.6708 -0.7365 0.9844 0.5488 0 1.0
0 -1.5204 -8.0779 1.5162 -0.0869 -0.6708 -0.7365 0.9844 0.5488 0 1.0
Default
0 -5.4562 -6.6972 1.6038 -0.3356 -0.6187 -0.7104 0.9844 0.5488 0 1.0
0 -2.9858 -6.8230 0.5462 -0.3356 -0.6187 -0.7104 0.9844 0.5488 0 1.0
0 -3.1173 -7.9946 1.6288 -0.3356 -0.6187 -0.7104 0.9844 0.5488 0 1.0
Default
0 -1.7579 -2.9349 -0.9307 -0.5643 0.1819 -0.8053 0.9844 0.9795 0 1.0
0 -3.4963 -1.3314 0.6498 -0.5643 0.1819 -0.8053 0.9844 0.9795 0 1.0
0 -1.8443 -0.7838 -0.3843 -0.5643 0.1819 -0.8053 0.9844 0.9795 0 1.0
Default
0 -1.1423 2.2497 0.8629 -0.2847 0.6245 -0.7273 0.9844 0.9795 0 1.0
0 -3.8979 2.6932 2.3223 -0.2847 0.6245 -0.7273 0.9844 0.9795 0 1.0
0 -1.9966 4.3235 2.9777 -0.2847 0.6245 -0.7273 0.9844 0.9795 0 1.0
Default
0 -5.4562 -6.6972 1.6038 -0.3914 -0.2556 -0.8840 0.9844 0.9795 0 1.0
0 -2.6157 -4.5371 -0.2787 -0.3914 -0.2556 -0.8840 0.9844 0.9795 0 1.0
0 -2.9858 -6.8230 0.5462 -0.3914 -0.2556 -0.8840 0.9844 0.9795 0 1.0
Default
0 -2.6157 -4.5371 -0.2787 -0.6515 0.0405 -0.7576 0.9844 0.9795 0 1.0
0 -3.4963 -1.3314 0.6498 -0.6515 0.0405 -0.7576 0.9844 0.9795 0 1.0
0 -1.7579 -2.9349 -0.9307 -0.6515 0.0405 -0.7576 0.9844 0.9795 0 1.0
Default
0 -4.7479 -3.8267 0.8195 -0.0912 0.2000 -0.9755 0.9844 0.9795 0 1.0
0 -6.4527 -1.1521 1.5271 -0.0912 0.2000 -0.9755 0.9844 0.9795 0 1.0
0 -4.8124 -0.4695 1.5138 -0.0912 0.2000 -0.9755 0.9844 0.9795 0 1.0
Default
0 -3.4963 -1.3314 0.6498 -0.5732 0.2650 -0.7754 0.9844 0.9795 0 1.0
0 -3.8979 2.6932 2.3223 -0.5732 0.2650 -0.7754 0.9844 0.9795 0 1.0
0 -1.8443 -0.7838 -0.3843 -0.5732 0.2650 -0.7754 0.9844 0.9795 0 1.0
Default
0 -4.8124 -0.4695 1.5138 -0.3594 0.3273 -0.8739 0.9844 0.9795 0 1.0
0 -3.8979 2.6932 2.3223 -0.3594 0.3273 -0.8739 0.9844 0.9795 0 1.0
0 -3.4963 -1.3314 0.6498 -0.3594 0.3273 -0.8739 0.9844 0.9795 0 1.0
Default
0 -3.8979 2.6932 2.3223 -0.4313 0.3385 -0.8363 0.9844 0.9795 0 1.0
0 -4.8124 -0.4695 1.5138 -0.4313 0.3385 -0.8363 0.9844 0.9795 0 1.0
0 -5.9658 1.6194 2.9542 -0.4313 0.3385 -0.8363 0.9844 0.9795 0 1.0
Default
0 -5.9658 1.6194 2.9542 -0.0057 0.3436 -0.9391 0.9844 0.9795 0 1.0
0 -8.1188 -1.2837 1.9051 -0.0057 0.3436 -0.9391 0.9844 0.9795 0 1.0
0 -10.0096 1.1660 2.8130 -0.0057 0.3436 -0.9391 0.9844 0.9795 0 1.0
Default
0 -10.0096 1.1660 2.8130 0.0160 0.1778 -0.9839 0.9844 0.9795 0 1.0
0 -10.6253 -1.4794 2.3251 0.0160 0.1778 -0.9839 0.9844 0.9795 0 1.0
0 -13.9142 0.6185 2.6507 0.0160 0.1778 -0.9839 0.9844 0.9795 0 1.0
Default
0 -4.9581 -5.4555 0.9479 -0.1177 0.0922 -0.9888 0.9844 0.9795 0 1.0
0 -7.1804 -3.8307 1.3639 -0.1177 0.0922 -0.9888 0.9844 0.9795 0 1.0
0 -6.4527 -1.1521 1.5271 -0.1177 0.0922 -0.9888 0.9844 0.9795 0 1.0
Default
0 -7.6918 -5.9560 1.6083 -0.2244 -0.0579 -0.9728 0.9844 0.9795 0 1.0
0 -7.1804 -3.8307 1.3639 -0.2244 -0.0579 -0.9728 0.9844 0.9795 0 1.0
0 -4.9581 -5.4555 0.9479 -0.2244 -0.0579 -0.9728 0.9844 0.9795 0 1.0
Default
0 -10.0096 1.1660 2.8130 -0.1778 0.2184 -0.9595 0.9844 0.9795 0 1.0
0 -8.1188 -1.2837 1.9051 -0.1778 0.2184 -0.9595 0.9844 0.9795 0 1.0
0 -10.6253 -1.4794 2.3251 -0.1778 0.2184 -0.9595 0.9844 0.9795 0 1.0
Default
0 -13.9142 0.6185 2.6507 -0.0359 0.4407 -0.8969 0.9844 0.5488 0 1.0
0 -17.4266 -0.7360 2.1258 -0.0359 0.4407 -0.8969 0.9844 0.5488 0 1.0
0 -18.0323 0.2671 2.6429 -0.0359 0.4407 -0.8969 0.9844 0.5488 0 1.0
Default
0 -18.0323 0.2671 2.6429 -0.0359 0.4407 -0.8969 0.9844 0.5488 0 1.0
0 -21.3039 -0.7866 2.3884 -0.0733 0.4435 -0.8933 0.9844 0.5488 0 1.0
0 -21.7033 0.2247 2.9233 -0.0733 0.4435 -0.8933 0.9844 0.5488 0 1.0
Default
0 -7.1804 -3.8307 1.3639 -0.2287 0.1210 -0.9659 0.9844 0.9795 0 1.0
0 -8.1188 -1.2837 1.9051 -0.2287 0.1210 -0.9659 0.9844 0.9795 0 1.0
0 -6.4527 -1.1521 1.5271 -0.2287 0.1210 -0.9659 0.9844 0.9795 0 1.0
Default
0 -10.6253 -1.4794 2.3251 0.0766 0.2691 -0.9601 0.9844 0.9795 0 1.0
0 -11.5204 -2.2840 2.0281 0.0766 0.2691 -0.9601 0.9844 0.9795 0 1.0
0 -13.9142 0.6185 2.6507 0.0766 0.2691 -0.9601 0.9844 0.9795 0 1.0
Default
0 -13.9142 0.6185 2.6507 -0.0603 0.1615 -0.9850 0.9844 0.9795 0 1.0
0 -11.5204 -2.2840 2.0281 -0.0603 0.1615 -0.9850 0.9844 0.9795 0 1.0
0 -14.4017 -1.1744 2.3866 -0.0603 0.1615 -0.9850 0.9844 0.9795 0 1.0
Default
0 -21.7033 0.2247 2.9233 0.0729 0.2179 -0.9732 0.9844 0.5488 0 1.0
0 -24.2618 -0.3819 2.5958 0.0729 0.2179 -0.9732 0.9844 0.5488 0 1.0
0 -25.1375 0.7595 2.7858 0.0729 0.2179 -0.9732 0.9844 0.5488 0 1.0
Default
0 -14.4017 -1.1744 2.3866 0.1022 0.1177 -0.9878 0.9844 0.9795 0 1.0
0 -17.4266 -0.7360 2.1258 0.1022 0.1177 -0.9878 0.9844 0.9795 0 1.0
0 -13.9142 0.6185 2.6507 0.1022 0.1177 -0.9878 0.9844 0.9795 0 1.0
Default
0 -9.2613 -4.7114 2.1831 0.2055 0.1293 -0.9701 0.9844 0.9795 0 1.0
0 -11.5204 -2.2840 2.0281 0.2055 0.1293 -0.9701 0.9844 0.9795 0 1.0
0 -10.6253 -1.4794 2.3251 0.2055 0.1293 -0.9701 0.9844 0.9795 0 1.0
Default
0 -10.2405 -5.9467 2.3614 -0.0464 -0.1066 -0.9932 0.9844 0.9795 0 1.0
0 -11.5204 -2.2840 2.0281 -0.0464 -0.1066 -0.9932 0.9844 0.9795 0 1.0
0 -9.2613 -4.7114 2.1831 -0.0464 -0.1066 -0.9932 0.9844 0.9795 0 1.0
Default
0 -13.6046 -5.3206 2.6626 -0.1122 -0.1289 -0.9853 0.9844 0.9795 0 1.0
0 -11.5204 -2.2840 2.0281 -0.1122 -0.1289 -0.9853 0.9844 0.9795 0 1.0
0 -10.2405 -5.9467 2.3614 -0.1122 -0.1289 -0.9853 0.9844 0.9795 0 1.0
Default
0 -16.3637 -5.1299 3.0558 0.0564 -0.1937 -0.9794 0.9844 0.9795 0 1.0
0 -17.4266 -0.7360 2.1258 0.0564 -0.1937 -0.9794 0.9844 0.9795 0 1.0
0 -14.4017 -1.1744 2.3866 0.0564 -0.1937 -0.9794 0.9844 0.9795 0 1.0
Default
0 -21.3039 -0.7866 2.3884 -0.0667 0.4251 -0.9027 0.9844 0.5488 0 1.0
0 -18.0323 0.2671 2.6429 -0.0667 0.4251 -0.9027 0.9844 0.5488 0 1.0
0 -17.4266 -0.7360 2.1258 -0.0667 0.4251 -0.9027 0.9844 0.5488 0 1.0
Default
0 -31.1649 2.0543 2.7523 -0.0049 -0.1857 -0.9826 0.9844 0.5488 0 1.0
0 -33.2824 0.6486 3.0285 -0.0049 -0.1857 -0.9826 0.9844 0.5488 0 1.0
0 -33.8048 2.1244 2.7523 -0.0049 -0.1857 -0.9826 0.9844 0.5488 0 1.0
Default
0 -28.2914 1.1100 2.6122 -0.1618 -0.3558 -0.9204 0.9844 0.5488 0 1.0
0 -29.8311 0.2364 3.2205 -0.1618 -0.3558 -0.9204 0.9844 0.5488 0 1.0
0 -31.1649 2.0543 2.7523 -0.1618 -0.3558 -0.9204 0.9844 0.5488 0 1.0
Default
0 -25.1375 0.7595 2.7858 0.0555 0.0046 -0.9984 0.9844 0.5488 0 1.0
0 -26.8648 -0.1721 2.6855 0.0555 0.0046 -0.9984 0.9844 0.5488 0 1.0
0 -28.2914 1.1100 2.6122 0.0555 0.0046 -0.9984 0.9844 0.5488 0 1.0
Default
0 -21.3039 -0.7866 2.3884 0.0021 0.4682 -0.8836 0.9844 0.5488 0 1.0
0 -24.2618 -0.3819 2.5958 0.0021 0.4682 -0.8836 0.9844 0.5488 0 1.0
0 -21.7033 0.2247 2.9233 0.0021 0.4682 -0.8836 0.9844 0.5488 0 1.0
Default
0 -29.8311 0.2364 3.2205 0.0265 -0.2311 -0.9726 0.9844 0.5488 0 1.0
0 -33.2824 0.6486 3.0285 0.0265 -0.2311 -0.9726 0.9844 0.5488 0 1.0
0 -31.1649 2.0543 2.7523 0.0265 -0.2311 -0.9726 0.9844 0.5488 0 1.0
Default
0 -33.8048 2.1244 2.7523 0.0818 -0.1553 -0.9845 0.9844 0.5488 0 1.0
0 -33.2824 0.6486 3.0285 0.0818 -0.1553 -0.9845 0.9844 0.5488 0 1.0
0 -35.9107 0.6936 2.8031 0.0818 -0.1553 -0.9845 0.9844 0.5488 0 1.0
Default
0 -18.2441 -5.1055 2.8224 0.1232 -0.0124 -0.9923 0.9844 0.9795 0 1.0
0 -21.8953 -2.6364 2.3382 0.1232 -0.0124 -0.9923 0.9844 0.9795 0 1.0
0 -21.3039 -0.7866 2.3884 0.1232 -0.0124 -0.9923 0.9844 0.9795 0 1.0
Default
0 -20.8806 -4.3872 2.2906 0.2377 0.1638 -0.9574 0.9844 0.9795 0 1.0
0 -21.8953 -2.6364 2.3382 0.2377 0.1638 -0.9574 0.9844 0.9795 0 1.0
0 -18.2441 -5.1055 2.8224 0.2377 0.1638 -0.9574 0.9844 0.9795 0 1.0
Default
0 -23.2274 -4.2562 2.4364 -0.0625 -0.0091 -0.9980 0.9844 0.9795 0 1.0
0 -21.8953 -2.6364 2.3382 -0.0625 -0.0091 -0.9980 0.9844 0.9795 0 1.0
0 -20.8806 -4.3872 2.2906 -0.0625 -0.0091 -0.9980 0.9844 0.9795 0 1.0
Default
0 -24.2618 -0.3819 2.5958 -0.0634 0.0474 -0.9969 0.9844 0.9795 0 1.0
0 -23.2274 -4.2562 2.4364 -0.0625 -0.0091 -0.9980 0.9844 0.9795 0 1.0
0 -25.4225 -3.9941 2.5792 -0.0620 0.0245 -0.9978 0.9844 0.9795 0 1.0
Default
0 -21.8953 -2.6364 2.3382 -0.0634 0.0474 -0.9969 0.9844 0.9795 0 1.0
0 -23.2274 -4.2562 2.4364 -0.0625 -0.0091 -0.9980 0.9844 0.9795 0 1.0
0 -24.2618 -0.3819 2.5958 -0.0634 0.0474 -0.9969 0.9844 0.9795 0 1.0
Default
0 -21.8953 -2.6364 2.3382 -0.0634 0.0474 -0.9969 0.9844 0.9795 0 1.0
0 -24.2618 -0.3819 2.5958 -0.0634 0.0474 -0.9969 0.9844 0.9795 0 1.0
0 -21.3039 -0.7866 2.3884 -0.0634 0.0474 -0.9969 0.9844 0.9795 0 1.0
Default
0 -25.4225 -3.9941 2.5792 -0.1749 0.0607 -0.9827 0.9844 0.9795 0 1.0
0 -27.4499 -3.6726 2.9598 -0.1749 0.0607 -0.9827 0.9844 0.9795 0 1.0
0 -24.2618 -0.3819 2.5958 -0.1749 0.0607 -0.9827 0.9844 0.9795 0 1.0
Default
0 -27.4499 -3.6726 2.9598 -0.0401 -0.0714 -0.9966 0.9844 0.9795 0 1.0
0 -26.8648 -0.1721 2.6855 -0.0401 -0.0714 -0.9966 0.9844 0.9795 0 1.0
0 -24.2618 -0.3819 2.5958 -0.0401 -0.0714 -0.9966 0.9844 0.9795 0 1.0
Default
0 -50.4619 1.0039 3.2236 -0.0804 -0.0047 -0.9968 0.9844 0.5488 0 1.0
0 -49.1996 -0.0560 3.1268 -0.0804 -0.0047 -0.9968 0.9844 0.5488 0 1.0
0 -50.3918 -0.1938 3.2236 -0.0804 -0.0047 -0.9968 0.9844 0.5488 0 1.0
Default
0 -48.7331 1.2667 2.9066 -0.1638 -0.1055 -0.9808 0.9844 0.5488 0 1.0
0 -49.1996 -0.0560 3.1268 -0.1638 -0.1055 -0.9808 0.9844 0.5488 0 1.0
0 -50.4619 1.0039 3.2236 -0.1638 -0.1055 -0.9808 0.9844 0.5488 0 1.0
Default
0 -48.8967 -0.9882 2.9066 -0.1020 0.1972 -0.9750 0.9844 0.5488 0 1.0
0 -50.3918 -0.1938 3.2236 -0.1020 0.1972 -0.9750 0.9844 0.5488 0 1.0
0 -49.1996 -0.0560 3.1268 -0.1020 0.1972 -0.9750 0.9844 0.5488 0 1.0
Default
0 -46.7392 -0.8440 2.8882 -0.1100 -0.0428 -0.9930 0.9844 0.5488 0 1.0
0 -49.1996 -0.0560 3.1268 -0.1100 -0.0428 -0.9930 0.9844 0.5488 0 1.0
0 -47.8697 0.1612 2.9701 -0.1100 -0.0428 -0.9930 0.9844 0.5488 0 1.0
Default
0 -49.1996 -0.0560 3.1268 -0.0949 -0.1308 -0.9869 0.9844 0.5488 0 1.0
0 -48.7331 1.2667 2.9066 -0.0949 -0.1308 -0.9869 0.9844 0.5488 0 1.0
0 -47.8697 0.1612 2.9701 -0.0949 -0.1308 -0.9869 0.9844 0.5488 0 1.0
Default
0 -45.7442 -0.1807 2.9335 0.0146 -0.1023 -0.9946 0.9844 0.5488 0 1.0
0 -45.3456 1.5367 2.7627 0.0146 -0.1023 -0.9946 0.9844 0.5488 0 1.0
0 -43.4548 0.4785 2.8993 0.0146 -0.1023 -0.9946 0.9844 0.5488 0 1.0
Default
0 -31.3951 -2.6370 3.3785 -0.2005 0.0943 -0.9752 0.9844 0.9795 0 1.0
0 -26.8648 -0.1721 2.6855 -0.2005 0.0943 -0.9752 0.9844 0.9795 0 1.0
0 -29.2522 -3.1521 2.8882 -0.2005 0.0943 -0.9752 0.9844 0.9795 0 1.0
Default
0 -29.8311 0.2364 3.2205 -0.1721 0.0396 -0.9843 0.9844 0.9795 0 1.0
0 -26.8648 -0.1721 2.6855 -0.1721 0.0396 -0.9843 0.9844 0.9795 0 1.0
0 -31.3951 -2.6370 3.3785 -0.1721 0.0396 -0.9843 0.9844 0.9795 0 1.0
Default
0 -26.8648 -0.1721 2.6855 -0.0222 0.1475 -0.9888 0.9844 0.5488 0 1.0
0 -25.1375 0.7595 2.7858 -0.0222 0.1475 -0.9888 0.9844 0.5488 0 1.0
0 -24.2618 -0.3819 2.5958 -0.0222 0.1475 -0.9888 0.9844 0.5488 0 1.0
Default
0 -0.0000 -13.9558 2.9821 -0.2200 -0.1793 -0.9589 0.9844 0.9795 0 1.0
0 -0.8418 -10.4689 2.5234 -0.2200 -0.1793 -0.9589 0.9844 0.9795 0 1.0
0 -0.0000 -9.3195 2.1154 -0.2200 -0.1793 -0.9589 0.9844 0.9795 0 1.0
Default
0 -0.0000 -6.8524 -0.0605 0.1081 -0.2826 -0.9531 0.9844 0.9795 0 1.0
0 -1.5210 -6.3806 -0.3728 0.1081 -0.2826 -0.9531 0.9844 0.9795 0 1.0
0 -1.4233 -4.7190 -0.8543 0.1081 -0.2826 -0.9531 0.9844 0.9795 0 1.0
Default
0 -1.0566 5.6989 2.2737 -0.4792 0.2033 -0.8538 0.9844 0.9795 0 1.0
0 -0.7819 7.6216 2.5775 -0.4792 0.2033 -0.8538 0.9844 0.9795 0 1.0
0 -0.0000 3.4585 1.1472 -0.4792 0.2033 -0.8538 0.9844 0.9795 0 1.0
Default
0 -0.0000 9.0339 2.7261 -0.0505 0.0241 -0.9984 0.9844 0.9795 0 1.0
0 -0.5310 9.3635 2.7609 -0.0505 0.0241 -0.9984 0.9844 0.9795 0 1.0
0 -0.0000 10.2085 2.7544 -0.0505 0.0241 -0.9984 0.9844 0.9795 0 1.0
Default
0 -49.1996 -0.0560 3.1268 -0.0232 0.2227 -0.9746 0.9844 0.5488 0 1.0
0 -46.7392 -0.8440 2.8882 -0.0232 0.2227 -0.9746 0.9844 0.5488 0 1.0
0 -48.8967 -0.9882 2.9066 -0.0232 0.2227 -0.9746 0.9844 0.5488 0 1.0
Default
0 -43.3484 -2.3419 2.8453 -0.0118 0.1071 -0.9942 0.9844 0.5488 0 1.0
0 -41.6797 -1.6167 2.9037 -0.0118 0.1071 -0.9942 0.9844 0.5488 0 1.0
0 -40.4919 -2.4221 2.8028 -0.0118 0.1071 -0.9942 0.9844 0.5488 0 1.0
Default
0 -45.4713 -1.7056 2.8453 0.0079 0.0264 -0.9996 0.9844 0.5488 0 1.0
0 -43.7546 -1.0375 2.8765 0.0079 0.0264 -0.9996 0.9844 0.5488 0 1.0
0 -43.3484 -2.3419 2.8453 0.0079 0.0264 -0.9996 0.9844 0.5488 0 1.0
Default
0 -34.2793 -3.2033 2.8732 0.0533 0.2115 -0.9759 0.9844 0.5488 0 1.0
0 -33.2233 -2.5181 3.0794 0.0533 0.2115 -0.9759 0.9844 0.5488 0 1.0
0 -32.1135 -3.6122 2.9030 0.0533 0.2115 -0.9759 0.9844 0.5488 0 1.0
Default
0 -37.3238 -2.6551 2.8981 -0.0187 -0.0584 -0.9981 0.9844 0.5488 0 1.0
0 -35.4481 -1.9303 2.8206 -0.0187 -0.0584 -0.9981 0.9844 0.5488 0 1.0
0 -34.2793 -3.2033 2.8732 -0.0187 -0.0584 -0.9981 0.9844 0.5488 0 1.0
Default
0 -34.2793 -3.2033 2.8732 0.1373 0.0853 -0.9868 0.9844 0.5488 0 1.0
0 -35.4481 -1.9303 2.8206 0.1373 0.0853 -0.9868 0.9844 0.5488 0 1.0
0 -33.2233 -2.5181 3.0794 0.1373 0.0853 -0.9868 0.9844 0.5488 0 1.0
Default
0 -40.4919 -2.4221 2.8028 0.0300 -0.0016 -0.9995 0.9844 0.5488 0 1.0
0 -38.5634 -1.7637 2.8596 0.0300 -0.0016 -0.9995 0.9844 0.5488 0 1.0
0 -37.3238 -2.6551 2.8981 0.0300 -0.0016 -0.9995 0.9844 0.5488 0 1.0
Default
0 -43.7546 -1.0375 2.8765 0.0216 0.0307 -0.9993 0.9844 0.5488 0 1.0
0 -41.6797 -1.6167 2.9037 0.0216 0.0307 -0.9993 0.9844 0.5488 0 1.0
0 -43.3484 -2.3419 2.8453 0.0216 0.0307 -0.9993 0.9844 0.5488 0 1.0
Default
0 -41.6797 -1.6167 2.9037 -0.0088 0.1115 -0.9937 0.9844 0.5488 0 1.0
0 -38.5634 -1.7637 2.8596 -0.0088 0.1115 -0.9937 0.9844 0.5488 0 1.0
0 -40.4919 -2.4221 2.8028 -0.0088 0.1115 -0.9937 0.9844 0.5488 0 1.0
Default
0 -30.4639 -4.4932 2.9313 -0.0484 0.0116 -0.9988 0.9844 0.5488 0 1.0
0 -29.2522 -3.1521 2.8882 -0.0484 0.0116 -0.9988 0.9844 0.5488 0 1.0
0 -28.4139 -5.2489 2.8231 -0.0484 0.0116 -0.9988 0.9844 0.5488 0 1.0
Default
0 -32.1135 -3.6122 2.9030 -0.0000 -0.0321 -0.9995 0.9844 0.5488 0 1.0
0 -29.2522 -3.1521 2.8882 -0.0000 -0.0321 -0.9995 0.9844 0.5488 0 1.0
0 -30.4639 -4.4932 2.9313 -0.0000 -0.0321 -0.9995 0.9844 0.5488 0 1.0
Default
0 -38.5634 -1.7637 2.8596 -0.0160 -0.0654 -0.9977 0.9844 0.5488 0 1.0
0 -35.4481 -1.9303 2.8206 -0.0160 -0.0654 -0.9977 0.9844 0.5488 0 1.0
0 -37.3238 -2.6551 2.8981 -0.0160 -0.0654 -0.9977 0.9844 0.5488 0 1.0
Default
0 -33.2824 0.6486 3.0285 0.1606 -0.0129 -0.9869 0.9844 0.9795 0 1.0
0 -31.3951 -2.6370 3.3785 0.1606 -0.0129 -0.9869 0.9844 0.9795 0 1.0
0 -33.2233 -2.5181 3.0794 0.1606 -0.0129 -0.9869 0.9844 0.9795 0 1.0
Default
0 -29.8311 0.2364 3.2205 0.0459 -0.0797 -0.9958 0.9844 0.9795 0 1.0
0 -31.3951 -2.6370 3.3785 0.0459 -0.0797 -0.9958 0.9844 0.9795 0 1.0
0 -33.2824 0.6486 3.0285 0.0459 -0.0797 -0.9958 0.9844 0.9795 0 1.0
Default
0 -28.4139 -5.2489 2.8231 -0.0308 -0.1194 -0.9924 0.9844 0.5488 0 1.0
0 -25.4225 -3.9941 2.5792 -0.0308 -0.1194 -0.9924 0.9844 0.5488 0 1.0
0 -24.6737 -5.7178 2.7633 -0.0308 -0.1194 -0.9924 0.9844 0.5488 0 1.0
Default
0 -17.8623 -6.6517 2.6859 -0.0217 0.2562 -0.9664 0.9844 0.5488 0 1.0
0 -16.3637 -5.1299 3.0558 -0.0217 0.2562 -0.9664 0.9844 0.5488 0 1.0
0 -14.6866 -6.8287 2.5678 -0.0217 0.2562 -0.9664 0.9844 0.5488 0 1.0
Default
0 -21.3037 -6.0346 2.6289 -0.0190 -0.1964 -0.9803 0.9844 0.5488 0 1.0
0 -20.8806 -4.3872 2.2906 -0.0190 -0.1964 -0.9803 0.9844 0.5488 0 1.0
0 -17.8623 -6.6517 2.6859 -0.0190 -0.1964 -0.9803 0.9844 0.5488 0 1.0
Default
0 -29.2522 -3.1521 2.8882 0.0549 0.0529 -0.9971 0.9844 0.5488 0 1.0
0 -27.4499 -3.6726 2.9598 0.0549 0.0529 -0.9971 0.9844 0.5488 0 1.0
0 -28.4139 -5.2489 2.8231 0.0549 0.0529 -0.9971 0.9844 0.5488 0 1.0
Default
0 -28.4139 -5.2489 2.8231 -0.1541 0.1785 -0.9718 0.9844 0.5488 0 1.0
0 -27.4499 -3.6726 2.9598 -0.1541 0.1785 -0.9718 0.9844 0.5488 0 1.0
0 -25.4225 -3.9941 2.5792 -0.1541 0.1785 -0.9718 0.9844 0.5488 0 1.0
Default
0 -33.2233 -2.5181 3.0794 0.1733 0.3256 -0.9295 0.9844 0.5488 0 1.0
0 -31.3951 -2.6370 3.3785 0.1733 0.3256 -0.9295 0.9844 0.5488 0 1.0
0 -32.1135 -3.6122 2.9030 0.1733 0.3256 -0.9295 0.9844 0.5488 0 1.0
Default
0 -26.8648 -0.1721 2.6855 0.0162 -0.0808 -0.9966 0.9844 0.9795 0 1.0
0 -27.4499 -3.6726 2.9598 0.0162 -0.0808 -0.9966 0.9844 0.9795 0 1.0
0 -29.2522 -3.1521 2.8882 0.0162 -0.0808 -0.9966 0.9844 0.9795 0 1.0
Default
0 -31.3951 -2.6370 3.3785 -0.0825 0.4853 -0.8705 0.9844 0.5488 0 1.0
0 -29.2522 -3.1521 2.8882 -0.0825 0.4853 -0.8705 0.9844 0.5488 0 1.0
0 -32.1135 -3.6122 2.9030 -0.0825 0.4853 -0.8705 0.9844 0.5488 0 1.0
Default
0 -20.8806 -4.3872 2.2906 0.2328 0.1424 -0.9620 0.9844 0.5488 0 1.0
0 -18.2441 -5.1055 2.8224 0.2328 0.1424 -0.9620 0.9844 0.5488 0 1.0
0 -17.8623 -6.6517 2.6859 0.2328 0.1424 -0.9620 0.9844 0.5488 0 1.0
Default
0 -9.7271 -7.2196 2.5128 -0.0458 -0.5316 -0.8457 0.9844 0.5488 0 1.0
0 -7.6918 -5.9560 1.6083 -0.0458 -0.5316 -0.8457 0.9844 0.5488 0 1.0
0 -7.4714 -7.2227 2.3927 -0.0458 -0.5316 -0.8457 0.9844 0.5488 0 1.0
Default
0 -12.0081 -7.1568 2.5650 -0.0262 -0.1286 -0.9914 0.9844 0.5488 0 1.0
0 -10.2405 -5.9467 2.3614 -0.0262 -0.1286 -0.9914 0.9844 0.5488 0 1.0
0 -9.7271 -7.2196 2.5128 -0.0262 -0.1286 -0.9914 0.9844 0.5488 0 1.0
Default
0 -14.6866 -6.8287 2.5678 0.0061 0.0584 -0.9983 0.9844 0.5488 0 1.0
0 -13.6046 -5.3206 2.6626 0.0061 0.0584 -0.9983 0.9844 0.5488 0 1.0
0 -12.0081 -7.1568 2.5650 0.0061 0.0584 -0.9983 0.9844 0.5488 0 1.0
Default
0 -25.4225 -3.9941 2.5792 -0.0810 -0.1406 -0.9867 0.9844 0.5488 0 1.0
0 -23.2274 -4.2562 2.4364 -0.0810 -0.1406 -0.9867 0.9844 0.5488 0 1.0
0 -24.6737 -5.7178 2.7633 -0.0810 -0.1406 -0.9867 0.9844 0.5488 0 1.0
Default
0 -17.8623 -6.6517 2.6859 0.1238 0.1175 -0.9853 0.9844 0.5488 0 1.0
0 -18.2441 -5.1055 2.8224 0.1238 0.1175 -0.9853 0.9844 0.5488 0 1.0
0 -16.3637 -5.1299 3.0558 0.1238 0.1175 -0.9853 0.9844 0.5488 0 1.0
Default
0 -4.2314 -8.6272 2.3961 -0.0756 -0.7127 -0.6973 0.9844 0.5488 0 1.0
0 -3.1173 -7.9946 1.6288 -0.0756 -0.7127 -0.6973 0.9844 0.5488 0 1.0
0 -1.7929 -9.1649 2.6812 -0.0756 -0.7127 -0.6973 0.9844 0.5488 0 1.0
Default
0 -7.4714 -7.2227 2.3927 -0.2078 -0.4814 -0.8515 0.9844 0.5488 0 1.0
0 -5.4562 -6.6972 1.6038 -0.2078 -0.4814 -0.8515 0.9844 0.5488 0 1.0
0 -4.2314 -8.6272 2.3961 -0.2078 -0.4814 -0.8515 0.9844 0.5488 0 1.0
Default
0 -4.2314 -8.6272 2.3961 -0.2734 -0.5087 -0.8164 0.9844 0.5488 0 1.0
0 -5.4562 -6.6972 1.6038 -0.2734 -0.5087 -0.8164 0.9844 0.5488 0 1.0
0 -3.1173 -7.9946 1.6288 -0.2734 -0.5087 -0.8164 0.9844 0.5488 0 1.0
Default
0 -10.2405 -5.9467 2.3614 -0.2770 -0.2229 -0.9347 0.9844 0.5488 0 1.0
0 -7.6918 -5.9560 1.6083 -0.2770 -0.2229 -0.9347 0.9844 0.5488 0 1.0
0 -9.7271 -7.2196 2.5128 -0.2770 -0.2229 -0.9347 0.9844 0.5488 0 1.0
Default
0 -2.9203 -13.6036 3.2236 -0.1461 -0.2036 -0.9681 0.9819 0.5439 0 1.0
0 -1.3526 -13.4003 2.9443 -0.1461 -0.2036 -0.9681 0.9819 0.5439 0 1.0
0 -0.9345 -15.0287 3.2236 -0.1461 -0.2036 -0.9681 0.9819 0.5439 0 1.0
Default
0 -0.0000 -13.9558 2.9821 -0.0467 -0.1805 -0.9825 0.9819 0.5439 0 1.0
0 -0.9345 -15.0287 3.2236 -0.0467 -0.1805 -0.9825 0.9819 0.5439 0 1.0
0 -1.3526 -13.4003 2.9443 -0.0467 -0.1805 -0.9825 0.9819 0.5439 0 1.0
Default
0 -0.0000 -9.3195 2.1154 -0.2754 -0.6699 -0.6895 0.9844 0.9795 0 1.0
0 -1.7929 -9.1649 2.6812 -0.2754 -0.6699 -0.6895 0.9844 0.9795 0 1.0
0 -1.5204 -8.0779 1.5162 -0.2754 -0.6699 -0.6895 0.9844 0.9795 0 1.0
Default
0 -0.8418 -10.4689 2.5234 -0.3078 -0.1101 -0.9451 0.9844 0.9795 0 1.0
0 -1.7929 -9.1649 2.6812 -0.3078 -0.1101 -0.9451 0.9844 0.9795 0 1.0
0 -0.0000 -9.3195 2.1154 -0.3078 -0.1101 -0.9451 0.9844 0.9795 0 1.0
Default
0 -1.6242 -12.4999 2.8980 -0.1647 -0.1172 -0.9794 0.9844 0.9795 0 1.0
0 -1.9275 -11.5456 2.8348 -0.1647 -0.1172 -0.9794 0.9844 0.9795 0 1.0
0 -0.8418 -10.4689 2.5234 -0.1647 -0.1172 -0.9794 0.9844 0.9795 0 1.0
Default
0 -3.4963 -1.3314 0.6498 -0.4598 0.1714 -0.8713 0.9844 0.9795 0 1.0
0 -4.7479 -3.8267 0.8195 -0.4598 0.1714 -0.8713 0.9844 0.9795 0 1.0
0 -4.8124 -0.4695 1.5138 -0.4598 0.1714 -0.8713 0.9844 0.9795 0 1.0
Default
0 -2.6157 -4.5371 -0.2787 -0.4139 0.1465 -0.8984 0.9844 0.9795 0 1.0
0 -4.7479 -3.8267 0.8195 -0.4139 0.1465 -0.8984 0.9844 0.9795 0 1.0
0 -3.4963 -1.3314 0.6498 -0.4139 0.1465 -0.8984 0.9844 0.9795 0 1.0
Default
0 -6.4527 -1.1521 1.5271 -0.4088 -0.0192 -0.9124 0.9844 0.9795 0 1.0
0 -4.7479 -3.8267 0.8195 -0.4088 -0.0192 -0.9124 0.9844 0.9795 0 1.0
0 -4.9581 -5.4555 0.9479 -0.4088 -0.0192 -0.9124 0.9844 0.9795 0 1.0
Default
0 -4.7479 -3.8267 0.8195 -0.4606 -0.0105 -0.8875 0.9844 0.9795 0 1.0
0 -2.6157 -4.5371 -0.2787 -0.4606 -0.0105 -0.8875 0.9844 0.9795 0 1.0
0 -4.9581 -5.4555 0.9479 -0.4606 -0.0105 -0.8875 0.9844 0.9795 0 1.0
Default
0 -7.1804 -3.8307 1.3639 -0.3854 0.0538 -0.9212 0.9844 0.9795 0 1.0
0 -9.2613 -4.7114 2.1831 -0.3854 0.0538 -0.9212 0.9844 0.9795 0 1.0
0 -8.1188 -1.2837 1.9051 -0.3854 0.0538 -0.9212 0.9844 0.9795 0 1.0
Default
0 -7.6918 -5.9560 1.6083 -0.3585 -0.0211 -0.9333 0.9844 0.9795 0 1.0
0 -9.2613 -4.7114 2.1831 -0.3585 -0.0211 -0.9333 0.9844 0.9795 0 1.0
0 -7.1804 -3.8307 1.3639 -0.3585 -0.0211 -0.9333 0.9844 0.9795 0 1.0
Default
0 -2.6157 -4.5371 -0.2787 -0.3316 -0.3332 -0.8826 0.9844 0.9795 0 1.0
0 -5.4562 -6.6972 1.6038 -0.3316 -0.3332 -0.8826 0.9844 0.9795 0 1.0
0 -4.9581 -5.4555 0.9479 -0.3316 -0.3332 -0.8826 0.9844 0.9795 0 1.0
Default
0 -8.1188 -1.2837 1.9051 -0.1632 -0.0256 -0.9863 0.9844 0.9795 0 1.0
0 -9.2613 -4.7114 2.1831 -0.1632 -0.0256 -0.9863 0.9844 0.9795 0 1.0
0 -10.6253 -1.4794 2.3251 -0.1632 -0.0256 -0.9863 0.9844 0.9795 0 1.0
Default
0 -4.9581 -5.4555 0.9479 -0.1403 -0.4178 -0.8976 0.9844 0.9795 0 1.0
0 -5.4562 -6.6972 1.6038 -0.1403 -0.4178 -0.8976 0.9844 0.9795 0 1.0
0 -7.6918 -5.9560 1.6083 -0.1403 -0.4178 -0.8976 0.9844 0.9795 0 1.0
Default
0 -5.4562 -6.6972 1.6038 -0.1808 -0.5403 -0.8218 0.9844 0.5488 0 1.0
0 -7.4714 -7.2227 2.3927 -0.1808 -0.5403 -0.8218 0.9844 0.5488 0 1.0
0 -7.6918 -5.9560 1.6083 -0.1808 -0.5403 -0.8218 0.9844 0.5488 0 1.0
Default
0 -9.2613 -4.7114 2.1831 -0.2820 0.0857 -0.9556 0.9844 0.9795 0 1.0
0 -7.6918 -5.9560 1.6083 -0.2820 0.0857 -0.9556 0.9844 0.9795 0 1.0
0 -10.2405 -5.9467 2.3614 -0.2820 0.0857 -0.9556 0.9844 0.9795 0 1.0
Default
0 -17.4266 -0.7360 2.1258 -0.0650 -0.1452 -0.9873 0.9844 0.9795 0 1.0
0 -18.2441 -5.1055 2.8224 -0.0650 -0.1452 -0.9873 0.9844 0.9795 0 1.0
0 -21.3039 -0.7866 2.3884 -0.0650 -0.1452 -0.9873 0.9844 0.9795 0 1.0
Default
0 -16.3637 -5.1299 3.0558 0.1189 -0.1780 -0.9768 0.9844 0.9795 0 1.0
0 -18.2441 -5.1055 2.8224 0.1189 -0.1780 -0.9768 0.9844 0.9795 0 1.0
0 -17.4266 -0.7360 2.1258 0.1189 -0.1780 -0.9768 0.9844 0.9795 0 1.0
Default
0 -13.6046 -5.3206 2.6626 -0.1290 0.1541 -0.9796 0.9844 0.5488 0 1.0
0 -14.6866 -6.8287 2.5678 -0.1290 0.1541 -0.9796 0.9844 0.5488 0 1.0
0 -16.3637 -5.1299 3.0558 -0.1290 0.1541 -0.9796 0.9844 0.5488 0 1.0
Default
0 -10.2405 -5.9467 2.3614 -0.0946 -0.0294 -0.9951 0.9844 0.5488 0 1.0
0 -12.0081 -7.1568 2.5650 -0.0946 -0.0294 -0.9951 0.9844 0.5488 0 1.0
0 -13.6046 -5.3206 2.6626 -0.0946 -0.0294 -0.9951 0.9844 0.5488 0 1.0
Default
0 -1.9275 -11.5456 2.8348 -0.2295 -0.0497 -0.9720 0.9844 0.9795 0 1.0
0 -1.7929 -9.1649 2.6812 -0.2295 -0.0497 -0.9720 0.9844 0.9795 0 1.0
0 -0.8418 -10.4689 2.5234 -0.2295 -0.0497 -0.9720 0.9844 0.9795 0 1.0
Default
0 -0.0000 9.2704 5.5632 0.1751 0.1320 0.9757 0.9844 0.9795 0 1.0
0 -0.0000 10.8147 5.3543 0.1751 0.1320 0.9757 0.9844 0.9795 0 1.0
0 -0.4161 10.0121 5.5376 0.1751 0.1320 0.9757 0.9844 0.9795 0 1.0
Default
0 -0.0000 10.2085 2.7544 -0.1619 0.0942 -0.9823 0.9844 0.9795 0 1.0
0 -0.5310 9.3635 2.7609 -0.1619 0.0942 -0.9823 0.9844 0.9795 0 1.0
0 -0.8003 10.4489 2.9094 -0.1619 0.0942 -0.9823 0.9844 0.9795 0 1.0
Default
0 -1.4137 10.8167 4.9278 -0.9065 -0.0228 -0.4216 0.9824 0.5176 0 1.0
0 -1.2570 10.9469 4.5839 -0.9065 -0.0228 -0.4216 0.9824 0.5176 0 1.0
0 -1.3213 10.5141 4.7455 -0.9065 -0.0228 -0.4216 0.9824 0.5176 0 1.0
Default
0 -1.4137 10.8167 4.9278 -0.6661 0.7455 -0.0212 0.9824 0.5176 0 1.0
0 -1.0685 11.1223 4.8279 -0.6661 0.7455 -0.0212 0.9824 0.5176 0 1.0
0 -1.2570 10.9469 4.5839 -0.6661 0.7455 -0.0212 0.9824 0.5176 0 1.0
Default
0 -1.1803 10.4220 5.0894 -0.8750 -0.4162 0.2472 0.9824 0.5176 0 1.0
0 -1.4137 10.8167 4.9278 -0.8750 -0.4162 0.2472 0.9824 0.5176 0 1.0
0 -1.3213 10.5141 4.7455 -0.8750 -0.4162 0.2472 0.9824 0.5176 0 1.0
Default
0 -1.1027 10.7771 5.0919 -0.3139 0.5961 0.7390 0.9824 0.5176 0 1.0
0 -1.0685 11.1223 4.8279 -0.3139 0.5961 0.7390 0.9824 0.5176 0 1.0
0 -1.4137 10.8167 4.9278 -0.3139 0.5961 0.7390 0.9824 0.5176 0 1.0
Default
0 -1.1027 10.7771 5.0919 -0.4553 0.0933 0.8854 0.9824 0.5176 0 1.0
0 -1.4137 10.8167 4.9278 -0.4553 0.0933 0.8854 0.9824 0.5176 0 1.0
0 -1.1803 10.4220 5.0894 -0.4553 0.0933 0.8854 0.9824 0.5176 0 1.0
Default
0 -1.2113 -6.4492 0.1174 0.3370 -0.9414 -0.0109 0.1779 0.7388 0 1.0
0 -1.8323 -6.6725 0.2049 0.3370 -0.9414 -0.0109 0.1779 0.7388 0 1.0
0 -1.6499 -6.5776 -2.3533 0.3370 -0.9414 -0.0109 0.1779 0.7388 0 1.0
Default
0 -1.8762 -6.4505 0.3575 -0.9284 0.3710 0.0223 0.1779 0.7388 0 1.0
0 -1.6707 -5.9466 0.5280 -0.9284 0.3710 0.0223 0.1779 0.7388 0 1.0
0 -1.7469 -5.9648 -2.3337 -0.9284 0.3710 0.0223 0.1779 0.7388 0 1.0
Default
0 -1.4075 -6.3640 -2.6208 0.6894 -0.7228 0.0477 0.1779 0.7388 0 1.0
0 -1.4038 -6.3429 -2.3546 0.6894 -0.7228 0.0477 0.1779 0.7388 0 1.0
0 -1.6499 -6.5776 -2.3533 0.6894 -0.7228 0.0477 0.1779 0.7388 0 1.0
Default
0 -2.0055 -6.2142 -2.8853 -0.6463 0.7619 -0.0413 0.1779 0.7388 0 1.0
0 -1.7557 -6.0024 -2.8874 -0.6463 0.7619 -0.0413 0.1779 0.7388 0 1.0
0 -1.8028 -6.1685 -5.2140 -0.6463 0.7619 -0.0413 0.1779 0.7388 0 1.0
Default
0 -2.0074 -6.1540 -2.5966 -0.7586 0.5283 -0.3813 0.1779 0.7388 0 1.0
0 -1.7767 -5.8213 -2.5947 -0.7586 0.5283 -0.3813 0.1779 0.7388 0 1.0
0 -1.7557 -6.0024 -2.8874 -0.7586 0.5283 -0.3813 0.1779 0.7388 0 1.0
Default
0 -1.2657 -4.0536 -5.6892 0.9906 -0.1198 0.0656 0.1779 0.7388 0 1.0
0 -1.5614 -6.2406 -5.2187 0.9906 -0.1198 0.0656 0.1779 0.7388 0 1.0
0 -1.5219 -6.1379 -5.6271 0.9906 -0.1198 0.0656 0.1779 0.7388 0 1.0
Default
0 -2.9942 -4.3250 -5.6252 -0.8990 -0.4165 0.1356 0.1779 0.7388 0 1.0
0 -2.1087 -6.2300 -5.6054 -0.8990 -0.4165 0.1356 0.1779 0.7388 0 1.0
0 -2.0103 -6.3111 -5.2021 -0.8990 -0.4165 0.1356 0.1779 0.7388 0 1.0
Default
0 -1.5410 -6.4635 -5.6139 0.9951 -0.0551 0.0823 0.1779 0.7388 0 1.0
0 -1.5219 -6.1379 -5.6271 0.9951 -0.0551 0.0823 0.1779 0.7388 0 1.0
0 -1.5614 -6.2406 -5.2187 0.9951 -0.0551 0.0823 0.1779 0.7388 0 1.0
Default
0 -1.7557 -6.0024 -2.8874 0.5366 0.7343 -0.4158 0.1779 0.7388 0 1.0
0 -1.7767 -5.8213 -2.5947 0.5366 0.7343 -0.4158 0.1779 0.7388 0 1.0
0 -1.4546 -6.0660 -2.6113 0.5366 0.7343 -0.4158 0.1779 0.7388 0 1.0
Default
0 -1.8028 -6.1685 -5.2140 0.3748 0.9242 -0.0736 0.1779 0.7388 0 1.0
0 -1.7557 -6.0024 -2.8874 0.3748 0.9242 -0.0736 0.1779 0.7388 0 1.0
0 -1.4528 -6.1262 -2.9001 0.3748 0.9242 -0.0736 0.1779 0.7388 0 1.0
Default
0 -1.7469 -5.9648 -2.3337 0.4547 0.8763 0.1593 0.1779 0.7388 0 1.0
0 -1.4387 -6.1223 -2.3475 0.4547 0.8763 0.1593 0.1779 0.7388 0 1.0
0 -1.4546 -6.0660 -2.6113 0.4547 0.8763 0.1593 0.1779 0.7388 0 1.0
Default
0 -1.2505 -6.2373 0.2625 0.4551 0.8904 0.0064 0.1779 0.7388 0 1.0
0 -1.4387 -6.1223 -2.3475 0.4551 0.8904 0.0064 0.1779 0.7388 0 1.0
0 -1.7469 -5.9648 -2.3337 0.4551 0.8904 0.0064 0.1779 0.7388 0 1.0
Default
0 -1.8323 -6.6725 0.2049 -0.9119 -0.4096 -0.0280 0.1779 0.7388 0 1.0
0 -1.8371 -6.6624 0.2124 -0.9119 -0.4096 -0.0280 0.1779 0.7388 0 1.0
0 -1.8611 -6.4375 -2.2926 -0.9119 -0.4096 -0.0280 0.1779 0.7388 0 1.0
Default
0 -2.1087 -6.2300 -5.6054 -0.9218 -0.3560 0.1533 0.1779 0.7388 0 1.0
0 -1.9900 -6.5340 -5.5973 -0.9218 -0.3560 0.1533 0.1779 0.7388 0 1.0
0 -2.0103 -6.3111 -5.2021 -0.9218 -0.3560 0.1533 0.1779 0.7388 0 1.0
Default
0 -2.9858 -6.8230 0.5462 -0.1272 -0.7992 -0.5875 0.9844 0.9795 0 1.0
0 -1.5210 -6.3806 -0.3728 -0.1272 -0.7992 -0.5875 0.9844 0.9795 0 1.0
0 -0.0000 -6.8524 -0.0605 -0.1272 -0.7992 -0.5875 0.9844 0.9795 0 1.0
Default
0 -1.5204 -8.0779 1.5162 -0.1946 -0.6746 -0.7120 0.9844 0.9795 0 1.0
0 -0.0000 -6.8524 -0.0605 -0.1946 -0.6746 -0.7120 0.9844 0.9795 0 1.0
0 -0.0000 -8.0265 1.0519 -0.1946 -0.6746 -0.7120 0.9844 0.9795 0 1.0
Default
0 -0.5812 12.9970 3.3979 -0.9542 0.1951 -0.2267 0.1722 0.7358 0 1.0
0 -0.9694 11.2046 3.4893 -0.9542 0.1951 -0.2267 0.1722 0.7358 0 1.0
0 -1.0321 11.2912 3.8277 -0.9542 0.1951 -0.2267 0.1722 0.7358 0 1.0
Default
0 -0.0000 11.0305 3.0913 -0.1511 0.1382 -0.9788 0.1713 0.7319 0 1.0
0 -0.5045 11.1211 3.1820 -0.1511 0.1382 -0.9788 0.1720 0.7310 0 1.0
0 -0.0000 11.1976 3.1149 -0.1511 0.1382 -0.9788 0.1698 0.7334 0 1.0
Default
0 -0.3300 13.8195 3.5848 -0.7583 0.2712 0.5928 0.1722 0.7358 0 1.0
0 -0.4940 13.8210 3.3744 -0.7583 0.2712 0.5928 0.1722 0.7358 0 1.0
0 -0.6438 13.0225 3.5481 -0.7583 0.2712 0.5928 0.1722 0.7358 0 1.0
Default
0 -0.6438 13.0225 3.5481 -0.8612 0.2633 0.4348 0.1722 0.7358 0 1.0
0 -1.0321 11.2912 3.8277 -0.8612 0.2633 0.4348 0.1722 0.7358 0 1.0
0 -0.6063 11.6771 4.4372 -0.8612 0.2633 0.4348 0.1722 0.7358 0 1.0
Default
0 -0.4709 12.9460 3.1848 -0.5500 0.0115 -0.8351 0.1722 0.7358 0 1.0
0 -0.5045 11.1211 3.1820 -0.5500 0.0115 -0.8351 0.1722 0.7358 0 1.0
0 -0.9694 11.2046 3.4893 -0.5500 0.0115 -0.8351 0.1722 0.7358 0 1.0
Default
0 -0.2245 14.7319 3.4201 -0.9302 0.2624 0.2565 0.1722 0.7358 0 1.0
0 -0.2745 14.7334 3.2373 -0.9302 0.2624 0.2565 0.1722 0.7358 0 1.0
0 -0.4940 13.8210 3.3744 -0.9302 0.2624 0.2565 0.1722 0.7358 0 1.0
Default
0 -0.0000 14.3824 3.6016 -0.3992 0.2075 0.8931 0.1705 0.7319 0 1.0
0 -0.2245 14.7319 3.4201 -0.3992 0.2075 0.8931 0.1705 0.7319 0 1.0
0 -0.3300 13.8195 3.5848 -0.3992 0.2075 0.8931 0.1705 0.7319 0 1.0
Default
0 -0.1102 15.0513 3.2093 -0.1317 -0.1321 -0.9824 0.1713 0.7319 0 1.0
0 -0.0000 15.0521 3.1945 -0.1317 -0.1321 -0.9824 0.1698 0.7334 0 1.0
0 -0.0000 14.7334 3.2373 -0.1317 -0.1321 -0.9824 0.1698 0.7334 0 1.0
Default
0 -0.0000 14.8939 3.3605 -0.2203 0.5908 0.7762 0.1705 0.7319 0 1.0
0 -0.1102 15.0513 3.2093 -0.2203 0.5908 0.7762 0.1705 0.7319 0 1.0
0 -0.2245 14.7319 3.4201 -0.2203 0.5908 0.7762 0.1705 0.7319 0 1.0
Default
0 -0.2245 14.7319 3.4201 -0.8544 0.4623 0.2374 0.1722 0.7358 0 1.0
0 -0.1102 15.0513 3.2093 -0.8544 0.4623 0.2374 0.1722 0.7358 0 1.0
0 -0.2745 14.7334 3.2373 -0.8544 0.4623 0.2374 0.1722 0.7358 0 1.0
Default
0 -0.5812 12.9970 3.3979 -0.8751 0.0498 -0.4814 0.1722 0.7358 0 1.0
0 -0.6438 13.0148 3.5137 -0.8751 0.0498 -0.4814 0.1722 0.7358 0 1.0
0 -0.4940 13.8224 3.3251 -0.8751 0.0498 -0.4814 0.1722 0.7358 0 1.0
Default
0 -0.4314 13.8055 3.2480 -0.7598 0.1056 -0.6415 0.1722 0.7358 0 1.0
0 -0.4940 13.8224 3.3251 -0.7598 0.1056 -0.6415 0.1722 0.7358 0 1.0
0 -0.2688 14.7223 3.2064 -0.7598 0.1056 -0.6415 0.1722 0.7358 0 1.0
Default
0 -0.3488 13.7863 3.1796 -0.6234 0.0874 -0.7770 0.1722 0.7358 0 1.0
0 -0.4314 13.8055 3.2480 -0.6234 0.0874 -0.7770 0.1722 0.7358 0 1.0
0 -0.2061 14.7100 3.1690 -0.6234 0.0874 -0.7770 0.1722 0.7358 0 1.0
Default
0 -0.0432 15.0306 3.1452 -0.0257 0.0029 -0.9997 0.1705 0.7324 0 1.0
0 -0.0000 15.0314 3.1441 -0.0257 0.0029 -0.9997 0.1698 0.7334 0 1.0
0 -0.0000 14.7028 3.1431 -0.0257 0.0029 -0.9997 0.1722 0.7358 0 1.0
Default
0 -0.0900 15.0349 3.1574 -0.4859 0.1427 -0.8623 0.1713 0.7319 0 1.0
0 -0.2061 14.7100 3.1690 -0.4859 0.1427 -0.8623 0.1722 0.7358 0 1.0
0 -0.2688 14.7223 3.2064 -0.4859 0.1427 -0.8623 0.1713 0.7319 0 1.0
Default
0 -0.0900 15.0349 3.1574 -0.3442 0.0895 -0.9346 0.1713 0.7319 0 1.0
0 -0.1375 14.7028 3.1431 -0.3442 0.0895 -0.9346 0.1722 0.7358 0 1.0
0 -0.2061 14.7100 3.1690 -0.3442 0.0895 -0.9346 0.1722 0.7358 0 1.0
Default
0 -0.0900 15.0349 3.1574 -0.2455 0.0768 -0.9664 0.1713 0.7319 0 1.0
0 -0.0432 15.0306 3.1452 -0.2455 0.0768 -0.9664 0.1705 0.7324 0 1.0
0 -0.1375 14.7028 3.1431 -0.2455 0.0768 -0.9664 0.1722 0.7358 0 1.0
Default
0 -0.1102 15.0513 3.2093 -0.0970 0.6531 0.7511 0.1674 0.7310 0 1.0
0 -0.0000 14.8939 3.3605 -0.0970 0.6531 0.7511 0.1581 0.7217 0 1.0
0 -0.0000 15.0506 3.2242 -0.0970 0.6531 0.7511 0.1698 0.7334 0 1.0
Default
0 1.3248 9.5508 4.7645 0.9727 -0.0237 0.2307 0.9844 0.9795 0 1.0
0 1.4691 9.5798 4.1589 0.9727 -0.0237 0.2307 0.9844 0.9795 0 1.0
0 1.3793 10.7237 4.6553 0.9727 -0.0237 0.2307 0.9844 0.9795 0 1.0
Default
0 0.6063 11.6771 4.4372 0.7570 0.6418 0.1224 0.9844 0.9795 0 1.0
0 1.3793 10.7237 4.6553 0.7570 0.6418 0.1224 0.9844 0.9795 0 1.0
0 1.0321 11.2912 3.8277 0.7570 0.6418 0.1224 0.9844 0.9795 0 1.0
Default
0 1.0659 8.7679 4.8531 0.9048 -0.2612 0.3364 0.9844 0.9795 0 1.0
0 1.3671 8.9173 4.1589 0.9048 -0.2612 0.3364 0.9844 0.9795 0 1.0
0 1.3248 9.5508 4.7645 0.9048 -0.2612 0.3364 0.9844 0.9795 0 1.0
Default
0 1.3081 6.2740 4.3917 0.9223 0.2972 0.2470 0.9844 0.9795 0 1.0
0 2.0862 3.9455 4.2878 0.9223 0.2972 0.2470 0.9844 0.9795 0 1.0
0 1.4484 6.2774 3.8638 0.9223 0.2972 0.2470 0.9844 0.9795 0 1.0
Default
0 2.0218 -11.6050 3.4869 0.9857 0.1359 0.0995 0.9844 0.9795 0 1.0
0 1.9858 -11.1506 3.2236 0.9857 0.1359 0.0995 0.9844 0.9795 0 1.0
0 1.6082 -8.8989 3.8895 0.9857 0.1359 0.0995 0.9844 0.9795 0 1.0
Default
0 1.0659 8.7679 4.8531 0.9161 0.0149 0.4008 0.9844 0.9795 0 1.0
0 1.3081 6.2740 4.3917 0.9161 0.0149 0.4008 0.9844 0.9795 0 1.0
0 1.3671 8.9173 4.1589 0.9161 0.0149 0.4008 0.9844 0.9795 0 1.0
Default
0 1.7929 -9.1649 2.6812 0.2087 -0.9764 -0.0562 0.9844 0.5488 0 1.0
0 4.2314 -8.6272 2.3961 0.2087 -0.9764 -0.0562 0.9844 0.5488 0 1.0
0 1.9390 -9.1649 3.2236 0.2087 -0.9764 -0.0562 0.9844 0.5488 0 1.0
Default
0 30.4639 -4.4932 2.9313 0.2755 -0.6454 -0.7124 0.9844 0.5488 0 1.0
0 30.6743 -4.7261 3.2236 0.2755 -0.6454 -0.7124 0.9844 0.5488 0 1.0
0 28.4139 -5.2489 2.8231 0.2755 -0.6454 -0.7124 0.9844 0.5488 0 1.0
Default
0 28.4139 -5.2489 2.8231 0.1155 -0.8570 -0.5023 0.9844 0.5488 0 1.0
0 28.3147 -5.4970 3.2236 0.1155 -0.8570 -0.5023 0.9844 0.5488 0 1.0
0 24.6737 -5.7178 2.7633 0.1155 -0.8570 -0.5023 0.9844 0.5488 0 1.0
Default
0 1.1925 6.5616 3.1927 0.9154 0.3483 -0.2017 0.9844 0.9795 0 1.0
0 1.4484 6.2774 3.8638 0.9154 0.3483 -0.2017 0.9844 0.9795 0 1.0
0 1.9966 4.3235 2.9777 0.9154 0.3483 -0.2017 0.9844 0.9795 0 1.0
Default
0 45.4713 -1.7056 2.8453 0.2304 -0.7686 -0.5968 0.9844 0.5488 0 1.0
0 45.4157 -2.0161 3.2236 0.2304 -0.7686 -0.5968 0.9844 0.5488 0 1.0
0 43.3484 -2.3419 2.8453 0.2304 -0.7686 -0.5968 0.9844 0.5488 0 1.0
Default
0 18.0323 0.2671 2.6429 0.0568 0.7773 -0.6266 0.9868 0.5469 0 1.0
0 18.0323 0.7353 3.2236 0.0568 0.7773 -0.6266 0.9868 0.5469 0 1.0
0 21.7033 0.2247 2.9233 0.0568 0.7773 -0.6266 0.9868 0.5469 0 1.0
Default
0 30.4639 -4.4932 2.9313 0.3173 -0.6172 -0.7200 0.9844 0.5488 0 1.0
0 32.1135 -3.6122 2.9030 0.3173 -0.6172 -0.7200 0.9844 0.5488 0 1.0
0 30.6743 -4.7261 3.2236 0.3173 -0.6172 -0.7200 0.9844 0.5488 0 1.0
Default
0 21.7033 0.2247 2.9233 -0.1170 0.5363 -0.8359 0.9868 0.5469 0 1.0
0 21.7033 0.6928 3.2236 -0.1170 0.5363 -0.8359 0.9868 0.5469 0 1.0
0 25.1375 0.7595 2.7858 -0.1170 0.5363 -0.8359 0.9868 0.5469 0 1.0
Default
0 34.2793 -3.2033 2.8732 0.1395 -0.7454 -0.6519 0.9844 0.5488 0 1.0
0 37.3238 -2.6551 2.8981 0.1395 -0.7454 -0.6519 0.9844 0.5488 0 1.0
0 34.6458 -3.4412 3.2236 0.1395 -0.7454 -0.6519 0.9844 0.5488 0 1.0
Default
0 32.1135 -3.6122 2.9030 0.1440 -0.8047 -0.5759 0.9844 0.5488 0 1.0
0 34.2793 -3.2033 2.8732 0.1440 -0.8047 -0.5759 0.9844 0.5488 0 1.0
0 32.2629 -3.8150 3.2236 0.1440 -0.8047 -0.5759 0.9844 0.5488 0 1.0
Default
0 1.9275 -11.5456 2.8348 0.9807 0.0431 -0.1907 0.9844 0.9795 0 1.0
0 1.7929 -9.1649 2.6812 0.9807 0.0431 -0.1907 0.9844 0.9795 0 1.0
0 1.9858 -11.1506 3.2236 0.9807 0.0431 -0.1907 0.9844 0.9795 0 1.0
Default
0 13.9142 0.6185 2.6507 0.0820 0.7718 -0.6306 0.9844 0.9795 0 1.0
0 10.0096 1.1660 2.8130 0.0820 0.7718 -0.6306 0.9844 0.9795 0 1.0
0 13.9142 1.0867 3.2236 0.0820 0.7718 -0.6306 0.9844 0.9795 0 1.0
Default
0 3.8979 2.6932 2.3223 0.4608 0.8875 0.0000 0.9844 0.9795 0 1.0
0 3.8979 2.6932 3.2236 0.4608 0.8875 0.0000 0.9844 0.9795 0 1.0
0 5.9658 1.6194 2.9542 0.4608 0.8875 0.0000 0.9844 0.9795 0 1.0
Default
0 1.1795 8.9173 3.3164 0.9759 0.0168 -0.2174 0.9844 0.9795 0 1.0
0 1.3671 8.9173 4.1589 0.9759 0.0168 -0.2174 0.9844 0.9795 0 1.0
0 1.1925 6.5616 3.1927 0.9759 0.0168 -0.2174 0.9844 0.9795 0 1.0
Default
0 28.2914 1.1100 2.6122 -0.2253 0.7736 -0.5922 0.9868 0.5469 0 1.0
0 28.2914 1.5781 3.2236 -0.2253 0.7736 -0.5922 0.9868 0.5469 0 1.0
0 31.1649 2.0543 2.7523 -0.2253 0.7736 -0.5922 0.9868 0.5469 0 1.0
Default
0 45.3456 1.5367 2.7627 0.0314 0.8693 -0.4932 0.9868 0.5469 0 1.0
0 43.2197 1.6535 2.8332 0.0314 0.8693 -0.4932 0.9868 0.5469 0 1.0
0 45.3456 1.7982 3.2236 0.0314 0.8693 -0.4932 0.9868 0.5469 0 1.0
Default
0 25.1375 0.7595 2.7858 -0.1153 0.6785 -0.7254 0.9868 0.5469 0 1.0
0 25.1375 1.2277 3.2236 -0.1153 0.6785 -0.7254 0.9868 0.5469 0 1.0
0 28.2914 1.1100 2.6122 -0.1153 0.6785 -0.7254 0.9868 0.5469 0 1.0
Default
0 48.7331 1.2667 2.9066 0.0899 0.8918 -0.4435 0.9868 0.5469 0 1.0
0 45.3456 1.5367 2.7627 0.0899 0.8918 -0.4435 0.9868 0.5469 0 1.0
0 48.7331 1.4244 3.2236 0.0899 0.8918 -0.4435 0.9868 0.5469 0 1.0
Default
0 3.8979 2.6932 2.3223 0.6509 0.7592 0.0000 0.9844 0.9795 0 1.0
0 1.9966 4.3235 2.9777 0.6509 0.7592 0.0000 0.9844 0.9795 0 1.0
0 3.8979 2.6932 3.2236 0.6509 0.7592 0.0000 0.9844 0.9795 0 1.0
Default
0 21.3037 -6.0346 2.6289 0.1395 -0.8282 -0.5428 0.9844 0.5488 0 1.0
0 21.3996 -6.4081 3.2236 0.1395 -0.8282 -0.5428 0.9844 0.5488 0 1.0
0 17.8623 -6.6517 2.6859 0.1395 -0.8282 -0.5428 0.9844 0.5488 0 1.0
Default
0 43.3484 -2.3419 2.8453 0.0317 -0.8969 -0.4411 0.9844 0.5488 0 1.0
0 43.2898 -2.5300 3.2236 0.0317 -0.8969 -0.4411 0.9844 0.5488 0 1.0
0 40.4919 -2.4221 2.8028 0.0317 -0.8969 -0.4411 0.9844 0.5488 0 1.0
Default
0 40.4919 -2.4221 2.8028 0.0578 -0.9319 -0.3582 0.9844 0.5488 0 1.0
0 40.2294 -2.6001 3.2236 0.0578 -0.9319 -0.3582 0.9844 0.5488 0 1.0
0 37.3238 -2.6551 2.8981 0.0578 -0.9319 -0.3582 0.9844 0.5488 0 1.0
Default
0 9.7271 -7.2196 2.5128 0.0283 -0.8601 -0.5094 0.9844 0.5488 0 1.0
0 9.5551 -7.6463 3.2236 0.0283 -0.8601 -0.5094 0.9844 0.5488 0 1.0
0 7.4713 -7.2227 2.3927 0.0283 -0.8601 -0.5094 0.9844 0.5488 0 1.0
Default
0 12.0081 -7.1568 2.5650 0.1111 -0.9034 -0.4141 0.9844 0.5488 0 1.0
0 14.6866 -6.8287 2.5678 0.1111 -0.9034 -0.4141 0.9844 0.5488 0 1.0
0 12.3819 -7.4127 3.2236 0.1111 -0.9034 -0.4141 0.9844 0.5488 0 1.0
Default
0 24.6737 -5.7178 2.7633 0.1015 -0.9034 -0.4165 0.9844 0.5488 0 1.0
0 24.5768 -5.9409 3.2236 0.1015 -0.9034 -0.4165 0.9844 0.5488 0 1.0
0 21.3037 -6.0346 2.6289 0.1015 -0.9034 -0.4165 0.9844 0.5488 0 1.0
Default
0 48.8967 -0.9882 2.9066 0.2050 -0.9788 0.0000 0.9844 0.5488 0 1.0
0 48.8967 -0.9882 3.2236 0.2050 -0.9788 0.0000 0.9844 0.5488 0 1.0
0 45.4713 -1.7056 2.8453 0.2050 -0.9788 0.0000 0.9844 0.5488 0 1.0
Default
0 0.9694 11.2046 3.4893 0.8277 0.4875 -0.2780 0.9844 0.9795 0 1.0
0 1.0321 11.2912 3.8277 0.8277 0.4875 -0.2780 0.9844 0.9795 0 1.0
0 1.2551 10.6749 3.4112 0.8277 0.4875 -0.2780 0.9844 0.9795 0 1.0
Default
0 9.7271 -7.2196 2.5128 0.0353 -0.8606 -0.5081 0.9844 0.5488 0 1.0
0 12.0081 -7.1568 2.5650 0.0353 -0.8606 -0.5081 0.9844 0.5488 0 1.0
0 9.5551 -7.6463 3.2236 0.0353 -0.8606 -0.5081 0.9844 0.5488 0 1.0
Default
0 1.8323 -6.6725 0.2049 -0.3370 -0.9414 -0.0109 0.1779 0.7388 0 1.0
0 1.2113 -6.4491 0.1174 -0.3370 -0.9414 -0.0109 0.1779 0.7388 0 1.0
0 1.6499 -6.5776 -2.3533 -0.3370 -0.9414 -0.0109 0.1779 0.7388 0 1.0
Default
0 1.2505 -6.2373 0.2625 -0.9733 0.2214 -0.0604 0.1779 0.7388 0 1.0
0 1.4387 -6.1223 -2.3475 -0.9733 0.2214 -0.0604 0.1779 0.7388 0 1.0
0 1.2113 -6.4491 0.1174 -0.9733 0.2214 -0.0604 0.1779 0.7388 0 1.0
Default
0 1.6707 -5.9466 0.5280 0.9284 0.3710 0.0223 0.1779 0.7388 0 1.0
0 1.8762 -6.4505 0.3575 0.9284 0.3710 0.0223 0.1779 0.7388 0 1.0
0 1.7469 -5.9648 -2.3337 0.9284 0.3710 0.0223 0.1779 0.7388 0 1.0
Default
0 1.4037 -6.3429 -2.3546 -0.6894 -0.7228 0.0477 0.1779 0.7388 0 1.0
0 1.4075 -6.3640 -2.6208 -0.6894 -0.7228 0.0477 0.1779 0.7388 0 1.0
0 1.6499 -6.5776 -2.3533 -0.6894 -0.7228 0.0477 0.1779 0.7388 0 1.0
Default
0 2.0103 -6.3111 -5.2021 0.5676 0.8226 -0.0332 0.1779 0.7388 0 1.0
0 1.8028 -6.1685 -5.2140 0.5676 0.8226 -0.0332 0.1779 0.7388 0 1.0
0 2.0055 -6.2142 -2.8853 0.5676 0.8226 -0.0332 0.1779 0.7388 0 1.0
Default
0 2.0055 -6.2142 -2.8853 0.6390 0.7522 -0.1610 0.1779 0.7388 0 1.0
0 1.7557 -6.0024 -2.8874 0.6390 0.7522 -0.1610 0.1779 0.7388 0 1.0
0 2.0074 -6.1540 -2.5966 0.6390 0.7522 -0.1610 0.1779 0.7388 0 1.0
Default
0 1.7241 -6.7600 -5.5968 -0.8508 -0.5255 0.0012 0.1779 0.7388 0 1.0
0 1.6546 -6.6414 -2.9078 -0.8508 -0.5255 0.0012 0.1779 0.7388 0 1.0
0 1.5410 -6.4635 -5.6139 -0.8508 -0.5255 0.0012 0.1779 0.7388 0 1.0
Default
0 1.7767 -5.8213 -2.5947 -0.5366 0.7343 -0.4158 0.1779 0.7388 0 1.0
0 1.7557 -6.0024 -2.8874 -0.5366 0.7343 -0.4158 0.1779 0.7388 0 1.0
0 1.4546 -6.0660 -2.6113 -0.5366 0.7343 -0.4158 0.1779 0.7388 0 1.0
Default
0 1.7557 -6.0024 -2.8874 -0.3748 0.9242 -0.0736 0.1779 0.7388 0 1.0
0 1.8028 -6.1685 -5.2140 -0.3748 0.9242 -0.0736 0.1779 0.7388 0 1.0
0 1.4527 -6.1262 -2.9001 -0.3748 0.9242 -0.0736 0.1779 0.7388 0 1.0
Default
0 1.7767 -5.8213 -2.5947 -0.5799 0.7400 0.3407 0.1779 0.7388 0 1.0
0 1.4546 -6.0660 -2.6113 -0.5799 0.7400 0.3407 0.1779 0.7388 0 1.0
0 1.7469 -5.9648 -2.3337 -0.5799 0.7400 0.3407 0.1779 0.7388 0 1.0
Default
0 1.6707 -5.9466 0.5280 -0.5601 0.8282 -0.0202 0.1779 0.7388 0 1.0
0 1.7469 -5.9648 -2.3337 -0.5601 0.8282 -0.0202 0.1779 0.7388 0 1.0
0 1.2505 -6.2373 0.2625 -0.5601 0.8282 -0.0202 0.1779 0.7388 0 1.0
Default
0 1.8370 -6.6624 0.2124 0.9119 -0.4096 -0.0280 0.1779 0.7388 0 1.0
0 1.8323 -6.6725 0.2049 0.9119 -0.4096 -0.0280 0.1779 0.7388 0 1.0
0 1.8611 -6.4375 -2.2926 0.9119 -0.4096 -0.0280 0.1779 0.7388 0 1.0
Default
0 1.7241 -6.7600 -5.5968 0.6470 -0.7609 0.0503 0.1779 0.7388 0 1.0
0 1.9900 -6.5340 -5.5973 0.6470 -0.7609 0.0503 0.1779 0.7388 0 1.0
0 1.6546 -6.6414 -2.9078 0.6470 -0.7609 0.0503 0.1779 0.7388 0 1.0
Default
0 0.9694 11.2046 3.4893 0.9542 0.1951 -0.2267 0.1722 0.7358 0 1.0
0 0.5811 12.9970 3.3979 0.9542 0.1951 -0.2267 0.1722 0.7358 0 1.0
0 1.0321 11.2912 3.8277 0.9542 0.1951 -0.2267 0.1722 0.7358 0 1.0
Default
0 0.4940 13.8210 3.3744 0.7583 0.2712 0.5928 0.1722 0.7358 0 1.0
0 0.3300 13.8195 3.5848 0.7583 0.2712 0.5928 0.1722 0.7358 0 1.0
0 0.6438 13.0225 3.5481 0.7583 0.2712 0.5928 0.1722 0.7358 0 1.0
Default
0 0.4176 13.0210 3.7469 0.5938 0.4320 0.6788 0.1722 0.7358 0 1.0
0 0.6063 11.6771 4.4372 0.5938 0.4320 0.6788 0.1722 0.7358 0 1.0
0 0.6438 13.0225 3.5481 0.5938 0.4320 0.6788 0.1722 0.7358 0 1.0
Default
0 0.5045 11.1211 3.1820 0.5500 0.0115 -0.8351 0.1722 0.7358 0 1.0
0 0.4709 12.9460 3.1848 0.5500 0.0115 -0.8351 0.1722 0.7358 0 1.0
0 0.9694 11.2046 3.4893 0.5500 0.0115 -0.8351 0.1722 0.7358 0 1.0
Default
0 0.2745 14.7334 3.2373 0.9302 0.2624 0.2565 0.1722 0.7358 0 1.0
0 0.2245 14.7319 3.4201 0.9302 0.2624 0.2565 0.1722 0.7358 0 1.0
0 0.4940 13.8210 3.3744 0.9302 0.2624 0.2565 0.1722 0.7358 0 1.0
Default
0 0.2245 14.7319 3.4201 0.3992 0.2075 0.8931 0.1705 0.7319 0 1.0
0 -0.0000 14.3824 3.6016 0.3992 0.2075 0.8931 0.1705 0.7319 0 1.0
0 0.3300 13.8195 3.5848 0.3992 0.2075 0.8931 0.1705 0.7319 0 1.0
Default
0 -0.0000 15.0521 3.1945 0.1317 -0.1321 -0.9824 0.1698 0.7334 0 1.0
0 0.1102 15.0513 3.2093 0.1317 -0.1321 -0.9824 0.1713 0.7319 0 1.0
0 -0.0000 14.7334 3.2373 0.1317 -0.1321 -0.9824 0.1698 0.7334 0 1.0
Default
0 0.1102 15.0513 3.2093 0.2203 0.5908 0.7762 0.1705 0.7319 0 1.0
0 -0.0000 14.8939 3.3605 0.2203 0.5908 0.7762 0.1705 0.7319 0 1.0
0 0.2245 14.7319 3.4201 0.2203 0.5908 0.7762 0.1705 0.7319 0 1.0
Default
0 0.4314 13.8055 3.2480 0.7726 0.0255 -0.6344 0.1722 0.7358 0 1.0
0 0.4940 13.8224 3.3251 0.7726 0.0255 -0.6344 0.1722 0.7358 0 1.0
0 0.5811 12.9970 3.3979 0.7726 0.0255 -0.6344 0.1722 0.7358 0 1.0
Default
0 0.2061 14.7100 3.1690 0.5040 0.0502 -0.8622 0.1722 0.7358 0 1.0
0 0.2687 14.7223 3.2064 0.5040 0.0502 -0.8622 0.1722 0.7358 0 1.0
0 0.4314 13.8055 3.2480 0.5040 0.0502 -0.8622 0.1722 0.7358 0 1.0
Default
0 0.1375 14.7028 3.1431 0.3496 0.0433 -0.9359 0.1722 0.7358 0 1.0
0 0.2061 14.7100 3.1690 0.3496 0.0433 -0.9359 0.1722 0.7358 0 1.0
0 0.3488 13.7863 3.1796 0.3496 0.0433 -0.9359 0.1722 0.7358 0 1.0
Default
0 -0.0000 15.0314 3.1441 0.0257 0.0029 -0.9997 0.1698 0.7334 0 1.0
0 0.0432 15.0306 3.1452 0.0257 0.0029 -0.9997 0.1705 0.7324 0 1.0
0 -0.0000 14.7028 3.1431 0.0257 0.0029 -0.9997 0.1722 0.7358 0 1.0
Default
0 0.5045 11.1211 3.1820 0.1324 0.0040 -0.9912 0.1720 0.7310 0 1.0
0 -0.0000 11.1976 3.1149 0.1324 0.0040 -0.9912 0.1698 0.7334 0 1.0
0 0.4709 12.9460 3.1848 0.1324 0.0040 -0.9912 0.1722 0.7358 0 1.0
Default
0 -1.3248 9.5508 4.7645 -0.9727 -0.0237 0.2307 0.9844 0.9795 0 1.0
0 -1.3793 10.7237 4.6553 -0.9727 -0.0237 0.2307 0.9844 0.9795 0 1.0
0 -1.4691 9.5798 4.1589 -0.9727 -0.0237 0.2307 0.9844 0.9795 0 1.0
Default
0 -1.4421 10.7155 4.1589 -0.7863 0.6114 0.0893 0.9844 0.9795 0 1.0
0 -1.3793 10.7237 4.6553 -0.7863 0.6114 0.0893 0.9844 0.9795 0 1.0
0 -1.0321 11.2912 3.8277 -0.7863 0.6114 0.0893 0.9844 0.9795 0 1.0
Default
0 -1.0659 8.7679 4.8531 -0.9048 -0.2612 0.3364 0.9844 0.9795 0 1.0
0 -1.3248 9.5508 4.7645 -0.9048 -0.2612 0.3364 0.9844 0.9795 0 1.0
0 -1.3672 8.9173 4.1589 -0.9048 -0.2612 0.3364 0.9844 0.9795 0 1.0
Default
0 -2.0218 -11.6050 3.4869 -0.9857 0.1359 0.0995 0.9844 0.9795 0 1.0
0 -1.6082 -8.8989 3.8895 -0.9857 0.1359 0.0995 0.9844 0.9795 0 1.0
0 -1.9858 -11.1506 3.2236 -0.9857 0.1359 0.0995 0.9844 0.9795 0 1.0
Default
0 -1.4484 6.2774 3.8638 -0.9665 0.0010 0.2569 0.9844 0.9795 0 1.0
0 -1.3081 6.2740 4.3917 -0.9665 0.0010 0.2569 0.9844 0.9795 0 1.0
0 -1.3672 8.9173 4.1589 -0.9665 0.0010 0.2569 0.9844 0.9795 0 1.0
Default
0 -4.6023 -8.8378 3.2236 -0.1165 -0.9488 -0.2937 0.9844 0.5488 0 1.0
0 -4.2314 -8.6272 2.3961 -0.1165 -0.9488 -0.2937 0.9844 0.5488 0 1.0
0 -1.9390 -9.1649 3.2236 -0.1165 -0.9488 -0.2937 0.9844 0.5488 0 1.0
Default
0 -30.4639 -4.4932 2.9313 -0.2755 -0.6454 -0.7124 0.9844 0.5488 0 1.0
0 -28.4139 -5.2489 2.8231 -0.2755 -0.6454 -0.7124 0.9844 0.5488 0 1.0
0 -30.6743 -4.7261 3.2236 -0.2755 -0.6454 -0.7124 0.9844 0.5488 0 1.0
Default
0 -28.4139 -5.2489 2.8231 -0.1155 -0.8570 -0.5023 0.9844 0.5488 0 1.0
0 -24.6737 -5.7178 2.7633 -0.1155 -0.8570 -0.5023 0.9844 0.5488 0 1.0
0 -28.3147 -5.4970 3.2236 -0.1155 -0.8570 -0.5023 0.9844 0.5488 0 1.0
Default
0 -1.1925 6.5616 3.1927 -0.9154 0.3483 -0.2017 0.9844 0.9795 0 1.0
0 -1.9966 4.3235 2.9777 -0.9154 0.3483 -0.2017 0.9844 0.9795 0 1.0
0 -1.4484 6.2774 3.8638 -0.9154 0.3483 -0.2017 0.9844 0.9795 0 1.0
Default
0 -45.4713 -1.7056 2.8453 -0.2304 -0.7686 -0.5968 0.9844 0.5488 0 1.0
0 -43.3484 -2.3419 2.8453 -0.2304 -0.7686 -0.5968 0.9844 0.5488 0 1.0
0 -45.4157 -2.0161 3.2236 -0.2304 -0.7686 -0.5968 0.9844 0.5488 0 1.0
Default
0 -18.0323 0.2671 2.6429 -0.0568 0.7773 -0.6266 0.9868 0.5469 0 1.0
0 -21.7033 0.2247 2.9233 -0.0568 0.7773 -0.6266 0.9868 0.5469 0 1.0
0 -18.0323 0.7353 3.2236 -0.0568 0.7773 -0.6266 0.9868 0.5469 0 1.0
Default
0 -32.2629 -3.8150 3.2236 -0.3922 -0.6839 -0.6152 0.9844 0.5488 0 1.0
0 -32.1135 -3.6122 2.9030 -0.3922 -0.6839 -0.6152 0.9844 0.5488 0 1.0
0 -30.6743 -4.7261 3.2236 -0.3922 -0.6839 -0.6152 0.9844 0.5488 0 1.0
Default
0 -21.7033 0.2247 2.9233 0.1170 0.5363 -0.8359 0.9868 0.5469 0 1.0
0 -25.1375 0.7595 2.7858 0.1170 0.5363 -0.8359 0.9868 0.5469 0 1.0
0 -21.7033 0.6928 3.2236 0.1170 0.5363 -0.8359 0.9868 0.5469 0 1.0
Default
0 -37.0755 -2.8338 3.2236 -0.2291 -0.9165 -0.3280 0.9844 0.5488 0 1.0
0 -37.3238 -2.6551 2.8981 -0.2291 -0.9165 -0.3280 0.9844 0.5488 0 1.0
0 -34.6458 -3.4412 3.2236 -0.2291 -0.9165 -0.3280 0.9844 0.5488 0 1.0
Default
0 -5.9658 1.9191 3.5424 -0.0640 0.8892 -0.4530 0.9844 0.9795 0 1.0
0 -5.9658 1.6194 2.9542 -0.0640 0.8892 -0.4530 0.9844 0.9795 0 1.0
0 -10.0096 1.4657 3.2236 -0.0640 0.8892 -0.4530 0.9844 0.9795 0 1.0
Default
0 -34.6458 -3.4412 3.2236 -0.1191 -0.7592 -0.6399 0.9844 0.5488 0 1.0
0 -34.2793 -3.2033 2.8732 -0.1191 -0.7592 -0.6399 0.9844 0.5488 0 1.0
0 -32.2629 -3.8150 3.2236 -0.1191 -0.7592 -0.6399 0.9844 0.5488 0 1.0
Default
0 -1.9390 -9.1649 3.2236 -0.9653 0.0227 -0.2601 0.9844 0.9795 0 1.0
0 -1.7929 -9.1649 2.6812 -0.9653 0.0227 -0.2601 0.9844 0.9795 0 1.0
0 -1.9858 -11.1506 3.2236 -0.9653 0.0227 -0.2601 0.9844 0.9795 0 1.0
Default
0 -3.8979 2.6932 2.3223 -0.4608 0.8875 0.0000 0.9844 0.9795 0 1.0
0 -5.9658 1.6194 2.9542 -0.4608 0.8875 0.0000 0.9844 0.9795 0 1.0
0 -3.8979 2.6932 3.2236 -0.4608 0.8875 0.0000 0.9844 0.9795 0 1.0
Default
0 -1.1795 8.9173 3.3164 -0.9759 0.0168 -0.2174 0.9844 0.9795 0 1.0
0 -1.1925 6.5616 3.1927 -0.9759 0.0168 -0.2174 0.9844 0.9795 0 1.0
0 -1.3672 8.9173 4.1589 -0.9759 0.0168 -0.2174 0.9844 0.9795 0 1.0
Default
0 -28.2914 1.1100 2.6122 0.2253 0.7736 -0.5922 0.9868 0.5469 0 1.0
0 -31.1649 2.0543 2.7523 0.2253 0.7736 -0.5922 0.9868 0.5469 0 1.0
0 -28.2914 1.5781 3.2236 0.2253 0.7736 -0.5922 0.9868 0.5469 0 1.0
Default
0 -25.1375 0.7595 2.7858 0.1153 0.6785 -0.7254 0.9868 0.5469 0 1.0
0 -28.2914 1.1100 2.6122 0.1153 0.6785 -0.7254 0.9868 0.5469 0 1.0
0 -25.1375 1.2277 3.2236 0.1153 0.6785 -0.7254 0.9868 0.5469 0 1.0
Default
0 -33.8048 2.5925 3.2236 -0.0713 0.7077 -0.7029 0.9868 0.5469 0 1.0
0 -33.8048 2.1244 2.7523 -0.0713 0.7077 -0.7029 0.9868 0.5469 0 1.0
0 -36.8185 2.2888 3.2236 -0.0713 0.7077 -0.7029 0.9868 0.5469 0 1.0
Default
0 -45.3456 1.7982 3.2236 -0.0955 0.8658 -0.4912 0.9868 0.5469 0 1.0
0 -45.3456 1.5367 2.7627 -0.0955 0.8658 -0.4912 0.9868 0.5469 0 1.0
0 -48.7331 1.4244 3.2236 -0.0955 0.8658 -0.4912 0.9868 0.5469 0 1.0
Default
0 -2.0862 3.9455 3.7002 -0.5944 0.7405 0.3136 0.9844 0.9795 0 1.0
0 -1.9966 4.3235 2.9777 -0.5944 0.7405 0.3136 0.9844 0.9795 0 1.0
0 -3.8979 2.6932 3.2236 -0.5944 0.7405 0.3136 0.9844 0.9795 0 1.0
Default
0 -21.3037 -6.0346 2.6289 -0.1395 -0.8282 -0.5428 0.9844 0.5488 0 1.0
0 -17.8623 -6.6517 2.6859 -0.1395 -0.8282 -0.5428 0.9844 0.5488 0 1.0
0 -21.3996 -6.4081 3.2236 -0.1395 -0.8282 -0.5428 0.9844 0.5488 0 1.0
Default
0 -43.3484 -2.3419 2.8453 -0.0317 -0.8969 -0.4411 0.9844 0.5488 0 1.0
0 -40.4919 -2.4221 2.8028 -0.0317 -0.8969 -0.4411 0.9844 0.5488 0 1.0
0 -43.2898 -2.5300 3.2236 -0.0317 -0.8969 -0.4411 0.9844 0.5488 0 1.0
Default
0 -40.4919 -2.4221 2.8028 -0.0578 -0.9319 -0.3582 0.9844 0.5488 0 1.0
0 -37.3238 -2.6551 2.8981 -0.0578 -0.9319 -0.3582 0.9844 0.5488 0 1.0
0 -40.2294 -2.6001 3.2236 -0.0578 -0.9319 -0.3582 0.9844 0.5488 0 1.0
Default
0 -9.7271 -7.2196 2.5128 -0.0283 -0.8601 -0.5094 0.9844 0.5488 0 1.0
0 -7.4714 -7.2227 2.3927 -0.0283 -0.8601 -0.5094 0.9844 0.5488 0 1.0
0 -9.5551 -7.6463 3.2236 -0.0283 -0.8601 -0.5094 0.9844 0.5488 0 1.0
Default
0 -24.6737 -5.7178 2.7633 -0.1015 -0.9034 -0.4165 0.9844 0.5488 0 1.0
0 -21.3037 -6.0346 2.6289 -0.1015 -0.9034 -0.4165 0.9844 0.5488 0 1.0
0 -24.5768 -5.9409 3.2236 -0.1015 -0.9034 -0.4165 0.9844 0.5488 0 1.0
Default
0 -48.8967 -0.9882 2.9066 -0.2050 -0.9788 0.0000 0.9844 0.5488 0 1.0
0 -45.4713 -1.7056 2.8453 -0.2050 -0.9788 0.0000 0.9844 0.5488 0 1.0
0 -48.8967 -0.9882 3.2236 -0.2050 -0.9788 0.0000 0.9844 0.5488 0 1.0
Default
0 -0.9694 11.2046 3.4893 -0.8277 0.4875 -0.2780 0.9844 0.9795 0 1.0
0 -1.2551 10.6749 3.4112 -0.8277 0.4875 -0.2780 0.9844 0.9795 0 1.0
0 -1.0321 11.2912 3.8277 -0.8277 0.4875 -0.2780 0.9844 0.9795 0 1.0
Default
0 -12.3819 -7.4127 3.2236 -0.0756 -0.9142 -0.3981 0.9844 0.5488 0 1.0
0 -12.0081 -7.1568 2.5650 -0.0756 -0.9142 -0.3981 0.9844 0.5488 0 1.0
0 -9.5551 -7.6463 3.2236 -0.0756 -0.9142 -0.3981 0.9844 0.5488 0 1.0
Default
0 -1.4038 -6.3429 -2.3546 0.6874 -0.7214 -0.0845 0.1779 0.7388 0 1.0
0 -1.2113 -6.4492 0.1174 0.6874 -0.7214 -0.0845 0.1779 0.7388 0 1.0
0 -1.6499 -6.5776 -2.3533 0.6874 -0.7214 -0.0845 0.1779 0.7388 0 1.0
Default
0 -1.2505 -6.2373 0.2625 0.9733 0.2214 -0.0604 0.1779 0.7388 0 1.0
0 -1.2113 -6.4492 0.1174 0.9733 0.2214 -0.0604 0.1779 0.7388 0 1.0
0 -1.4387 -6.1223 -2.3475 0.9733 0.2214 -0.0604 0.1779 0.7388 0 1.0
Default
0 -1.8960 -6.2170 -2.2856 -0.8552 0.5157 0.0520 0.1779 0.7388 0 1.0
0 -1.8762 -6.4505 0.3575 -0.8552 0.5157 0.0520 0.1779 0.7388 0 1.0
0 -1.7469 -5.9648 -2.3337 -0.8552 0.5157 0.0520 0.1779 0.7388 0 1.0
Default
0 -1.6457 -6.6491 -2.6212 0.7547 -0.6308 0.1803 0.1779 0.7388 0 1.0
0 -1.4075 -6.3640 -2.6208 0.7547 -0.6308 0.1803 0.1779 0.7388 0 1.0
0 -1.6499 -6.5776 -2.3533 0.7547 -0.6308 0.1803 0.1779 0.7388 0 1.0
Default
0 -2.0103 -6.3111 -5.2021 -0.5676 0.8226 -0.0332 0.1779 0.7388 0 1.0
0 -2.0055 -6.2142 -2.8853 -0.5676 0.8226 -0.0332 0.1779 0.7388 0 1.0
0 -1.8028 -6.1685 -5.2140 -0.5676 0.8226 -0.0332 0.1779 0.7388 0 1.0
Default
0 -2.0055 -6.2142 -2.8853 -0.6390 0.7522 -0.1610 0.1779 0.7388 0 1.0
0 -2.0074 -6.1540 -2.5966 -0.6390 0.7522 -0.1610 0.1779 0.7388 0 1.0
0 -1.7557 -6.0024 -2.8874 -0.6390 0.7522 -0.1610 0.1779 0.7388 0 1.0
Default
0 -1.7241 -6.7600 -5.5968 0.8508 -0.5255 0.0012 0.1779 0.7388 0 1.0
0 -1.5410 -6.4635 -5.6139 0.8508 -0.5255 0.0012 0.1779 0.7388 0 1.0
0 -1.6546 -6.6414 -2.9078 0.8508 -0.5255 0.0012 0.1779 0.7388 0 1.0
Default
0 -1.4528 -6.1262 -2.9001 0.3650 0.9119 -0.1878 0.1779 0.7388 0 1.0
0 -1.7557 -6.0024 -2.8874 0.3650 0.9119 -0.1878 0.1779 0.7388 0 1.0
0 -1.4546 -6.0660 -2.6113 0.3650 0.9119 -0.1878 0.1779 0.7388 0 1.0
Default
0 -1.5614 -6.2406 -5.2187 0.2848 0.9567 -0.0605 0.1779 0.7388 0 1.0
0 -1.8028 -6.1685 -5.2140 0.2848 0.9567 -0.0605 0.1779 0.7388 0 1.0
0 -1.4528 -6.1262 -2.9001 0.2848 0.9567 -0.0605 0.1779 0.7388 0 1.0
Default
0 -1.7767 -5.8213 -2.5947 0.5799 0.7400 0.3407 0.1779 0.7388 0 1.0
0 -1.7469 -5.9648 -2.3337 0.5799 0.7400 0.3407 0.1779 0.7388 0 1.0
0 -1.4546 -6.0660 -2.6113 0.5799 0.7400 0.3407 0.1779 0.7388 0 1.0
Default
0 -1.6707 -5.9466 0.5280 0.5601 0.8282 -0.0202 0.1779 0.7388 0 1.0
0 -1.2505 -6.2373 0.2625 0.5601 0.8282 -0.0202 0.1779 0.7388 0 1.0
0 -1.7469 -5.9648 -2.3337 0.5601 0.8282 -0.0202 0.1779 0.7388 0 1.0
Default
0 -1.6499 -6.5776 -2.3533 -0.5655 -0.8217 -0.0708 0.1779 0.7388 0 1.0
0 -1.8323 -6.6725 0.2049 -0.5655 -0.8217 -0.0708 0.1779 0.7388 0 1.0
0 -1.8611 -6.4375 -2.2926 -0.5655 -0.8217 -0.0708 0.1779 0.7388 0 1.0
Default
0 -1.7241 -6.7600 -5.5968 -0.6470 -0.7609 0.0503 0.1779 0.7388 0 1.0
0 -1.6546 -6.6414 -2.9078 -0.6470 -0.7609 0.0503 0.1779 0.7388 0 1.0
0 -1.9900 -6.5340 -5.5973 -0.6470 -0.7609 0.0503 0.1779 0.7388 0 1.0
Default
0 -0.6438 13.0148 3.5137 -0.8674 0.1068 -0.4861 0.1722 0.7358 0 1.0
0 -0.5812 12.9970 3.3979 -0.8674 0.1068 -0.4861 0.1722 0.7358 0 1.0
0 -1.0321 11.2912 3.8277 -0.8674 0.1068 -0.4861 0.1722 0.7358 0 1.0
Default
0 -0.4177 13.0210 3.7469 -0.6433 0.2195 0.7335 0.1722 0.7358 0 1.0
0 -0.3300 13.8195 3.5848 -0.6433 0.2195 0.7335 0.1722 0.7358 0 1.0
0 -0.6438 13.0225 3.5481 -0.6433 0.2195 0.7335 0.1722 0.7358 0 1.0
Default
0 -0.4177 13.0210 3.7469 -0.5938 0.4320 0.6788 0.1722 0.7358 0 1.0
0 -0.6438 13.0225 3.5481 -0.5938 0.4320 0.6788 0.1722 0.7358 0 1.0
0 -0.6063 11.6771 4.4372 -0.5938 0.4320 0.6788 0.1722 0.7358 0 1.0
Default
0 -0.4314 13.8055 3.2480 -0.6410 -0.0235 -0.7672 0.1722 0.7358 0 1.0
0 -0.3488 13.7863 3.1796 -0.6410 -0.0235 -0.7672 0.1722 0.7358 0 1.0
0 -0.5812 12.9970 3.3979 -0.6410 -0.0235 -0.7672 0.1722 0.7358 0 1.0
Default
0 -0.3300 13.8195 3.5848 -0.7724 0.1983 0.6033 0.1722 0.7358 0 1.0
0 -0.2245 14.7319 3.4201 -0.7724 0.1983 0.6033 0.1722 0.7358 0 1.0
0 -0.4940 13.8210 3.3744 -0.7724 0.1983 0.6033 0.1722 0.7358 0 1.0
Default
0 -0.0000 13.7042 3.7380 -0.3603 0.1840 0.9145 0.1705 0.7319 0 1.0
0 -0.0000 14.3824 3.6016 -0.3603 0.1840 0.9145 0.1705 0.7319 0 1.0
0 -0.3300 13.8195 3.5848 -0.3603 0.1840 0.9145 0.1705 0.7319 0 1.0
Default
0 -0.0000 14.3824 3.6016 -0.0674 0.4254 0.9025 0.1705 0.7319 0 1.0
0 -0.0000 14.8939 3.3605 -0.0674 0.4254 0.9025 0.1705 0.7319 0 1.0
0 -0.2245 14.7319 3.4201 -0.0674 0.4254 0.9025 0.1705 0.7319 0 1.0
Default
0 -0.4314 13.8055 3.2480 -0.7726 0.0255 -0.6344 0.1722 0.7358 0 1.0
0 -0.5812 12.9970 3.3979 -0.7726 0.0255 -0.6344 0.1722 0.7358 0 1.0
0 -0.4940 13.8224 3.3251 -0.7726 0.0255 -0.6344 0.1722 0.7358 0 1.0
Default
0 -0.0000 15.0366 3.1694 -0.1335 0.1158 0.9843 0.1698 0.7334 0 1.0
0 -0.0900 15.0349 3.1574 -0.1335 0.1158 0.9843 0.1713 0.7319 0 1.0
0 -0.0000 14.7223 3.2064 -0.1335 0.1158 0.9843 0.1698 0.7334 0 1.0
Default
0 -0.2061 14.7100 3.1690 -0.5040 0.0502 -0.8622 0.1722 0.7358 0 1.0
0 -0.4314 13.8055 3.2480 -0.5040 0.0502 -0.8622 0.1722 0.7358 0 1.0
0 -0.2688 14.7223 3.2064 -0.5040 0.0502 -0.8622 0.1722 0.7358 0 1.0
Default
0 -0.1375 14.7028 3.1431 -0.3496 0.0433 -0.9359 0.1722 0.7358 0 1.0
0 -0.3488 13.7863 3.1796 -0.3496 0.0433 -0.9359 0.1722 0.7358 0 1.0
0 -0.2061 14.7100 3.1690 -0.3496 0.0433 -0.9359 0.1722 0.7358 0 1.0
Default
0 -0.5045 11.1211 3.1820 -0.1324 0.0040 -0.9912 0.1720 0.7310 0 1.0
0 -0.4709 12.9460 3.1848 -0.1324 0.0040 -0.9912 0.1722 0.7358 0 1.0
0 -0.0000 11.1976 3.1149 -0.1324 0.0040 -0.9912 0.1698 0.7334 0 1.0
Default
0 44.9270 1.4928 3.6425 0.0432 0.7863 0.6164 0.9863 0.5469 0 1.0
0 45.3456 1.7982 3.2236 0.0432 0.7863 0.6164 0.9863 0.5469 0 1.0
0 43.2197 1.9150 3.2236 0.0432 0.7863 0.6164 0.9863 0.5469 0 1.0
Default
0 42.5471 1.4981 3.7802 0.0436 0.7736 0.6321 0.9863 0.5469 0 1.0
0 44.9270 1.4928 3.6425 0.0432 0.7863 0.6164 0.9863 0.5469 0 1.0
0 43.2197 1.9150 3.2236 0.0432 0.7863 0.6164 0.9863 0.5469 0 1.0
Default
0 42.5471 1.4981 3.7802 0.0436 0.7736 0.6321 0.9863 0.5469 0 1.0
0 43.2197 1.9150 3.2236 0.0432 0.7863 0.6164 0.9863 0.5469 0 1.0
0 39.9023 2.1019 3.2236 0.0436 0.7736 0.6321 0.9863 0.5469 0 1.0
Default
0 48.7331 1.4244 3.2236 0.0842 0.7632 0.6406 0.9863 0.5469 0 1.0
0 45.3456 1.7982 3.2236 0.0842 0.7632 0.6406 0.9863 0.5469 0 1.0
0 44.9270 1.4928 3.6425 0.0842 0.7632 0.6406 0.9863 0.5469 0 1.0
Default
0 49.2098 1.0939 3.5869 0.0813 0.7880 0.6103 0.9863 0.5469 0 1.0
0 48.7331 1.4244 3.2236 0.0842 0.7632 0.6406 0.9863 0.5469 0 1.0
0 44.9270 1.4928 3.6425 0.0842 0.7632 0.6406 0.9863 0.5469 0 1.0
Default
0 3.8979 2.6932 3.8559 0.5686 0.8226 0.0000 0.9844 0.9795 0 1.0
0 3.8979 2.6932 3.2236 0.5686 0.8226 0.0000 0.9844 0.9795 0 1.0
0 2.0862 3.9455 3.7002 0.5686 0.8226 0.0000 0.9844 0.9795 0 1.0
Default
0 2.0862 3.9455 4.2878 0.5686 0.8226 0.0000 0.9844 0.9795 0 1.0
0 3.8979 2.6932 3.8559 0.5686 0.8226 0.0000 0.9844 0.9795 0 1.0
0 2.0862 3.9455 3.7002 0.5686 0.8226 0.0000 0.9844 0.9795 0 1.0
Default
0 2.0862 3.9455 4.2878 0.9646 0.2638 0.0000 0.9844 0.9795 0 1.0
0 2.0862 3.9455 3.7002 0.9646 0.2638 0.0000 0.9844 0.9795 0 1.0
0 1.4484 6.2774 3.8638 0.9646 0.2638 0.0000 0.9844 0.9795 0 1.0
Default
0 1.4484 6.2774 3.8638 0.9646 0.2638 0.0000 0.9844 0.9795 0 1.0
0 2.0862 3.9455 3.7002 0.9646 0.2638 0.0000 0.9844 0.9795 0 1.0
0 1.9966 4.3235 2.9777 0.9647 0.2626 0.0177 0.9844 0.9795 0 1.0
Default
0 36.8185 2.0273 2.7523 0.0529 0.8732 -0.4845 0.9868 0.5469 0 1.0
0 36.8185 2.2888 3.2236 0.0529 0.8732 -0.4845 0.9868 0.5469 0 1.0
0 39.9023 2.1019 3.2236 0.0529 0.8732 -0.4845 0.9868 0.5469 0 1.0
Default
0 36.8185 2.0273 2.7523 0.0529 0.8732 -0.4845 0.9868 0.5469 0 1.0
0 33.8048 2.1244 2.7523 0.0282 0.8741 -0.4850 0.9868 0.5469 0 1.0
0 36.8185 2.2888 3.2236 0.0529 0.8732 -0.4845 0.9868 0.5469 0 1.0
Default
0 7.4713 -7.2227 2.3927 0.3773 -0.8542 -0.3576 0.9844 0.5488 0 1.0
0 7.4058 -7.5996 3.2236 0.3773 -0.8542 -0.3576 0.9844 0.5488 0 1.0
0 4.6023 -8.8378 3.2236 0.3773 -0.8542 -0.3576 0.9844 0.5488 0 1.0
Default
0 4.2314 -8.6272 2.3961 0.3674 -0.8486 -0.3806 0.9844 0.5488 0 1.0
0 7.4713 -7.2227 2.3927 0.3773 -0.8542 -0.3576 0.9844 0.5488 0 1.0
0 4.6023 -8.8378 3.2236 0.3773 -0.8542 -0.3576 0.9844 0.5488 0 1.0
Default
0 1.2626 9.5303 3.3508 0.9603 -0.1478 -0.2364 0.9844 0.9795 0 1.0
0 1.4691 9.5798 4.1589 0.9603 -0.1478 -0.2364 0.9844 0.9795 0 1.0
0 1.3671 8.9173 4.1589 0.9603 -0.1478 -0.2364 0.9844 0.9795 0 1.0
Default
0 1.1795 8.9173 3.3164 0.9691 -0.1192 -0.2158 0.9844 0.9795 0 1.0
0 1.2626 9.5303 3.3508 0.9603 -0.1478 -0.2364 0.9844 0.9795 0 1.0
0 1.3671 8.9173 4.1589 0.9603 -0.1478 -0.2364 0.9844 0.9795 0 1.0
Default
0 13.9142 0.6185 2.6507 0.0659 0.7727 -0.6314 0.9868 0.5469 0 1.0
0 13.9142 1.0867 3.2236 0.0659 0.7727 -0.6314 0.9868 0.5469 0 1.0
0 18.0323 0.7353 3.2236 0.0659 0.7727 -0.6314 0.9868 0.5469 0 1.0
Default
0 18.0323 0.2671 2.6429 0.0651 0.7769 -0.6263 0.9868 0.5469 0 1.0
0 13.9142 0.6185 2.6507 0.0659 0.7727 -0.6314 0.9868 0.5469 0 1.0
0 18.0323 0.7353 3.2236 0.0659 0.7727 -0.6314 0.9868 0.5469 0 1.0
Default
0 10.0096 1.1660 2.8130 0.0782 0.8053 -0.5877 0.9844 0.9795 0 1.0
0 10.0096 1.4657 3.2236 0.0782 0.8053 -0.5877 0.9844 0.9795 0 1.0
0 13.9142 1.0867 3.2236 0.0782 0.8053 -0.5877 0.9844 0.9795 0 1.0
Default
0 10.0096 1.1660 2.8130 0.0782 0.8053 -0.5877 0.9844 0.9795 0 1.0
0 5.9658 1.6194 2.9542 0.0698 0.8058 -0.5881 0.9844 0.9795 0 1.0
0 10.0096 1.4657 3.2236 0.0782 0.8053 -0.5877 0.9844 0.9795 0 1.0
Default
0 31.1649 2.5224 3.2236 -0.0188 0.7094 -0.7046 0.9868 0.5469 0 1.0
0 33.8048 2.5925 3.2236 -0.0188 0.7094 -0.7046 0.9868 0.5469 0 1.0
0 33.8048 2.1244 2.7523 -0.0188 0.7094 -0.7046 0.9868 0.5469 0 1.0
Default
0 31.1649 2.0543 2.7523 -0.0188 0.7094 -0.7046 0.9868 0.5469 0 1.0
0 31.1649 2.5224 3.2236 -0.0188 0.7094 -0.7046 0.9868 0.5469 0 1.0
0 33.8048 2.1244 2.7523 -0.0188 0.7094 -0.7046 0.9868 0.5469 0 1.0
Default
0 43.2197 1.6535 2.8332 0.0456 0.8300 -0.5559 0.9868 0.5469 0 1.0
0 43.2197 1.9150 3.2236 0.0474 0.8414 -0.5383 0.9868 0.5469 0 1.0
0 45.3456 1.7982 3.2236 0.0456 0.8300 -0.5559 0.9868 0.5469 0 1.0
Default
0 43.2197 1.6535 2.8332 0.0456 0.8300 -0.5559 0.9868 0.5469 0 1.0
0 39.9023 1.8404 2.8149 0.0474 0.8414 -0.5383 0.9868 0.5469 0 1.0
0 43.2197 1.9150 3.2236 0.0474 0.8414 -0.5383 0.9868 0.5469 0 1.0
Default
0 39.9023 1.8404 2.8149 0.0474 0.8414 -0.5383 0.9868 0.5469 0 1.0
0 39.9023 2.1019 3.2236 0.0474 0.8414 -0.5383 0.9868 0.5469 0 1.0
0 43.2197 1.9150 3.2236 0.0474 0.8414 -0.5383 0.9868 0.5469 0 1.0
Default
0 39.9023 1.8404 2.8149 0.0474 0.8414 -0.5383 0.9868 0.5469 0 1.0
0 36.8185 2.0273 2.7523 0.0619 0.8407 -0.5379 0.9868 0.5469 0 1.0
0 39.9023 2.1019 3.2236 0.0474 0.8414 -0.5383 0.9868 0.5469 0 1.0
Default
0 17.8623 -6.6517 2.6859 0.0602 -0.7826 -0.6196 0.9844 0.5488 0 1.0
0 17.7551 -7.0856 3.2236 0.0602 -0.7826 -0.6196 0.9844 0.5488 0 1.0
0 15.0218 -7.2959 3.2236 0.0602 -0.7826 -0.6196 0.9844 0.5488 0 1.0
Default
0 14.6866 -6.8287 2.5678 0.0356 -0.8053 -0.5918 0.9844 0.5488 0 1.0
0 17.8623 -6.6517 2.6859 0.0602 -0.7826 -0.6196 0.9844 0.5488 0 1.0
0 15.0218 -7.2959 3.2236 0.0602 -0.7826 -0.6196 0.9844 0.5488 0 1.0
Default
0 14.6866 -6.8287 2.5678 0.0356 -0.8053 -0.5918 0.9844 0.5488 0 1.0
0 15.0218 -7.2959 3.2236 0.0602 -0.7826 -0.6196 0.9844 0.5488 0 1.0
0 12.3819 -7.4127 3.2236 0.0356 -0.8053 -0.5918 0.9844 0.5488 0 1.0
Default
0 1.2551 10.6749 3.4112 0.9696 0.0231 -0.2437 0.9844 0.9795 0 1.0
0 1.4421 10.7155 4.1589 0.9696 0.0231 -0.2437 0.9844 0.9795 0 1.0
0 1.4691 9.5798 4.1589 0.9696 0.0231 -0.2437 0.9844 0.9795 0 1.0
Default
0 1.2626 9.5303 3.3508 0.9684 0.0194 -0.2487 0.9844 0.9795 0 1.0
0 1.2551 10.6749 3.4112 0.9696 0.0231 -0.2437 0.9844 0.9795 0 1.0
0 1.4691 9.5798 4.1589 0.9696 0.0231 -0.2437 0.9844 0.9795 0 1.0
Default
0 -0.0000 -2.5602 5.6892 0.1729 0.0530 0.9835 0.9844 0.9795 0 1.0
0 1.3395 -1.3827 5.3902 0.1729 0.0530 0.9835 0.9844 0.9795 0 1.0
0 -0.0000 0.3834 5.5306 0.1729 0.0530 0.9835 0.9844 0.9795 0 1.0
Default
0 1.5875 0.7231 5.1888 0.1955 0.0705 0.9782 0.9844 0.9795 0 1.0
0 -0.0000 0.3834 5.5306 0.1729 0.0530 0.9835 0.9844 0.9795 0 1.0
0 1.3395 -1.3827 5.3902 0.1729 0.0530 0.9835 0.9844 0.9795 0 1.0
Default
0 -0.0000 -7.6064 4.3356 -0.0994 -0.4047 0.9090 0.9844 0.9795 0 1.0
0 2.5450 -6.2327 5.2254 -0.0994 -0.4047 0.9090 0.9844 0.9795 0 1.0
0 -0.0000 -5.1954 5.4088 -0.0994 -0.4047 0.9090 0.9844 0.9795 0 1.0
Default
0 2.7323 -7.8508 4.4995 -0.0921 -0.4253 0.9003 0.9844 0.9795 0 1.0
0 2.5450 -6.2327 5.2254 -0.0994 -0.4047 0.9090 0.9844 0.9795 0 1.0
0 -0.0000 -7.6064 4.3356 -0.0994 -0.4047 0.9090 0.9844 0.9795 0 1.0
Default
0 2.7323 -7.8508 4.4995 -0.0921 -0.4253 0.9003 0.9844 0.9795 0 1.0
0 -0.0000 -7.6064 4.3356 -0.0994 -0.4047 0.9090 0.9844 0.9795 0 1.0
0 1.6082 -8.8989 3.8895 -0.0921 -0.4253 0.9003 0.9844 0.9795 0 1.0
Default
0 50.3918 -0.1938 3.2236 0.3065 0.0128 0.9518 0.9863 0.5469 0 1.0
0 49.2098 1.0939 3.5869 0.3065 0.0128 0.9518 0.9863 0.5469 0 1.0
0 48.9728 0.0616 3.6771 0.3065 0.0128 0.9518 0.9863 0.5469 0 1.0
Default
0 50.3918 -0.1938 3.2236 0.3065 0.0128 0.9518 0.9863 0.5469 0 1.0
0 50.4619 1.0039 3.2236 0.2775 -0.0162 0.9606 0.9863 0.5469 0 1.0
0 49.2098 1.0939 3.5869 0.3065 0.0128 0.9518 0.9863 0.5469 0 1.0
Default
0 1.3395 -1.3827 5.3902 0.1377 0.0937 0.9860 0.9844 0.9795 0 1.0
0 -0.0000 -2.5602 5.6892 0.1377 0.0937 0.9860 0.9844 0.9795 0 1.0
0 1.7040 -4.0180 5.5898 0.1377 0.0937 0.9860 0.9844 0.9795 0 1.0
Default
0 3.0148 -4.1368 5.4170 0.1385 0.0938 0.9859 0.9844 0.9795 0 1.0
0 1.3395 -1.3827 5.3902 0.1377 0.0937 0.9860 0.9844 0.9795 0 1.0
0 1.7040 -4.0180 5.5898 0.1377 0.0937 0.9860 0.9844 0.9795 0 1.0
Default
0 16.1753 -4.3387 4.3727 0.1069 -0.0098 0.9942 0.9863 0.5469 0 1.0
0 19.7682 -2.3606 4.0061 0.1069 -0.0098 0.9942 0.9863 0.5469 0 1.0
0 18.1131 -1.2302 4.2563 0.1229 -0.0395 0.9916 0.9863 0.5469 0 1.0
Default
0 19.7682 -2.3606 4.0061 0.1069 -0.0098 0.9942 0.9863 0.5469 0 1.0
0 16.1753 -4.3387 4.3727 0.1069 -0.0098 0.9942 0.9863 0.5469 0 1.0
0 17.3864 -5.5901 4.2301 0.1069 -0.0098 0.9942 0.9863 0.5469 0 1.0
Default
0 19.7278 -5.2268 3.9806 0.1075 -0.0103 0.9941 0.9863 0.5469 0 1.0
0 19.7682 -2.3606 4.0061 0.1069 -0.0098 0.9942 0.9863 0.5469 0 1.0
0 17.3864 -5.5901 4.2301 0.1069 -0.0098 0.9942 0.9863 0.5469 0 1.0
Default
0 18.0323 0.7353 3.2236 -0.1060 0.4591 0.8821 0.9863 0.5469 0 1.0
0 15.3679 -1.2706 3.9475 -0.1060 0.4591 0.8821 0.9863 0.5469 0 1.0
0 18.1131 -1.2302 4.2563 -0.1060 0.4591 0.8821 0.9863 0.5469 0 1.0
Default
0 18.0323 0.7353 3.2236 -0.1060 0.4591 0.8821 0.9863 0.5469 0 1.0
0 18.1131 -1.2302 4.2563 -0.1060 0.4591 0.8821 0.9863 0.5469 0 1.0
0 21.4637 -0.7862 4.2793 -0.0673 0.4619 0.8844 0.9863 0.5469 0 1.0
Default
0 24.4511 -2.8046 4.0565 0.0742 -0.0235 0.9970 0.9863 0.5469 0 1.0
0 21.9078 -4.1368 4.2144 0.0742 -0.0235 0.9970 0.9863 0.5469 0 1.0
0 24.2088 -5.0250 4.0223 0.0742 -0.0235 0.9970 0.9863 0.5469 0 1.0
Default
0 26.2677 -4.3387 3.8891 0.0723 -0.0233 0.9971 0.9863 0.5469 0 1.0
0 24.4511 -2.8046 4.0565 0.0742 -0.0235 0.9970 0.9863 0.5469 0 1.0
0 24.2088 -5.0250 4.0223 0.0742 -0.0235 0.9970 0.9863 0.5469 0 1.0
Default
0 33.6553 0.4249 4.2347 0.0660 -0.1638 0.9843 0.9863 0.5469 0 1.0
0 30.9102 -2.0780 4.0023 0.0660 -0.1638 0.9843 0.9863 0.5469 0 1.0
0 33.4131 -2.2395 3.8076 0.0660 -0.1638 0.9843 0.9863 0.5469 0 1.0
Default
0 30.9102 -2.0780 4.0023 0.0660 -0.1638 0.9843 0.9863 0.5469 0 1.0
0 33.6553 0.4249 4.2347 0.0660 -0.1638 0.9843 0.9863 0.5469 0 1.0
0 30.7083 0.3846 4.3899 0.0540 -0.1509 0.9871 0.9863 0.5469 0 1.0
Default
0 33.6553 0.4249 4.2347 -0.0112 0.4233 0.9059 0.9863 0.5469 0 1.0
0 33.8048 2.5925 3.2236 -0.0112 0.4233 0.9059 0.9863 0.5469 0 1.0
0 31.1649 2.5224 3.2236 -0.0112 0.4233 0.9059 0.9863 0.5469 0 1.0
Default
0 33.8048 2.5925 3.2236 -0.0112 0.4233 0.9059 0.9863 0.5469 0 1.0
0 33.6553 0.4249 4.2347 -0.0112 0.4233 0.9059 0.9863 0.5469 0 1.0
0 35.6738 0.8286 4.0186 0.0127 0.4220 0.9065 0.9863 0.5469 0 1.0
Default
0 36.8185 2.2888 3.2236 0.0724 0.4325 0.8987 0.9863 0.5469 0 1.0
0 35.6738 0.8286 4.0186 0.0724 0.4325 0.8987 0.9863 0.5469 0 1.0
0 38.7015 0.4249 3.9690 0.0724 0.4325 0.8987 0.9863 0.5469 0 1.0
Default
0 36.8185 2.2888 3.2236 0.0724 0.4325 0.8987 0.9863 0.5469 0 1.0
0 33.8048 2.5925 3.2236 0.0453 0.4500 0.8919 0.9863 0.5469 0 1.0
0 35.6738 0.8286 4.0186 0.0724 0.4325 0.8987 0.9863 0.5469 0 1.0
Default
0 42.5471 1.4981 3.7802 0.0577 0.0892 0.9943 0.9863 0.5469 0 1.0
0 44.0498 0.3845 3.7929 0.0566 0.0901 0.9943 0.9863 0.5469 0 1.0
0 44.9270 1.4928 3.6425 0.0566 0.0901 0.9943 0.9863 0.5469 0 1.0
Default
0 44.9270 1.4928 3.6425 0.0566 0.0901 0.9943 0.9863 0.5469 0 1.0
0 44.0498 0.3845 3.7929 0.0566 0.0901 0.9943 0.9863 0.5469 0 1.0
0 45.7049 0.3038 3.7059 0.0566 0.0901 0.9943 0.9863 0.5469 0 1.0
Default
0 45.7049 0.3038 3.7059 0.0566 0.0901 0.9943 0.9863 0.5469 0 1.0
0 49.2098 1.0939 3.5869 0.0191 0.0657 0.9977 0.9863 0.5469 0 1.0
0 44.9270 1.4928 3.6425 0.0566 0.0901 0.9943 0.9863 0.5469 0 1.0
Default
0 45.7049 0.3038 3.7059 0.0566 0.0901 0.9943 0.9863 0.5469 0 1.0
0 48.9728 0.0616 3.6771 0.0150 0.0837 0.9964 0.9863 0.5469 0 1.0
0 49.2098 1.0939 3.5869 0.0191 0.0657 0.9977 0.9863 0.5469 0 1.0
Default
0 42.5471 1.4981 3.7802 0.0060 0.0194 0.9998 0.9863 0.5469 0 1.0
0 41.4870 0.3442 3.8090 0.0060 0.0194 0.9998 0.9863 0.5469 0 1.0
0 44.0498 0.3845 3.7929 0.0060 0.0194 0.9998 0.9863 0.5469 0 1.0
Default
0 41.3255 -1.4724 3.8522 0.0059 0.0233 0.9997 0.9863 0.5469 0 1.0
0 44.0498 0.3845 3.7929 0.0060 0.0194 0.9998 0.9863 0.5469 0 1.0
0 41.4870 0.3442 3.8090 0.0060 0.0194 0.9998 0.9863 0.5469 0 1.0
Default
0 -0.0000 4.5103 5.3379 0.3574 0.0460 0.9328 0.9844 0.9795 0 1.0
0 1.6186 4.4133 4.7225 0.3574 0.0460 0.9328 0.9844 0.9795 0 1.0
0 0.6508 5.8248 5.0237 0.3574 0.0460 0.9328 0.9844 0.9795 0 1.0
Default
0 0.6141 2.3941 5.1044 0.3554 0.0000 0.9347 0.9844 0.9795 0 1.0
0 1.6186 4.4133 4.7225 0.3574 0.0460 0.9328 0.9844 0.9795 0 1.0
0 -0.0000 4.5103 5.3379 0.3574 0.0460 0.9328 0.9844 0.9795 0 1.0
Default
0 0.9190 -10.2136 3.8687 0.1820 -0.1108 0.9770 0.9844 0.9795 0 1.0
0 1.6082 -8.8989 3.8895 0.1820 -0.1108 0.9770 0.9844 0.9795 0 1.0
0 -0.0000 -7.6064 4.3356 0.1820 -0.1108 0.9770 0.9844 0.9795 0 1.0
Default
0 2.0218 -11.6050 3.4869 0.1914 -0.1157 0.9747 0.9844 0.9795 0 1.0
0 1.6082 -8.8989 3.8895 0.1820 -0.1108 0.9770 0.9844 0.9795 0 1.0
0 0.9190 -10.2136 3.8687 0.1820 -0.1108 0.9770 0.9844 0.9795 0 1.0
Default
0 0.8910 -13.3254 3.8005 0.1530 -0.0230 0.9880 0.9844 0.9795 0 1.0
0 1.9563 -13.1291 3.6401 0.1530 -0.0230 0.9880 0.9844 0.9795 0 1.0
0 0.9190 -10.2136 3.8687 0.1530 -0.0230 0.9880 0.9844 0.9795 0 1.0
Default
0 0.9190 -10.2136 3.8687 0.1530 -0.0230 0.9880 0.9844 0.9795 0 1.0
0 -0.0000 -12.9890 3.9135 0.1173 -0.0228 0.9928 0.9844 0.9795 0 1.0
0 0.8910 -13.3254 3.8005 0.1530 -0.0230 0.9880 0.9844 0.9795 0 1.0
Default
0 -0.0000 -15.0521 3.2236 0.0006 -0.3171 0.9484 0.9819 0.5439 0 1.0
0 0.9345 -15.0287 3.2236 0.0080 -0.3206 0.9472 0.9819 0.5439 0 1.0
0 0.8910 -13.3254 3.8005 0.0006 -0.3171 0.9484 0.9819 0.5439 0 1.0
Default
0 -0.0000 -12.9890 3.9135 0.0006 -0.3171 0.9484 0.9819 0.5439 0 1.0
0 -0.0000 -15.0521 3.2236 0.0006 -0.3171 0.9484 0.9819 0.5439 0 1.0
0 0.8910 -13.3254 3.8005 0.0006 -0.3171 0.9484 0.9819 0.5439 0 1.0
Default
0 -0.0000 -15.0521 3.2236 0.0006 -0.3171 0.9484 0.9819 0.5439 0 1.0
0 -0.0000 -12.9890 3.9135 0.0006 -0.3171 0.9484 0.9819 0.5439 0 1.0
0 -0.8910 -13.3254 3.8005 -0.0006 -0.3171 0.9484 0.9819 0.5439 0 1.0
Default
0 -0.9345 -15.0287 3.2236 -0.0080 -0.3206 0.9472 0.9819 0.5439 0 1.0
0 -0.0000 -15.0521 3.2236 0.0006 -0.3171 0.9484 0.9819 0.5439 0 1.0
0 -0.8910 -13.3254 3.8005 -0.0006 -0.3171 0.9484 0.9819 0.5439 0 1.0
Default
0 1.9563 -13.1291 3.6401 0.2346 -0.3269 0.9155 0.9819 0.5439 0 1.0
0 0.9345 -15.0287 3.2236 0.2346 -0.3269 0.9155 0.9819 0.5439 0 1.0
0 2.9202 -13.6036 3.2236 0.2346 -0.3269 0.9155 0.9819 0.5439 0 1.0
Default
0 1.9563 -13.1291 3.6401 0.2346 -0.3269 0.9155 0.9819 0.5439 0 1.0
0 0.8910 -13.3254 3.8005 0.1971 -0.3100 0.9301 0.9819 0.5439 0 1.0
0 0.9345 -15.0287 3.2236 0.2346 -0.3269 0.9155 0.9819 0.5439 0 1.0
Default
0 4.4681 -6.6801 4.7174 0.2396 -0.5425 0.8051 0.9863 0.5469 0 1.0
0 4.6023 -8.8378 3.2236 0.2396 -0.5425 0.8051 0.9863 0.5469 0 1.0
0 7.4058 -7.5996 3.2236 0.2396 -0.5425 0.8051 0.9863 0.5469 0 1.0
Default
0 4.4681 -6.6801 4.7174 0.2396 -0.5425 0.8051 0.9863 0.5469 0 1.0
0 2.7323 -7.8508 4.4995 0.2624 -0.5382 0.8009 0.9863 0.5469 0 1.0
0 4.6023 -8.8378 3.2236 0.2396 -0.5425 0.8051 0.9863 0.5469 0 1.0
Default
0 26.2677 -4.3387 3.8891 0.0509 -0.4284 0.9022 0.9863 0.5469 0 1.0
0 24.5768 -5.9409 3.2236 0.0509 -0.4284 0.9022 0.9863 0.5469 0 1.0
0 28.3147 -5.4970 3.2236 0.0509 -0.4284 0.9022 0.9863 0.5469 0 1.0
Default
0 26.2677 -4.3387 3.8891 0.0509 -0.4284 0.9022 0.9863 0.5469 0 1.0
0 28.3147 -5.4970 3.2236 0.0509 -0.4284 0.9022 0.9863 0.5469 0 1.0
0 29.6184 -3.8139 3.9243 0.0564 -0.4206 0.9055 0.9863 0.5469 0 1.0
Default
0 35.5527 -1.2706 4.0521 0.0976 -0.3902 0.9155 0.9863 0.5469 0 1.0
0 34.6458 -3.4412 3.2236 0.0976 -0.3902 0.9155 0.9863 0.5469 0 1.0
0 37.0755 -2.8338 3.2236 0.0976 -0.3902 0.9155 0.9863 0.5469 0 1.0
Default
0 33.4131 -2.2395 3.8076 0.0605 -0.3854 0.9208 0.9863 0.5469 0 1.0
0 34.6458 -3.4412 3.2236 0.0976 -0.3902 0.9155 0.9863 0.5469 0 1.0
0 35.5527 -1.2706 4.0521 0.0976 -0.3902 0.9155 0.9863 0.5469 0 1.0
Default
0 33.4131 -2.2395 3.8076 0.0605 -0.3854 0.9208 0.9863 0.5469 0 1.0
0 32.2629 -3.8150 3.2236 0.0605 -0.3854 0.9208 0.9863 0.5469 0 1.0
0 34.6458 -3.4412 3.2236 0.0976 -0.3902 0.9155 0.9863 0.5469 0 1.0
Default
0 30.9102 -2.0780 4.0023 0.0476 -0.3775 0.9248 0.9863 0.5469 0 1.0
0 32.2629 -3.8150 3.2236 0.0605 -0.3854 0.9208 0.9863 0.5469 0 1.0
0 33.4131 -2.2395 3.8076 0.0605 -0.3854 0.9208 0.9863 0.5469 0 1.0
Default
0 38.1363 -1.9973 3.7276 0.0410 -0.5532 0.8320 0.9863 0.5469 0 1.0
0 37.0755 -2.8338 3.2236 0.0410 -0.5532 0.8320 0.9863 0.5469 0 1.0
0 40.2294 -2.6001 3.2236 0.0410 -0.5532 0.8320 0.9863 0.5469 0 1.0
Default
0 41.3255 -1.4724 3.8522 0.0532 -0.5252 0.8493 0.9863 0.5469 0 1.0
0 38.1363 -1.9973 3.7276 0.0410 -0.5532 0.8320 0.9863 0.5469 0 1.0
0 40.2294 -2.6001 3.2236 0.0410 -0.5532 0.8320 0.9863 0.5469 0 1.0
Default
0 16.1753 -4.3387 4.3727 -0.0354 0.1489 0.9882 0.9863 0.5469 0 1.0
0 13.5109 -3.0469 4.0826 -0.0354 0.1489 0.9882 0.9863 0.5469 0 1.0
0 13.0669 -5.7920 4.4803 -0.0354 0.1489 0.9882 0.9863 0.5469 0 1.0
Default
0 16.1753 -4.3387 4.3727 -0.0354 0.1489 0.9882 0.9863 0.5469 0 1.0
0 15.3679 -1.2706 3.9475 -0.0473 0.1249 0.9910 0.9863 0.5469 0 1.0
0 13.5109 -3.0469 4.0826 -0.0354 0.1489 0.9882 0.9863 0.5469 0 1.0
Default
0 21.9078 -4.1368 4.2144 -0.1264 -0.0359 0.9913 0.9863 0.5469 0 1.0
0 21.4637 -0.7862 4.2793 -0.1264 -0.0359 0.9913 0.9863 0.5469 0 1.0
0 19.7682 -2.3606 4.0061 -0.1264 -0.0359 0.9913 0.9863 0.5469 0 1.0
Default
0 21.9078 -4.1368 4.2144 -0.1264 -0.0359 0.9913 0.9863 0.5469 0 1.0
0 19.7682 -2.3606 4.0061 -0.1264 -0.0359 0.9913 0.9863 0.5469 0 1.0
0 19.7278 -5.2268 3.9806 -0.1030 -0.0074 0.9947 0.9863 0.5469 0 1.0
Default
0 44.4131 -1.3513 3.7429 0.1192 -0.4932 0.8617 0.9863 0.5469 0 1.0
0 43.2898 -2.5300 3.2236 0.1192 -0.4932 0.8617 0.9863 0.5469 0 1.0
0 45.4157 -2.0161 3.2236 0.1192 -0.4932 0.8617 0.9863 0.5469 0 1.0
Default
0 46.6543 -0.9476 3.6142 0.1355 -0.4749 0.8696 0.9863 0.5469 0 1.0
0 44.4131 -1.3513 3.7429 0.1192 -0.4932 0.8617 0.9863 0.5469 0 1.0
0 45.4157 -2.0161 3.2236 0.1192 -0.4932 0.8617 0.9863 0.5469 0 1.0
Default
0 46.6543 -0.9476 3.6142 0.1355 -0.4749 0.8696 0.9863 0.5469 0 1.0
0 45.4157 -2.0161 3.2236 0.1192 -0.4932 0.8617 0.9863 0.5469 0 1.0
0 48.8967 -0.9882 3.2236 0.1420 -0.4809 0.8652 0.9863 0.5469 0 1.0
Default
0 0.8003 10.4489 2.9094 0.0651 0.3784 -0.9233 0.9844 0.9795 0 1.0
0 -0.0000 10.2085 2.7544 0.0651 0.3784 -0.9233 0.9844 0.9795 0 1.0
0 -0.0000 11.0305 3.0913 0.0651 0.3784 -0.9233 0.9844 0.9795 0 1.0
Default
0 0.8003 10.4489 2.9094 0.0651 0.3784 -0.9233 0.9844 0.9795 0 1.0
0 -0.0000 11.0305 3.0913 0.0651 0.3784 -0.9233 0.9844 0.9795 0 1.0
0 0.5045 11.1211 3.1820 0.0900 0.4080 -0.9085 0.9844 0.9795 0 1.0
Default
0 1.2626 9.5303 3.3508 0.6340 -0.0517 -0.7716 0.9844 0.9795 0 1.0
0 0.5310 9.3635 2.7609 0.6340 -0.0517 -0.7716 0.9844 0.9795 0 1.0
0 0.8003 10.4489 2.9094 0.6340 -0.0517 -0.7716 0.9844 0.9795 0 1.0
Default
0 1.2626 9.5303 3.3508 0.6340 -0.0517 -0.7716 0.9844 0.9795 0 1.0
0 1.1795 8.9173 3.3164 0.6330 -0.0423 -0.7730 0.9844 0.9795 0 1.0
0 0.5310 9.3635 2.7609 0.6340 -0.0517 -0.7716 0.9844 0.9795 0 1.0
Default
0 2.6157 -4.5371 -0.2787 0.4514 -0.2373 -0.8602 0.9844 0.9795 0 1.0
0 2.9858 -6.8230 0.5462 0.4514 -0.2373 -0.8602 0.9844 0.9795 0 1.0
0 1.4233 -4.7190 -0.8543 0.4514 -0.2373 -0.8602 0.9844 0.9795 0 1.0
Default
0 1.5210 -6.3806 -0.3728 0.4699 -0.2201 -0.8548 0.9844 0.9795 0 1.0
0 1.4233 -4.7190 -0.8543 0.4514 -0.2373 -0.8602 0.9844 0.9795 0 1.0
0 2.9858 -6.8230 0.5462 0.4514 -0.2373 -0.8602 0.9844 0.9795 0 1.0
Default
0 6.4527 -1.1521 1.5271 0.2052 0.4763 -0.8550 0.9844 0.9795 0 1.0
0 4.8124 -0.4695 1.5138 0.2052 0.4763 -0.8550 0.9844 0.9795 0 1.0
0 5.9658 1.6194 2.9542 0.2052 0.4763 -0.8550 0.9844 0.9795 0 1.0
Default
0 8.1188 -1.2837 1.9051 0.2301 0.4771 -0.8482 0.9844 0.9795 0 1.0
0 6.4527 -1.1521 1.5271 0.2052 0.4763 -0.8550 0.9844 0.9795 0 1.0
0 5.9658 1.6194 2.9542 0.2052 0.4763 -0.8550 0.9844 0.9795 0 1.0
Default
0 35.9107 0.6936 2.8031 -0.0012 -0.0372 -0.9993 0.9844 0.5488 0 1.0
0 33.8048 2.1244 2.7523 -0.0012 -0.0372 -0.9993 0.9844 0.5488 0 1.0
0 36.8185 2.0273 2.7523 -0.0012 -0.0372 -0.9993 0.9844 0.5488 0 1.0
Default
0 38.5784 0.6078 2.8396 0.0179 -0.0393 -0.9991 0.9844 0.5488 0 1.0
0 35.9107 0.6936 2.8031 -0.0012 -0.0372 -0.9993 0.9844 0.5488 0 1.0
0 36.8185 2.0273 2.7523 -0.0012 -0.0372 -0.9993 0.9844 0.5488 0 1.0
Default
0 38.5784 0.6078 2.8396 0.0179 -0.0393 -0.9991 0.9844 0.5488 0 1.0
0 36.8185 2.0273 2.7523 -0.0012 -0.0372 -0.9993 0.9844 0.5488 0 1.0
0 39.9023 1.8404 2.8149 0.0179 -0.0393 -0.9991 0.9844 0.5488 0 1.0
Default
0 39.9023 1.8404 2.8149 0.0179 -0.0393 -0.9991 0.9844 0.5488 0 1.0
0 40.6033 0.5155 2.9337 0.0433 -0.0665 -0.9968 0.9844 0.5488 0 1.0
0 38.5784 0.6078 2.8396 0.0179 -0.0393 -0.9991 0.9844 0.5488 0 1.0
Default
0 40.6033 0.5155 2.9337 0.0005 -0.0891 -0.9960 0.9844 0.5488 0 1.0
0 39.9023 1.8404 2.8149 0.0005 -0.0891 -0.9960 0.9844 0.5488 0 1.0
0 43.2197 1.6535 2.8332 0.0005 -0.0891 -0.9960 0.9844 0.5488 0 1.0
Default
0 43.2197 1.6535 2.8332 0.0005 -0.0891 -0.9960 0.9844 0.5488 0 1.0
0 43.4548 0.4785 2.8993 -0.0365 -0.0634 -0.9973 0.9844 0.5488 0 1.0
0 40.6033 0.5155 2.9337 0.0005 -0.0891 -0.9960 0.9844 0.5488 0 1.0
Default
0 43.4548 0.4785 2.8993 -0.0365 -0.0634 -0.9973 0.9844 0.5488 0 1.0
0 43.2197 1.6535 2.8332 0.0005 -0.0891 -0.9960 0.9844 0.5488 0 1.0
0 45.3456 1.5367 2.7627 -0.0365 -0.0634 -0.9973 0.9844 0.5488 0 1.0
Default
0 47.8697 0.1612 2.9701 0.0355 -0.0850 -0.9957 0.9844 0.5488 0 1.0
0 45.3456 1.5367 2.7627 0.0355 -0.0850 -0.9957 0.9844 0.5488 0 1.0
0 48.7331 1.2667 2.9066 0.0355 -0.0850 -0.9957 0.9844 0.5488 0 1.0
Default
0 45.7442 -0.1807 2.9335 0.0319 -0.0916 -0.9953 0.9844 0.5488 0 1.0
0 45.3456 1.5367 2.7627 0.0355 -0.0850 -0.9957 0.9844 0.5488 0 1.0
0 47.8697 0.1612 2.9701 0.0355 -0.0850 -0.9957 0.9844 0.5488 0 1.0
Default
0 45.7442 -0.1807 2.9335 0.0204 0.0191 -0.9996 0.9844 0.9795 0 1.0
0 43.7546 -1.0375 2.8765 0.0204 0.0191 -0.9996 0.9844 0.9795 0 1.0
0 43.4548 0.4785 2.8993 0.0204 0.0191 -0.9996 0.9844 0.9795 0 1.0
Default
0 41.6797 -1.6167 2.9037 0.0132 0.0207 -0.9997 0.9844 0.9795 0 1.0
0 43.4548 0.4785 2.8993 0.0204 0.0191 -0.9996 0.9844 0.9795 0 1.0
0 43.7546 -1.0375 2.8765 0.0204 0.0191 -0.9996 0.9844 0.9795 0 1.0
Default
0 41.6797 -1.6167 2.9037 0.0132 0.0207 -0.9997 0.9844 0.9795 0 1.0
0 40.6033 0.5155 2.9337 0.0132 0.0207 -0.9997 0.9844 0.9795 0 1.0
0 43.4548 0.4785 2.8993 0.0204 0.0191 -0.9996 0.9844 0.9795 0 1.0
Default
0 40.6033 0.5155 2.9337 0.0132 0.0207 -0.9997 0.9844 0.9795 0 1.0
0 41.6797 -1.6167 2.9037 0.0132 0.0207 -0.9997 0.9844 0.9795 0 1.0
0 38.5634 -1.7637 2.8596 0.0132 0.0207 -0.9997 0.9844 0.9795 0 1.0
Default
0 40.6033 0.5155 2.9337 0.0132 0.0207 -0.9997 0.9844 0.9795 0 1.0
0 38.5634 -1.7637 2.8596 0.0132 0.0207 -0.9997 0.9844 0.9795 0 1.0
0 38.5784 0.6078 2.8396 0.0460 -0.0087 -0.9989 0.9844 0.9795 0 1.0
Default
0 35.9107 0.6936 2.8031 0.0134 -0.0085 -0.9999 0.9844 0.9795 0 1.0
0 38.5784 0.6078 2.8396 0.0460 -0.0087 -0.9989 0.9844 0.9795 0 1.0
0 38.5634 -1.7637 2.8596 0.0132 0.0207 -0.9997 0.9844 0.9795 0 1.0
Default
0 35.4481 -1.9303 2.8206 0.0130 -0.0090 -0.9999 0.9844 0.9795 0 1.0
0 35.9107 0.6936 2.8031 0.0134 -0.0085 -0.9999 0.9844 0.9795 0 1.0
0 38.5634 -1.7637 2.8596 0.0132 0.0207 -0.9997 0.9844 0.9795 0 1.0
Default
0 33.2824 0.6486 3.0285 -0.1119 -0.0139 -0.9936 0.9844 0.9795 0 1.0
0 35.4481 -1.9303 2.8206 -0.1119 -0.0139 -0.9936 0.9844 0.9795 0 1.0
0 33.2233 -2.5181 3.0794 -0.1119 -0.0139 -0.9936 0.9844 0.9795 0 1.0
Default
0 33.2824 0.6486 3.0285 -0.1119 -0.0139 -0.9936 0.9844 0.9795 0 1.0
0 35.9107 0.6936 2.8031 -0.0856 0.0085 -0.9963 0.9844 0.9795 0 1.0
0 35.4481 -1.9303 2.8206 -0.1119 -0.0139 -0.9936 0.9844 0.9795 0 1.0
Default
0 46.7392 -0.8440 2.8882 0.0108 0.0340 -0.9994 0.9844 0.5488 0 1.0
0 48.8967 -0.9882 2.9066 0.0108 0.0340 -0.9994 0.9844 0.5488 0 1.0
0 45.4713 -1.7056 2.8453 0.0108 0.0340 -0.9994 0.9844 0.5488 0 1.0
Default
0 45.7442 -0.1807 2.9335 0.0051 0.0756 -0.9971 0.9844 0.5488 0 1.0
0 46.7392 -0.8440 2.8882 0.0108 0.0340 -0.9994 0.9844 0.5488 0 1.0
0 45.4713 -1.7056 2.8453 0.0108 0.0340 -0.9994 0.9844 0.5488 0 1.0
Default
0 43.7546 -1.0375 2.8765 0.0040 0.0570 -0.9984 0.9844 0.5488 0 1.0
0 45.7442 -0.1807 2.9335 0.0051 0.0756 -0.9971 0.9844 0.5488 0 1.0
0 45.4713 -1.7056 2.8453 0.0108 0.0340 -0.9994 0.9844 0.5488 0 1.0
Default
0 45.7442 -0.1807 2.9335 0.0051 0.0756 -0.9971 0.9844 0.5488 0 1.0
0 47.8697 0.1612 2.9701 0.0051 0.0756 -0.9971 0.9844 0.5488 0 1.0
0 46.7392 -0.8440 2.8882 0.0108 0.0340 -0.9994 0.9844 0.5488 0 1.0
Default
0 23.2274 -4.2562 2.4364 0.0549 -0.1660 -0.9846 0.9844 0.5488 0 1.0
0 24.6737 -5.7178 2.7633 0.0549 -0.1660 -0.9846 0.9844 0.5488 0 1.0
0 21.3037 -6.0346 2.6289 0.0549 -0.1660 -0.9846 0.9844 0.5488 0 1.0
Default
0 23.2274 -4.2562 2.4364 0.0549 -0.1660 -0.9846 0.9844 0.5488 0 1.0
0 21.3037 -6.0346 2.6289 0.0549 -0.1660 -0.9846 0.9844 0.5488 0 1.0
0 20.8806 -4.3872 2.2906 0.0711 -0.1831 -0.9805 0.9844 0.5488 0 1.0
Default
0 -0.0000 -13.9558 2.9821 0.0054 -0.2152 -0.9766 0.9819 0.5439 0 1.0
0 0.9345 -15.0287 3.2236 0.0054 -0.2152 -0.9766 0.9819 0.5439 0 1.0
0 -0.0000 -15.0521 3.2236 0.0054 -0.2152 -0.9766 0.9819 0.5439 0 1.0
Default
0 -0.9345 -15.0287 3.2236 -0.0054 -0.2152 -0.9766 0.9819 0.5439 0 1.0
0 -0.0000 -13.9558 2.9821 0.0054 -0.2152 -0.9766 0.9819 0.5439 0 1.0
0 -0.0000 -15.0521 3.2236 0.0054 -0.2152 -0.9766 0.9819 0.5439 0 1.0
Default
0 2.9202 -13.6036 3.2236 0.1621 -0.0993 -0.9818 0.9819 0.5439 0 1.0
0 1.3526 -13.4003 2.9443 0.1621 -0.0993 -0.9818 0.9819 0.5439 0 1.0
0 1.6242 -12.4999 2.8980 0.1621 -0.0993 -0.9818 0.9819 0.5439 0 1.0
Default
0 1.9275 -11.5456 2.8348 0.1506 -0.1129 -0.9821 0.9819 0.5439 0 1.0
0 2.9202 -13.6036 3.2236 0.1621 -0.0993 -0.9818 0.9819 0.5439 0 1.0
0 1.6242 -12.4999 2.8980 0.1621 -0.0993 -0.9818 0.9819 0.5439 0 1.0
Default
0 13.6046 -5.3206 2.6626 0.1592 -0.0960 -0.9826 0.9844 0.9795 0 1.0
0 11.5204 -2.2840 2.0281 0.1592 -0.0960 -0.9826 0.9844 0.9795 0 1.0
0 14.4017 -1.1744 2.3866 0.1592 -0.0960 -0.9826 0.9844 0.9795 0 1.0
Default
0 13.6046 -5.3206 2.6626 0.1592 -0.0960 -0.9826 0.9844 0.9795 0 1.0
0 14.4017 -1.1744 2.3866 0.1592 -0.0960 -0.9826 0.9844 0.9795 0 1.0
0 16.3637 -5.1299 3.0558 0.1468 -0.0938 -0.9847 0.9844 0.9795 0 1.0
Default
0 1.4387 -6.1223 -2.3475 -0.9850 0.1581 -0.0699 0.1779 0.7388 0 1.0
0 1.4037 -6.3429 -2.3546 -0.9850 0.1581 -0.0699 0.1779 0.7388 0 1.0
0 1.2113 -6.4491 0.1174 -0.9850 0.1581 -0.0699 0.1779 0.7388 0 1.0
Default
0 1.4075 -6.3640 -2.6208 -0.9872 0.1570 -0.0263 0.1779 0.7388 0 1.0
0 1.4037 -6.3429 -2.3546 -0.9850 0.1581 -0.0699 0.1779 0.7388 0 1.0
0 1.4387 -6.1223 -2.3475 -0.9850 0.1581 -0.0699 0.1779 0.7388 0 1.0
Default
0 1.4546 -6.0660 -2.6113 -0.9872 0.1570 -0.0263 0.1779 0.7388 0 1.0
0 1.4075 -6.3640 -2.6208 -0.9872 0.1570 -0.0263 0.1779 0.7388 0 1.0
0 1.4387 -6.1223 -2.3475 -0.9850 0.1581 -0.0699 0.1779 0.7388 0 1.0
Default
0 1.4546 -6.0660 -2.6113 -0.9872 0.1570 -0.0263 0.1779 0.7388 0 1.0
0 1.4527 -6.1262 -2.9001 -0.9872 0.1570 -0.0263 0.1779 0.7388 0 1.0
0 1.4075 -6.3640 -2.6208 -0.9872 0.1570 -0.0263 0.1779 0.7388 0 1.0
Default
0 1.4527 -6.1262 -2.9001 -0.9872 0.1570 -0.0263 0.1779 0.7388 0 1.0
0 1.4164 -6.3563 -2.9074 -0.9872 0.1570 -0.0263 0.1779 0.7388 0 1.0
0 1.4075 -6.3640 -2.6208 -0.9872 0.1570 -0.0263 0.1779 0.7388 0 1.0
Default
0 1.4527 -6.1262 -2.9001 -0.9872 0.1570 -0.0263 0.1779 0.7388 0 1.0
0 1.5614 -6.2406 -5.2187 -0.9818 0.1827 -0.0525 0.1779 0.7388 0 1.0
0 1.4164 -6.3563 -2.9074 -0.9872 0.1570 -0.0263 0.1779 0.7388 0 1.0
Default
0 1.5614 -6.2406 -5.2187 -0.9818 0.1827 -0.0525 0.1779 0.7388 0 1.0
0 1.5410 -6.4635 -5.6139 -0.9818 0.1827 -0.0525 0.1779 0.7388 0 1.0
0 1.4164 -6.3563 -2.9074 -0.9872 0.1570 -0.0263 0.1779 0.7388 0 1.0
Default
0 1.8370 -6.6624 0.2124 0.9877 -0.1561 -0.0045 0.1779 0.7388 0 1.0
0 1.8611 -6.4375 -2.2926 0.9877 -0.1561 -0.0045 0.1779 0.7388 0 1.0
0 1.8960 -6.2170 -2.2856 0.9877 -0.1561 -0.0045 0.1779 0.7388 0 1.0
Default
0 1.8762 -6.4505 0.3575 0.9843 -0.1764 -0.0082 0.1779 0.7388 0 1.0
0 1.8370 -6.6624 0.2124 0.9877 -0.1561 -0.0045 0.1779 0.7388 0 1.0
0 1.8960 -6.2170 -2.2856 0.9877 -0.1561 -0.0045 0.1779 0.7388 0 1.0
Default
0 2.0074 -6.1540 -2.5966 0.7622 0.5266 0.3765 0.1779 0.7388 0 1.0
0 1.7767 -5.8213 -2.5947 0.7622 0.5266 0.3765 0.1779 0.7388 0 1.0
0 1.7469 -5.9648 -2.3337 0.7622 0.5266 0.3765 0.1779 0.7388 0 1.0
Default
0 1.8960 -6.2170 -2.2856 0.7629 0.5236 0.3793 0.1779 0.7388 0 1.0
0 2.0074 -6.1540 -2.5966 0.7622 0.5266 0.3765 0.1779 0.7388 0 1.0
0 1.7469 -5.9648 -2.3337 0.7622 0.5266 0.3765 0.1779 0.7388 0 1.0
Default
0 1.9602 -6.4520 -2.6061 0.9393 -0.1583 0.3043 0.1779 0.7388 0 1.0
0 2.0074 -6.1540 -2.5966 0.9393 -0.1583 0.3043 0.1779 0.7388 0 1.0
0 1.8960 -6.2170 -2.2856 0.9393 -0.1583 0.3043 0.1779 0.7388 0 1.0
Default
0 1.8611 -6.4375 -2.2926 0.9393 -0.1583 0.3043 0.1779 0.7388 0 1.0
0 1.9602 -6.4520 -2.6061 0.9393 -0.1583 0.3043 0.1779 0.7388 0 1.0
0 1.8960 -6.2170 -2.2856 0.9393 -0.1583 0.3043 0.1779 0.7388 0 1.0
Default
0 2.0055 -6.2142 -2.8853 0.9872 -0.1570 0.0263 0.1779 0.7388 0 1.0
0 2.0074 -6.1540 -2.5966 0.9872 -0.1570 0.0263 0.1779 0.7388 0 1.0
0 1.9602 -6.4520 -2.6061 0.9872 -0.1570 0.0263 0.1779 0.7388 0 1.0
Default
0 1.9691 -6.4442 -2.8927 0.9876 -0.1565 0.0086 0.1779 0.7388 0 1.0
0 2.0055 -6.2142 -2.8853 0.9872 -0.1570 0.0263 0.1779 0.7388 0 1.0
0 1.9602 -6.4520 -2.6061 0.9872 -0.1570 0.0263 0.1779 0.7388 0 1.0
Default
0 2.0103 -6.3111 -5.2021 0.9876 -0.1565 0.0086 0.1779 0.7388 0 1.0
0 2.0055 -6.2142 -2.8853 0.9872 -0.1570 0.0263 0.1779 0.7388 0 1.0
0 1.9691 -6.4442 -2.8927 0.9876 -0.1565 0.0086 0.1779 0.7388 0 1.0
Default
0 1.9900 -6.5340 -5.5973 0.9938 -0.1109 0.0113 0.1779 0.7388 0 1.0
0 2.0103 -6.3111 -5.2021 0.9876 -0.1565 0.0086 0.1779 0.7388 0 1.0
0 1.9691 -6.4442 -2.8927 0.9876 -0.1565 0.0086 0.1779 0.7388 0 1.0
Default
0 1.6546 -6.6414 -2.9078 -0.7667 -0.6407 -0.0410 0.1779 0.7388 0 1.0
0 1.4164 -6.3563 -2.9074 -0.7667 -0.6407 -0.0410 0.1779 0.7388 0 1.0
0 1.5410 -6.4635 -5.6139 -0.7673 -0.6412 -0.0099 0.1779 0.7388 0 1.0
Default
0 1.4164 -6.3563 -2.9074 -0.7667 -0.6407 -0.0410 0.1779 0.7388 0 1.0
0 1.6546 -6.6414 -2.9078 -0.7667 -0.6407 -0.0410 0.1779 0.7388 0 1.0
0 1.6457 -6.6491 -2.6212 -0.7667 -0.6407 -0.0410 0.1779 0.7388 0 1.0
Default
0 1.4075 -6.3640 -2.6208 -0.7667 -0.6407 -0.0410 0.1779 0.7388 0 1.0
0 1.4164 -6.3563 -2.9074 -0.7667 -0.6407 -0.0410 0.1779 0.7388 0 1.0
0 1.6457 -6.6491 -2.6212 -0.7667 -0.6407 -0.0410 0.1779 0.7388 0 1.0
Default
0 2.9942 -4.3250 -5.6252 0.0743 0.1711 0.9824 0.1779 0.7388 0 1.0
0 2.3155 -3.7516 -5.6737 0.0743 0.1711 0.9824 0.1779 0.7388 0 1.0
0 1.8028 -6.1685 -5.2140 0.0743 0.1711 0.9824 0.1779 0.7388 0 1.0
Default
0 2.0103 -6.3111 -5.2021 0.0652 0.1769 0.9821 0.1779 0.7388 0 1.0
0 2.9942 -4.3250 -5.6252 0.0743 0.1711 0.9824 0.1779 0.7388 0 1.0
0 1.8028 -6.1685 -5.2140 0.0743 0.1711 0.9824 0.1779 0.7388 0 1.0
Default
0 1.2656 -4.0536 -5.6892 -0.0786 0.1995 0.9767 0.1779 0.7388 0 1.0
0 1.5614 -6.2406 -5.2187 -0.0786 0.1995 0.9767 0.1779 0.7388 0 1.0
0 1.8028 -6.1685 -5.2140 -0.0786 0.1995 0.9767 0.1779 0.7388 0 1.0
Default
0 2.3155 -3.7516 -5.6737 -0.0723 0.2011 0.9769 0.1779 0.7388 0 1.0
0 1.2656 -4.0536 -5.6892 -0.0786 0.1995 0.9767 0.1779 0.7388 0 1.0
0 1.8028 -6.1685 -5.2140 -0.0786 0.1995 0.9767 0.1779 0.7388 0 1.0
Default
0 1.9602 -6.4520 -2.6061 0.5019 -0.8421 0.1974 0.1779 0.7388 0 1.0
0 1.8611 -6.4375 -2.2926 0.5019 -0.8421 0.1974 0.1779 0.7388 0 1.0
0 1.6499 -6.5776 -2.3533 0.5019 -0.8421 0.1974 0.1779 0.7388 0 1.0
Default
0 1.6457 -6.6491 -2.6212 0.5114 -0.8322 0.2140 0.1779 0.7388 0 1.0
0 1.9602 -6.4520 -2.6061 0.5019 -0.8421 0.1974 0.1779 0.7388 0 1.0
0 1.6499 -6.5776 -2.3533 0.5019 -0.8421 0.1974 0.1779 0.7388 0 1.0
Default
0 1.9900 -6.5340 -5.5973 0.5297 -0.8476 0.0322 0.1779 0.7388 0 1.0
0 1.9691 -6.4442 -2.8927 0.5313 -0.8471 -0.0065 0.1779 0.7388 0 1.0
0 1.6546 -6.6414 -2.9078 0.5313 -0.8471 -0.0065 0.1779 0.7388 0 1.0
Default
0 1.6546 -6.6414 -2.9078 0.5313 -0.8471 -0.0065 0.1779 0.7388 0 1.0
0 1.9691 -6.4442 -2.8927 0.5313 -0.8471 -0.0065 0.1779 0.7388 0 1.0
0 1.9602 -6.4520 -2.6061 0.5313 -0.8471 -0.0065 0.1779 0.7388 0 1.0
Default
0 1.6457 -6.6491 -2.6212 0.5313 -0.8471 -0.0065 0.1779 0.7388 0 1.0
0 1.6546 -6.6414 -2.9078 0.5313 -0.8471 -0.0065 0.1779 0.7388 0 1.0
0 1.9602 -6.4520 -2.6061 0.5313 -0.8471 -0.0065 0.1779 0.7388 0 1.0
Default
0 0.6438 13.0225 3.5481 -0.0000 -0.1594 -0.9872 0.1713 0.7319 0 1.0
0 1.0321 11.2912 3.8277 -0.0000 -0.1594 -0.9872 0.1713 0.7319 0 1.0
0 -0.0000 11.2912 3.8277 -0.0000 -0.1594 -0.9872 0.1698 0.7334 0 1.0
Default
0 -0.0000 13.0225 3.5481 -0.0000 -0.1594 -0.9872 0.1698 0.7334 0 1.0
0 0.6438 13.0225 3.5481 -0.0000 -0.1594 -0.9872 0.1713 0.7319 0 1.0
0 -0.0000 11.2912 3.8277 -0.0000 -0.1594 -0.9872 0.1698 0.7334 0 1.0
Default
0 -0.6438 13.0225 3.5481 -0.0000 -0.1594 -0.9872 0.1713 0.7319 0 1.0
0 -0.0000 13.0225 3.5481 -0.0000 -0.1594 -0.9872 0.1698 0.7334 0 1.0
0 -0.0000 11.2912 3.8277 -0.0000 -0.1594 -0.9872 0.1698 0.7334 0 1.0
Default
0 -1.0321 11.2912 3.8277 -0.0000 -0.1594 -0.9872 0.1713 0.7319 0 1.0
0 -0.6438 13.0225 3.5481 -0.0000 -0.1594 -0.9872 0.1713 0.7319 0 1.0
0 -0.0000 11.2912 3.8277 -0.0000 -0.1594 -0.9872 0.1698 0.7334 0 1.0
Default
0 -0.0000 12.9057 3.9118 0.2181 0.4728 0.8538 0.1705 0.7319 0 1.0
0 -0.0000 11.7706 4.5403 0.2181 0.4728 0.8538 0.1705 0.7319 0 1.0
0 0.6063 11.6771 4.4372 0.2181 0.4728 0.8538 0.1705 0.7319 0 1.0
Default
0 0.4176 13.0210 3.7469 0.2088 0.4698 0.8577 0.1705 0.7319 0 1.0
0 -0.0000 12.9057 3.9118 0.2181 0.4728 0.8538 0.1705 0.7319 0 1.0
0 0.6063 11.6771 4.4372 0.2181 0.4728 0.8538 0.1705 0.7319 0 1.0
Default
0 0.4940 13.8210 3.3744 -0.0000 -0.2126 -0.9771 0.1713 0.7319 0 1.0
0 0.6438 13.0225 3.5481 -0.0000 -0.2126 -0.9771 0.1713 0.7319 0 1.0
0 -0.0000 13.0225 3.5481 -0.0000 -0.2126 -0.9771 0.1698 0.7334 0 1.0
Default
0 -0.0000 13.8210 3.3744 -0.0000 -0.2126 -0.9771 0.1698 0.7334 0 1.0
0 0.4940 13.8210 3.3744 -0.0000 -0.2126 -0.9771 0.1713 0.7319 0 1.0
0 -0.0000 13.0225 3.5481 -0.0000 -0.2126 -0.9771 0.1698 0.7334 0 1.0
Default
0 -0.4940 13.8210 3.3744 -0.0000 -0.2126 -0.9771 0.1713 0.7319 0 1.0
0 -0.0000 13.8210 3.3744 -0.0000 -0.2126 -0.9771 0.1698 0.7334 0 1.0
0 -0.0000 13.0225 3.5481 -0.0000 -0.2126 -0.9771 0.1698 0.7334 0 1.0
Default
0 -0.6438 13.0225 3.5481 -0.0000 -0.2126 -0.9771 0.1713 0.7319 0 1.0
0 -0.4940 13.8210 3.3744 -0.0000 -0.2126 -0.9771 0.1713 0.7319 0 1.0
0 -0.0000 13.0225 3.5481 -0.0000 -0.2126 -0.9771 0.1698 0.7334 0 1.0
Default
0 0.4709 12.9460 3.1848 0.8601 0.1617 -0.4837 0.1722 0.7358 0 1.0
0 0.5811 12.9970 3.3979 0.8601 0.1617 -0.4837 0.1722 0.7358 0 1.0
0 0.9694 11.2046 3.4893 0.8601 0.1617 -0.4837 0.1722 0.7358 0 1.0
Default
0 0.4709 12.9460 3.1848 0.8601 0.1617 -0.4837 0.1722 0.7358 0 1.0
0 0.3488 13.7863 3.1796 0.8690 0.1233 -0.4792 0.1722 0.7358 0 1.0
0 0.5811 12.9970 3.3979 0.8601 0.1617 -0.4837 0.1722 0.7358 0 1.0
Default
0 -0.0000 13.7042 3.7380 0.3108 0.2021 0.9288 0.1705 0.7319 0 1.0
0 -0.0000 12.9057 3.9118 0.3108 0.2021 0.9288 0.1705 0.7319 0 1.0
0 0.4176 13.0210 3.7469 0.3108 0.2021 0.9288 0.1705 0.7319 0 1.0
Default
0 0.3300 13.8195 3.5848 0.3453 0.2230 0.9116 0.1705 0.7319 0 1.0
0 -0.0000 13.7042 3.7380 0.3108 0.2021 0.9288 0.1705 0.7319 0 1.0
0 0.4176 13.0210 3.7469 0.3108 0.2021 0.9288 0.1705 0.7319 0 1.0
Default
0 0.2745 14.7334 3.2373 -0.0000 -0.1486 -0.9889 0.1713 0.7319 0 1.0
0 0.4940 13.8210 3.3744 -0.0000 -0.1486 -0.9889 0.1713 0.7319 0 1.0
0 -0.0000 13.8210 3.3744 -0.0000 -0.1486 -0.9889 0.1698 0.7334 0 1.0
Default
0 -0.0000 14.7334 3.2373 -0.0000 -0.1486 -0.9889 0.1698 0.7334 0 1.0
0 0.2745 14.7334 3.2373 -0.0000 -0.1486 -0.9889 0.1713 0.7319 0 1.0
0 -0.0000 13.8210 3.3744 -0.0000 -0.1486 -0.9889 0.1698 0.7334 0 1.0
Default
0 -0.2745 14.7334 3.2373 -0.0000 -0.1486 -0.9889 0.1713 0.7319 0 1.0
0 -0.0000 14.7334 3.2373 -0.0000 -0.1486 -0.9889 0.1698 0.7334 0 1.0
0 -0.0000 13.8210 3.3744 -0.0000 -0.1486 -0.9889 0.1698 0.7334 0 1.0
Default
0 -0.4940 13.8210 3.3744 -0.0000 -0.1486 -0.9889 0.1713 0.7319 0 1.0
0 -0.2745 14.7334 3.2373 -0.0000 -0.1486 -0.9889 0.1713 0.7319 0 1.0
0 -0.0000 13.8210 3.3744 -0.0000 -0.1486 -0.9889 0.1698 0.7334 0 1.0
Default
0 0.0432 15.0306 3.1452 -0.0000 0.0063 -1.0000 0.1705 0.7324 0 1.0
0 0.1375 14.7028 3.1431 -0.0000 -0.0172 -0.9999 0.1722 0.7358 0 1.0
0 -0.0000 14.7028 3.1431 -0.0000 -0.0172 -0.9999 0.1722 0.7358 0 1.0
Default
0 -0.0000 13.7863 3.1589 -0.0000 -0.0172 -0.9999 0.1722 0.7358 0 1.0
0 -0.0000 14.7028 3.1431 -0.0000 -0.0172 -0.9999 0.1722 0.7358 0 1.0
0 0.1375 14.7028 3.1431 -0.0000 -0.0172 -0.9999 0.1722 0.7358 0 1.0
Default
0 -0.0000 14.7028 3.1431 -0.0000 -0.0172 -0.9999 0.1722 0.7358 0 1.0
0 -0.0000 13.7863 3.1589 -0.0000 -0.0172 -0.9999 0.1722 0.7358 0 1.0
0 -0.1375 14.7028 3.1431 -0.0000 -0.0172 -0.9999 0.1722 0.7358 0 1.0
Default
0 -0.1375 14.7028 3.1431 -0.0000 -0.0172 -0.9999 0.1722 0.7358 0 1.0
0 -0.0432 15.0306 3.1452 -0.0000 0.0063 -1.0000 0.1705 0.7324 0 1.0
0 -0.0000 14.7028 3.1431 -0.0000 -0.0172 -0.9999 0.1722 0.7358 0 1.0
Default
0 -0.0000 15.0506 3.2242 -0.0000 0.9987 0.0502 0.1698 0.7334 0 1.0
0 0.1102 15.0513 3.2093 -0.0000 0.9987 0.0502 0.1674 0.7310 0 1.0
0 -0.0000 15.0521 3.1945 -0.0000 0.9987 0.0502 0.1698 0.7334 0 1.0
Default
0 -0.1102 15.0513 3.2093 0.0000 0.9987 0.0502 0.1674 0.7310 0 1.0
0 -0.0000 15.0506 3.2242 -0.0000 0.9987 0.0502 0.1698 0.7334 0 1.0
0 -0.0000 15.0521 3.1945 -0.0000 0.9987 0.0502 0.1698 0.7334 0 1.0
Default
0 -0.0000 11.1976 3.1149 0.0440 0.0281 -0.9986 0.1698 0.7334 0 1.0
0 -0.0000 12.9460 3.1641 0.0594 -0.0062 -0.9982 0.1722 0.7358 0 1.0
0 0.4709 12.9460 3.1848 0.0440 0.0281 -0.9986 0.1722 0.7358 0 1.0
Default
0 0.4709 12.9460 3.1848 0.0440 0.0281 -0.9986 0.1722 0.7358 0 1.0
0 -0.0000 12.9460 3.1641 0.0594 -0.0062 -0.9982 0.1722 0.7358 0 1.0
0 0.3488 13.7863 3.1796 0.0594 -0.0062 -0.9982 0.1722 0.7358 0 1.0
Default
0 -0.0000 12.9460 3.1641 0.0594 -0.0062 -0.9982 0.1722 0.7358 0 1.0
0 -0.0000 13.7863 3.1589 0.0594 -0.0062 -0.9982 0.1722 0.7358 0 1.0
0 0.3488 13.7863 3.1796 0.0594 -0.0062 -0.9982 0.1722 0.7358 0 1.0
Default
0 0.3488 13.7863 3.1796 0.0594 -0.0062 -0.9982 0.1722 0.7358 0 1.0
0 -0.0000 13.7863 3.1589 0.0594 -0.0062 -0.9982 0.1722 0.7358 0 1.0
0 0.1375 14.7028 3.1431 0.0594 -0.0261 -0.9979 0.1722 0.7358 0 1.0
Default
0 -0.0000 15.0314 3.1441 0.0236 0.9799 -0.1983 0.1698 0.7334 0 1.0
0 -0.0000 15.0366 3.1694 0.0236 0.9799 -0.1983 0.1698 0.7334 0 1.0
0 0.0432 15.0306 3.1452 0.0236 0.9799 -0.1983 0.1705 0.7324 0 1.0
Default
0 -0.0000 15.0366 3.1694 0.0236 0.9799 -0.1983 0.1698 0.7334 0 1.0
0 -0.0000 15.0314 3.1441 0.0236 0.9799 -0.1983 0.1698 0.7334 0 1.0
0 -0.0432 15.0306 3.1452 -0.0236 0.9799 -0.1983 0.1705 0.7324 0 1.0
Default
0 -44.9270 1.4928 3.6425 -0.0842 0.7632 0.6406 0.9863 0.5469 0 1.0
0 -45.3456 1.7982 3.2236 -0.0842 0.7632 0.6406 0.9863 0.5469 0 1.0
0 -48.7331 1.4244 3.2236 -0.0842 0.7632 0.6406 0.9863 0.5469 0 1.0
Default
0 -49.2098 1.0939 3.5869 -0.0813 0.7880 0.6103 0.9863 0.5469 0 1.0
0 -44.9270 1.4928 3.6425 -0.0842 0.7632 0.6406 0.9863 0.5469 0 1.0
0 -48.7331 1.4244 3.2236 -0.0842 0.7632 0.6406 0.9863 0.5469 0 1.0
Default
0 -3.8979 2.6932 3.8559 -0.5686 0.8226 0.0000 0.9844 0.9795 0 1.0
0 -2.0862 3.9455 4.2878 -0.5686 0.8226 0.0000 0.9844 0.9795 0 1.0
0 -2.0862 3.9455 3.7002 -0.5686 0.8226 0.0000 0.9844 0.9795 0 1.0
Default
0 -3.8979 2.6932 3.2236 -0.5686 0.8226 0.0000 0.9844 0.9795 0 1.0
0 -3.8979 2.6932 3.8559 -0.5686 0.8226 0.0000 0.9844 0.9795 0 1.0
0 -2.0862 3.9455 3.7002 -0.5686 0.8226 0.0000 0.9844 0.9795 0 1.0
Default
0 -43.2197 1.9150 3.2236 -0.0381 0.7772 0.6281 0.9863 0.5469 0 1.0
0 -42.5471 1.4981 3.7802 -0.0381 0.7772 0.6281 0.9863 0.5469 0 1.0
0 -39.9023 2.1019 3.2236 -0.0436 0.7736 0.6321 0.9863 0.5469 0 1.0
Default
0 -44.9270 1.4928 3.6425 -0.0381 0.7772 0.6281 0.9863 0.5469 0 1.0
0 -42.5471 1.4981 3.7802 -0.0381 0.7772 0.6281 0.9863 0.5469 0 1.0
0 -43.2197 1.9150 3.2236 -0.0381 0.7772 0.6281 0.9863 0.5469 0 1.0
Default
0 -45.3456 1.7982 3.2236 -0.0432 0.7863 0.6164 0.9863 0.5469 0 1.0
0 -44.9270 1.4928 3.6425 -0.0381 0.7772 0.6281 0.9863 0.5469 0 1.0
0 -43.2197 1.9150 3.2236 -0.0381 0.7772 0.6281 0.9863 0.5469 0 1.0
Default
0 -36.8185 2.0273 2.7523 -0.0619 0.8407 -0.5379 0.9868 0.5469 0 1.0
0 -39.9023 1.8404 2.8149 -0.0619 0.8407 -0.5379 0.9868 0.5469 0 1.0
0 -39.9023 2.1019 3.2236 -0.0619 0.8407 -0.5379 0.9868 0.5469 0 1.0
Default
0 -39.9023 2.1019 3.2236 -0.0619 0.8407 -0.5379 0.9868 0.5469 0 1.0
0 -39.9023 1.8404 2.8149 -0.0619 0.8407 -0.5379 0.9868 0.5469 0 1.0
0 -43.2197 1.9150 3.2236 -0.0498 0.8298 -0.5558 0.9868 0.5469 0 1.0
Default
0 -39.9023 1.8404 2.8149 -0.0619 0.8407 -0.5379 0.9868 0.5469 0 1.0
0 -43.2197 1.6535 2.8332 -0.0498 0.8298 -0.5558 0.9868 0.5469 0 1.0
0 -43.2197 1.9150 3.2236 -0.0498 0.8298 -0.5558 0.9868 0.5469 0 1.0
Default
0 -43.2197 1.9150 3.2236 -0.0498 0.8298 -0.5558 0.9868 0.5469 0 1.0
0 -43.2197 1.6535 2.8332 -0.0498 0.8298 -0.5558 0.9868 0.5469 0 1.0
0 -45.3456 1.7982 3.2236 -0.0456 0.8300 -0.5559 0.9868 0.5469 0 1.0
Default
0 -7.4714 -7.2227 2.3927 -0.3674 -0.8486 -0.3806 0.9844 0.5488 0 1.0
0 -4.2314 -8.6272 2.3961 -0.3674 -0.8486 -0.3806 0.9844 0.5488 0 1.0
0 -4.6023 -8.8378 3.2236 -0.3674 -0.8486 -0.3806 0.9844 0.5488 0 1.0
Default
0 -7.4058 -7.5996 3.2236 -0.3773 -0.8542 -0.3576 0.9844 0.5488 0 1.0
0 -7.4714 -7.2227 2.3927 -0.3674 -0.8486 -0.3806 0.9844 0.5488 0 1.0
0 -4.6023 -8.8378 3.2236 -0.3674 -0.8486 -0.3806 0.9844 0.5488 0 1.0
Default
0 -1.2626 9.5303 3.3508 -0.9691 -0.1192 -0.2158 0.9844 0.9795 0 1.0
0 -1.1795 8.9173 3.3164 -0.9691 -0.1192 -0.2158 0.9844 0.9795 0 1.0
0 -1.3672 8.9173 4.1589 -0.9691 -0.1192 -0.2158 0.9844 0.9795 0 1.0
Default
0 -1.4691 9.5798 4.1589 -0.9603 -0.1478 -0.2364 0.9844 0.9795 0 1.0
0 -1.2626 9.5303 3.3508 -0.9691 -0.1192 -0.2158 0.9844 0.9795 0 1.0
0 -1.3672 8.9173 4.1589 -0.9691 -0.1192 -0.2158 0.9844 0.9795 0 1.0
Default
0 -1.9966 4.3235 2.9777 -0.9647 0.2626 0.0177 0.9844 0.9795 0 1.0
0 -2.0862 3.9455 3.7002 -0.9647 0.2626 0.0177 0.9844 0.9795 0 1.0
0 -1.4484 6.2774 3.8638 -0.9647 0.2626 0.0177 0.9844 0.9795 0 1.0
Default
0 -2.0862 3.9455 3.7002 -0.9647 0.2626 0.0177 0.9844 0.9795 0 1.0
0 -2.0862 3.9455 4.2878 -0.9646 0.2638 0.0000 0.9844 0.9795 0 1.0
0 -1.4484 6.2774 3.8638 -0.9647 0.2626 0.0177 0.9844 0.9795 0 1.0
Default
0 -5.9658 1.6194 2.9542 -0.0698 0.8058 -0.5881 0.9844 0.9795 0 1.0
0 -10.0096 1.1660 2.8130 -0.0698 0.8058 -0.5881 0.9844 0.9795 0 1.0
0 -10.0096 1.4657 3.2236 -0.0698 0.8058 -0.5881 0.9844 0.9795 0 1.0
Default
0 -10.0096 1.4657 3.2236 -0.0698 0.8058 -0.5881 0.9844 0.9795 0 1.0
0 -10.0096 1.1660 2.8130 -0.0698 0.8058 -0.5881 0.9844 0.9795 0 1.0
0 -13.9142 1.0867 3.2236 -0.0782 0.8053 -0.5877 0.9844 0.9795 0 1.0
Default
0 -13.9142 0.6185 2.6507 -0.0651 0.7769 -0.6263 0.9868 0.5469 0 1.0
0 -18.0323 0.2671 2.6429 -0.0651 0.7769 -0.6263 0.9868 0.5469 0 1.0
0 -18.0323 0.7353 3.2236 -0.0651 0.7769 -0.6263 0.9868 0.5469 0 1.0
Default
0 -13.9142 1.0867 3.2236 -0.0659 0.7727 -0.6314 0.9868 0.5469 0 1.0
0 -13.9142 0.6185 2.6507 -0.0651 0.7769 -0.6263 0.9868 0.5469 0 1.0
0 -18.0323 0.7353 3.2236 -0.0651 0.7769 -0.6263 0.9868 0.5469 0 1.0
Default
0 -33.8048 2.1244 2.7523 0.0188 0.7094 -0.7046 0.9868 0.5469 0 1.0
0 -33.8048 2.5925 3.2236 0.0188 0.7094 -0.7046 0.9868 0.5469 0 1.0
0 -31.1649 2.5224 3.2236 0.0188 0.7094 -0.7046 0.9868 0.5469 0 1.0
Default
0 -31.1649 2.0543 2.7523 0.0188 0.7094 -0.7046 0.9868 0.5469 0 1.0
0 -33.8048 2.1244 2.7523 0.0188 0.7094 -0.7046 0.9868 0.5469 0 1.0
0 -31.1649 2.5224 3.2236 0.0188 0.7094 -0.7046 0.9868 0.5469 0 1.0
Default
0 -33.8048 2.1244 2.7523 -0.0282 0.8741 -0.4850 0.9868 0.5469 0 1.0
0 -36.8185 2.0273 2.7523 -0.0282 0.8741 -0.4850 0.9868 0.5469 0 1.0
0 -36.8185 2.2888 3.2236 -0.0282 0.8741 -0.4850 0.9868 0.5469 0 1.0
Default
0 -36.8185 2.2888 3.2236 -0.0282 0.8741 -0.4850 0.9868 0.5469 0 1.0
0 -36.8185 2.0273 2.7523 -0.0282 0.8741 -0.4850 0.9868 0.5469 0 1.0
0 -39.9023 2.1019 3.2236 -0.0529 0.8732 -0.4845 0.9868 0.5469 0 1.0
Default
0 -1.2551 10.6749 3.4112 -0.9684 0.0194 -0.2487 0.9844 0.9795 0 1.0
0 -1.2626 9.5303 3.3508 -0.9684 0.0194 -0.2487 0.9844 0.9795 0 1.0
0 -1.4691 9.5798 4.1589 -0.9684 0.0194 -0.2487 0.9844 0.9795 0 1.0
Default
0 -1.4421 10.7155 4.1589 -0.9696 0.0231 -0.2437 0.9844 0.9795 0 1.0
0 -1.2551 10.6749 3.4112 -0.9684 0.0194 -0.2487 0.9844 0.9795 0 1.0
0 -1.4691 9.5798 4.1589 -0.9684 0.0194 -0.2487 0.9844 0.9795 0 1.0
Default
0 -1.3395 -1.3827 5.3902 -0.1729 0.0530 0.9835 0.9844 0.9795 0 1.0
0 -0.0000 -2.5602 5.6892 -0.1729 0.0530 0.9835 0.9844 0.9795 0 1.0
0 -0.0000 0.3834 5.5306 -0.1729 0.0530 0.9835 0.9844 0.9795 0 1.0
Default
0 -0.0000 0.3834 5.5306 -0.1729 0.0530 0.9835 0.9844 0.9795 0 1.0
0 -1.5875 0.7231 5.1888 -0.1955 0.0705 0.9782 0.9844 0.9795 0 1.0
0 -1.3395 -1.3827 5.3902 -0.1729 0.0530 0.9835 0.9844 0.9795 0 1.0
Default
0 -2.5450 -6.2327 5.2254 0.0994 -0.4047 0.9090 0.9844 0.9795 0 1.0
0 -0.0000 -7.6064 4.3356 0.0994 -0.4047 0.9090 0.9844 0.9795 0 1.0
0 -0.0000 -5.1954 5.4088 0.0994 -0.4047 0.9090 0.9844 0.9795 0 1.0
Default
0 -2.5450 -6.2327 5.2254 0.0994 -0.4047 0.9090 0.9844 0.9795 0 1.0
0 -2.7323 -7.8508 4.4995 0.0921 -0.4253 0.9003 0.9844 0.9795 0 1.0
0 -0.0000 -7.6064 4.3356 0.0994 -0.4047 0.9090 0.9844 0.9795 0 1.0
Default
0 -0.0000 -7.6064 4.3356 0.0994 -0.4047 0.9090 0.9844 0.9795 0 1.0
0 -2.7323 -7.8508 4.4995 0.0921 -0.4253 0.9003 0.9844 0.9795 0 1.0
0 -1.6082 -8.8989 3.8895 0.0921 -0.4253 0.9003 0.9844 0.9795 0 1.0
Default
0 -49.2098 1.0939 3.5869 -0.3065 0.0128 0.9518 0.9863 0.5469 0 1.0
0 -50.3918 -0.1938 3.2236 -0.3065 0.0128 0.9518 0.9863 0.5469 0 1.0
0 -48.9728 0.0616 3.6771 -0.3065 0.0128 0.9518 0.9863 0.5469 0 1.0
Default
0 -50.4619 1.0039 3.2236 -0.2775 -0.0162 0.9606 0.9863 0.5469 0 1.0
0 -50.3918 -0.1938 3.2236 -0.3065 0.0128 0.9518 0.9863 0.5469 0 1.0
0 -49.2098 1.0939 3.5869 -0.3065 0.0128 0.9518 0.9863 0.5469 0 1.0
Default
0 -0.0000 -2.5602 5.6892 -0.1377 0.0937 0.9860 0.9844 0.9795 0 1.0
0 -1.3395 -1.3827 5.3902 -0.1377 0.0937 0.9860 0.9844 0.9795 0 1.0
0 -1.7040 -4.0180 5.5898 -0.1377 0.0937 0.9860 0.9844 0.9795 0 1.0
Default
0 -1.3395 -1.3827 5.3902 -0.1377 0.0937 0.9860 0.9844 0.9795 0 1.0
0 -3.0148 -4.1368 5.4170 -0.1385 0.0938 0.9859 0.9844 0.9795 0 1.0
0 -1.7040 -4.0180 5.5898 -0.1377 0.0937 0.9860 0.9844 0.9795 0 1.0
Default
0 -19.7682 -2.3606 4.0061 -0.1069 -0.0098 0.9942 0.9863 0.5469 0 1.0
0 -16.1753 -4.3387 4.3727 -0.1069 -0.0098 0.9942 0.9863 0.5469 0 1.0
0 -18.1131 -1.2302 4.2563 -0.1229 -0.0395 0.9916 0.9863 0.5469 0 1.0
Default
0 -16.1753 -4.3387 4.3727 -0.1069 -0.0098 0.9942 0.9863 0.5469 0 1.0
0 -19.7682 -2.3606 4.0061 -0.1069 -0.0098 0.9942 0.9863 0.5469 0 1.0
0 -17.3864 -5.5901 4.2301 -0.1069 -0.0098 0.9942 0.9863 0.5469 0 1.0
Default
0 -19.7682 -2.3606 4.0061 -0.1069 -0.0098 0.9942 0.9863 0.5469 0 1.0
0 -19.7278 -5.2268 3.9806 -0.1075 -0.0103 0.9941 0.9863 0.5469 0 1.0
0 -17.3864 -5.5901 4.2301 -0.1069 -0.0098 0.9942 0.9863 0.5469 0 1.0
Default
0 -15.3679 -1.2706 3.9475 0.1060 0.4591 0.8821 0.9863 0.5469 0 1.0
0 -18.0323 0.7353 3.2236 0.1060 0.4591 0.8821 0.9863 0.5469 0 1.0
0 -18.1131 -1.2302 4.2563 0.1060 0.4591 0.8821 0.9863 0.5469 0 1.0
Default
0 -18.1131 -1.2302 4.2563 0.1060 0.4591 0.8821 0.9863 0.5469 0 1.0
0 -18.0323 0.7353 3.2236 0.1060 0.4591 0.8821 0.9863 0.5469 0 1.0
0 -21.4637 -0.7862 4.2793 0.0673 0.4619 0.8844 0.9863 0.5469 0 1.0
Default
0 -21.9078 -4.1368 4.2144 -0.0742 -0.0235 0.9970 0.9863 0.5469 0 1.0
0 -24.4511 -2.8046 4.0565 -0.0742 -0.0235 0.9970 0.9863 0.5469 0 1.0
0 -24.2088 -5.0250 4.0223 -0.0742 -0.0235 0.9970 0.9863 0.5469 0 1.0
Default
0 -24.4511 -2.8046 4.0565 -0.0742 -0.0235 0.9970 0.9863 0.5469 0 1.0
0 -26.2677 -4.3387 3.8891 -0.0723 -0.0233 0.9971 0.9863 0.5469 0 1.0
0 -24.2088 -5.0250 4.0223 -0.0742 -0.0235 0.9970 0.9863 0.5469 0 1.0
Default
0 -30.9102 -2.0780 4.0023 -0.0660 -0.1638 0.9843 0.9863 0.5469 0 1.0
0 -33.6553 0.4249 4.2347 -0.0660 -0.1638 0.9843 0.9863 0.5469 0 1.0
0 -33.4131 -2.2395 3.8076 -0.0660 -0.1638 0.9843 0.9863 0.5469 0 1.0
Default
0 -33.6553 0.4249 4.2347 -0.0660 -0.1638 0.9843 0.9863 0.5469 0 1.0
0 -30.9102 -2.0780 4.0023 -0.0660 -0.1638 0.9843 0.9863 0.5469 0 1.0
0 -30.7083 0.3846 4.3899 -0.0540 -0.1509 0.9871 0.9863 0.5469 0 1.0
Default
0 -33.8048 2.5925 3.2236 0.0112 0.4233 0.9059 0.9863 0.5469 0 1.0
0 -33.6553 0.4249 4.2347 0.0112 0.4233 0.9059 0.9863 0.5469 0 1.0
0 -31.1649 2.5224 3.2236 0.0112 0.4233 0.9059 0.9863 0.5469 0 1.0
Default
0 -33.6553 0.4249 4.2347 0.0112 0.4233 0.9059 0.9863 0.5469 0 1.0
0 -33.8048 2.5925 3.2236 0.0112 0.4233 0.9059 0.9863 0.5469 0 1.0
0 -35.6738 0.8286 4.0186 -0.0127 0.4220 0.9065 0.9863 0.5469 0 1.0
Default
0 -35.6738 0.8286 4.0186 -0.0724 0.4325 0.8987 0.9863 0.5469 0 1.0
0 -36.8185 2.2888 3.2236 -0.0724 0.4325 0.8987 0.9863 0.5469 0 1.0
0 -38.7015 0.4249 3.9690 -0.0724 0.4325 0.8987 0.9863 0.5469 0 1.0
Default
0 -33.8048 2.5925 3.2236 -0.0453 0.4500 0.8919 0.9863 0.5469 0 1.0
0 -36.8185 2.2888 3.2236 -0.0724 0.4325 0.8987 0.9863 0.5469 0 1.0
0 -35.6738 0.8286 4.0186 -0.0724 0.4325 0.8987 0.9863 0.5469 0 1.0
Default
0 -44.0498 0.3845 3.7929 -0.0566 0.0901 0.9943 0.9863 0.5469 0 1.0
0 -42.5471 1.4981 3.7802 -0.0577 0.0892 0.9943 0.9863 0.5469 0 1.0
0 -44.9270 1.4928 3.6425 -0.0566 0.0901 0.9943 0.9863 0.5469 0 1.0
Default
0 -44.0498 0.3845 3.7929 -0.0566 0.0901 0.9943 0.9863 0.5469 0 1.0
0 -44.9270 1.4928 3.6425 -0.0566 0.0901 0.9943 0.9863 0.5469 0 1.0
0 -45.7049 0.3038 3.7059 -0.0566 0.0901 0.9943 0.9863 0.5469 0 1.0
Default
0 -49.2098 1.0939 3.5869 -0.0191 0.0657 0.9977 0.9863 0.5469 0 1.0
0 -45.7049 0.3038 3.7059 -0.0566 0.0901 0.9943 0.9863 0.5469 0 1.0
0 -44.9270 1.4928 3.6425 -0.0566 0.0901 0.9943 0.9863 0.5469 0 1.0
Default
0 -48.9728 0.0616 3.6771 -0.0150 0.0837 0.9964 0.9863 0.5469 0 1.0
0 -45.7049 0.3038 3.7059 -0.0566 0.0901 0.9943 0.9863 0.5469 0 1.0
0 -49.2098 1.0939 3.5869 -0.0191 0.0657 0.9977 0.9863 0.5469 0 1.0
Default
0 -41.4870 0.3442 3.8090 -0.0060 0.0194 0.9998 0.9863 0.5469 0 1.0
0 -42.5471 1.4981 3.7802 -0.0060 0.0194 0.9998 0.9863 0.5469 0 1.0
0 -44.0498 0.3845 3.7929 -0.0060 0.0194 0.9998 0.9863 0.5469 0 1.0
Default
0 -44.0498 0.3845 3.7929 -0.0060 0.0194 0.9998 0.9863 0.5469 0 1.0
0 -41.3255 -1.4724 3.8522 -0.0059 0.0233 0.9997 0.9863 0.5469 0 1.0
0 -41.4870 0.3442 3.8090 -0.0060 0.0194 0.9998 0.9863 0.5469 0 1.0
Default
0 -1.6186 4.4133 4.7225 -0.3574 0.0460 0.9328 0.9844 0.9795 0 1.0
0 -0.0000 4.5103 5.3379 -0.3574 0.0460 0.9328 0.9844 0.9795 0 1.0
0 -0.6509 5.8248 5.0237 -0.3574 0.0460 0.9328 0.9844 0.9795 0 1.0
Default
0 -1.6186 4.4133 4.7225 -0.3574 0.0460 0.9328 0.9844 0.9795 0 1.0
0 -0.6141 2.3941 5.1044 -0.3554 0.0000 0.9347 0.9844 0.9795 0 1.0
0 -0.0000 4.5103 5.3379 -0.3574 0.0460 0.9328 0.9844 0.9795 0 1.0
Default
0 -1.6082 -8.8989 3.8895 -0.1820 -0.1108 0.9770 0.9844 0.9795 0 1.0
0 -0.9190 -10.2136 3.8687 -0.1820 -0.1108 0.9770 0.9844 0.9795 0 1.0
0 -0.0000 -7.6064 4.3356 -0.1820 -0.1108 0.9770 0.9844 0.9795 0 1.0
Default
0 -1.6082 -8.8989 3.8895 -0.1820 -0.1108 0.9770 0.9844 0.9795 0 1.0
0 -2.0218 -11.6050 3.4869 -0.1914 -0.1157 0.9747 0.9844 0.9795 0 1.0
0 -0.9190 -10.2136 3.8687 -0.1820 -0.1108 0.9770 0.9844 0.9795 0 1.0
Default
0 -1.9563 -13.1291 3.6401 -0.1530 -0.0230 0.9880 0.9844 0.9795 0 1.0
0 -0.8910 -13.3254 3.8005 -0.1530 -0.0230 0.9880 0.9844 0.9795 0 1.0
0 -0.9190 -10.2136 3.8687 -0.1530 -0.0230 0.9880 0.9844 0.9795 0 1.0
Default
0 -0.0000 -12.9890 3.9135 -0.1173 -0.0228 0.9928 0.9844 0.9795 0 1.0
0 -0.9190 -10.2136 3.8687 -0.1530 -0.0230 0.9880 0.9844 0.9795 0 1.0
0 -0.8910 -13.3254 3.8005 -0.1530 -0.0230 0.9880 0.9844 0.9795 0 1.0
Default
0 -0.9345 -15.0287 3.2236 -0.2346 -0.3269 0.9155 0.9819 0.5439 0 1.0
0 -1.9563 -13.1291 3.6401 -0.2346 -0.3269 0.9155 0.9819 0.5439 0 1.0
0 -2.9203 -13.6036 3.2236 -0.2346 -0.3269 0.9155 0.9819 0.5439 0 1.0
Default
0 -0.8910 -13.3254 3.8005 -0.1971 -0.3100 0.9301 0.9819 0.5439 0 1.0
0 -1.9563 -13.1291 3.6401 -0.2346 -0.3269 0.9155 0.9819 0.5439 0 1.0
0 -0.9345 -15.0287 3.2236 -0.2346 -0.3269 0.9155 0.9819 0.5439 0 1.0
Default
0 -4.6023 -8.8378 3.2236 -0.2396 -0.5425 0.8051 0.9863 0.5469 0 1.0
0 -4.4681 -6.6801 4.7174 -0.2396 -0.5425 0.8051 0.9863 0.5469 0 1.0
0 -7.4058 -7.5996 3.2236 -0.2396 -0.5425 0.8051 0.9863 0.5469 0 1.0
Default
0 -2.7323 -7.8508 4.4995 -0.2624 -0.5382 0.8009 0.9863 0.5469 0 1.0
0 -4.4681 -6.6801 4.7174 -0.2396 -0.5425 0.8051 0.9863 0.5469 0 1.0
0 -4.6023 -8.8378 3.2236 -0.2396 -0.5425 0.8051 0.9863 0.5469 0 1.0
Default
0 -24.5768 -5.9409 3.2236 -0.0509 -0.4284 0.9022 0.9863 0.5469 0 1.0
0 -26.2677 -4.3387 3.8891 -0.0509 -0.4284 0.9022 0.9863 0.5469 0 1.0
0 -28.3147 -5.4970 3.2236 -0.0509 -0.4284 0.9022 0.9863 0.5469 0 1.0
Default
0 -28.3147 -5.4970 3.2236 -0.0509 -0.4284 0.9022 0.9863 0.5469 0 1.0
0 -26.2677 -4.3387 3.8891 -0.0509 -0.4284 0.9022 0.9863 0.5469 0 1.0
0 -29.6184 -3.8139 3.9243 -0.0564 -0.4206 0.9055 0.9863 0.5469 0 1.0
Default
0 -34.6458 -3.4412 3.2236 -0.0976 -0.3902 0.9155 0.9863 0.5469 0 1.0
0 -35.5527 -1.2706 4.0521 -0.0976 -0.3902 0.9155 0.9863 0.5469 0 1.0
0 -37.0755 -2.8338 3.2236 -0.0976 -0.3902 0.9155 0.9863 0.5469 0 1.0
Default
0 -34.6458 -3.4412 3.2236 -0.0976 -0.3902 0.9155 0.9863 0.5469 0 1.0
0 -33.4131 -2.2395 3.8076 -0.0605 -0.3854 0.9208 0.9863 0.5469 0 1.0
0 -35.5527 -1.2706 4.0521 -0.0976 -0.3902 0.9155 0.9863 0.5469 0 1.0
Default
0 -32.2629 -3.8150 3.2236 -0.0605 -0.3854 0.9208 0.9863 0.5469 0 1.0
0 -33.4131 -2.2395 3.8076 -0.0605 -0.3854 0.9208 0.9863 0.5469 0 1.0
0 -34.6458 -3.4412 3.2236 -0.0976 -0.3902 0.9155 0.9863 0.5469 0 1.0
Default
0 -32.2629 -3.8150 3.2236 -0.0605 -0.3854 0.9208 0.9863 0.5469 0 1.0
0 -30.9102 -2.0780 4.0023 -0.0476 -0.3775 0.9248 0.9863 0.5469 0 1.0
0 -33.4131 -2.2395 3.8076 -0.0605 -0.3854 0.9208 0.9863 0.5469 0 1.0
Default
0 -37.0755 -2.8338 3.2236 -0.0410 -0.5532 0.8320 0.9863 0.5469 0 1.0
0 -38.1363 -1.9973 3.7276 -0.0410 -0.5532 0.8320 0.9863 0.5469 0 1.0
0 -40.2294 -2.6001 3.2236 -0.0410 -0.5532 0.8320 0.9863 0.5469 0 1.0
Default
0 -38.1363 -1.9973 3.7276 -0.0410 -0.5532 0.8320 0.9863 0.5469 0 1.0
0 -41.3255 -1.4724 3.8522 -0.0532 -0.5252 0.8493 0.9863 0.5469 0 1.0
0 -40.2294 -2.6001 3.2236 -0.0410 -0.5532 0.8320 0.9863 0.5469 0 1.0
Default
0 -13.5109 -3.0469 4.0826 0.0354 0.1489 0.9882 0.9863 0.5469 0 1.0
0 -16.1753 -4.3387 4.3727 0.0354 0.1489 0.9882 0.9863 0.5469 0 1.0
0 -13.0669 -5.7920 4.4803 0.0354 0.1489 0.9882 0.9863 0.5469 0 1.0
Default
0 -15.3679 -1.2706 3.9475 0.0473 0.1249 0.9910 0.9863 0.5469 0 1.0
0 -16.1753 -4.3387 4.3727 0.0354 0.1489 0.9882 0.9863 0.5469 0 1.0
0 -13.5109 -3.0469 4.0826 0.0354 0.1489 0.9882 0.9863 0.5469 0 1.0
Default
0 -21.4637 -0.7862 4.2793 0.1264 -0.0359 0.9913 0.9863 0.5469 0 1.0
0 -21.9078 -4.1368 4.2144 0.1264 -0.0359 0.9913 0.9863 0.5469 0 1.0
0 -19.7682 -2.3606 4.0061 0.1264 -0.0359 0.9913 0.9863 0.5469 0 1.0
Default
0 -19.7682 -2.3606 4.0061 0.1264 -0.0359 0.9913 0.9863 0.5469 0 1.0
0 -21.9078 -4.1368 4.2144 0.1264 -0.0359 0.9913 0.9863 0.5469 0 1.0
0 -19.7278 -5.2268 3.9806 0.1030 -0.0074 0.9947 0.9863 0.5469 0 1.0
Default
0 -43.2898 -2.5300 3.2236 -0.1192 -0.4932 0.8617 0.9863 0.5469 0 1.0
0 -44.4131 -1.3513 3.7429 -0.1192 -0.4932 0.8617 0.9863 0.5469 0 1.0
0 -45.4157 -2.0161 3.2236 -0.1192 -0.4932 0.8617 0.9863 0.5469 0 1.0
Default
0 -44.4131 -1.3513 3.7429 -0.1192 -0.4932 0.8617 0.9863 0.5469 0 1.0
0 -46.6543 -0.9476 3.6142 -0.1355 -0.4749 0.8696 0.9863 0.5469 0 1.0
0 -45.4157 -2.0161 3.2236 -0.1192 -0.4932 0.8617 0.9863 0.5469 0 1.0
Default
0 -45.4157 -2.0161 3.2236 -0.1192 -0.4932 0.8617 0.9863 0.5469 0 1.0
0 -46.6543 -0.9476 3.6142 -0.1355 -0.4749 0.8696 0.9863 0.5469 0 1.0
0 -48.8967 -0.9882 3.2236 -0.1420 -0.4809 0.8652 0.9863 0.5469 0 1.0
Default
0 -0.0000 10.2085 2.7544 -0.0651 0.3784 -0.9233 0.9844 0.9795 0 1.0
0 -0.8003 10.4489 2.9094 -0.0651 0.3784 -0.9233 0.9844 0.9795 0 1.0
0 -0.0000 11.0305 3.0913 -0.0651 0.3784 -0.9233 0.9844 0.9795 0 1.0
Default
0 -0.0000 11.0305 3.0913 -0.0651 0.3784 -0.9233 0.9844 0.9795 0 1.0
0 -0.8003 10.4489 2.9094 -0.0651 0.3784 -0.9233 0.9844 0.9795 0 1.0
0 -0.5045 11.1211 3.1820 -0.0900 0.4080 -0.9085 0.9844 0.9795 0 1.0
Default
0 -0.0000 13.7863 3.1589 -0.0594 -0.0261 -0.9979 0.1722 0.7358 0 1.0
0 -0.3488 13.7863 3.1796 -0.0594 -0.0261 -0.9979 0.1722 0.7358 0 1.0
0 -0.1375 14.7028 3.1431 -0.0594 -0.0261 -0.9979 0.1722 0.7358 0 1.0
Default
0 -0.0000 13.7863 3.1589 -0.0594 -0.0261 -0.9979 0.1722 0.7358 0 1.0
0 -0.0000 12.9460 3.1641 -0.0440 0.0002 -0.9990 0.1722 0.7358 0 1.0
0 -0.3488 13.7863 3.1796 -0.0594 -0.0261 -0.9979 0.1722 0.7358 0 1.0
Default
0 -0.0000 12.9460 3.1641 -0.0440 0.0002 -0.9990 0.1722 0.7358 0 1.0
0 -0.4709 12.9460 3.1848 -0.0440 0.0002 -0.9990 0.1722 0.7358 0 1.0
0 -0.3488 13.7863 3.1796 -0.0594 -0.0261 -0.9979 0.1722 0.7358 0 1.0
Default
0 -0.4709 12.9460 3.1848 -0.0440 0.0002 -0.9990 0.1722 0.7358 0 1.0
0 -0.0000 12.9460 3.1641 -0.0440 0.0002 -0.9990 0.1722 0.7358 0 1.0
0 -0.0000 11.1976 3.1149 -0.0440 0.0281 -0.9986 0.1698 0.7334 0 1.0
Default
0 -0.5310 9.3635 2.7609 -0.6340 -0.0517 -0.7716 0.9844 0.9795 0 1.0
0 -1.2626 9.5303 3.3508 -0.6340 -0.0517 -0.7716 0.9844 0.9795 0 1.0
0 -0.8003 10.4489 2.9094 -0.6340 -0.0517 -0.7716 0.9844 0.9795 0 1.0
Default
0 -1.1795 8.9173 3.3164 -0.6330 -0.0423 -0.7730 0.9844 0.9795 0 1.0
0 -1.2626 9.5303 3.3508 -0.6340 -0.0517 -0.7716 0.9844 0.9795 0 1.0
0 -0.5310 9.3635 2.7609 -0.6340 -0.0517 -0.7716 0.9844 0.9795 0 1.0
Default
0 -2.9858 -6.8230 0.5462 -0.4514 -0.2373 -0.8602 0.9844 0.9795 0 1.0
0 -2.6157 -4.5371 -0.2787 -0.4514 -0.2373 -0.8602 0.9844 0.9795 0 1.0
0 -1.4233 -4.7190 -0.8543 -0.4514 -0.2373 -0.8602 0.9844 0.9795 0 1.0
Default
0 -1.4233 -4.7190 -0.8543 -0.4514 -0.2373 -0.8602 0.9844 0.9795 0 1.0
0 -1.5210 -6.3806 -0.3728 -0.4699 -0.2201 -0.8549 0.9844 0.9795 0 1.0
0 -2.9858 -6.8230 0.5462 -0.4514 -0.2373 -0.8602 0.9844 0.9795 0 1.0
Default
0 -4.8124 -0.4695 1.5138 -0.2052 0.4763 -0.8550 0.9844 0.9795 0 1.0
0 -6.4527 -1.1521 1.5271 -0.2052 0.4763 -0.8550 0.9844 0.9795 0 1.0
0 -5.9658 1.6194 2.9542 -0.2052 0.4763 -0.8550 0.9844 0.9795 0 1.0
Default
0 -6.4527 -1.1521 1.5271 -0.2052 0.4763 -0.8550 0.9844 0.9795 0 1.0
0 -8.1188 -1.2837 1.9051 -0.2301 0.4771 -0.8482 0.9844 0.9795 0 1.0
0 -5.9658 1.6194 2.9542 -0.2052 0.4763 -0.8550 0.9844 0.9795 0 1.0
Default
0 -33.8048 2.1244 2.7523 0.0012 -0.0372 -0.9993 0.9844 0.5488 0 1.0
0 -35.9107 0.6936 2.8031 0.0012 -0.0372 -0.9993 0.9844 0.5488 0 1.0
0 -36.8185 2.0273 2.7523 0.0012 -0.0372 -0.9993 0.9844 0.5488 0 1.0
Default
0 -35.9107 0.6936 2.8031 0.0012 -0.0372 -0.9993 0.9844 0.5488 0 1.0
0 -38.5784 0.6078 2.8396 -0.0179 -0.0393 -0.9991 0.9844 0.5488 0 1.0
0 -36.8185 2.0273 2.7523 0.0012 -0.0372 -0.9993 0.9844 0.5488 0 1.0
Default
0 -36.8185 2.0273 2.7523 0.0012 -0.0372 -0.9993 0.9844 0.5488 0 1.0
0 -38.5784 0.6078 2.8396 -0.0179 -0.0393 -0.9991 0.9844 0.5488 0 1.0
0 -39.9023 1.8404 2.8149 -0.0179 -0.0393 -0.9991 0.9844 0.5488 0 1.0
Default
0 -40.6033 0.5155 2.9337 -0.0433 -0.0665 -0.9968 0.9844 0.5488 0 1.0
0 -39.9023 1.8404 2.8149 -0.0179 -0.0393 -0.9991 0.9844 0.5488 0 1.0
0 -38.5784 0.6078 2.8396 -0.0179 -0.0393 -0.9991 0.9844 0.5488 0 1.0
Default
0 -39.9023 1.8404 2.8149 -0.0005 -0.0891 -0.9960 0.9844 0.5488 0 1.0
0 -40.6033 0.5155 2.9337 -0.0005 -0.0891 -0.9960 0.9844 0.5488 0 1.0
0 -43.2197 1.6535 2.8332 -0.0005 -0.0891 -0.9960 0.9844 0.5488 0 1.0
Default
0 -43.4548 0.4785 2.8993 0.0365 -0.0634 -0.9973 0.9844 0.5488 0 1.0
0 -43.2197 1.6535 2.8332 -0.0005 -0.0891 -0.9960 0.9844 0.5488 0 1.0
0 -40.6033 0.5155 2.9337 -0.0005 -0.0891 -0.9960 0.9844 0.5488 0 1.0
Default
0 -43.2197 1.6535 2.8332 -0.0005 -0.0891 -0.9960 0.9844 0.5488 0 1.0
0 -43.4548 0.4785 2.8993 0.0365 -0.0634 -0.9973 0.9844 0.5488 0 1.0
0 -45.3456 1.5367 2.7627 0.0365 -0.0634 -0.9973 0.9844 0.5488 0 1.0
Default
0 -45.3456 1.5367 2.7627 -0.0355 -0.0850 -0.9957 0.9844 0.5488 0 1.0
0 -47.8697 0.1612 2.9701 -0.0355 -0.0850 -0.9957 0.9844 0.5488 0 1.0
0 -48.7331 1.2667 2.9066 -0.0355 -0.0850 -0.9957 0.9844 0.5488 0 1.0
Default
0 -45.3456 1.5367 2.7627 -0.0355 -0.0850 -0.9957 0.9844 0.5488 0 1.0
0 -45.7442 -0.1807 2.9335 -0.0319 -0.0916 -0.9953 0.9844 0.5488 0 1.0
0 -47.8697 0.1612 2.9701 -0.0355 -0.0850 -0.9957 0.9844 0.5488 0 1.0
Default
0 -43.7546 -1.0375 2.8765 -0.0204 0.0191 -0.9996 0.9844 0.9795 0 1.0
0 -45.7442 -0.1807 2.9335 -0.0204 0.0191 -0.9996 0.9844 0.9795 0 1.0
0 -43.4548 0.4785 2.8993 -0.0204 0.0191 -0.9996 0.9844 0.9795 0 1.0
Default
0 -43.4548 0.4785 2.8993 -0.0204 0.0191 -0.9996 0.9844 0.9795 0 1.0
0 -41.6797 -1.6167 2.9037 -0.0132 0.0207 -0.9997 0.9844 0.9795 0 1.0
0 -43.7546 -1.0375 2.8765 -0.0204 0.0191 -0.9996 0.9844 0.9795 0 1.0
Default
0 -40.6033 0.5155 2.9337 -0.0132 0.0207 -0.9997 0.9844 0.9795 0 1.0
0 -41.6797 -1.6167 2.9037 -0.0132 0.0207 -0.9997 0.9844 0.9795 0 1.0
0 -43.4548 0.4785 2.8993 -0.0204 0.0191 -0.9996 0.9844 0.9795 0 1.0
Default
0 -41.6797 -1.6167 2.9037 -0.0132 0.0207 -0.9997 0.9844 0.9795 0 1.0
0 -40.6033 0.5155 2.9337 -0.0132 0.0207 -0.9997 0.9844 0.9795 0 1.0
0 -38.5634 -1.7637 2.8596 -0.0132 0.0207 -0.9997 0.9844 0.9795 0 1.0
Default
0 -38.5634 -1.7637 2.8596 -0.0132 0.0207 -0.9997 0.9844 0.9795 0 1.0
0 -40.6033 0.5155 2.9337 -0.0132 0.0207 -0.9997 0.9844 0.9795 0 1.0
0 -38.5784 0.6078 2.8396 -0.0460 -0.0087 -0.9989 0.9844 0.9795 0 1.0
Default
0 -38.5784 0.6078 2.8396 -0.0460 -0.0087 -0.9989 0.9844 0.9795 0 1.0
0 -35.9107 0.6936 2.8031 -0.0134 -0.0085 -0.9999 0.9844 0.9795 0 1.0
0 -38.5634 -1.7637 2.8596 -0.0132 0.0207 -0.9997 0.9844 0.9795 0 1.0
Default
0 -35.9107 0.6936 2.8031 -0.0134 -0.0085 -0.9999 0.9844 0.9795 0 1.0
0 -35.4481 -1.9303 2.8206 -0.0130 -0.0090 -0.9999 0.9844 0.9795 0 1.0
0 -38.5634 -1.7637 2.8596 -0.0132 0.0207 -0.9997 0.9844 0.9795 0 1.0
Default
0 -35.4481 -1.9303 2.8206 0.1119 -0.0139 -0.9936 0.9844 0.9795 0 1.0
0 -33.2824 0.6486 3.0285 0.1119 -0.0139 -0.9936 0.9844 0.9795 0 1.0
0 -33.2233 -2.5181 3.0794 0.1119 -0.0139 -0.9936 0.9844 0.9795 0 1.0
Default
0 -35.9107 0.6936 2.8031 0.0856 0.0085 -0.9963 0.9844 0.9795 0 1.0
0 -33.2824 0.6486 3.0285 0.1119 -0.0139 -0.9936 0.9844 0.9795 0 1.0
0 -35.4481 -1.9303 2.8206 0.1119 -0.0139 -0.9936 0.9844 0.9795 0 1.0
Default
0 -48.8967 -0.9882 2.9066 -0.0108 0.0340 -0.9994 0.9844 0.5488 0 1.0
0 -46.7392 -0.8440 2.8882 -0.0108 0.0340 -0.9994 0.9844 0.5488 0 1.0
0 -45.4713 -1.7056 2.8453 -0.0108 0.0340 -0.9994 0.9844 0.5488 0 1.0
Default
0 -46.7392 -0.8440 2.8882 -0.0108 0.0340 -0.9994 0.9844 0.5488 0 1.0
0 -45.7442 -0.1807 2.9335 -0.0051 0.0756 -0.9971 0.9844 0.5488 0 1.0
0 -45.4713 -1.7056 2.8453 -0.0108 0.0340 -0.9994 0.9844 0.5488 0 1.0
Default
0 -45.7442 -0.1807 2.9335 -0.0051 0.0756 -0.9971 0.9844 0.5488 0 1.0
0 -43.7546 -1.0375 2.8765 -0.0040 0.0570 -0.9984 0.9844 0.5488 0 1.0
0 -45.4713 -1.7056 2.8453 -0.0108 0.0340 -0.9994 0.9844 0.5488 0 1.0
Default
0 -47.8697 0.1612 2.9701 -0.0051 0.0756 -0.9971 0.9844 0.5488 0 1.0
0 -45.7442 -0.1807 2.9335 -0.0051 0.0756 -0.9971 0.9844 0.5488 0 1.0
0 -46.7392 -0.8440 2.8882 -0.0108 0.0340 -0.9994 0.9844 0.5488 0 1.0
Default
0 -24.6737 -5.7178 2.7633 -0.0549 -0.1660 -0.9846 0.9844 0.5488 0 1.0
0 -23.2274 -4.2562 2.4364 -0.0549 -0.1660 -0.9846 0.9844 0.5488 0 1.0
0 -21.3037 -6.0346 2.6289 -0.0549 -0.1660 -0.9846 0.9844 0.5488 0 1.0
Default
0 -21.3037 -6.0346 2.6289 -0.0549 -0.1660 -0.9846 0.9844 0.5488 0 1.0
0 -23.2274 -4.2562 2.4364 -0.0549 -0.1660 -0.9846 0.9844 0.5488 0 1.0
0 -20.8806 -4.3872 2.2906 -0.0711 -0.1831 -0.9805 0.9844 0.5488 0 1.0
Default
0 -1.3526 -13.4003 2.9443 -0.1621 -0.0993 -0.9818 0.9819 0.5439 0 1.0
0 -2.9203 -13.6036 3.2236 -0.1621 -0.0993 -0.9818 0.9819 0.5439 0 1.0
0 -1.6242 -12.4999 2.8980 -0.1621 -0.0993 -0.9818 0.9819 0.5439 0 1.0
Default
0 -2.9203 -13.6036 3.2236 -0.1621 -0.0993 -0.9818 0.9819 0.5439 0 1.0
0 -1.9275 -11.5456 2.8348 -0.1506 -0.1129 -0.9821 0.9819 0.5439 0 1.0
0 -1.6242 -12.4999 2.8980 -0.1621 -0.0993 -0.9818 0.9819 0.5439 0 1.0
Default
0 -11.5204 -2.2840 2.0281 -0.1592 -0.0960 -0.9826 0.9844 0.9795 0 1.0
0 -13.6046 -5.3206 2.6626 -0.1592 -0.0960 -0.9826 0.9844 0.9795 0 1.0
0 -14.4017 -1.1744 2.3866 -0.1592 -0.0960 -0.9826 0.9844 0.9795 0 1.0
Default
0 -14.4017 -1.1744 2.3866 -0.1592 -0.0960 -0.9826 0.9844 0.9795 0 1.0
0 -13.6046 -5.3206 2.6626 -0.1592 -0.0960 -0.9826 0.9844 0.9795 0 1.0
0 -16.3637 -5.1299 3.0558 -0.1468 -0.0938 -0.9847 0.9844 0.9795 0 1.0
Default
0 -1.2113 -6.4492 0.1174 0.9850 0.1581 -0.0699 0.1779 0.7388 0 1.0
0 -1.4038 -6.3429 -2.3546 0.9850 0.1581 -0.0699 0.1779 0.7388 0 1.0
0 -1.4387 -6.1223 -2.3475 0.9850 0.1581 -0.0699 0.1779 0.7388 0 1.0
Default
0 -1.4387 -6.1223 -2.3475 0.9850 0.1581 -0.0699 0.1779 0.7388 0 1.0
0 -1.4038 -6.3429 -2.3546 0.9850 0.1581 -0.0699 0.1779 0.7388 0 1.0
0 -1.4075 -6.3640 -2.6208 0.9872 0.1570 -0.0263 0.1779 0.7388 0 1.0
Default
0 -1.4546 -6.0660 -2.6113 0.9872 0.1570 -0.0263 0.1779 0.7388 0 1.0
0 -1.4387 -6.1223 -2.3475 0.9850 0.1581 -0.0699 0.1779 0.7388 0 1.0
0 -1.4075 -6.3640 -2.6208 0.9872 0.1570 -0.0263 0.1779 0.7388 0 1.0
Default
0 -1.4528 -6.1262 -2.9001 0.9872 0.1570 -0.0263 0.1779 0.7388 0 1.0
0 -1.4546 -6.0660 -2.6113 0.9872 0.1570 -0.0263 0.1779 0.7388 0 1.0
0 -1.4075 -6.3640 -2.6208 0.9872 0.1570 -0.0263 0.1779 0.7388 0 1.0
Default
0 -1.4164 -6.3563 -2.9074 0.9818 0.1827 -0.0525 0.1779 0.7388 0 1.0
0 -1.4528 -6.1262 -2.9001 0.9872 0.1570 -0.0263 0.1779 0.7388 0 1.0
0 -1.4075 -6.3640 -2.6208 0.9872 0.1570 -0.0263 0.1779 0.7388 0 1.0
Default
0 -1.4528 -6.1262 -2.9001 0.9872 0.1570 -0.0263 0.1779 0.7388 0 1.0
0 -1.4164 -6.3563 -2.9074 0.9818 0.1827 -0.0525 0.1779 0.7388 0 1.0
0 -1.5614 -6.2406 -5.2187 0.9818 0.1827 -0.0525 0.1779 0.7388 0 1.0
Default
0 -1.4164 -6.3563 -2.9074 0.9818 0.1827 -0.0525 0.1779 0.7388 0 1.0
0 -1.5410 -6.4635 -5.6139 0.9818 0.1827 -0.0525 0.1779 0.7388 0 1.0
0 -1.5614 -6.2406 -5.2187 0.9818 0.1827 -0.0525 0.1779 0.7388 0 1.0
Default
0 -1.8371 -6.6624 0.2124 -0.9843 -0.1764 -0.0082 0.1779 0.7388 0 1.0
0 -1.8762 -6.4505 0.3575 -0.9843 -0.1764 -0.0082 0.1779 0.7388 0 1.0
0 -1.8960 -6.2170 -2.2856 -0.9843 -0.1764 -0.0082 0.1779 0.7388 0 1.0
Default
0 -1.8611 -6.4375 -2.2926 -0.9877 -0.1561 -0.0045 0.1779 0.7388 0 1.0
0 -1.8371 -6.6624 0.2124 -0.9843 -0.1764 -0.0082 0.1779 0.7388 0 1.0
0 -1.8960 -6.2170 -2.2856 -0.9843 -0.1764 -0.0082 0.1779 0.7388 0 1.0
Default
0 -2.0074 -6.1540 -2.5966 -0.7629 0.5236 0.3793 0.1779 0.7388 0 1.0
0 -1.8960 -6.2170 -2.2856 -0.7629 0.5236 0.3793 0.1779 0.7388 0 1.0
0 -1.7469 -5.9648 -2.3337 -0.7629 0.5236 0.3793 0.1779 0.7388 0 1.0
Default
0 -1.7767 -5.8213 -2.5947 -0.7622 0.5266 0.3765 0.1779 0.7388 0 1.0
0 -2.0074 -6.1540 -2.5966 -0.7629 0.5236 0.3793 0.1779 0.7388 0 1.0
0 -1.7469 -5.9648 -2.3337 -0.7629 0.5236 0.3793 0.1779 0.7388 0 1.0
Default
0 -1.9602 -6.4520 -2.6061 -0.9393 -0.1583 0.3043 0.1779 0.7388 0 1.0
0 -1.8611 -6.4375 -2.2926 -0.9393 -0.1583 0.3043 0.1779 0.7388 0 1.0
0 -1.8960 -6.2170 -2.2856 -0.9393 -0.1583 0.3043 0.1779 0.7388 0 1.0
Default
0 -2.0074 -6.1540 -2.5966 -0.9393 -0.1583 0.3043 0.1779 0.7388 0 1.0
0 -1.9602 -6.4520 -2.6061 -0.9393 -0.1583 0.3043 0.1779 0.7388 0 1.0
0 -1.8960 -6.2170 -2.2856 -0.9393 -0.1583 0.3043 0.1779 0.7388 0 1.0
Default
0 -1.4164 -6.3563 -2.9074 0.7667 -0.6407 -0.0410 0.1779 0.7388 0 1.0
0 -1.4075 -6.3640 -2.6208 0.7667 -0.6407 -0.0410 0.1779 0.7388 0 1.0
0 -1.6457 -6.6491 -2.6212 0.7667 -0.6407 -0.0410 0.1779 0.7388 0 1.0
Default
0 -1.6546 -6.6414 -2.9078 0.7673 -0.6412 -0.0099 0.1779 0.7388 0 1.0
0 -1.4164 -6.3563 -2.9074 0.7667 -0.6407 -0.0410 0.1779 0.7388 0 1.0
0 -1.6457 -6.6491 -2.6212 0.7667 -0.6407 -0.0410 0.1779 0.7388 0 1.0
Default
0 -1.5410 -6.4635 -5.6139 0.7673 -0.6412 -0.0099 0.1779 0.7388 0 1.0
0 -1.4164 -6.3563 -2.9074 0.7667 -0.6407 -0.0410 0.1779 0.7388 0 1.0
0 -1.6546 -6.6414 -2.9078 0.7673 -0.6412 -0.0099 0.1779 0.7388 0 1.0
Default
0 -1.9602 -6.4520 -2.6061 -0.9872 -0.1570 0.0263 0.1779 0.7388 0 1.0
0 -2.0074 -6.1540 -2.5966 -0.9872 -0.1570 0.0263 0.1779 0.7388 0 1.0
0 -2.0055 -6.2142 -2.8853 -0.9872 -0.1570 0.0263 0.1779 0.7388 0 1.0
Default
0 -1.9691 -6.4442 -2.8927 -0.9876 -0.1565 0.0086 0.1779 0.7388 0 1.0
0 -1.9602 -6.4520 -2.6061 -0.9872 -0.1570 0.0263 0.1779 0.7388 0 1.0
0 -2.0055 -6.2142 -2.8853 -0.9872 -0.1570 0.0263 0.1779 0.7388 0 1.0
Default
0 -1.9691 -6.4442 -2.8927 -0.9876 -0.1565 0.0086 0.1779 0.7388 0 1.0
0 -2.0055 -6.2142 -2.8853 -0.9872 -0.1570 0.0263 0.1779 0.7388 0 1.0
0 -2.0103 -6.3111 -5.2021 -0.9876 -0.1565 0.0086 0.1779 0.7388 0 1.0
Default
0 -1.9900 -6.5340 -5.5973 -0.9938 -0.1109 0.0113 0.1779 0.7388 0 1.0
0 -1.9691 -6.4442 -2.8927 -0.9876 -0.1565 0.0086 0.1779 0.7388 0 1.0
0 -2.0103 -6.3111 -5.2021 -0.9876 -0.1565 0.0086 0.1779 0.7388 0 1.0
Default
0 -2.9942 -4.3250 -5.6252 -0.0652 0.1769 0.9821 0.1779 0.7388 0 1.0
0 -2.0103 -6.3111 -5.2021 -0.0652 0.1769 0.9821 0.1779 0.7388 0 1.0
0 -1.8028 -6.1685 -5.2140 -0.0652 0.1769 0.9821 0.1779 0.7388 0 1.0
Default
0 -2.3155 -3.7516 -5.6737 -0.0743 0.1711 0.9824 0.1779 0.7388 0 1.0
0 -2.9942 -4.3250 -5.6252 -0.0652 0.1769 0.9821 0.1779 0.7388 0 1.0
0 -1.8028 -6.1685 -5.2140 -0.0652 0.1769 0.9821 0.1779 0.7388 0 1.0
Default
0 -1.8028 -6.1685 -5.2140 0.0786 0.1995 0.9767 0.1779 0.7388 0 1.0
0 -1.5614 -6.2406 -5.2187 0.0786 0.1995 0.9767 0.1779 0.7388 0 1.0
0 -1.2657 -4.0536 -5.6892 0.0786 0.1995 0.9767 0.1779 0.7388 0 1.0
Default
0 -2.3155 -3.7516 -5.6737 0.0723 0.2011 0.9769 0.1779 0.7388 0 1.0
0 -1.8028 -6.1685 -5.2140 0.0786 0.1995 0.9767 0.1779 0.7388 0 1.0
0 -1.2657 -4.0536 -5.6892 0.0786 0.1995 0.9767 0.1779 0.7388 0 1.0
Default
0 -1.6546 -6.6414 -2.9078 -0.5313 -0.8471 -0.0064 0.1779 0.7388 0 1.0
0 -1.6457 -6.6491 -2.6212 -0.5313 -0.8471 -0.0064 0.1779 0.7388 0 1.0
0 -1.9602 -6.4520 -2.6061 -0.5313 -0.8471 -0.0064 0.1779 0.7388 0 1.0
Default
0 -1.9691 -6.4442 -2.8927 -0.5297 -0.8476 0.0322 0.1779 0.7388 0 1.0
0 -1.6546 -6.6414 -2.9078 -0.5313 -0.8471 -0.0064 0.1779 0.7388 0 1.0
0 -1.9602 -6.4520 -2.6061 -0.5313 -0.8471 -0.0064 0.1779 0.7388 0 1.0
Default
0 -1.6546 -6.6414 -2.9078 -0.5313 -0.8471 -0.0064 0.1779 0.7388 0 1.0
0 -1.9691 -6.4442 -2.8927 -0.5297 -0.8476 0.0322 0.1779 0.7388 0 1.0
0 -1.9900 -6.5340 -5.5973 -0.5297 -0.8476 0.0322 0.1779 0.7388 0 1.0
Default
0 -1.6499 -6.5776 -2.3533 -0.5019 -0.8421 0.1974 0.1779 0.7388 0 1.0
0 -1.8611 -6.4375 -2.2926 -0.5019 -0.8421 0.1974 0.1779 0.7388 0 1.0
0 -1.9602 -6.4520 -2.6061 -0.5019 -0.8421 0.1974 0.1779 0.7388 0 1.0
Default
0 -1.6457 -6.6491 -2.6212 -0.5114 -0.8323 0.2140 0.1779 0.7388 0 1.0
0 -1.6499 -6.5776 -2.3533 -0.5019 -0.8421 0.1974 0.1779 0.7388 0 1.0
0 -1.9602 -6.4520 -2.6061 -0.5019 -0.8421 0.1974 0.1779 0.7388 0 1.0
Default
0 -0.0000 12.9057 3.9118 -0.2088 0.4698 0.8577 0.1705 0.7319 0 1.0
0 -0.4177 13.0210 3.7469 -0.2088 0.4698 0.8577 0.1705 0.7319 0 1.0
0 -0.6063 11.6771 4.4372 -0.2088 0.4698 0.8577 0.1705 0.7319 0 1.0
Default
0 -0.0000 11.7706 4.5403 -0.2181 0.4728 0.8538 0.1705 0.7319 0 1.0
0 -0.0000 12.9057 3.9118 -0.2088 0.4698 0.8577 0.1705 0.7319 0 1.0
0 -0.6063 11.6771 4.4372 -0.2088 0.4698 0.8577 0.1705 0.7319 0 1.0
Default
0 -0.6438 13.0148 3.5137 -0.0000 0.1792 0.9838 0.1713 0.7319 0 1.0
0 -1.0321 11.2912 3.8277 -0.0000 0.1792 0.9838 0.1713 0.7319 0 1.0
0 -0.0000 11.2912 3.8277 -0.0000 0.1792 0.9838 0.1698 0.7334 0 1.0
Default
0 -0.0000 13.0148 3.5137 -0.0000 0.1792 0.9838 0.1698 0.7334 0 1.0
0 -0.6438 13.0148 3.5137 -0.0000 0.1792 0.9838 0.1713 0.7319 0 1.0
0 -0.0000 11.2912 3.8277 -0.0000 0.1792 0.9838 0.1698 0.7334 0 1.0
Default
0 0.6438 13.0148 3.5137 -0.0000 0.1792 0.9838 0.1713 0.7319 0 1.0
0 -0.0000 13.0148 3.5137 -0.0000 0.1792 0.9838 0.1698 0.7334 0 1.0
0 -0.0000 11.2912 3.8277 -0.0000 0.1792 0.9838 0.1698 0.7334 0 1.0
Default
0 1.0321 11.2912 3.8277 -0.0000 0.1792 0.9838 0.1713 0.7319 0 1.0
0 0.6438 13.0148 3.5137 -0.0000 0.1792 0.9838 0.1713 0.7319 0 1.0
0 -0.0000 11.2912 3.8277 -0.0000 0.1792 0.9838 0.1698 0.7334 0 1.0
Default
0 -0.4940 13.8224 3.3251 -0.0000 0.2275 0.9738 0.1713 0.7319 0 1.0
0 -0.6438 13.0148 3.5137 -0.0000 0.2275 0.9738 0.1713 0.7319 0 1.0
0 -0.0000 13.0148 3.5137 -0.0000 0.2275 0.9738 0.1698 0.7334 0 1.0
Default
0 -0.0000 13.8224 3.3251 -0.0000 0.2275 0.9738 0.1698 0.7334 0 1.0
0 -0.4940 13.8224 3.3251 -0.0000 0.2275 0.9738 0.1713 0.7319 0 1.0
0 -0.0000 13.0148 3.5137 -0.0000 0.2275 0.9738 0.1698 0.7334 0 1.0
Default
0 0.4940 13.8224 3.3251 -0.0000 0.2275 0.9738 0.1713 0.7319 0 1.0
0 -0.0000 13.8224 3.3251 -0.0000 0.2275 0.9738 0.1698 0.7334 0 1.0
0 -0.0000 13.0148 3.5137 -0.0000 0.2275 0.9738 0.1698 0.7334 0 1.0
Default
0 0.6438 13.0148 3.5137 -0.0000 0.2275 0.9738 0.1713 0.7319 0 1.0
0 0.4940 13.8224 3.3251 -0.0000 0.2275 0.9738 0.1713 0.7319 0 1.0
0 -0.0000 13.0148 3.5137 -0.0000 0.2275 0.9738 0.1698 0.7334 0 1.0
Default
0 -0.3488 13.7863 3.1796 -0.8690 0.1233 -0.4792 0.1722 0.7358 0 1.0
0 -0.4709 12.9460 3.1848 -0.8690 0.1233 -0.4792 0.1722 0.7358 0 1.0
0 -0.5812 12.9970 3.3979 -0.8690 0.1233 -0.4792 0.1722 0.7358 0 1.0
Default
0 -0.5812 12.9970 3.3979 -0.8690 0.1233 -0.4792 0.1722 0.7358 0 1.0
0 -0.4709 12.9460 3.1848 -0.8690 0.1233 -0.4792 0.1722 0.7358 0 1.0
0 -0.9694 11.2046 3.4893 -0.8601 0.1617 -0.4837 0.1722 0.7358 0 1.0
Default
0 -0.0000 13.7042 3.7380 -0.3453 0.2230 0.9116 0.1705 0.7319 0 1.0
0 -0.3300 13.8195 3.5848 -0.3453 0.2230 0.9116 0.1705 0.7319 0 1.0
0 -0.4177 13.0210 3.7469 -0.3453 0.2230 0.9116 0.1705 0.7319 0 1.0
Default
0 -0.0000 12.9057 3.9118 -0.3108 0.2021 0.9288 0.1705 0.7319 0 1.0
0 -0.0000 13.7042 3.7380 -0.3453 0.2230 0.9116 0.1705 0.7319 0 1.0
0 -0.4177 13.0210 3.7469 -0.3453 0.2230 0.9116 0.1705 0.7319 0 1.0
Default
0 -0.2688 14.7223 3.2064 -0.0000 0.1307 0.9914 0.1713 0.7319 0 1.0
0 -0.4940 13.8224 3.3251 -0.0000 0.1307 0.9914 0.1713 0.7319 0 1.0
0 -0.0000 13.8224 3.3251 -0.0000 0.1307 0.9914 0.1698 0.7334 0 1.0
Default
0 -0.0000 14.7223 3.2064 -0.0000 0.1307 0.9914 0.1698 0.7334 0 1.0
0 -0.2688 14.7223 3.2064 -0.0000 0.1307 0.9914 0.1713 0.7319 0 1.0
0 -0.0000 13.8224 3.3251 -0.0000 0.1307 0.9914 0.1698 0.7334 0 1.0
Default
0 -0.0900 15.0349 3.1574 -0.0000 0.1548 0.9879 0.1713 0.7319 0 1.0
0 -0.2688 14.7223 3.2064 -0.0000 0.1307 0.9914 0.1713 0.7319 0 1.0
0 -0.0000 14.7223 3.2064 -0.0000 0.1307 0.9914 0.1698 0.7334 0 1.0
Default
0 0.2687 14.7223 3.2064 -0.0000 0.1307 0.9914 0.1713 0.7319 0 1.0
0 -0.0000 14.7223 3.2064 -0.0000 0.1307 0.9914 0.1698 0.7334 0 1.0
0 -0.0000 13.8224 3.3251 -0.0000 0.1307 0.9914 0.1698 0.7334 0 1.0
Default
0 0.4940 13.8224 3.3251 -0.0000 0.1307 0.9914 0.1713 0.7319 0 1.0
0 0.2687 14.7223 3.2064 -0.0000 0.1307 0.9914 0.1713 0.7319 0 1.0
0 -0.0000 13.8224 3.3251 -0.0000 0.1307 0.9914 0.1698 0.7334 0 1.0
Default
0 0.2687 14.7223 3.2064 -0.0000 0.1307 0.9914 0.1713 0.7319 0 1.0
0 0.0900 15.0349 3.1574 -0.0000 0.1548 0.9879 0.1713 0.7319 0 1.0
0 -0.0000 14.7223 3.2064 -0.0000 0.1307 0.9914 0.1698 0.7334 0 1.0
Default
0 -17.7551 -7.0856 3.2236 -0.0602 -0.7826 -0.6196 0.9844 0.5488 0 1.0
0 -17.8623 -6.6517 2.6859 -0.0668 -0.7963 -0.6013 0.9844 0.5488 0 1.0
0 -15.0218 -7.2959 3.2236 -0.0668 -0.7963 -0.6013 0.9844 0.5488 0 1.0
Default
0 -17.8623 -6.6517 2.6859 -0.0668 -0.7963 -0.6013 0.9844 0.5488 0 1.0
0 -14.6866 -6.8287 2.5678 -0.0668 -0.7963 -0.6013 0.9844 0.5488 0 1.0
0 -15.0218 -7.2959 3.2236 -0.0668 -0.7963 -0.6013 0.9844 0.5488 0 1.0
Default
0 -15.0218 -7.2959 3.2236 -0.0668 -0.7963 -0.6013 0.9844 0.5488 0 1.0
0 -14.6866 -6.8287 2.5678 -0.0668 -0.7963 -0.6013 0.9844 0.5488 0 1.0
0 -12.3819 -7.4127 3.2236 -0.0356 -0.8053 -0.5918 0.9844 0.5488 0 1.0
Default
0 1.5219 -6.1379 -5.6271 0.0329 -0.0257 -0.9991 0.1779 0.7388 0 1.0
0 1.2656 -4.0536 -5.6892 0.0229 -0.0283 -0.9993 0.1779 0.7388 0 1.0
0 1.8153 -6.1840 -5.6162 0.0309 -0.0385 -0.9988 0.1779 0.7388 0 1.0
Default
0 1.2656 -4.0536 -5.6892 0.0229 -0.0283 -0.9993 0.1779 0.7388 0 1.0
0 2.3155 -3.7516 -5.6737 0.0229 -0.0283 -0.9993 0.1779 0.7388 0 1.0
0 1.8153 -6.1840 -5.6162 0.0309 -0.0385 -0.9988 0.1779 0.7388 0 1.0
Default
0 1.5219 -6.1379 -5.6271 0.0329 -0.0257 -0.9991 0.1779 0.7388 0 1.0
0 1.8153 -6.1840 -5.6162 0.0309 -0.0385 -0.9988 0.1779 0.7388 0 1.0
0 1.5410 -6.4635 -5.6139 0.0309 -0.0385 -0.9988 0.1779 0.7388 0 1.0
Default
0 2.3155 -3.7516 -5.6737 0.0229 -0.0283 -0.9993 0.1779 0.7388 0 1.0
0 2.9942 -4.3250 -5.6252 0.0330 -0.0257 -0.9991 0.1779 0.7388 0 1.0
0 1.8153 -6.1840 -5.6162 0.0309 -0.0385 -0.9988 0.1779 0.7388 0 1.0
Default
0 1.8153 -6.1840 -5.6162 0.0309 -0.0385 -0.9988 0.1779 0.7388 0 1.0
0 1.7241 -6.7600 -5.5968 0.0309 -0.0385 -0.9988 0.1779 0.7388 0 1.0
0 1.5410 -6.4635 -5.6139 0.0309 -0.0385 -0.9988 0.1779 0.7388 0 1.0
Default
0 2.9942 -4.3250 -5.6252 0.0330 -0.0257 -0.9991 0.1779 0.7388 0 1.0
0 2.1087 -6.2300 -5.6054 0.0330 -0.0257 -0.9991 0.1779 0.7388 0 1.0
0 1.8153 -6.1840 -5.6162 0.0309 -0.0385 -0.9988 0.1779 0.7388 0 1.0
Default
0 1.9900 -6.5340 -5.5973 0.0309 -0.0385 -0.9988 0.1779 0.7388 0 1.0
0 1.7241 -6.7600 -5.5968 0.0309 -0.0385 -0.9988 0.1779 0.7388 0 1.0
0 1.8153 -6.1840 -5.6162 0.0309 -0.0385 -0.9988 0.1779 0.7388 0 1.0
Default
0 2.1087 -6.2300 -5.6054 0.0330 -0.0257 -0.9991 0.1779 0.7388 0 1.0
0 1.9900 -6.5340 -5.5973 0.0309 -0.0385 -0.9988 0.1779 0.7388 0 1.0
0 1.8153 -6.1840 -5.6162 0.0309 -0.0385 -0.9988 0.1779 0.7388 0 1.0
Default
0 -1.8153 -6.1840 -5.6162 -0.0309 -0.0385 -0.9988 0.1779 0.7388 0 1.0
0 -1.5219 -6.1379 -5.6271 -0.0330 -0.0257 -0.9991 0.1779 0.7388 0 1.0
0 -1.5410 -6.4635 -5.6139 -0.0309 -0.0385 -0.9988 0.1779 0.7388 0 1.0
Default
0 -1.7241 -6.7600 -5.5968 -0.0309 -0.0385 -0.9988 0.1779 0.7388 0 1.0
0 -1.8153 -6.1840 -5.6162 -0.0309 -0.0385 -0.9988 0.1779 0.7388 0 1.0
0 -1.5410 -6.4635 -5.6139 -0.0309 -0.0385 -0.9988 0.1779 0.7388 0 1.0
Default
0 -1.2657 -4.0536 -5.6892 -0.0330 -0.0257 -0.9991 0.1779 0.7388 0 1.0
0 -1.5219 -6.1379 -5.6271 -0.0330 -0.0257 -0.9991 0.1779 0.7388 0 1.0
0 -1.8153 -6.1840 -5.6162 -0.0309 -0.0385 -0.9988 0.1779 0.7388 0 1.0
Default
0 -1.8153 -6.1840 -5.6162 -0.0309 -0.0385 -0.9988 0.1779 0.7388 0 1.0
0 -1.7241 -6.7600 -5.5968 -0.0309 -0.0385 -0.9988 0.1779 0.7388 0 1.0
0 -1.9900 -6.5340 -5.5973 -0.0309 -0.0385 -0.9988 0.1779 0.7388 0 1.0
Default
0 -2.3155 -3.7516 -5.6737 -0.0229 -0.0283 -0.9993 0.1779 0.7388 0 1.0
0 -1.2657 -4.0536 -5.6892 -0.0330 -0.0257 -0.9991 0.1779 0.7388 0 1.0
0 -1.8153 -6.1840 -5.6162 -0.0309 -0.0385 -0.9988 0.1779 0.7388 0 1.0
Default
0 -2.1087 -6.2300 -5.6054 -0.0329 -0.0257 -0.9991 0.1779 0.7388 0 1.0
0 -1.8153 -6.1840 -5.6162 -0.0309 -0.0385 -0.9988 0.1779 0.7388 0 1.0
0 -1.9900 -6.5340 -5.5973 -0.0309 -0.0385 -0.9988 0.1779 0.7388 0 1.0
Default
0 -2.3155 -3.7516 -5.6737 -0.0229 -0.0283 -0.9993 0.1779 0.7388 0 1.0
0 -1.8153 -6.1840 -5.6162 -0.0309 -0.0385 -0.9988 0.1779 0.7388 0 1.0
0 -2.9942 -4.3250 -5.6252 -0.0329 -0.0257 -0.9991 0.1779 0.7388 0 1.0
Default
0 -1.8153 -6.1840 -5.6162 -0.0309 -0.0385 -0.9988 0.1779 0.7388 0 1.0
0 -2.1087 -6.2300 -5.6054 -0.0329 -0.0257 -0.9991 0.1779 0.7388 0 1.0
0 -2.9942 -4.3250 -5.6252 -0.0329 -0.0257 -0.9991 0.1779 0.7388 0 1.0
end
