version 1
nodes
0 "root" -1
end
skeleton
time 0
0 0.000000 0.000000 0.000000 0.000000 0.000000 0.000000
end
triangles
Default
0 28.104721 -2.250162 -4.538675 0.619947 0.741178 -0.257530 0.017059 0.794922 1 0 1.0
0 25.584979 0.000000 -4.128380 0.619947 0.741178 -0.257530 0.017059 0.794922 1 0 1.0
0 25.761168 0.000000 -3.704244 0.619947 0.741178 -0.257530 0.017059 0.794922 1 0 1.0
Default
0 -40.941028 -0.144405 0.766707 -0.015379 -0.929259 -0.369108 0.012405 0.178223 1 0 1.0
0 -41.654597 0.000000 0.432888 -0.015379 -0.929259 -0.369108 0.012405 0.178223 1 0 1.0
0 -38.540711 0.000000 0.303143 -0.015379 -0.929259 -0.369108 0.012405 0.178223 1 0 1.0
Default
0 -38.540711 0.000000 0.303143 -0.381518 -0.234810 -0.894041 0.012405 0.178223 1 0 1.0
0 -37.626781 0.000000 -0.086862 -0.381518 -0.234810 -0.894041 0.012405 0.178223 1 0 1.0
0 -38.540711 -0.435109 0.417418 -0.381518 -0.234810 -0.894041 0.012405 0.178223 1 0 1.0
Default
0 -17.054938 0.000000 -3.215534 0.014835 -0.810066 -0.586151 0.012405 0.201416 1 0 1.0
0 -15.757276 -0.810670 -2.062340 0.014835 -0.810066 -0.586151 0.012405 0.201416 1 0 1.0
0 -17.382810 -1.154075 -1.628893 0.014835 -0.810066 -0.586151 0.012405 0.201416 1 0 1.0
Default
0 -18.865754 0.000000 -4.377604 -0.134587 -0.937469 -0.320996 0.012405 0.201416 1 0 1.0
0 -17.382810 -1.154075 -1.628893 -0.134587 -0.937469 -0.320996 0.012405 0.201416 1 0 1.0
0 -21.208657 -0.673251 -1.429044 -0.134587 -0.937469 -0.320996 0.012405 0.201416 1 0 1.0
Default
0 -24.882148 0.000000 -3.354435 -0.080712 -0.978796 -0.188264 0.012405 0.201416 1 0 1.0
0 -20.650075 0.000000 -5.168793 -0.080712 -0.978796 -0.188264 0.012405 0.201416 1 0 1.0
0 -21.208657 -0.673251 -1.429044 -0.080712 -0.978796 -0.188264 0.012405 0.201416 1 0 1.0
Default
0 -28.678714 0.000000 -2.590337 -0.079841 -0.914468 -0.396704 0.012405 0.201416 1 0 1.0
0 -24.882148 0.000000 -3.354435 -0.079841 -0.914468 -0.396704 0.012405 0.201416 1 0 1.0
0 -24.827488 -0.867433 -1.365862 -0.079841 -0.914468 -0.396704 0.012405 0.201416 1 0 1.0
Default
0 -32.484071 0.000000 -1.724356 -0.105745 -0.879146 -0.464671 0.012405 0.201416 1 0 1.0
0 -28.678714 0.000000 -2.590337 -0.105745 -0.879146 -0.464671 0.012405 0.201416 1 0 1.0
0 -28.521983 -0.862328 -0.994499 -0.105745 -0.879146 -0.464671 0.012405 0.201416 1 0 1.0
Default
0 40.825616 0.000000 -1.466545 0.418936 -0.255264 -0.871397 0.012405 0.178223 1 0 1.0
0 41.654597 0.000000 -1.068000 0.418936 -0.255264 -0.871397 0.012405 0.178223 1 0 1.0
0 41.474442 -0.295661 -1.068000 0.418936 -0.255264 -0.871397 0.012405 0.178223 1 0 1.0
Default
0 -13.568451 -0.699077 -1.674243 0.178632 -0.099432 -0.978879 0.012405 0.178223 1 0 1.0
0 -15.757276 -0.810670 -2.062340 0.178632 -0.099432 -0.978879 0.012405 0.178223 1 0 1.0
0 -15.725517 0.000000 -2.138890 0.178632 -0.099432 -0.978879 0.012405 0.178223 1 0 1.0
Default
0 -6.968439 -0.818298 -2.463624 0.492447 -0.299927 -0.817031 0.012405 0.201416 1 0 1.0
0 -9.480512 0.000000 -4.278111 0.492447 -0.299927 -0.817031 0.012405 0.201416 1 0 1.0
0 -6.553398 0.000000 -2.513860 0.492447 -0.299927 -0.817031 0.012405 0.201416 1 0 1.0
Default
0 6.874398 -0.000000 6.255220 -0.211590 -0.942265 0.259549 0.012405 0.201416 1 0 1.0
0 5.788355 -0.000000 5.369854 -0.211590 -0.942265 0.259549 0.012405 0.201416 1 0 1.0
0 7.353523 -0.703578 4.091549 -0.211590 -0.942265 0.259549 0.012405 0.201416 1 0 1.0
Default
0 -5.501753 -1.217534 -2.466302 -0.016263 -0.053047 -0.998460 0.012405 0.178223 1 0 1.0
0 -6.968439 -0.818298 -2.463624 -0.016263 -0.053047 -0.998460 0.012405 0.178223 1 0 1.0
0 -6.553398 0.000000 -2.513860 -0.016263 -0.053047 -0.998460 0.012405 0.178223 1 0 1.0
Default
0 2.270446 -0.489501 -4.100505 0.512825 -0.215900 -0.830902 0.012405 0.178223 1 0 1.0
0 0.605504 0.000000 -5.255282 0.512825 -0.215900 -0.830902 0.012405 0.178223 1 0 1.0
0 2.419036 0.000000 -4.135988 0.512825 -0.215900 -0.830902 0.012405 0.178223 1 0 1.0
Default
0 -1.619621 -1.612576 2.733610 -0.077740 -0.156185 0.984664 0.012405 0.178223 1 0 1.0
0 1.105029 -1.949870 2.895221 -0.077740 -0.156185 0.984664 0.012405 0.178223 1 0 1.0
0 1.105029 -0.000000 3.204506 -0.077740 -0.156185 0.984664 0.012405 0.178223 1 0 1.0
Default
0 -6.030960 -1.159273 2.620653 -0.317380 -0.932872 -0.170350 0.012405 0.201416 1 0 1.0
0 -9.735004 0.000000 3.173263 -0.317380 -0.932872 -0.170350 0.012405 0.201416 1 0 1.0
0 -7.750085 -0.485548 2.134108 -0.317380 -0.932872 -0.170350 0.012405 0.201416 1 0 1.0
Default
0 9.184960 -1.781260 -5.123882 -0.064394 -0.087295 -0.994099 0.012405 0.178223 1 0 1.0
0 4.842228 -1.740485 -4.846158 -0.064394 -0.087295 -0.994099 0.012405 0.178223 1 0 1.0
0 5.511698 0.000000 -5.042360 -0.064394 -0.087295 -0.994099 0.012405 0.178223 1 0 1.0
Default
0 -4.182090 -0.000000 2.815270 0.393083 -0.098027 0.914263 0.012405 0.201416 1 0 1.0
0 -7.315423 0.000000 4.162434 0.393083 -0.098027 0.914263 0.012405 0.201416 1 0 1.0
0 -4.081894 -1.007976 2.664116 0.393083 -0.098027 0.914263 0.012405 0.201416 1 0 1.0
Default
0 13.883814 -1.756043 -5.624199 -0.136669 -0.017062 -0.990470 0.012405 0.178223 1 0 1.0
0 11.676986 -1.685028 -5.320916 -0.136669 -0.017062 -0.990470 0.012405 0.178223 1 0 1.0
0 10.652886 0.000000 -5.208633 -0.136669 -0.017062 -0.990470 0.012405 0.178223 1 0 1.0
Default
0 17.502767 -1.697973 -5.840764 -0.058931 -0.046263 -0.997189 0.012405 0.178223 1 0 1.0
0 13.883814 -1.756043 -5.624199 -0.058931 -0.046263 -0.997189 0.012405 0.178223 1 0 1.0
0 15.179768 0.000000 -5.782255 -0.058931 -0.046263 -0.997189 0.012405 0.178223 1 0 1.0
Default
0 17.502767 -1.697973 -5.840764 0.201244 0.077409 -0.976478 0.012405 0.178223 1 0 1.0
0 16.867588 0.000000 -5.837064 0.201244 0.077409 -0.976478 0.012405 0.178223 1 0 1.0
0 19.531181 0.000000 -5.288120 0.201244 0.077409 -0.976478 0.012405 0.178223 1 0 1.0
Default
0 19.215026 -1.722977 -5.428226 0.056006 0.070708 -0.995924 0.012405 0.178223 1 0 1.0
0 19.531181 0.000000 -5.288120 0.056006 0.070708 -0.995924 0.012405 0.178223 1 0 1.0
0 21.050891 0.000000 -5.202658 0.056006 0.070708 -0.995924 0.012405 0.178223 1 0 1.0
Default
0 -29.600699 -0.384388 1.442552 -0.049251 -0.149321 0.987561 0.012405 0.178223 1 0 1.0
0 -22.650506 -0.710308 1.739885 -0.049251 -0.149321 0.987561 0.012405 0.178223 1 0 1.0
0 -22.650506 0.000000 1.847285 -0.049251 -0.149321 0.987561 0.012405 0.178223 1 0 1.0
Default
0 21.605013 -1.484681 -4.952759 -0.069144 -0.190627 -0.979225 0.012405 0.178223 1 0 1.0
0 21.050891 0.000000 -5.202658 -0.069144 -0.190627 -0.979225 0.012405 0.178223 1 0 1.0
0 23.230581 0.000000 -5.356566 -0.069144 -0.190627 -0.979225 0.012405 0.178223 1 0 1.0
Default
0 24.361938 0.000000 -5.466841 -0.095863 -0.153413 -0.983501 0.012405 0.178223 1 0 1.0
0 24.576248 -1.095963 -5.316775 -0.095863 -0.153413 -0.983501 0.012405 0.178223 1 0 1.0
0 23.230581 0.000000 -5.356566 -0.069144 -0.190627 -0.979225 0.012405 0.178223 1 0 1.0
Default
0 24.576248 -1.095963 -5.316775 -0.202772 -0.283006 -0.937439 0.012405 0.178223 1 0 1.0
0 23.230581 -1.289430 -4.967295 -0.202772 -0.283006 -0.937439 0.012405 0.178223 1 0 1.0
0 23.230581 0.000000 -5.356566 -0.202772 -0.283006 -0.937439 0.012405 0.178223 1 0 1.0
Default
0 41.474442 -0.295661 -1.068000 0.465681 -0.283752 0.838228 0.012405 0.178223 1 0 1.0
0 41.654597 0.000000 -1.068000 0.465681 -0.283752 0.838228 0.012405 0.178223 1 0 1.0
0 40.843688 -0.000000 -0.617496 0.465681 -0.283752 0.838228 0.012405 0.178223 1 0 1.0
Default
0 -40.949021 -0.144404 2.191648 0.144112 -0.375350 0.915611 0.012405 0.178223 1 0 1.0
0 -38.054167 -0.304110 1.670544 0.144112 -0.375350 0.915611 0.012405 0.178223 1 0 1.0
0 -38.054167 0.000000 1.795213 0.144112 -0.375350 0.915611 0.012405 0.178223 1 0 1.0
Default
0 11.748881 -4.200450 -4.610329 -0.061822 -0.269526 -0.961007 0.012405 0.178223 1 0 1.0
0 8.548043 -4.145625 -4.419793 -0.061822 -0.269526 -0.961007 0.012405 0.178223 1 0 1.0
0 9.184960 -1.781260 -5.123882 -0.061822 -0.269526 -0.961007 0.012405 0.178223 1 0 1.0
Default
0 11.748881 -4.200450 -4.610329 -0.139596 -0.272884 -0.951865 0.012405 0.178223 1 0 1.0
0 11.676986 -1.685028 -5.320916 -0.139596 -0.272884 -0.951865 0.012405 0.178223 1 0 1.0
0 13.883814 -1.756043 -5.624199 -0.139596 -0.272884 -0.951865 0.012405 0.178223 1 0 1.0
Default
0 -13.619606 -1.945520 0.829913 -0.107662 -0.292715 0.950119 0.012405 0.178223 1 0 1.0
0 -10.066675 -1.929236 1.237526 -0.107662 -0.292715 0.950119 0.012405 0.178223 1 0 1.0
0 -10.474735 -0.638946 1.588803 -0.107662 -0.292715 0.950119 0.012405 0.178223 1 0 1.0
Default
0 14.714560 -3.856412 -5.170713 -0.054418 -0.231250 -0.971371 0.012405 0.178223 1 0 1.0
0 13.883814 -1.756043 -5.624199 -0.054418 -0.231250 -0.971371 0.012405 0.178223 1 0 1.0
0 17.502767 -1.697973 -5.840764 -0.054418 -0.231250 -0.971371 0.012405 0.178223 1 0 1.0
Default
0 19.530572 -3.238562 -4.449905 0.245121 -0.451783 -0.857792 0.012405 0.178223 1 0 1.0
0 17.525822 -4.367422 -4.428230 0.245121 -0.451783 -0.857792 0.012405 0.178223 1 0 1.0
0 17.502767 -1.697973 -5.840764 0.245121 -0.451783 -0.857792 0.012405 0.178223 1 0 1.0
Default
0 20.791876 -2.983945 -3.777309 0.492975 -0.397080 -0.774147 0.012405 0.178223 1 0 1.0
0 19.530572 -3.238562 -4.449905 0.492975 -0.397080 -0.774147 0.012405 0.178223 1 0 1.0
0 19.215026 -1.722977 -5.428226 0.492975 -0.397080 -0.774147 0.012405 0.178223 1 0 1.0
Default
0 -29.627688 -0.753992 1.060746 -0.036592 -0.900248 0.433836 0.012405 0.178223 1 0 1.0
0 -22.571717 -1.014790 1.114702 -0.036592 -0.900248 0.433836 0.012405 0.178223 1 0 1.0
0 -22.650506 -0.710308 1.739885 -0.036592 -0.900248 0.433836 0.012405 0.178223 1 0 1.0
Default
0 35.667516 -1.249225 -0.384360 0.132141 -0.410547 0.902214 0.012405 0.178223 1 0 1.0
0 37.002616 -1.290991 -0.598908 0.132141 -0.410547 0.902214 0.012405 0.178223 1 0 1.0
0 35.893871 -0.626583 -0.134181 0.132141 -0.410547 0.902214 0.012405 0.178223 1 0 1.0
Default
0 -33.817558 -0.886449 0.990643 0.011095 -0.718842 0.695085 0.012405 0.178223 1 0 1.0
0 -29.627688 -0.753992 1.060746 0.011095 -0.718842 0.695085 0.012405 0.178223 1 0 1.0
0 -29.600699 -0.384388 1.442552 0.011095 -0.718842 0.695085 0.012405 0.178223 1 0 1.0
Default
0 24.998729 -2.426055 -4.507034 -0.174946 -0.591019 -0.787458 0.010849 0.175049 1 0 1.0
0 23.106362 -2.677562 -3.897848 -0.174946 -0.591019 -0.787458 0.010849 0.175049 1 0 1.0
0 23.230581 -1.289430 -4.967295 -0.174946 -0.591019 -0.787458 0.010849 0.175049 1 0 1.0
Default
0 40.930788 -0.638202 -1.003020 0.508053 -0.715332 0.479774 0.012405 0.178223 1 0 1.0
0 41.474442 -0.295661 -1.068000 0.508053 -0.715332 0.479774 0.012405 0.178223 1 0 1.0
0 40.843688 -0.441491 -0.617496 0.508053 -0.715332 0.479774 0.012405 0.178223 1 0 1.0
Default
0 24.998729 -2.426055 -4.507034 -0.012260 -0.522802 -0.852366 0.010849 0.173462 1 0 1.0
0 24.576248 -1.095963 -5.316775 -0.012260 -0.522802 -0.852366 0.010849 0.173462 1 0 1.0
0 25.582544 -0.981950 -5.401180 -0.012260 -0.522802 -0.852366 0.010849 0.173462 1 0 1.0
Default
0 -40.206625 -0.238852 1.630688 -0.035499 -0.845559 0.532701 0.012405 0.178223 1 0 1.0
0 -37.998168 -0.575259 1.243880 -0.035499 -0.845559 0.532701 0.012405 0.178223 1 0 1.0
0 -38.054167 -0.304110 1.670544 -0.035499 -0.845559 0.532701 0.012405 0.178223 1 0 1.0
Default
0 -40.206625 -0.238852 1.630688 -0.126731 -0.991937 -0.000711 0.012405 0.178223 1 0 1.0
0 -40.949021 -0.144404 2.191648 -0.126731 -0.991937 -0.000711 0.012405 0.178223 1 0 1.0
0 -40.941028 -0.144405 0.766707 -0.126731 -0.991937 -0.000711 0.012405 0.178223 1 0 1.0
Default
0 31.920402 -2.284535 0.112877 0.271603 -0.390114 0.879797 0.012405 0.178223 1 0 1.0
0 33.407168 -2.059810 -0.246457 0.271603 -0.390114 0.879797 0.012405 0.178223 1 0 1.0
0 33.483674 -1.194543 0.113596 0.271603 -0.390114 0.879797 0.012405 0.178223 1 0 1.0
Default
0 29.879285 -2.594754 0.552702 0.250950 -0.403933 0.879694 0.012405 0.178223 1 0 1.0
0 31.920402 -2.284535 0.112877 0.271603 -0.390114 0.879797 0.012405 0.178223 1 0 1.0
0 30.487819 -1.505081 0.879454 0.250950 -0.403933 0.879694 0.012405 0.178223 1 0 1.0
Default
0 28.293671 -2.631487 -4.298440 0.920823 0.297165 -0.252541 0.010849 0.204468 1 0 1.0
0 28.212492 -2.712231 -4.689449 0.920823 0.297165 -0.252541 0.010849 0.204468 1 0 1.0
0 28.104721 -2.250162 -4.538675 0.920823 0.297165 -0.252541 0.010849 0.204468 1 0 1.0
Default
0 -40.336911 -0.238853 1.042317 -0.128339 -0.990035 -0.057963 0.012405 0.178223 1 0 1.0
0 -40.941028 -0.144405 0.766707 -0.128339 -0.990035 -0.057963 0.012405 0.178223 1 0 1.0
0 -38.540711 -0.435109 0.417418 -0.128339 -0.990035 -0.057963 0.012405 0.178223 1 0 1.0
Default
0 31.920402 -2.284535 0.112877 0.305030 -0.321132 0.896566 0.012405 0.178223 1 0 1.0
0 31.749232 -1.313124 0.519050 0.305030 -0.321132 0.896566 0.012405 0.178223 1 0 1.0
0 30.487819 -1.505081 0.879454 0.305030 -0.321132 0.896566 0.012405 0.178223 1 0 1.0
Default
0 -38.482235 -0.575259 0.804580 -0.047256 -0.941501 -0.333680 0.012405 0.178223 1 0 1.0
0 -38.540711 -0.435109 0.417418 -0.047256 -0.941501 -0.333680 0.012405 0.178223 1 0 1.0
0 -36.107986 -0.585688 0.497761 -0.047256 -0.941501 -0.333680 0.012405 0.178223 1 0 1.0
Default
0 -32.382558 -1.082519 0.205384 -0.152234 -0.799832 -0.580598 0.012405 0.178223 1 0 1.0
0 -36.065327 -0.883458 0.896783 -0.152234 -0.799832 -0.580598 0.012405 0.178223 1 0 1.0
0 -36.107986 -0.585688 0.497761 -0.152234 -0.799832 -0.580598 0.012405 0.178223 1 0 1.0
Default
0 27.962838 -3.414800 0.991888 0.143452 -0.381012 0.913374 0.012405 0.178223 1 0 1.0
0 28.325401 -2.359868 1.375008 0.143452 -0.381012 0.913374 0.012405 0.178223 1 0 1.0
0 25.667424 -2.010649 1.938139 0.143452 -0.381012 0.913374 0.012405 0.178223 1 0 1.0
Default
0 25.607200 -3.530778 1.490964 0.150476 -0.284481 0.946799 0.012405 0.178223 1 0 1.0
0 25.667424 -2.010649 1.938139 0.150476 -0.284481 0.946799 0.012405 0.178223 1 0 1.0
0 23.414904 -1.664218 2.400226 0.150476 -0.284481 0.946799 0.012405 0.178223 1 0 1.0
Default
0 30.925690 -1.607194 -2.280342 0.429749 -0.317054 -0.845454 0.012405 0.178223 1 0 1.0
0 31.157412 -1.045800 -2.373084 0.429749 -0.317054 -0.845454 0.012405 0.178223 1 0 1.0
0 31.617485 -0.879165 -2.201715 0.429749 -0.317054 -0.845454 0.012405 0.178223 1 0 1.0
Default
0 -28.450407 -1.214657 -0.742629 -0.081521 -0.590525 -0.802891 0.012405 0.178223 1 0 1.0
0 -28.521983 -0.862328 -0.994499 -0.081521 -0.590525 -0.802891 0.012405 0.178223 1 0 1.0
0 -24.827488 -0.867433 -1.365862 -0.081521 -0.590525 -0.802891 0.012405 0.178223 1 0 1.0
Default
0 22.587362 -2.925061 1.258479 0.286294 -0.739549 0.609183 0.012405 0.178223 1 0 1.0
0 23.414904 -1.664218 2.400226 0.286294 -0.739549 0.609183 0.012405 0.178223 1 0 1.0
0 21.229959 -1.821419 3.236231 0.286294 -0.739549 0.609183 0.012405 0.178223 1 0 1.0
Default
0 34.298564 -1.890727 -1.614806 0.129871 -0.217112 -0.967469 0.012405 0.178223 1 0 1.0
0 31.492315 -2.011752 -1.964352 0.129871 -0.217112 -0.967469 0.012405 0.178223 1 0 1.0
0 31.617485 -0.879165 -2.201715 0.129871 -0.217112 -0.967469 0.012405 0.178223 1 0 1.0
Default
0 -21.172814 -1.208892 -1.301263 -0.015778 -0.346329 -0.937980 0.012405 0.178223 1 0 1.0
0 -24.869253 -1.447222 -1.151085 -0.015778 -0.346329 -0.937980 0.012405 0.178223 1 0 1.0
0 -24.827488 -0.867433 -1.365862 -0.015778 -0.346329 -0.937980 0.012405 0.178223 1 0 1.0
Default
0 -21.172814 -1.208892 -1.301263 -0.080290 -0.236376 -0.968339 0.012405 0.178223 1 0 1.0
0 -21.208657 -0.673251 -1.429044 -0.080290 -0.236376 -0.968339 0.012405 0.178223 1 0 1.0
0 -17.382810 -1.154075 -1.628893 -0.080290 -0.236376 -0.968339 0.012405 0.178223 1 0 1.0
Default
0 19.078109 -3.746592 2.796391 0.114848 -0.525141 0.843230 0.012405 0.178223 1 0 1.0
0 19.664395 -2.445295 3.526950 0.114848 -0.525141 0.843230 0.012405 0.178223 1 0 1.0
0 17.110403 -2.426304 3.886630 0.114848 -0.525141 0.843230 0.012405 0.178223 1 0 1.0
Default
0 -15.818189 -1.944369 -1.705917 -0.099500 -0.293560 -0.950748 0.012405 0.178223 1 0 1.0
0 -16.815786 -1.908787 -1.612500 -0.099500 -0.293560 -0.950748 0.012405 0.178223 1 0 1.0
0 -15.757276 -0.810670 -2.062340 -0.099500 -0.293560 -0.950748 0.012405 0.178223 1 0 1.0
Default
0 -15.818189 -1.944369 -1.705917 0.181329 -0.303798 -0.935322 0.012405 0.178223 1 0 1.0
0 -15.757276 -0.810670 -2.062340 0.181329 -0.303798 -0.935322 0.012405 0.178223 1 0 1.0
0 -13.568451 -0.699077 -1.674243 0.181329 -0.303798 -0.935322 0.012405 0.178223 1 0 1.0
Default
0 -10.306805 -1.757111 -1.620306 -0.099441 -0.353959 -0.929959 0.012405 0.178223 1 0 1.0
0 -13.563490 -2.023987 -1.170489 -0.099441 -0.353959 -0.929959 0.012405 0.178223 1 0 1.0
0 -13.568451 -0.699077 -1.674243 -0.099441 -0.353959 -0.929959 0.012405 0.178223 1 0 1.0
Default
0 -6.576553 -1.791520 -2.161835 -0.138022 -0.343625 -0.928909 0.012405 0.178223 1 0 1.0
0 -10.306805 -1.757111 -1.620306 -0.099441 -0.353959 -0.929959 0.012405 0.178223 1 0 1.0
0 -6.968439 -0.818298 -2.463624 -0.138022 -0.343625 -0.928909 0.012405 0.178223 1 0 1.0
Default
0 9.325470 -4.162344 3.080256 -0.070269 -0.410814 0.909007 0.012405 0.178223 1 0 1.0
0 11.870655 -4.382682 3.177429 -0.070269 -0.410814 0.909007 0.012405 0.178223 1 0 1.0
0 11.866841 -2.654372 3.958223 -0.070269 -0.410814 0.909007 0.012405 0.178223 1 0 1.0
Default
0 -10.306805 -1.757111 -1.620306 -0.078855 -0.496246 -0.864593 0.012405 0.178223 1 0 1.0
0 -10.263000 -0.989543 -2.064857 -0.078855 -0.496246 -0.864593 0.012405 0.178223 1 0 1.0
0 -6.968439 -0.818298 -2.463624 -0.078855 -0.496246 -0.864593 0.012405 0.178223 1 0 1.0
Default
0 3.877792 -3.663214 2.711522 -0.126898 -0.444071 0.886960 0.012405 0.178223 1 0 1.0
0 7.232977 -3.965275 3.040319 -0.126898 -0.444071 0.886960 0.012405 0.178223 1 0 1.0
0 6.394396 -2.529358 3.639258 -0.126898 -0.444071 0.886960 0.012405 0.178223 1 0 1.0
Default
0 -4.732317 -3.430866 -1.817119 -0.199027 -0.338893 -0.919532 0.012405 0.178223 1 0 1.0
0 -5.501753 -1.217534 -2.466302 -0.199027 -0.338893 -0.919532 0.012405 0.178223 1 0 1.0
0 -2.835085 -1.390248 -2.979832 -0.199027 -0.338893 -0.919532 0.012405 0.178223 1 0 1.0
Default
0 -1.407314 -2.976708 2.364337 -0.034665 -0.390753 0.919842 0.012405 0.178223 1 0 1.0
0 0.818488 -3.337671 2.294879 -0.034665 -0.390753 0.919842 0.012405 0.178223 1 0 1.0
0 1.105029 -1.949870 2.895221 -0.034665 -0.390753 0.919842 0.012405 0.178223 1 0 1.0
Default
0 0.044504 -3.857729 -2.704349 -0.213527 -0.366065 -0.905761 0.012405 0.178223 1 0 1.0
0 -0.777374 -1.661658 -3.398143 -0.213527 -0.366065 -0.905761 0.012405 0.178223 1 0 1.0
0 2.419036 -1.700479 -4.135988 -0.213527 -0.366065 -0.905761 0.012405 0.178223 1 0 1.0
Default
0 -3.799203 -2.090049 2.237656 -0.154141 -0.280455 0.947410 0.012405 0.178223 1 0 1.0
0 -1.407314 -2.976708 2.364337 -0.154141 -0.280455 0.947410 0.012405 0.178223 1 0 1.0
0 -1.619621 -1.612576 2.733610 -0.154141 -0.280455 0.947410 0.012405 0.178223 1 0 1.0
Default
0 2.874461 -3.527007 -3.716910 -0.274280 -0.279504 -0.920135 0.012405 0.178223 1 0 1.0
0 2.419036 -1.700479 -4.135988 -0.274280 -0.279504 -0.920135 0.012405 0.178223 1 0 1.0
0 4.842228 -1.740485 -4.846158 -0.274280 -0.279504 -0.920135 0.012405 0.178223 1 0 1.0
Default
0 5.556385 -3.988529 -4.379968 -0.064303 -0.222180 -0.972883 0.012405 0.178223 1 0 1.0
0 4.842228 -1.740485 -4.846158 -0.064303 -0.222180 -0.972883 0.012405 0.178223 1 0 1.0
0 9.184960 -1.781260 -5.123882 -0.064303 -0.222180 -0.972883 0.012405 0.178223 1 0 1.0
Default
0 -7.583287 -1.715782 1.812114 -0.296141 -0.420168 0.857764 0.012405 0.178223 1 0 1.0
0 -5.910700 -1.966917 2.266555 -0.296141 -0.420168 0.857764 0.012405 0.178223 1 0 1.0
0 -6.030960 -1.159273 2.620653 -0.296141 -0.420168 0.857764 0.012405 0.178223 1 0 1.0
Default
0 23.106362 -2.677562 -3.897848 0.110483 -0.949787 -0.292742 0.011627 0.175903 1 0 1.0
0 22.151308 -3.165740 -2.674426 0.110483 -0.949787 -0.292742 0.011627 0.175903 1 0 1.0
0 20.791876 -2.983945 -3.777309 0.110483 -0.949787 -0.292742 0.011627 0.175903 1 0 1.0
Default
0 37.002616 -1.290991 -0.598908 0.108689 -0.969591 0.219273 0.012405 0.178223 1 0 1.0
0 37.749110 -1.298567 -1.002429 0.108689 -0.969591 0.219273 0.012405 0.178223 1 0 1.0
0 38.423400 -1.134359 -0.610559 0.108689 -0.969591 0.219273 0.012405 0.178223 1 0 1.0
Default
0 15.675959 -5.674710 -0.110951 0.074207 -0.996576 0.036475 0.012405 0.178223 1 0 1.0
0 13.678399 -5.837161 -0.485492 0.074207 -0.996576 0.036475 0.012405 0.178223 1 0 1.0
0 13.428704 -5.893832 -1.525887 0.074207 -0.996576 0.036475 0.012405 0.178223 1 0 1.0
Default
0 -17.354982 -1.889556 -1.562009 -0.182739 -0.813451 -0.552181 0.012405 0.178223 1 0 1.0
0 -20.414168 -1.989574 -0.402262 -0.182739 -0.813451 -0.552181 0.012405 0.178223 1 0 1.0
0 -21.172814 -1.208892 -1.301263 -0.182739 -0.813451 -0.552181 0.012405 0.178223 1 0 1.0
Default
0 37.749110 -1.298567 -1.002429 -0.040129 -0.997652 -0.055507 0.012405 0.178223 1 0 1.0
0 37.002616 -1.290991 -0.598908 -0.040129 -0.997652 -0.055507 0.012405 0.178223 1 0 1.0
0 35.667516 -1.249225 -0.384360 -0.040129 -0.997652 -0.055507 0.012405 0.178223 1 0 1.0
Default
0 -33.817558 -0.886449 0.990643 -0.025348 -0.813427 0.581115 0.012405 0.178223 1 0 1.0
0 -37.998168 -0.575259 1.243880 -0.025348 -0.813427 0.581115 0.012405 0.178223 1 0 1.0
0 -36.065327 -0.883458 0.896783 -0.025348 -0.813427 0.581115 0.012405 0.178223 1 0 1.0
Default
0 -40.206625 -0.238852 1.630688 0.023186 -0.685028 0.728148 0.012405 0.178223 1 0 1.0
0 -39.340152 -0.615889 1.248388 0.023186 -0.685028 0.728148 0.012405 0.178223 1 0 1.0
0 -37.998168 -0.575259 1.243880 0.023186 -0.685028 0.728148 0.012405 0.178223 1 0 1.0
Default
0 -38.482235 -0.575259 0.804580 0.030134 -0.998994 -0.033205 0.012405 0.178223 1 0 1.0
0 -37.998168 -0.575259 1.243880 0.030134 -0.998994 -0.033205 0.012405 0.178223 1 0 1.0
0 -39.340152 -0.615889 1.248388 0.030134 -0.998994 -0.033205 0.012405 0.178223 1 0 1.0
Default
0 35.276990 -1.648652 -1.068115 0.113276 -0.884729 0.452131 0.012405 0.178223 1 0 1.0
0 37.749110 -1.298567 -1.002429 0.113276 -0.884729 0.452131 0.012405 0.178223 1 0 1.0
0 35.667516 -1.249225 -0.384360 0.113276 -0.884729 0.452131 0.012405 0.178223 1 0 1.0
Default
0 31.448333 -2.711828 -0.527109 0.187169 -0.885375 -0.425534 0.012405 0.178223 1 0 1.0
0 31.492315 -2.011752 -1.964352 0.187169 -0.885375 -0.425534 0.012405 0.178223 1 0 1.0
0 33.229037 -2.166680 -0.878119 0.187169 -0.885375 -0.425534 0.012405 0.178223 1 0 1.0
Default
0 30.636851 -2.119849 -2.439932 0.332634 -0.851793 -0.404726 0.012405 0.178223 1 0 1.0
0 31.492315 -2.011752 -1.964352 0.332634 -0.851793 -0.404726 0.012405 0.178223 1 0 1.0
0 31.448333 -2.711828 -0.527109 0.332634 -0.851793 -0.404726 0.012405 0.178223 1 0 1.0
Default
0 33.229037 -2.166680 -0.878119 0.244499 -0.969615 -0.008240 0.012405 0.178223 1 0 1.0
0 34.298564 -1.890727 -1.614806 0.244499 -0.969615 -0.008240 0.012405 0.178223 1 0 1.0
0 35.276990 -1.648652 -1.068115 0.244499 -0.969615 -0.008240 0.012405 0.178223 1 0 1.0
Default
0 33.229037 -2.166680 -0.878119 0.073315 -0.964225 -0.254747 0.012405 0.178223 1 0 1.0
0 31.492315 -2.011752 -1.964352 0.073315 -0.964225 -0.254747 0.012405 0.178223 1 0 1.0
0 34.298564 -1.890727 -1.614806 0.073315 -0.964225 -0.254747 0.012405 0.178223 1 0 1.0
Default
0 26.995443 -3.908968 0.221976 -0.060397 -0.968022 -0.243489 0.012405 0.178223 1 0 1.0
0 24.415267 -3.800324 0.430054 -0.060397 -0.968022 -0.243489 0.012405 0.178223 1 0 1.0
0 27.222060 -3.203734 -2.637983 -0.060397 -0.968022 -0.243489 0.012405 0.178223 1 0 1.0
Default
0 26.533510 -3.273417 -3.281941 0.251805 -0.953422 -0.166072 0.010849 0.204468 1 0 1.0
0 28.293671 -2.631487 -4.298440 0.251805 -0.953422 -0.166072 0.010849 0.204468 1 0 1.0
0 27.222060 -3.203734 -2.637983 0.251805 -0.953422 -0.166072 0.010849 0.204468 1 0 1.0
Default
0 28.293671 -2.631487 -4.298440 0.315247 -0.941272 -0.120942 0.010849 0.204468 1 0 1.0
0 28.616543 -2.768996 -2.386633 0.315247 -0.941272 -0.120942 0.010849 0.204468 1 0 1.0
0 27.222060 -3.203734 -2.637983 0.315247 -0.941272 -0.120942 0.010849 0.204468 1 0 1.0
Default
0 24.715969 -3.384412 -3.058891 0.019099 -0.948453 -0.316343 0.010849 0.173462 1 0 1.0
0 26.367809 -2.820061 -4.651184 0.019099 -0.948453 -0.316343 0.009300 0.173462 1 0 1.0
0 26.533510 -3.273417 -3.281941 0.019099 -0.948453 -0.316343 0.009300 0.173462 1 0 1.0
Default
0 38.423400 -1.134359 -0.610559 0.150911 -0.985514 0.077380 0.012405 0.178223 1 0 1.0
0 40.086700 -0.927858 -1.224441 0.150911 -0.985514 0.077380 0.012405 0.178223 1 0 1.0
0 39.741467 -0.938975 -0.692733 0.150911 -0.985514 0.077380 0.012405 0.178223 1 0 1.0
Default
0 40.086700 -0.927858 -1.224441 0.150911 -0.985514 0.077380 0.012405 0.178223 1 0 1.0
0 37.749110 -1.298567 -1.002429 0.137626 -0.987128 0.081465 0.012405 0.178223 1 0 1.0
0 37.392218 -1.380838 -1.396387 0.137626 -0.987128 0.081465 0.012405 0.178223 1 0 1.0
Default
0 37.749110 -1.298567 -1.002429 0.137626 -0.987128 0.081465 0.012405 0.178223 1 0 1.0
0 35.276990 -1.648652 -1.068115 0.137626 -0.987128 0.081465 0.012405 0.178223 1 0 1.0
0 37.392218 -1.380838 -1.396387 0.137626 -0.987128 0.081465 0.012405 0.178223 1 0 1.0
Default
0 37.749110 -1.298567 -1.002429 0.166818 -0.978298 0.122903 0.012405 0.178223 1 0 1.0
0 40.086700 -0.927858 -1.224441 0.166818 -0.978298 0.122903 0.012405 0.178223 1 0 1.0
0 38.423400 -1.134359 -0.610559 0.166818 -0.978298 0.122903 0.012405 0.178223 1 0 1.0
Default
0 21.255735 -3.545824 -2.075641 0.207781 -0.936194 -0.283492 0.011627 0.175903 1 0 1.0
0 22.151308 -3.165740 -2.674426 0.207781 -0.936194 -0.283492 0.011627 0.175903 1 0 1.0
0 22.317772 -3.695877 -0.801714 0.207781 -0.936194 -0.283492 0.011627 0.175903 1 0 1.0
Default
0 21.301568 -3.969901 -0.329111 0.245270 -0.968845 -0.034368 0.011627 0.175903 1 0 1.0
0 21.306571 -3.937978 -1.193319 0.245270 -0.968845 -0.034368 0.011627 0.175903 1 0 1.0
0 22.317772 -3.695877 -0.801714 0.245270 -0.968845 -0.034368 0.011627 0.175903 1 0 1.0
Default
0 20.996983 -3.519539 -2.771943 0.445107 -0.749470 -0.490076 0.011627 0.175903 1 0 1.0
0 18.213913 -4.903093 -3.183783 0.445107 -0.749470 -0.490076 0.012032 0.177124 1 0 1.0
0 20.791876 -2.983945 -3.777309 0.445107 -0.749470 -0.490076 0.011627 0.175903 1 0 1.0
Default
0 18.256132 -5.179976 0.596516 0.213770 -0.971743 -0.100086 0.012405 0.178223 1 0 1.0
0 15.675959 -5.674710 -0.110951 0.213770 -0.971743 -0.100086 0.012405 0.178223 1 0 1.0
0 17.007659 -5.287458 -1.026498 0.213770 -0.971743 -0.100086 0.012405 0.178223 1 0 1.0
Default
0 15.551104 -5.537292 1.345601 0.159074 -0.981534 0.106238 0.012405 0.178223 1 0 1.0
0 15.675959 -5.674710 -0.110951 0.159074 -0.981534 0.106238 0.012405 0.178223 1 0 1.0
0 18.256132 -5.179976 0.596516 0.159074 -0.981534 0.106238 0.012405 0.178223 1 0 1.0
Default
0 22.151308 -3.165740 -2.674426 -0.143831 -0.875364 -0.461574 0.011627 0.175903 1 0 1.0
0 23.106362 -2.677562 -3.897848 -0.143831 -0.875364 -0.461574 0.011627 0.175903 1 0 1.0
0 24.715969 -3.384412 -3.058891 -0.143831 -0.875364 -0.461574 0.011627 0.175903 1 0 1.0
Default
0 12.804471 -5.290060 1.220752 -0.098240 -0.961170 0.257878 0.012405 0.178223 1 0 1.0
0 13.678399 -5.837161 -0.485492 -0.098240 -0.961170 0.257878 0.012405 0.178223 1 0 1.0
0 15.551104 -5.537292 1.345601 -0.098240 -0.961170 0.257878 0.012405 0.178223 1 0 1.0
Default
0 13.678399 -5.837161 -0.485492 0.062198 -0.993139 0.099029 0.012405 0.178223 1 0 1.0
0 15.675959 -5.674710 -0.110951 0.062198 -0.993139 0.099029 0.012405 0.178223 1 0 1.0
0 15.551104 -5.537292 1.345601 0.062198 -0.993139 0.099029 0.012405 0.178223 1 0 1.0
Default
0 15.967271 -5.589339 -2.524666 0.135747 -0.880552 -0.454093 0.012405 0.178223 1 0 1.0
0 17.525822 -4.367422 -4.428230 0.135747 -0.880552 -0.454093 0.012405 0.178223 1 0 1.0
0 18.213913 -4.903093 -3.183783 0.135747 -0.880552 -0.454093 0.012032 0.177124 1 0 1.0
Default
0 15.051723 -5.496988 -3.731524 0.320610 -0.894468 -0.311667 0.012405 0.178223 1 0 1.0
0 17.525822 -4.367422 -4.428230 0.320610 -0.894468 -0.311667 0.012405 0.178223 1 0 1.0
0 15.967271 -5.589339 -2.524666 0.320610 -0.894468 -0.311667 0.012405 0.178223 1 0 1.0
Default
0 13.428704 -5.893832 -1.525887 0.011140 -0.995747 -0.091460 0.012405 0.178223 1 0 1.0
0 10.182678 -5.832721 -2.586571 0.011140 -0.995747 -0.091460 0.012405 0.178223 1 0 1.0
0 12.471543 -5.736352 -3.356982 0.011140 -0.995747 -0.091460 0.012405 0.178223 1 0 1.0
Default
0 39.741467 -0.938975 -0.692733 0.281680 -0.945541 0.163122 0.012405 0.178223 1 0 1.0
0 40.086700 -0.927858 -1.224441 0.281680 -0.945541 0.163122 0.012405 0.178223 1 0 1.0
0 40.930788 -0.638202 -1.003020 0.281680 -0.945541 0.163122 0.012405 0.178223 1 0 1.0
Default
0 37.392218 -1.380838 -1.396387 0.149045 -0.974972 0.164968 0.012405 0.178223 1 0 1.0
0 35.276990 -1.648652 -1.068115 0.149045 -0.974972 0.164968 0.012405 0.178223 1 0 1.0
0 34.298564 -1.890727 -1.614806 0.149045 -0.974972 0.164968 0.012405 0.178223 1 0 1.0
Default
0 30.636851 -2.119849 -2.439932 0.486068 -0.001808 -0.873919 0.012405 0.178223 1 0 1.0
0 30.925690 -1.607194 -2.280342 0.486068 -0.001808 -0.873919 0.012405 0.178223 1 0 1.0
0 31.492315 -2.011752 -1.964352 0.486068 -0.001808 -0.873919 0.012405 0.178223 1 0 1.0
Default
0 26.533510 -3.273417 -3.281941 0.394425 -0.912725 0.106590 0.010849 0.204468 1 0 1.0
0 28.212492 -2.712231 -4.689449 0.394425 -0.912725 0.106590 0.010849 0.204468 1 0 1.0
0 28.293671 -2.631487 -4.298440 0.394425 -0.912725 0.106590 0.010849 0.204468 1 0 1.0
Default
0 11.556000 -5.762061 -0.110951 -0.031790 -0.985125 0.168875 0.012405 0.178223 1 0 1.0
0 10.473987 -5.456053 1.470448 -0.031790 -0.985125 0.168875 0.012405 0.178223 1 0 1.0
0 8.268353 -5.577493 0.346823 -0.031790 -0.985125 0.168875 0.012405 0.178223 1 0 1.0
Default
0 3.815479 -5.209170 0.138744 -0.122806 -0.992422 0.004075 0.012405 0.178223 1 0 1.0
0 1.110433 -4.872386 0.638133 -0.122806 -0.992422 0.004075 0.012405 0.178223 1 0 1.0
0 3.191225 -5.139442 -1.692350 -0.122806 -0.992422 0.004075 0.012405 0.178223 1 0 1.0
Default
0 1.110433 -4.872386 0.638133 -0.015184 -0.994827 0.100442 0.012405 0.178223 1 0 1.0
0 1.360135 -5.107291 -1.650736 -0.015184 -0.994827 0.100442 0.012405 0.178223 1 0 1.0
0 3.191225 -5.139442 -1.692350 -0.015184 -0.994827 0.100442 0.012405 0.178223 1 0 1.0
Default
0 3.191225 -5.139442 -1.692350 -0.207207 -0.780791 -0.589432 0.012405 0.178223 1 0 1.0
0 2.874461 -3.527007 -3.716910 -0.207207 -0.780791 -0.589432 0.012405 0.178223 1 0 1.0
0 5.521708 -5.547405 -1.971193 -0.207207 -0.780791 -0.589432 0.012405 0.178223 1 0 1.0
Default
0 1.360135 -5.107291 -1.650736 -0.027859 -0.784042 -0.620082 0.012405 0.178223 1 0 1.0
0 2.874461 -3.527007 -3.716910 -0.027859 -0.784042 -0.620082 0.012405 0.178223 1 0 1.0
0 3.191225 -5.139442 -1.692350 -0.027859 -0.784042 -0.620082 0.012405 0.178223 1 0 1.0
Default
0 -5.548091 -3.834361 -0.925265 -0.422773 -0.615481 -0.665166 0.012405 0.178223 1 0 1.0
0 -6.576553 -1.791520 -2.161835 -0.422773 -0.615481 -0.665166 0.012405 0.178223 1 0 1.0
0 -4.732317 -3.430866 -1.817119 -0.422773 -0.615481 -0.665166 0.012405 0.178223 1 0 1.0
Default
0 -8.128272 -3.252869 -0.927335 -0.188957 -0.625804 -0.756746 0.012405 0.178223 1 0 1.0
0 -10.916530 -2.865543 -0.551422 -0.188957 -0.625804 -0.756746 0.012405 0.178223 1 0 1.0
0 -10.306805 -1.757111 -1.620306 -0.188957 -0.625804 -0.756746 0.012405 0.178223 1 0 1.0
Default
0 -10.916530 -2.865543 -0.551422 -0.097523 -0.959289 0.265054 0.012405 0.178223 1 0 1.0
0 -8.128272 -3.252869 -0.927335 -0.097523 -0.959289 0.265054 0.012405 0.178223 1 0 1.0
0 -9.043820 -2.773245 0.471669 -0.097523 -0.959289 0.265054 0.012405 0.178223 1 0 1.0
Default
0 -12.914091 -2.659864 0.305206 -0.224386 -0.926953 -0.300680 0.012405 0.178223 1 0 1.0
0 -13.563490 -2.023987 -1.170489 -0.224386 -0.926953 -0.300680 0.012405 0.178223 1 0 1.0
0 -10.916530 -2.865543 -0.551422 -0.224386 -0.926953 -0.300680 0.012405 0.178223 1 0 1.0
Default
0 -16.368198 -2.300106 -0.110438 -0.153796 -0.951836 -0.265245 0.012405 0.178223 1 0 1.0
0 -15.818189 -1.944369 -1.705917 -0.153796 -0.951836 -0.265245 0.012405 0.178223 1 0 1.0
0 -14.828418 -2.490772 -0.319030 -0.153796 -0.951836 -0.265245 0.012405 0.178223 1 0 1.0
Default
0 -16.815786 -1.908787 -1.612500 -0.056687 -0.970135 -0.235849 0.012405 0.178223 1 0 1.0
0 -15.818189 -1.944369 -1.705917 -0.056687 -0.970135 -0.235849 0.012405 0.178223 1 0 1.0
0 -16.368198 -2.300106 -0.110438 -0.056687 -0.970135 -0.235849 0.012405 0.178223 1 0 1.0
Default
0 -16.815786 -1.908787 -1.612500 -0.056687 -0.970135 -0.235849 0.012405 0.178223 1 0 1.0
0 -17.962739 -2.234755 0.470965 -0.068801 -0.979162 -0.191069 0.012405 0.178223 1 0 1.0
0 -19.073229 -2.100019 0.180358 -0.068801 -0.979162 -0.191069 0.012405 0.178223 1 0 1.0
Default
0 -19.073229 -2.100019 0.180358 -0.068801 -0.979162 -0.191069 0.012405 0.178223 1 0 1.0
0 -17.354982 -1.889556 -1.562009 -0.050944 -0.984276 -0.169131 0.012405 0.178223 1 0 1.0
0 -16.815786 -1.908787 -1.612500 -0.050944 -0.984276 -0.169131 0.012405 0.178223 1 0 1.0
Default
0 -20.414168 -1.989574 -0.402262 -0.020708 -0.989935 -0.139997 0.012405 0.178223 1 0 1.0
0 -17.354982 -1.889556 -1.562009 -0.050944 -0.984276 -0.169131 0.012405 0.178223 1 0 1.0
0 -19.073229 -2.100019 0.180358 -0.020708 -0.989935 -0.139997 0.012405 0.178223 1 0 1.0
Default
0 -1.998157 -4.480651 -1.151346 -0.232084 -0.758163 -0.609365 0.012405 0.178223 1 0 1.0
0 0.044504 -3.857729 -2.704349 -0.232084 -0.758163 -0.609365 0.012405 0.178223 1 0 1.0
0 1.360135 -5.107291 -1.650736 -0.232084 -0.758163 -0.609365 0.012405 0.178223 1 0 1.0
Default
0 -13.563490 -2.023987 -1.170489 -0.045266 -0.680423 -0.731420 0.012405 0.178223 1 0 1.0
0 -10.306805 -1.757111 -1.620306 -0.045266 -0.680423 -0.731420 0.012405 0.178223 1 0 1.0
0 -10.916530 -2.865543 -0.551422 -0.045266 -0.680423 -0.731420 0.012405 0.178223 1 0 1.0
Default
0 10.473987 -5.456053 1.470448 -0.081616 -0.961042 0.264078 0.012405 0.178223 1 0 1.0
0 6.395639 -5.212620 1.095907 -0.081616 -0.961042 0.264078 0.012405 0.178223 1 0 1.0
0 8.268353 -5.577493 0.346823 -0.081616 -0.961042 0.264078 0.012405 0.178223 1 0 1.0
Default
0 8.268353 -5.577493 0.346823 -0.157989 -0.983840 0.084249 0.012405 0.178223 1 0 1.0
0 6.395639 -5.212620 1.095907 -0.157989 -0.983840 0.084249 0.012405 0.178223 1 0 1.0
0 7.519271 -5.646078 -1.858815 -0.157989 -0.983840 0.084249 0.012405 0.178223 1 0 1.0
Default
0 7.519271 -5.646078 -1.858815 -0.208167 -0.805143 -0.555348 0.012405 0.178223 1 0 1.0
0 8.548043 -4.145625 -4.419793 -0.208167 -0.805143 -0.555348 0.012405 0.178223 1 0 1.0
0 10.182678 -5.832721 -2.586571 -0.208167 -0.805143 -0.555348 0.012405 0.178223 1 0 1.0
Default
0 5.521708 -5.547405 -1.971193 -0.010894 -0.839408 -0.543393 0.012405 0.178223 1 0 1.0
0 5.556385 -3.988529 -4.379968 -0.010894 -0.839408 -0.543393 0.012405 0.178223 1 0 1.0
0 7.519271 -5.646078 -1.858815 -0.010894 -0.839408 -0.543393 0.012405 0.178223 1 0 1.0
Default
0 7.519271 -5.646078 -1.858815 -0.051690 -0.852468 -0.520217 0.012405 0.178223 1 0 1.0
0 5.556385 -3.988529 -4.379968 -0.051690 -0.852468 -0.520217 0.012405 0.178223 1 0 1.0
0 8.548043 -4.145625 -4.419793 -0.051690 -0.852468 -0.520217 0.012405 0.178223 1 0 1.0
Default
0 2.874461 -3.527007 -3.716910 -0.154481 -0.726880 -0.669165 0.012405 0.178223 1 0 1.0
0 1.360135 -5.107291 -1.650736 -0.154481 -0.726880 -0.669165 0.012405 0.178223 1 0 1.0
0 0.044504 -3.857729 -2.704349 -0.154481 -0.726880 -0.669165 0.012405 0.178223 1 0 1.0
Default
0 5.556385 -3.988529 -4.379968 -0.268897 -0.806838 -0.526029 0.012405 0.178223 1 0 1.0
0 5.521708 -5.547405 -1.971193 -0.268897 -0.806838 -0.526029 0.012405 0.178223 1 0 1.0
0 2.874461 -3.527007 -3.716910 -0.268897 -0.806838 -0.526029 0.012405 0.178223 1 0 1.0
Default
0 10.182678 -5.832721 -2.586571 -0.209520 -0.675494 -0.706972 0.012405 0.178223 1 0 1.0
0 11.748881 -4.200450 -4.610329 -0.209520 -0.675494 -0.706972 0.012405 0.178223 1 0 1.0
0 12.471543 -5.736352 -3.356982 -0.209520 -0.675494 -0.706972 0.012405 0.178223 1 0 1.0
Default
0 10.182678 -5.832721 -2.586571 -0.051719 -0.757394 -0.650906 0.012405 0.178223 1 0 1.0
0 8.548043 -4.145625 -4.419793 -0.051719 -0.757394 -0.650906 0.012405 0.178223 1 0 1.0
0 11.748881 -4.200450 -4.610329 -0.051719 -0.757394 -0.650906 0.012405 0.178223 1 0 1.0
Default
0 17.525822 -4.367422 -4.428230 0.082351 -0.647602 -0.757515 0.012405 0.178223 1 0 1.0
0 15.051723 -5.496988 -3.731524 0.082351 -0.647602 -0.757515 0.012405 0.178223 1 0 1.0
0 14.714560 -3.856412 -5.170713 0.082351 -0.647602 -0.757515 0.012405 0.178223 1 0 1.0
Default
0 26.367809 -2.820061 -4.651184 -0.282377 -0.773692 -0.567155 0.010849 0.173462 1 0 1.0
0 24.715969 -3.384412 -3.058891 -0.282377 -0.773692 -0.567155 0.010849 0.173462 1 0 1.0
0 24.998729 -2.426055 -4.507034 -0.282377 -0.773692 -0.567155 0.010849 0.173462 1 0 1.0
Default
0 26.533510 -3.273417 -3.281941 0.048700 -0.946418 -0.319252 0.010849 0.204468 1 0 1.0
0 26.367809 -2.820061 -4.651184 0.048700 -0.946418 -0.319252 0.010849 0.204468 1 0 1.0
0 28.212492 -2.712231 -4.689449 0.048700 -0.946418 -0.319252 0.010849 0.204468 1 0 1.0
Default
0 24.998729 -2.426055 -4.507034 -0.070582 -0.825447 -0.560049 0.010849 0.175049 1 0 1.0
0 24.715969 -3.384412 -3.058891 -0.070582 -0.825447 -0.560049 0.010849 0.175049 1 0 1.0
0 23.106362 -2.677562 -3.897848 -0.070582 -0.825447 -0.560049 0.010849 0.175049 1 0 1.0
Default
0 19.530572 -3.238562 -4.449905 0.407923 -0.734836 -0.541862 0.012405 0.178223 1 0 1.0
0 18.213913 -4.903093 -3.183783 0.407923 -0.734836 -0.541862 0.012032 0.177124 1 0 1.0
0 17.525822 -4.367422 -4.428230 0.407923 -0.734836 -0.541862 0.012405 0.178223 1 0 1.0
Default
0 20.791876 -2.983945 -3.777309 0.427914 -0.736731 -0.523562 0.012405 0.178223 1 0 1.0
0 18.213913 -4.903093 -3.183783 0.427914 -0.736731 -0.523562 0.012032 0.177124 1 0 1.0
0 19.530572 -3.238562 -4.449905 0.427914 -0.736731 -0.523562 0.012405 0.178223 1 0 1.0
Default
0 -16.368198 -2.300106 -0.110438 -0.118836 -0.968909 -0.217009 0.012405 0.178223 1 0 1.0
0 -17.962739 -2.234755 0.470965 -0.118836 -0.968909 -0.217009 0.012405 0.178223 1 0 1.0
0 -16.815786 -1.908787 -1.612500 -0.118836 -0.968909 -0.217009 0.012405 0.178223 1 0 1.0
Default
0 -14.828418 -2.490772 -0.319030 -0.046006 -0.882858 0.467381 0.012405 0.178223 1 0 1.0
0 -13.619606 -1.945520 0.829913 -0.046006 -0.882858 0.467381 0.012405 0.178223 1 0 1.0
0 -16.368198 -2.300106 -0.110438 -0.046006 -0.882858 0.467381 0.012405 0.178223 1 0 1.0
Default
0 -12.914091 -2.659864 0.305206 -0.269641 -0.728704 0.629511 0.012405 0.178223 1 0 1.0
0 -13.619606 -1.945520 0.829913 -0.269641 -0.728704 0.629511 0.012405 0.178223 1 0 1.0
0 -14.828418 -2.490772 -0.319030 -0.269641 -0.728704 0.629511 0.012405 0.178223 1 0 1.0
Default
0 -10.916530 -2.865543 -0.551422 0.090768 -0.899395 0.427609 0.012405 0.178223 1 0 1.0
0 -10.066675 -1.929236 1.237526 0.090768 -0.899395 0.427609 0.012405 0.178223 1 0 1.0
0 -12.914091 -2.659864 0.305206 0.090768 -0.899395 0.427609 0.012405 0.178223 1 0 1.0
Default
0 -9.043820 -2.773245 0.471669 -0.256038 -0.801143 0.540939 0.012405 0.178223 1 0 1.0
0 -10.066675 -1.929236 1.237526 -0.256038 -0.801143 0.540939 0.012405 0.178223 1 0 1.0
0 -10.916530 -2.865543 -0.551422 -0.256038 -0.801143 0.540939 0.012405 0.178223 1 0 1.0
Default
0 -9.043820 -2.773245 0.471669 -0.178486 -0.668575 0.721907 0.012405 0.178223 1 0 1.0
0 -6.172325 -3.405026 0.596516 -0.178486 -0.668575 0.721907 0.012405 0.178223 1 0 1.0
0 -7.583287 -1.715782 1.812114 -0.178486 -0.668575 0.721907 0.012405 0.178223 1 0 1.0
Default
0 -9.043820 -2.773245 0.471669 -0.094156 -0.729169 0.677825 0.012405 0.178223 1 0 1.0
0 -7.583287 -1.715782 1.812114 -0.094156 -0.729169 0.677825 0.012405 0.178223 1 0 1.0
0 -10.066675 -1.929236 1.237526 -0.094156 -0.729169 0.677825 0.012405 0.178223 1 0 1.0
Default
0 -16.368198 -2.300106 -0.110438 0.045375 -0.971269 0.233616 0.012405 0.178223 1 0 1.0
0 -13.619606 -1.945520 0.829913 0.045375 -0.971269 0.233616 0.012405 0.178223 1 0 1.0
0 -17.962739 -2.234755 0.470965 0.045375 -0.971269 0.233616 0.012405 0.178223 1 0 1.0
Default
0 -20.414168 -1.989574 -0.402262 0.098125 -0.767903 0.633006 0.012405 0.178223 1 0 1.0
0 -22.571717 -1.014790 1.114702 0.098125 -0.767903 0.633006 0.012405 0.178223 1 0 1.0
0 -22.292663 -1.971780 -0.089482 0.098125 -0.767903 0.633006 0.012405 0.178223 1 0 1.0
Default
0 -24.546856 -1.761466 0.060135 -0.000777 -0.815450 0.578826 0.012405 0.178223 1 0 1.0
0 -22.571717 -1.014790 1.114702 -0.000777 -0.815450 0.578826 0.012405 0.178223 1 0 1.0
0 -27.870338 -1.409566 0.551434 -0.000777 -0.815450 0.578826 0.012405 0.178223 1 0 1.0
Default
0 -22.292663 -1.971780 -0.089482 -0.032376 -0.786111 0.617237 0.012405 0.178223 1 0 1.0
0 -22.571717 -1.014790 1.114702 -0.032376 -0.786111 0.617237 0.012405 0.178223 1 0 1.0
0 -24.546856 -1.761466 0.060135 -0.032376 -0.786111 0.617237 0.012405 0.178223 1 0 1.0
Default
0 -29.777722 -1.199618 0.435832 0.055063 -0.819157 0.570920 0.012405 0.178223 1 0 1.0
0 -29.627688 -0.753992 1.060746 0.055063 -0.819157 0.570920 0.012405 0.178223 1 0 1.0
0 -32.320918 -1.169148 0.724832 0.055063 -0.819157 0.570920 0.012405 0.178223 1 0 1.0
Default
0 -27.870338 -1.409566 0.551434 -0.123464 -0.793708 0.595637 0.012405 0.178223 1 0 1.0
0 -29.627688 -0.753992 1.060746 -0.123464 -0.793708 0.595637 0.012405 0.178223 1 0 1.0
0 -29.777722 -1.199618 0.435832 -0.123464 -0.793708 0.595637 0.012405 0.178223 1 0 1.0
Default
0 -33.817558 -0.886449 0.990643 0.008350 -0.661169 0.750191 0.012405 0.178223 1 0 1.0
0 -32.320918 -1.169148 0.724832 0.008350 -0.661169 0.750191 0.012405 0.178223 1 0 1.0
0 -29.627688 -0.753992 1.060746 0.008350 -0.661169 0.750191 0.012405 0.178223 1 0 1.0
Default
0 -29.627688 -0.753992 1.060746 0.008350 -0.661169 0.750191 0.012405 0.178223 1 0 1.0
0 -27.870338 -1.409566 0.551434 -0.030209 -0.662470 0.748479 0.012405 0.178223 1 0 1.0
0 -22.571717 -1.014790 1.114702 -0.030209 -0.662470 0.748479 0.012405 0.178223 1 0 1.0
Default
0 -13.619606 -1.945520 0.829913 -0.084414 -0.642687 0.761464 0.012405 0.178223 1 0 1.0
0 -12.914091 -2.659864 0.305206 -0.084414 -0.642687 0.761464 0.012405 0.178223 1 0 1.0
0 -10.066675 -1.929236 1.237526 -0.084414 -0.642687 0.761464 0.012405 0.178223 1 0 1.0
Default
0 -5.910700 -1.966917 2.266555 -0.027919 -0.655821 0.754400 0.012405 0.178223 1 0 1.0
0 -3.925072 -3.924644 0.638133 -0.027919 -0.655821 0.754400 0.012405 0.178223 1 0 1.0
0 -3.799203 -2.090049 2.237656 -0.027919 -0.655821 0.754400 0.012405 0.178223 1 0 1.0
Default
0 -7.583287 -1.715782 1.812114 -0.282649 -0.704526 0.650962 0.012405 0.178223 1 0 1.0
0 -6.172325 -3.405026 0.596516 -0.282649 -0.704526 0.650962 0.012405 0.178223 1 0 1.0
0 -5.910700 -1.966917 2.266555 -0.282649 -0.704526 0.650962 0.012405 0.178223 1 0 1.0
Default
0 -5.910700 -1.966917 2.266555 -0.181209 -0.731004 0.657872 0.012405 0.178223 1 0 1.0
0 -6.172325 -3.405026 0.596516 -0.181209 -0.731004 0.657872 0.012405 0.178223 1 0 1.0
0 -3.925072 -3.924644 0.638133 -0.181209 -0.731004 0.657872 0.012405 0.178223 1 0 1.0
Default
0 -1.407314 -2.976708 2.364337 -0.098979 -0.738640 0.666793 0.012405 0.178223 1 0 1.0
0 1.110433 -4.872386 0.638133 -0.098979 -0.738640 0.666793 0.012405 0.178223 1 0 1.0
0 0.818488 -3.337671 2.294879 -0.098979 -0.738640 0.666793 0.012405 0.178223 1 0 1.0
Default
0 -1.178433 -4.330244 0.638133 -0.116515 -0.789014 0.603226 0.012405 0.178223 1 0 1.0
0 -1.407314 -2.976708 2.364337 -0.116515 -0.789014 0.603226 0.012405 0.178223 1 0 1.0
0 -3.925072 -3.924644 0.638133 -0.116515 -0.789014 0.603226 0.012405 0.178223 1 0 1.0
Default
0 0.818488 -3.337671 2.294879 -0.167564 -0.737782 0.653912 0.012405 0.178223 1 0 1.0
0 1.110433 -4.872386 0.638133 -0.167564 -0.737782 0.653912 0.012405 0.178223 1 0 1.0
0 3.877792 -3.663214 2.711522 -0.167564 -0.737782 0.653912 0.012405 0.178223 1 0 1.0
Default
0 9.325470 -4.162344 3.080256 -0.092141 -0.807237 0.582991 0.012405 0.178223 1 0 1.0
0 10.473987 -5.456053 1.470448 -0.092141 -0.807237 0.582991 0.012405 0.178223 1 0 1.0
0 11.870655 -4.382682 3.177429 -0.092141 -0.807237 0.582991 0.012405 0.178223 1 0 1.0
Default
0 13.751823 -4.300060 3.163264 0.085782 -0.782075 0.617252 0.012405 0.178223 1 0 1.0
0 15.551104 -5.537292 1.345601 0.085782 -0.782075 0.617252 0.012405 0.178223 1 0 1.0
0 16.697821 -4.070502 3.044705 0.085782 -0.782075 0.617252 0.012405 0.178223 1 0 1.0
Default
0 11.870655 -4.382682 3.177429 0.042750 -0.898428 0.437034 0.012405 0.178223 1 0 1.0
0 12.804471 -5.290060 1.220752 0.042750 -0.898428 0.437034 0.012405 0.178223 1 0 1.0
0 13.751823 -4.300060 3.163264 0.042750 -0.898428 0.437034 0.012405 0.178223 1 0 1.0
Default
0 13.751823 -4.300060 3.163264 -0.100218 -0.865854 0.490157 0.012405 0.178223 1 0 1.0
0 12.804471 -5.290060 1.220752 -0.100218 -0.865854 0.490157 0.012405 0.178223 1 0 1.0
0 15.551104 -5.537292 1.345601 -0.100218 -0.865854 0.490157 0.012405 0.178223 1 0 1.0
Default
0 19.078109 -3.746592 2.796391 0.427088 -0.769819 0.474315 0.012405 0.178223 1 0 1.0
0 20.912845 -4.023483 0.694939 0.427088 -0.769819 0.474315 0.012405 0.178223 1 0 1.0
0 20.860414 -3.012476 2.383023 0.427088 -0.769819 0.474315 0.012405 0.178223 1 0 1.0
Default
0 16.697821 -4.070502 3.044705 0.167618 -0.853462 0.493465 0.012405 0.178223 1 0 1.0
0 18.256132 -5.179976 0.596516 0.167618 -0.853462 0.493465 0.012405 0.178223 1 0 1.0
0 19.078109 -3.746592 2.796391 0.167618 -0.853462 0.493465 0.012405 0.178223 1 0 1.0
Default
0 19.107306 -4.767498 0.655887 0.376182 -0.834292 0.403044 0.012405 0.178223 1 0 1.0
0 19.960991 -4.353805 0.715433 0.376182 -0.834292 0.403044 0.012405 0.178223 1 0 1.0
0 19.078109 -3.746592 2.796391 0.376182 -0.834292 0.403044 0.012405 0.178223 1 0 1.0
Default
0 25.607200 -3.530778 1.490964 0.131830 -0.901227 0.412808 0.012405 0.178223 1 0 1.0
0 26.995443 -3.908968 0.221976 0.131830 -0.901227 0.412808 0.012405 0.178223 1 0 1.0
0 27.962838 -3.414800 0.991888 0.131830 -0.901227 0.412808 0.012405 0.178223 1 0 1.0
Default
0 22.587362 -2.925061 1.258479 -0.208684 -0.865971 0.454473 0.012405 0.178223 1 0 1.0
0 24.415267 -3.800324 0.430054 -0.208684 -0.865971 0.454473 0.012405 0.178223 1 0 1.0
0 25.607200 -3.530778 1.490964 -0.208684 -0.865971 0.454473 0.012405 0.178223 1 0 1.0
Default
0 25.607200 -3.530778 1.490964 -0.019102 -0.963698 0.266309 0.012405 0.178223 1 0 1.0
0 24.415267 -3.800324 0.430054 -0.019102 -0.963698 0.266309 0.012405 0.178223 1 0 1.0
0 26.995443 -3.908968 0.221976 -0.019102 -0.963698 0.266309 0.012405 0.178223 1 0 1.0
Default
0 20.860414 -3.012476 2.383023 0.358011 -0.796099 0.487909 0.012405 0.178223 1 0 1.0
0 20.912845 -4.023483 0.694939 0.358011 -0.796099 0.487909 0.012405 0.178223 1 0 1.0
0 22.587362 -2.925061 1.258479 0.358011 -0.796099 0.487909 0.012405 0.178223 1 0 1.0
Default
0 -1.178433 -4.330244 0.638133 -0.185942 -0.785028 0.590895 0.012405 0.178223 1 0 1.0
0 1.110433 -4.872386 0.638133 -0.185942 -0.785028 0.590895 0.012405 0.178223 1 0 1.0
0 -1.407314 -2.976708 2.364337 -0.185942 -0.785028 0.590895 0.012405 0.178223 1 0 1.0
Default
0 -3.925072 -3.924644 0.638133 -0.269592 -0.622260 0.734924 0.012405 0.178223 1 0 1.0
0 -1.407314 -2.976708 2.364337 -0.269592 -0.622260 0.734924 0.012405 0.178223 1 0 1.0
0 -3.799203 -2.090049 2.237656 -0.269592 -0.622260 0.734924 0.012405 0.178223 1 0 1.0
Default
0 10.473987 -5.456053 1.470448 0.112134 -0.879977 0.461592 0.012405 0.178223 1 0 1.0
0 12.804471 -5.290060 1.220752 0.112134 -0.879977 0.461592 0.012405 0.178223 1 0 1.0
0 11.870655 -4.382682 3.177429 0.112134 -0.879977 0.461592 0.012405 0.178223 1 0 1.0
Default
0 1.110433 -4.872386 0.638133 -0.011577 -0.856975 0.515228 0.012405 0.178223 1 0 1.0
0 3.815479 -5.209170 0.138744 -0.011577 -0.856975 0.515228 0.012405 0.178223 1 0 1.0
0 3.877792 -3.663214 2.711522 -0.011577 -0.856975 0.515228 0.012405 0.178223 1 0 1.0
Default
0 3.877792 -3.663214 2.711522 -0.189966 -0.839510 0.509054 0.012405 0.178223 1 0 1.0
0 3.815479 -5.209170 0.138744 -0.189966 -0.839510 0.509054 0.012405 0.178223 1 0 1.0
0 6.395639 -5.212620 1.095907 -0.189966 -0.839510 0.509054 0.012405 0.178223 1 0 1.0
Default
0 27.962838 -3.414800 0.991888 0.171452 -0.912873 0.370496 0.012405 0.178223 1 0 1.0
0 26.995443 -3.908968 0.221976 0.171452 -0.912873 0.370496 0.012405 0.178223 1 0 1.0
0 29.242696 -3.605128 -0.069335 0.171452 -0.912873 0.370496 0.012405 0.178223 1 0 1.0
Default
0 29.879285 -2.594754 0.552702 0.224331 -0.878765 0.421247 0.012405 0.178223 1 0 1.0
0 31.448333 -2.711828 -0.527109 0.224331 -0.878765 0.421247 0.012405 0.178223 1 0 1.0
0 31.920402 -2.284535 0.112877 0.224331 -0.878765 0.421247 0.012405 0.178223 1 0 1.0
Default
0 35.667516 -1.249225 -0.384360 0.336802 -0.884050 0.324069 0.012405 0.178223 1 0 1.0
0 33.407168 -2.059810 -0.246457 0.336802 -0.884050 0.324069 0.012405 0.178223 1 0 1.0
0 35.276990 -1.648652 -1.068115 0.336802 -0.884050 0.324069 0.012405 0.178223 1 0 1.0
Default
0 31.920402 -2.284535 0.112877 0.175758 -0.977595 0.115832 0.012405 0.178223 1 0 1.0
0 33.229037 -2.166680 -0.878119 0.175758 -0.977595 0.115832 0.012405 0.178223 1 0 1.0
0 33.407168 -2.059810 -0.246457 0.175758 -0.977595 0.115832 0.012405 0.178223 1 0 1.0
Default
0 1.360135 -5.107291 -1.650736 -0.229843 -0.970371 0.074514 0.012405 0.178223 1 0 1.0
0 1.110433 -4.872386 0.638133 -0.229843 -0.970371 0.074514 0.012405 0.178223 1 0 1.0
0 -1.178433 -4.330244 0.638133 -0.229843 -0.970371 0.074514 0.012405 0.178223 1 0 1.0
Default
0 3.191225 -5.139442 -1.692350 -0.170023 -0.985228 0.020446 0.012405 0.178223 1 0 1.0
0 5.521708 -5.547405 -1.971193 -0.170023 -0.985228 0.020446 0.012405 0.178223 1 0 1.0
0 3.815479 -5.209170 0.138744 -0.170023 -0.985228 0.020446 0.012405 0.178223 1 0 1.0
Default
0 33.407168 -2.059810 -0.246457 0.252192 -0.963307 0.091863 0.012405 0.178223 1 0 1.0
0 33.229037 -2.166680 -0.878119 0.252192 -0.963307 0.091863 0.012405 0.178223 1 0 1.0
0 35.276990 -1.648652 -1.068115 0.252192 -0.963307 0.091863 0.012405 0.178223 1 0 1.0
Default
0 33.229037 -2.166680 -0.878119 0.335858 -0.878794 0.338998 0.012405 0.178223 1 0 1.0
0 31.920402 -2.284535 0.112877 0.335858 -0.878794 0.338998 0.012405 0.178223 1 0 1.0
0 31.448333 -2.711828 -0.527109 0.335858 -0.878794 0.338998 0.012405 0.178223 1 0 1.0
Default
0 28.616543 -2.768996 -2.386633 0.324509 -0.924030 -0.202143 0.012405 0.178223 1 0 1.0
0 26.995443 -3.908968 0.221976 0.324509 -0.924030 -0.202143 0.012405 0.178223 1 0 1.0
0 27.222060 -3.203734 -2.637983 0.324509 -0.924030 -0.202143 0.012405 0.178223 1 0 1.0
Default
0 29.242696 -3.605128 -0.069335 0.079511 -0.930611 -0.357268 0.012405 0.178223 1 0 1.0
0 26.995443 -3.908968 0.221976 0.079511 -0.930611 -0.357268 0.012405 0.178223 1 0 1.0
0 28.616543 -2.768996 -2.386633 0.079511 -0.930611 -0.357268 0.012405 0.178223 1 0 1.0
Default
0 22.773778 -4.027670 -0.513221 -0.174425 -0.844124 0.506983 0.011627 0.175903 1 0 1.0
0 24.415267 -3.800324 0.430054 -0.174425 -0.844124 0.506983 0.011627 0.175903 1 0 1.0
0 22.587362 -2.925061 1.258479 -0.174425 -0.844124 0.506983 0.011627 0.175903 1 0 1.0
Default
0 26.533510 -3.273417 -3.281941 0.041734 -0.987594 -0.151382 0.012405 0.178223 1 0 1.0
0 24.623345 -3.629689 -1.484272 0.041734 -0.987594 -0.151382 0.012405 0.178223 1 0 1.0
0 24.715969 -3.384412 -3.058891 0.041734 -0.987594 -0.151382 0.012405 0.178223 1 0 1.0
Default
0 22.778901 -3.475253 -2.349808 -0.149252 -0.843607 -0.515801 0.011627 0.175903 1 0 1.0
0 22.151308 -3.165740 -2.674426 -0.149252 -0.843607 -0.515801 0.011627 0.175903 1 0 1.0
0 24.715969 -3.384412 -3.058891 -0.149252 -0.843607 -0.515801 0.011627 0.175903 1 0 1.0
Default
0 19.130711 -4.575232 -1.357601 0.319406 -0.947567 0.009768 0.011627 0.175903 1 0 1.0
0 17.007659 -5.287458 -1.026498 0.319406 -0.947567 0.009768 0.011627 0.175903 1 0 1.0
0 18.213913 -4.903093 -3.183783 0.289853 -0.957034 -0.008443 0.012032 0.177124 1 0 1.0
Default
0 17.007659 -5.287458 -1.026498 0.289853 -0.957034 -0.008443 0.012405 0.178223 1 0 1.0
0 15.967271 -5.589339 -2.524666 0.289853 -0.957034 -0.008443 0.012405 0.178223 1 0 1.0
0 18.213913 -4.903093 -3.183783 0.289853 -0.957034 -0.008443 0.012032 0.177124 1 0 1.0
Default
0 15.675959 -5.674710 -0.110951 0.279048 -0.960277 -0.000286 0.012405 0.178223 1 0 1.0
0 15.967271 -5.589339 -2.524666 0.289853 -0.957034 -0.008443 0.012405 0.178223 1 0 1.0
0 17.007659 -5.287458 -1.026498 0.289853 -0.957034 -0.008443 0.012405 0.178223 1 0 1.0
Default
0 22.317772 -3.695877 -0.801714 0.315389 -0.939540 0.133393 0.011627 0.175903 1 0 1.0
0 22.390050 -3.568713 -0.076940 0.315389 -0.939540 0.133393 0.011627 0.175903 1 0 1.0
0 21.301568 -3.969901 -0.329111 0.315389 -0.939540 0.133393 0.011627 0.175903 1 0 1.0
Default
0 18.256132 -5.179976 0.596516 0.253376 -0.810258 0.528472 0.012405 0.178223 1 0 1.0
0 16.697821 -4.070502 3.044705 0.253376 -0.810258 0.528472 0.012405 0.178223 1 0 1.0
0 15.551104 -5.537292 1.345601 0.253376 -0.810258 0.528472 0.012405 0.178223 1 0 1.0
Default
0 11.556000 -5.762061 -0.110951 0.095569 -0.963063 0.251747 0.012405 0.178223 1 0 1.0
0 12.804471 -5.290060 1.220752 0.095569 -0.963063 0.251747 0.012405 0.178223 1 0 1.0
0 10.473987 -5.456053 1.470448 0.095569 -0.963063 0.251747 0.012405 0.178223 1 0 1.0
Default
0 11.556000 -5.762061 -0.110951 0.022110 -0.948664 0.315511 0.012405 0.178223 1 0 1.0
0 13.678399 -5.837161 -0.485492 0.022110 -0.948664 0.315511 0.012405 0.178223 1 0 1.0
0 12.804471 -5.290060 1.220752 0.022110 -0.948664 0.315511 0.012405 0.178223 1 0 1.0
Default
0 15.967271 -5.589339 -2.524666 0.110607 -0.993625 -0.021795 0.012405 0.178223 1 0 1.0
0 15.675959 -5.674710 -0.110951 0.110607 -0.993625 -0.021795 0.012405 0.178223 1 0 1.0
0 13.428704 -5.893832 -1.525887 0.110607 -0.993625 -0.021795 0.012405 0.178223 1 0 1.0
Default
0 -22.292663 -1.971780 -0.089482 -0.107217 -0.793710 -0.598772 0.012405 0.178223 1 0 1.0
0 -21.172814 -1.208892 -1.301263 -0.107217 -0.793710 -0.598772 0.012405 0.178223 1 0 1.0
0 -20.414168 -1.989574 -0.402262 -0.107217 -0.793710 -0.598772 0.012405 0.178223 1 0 1.0
Default
0 -22.292663 -1.971780 -0.089482 0.034754 -0.859916 -0.509251 0.012405 0.178223 1 0 1.0
0 -24.869253 -1.447222 -1.151085 0.034754 -0.859916 -0.509251 0.012405 0.178223 1 0 1.0
0 -21.172814 -1.208892 -1.301263 0.034754 -0.859916 -0.509251 0.012405 0.178223 1 0 1.0
Default
0 -33.817558 -0.886449 0.990643 -0.207288 -0.968648 -0.136943 0.012405 0.178223 1 0 1.0
0 -32.382558 -1.082519 0.205384 -0.207288 -0.968648 -0.136943 0.012405 0.178223 1 0 1.0
0 -32.320918 -1.169148 0.724832 -0.207288 -0.968648 -0.136943 0.012405 0.178223 1 0 1.0
Default
0 -36.065327 -0.883458 0.896783 -0.010646 -0.974558 0.223882 0.012405 0.178223 1 0 1.0
0 -32.382558 -1.082519 0.205384 -0.010646 -0.974558 0.223882 0.012405 0.178223 1 0 1.0
0 -33.817558 -0.886449 0.990643 -0.010646 -0.974558 0.223882 0.012405 0.178223 1 0 1.0
Default
0 -32.320918 -1.169148 0.724832 -0.030109 -0.986504 -0.160947 0.012405 0.178223 1 0 1.0
0 -32.382558 -1.082519 0.205384 -0.030109 -0.986504 -0.160947 0.012405 0.178223 1 0 1.0
0 -29.777722 -1.199618 0.435832 -0.030109 -0.986504 -0.160947 0.012405 0.178223 1 0 1.0
Default
0 -28.450407 -1.214657 -0.742629 -0.041846 -0.998532 -0.034390 0.012405 0.178223 1 0 1.0
0 -29.777722 -1.199618 0.435832 -0.041846 -0.998532 -0.034390 0.012405 0.178223 1 0 1.0
0 -32.382558 -1.082519 0.205384 -0.041846 -0.998532 -0.034390 0.012405 0.178223 1 0 1.0
Default
0 -40.206625 -0.238852 1.630688 -0.367292 -0.926543 0.081332 0.012405 0.178223 1 0 1.0
0 -40.336911 -0.238853 1.042317 -0.367292 -0.926543 0.081332 0.012405 0.178223 1 0 1.0
0 -39.340152 -0.615889 1.248388 -0.367292 -0.926543 0.081332 0.012405 0.178223 1 0 1.0
Default
0 -38.482235 -0.575259 0.804580 -0.216096 -0.841717 -0.494787 0.012405 0.178223 1 0 1.0
0 -39.340152 -0.615889 1.248388 -0.216096 -0.841717 -0.494787 0.012405 0.178223 1 0 1.0
0 -40.336911 -0.238853 1.042317 -0.216096 -0.841717 -0.494787 0.012405 0.178223 1 0 1.0
Default
0 -36.065327 -0.883458 0.896783 -0.130576 -0.980942 0.143883 0.012405 0.178223 1 0 1.0
0 -37.998168 -0.575259 1.243880 -0.130576 -0.980942 0.143883 0.012405 0.178223 1 0 1.0
0 -38.482235 -0.575259 0.804580 -0.130576 -0.980942 0.143883 0.012405 0.178223 1 0 1.0
Default
0 6.874398 -0.000000 6.255220 0.188925 -0.590191 0.784846 0.012405 0.201416 1 0 1.0
0 10.012830 -0.314124 5.263536 0.188925 -0.590191 0.784846 0.012405 0.201416 1 0 1.0
0 9.777143 -0.000000 5.556485 0.188925 -0.590191 0.784846 0.012405 0.201416 1 0 1.0
Default
0 8.779933 -2.635264 3.746292 -0.157696 -0.285412 0.945342 0.012405 0.178223 1 0 1.0
0 9.095901 -1.230495 4.223119 -0.157696 -0.285412 0.945342 0.012405 0.178223 1 0 1.0
0 7.353523 -0.703578 4.091549 -0.157696 -0.285412 0.945342 0.012405 0.178223 1 0 1.0
Default
0 9.777143 -0.000000 5.556485 0.248206 -0.554523 0.794291 0.012405 0.201416 1 0 1.0
0 10.012830 -0.314124 5.263536 0.248206 -0.554523 0.794291 0.012405 0.201416 1 0 1.0
0 11.995867 -0.699490 4.374827 0.248206 -0.554523 0.794291 0.012405 0.201416 1 0 1.0
Default
0 0.605504 0.000000 -5.255282 0.005432 -0.917846 -0.396899 0.012405 0.201416 1 0 1.0
0 2.270446 -0.489501 -4.100505 0.005432 -0.917846 -0.396899 0.012405 0.201416 1 0 1.0
0 -0.060861 -0.744029 -3.543803 0.005432 -0.917846 -0.396899 0.012405 0.201416 1 0 1.0
Default
0 -15.757276 -0.810670 -2.062340 0.626353 -0.097572 -0.773409 0.012405 0.201416 1 0 1.0
0 -17.054938 0.000000 -3.215534 0.626353 -0.097572 -0.773409 0.012405 0.201416 1 0 1.0
0 -15.725517 0.000000 -2.138890 0.626353 -0.097572 -0.773409 0.012405 0.201416 1 0 1.0
Default
0 -37.626781 0.000000 -0.086862 -0.151591 -0.866975 -0.474736 0.012405 0.201416 1 0 1.0
0 -35.093708 0.000000 -0.895711 -0.151591 -0.866975 -0.474736 0.012405 0.201416 1 0 1.0
0 -36.107986 -0.585688 0.497761 -0.151591 -0.866975 -0.474736 0.012405 0.201416 1 0 1.0
Default
0 30.112173 -3.357226 -0.898944 0.187597 -0.577351 -0.794653 0.982422 0.984375 1 0 1.0
0 29.548882 -3.540253 -0.898944 0.187597 -0.577351 -0.794653 0.982422 0.984375 1 0 1.0
0 29.704572 -3.061090 -1.210326 0.187597 -0.577351 -0.794653 0.982422 0.984375 1 0 1.0
Default
0 29.704572 -3.061090 -1.210326 0.607067 0.000000 -0.794651 0.982422 0.984375 1 0 1.0
0 30.112173 -2.764952 -0.898944 0.607067 0.000000 -0.794651 0.982422 0.984375 1 0 1.0
0 30.112173 -3.357226 -0.898944 0.607067 0.000000 -0.794651 0.982422 0.984375 1 0 1.0
Default
0 29.548882 -3.540253 -0.898944 -0.491121 -0.356829 -0.794653 0.982422 0.984375 1 0 1.0
0 29.200743 -3.061090 -0.898944 -0.491121 -0.356829 -0.794653 0.982422 0.984375 1 0 1.0
0 29.704572 -3.061090 -1.210326 -0.491121 -0.356829 -0.794653 0.982422 0.984375 1 0 1.0
Default
0 29.200743 -3.061090 -0.898944 -0.491121 0.356828 -0.794654 0.982422 0.984375 1 0 1.0
0 29.548882 -2.581926 -0.898944 -0.491121 0.356828 -0.794654 0.982422 0.984375 1 0 1.0
0 29.704572 -3.061090 -1.210326 -0.491121 0.356828 -0.794654 0.982422 0.984375 1 0 1.0
Default
0 29.548882 -2.581926 -0.898944 0.187597 0.577350 -0.794653 0.982422 0.984375 1 0 1.0
0 30.112173 -2.764952 -0.898944 0.187597 0.577350 -0.794653 0.982422 0.984375 1 0 1.0
0 29.704572 -3.061090 -1.210326 0.187597 0.577350 -0.794653 0.982422 0.984375 1 0 1.0
Default
0 30.112173 -2.764952 -0.898944 0.982246 0.000000 -0.187598 0.982422 0.984375 1 0 1.0
0 30.208398 -3.061090 -0.395114 0.982246 0.000000 -0.187598 0.982422 0.984375 1 0 1.0
0 30.112173 -3.357226 -0.898944 0.982246 0.000000 -0.187598 0.982422 0.984375 1 0 1.0
Default
0 30.112173 -3.357226 -0.898944 0.303534 -0.934172 -0.187589 0.982422 0.515625 1 0 1.0
0 29.860257 -3.540253 -0.395114 0.303534 -0.934172 -0.187589 0.982422 0.515625 1 0 1.0
0 29.548882 -3.540253 -0.898944 0.303534 -0.934172 -0.187589 0.982422 0.515625 1 0 1.0
Default
0 29.548882 -3.540253 -0.898944 -0.794650 -0.577358 -0.187589 0.982422 0.984375 1 0 1.0
0 29.296966 -3.357226 -0.395114 -0.794650 -0.577358 -0.187589 0.982422 0.984375 1 0 1.0
0 29.200743 -3.061090 -0.898944 -0.794650 -0.577358 -0.187589 0.982422 0.984375 1 0 1.0
Default
0 29.200743 -3.061090 -0.898944 -0.794650 0.577357 -0.187590 0.982422 0.984375 1 0 1.0
0 29.296966 -2.764952 -0.395114 -0.794650 0.577357 -0.187590 0.982422 0.984375 1 0 1.0
0 29.548882 -2.581926 -0.898944 -0.794650 0.577357 -0.187590 0.982422 0.984375 1 0 1.0
Default
0 29.548882 -2.581926 -0.898944 0.303533 0.934172 -0.187588 0.982422 0.984375 1 0 1.0
0 29.860257 -2.581926 -0.395114 0.303533 0.934172 -0.187588 0.982422 0.984375 1 0 1.0
0 30.112173 -2.764952 -0.898944 0.303533 0.934172 -0.187588 0.982422 0.984375 1 0 1.0
Default
0 30.208398 -3.061090 -0.395114 0.794650 -0.577358 0.187587 0.982422 0.515625 1 0 1.0
0 29.860257 -3.540253 -0.395114 0.794650 -0.577358 0.187587 0.982422 0.515625 1 0 1.0
0 30.112173 -3.357226 -0.898944 0.794650 -0.577358 0.187587 0.982422 0.515625 1 0 1.0
Default
0 29.860257 -3.540253 -0.395114 -0.303534 -0.934172 0.187589 0.982422 0.984375 1 0 1.0
0 29.296966 -3.357226 -0.395114 -0.303534 -0.934172 0.187589 0.982422 0.984375 1 0 1.0
0 29.548882 -3.540253 -0.898944 -0.303534 -0.934172 0.187589 0.982422 0.984375 1 0 1.0
Default
0 29.296966 -3.357226 -0.395114 -0.982247 0.000000 0.187592 0.982422 0.984375 1 0 1.0
0 29.296966 -2.764952 -0.395114 -0.982247 0.000000 0.187592 0.982422 0.984375 1 0 1.0
0 29.200743 -3.061090 -0.898944 -0.982247 0.000000 0.187592 0.982422 0.984375 1 0 1.0
Default
0 29.296966 -2.764952 -0.395114 -0.303533 0.934173 0.187588 0.982422 0.984375 1 0 1.0
0 29.860257 -2.581926 -0.395114 -0.303533 0.934173 0.187588 0.982422 0.984375 1 0 1.0
0 29.548882 -2.581926 -0.898944 -0.303533 0.934173 0.187588 0.982422 0.984375 1 0 1.0
Default
0 29.860257 -2.581926 -0.395114 0.794650 0.577357 0.187588 0.982422 0.984375 1 0 1.0
0 30.208398 -3.061090 -0.395114 0.794650 0.577357 0.187588 0.982422 0.984375 1 0 1.0
0 30.112173 -2.764952 -0.898944 0.794650 0.577357 0.187588 0.982422 0.984375 1 0 1.0
Default
0 30.208398 -3.061090 -0.395114 0.216157 -0.157049 0.963645 0.982422 0.984375 1 0 1.0
0 29.704572 -3.061090 -0.282100 0.216157 -0.157049 0.963645 0.982422 0.984375 1 0 1.0
0 29.860257 -3.540253 -0.395114 0.216157 -0.157049 0.963645 0.982422 0.984375 1 0 1.0
Default
0 29.860257 -3.540253 -0.395114 -0.082566 -0.254112 0.963644 0.982422 0.984375 1 0 1.0
0 29.704572 -3.061090 -0.282100 -0.082566 -0.254112 0.963644 0.982422 0.984375 1 0 1.0
0 29.296966 -3.357226 -0.395114 -0.082566 -0.254112 0.963644 0.982422 0.984375 1 0 1.0
Default
0 29.296966 -3.357226 -0.395114 -0.267183 0.000000 0.963646 0.982422 0.984375 1 0 1.0
0 29.704572 -3.061090 -0.282100 -0.267183 0.000000 0.963646 0.982422 0.984375 1 0 1.0
0 29.296966 -2.764952 -0.395114 -0.267183 0.000000 0.963646 0.982422 0.984375 1 0 1.0
Default
0 29.296966 -2.764952 -0.395114 -0.082566 0.254111 0.963644 0.982422 0.984375 1 0 1.0
0 29.704572 -3.061090 -0.282100 -0.082566 0.254111 0.963644 0.982422 0.984375 1 0 1.0
0 29.860257 -2.581926 -0.395114 -0.082566 0.254111 0.963644 0.982422 0.984375 1 0 1.0
Default
0 29.860257 -2.581926 -0.395114 0.216157 0.157049 0.963645 0.982422 0.984375 1 0 1.0
0 29.704572 -3.061090 -0.282100 0.216157 0.157049 0.963645 0.982422 0.984375 1 0 1.0
0 30.208398 -3.061090 -0.395114 0.216157 0.157049 0.963645 0.982422 0.984375 1 0 1.0
Default
0 30.354200 -0.750211 -6.121380 0.039211 -0.287715 -0.956913 0.010849 0.204468 1 0 1.0
0 28.780206 -1.369483 -5.999680 0.039211 -0.287715 -0.956913 0.010849 0.204468 1 0 1.0
0 28.870304 -0.696975 -6.198192 0.039211 -0.287715 -0.956913 0.010849 0.204468 1 0 1.0
Default
0 28.870304 -0.696975 -6.198192 -0.222021 -0.138048 -0.965220 0.010849 0.204468 1 0 1.0
0 25.582544 -0.981950 -5.401180 -0.222021 -0.138048 -0.965220 0.010849 0.204468 1 0 1.0
0 25.553422 0.000000 -5.534921 -0.222021 -0.138048 -0.965220 0.010849 0.204468 1 0 1.0
Default
0 28.717242 0.000000 -5.670517 0.419328 0.314265 0.851705 0.017059 0.794922 1 0 1.0
0 25.584979 0.000000 -4.128380 0.419328 0.314265 0.851705 0.017059 0.794922 1 0 1.0
0 28.104721 -2.250162 -4.538675 0.419328 0.314265 0.851705 0.017059 0.794922 1 0 1.0
Default
0 28.780206 -1.369483 -5.999680 -0.216611 -0.446727 -0.868052 0.010849 0.204468 1 0 1.0
0 26.367809 -2.820061 -4.651184 -0.216611 -0.446727 -0.868052 0.010849 0.204468 1 0 1.0
0 25.582544 -0.981950 -5.401180 -0.216611 -0.446727 -0.868052 0.010849 0.204468 1 0 1.0
Default
0 30.096905 -0.382957 -6.096918 0.103563 -0.084931 -0.990990 0.010849 0.204468 1 0 1.0
0 28.870304 -0.696975 -6.198192 0.103563 -0.084931 -0.990990 0.010849 0.204468 1 0 1.0
0 28.896187 0.000000 -6.255220 0.103563 -0.084931 -0.990990 0.010849 0.204468 1 0 1.0
Default
0 31.459625 -0.238829 -6.157993 0.820013 -0.002445 -0.572339 0.010849 0.204468 1 0 1.0
0 31.453381 0.000000 -6.167950 0.820013 -0.002445 -0.572339 0.010849 0.204468 1 0 1.0
0 31.767799 0.000000 -5.717472 0.820013 -0.002445 -0.572339 0.010849 0.204468 1 0 1.0
Default
0 31.217961 -0.441027 -5.695161 -0.236520 0.101052 0.966357 0.017059 0.794922 1 0 1.0
0 31.374915 0.000000 -5.702865 -0.236520 0.101052 0.966357 0.017059 0.794922 1 0 1.0
0 30.578513 0.000000 -5.897786 -0.236520 0.101052 0.966357 0.017059 0.794922 1 0 1.0
Default
0 30.997448 -0.500274 -6.157557 -0.064401 0.021333 -0.997696 0.010849 0.204468 1 0 1.0
0 30.354200 -0.750211 -6.121380 -0.064401 0.021333 -0.997696 0.010849 0.204468 1 0 1.0
0 30.096905 -0.382957 -6.096918 -0.064401 0.021333 -0.997696 0.010849 0.204468 1 0 1.0
Default
0 31.459625 -0.238829 -6.157993 -0.017678 -0.243755 -0.969676 0.010849 0.204468 1 0 1.0
0 30.096905 -0.382957 -6.096918 -0.017678 -0.243755 -0.969676 0.010849 0.204468 1 0 1.0
0 30.712683 0.000000 -6.204411 -0.017678 -0.243755 -0.969676 0.010849 0.204468 1 0 1.0
Default
0 -12.023714 0.000000 -4.285948 -0.120624 -0.938806 -0.322636 0.012405 0.201416 1 0 1.0
0 -10.263000 -0.989543 -2.064857 -0.120624 -0.938806 -0.322636 0.012405 0.201416 1 0 1.0
0 -13.568451 -0.699077 -1.674243 -0.120624 -0.938806 -0.322636 0.012405 0.201416 1 0 1.0
Default
0 26.804481 0.000000 -3.026201 0.868138 0.444680 0.220447 0.017059 0.794922 1 0 1.0
0 28.176691 -2.172000 -4.048902 0.868138 0.444680 0.220447 0.017059 0.794922 1 0 1.0
0 28.214557 -2.155522 -4.231263 0.868138 0.444680 0.220447 0.017059 0.794922 1 0 1.0
Default
0 30.264287 -1.778318 -2.278865 -0.042276 0.154884 -0.987028 0.012405 0.178223 1 0 1.0
0 30.659832 -1.345334 -2.227865 -0.042276 0.154884 -0.987028 0.012405 0.178223 1 0 1.0
0 30.925690 -1.607194 -2.280342 -0.042276 0.154884 -0.987028 0.012405 0.178223 1 0 1.0
Default
0 28.255804 -2.433066 -4.116078 0.852533 0.516908 -0.077421 0.010849 0.201416 1 0 1.0
0 28.397138 -2.382883 -2.224694 0.852533 0.516908 -0.077421 0.010849 0.201416 1 0 1.0
0 28.616543 -2.768996 -2.386633 0.852533 0.516908 -0.077421 0.010849 0.201416 1 0 1.0
Default
0 28.255804 -2.433066 -4.116078 0.986688 0.159599 0.031233 0.010849 0.204468 1 0 1.0
0 28.293671 -2.631487 -4.298440 0.986688 0.159599 0.031233 0.010849 0.204468 1 0 1.0
0 28.214557 -2.155522 -4.231263 0.986688 0.159599 0.031233 0.010849 0.204468 1 0 1.0
Default
0 28.176691 -2.172000 -4.048902 -0.059703 0.394113 -0.917121 0.017059 0.794922 1 0 1.0
0 26.804481 0.000000 -3.026201 -0.059703 0.394113 -0.917121 0.017059 0.794922 1 0 1.0
0 29.466914 0.000000 -3.199522 -0.059703 0.394113 -0.917121 0.017059 0.794922 1 0 1.0
Default
0 29.816602 -1.619566 -4.089133 -0.286469 0.413008 -0.864500 0.017059 0.794922 1 0 1.0
0 29.466914 0.000000 -3.199522 -0.286469 0.413008 -0.864500 0.017059 0.794922 1 0 1.0
0 32.594945 0.000000 -4.236056 -0.286469 0.413008 -0.864500 0.017059 0.794922 1 0 1.0
Default
0 33.004452 -0.271274 -4.370677 -0.220980 0.145025 -0.964435 0.011826 0.483887 1 0 1.0
0 32.595937 -0.453387 -4.304459 -0.220980 0.145025 -0.964435 0.011826 0.483887 1 0 1.0
0 32.594945 0.000000 -4.236056 -0.220980 0.145025 -0.964435 0.011826 0.483887 1 0 1.0
Default
0 29.914142 -1.967740 -4.207594 -0.113874 0.215070 -0.969937 0.011826 0.483887 1 0 1.0
0 28.255804 -2.433066 -4.116078 -0.113874 0.215070 -0.969937 0.011826 0.483887 1 0 1.0
0 28.176691 -2.172000 -4.048902 -0.113874 0.215070 -0.969937 0.011826 0.483887 1 0 1.0
Default
0 32.656135 -0.705484 -4.222148 0.109765 -0.284723 -0.952305 0.011826 0.483887 1 0 1.0
0 31.787096 -1.242839 -4.161656 0.109765 -0.284723 -0.952305 0.011826 0.483887 1 0 1.0
0 32.595937 -0.453387 -4.304459 0.109765 -0.284723 -0.952305 0.011826 0.483887 1 0 1.0
Default
0 29.574646 -1.852832 -3.676785 0.404358 -0.914581 -0.005950 0.011826 0.483887 1 0 1.0
0 28.397138 -2.382883 -2.224694 0.404358 -0.914581 -0.005950 0.011826 0.483887 1 0 1.0
0 28.255804 -2.433066 -4.116078 0.404358 -0.914581 -0.005950 0.011826 0.483887 1 0 1.0
Default
0 29.574646 -1.852832 -3.676785 0.325327 -0.942201 -0.080119 0.011826 0.483887 1 0 1.0
0 30.576725 -1.533435 -3.363910 0.325327 -0.942201 -0.080119 0.011826 0.483887 1 0 1.0
0 28.397138 -2.382883 -2.224694 0.325327 -0.942201 -0.080119 0.011826 0.483887 1 0 1.0
Default
0 31.561734 -1.145849 -3.339162 0.487155 -0.749181 0.448786 0.011826 0.483887 1 0 1.0
0 32.539354 -0.833586 -3.879074 0.487155 -0.749181 0.448786 0.011826 0.483887 1 0 1.0
0 31.281562 -1.103911 -2.965027 0.487155 -0.749181 0.448786 0.011826 0.483887 1 0 1.0
Default
0 31.281562 -1.103911 -2.965027 0.811652 -0.198162 0.549502 0.011826 0.483887 1 0 1.0
0 31.359051 -0.608665 -2.900880 0.811652 -0.198162 0.549502 0.011826 0.483887 1 0 1.0
0 30.903344 -0.881322 -2.326098 0.811652 -0.198162 0.549502 0.011826 0.483887 1 0 1.0
Default
0 31.359051 -0.608665 -2.900880 0.698644 -0.089377 0.709866 0.011826 0.483887 1 0 1.0
0 31.411381 0.000000 -2.875750 0.698644 -0.089377 0.709866 0.011826 0.483887 1 0 1.0
0 30.864842 0.000000 -2.337851 0.698644 -0.089377 0.709866 0.011826 0.483887 1 0 1.0
Default
0 30.264287 -1.778318 -2.278865 0.366451 -0.924699 -0.103176 0.011826 0.483887 1 0 1.0
0 30.576725 -1.533435 -3.363910 0.366451 -0.924699 -0.103176 0.011826 0.483887 1 0 1.0
0 31.561734 -1.145849 -3.339162 0.366451 -0.924699 -0.103176 0.011826 0.483887 1 0 1.0
Default
0 32.547067 -0.352163 -3.660406 0.496304 0.063573 0.865818 0.011826 0.483887 1 0 1.0
0 32.976587 -0.309591 -3.909741 0.496304 0.063573 0.865818 0.011826 0.483887 1 0 1.0
0 32.976587 0.000000 -3.932473 0.496304 0.063573 0.865818 0.011826 0.483887 1 0 1.0
Default
0 32.547067 -0.352163 -3.660406 0.494059 -0.366100 0.788591 0.011826 0.483887 1 0 1.0
0 32.539354 -0.833586 -3.879074 0.494059 -0.366100 0.788591 0.011826 0.483887 1 0 1.0
0 32.976587 -0.309591 -3.909741 0.494059 -0.366100 0.788591 0.011826 0.483887 1 0 1.0
Default
0 31.787096 -1.242839 -4.161656 0.513510 -0.846380 -0.141235 0.011826 0.483887 1 0 1.0
0 32.656135 -0.705484 -4.222148 0.513510 -0.846380 -0.141235 0.011826 0.483887 1 0 1.0
0 32.539354 -0.833586 -3.879074 0.513510 -0.846380 -0.141235 0.011826 0.483887 1 0 1.0
Default
0 31.359051 -0.608665 -2.900880 0.603660 -0.194597 0.773128 0.011826 0.483887 1 0 1.0
0 31.281562 -1.103911 -2.965027 0.603660 -0.194597 0.773128 0.011826 0.483887 1 0 1.0
0 32.539354 -0.833586 -3.879074 0.603660 -0.194597 0.773128 0.011826 0.483887 1 0 1.0
Default
0 31.411381 0.000000 -2.875750 0.549295 -0.081561 0.831638 0.011826 0.483887 1 0 1.0
0 31.359051 -0.608665 -2.900880 0.549295 -0.081561 0.831638 0.011826 0.483887 1 0 1.0
0 32.547067 -0.352163 -3.660406 0.549295 -0.081561 0.831638 0.011826 0.483887 1 0 1.0
Default
0 14.330250 -8.908985 -3.237359 0.314261 -0.854497 0.413613 0.013237 0.179077 1 0 1.0
0 12.185771 -10.625706 -5.154622 0.314261 -0.854497 0.413613 0.013237 0.179077 1 0 1.0
0 15.020233 -9.396061 -4.767867 0.314261 -0.854497 0.413613 0.013237 0.179077 1 0 1.0
Default
0 17.428777 -4.378411 -3.890094 -0.741018 0.443846 -0.503878 0.013237 0.179077 1 0 1.0
0 15.020233 -9.396061 -4.767867 -0.741018 0.443846 -0.503878 0.013237 0.179077 1 0 1.0
0 14.923437 -6.221643 -1.829295 -0.741018 0.443846 -0.503878 0.013237 0.179077 1 0 1.0
Default
0 16.644044 -6.358647 -2.459425 0.941534 -0.332103 0.056762 0.013237 0.179077 1 0 1.0
0 16.432351 -7.205204 -3.901021 0.941534 -0.332103 0.056762 0.013237 0.179077 1 0 1.0
0 17.428777 -4.378411 -3.890094 0.941534 -0.332103 0.056762 0.013237 0.179077 1 0 1.0
Default
0 17.428777 -4.378411 -3.890094 0.772003 -0.269901 -0.575469 0.013237 0.179077 1 0 1.0
0 16.432351 -7.205204 -3.901021 0.772003 -0.269901 -0.575469 0.013237 0.179077 1 0 1.0
0 15.020233 -9.396061 -4.767867 0.772003 -0.269901 -0.575469 0.013237 0.179077 1 0 1.0
Default
0 14.923437 -6.221643 -1.829295 0.302924 -0.321663 0.897090 0.013237 0.179077 1 0 1.0
0 16.644044 -6.358647 -2.459425 0.302924 -0.321663 0.897090 0.013237 0.179077 1 0 1.0
0 17.457691 -4.998482 -2.246468 0.302924 -0.321663 0.897090 0.013237 0.179077 1 0 1.0
Default
0 11.588088 -8.183445 -2.894101 -0.092093 -0.688432 0.719430 0.013237 0.179077 1 0 1.0
0 12.185771 -10.625706 -5.154622 -0.092093 -0.688432 0.719430 0.013237 0.179077 1 0 1.0
0 14.330250 -8.908985 -3.237359 -0.092093 -0.688432 0.719430 0.013237 0.179077 1 0 1.0
Default
0 13.493489 -8.297101 -2.421886 0.520020 -0.335644 0.785444 0.013237 0.179077 1 0 1.0
0 14.330250 -8.908985 -3.237359 0.520020 -0.335644 0.785444 0.013237 0.179077 1 0 1.0
0 16.432351 -7.205204 -3.901021 0.520020 -0.335644 0.785444 0.013237 0.179077 1 0 1.0
Default
0 13.493489 -8.297101 -2.421886 0.278608 -0.436251 0.855607 0.013237 0.179077 1 0 1.0
0 16.644044 -6.358647 -2.459425 0.278608 -0.436251 0.855607 0.013237 0.179077 1 0 1.0
0 14.923437 -6.221643 -1.829295 0.278608 -0.436251 0.855607 0.013237 0.179077 1 0 1.0
Default
0 31.561734 -1.145849 -3.339162 0.648367 -0.640741 0.411182 0.011826 0.483887 1 0 1.0
0 30.659832 -1.345334 -2.227865 0.648367 -0.640741 0.411182 0.010452 0.481934 1 0 1.0
0 30.264287 -1.778318 -2.278865 0.648367 -0.640741 0.411182 0.010452 0.481934 1 0 1.0
Default
0 30.264287 -1.778318 -2.278865 0.302266 -0.944833 -0.126200 0.011826 0.483887 1 0 1.0
0 28.397138 -2.382883 -2.224694 0.302266 -0.944833 -0.126200 0.011826 0.483887 1 0 1.0
0 30.576725 -1.533435 -3.363910 0.302266 -0.944833 -0.126200 0.011826 0.483887 1 0 1.0
Default
0 29.574646 -1.852832 -3.676785 0.193818 -0.925854 0.324389 0.011826 0.483887 1 0 1.0
0 29.914142 -1.967740 -4.207594 0.193818 -0.925854 0.324389 0.011826 0.483887 1 0 1.0
0 30.576725 -1.533435 -3.363910 0.193818 -0.925854 0.324389 0.011826 0.483887 1 0 1.0
Default
0 28.255804 -2.433066 -4.116078 0.270110 -0.890725 0.365582 0.011826 0.483887 1 0 1.0
0 29.914142 -1.967740 -4.207594 0.270110 -0.890725 0.365582 0.011826 0.483887 1 0 1.0
0 29.574646 -1.852832 -3.676785 0.270110 -0.890725 0.365582 0.011826 0.483887 1 0 1.0
Default
0 -6.030960 -1.159273 2.620653 -0.276370 -0.950557 0.141636 0.012405 0.201416 1 0 1.0
0 -9.175906 0.000000 4.264211 -0.276370 -0.950557 0.141636 0.012405 0.201416 1 0 1.0
0 -9.735004 0.000000 3.173263 -0.276370 -0.950557 0.141636 0.012405 0.201416 1 0 1.0
Default
0 22.921805 -4.021149 -0.969502 -0.116907 -0.958900 -0.258539 0.011627 0.175903 1 0 1.0
0 22.264045 -3.988150 -0.794463 -0.116907 -0.958900 -0.258539 0.011627 0.175903 1 0 1.0
0 22.141507 -3.572027 -2.282418 -0.116907 -0.958900 -0.258539 0.011627 0.175903 1 0 1.0
Default
0 24.415267 -3.800324 0.430054 0.122684 -0.992115 0.025623 0.011627 0.175903 1 0 1.0
0 22.773778 -4.027670 -0.513221 0.122684 -0.992115 0.025623 0.011627 0.175903 1 0 1.0
0 22.921805 -4.021149 -0.969502 0.122684 -0.992115 0.025623 0.011627 0.175903 1 0 1.0
Default
0 22.921805 -4.021149 -0.969502 -0.058935 -0.997704 -0.033378 0.011627 0.175903 1 0 1.0
0 22.773778 -4.027670 -0.513221 -0.058935 -0.997704 -0.033378 0.011627 0.175903 1 0 1.0
0 22.264045 -3.988150 -0.794463 -0.058935 -0.997704 -0.033378 0.011627 0.175903 1 0 1.0
Default
0 22.310732 -3.840690 -0.326306 -0.244067 -0.917720 0.313402 0.011627 0.175903 1 0 1.0
0 22.264045 -3.988150 -0.794463 -0.244067 -0.917720 0.313402 0.011627 0.175903 1 0 1.0
0 22.773778 -4.027670 -0.513221 -0.244067 -0.917720 0.313402 0.011627 0.175903 1 0 1.0
Default
0 22.310732 -3.840690 -0.326306 -0.971165 0.231691 0.056197 0.010849 0.419922 1 0 1.0
0 22.390050 -3.568713 -0.076940 -0.971165 0.231691 0.056197 0.010849 0.419922 1 0 1.0
0 22.317772 -3.695877 -0.801714 -0.971165 0.231691 0.056197 0.010849 0.419922 1 0 1.0
Default
0 22.778901 -3.475253 -2.349808 0.029417 -0.694414 -0.718975 0.011627 0.175903 1 0 1.0
0 22.141507 -3.572027 -2.282418 0.029417 -0.694414 -0.718975 0.011627 0.175903 1 0 1.0
0 22.151308 -3.165740 -2.674426 0.029417 -0.694414 -0.718975 0.011627 0.175903 1 0 1.0
Default
0 22.390050 -3.568713 -0.076940 0.021945 -0.679112 0.733706 0.011627 0.175903 1 0 1.0
0 22.310732 -3.840690 -0.326306 0.021945 -0.679112 0.733706 0.011627 0.175903 1 0 1.0
0 22.773778 -4.027670 -0.513221 0.021945 -0.679112 0.733706 0.011627 0.175903 1 0 1.0
Default
0 20.912845 -4.023483 0.694939 0.853866 -0.423964 0.301940 0.011627 0.175903 1 0 1.0
0 20.913205 -4.163056 0.497954 0.853866 -0.423964 0.301940 0.011627 0.175903 1 0 1.0
0 21.301568 -3.969901 -0.329111 0.853866 -0.423964 0.301940 0.011627 0.175903 1 0 1.0
Default
0 21.006717 -3.659112 -2.598615 0.829817 -0.475463 -0.292128 0.011627 0.175903 1 0 1.0
0 21.255735 -3.545824 -2.075641 0.829817 -0.475463 -0.292128 0.011627 0.175903 1 0 1.0
0 20.978159 -3.967122 -2.178421 0.829817 -0.475463 -0.292128 0.011627 0.175903 1 0 1.0
Default
0 20.962992 -4.232653 -1.553456 0.840224 -0.506102 -0.194640 0.011627 0.175903 1 0 1.0
0 20.978159 -3.967122 -2.178421 0.840224 -0.506102 -0.194640 0.011627 0.175903 1 0 1.0
0 21.255735 -3.545824 -2.075641 0.840224 -0.506102 -0.194640 0.011627 0.175903 1 0 1.0
Default
0 20.962992 -4.232653 -1.553456 0.665048 -0.746424 -0.023722 0.011627 0.175903 1 0 1.0
0 21.306571 -3.937978 -1.193319 0.665048 -0.746424 -0.023722 0.011627 0.175903 1 0 1.0
0 21.301568 -3.969901 -0.329111 0.665048 -0.746424 -0.023722 0.011627 0.175903 1 0 1.0
Default
0 21.255735 -3.545824 -2.075641 0.870791 -0.357890 -0.337102 0.011627 0.175903 1 0 1.0
0 21.006717 -3.659112 -2.598615 0.870791 -0.357890 -0.337102 0.011627 0.175903 1 0 1.0
0 20.996983 -3.519539 -2.771943 0.870791 -0.357890 -0.337102 0.011627 0.175903 1 0 1.0
Default
0 22.151308 -3.165740 -2.674426 0.301207 -0.942083 -0.147495 0.011627 0.175903 1 0 1.0
0 21.255735 -3.545824 -2.075641 0.301207 -0.942083 -0.147495 0.011627 0.175903 1 0 1.0
0 20.996983 -3.519539 -2.771943 0.301207 -0.942083 -0.147495 0.011627 0.175903 1 0 1.0
Default
0 20.413829 -4.116870 0.011502 0.323854 -0.939919 -0.108030 0.011627 0.175903 1 0 1.0
0 20.912845 -4.023483 0.694939 0.323854 -0.939919 -0.108030 0.011627 0.175903 1 0 1.0
0 19.960991 -4.353805 0.715433 0.323854 -0.939919 -0.108030 0.011627 0.175903 1 0 1.0
Default
0 20.409366 -3.975727 -1.743400 0.700190 -0.577427 -0.419895 0.011627 0.175903 1 0 1.0
0 20.049487 -4.396608 -1.764726 0.700190 -0.577427 -0.419895 0.011627 0.175903 1 0 1.0
0 19.996926 -4.110442 -2.245902 0.700190 -0.577427 -0.419895 0.011627 0.175903 1 0 1.0
Default
0 20.049487 -4.396608 -1.764726 0.746615 -0.627162 -0.221886 0.011627 0.175903 1 0 1.0
0 20.409366 -3.975727 -1.743400 0.746615 -0.627162 -0.221886 0.011627 0.175903 1 0 1.0
0 19.995499 -4.588918 -1.402824 0.746615 -0.627162 -0.221886 0.011627 0.175903 1 0 1.0
Default
0 20.977800 -3.761188 -1.981436 0.342256 -0.939155 -0.029137 0.011627 0.175903 1 0 1.0
0 20.409366 -3.975727 -1.743400 0.342256 -0.939155 -0.029137 0.011627 0.175903 1 0 1.0
0 19.996926 -4.110442 -2.245902 0.342256 -0.939155 -0.029137 0.011627 0.175903 1 0 1.0
Default
0 18.213913 -4.903093 -3.183783 0.514004 -0.804697 -0.297088 0.012032 0.177124 1 0 1.0
0 19.996926 -4.110442 -2.245902 0.514004 -0.804697 -0.297088 0.011627 0.175903 1 0 1.0
0 19.112322 -4.707320 -2.159683 0.514004 -0.804697 -0.297088 0.011627 0.175903 1 0 1.0
Default
0 20.013551 -4.639971 0.321916 0.786233 -0.617361 -0.026503 0.011627 0.175903 1 0 1.0
0 19.995499 -4.588918 -1.402824 0.786233 -0.617361 -0.026503 0.011627 0.175903 1 0 1.0
0 20.413829 -4.116870 0.011502 0.786233 -0.617361 -0.026503 0.011627 0.175903 1 0 1.0
Default
0 20.413829 -4.116870 0.011502 0.739848 -0.672750 0.005706 0.011627 0.175903 1 0 1.0
0 19.995499 -4.588918 -1.402824 0.739848 -0.672750 0.005706 0.011627 0.175903 1 0 1.0
0 20.410332 -4.132379 -1.363394 0.739848 -0.672750 0.005706 0.011627 0.175903 1 0 1.0
Default
0 20.410332 -4.132379 -1.363394 0.725080 -0.636037 -0.264038 0.011627 0.175903 1 0 1.0
0 19.995499 -4.588918 -1.402824 0.725080 -0.636037 -0.264038 0.011627 0.175903 1 0 1.0
0 20.409366 -3.975727 -1.743400 0.725080 -0.636037 -0.264038 0.011627 0.175903 1 0 1.0
Default
0 19.960991 -4.353805 0.715433 0.827058 -0.396294 0.398656 0.011627 0.175903 1 0 1.0
0 20.013551 -4.639971 0.321916 0.827058 -0.396294 0.398656 0.011627 0.175903 1 0 1.0
0 20.413829 -4.116870 0.011502 0.827058 -0.396294 0.398656 0.011627 0.175903 1 0 1.0
Default
0 20.049487 -4.396608 -1.764726 -0.930274 -0.247851 -0.270482 0.009888 0.422119 1 0 1.0
0 19.995499 -4.588918 -1.402824 -0.930274 -0.247851 -0.270482 0.009300 0.421631 1 0 1.0
0 19.942938 -4.302752 -1.484272 -0.930274 -0.247851 -0.270482 0.009300 0.421631 1 0 1.0
Default
0 19.525211 -4.442888 -1.419125 0.291143 -0.942948 -0.161509 0.011627 0.175903 1 0 1.0
0 19.942938 -4.302752 -1.484272 0.291143 -0.942948 -0.161509 0.011627 0.175903 1 0 1.0
0 19.522639 -4.521329 -0.965805 0.291143 -0.942948 -0.161509 0.011627 0.175903 1 0 1.0
Default
0 19.526890 -4.505396 -1.715514 0.744361 -0.456807 -0.487086 0.011627 0.175903 1 0 1.0
0 19.150975 -4.954561 -1.868740 0.744361 -0.456807 -0.487086 0.011627 0.175903 1 0 1.0
0 19.112322 -4.707320 -2.159683 0.744361 -0.456807 -0.487086 0.011627 0.175903 1 0 1.0
Default
0 19.526890 -4.505396 -1.715514 0.339222 -0.920069 0.195964 0.011627 0.175903 1 0 1.0
0 19.942938 -4.302752 -1.484272 0.339222 -0.920069 0.195964 0.011627 0.175903 1 0 1.0
0 19.525211 -4.442888 -1.419125 0.339222 -0.920069 0.195964 0.011627 0.175903 1 0 1.0
Default
0 19.107306 -4.767498 0.655887 0.437341 -0.898963 -0.024453 0.011627 0.175903 1 0 1.0
0 18.256132 -5.179976 0.596516 0.437343 -0.898962 -0.024453 0.011627 0.175903 1 0 1.0
0 19.120388 -4.730519 -0.469602 0.437343 -0.898962 -0.024453 0.011627 0.175903 1 0 1.0
Default
0 19.107306 -4.767498 0.655887 0.437341 -0.898963 -0.024453 0.011627 0.175903 1 0 1.0
0 19.517153 -4.550297 0.001053 0.437341 -0.898963 -0.024453 0.011627 0.175903 1 0 1.0
0 19.960991 -4.353805 0.715433 0.437341 -0.898963 -0.024453 0.011627 0.175903 1 0 1.0
Default
0 19.960991 -4.353805 0.715433 0.437341 -0.898963 -0.024453 0.011627 0.175903 1 0 1.0
0 19.517153 -4.550297 0.001053 0.437341 -0.898963 -0.024453 0.011627 0.175903 1 0 1.0
0 19.942938 -4.302752 -1.484272 0.437343 -0.898962 -0.024455 0.011627 0.175903 1 0 1.0
Default
0 19.942938 -4.302752 -1.484272 0.437343 -0.898962 -0.024455 0.011627 0.175903 1 0 1.0
0 19.517153 -4.550297 0.001053 0.437341 -0.898963 -0.024453 0.011627 0.175903 1 0 1.0
0 19.522639 -4.521329 -0.965805 0.437343 -0.898962 -0.024455 0.011627 0.175903 1 0 1.0
Default
0 19.526890 -4.505396 -1.715514 0.807092 -0.576777 0.126215 0.011627 0.175903 1 0 1.0
0 19.525211 -4.442888 -1.419125 0.807092 -0.576777 0.126215 0.011627 0.175903 1 0 1.0
0 19.169365 -4.924486 -1.344447 0.807092 -0.576777 0.126215 0.011627 0.175903 1 0 1.0
Default
0 19.159041 -5.079773 -0.456448 0.832991 -0.553160 -0.011847 0.011627 0.175903 1 0 1.0
0 19.522639 -4.521329 -0.965805 0.832991 -0.553160 -0.011847 0.011627 0.175903 1 0 1.0
0 19.517153 -4.550297 0.001053 0.832991 -0.553160 -0.011847 0.011627 0.175903 1 0 1.0
Default
0 19.150975 -4.954561 -1.868740 0.765133 -0.643794 0.010093 0.011627 0.175903 1 0 1.0
0 19.526890 -4.505396 -1.715514 0.765133 -0.643794 0.010093 0.011627 0.175903 1 0 1.0
0 19.169365 -4.924486 -1.344447 0.765133 -0.643794 0.010093 0.011627 0.175903 1 0 1.0
Default
0 19.107306 -4.767498 0.655887 0.830102 -0.402313 0.386101 0.011627 0.175903 1 0 1.0
0 19.145960 -5.014740 0.315162 0.830102 -0.402313 0.386101 0.011627 0.175903 1 0 1.0
0 19.517153 -4.550297 0.001053 0.830102 -0.402313 0.386101 0.011627 0.175903 1 0 1.0
Default
0 31.630020 -0.380576 -5.732619 0.154706 -0.805116 0.572586 0.984375 0.979980 1 0 1.0
0 31.542851 -0.330375 -5.638480 0.154706 -0.805116 0.572586 0.984375 0.979980 1 0 1.0
0 31.394301 -0.358920 -5.638480 0.154706 -0.805116 0.572586 0.984375 0.979980 1 0 1.0
Default
0 31.394891 -0.281712 -5.353578 0.775663 0.550443 0.308804 0.984375 0.979980 1 0 1.0
0 31.542851 -0.330375 -5.638480 0.775663 0.550443 0.308804 0.984375 0.979980 1 0 1.0
0 31.470655 -0.223213 -5.648161 0.775663 0.550443 0.308804 0.984375 0.979980 1 0 1.0
Default
0 31.630020 -0.380576 -5.732619 0.721911 0.448058 0.527341 0.984375 0.979980 1 0 1.0
0 31.464075 -0.083895 -5.757529 0.721911 0.448058 0.527341 0.984375 0.979980 1 0 1.0
0 31.470655 -0.223213 -5.648161 0.721911 0.448058 0.527341 0.984375 0.979980 1 0 1.0
Default
0 31.285845 -0.424424 -5.732619 -0.725009 0.445377 0.525358 0.984375 0.979980 1 0 1.0
0 31.394301 -0.358920 -5.638480 -0.725009 0.445377 0.525358 0.984375 0.979980 1 0 1.0
0 31.470655 -0.223213 -5.648161 -0.725009 0.445377 0.525358 0.984375 0.979980 1 0 1.0
Default
0 31.394891 -0.281712 -5.353578 0.182381 -0.949090 0.256835 0.984375 0.979980 1 0 1.0
0 31.394301 -0.358920 -5.638480 0.182381 -0.949090 0.256835 0.984375 0.979980 1 0 1.0
0 31.542851 -0.330375 -5.638480 0.182381 -0.949090 0.256835 0.984375 0.979980 1 0 1.0
Default
0 31.630020 -0.380576 -5.732619 0.009951 -0.078131 -0.996893 0.984375 0.979980 1 0 1.0
0 31.285845 -0.424424 -5.732619 0.009951 -0.078131 -0.996893 0.984375 0.979980 1 0 1.0
0 31.464075 -0.083895 -5.757529 0.009951 -0.078131 -0.996893 0.984375 0.979980 1 0 1.0
Default
0 31.394891 -0.281712 -5.353578 -0.868230 0.479338 -0.128108 0.984375 0.979980 1 0 1.0
0 31.470655 -0.223213 -5.648161 -0.868230 0.479338 -0.128108 0.984375 0.979980 1 0 1.0
0 31.394301 -0.358920 -5.638480 -0.868230 0.479338 -0.128108 0.984375 0.979980 1 0 1.0
Default
0 31.151767 -0.746347 -5.732619 -0.121635 -0.901932 0.414395 0.984375 0.979980 1 0 1.0
0 31.097640 -0.695798 -5.638480 -0.121635 -0.901932 0.414395 0.984375 0.979980 1 0 1.0
0 30.984490 -0.680539 -5.638480 -0.121635 -0.901932 0.414395 0.984375 0.979980 1 0 1.0
Default
0 30.976100 -0.630258 -5.345372 0.893691 -0.180270 0.410877 0.984375 0.979980 1 0 1.0
0 31.097640 -0.695798 -5.638480 0.893691 -0.180270 0.410877 0.984375 0.979980 1 0 1.0
0 31.120469 -0.604671 -5.648161 0.893691 -0.180270 0.410877 0.984375 0.979980 1 0 1.0
Default
0 31.151767 -0.746347 -5.732619 0.880651 -0.083469 0.466355 0.984375 0.979980 1 0 1.0
0 31.189705 -0.485223 -5.757529 0.880651 -0.083469 0.466355 0.984375 0.979980 1 0 1.0
0 31.120469 -0.604671 -5.648161 0.880651 -0.083469 0.466355 0.984375 0.979980 1 0 1.0
Default
0 30.859892 -0.682578 -5.732619 -0.393247 0.769101 0.503826 0.984375 0.979980 1 0 1.0
0 30.984490 -0.680539 -5.638480 -0.393247 0.769101 0.503826 0.984375 0.979980 1 0 1.0
0 31.120469 -0.604671 -5.648161 -0.393247 0.769101 0.503826 0.984375 0.979980 1 0 1.0
Default
0 30.976100 -0.630258 -5.345372 -0.131837 -0.977622 0.163935 0.984375 0.979980 1 0 1.0
0 30.984490 -0.680539 -5.638480 -0.131837 -0.977622 0.163935 0.984375 0.979980 1 0 1.0
0 31.097640 -0.695798 -5.638480 -0.131837 -0.977622 0.163935 0.984375 0.979980 1 0 1.0
Default
0 31.151767 -0.746347 -5.732619 -0.020111 -0.092047 -0.995552 0.984375 0.979980 1 0 1.0
0 30.859892 -0.682578 -5.732619 -0.020111 -0.092047 -0.995552 0.984375 0.979980 1 0 1.0
0 31.189705 -0.485223 -5.757529 -0.020111 -0.092047 -0.995552 0.984375 0.979980 1 0 1.0
Default
0 30.976100 -0.630258 -5.345372 -0.489602 0.856949 -0.161020 0.984375 0.979980 1 0 1.0
0 31.120469 -0.604671 -5.648161 -0.489602 0.856949 -0.161020 0.984375 0.979980 1 0 1.0
0 30.984490 -0.680539 -5.638480 -0.489602 0.856949 -0.161020 0.984375 0.979980 1 0 1.0
Default
0 30.684997 -0.985420 -5.703858 -0.131384 -0.990523 0.040028 0.984375 0.979980 1 0 1.0
0 30.701844 -0.983356 -5.597483 -0.131384 -0.990523 0.040028 0.984375 0.979980 1 0 1.0
0 30.588906 -0.968097 -5.590606 -0.131384 -0.990523 0.040028 0.984375 0.979980 1 0 1.0
Default
0 30.681245 -0.893676 -5.314247 0.965851 -0.218407 0.139393 0.984375 0.979980 1 0 1.0
0 30.701844 -0.983356 -5.597483 0.965851 -0.218407 0.139393 0.984375 0.979980 1 0 1.0
0 30.724044 -0.892229 -5.608534 0.965851 -0.218407 0.139393 0.984375 0.979980 1 0 1.0
Default
0 30.684997 -0.985420 -5.703858 0.902978 -0.427043 0.047590 0.984375 0.979980 1 0 1.0
0 30.786507 -0.772781 -5.721907 0.902978 -0.427043 0.047590 0.984375 0.979980 1 0 1.0
0 30.724044 -0.892229 -5.608534 0.902978 -0.427043 0.047590 0.984375 0.979980 1 0 1.0
Default
0 30.458815 -0.970136 -5.676999 -0.361899 0.769099 0.526798 0.984375 0.979980 1 0 1.0
0 30.588906 -0.968097 -5.590606 -0.361899 0.769099 0.526798 0.984375 0.979980 1 0 1.0
0 30.724044 -0.892229 -5.608534 -0.361899 0.769099 0.526798 0.984375 0.979980 1 0 1.0
Default
0 30.681245 -0.893676 -5.314247 -0.110497 -0.949803 0.292686 0.984375 0.979980 1 0 1.0
0 30.588906 -0.968097 -5.590606 -0.110497 -0.949803 0.292686 0.984375 0.979980 1 0 1.0
0 30.701844 -0.983356 -5.597483 -0.110497 -0.949803 0.292686 0.984375 0.979980 1 0 1.0
Default
0 30.684997 -0.985420 -5.703858 -0.119683 -0.027109 -0.992442 0.984375 0.979980 1 0 1.0
0 30.458815 -0.970136 -5.676999 -0.119683 -0.027109 -0.992442 0.984375 0.979980 1 0 1.0
0 30.786507 -0.772781 -5.721907 -0.119683 -0.027109 -0.992442 0.984375 0.979980 1 0 1.0
Default
0 30.681245 -0.893676 -5.314247 -0.495220 0.866121 -0.067762 0.984375 0.979980 1 0 1.0
0 30.724044 -0.892229 -5.608534 -0.495220 0.866121 -0.067762 0.984375 0.979980 1 0 1.0
0 30.588906 -0.968097 -5.590606 -0.495220 0.866121 -0.067762 0.984375 0.979980 1 0 1.0
Default
0 30.267693 -1.198838 -5.622753 0.979383 -0.174973 0.100965 0.984375 0.979980 1 0 1.0
0 30.311896 -0.959359 -5.636502 0.979383 -0.174973 0.100965 0.984375 0.979980 1 0 1.0
0 30.284469 -1.048073 -5.524198 0.972378 -0.207771 0.106357 0.984375 0.979980 1 0 1.0
Default
0 30.262466 -1.049601 -5.326017 0.972378 -0.207771 0.106357 0.984375 0.979980 1 0 1.0
0 30.263548 -1.139200 -5.510887 0.972378 -0.207771 0.106357 0.984375 0.979980 1 0 1.0
0 30.284469 -1.048073 -5.524198 0.972378 -0.207771 0.106357 0.984375 0.979980 1 0 1.0
Default
0 30.263548 -1.139200 -5.510887 0.972378 -0.207771 0.106357 0.984375 0.979980 1 0 1.0
0 30.267693 -1.198838 -5.622753 0.968940 -0.201518 0.143339 0.984375 0.979980 1 0 1.0
0 30.284469 -1.048073 -5.524198 0.972378 -0.207771 0.106357 0.984375 0.979980 1 0 1.0
Default
0 30.051057 -1.119627 -5.572406 -0.346219 0.806584 0.479118 0.984375 0.979980 1 0 1.0
0 30.151947 -1.123941 -5.492238 -0.346219 0.806584 0.479118 0.984375 0.979980 1 0 1.0
0 30.284469 -1.048073 -5.524198 -0.346219 0.806584 0.479118 0.984375 0.979980 1 0 1.0
Default
0 30.267693 -1.198838 -5.622753 -0.230941 -0.013226 -0.972878 0.984375 0.979980 1 0 1.0
0 30.051057 -1.119627 -5.572406 -0.230941 -0.013226 -0.972878 0.984375 0.979980 1 0 1.0
0 30.311896 -0.959359 -5.636502 -0.230941 -0.013226 -0.972878 0.984375 0.979980 1 0 1.0
Default
0 30.262466 -1.049601 -5.326017 -0.505168 0.861603 -0.049443 0.984375 0.979980 1 0 1.0
0 30.284469 -1.048073 -5.524198 -0.505168 0.861603 -0.049443 0.984375 0.979980 1 0 1.0
0 30.151947 -1.123941 -5.492238 -0.505168 0.861603 -0.049443 0.984375 0.979980 1 0 1.0
Default
0 29.787622 -1.484698 -5.512452 -0.028417 -0.859716 0.509982 0.984375 0.979980 1 0 1.0
0 29.821809 -1.422204 -5.405194 -0.028417 -0.859716 0.509982 0.984375 0.979980 1 0 1.0
0 29.735588 -1.410400 -5.390099 -0.028417 -0.859716 0.509982 0.984375 0.979980 1 0 1.0
Default
0 29.788171 -1.337038 -5.211104 0.952481 -0.181433 0.244669 0.984375 0.979980 1 0 1.0
0 29.821809 -1.422204 -5.405194 0.952481 -0.181433 0.244669 0.984375 0.979980 1 0 1.0
0 29.837911 -1.351709 -5.415617 0.952481 -0.181433 0.244669 0.984375 0.979980 1 0 1.0
Default
0 29.787622 -1.484698 -5.512452 0.933475 -0.358562 0.007654 0.984375 0.979980 1 0 1.0
0 29.879688 -1.245447 -5.532787 0.933475 -0.358562 0.007654 0.984375 0.979980 1 0 1.0
0 29.837911 -1.351709 -5.415617 0.933475 -0.358562 0.007654 0.984375 0.979980 1 0 1.0
Default
0 29.609661 -1.411682 -5.464211 -0.319218 0.786434 0.528792 0.984375 0.979980 1 0 1.0
0 29.735588 -1.410400 -5.390099 -0.319218 0.786434 0.528792 0.984375 0.979980 1 0 1.0
0 29.837911 -1.351709 -5.415617 -0.319218 0.786434 0.528792 0.984375 0.979980 1 0 1.0
Default
0 29.788171 -1.337038 -5.211104 -0.056871 -0.917830 0.392878 0.984375 0.979980 1 0 1.0
0 29.735588 -1.410400 -5.390099 -0.056871 -0.917830 0.392878 0.984375 0.979980 1 0 1.0
0 29.821809 -1.422204 -5.405194 -0.056871 -0.917830 0.392878 0.984375 0.979980 1 0 1.0
Default
0 29.787622 -1.484698 -5.512452 -0.255427 0.016133 -0.966694 0.984375 0.979980 1 0 1.0
0 29.609661 -1.411682 -5.464211 -0.255427 0.016133 -0.966694 0.984375 0.979980 1 0 1.0
0 29.879688 -1.245447 -5.532787 -0.255427 0.016133 -0.966694 0.984375 0.979980 1 0 1.0
Default
0 29.788171 -1.337038 -5.211104 -0.523426 0.831312 -0.186938 0.984375 0.979980 1 0 1.0
0 29.837911 -1.351709 -5.415617 -0.523426 0.831312 -0.186938 0.984375 0.979980 1 0 1.0
0 29.735588 -1.410400 -5.390099 -0.523426 0.831312 -0.186938 0.984375 0.979980 1 0 1.0
Default
0 29.473637 -1.516383 -5.142787 0.967508 -0.234041 -0.095674 0.984375 0.979980 1 0 1.0
0 29.437704 -1.590942 -5.323786 0.967508 -0.234041 -0.095674 0.984375 0.979980 1 0 1.0
0 29.454158 -1.518472 -5.334656 0.967508 -0.234041 -0.095674 0.984375 0.979980 1 0 1.0
Default
0 29.239453 -1.574996 -5.384232 -0.327018 0.797513 0.506984 0.984375 0.979980 1 0 1.0
0 29.349218 -1.578807 -5.307435 -0.327018 0.797513 0.506984 0.984375 0.979980 1 0 1.0
0 29.454158 -1.518472 -5.334656 -0.327018 0.797513 0.506984 0.984375 0.979980 1 0 1.0
Default
0 29.439895 -1.629798 -5.421271 -0.203910 -0.086738 -0.975140 0.984375 0.979980 1 0 1.0
0 29.239453 -1.574996 -5.384232 -0.203910 -0.086738 -0.975140 0.984375 0.979980 1 0 1.0
0 29.482807 -1.424816 -5.448478 -0.203910 -0.086738 -0.975140 0.984375 0.979980 1 0 1.0
Default
0 29.473637 -1.516383 -5.142787 -0.490161 0.870701 0.040280 0.984375 0.979980 1 0 1.0
0 29.454158 -1.518472 -5.334656 -0.490161 0.870701 0.040280 0.984375 0.979980 1 0 1.0
0 29.349218 -1.578807 -5.307435 -0.490161 0.870701 0.040280 0.984375 0.979980 1 0 1.0
Default
0 29.054995 -1.824539 -5.359741 -0.045686 -0.943257 0.328906 0.984375 0.979980 1 0 1.0
0 29.062237 -1.791029 -5.262635 -0.045686 -0.943257 0.328906 0.984375 0.979980 1 0 1.0
0 28.985806 -1.780378 -5.242706 -0.045686 -0.943257 0.328906 0.984375 0.979980 1 0 1.0
Default
0 29.053293 -1.736198 -5.079529 0.975573 -0.192748 0.105385 0.984375 0.979980 1 0 1.0
0 29.062237 -1.791029 -5.262635 0.975573 -0.192748 0.105385 0.984375 0.979980 1 0 1.0
0 29.075949 -1.727419 -5.273195 0.975573 -0.192748 0.105385 0.984375 0.979980 1 0 1.0
Default
0 28.877784 -1.775302 -5.313534 -0.298889 0.804354 0.513498 0.984375 0.979980 1 0 1.0
0 28.985806 -1.780378 -5.242706 -0.298889 0.804354 0.513498 0.984375 0.979980 1 0 1.0
0 29.075949 -1.727419 -5.273195 -0.298889 0.804354 0.513498 0.984375 0.979980 1 0 1.0
Default
0 29.053293 -1.736198 -5.079529 -0.059397 -0.957080 0.283671 0.984375 0.979980 1 0 1.0
0 28.985806 -1.780378 -5.242706 -0.059397 -0.957080 0.283671 0.984375 0.979980 1 0 1.0
0 29.062237 -1.791029 -5.262635 -0.059397 -0.957080 0.283671 0.984375 0.979980 1 0 1.0
Default
0 29.054995 -1.824539 -5.359741 -0.273855 -0.086741 -0.957851 0.984375 0.979980 1 0 1.0
0 28.877784 -1.775302 -5.313534 -0.273855 -0.086741 -0.957851 0.984375 0.979980 1 0 1.0
0 29.091682 -1.640373 -5.386908 -0.273855 -0.086741 -0.957851 0.984375 0.979980 1 0 1.0
Default
0 29.053293 -1.736198 -5.079529 -0.511681 0.858921 -0.020924 0.984375 0.979980 1 0 1.0
0 29.075949 -1.727419 -5.273195 -0.511681 0.858921 -0.020924 0.984375 0.979980 1 0 1.0
0 28.985806 -1.780378 -5.242706 -0.511681 0.858921 -0.020924 0.984375 0.979980 1 0 1.0
Default
0 28.764589 -1.983276 -5.205291 0.135042 -0.939499 0.314810 0.984375 0.979980 1 0 1.0
0 28.813247 -1.948225 -5.121572 0.135042 -0.939499 0.314810 0.984375 0.979980 1 0 1.0
0 28.753386 -1.939444 -5.069690 0.135042 -0.939499 0.314810 0.984375 0.979980 1 0 1.0
Default
0 28.625028 -1.938383 -5.084998 -0.064069 0.802742 0.592875 0.984375 0.979980 1 0 1.0
0 28.753386 -1.939444 -5.069690 -0.064069 0.802742 0.592875 0.984375 0.979980 1 0 1.0
0 28.818826 -1.884410 -5.137133 -0.064069 0.802742 0.592875 0.984375 0.979980 1 0 1.0
Default
0 28.900413 -1.871106 -4.984623 0.198572 -0.902626 0.381884 0.984375 0.979980 1 0 1.0
0 28.753386 -1.939444 -5.069690 0.198572 -0.902626 0.381884 0.984375 0.979980 1 0 1.0
0 28.813247 -1.948225 -5.121572 0.198572 -0.902626 0.381884 0.984375 0.979980 1 0 1.0
Default
0 28.764589 -1.983276 -5.205291 -0.668738 -0.107728 -0.735652 0.984375 0.979980 1 0 1.0
0 28.625028 -1.938383 -5.084998 -0.668738 -0.107728 -0.735652 0.984375 0.979980 1 0 1.0
0 28.779565 -1.798549 -5.245953 -0.668738 -0.107728 -0.735652 0.984375 0.979980 1 0 1.0
Default
0 28.900413 -1.871106 -4.984623 -0.504483 0.840756 0.196537 0.984375 0.979980 1 0 1.0
0 28.818826 -1.884410 -5.137133 -0.504483 0.840756 0.196537 0.984375 0.979980 1 0 1.0
0 28.753386 -1.939444 -5.069690 -0.504483 0.840756 0.196537 0.984375 0.979980 1 0 1.0
Default
0 28.381698 -2.136647 -4.836245 -0.352172 0.726869 0.589607 0.984375 0.979980 1 0 1.0
0 28.502481 -2.096568 -4.813510 -0.352172 0.726869 0.589607 0.984375 0.979980 1 0 1.0
0 28.550191 -2.022002 -4.876939 -0.352172 0.726869 0.589607 0.984375 0.979980 1 0 1.0
Default
0 28.534602 -2.131658 -4.948312 -0.557006 -0.302543 -0.773441 0.984375 0.979980 1 0 1.0
0 28.381698 -2.136647 -4.836245 -0.557006 -0.302543 -0.773441 0.984375 0.979980 1 0 1.0
0 28.491269 -1.951181 -4.987700 -0.557006 -0.302543 -0.773441 0.984375 0.979980 1 0 1.0
Default
0 28.624253 -2.002516 -4.710485 -0.712295 0.659680 0.239706 0.984375 0.979980 1 0 1.0
0 28.550191 -2.022002 -4.876939 -0.712295 0.659680 0.239706 0.984375 0.979980 1 0 1.0
0 28.502481 -2.096568 -4.813510 -0.712295 0.659680 0.239706 0.984375 0.979980 1 0 1.0
Default
0 32.937275 -0.290550 -4.315284 0.559969 0.472228 -0.680761 0.984375 0.979980 1 0 1.0
0 32.852058 -0.299927 -4.391885 0.559969 0.472228 -0.680761 0.984375 0.979980 1 0 1.0
0 32.738893 -0.202921 -4.417681 0.559969 0.472228 -0.680761 0.984375 0.979980 1 0 1.0
Default
0 32.744338 -0.294775 -4.670463 0.438530 -0.879294 -0.185832 0.984375 0.979980 1 0 1.0
0 32.852058 -0.299927 -4.391885 0.438530 -0.879294 -0.185832 0.984375 0.979980 1 0 1.0
0 32.735880 -0.357231 -4.394889 0.438530 -0.879294 -0.185832 0.984375 0.979980 1 0 1.0
Default
0 32.937275 -0.290550 -4.315284 0.429599 -0.801963 -0.415090 0.984375 0.979980 1 0 1.0
0 32.654096 -0.465057 -4.271207 0.429599 -0.801963 -0.415090 0.984375 0.979980 1 0 1.0
0 32.735880 -0.357231 -4.394889 0.429599 -0.801963 -0.415090 0.984375 0.979980 1 0 1.0
Default
0 32.744338 -0.294775 -4.670463 0.662643 0.708372 -0.243131 0.984375 0.979980 1 0 1.0
0 32.738893 -0.202921 -4.417681 0.662643 0.708372 -0.243131 0.984375 0.979980 1 0 1.0
0 32.852058 -0.299927 -4.391885 0.662643 0.708372 -0.243131 0.984375 0.979980 1 0 1.0
Default
0 32.937275 -0.290550 -4.315284 0.199882 -0.077653 0.976738 0.984375 0.979980 1 0 1.0
0 32.729037 -0.078306 -4.255795 0.199882 -0.077653 0.976738 0.984375 0.979980 1 0 1.0
0 32.654096 -0.465057 -4.271207 0.199882 -0.077653 0.976738 0.984375 0.979980 1 0 1.0
Default
0 32.554276 -0.733775 -4.202376 0.912768 -0.189388 -0.361921 0.984375 0.979980 1 0 1.0
0 32.505341 -0.730638 -4.327432 0.912768 -0.189388 -0.361921 0.984375 0.979980 1 0 1.0
0 32.525744 -0.582989 -4.353228 0.912768 -0.189388 -0.361921 0.984375 0.979980 1 0 1.0
Default
0 32.451422 -0.637240 -4.633699 -0.504347 -0.846719 -0.169415 0.984375 0.979980 1 0 1.0
0 32.505341 -0.730638 -4.327432 -0.504347 -0.846719 -0.169415 0.984375 0.979980 1 0 1.0
0 32.394309 -0.663899 -4.330435 -0.504347 -0.846719 -0.169415 0.984375 0.979980 1 0 1.0
Default
0 32.554276 -0.733775 -4.202376 -0.262401 -0.946348 -0.188601 0.984375 0.979980 1 0 1.0
0 32.253794 -0.646176 -4.223872 -0.262401 -0.946348 -0.188601 0.984375 0.979980 1 0 1.0
0 32.394309 -0.663899 -4.330435 -0.262401 -0.946348 -0.188601 0.984375 0.979980 1 0 1.0
Default
0 32.595818 -0.461882 -4.262322 -0.511695 0.685160 -0.518385 0.984375 0.979980 1 0 1.0
0 32.525744 -0.582989 -4.353228 -0.511695 0.685160 -0.518385 0.984375 0.979980 1 0 1.0
0 32.394309 -0.663899 -4.330435 -0.511695 0.685160 -0.518385 0.984375 0.979980 1 0 1.0
Default
0 32.451422 -0.637240 -4.633699 0.960054 -0.171287 -0.221264 0.984375 0.979980 1 0 1.0
0 32.525744 -0.582989 -4.353228 0.960054 -0.171287 -0.221264 0.984375 0.979980 1 0 1.0
0 32.505341 -0.730638 -4.327432 0.960054 -0.171287 -0.221264 0.984375 0.979980 1 0 1.0
Default
0 32.554276 -0.733775 -4.202376 -0.006786 0.216292 0.976305 0.984375 0.979980 1 0 1.0
0 32.595818 -0.461882 -4.262322 -0.006786 0.216292 0.976305 0.984375 0.979980 1 0 1.0
0 32.253794 -0.646176 -4.223872 -0.006786 0.216292 0.976305 0.984375 0.979980 1 0 1.0
Default
0 32.451422 -0.637240 -4.633699 -0.527166 0.849406 -0.024609 0.984375 0.979980 1 0 1.0
0 32.394309 -0.663899 -4.330435 -0.527166 0.849406 -0.024609 0.984375 0.979980 1 0 1.0
0 32.525744 -0.582989 -4.353228 -0.527166 0.849406 -0.024609 0.984375 0.979980 1 0 1.0
Default
0 32.197981 -0.982797 -4.188336 0.817818 -0.206867 -0.537009 0.984375 0.979980 1 0 1.0
0 32.144012 -0.916185 -4.296182 0.817818 -0.206867 -0.537009 0.984375 0.979980 1 0 1.0
0 32.164414 -0.768537 -4.321977 0.817818 -0.206867 -0.537009 0.984375 0.979980 1 0 1.0
Default
0 32.090093 -0.822787 -4.602448 -0.504370 -0.846703 -0.169423 0.984375 0.979980 1 0 1.0
0 32.144012 -0.916185 -4.296182 -0.504370 -0.846703 -0.169423 0.984375 0.979980 1 0 1.0
0 32.032980 -0.849447 -4.299185 -0.504370 -0.846703 -0.169423 0.984375 0.979980 1 0 1.0
Default
0 32.197981 -0.982797 -4.188336 -0.402972 -0.826080 -0.393962 0.984375 0.979980 1 0 1.0
0 31.892465 -0.831723 -4.192622 -0.402972 -0.826080 -0.393962 0.984375 0.979980 1 0 1.0
0 32.032980 -0.849447 -4.299185 -0.402972 -0.826080 -0.393962 0.984375 0.979980 1 0 1.0
Default
0 32.222997 -0.641941 -4.248101 -0.479157 0.597121 -0.643316 0.984375 0.979980 1 0 1.0
0 32.164414 -0.768537 -4.321977 -0.479157 0.597121 -0.643316 0.984375 0.979980 1 0 1.0
0 32.032980 -0.849447 -4.299185 -0.479157 0.597121 -0.643316 0.984375 0.979980 1 0 1.0
Default
0 32.090093 -0.822787 -4.602448 0.960045 -0.171338 -0.221261 0.984375 0.979980 1 0 1.0
0 32.164414 -0.768537 -4.321977 0.960045 -0.171338 -0.221261 0.984375 0.979980 1 0 1.0
0 32.144012 -0.916185 -4.296182 0.960045 -0.171338 -0.221261 0.984375 0.979980 1 0 1.0
Default
0 32.197981 -0.982797 -4.188336 0.068973 0.167378 0.983477 0.984375 0.979980 1 0 1.0
0 32.222997 -0.641941 -4.248101 0.068973 0.167378 0.983477 0.984375 0.979980 1 0 1.0
0 31.892465 -0.831723 -4.192622 0.068973 0.167378 0.983477 0.984375 0.979980 1 0 1.0
Default
0 32.090093 -0.822787 -4.602448 -0.527167 0.849406 -0.024609 0.984375 0.979980 1 0 1.0
0 32.032980 -0.849447 -4.299185 -0.527167 0.849406 -0.024609 0.984375 0.979980 1 0 1.0
0 32.164414 -0.768537 -4.321977 -0.527167 0.849406 -0.024609 0.984375 0.979980 1 0 1.0
Default
0 31.739627 -1.206015 -4.129742 0.792795 -0.288301 -0.536990 0.984375 0.979980 1 0 1.0
0 31.692652 -1.134300 -4.237588 0.792795 -0.288301 -0.536990 0.984375 0.979980 1 0 1.0
0 31.727840 -0.989462 -4.263384 0.792795 -0.288301 -0.536990 0.984375 0.979980 1 0 1.0
Default
0 31.648426 -1.035941 -4.543854 -0.587169 -0.791537 -0.169415 0.984375 0.979980 1 0 1.0
0 31.692652 -1.134300 -4.237588 -0.587169 -0.791537 -0.169415 0.984375 0.979980 1 0 1.0
0 31.588916 -1.056705 -4.240591 -0.587169 -0.791537 -0.169415 0.984375 0.979980 1 0 1.0
Default
0 31.739627 -1.206015 -4.129742 -0.484215 -0.781238 -0.393956 0.984375 0.979980 1 0 1.0
0 31.450905 -1.024901 -4.134028 -0.484215 -0.781238 -0.393956 0.984375 0.979980 1 0 1.0
0 31.588916 -1.056705 -4.240591 -0.484215 -0.781238 -0.393956 0.984375 0.979980 1 0 1.0
Default
0 31.798892 -0.869419 -4.189507 -0.416495 0.642412 -0.643302 0.984375 0.979980 1 0 1.0
0 31.727840 -0.989462 -4.263384 -0.416495 0.642412 -0.643302 0.984375 0.979980 1 0 1.0
0 31.588916 -1.056705 -4.240591 -0.416495 0.642412 -0.643302 0.984375 0.979980 1 0 1.0
Default
0 31.648426 -1.035941 -4.543854 0.937885 -0.267231 -0.221269 0.984375 0.979980 1 0 1.0
0 31.727840 -0.989462 -4.263384 0.937885 -0.267231 -0.221269 0.984375 0.979980 1 0 1.0
0 31.692652 -1.134300 -4.237588 0.937885 -0.267231 -0.221269 0.984375 0.979980 1 0 1.0
Default
0 31.739627 -1.206015 -4.129742 0.085499 0.159572 0.983477 0.984375 0.979980 1 0 1.0
0 31.798892 -0.869419 -4.189507 0.085499 0.159572 0.983477 0.984375 0.979980 1 0 1.0
0 31.450905 -1.024901 -4.134028 0.085499 0.159572 0.983477 0.984375 0.979980 1 0 1.0
Default
0 31.648426 -1.035941 -4.543854 -0.438828 0.898234 -0.024608 0.984375 0.979980 1 0 1.0
0 31.588916 -1.056705 -4.240591 -0.438828 0.898234 -0.024608 0.984375 0.979980 1 0 1.0
0 31.727840 -0.989462 -4.263384 -0.438828 0.898234 -0.024608 0.984375 0.979980 1 0 1.0
Default
0 31.227751 -1.425391 -4.114117 0.792816 -0.288210 -0.537007 0.984375 0.979980 1 0 1.0
0 31.180777 -1.353676 -4.221963 0.792816 -0.288210 -0.537007 0.984375 0.979980 1 0 1.0
0 31.215964 -1.208838 -4.247758 0.792816 -0.288210 -0.537007 0.984375 0.979980 1 0 1.0
Default
0 31.136550 -1.255316 -4.528229 -0.587169 -0.791537 -0.169415 0.984375 0.979980 1 0 1.0
0 31.180777 -1.353676 -4.221963 -0.587169 -0.791537 -0.169415 0.984375 0.979980 1 0 1.0
0 31.077041 -1.276080 -4.224966 -0.587169 -0.791537 -0.169415 0.984375 0.979980 1 0 1.0
Default
0 31.227751 -1.425391 -4.114117 -0.484220 -0.781234 -0.393960 0.984375 0.979980 1 0 1.0
0 30.939029 -1.244277 -4.118403 -0.484220 -0.781234 -0.393960 0.984375 0.979980 1 0 1.0
0 31.077041 -1.276080 -4.224966 -0.484220 -0.781234 -0.393960 0.984375 0.979980 1 0 1.0
Default
0 31.287016 -1.088795 -4.173882 -0.416488 0.642424 -0.643296 0.984375 0.979980 1 0 1.0
0 31.215964 -1.208838 -4.247758 -0.416488 0.642424 -0.643296 0.984375 0.979980 1 0 1.0
0 31.077041 -1.276080 -4.224966 -0.416488 0.642424 -0.643296 0.984375 0.979980 1 0 1.0
Default
0 31.136550 -1.255316 -4.528229 0.937872 -0.267279 -0.221266 0.984375 0.979980 1 0 1.0
0 31.215964 -1.208838 -4.247758 0.937872 -0.267279 -0.221266 0.984375 0.979980 1 0 1.0
0 31.180777 -1.353676 -4.221963 0.937872 -0.267279 -0.221266 0.984375 0.979980 1 0 1.0
Default
0 31.227751 -1.425391 -4.114117 0.085501 0.159570 0.983477 0.984375 0.979980 1 0 1.0
0 31.287016 -1.088795 -4.173882 0.085501 0.159570 0.983477 0.984375 0.979980 1 0 1.0
0 30.939029 -1.244277 -4.118403 0.085501 0.159570 0.983477 0.984375 0.979980 1 0 1.0
Default
0 31.136550 -1.255316 -4.528229 -0.438809 0.898244 -0.024607 0.984375 0.979980 1 0 1.0
0 31.077041 -1.276080 -4.224966 -0.438809 0.898244 -0.024607 0.984375 0.979980 1 0 1.0
0 31.215964 -1.208838 -4.247758 -0.438809 0.898244 -0.024607 0.984375 0.979980 1 0 1.0
Default
0 30.676498 -1.644766 -4.106304 0.792808 -0.288241 -0.537003 0.984375 0.979980 1 0 1.0
0 30.629523 -1.573052 -4.214150 0.792808 -0.288241 -0.537003 0.984375 0.979980 1 0 1.0
0 30.664711 -1.428213 -4.239945 0.792808 -0.288241 -0.537003 0.984375 0.979980 1 0 1.0
Default
0 30.585296 -1.474692 -4.520416 -0.587168 -0.791538 -0.169415 0.984375 0.979980 1 0 1.0
0 30.629523 -1.573052 -4.214150 -0.587168 -0.791538 -0.169415 0.984375 0.979980 1 0 1.0
0 30.525787 -1.495456 -4.217153 -0.587168 -0.791538 -0.169415 0.984375 0.979980 1 0 1.0
Default
0 30.676498 -1.644766 -4.106304 -0.484217 -0.781237 -0.393959 0.984375 0.979980 1 0 1.0
0 30.387776 -1.463653 -4.110590 -0.484217 -0.781237 -0.393959 0.984375 0.979980 1 0 1.0
0 30.525787 -1.495456 -4.217153 -0.484217 -0.781237 -0.393959 0.984375 0.979980 1 0 1.0
Default
0 30.735762 -1.308171 -4.166069 -0.416478 0.642426 -0.643300 0.984375 0.979980 1 0 1.0
0 30.664711 -1.428213 -4.239945 -0.416478 0.642426 -0.643300 0.984375 0.979980 1 0 1.0
0 30.525787 -1.495456 -4.217153 -0.416478 0.642426 -0.643300 0.984375 0.979980 1 0 1.0
Default
0 30.585296 -1.474692 -4.520416 0.937872 -0.267279 -0.221265 0.984375 0.979980 1 0 1.0
0 30.664711 -1.428213 -4.239945 0.937872 -0.267279 -0.221265 0.984375 0.979980 1 0 1.0
0 30.629523 -1.573052 -4.214150 0.937872 -0.267279 -0.221265 0.984375 0.979980 1 0 1.0
Default
0 30.676498 -1.644766 -4.106304 0.085501 0.159570 0.983477 0.984375 0.979980 1 0 1.0
0 30.735762 -1.308171 -4.166069 0.085501 0.159570 0.983477 0.984375 0.979980 1 0 1.0
0 30.387776 -1.463653 -4.110590 0.085501 0.159570 0.983477 0.984375 0.979980 1 0 1.0
Default
0 30.585296 -1.474692 -4.520416 -0.438809 0.898243 -0.024606 0.984375 0.979980 1 0 1.0
0 30.525787 -1.495456 -4.217153 -0.438809 0.898243 -0.024606 0.984375 0.979980 1 0 1.0
0 30.664711 -1.428213 -4.239945 -0.438809 0.898243 -0.024606 0.984375 0.979980 1 0 1.0
Default
0 30.138738 -1.853381 -4.133648 0.763602 -0.358519 -0.537006 0.984375 0.979980 1 0 1.0
0 30.098422 -1.777723 -4.241494 0.763602 -0.358519 -0.537006 0.984375 0.979980 1 0 1.0
0 30.146526 -1.636647 -4.267289 0.763602 -0.358519 -0.537006 0.984375 0.979980 1 0 1.0
Default
0 30.063243 -1.675777 -4.547760 -0.656137 -0.735379 -0.169416 0.984375 0.979980 1 0 1.0
0 30.098422 -1.777723 -4.241494 -0.656137 -0.735379 -0.169416 0.984375 0.979980 1 0 1.0
0 30.002104 -1.691091 -4.244497 -0.656137 -0.735379 -0.169416 0.984375 0.979980 1 0 1.0
Default
0 30.138738 -1.853381 -4.133648 -0.552688 -0.734390 -0.393962 0.984375 0.979980 1 0 1.0
0 29.867522 -1.646974 -4.137934 -0.552688 -0.734390 -0.393962 0.984375 0.979980 1 0 1.0
0 30.002104 -1.691091 -4.244497 -0.552688 -0.734390 -0.393962 0.984375 0.979980 1 0 1.0
Default
0 30.228110 -1.523500 -4.193413 -0.356871 0.677348 -0.643306 0.984375 0.979980 1 0 1.0
0 30.146526 -1.636647 -4.267289 -0.356871 0.677348 -0.643306 0.984375 0.979980 1 0 1.0
0 30.002104 -1.691091 -4.244497 -0.356871 0.677348 -0.643306 0.984375 0.979980 1 0 1.0
Default
0 30.063243 -1.675777 -4.547760 0.909964 -0.350720 -0.221271 0.984375 0.979980 1 0 1.0
0 30.146526 -1.636647 -4.267289 0.909964 -0.350720 -0.221271 0.984375 0.979980 1 0 1.0
0 30.098422 -1.777723 -4.241494 0.909964 -0.350720 -0.221271 0.984375 0.979980 1 0 1.0
Default
0 30.138738 -1.853381 -4.133648 0.099538 0.151210 0.983477 0.984375 0.979980 1 0 1.0
0 30.228110 -1.523500 -4.193413 0.099538 0.151210 0.983477 0.984375 0.979980 1 0 1.0
0 29.867522 -1.646974 -4.137934 0.099538 0.151210 0.983477 0.984375 0.979980 1 0 1.0
Default
0 30.063243 -1.675777 -4.547760 -0.356036 0.934148 -0.024606 0.984375 0.979980 1 0 1.0
0 30.002104 -1.691091 -4.244497 -0.356036 0.934148 -0.024606 0.984375 0.979980 1 0 1.0
0 30.146526 -1.636647 -4.267289 -0.356036 0.934148 -0.024606 0.984375 0.979980 1 0 1.0
Default
0 29.323910 -2.113819 -4.086773 0.752824 -0.380629 -0.537009 0.984375 0.979980 1 0 1.0
0 29.285811 -2.037020 -4.194619 0.752824 -0.380629 -0.537009 0.984375 0.979980 1 0 1.0
0 29.338001 -1.897403 -4.220415 0.752824 -0.380629 -0.537009 0.984375 0.979980 1 0 1.0
Default
0 29.253615 -1.934093 -4.500886 -0.677258 -0.715975 -0.169414 0.984375 0.979980 1 0 1.0
0 29.285811 -2.037020 -4.194619 -0.677258 -0.715975 -0.169414 0.984375 0.979980 1 0 1.0
0 29.192056 -1.947621 -4.197622 -0.677258 -0.715975 -0.169414 0.984375 0.979980 1 0 1.0
Default
0 29.323910 -2.113819 -4.086773 -0.573821 -0.718006 -0.393951 0.984375 0.979980 1 0 1.0
0 29.058816 -1.899605 -4.091059 -0.573821 -0.718006 -0.393951 0.984375 0.979980 1 0 1.0
0 29.192056 -1.947621 -4.197622 -0.573821 -0.718006 -0.393951 0.984375 0.979980 1 0 1.0
Default
0 29.422845 -1.786678 -4.146538 -0.337005 0.687454 -0.643300 0.984375 0.979980 1 0 1.0
0 29.338001 -1.897403 -4.220415 -0.337005 0.687454 -0.643300 0.984375 0.979980 1 0 1.0
0 29.192056 -1.947621 -4.197622 -0.337005 0.687454 -0.643300 0.984375 0.979980 1 0 1.0
Default
0 29.253615 -1.934093 -4.500886 0.899361 -0.377082 -0.221265 0.984375 0.979980 1 0 1.0
0 29.338001 -1.897403 -4.220415 0.899361 -0.377082 -0.221265 0.984375 0.979980 1 0 1.0
0 29.285811 -2.037020 -4.194619 0.899361 -0.377082 -0.221265 0.984375 0.979980 1 0 1.0
Default
0 29.323910 -2.113819 -4.086773 0.103897 0.148249 0.983477 0.984375 0.979980 1 0 1.0
0 29.422845 -1.786678 -4.146538 0.103897 0.148249 0.983477 0.984375 0.979980 1 0 1.0
0 29.058816 -1.899605 -4.091059 0.103897 0.148249 0.983477 0.984375 0.979980 1 0 1.0
Default
0 29.253615 -1.934093 -4.500886 -0.328696 0.944115 -0.024607 0.984375 0.979980 1 0 1.0
0 29.192056 -1.947621 -4.197622 -0.328696 0.944115 -0.024607 0.984375 0.979980 1 0 1.0
0 29.338001 -1.897403 -4.220415 -0.328696 0.944115 -0.024607 0.984375 0.979980 1 0 1.0
Default
0 28.660156 -2.361320 -4.086773 0.752824 -0.380629 -0.537009 0.984375 0.979980 1 0 1.0
0 28.622057 -2.284521 -4.194619 0.752824 -0.380629 -0.537009 0.984375 0.979980 1 0 1.0
0 28.674246 -2.144904 -4.220415 0.752824 -0.380629 -0.537009 0.984375 0.979980 1 0 1.0
Default
0 28.589861 -2.181594 -4.500886 -0.677286 -0.715947 -0.169422 0.984375 0.979980 1 0 1.0
0 28.622057 -2.284521 -4.194619 -0.677286 -0.715947 -0.169422 0.984375 0.979980 1 0 1.0
0 28.528301 -2.195122 -4.197622 -0.677286 -0.715947 -0.169422 0.984375 0.979980 1 0 1.0
Default
0 28.660156 -2.361320 -4.086773 -0.573828 -0.717998 -0.393955 0.984375 0.979980 1 0 1.0
0 28.395061 -2.147106 -4.091059 -0.573828 -0.717998 -0.393955 0.984375 0.979980 1 0 1.0
0 28.528301 -2.195122 -4.197622 -0.573828 -0.717998 -0.393955 0.984375 0.979980 1 0 1.0
Default
0 28.759091 -2.034179 -4.146538 -0.337007 0.687443 -0.643311 0.984375 0.979980 1 0 1.0
0 28.674246 -2.144904 -4.220415 -0.337007 0.687443 -0.643311 0.984375 0.979980 1 0 1.0
0 28.528301 -2.195122 -4.197622 -0.337007 0.687443 -0.643311 0.984375 0.979980 1 0 1.0
Default
0 28.589861 -2.181594 -4.500886 0.899370 -0.377060 -0.221267 0.984375 0.979980 1 0 1.0
0 28.674246 -2.144904 -4.220415 0.899370 -0.377060 -0.221267 0.984375 0.979980 1 0 1.0
0 28.622057 -2.284521 -4.194619 0.899370 -0.377060 -0.221267 0.984375 0.979980 1 0 1.0
Default
0 28.660156 -2.361320 -4.086773 0.103897 0.148249 0.983477 0.984375 0.979980 1 0 1.0
0 28.759091 -2.034179 -4.146538 0.103897 0.148249 0.983477 0.984375 0.979980 1 0 1.0
0 28.395061 -2.147106 -4.091059 0.103897 0.148249 0.983477 0.984375 0.979980 1 0 1.0
Default
0 28.589861 -2.181594 -4.500886 -0.328712 0.944110 -0.024606 0.984375 0.979980 1 0 1.0
0 28.528301 -2.195122 -4.197622 -0.328712 0.944110 -0.024606 0.984375 0.979980 1 0 1.0
0 28.674246 -2.144904 -4.220415 -0.328712 0.944110 -0.024606 0.984375 0.979980 1 0 1.0
Default
0 25.761168 0.000000 -3.704244 0.619947 -0.741178 -0.257530 0.017059 0.794922 1 0 1.0
0 25.584979 0.000000 -4.128380 0.619947 -0.741178 -0.257530 0.017059 0.794922 1 0 1.0
0 28.104721 2.250162 -4.538675 0.619947 -0.741178 -0.257530 0.017059 0.794922 1 0 1.0
Default
0 -38.540711 0.000000 0.303143 -0.015379 0.929260 -0.369107 0.012405 0.178223 1 0 1.0
0 -41.654597 0.000000 0.432888 -0.015379 0.929260 -0.369107 0.012405 0.178223 1 0 1.0
0 -40.941028 0.144405 0.766707 -0.015379 0.929260 -0.369107 0.012405 0.178223 1 0 1.0
Default
0 -37.626781 0.000000 -0.086862 -0.381518 0.234810 -0.894041 0.012405 0.178223 1 0 1.0
0 -38.540711 0.000000 0.303143 -0.381518 0.234810 -0.894041 0.012405 0.178223 1 0 1.0
0 -38.540711 0.435109 0.417418 -0.381518 0.234810 -0.894041 0.012405 0.178223 1 0 1.0
Default
0 -17.382810 1.154075 -1.628893 0.014835 0.810066 -0.586151 0.012405 0.201416 1 0 1.0
0 -15.757276 0.810670 -2.062340 0.014835 0.810066 -0.586151 0.012405 0.201416 1 0 1.0
0 -17.054938 0.000000 -3.215534 0.014835 0.810066 -0.586151 0.012405 0.201416 1 0 1.0
Default
0 -21.208657 0.673251 -1.429044 -0.134587 0.937469 -0.320996 0.012405 0.201416 1 0 1.0
0 -17.382810 1.154075 -1.628893 -0.134587 0.937469 -0.320996 0.012405 0.201416 1 0 1.0
0 -18.865754 0.000000 -4.377604 -0.134587 0.937469 -0.320996 0.012405 0.201416 1 0 1.0
Default
0 -24.882148 0.000000 -3.354435 0.042125 0.915353 -0.400443 0.012405 0.201416 1 0 1.0
0 -24.827488 0.867433 -1.365862 0.042125 0.915353 -0.400443 0.012405 0.201416 1 0 1.0
0 -21.208657 0.673251 -1.429044 0.042125 0.915353 -0.400443 0.012405 0.201416 1 0 1.0
Default
0 -28.678714 0.000000 -2.590337 -0.048575 0.880722 -0.471137 0.012405 0.201416 1 0 1.0
0 -28.521983 0.862328 -0.994499 -0.048575 0.880722 -0.471137 0.012405 0.201416 1 0 1.0
0 -24.827488 0.867433 -1.365862 -0.048575 0.880722 -0.471137 0.012405 0.201416 1 0 1.0
Default
0 -35.093708 0.000000 -0.895711 -0.081200 0.896350 -0.435848 0.012405 0.201416 1 0 1.0
0 -36.107986 0.585688 0.497761 -0.081200 0.896350 -0.435848 0.012405 0.201416 1 0 1.0
0 -32.378407 0.574846 -0.219371 -0.081200 0.896350 -0.435848 0.012405 0.201416 1 0 1.0
Default
0 41.474442 0.295661 -1.068000 0.418936 0.255264 -0.871397 0.012405 0.178223 1 0 1.0
0 41.654597 0.000000 -1.068000 0.418936 0.255264 -0.871397 0.012405 0.178223 1 0 1.0
0 40.825616 0.000000 -1.466545 0.418936 0.255264 -0.871397 0.012405 0.178223 1 0 1.0
Default
0 -13.568451 0.699077 -1.674243 0.218365 -0.025387 -0.975537 0.012405 0.178223 1 0 1.0
0 -13.571356 0.000000 -1.656701 0.218365 -0.025387 -0.975537 0.012405 0.178223 1 0 1.0
0 -15.725517 0.000000 -2.138890 0.218365 -0.025387 -0.975537 0.012405 0.178223 1 0 1.0
Default
0 11.995867 0.699490 4.374827 0.070708 0.133616 0.988508 0.012405 0.178223 1 0 1.0
0 12.929584 -0.000000 4.402588 0.070708 0.133616 0.988508 0.012405 0.178223 1 0 1.0
0 13.976839 2.575806 3.979506 0.070708 0.133616 0.988508 0.012405 0.178223 1 0 1.0
Default
0 13.976839 2.575806 3.979506 0.070708 0.133616 0.988508 0.012405 0.178223 1 0 1.0
0 14.791444 -0.000000 4.383674 0.066426 0.138926 0.988072 0.012405 0.178223 1 0 1.0
0 17.110403 2.426304 3.886630 0.066426 0.138926 0.988072 0.012405 0.178223 1 0 1.0
Default
0 14.791444 -0.000000 4.383674 0.066426 0.138926 0.988072 0.012405 0.178223 1 0 1.0
0 16.326745 -0.000000 4.280460 0.066426 0.138926 0.988072 0.012405 0.178223 1 0 1.0
0 17.110403 2.426304 3.886630 0.066426 0.138926 0.988072 0.012405 0.178223 1 0 1.0
Default
0 -9.480512 0.000000 -4.278111 0.492447 0.299927 -0.817031 0.012405 0.201416 1 0 1.0
0 -6.968439 0.818298 -2.463624 0.492447 0.299927 -0.817031 0.012405 0.201416 1 0 1.0
0 -6.553398 0.000000 -2.513860 0.492447 0.299927 -0.817031 0.012405 0.201416 1 0 1.0
Default
0 6.874398 -0.000000 6.255220 -0.297575 0.925324 0.235000 0.012405 0.201416 1 0 1.0
0 9.095901 1.230495 4.223119 -0.297575 0.925324 0.235000 0.012405 0.201416 1 0 1.0
0 7.353523 0.703578 4.091549 -0.297575 0.925324 0.235000 0.012405 0.201416 1 0 1.0
Default
0 0.605504 0.000000 -5.255282 0.512825 0.215900 -0.830902 0.012405 0.178223 1 0 1.0
0 2.270446 0.489501 -4.100505 0.512825 0.215900 -0.830902 0.012405 0.178223 1 0 1.0
0 2.419036 0.000000 -4.135988 0.512825 0.215900 -0.830902 0.012405 0.178223 1 0 1.0
Default
0 -1.619621 1.612576 2.733610 -0.105890 0.109686 0.988310 0.012405 0.178223 1 0 1.0
0 -1.619621 -0.000000 2.912579 -0.105890 0.109686 0.988310 0.012405 0.178223 1 0 1.0
0 1.105029 -0.000000 3.204506 -0.105890 0.109686 0.988310 0.012405 0.178223 1 0 1.0
Default
0 2.419036 1.700479 -4.135988 -0.281334 0.006404 -0.959588 0.012405 0.178223 1 0 1.0
0 4.842228 1.740485 -4.846158 -0.281334 0.006404 -0.959588 0.012405 0.178223 1 0 1.0
0 2.270446 0.489501 -4.100505 -0.281334 0.006404 -0.959588 0.012405 0.178223 1 0 1.0
Default
0 2.419036 0.000000 -4.135988 -0.272599 0.013014 -0.962040 0.012405 0.178223 1 0 1.0
0 4.842228 1.740485 -4.846158 -0.281334 0.006404 -0.959588 0.012405 0.178223 1 0 1.0
0 5.511698 0.000000 -5.042360 -0.281243 0.000000 -0.959637 0.012405 0.178223 1 0 1.0
Default
0 2.270446 0.489501 -4.100505 -0.232264 0.000000 -0.972653 0.012405 0.178223 1 0 1.0
0 4.842228 1.740485 -4.846158 -0.281334 0.006404 -0.959588 0.012405 0.178223 1 0 1.0
0 2.419036 0.000000 -4.135988 -0.272599 0.013014 -0.962040 0.012405 0.178223 1 0 1.0
Default
0 5.511698 0.000000 -5.042360 -0.281243 0.000000 -0.959637 0.012405 0.178223 1 0 1.0
0 4.842228 -1.740485 -4.846158 -0.281334 -0.006404 -0.959588 0.012405 0.178223 1 0 1.0
0 2.419036 0.000000 -4.135988 -0.272599 0.013014 -0.962040 0.012405 0.178223 1 0 1.0
Default
0 2.419036 0.000000 -4.135988 -0.272599 0.013014 -0.962040 0.012405 0.178223 1 0 1.0
0 4.842228 -1.740485 -4.846158 -0.281334 -0.006404 -0.959588 0.012405 0.178223 1 0 1.0
0 2.270446 -0.489501 -4.100505 -0.281334 -0.006404 -0.959588 0.012405 0.178223 1 0 1.0
Default
0 2.419036 -1.700479 -4.135988 -0.281334 -0.006404 -0.959588 0.012405 0.178223 1 0 1.0
0 2.270446 -0.489501 -4.100505 -0.281334 -0.006404 -0.959588 0.012405 0.178223 1 0 1.0
0 4.842228 -1.740485 -4.846158 -0.281334 -0.006404 -0.959588 0.012405 0.178223 1 0 1.0
Default
0 2.419036 1.700479 -4.135988 -0.232264 0.000000 -0.972653 0.012405 0.178223 1 0 1.0
0 2.270446 0.489501 -4.100505 -0.232264 0.000000 -0.972653 0.012405 0.178223 1 0 1.0
0 -0.060861 0.744029 -3.543803 -0.232264 0.000000 -0.972653 0.012405 0.178223 1 0 1.0
Default
0 -0.777374 1.661658 -3.398143 -0.199215 0.000000 -0.979956 0.012405 0.178223 1 0 1.0
0 2.419036 1.700479 -4.135988 -0.232264 0.000000 -0.972653 0.012405 0.178223 1 0 1.0
0 -0.060861 0.744029 -3.543803 -0.232264 0.000000 -0.972653 0.012405 0.178223 1 0 1.0
Default
0 -0.777374 1.661658 -3.398143 -0.199215 0.000000 -0.979956 0.012405 0.178223 1 0 1.0
0 -0.060861 0.744029 -3.543803 -0.232264 0.000000 -0.972653 0.012405 0.178223 1 0 1.0
0 -2.835085 0.497778 -2.979832 -0.199215 0.000000 -0.979956 0.012405 0.178223 1 0 1.0
Default
0 -2.835085 1.390248 -2.979832 -0.199215 0.000000 -0.979956 0.012405 0.178223 1 0 1.0
0 -0.777374 1.661658 -3.398143 -0.199215 0.000000 -0.979956 0.012405 0.178223 1 0 1.0
0 -2.835085 0.497778 -2.979832 -0.199215 0.000000 -0.979956 0.012405 0.178223 1 0 1.0
Default
0 -9.735004 0.000000 3.173263 -0.317380 0.932872 -0.170350 0.012405 0.201416 1 0 1.0
0 -6.030960 1.159273 2.620653 -0.317380 0.932872 -0.170350 0.012405 0.201416 1 0 1.0
0 -7.750085 0.485548 2.134108 -0.317380 0.932872 -0.170350 0.012405 0.201416 1 0 1.0
Default
0 9.184960 1.781260 -5.123882 -0.010253 -0.024607 -0.999645 0.012405 0.178223 1 0 1.0
0 8.547737 0.000000 -5.073499 -0.010253 -0.024607 -0.999645 0.012405 0.178223 1 0 1.0
0 5.511698 0.000000 -5.042360 -0.010253 -0.024607 -0.999645 0.012405 0.178223 1 0 1.0
Default
0 -7.315423 0.000000 4.162434 0.393083 0.098027 0.914263 0.012405 0.201416 1 0 1.0
0 -4.182090 -0.000000 2.815270 0.393083 0.098027 0.914263 0.012405 0.201416 1 0 1.0
0 -4.081894 1.007976 2.664116 0.393083 0.098027 0.914263 0.012405 0.201416 1 0 1.0
Default
0 19.531181 0.000000 -5.288120 0.201244 -0.077409 -0.976478 0.012405 0.178223 1 0 1.0
0 16.867588 0.000000 -5.837064 0.201244 -0.077409 -0.976478 0.012405 0.178223 1 0 1.0
0 17.502767 1.697973 -5.840764 0.201244 -0.077409 -0.976478 0.012405 0.178223 1 0 1.0
Default
0 21.050891 0.000000 -5.202658 0.056006 -0.070708 -0.995924 0.012405 0.178223 1 0 1.0
0 19.531181 0.000000 -5.288120 0.056006 -0.070708 -0.995924 0.012405 0.178223 1 0 1.0
0 19.215026 1.722977 -5.428226 0.056006 -0.070708 -0.995924 0.012405 0.178223 1 0 1.0
Default
0 23.230581 0.000000 -5.356566 -0.069144 0.190627 -0.979224 0.012405 0.178223 1 0 1.0
0 21.050891 0.000000 -5.202658 -0.069144 0.190627 -0.979224 0.012405 0.178223 1 0 1.0
0 21.605013 1.484681 -4.952759 -0.069144 0.190627 -0.979224 0.012405 0.178223 1 0 1.0
Default
0 24.576248 1.095963 -5.316775 -0.095863 0.153413 -0.983501 0.012405 0.178223 1 0 1.0
0 24.361938 0.000000 -5.466841 -0.095863 0.153413 -0.983501 0.012405 0.178223 1 0 1.0
0 23.230581 0.000000 -5.356566 -0.069144 0.190627 -0.979224 0.012405 0.178223 1 0 1.0
Default
0 40.843688 -0.000000 -0.617496 0.465681 0.283752 0.838228 0.012405 0.178223 1 0 1.0
0 41.654597 0.000000 -1.068000 0.465681 0.283752 0.838228 0.012405 0.178223 1 0 1.0
0 41.474442 0.295661 -1.068000 0.465681 0.283752 0.838228 0.012405 0.178223 1 0 1.0
Default
0 -40.949021 0.144404 2.191648 0.107402 0.879313 0.463976 0.012405 0.178223 1 0 1.0
0 -41.557290 0.000000 2.606121 0.107402 0.879313 0.463976 0.012405 0.178223 1 0 1.0
0 -38.054167 0.000000 1.795213 0.107402 0.879313 0.463976 0.012405 0.178223 1 0 1.0
Default
0 28.780206 1.369483 -5.999680 0.026417 0.703843 -0.709864 0.010849 0.204468 1 0 1.0
0 26.367809 2.820061 -4.651184 0.026417 0.703843 -0.709864 0.010849 0.204468 1 0 1.0
0 28.212492 2.712231 -4.689449 0.026417 0.703843 -0.709864 0.010849 0.204468 1 0 1.0
Default
0 11.748881 4.200450 -4.610329 -0.065344 0.273001 -0.959792 0.012405 0.178223 1 0 1.0
0 11.676986 1.685028 -5.320916 -0.065344 0.273001 -0.959792 0.012405 0.178223 1 0 1.0
0 9.184960 1.781260 -5.123882 -0.065344 0.273001 -0.959792 0.012405 0.178223 1 0 1.0
Default
0 13.883814 1.756043 -5.624199 -0.139596 0.272884 -0.951865 0.012405 0.178223 1 0 1.0
0 11.676986 1.685028 -5.320916 -0.139596 0.272884 -0.951865 0.012405 0.178223 1 0 1.0
0 11.748881 4.200450 -4.610329 -0.139596 0.272884 -0.951865 0.012405 0.178223 1 0 1.0
Default
0 17.502767 1.697973 -5.840764 -0.054418 0.231250 -0.971371 0.012405 0.178223 1 0 1.0
0 13.883814 1.756043 -5.624199 -0.054418 0.231250 -0.971371 0.012405 0.178223 1 0 1.0
0 14.714560 3.856412 -5.170713 -0.054418 0.231250 -0.971371 0.012405 0.178223 1 0 1.0
Default
0 19.530572 3.238562 -4.449905 0.195521 0.502805 -0.841997 0.012405 0.178223 1 0 1.0
0 19.215026 1.722977 -5.428226 0.195521 0.502805 -0.841997 0.012405 0.178223 1 0 1.0
0 17.502767 1.697973 -5.840764 0.195521 0.502805 -0.841997 0.012405 0.178223 1 0 1.0
Default
0 -22.571717 1.014790 1.114702 0.026688 0.897395 0.440421 0.012405 0.178223 1 0 1.0
0 -22.650506 0.710308 1.739885 0.026688 0.897395 0.440421 0.012405 0.178223 1 0 1.0
0 -18.056399 0.754381 1.371695 0.026688 0.897395 0.440421 0.012405 0.178223 1 0 1.0
Default
0 20.791876 2.983945 -3.777309 0.208463 0.670959 -0.711588 0.012405 0.178223 1 0 1.0
0 21.605013 1.484681 -4.952759 0.208463 0.670959 -0.711588 0.012405 0.178223 1 0 1.0
0 19.215026 1.722977 -5.428226 0.208463 0.670959 -0.711588 0.012405 0.178223 1 0 1.0
Default
0 -29.627688 0.753992 1.060746 -0.063315 0.714813 0.696444 0.012405 0.178223 1 0 1.0
0 -29.600699 0.384388 1.442552 -0.063315 0.714813 0.696444 0.012405 0.178223 1 0 1.0
0 -22.650506 0.710308 1.739885 -0.063315 0.714813 0.696444 0.012405 0.178223 1 0 1.0
Default
0 35.667516 1.249225 -0.384360 0.132141 0.410547 0.902214 0.012405 0.178223 1 0 1.0
0 35.893871 0.626583 -0.134181 0.132141 0.410547 0.902214 0.012405 0.178223 1 0 1.0
0 37.002616 1.290991 -0.598908 0.132141 0.410547 0.902214 0.012405 0.178223 1 0 1.0
Default
0 24.998729 2.426055 -4.507034 -0.136082 0.546345 -0.826432 0.010849 0.175049 1 0 1.0
0 24.576248 1.095963 -5.316775 -0.136082 0.546345 -0.826432 0.010849 0.175049 1 0 1.0
0 23.230581 1.289430 -4.967295 -0.136082 0.546345 -0.826432 0.010849 0.175049 1 0 1.0
Default
0 -37.998168 0.575259 1.243880 0.026516 0.842112 0.538650 0.012405 0.178223 1 0 1.0
0 -38.054167 0.304110 1.670544 0.026516 0.842112 0.538650 0.012405 0.178223 1 0 1.0
0 -33.999626 0.404457 1.314071 0.026516 0.842112 0.538650 0.012405 0.178223 1 0 1.0
Default
0 40.843688 0.441491 -0.617496 0.508052 0.715334 0.479772 0.012405 0.178223 1 0 1.0
0 41.474442 0.295661 -1.068000 0.508052 0.715334 0.479772 0.012405 0.178223 1 0 1.0
0 40.930788 0.638202 -1.003020 0.508052 0.715334 0.479772 0.012405 0.178223 1 0 1.0
Default
0 25.582544 0.981950 -5.401180 -0.012260 0.522802 -0.852366 0.010849 0.173462 1 0 1.0
0 24.576248 1.095963 -5.316775 -0.012260 0.522802 -0.852366 0.010849 0.173462 1 0 1.0
0 24.998729 2.426055 -4.507034 -0.012260 0.522802 -0.852366 0.010849 0.173462 1 0 1.0
Default
0 -40.206625 0.238852 1.630688 -0.032366 0.991736 0.124143 0.012405 0.178223 1 0 1.0
0 -40.949021 0.144404 2.191648 -0.032366 0.991736 0.124143 0.012405 0.178223 1 0 1.0
0 -38.054167 0.304110 1.670544 -0.032366 0.991736 0.124143 0.012405 0.178223 1 0 1.0
Default
0 -40.941028 0.144405 0.766707 -0.126731 0.991937 -0.000711 0.012405 0.178223 1 0 1.0
0 -40.949021 0.144404 2.191648 -0.126731 0.991937 -0.000711 0.012405 0.178223 1 0 1.0
0 -40.206625 0.238852 1.630688 -0.126731 0.991937 -0.000711 0.012405 0.178223 1 0 1.0
Default
0 31.920402 2.284535 0.112877 0.236062 0.339161 0.910628 0.012405 0.178223 1 0 1.0
0 31.749232 1.313124 0.519050 0.236062 0.339161 0.910628 0.012405 0.178223 1 0 1.0
0 33.483674 1.194543 0.113596 0.236062 0.339161 0.910628 0.012405 0.178223 1 0 1.0
Default
0 28.293671 2.631487 -4.298440 0.900337 -0.203920 -0.384461 0.010849 0.204468 1 0 1.0
0 28.214557 2.155522 -4.231263 0.900337 -0.203920 -0.384461 0.010849 0.204468 1 0 1.0
0 28.104721 2.250162 -4.538675 0.900337 -0.203920 -0.384461 0.010849 0.204468 1 0 1.0
Default
0 -38.540711 0.435109 0.417418 -0.128339 0.990035 -0.057963 0.012405 0.178223 1 0 1.0
0 -40.941028 0.144405 0.766707 -0.128339 0.990035 -0.057963 0.012405 0.178223 1 0 1.0
0 -40.336911 0.238853 1.042317 -0.128339 0.990035 -0.057963 0.012405 0.178223 1 0 1.0
Default
0 30.487819 1.505081 0.879454 0.305030 0.321132 0.896566 0.012405 0.178223 1 0 1.0
0 31.749232 1.313124 0.519050 0.305030 0.321132 0.896566 0.012405 0.178223 1 0 1.0
0 31.920402 2.284535 0.112877 0.305030 0.321132 0.896566 0.012405 0.178223 1 0 1.0
Default
0 -36.107986 0.585688 0.497761 -0.047256 0.941501 -0.333680 0.012405 0.178223 1 0 1.0
0 -38.540711 0.435109 0.417418 -0.047256 0.941501 -0.333680 0.012405 0.178223 1 0 1.0
0 -38.482235 0.575259 0.804580 -0.047256 0.941501 -0.333680 0.012405 0.178223 1 0 1.0
Default
0 -32.382558 1.082519 0.205384 -0.144199 0.634292 -0.759526 0.012405 0.178223 1 0 1.0
0 -32.378407 0.574846 -0.219371 -0.144199 0.634292 -0.759526 0.012405 0.178223 1 0 1.0
0 -36.107986 0.585688 0.497761 -0.144199 0.634292 -0.759526 0.012405 0.178223 1 0 1.0
Default
0 25.667424 2.010649 1.938139 0.143452 0.381012 0.913374 0.012405 0.178223 1 0 1.0
0 28.325401 2.359868 1.375008 0.143452 0.381012 0.913374 0.012405 0.178223 1 0 1.0
0 27.962838 3.414800 0.991888 0.143452 0.381012 0.913374 0.012405 0.178223 1 0 1.0
Default
0 23.414904 1.664218 2.400226 0.150476 0.284481 0.946799 0.012405 0.178223 1 0 1.0
0 25.667424 2.010649 1.938139 0.150476 0.284481 0.946799 0.012405 0.178223 1 0 1.0
0 25.607200 3.530778 1.490964 0.150476 0.284481 0.946799 0.012405 0.178223 1 0 1.0
Default
0 31.617485 0.879165 -2.201715 0.429749 0.317056 -0.845453 0.012405 0.178223 1 0 1.0
0 31.157412 1.045800 -2.373084 0.429749 0.317056 -0.845453 0.012405 0.178223 1 0 1.0
0 30.925690 1.607194 -2.280342 0.429749 0.317056 -0.845453 0.012405 0.178223 1 0 1.0
Default
0 -24.827488 0.867433 -1.365862 -0.081521 0.590525 -0.802891 0.012405 0.178223 1 0 1.0
0 -28.521983 0.862328 -0.994499 -0.081521 0.590525 -0.802891 0.012405 0.178223 1 0 1.0
0 -28.450407 1.214657 -0.742629 -0.081521 0.590525 -0.802891 0.012405 0.178223 1 0 1.0
Default
0 21.229959 1.821419 3.236231 0.286294 0.739549 0.609183 0.012405 0.178223 1 0 1.0
0 23.414904 1.664218 2.400226 0.286294 0.739549 0.609183 0.012405 0.178223 1 0 1.0
0 22.587362 2.925061 1.258479 0.286294 0.739549 0.609183 0.012405 0.178223 1 0 1.0
Default
0 34.298564 1.890727 -1.614806 0.011789 0.478252 -0.878144 0.012405 0.178223 1 0 1.0
0 34.727009 1.054570 -2.064440 0.011789 0.478252 -0.878144 0.012405 0.178223 1 0 1.0
0 31.617485 0.879165 -2.201715 0.011789 0.478252 -0.878144 0.012405 0.178223 1 0 1.0
Default
0 -21.172814 1.208892 -1.301263 -0.004515 0.232329 -0.972627 0.012405 0.178223 1 0 1.0
0 -21.208657 0.673251 -1.429044 -0.004515 0.232329 -0.972627 0.012405 0.178223 1 0 1.0
0 -24.827488 0.867433 -1.365862 -0.004515 0.232329 -0.972627 0.012405 0.178223 1 0 1.0
Default
0 -17.382810 1.154075 -1.628893 -0.080290 0.236376 -0.968339 0.012405 0.178223 1 0 1.0
0 -21.208657 0.673251 -1.429044 -0.080290 0.236376 -0.968339 0.012405 0.178223 1 0 1.0
0 -21.172814 1.208892 -1.301263 -0.080290 0.236376 -0.968339 0.012405 0.178223 1 0 1.0
Default
0 17.110403 2.426304 3.886630 0.114848 0.525141 0.843230 0.012405 0.178223 1 0 1.0
0 19.664395 2.445295 3.526950 0.114848 0.525141 0.843230 0.012405 0.178223 1 0 1.0
0 19.078109 3.746592 2.796391 0.114848 0.525141 0.843230 0.012405 0.178223 1 0 1.0
Default
0 -15.818189 1.944369 -1.705917 -0.099500 0.293560 -0.950748 0.012405 0.178223 1 0 1.0
0 -15.757276 0.810670 -2.062340 -0.099500 0.293560 -0.950748 0.012405 0.178223 1 0 1.0
0 -16.815786 1.908787 -1.612500 -0.099500 0.293560 -0.950748 0.012405 0.178223 1 0 1.0
Default
0 -13.568451 0.699077 -1.674243 0.181329 0.303798 -0.935322 0.012405 0.178223 1 0 1.0
0 -15.757276 0.810670 -2.062340 0.181329 0.303798 -0.935322 0.012405 0.178223 1 0 1.0
0 -15.818189 1.944369 -1.705917 0.181329 0.303798 -0.935322 0.012405 0.178223 1 0 1.0
Default
0 -10.306805 1.757111 -1.620306 -0.144639 0.489716 -0.859801 0.012405 0.178223 1 0 1.0
0 -10.263000 0.989543 -2.064857 -0.144639 0.489716 -0.859801 0.012405 0.178223 1 0 1.0
0 -13.568451 0.699077 -1.674243 -0.144639 0.489716 -0.859801 0.012405 0.178223 1 0 1.0
Default
0 -6.968439 0.818298 -2.463624 -0.078855 0.496246 -0.864593 0.012405 0.178223 1 0 1.0
0 -10.263000 0.989543 -2.064857 -0.078855 0.496246 -0.864593 0.012405 0.178223 1 0 1.0
0 -10.306805 1.757111 -1.620306 -0.078855 0.496246 -0.864593 0.012405 0.178223 1 0 1.0
Default
0 -2.835085 1.390248 -2.979832 -0.199027 0.338893 -0.919532 0.012405 0.178223 1 0 1.0
0 -5.501753 1.217534 -2.466302 -0.199027 0.338893 -0.919532 0.012405 0.178223 1 0 1.0
0 -4.732317 3.430866 -1.817119 -0.199027 0.338893 -0.919532 0.012405 0.178223 1 0 1.0
Default
0 -1.407314 2.976708 2.364337 -0.090639 0.273341 0.957637 0.012405 0.178223 1 0 1.0
0 -1.619621 1.612576 2.733610 -0.090639 0.273341 0.957637 0.012405 0.178223 1 0 1.0
0 1.105029 1.949870 2.895221 -0.090639 0.273341 0.957637 0.012405 0.178223 1 0 1.0
Default
0 2.419036 1.700479 -4.135988 -0.213527 0.366065 -0.905761 0.012405 0.178223 1 0 1.0
0 -0.777374 1.661658 -3.398143 -0.213527 0.366065 -0.905761 0.012405 0.178223 1 0 1.0
0 0.044504 3.857729 -2.704349 -0.213527 0.366065 -0.905761 0.012405 0.178223 1 0 1.0
Default
0 -3.799203 2.090049 2.237656 -0.121831 0.391321 0.912154 0.012405 0.178223 1 0 1.0
0 -4.081894 1.007976 2.664116 -0.121831 0.391321 0.912154 0.012405 0.178223 1 0 1.0
0 -1.619621 1.612576 2.733610 -0.121831 0.391321 0.912154 0.012405 0.178223 1 0 1.0
Default
0 4.842228 1.740485 -4.846158 -0.274280 0.279504 -0.920135 0.012405 0.178223 1 0 1.0
0 2.419036 1.700479 -4.135988 -0.274280 0.279504 -0.920135 0.012405 0.178223 1 0 1.0
0 2.874461 3.527007 -3.716910 -0.274280 0.279504 -0.920135 0.012405 0.178223 1 0 1.0
Default
0 9.184960 1.781260 -5.123882 -0.064303 0.222180 -0.972883 0.012405 0.178223 1 0 1.0
0 4.842228 1.740485 -4.846158 -0.064303 0.222180 -0.972883 0.012405 0.178223 1 0 1.0
0 5.556385 3.988529 -4.379968 -0.064303 0.222180 -0.972883 0.012405 0.178223 1 0 1.0
Default
0 -7.583287 1.715782 1.812114 -0.361887 0.281657 0.888655 0.012405 0.178223 1 0 1.0
0 -7.750085 0.485548 2.134108 -0.361887 0.281657 0.888655 0.012405 0.178223 1 0 1.0
0 -6.030960 1.159273 2.620653 -0.361887 0.281657 0.888655 0.012405 0.178223 1 0 1.0
Default
0 22.151308 3.165740 -2.674426 0.110483 0.949787 -0.292742 0.011627 0.175903 1 0 1.0
0 23.106362 2.677562 -3.897848 0.110483 0.949787 -0.292742 0.011627 0.175903 1 0 1.0
0 20.791876 2.983945 -3.777309 0.110483 0.949787 -0.292742 0.011627 0.175903 1 0 1.0
Default
0 37.749110 1.298567 -1.002429 0.108689 0.969591 0.219273 0.012405 0.178223 1 0 1.0
0 37.002616 1.290991 -0.598908 0.108689 0.969591 0.219273 0.012405 0.178223 1 0 1.0
0 38.423400 1.134359 -0.610559 0.108689 0.969591 0.219273 0.012405 0.178223 1 0 1.0
Default
0 13.678399 5.837161 -0.485492 0.074207 0.996576 0.036475 0.012405 0.178223 1 0 1.0
0 15.675959 5.674710 -0.110951 0.074207 0.996576 0.036475 0.012405 0.178223 1 0 1.0
0 13.428704 5.893832 -1.525887 0.074207 0.996576 0.036475 0.012405 0.178223 1 0 1.0
Default
0 -20.414168 1.989574 -0.402262 -0.182739 0.813451 -0.552181 0.012405 0.178223 1 0 1.0
0 -17.354982 1.889556 -1.562009 -0.182739 0.813451 -0.552181 0.012405 0.178223 1 0 1.0
0 -21.172814 1.208892 -1.301263 -0.182739 0.813451 -0.552181 0.012405 0.178223 1 0 1.0
Default
0 37.002616 1.290991 -0.598908 -0.040129 0.997652 -0.055507 0.012405 0.178223 1 0 1.0
0 37.749110 1.298567 -1.002429 -0.040129 0.997652 -0.055507 0.012405 0.178223 1 0 1.0
0 35.667516 1.249225 -0.384360 -0.040129 0.997652 -0.055507 0.012405 0.178223 1 0 1.0
Default
0 -37.998168 0.575259 1.243880 -0.025348 0.813427 0.581115 0.012405 0.178223 1 0 1.0
0 -33.817558 0.886449 0.990643 -0.025348 0.813427 0.581115 0.012405 0.178223 1 0 1.0
0 -36.065327 0.883458 0.896783 -0.025348 0.813427 0.581115 0.012405 0.178223 1 0 1.0
Default
0 -39.340152 0.615889 1.248388 0.023186 0.685028 0.728148 0.012405 0.178223 1 0 1.0
0 -40.206625 0.238852 1.630688 0.023186 0.685028 0.728148 0.012405 0.178223 1 0 1.0
0 -37.998168 0.575259 1.243880 0.023186 0.685028 0.728148 0.012405 0.178223 1 0 1.0
Default
0 -37.998168 0.575259 1.243880 0.030134 0.998994 -0.033205 0.012405 0.178223 1 0 1.0
0 -38.482235 0.575259 0.804580 0.030134 0.998994 -0.033205 0.012405 0.178223 1 0 1.0
0 -39.340152 0.615889 1.248388 0.030134 0.998994 -0.033205 0.012405 0.178223 1 0 1.0
Default
0 37.749110 1.298567 -1.002429 0.113276 0.884729 0.452131 0.012405 0.178223 1 0 1.0
0 35.276990 1.648652 -1.068115 0.113276 0.884729 0.452131 0.012405 0.178223 1 0 1.0
0 35.667516 1.249225 -0.384360 0.113276 0.884729 0.452131 0.012405 0.178223 1 0 1.0
Default
0 31.492315 2.011752 -1.964352 0.187169 0.885375 -0.425534 0.012405 0.178223 1 0 1.0
0 31.448333 2.711828 -0.527109 0.187169 0.885375 -0.425534 0.012405 0.178223 1 0 1.0
0 33.229037 2.166680 -0.878119 0.187169 0.885375 -0.425534 0.012405 0.178223 1 0 1.0
Default
0 31.492315 2.011752 -1.964352 0.332634 0.851793 -0.404726 0.012405 0.178223 1 0 1.0
0 30.636851 2.119849 -2.439932 0.332634 0.851793 -0.404726 0.012405 0.178223 1 0 1.0
0 31.448333 2.711828 -0.527109 0.332634 0.851793 -0.404726 0.012405 0.178223 1 0 1.0
Default
0 34.298564 1.890727 -1.614806 0.244499 0.969615 -0.008240 0.012405 0.178223 1 0 1.0
0 33.229037 2.166680 -0.878119 0.244499 0.969615 -0.008240 0.012405 0.178223 1 0 1.0
0 35.276990 1.648652 -1.068115 0.244499 0.969615 -0.008240 0.012405 0.178223 1 0 1.0
Default
0 31.492315 2.011752 -1.964352 0.073315 0.964225 -0.254747 0.012405 0.178223 1 0 1.0
0 33.229037 2.166680 -0.878119 0.073315 0.964225 -0.254747 0.012405 0.178223 1 0 1.0
0 34.298564 1.890727 -1.614806 0.073315 0.964225 -0.254747 0.012405 0.178223 1 0 1.0
Default
0 24.415267 3.800324 0.430054 -0.060397 0.968022 -0.243489 0.012405 0.178223 1 0 1.0
0 26.995443 3.908968 0.221976 -0.060397 0.968022 -0.243489 0.012405 0.178223 1 0 1.0
0 27.222060 3.203734 -2.637983 -0.060397 0.968022 -0.243489 0.012405 0.178223 1 0 1.0
Default
0 28.293671 2.631487 -4.298440 0.251805 0.953422 -0.166072 0.010849 0.204468 1 0 1.0
0 26.533510 3.273417 -3.281941 0.251805 0.953422 -0.166072 0.010849 0.204468 1 0 1.0
0 27.222060 3.203734 -2.637983 0.251805 0.953422 -0.166072 0.010849 0.204468 1 0 1.0
Default
0 28.616543 2.768996 -2.386633 0.315247 0.941272 -0.120942 0.010849 0.204468 1 0 1.0
0 28.293671 2.631487 -4.298440 0.315247 0.941272 -0.120942 0.010849 0.204468 1 0 1.0
0 27.222060 3.203734 -2.637983 0.315247 0.941272 -0.120942 0.010849 0.204468 1 0 1.0
Default
0 26.367809 2.820061 -4.651184 0.019099 0.948453 -0.316343 0.009300 0.173462 1 0 1.0
0 24.715969 3.384412 -3.058891 0.019099 0.948453 -0.316343 0.010849 0.173462 1 0 1.0
0 26.533510 3.273417 -3.281941 0.019099 0.948453 -0.316343 0.009300 0.173462 1 0 1.0
Default
0 40.086700 0.927858 -1.224441 0.150911 0.985514 0.077380 0.012405 0.178223 1 0 1.0
0 38.423400 1.134359 -0.610559 0.150911 0.985514 0.077380 0.012405 0.178223 1 0 1.0
0 39.741467 0.938975 -0.692733 0.150911 0.985514 0.077380 0.012405 0.178223 1 0 1.0
Default
0 37.749110 1.298567 -1.002429 0.137626 0.987128 0.081465 0.012405 0.178223 1 0 1.0
0 40.086700 0.927858 -1.224441 0.150911 0.985514 0.077380 0.012405 0.178223 1 0 1.0
0 37.392218 1.380838 -1.396387 0.137626 0.987128 0.081465 0.012405 0.178223 1 0 1.0
Default
0 35.276990 1.648652 -1.068115 0.137626 0.987128 0.081465 0.012405 0.178223 1 0 1.0
0 37.749110 1.298567 -1.002429 0.137626 0.987128 0.081465 0.012405 0.178223 1 0 1.0
0 37.392218 1.380838 -1.396387 0.137626 0.987128 0.081465 0.012405 0.178223 1 0 1.0
Default
0 40.086700 0.927858 -1.224441 0.166818 0.978298 0.122903 0.012405 0.178223 1 0 1.0
0 37.749110 1.298567 -1.002429 0.166818 0.978298 0.122903 0.012405 0.178223 1 0 1.0
0 38.423400 1.134359 -0.610559 0.166818 0.978298 0.122903 0.012405 0.178223 1 0 1.0
Default
0 22.317772 3.695877 -0.801714 0.207780 0.936194 -0.283492 0.011627 0.175903 1 0 1.0
0 22.151308 3.165740 -2.674426 0.207780 0.936194 -0.283492 0.011627 0.175903 1 0 1.0
0 21.255735 3.545824 -2.075641 0.207780 0.936194 -0.283492 0.011627 0.175903 1 0 1.0
Default
0 21.306571 3.937978 -1.193319 0.245270 0.968845 -0.034368 0.011627 0.175903 1 0 1.0
0 21.301568 3.969901 -0.329111 0.245270 0.968845 -0.034368 0.011627 0.175903 1 0 1.0
0 22.317772 3.695877 -0.801714 0.245270 0.968845 -0.034368 0.011627 0.175903 1 0 1.0
Default
0 18.213913 4.903093 -3.183783 0.445107 0.749470 -0.490076 0.012032 0.177124 1 0 1.0
0 20.996983 3.519539 -2.771943 0.445107 0.749470 -0.490076 0.011627 0.175903 1 0 1.0
0 20.791876 2.983945 -3.777309 0.445107 0.749470 -0.490076 0.011627 0.175903 1 0 1.0
Default
0 15.675959 5.674710 -0.110951 0.213770 0.971743 -0.100086 0.012405 0.178223 1 0 1.0
0 18.256132 5.179976 0.596516 0.213770 0.971743 -0.100086 0.012405 0.178223 1 0 1.0
0 17.007659 5.287458 -1.026498 0.213770 0.971743 -0.100086 0.012405 0.178223 1 0 1.0
Default
0 15.675959 5.674710 -0.110951 0.159074 0.981534 0.106238 0.012405 0.178223 1 0 1.0
0 15.551104 5.537292 1.345601 0.159074 0.981534 0.106238 0.012405 0.178223 1 0 1.0
0 18.256132 5.179976 0.596516 0.159074 0.981534 0.106238 0.012405 0.178223 1 0 1.0
Default
0 23.106362 2.677562 -3.897848 -0.143831 0.875364 -0.461574 0.011627 0.175903 1 0 1.0
0 22.151308 3.165740 -2.674426 -0.143831 0.875364 -0.461574 0.011627 0.175903 1 0 1.0
0 24.715969 3.384412 -3.058891 -0.143831 0.875364 -0.461574 0.011627 0.175903 1 0 1.0
Default
0 13.678399 5.837161 -0.485492 -0.098240 0.961170 0.257878 0.012405 0.178223 1 0 1.0
0 12.804471 5.290060 1.220752 -0.098240 0.961170 0.257878 0.012405 0.178223 1 0 1.0
0 15.551104 5.537292 1.345601 -0.098240 0.961170 0.257878 0.012405 0.178223 1 0 1.0
Default
0 15.675959 5.674710 -0.110951 0.062198 0.993139 0.099029 0.012405 0.178223 1 0 1.0
0 13.678399 5.837161 -0.485492 0.062198 0.993139 0.099029 0.012405 0.178223 1 0 1.0
0 15.551104 5.537292 1.345601 0.062198 0.993139 0.099029 0.012405 0.178223 1 0 1.0
Default
0 17.525822 4.367422 -4.428230 0.135747 0.880552 -0.454093 0.012405 0.178223 1 0 1.0
0 15.967271 5.589339 -2.524666 0.135747 0.880552 -0.454093 0.012405 0.178223 1 0 1.0
0 18.213913 4.903093 -3.183783 0.135747 0.880552 -0.454093 0.012032 0.177124 1 0 1.0
Default
0 17.525822 4.367422 -4.428230 0.320610 0.894468 -0.311667 0.012405 0.178223 1 0 1.0
0 15.051723 5.496988 -3.731524 0.320610 0.894468 -0.311667 0.012405 0.178223 1 0 1.0
0 15.967271 5.589339 -2.524666 0.320610 0.894468 -0.311667 0.012405 0.178223 1 0 1.0
Default
0 10.182678 5.832721 -2.586571 0.011140 0.995747 -0.091460 0.012405 0.178223 1 0 1.0
0 13.428704 5.893832 -1.525887 0.011140 0.995747 -0.091460 0.012405 0.178223 1 0 1.0
0 12.471543 5.736352 -3.356982 0.011140 0.995747 -0.091460 0.012405 0.178223 1 0 1.0
Default
0 40.086700 0.927858 -1.224441 0.281680 0.945541 0.163122 0.012405 0.178223 1 0 1.0
0 39.741467 0.938975 -0.692733 0.281680 0.945541 0.163122 0.012405 0.178223 1 0 1.0
0 40.930788 0.638202 -1.003020 0.281680 0.945541 0.163122 0.012405 0.178223 1 0 1.0
Default
0 35.276990 1.648652 -1.068115 0.149045 0.974972 0.164968 0.012405 0.178223 1 0 1.0
0 37.392218 1.380838 -1.396387 0.149045 0.974972 0.164968 0.012405 0.178223 1 0 1.0
0 34.298564 1.890727 -1.614806 0.149045 0.974972 0.164968 0.012405 0.178223 1 0 1.0
Default
0 30.925690 1.607194 -2.280342 0.486068 0.001808 -0.873919 0.012405 0.178223 1 0 1.0
0 30.636851 2.119849 -2.439932 0.486068 0.001808 -0.873919 0.012405 0.178223 1 0 1.0
0 31.492315 2.011752 -1.964352 0.486068 0.001808 -0.873919 0.012405 0.178223 1 0 1.0
Default
0 28.212492 2.712231 -4.689449 0.394425 0.912725 0.106590 0.010849 0.204468 1 0 1.0
0 26.533510 3.273417 -3.281941 0.394425 0.912725 0.106590 0.010849 0.204468 1 0 1.0
0 28.293671 2.631487 -4.298440 0.394425 0.912725 0.106590 0.010849 0.204468 1 0 1.0
Default
0 10.473987 5.456053 1.470448 -0.031790 0.985125 0.168875 0.012405 0.178223 1 0 1.0
0 11.556000 5.762061 -0.110951 -0.031790 0.985125 0.168875 0.012405 0.178223 1 0 1.0
0 8.268353 5.577493 0.346823 -0.031790 0.985125 0.168875 0.012405 0.178223 1 0 1.0
Default
0 1.110433 4.872386 0.638133 -0.122806 0.992422 0.004075 0.012405 0.178223 1 0 1.0
0 3.815479 5.209170 0.138744 -0.122806 0.992422 0.004075 0.012405 0.178223 1 0 1.0
0 3.191225 5.139442 -1.692350 -0.122806 0.992422 0.004075 0.012405 0.178223 1 0 1.0
Default
0 1.360135 5.107291 -1.650736 -0.015184 0.994827 0.100442 0.012405 0.178223 1 0 1.0
0 1.110433 4.872386 0.638133 -0.015184 0.994827 0.100442 0.012405 0.178223 1 0 1.0
0 3.191225 5.139442 -1.692350 -0.015184 0.994827 0.100442 0.012405 0.178223 1 0 1.0
Default
0 2.874461 3.527007 -3.716910 -0.207207 0.780791 -0.589432 0.012405 0.178223 1 0 1.0
0 3.191225 5.139442 -1.692350 -0.207207 0.780791 -0.589432 0.012405 0.178223 1 0 1.0
0 5.521708 5.547405 -1.971193 -0.207207 0.780791 -0.589432 0.012405 0.178223 1 0 1.0
Default
0 2.874461 3.527007 -3.716910 -0.027859 0.784042 -0.620082 0.012405 0.178223 1 0 1.0
0 1.360135 5.107291 -1.650736 -0.027859 0.784042 -0.620082 0.012405 0.178223 1 0 1.0
0 3.191225 5.139442 -1.692350 -0.027859 0.784042 -0.620082 0.012405 0.178223 1 0 1.0
Default
0 -6.576553 1.791520 -2.161835 -0.422773 0.615481 -0.665166 0.012405 0.178223 1 0 1.0
0 -5.548091 3.834361 -0.925265 -0.422773 0.615481 -0.665166 0.012405 0.178223 1 0 1.0
0 -4.732317 3.430866 -1.817119 -0.422773 0.615481 -0.665166 0.012405 0.178223 1 0 1.0
Default
0 -10.916530 2.865543 -0.551422 -0.188957 0.625804 -0.756746 0.012405 0.178223 1 0 1.0
0 -8.128272 3.252869 -0.927335 -0.188957 0.625804 -0.756746 0.012405 0.178223 1 0 1.0
0 -10.306805 1.757111 -1.620306 -0.188957 0.625804 -0.756746 0.012405 0.178223 1 0 1.0
Default
0 -8.128272 3.252869 -0.927335 -0.097523 0.959289 0.265054 0.012405 0.178223 1 0 1.0
0 -10.916530 2.865543 -0.551422 -0.097523 0.959289 0.265054 0.012405 0.178223 1 0 1.0
0 -9.043820 2.773245 0.471669 -0.097523 0.959289 0.265054 0.012405 0.178223 1 0 1.0
Default
0 -13.563490 2.023987 -1.170489 -0.224386 0.926953 -0.300680 0.012405 0.178223 1 0 1.0
0 -12.914091 2.659864 0.305206 -0.224386 0.926953 -0.300680 0.012405 0.178223 1 0 1.0
0 -10.916530 2.865543 -0.551422 -0.224386 0.926953 -0.300680 0.012405 0.178223 1 0 1.0
Default
0 -15.818189 1.944369 -1.705917 -0.153796 0.951836 -0.265245 0.012405 0.178223 1 0 1.0
0 -16.368198 2.300106 -0.110438 -0.153796 0.951836 -0.265245 0.012405 0.178223 1 0 1.0
0 -14.828418 2.490772 -0.319030 -0.153796 0.951836 -0.265245 0.012405 0.178223 1 0 1.0
Default
0 -15.818189 1.944369 -1.705917 -0.056687 0.970135 -0.235849 0.012405 0.178223 1 0 1.0
0 -16.815786 1.908787 -1.612500 -0.056687 0.970135 -0.235849 0.012405 0.178223 1 0 1.0
0 -16.368198 2.300106 -0.110438 -0.056687 0.970135 -0.235849 0.012405 0.178223 1 0 1.0
Default
0 -17.962739 2.234755 0.470965 -0.068801 0.979162 -0.191069 0.012405 0.178223 1 0 1.0
0 -16.815786 1.908787 -1.612500 -0.056687 0.970135 -0.235849 0.012405 0.178223 1 0 1.0
0 -19.073229 2.100019 0.180358 -0.068801 0.979162 -0.191069 0.012405 0.178223 1 0 1.0
Default
0 -17.354982 1.889556 -1.562009 -0.050944 0.984276 -0.169131 0.012405 0.178223 1 0 1.0
0 -19.073229 2.100019 0.180358 -0.068801 0.979162 -0.191069 0.012405 0.178223 1 0 1.0
0 -16.815786 1.908787 -1.612500 -0.050944 0.984276 -0.169131 0.012405 0.178223 1 0 1.0
Default
0 -17.354982 1.889556 -1.562009 -0.050944 0.984276 -0.169131 0.012405 0.178223 1 0 1.0
0 -20.414168 1.989574 -0.402262 -0.020708 0.989935 -0.139997 0.012405 0.178223 1 0 1.0
0 -19.073229 2.100019 0.180358 -0.020708 0.989935 -0.139997 0.012405 0.178223 1 0 1.0
Default
0 0.044504 3.857729 -2.704349 -0.232084 0.758163 -0.609365 0.012405 0.178223 1 0 1.0
0 -1.998157 4.480651 -1.151346 -0.232084 0.758163 -0.609365 0.012405 0.178223 1 0 1.0
0 1.360135 5.107291 -1.650736 -0.232084 0.758163 -0.609365 0.012405 0.178223 1 0 1.0
Default
0 -10.306805 1.757111 -1.620306 -0.045266 0.680423 -0.731420 0.012405 0.178223 1 0 1.0
0 -13.563490 2.023987 -1.170489 -0.045266 0.680423 -0.731420 0.012405 0.178223 1 0 1.0
0 -10.916530 2.865543 -0.551422 -0.045266 0.680423 -0.731420 0.012405 0.178223 1 0 1.0
Default
0 6.395639 5.212620 1.095907 -0.081616 0.961042 0.264078 0.012405 0.178223 1 0 1.0
0 10.473987 5.456053 1.470448 -0.081616 0.961042 0.264078 0.012405 0.178223 1 0 1.0
0 8.268353 5.577493 0.346823 -0.081616 0.961042 0.264078 0.012405 0.178223 1 0 1.0
Default
0 6.395639 5.212620 1.095907 -0.157989 0.983840 0.084249 0.012405 0.178223 1 0 1.0
0 8.268353 5.577493 0.346823 -0.157989 0.983840 0.084249 0.012405 0.178223 1 0 1.0
0 7.519271 5.646078 -1.858815 -0.157989 0.983840 0.084249 0.012405 0.178223 1 0 1.0
Default
0 8.548043 4.145625 -4.419793 -0.208167 0.805143 -0.555348 0.012405 0.178223 1 0 1.0
0 7.519271 5.646078 -1.858815 -0.208167 0.805143 -0.555348 0.012405 0.178223 1 0 1.0
0 10.182678 5.832721 -2.586571 -0.208167 0.805143 -0.555348 0.012405 0.178223 1 0 1.0
Default
0 5.556385 3.988529 -4.379968 -0.010894 0.839408 -0.543393 0.012405 0.178223 1 0 1.0
0 5.521708 5.547405 -1.971193 -0.010894 0.839408 -0.543393 0.012405 0.178223 1 0 1.0
0 7.519271 5.646078 -1.858815 -0.010894 0.839408 -0.543393 0.012405 0.178223 1 0 1.0
Default
0 5.556385 3.988529 -4.379968 -0.051690 0.852468 -0.520217 0.012405 0.178223 1 0 1.0
0 7.519271 5.646078 -1.858815 -0.051690 0.852468 -0.520217 0.012405 0.178223 1 0 1.0
0 8.548043 4.145625 -4.419793 -0.051690 0.852468 -0.520217 0.012405 0.178223 1 0 1.0
Default
0 1.360135 5.107291 -1.650736 -0.154481 0.726880 -0.669165 0.012405 0.178223 1 0 1.0
0 2.874461 3.527007 -3.716910 -0.154481 0.726880 -0.669165 0.012405 0.178223 1 0 1.0
0 0.044504 3.857729 -2.704349 -0.154481 0.726880 -0.669165 0.012405 0.178223 1 0 1.0
Default
0 5.521708 5.547405 -1.971193 -0.268897 0.806838 -0.526029 0.012405 0.178223 1 0 1.0
0 5.556385 3.988529 -4.379968 -0.268897 0.806838 -0.526029 0.012405 0.178223 1 0 1.0
0 2.874461 3.527007 -3.716910 -0.268897 0.806838 -0.526029 0.012405 0.178223 1 0 1.0
Default
0 11.748881 4.200450 -4.610329 -0.209520 0.675494 -0.706972 0.012405 0.178223 1 0 1.0
0 10.182678 5.832721 -2.586571 -0.209520 0.675494 -0.706972 0.012405 0.178223 1 0 1.0
0 12.471543 5.736352 -3.356982 -0.209520 0.675494 -0.706972 0.012405 0.178223 1 0 1.0
Default
0 8.548043 4.145625 -4.419793 -0.051719 0.757394 -0.650906 0.012405 0.178223 1 0 1.0
0 10.182678 5.832721 -2.586571 -0.051719 0.757394 -0.650906 0.012405 0.178223 1 0 1.0
0 11.748881 4.200450 -4.610329 -0.051719 0.757394 -0.650906 0.012405 0.178223 1 0 1.0
Default
0 15.051723 5.496988 -3.731524 0.082351 0.647602 -0.757515 0.012405 0.178223 1 0 1.0
0 17.525822 4.367422 -4.428230 0.082351 0.647602 -0.757515 0.012405 0.178223 1 0 1.0
0 14.714560 3.856412 -5.170713 0.082351 0.647602 -0.757515 0.012405 0.178223 1 0 1.0
Default
0 24.715969 3.384412 -3.058891 -0.282377 0.773692 -0.567155 0.010849 0.173462 1 0 1.0
0 26.367809 2.820061 -4.651184 -0.282377 0.773692 -0.567155 0.010849 0.173462 1 0 1.0
0 24.998729 2.426055 -4.507034 -0.282377 0.773692 -0.567155 0.010849 0.173462 1 0 1.0
Default
0 26.367809 2.820061 -4.651184 0.048700 0.946418 -0.319252 0.010849 0.204468 1 0 1.0
0 26.533510 3.273417 -3.281941 0.048700 0.946418 -0.319252 0.010849 0.204468 1 0 1.0
0 28.212492 2.712231 -4.689449 0.048700 0.946418 -0.319252 0.010849 0.204468 1 0 1.0
Default
0 24.715969 3.384412 -3.058891 -0.070582 0.825447 -0.560049 0.010849 0.175049 1 0 1.0
0 24.998729 2.426055 -4.507034 -0.070582 0.825447 -0.560049 0.010849 0.175049 1 0 1.0
0 23.106362 2.677562 -3.897848 -0.070582 0.825447 -0.560049 0.010849 0.175049 1 0 1.0
Default
0 18.213913 4.903093 -3.183783 0.407923 0.734836 -0.541862 0.012032 0.177124 1 0 1.0
0 19.530572 3.238562 -4.449905 0.407923 0.734836 -0.541862 0.012405 0.178223 1 0 1.0
0 17.525822 4.367422 -4.428230 0.407923 0.734836 -0.541862 0.012405 0.178223 1 0 1.0
Default
0 18.213913 4.903093 -3.183783 0.427914 0.736731 -0.523562 0.012032 0.177124 1 0 1.0
0 20.791876 2.983945 -3.777309 0.427914 0.736731 -0.523562 0.012405 0.178223 1 0 1.0
0 19.530572 3.238562 -4.449905 0.427914 0.736731 -0.523562 0.012405 0.178223 1 0 1.0
Default
0 -17.962739 2.234755 0.470965 -0.118836 0.968909 -0.217009 0.012405 0.178223 1 0 1.0
0 -16.368198 2.300106 -0.110438 -0.118836 0.968909 -0.217009 0.012405 0.178223 1 0 1.0
0 -16.815786 1.908787 -1.612500 -0.118836 0.968909 -0.217009 0.012405 0.178223 1 0 1.0
Default
0 -13.619606 1.945520 0.829913 -0.046006 0.882858 0.467381 0.012405 0.178223 1 0 1.0
0 -14.828418 2.490772 -0.319030 -0.046006 0.882858 0.467381 0.012405 0.178223 1 0 1.0
0 -16.368198 2.300106 -0.110438 -0.046006 0.882858 0.467381 0.012405 0.178223 1 0 1.0
Default
0 -13.619606 1.945520 0.829913 -0.269641 0.728704 0.629511 0.012405 0.178223 1 0 1.0
0 -12.914091 2.659864 0.305206 -0.269641 0.728704 0.629511 0.012405 0.178223 1 0 1.0
0 -14.828418 2.490772 -0.319030 -0.269641 0.728704 0.629511 0.012405 0.178223 1 0 1.0
Default
0 -10.066675 1.929236 1.237526 0.090768 0.899395 0.427609 0.012405 0.178223 1 0 1.0
0 -10.916530 2.865543 -0.551422 0.090768 0.899395 0.427609 0.012405 0.178223 1 0 1.0
0 -12.914091 2.659864 0.305206 0.090768 0.899395 0.427609 0.012405 0.178223 1 0 1.0
Default
0 -10.066675 1.929236 1.237526 -0.256038 0.801143 0.540939 0.012405 0.178223 1 0 1.0
0 -9.043820 2.773245 0.471669 -0.256038 0.801143 0.540939 0.012405 0.178223 1 0 1.0
0 -10.916530 2.865543 -0.551422 -0.256038 0.801143 0.540939 0.012405 0.178223 1 0 1.0
Default
0 -6.172325 3.405026 0.596516 -0.178486 0.668575 0.721907 0.012405 0.178223 1 0 1.0
0 -9.043820 2.773245 0.471669 -0.178486 0.668575 0.721907 0.012405 0.178223 1 0 1.0
0 -7.583287 1.715782 1.812114 -0.178486 0.668575 0.721907 0.012405 0.178223 1 0 1.0
Default
0 -7.583287 1.715782 1.812114 -0.094156 0.729169 0.677825 0.012405 0.178223 1 0 1.0
0 -9.043820 2.773245 0.471669 -0.094156 0.729169 0.677825 0.012405 0.178223 1 0 1.0
0 -10.066675 1.929236 1.237526 -0.094156 0.729169 0.677825 0.012405 0.178223 1 0 1.0
Default
0 -13.619606 1.945520 0.829913 0.045375 0.971269 0.233616 0.012405 0.178223 1 0 1.0
0 -16.368198 2.300106 -0.110438 0.045375 0.971269 0.233616 0.012405 0.178223 1 0 1.0
0 -17.962739 2.234755 0.470965 0.045375 0.971269 0.233616 0.012405 0.178223 1 0 1.0
Default
0 -22.571717 1.014790 1.114702 0.098125 0.767903 0.633006 0.012405 0.178223 1 0 1.0
0 -20.414168 1.989574 -0.402262 0.098125 0.767903 0.633006 0.012405 0.178223 1 0 1.0
0 -22.292663 1.971780 -0.089482 0.098125 0.767903 0.633006 0.012405 0.178223 1 0 1.0
Default
0 -22.571717 1.014790 1.114702 -0.000777 0.815450 0.578826 0.012405 0.178223 1 0 1.0
0 -24.546856 1.761466 0.060135 -0.000777 0.815450 0.578826 0.012405 0.178223 1 0 1.0
0 -27.870338 1.409566 0.551434 -0.000777 0.815450 0.578826 0.012405 0.178223 1 0 1.0
Default
0 -22.571717 1.014790 1.114702 -0.032376 0.786111 0.617237 0.012405 0.178223 1 0 1.0
0 -22.292663 1.971780 -0.089482 -0.032376 0.786111 0.617237 0.012405 0.178223 1 0 1.0
0 -24.546856 1.761466 0.060135 -0.032376 0.786111 0.617237 0.012405 0.178223 1 0 1.0
Default
0 -29.627688 0.753992 1.060746 0.055063 0.819157 0.570920 0.012405 0.178223 1 0 1.0
0 -29.777722 1.199618 0.435832 0.055063 0.819157 0.570920 0.012405 0.178223 1 0 1.0
0 -32.320918 1.169148 0.724832 0.055063 0.819157 0.570920 0.012405 0.178223 1 0 1.0
Default
0 -29.627688 0.753992 1.060746 -0.123464 0.793708 0.595637 0.012405 0.178223 1 0 1.0
0 -27.870338 1.409566 0.551434 -0.123464 0.793708 0.595637 0.012405 0.178223 1 0 1.0
0 -29.777722 1.199618 0.435832 -0.123464 0.793708 0.595637 0.012405 0.178223 1 0 1.0
Default
0 -32.320918 1.169148 0.724832 0.008350 0.661169 0.750191 0.012405 0.178223 1 0 1.0
0 -33.817558 0.886449 0.990643 0.008350 0.661169 0.750191 0.012405 0.178223 1 0 1.0
0 -29.627688 0.753992 1.060746 0.008350 0.661169 0.750191 0.012405 0.178223 1 0 1.0
Default
0 -27.870338 1.409566 0.551434 -0.030209 0.662470 0.748479 0.012405 0.178223 1 0 1.0
0 -29.627688 0.753992 1.060746 0.008350 0.661169 0.750191 0.012405 0.178223 1 0 1.0
0 -22.571717 1.014790 1.114702 -0.030209 0.662470 0.748479 0.012405 0.178223 1 0 1.0
Default
0 -12.914091 2.659864 0.305206 -0.084414 0.642687 0.761464 0.012405 0.178223 1 0 1.0
0 -13.619606 1.945520 0.829913 -0.084414 0.642687 0.761464 0.012405 0.178223 1 0 1.0
0 -10.066675 1.929236 1.237526 -0.084414 0.642687 0.761464 0.012405 0.178223 1 0 1.0
Default
0 -3.925072 3.924644 0.638133 -0.027919 0.655821 0.754400 0.012405 0.178223 1 0 1.0
0 -5.910700 1.966917 2.266555 -0.027919 0.655821 0.754400 0.012405 0.178223 1 0 1.0
0 -3.799203 2.090049 2.237656 -0.027919 0.655821 0.754400 0.012405 0.178223 1 0 1.0
Default
0 -6.172325 3.405026 0.596516 -0.282649 0.704526 0.650962 0.012405 0.178223 1 0 1.0
0 -7.583287 1.715782 1.812114 -0.282649 0.704526 0.650962 0.012405 0.178223 1 0 1.0
0 -5.910700 1.966917 2.266555 -0.282649 0.704526 0.650962 0.012405 0.178223 1 0 1.0
Default
0 -6.172325 3.405026 0.596516 -0.181209 0.731004 0.657872 0.012405 0.178223 1 0 1.0
0 -5.910700 1.966917 2.266555 -0.181209 0.731004 0.657872 0.012405 0.178223 1 0 1.0
0 -3.925072 3.924644 0.638133 -0.181209 0.731004 0.657872 0.012405 0.178223 1 0 1.0
Default
0 1.110433 4.872386 0.638133 -0.098979 0.738640 0.666793 0.012405 0.178223 1 0 1.0
0 -1.407314 2.976708 2.364337 -0.098979 0.738640 0.666793 0.012405 0.178223 1 0 1.0
0 0.818488 3.337671 2.294879 -0.098979 0.738640 0.666793 0.012405 0.178223 1 0 1.0
Default
0 -1.407314 2.976708 2.364337 -0.116515 0.789014 0.603226 0.012405 0.178223 1 0 1.0
0 -1.178433 4.330244 0.638133 -0.116515 0.789014 0.603226 0.012405 0.178223 1 0 1.0
0 -3.925072 3.924644 0.638133 -0.116515 0.789014 0.603226 0.012405 0.178223 1 0 1.0
Default
0 1.110433 4.872386 0.638133 -0.167564 0.737782 0.653912 0.012405 0.178223 1 0 1.0
0 0.818488 3.337671 2.294879 -0.167564 0.737782 0.653912 0.012405 0.178223 1 0 1.0
0 3.877792 3.663214 2.711522 -0.167564 0.737782 0.653912 0.012405 0.178223 1 0 1.0
Default
0 10.473987 5.456053 1.470448 -0.092141 0.807237 0.582991 0.012405 0.178223 1 0 1.0
0 9.325470 4.162344 3.080256 -0.092141 0.807237 0.582991 0.012405 0.178223 1 0 1.0
0 11.870655 4.382682 3.177429 -0.092141 0.807237 0.582991 0.012405 0.178223 1 0 1.0
Default
0 15.551104 5.537292 1.345601 0.085782 0.782075 0.617252 0.012405 0.178223 1 0 1.0
0 13.751823 4.300060 3.163264 0.085782 0.782075 0.617252 0.012405 0.178223 1 0 1.0
0 16.697821 4.070502 3.044705 0.085782 0.782075 0.617252 0.012405 0.178223 1 0 1.0
Default
0 12.804471 5.290060 1.220752 0.042750 0.898428 0.437034 0.012405 0.178223 1 0 1.0
0 11.870655 4.382682 3.177429 0.042750 0.898428 0.437034 0.012405 0.178223 1 0 1.0
0 13.751823 4.300060 3.163264 0.042750 0.898428 0.437034 0.012405 0.178223 1 0 1.0
Default
0 12.804471 5.290060 1.220752 -0.100218 0.865854 0.490157 0.012405 0.178223 1 0 1.0
0 13.751823 4.300060 3.163264 -0.100218 0.865854 0.490157 0.012405 0.178223 1 0 1.0
0 15.551104 5.537292 1.345601 -0.100218 0.865854 0.490157 0.012405 0.178223 1 0 1.0
Default
0 20.912845 4.023483 0.694939 0.427088 0.769819 0.474315 0.012405 0.178223 1 0 1.0
0 19.078109 3.746592 2.796391 0.427088 0.769819 0.474315 0.012405 0.178223 1 0 1.0
0 20.860414 3.012476 2.383023 0.427088 0.769819 0.474315 0.012405 0.178223 1 0 1.0
Default
0 18.256132 5.179976 0.596516 0.167618 0.853462 0.493465 0.012405 0.178223 1 0 1.0
0 16.697821 4.070502 3.044705 0.167618 0.853462 0.493465 0.012405 0.178223 1 0 1.0
0 19.078109 3.746592 2.796391 0.167618 0.853462 0.493465 0.012405 0.178223 1 0 1.0
Default
0 19.107306 4.767498 0.655887 0.376183 0.834291 0.403044 0.012405 0.178223 1 0 1.0
0 19.078109 3.746592 2.796391 0.376183 0.834291 0.403044 0.012405 0.178223 1 0 1.0
0 19.960991 4.353805 0.715433 0.376183 0.834291 0.403044 0.012405 0.178223 1 0 1.0
Default
0 26.995443 3.908968 0.221976 0.131830 0.901227 0.412808 0.012405 0.178223 1 0 1.0
0 25.607200 3.530778 1.490964 0.131830 0.901227 0.412808 0.012405 0.178223 1 0 1.0
0 27.962838 3.414800 0.991888 0.131830 0.901227 0.412808 0.012405 0.178223 1 0 1.0
Default
0 24.415267 3.800324 0.430054 -0.208684 0.865971 0.454473 0.012405 0.178223 1 0 1.0
0 22.587362 2.925061 1.258479 -0.208684 0.865971 0.454473 0.012405 0.178223 1 0 1.0
0 25.607200 3.530778 1.490964 -0.208684 0.865971 0.454473 0.012405 0.178223 1 0 1.0
Default
0 24.415267 3.800324 0.430054 -0.019102 0.963698 0.266309 0.012405 0.178223 1 0 1.0
0 25.607200 3.530778 1.490964 -0.019102 0.963698 0.266309 0.012405 0.178223 1 0 1.0
0 26.995443 3.908968 0.221976 -0.019102 0.963698 0.266309 0.012405 0.178223 1 0 1.0
Default
0 20.912845 4.023483 0.694939 0.358011 0.796099 0.487909 0.012405 0.178223 1 0 1.0
0 20.860414 3.012476 2.383023 0.358011 0.796099 0.487909 0.012405 0.178223 1 0 1.0
0 22.587362 2.925061 1.258479 0.358011 0.796099 0.487909 0.012405 0.178223 1 0 1.0
Default
0 1.110433 4.872386 0.638133 -0.185942 0.785028 0.590895 0.012405 0.178223 1 0 1.0
0 -1.178433 4.330244 0.638133 -0.185942 0.785028 0.590895 0.012405 0.178223 1 0 1.0
0 -1.407314 2.976708 2.364337 -0.185942 0.785028 0.590895 0.012405 0.178223 1 0 1.0
Default
0 -1.407314 2.976708 2.364337 -0.269592 0.622260 0.734924 0.012405 0.178223 1 0 1.0
0 -3.925072 3.924644 0.638133 -0.269592 0.622260 0.734924 0.012405 0.178223 1 0 1.0
0 -3.799203 2.090049 2.237656 -0.269592 0.622260 0.734924 0.012405 0.178223 1 0 1.0
Default
0 12.804471 5.290060 1.220752 0.112134 0.879977 0.461592 0.012405 0.178223 1 0 1.0
0 10.473987 5.456053 1.470448 0.112134 0.879977 0.461592 0.012405 0.178223 1 0 1.0
0 11.870655 4.382682 3.177429 0.112134 0.879977 0.461592 0.012405 0.178223 1 0 1.0
Default
0 3.815479 5.209170 0.138744 -0.011577 0.856975 0.515228 0.012405 0.178223 1 0 1.0
0 1.110433 4.872386 0.638133 -0.011577 0.856975 0.515228 0.012405 0.178223 1 0 1.0
0 3.877792 3.663214 2.711522 -0.011577 0.856975 0.515228 0.012405 0.178223 1 0 1.0
Default
0 3.815479 5.209170 0.138744 -0.189966 0.839510 0.509054 0.012405 0.178223 1 0 1.0
0 3.877792 3.663214 2.711522 -0.189966 0.839510 0.509054 0.012405 0.178223 1 0 1.0
0 6.395639 5.212620 1.095907 -0.189966 0.839510 0.509054 0.012405 0.178223 1 0 1.0
Default
0 26.995443 3.908968 0.221976 0.171452 0.912873 0.370496 0.012405 0.178223 1 0 1.0
0 27.962838 3.414800 0.991888 0.171452 0.912873 0.370496 0.012405 0.178223 1 0 1.0
0 29.242696 3.605128 -0.069335 0.171452 0.912873 0.370496 0.012405 0.178223 1 0 1.0
Default
0 31.448333 2.711828 -0.527109 0.224331 0.878765 0.421247 0.012405 0.178223 1 0 1.0
0 29.879285 2.594754 0.552702 0.224331 0.878765 0.421247 0.012405 0.178223 1 0 1.0
0 31.920402 2.284535 0.112877 0.224331 0.878765 0.421247 0.012405 0.178223 1 0 1.0
Default
0 33.407168 2.059810 -0.246457 0.336802 0.884050 0.324069 0.012405 0.178223 1 0 1.0
0 35.667516 1.249225 -0.384360 0.336802 0.884050 0.324069 0.012405 0.178223 1 0 1.0
0 35.276990 1.648652 -1.068115 0.336802 0.884050 0.324069 0.012405 0.178223 1 0 1.0
Default
0 33.229037 2.166680 -0.878119 0.175758 0.977595 0.115832 0.012405 0.178223 1 0 1.0
0 31.920402 2.284535 0.112877 0.175758 0.977595 0.115832 0.012405 0.178223 1 0 1.0
0 33.407168 2.059810 -0.246457 0.175758 0.977595 0.115832 0.012405 0.178223 1 0 1.0
Default
0 1.110433 4.872386 0.638133 -0.229843 0.970371 0.074514 0.012405 0.178223 1 0 1.0
0 1.360135 5.107291 -1.650736 -0.229843 0.970371 0.074514 0.012405 0.178223 1 0 1.0
0 -1.178433 4.330244 0.638133 -0.229843 0.970371 0.074514 0.012405 0.178223 1 0 1.0
Default
0 5.521708 5.547405 -1.971193 -0.170023 0.985228 0.020446 0.012405 0.178223 1 0 1.0
0 3.191225 5.139442 -1.692350 -0.170023 0.985228 0.020446 0.012405 0.178223 1 0 1.0
0 3.815479 5.209170 0.138744 -0.170023 0.985228 0.020446 0.012405 0.178223 1 0 1.0
Default
0 33.229037 2.166680 -0.878119 0.252192 0.963307 0.091863 0.012405 0.178223 1 0 1.0
0 33.407168 2.059810 -0.246457 0.252192 0.963307 0.091863 0.012405 0.178223 1 0 1.0
0 35.276990 1.648652 -1.068115 0.252192 0.963307 0.091863 0.012405 0.178223 1 0 1.0
Default
0 31.920402 2.284535 0.112877 0.335858 0.878794 0.338998 0.012405 0.178223 1 0 1.0
0 33.229037 2.166680 -0.878119 0.335858 0.878794 0.338998 0.012405 0.178223 1 0 1.0
0 31.448333 2.711828 -0.527109 0.335858 0.878794 0.338998 0.012405 0.178223 1 0 1.0
Default
0 26.995443 3.908968 0.221976 0.324509 0.924030 -0.202143 0.012405 0.178223 1 0 1.0
0 28.616543 2.768996 -2.386633 0.324509 0.924030 -0.202143 0.012405 0.178223 1 0 1.0
0 27.222060 3.203734 -2.637983 0.324509 0.924030 -0.202143 0.012405 0.178223 1 0 1.0
Default
0 26.995443 3.908968 0.221976 0.079511 0.930611 -0.357268 0.012405 0.178223 1 0 1.0
0 29.242696 3.605128 -0.069335 0.079511 0.930611 -0.357268 0.012405 0.178223 1 0 1.0
0 28.616543 2.768996 -2.386633 0.079511 0.930611 -0.357268 0.012405 0.178223 1 0 1.0
Default
0 22.587362 2.925061 1.258479 -0.174425 0.844123 0.506983 0.011627 0.175903 1 0 1.0
0 24.415267 3.800324 0.430054 -0.174425 0.844123 0.506983 0.011627 0.175903 1 0 1.0
0 22.773778 4.027670 -0.513221 -0.174425 0.844123 0.506983 0.011627 0.175903 1 0 1.0
Default
0 24.623345 3.629689 -1.484272 0.041734 0.987594 -0.151382 0.012405 0.178223 1 0 1.0
0 26.533510 3.273417 -3.281941 0.041734 0.987594 -0.151382 0.012405 0.178223 1 0 1.0
0 24.715969 3.384412 -3.058891 0.041734 0.987594 -0.151382 0.012405 0.178223 1 0 1.0
Default
0 24.715969 3.384412 -3.058891 -0.149252 0.843607 -0.515801 0.011627 0.175903 1 0 1.0
0 22.151308 3.165740 -2.674426 -0.149252 0.843607 -0.515801 0.011627 0.175903 1 0 1.0
0 22.778901 3.475253 -2.349808 -0.149252 0.843607 -0.515801 0.011627 0.175903 1 0 1.0
Default
0 19.130711 4.575232 -1.357601 0.030578 0.986360 0.161735 0.011627 0.175903 1 0 1.0
0 19.112322 4.707320 -2.159683 0.030578 0.986360 0.161735 0.011627 0.175903 1 0 1.0
0 18.213913 4.903093 -3.183783 0.030578 0.986360 0.161735 0.012032 0.177124 1 0 1.0
Default
0 22.317772 3.695877 -0.801714 0.315389 0.939540 0.133393 0.011627 0.175903 1 0 1.0
0 21.301568 3.969901 -0.329111 0.315389 0.939540 0.133393 0.011627 0.175903 1 0 1.0
0 22.390050 3.568713 -0.076940 0.315389 0.939540 0.133393 0.011627 0.175903 1 0 1.0
Default
0 16.697821 4.070502 3.044705 0.253376 0.810258 0.528472 0.012405 0.178223 1 0 1.0
0 18.256132 5.179976 0.596516 0.253376 0.810258 0.528472 0.012405 0.178223 1 0 1.0
0 15.551104 5.537292 1.345601 0.253376 0.810258 0.528472 0.012405 0.178223 1 0 1.0
Default
0 12.804471 5.290060 1.220752 0.095569 0.963063 0.251747 0.012405 0.178223 1 0 1.0
0 11.556000 5.762061 -0.110951 0.095569 0.963063 0.251747 0.012405 0.178223 1 0 1.0
0 10.473987 5.456053 1.470448 0.095569 0.963063 0.251747 0.012405 0.178223 1 0 1.0
Default
0 13.678399 5.837161 -0.485492 0.022110 0.948664 0.315511 0.012405 0.178223 1 0 1.0
0 11.556000 5.762061 -0.110951 0.022110 0.948664 0.315511 0.012405 0.178223 1 0 1.0
0 12.804471 5.290060 1.220752 0.022110 0.948664 0.315511 0.012405 0.178223 1 0 1.0
Default
0 15.675959 5.674710 -0.110951 0.110607 0.993625 -0.021795 0.012405 0.178223 1 0 1.0
0 15.967271 5.589339 -2.524666 0.110607 0.993625 -0.021795 0.012405 0.178223 1 0 1.0
0 13.428704 5.893832 -1.525887 0.110607 0.993625 -0.021795 0.012405 0.178223 1 0 1.0
Default
0 -21.172814 1.208892 -1.301263 -0.107217 0.793710 -0.598772 0.012405 0.178223 1 0 1.0
0 -22.292663 1.971780 -0.089482 -0.107217 0.793710 -0.598772 0.012405 0.178223 1 0 1.0
0 -20.414168 1.989574 -0.402262 -0.107217 0.793710 -0.598772 0.012405 0.178223 1 0 1.0
Default
0 -24.869253 1.447222 -1.151085 0.034754 0.859916 -0.509251 0.012405 0.178223 1 0 1.0
0 -22.292663 1.971780 -0.089482 0.034754 0.859916 -0.509251 0.012405 0.178223 1 0 1.0
0 -21.172814 1.208892 -1.301263 0.034754 0.859916 -0.509251 0.012405 0.178223 1 0 1.0
Default
0 -32.382558 1.082519 0.205384 -0.207288 0.968648 -0.136943 0.012405 0.178223 1 0 1.0
0 -33.817558 0.886449 0.990643 -0.207288 0.968648 -0.136943 0.012405 0.178223 1 0 1.0
0 -32.320918 1.169148 0.724832 -0.207288 0.968648 -0.136943 0.012405 0.178223 1 0 1.0
Default
0 -32.382558 1.082519 0.205384 -0.010646 0.974558 0.223882 0.012405 0.178223 1 0 1.0
0 -36.065327 0.883458 0.896783 -0.010646 0.974558 0.223882 0.012405 0.178223 1 0 1.0
0 -33.817558 0.886449 0.990643 -0.010646 0.974558 0.223882 0.012405 0.178223 1 0 1.0
Default
0 -32.382558 1.082519 0.205384 -0.030109 0.986504 -0.160947 0.012405 0.178223 1 0 1.0
0 -32.320918 1.169148 0.724832 -0.030109 0.986504 -0.160947 0.012405 0.178223 1 0 1.0
0 -29.777722 1.199618 0.435832 -0.030109 0.986504 -0.160947 0.012405 0.178223 1 0 1.0
Default
0 -29.777722 1.199618 0.435832 -0.041846 0.998532 -0.034390 0.012405 0.178223 1 0 1.0
0 -28.450407 1.214657 -0.742629 -0.041846 0.998532 -0.034390 0.012405 0.178223 1 0 1.0
0 -32.382558 1.082519 0.205384 -0.041846 0.998532 -0.034390 0.012405 0.178223 1 0 1.0
Default
0 -40.336911 0.238853 1.042317 -0.367292 0.926543 0.081332 0.012405 0.178223 1 0 1.0
0 -40.206625 0.238852 1.630688 -0.367292 0.926543 0.081332 0.012405 0.178223 1 0 1.0
0 -39.340152 0.615889 1.248388 -0.367292 0.926543 0.081332 0.012405 0.178223 1 0 1.0
Default
0 -39.340152 0.615889 1.248388 -0.216096 0.841717 -0.494787 0.012405 0.178223 1 0 1.0
0 -38.482235 0.575259 0.804580 -0.216096 0.841717 -0.494787 0.012405 0.178223 1 0 1.0
0 -40.336911 0.238853 1.042317 -0.216096 0.841717 -0.494787 0.012405 0.178223 1 0 1.0
Default
0 -37.998168 0.575259 1.243880 -0.130576 0.980942 0.143883 0.012405 0.178223 1 0 1.0
0 -36.065327 0.883458 0.896783 -0.130576 0.980942 0.143883 0.012405 0.178223 1 0 1.0
0 -38.482235 0.575259 0.804580 -0.130576 0.980942 0.143883 0.012405 0.178223 1 0 1.0
Default
0 10.012830 0.314124 5.263536 0.188925 0.590191 0.784846 0.012405 0.201416 1 0 1.0
0 6.874398 -0.000000 6.255220 0.188925 0.590191 0.784846 0.012405 0.201416 1 0 1.0
0 9.777143 -0.000000 5.556485 0.188925 0.590191 0.784846 0.012405 0.201416 1 0 1.0
Default
0 7.353523 0.703578 4.091549 -0.157696 0.285412 0.945342 0.012405 0.178223 1 0 1.0
0 9.095901 1.230495 4.223119 -0.157696 0.285412 0.945342 0.012405 0.178223 1 0 1.0
0 8.779933 2.635264 3.746292 -0.157696 0.285412 0.945342 0.012405 0.178223 1 0 1.0
Default
0 9.777143 -0.000000 5.556485 0.307921 0.444414 0.841238 0.012405 0.201416 1 0 1.0
0 12.929584 -0.000000 4.402588 0.307921 0.444414 0.841238 0.012405 0.201416 1 0 1.0
0 11.995867 0.699490 4.374827 0.307921 0.444414 0.841238 0.012405 0.201416 1 0 1.0
Default
0 -0.060861 0.744029 -3.543803 0.005432 0.917846 -0.396899 0.012405 0.201416 1 0 1.0
0 2.270446 0.489501 -4.100505 0.005432 0.917846 -0.396899 0.012405 0.201416 1 0 1.0
0 0.605504 0.000000 -5.255282 0.005432 0.917846 -0.396899 0.012405 0.201416 1 0 1.0
Default
0 -17.054938 0.000000 -3.215534 0.626353 0.097572 -0.773409 0.012405 0.201416 1 0 1.0
0 -15.757276 0.810670 -2.062340 0.626353 0.097572 -0.773409 0.012405 0.201416 1 0 1.0
0 -15.725517 0.000000 -2.138890 0.626353 0.097572 -0.773409 0.012405 0.201416 1 0 1.0
Default
0 -37.626781 0.000000 -0.086862 -0.023187 0.735752 -0.676855 0.012405 0.201416 1 0 1.0
0 -38.540711 0.435109 0.417418 -0.023187 0.735752 -0.676855 0.012405 0.201416 1 0 1.0
0 -36.107986 0.585688 0.497761 -0.023187 0.735752 -0.676855 0.012405 0.201416 1 0 1.0
Default
0 29.548882 3.540253 -0.898944 0.187597 0.577351 -0.794653 0.982422 0.984375 1 0 1.0
0 30.112173 3.357226 -0.898944 0.187597 0.577351 -0.794653 0.982422 0.984375 1 0 1.0
0 29.704572 3.061090 -1.210326 0.187597 0.577351 -0.794653 0.982422 0.984375 1 0 1.0
Default
0 30.112173 2.764952 -0.898944 0.607067 0.000000 -0.794651 0.982422 0.984375 1 0 1.0
0 29.704572 3.061090 -1.210326 0.607067 0.000000 -0.794651 0.982422 0.984375 1 0 1.0
0 30.112173 3.357226 -0.898944 0.607067 0.000000 -0.794651 0.982422 0.984375 1 0 1.0
Default
0 29.200743 3.061090 -0.898944 -0.491121 0.356829 -0.794653 0.982422 0.984375 1 0 1.0
0 29.548882 3.540253 -0.898944 -0.491121 0.356829 -0.794653 0.982422 0.984375 1 0 1.0
0 29.704572 3.061090 -1.210326 -0.491121 0.356829 -0.794653 0.982422 0.984375 1 0 1.0
Default
0 29.548882 2.581926 -0.898944 -0.491121 -0.356828 -0.794654 0.982422 0.984375 1 0 1.0
0 29.200743 3.061090 -0.898944 -0.491121 -0.356828 -0.794654 0.982422 0.984375 1 0 1.0
0 29.704572 3.061090 -1.210326 -0.491121 -0.356828 -0.794654 0.982422 0.984375 1 0 1.0
Default
0 30.112173 2.764952 -0.898944 0.187597 -0.577350 -0.794653 0.982422 0.984375 1 0 1.0
0 29.548882 2.581926 -0.898944 0.187597 -0.577350 -0.794653 0.982422 0.984375 1 0 1.0
0 29.704572 3.061090 -1.210326 0.187597 -0.577350 -0.794653 0.982422 0.984375 1 0 1.0
Default
0 30.208398 3.061090 -0.395114 0.982246 0.000000 -0.187598 0.982422 0.984375 1 0 1.0
0 30.112173 2.764952 -0.898944 0.982246 0.000000 -0.187598 0.982422 0.984375 1 0 1.0
0 30.112173 3.357226 -0.898944 0.982246 0.000000 -0.187598 0.982422 0.984375 1 0 1.0
Default
0 29.860257 3.540253 -0.395114 0.303534 0.934172 -0.187589 0.982422 0.515625 1 0 1.0
0 30.112173 3.357226 -0.898944 0.303534 0.934172 -0.187589 0.982422 0.515625 1 0 1.0
0 29.548882 3.540253 -0.898944 0.303534 0.934172 -0.187589 0.982422 0.515625 1 0 1.0
Default
0 29.296966 3.357226 -0.395114 -0.794650 0.577358 -0.187589 0.982422 0.984375 1 0 1.0
0 29.548882 3.540253 -0.898944 -0.794650 0.577358 -0.187589 0.982422 0.984375 1 0 1.0
0 29.200743 3.061090 -0.898944 -0.794650 0.577358 -0.187589 0.982422 0.984375 1 0 1.0
Default
0 29.296966 2.764952 -0.395114 -0.794650 -0.577357 -0.187590 0.982422 0.984375 1 0 1.0
0 29.200743 3.061090 -0.898944 -0.794650 -0.577357 -0.187590 0.982422 0.984375 1 0 1.0
0 29.548882 2.581926 -0.898944 -0.794650 -0.577357 -0.187590 0.982422 0.984375 1 0 1.0
Default
0 29.860257 2.581926 -0.395114 0.303533 -0.934172 -0.187588 0.982422 0.984375 1 0 1.0
0 29.548882 2.581926 -0.898944 0.303533 -0.934172 -0.187588 0.982422 0.984375 1 0 1.0
0 30.112173 2.764952 -0.898944 0.303533 -0.934172 -0.187588 0.982422 0.984375 1 0 1.0
Default
0 29.860257 3.540253 -0.395114 0.794650 0.577358 0.187587 0.982422 0.515625 1 0 1.0
0 30.208398 3.061090 -0.395114 0.794650 0.577358 0.187587 0.982422 0.515625 1 0 1.0
0 30.112173 3.357226 -0.898944 0.794650 0.577358 0.187587 0.982422 0.515625 1 0 1.0
Default
0 29.296966 3.357226 -0.395114 -0.303534 0.934172 0.187589 0.982422 0.984375 1 0 1.0
0 29.860257 3.540253 -0.395114 -0.303534 0.934172 0.187589 0.982422 0.984375 1 0 1.0
0 29.548882 3.540253 -0.898944 -0.303534 0.934172 0.187589 0.982422 0.984375 1 0 1.0
Default
0 29.296966 2.764952 -0.395114 -0.982247 0.000000 0.187592 0.982422 0.984375 1 0 1.0
0 29.296966 3.357226 -0.395114 -0.982247 0.000000 0.187592 0.982422 0.984375 1 0 1.0
0 29.200743 3.061090 -0.898944 -0.982247 0.000000 0.187592 0.982422 0.984375 1 0 1.0
Default
0 29.860257 2.581926 -0.395114 -0.303533 -0.934173 0.187588 0.982422 0.984375 1 0 1.0
0 29.296966 2.764952 -0.395114 -0.303533 -0.934173 0.187588 0.982422 0.984375 1 0 1.0
0 29.548882 2.581926 -0.898944 -0.303533 -0.934173 0.187588 0.982422 0.984375 1 0 1.0
Default
0 30.208398 3.061090 -0.395114 0.794650 -0.577357 0.187588 0.982422 0.984375 1 0 1.0
0 29.860257 2.581926 -0.395114 0.794650 -0.577357 0.187588 0.982422 0.984375 1 0 1.0
0 30.112173 2.764952 -0.898944 0.794650 -0.577357 0.187588 0.982422 0.984375 1 0 1.0
Default
0 29.704572 3.061090 -0.282100 0.216157 0.157049 0.963645 0.982422 0.984375 1 0 1.0
0 30.208398 3.061090 -0.395114 0.216157 0.157049 0.963645 0.982422 0.984375 1 0 1.0
0 29.860257 3.540253 -0.395114 0.216157 0.157049 0.963645 0.982422 0.984375 1 0 1.0
Default
0 29.704572 3.061090 -0.282100 -0.082566 0.254112 0.963644 0.982422 0.984375 1 0 1.0
0 29.860257 3.540253 -0.395114 -0.082566 0.254112 0.963644 0.982422 0.984375 1 0 1.0
0 29.296966 3.357226 -0.395114 -0.082566 0.254112 0.963644 0.982422 0.984375 1 0 1.0
Default
0 29.704572 3.061090 -0.282100 -0.267183 0.000000 0.963646 0.982422 0.984375 1 0 1.0
0 29.296966 3.357226 -0.395114 -0.267183 0.000000 0.963646 0.982422 0.984375 1 0 1.0
0 29.296966 2.764952 -0.395114 -0.267183 0.000000 0.963646 0.982422 0.984375 1 0 1.0
Default
0 29.704572 3.061090 -0.282100 -0.082566 -0.254111 0.963644 0.982422 0.984375 1 0 1.0
0 29.296966 2.764952 -0.395114 -0.082566 -0.254111 0.963644 0.982422 0.984375 1 0 1.0
0 29.860257 2.581926 -0.395114 -0.082566 -0.254111 0.963644 0.982422 0.984375 1 0 1.0
Default
0 29.704572 3.061090 -0.282100 0.216157 -0.157049 0.963645 0.982422 0.984375 1 0 1.0
0 29.860257 2.581926 -0.395114 0.216157 -0.157049 0.963645 0.982422 0.984375 1 0 1.0
0 30.208398 3.061090 -0.395114 0.216157 -0.157049 0.963645 0.982422 0.984375 1 0 1.0
Default
0 28.870304 0.696975 -6.198192 0.039211 0.287716 -0.956913 0.010849 0.204468 1 0 1.0
0 28.780206 1.369483 -5.999680 0.039211 0.287716 -0.956913 0.010849 0.204468 1 0 1.0
0 30.354200 0.750211 -6.121380 0.039211 0.287716 -0.956913 0.010849 0.204468 1 0 1.0
Default
0 25.553422 0.000000 -5.534921 -0.222021 0.138048 -0.965220 0.010849 0.204468 1 0 1.0
0 25.582544 0.981950 -5.401180 -0.222021 0.138048 -0.965220 0.010849 0.204468 1 0 1.0
0 28.870304 0.696975 -6.198192 -0.222021 0.138048 -0.965220 0.010849 0.204468 1 0 1.0
Default
0 28.104721 2.250162 -4.538675 0.419328 -0.314265 0.851705 0.017059 0.794922 1 0 1.0
0 25.584979 0.000000 -4.128380 0.419328 -0.314265 0.851705 0.017059 0.794922 1 0 1.0
0 28.717242 0.000000 -5.670517 0.419328 -0.314265 0.851705 0.017059 0.794922 1 0 1.0
Default
0 25.582544 0.981950 -5.401180 -0.216611 0.446727 -0.868052 0.010849 0.204468 1 0 1.0
0 26.367809 2.820061 -4.651184 -0.216611 0.446727 -0.868052 0.010849 0.204468 1 0 1.0
0 28.780206 1.369483 -5.999680 -0.216611 0.446727 -0.868052 0.010849 0.204468 1 0 1.0
Default
0 28.896187 0.000000 -6.255220 0.103563 0.084931 -0.990990 0.010849 0.204468 1 0 1.0
0 28.870304 0.696975 -6.198192 0.103563 0.084931 -0.990990 0.010849 0.204468 1 0 1.0
0 30.096905 0.382957 -6.096918 0.103563 0.084931 -0.990990 0.010849 0.204468 1 0 1.0
Default
0 31.767799 0.000000 -5.717472 0.820013 0.002449 -0.572339 0.010849 0.204468 1 0 1.0
0 31.453381 0.000000 -6.167950 0.820013 0.002449 -0.572339 0.010849 0.204468 1 0 1.0
0 31.459625 0.238829 -6.157993 0.820013 0.002449 -0.572339 0.010849 0.204468 1 0 1.0
Default
0 31.251572 0.739732 -5.703059 0.564106 0.671150 -0.480981 0.010849 0.204468 1 0 1.0
0 31.767799 0.295507 -5.717472 0.564106 0.671150 -0.480981 0.010849 0.204468 1 0 1.0
0 31.459625 0.238829 -6.157993 0.564106 0.671150 -0.480981 0.010849 0.204468 1 0 1.0
Default
0 31.217961 0.441027 -5.695161 -0.121624 -0.263344 0.957005 0.017059 0.794922 1 0 1.0
0 30.542640 0.855078 -5.667050 -0.121624 -0.263344 0.957005 0.017059 0.794922 1 0 1.0
0 30.578513 0.000000 -5.897786 -0.121624 -0.263344 0.957005 0.017059 0.794922 1 0 1.0
Default
0 30.096905 0.382957 -6.096918 -0.064401 -0.021333 -0.997696 0.010849 0.204468 1 0 1.0
0 30.354200 0.750211 -6.121380 -0.064401 -0.021333 -0.997696 0.010849 0.204468 1 0 1.0
0 30.997448 0.500274 -6.157557 -0.064401 -0.021333 -0.997696 0.010849 0.204468 1 0 1.0
Default
0 30.712683 0.000000 -6.204411 -0.017678 0.243756 -0.969676 0.010849 0.204468 1 0 1.0
0 30.096905 0.382957 -6.096918 -0.017678 0.243756 -0.969676 0.010849 0.204468 1 0 1.0
0 31.459625 0.238829 -6.157993 -0.017678 0.243756 -0.969676 0.010849 0.204468 1 0 1.0
Default
0 -13.568451 0.699077 -1.674243 -0.120624 0.938805 -0.322636 0.012405 0.201416 1 0 1.0
0 -10.263000 0.989543 -2.064857 -0.120624 0.938805 -0.322636 0.012405 0.201416 1 0 1.0
0 -12.023714 0.000000 -4.285948 -0.120624 0.938805 -0.322636 0.012405 0.201416 1 0 1.0
Default
0 26.804481 0.000000 -3.026201 0.420293 -0.636490 -0.646710 0.017059 0.794922 1 0 1.0
0 25.761168 0.000000 -3.704244 0.420293 -0.636490 -0.646710 0.017059 0.794922 1 0 1.0
0 28.214557 2.155522 -4.231263 0.420293 -0.636490 -0.646710 0.017059 0.794922 1 0 1.0
Default
0 28.255804 2.433066 -4.116078 0.942162 -0.305827 -0.137119 0.010849 0.201416 1 0 1.0
0 28.293671 2.631487 -4.298440 0.942162 -0.305827 -0.137119 0.010849 0.201416 1 0 1.0
0 28.616543 2.768996 -2.386633 0.942162 -0.305827 -0.137119 0.010849 0.201416 1 0 1.0
Default
0 30.903344 0.881322 -2.326098 -0.181851 0.000000 -0.983326 0.012405 0.178223 1 0 1.0
0 31.157412 1.045800 -2.373084 -0.181851 0.000000 -0.983326 0.012405 0.178223 1 0 1.0
0 31.157412 0.000000 -2.373084 -0.181851 0.000000 -0.983326 0.012405 0.178223 1 0 1.0
Default
0 31.157412 -1.045800 -2.373084 -0.181851 0.000000 -0.983326 0.012405 0.178223 1 0 1.0
0 30.903344 -0.881322 -2.326098 -0.181851 0.000000 -0.983326 0.012405 0.178223 1 0 1.0
0 31.157412 0.000000 -2.373084 -0.181851 0.000000 -0.983326 0.012405 0.178223 1 0 1.0
Default
0 28.214557 2.155522 -4.231263 0.986689 -0.159591 0.031233 0.010849 0.204468 1 0 1.0
0 28.293671 2.631487 -4.298440 0.986689 -0.159591 0.031233 0.010849 0.204468 1 0 1.0
0 28.255804 2.433066 -4.116078 0.986689 -0.159591 0.031233 0.010849 0.204468 1 0 1.0
Default
0 29.466914 0.000000 -3.199522 -0.059703 -0.394114 -0.917120 0.017059 0.794922 1 0 1.0
0 26.804481 0.000000 -3.026201 -0.059703 -0.394114 -0.917120 0.017059 0.794922 1 0 1.0
0 28.176691 2.172000 -4.048902 -0.059703 -0.394114 -0.917120 0.017059 0.794922 1 0 1.0
Default
0 32.594945 0.000000 -4.236056 -0.286469 -0.413008 -0.864500 0.017059 0.794922 1 0 1.0
0 29.466914 0.000000 -3.199522 -0.286469 -0.413008 -0.864500 0.017059 0.794922 1 0 1.0
0 29.816602 1.619566 -4.089133 -0.286469 -0.413008 -0.864500 0.017059 0.794922 1 0 1.0
Default
0 33.004452 0.271274 -4.370677 -0.371603 0.103087 -0.922651 0.011826 0.483887 1 0 1.0
0 33.004452 0.000000 -4.400987 -0.371603 0.103087 -0.922651 0.011826 0.483887 1 0 1.0
0 32.594945 0.000000 -4.236056 -0.371603 0.103087 -0.922651 0.011826 0.483887 1 0 1.0
Default
0 31.787096 1.242839 -4.161656 -0.002719 0.175302 -0.984511 0.011826 0.483887 1 0 1.0
0 32.595937 0.453387 -4.304459 -0.002719 0.175302 -0.984511 0.011826 0.483887 1 0 1.0
0 29.816602 1.619566 -4.089133 -0.002719 0.175302 -0.984511 0.011826 0.483887 1 0 1.0
Default
0 32.656135 0.705484 -4.222148 -0.014199 0.313414 -0.949510 0.011826 0.483887 1 0 1.0
0 33.004452 0.271274 -4.370677 -0.014199 0.313414 -0.949510 0.011826 0.483887 1 0 1.0
0 32.595937 0.453387 -4.304459 -0.014199 0.313414 -0.949510 0.011826 0.483887 1 0 1.0
Default
0 28.397138 2.382883 -2.224694 0.404358 0.914581 -0.005950 0.011826 0.483887 1 0 1.0
0 29.574646 1.852832 -3.676785 0.404358 0.914581 -0.005950 0.011826 0.483887 1 0 1.0
0 28.255804 2.433066 -4.116078 0.404358 0.914581 -0.005950 0.011826 0.483887 1 0 1.0
Default
0 30.576725 1.533435 -3.363910 0.325327 0.942201 -0.080119 0.011826 0.483887 1 0 1.0
0 29.574646 1.852832 -3.676785 0.325327 0.942201 -0.080119 0.011826 0.483887 1 0 1.0
0 28.397138 2.382883 -2.224694 0.325327 0.942201 -0.080119 0.011826 0.483887 1 0 1.0
Default
0 31.281562 1.103911 -2.965027 0.487155 0.749181 0.448786 0.011826 0.483887 1 0 1.0
0 32.539354 0.833586 -3.879074 0.487155 0.749181 0.448786 0.011826 0.483887 1 0 1.0
0 31.561734 1.145849 -3.339162 0.487155 0.749181 0.448786 0.011826 0.483887 1 0 1.0
Default
0 30.903344 0.881322 -2.326098 0.811653 0.198160 0.549502 0.011826 0.483887 1 0 1.0
0 31.359051 0.608665 -2.900880 0.811653 0.198160 0.549502 0.011826 0.483887 1 0 1.0
0 31.281562 1.103911 -2.965027 0.811653 0.198160 0.549502 0.011826 0.483887 1 0 1.0
Default
0 30.864842 0.000000 -2.337851 0.698644 0.089377 0.709866 0.011826 0.483887 1 0 1.0
0 31.411381 0.000000 -2.875750 0.698644 0.089377 0.709866 0.011826 0.483887 1 0 1.0
0 31.359051 0.608665 -2.900880 0.698644 0.089377 0.709866 0.011826 0.483887 1 0 1.0
Default
0 30.576725 1.533435 -3.363910 0.366451 0.924699 -0.103176 0.011826 0.483887 1 0 1.0
0 30.264287 1.778318 -2.278865 0.366451 0.924699 -0.103176 0.011826 0.483887 1 0 1.0
0 31.561734 1.145849 -3.339162 0.366451 0.924699 -0.103176 0.011826 0.483887 1 0 1.0
Default
0 32.547067 0.352163 -3.660406 0.662853 0.268475 0.698961 0.011826 0.483887 1 0 1.0
0 32.571600 0.000000 -3.548408 0.662853 0.268475 0.698961 0.011826 0.483887 1 0 1.0
0 32.976587 0.000000 -3.932473 0.662853 0.268475 0.698961 0.011826 0.483887 1 0 1.0
Default
0 32.539354 0.833586 -3.879074 0.494059 0.366100 0.788591 0.011826 0.483887 1 0 1.0
0 32.547067 0.352163 -3.660406 0.494059 0.366100 0.788591 0.011826 0.483887 1 0 1.0
0 32.976587 0.309591 -3.909741 0.494059 0.366100 0.788591 0.011826 0.483887 1 0 1.0
Default
0 32.539354 0.833586 -3.879074 0.513510 0.846381 -0.141235 0.011826 0.483887 1 0 1.0
0 32.656135 0.705484 -4.222148 0.513510 0.846381 -0.141235 0.011826 0.483887 1 0 1.0
0 31.787096 1.242839 -4.161656 0.513510 0.846381 -0.141235 0.011826 0.483887 1 0 1.0
Default
0 31.359051 0.608665 -2.900880 0.557009 0.350835 0.752765 0.011826 0.483887 1 0 1.0
0 32.547067 0.352163 -3.660406 0.557009 0.350835 0.752765 0.011826 0.483887 1 0 1.0
0 32.539354 0.833586 -3.879074 0.557009 0.350835 0.752765 0.011826 0.483887 1 0 1.0
Default
0 31.411381 0.000000 -2.875750 0.479065 0.296166 0.826306 0.011826 0.483887 1 0 1.0
0 32.571600 0.000000 -3.548408 0.479065 0.296166 0.826306 0.011826 0.483887 1 0 1.0
0 32.547067 0.352163 -3.660406 0.479065 0.296166 0.826306 0.011826 0.483887 1 0 1.0
Default
0 14.330250 8.908985 -3.237359 0.638938 0.601543 0.479483 0.013237 0.179077 1 0 1.0
0 16.432351 7.205204 -3.901021 0.638938 0.601543 0.479483 0.013237 0.179077 1 0 1.0
0 15.020233 9.396061 -4.767867 0.638938 0.601543 0.479483 0.013237 0.179077 1 0 1.0
Default
0 14.923437 6.221643 -1.829295 -0.741018 -0.443846 -0.503878 0.013237 0.179077 1 0 1.0
0 15.020233 9.396061 -4.767867 -0.741018 -0.443846 -0.503878 0.013237 0.179077 1 0 1.0
0 17.428777 4.378411 -3.890094 -0.741018 -0.443846 -0.503878 0.013237 0.179077 1 0 1.0
Default
0 16.644044 6.358647 -2.459425 0.854710 0.480548 -0.196326 0.013237 0.179077 1 0 1.0
0 17.457691 4.998482 -2.246468 0.854710 0.480548 -0.196326 0.013237 0.179077 1 0 1.0
0 17.428777 4.378411 -3.890094 0.854710 0.480548 -0.196326 0.013237 0.179077 1 0 1.0
Default
0 16.432351 7.205204 -3.901021 0.772003 0.269901 -0.575469 0.013237 0.179077 1 0 1.0
0 17.428777 4.378411 -3.890094 0.772003 0.269901 -0.575469 0.013237 0.179077 1 0 1.0
0 15.020233 9.396061 -4.767867 0.772003 0.269901 -0.575469 0.013237 0.179077 1 0 1.0
Default
0 16.644044 6.358647 -2.459425 0.302924 0.321663 0.897090 0.013237 0.179077 1 0 1.0
0 14.923437 6.221643 -1.829295 0.302924 0.321663 0.897090 0.013237 0.179077 1 0 1.0
0 17.457691 4.998482 -2.246468 0.302924 0.321663 0.897090 0.013237 0.179077 1 0 1.0
Default
0 11.588088 8.183445 -2.894101 -0.169143 0.863803 0.474590 0.013237 0.179077 1 0 1.0
0 13.493489 8.297101 -2.421886 -0.169143 0.863803 0.474590 0.013237 0.179077 1 0 1.0
0 14.330250 8.908985 -3.237359 -0.169143 0.863803 0.474590 0.013237 0.179077 1 0 1.0
Default
0 13.493489 8.297101 -2.421886 0.486265 0.782804 0.388284 0.013237 0.179077 1 0 1.0
0 16.644044 6.358647 -2.459425 0.486265 0.782804 0.388284 0.013237 0.179077 1 0 1.0
0 16.432351 7.205204 -3.901021 0.486265 0.782804 0.388284 0.013237 0.179077 1 0 1.0
Default
0 14.923437 6.221643 -1.829295 0.278608 0.436251 0.855607 0.013237 0.179077 1 0 1.0
0 16.644044 6.358647 -2.459425 0.278608 0.436251 0.855607 0.013237 0.179077 1 0 1.0
0 13.493489 8.297101 -2.421886 0.278608 0.436251 0.855607 0.013237 0.179077 1 0 1.0
Default
0 30.659832 1.345334 -2.227865 0.648367 0.640741 0.411182 0.010452 0.481934 1 0 1.0
0 31.561734 1.145849 -3.339162 0.648367 0.640741 0.411182 0.011826 0.483887 1 0 1.0
0 30.264287 1.778318 -2.278865 0.648367 0.640741 0.411182 0.010452 0.481934 1 0 1.0
Default
0 28.397138 2.382883 -2.224694 0.302266 0.944833 -0.126200 0.011826 0.483887 1 0 1.0
0 30.264287 1.778318 -2.278865 0.302266 0.944833 -0.126200 0.011826 0.483887 1 0 1.0
0 30.576725 1.533435 -3.363910 0.302266 0.944833 -0.126200 0.011826 0.483887 1 0 1.0
Default
0 29.914142 1.967740 -4.207594 0.193818 0.925854 0.324389 0.011826 0.483887 1 0 1.0
0 29.574646 1.852832 -3.676785 0.193818 0.925854 0.324389 0.011826 0.483887 1 0 1.0
0 30.576725 1.533435 -3.363910 0.193818 0.925854 0.324389 0.011826 0.483887 1 0 1.0
Default
0 29.914142 1.967740 -4.207594 0.270110 0.890725 0.365582 0.011826 0.483887 1 0 1.0
0 28.255804 2.433066 -4.116078 0.270110 0.890725 0.365582 0.011826 0.483887 1 0 1.0
0 29.574646 1.852832 -3.676785 0.270110 0.890725 0.365582 0.011826 0.483887 1 0 1.0
Default
0 -9.175906 0.000000 4.264211 -0.276370 0.950557 0.141636 0.012405 0.201416 1 0 1.0
0 -6.030960 1.159273 2.620653 -0.276370 0.950557 0.141636 0.012405 0.201416 1 0 1.0
0 -9.735004 0.000000 3.173263 -0.276370 0.950557 0.141636 0.012405 0.201416 1 0 1.0
Default
0 22.141507 3.572027 -2.282418 -0.116907 0.958900 -0.258540 0.011627 0.175903 1 0 1.0
0 22.264045 3.988150 -0.794463 -0.116907 0.958900 -0.258540 0.011627 0.175903 1 0 1.0
0 22.921805 4.021149 -0.969502 -0.116907 0.958900 -0.258540 0.011627 0.175903 1 0 1.0
Default
0 22.921805 4.021149 -0.969502 0.122684 0.992115 0.025623 0.011627 0.175903 1 0 1.0
0 22.773778 4.027670 -0.513221 0.122684 0.992115 0.025623 0.011627 0.175903 1 0 1.0
0 24.415267 3.800324 0.430054 0.122684 0.992115 0.025623 0.011627 0.175903 1 0 1.0
Default
0 22.773778 4.027670 -0.513221 -0.058935 0.997704 -0.033378 0.011627 0.175903 1 0 1.0
0 22.921805 4.021149 -0.969502 -0.058935 0.997704 -0.033378 0.011627 0.175903 1 0 1.0
0 22.264045 3.988150 -0.794463 -0.058935 0.997704 -0.033378 0.011627 0.175903 1 0 1.0
Default
0 22.264045 3.988150 -0.794463 -0.244067 0.917720 0.313402 0.011627 0.175903 1 0 1.0
0 22.310732 3.840690 -0.326306 -0.244067 0.917720 0.313402 0.011627 0.175903 1 0 1.0
0 22.773778 4.027670 -0.513221 -0.244067 0.917720 0.313402 0.011627 0.175903 1 0 1.0
Default
0 22.317772 3.695877 -0.801714 -0.971165 -0.231691 0.056197 0.010849 0.419922 1 0 1.0
0 22.390050 3.568713 -0.076940 -0.971165 -0.231691 0.056197 0.010849 0.419922 1 0 1.0
0 22.310732 3.840690 -0.326306 -0.971165 -0.231691 0.056197 0.010849 0.419922 1 0 1.0
Default
0 22.141507 3.572027 -2.282418 0.029417 0.694414 -0.718975 0.011627 0.175903 1 0 1.0
0 22.778901 3.475253 -2.349808 0.029417 0.694414 -0.718975 0.011627 0.175903 1 0 1.0
0 22.151308 3.165740 -2.674426 0.029417 0.694414 -0.718975 0.011627 0.175903 1 0 1.0
Default
0 22.310732 3.840690 -0.326306 0.021945 0.679112 0.733706 0.011627 0.175903 1 0 1.0
0 22.390050 3.568713 -0.076940 0.021945 0.679112 0.733706 0.011627 0.175903 1 0 1.0
0 22.773778 4.027670 -0.513221 0.021945 0.679112 0.733706 0.011627 0.175903 1 0 1.0
Default
0 20.913205 4.163056 0.497954 0.853866 0.423964 0.301940 0.011627 0.175903 1 0 1.0
0 20.912845 4.023483 0.694939 0.853866 0.423964 0.301940 0.011627 0.175903 1 0 1.0
0 21.301568 3.969901 -0.329111 0.853866 0.423964 0.301940 0.011627 0.175903 1 0 1.0
Default
0 21.255735 3.545824 -2.075641 0.829817 0.475463 -0.292128 0.011627 0.175903 1 0 1.0
0 21.006717 3.659112 -2.598615 0.829817 0.475463 -0.292128 0.011627 0.175903 1 0 1.0
0 20.978159 3.967122 -2.178421 0.829817 0.475463 -0.292128 0.011627 0.175903 1 0 1.0
Default
0 20.962992 4.232653 -1.553456 0.780102 0.553812 -0.291091 0.011627 0.175903 1 0 1.0
0 21.306571 3.937978 -1.193319 0.780102 0.553812 -0.291091 0.011627 0.175903 1 0 1.0
0 21.255735 3.545824 -2.075641 0.780102 0.553812 -0.291091 0.011627 0.175903 1 0 1.0
Default
0 21.301568 3.969901 -0.329111 0.665048 0.746424 -0.023722 0.011627 0.175903 1 0 1.0
0 21.306571 3.937978 -1.193319 0.665048 0.746424 -0.023722 0.011627 0.175903 1 0 1.0
0 20.962992 4.232653 -1.553456 0.665048 0.746424 -0.023722 0.011627 0.175903 1 0 1.0
Default
0 21.006717 3.659112 -2.598615 0.870791 0.357890 -0.337102 0.011627 0.175903 1 0 1.0
0 21.255735 3.545824 -2.075641 0.870791 0.357890 -0.337102 0.011627 0.175903 1 0 1.0
0 20.996983 3.519539 -2.771943 0.870791 0.357890 -0.337102 0.011627 0.175903 1 0 1.0
Default
0 21.006717 3.659112 -2.598615 -0.984696 0.158554 -0.072355 0.010849 0.424561 1 0 1.0
0 20.996983 3.519539 -2.771943 -0.984696 0.158554 -0.072355 0.010849 0.424561 1 0 1.0
0 20.977800 3.761188 -1.981436 -0.984696 0.158554 -0.072355 0.010849 0.424561 1 0 1.0
Default
0 20.996983 3.519539 -2.771943 0.301207 0.942083 -0.147495 0.011627 0.175903 1 0 1.0
0 21.255735 3.545824 -2.075641 0.301207 0.942083 -0.147495 0.011627 0.175903 1 0 1.0
0 22.151308 3.165740 -2.674426 0.301207 0.942083 -0.147495 0.011627 0.175903 1 0 1.0
Default
0 20.912845 4.023483 0.694939 0.323854 0.939919 -0.108030 0.011627 0.175903 1 0 1.0
0 20.413829 4.116870 0.011502 0.323854 0.939919 -0.108030 0.011627 0.175903 1 0 1.0
0 19.960991 4.353805 0.715433 0.323854 0.939919 -0.108030 0.011627 0.175903 1 0 1.0
Default
0 20.049487 4.396608 -1.764726 0.700190 0.577427 -0.419895 0.011627 0.175903 1 0 1.0
0 20.409366 3.975727 -1.743400 0.700190 0.577427 -0.419895 0.011627 0.175903 1 0 1.0
0 19.996926 4.110442 -2.245902 0.700190 0.577427 -0.419895 0.011627 0.175903 1 0 1.0
Default
0 20.409366 3.975727 -1.743400 0.746615 0.627162 -0.221886 0.011627 0.175903 1 0 1.0
0 20.049487 4.396608 -1.764726 0.746615 0.627162 -0.221886 0.011627 0.175903 1 0 1.0
0 19.995499 4.588918 -1.402824 0.746615 0.627162 -0.221886 0.011627 0.175903 1 0 1.0
Default
0 19.996926 4.110442 -2.245902 0.342256 0.939155 -0.029137 0.011627 0.175903 1 0 1.0
0 20.409366 3.975727 -1.743400 0.342256 0.939155 -0.029137 0.011627 0.175903 1 0 1.0
0 20.977800 3.761188 -1.981436 0.342256 0.939155 -0.029137 0.011627 0.175903 1 0 1.0
Default
0 19.942938 4.302752 -1.484272 0.508646 0.842646 -0.176711 0.011627 0.175903 1 0 1.0
0 19.996926 4.110442 -2.245902 0.508646 0.842646 -0.176711 0.011627 0.175903 1 0 1.0
0 19.526890 4.505396 -1.715514 0.508646 0.842646 -0.176711 0.011627 0.175903 1 0 1.0
Default
0 19.995499 4.588918 -1.402824 0.786233 0.617361 -0.026503 0.011627 0.175903 1 0 1.0
0 20.013551 4.639971 0.321916 0.786233 0.617361 -0.026503 0.011627 0.175903 1 0 1.0
0 20.413829 4.116870 0.011502 0.786233 0.617361 -0.026503 0.011627 0.175903 1 0 1.0
Default
0 19.995499 4.588918 -1.402824 0.739848 0.672750 0.005706 0.011627 0.175903 1 0 1.0
0 20.413829 4.116870 0.011502 0.739848 0.672750 0.005706 0.011627 0.175903 1 0 1.0
0 20.410332 4.132379 -1.363394 0.739848 0.672750 0.005706 0.011627 0.175903 1 0 1.0
Default
0 19.995499 4.588918 -1.402824 0.725080 0.636037 -0.264038 0.011627 0.175903 1 0 1.0
0 20.410332 4.132379 -1.363394 0.725080 0.636037 -0.264038 0.011627 0.175903 1 0 1.0
0 20.409366 3.975727 -1.743400 0.725080 0.636037 -0.264038 0.011627 0.175903 1 0 1.0
Default
0 20.013551 4.639971 0.321916 0.827058 0.396294 0.398656 0.011627 0.175903 1 0 1.0
0 19.960991 4.353805 0.715433 0.827058 0.396294 0.398656 0.011627 0.175903 1 0 1.0
0 20.413829 4.116870 0.011502 0.827058 0.396294 0.398656 0.011627 0.175903 1 0 1.0
Default
0 20.049487 4.396608 -1.764726 -0.870871 0.458356 -0.177466 0.009888 0.422119 1 0 1.0
0 19.996926 4.110442 -2.245902 -0.870871 0.458356 -0.177466 0.009888 0.422119 1 0 1.0
0 19.942938 4.302752 -1.484272 -0.870871 0.458356 -0.177466 0.009300 0.421631 1 0 1.0
Default
0 19.942938 4.302752 -1.484272 0.291143 0.942948 -0.161509 0.011627 0.175903 1 0 1.0
0 19.525211 4.442888 -1.419125 0.291143 0.942948 -0.161509 0.011627 0.175903 1 0 1.0
0 19.522639 4.521329 -0.965805 0.291143 0.942948 -0.161509 0.011627 0.175903 1 0 1.0
Default
0 19.150975 4.954561 -1.868740 0.744361 0.456807 -0.487086 0.011627 0.175903 1 0 1.0
0 19.526890 4.505396 -1.715514 0.744361 0.456807 -0.487086 0.011627 0.175903 1 0 1.0
0 19.112322 4.707320 -2.159683 0.744361 0.456807 -0.487086 0.011627 0.175903 1 0 1.0
Default
0 19.942938 4.302752 -1.484272 0.339222 0.920069 0.195964 0.011627 0.175903 1 0 1.0
0 19.526890 4.505396 -1.715514 0.339222 0.920069 0.195964 0.011627 0.175903 1 0 1.0
0 19.525211 4.442888 -1.419125 0.339222 0.920069 0.195964 0.011627 0.175903 1 0 1.0
Default
0 18.256132 5.179976 0.596516 0.437343 0.898962 -0.024453 0.011627 0.175903 1 0 1.0
0 19.107306 4.767498 0.655887 0.437341 0.898963 -0.024453 0.011627 0.175903 1 0 1.0
0 19.120388 4.730519 -0.469602 0.437343 0.898962 -0.024453 0.011627 0.175903 1 0 1.0
Default
0 19.107306 4.767498 0.655887 0.437341 0.898963 -0.024453 0.011627 0.175903 1 0 1.0
0 19.960991 4.353805 0.715433 0.437341 0.898963 -0.024453 0.011627 0.175903 1 0 1.0
0 19.517153 4.550297 0.001053 0.437341 0.898963 -0.024453 0.011627 0.175903 1 0 1.0
Default
0 19.942938 4.302752 -1.484272 0.437339 0.898964 -0.024453 0.011627 0.175903 1 0 1.0
0 19.517153 4.550297 0.001053 0.437341 0.898963 -0.024453 0.011627 0.175903 1 0 1.0
0 19.960991 4.353805 0.715433 0.437341 0.898963 -0.024453 0.011627 0.175903 1 0 1.0
Default
0 19.522639 4.521329 -0.965805 0.437345 0.898961 -0.024454 0.011627 0.175903 1 0 1.0
0 19.517153 4.550297 0.001053 0.437341 0.898963 -0.024453 0.011627 0.175903 1 0 1.0
0 19.942938 4.302752 -1.484272 0.437339 0.898964 -0.024453 0.011627 0.175903 1 0 1.0
Default
0 19.525211 4.442888 -1.419125 0.807092 0.576777 0.126215 0.011627 0.175903 1 0 1.0
0 19.526890 4.505396 -1.715514 0.807092 0.576777 0.126215 0.011627 0.175903 1 0 1.0
0 19.169365 4.924486 -1.344447 0.807092 0.576777 0.126215 0.011627 0.175903 1 0 1.0
Default
0 19.517153 4.550297 0.001053 0.832989 0.553162 -0.011848 0.011627 0.175903 1 0 1.0
0 19.522639 4.521329 -0.965805 0.832989 0.553162 -0.011848 0.011627 0.175903 1 0 1.0
0 19.159041 5.079773 -0.456448 0.832989 0.553162 -0.011848 0.011627 0.175903 1 0 1.0
Default
0 19.526890 4.505396 -1.715514 0.765133 0.643794 0.010093 0.011627 0.175903 1 0 1.0
0 19.150975 4.954561 -1.868740 0.765133 0.643794 0.010093 0.011627 0.175903 1 0 1.0
0 19.169365 4.924486 -1.344447 0.765133 0.643794 0.010093 0.011627 0.175903 1 0 1.0
Default
0 19.145960 5.014740 0.315162 0.830102 0.402313 0.386101 0.011627 0.175903 1 0 1.0
0 19.107306 4.767498 0.655887 0.830102 0.402313 0.386101 0.011627 0.175903 1 0 1.0
0 19.517153 4.550297 0.001053 0.830102 0.402313 0.386101 0.011627 0.175903 1 0 1.0
Default
0 31.394301 0.358920 -5.638480 0.154706 0.805116 0.572586 0.984375 0.979980 1 0 1.0
0 31.542851 0.330375 -5.638480 0.154706 0.805116 0.572586 0.984375 0.979980 1 0 1.0
0 31.630020 0.380576 -5.732619 0.154706 0.805116 0.572586 0.984375 0.979980 1 0 1.0
Default
0 31.542851 0.330375 -5.638480 0.775663 -0.550443 0.308804 0.984375 0.979980 1 0 1.0
0 31.394891 0.281712 -5.353578 0.775663 -0.550443 0.308804 0.984375 0.979980 1 0 1.0
0 31.470655 0.223213 -5.648161 0.775663 -0.550443 0.308804 0.984375 0.979980 1 0 1.0
Default
0 31.630020 0.380576 -5.732619 0.742398 -0.536417 0.401374 0.984375 0.979980 1 0 1.0
0 31.542851 0.330375 -5.638480 0.742398 -0.536417 0.401374 0.984375 0.979980 1 0 1.0
0 31.470655 0.223213 -5.648161 0.742398 -0.536417 0.401374 0.984375 0.979980 1 0 1.0
Default
0 31.470655 0.223213 -5.648161 -0.725009 -0.445381 0.525355 0.984375 0.979980 1 0 1.0
0 31.394301 0.358920 -5.638480 -0.725009 -0.445381 0.525355 0.984375 0.979980 1 0 1.0
0 31.285845 0.424424 -5.732619 -0.725009 -0.445381 0.525355 0.984375 0.979980 1 0 1.0
Default
0 31.394301 0.358920 -5.638480 0.182381 0.949090 0.256835 0.984375 0.979980 1 0 1.0
0 31.394891 0.281712 -5.353578 0.182381 0.949090 0.256835 0.984375 0.979980 1 0 1.0
0 31.542851 0.330375 -5.638480 0.182381 0.949090 0.256835 0.984375 0.979980 1 0 1.0
Default
0 31.285845 0.424424 -5.732619 0.009951 0.078131 -0.996893 0.984375 0.979980 1 0 1.0
0 31.630020 0.380576 -5.732619 0.009951 0.078131 -0.996893 0.984375 0.979980 1 0 1.0
0 31.464075 0.083895 -5.757529 0.009951 0.078131 -0.996893 0.984375 0.979980 1 0 1.0
Default
0 31.470655 0.223213 -5.648161 -0.868230 -0.479338 -0.128108 0.984375 0.979980 1 0 1.0
0 31.394891 0.281712 -5.353578 -0.868230 -0.479338 -0.128108 0.984375 0.979980 1 0 1.0
0 31.394301 0.358920 -5.638480 -0.868230 -0.479338 -0.128108 0.984375 0.979980 1 0 1.0
Default
0 30.984490 0.680539 -5.638480 -0.121634 0.901933 0.414394 0.984375 0.979980 1 0 1.0
0 31.097640 0.695798 -5.638480 -0.121634 0.901933 0.414394 0.984375 0.979980 1 0 1.0
0 31.151767 0.746347 -5.732619 -0.121634 0.901933 0.414394 0.984375 0.979980 1 0 1.0
Default
0 31.097640 0.695798 -5.638480 0.893691 0.180270 0.410877 0.984375 0.979980 1 0 1.0
0 30.976100 0.630258 -5.345372 0.893691 0.180270 0.410877 0.984375 0.979980 1 0 1.0
0 31.120469 0.604671 -5.648161 0.893691 0.180270 0.410877 0.984375 0.979980 1 0 1.0
Default
0 31.151767 0.746347 -5.732619 0.821269 0.147186 0.551229 0.984375 0.979980 1 0 1.0
0 31.097640 0.695798 -5.638480 0.821269 0.147186 0.551229 0.984375 0.979980 1 0 1.0
0 31.120469 0.604671 -5.648161 0.821269 0.147186 0.551229 0.984375 0.979980 1 0 1.0
Default
0 31.120469 0.604671 -5.648161 -0.393247 -0.769102 0.503825 0.984375 0.979980 1 0 1.0
0 30.984490 0.680539 -5.638480 -0.393247 -0.769102 0.503825 0.984375 0.979980 1 0 1.0
0 30.859892 0.682578 -5.732619 -0.393247 -0.769102 0.503825 0.984375 0.979980 1 0 1.0
Default
0 30.984490 0.680539 -5.638480 -0.131837 0.977622 0.163935 0.984375 0.979980 1 0 1.0
0 30.976100 0.630258 -5.345372 -0.131837 0.977622 0.163935 0.984375 0.979980 1 0 1.0
0 31.097640 0.695798 -5.638480 -0.131837 0.977622 0.163935 0.984375 0.979980 1 0 1.0
Default
0 30.859892 0.682578 -5.732619 -0.020111 0.092047 -0.995552 0.984375 0.979980 1 0 1.0
0 31.151767 0.746347 -5.732619 -0.020111 0.092047 -0.995552 0.984375 0.979980 1 0 1.0
0 31.189705 0.485223 -5.757529 -0.020111 0.092047 -0.995552 0.984375 0.979980 1 0 1.0
Default
0 31.120469 0.604671 -5.648161 -0.489602 -0.856949 -0.161020 0.984375 0.979980 1 0 1.0
0 30.976100 0.630258 -5.345372 -0.489602 -0.856949 -0.161020 0.984375 0.979980 1 0 1.0
0 30.984490 0.680539 -5.638480 -0.489602 -0.856949 -0.161020 0.984375 0.979980 1 0 1.0
Default
0 30.588906 0.968097 -5.590606 -0.131385 0.990523 0.040029 0.984375 0.979980 1 0 1.0
0 30.701844 0.983356 -5.597483 -0.131385 0.990523 0.040029 0.984375 0.979980 1 0 1.0
0 30.684997 0.985420 -5.703858 -0.131385 0.990523 0.040029 0.984375 0.979980 1 0 1.0
Default
0 30.701844 0.983356 -5.597483 0.965851 0.218407 0.139393 0.984375 0.979980 1 0 1.0
0 30.681245 0.893676 -5.314247 0.965851 0.218407 0.139393 0.984375 0.979980 1 0 1.0
0 30.724044 0.892229 -5.608534 0.965851 0.218407 0.139393 0.984375 0.979980 1 0 1.0
Default
0 30.684997 0.985420 -5.703858 0.956838 0.250893 -0.146672 0.984375 0.979980 1 0 1.0
0 30.701844 0.983356 -5.597483 0.956838 0.250893 -0.146672 0.984375 0.979980 1 0 1.0
0 30.724044 0.892229 -5.608534 0.956838 0.250893 -0.146672 0.984375 0.979980 1 0 1.0
Default
0 30.724044 0.892229 -5.608534 -0.361901 -0.769094 0.526803 0.984375 0.979980 1 0 1.0
0 30.588906 0.968097 -5.590606 -0.361901 -0.769094 0.526803 0.984375 0.979980 1 0 1.0
0 30.458815 0.970136 -5.676999 -0.361901 -0.769094 0.526803 0.984375 0.979980 1 0 1.0
Default
0 30.588906 0.968097 -5.590606 -0.110497 0.949803 0.292686 0.984375 0.979980 1 0 1.0
0 30.681245 0.893676 -5.314247 -0.110497 0.949803 0.292686 0.984375 0.979980 1 0 1.0
0 30.701844 0.983356 -5.597483 -0.110497 0.949803 0.292686 0.984375 0.979980 1 0 1.0
Default
0 30.458815 0.970136 -5.676999 -0.119683 0.027109 -0.992442 0.984375 0.979980 1 0 1.0
0 30.684997 0.985420 -5.703858 -0.119683 0.027109 -0.992442 0.984375 0.979980 1 0 1.0
0 30.786507 0.772781 -5.721907 -0.119683 0.027109 -0.992442 0.984375 0.979980 1 0 1.0
Default
0 30.724044 0.892229 -5.608534 -0.495220 -0.866121 -0.067762 0.984375 0.979980 1 0 1.0
0 30.681245 0.893676 -5.314247 -0.495220 -0.866121 -0.067762 0.984375 0.979980 1 0 1.0
0 30.588906 0.968097 -5.590606 -0.495220 -0.866121 -0.067762 0.984375 0.979980 1 0 1.0
Default
0 30.284469 1.048073 -5.524198 -0.346220 -0.806582 0.479121 0.984375 0.979980 1 0 1.0
0 30.151947 1.123941 -5.492238 -0.346220 -0.806582 0.479121 0.984375 0.979980 1 0 1.0
0 30.051057 1.119627 -5.572406 -0.346220 -0.806582 0.479121 0.984375 0.979980 1 0 1.0
Default
0 30.051057 1.119627 -5.572406 -0.230941 0.013226 -0.972878 0.984375 0.979980 1 0 1.0
0 30.267693 1.198838 -5.622753 -0.230941 0.013226 -0.972878 0.984375 0.979980 1 0 1.0
0 30.311896 0.959359 -5.636502 -0.230941 0.013226 -0.972878 0.984375 0.979980 1 0 1.0
Default
0 30.284469 1.048073 -5.524198 -0.505168 -0.861603 -0.049443 0.984375 0.979980 1 0 1.0
0 30.262466 1.049601 -5.326017 -0.505168 -0.861603 -0.049443 0.984375 0.979980 1 0 1.0
0 30.151947 1.123941 -5.492238 -0.505168 -0.861603 -0.049443 0.984375 0.979980 1 0 1.0
Default
0 29.735588 1.410400 -5.390099 -0.028417 0.859714 0.509985 0.984375 0.979980 1 0 1.0
0 29.821809 1.422204 -5.405194 -0.028417 0.859714 0.509985 0.984375 0.979980 1 0 1.0
0 29.787622 1.484698 -5.512452 -0.028417 0.859714 0.509985 0.984375 0.979980 1 0 1.0
Default
0 29.821809 1.422204 -5.405194 0.952481 0.181433 0.244669 0.984375 0.979980 1 0 1.0
0 29.788171 1.337038 -5.211104 0.952481 0.181433 0.244669 0.984375 0.979980 1 0 1.0
0 29.837911 1.351709 -5.415617 0.952481 0.181433 0.244669 0.984375 0.979980 1 0 1.0
Default
0 29.787622 1.484698 -5.512452 0.956250 0.242639 -0.163439 0.984375 0.979980 1 0 1.0
0 29.821809 1.422204 -5.405194 0.956250 0.242639 -0.163439 0.984375 0.979980 1 0 1.0
0 29.837911 1.351709 -5.415617 0.956250 0.242639 -0.163439 0.984375 0.979980 1 0 1.0
Default
0 29.837911 1.351709 -5.415617 -0.319215 -0.786438 0.528788 0.984375 0.979980 1 0 1.0
0 29.735588 1.410400 -5.390099 -0.319215 -0.786438 0.528788 0.984375 0.979980 1 0 1.0
0 29.609661 1.411682 -5.464211 -0.319215 -0.786438 0.528788 0.984375 0.979980 1 0 1.0
Default
0 29.735588 1.410400 -5.390099 -0.056871 0.917830 0.392878 0.984375 0.979980 1 0 1.0
0 29.788171 1.337038 -5.211104 -0.056871 0.917830 0.392878 0.984375 0.979980 1 0 1.0
0 29.821809 1.422204 -5.405194 -0.056871 0.917830 0.392878 0.984375 0.979980 1 0 1.0
Default
0 29.609661 1.411682 -5.464211 -0.255427 -0.016133 -0.966694 0.984375 0.979980 1 0 1.0
0 29.787622 1.484698 -5.512452 -0.255427 -0.016133 -0.966694 0.984375 0.979980 1 0 1.0
0 29.879688 1.245447 -5.532787 -0.255427 -0.016133 -0.966694 0.984375 0.979980 1 0 1.0
Default
0 29.837911 1.351709 -5.415617 -0.523426 -0.831312 -0.186938 0.984375 0.979980 1 0 1.0
0 29.788171 1.337038 -5.211104 -0.523426 -0.831312 -0.186938 0.984375 0.979980 1 0 1.0
0 29.735588 1.410400 -5.390099 -0.523426 -0.831312 -0.186938 0.984375 0.979980 1 0 1.0
Default
0 29.437704 1.590942 -5.323786 0.967508 0.234041 -0.095674 0.984375 0.979980 1 0 1.0
0 29.473637 1.516383 -5.142787 0.967508 0.234041 -0.095674 0.984375 0.979980 1 0 1.0
0 29.454158 1.518472 -5.334656 0.967508 0.234041 -0.095674 0.984375 0.979980 1 0 1.0
Default
0 29.454158 1.518472 -5.334656 -0.327017 -0.797513 0.506984 0.984375 0.979980 1 0 1.0
0 29.349218 1.578807 -5.307435 -0.327017 -0.797513 0.506984 0.984375 0.979980 1 0 1.0
0 29.239453 1.574996 -5.384232 -0.327017 -0.797513 0.506984 0.984375 0.979980 1 0 1.0
Default
0 29.239453 1.574996 -5.384232 -0.203910 0.086738 -0.975140 0.984375 0.979980 1 0 1.0
0 29.439895 1.629798 -5.421271 -0.203910 0.086738 -0.975140 0.984375 0.979980 1 0 1.0
0 29.482807 1.424816 -5.448478 -0.203910 0.086738 -0.975140 0.984375 0.979980 1 0 1.0
Default
0 29.454158 1.518472 -5.334656 -0.490161 -0.870701 0.040280 0.984375 0.979980 1 0 1.0
0 29.473637 1.516383 -5.142787 -0.490161 -0.870701 0.040280 0.984375 0.979980 1 0 1.0
0 29.349218 1.578807 -5.307435 -0.490161 -0.870701 0.040280 0.984375 0.979980 1 0 1.0
Default
0 28.985806 1.780378 -5.242706 -0.045687 0.943254 0.328915 0.984375 0.979980 1 0 1.0
0 29.062237 1.791029 -5.262635 -0.045687 0.943254 0.328915 0.984375 0.979980 1 0 1.0
0 29.054995 1.824539 -5.359741 -0.045687 0.943254 0.328915 0.984375 0.979980 1 0 1.0
Default
0 29.062237 1.791029 -5.262635 0.975573 0.192748 0.105385 0.984375 0.979980 1 0 1.0
0 29.053293 1.736198 -5.079529 0.975573 0.192748 0.105385 0.984375 0.979980 1 0 1.0
0 29.075949 1.727419 -5.273195 0.975573 0.192748 0.105385 0.984375 0.979980 1 0 1.0
Default
0 29.075949 1.727419 -5.273195 -0.298888 -0.804355 0.513498 0.984375 0.979980 1 0 1.0
0 28.985806 1.780378 -5.242706 -0.298888 -0.804355 0.513498 0.984375 0.979980 1 0 1.0
0 28.877784 1.775302 -5.313534 -0.298888 -0.804355 0.513498 0.984375 0.979980 1 0 1.0
Default
0 28.985806 1.780378 -5.242706 -0.059397 0.957080 0.283671 0.984375 0.979980 1 0 1.0
0 29.053293 1.736198 -5.079529 -0.059397 0.957080 0.283671 0.984375 0.979980 1 0 1.0
0 29.062237 1.791029 -5.262635 -0.059397 0.957080 0.283671 0.984375 0.979980 1 0 1.0
Default
0 28.877784 1.775302 -5.313534 -0.273855 0.086741 -0.957851 0.984375 0.979980 1 0 1.0
0 29.054995 1.824539 -5.359741 -0.273855 0.086741 -0.957851 0.984375 0.979980 1 0 1.0
0 29.091682 1.640373 -5.386908 -0.273855 0.086741 -0.957851 0.984375 0.979980 1 0 1.0
Default
0 29.075949 1.727419 -5.273195 -0.511681 -0.858921 -0.020924 0.984375 0.979980 1 0 1.0
0 29.053293 1.736198 -5.079529 -0.511681 -0.858921 -0.020924 0.984375 0.979980 1 0 1.0
0 28.985806 1.780378 -5.242706 -0.511681 -0.858921 -0.020924 0.984375 0.979980 1 0 1.0
Default
0 28.753386 1.939444 -5.069690 0.135042 0.939499 0.314810 0.984375 0.979980 1 0 1.0
0 28.813247 1.948225 -5.121572 0.135042 0.939499 0.314810 0.984375 0.979980 1 0 1.0
0 28.764589 1.983276 -5.205291 0.135042 0.939499 0.314810 0.984375 0.979980 1 0 1.0
Default
0 28.818826 1.884410 -5.137133 -0.064069 -0.802745 0.592871 0.984375 0.979980 1 0 1.0
0 28.753386 1.939444 -5.069690 -0.064069 -0.802745 0.592871 0.984375 0.979980 1 0 1.0
0 28.625028 1.938383 -5.084998 -0.064069 -0.802745 0.592871 0.984375 0.979980 1 0 1.0
Default
0 28.753386 1.939444 -5.069690 0.198572 0.902626 0.381884 0.984375 0.979980 1 0 1.0
0 28.900413 1.871106 -4.984623 0.198572 0.902626 0.381884 0.984375 0.979980 1 0 1.0
0 28.813247 1.948225 -5.121572 0.198572 0.902626 0.381884 0.984375 0.979980 1 0 1.0
Default
0 28.625028 1.938383 -5.084998 -0.668738 0.107728 -0.735652 0.984375 0.979980 1 0 1.0
0 28.764589 1.983276 -5.205291 -0.668738 0.107728 -0.735652 0.984375 0.979980 1 0 1.0
0 28.779565 1.798549 -5.245953 -0.668738 0.107728 -0.735652 0.984375 0.979980 1 0 1.0
Default
0 28.818826 1.884410 -5.137133 -0.504483 -0.840756 0.196537 0.984375 0.979980 1 0 1.0
0 28.900413 1.871106 -4.984623 -0.504483 -0.840756 0.196537 0.984375 0.979980 1 0 1.0
0 28.753386 1.939444 -5.069690 -0.504483 -0.840756 0.196537 0.984375 0.979980 1 0 1.0
Default
0 28.550191 2.022002 -4.876939 -0.352171 -0.726868 0.589608 0.984375 0.979980 1 0 1.0
0 28.502481 2.096568 -4.813510 -0.352171 -0.726868 0.589608 0.984375 0.979980 1 0 1.0
0 28.381698 2.136647 -4.836245 -0.352171 -0.726868 0.589608 0.984375 0.979980 1 0 1.0
Default
0 28.381698 2.136647 -4.836245 -0.557006 0.302543 -0.773441 0.984375 0.979980 1 0 1.0
0 28.534602 2.131658 -4.948312 -0.557006 0.302543 -0.773441 0.984375 0.979980 1 0 1.0
0 28.491269 1.951181 -4.987700 -0.557006 0.302543 -0.773441 0.984375 0.979980 1 0 1.0
Default
0 28.550191 2.022002 -4.876939 -0.712295 -0.659680 0.239706 0.984375 0.979980 1 0 1.0
0 28.624253 2.002516 -4.710485 -0.712295 -0.659680 0.239706 0.984375 0.979980 1 0 1.0
0 28.502481 2.096568 -4.813510 -0.712295 -0.659680 0.239706 0.984375 0.979980 1 0 1.0
Default
0 32.738893 0.202921 -4.417681 0.559969 -0.472228 -0.680761 0.984375 0.979980 1 0 1.0
0 32.852058 0.299927 -4.391885 0.559969 -0.472228 -0.680761 0.984375 0.979980 1 0 1.0
0 32.937275 0.290550 -4.315284 0.559969 -0.472228 -0.680761 0.984375 0.979980 1 0 1.0
Default
0 32.852058 0.299927 -4.391885 0.438530 0.879294 -0.185832 0.984375 0.979980 1 0 1.0
0 32.744338 0.294775 -4.670463 0.438530 0.879294 -0.185832 0.984375 0.979980 1 0 1.0
0 32.735880 0.357231 -4.394889 0.438530 0.879294 -0.185832 0.984375 0.979980 1 0 1.0
Default
0 32.937275 0.290550 -4.315284 0.419420 0.831248 -0.364847 0.984375 0.979980 1 0 1.0
0 32.852058 0.299927 -4.391885 0.419420 0.831248 -0.364847 0.984375 0.979980 1 0 1.0
0 32.735880 0.357231 -4.394889 0.419420 0.831248 -0.364847 0.984375 0.979980 1 0 1.0
Default
0 32.738893 0.202921 -4.417681 0.662643 -0.708372 -0.243131 0.984375 0.979980 1 0 1.0
0 32.744338 0.294775 -4.670463 0.662643 -0.708372 -0.243131 0.984375 0.979980 1 0 1.0
0 32.852058 0.299927 -4.391885 0.662643 -0.708372 -0.243131 0.984375 0.979980 1 0 1.0
Default
0 32.729037 0.078306 -4.255795 0.199882 0.077653 0.976738 0.984375 0.979980 1 0 1.0
0 32.937275 0.290550 -4.315284 0.199882 0.077653 0.976738 0.984375 0.979980 1 0 1.0
0 32.654096 0.465057 -4.271207 0.199882 0.077653 0.976738 0.984375 0.979980 1 0 1.0
Default
0 32.525744 0.582989 -4.353228 0.912767 0.189395 -0.361921 0.984375 0.979980 1 0 1.0
0 32.505341 0.730638 -4.327432 0.912767 0.189395 -0.361921 0.984375 0.979980 1 0 1.0
0 32.554276 0.733775 -4.202376 0.912767 0.189395 -0.361921 0.984375 0.979980 1 0 1.0
Default
0 32.505341 0.730638 -4.327432 -0.504347 0.846719 -0.169415 0.984375 0.979980 1 0 1.0
0 32.451422 0.637240 -4.633699 -0.504347 0.846719 -0.169415 0.984375 0.979980 1 0 1.0
0 32.394309 0.663899 -4.330435 -0.504347 0.846719 -0.169415 0.984375 0.979980 1 0 1.0
Default
0 32.554276 0.733775 -4.202376 -0.510434 0.841157 0.178638 0.984375 0.979980 1 0 1.0
0 32.505341 0.730638 -4.327432 -0.510434 0.841157 0.178638 0.984375 0.979980 1 0 1.0
0 32.394309 0.663899 -4.330435 -0.510434 0.841157 0.178638 0.984375 0.979980 1 0 1.0
Default
0 32.394309 0.663899 -4.330435 -0.511696 -0.685157 -0.518388 0.984375 0.979980 1 0 1.0
0 32.525744 0.582989 -4.353228 -0.511696 -0.685157 -0.518388 0.984375 0.979980 1 0 1.0
0 32.595818 0.461882 -4.262322 -0.511696 -0.685157 -0.518388 0.984375 0.979980 1 0 1.0
Default
0 32.525744 0.582989 -4.353228 0.960054 0.171287 -0.221264 0.984375 0.979980 1 0 1.0
0 32.451422 0.637240 -4.633699 0.960054 0.171287 -0.221264 0.984375 0.979980 1 0 1.0
0 32.505341 0.730638 -4.327432 0.960054 0.171287 -0.221264 0.984375 0.979980 1 0 1.0
Default
0 32.595818 0.461882 -4.262322 -0.006786 -0.216292 0.976305 0.984375 0.979980 1 0 1.0
0 32.554276 0.733775 -4.202376 -0.006786 -0.216292 0.976305 0.984375 0.979980 1 0 1.0
0 32.253794 0.646176 -4.223872 -0.006786 -0.216292 0.976305 0.984375 0.979980 1 0 1.0
Default
0 32.394309 0.663899 -4.330435 -0.527166 -0.849406 -0.024609 0.984375 0.979980 1 0 1.0
0 32.451422 0.637240 -4.633699 -0.527166 -0.849406 -0.024609 0.984375 0.979980 1 0 1.0
0 32.525744 0.582989 -4.353228 -0.527166 -0.849406 -0.024609 0.984375 0.979980 1 0 1.0
Default
0 32.164414 0.768537 -4.321977 0.817820 0.206859 -0.537010 0.984375 0.979980 1 0 1.0
0 32.144012 0.916185 -4.296182 0.817820 0.206859 -0.537010 0.984375 0.979980 1 0 1.0
0 32.197981 0.982797 -4.188336 0.817820 0.206859 -0.537010 0.984375 0.979980 1 0 1.0
Default
0 32.144012 0.916185 -4.296182 -0.504370 0.846703 -0.169423 0.984375 0.979980 1 0 1.0
0 32.090093 0.822787 -4.602448 -0.504370 0.846703 -0.169423 0.984375 0.979980 1 0 1.0
0 32.032980 0.849447 -4.299185 -0.504370 0.846703 -0.169423 0.984375 0.979980 1 0 1.0
Default
0 32.197981 0.982797 -4.188336 -0.491242 0.829295 -0.266367 0.984375 0.979980 1 0 1.0
0 32.144012 0.916185 -4.296182 -0.491242 0.829295 -0.266367 0.984375 0.979980 1 0 1.0
0 32.032980 0.849447 -4.299185 -0.491242 0.829295 -0.266367 0.984375 0.979980 1 0 1.0
Default
0 32.032980 0.849447 -4.299185 -0.479157 -0.597121 -0.643316 0.984375 0.979980 1 0 1.0
0 32.164414 0.768537 -4.321977 -0.479157 -0.597121 -0.643316 0.984375 0.979980 1 0 1.0
0 32.222997 0.641941 -4.248101 -0.479157 -0.597121 -0.643316 0.984375 0.979980 1 0 1.0
Default
0 32.164414 0.768537 -4.321977 0.960045 0.171338 -0.221261 0.984375 0.979980 1 0 1.0
0 32.090093 0.822787 -4.602448 0.960045 0.171338 -0.221261 0.984375 0.979980 1 0 1.0
0 32.144012 0.916185 -4.296182 0.960045 0.171338 -0.221261 0.984375 0.979980 1 0 1.0
Default
0 32.222997 0.641941 -4.248101 0.068973 -0.167378 0.983477 0.984375 0.979980 1 0 1.0
0 32.197981 0.982797 -4.188336 0.068973 -0.167378 0.983477 0.984375 0.979980 1 0 1.0
0 31.892465 0.831723 -4.192622 0.068973 -0.167378 0.983477 0.984375 0.979980 1 0 1.0
Default
0 32.032980 0.849447 -4.299185 -0.527167 -0.849406 -0.024609 0.984375 0.979980 1 0 1.0
0 32.090093 0.822787 -4.602448 -0.527167 -0.849406 -0.024609 0.984375 0.979980 1 0 1.0
0 32.164414 0.768537 -4.321977 -0.527167 -0.849406 -0.024609 0.984375 0.979980 1 0 1.0
Default
0 31.727840 0.989462 -4.263384 0.792799 0.288286 -0.536992 0.984375 0.979980 1 0 1.0
0 31.692652 1.134300 -4.237588 0.792799 0.288286 -0.536992 0.984375 0.979980 1 0 1.0
0 31.739627 1.206015 -4.129742 0.792799 0.288286 -0.536992 0.984375 0.979980 1 0 1.0
Default
0 31.692652 1.134300 -4.237588 -0.587169 0.791537 -0.169415 0.984375 0.979980 1 0 1.0
0 31.648426 1.035941 -4.543854 -0.587169 0.791537 -0.169415 0.984375 0.979980 1 0 1.0
0 31.588916 1.056705 -4.240591 -0.587169 0.791537 -0.169415 0.984375 0.979980 1 0 1.0
Default
0 31.739627 1.206015 -4.129742 -0.572373 0.775518 -0.266384 0.984375 0.979980 1 0 1.0
0 31.692652 1.134300 -4.237588 -0.572373 0.775518 -0.266384 0.984375 0.979980 1 0 1.0
0 31.588916 1.056705 -4.240591 -0.572373 0.775518 -0.266384 0.984375 0.979980 1 0 1.0
Default
0 31.588916 1.056705 -4.240591 -0.416497 -0.642408 -0.643306 0.984375 0.979980 1 0 1.0
0 31.727840 0.989462 -4.263384 -0.416497 -0.642408 -0.643306 0.984375 0.979980 1 0 1.0
0 31.798892 0.869419 -4.189507 -0.416497 -0.642408 -0.643306 0.984375 0.979980 1 0 1.0
Default
0 31.727840 0.989462 -4.263384 0.937885 0.267231 -0.221269 0.984375 0.979980 1 0 1.0
0 31.648426 1.035941 -4.543854 0.937885 0.267231 -0.221269 0.984375 0.979980 1 0 1.0
0 31.692652 1.134300 -4.237588 0.937885 0.267231 -0.221269 0.984375 0.979980 1 0 1.0
Default
0 31.798892 0.869419 -4.189507 0.085499 -0.159572 0.983477 0.984375 0.979980 1 0 1.0
0 31.739627 1.206015 -4.129742 0.085499 -0.159572 0.983477 0.984375 0.979980 1 0 1.0
0 31.450905 1.024901 -4.134028 0.085499 -0.159572 0.983477 0.984375 0.979980 1 0 1.0
Default
0 31.588916 1.056705 -4.240591 -0.438828 -0.898234 -0.024608 0.984375 0.979980 1 0 1.0
0 31.648426 1.035941 -4.543854 -0.438828 -0.898234 -0.024608 0.984375 0.979980 1 0 1.0
0 31.727840 0.989462 -4.263384 -0.438828 -0.898234 -0.024608 0.984375 0.979980 1 0 1.0
Default
0 31.215964 1.208838 -4.247758 0.792817 0.288210 -0.537007 0.984375 0.979980 1 0 1.0
0 31.180777 1.353676 -4.221963 0.792817 0.288210 -0.537007 0.984375 0.979980 1 0 1.0
0 31.227751 1.425391 -4.114117 0.792817 0.288210 -0.537007 0.984375 0.979980 1 0 1.0
Default
0 31.180777 1.353676 -4.221963 -0.587169 0.791537 -0.169415 0.984375 0.979980 1 0 1.0
0 31.136550 1.255316 -4.528229 -0.587169 0.791537 -0.169415 0.984375 0.979980 1 0 1.0
0 31.077041 1.276080 -4.224966 -0.587169 0.791537 -0.169415 0.984375 0.979980 1 0 1.0
Default
0 31.227751 1.425391 -4.114117 -0.572388 0.775505 -0.266393 0.984375 0.979980 1 0 1.0
0 31.180777 1.353676 -4.221963 -0.572388 0.775505 -0.266393 0.984375 0.979980 1 0 1.0
0 31.077041 1.276080 -4.224966 -0.572388 0.775505 -0.266393 0.984375 0.979980 1 0 1.0
Default
0 31.077041 1.276080 -4.224966 -0.416492 -0.642418 -0.643299 0.984375 0.979980 1 0 1.0
0 31.215964 1.208838 -4.247758 -0.416492 -0.642418 -0.643299 0.984375 0.979980 1 0 1.0
0 31.287016 1.088795 -4.173882 -0.416492 -0.642418 -0.643299 0.984375 0.979980 1 0 1.0
Default
0 31.215964 1.208838 -4.247758 0.937872 0.267279 -0.221266 0.984375 0.979980 1 0 1.0
0 31.136550 1.255316 -4.528229 0.937872 0.267279 -0.221266 0.984375 0.979980 1 0 1.0
0 31.180777 1.353676 -4.221963 0.937872 0.267279 -0.221266 0.984375 0.979980 1 0 1.0
Default
0 31.287016 1.088795 -4.173882 0.085501 -0.159570 0.983477 0.984375 0.979980 1 0 1.0
0 31.227751 1.425391 -4.114117 0.085501 -0.159570 0.983477 0.984375 0.979980 1 0 1.0
0 30.939029 1.244277 -4.118403 0.085501 -0.159570 0.983477 0.984375 0.979980 1 0 1.0
Default
0 31.077041 1.276080 -4.224966 -0.438809 -0.898244 -0.024607 0.984375 0.979980 1 0 1.0
0 31.136550 1.255316 -4.528229 -0.438809 -0.898244 -0.024607 0.984375 0.979980 1 0 1.0
0 31.215964 1.208838 -4.247758 -0.438809 -0.898244 -0.024607 0.984375 0.979980 1 0 1.0
Default
0 30.664711 1.428213 -4.239945 0.792807 0.288242 -0.537004 0.984375 0.979980 1 0 1.0
0 30.629523 1.573052 -4.214150 0.792807 0.288242 -0.537004 0.984375 0.979980 1 0 1.0
0 30.676498 1.644766 -4.106304 0.792807 0.288242 -0.537004 0.984375 0.979980 1 0 1.0
Default
0 30.629523 1.573052 -4.214150 -0.587168 0.791538 -0.169415 0.984375 0.979980 1 0 1.0
0 30.585296 1.474692 -4.520416 -0.587168 0.791538 -0.169415 0.984375 0.979980 1 0 1.0
0 30.525787 1.495456 -4.217153 -0.587168 0.791538 -0.169415 0.984375 0.979980 1 0 1.0
Default
0 30.676498 1.644766 -4.106304 -0.572389 0.775503 -0.266393 0.984375 0.979980 1 0 1.0
0 30.629523 1.573052 -4.214150 -0.572389 0.775503 -0.266393 0.984375 0.979980 1 0 1.0
0 30.525787 1.495456 -4.217153 -0.572389 0.775503 -0.266393 0.984375 0.979980 1 0 1.0
Default
0 30.525787 1.495456 -4.217153 -0.416478 -0.642426 -0.643300 0.984375 0.979980 1 0 1.0
0 30.664711 1.428213 -4.239945 -0.416478 -0.642426 -0.643300 0.984375 0.979980 1 0 1.0
0 30.735762 1.308171 -4.166069 -0.416478 -0.642426 -0.643300 0.984375 0.979980 1 0 1.0
Default
0 30.664711 1.428213 -4.239945 0.937872 0.267279 -0.221265 0.984375 0.979980 1 0 1.0
0 30.585296 1.474692 -4.520416 0.937872 0.267279 -0.221265 0.984375 0.979980 1 0 1.0
0 30.629523 1.573052 -4.214150 0.937872 0.267279 -0.221265 0.984375 0.979980 1 0 1.0
Default
0 30.735762 1.308171 -4.166069 0.085501 -0.159570 0.983477 0.984375 0.979980 1 0 1.0
0 30.676498 1.644766 -4.106304 0.085501 -0.159570 0.983477 0.984375 0.979980 1 0 1.0
0 30.387776 1.463653 -4.110590 0.085501 -0.159570 0.983477 0.984375 0.979980 1 0 1.0
Default
0 30.525787 1.495456 -4.217153 -0.438809 -0.898243 -0.024606 0.984375 0.979980 1 0 1.0
0 30.585296 1.474692 -4.520416 -0.438809 -0.898243 -0.024606 0.984375 0.979980 1 0 1.0
0 30.664711 1.428213 -4.239945 -0.438809 -0.898243 -0.024606 0.984375 0.979980 1 0 1.0
Default
0 30.146526 1.636647 -4.267289 0.763599 0.358533 -0.537002 0.984375 0.979980 1 0 1.0
0 30.098422 1.777723 -4.241494 0.763599 0.358533 -0.537002 0.984375 0.979980 1 0 1.0
0 30.138738 1.853381 -4.133648 0.763599 0.358533 -0.537002 0.984375 0.979980 1 0 1.0
Default
0 30.098422 1.777723 -4.241494 -0.656137 0.735379 -0.169416 0.984375 0.979980 1 0 1.0
0 30.063243 1.675777 -4.547760 -0.656137 0.735379 -0.169416 0.984375 0.979980 1 0 1.0
0 30.002104 1.691091 -4.244497 -0.656137 0.735379 -0.169416 0.984375 0.979980 1 0 1.0
Default
0 30.138738 1.853381 -4.133648 -0.639960 0.720756 -0.266386 0.984375 0.979980 1 0 1.0
0 30.098422 1.777723 -4.241494 -0.639960 0.720756 -0.266386 0.984375 0.979980 1 0 1.0
0 30.002104 1.691091 -4.244497 -0.639960 0.720756 -0.266386 0.984375 0.979980 1 0 1.0
Default
0 30.002104 1.691091 -4.244497 -0.356871 -0.677348 -0.643306 0.984375 0.979980 1 0 1.0
0 30.146526 1.636647 -4.267289 -0.356871 -0.677348 -0.643306 0.984375 0.979980 1 0 1.0
0 30.228110 1.523500 -4.193413 -0.356871 -0.677348 -0.643306 0.984375 0.979980 1 0 1.0
Default
0 30.146526 1.636647 -4.267289 0.909964 0.350720 -0.221271 0.984375 0.979980 1 0 1.0
0 30.063243 1.675777 -4.547760 0.909964 0.350720 -0.221271 0.984375 0.979980 1 0 1.0
0 30.098422 1.777723 -4.241494 0.909964 0.350720 -0.221271 0.984375 0.979980 1 0 1.0
Default
0 30.228110 1.523500 -4.193413 0.099538 -0.151210 0.983477 0.984375 0.979980 1 0 1.0
0 30.138738 1.853381 -4.133648 0.099538 -0.151210 0.983477 0.984375 0.979980 1 0 1.0
0 29.867522 1.646974 -4.137934 0.099538 -0.151210 0.983477 0.984375 0.979980 1 0 1.0
Default
0 30.002104 1.691091 -4.244497 -0.356036 -0.934148 -0.024606 0.984375 0.979980 1 0 1.0
0 30.063243 1.675777 -4.547760 -0.356036 -0.934148 -0.024606 0.984375 0.979980 1 0 1.0
0 30.146526 1.636647 -4.267289 -0.356036 -0.934148 -0.024606 0.984375 0.979980 1 0 1.0
Default
0 29.338001 1.897403 -4.220415 0.752823 0.380630 -0.537009 0.984375 0.979980 1 0 1.0
0 29.285811 2.037020 -4.194619 0.752823 0.380630 -0.537009 0.984375 0.979980 1 0 1.0
0 29.323910 2.113819 -4.086773 0.752823 0.380630 -0.537009 0.984375 0.979980 1 0 1.0
Default
0 29.285811 2.037020 -4.194619 -0.677258 0.715975 -0.169414 0.984375 0.979980 1 0 1.0
0 29.253615 1.934093 -4.500886 -0.677258 0.715975 -0.169414 0.984375 0.979980 1 0 1.0
0 29.192056 1.947621 -4.197622 -0.677258 0.715975 -0.169414 0.984375 0.979980 1 0 1.0
Default
0 29.323910 2.113819 -4.086773 -0.660681 0.701814 -0.266378 0.984375 0.979980 1 0 1.0
0 29.285811 2.037020 -4.194619 -0.660681 0.701814 -0.266378 0.984375 0.979980 1 0 1.0
0 29.192056 1.947621 -4.197622 -0.660681 0.701814 -0.266378 0.984375 0.979980 1 0 1.0
Default
0 29.192056 1.947621 -4.197622 -0.337003 -0.687455 -0.643300 0.984375 0.979980 1 0 1.0
0 29.338001 1.897403 -4.220415 -0.337003 -0.687455 -0.643300 0.984375 0.979980 1 0 1.0
0 29.422845 1.786678 -4.146538 -0.337003 -0.687455 -0.643300 0.984375 0.979980 1 0 1.0
Default
0 29.338001 1.897403 -4.220415 0.899361 0.377082 -0.221265 0.984375 0.979980 1 0 1.0
0 29.253615 1.934093 -4.500886 0.899361 0.377082 -0.221265 0.984375 0.979980 1 0 1.0
0 29.285811 2.037020 -4.194619 0.899361 0.377082 -0.221265 0.984375 0.979980 1 0 1.0
Default
0 29.422845 1.786678 -4.146538 0.103897 -0.148249 0.983477 0.984375 0.979980 1 0 1.0
0 29.323910 2.113819 -4.086773 0.103897 -0.148249 0.983477 0.984375 0.979980 1 0 1.0
0 29.058816 1.899605 -4.091059 0.103897 -0.148249 0.983477 0.984375 0.979980 1 0 1.0
Default
0 29.192056 1.947621 -4.197622 -0.328696 -0.944115 -0.024607 0.984375 0.979980 1 0 1.0
0 29.253615 1.934093 -4.500886 -0.328696 -0.944115 -0.024607 0.984375 0.979980 1 0 1.0
0 29.338001 1.897403 -4.220415 -0.328696 -0.944115 -0.024607 0.984375 0.979980 1 0 1.0
Default
0 28.674246 2.144904 -4.220415 0.752822 0.380629 -0.537010 0.984375 0.979980 1 0 1.0
0 28.622057 2.284521 -4.194619 0.752822 0.380629 -0.537010 0.984375 0.979980 1 0 1.0
0 28.660156 2.361320 -4.086773 0.752822 0.380629 -0.537010 0.984375 0.979980 1 0 1.0
Default
0 28.622057 2.284521 -4.194619 -0.677286 0.715947 -0.169422 0.984375 0.979980 1 0 1.0
0 28.589861 2.181594 -4.500886 -0.677286 0.715947 -0.169422 0.984375 0.979980 1 0 1.0
0 28.528301 2.195122 -4.197622 -0.677286 0.715947 -0.169422 0.984375 0.979980 1 0 1.0
Default
0 28.660156 2.361320 -4.086773 -0.660662 0.701835 -0.266373 0.984375 0.979980 1 0 1.0
0 28.622057 2.284521 -4.194619 -0.660662 0.701835 -0.266373 0.984375 0.979980 1 0 1.0
0 28.528301 2.195122 -4.197622 -0.660662 0.701835 -0.266373 0.984375 0.979980 1 0 1.0
Default
0 28.528301 2.195122 -4.197622 -0.337003 -0.687447 -0.643308 0.984375 0.979980 1 0 1.0
0 28.674246 2.144904 -4.220415 -0.337003 -0.687447 -0.643308 0.984375 0.979980 1 0 1.0
0 28.759091 2.034179 -4.146538 -0.337003 -0.687447 -0.643308 0.984375 0.979980 1 0 1.0
Default
0 28.674246 2.144904 -4.220415 0.899370 0.377060 -0.221267 0.984375 0.979980 1 0 1.0
0 28.589861 2.181594 -4.500886 0.899370 0.377060 -0.221267 0.984375 0.979980 1 0 1.0
0 28.622057 2.284521 -4.194619 0.899370 0.377060 -0.221267 0.984375 0.979980 1 0 1.0
Default
0 28.759091 2.034179 -4.146538 0.103897 -0.148249 0.983477 0.984375 0.979980 1 0 1.0
0 28.660156 2.361320 -4.086773 0.103897 -0.148249 0.983477 0.984375 0.979980 1 0 1.0
0 28.395061 2.147106 -4.091059 0.103897 -0.148249 0.983477 0.984375 0.979980 1 0 1.0
Default
0 28.528301 2.195122 -4.197622 -0.328712 -0.944110 -0.024606 0.984375 0.979980 1 0 1.0
0 28.589861 2.181594 -4.500886 -0.328712 -0.944110 -0.024606 0.984375 0.979980 1 0 1.0
0 28.674246 2.144904 -4.220415 -0.328712 -0.944110 -0.024606 0.984375 0.979980 1 0 1.0
Default
0 28.214557 -2.155522 -4.231263 0.547004 0.724943 -0.418622 0.017059 0.794922 1 0 1.0
0 28.104721 -2.250162 -4.538675 0.547004 0.724943 -0.418622 0.017059 0.794922 1 0 1.0
0 25.761168 0.000000 -3.704244 0.547004 0.724943 -0.418622 0.017059 0.794922 1 0 1.0
Default
0 -38.540711 -0.435109 0.417418 -0.169041 -0.250364 -0.953280 0.012405 0.178223 1 0 1.0
0 -40.941028 -0.144405 0.766707 -0.169041 -0.250364 -0.953280 0.012405 0.178223 1 0 1.0
0 -38.540711 0.000000 0.303143 -0.169041 -0.250364 -0.953280 0.012405 0.178223 1 0 1.0
Default
0 -18.865754 0.000000 -4.377604 0.327635 -0.794985 -0.510544 0.012405 0.201416 1 0 1.0
0 -17.054938 0.000000 -3.215534 0.327635 -0.794985 -0.510544 0.012405 0.201416 1 0 1.0
0 -17.382810 -1.154075 -1.628893 0.327635 -0.794985 -0.510544 0.012405 0.201416 1 0 1.0
Default
0 -20.650075 0.000000 -5.168793 0.073622 -0.983368 -0.166035 0.012405 0.201416 1 0 1.0
0 -18.865754 0.000000 -4.377604 0.073622 -0.983368 -0.166035 0.012405 0.201416 1 0 1.0
0 -21.208657 -0.673251 -1.429044 0.073622 -0.983368 -0.166035 0.012405 0.201416 1 0 1.0
Default
0 -24.827488 -0.867433 -1.365862 0.042125 -0.915353 -0.400443 0.012405 0.201416 1 0 1.0
0 -24.882148 0.000000 -3.354435 0.042125 -0.915353 -0.400443 0.012405 0.201416 1 0 1.0
0 -21.208657 -0.673251 -1.429044 0.042125 -0.915353 -0.400443 0.012405 0.201416 1 0 1.0
Default
0 -28.521983 -0.862328 -0.994499 -0.048575 -0.880722 -0.471137 0.012405 0.201416 1 0 1.0
0 -28.678714 0.000000 -2.590337 -0.048575 -0.880722 -0.471137 0.012405 0.201416 1 0 1.0
0 -24.827488 -0.867433 -1.365862 -0.048575 -0.880722 -0.471137 0.012405 0.201416 1 0 1.0
Default
0 -36.107986 -0.585688 0.497761 -0.081200 -0.896350 -0.435848 0.012405 0.201416 1 0 1.0
0 -35.093708 0.000000 -0.895711 -0.081200 -0.896350 -0.435848 0.012405 0.201416 1 0 1.0
0 -32.378407 -0.574846 -0.219371 -0.081200 -0.896350 -0.435848 0.012405 0.201416 1 0 1.0
Default
0 40.825616 -0.335863 -1.466545 0.523399 0.000000 -0.852088 0.012405 0.178223 1 0 1.0
0 40.825616 0.000000 -1.466545 0.523399 0.000000 -0.852088 0.012405 0.178223 1 0 1.0
0 41.474442 -0.295661 -1.068000 0.523399 0.000000 -0.852088 0.012405 0.178223 1 0 1.0
Default
0 40.825616 0.335863 -1.466545 0.523399 0.000000 -0.852088 0.012405 0.178223 1 0 1.0
0 41.474442 0.295661 -1.068000 0.523399 0.000000 -0.852088 0.012405 0.178223 1 0 1.0
0 40.825616 0.000000 -1.466545 0.523399 0.000000 -0.852088 0.012405 0.178223 1 0 1.0
Default
0 -13.571356 0.000000 -1.656701 0.218365 0.025387 -0.975537 0.012405 0.178223 1 0 1.0
0 -13.568451 -0.699077 -1.674243 0.218365 0.025387 -0.975537 0.012405 0.178223 1 0 1.0
0 -15.725517 0.000000 -2.138890 0.218365 0.025387 -0.975537 0.012405 0.178223 1 0 1.0
Default
0 14.791444 -0.000000 4.383674 0.010031 -0.158100 0.987372 0.012405 0.178223 1 0 1.0
0 12.929584 -0.000000 4.402588 0.010031 -0.158100 0.987372 0.012405 0.178223 1 0 1.0
0 13.976839 -2.575806 3.979506 0.037142 -0.166359 0.985365 0.012405 0.178223 1 0 1.0
Default
0 11.995867 -0.699490 4.374827 0.070708 -0.133616 0.988508 0.012405 0.178223 1 0 1.0
0 13.976839 -2.575806 3.979506 0.037142 -0.166359 0.985365 0.012405 0.178223 1 0 1.0
0 12.929584 -0.000000 4.402588 0.070708 -0.133616 0.988508 0.012405 0.178223 1 0 1.0
Default
0 13.976839 -2.575806 3.979506 0.037142 -0.166359 0.985365 0.012405 0.178223 1 0 1.0
0 17.110403 -2.426304 3.886630 0.066426 -0.138926 0.988072 0.012405 0.178223 1 0 1.0
0 14.791444 -0.000000 4.383674 0.066426 -0.138926 0.988072 0.012405 0.178223 1 0 1.0
Default
0 17.110403 -2.426304 3.886630 0.066426 -0.138926 0.988072 0.012405 0.178223 1 0 1.0
0 16.326745 -0.000000 4.280460 0.066426 -0.138926 0.988072 0.012405 0.178223 1 0 1.0
0 14.791444 -0.000000 4.383674 0.066426 -0.138926 0.988072 0.012405 0.178223 1 0 1.0
Default
0 9.095901 -1.230495 4.223119 -0.297575 -0.925324 0.235000 0.012405 0.201416 1 0 1.0
0 6.874398 -0.000000 6.255220 -0.297575 -0.925324 0.235000 0.012405 0.201416 1 0 1.0
0 7.353523 -0.703578 4.091549 -0.297575 -0.925324 0.235000 0.012405 0.201416 1 0 1.0
Default
0 -4.704378 0.000000 -2.467758 -0.180485 0.117034 -0.976590 0.012405 0.178223 1 0 1.0
0 -2.835085 -1.390248 -2.979832 -0.180485 0.117034 -0.976590 0.012405 0.178223 1 0 1.0
0 -5.501753 -1.217534 -2.466302 -0.180485 0.117034 -0.976590 0.012405 0.178223 1 0 1.0
Default
0 -1.619621 -0.000000 2.912579 -0.105890 -0.109686 0.988310 0.012405 0.178223 1 0 1.0
0 -1.619621 -1.612576 2.733610 -0.105890 -0.109686 0.988310 0.012405 0.178223 1 0 1.0
0 1.105029 -0.000000 3.204506 -0.105890 -0.109686 0.988310 0.012405 0.178223 1 0 1.0
Default
0 8.547737 0.000000 -5.073499 -0.010253 0.024607 -0.999645 0.012405 0.178223 1 0 1.0
0 9.184960 -1.781260 -5.123882 -0.010253 0.024607 -0.999645 0.012405 0.178223 1 0 1.0
0 5.511698 0.000000 -5.042360 -0.010253 0.024607 -0.999645 0.012405 0.178223 1 0 1.0
Default
0 11.676986 -1.685028 -5.320916 -0.079501 0.018095 -0.996671 0.012405 0.178223 1 0 1.0
0 9.184960 -1.781260 -5.123882 -0.079501 0.018095 -0.996671 0.012405 0.178223 1 0 1.0
0 10.652886 0.000000 -5.208633 -0.079501 0.018095 -0.996671 0.012405 0.178223 1 0 1.0
Default
0 -10.474735 -0.638946 1.588803 -0.186826 -0.138810 0.972537 0.012405 0.178223 1 0 1.0
0 -7.750085 -0.485548 2.134108 -0.186826 -0.138810 0.972537 0.012405 0.178223 1 0 1.0
0 -10.474734 0.000000 1.680000 -0.186826 -0.138810 0.972537 0.012405 0.178223 1 0 1.0
Default
0 19.215026 -1.722977 -5.428226 0.234575 0.035951 -0.971433 0.012405 0.178223 1 0 1.0
0 17.502767 -1.697973 -5.840764 0.234575 0.035951 -0.971433 0.012405 0.178223 1 0 1.0
0 19.531181 0.000000 -5.288120 0.234575 0.035951 -0.971433 0.012405 0.178223 1 0 1.0
Default
0 21.605013 -1.484681 -4.952759 0.202828 -0.088444 -0.975212 0.012405 0.178223 1 0 1.0
0 19.215026 -1.722977 -5.428226 0.202828 -0.088444 -0.975212 0.012405 0.178223 1 0 1.0
0 21.050891 0.000000 -5.202658 0.202828 -0.088444 -0.975212 0.012405 0.178223 1 0 1.0
Default
0 23.230581 -1.289430 -4.967295 0.026145 -0.288912 -0.956999 0.012405 0.178223 1 0 1.0
0 21.605013 -1.484681 -4.952759 0.026145 -0.288912 -0.956999 0.012405 0.178223 1 0 1.0
0 23.230581 0.000000 -5.356566 0.026145 -0.288912 -0.956999 0.012405 0.178223 1 0 1.0
Default
0 -33.999626 -0.404457 1.314071 -0.025576 -0.361307 0.932096 0.012405 0.178223 1 0 1.0
0 -29.600699 -0.384388 1.442552 -0.025576 -0.361307 0.932096 0.012405 0.178223 1 0 1.0
0 -33.999626 0.000000 1.470850 -0.025576 -0.361307 0.932096 0.012405 0.178223 1 0 1.0
Default
0 40.843688 -0.441491 -0.617496 0.581209 0.000000 0.813754 0.012405 0.178223 1 0 1.0
0 41.474442 -0.295661 -1.068000 0.581209 0.000000 0.813754 0.012405 0.178223 1 0 1.0
0 40.843688 -0.000000 -0.617496 0.581209 0.000000 0.813754 0.012405 0.178223 1 0 1.0
Default
0 40.843688 0.441491 -0.617496 0.581209 0.000000 0.813754 0.012405 0.178223 1 0 1.0
0 40.843688 -0.000000 -0.617496 0.581209 0.000000 0.813754 0.012405 0.178223 1 0 1.0
0 41.474442 0.295661 -1.068000 0.581209 0.000000 0.813754 0.012405 0.178223 1 0 1.0
Default
0 -41.557290 0.000000 2.606121 0.107402 -0.879313 0.463976 0.012405 0.178223 1 0 1.0
0 -40.949021 -0.144404 2.191648 0.107402 -0.879313 0.463976 0.012405 0.178223 1 0 1.0
0 -38.054167 0.000000 1.795213 0.107402 -0.879313 0.463976 0.012405 0.178223 1 0 1.0
Default
0 26.367809 -2.820061 -4.651184 0.026417 -0.703843 -0.709864 0.010849 0.204468 1 0 1.0
0 28.780206 -1.369483 -5.999680 0.026417 -0.703843 -0.709864 0.010849 0.204468 1 0 1.0
0 28.212492 -2.712231 -4.689449 0.026417 -0.703843 -0.709864 0.010849 0.204468 1 0 1.0
Default
0 11.676986 -1.685028 -5.320916 -0.065344 -0.273001 -0.959792 0.012405 0.178223 1 0 1.0
0 11.748881 -4.200450 -4.610329 -0.065344 -0.273001 -0.959792 0.012405 0.178223 1 0 1.0
0 9.184960 -1.781260 -5.123882 -0.065344 -0.273001 -0.959792 0.012405 0.178223 1 0 1.0
Default
0 14.714560 -3.856412 -5.170713 -0.149305 -0.264746 -0.952690 0.012405 0.178223 1 0 1.0
0 11.748881 -4.200450 -4.610329 -0.149305 -0.264746 -0.952690 0.012405 0.178223 1 0 1.0
0 13.883814 -1.756043 -5.624199 -0.149305 -0.264746 -0.952690 0.012405 0.178223 1 0 1.0
Default
0 17.525822 -4.367422 -4.428230 0.147131 -0.461623 -0.874790 0.012405 0.178223 1 0 1.0
0 14.714560 -3.856412 -5.170713 0.147131 -0.461623 -0.874790 0.012405 0.178223 1 0 1.0
0 17.502767 -1.697973 -5.840764 0.147131 -0.461623 -0.874790 0.012405 0.178223 1 0 1.0
Default
0 19.215026 -1.722977 -5.428226 0.195521 -0.502805 -0.841997 0.012405 0.178223 1 0 1.0
0 19.530572 -3.238562 -4.449905 0.195521 -0.502805 -0.841997 0.012405 0.178223 1 0 1.0
0 17.502767 -1.697973 -5.840764 0.195521 -0.502805 -0.841997 0.012405 0.178223 1 0 1.0
Default
0 -22.650506 -0.710308 1.739885 0.026688 -0.897395 0.440421 0.012405 0.178223 1 0 1.0
0 -22.571717 -1.014790 1.114702 0.026688 -0.897395 0.440421 0.012405 0.178223 1 0 1.0
0 -18.056399 -0.754381 1.371695 0.026688 -0.897395 0.440421 0.012405 0.178223 1 0 1.0
Default
0 21.605013 -1.484681 -4.952759 0.208463 -0.670959 -0.711588 0.012405 0.178223 1 0 1.0
0 20.791876 -2.983945 -3.777309 0.208463 -0.670959 -0.711588 0.012405 0.178223 1 0 1.0
0 19.215026 -1.722977 -5.428226 0.208463 -0.670959 -0.711588 0.012405 0.178223 1 0 1.0
Default
0 -29.600699 -0.384388 1.442552 -0.063315 -0.714813 0.696444 0.012405 0.178223 1 0 1.0
0 -29.627688 -0.753992 1.060746 -0.063315 -0.714813 0.696444 0.012405 0.178223 1 0 1.0
0 -22.650506 -0.710308 1.739885 -0.063315 -0.714813 0.696444 0.012405 0.178223 1 0 1.0
Default
0 38.996620 -0.612687 -0.392244 0.055511 -0.436747 0.897870 0.012405 0.178223 1 0 1.0
0 37.002616 -1.290991 -0.598908 0.055511 -0.436747 0.897870 0.012405 0.178223 1 0 1.0
0 38.423400 -1.134359 -0.610559 0.055511 -0.436747 0.897870 0.012405 0.178223 1 0 1.0
Default
0 35.893871 -0.626583 -0.134181 0.074645 -0.484921 0.871366 0.012405 0.178223 1 0 1.0
0 37.002616 -1.290991 -0.598908 0.074645 -0.484921 0.871366 0.012405 0.178223 1 0 1.0
0 38.996620 -0.612687 -0.392244 0.074645 -0.484921 0.871366 0.012405 0.178223 1 0 1.0
Default
0 24.576248 -1.095963 -5.316775 -0.136082 -0.546345 -0.826432 0.010849 0.175049 1 0 1.0
0 24.998729 -2.426055 -4.507034 -0.136082 -0.546345 -0.826432 0.010849 0.175049 1 0 1.0
0 23.230581 -1.289430 -4.967295 -0.136082 -0.546345 -0.826432 0.010849 0.175049 1 0 1.0
Default
0 -38.054167 -0.304110 1.670544 0.026516 -0.842112 0.538650 0.012405 0.178223 1 0 1.0
0 -37.998168 -0.575259 1.243880 0.026516 -0.842112 0.538650 0.012405 0.178223 1 0 1.0
0 -33.999626 -0.404457 1.314071 0.026516 -0.842112 0.538650 0.012405 0.178223 1 0 1.0
Default
0 39.741467 -0.938975 -0.692733 0.331431 -0.807985 0.487149 0.012405 0.178223 1 0 1.0
0 40.930788 -0.638202 -1.003020 0.331431 -0.807985 0.487149 0.012405 0.178223 1 0 1.0
0 40.843688 -0.441491 -0.617496 0.331431 -0.807985 0.487149 0.012405 0.178223 1 0 1.0
Default
0 26.367809 -2.820061 -4.651184 -0.220085 -0.447658 -0.866698 0.010849 0.173462 1 0 1.0
0 24.998729 -2.426055 -4.507034 -0.220085 -0.447658 -0.866698 0.010849 0.173462 1 0 1.0
0 25.582544 -0.981950 -5.401180 -0.220085 -0.447658 -0.866698 0.010849 0.173462 1 0 1.0
Default
0 -40.949021 -0.144404 2.191648 -0.032366 -0.991736 0.124143 0.012405 0.178223 1 0 1.0
0 -40.206625 -0.238852 1.630688 -0.032366 -0.991736 0.124143 0.012405 0.178223 1 0 1.0
0 -38.054167 -0.304110 1.670544 -0.032366 -0.991736 0.124143 0.012405 0.178223 1 0 1.0
Default
0 -40.336911 -0.238853 1.042317 -0.171214 -0.984504 0.037913 0.012405 0.178223 1 0 1.0
0 -40.206625 -0.238852 1.630688 -0.171214 -0.984504 0.037913 0.012405 0.178223 1 0 1.0
0 -40.941028 -0.144405 0.766707 -0.197851 -0.980231 -0.001110 0.012405 0.178223 1 0 1.0
Default
0 -40.941028 -0.144405 0.766707 -0.197851 -0.980231 -0.001110 0.012405 0.178223 1 0 1.0
0 -40.949021 -0.144404 2.191648 -0.224484 -0.974426 0.010051 0.012405 0.178223 1 0 1.0
0 -41.654597 0.000000 0.432888 -0.224484 -0.974426 0.010051 0.012405 0.178223 1 0 1.0
Default
0 -40.949021 -0.144404 2.191648 -0.224484 -0.974426 0.010051 0.012405 0.178223 1 0 1.0
0 -41.557290 0.000000 2.606121 -0.224484 -0.974426 0.010051 0.012405 0.178223 1 0 1.0
0 -41.654597 0.000000 0.432888 -0.224484 -0.974426 0.010051 0.012405 0.178223 1 0 1.0
Default
0 31.749232 -1.313124 0.519050 0.236062 -0.339161 0.910628 0.012405 0.178223 1 0 1.0
0 31.920402 -2.284535 0.112877 0.236062 -0.339161 0.910628 0.012405 0.178223 1 0 1.0
0 33.483674 -1.194543 0.113596 0.236062 -0.339161 0.910628 0.012405 0.178223 1 0 1.0
Default
0 28.214557 -2.155522 -4.231263 0.900337 0.203920 -0.384461 0.010849 0.204468 1 0 1.0
0 28.293671 -2.631487 -4.298440 0.900337 0.203920 -0.384461 0.010849 0.204468 1 0 1.0
0 28.104721 -2.250162 -4.538675 0.900337 0.203920 -0.384461 0.010849 0.204468 1 0 1.0
Default
0 -38.482235 -0.575259 0.804580 -0.207683 -0.929408 -0.305070 0.012405 0.178223 1 0 1.0
0 -40.336911 -0.238853 1.042317 -0.207683 -0.929408 -0.305070 0.012405 0.178223 1 0 1.0
0 -38.540711 -0.435109 0.417418 -0.207683 -0.929408 -0.305070 0.012405 0.178223 1 0 1.0
Default
0 -36.065327 -0.883458 0.896783 -0.079857 -0.802954 -0.590667 0.012405 0.178223 1 0 1.0
0 -38.482235 -0.575259 0.804580 -0.079857 -0.802954 -0.590667 0.012405 0.178223 1 0 1.0
0 -36.107986 -0.585688 0.497761 -0.079857 -0.802954 -0.590667 0.012405 0.178223 1 0 1.0
Default
0 -32.378407 -0.574846 -0.219371 -0.144199 -0.634292 -0.759526 0.012405 0.178223 1 0 1.0
0 -32.382558 -1.082519 0.205384 -0.144199 -0.634292 -0.759526 0.012405 0.178223 1 0 1.0
0 -36.107986 -0.585688 0.497761 -0.144199 -0.634292 -0.759526 0.012405 0.178223 1 0 1.0
Default
0 25.607200 -3.530778 1.490964 0.212098 -0.283515 0.935218 0.012405 0.178223 1 0 1.0
0 27.962838 -3.414800 0.991888 0.212098 -0.283515 0.935218 0.012405 0.178223 1 0 1.0
0 25.667424 -2.010649 1.938139 0.212098 -0.283515 0.935218 0.012405 0.178223 1 0 1.0
Default
0 22.587362 -2.925061 1.258479 -0.179382 -0.593050 0.784929 0.012405 0.178223 1 0 1.0
0 25.607200 -3.530778 1.490964 -0.179382 -0.593050 0.784929 0.012405 0.178223 1 0 1.0
0 23.414904 -1.664218 2.400226 -0.179382 -0.593050 0.784929 0.012405 0.178223 1 0 1.0
Default
0 31.492315 -2.011752 -1.964352 0.344352 -0.228881 -0.910514 0.012405 0.178223 1 0 1.0
0 30.925690 -1.607194 -2.280342 0.344352 -0.228881 -0.910514 0.012405 0.178223 1 0 1.0
0 31.617485 -0.879165 -2.201715 0.344352 -0.228881 -0.910514 0.012405 0.178223 1 0 1.0
Default
0 -24.869253 -1.447222 -1.151085 -0.128254 -0.336366 -0.932957 0.012405 0.178223 1 0 1.0
0 -28.450407 -1.214657 -0.742629 -0.128254 -0.336366 -0.932957 0.012405 0.178223 1 0 1.0
0 -24.827488 -0.867433 -1.365862 -0.128254 -0.336366 -0.932957 0.012405 0.178223 1 0 1.0
Default
0 20.860414 -3.012476 2.383023 0.454783 -0.607570 0.651177 0.012405 0.178223 1 0 1.0
0 22.587362 -2.925061 1.258479 0.454783 -0.607570 0.651177 0.012405 0.178223 1 0 1.0
0 21.229959 -1.821419 3.236231 0.454783 -0.607570 0.651177 0.012405 0.178223 1 0 1.0
Default
0 34.727009 -1.054570 -2.064440 0.011789 -0.478252 -0.878144 0.012405 0.178223 1 0 1.0
0 34.298564 -1.890727 -1.614806 0.011789 -0.478252 -0.878144 0.012405 0.178223 1 0 1.0
0 31.617485 -0.879165 -2.201715 0.011789 -0.478252 -0.878144 0.012405 0.178223 1 0 1.0
Default
0 -21.208657 -0.673251 -1.429044 -0.004515 -0.232329 -0.972627 0.012405 0.178223 1 0 1.0
0 -21.172814 -1.208892 -1.301263 -0.004515 -0.232329 -0.972627 0.012405 0.178223 1 0 1.0
0 -24.827488 -0.867433 -1.365862 -0.004515 -0.232329 -0.972627 0.012405 0.178223 1 0 1.0
Default
0 16.697821 -4.070502 3.044705 0.155456 -0.480865 0.862903 0.012405 0.178223 1 0 1.0
0 19.078109 -3.746592 2.796391 0.155456 -0.480865 0.862903 0.012405 0.178223 1 0 1.0
0 17.110403 -2.426304 3.886630 0.155456 -0.480865 0.862903 0.012405 0.178223 1 0 1.0
Default
0 -15.757276 -0.810670 -2.062340 -0.216837 -0.183736 -0.958761 0.012405 0.178223 1 0 1.0
0 -16.815786 -1.908787 -1.612500 -0.216837 -0.183736 -0.958761 0.012405 0.178223 1 0 1.0
0 -17.382810 -1.154075 -1.628893 -0.216837 -0.183736 -0.958761 0.012405 0.178223 1 0 1.0
Default
0 -13.563490 -2.023987 -1.170489 0.205053 -0.347172 -0.915109 0.012405 0.178223 1 0 1.0
0 -15.818189 -1.944369 -1.705917 0.205053 -0.347172 -0.915109 0.012405 0.178223 1 0 1.0
0 -13.568451 -0.699077 -1.674243 0.205053 -0.347172 -0.915109 0.012405 0.178223 1 0 1.0
Default
0 -10.263000 -0.989543 -2.064857 -0.144639 -0.489716 -0.859801 0.012405 0.178223 1 0 1.0
0 -10.306805 -1.757111 -1.620306 -0.144639 -0.489716 -0.859801 0.012405 0.178223 1 0 1.0
0 -13.568451 -0.699077 -1.674243 -0.144639 -0.489716 -0.859801 0.012405 0.178223 1 0 1.0
Default
0 0.044504 -3.857729 -2.704349 -0.155546 -0.350043 -0.923729 0.012405 0.178223 1 0 1.0
0 -2.503864 -3.529932 -2.399447 -0.155546 -0.350043 -0.923729 0.012405 0.178223 1 0 1.0
0 -0.777374 -1.661658 -3.398143 -0.155546 -0.350043 -0.923729 0.012405 0.178223 1 0 1.0
Default
0 -1.619621 -1.612576 2.733610 -0.090639 -0.273341 0.957637 0.012405 0.178223 1 0 1.0
0 -1.407314 -2.976708 2.364337 -0.090639 -0.273341 0.957637 0.012405 0.178223 1 0 1.0
0 1.105029 -1.949870 2.895221 -0.090639 -0.273341 0.957637 0.012405 0.178223 1 0 1.0
Default
0 2.874461 -3.527007 -3.716910 -0.293678 -0.282735 -0.913134 0.012405 0.178223 1 0 1.0
0 0.044504 -3.857729 -2.704349 -0.293678 -0.282735 -0.913134 0.012405 0.178223 1 0 1.0
0 2.419036 -1.700479 -4.135988 -0.293678 -0.282735 -0.913134 0.012405 0.178223 1 0 1.0
Default
0 -4.081894 -1.007976 2.664116 -0.121831 -0.391321 0.912154 0.012405 0.178223 1 0 1.0
0 -3.799203 -2.090049 2.237656 -0.121831 -0.391321 0.912154 0.012405 0.178223 1 0 1.0
0 -1.619621 -1.612576 2.733610 -0.121831 -0.391321 0.912154 0.012405 0.178223 1 0 1.0
Default
0 5.556385 -3.988529 -4.379968 -0.275388 -0.278305 -0.920167 0.012405 0.178223 1 0 1.0
0 2.874461 -3.527007 -3.716910 -0.275388 -0.278305 -0.920167 0.012405 0.178223 1 0 1.0
0 4.842228 -1.740485 -4.846158 -0.275388 -0.278305 -0.920167 0.012405 0.178223 1 0 1.0
Default
0 8.548043 -4.145625 -4.419793 -0.027405 -0.278510 -0.960042 0.012405 0.178223 1 0 1.0
0 5.556385 -3.988529 -4.379968 -0.027405 -0.278510 -0.960042 0.012405 0.178223 1 0 1.0
0 9.184960 -1.781260 -5.123882 -0.027405 -0.278510 -0.960042 0.012405 0.178223 1 0 1.0
Default
0 -7.750085 -0.485548 2.134108 -0.361887 -0.281657 0.888655 0.012405 0.178223 1 0 1.0
0 -7.583287 -1.715782 1.812114 -0.361887 -0.281657 0.888655 0.012405 0.178223 1 0 1.0
0 -6.030960 -1.159273 2.620653 -0.361887 -0.281657 0.888655 0.012405 0.178223 1 0 1.0
Default
0 21.306571 -3.937978 -1.193319 0.356153 -0.846099 -0.396574 0.011627 0.175903 1 0 1.0
0 21.255735 -3.545824 -2.075641 0.356153 -0.846099 -0.396574 0.011627 0.175903 1 0 1.0
0 22.317772 -3.695877 -0.801714 0.356153 -0.846099 -0.396574 0.011627 0.175903 1 0 1.0
Default
0 20.912845 -4.023483 0.694939 0.309949 -0.869250 0.385145 0.012405 0.178223 1 0 1.0
0 19.078109 -3.746592 2.796391 0.309949 -0.869250 0.385145 0.012405 0.178223 1 0 1.0
0 19.960991 -4.353805 0.715433 0.309949 -0.869250 0.385145 0.012405 0.178223 1 0 1.0
Default
0 18.256132 -5.179976 0.596516 0.376184 -0.834291 0.403045 0.012405 0.178223 1 0 1.0
0 19.107306 -4.767498 0.655887 0.376184 -0.834291 0.403045 0.012405 0.178223 1 0 1.0
0 19.078109 -3.746592 2.796391 0.376184 -0.834291 0.403045 0.012405 0.178223 1 0 1.0
Default
0 22.390050 -3.568713 -0.076940 -0.435133 -0.784246 0.442286 0.011627 0.175903 1 0 1.0
0 22.773778 -4.027670 -0.513221 -0.435133 -0.784246 0.442286 0.011627 0.175903 1 0 1.0
0 22.587362 -2.925061 1.258479 -0.435133 -0.784246 0.442286 0.011627 0.175903 1 0 1.0
Default
0 24.623345 -3.629689 -1.484272 -0.010223 -0.987941 -0.154492 0.011627 0.175903 1 0 1.0
0 22.778901 -3.475253 -2.349808 -0.010223 -0.987941 -0.154492 0.011627 0.175903 1 0 1.0
0 24.715969 -3.384412 -3.058891 -0.010223 -0.987941 -0.154492 0.011627 0.175903 1 0 1.0
Default
0 19.112322 -4.707320 -2.159683 0.030578 -0.986360 0.161735 0.011627 0.175903 1 0 1.0
0 19.130711 -4.575232 -1.357601 0.030578 -0.986360 0.161735 0.011627 0.175903 1 0 1.0
0 18.213913 -4.903093 -3.183783 0.030578 -0.986360 0.161735 0.012032 0.177124 1 0 1.0
Default
0 20.912845 -4.023483 0.694939 0.433873 -0.835024 0.338363 0.011627 0.175903 1 0 1.0
0 22.390050 -3.568713 -0.076940 0.433873 -0.835024 0.338363 0.011627 0.175903 1 0 1.0
0 22.587362 -2.925061 1.258479 0.433873 -0.835024 0.338363 0.011627 0.175903 1 0 1.0
Default
0 21.301568 -3.969901 -0.329111 0.329339 -0.941167 0.075770 0.011627 0.175903 1 0 1.0
0 22.390050 -3.568713 -0.076940 0.329339 -0.941167 0.075770 0.011627 0.175903 1 0 1.0
0 20.912845 -4.023483 0.694939 0.329339 -0.941167 0.075770 0.011627 0.175903 1 0 1.0
Default
0 6.394396 -2.529358 3.639258 -0.053253 -0.213669 0.975454 0.012405 0.178223 1 0 1.0
0 8.779933 -2.635264 3.746292 -0.053253 -0.213669 0.975454 0.012405 0.178223 1 0 1.0
0 7.353523 -0.703578 4.091549 -0.053253 -0.213669 0.975454 0.012405 0.178223 1 0 1.0
Default
0 8.779933 -2.635264 3.746292 -0.067075 -0.307138 0.949298 0.012405 0.178223 1 0 1.0
0 11.866841 -2.654372 3.958223 -0.067075 -0.307138 0.949298 0.012405 0.178223 1 0 1.0
0 9.095901 -1.230495 4.223119 -0.067075 -0.307138 0.949298 0.012405 0.178223 1 0 1.0
Default
0 12.929584 -0.000000 4.402588 0.307921 -0.444414 0.841238 0.012405 0.201416 1 0 1.0
0 9.777143 -0.000000 5.556485 0.307921 -0.444414 0.841238 0.012405 0.201416 1 0 1.0
0 11.995867 -0.699490 4.374827 0.307921 -0.444414 0.841238 0.012405 0.201416 1 0 1.0
Default
0 -2.473686 0.000000 -5.903494 0.078245 -0.925056 -0.371684 0.012405 0.201416 1 0 1.0
0 0.605504 0.000000 -5.255282 0.078245 -0.925056 -0.371684 0.012405 0.201416 1 0 1.0
0 -0.060861 -0.744029 -3.543803 0.078245 -0.925056 -0.371684 0.012405 0.201416 1 0 1.0
Default
0 -38.540711 -0.435109 0.417418 -0.023187 -0.735752 -0.676855 0.012405 0.201416 1 0 1.0
0 -37.626781 0.000000 -0.086862 -0.023187 -0.735752 -0.676855 0.012405 0.201416 1 0 1.0
0 -36.107986 -0.585688 0.497761 -0.023187 -0.735752 -0.676855 0.012405 0.201416 1 0 1.0
Default
0 30.096905 -0.382957 -6.096918 0.055159 0.104781 -0.992965 0.010849 0.204468 1 0 1.0
0 30.354200 -0.750211 -6.121380 0.055159 0.104781 -0.992965 0.010849 0.204468 1 0 1.0
0 28.870304 -0.696975 -6.198192 0.055159 0.104781 -0.992965 0.010849 0.204468 1 0 1.0
Default
0 28.896187 0.000000 -6.255220 -0.210098 -0.071978 -0.975027 0.010849 0.204468 1 0 1.0
0 28.870304 -0.696975 -6.198192 -0.210098 -0.071978 -0.975027 0.010849 0.204468 1 0 1.0
0 25.553422 0.000000 -5.534921 -0.210098 -0.071978 -0.975027 0.010849 0.204468 1 0 1.0
Default
0 28.860696 -1.723294 -5.274176 0.593227 0.227016 0.772363 0.017059 0.794922 1 0 1.0
0 28.717242 0.000000 -5.670517 0.593227 0.227016 0.772363 0.017059 0.794922 1 0 1.0
0 28.104721 -2.250162 -4.538675 0.593227 0.227016 0.772363 0.017059 0.794922 1 0 1.0
Default
0 28.870304 -0.696975 -6.198192 -0.207408 -0.251285 -0.945430 0.010849 0.204468 1 0 1.0
0 28.780206 -1.369483 -5.999680 -0.207408 -0.251285 -0.945430 0.010849 0.204468 1 0 1.0
0 25.582544 -0.981950 -5.401180 -0.207408 -0.251285 -0.945430 0.010849 0.204468 1 0 1.0
Default
0 30.712683 0.000000 -6.204411 0.026586 -0.309551 -0.950511 0.010849 0.204468 1 0 1.0
0 30.096905 -0.382957 -6.096918 0.026586 -0.309551 -0.950511 0.010849 0.204468 1 0 1.0
0 28.896187 0.000000 -6.255220 0.026586 -0.309551 -0.950511 0.010849 0.204468 1 0 1.0
Default
0 31.767799 -0.295507 -5.717472 0.819398 0.000000 -0.573225 0.010849 0.204468 1 0 1.0
0 31.459625 -0.238829 -6.157993 0.819398 0.000000 -0.573225 0.010849 0.204468 1 0 1.0
0 31.767799 0.000000 -5.717472 0.819398 0.000000 -0.573225 0.010849 0.204468 1 0 1.0
Default
0 31.767799 0.295507 -5.717472 0.819398 0.000000 -0.573225 0.010849 0.204468 1 0 1.0
0 31.767799 0.000000 -5.717472 0.819398 0.000000 -0.573225 0.010849 0.204468 1 0 1.0
0 31.459625 0.238829 -6.157993 0.819398 0.000000 -0.573225 0.010849 0.204468 1 0 1.0
Default
0 31.767799 -0.295507 -5.717472 0.564106 -0.671150 -0.480981 0.010849 0.204468 1 0 1.0
0 31.251572 -0.739732 -5.703059 0.564106 -0.671150 -0.480981 0.010849 0.204468 1 0 1.0
0 31.459625 -0.238829 -6.157993 0.564106 -0.671150 -0.480981 0.010849 0.204468 1 0 1.0
Default
0 30.542640 -0.855078 -5.667050 -0.121624 0.263344 0.957005 0.017059 0.794922 1 0 1.0
0 31.217961 -0.441027 -5.695161 -0.121624 0.263344 0.957005 0.017059 0.794922 1 0 1.0
0 30.578513 0.000000 -5.897786 -0.121624 0.263344 0.957005 0.017059 0.794922 1 0 1.0
Default
0 31.459625 -0.238829 -6.157993 -0.054579 0.094826 -0.993997 0.010849 0.204468 1 0 1.0
0 30.997448 -0.500274 -6.157557 -0.054579 0.094826 -0.993997 0.010849 0.204468 1 0 1.0
0 30.096905 -0.382957 -6.096918 -0.054579 0.094826 -0.993997 0.010849 0.204468 1 0 1.0
Default
0 31.453381 0.000000 -6.167950 0.049125 -0.040324 -0.997978 0.010849 0.204468 1 0 1.0
0 31.459625 -0.238829 -6.157993 0.049125 -0.040324 -0.997978 0.010849 0.204468 1 0 1.0
0 30.712683 0.000000 -6.204411 0.049125 -0.040324 -0.997978 0.010849 0.204468 1 0 1.0
Default
0 -13.893510 0.000000 -2.633631 -0.396750 -0.800634 -0.448971 0.012405 0.201416 1 0 1.0
0 -12.023714 0.000000 -4.285948 -0.396750 -0.800634 -0.448971 0.012405 0.201416 1 0 1.0
0 -13.568451 -0.699077 -1.674243 -0.396750 -0.800634 -0.448971 0.012405 0.201416 1 0 1.0
Default
0 25.761168 0.000000 -3.704244 0.420293 0.636490 -0.646710 0.017059 0.794922 1 0 1.0
0 26.804481 0.000000 -3.026201 0.420293 0.636490 -0.646710 0.017059 0.794922 1 0 1.0
0 28.214557 -2.155522 -4.231263 0.420293 0.636490 -0.646710 0.017059 0.794922 1 0 1.0
Default
0 28.293671 -2.631487 -4.298440 0.942162 0.305827 -0.137119 0.010849 0.201416 1 0 1.0
0 28.255804 -2.433066 -4.116078 0.942162 0.305827 -0.137119 0.010849 0.201416 1 0 1.0
0 28.616543 -2.768996 -2.386633 0.942162 0.305827 -0.137119 0.010849 0.201416 1 0 1.0
Default
0 28.176691 -2.172000 -4.048902 0.948194 0.231288 0.217792 0.010849 0.204468 1 0 1.0
0 28.255804 -2.433066 -4.116078 0.948194 0.231288 0.217792 0.010849 0.204468 1 0 1.0
0 28.214557 -2.155522 -4.231263 0.948194 0.231288 0.217792 0.010849 0.204468 1 0 1.0
Default
0 29.816602 -1.619566 -4.089133 -0.171652 0.445564 -0.878640 0.017059 0.794922 1 0 1.0
0 28.176691 -2.172000 -4.048902 -0.171652 0.445564 -0.878640 0.017059 0.794922 1 0 1.0
0 29.466914 0.000000 -3.199522 -0.171652 0.445564 -0.878640 0.017059 0.794922 1 0 1.0
Default
0 32.595937 -0.453387 -4.304459 -0.137755 0.147466 -0.979427 0.017059 0.794922 1 0 1.0
0 29.816602 -1.619566 -4.089133 -0.137755 0.147466 -0.979427 0.017059 0.794922 1 0 1.0
0 32.594945 0.000000 -4.236056 -0.137755 0.147466 -0.979427 0.017059 0.794922 1 0 1.0
Default
0 33.004452 0.000000 -4.400987 -0.371603 -0.103087 -0.922651 0.011826 0.483887 1 0 1.0
0 33.004452 -0.271274 -4.370677 -0.371603 -0.103087 -0.922651 0.011826 0.483887 1 0 1.0
0 32.594945 0.000000 -4.236056 -0.371603 -0.103087 -0.922651 0.011826 0.483887 1 0 1.0
Default
0 32.595937 -0.453387 -4.304459 -0.002719 -0.175302 -0.984511 0.011826 0.483887 1 0 1.0
0 31.787096 -1.242839 -4.161656 -0.002719 -0.175302 -0.984511 0.011826 0.483887 1 0 1.0
0 29.816602 -1.619566 -4.089133 -0.002719 -0.175302 -0.984511 0.011826 0.483887 1 0 1.0
Default
0 33.004452 -0.271274 -4.370677 -0.014199 -0.313414 -0.949510 0.011826 0.483887 1 0 1.0
0 32.656135 -0.705484 -4.222148 -0.014199 -0.313414 -0.949510 0.011826 0.483887 1 0 1.0
0 32.595937 -0.453387 -4.304459 -0.014199 -0.313414 -0.949510 0.011826 0.483887 1 0 1.0
Default
0 30.659832 -1.345334 -2.227865 0.779981 -0.167764 0.602897 0.011826 0.483887 1 0 1.0
0 31.561734 -1.145849 -3.339162 0.779981 -0.167764 0.602897 0.011826 0.483887 1 0 1.0
0 31.281562 -1.103911 -2.965027 0.779981 -0.167764 0.602897 0.011826 0.483887 1 0 1.0
Default
0 30.659832 -1.345334 -2.227865 0.776366 -0.288845 0.560200 0.011826 0.483887 1 0 1.0
0 31.281562 -1.103911 -2.965027 0.776366 -0.288845 0.560200 0.011826 0.483887 1 0 1.0
0 30.903344 -0.881322 -2.326098 0.776366 -0.288845 0.560200 0.011826 0.483887 1 0 1.0
Default
0 30.903344 -0.881322 -2.326098 0.773057 0.042216 0.632931 0.011826 0.483887 1 0 1.0
0 31.359051 -0.608665 -2.900880 0.773057 0.042216 0.632931 0.011826 0.483887 1 0 1.0
0 30.864842 0.000000 -2.337851 0.773057 0.042216 0.632931 0.011826 0.483887 1 0 1.0
Default
0 32.571600 0.000000 -3.548408 0.662853 -0.268475 0.698961 0.011826 0.483887 1 0 1.0
0 32.547067 -0.352163 -3.660406 0.662853 -0.268475 0.698961 0.011826 0.483887 1 0 1.0
0 32.976587 0.000000 -3.932473 0.662853 -0.268475 0.698961 0.011826 0.483887 1 0 1.0
Default
0 31.561734 -1.145849 -3.339162 0.403030 -0.889497 0.215320 0.011826 0.483887 1 0 1.0
0 31.787096 -1.242839 -4.161656 0.403030 -0.889497 0.215320 0.011826 0.483887 1 0 1.0
0 32.539354 -0.833586 -3.879074 0.403030 -0.889497 0.215320 0.011826 0.483887 1 0 1.0
Default
0 32.547067 -0.352163 -3.660406 0.557009 -0.350835 0.752765 0.011826 0.483887 1 0 1.0
0 31.359051 -0.608665 -2.900880 0.557009 -0.350835 0.752765 0.011826 0.483887 1 0 1.0
0 32.539354 -0.833586 -3.879074 0.557009 -0.350835 0.752765 0.011826 0.483887 1 0 1.0
Default
0 32.571600 0.000000 -3.548408 0.479065 -0.296166 0.826306 0.011826 0.483887 1 0 1.0
0 31.411381 0.000000 -2.875750 0.479065 -0.296166 0.826306 0.011826 0.483887 1 0 1.0
0 32.547067 -0.352163 -3.660406 0.479065 -0.296166 0.826306 0.011826 0.483887 1 0 1.0
Default
0 16.432351 -7.205204 -3.901021 0.638938 -0.601543 0.479483 0.013237 0.179077 1 0 1.0
0 14.330250 -8.908985 -3.237359 0.638938 -0.601543 0.479483 0.013237 0.179077 1 0 1.0
0 15.020233 -9.396061 -4.767867 0.638938 -0.601543 0.479483 0.013237 0.179077 1 0 1.0
Default
0 17.457691 -4.998482 -2.246468 -0.364462 0.869143 0.334302 0.013237 0.179077 1 0 1.0
0 17.428777 -4.378411 -3.890094 -0.364462 0.869143 0.334302 0.013237 0.179077 1 0 1.0
0 14.923437 -6.221643 -1.829295 -0.364462 0.869143 0.334302 0.013237 0.179077 1 0 1.0
Default
0 17.457691 -4.998482 -2.246468 0.854710 -0.480548 -0.196326 0.013237 0.179077 1 0 1.0
0 16.644044 -6.358647 -2.459425 0.854710 -0.480548 -0.196326 0.013237 0.179077 1 0 1.0
0 17.428777 -4.378411 -3.890094 0.854710 -0.480548 -0.196326 0.013237 0.179077 1 0 1.0
Default
0 13.493489 -8.297101 -2.421886 -0.169143 -0.863803 0.474590 0.013237 0.179077 1 0 1.0
0 11.588088 -8.183445 -2.894101 -0.169143 -0.863803 0.474590 0.013237 0.179077 1 0 1.0
0 14.330250 -8.908985 -3.237359 -0.169143 -0.863803 0.474590 0.013237 0.179077 1 0 1.0
Default
0 16.644044 -6.358647 -2.459425 0.486265 -0.782804 0.388284 0.013237 0.179077 1 0 1.0
0 13.493489 -8.297101 -2.421886 0.486265 -0.782804 0.388284 0.013237 0.179077 1 0 1.0
0 16.432351 -7.205204 -3.901021 0.486265 -0.782804 0.388284 0.013237 0.179077 1 0 1.0
Default
0 11.588088 -8.183445 -2.894101 -0.245157 -0.106235 0.963645 0.013237 0.179077 1 0 1.0
0 13.493489 -8.297101 -2.421886 -0.245157 -0.106235 0.963645 0.013237 0.179077 1 0 1.0
0 14.923437 -6.221643 -1.829295 -0.245157 -0.106235 0.963645 0.013237 0.179077 1 0 1.0
Default
0 24.623345 -3.629689 -1.484272 0.205087 -0.976599 -0.064758 0.011627 0.175903 1 0 1.0
0 24.415267 -3.800324 0.430054 0.205087 -0.976599 -0.064758 0.011627 0.175903 1 0 1.0
0 22.921805 -4.021149 -0.969502 0.205087 -0.976599 -0.064758 0.011627 0.175903 1 0 1.0
Default
0 22.264045 -3.988150 -0.794463 -0.982521 0.181633 0.040775 0.010849 0.419922 1 0 1.0
0 22.310732 -3.840690 -0.326306 -0.982521 0.181633 0.040775 0.010849 0.419922 1 0 1.0
0 22.317772 -3.695877 -0.801714 -0.982521 0.181633 0.040775 0.010849 0.419922 1 0 1.0
Default
0 21.306571 -3.937978 -1.193319 0.780102 -0.553812 -0.291091 0.011627 0.175903 1 0 1.0
0 20.962992 -4.232653 -1.553456 0.780102 -0.553812 -0.291091 0.011627 0.175903 1 0 1.0
0 21.255735 -3.545824 -2.075641 0.780102 -0.553812 -0.291091 0.011627 0.175903 1 0 1.0
Default
0 20.913205 -4.163056 0.497954 0.514460 -0.856507 0.041544 0.011627 0.175903 1 0 1.0
0 20.962992 -4.232653 -1.553456 0.514460 -0.856507 0.041544 0.011627 0.175903 1 0 1.0
0 21.301568 -3.969901 -0.329111 0.514460 -0.856507 0.041544 0.011627 0.175903 1 0 1.0
Default
0 20.996983 -3.519539 -2.771943 -0.984696 -0.158554 -0.072355 0.010849 0.424561 1 0 1.0
0 21.006717 -3.659112 -2.598615 -0.984696 -0.158554 -0.072355 0.010849 0.424561 1 0 1.0
0 20.977800 -3.761188 -1.981436 -0.984696 -0.158554 -0.072355 0.010849 0.424561 1 0 1.0
Default
0 20.791876 -2.983945 -3.777309 0.292543 -0.817913 -0.495415 0.011627 0.175903 1 0 1.0
0 22.151308 -3.165740 -2.674426 0.292543 -0.817913 -0.495415 0.011627 0.175903 1 0 1.0
0 20.996983 -3.519539 -2.771943 0.292543 -0.817913 -0.495415 0.011627 0.175903 1 0 1.0
Default
0 20.996983 -3.519539 -2.771943 0.385522 -0.884965 -0.261170 0.011627 0.175903 1 0 1.0
0 20.977800 -3.761188 -1.981436 0.385522 -0.884965 -0.261170 0.011627 0.175903 1 0 1.0
0 19.996926 -4.110442 -2.245902 0.385522 -0.884965 -0.261170 0.011627 0.175903 1 0 1.0
Default
0 20.996983 -3.519539 -2.771943 0.456287 -0.881350 -0.122575 0.011627 0.175903 1 0 1.0
0 19.996926 -4.110442 -2.245902 0.456287 -0.881350 -0.122575 0.011627 0.175903 1 0 1.0
0 18.213913 -4.903093 -3.183783 0.456287 -0.881350 -0.122575 0.012032 0.177124 1 0 1.0
Default
0 19.942938 -4.302752 -1.484272 0.508645 -0.842647 -0.176711 0.011627 0.175903 1 0 1.0
0 19.526890 -4.505396 -1.715514 0.508645 -0.842647 -0.176711 0.011627 0.175903 1 0 1.0
0 19.996926 -4.110442 -2.245902 0.508645 -0.842647 -0.176711 0.011627 0.175903 1 0 1.0
Default
0 19.112322 -4.707320 -2.159683 0.545433 -0.827556 -0.132870 0.011627 0.175903 1 0 1.0
0 19.996926 -4.110442 -2.245902 0.545433 -0.827556 -0.132870 0.011627 0.175903 1 0 1.0
0 19.526890 -4.505396 -1.715514 0.545433 -0.827556 -0.132870 0.011627 0.175903 1 0 1.0
Default
0 19.996926 -4.110442 -2.245902 -0.870871 -0.458356 -0.177466 0.009888 0.422119 1 0 1.0
0 20.049487 -4.396608 -1.764726 -0.870871 -0.458356 -0.177466 0.009888 0.422119 1 0 1.0
0 19.942938 -4.302752 -1.484272 -0.870871 -0.458356 -0.177466 0.009300 0.421631 1 0 1.0
Default
0 19.145960 -5.014740 0.315162 0.800178 -0.596357 0.063829 0.011627 0.175903 1 0 1.0
0 19.159041 -5.079773 -0.456448 0.800178 -0.596357 0.063829 0.011627 0.175903 1 0 1.0
0 19.517153 -4.550297 0.001053 0.800178 -0.596357 0.063829 0.011627 0.175903 1 0 1.0
Default
0 31.285845 -0.424424 -5.732619 0.110986 -0.871153 0.478303 0.984375 0.979980 1 0 1.0
0 31.630020 -0.380576 -5.732619 0.110986 -0.871153 0.478303 0.984375 0.979980 1 0 1.0
0 31.394301 -0.358920 -5.638480 0.110986 -0.871153 0.478303 0.984375 0.979980 1 0 1.0
Default
0 31.542851 -0.330375 -5.638480 0.742398 0.536417 0.401374 0.984375 0.979980 1 0 1.0
0 31.630020 -0.380576 -5.732619 0.742398 0.536417 0.401374 0.984375 0.979980 1 0 1.0
0 31.470655 -0.223213 -5.648161 0.742398 0.536417 0.401374 0.984375 0.979980 1 0 1.0
Default
0 31.464075 -0.083895 -5.757529 -0.710434 0.413498 0.569476 0.984375 0.979980 1 0 1.0
0 31.285845 -0.424424 -5.732619 -0.710434 0.413498 0.569476 0.984375 0.979980 1 0 1.0
0 31.470655 -0.223213 -5.648161 -0.710434 0.413498 0.569476 0.984375 0.979980 1 0 1.0
Default
0 30.859892 -0.682578 -5.732619 -0.204236 -0.934808 0.290554 0.984375 0.979980 1 0 1.0
0 31.151767 -0.746347 -5.732619 -0.204236 -0.934808 0.290554 0.984375 0.979980 1 0 1.0
0 30.984490 -0.680539 -5.638480 -0.204236 -0.934808 0.290554 0.984375 0.979980 1 0 1.0
Default
0 31.097640 -0.695798 -5.638480 0.821269 -0.147186 0.551229 0.984375 0.979980 1 0 1.0
0 31.151767 -0.746347 -5.732619 0.821269 -0.147186 0.551229 0.984375 0.979980 1 0 1.0
0 31.120469 -0.604671 -5.648161 0.821269 -0.147186 0.551229 0.984375 0.979980 1 0 1.0
Default
0 31.189705 -0.485223 -5.757529 -0.397818 0.734267 0.550084 0.984375 0.979980 1 0 1.0
0 30.859892 -0.682578 -5.732619 -0.397818 0.734267 0.550084 0.984375 0.979980 1 0 1.0
0 31.120469 -0.604671 -5.648161 -0.397818 0.734267 0.550084 0.984375 0.979980 1 0 1.0
Default
0 30.458815 -0.970136 -5.676999 -0.054558 -0.992913 0.105584 0.984375 0.979980 1 0 1.0
0 30.684997 -0.985420 -5.703858 -0.054558 -0.992913 0.105584 0.984375 0.979980 1 0 1.0
0 30.588906 -0.968097 -5.590606 -0.054558 -0.992913 0.105584 0.984375 0.979980 1 0 1.0
Default
0 30.701844 -0.983356 -5.597483 0.956838 -0.250893 -0.146672 0.984375 0.979980 1 0 1.0
0 30.684997 -0.985420 -5.703858 0.956838 -0.250893 -0.146672 0.984375 0.979980 1 0 1.0
0 30.724044 -0.892229 -5.608534 0.956838 -0.250893 -0.146672 0.984375 0.979980 1 0 1.0
Default
0 30.786507 -0.772781 -5.721907 -0.363650 0.734269 0.573243 0.984375 0.979980 1 0 1.0
0 30.458815 -0.970136 -5.676999 -0.363650 0.734269 0.573243 0.984375 0.979980 1 0 1.0
0 30.724044 -0.892229 -5.608534 -0.363650 0.734269 0.573243 0.984375 0.979980 1 0 1.0
Default
0 30.051057 -1.119627 -5.572406 -0.268830 -0.918849 0.288871 0.984375 0.979980 1 0 1.0
0 30.267693 -1.198838 -5.622753 -0.268830 -0.918849 0.288871 0.984375 0.979980 1 0 1.0
0 30.151947 -1.123941 -5.492238 -0.268830 -0.918849 0.288871 0.984375 0.979980 1 0 1.0
Default
0 30.311896 -0.959359 -5.636502 -0.346703 0.775369 0.527825 0.984375 0.979980 1 0 1.0
0 30.051057 -1.119627 -5.572406 -0.346703 0.775369 0.527825 0.984375 0.979980 1 0 1.0
0 30.284469 -1.048073 -5.524198 -0.346703 0.775369 0.527825 0.984375 0.979980 1 0 1.0
Default
0 29.609661 -1.411682 -5.464211 -0.242036 -0.871585 0.426331 0.984375 0.979980 1 0 1.0
0 29.787622 -1.484698 -5.512452 -0.242036 -0.871585 0.426331 0.984375 0.979980 1 0 1.0
0 29.735588 -1.410400 -5.390099 -0.242036 -0.871585 0.426331 0.984375 0.979980 1 0 1.0
Default
0 29.821809 -1.422204 -5.405194 0.956250 -0.242639 -0.163439 0.984375 0.979980 1 0 1.0
0 29.787622 -1.484698 -5.512452 0.956250 -0.242639 -0.163439 0.984375 0.979980 1 0 1.0
0 29.837911 -1.351709 -5.415617 0.956250 -0.242639 -0.163439 0.984375 0.979980 1 0 1.0
Default
0 29.879688 -1.245447 -5.532787 -0.320199 0.755755 0.571233 0.984375 0.979980 1 0 1.0
0 29.609661 -1.411682 -5.464211 -0.320199 0.755755 0.571233 0.984375 0.979980 1 0 1.0
0 29.837911 -1.351709 -5.415617 -0.320199 0.755755 0.571233 0.984375 0.979980 1 0 1.0
Default
0 29.239453 -1.574996 -5.384232 -0.210963 -0.943732 0.254685 0.984375 0.979980 1 0 1.0
0 29.439895 -1.629798 -5.421271 -0.210963 -0.943732 0.254685 0.984375 0.979980 1 0 1.0
0 29.349218 -1.578807 -5.307435 -0.210963 -0.943732 0.254685 0.984375 0.979980 1 0 1.0
Default
0 29.482807 -1.424816 -5.448478 -0.329046 0.768158 0.549237 0.984375 0.979980 1 0 1.0
0 29.239453 -1.574996 -5.384232 -0.329046 0.768158 0.549237 0.984375 0.979980 1 0 1.0
0 29.454158 -1.518472 -5.334656 -0.329046 0.768158 0.549237 0.984375 0.979980 1 0 1.0
Default
0 28.877784 -1.775302 -5.313534 -0.201521 -0.949810 0.239269 0.984375 0.979980 1 0 1.0
0 29.054995 -1.824539 -5.359741 -0.201521 -0.949810 0.239269 0.984375 0.979980 1 0 1.0
0 28.985806 -1.780378 -5.242706 -0.201521 -0.949810 0.239269 0.984375 0.979980 1 0 1.0
Default
0 29.091682 -1.640373 -5.386908 -0.300367 0.776990 0.553234 0.984375 0.979980 1 0 1.0
0 28.877784 -1.775302 -5.313534 -0.300367 0.776990 0.553234 0.984375 0.979980 1 0 1.0
0 29.075949 -1.727419 -5.273195 -0.300367 0.776990 0.553234 0.984375 0.979980 1 0 1.0
Default
0 28.625028 -1.938383 -5.084998 -0.044120 -0.951656 0.303981 0.984375 0.979980 1 0 1.0
0 28.764589 -1.983276 -5.205291 -0.044120 -0.951656 0.303981 0.984375 0.979980 1 0 1.0
0 28.753386 -1.939444 -5.069690 -0.044120 -0.951656 0.303981 0.984375 0.979980 1 0 1.0
Default
0 28.779565 -1.798549 -5.245953 -0.046848 0.775903 0.629110 0.984375 0.979980 1 0 1.0
0 28.625028 -1.938383 -5.084998 -0.046848 0.775903 0.629110 0.984375 0.979980 1 0 1.0
0 28.818826 -1.884410 -5.137133 -0.046848 0.775903 0.629110 0.984375 0.979980 1 0 1.0
Default
0 28.381698 -2.136647 -4.836245 0.249317 -0.921054 0.299167 0.984375 0.979980 1 0 1.0
0 28.534602 -2.131658 -4.948312 0.249317 -0.921054 0.299167 0.984375 0.979980 1 0 1.0
0 28.502481 -2.096568 -4.813510 0.249317 -0.921054 0.299167 0.984375 0.979980 1 0 1.0
Default
0 28.491269 -1.951181 -4.987700 -0.329199 0.706283 0.626732 0.984375 0.979980 1 0 1.0
0 28.381698 -2.136647 -4.836245 -0.329199 0.706283 0.626732 0.984375 0.979980 1 0 1.0
0 28.550191 -2.022002 -4.876939 -0.329199 0.706283 0.626732 0.984375 0.979980 1 0 1.0
Default
0 32.729037 -0.078306 -4.255795 0.550900 0.677198 -0.487763 0.984375 0.979980 1 0 1.0
0 32.937275 -0.290550 -4.315284 0.550900 0.677198 -0.487763 0.984375 0.979980 1 0 1.0
0 32.738893 -0.202921 -4.417681 0.550900 0.677198 -0.487763 0.984375 0.979980 1 0 1.0
Default
0 32.852058 -0.299927 -4.391885 0.419420 -0.831248 -0.364847 0.984375 0.979980 1 0 1.0
0 32.937275 -0.290550 -4.315284 0.419420 -0.831248 -0.364847 0.984375 0.979980 1 0 1.0
0 32.735880 -0.357231 -4.394889 0.419420 -0.831248 -0.364847 0.984375 0.979980 1 0 1.0
Default
0 32.654096 -0.465057 -4.271207 -0.886789 0.188647 -0.421921 0.984375 0.979980 1 0 1.0
0 32.729037 -0.078306 -4.255795 -0.886789 0.188647 -0.421921 0.984375 0.979980 1 0 1.0
0 32.735880 -0.357231 -4.394889 -0.886789 0.188647 -0.421921 0.984375 0.979980 1 0 1.0
Default
0 32.595818 -0.461882 -4.262322 0.892819 -0.222712 -0.391501 0.984375 0.979980 1 0 1.0
0 32.554276 -0.733775 -4.202376 0.892819 -0.222712 -0.391501 0.984375 0.979980 1 0 1.0
0 32.525744 -0.582989 -4.353228 0.892819 -0.222712 -0.391501 0.984375 0.979980 1 0 1.0
Default
0 32.505341 -0.730638 -4.327432 -0.510434 -0.841157 0.178638 0.984375 0.979980 1 0 1.0
0 32.554276 -0.733775 -4.202376 -0.510434 -0.841157 0.178638 0.984375 0.979980 1 0 1.0
0 32.394309 -0.663899 -4.330435 -0.510434 -0.841157 0.178638 0.984375 0.979980 1 0 1.0
Default
0 32.253794 -0.646176 -4.223872 -0.414963 0.633958 -0.652613 0.984375 0.979980 1 0 1.0
0 32.595818 -0.461882 -4.262322 -0.414963 0.633958 -0.652613 0.984375 0.979980 1 0 1.0
0 32.394309 -0.663899 -4.330435 -0.414963 0.633958 -0.652613 0.984375 0.979980 1 0 1.0
Default
0 32.222997 -0.641941 -4.248101 0.880482 -0.143812 -0.451741 0.984375 0.979980 1 0 1.0
0 32.197981 -0.982797 -4.188336 0.880482 -0.143812 -0.451741 0.984375 0.979980 1 0 1.0
0 32.164414 -0.768537 -4.321977 0.880482 -0.143812 -0.451741 0.984375 0.979980 1 0 1.0
Default
0 32.144012 -0.916185 -4.296182 -0.491242 -0.829295 -0.266367 0.984375 0.979980 1 0 1.0
0 32.197981 -0.982797 -4.188336 -0.491242 -0.829295 -0.266367 0.984375 0.979980 1 0 1.0
0 32.032980 -0.849447 -4.299185 -0.491242 -0.829295 -0.266367 0.984375 0.979980 1 0 1.0
Default
0 31.892465 -0.831723 -4.192622 -0.446109 0.576943 -0.684195 0.984375 0.979980 1 0 1.0
0 32.222997 -0.641941 -4.248101 -0.446109 0.576943 -0.684195 0.984375 0.979980 1 0 1.0
0 32.032980 -0.849447 -4.299185 -0.446109 0.576943 -0.684195 0.984375 0.979980 1 0 1.0
Default
0 31.798892 -0.869419 -4.189507 0.861489 -0.231876 -0.451741 0.984375 0.979980 1 0 1.0
0 31.739627 -1.206015 -4.129742 0.861489 -0.231876 -0.451741 0.984375 0.979980 1 0 1.0
0 31.727840 -0.989462 -4.263384 0.861489 -0.231876 -0.451741 0.984375 0.979980 1 0 1.0
Default
0 31.692652 -1.134300 -4.237588 -0.572373 -0.775518 -0.266384 0.984375 0.979980 1 0 1.0
0 31.739627 -1.206015 -4.129742 -0.572373 -0.775518 -0.266384 0.984375 0.979980 1 0 1.0
0 31.588916 -1.056705 -4.240591 -0.572373 -0.775518 -0.266384 0.984375 0.979980 1 0 1.0
Default
0 31.450905 -1.024901 -4.134028 -0.385648 0.618993 -0.684195 0.984375 0.979980 1 0 1.0
0 31.798892 -0.869419 -4.189507 -0.385648 0.618993 -0.684195 0.984375 0.979980 1 0 1.0
0 31.588916 -1.056705 -4.240591 -0.385648 0.618993 -0.684195 0.984375 0.979980 1 0 1.0
Default
0 31.287016 -1.088795 -4.173882 0.861481 -0.231907 -0.451740 0.984375 0.979980 1 0 1.0
0 31.227751 -1.425391 -4.114117 0.861481 -0.231907 -0.451740 0.984375 0.979980 1 0 1.0
0 31.215964 -1.208838 -4.247758 0.861481 -0.231907 -0.451740 0.984375 0.979980 1 0 1.0
Default
0 31.180777 -1.353676 -4.221963 -0.572388 -0.775505 -0.266393 0.984375 0.979980 1 0 1.0
0 31.227751 -1.425391 -4.114117 -0.572388 -0.775505 -0.266393 0.984375 0.979980 1 0 1.0
0 31.077041 -1.276080 -4.224966 -0.572388 -0.775505 -0.266393 0.984375 0.979980 1 0 1.0
Default
0 30.939029 -1.244277 -4.118403 -0.385649 0.618987 -0.684200 0.984375 0.979980 1 0 1.0
0 31.287016 -1.088795 -4.173882 -0.385649 0.618987 -0.684200 0.984375 0.979980 1 0 1.0
0 31.077041 -1.276080 -4.224966 -0.385649 0.618987 -0.684200 0.984375 0.979980 1 0 1.0
Default
0 30.735762 -1.308171 -4.166069 0.861479 -0.231908 -0.451743 0.984375 0.979980 1 0 1.0
0 30.676498 -1.644766 -4.106304 0.861479 -0.231908 -0.451743 0.984375 0.979980 1 0 1.0
0 30.664711 -1.428213 -4.239945 0.861479 -0.231908 -0.451743 0.984375 0.979980 1 0 1.0
Default
0 30.629523 -1.573052 -4.214150 -0.572389 -0.775503 -0.266393 0.984375 0.979980 1 0 1.0
0 30.676498 -1.644766 -4.106304 -0.572389 -0.775503 -0.266393 0.984375 0.979980 1 0 1.0
0 30.525787 -1.495456 -4.217153 -0.572389 -0.775503 -0.266393 0.984375 0.979980 1 0 1.0
Default
0 30.387776 -1.463653 -4.110590 -0.385650 0.618990 -0.684197 0.984375 0.979980 1 0 1.0
0 30.735762 -1.308171 -4.166069 -0.385650 0.618990 -0.684197 0.984375 0.979980 1 0 1.0
0 30.525787 -1.495456 -4.217153 -0.385650 0.618990 -0.684197 0.984375 0.979980 1 0 1.0
Default
0 30.228110 -1.523500 -4.193413 0.837071 -0.308628 -0.451731 0.984375 0.979980 1 0 1.0
0 30.138738 -1.853381 -4.133648 0.837071 -0.308628 -0.451731 0.984375 0.979980 1 0 1.0
0 30.146526 -1.636647 -4.267289 0.837071 -0.308628 -0.451731 0.984375 0.979980 1 0 1.0
Default
0 30.098422 -1.777723 -4.241494 -0.639960 -0.720756 -0.266386 0.984375 0.979980 1 0 1.0
0 30.138738 -1.853381 -4.133648 -0.639960 -0.720756 -0.266386 0.984375 0.979980 1 0 1.0
0 30.002104 -1.691091 -4.244497 -0.639960 -0.720756 -0.266386 0.984375 0.979980 1 0 1.0
Default
0 29.867522 -1.646974 -4.137934 -0.328269 0.651240 -0.684197 0.984375 0.979980 1 0 1.0
0 30.228110 -1.523500 -4.193413 -0.328269 0.651240 -0.684197 0.984375 0.979980 1 0 1.0
0 30.002104 -1.691091 -4.244497 -0.328269 0.651240 -0.684197 0.984375 0.979980 1 0 1.0
Default
0 29.422845 -1.786678 -4.146538 0.827727 -0.332866 -0.451739 0.984375 0.979980 1 0 1.0
0 29.323910 -2.113819 -4.086773 0.827727 -0.332866 -0.451739 0.984375 0.979980 1 0 1.0
0 29.338001 -1.897403 -4.220415 0.827727 -0.332866 -0.451739 0.984375 0.979980 1 0 1.0
Default
0 29.285811 -2.037020 -4.194619 -0.660681 -0.701814 -0.266378 0.984375 0.979980 1 0 1.0
0 29.323910 -2.113819 -4.086773 -0.660681 -0.701814 -0.266378 0.984375 0.979980 1 0 1.0
0 29.192056 -1.947621 -4.197622 -0.660681 -0.701814 -0.266378 0.984375 0.979980 1 0 1.0
Default
0 29.058816 -1.899605 -4.091059 -0.309178 0.660525 -0.684190 0.984375 0.979980 1 0 1.0
0 29.422845 -1.786678 -4.146538 -0.309178 0.660525 -0.684190 0.984375 0.979980 1 0 1.0
0 29.192056 -1.947621 -4.197622 -0.309178 0.660525 -0.684190 0.984375 0.979980 1 0 1.0
Default
0 28.759091 -2.034179 -4.146538 0.827734 -0.332845 -0.451743 0.984375 0.979980 1 0 1.0
0 28.660156 -2.361320 -4.086773 0.827734 -0.332845 -0.451743 0.984375 0.979980 1 0 1.0
0 28.674246 -2.144904 -4.220415 0.827734 -0.332845 -0.451743 0.984375 0.979980 1 0 1.0
Default
0 28.622057 -2.284521 -4.194619 -0.660662 -0.701835 -0.266373 0.984375 0.979980 1 0 1.0
0 28.660156 -2.361320 -4.086773 -0.660662 -0.701835 -0.266373 0.984375 0.979980 1 0 1.0
0 28.528301 -2.195122 -4.197622 -0.660662 -0.701835 -0.266373 0.984375 0.979980 1 0 1.0
Default
0 28.395061 -2.147106 -4.091059 -0.309179 0.660521 -0.684193 0.984375 0.979980 1 0 1.0
0 28.759091 -2.034179 -4.146538 -0.309179 0.660521 -0.684193 0.984375 0.979980 1 0 1.0
0 28.528301 -2.195122 -4.197622 -0.309179 0.660521 -0.684193 0.984375 0.979980 1 0 1.0
Default
0 28.214557 2.155522 -4.231263 0.547004 -0.724943 -0.418622 0.017059 0.794922 1 0 1.0
0 25.761168 0.000000 -3.704244 0.547004 -0.724943 -0.418622 0.017059 0.794922 1 0 1.0
0 28.104721 2.250162 -4.538675 0.547004 -0.724943 -0.418622 0.017059 0.794922 1 0 1.0
Default
0 -38.540711 0.435109 0.417418 -0.169041 0.250364 -0.953280 0.012405 0.178223 1 0 1.0
0 -38.540711 0.000000 0.303143 -0.169041 0.250364 -0.953280 0.012405 0.178223 1 0 1.0
0 -40.941028 0.144405 0.766707 -0.169041 0.250364 -0.953280 0.012405 0.178223 1 0 1.0
Default
0 -18.865754 0.000000 -4.377604 0.327635 0.794985 -0.510544 0.012405 0.201416 1 0 1.0
0 -17.382810 1.154075 -1.628893 0.327635 0.794985 -0.510544 0.012405 0.201416 1 0 1.0
0 -17.054938 0.000000 -3.215534 0.327635 0.794985 -0.510544 0.012405 0.201416 1 0 1.0
Default
0 -20.650075 0.000000 -5.168793 0.073622 0.983368 -0.166035 0.012405 0.201416 1 0 1.0
0 -21.208657 0.673251 -1.429044 0.073622 0.983368 -0.166035 0.012405 0.201416 1 0 1.0
0 -18.865754 0.000000 -4.377604 0.073622 0.983368 -0.166035 0.012405 0.201416 1 0 1.0
Default
0 -20.650075 0.000000 -5.168793 -0.080712 0.978796 -0.188264 0.012405 0.201416 1 0 1.0
0 -24.882148 0.000000 -3.354435 -0.080712 0.978796 -0.188264 0.012405 0.201416 1 0 1.0
0 -21.208657 0.673251 -1.429044 -0.080712 0.978796 -0.188264 0.012405 0.201416 1 0 1.0
Default
0 21.229959 1.821419 3.236231 0.362717 0.151146 0.919560 0.012405 0.178223 1 0 1.0
0 21.845907 -0.000000 3.292654 0.333778 0.181368 0.925040 0.012405 0.178223 1 0 1.0
0 23.414904 1.664218 2.400226 0.362717 0.151146 0.919560 0.012405 0.178223 1 0 1.0
Default
0 21.845907 -0.000000 3.292654 0.333778 0.181368 0.925040 0.012405 0.178223 1 0 1.0
0 23.414904 -0.000000 2.726521 0.324835 0.181968 0.928100 0.012405 0.178223 1 0 1.0
0 23.414904 1.664218 2.400226 0.324835 0.181968 0.928100 0.012405 0.178223 1 0 1.0
Default
0 23.414904 1.664218 2.400226 0.324835 0.181968 0.928100 0.012405 0.178223 1 0 1.0
0 23.414904 -0.000000 2.726521 0.324835 0.181968 0.928100 0.012405 0.178223 1 0 1.0
0 24.973767 -0.000000 2.180919 0.324835 0.181968 0.928100 0.012405 0.178223 1 0 1.0
Default
0 -24.882148 0.000000 -3.354435 -0.079841 0.914468 -0.396704 0.012405 0.201416 1 0 1.0
0 -28.678714 0.000000 -2.590337 -0.079841 0.914468 -0.396704 0.012405 0.201416 1 0 1.0
0 -24.827488 0.867433 -1.365862 -0.079841 0.914468 -0.396704 0.012405 0.201416 1 0 1.0
Default
0 -28.678714 0.000000 -2.590337 -0.105745 0.879146 -0.464671 0.012405 0.201416 1 0 1.0
0 -32.484071 0.000000 -1.724356 -0.105745 0.879146 -0.464671 0.012405 0.201416 1 0 1.0
0 -28.521983 0.862328 -0.994499 -0.105745 0.879146 -0.464671 0.012405 0.201416 1 0 1.0
Default
0 -15.757276 0.810670 -2.062340 0.178632 0.099432 -0.978879 0.012405 0.178223 1 0 1.0
0 -13.568451 0.699077 -1.674243 0.178632 0.099432 -0.978879 0.012405 0.178223 1 0 1.0
0 -15.725517 0.000000 -2.138890 0.178632 0.099432 -0.978879 0.012405 0.178223 1 0 1.0
Default
0 14.791444 -0.000000 4.383674 0.010031 0.158100 0.987372 0.012405 0.178223 1 0 1.0
0 13.976839 2.575806 3.979506 0.010031 0.158100 0.987372 0.012405 0.178223 1 0 1.0
0 12.929584 -0.000000 4.402588 0.010031 0.158100 0.987372 0.012405 0.178223 1 0 1.0
Default
0 5.788355 -0.000000 5.369854 -0.211590 0.942265 0.259549 0.012405 0.201416 1 0 1.0
0 6.874398 -0.000000 6.255220 -0.211590 0.942265 0.259549 0.012405 0.201416 1 0 1.0
0 7.353523 0.703578 4.091549 -0.211590 0.942265 0.259549 0.012405 0.201416 1 0 1.0
Default
0 -6.968439 0.818298 -2.463624 -0.016263 0.053047 -0.998460 0.012405 0.178223 1 0 1.0
0 -5.501753 1.217534 -2.466302 -0.016263 0.053047 -0.998460 0.012405 0.178223 1 0 1.0
0 -6.553398 0.000000 -2.513860 -0.016263 0.053047 -0.998460 0.012405 0.178223 1 0 1.0
Default
0 -5.501753 1.217534 -2.466302 -0.180485 -0.117034 -0.976590 0.012405 0.178223 1 0 1.0
0 -2.835085 1.390248 -2.979832 -0.180485 -0.117034 -0.976590 0.012405 0.178223 1 0 1.0
0 -4.704378 0.000000 -2.467758 -0.180485 -0.117034 -0.976590 0.012405 0.178223 1 0 1.0
Default
0 1.105029 1.949870 2.895221 -0.077740 0.156185 0.984664 0.012405 0.178223 1 0 1.0
0 -1.619621 1.612576 2.733610 -0.077740 0.156185 0.984664 0.012405 0.178223 1 0 1.0
0 1.105029 -0.000000 3.204506 -0.077740 0.156185 0.984664 0.012405 0.178223 1 0 1.0
Default
0 4.842228 1.740485 -4.846158 -0.064394 0.087295 -0.994099 0.012405 0.178223 1 0 1.0
0 9.184960 1.781260 -5.123882 -0.064394 0.087295 -0.994099 0.012405 0.178223 1 0 1.0
0 5.511698 0.000000 -5.042360 -0.064394 0.087295 -0.994099 0.012405 0.178223 1 0 1.0
Default
0 11.676986 1.685028 -5.320916 -0.079501 -0.018095 -0.996671 0.012405 0.178223 1 0 1.0
0 10.652886 0.000000 -5.208633 -0.079501 -0.018095 -0.996671 0.012405 0.178223 1 0 1.0
0 9.184960 1.781260 -5.123882 -0.079501 -0.018095 -0.996671 0.012405 0.178223 1 0 1.0
Default
0 -10.474735 0.638946 1.588803 -0.186826 0.138810 0.972537 0.012405 0.178223 1 0 1.0
0 -10.474734 0.000000 1.680000 -0.186826 0.138810 0.972537 0.012405 0.178223 1 0 1.0
0 -7.750085 0.485548 2.134108 -0.186826 0.138810 0.972537 0.012405 0.178223 1 0 1.0
Default
0 11.676986 1.685028 -5.320916 -0.136669 0.017062 -0.990470 0.012405 0.178223 1 0 1.0
0 13.883814 1.756043 -5.624199 -0.136669 0.017062 -0.990470 0.012405 0.178223 1 0 1.0
0 10.652886 0.000000 -5.208633 -0.136669 0.017062 -0.990470 0.012405 0.178223 1 0 1.0
Default
0 13.883814 1.756043 -5.624199 -0.058931 0.046263 -0.997189 0.012405 0.178223 1 0 1.0
0 17.502767 1.697973 -5.840764 -0.058931 0.046263 -0.997189 0.012405 0.178223 1 0 1.0
0 15.179768 0.000000 -5.782255 -0.058931 0.046263 -0.997189 0.012405 0.178223 1 0 1.0
Default
0 19.215026 1.722977 -5.428226 0.234575 -0.035951 -0.971433 0.012405 0.178223 1 0 1.0
0 19.531181 0.000000 -5.288120 0.234575 -0.035951 -0.971433 0.012405 0.178223 1 0 1.0
0 17.502767 1.697973 -5.840764 0.234575 -0.035951 -0.971433 0.012405 0.178223 1 0 1.0
Default
0 21.605013 1.484681 -4.952759 0.202828 0.088444 -0.975212 0.012405 0.178223 1 0 1.0
0 21.050891 0.000000 -5.202658 0.202828 0.088444 -0.975212 0.012405 0.178223 1 0 1.0
0 19.215026 1.722977 -5.428226 0.202828 0.088444 -0.975212 0.012405 0.178223 1 0 1.0
Default
0 -22.650506 0.710308 1.739885 -0.049251 0.149321 0.987561 0.012405 0.178223 1 0 1.0
0 -29.600699 0.384388 1.442552 -0.049251 0.149321 0.987561 0.012405 0.178223 1 0 1.0
0 -22.650506 0.000000 1.847285 -0.049251 0.149321 0.987561 0.012405 0.178223 1 0 1.0
Default
0 23.230581 1.289430 -4.967295 0.026145 0.288912 -0.956998 0.012405 0.178223 1 0 1.0
0 23.230581 0.000000 -5.356566 0.026145 0.288912 -0.956998 0.012405 0.178223 1 0 1.0
0 21.605013 1.484681 -4.952759 0.026145 0.288912 -0.956998 0.012405 0.178223 1 0 1.0
Default
0 -33.999626 0.404457 1.314071 -0.025576 0.361307 0.932096 0.012405 0.178223 1 0 1.0
0 -33.999626 0.000000 1.470850 -0.025576 0.361307 0.932096 0.012405 0.178223 1 0 1.0
0 -29.600699 0.384388 1.442552 -0.025576 0.361307 0.932096 0.012405 0.178223 1 0 1.0
Default
0 23.230581 1.289430 -4.967295 -0.202772 0.283006 -0.937439 0.012405 0.178223 1 0 1.0
0 24.576248 1.095963 -5.316775 -0.202772 0.283006 -0.937439 0.012405 0.178223 1 0 1.0
0 23.230581 0.000000 -5.356566 -0.202772 0.283006 -0.937439 0.012405 0.178223 1 0 1.0
Default
0 -38.054167 0.304110 1.670544 0.144112 0.375350 0.915611 0.012405 0.178223 1 0 1.0
0 -40.949021 0.144404 2.191648 0.144112 0.375350 0.915611 0.012405 0.178223 1 0 1.0
0 -38.054167 0.000000 1.795213 0.144112 0.375350 0.915611 0.012405 0.178223 1 0 1.0
Default
0 8.548043 4.145625 -4.419793 -0.061822 0.269526 -0.961007 0.012405 0.178223 1 0 1.0
0 11.748881 4.200450 -4.610329 -0.061822 0.269526 -0.961007 0.012405 0.178223 1 0 1.0
0 9.184960 1.781260 -5.123882 -0.061822 0.269526 -0.961007 0.012405 0.178223 1 0 1.0
Default
0 14.714560 3.856412 -5.170713 -0.149305 0.264746 -0.952690 0.012405 0.178223 1 0 1.0
0 13.883814 1.756043 -5.624199 -0.149305 0.264746 -0.952690 0.012405 0.178223 1 0 1.0
0 11.748881 4.200450 -4.610329 -0.149305 0.264746 -0.952690 0.012405 0.178223 1 0 1.0
Default
0 -10.066675 1.929236 1.237526 -0.107662 0.292715 0.950119 0.012405 0.178223 1 0 1.0
0 -13.619606 1.945520 0.829913 -0.107662 0.292715 0.950119 0.012405 0.178223 1 0 1.0
0 -10.474735 0.638946 1.588803 -0.107662 0.292715 0.950119 0.012405 0.178223 1 0 1.0
Default
0 17.525822 4.367422 -4.428230 0.147131 0.461623 -0.874790 0.012405 0.178223 1 0 1.0
0 17.502767 1.697973 -5.840764 0.147131 0.461623 -0.874790 0.012405 0.178223 1 0 1.0
0 14.714560 3.856412 -5.170713 0.147131 0.461623 -0.874790 0.012405 0.178223 1 0 1.0
Default
0 17.525822 4.367422 -4.428230 0.245121 0.451783 -0.857792 0.012405 0.178223 1 0 1.0
0 19.530572 3.238562 -4.449905 0.245121 0.451783 -0.857792 0.012405 0.178223 1 0 1.0
0 17.502767 1.697973 -5.840764 0.245121 0.451783 -0.857792 0.012405 0.178223 1 0 1.0
Default
0 19.530572 3.238562 -4.449905 0.492975 0.397080 -0.774147 0.012405 0.178223 1 0 1.0
0 20.791876 2.983945 -3.777309 0.492975 0.397080 -0.774147 0.012405 0.178223 1 0 1.0
0 19.215026 1.722977 -5.428226 0.492975 0.397080 -0.774147 0.012405 0.178223 1 0 1.0
Default
0 -22.571717 1.014790 1.114702 -0.036592 0.900248 0.433836 0.012405 0.178223 1 0 1.0
0 -29.627688 0.753992 1.060746 -0.036592 0.900248 0.433836 0.012405 0.178223 1 0 1.0
0 -22.650506 0.710308 1.739885 -0.036592 0.900248 0.433836 0.012405 0.178223 1 0 1.0
Default
0 38.996620 0.612687 -0.392244 0.074645 0.484921 0.871366 0.012405 0.178223 1 0 1.0
0 37.002616 1.290991 -0.598908 0.074645 0.484921 0.871366 0.012405 0.178223 1 0 1.0
0 35.893871 0.626583 -0.134181 0.074645 0.484921 0.871366 0.012405 0.178223 1 0 1.0
Default
0 38.423400 1.134359 -0.610559 0.055511 0.436747 0.897870 0.012405 0.178223 1 0 1.0
0 37.002616 1.290991 -0.598908 0.055511 0.436747 0.897870 0.012405 0.178223 1 0 1.0
0 38.996620 0.612687 -0.392244 0.055511 0.436747 0.897870 0.012405 0.178223 1 0 1.0
Default
0 -29.627688 0.753992 1.060746 0.011095 0.718842 0.695085 0.012405 0.178223 1 0 1.0
0 -33.817558 0.886449 0.990643 0.011095 0.718842 0.695085 0.012405 0.178223 1 0 1.0
0 -29.600699 0.384388 1.442552 0.011095 0.718842 0.695085 0.012405 0.178223 1 0 1.0
Default
0 23.106362 2.677562 -3.897848 -0.174946 0.591019 -0.787458 0.010849 0.175049 1 0 1.0
0 24.998729 2.426055 -4.507034 -0.174946 0.591019 -0.787458 0.010849 0.175049 1 0 1.0
0 23.230581 1.289430 -4.967295 -0.174946 0.591019 -0.787458 0.010849 0.175049 1 0 1.0
Default
0 39.741467 0.938975 -0.692733 0.331430 0.807986 0.487148 0.012405 0.178223 1 0 1.0
0 40.843688 0.441491 -0.617496 0.331430 0.807986 0.487148 0.012405 0.178223 1 0 1.0
0 40.930788 0.638202 -1.003020 0.331430 0.807986 0.487148 0.012405 0.178223 1 0 1.0
Default
0 26.367809 2.820061 -4.651184 -0.220085 0.447658 -0.866698 0.010849 0.173462 1 0 1.0
0 25.582544 0.981950 -5.401180 -0.220085 0.447658 -0.866698 0.010849 0.173462 1 0 1.0
0 24.998729 2.426055 -4.507034 -0.220085 0.447658 -0.866698 0.010849 0.173462 1 0 1.0
Default
0 -37.998168 0.575259 1.243880 -0.035499 0.845559 0.532701 0.012405 0.178223 1 0 1.0
0 -40.206625 0.238852 1.630688 -0.035499 0.845559 0.532701 0.012405 0.178223 1 0 1.0
0 -38.054167 0.304110 1.670544 -0.035499 0.845559 0.532701 0.012405 0.178223 1 0 1.0
Default
0 -40.336911 0.238853 1.042317 -0.171214 0.984504 0.037913 0.012405 0.178223 1 0 1.0
0 -40.941028 0.144405 0.766707 -0.197850 0.980232 -0.001110 0.012405 0.178223 1 0 1.0
0 -40.206625 0.238852 1.630688 -0.171214 0.984504 0.037913 0.012405 0.178223 1 0 1.0
Default
0 -40.941028 0.144405 0.766707 -0.197850 0.980232 -0.001110 0.012405 0.178223 1 0 1.0
0 -41.654597 0.000000 0.432888 -0.224484 0.974426 0.010051 0.012405 0.178223 1 0 1.0
0 -40.949021 0.144404 2.191648 -0.224484 0.974426 0.010051 0.012405 0.178223 1 0 1.0
Default
0 -41.654597 0.000000 0.432888 -0.224484 0.974426 0.010051 0.012405 0.178223 1 0 1.0
0 -41.557290 0.000000 2.606121 -0.224484 0.974426 0.010051 0.012405 0.178223 1 0 1.0
0 -40.949021 0.144404 2.191648 -0.224484 0.974426 0.010051 0.012405 0.178223 1 0 1.0
Default
0 33.407168 2.059810 -0.246457 0.271603 0.390114 0.879797 0.012405 0.178223 1 0 1.0
0 31.920402 2.284535 0.112877 0.271603 0.390114 0.879797 0.012405 0.178223 1 0 1.0
0 33.483674 1.194543 0.113596 0.271603 0.390114 0.879797 0.012405 0.178223 1 0 1.0
Default
0 29.879285 2.594754 0.552702 0.250950 0.403933 0.879694 0.012405 0.178223 1 0 1.0
0 30.487819 1.505081 0.879454 0.250950 0.403933 0.879694 0.012405 0.178223 1 0 1.0
0 31.920402 2.284535 0.112877 0.271603 0.390114 0.879797 0.012405 0.178223 1 0 1.0
Default
0 28.212492 2.712231 -4.689449 0.920823 -0.297165 -0.252541 0.010849 0.204468 1 0 1.0
0 28.293671 2.631487 -4.298440 0.920823 -0.297165 -0.252541 0.010849 0.204468 1 0 1.0
0 28.104721 2.250162 -4.538675 0.920823 -0.297165 -0.252541 0.010849 0.204468 1 0 1.0
Default
0 -38.482235 0.575259 0.804580 -0.207682 0.929408 -0.305070 0.012405 0.178223 1 0 1.0
0 -38.540711 0.435109 0.417418 -0.207682 0.929408 -0.305070 0.012405 0.178223 1 0 1.0
0 -40.336911 0.238853 1.042317 -0.207682 0.929408 -0.305070 0.012405 0.178223 1 0 1.0
Default
0 -36.065327 0.883458 0.896783 -0.079857 0.802954 -0.590667 0.012405 0.178223 1 0 1.0
0 -36.107986 0.585688 0.497761 -0.079857 0.802954 -0.590667 0.012405 0.178223 1 0 1.0
0 -38.482235 0.575259 0.804580 -0.079857 0.802954 -0.590667 0.012405 0.178223 1 0 1.0
Default
0 -36.065327 0.883458 0.896783 -0.152234 0.799832 -0.580598 0.012405 0.178223 1 0 1.0
0 -32.382558 1.082519 0.205384 -0.152234 0.799832 -0.580598 0.012405 0.178223 1 0 1.0
0 -36.107986 0.585688 0.497761 -0.152234 0.799832 -0.580598 0.012405 0.178223 1 0 1.0
Default
0 25.607200 3.530778 1.490964 0.212098 0.283515 0.935218 0.012405 0.178223 1 0 1.0
0 25.667424 2.010649 1.938139 0.212098 0.283515 0.935218 0.012405 0.178223 1 0 1.0
0 27.962838 3.414800 0.991888 0.212098 0.283515 0.935218 0.012405 0.178223 1 0 1.0
Default
0 22.587362 2.925061 1.258479 -0.179382 0.593050 0.784929 0.012405 0.178223 1 0 1.0
0 23.414904 1.664218 2.400226 -0.179382 0.593050 0.784929 0.012405 0.178223 1 0 1.0
0 25.607200 3.530778 1.490964 -0.179382 0.593050 0.784929 0.012405 0.178223 1 0 1.0
Default
0 31.492315 2.011752 -1.964352 0.344352 0.228880 -0.910514 0.012405 0.178223 1 0 1.0
0 31.617485 0.879165 -2.201715 0.344352 0.228880 -0.910514 0.012405 0.178223 1 0 1.0
0 30.925690 1.607194 -2.280342 0.344352 0.228880 -0.910514 0.012405 0.178223 1 0 1.0
Default
0 -24.869253 1.447222 -1.151085 -0.128254 0.336366 -0.932957 0.012405 0.178223 1 0 1.0
0 -24.827488 0.867433 -1.365862 -0.128254 0.336366 -0.932957 0.012405 0.178223 1 0 1.0
0 -28.450407 1.214657 -0.742629 -0.128254 0.336366 -0.932957 0.012405 0.178223 1 0 1.0
Default
0 20.860414 3.012476 2.383023 0.454783 0.607571 0.651176 0.012405 0.178223 1 0 1.0
0 21.229959 1.821419 3.236231 0.454783 0.607571 0.651176 0.012405 0.178223 1 0 1.0
0 22.587362 2.925061 1.258479 0.454783 0.607571 0.651176 0.012405 0.178223 1 0 1.0
Default
0 31.492315 2.011752 -1.964352 0.129871 0.217112 -0.967469 0.012405 0.178223 1 0 1.0
0 34.298564 1.890727 -1.614806 0.129871 0.217112 -0.967469 0.012405 0.178223 1 0 1.0
0 31.617485 0.879165 -2.201715 0.129871 0.217112 -0.967469 0.012405 0.178223 1 0 1.0
Default
0 -24.869253 1.447222 -1.151085 -0.015778 0.346329 -0.937980 0.012405 0.178223 1 0 1.0
0 -21.172814 1.208892 -1.301263 -0.015778 0.346329 -0.937980 0.012405 0.178223 1 0 1.0
0 -24.827488 0.867433 -1.365862 -0.015778 0.346329 -0.937980 0.012405 0.178223 1 0 1.0
Default
0 16.697821 4.070502 3.044705 0.155456 0.480865 0.862903 0.012405 0.178223 1 0 1.0
0 17.110403 2.426304 3.886630 0.155456 0.480865 0.862903 0.012405 0.178223 1 0 1.0
0 19.078109 3.746592 2.796391 0.155456 0.480865 0.862903 0.012405 0.178223 1 0 1.0
Default
0 -17.382810 1.154075 -1.628893 -0.216837 0.183736 -0.958761 0.012405 0.178223 1 0 1.0
0 -16.815786 1.908787 -1.612500 -0.216837 0.183736 -0.958761 0.012405 0.178223 1 0 1.0
0 -15.757276 0.810670 -2.062340 -0.216837 0.183736 -0.958761 0.012405 0.178223 1 0 1.0
Default
0 -13.563490 2.023987 -1.170489 0.205053 0.347172 -0.915109 0.012405 0.178223 1 0 1.0
0 -13.568451 0.699077 -1.674243 0.205053 0.347172 -0.915109 0.012405 0.178223 1 0 1.0
0 -15.818189 1.944369 -1.705917 0.205053 0.347172 -0.915109 0.012405 0.178223 1 0 1.0
Default
0 -13.563490 2.023987 -1.170489 -0.099441 0.353959 -0.929959 0.012405 0.178223 1 0 1.0
0 -10.306805 1.757111 -1.620306 -0.099441 0.353959 -0.929959 0.012405 0.178223 1 0 1.0
0 -13.568451 0.699077 -1.674243 -0.099441 0.353959 -0.929959 0.012405 0.178223 1 0 1.0
Default
0 -6.576553 1.791520 -2.161835 -0.138022 0.343625 -0.928909 0.012405 0.178223 1 0 1.0
0 -6.968439 0.818298 -2.463624 -0.138022 0.343625 -0.928909 0.012405 0.178223 1 0 1.0
0 -10.306805 1.757111 -1.620306 -0.099441 0.353959 -0.929959 0.012405 0.178223 1 0 1.0
Default
0 11.870655 4.382682 3.177429 -0.070269 0.410814 0.909007 0.012405 0.178223 1 0 1.0
0 9.325470 4.162344 3.080256 -0.070269 0.410814 0.909007 0.012405 0.178223 1 0 1.0
0 11.866841 2.654372 3.958223 -0.070269 0.410814 0.909007 0.012405 0.178223 1 0 1.0
Default
0 7.232977 3.965275 3.040319 -0.126898 0.444071 0.886960 0.012405 0.178223 1 0 1.0
0 3.877792 3.663214 2.711522 -0.126898 0.444071 0.886960 0.012405 0.178223 1 0 1.0
0 6.394396 2.529358 3.639258 -0.126898 0.444071 0.886960 0.012405 0.178223 1 0 1.0
Default
0 0.044504 3.857729 -2.704349 -0.155546 0.350042 -0.923729 0.012405 0.178223 1 0 1.0
0 -0.777374 1.661658 -3.398143 -0.155546 0.350042 -0.923729 0.012405 0.178223 1 0 1.0
0 -2.503864 3.529932 -2.399447 -0.155546 0.350042 -0.923729 0.012405 0.178223 1 0 1.0
Default
0 0.818488 3.337671 2.294879 -0.034665 0.390753 0.919842 0.012405 0.178223 1 0 1.0
0 -1.407314 2.976708 2.364337 -0.034665 0.390753 0.919842 0.012405 0.178223 1 0 1.0
0 1.105029 1.949870 2.895221 -0.034665 0.390753 0.919842 0.012405 0.178223 1 0 1.0
Default
0 2.874461 3.527007 -3.716910 -0.293678 0.282735 -0.913134 0.012405 0.178223 1 0 1.0
0 2.419036 1.700479 -4.135988 -0.293678 0.282735 -0.913134 0.012405 0.178223 1 0 1.0
0 0.044504 3.857729 -2.704349 -0.293678 0.282735 -0.913134 0.012405 0.178223 1 0 1.0
Default
0 -1.407314 2.976708 2.364337 -0.154141 0.280455 0.947410 0.012405 0.178223 1 0 1.0
0 -3.799203 2.090049 2.237656 -0.154141 0.280455 0.947410 0.012405 0.178223 1 0 1.0
0 -1.619621 1.612576 2.733610 -0.154141 0.280455 0.947410 0.012405 0.178223 1 0 1.0
Default
0 5.556385 3.988529 -4.379968 -0.275388 0.278305 -0.920167 0.012405 0.178223 1 0 1.0
0 4.842228 1.740485 -4.846158 -0.275388 0.278305 -0.920167 0.012405 0.178223 1 0 1.0
0 2.874461 3.527007 -3.716910 -0.275388 0.278305 -0.920167 0.012405 0.178223 1 0 1.0
Default
0 8.548043 4.145625 -4.419793 -0.027405 0.278510 -0.960042 0.012405 0.178223 1 0 1.0
0 9.184960 1.781260 -5.123882 -0.027405 0.278510 -0.960042 0.012405 0.178223 1 0 1.0
0 5.556385 3.988529 -4.379968 -0.027405 0.278510 -0.960042 0.012405 0.178223 1 0 1.0
Default
0 -5.910700 1.966917 2.266555 -0.296141 0.420168 0.857764 0.012405 0.178223 1 0 1.0
0 -7.583287 1.715782 1.812114 -0.296141 0.420168 0.857764 0.012405 0.178223 1 0 1.0
0 -6.030960 1.159273 2.620653 -0.296141 0.420168 0.857764 0.012405 0.178223 1 0 1.0
Default
0 21.306571 3.937978 -1.193319 0.356153 0.846099 -0.396575 0.011627 0.175903 1 0 1.0
0 22.317772 3.695877 -0.801714 0.356153 0.846099 -0.396575 0.011627 0.175903 1 0 1.0
0 21.255735 3.545824 -2.075641 0.356153 0.846099 -0.396575 0.011627 0.175903 1 0 1.0
Default
0 20.912845 4.023483 0.694939 0.309949 0.869249 0.385145 0.012405 0.178223 1 0 1.0
0 19.960991 4.353805 0.715433 0.309949 0.869249 0.385145 0.012405 0.178223 1 0 1.0
0 19.078109 3.746592 2.796391 0.309949 0.869249 0.385145 0.012405 0.178223 1 0 1.0
Default
0 18.256132 5.179976 0.596516 0.376184 0.834290 0.403045 0.012405 0.178223 1 0 1.0
0 19.078109 3.746592 2.796391 0.376184 0.834290 0.403045 0.012405 0.178223 1 0 1.0
0 19.107306 4.767498 0.655887 0.376184 0.834290 0.403045 0.012405 0.178223 1 0 1.0
Default
0 22.390050 3.568713 -0.076940 -0.435133 0.784246 0.442286 0.011627 0.175903 1 0 1.0
0 22.587362 2.925061 1.258479 -0.435133 0.784246 0.442286 0.011627 0.175903 1 0 1.0
0 22.773778 4.027670 -0.513221 -0.435133 0.784246 0.442286 0.011627 0.175903 1 0 1.0
Default
0 24.623345 3.629689 -1.484272 -0.010223 0.987941 -0.154492 0.011627 0.175903 1 0 1.0
0 24.715969 3.384412 -3.058891 -0.010223 0.987941 -0.154492 0.011627 0.175903 1 0 1.0
0 22.778901 3.475253 -2.349808 -0.010223 0.987941 -0.154492 0.011627 0.175903 1 0 1.0
Default
0 17.007659 5.287458 -1.026498 0.319406 0.947567 0.009768 0.011627 0.175903 1 0 1.0
0 19.130711 4.575232 -1.357601 0.319406 0.947567 0.009768 0.011627 0.175903 1 0 1.0
0 18.213913 4.903093 -3.183783 0.289853 0.957034 -0.008443 0.012032 0.177124 1 0 1.0
Default
0 15.967271 5.589339 -2.524666 0.289853 0.957034 -0.008443 0.012405 0.178223 1 0 1.0
0 17.007659 5.287458 -1.026498 0.289853 0.957034 -0.008443 0.012405 0.178223 1 0 1.0
0 18.213913 4.903093 -3.183783 0.289853 0.957034 -0.008443 0.012032 0.177124 1 0 1.0
Default
0 15.967271 5.589339 -2.524666 0.289853 0.957034 -0.008443 0.012405 0.178223 1 0 1.0
0 15.675959 5.674710 -0.110951 0.279048 0.960277 -0.000286 0.012405 0.178223 1 0 1.0
0 17.007659 5.287458 -1.026498 0.289853 0.957034 -0.008443 0.012405 0.178223 1 0 1.0
Default
0 20.912845 4.023483 0.694939 0.329339 0.941167 0.075770 0.011627 0.175903 1 0 1.0
0 22.390050 3.568713 -0.076940 0.329339 0.941167 0.075770 0.011627 0.175903 1 0 1.0
0 21.301568 3.969901 -0.329111 0.329339 0.941167 0.075770 0.011627 0.175903 1 0 1.0
Default
0 22.587362 2.925061 1.258479 0.433873 0.835024 0.338363 0.011627 0.175903 1 0 1.0
0 22.390050 3.568713 -0.076940 0.433873 0.835024 0.338363 0.011627 0.175903 1 0 1.0
0 20.912845 4.023483 0.694939 0.433873 0.835024 0.338363 0.011627 0.175903 1 0 1.0
Default
0 6.394396 2.529358 3.639258 -0.053253 0.213669 0.975453 0.012405 0.178223 1 0 1.0
0 7.353523 0.703578 4.091549 -0.053253 0.213669 0.975453 0.012405 0.178223 1 0 1.0
0 8.779933 2.635264 3.746292 -0.053253 0.213669 0.975453 0.012405 0.178223 1 0 1.0
Default
0 8.779933 2.635264 3.746292 -0.067075 0.307138 0.949298 0.012405 0.178223 1 0 1.0
0 9.095901 1.230495 4.223119 -0.067075 0.307138 0.949298 0.012405 0.178223 1 0 1.0
0 11.866841 2.654372 3.958223 -0.067075 0.307138 0.949298 0.012405 0.178223 1 0 1.0
Default
0 10.012830 0.314124 5.263536 0.248206 0.554523 0.794291 0.012405 0.201416 1 0 1.0
0 9.777143 -0.000000 5.556485 0.248206 0.554523 0.794291 0.012405 0.201416 1 0 1.0
0 11.995867 0.699490 4.374827 0.248206 0.554523 0.794291 0.012405 0.201416 1 0 1.0
Default
0 -2.473686 0.000000 -5.903494 0.078245 0.925056 -0.371684 0.012405 0.201416 1 0 1.0
0 -0.060861 0.744029 -3.543803 0.078245 0.925056 -0.371684 0.012405 0.201416 1 0 1.0
0 0.605504 0.000000 -5.255282 0.078245 0.925056 -0.371684 0.012405 0.201416 1 0 1.0
Default
0 -35.093708 0.000000 -0.895711 -0.151591 0.866975 -0.474736 0.012405 0.201416 1 0 1.0
0 -37.626781 0.000000 -0.086862 -0.151591 0.866975 -0.474736 0.012405 0.201416 1 0 1.0
0 -36.107986 0.585688 0.497761 -0.151591 0.866975 -0.474736 0.012405 0.201416 1 0 1.0
Default
0 30.096905 0.382957 -6.096918 0.055159 -0.104781 -0.992964 0.010849 0.204468 1 0 1.0
0 28.870304 0.696975 -6.198192 0.055159 -0.104781 -0.992964 0.010849 0.204468 1 0 1.0
0 30.354200 0.750211 -6.121380 0.055159 -0.104781 -0.992964 0.010849 0.204468 1 0 1.0
Default
0 28.896187 0.000000 -6.255220 -0.210098 0.071978 -0.975027 0.010849 0.204468 1 0 1.0
0 25.553422 0.000000 -5.534921 -0.210098 0.071978 -0.975027 0.010849 0.204468 1 0 1.0
0 28.870304 0.696975 -6.198192 -0.210098 0.071978 -0.975027 0.010849 0.204468 1 0 1.0
Default
0 28.860696 1.723294 -5.274176 0.593227 -0.227016 0.772363 0.017059 0.794922 1 0 1.0
0 28.104721 2.250162 -4.538675 0.593227 -0.227016 0.772363 0.017059 0.794922 1 0 1.0
0 28.717242 0.000000 -5.670517 0.593227 -0.227016 0.772363 0.017059 0.794922 1 0 1.0
Default
0 28.870304 0.696975 -6.198192 -0.207408 0.251285 -0.945430 0.010849 0.204468 1 0 1.0
0 25.582544 0.981950 -5.401180 -0.207408 0.251285 -0.945430 0.010849 0.204468 1 0 1.0
0 28.780206 1.369483 -5.999680 -0.207408 0.251285 -0.945430 0.010849 0.204468 1 0 1.0
Default
0 30.712683 0.000000 -6.204411 0.026586 0.309551 -0.950511 0.010849 0.204468 1 0 1.0
0 28.896187 0.000000 -6.255220 0.026586 0.309551 -0.950511 0.010849 0.204468 1 0 1.0
0 30.096905 0.382957 -6.096918 0.026586 0.309551 -0.950511 0.010849 0.204468 1 0 1.0
Default
0 31.374915 0.000000 -5.702865 -0.236520 -0.101052 0.966357 0.017059 0.794922 1 0 1.0
0 31.217961 0.441027 -5.695161 -0.236520 -0.101052 0.966357 0.017059 0.794922 1 0 1.0
0 30.578513 0.000000 -5.897786 -0.236520 -0.101052 0.966357 0.017059 0.794922 1 0 1.0
Default
0 31.459625 0.238829 -6.157993 -0.054579 -0.094827 -0.993997 0.010849 0.204468 1 0 1.0
0 30.096905 0.382957 -6.096918 -0.054579 -0.094827 -0.993997 0.010849 0.204468 1 0 1.0
0 30.997448 0.500274 -6.157557 -0.054579 -0.094827 -0.993997 0.010849 0.204468 1 0 1.0
Default
0 31.453381 0.000000 -6.167950 0.049125 0.040324 -0.997978 0.010849 0.204468 1 0 1.0
0 30.712683 0.000000 -6.204411 0.049125 0.040324 -0.997978 0.010849 0.204468 1 0 1.0
0 31.459625 0.238829 -6.157993 0.049125 0.040324 -0.997978 0.010849 0.204468 1 0 1.0
Default
0 -13.893510 0.000000 -2.633631 -0.396750 0.800634 -0.448971 0.012405 0.201416 1 0 1.0
0 -13.568451 0.699077 -1.674243 -0.396750 0.800634 -0.448971 0.012405 0.201416 1 0 1.0
0 -12.023714 0.000000 -4.285948 -0.396750 0.800634 -0.448971 0.012405 0.201416 1 0 1.0
Default
0 28.176691 2.172000 -4.048902 0.868138 -0.444680 0.220447 0.017059 0.794922 1 0 1.0
0 26.804481 0.000000 -3.026201 0.868138 -0.444680 0.220447 0.017059 0.794922 1 0 1.0
0 28.214557 2.155522 -4.231263 0.868138 -0.444680 0.220447 0.017059 0.794922 1 0 1.0
Default
0 30.659832 1.345334 -2.227865 -0.042276 -0.154884 -0.987028 0.012405 0.178223 1 0 1.0
0 30.264287 1.778318 -2.278865 -0.042276 -0.154884 -0.987028 0.012405 0.178223 1 0 1.0
0 30.925690 1.607194 -2.280342 -0.042276 -0.154884 -0.987028 0.012405 0.178223 1 0 1.0
Default
0 28.397138 2.382883 -2.224694 0.852533 -0.516908 -0.077421 0.010849 0.201416 1 0 1.0
0 28.255804 2.433066 -4.116078 0.852533 -0.516908 -0.077421 0.010849 0.201416 1 0 1.0
0 28.616543 2.768996 -2.386633 0.852533 -0.516908 -0.077421 0.010849 0.201416 1 0 1.0
Default
0 28.176691 2.172000 -4.048902 0.948196 -0.231283 0.217792 0.010849 0.204468 1 0 1.0
0 28.214557 2.155522 -4.231263 0.948196 -0.231283 0.217792 0.010849 0.204468 1 0 1.0
0 28.255804 2.433066 -4.116078 0.948196 -0.231283 0.217792 0.010849 0.204468 1 0 1.0
Default
0 29.816602 1.619566 -4.089133 -0.171652 -0.445565 -0.878640 0.017059 0.794922 1 0 1.0
0 29.466914 0.000000 -3.199522 -0.171652 -0.445565 -0.878640 0.017059 0.794922 1 0 1.0
0 28.176691 2.172000 -4.048902 -0.171652 -0.445565 -0.878640 0.017059 0.794922 1 0 1.0
Default
0 32.595937 0.453387 -4.304459 -0.137755 -0.147466 -0.979427 0.017059 0.794922 1 0 1.0
0 32.594945 0.000000 -4.236056 -0.137755 -0.147466 -0.979427 0.017059 0.794922 1 0 1.0
0 29.816602 1.619566 -4.089133 -0.137755 -0.147466 -0.979427 0.017059 0.794922 1 0 1.0
Default
0 32.595937 0.453387 -4.304459 -0.220980 -0.145025 -0.964435 0.011826 0.483887 1 0 1.0
0 33.004452 0.271274 -4.370677 -0.220980 -0.145025 -0.964435 0.011826 0.483887 1 0 1.0
0 32.594945 0.000000 -4.236056 -0.220980 -0.145025 -0.964435 0.011826 0.483887 1 0 1.0
Default
0 28.255804 2.433066 -4.116078 -0.113874 -0.215070 -0.969937 0.011826 0.483887 1 0 1.0
0 29.914142 1.967740 -4.207594 -0.113874 -0.215070 -0.969937 0.011826 0.483887 1 0 1.0
0 28.176691 2.172000 -4.048902 -0.113874 -0.215070 -0.969937 0.011826 0.483887 1 0 1.0
Default
0 31.787096 1.242839 -4.161656 0.109765 0.284723 -0.952305 0.011826 0.483887 1 0 1.0
0 32.656135 0.705484 -4.222148 0.109765 0.284723 -0.952305 0.011826 0.483887 1 0 1.0
0 32.595937 0.453387 -4.304459 0.109765 0.284723 -0.952305 0.011826 0.483887 1 0 1.0
Default
0 30.659832 1.345334 -2.227865 0.779981 0.167764 0.602897 0.011826 0.483887 1 0 1.0
0 31.281562 1.103911 -2.965027 0.779981 0.167764 0.602897 0.011826 0.483887 1 0 1.0
0 31.561734 1.145849 -3.339162 0.779981 0.167764 0.602897 0.011826 0.483887 1 0 1.0
Default
0 30.659832 1.345334 -2.227865 0.776366 0.288846 0.560200 0.011826 0.483887 1 0 1.0
0 30.903344 0.881322 -2.326098 0.776366 0.288846 0.560200 0.011826 0.483887 1 0 1.0
0 31.281562 1.103911 -2.965027 0.776366 0.288846 0.560200 0.011826 0.483887 1 0 1.0
Default
0 30.903344 0.881322 -2.326098 0.773057 -0.042215 0.632931 0.011826 0.483887 1 0 1.0
0 30.864842 0.000000 -2.337851 0.773057 -0.042215 0.632931 0.011826 0.483887 1 0 1.0
0 31.359051 0.608665 -2.900880 0.773057 -0.042215 0.632931 0.011826 0.483887 1 0 1.0
Default
0 32.976587 0.309591 -3.909741 0.496304 -0.063573 0.865818 0.011826 0.483887 1 0 1.0
0 32.547067 0.352163 -3.660406 0.496304 -0.063573 0.865818 0.011826 0.483887 1 0 1.0
0 32.976587 0.000000 -3.932473 0.496304 -0.063573 0.865818 0.011826 0.483887 1 0 1.0
Default
0 31.561734 1.145849 -3.339162 0.403030 0.889497 0.215320 0.011826 0.483887 1 0 1.0
0 32.539354 0.833586 -3.879074 0.403030 0.889497 0.215320 0.011826 0.483887 1 0 1.0
0 31.787096 1.242839 -4.161656 0.403030 0.889497 0.215320 0.011826 0.483887 1 0 1.0
Default
0 31.281562 1.103911 -2.965027 0.603660 0.194597 0.773128 0.011826 0.483887 1 0 1.0
0 31.359051 0.608665 -2.900880 0.603660 0.194597 0.773128 0.011826 0.483887 1 0 1.0
0 32.539354 0.833586 -3.879074 0.603660 0.194597 0.773128 0.011826 0.483887 1 0 1.0
Default
0 31.359051 0.608665 -2.900880 0.549295 0.081561 0.831638 0.011826 0.483887 1 0 1.0
0 31.411381 0.000000 -2.875750 0.549295 0.081561 0.831638 0.011826 0.483887 1 0 1.0
0 32.547067 0.352163 -3.660406 0.549295 0.081561 0.831638 0.011826 0.483887 1 0 1.0
Default
0 12.185771 10.625706 -5.154622 0.314261 0.854497 0.413613 0.013237 0.179077 1 0 1.0
0 14.330250 8.908985 -3.237359 0.314261 0.854497 0.413613 0.013237 0.179077 1 0 1.0
0 15.020233 9.396061 -4.767867 0.314261 0.854497 0.413613 0.013237 0.179077 1 0 1.0
Default
0 17.457691 4.998482 -2.246468 -0.364462 -0.869143 0.334302 0.013237 0.179077 1 0 1.0
0 14.923437 6.221643 -1.829295 -0.364462 -0.869143 0.334302 0.013237 0.179077 1 0 1.0
0 17.428777 4.378411 -3.890094 -0.364462 -0.869143 0.334302 0.013237 0.179077 1 0 1.0
Default
0 16.432351 7.205204 -3.901021 0.941534 0.332103 0.056762 0.013237 0.179077 1 0 1.0
0 16.644044 6.358647 -2.459425 0.941534 0.332103 0.056762 0.013237 0.179077 1 0 1.0
0 17.428777 4.378411 -3.890094 0.941534 0.332103 0.056762 0.013237 0.179077 1 0 1.0
Default
0 12.185771 10.625706 -5.154622 -0.092093 0.688432 0.719430 0.013237 0.179077 1 0 1.0
0 11.588088 8.183445 -2.894101 -0.092093 0.688432 0.719430 0.013237 0.179077 1 0 1.0
0 14.330250 8.908985 -3.237359 -0.092093 0.688432 0.719430 0.013237 0.179077 1 0 1.0
Default
0 14.330250 8.908985 -3.237359 0.520020 0.335644 0.785444 0.013237 0.179077 1 0 1.0
0 13.493489 8.297101 -2.421886 0.520020 0.335644 0.785444 0.013237 0.179077 1 0 1.0
0 16.432351 7.205204 -3.901021 0.520020 0.335644 0.785444 0.013237 0.179077 1 0 1.0
Default
0 11.588088 8.183445 -2.894101 -0.245157 0.106235 0.963645 0.013237 0.179077 1 0 1.0
0 14.923437 6.221643 -1.829295 -0.245157 0.106235 0.963645 0.013237 0.179077 1 0 1.0
0 13.493489 8.297101 -2.421886 -0.245157 0.106235 0.963645 0.013237 0.179077 1 0 1.0
Default
0 24.623345 3.629689 -1.484272 0.205087 0.976599 -0.064758 0.011627 0.175903 1 0 1.0
0 22.921805 4.021149 -0.969502 0.205087 0.976599 -0.064758 0.011627 0.175903 1 0 1.0
0 24.415267 3.800324 0.430054 0.205087 0.976599 -0.064758 0.011627 0.175903 1 0 1.0
Default
0 22.264045 3.988150 -0.794463 -0.982521 -0.181632 0.040775 0.010849 0.419922 1 0 1.0
0 22.317772 3.695877 -0.801714 -0.982521 -0.181632 0.040775 0.010849 0.419922 1 0 1.0
0 22.310732 3.840690 -0.326306 -0.982521 -0.181632 0.040775 0.010849 0.419922 1 0 1.0
Default
0 20.978159 3.967122 -2.178421 0.840224 0.506102 -0.194640 0.011627 0.175903 1 0 1.0
0 20.962992 4.232653 -1.553456 0.840224 0.506102 -0.194640 0.011627 0.175903 1 0 1.0
0 21.255735 3.545824 -2.075641 0.840224 0.506102 -0.194640 0.011627 0.175903 1 0 1.0
Default
0 20.913205 4.163056 0.497954 0.514459 0.856508 0.041544 0.011627 0.175903 1 0 1.0
0 21.301568 3.969901 -0.329111 0.514459 0.856508 0.041544 0.011627 0.175903 1 0 1.0
0 20.962992 4.232653 -1.553456 0.514459 0.856508 0.041544 0.011627 0.175903 1 0 1.0
Default
0 20.791876 2.983945 -3.777309 0.292543 0.817913 -0.495415 0.011627 0.175903 1 0 1.0
0 20.996983 3.519539 -2.771943 0.292543 0.817913 -0.495415 0.011627 0.175903 1 0 1.0
0 22.151308 3.165740 -2.674426 0.292543 0.817913 -0.495415 0.011627 0.175903 1 0 1.0
Default
0 20.996983 3.519539 -2.771943 0.385522 0.884965 -0.261170 0.011627 0.175903 1 0 1.0
0 19.996926 4.110442 -2.245902 0.385522 0.884965 -0.261170 0.011627 0.175903 1 0 1.0
0 20.977800 3.761188 -1.981436 0.385522 0.884965 -0.261170 0.011627 0.175903 1 0 1.0
Default
0 20.996983 3.519539 -2.771943 0.456287 0.881350 -0.122575 0.011627 0.175903 1 0 1.0
0 18.213913 4.903093 -3.183783 0.456287 0.881350 -0.122575 0.012032 0.177124 1 0 1.0
0 19.996926 4.110442 -2.245902 0.456287 0.881350 -0.122575 0.011627 0.175903 1 0 1.0
Default
0 19.112322 4.707320 -2.159683 0.514005 0.804697 -0.297088 0.011627 0.175903 1 0 1.0
0 19.996926 4.110442 -2.245902 0.514005 0.804697 -0.297088 0.011627 0.175903 1 0 1.0
0 18.213913 4.903093 -3.183783 0.514005 0.804697 -0.297088 0.012032 0.177124 1 0 1.0
Default
0 19.526890 4.505396 -1.715514 0.545432 0.827556 -0.132870 0.011627 0.175903 1 0 1.0
0 19.996926 4.110442 -2.245902 0.545432 0.827556 -0.132870 0.011627 0.175903 1 0 1.0
0 19.112322 4.707320 -2.159683 0.545432 0.827556 -0.132870 0.011627 0.175903 1 0 1.0
Default
0 19.995499 4.588918 -1.402824 -0.930274 0.247851 -0.270482 0.009300 0.421631 1 0 1.0
0 20.049487 4.396608 -1.764726 -0.930274 0.247851 -0.270482 0.009888 0.422119 1 0 1.0
0 19.942938 4.302752 -1.484272 -0.930274 0.247851 -0.270482 0.009300 0.421631 1 0 1.0
Default
0 19.145960 5.014740 0.315162 0.800179 0.596355 0.063829 0.011627 0.175903 1 0 1.0
0 19.517153 4.550297 0.001053 0.800179 0.596355 0.063829 0.011627 0.175903 1 0 1.0
0 19.159041 5.079773 -0.456448 0.800179 0.596355 0.063829 0.011627 0.175903 1 0 1.0
Default
0 31.285845 0.424424 -5.732619 0.110987 0.871153 0.478303 0.984375 0.979980 1 0 1.0
0 31.394301 0.358920 -5.638480 0.110987 0.871153 0.478303 0.984375 0.979980 1 0 1.0
0 31.630020 0.380576 -5.732619 0.110987 0.871153 0.478303 0.984375 0.979980 1 0 1.0
Default
0 31.464075 0.083895 -5.757529 0.721911 -0.448058 0.527341 0.984375 0.979980 1 0 1.0
0 31.630020 0.380576 -5.732619 0.721911 -0.448058 0.527341 0.984375 0.979980 1 0 1.0
0 31.470655 0.223213 -5.648161 0.721911 -0.448058 0.527341 0.984375 0.979980 1 0 1.0
Default
0 31.464075 0.083895 -5.757529 -0.710434 -0.413498 0.569476 0.984375 0.979980 1 0 1.0
0 31.470655 0.223213 -5.648161 -0.710434 -0.413498 0.569476 0.984375 0.979980 1 0 1.0
0 31.285845 0.424424 -5.732619 -0.710434 -0.413498 0.569476 0.984375 0.979980 1 0 1.0
Default
0 30.859892 0.682578 -5.732619 -0.204235 0.934808 0.290555 0.984375 0.979980 1 0 1.0
0 30.984490 0.680539 -5.638480 -0.204235 0.934808 0.290555 0.984375 0.979980 1 0 1.0
0 31.151767 0.746347 -5.732619 -0.204235 0.934808 0.290555 0.984375 0.979980 1 0 1.0
Default
0 31.189705 0.485223 -5.757529 0.880651 0.083469 0.466355 0.984375 0.979980 1 0 1.0
0 31.151767 0.746347 -5.732619 0.880651 0.083469 0.466355 0.984375 0.979980 1 0 1.0
0 31.120469 0.604671 -5.648161 0.880651 0.083469 0.466355 0.984375 0.979980 1 0 1.0
Default
0 31.189705 0.485223 -5.757529 -0.397819 -0.734266 0.550085 0.984375 0.979980 1 0 1.0
0 31.120469 0.604671 -5.648161 -0.397819 -0.734266 0.550085 0.984375 0.979980 1 0 1.0
0 30.859892 0.682578 -5.732619 -0.397819 -0.734266 0.550085 0.984375 0.979980 1 0 1.0
Default
0 30.458815 0.970136 -5.676999 -0.054558 0.992913 0.105584 0.984375 0.979980 1 0 1.0
0 30.588906 0.968097 -5.590606 -0.054558 0.992913 0.105584 0.984375 0.979980 1 0 1.0
0 30.684997 0.985420 -5.703858 -0.054558 0.992913 0.105584 0.984375 0.979980 1 0 1.0
Default
0 30.786507 0.772781 -5.721907 0.902978 0.427043 0.047590 0.984375 0.979980 1 0 1.0
0 30.684997 0.985420 -5.703858 0.902978 0.427043 0.047590 0.984375 0.979980 1 0 1.0
0 30.724044 0.892229 -5.608534 0.902978 0.427043 0.047590 0.984375 0.979980 1 0 1.0
Default
0 30.786507 0.772781 -5.721907 -0.363650 -0.734271 0.573241 0.984375 0.979980 1 0 1.0
0 30.724044 0.892229 -5.608534 -0.363650 -0.734271 0.573241 0.984375 0.979980 1 0 1.0
0 30.458815 0.970136 -5.676999 -0.363650 -0.734271 0.573241 0.984375 0.979980 1 0 1.0
Default
0 30.051057 1.119627 -5.572406 -0.268829 0.918850 0.288871 0.984375 0.979980 1 0 1.0
0 30.151947 1.123941 -5.492238 -0.268829 0.918850 0.288871 0.984375 0.979980 1 0 1.0
0 30.267693 1.198838 -5.622753 -0.268829 0.918850 0.288871 0.984375 0.979980 1 0 1.0
Default
0 30.311896 0.959359 -5.636502 0.979383 0.174973 0.100965 0.984375 0.979980 1 0 1.0
0 30.267693 1.198838 -5.622753 0.979383 0.174973 0.100965 0.984375 0.979980 1 0 1.0
0 30.284469 1.048073 -5.524198 0.972378 0.207771 0.106357 0.984375 0.979980 1 0 1.0
Default
0 30.263548 1.139200 -5.510887 0.972378 0.207771 0.106357 0.984375 0.979980 1 0 1.0
0 30.262466 1.049601 -5.326017 0.972378 0.207771 0.106357 0.984375 0.979980 1 0 1.0
0 30.284469 1.048073 -5.524198 0.972378 0.207771 0.106357 0.984375 0.979980 1 0 1.0
Default
0 30.267693 1.198838 -5.622753 0.968940 0.201518 0.143339 0.984375 0.979980 1 0 1.0
0 30.263548 1.139200 -5.510887 0.972378 0.207771 0.106357 0.984375 0.979980 1 0 1.0
0 30.284469 1.048073 -5.524198 0.972378 0.207771 0.106357 0.984375 0.979980 1 0 1.0
Default
0 30.311896 0.959359 -5.636502 -0.346705 -0.775369 0.527825 0.984375 0.979980 1 0 1.0
0 30.284469 1.048073 -5.524198 -0.346705 -0.775369 0.527825 0.984375 0.979980 1 0 1.0
0 30.051057 1.119627 -5.572406 -0.346705 -0.775369 0.527825 0.984375 0.979980 1 0 1.0
Default
0 29.609661 1.411682 -5.464211 -0.242037 0.871585 0.426331 0.984375 0.979980 1 0 1.0
0 29.735588 1.410400 -5.390099 -0.242037 0.871585 0.426331 0.984375 0.979980 1 0 1.0
0 29.787622 1.484698 -5.512452 -0.242037 0.871585 0.426331 0.984375 0.979980 1 0 1.0
Default
0 29.879688 1.245447 -5.532787 0.933475 0.358562 0.007654 0.984375 0.979980 1 0 1.0
0 29.787622 1.484698 -5.512452 0.933475 0.358562 0.007654 0.984375 0.979980 1 0 1.0
0 29.837911 1.351709 -5.415617 0.933475 0.358562 0.007654 0.984375 0.979980 1 0 1.0
Default
0 29.879688 1.245447 -5.532787 -0.320195 -0.755759 0.571230 0.984375 0.979980 1 0 1.0
0 29.837911 1.351709 -5.415617 -0.320195 -0.755759 0.571230 0.984375 0.979980 1 0 1.0
0 29.609661 1.411682 -5.464211 -0.320195 -0.755759 0.571230 0.984375 0.979980 1 0 1.0
Default
0 29.239453 1.574996 -5.384232 -0.210963 0.943732 0.254687 0.984375 0.979980 1 0 1.0
0 29.349218 1.578807 -5.307435 -0.210963 0.943732 0.254687 0.984375 0.979980 1 0 1.0
0 29.439895 1.629798 -5.421271 -0.210963 0.943732 0.254687 0.984375 0.979980 1 0 1.0
Default
0 29.482807 1.424816 -5.448478 -0.329046 -0.768158 0.549238 0.984375 0.979980 1 0 1.0
0 29.454158 1.518472 -5.334656 -0.329046 -0.768158 0.549238 0.984375 0.979980 1 0 1.0
0 29.239453 1.574996 -5.384232 -0.329046 -0.768158 0.549238 0.984375 0.979980 1 0 1.0
Default
0 28.877784 1.775302 -5.313534 -0.201520 0.949811 0.239269 0.984375 0.979980 1 0 1.0
0 28.985806 1.780378 -5.242706 -0.201520 0.949811 0.239269 0.984375 0.979980 1 0 1.0
0 29.054995 1.824539 -5.359741 -0.201520 0.949811 0.239269 0.984375 0.979980 1 0 1.0
Default
0 29.091682 1.640373 -5.386908 -0.300366 -0.776992 0.553229 0.984375 0.979980 1 0 1.0
0 29.075949 1.727419 -5.273195 -0.300366 -0.776992 0.553229 0.984375 0.979980 1 0 1.0
0 28.877784 1.775302 -5.313534 -0.300366 -0.776992 0.553229 0.984375 0.979980 1 0 1.0
Default
0 28.625028 1.938383 -5.084998 -0.044121 0.951656 0.303982 0.984375 0.979980 1 0 1.0
0 28.753386 1.939444 -5.069690 -0.044121 0.951656 0.303982 0.984375 0.979980 1 0 1.0
0 28.764589 1.983276 -5.205291 -0.044121 0.951656 0.303982 0.984375 0.979980 1 0 1.0
Default
0 28.779565 1.798549 -5.245953 -0.046848 -0.775903 0.629110 0.984375 0.979980 1 0 1.0
0 28.818826 1.884410 -5.137133 -0.046848 -0.775903 0.629110 0.984375 0.979980 1 0 1.0
0 28.625028 1.938383 -5.084998 -0.046848 -0.775903 0.629110 0.984375 0.979980 1 0 1.0
Default
0 28.381698 2.136647 -4.836245 0.249318 0.921052 0.299171 0.984375 0.979980 1 0 1.0
0 28.502481 2.096568 -4.813510 0.249318 0.921052 0.299171 0.984375 0.979980 1 0 1.0
0 28.534602 2.131658 -4.948312 0.249318 0.921052 0.299171 0.984375 0.979980 1 0 1.0
Default
0 28.491269 1.951181 -4.987700 -0.329199 -0.706283 0.626732 0.984375 0.979980 1 0 1.0
0 28.550191 2.022002 -4.876939 -0.329199 -0.706283 0.626732 0.984375 0.979980 1 0 1.0
0 28.381698 2.136647 -4.836245 -0.329199 -0.706283 0.626732 0.984375 0.979980 1 0 1.0
Default
0 32.729037 0.078306 -4.255795 0.550899 -0.677198 -0.487763 0.984375 0.979980 1 0 1.0
0 32.738893 0.202921 -4.417681 0.550899 -0.677198 -0.487763 0.984375 0.979980 1 0 1.0
0 32.937275 0.290550 -4.315284 0.550899 -0.677198 -0.487763 0.984375 0.979980 1 0 1.0
Default
0 32.654096 0.465057 -4.271207 0.429599 0.801963 -0.415090 0.984375 0.979980 1 0 1.0
0 32.937275 0.290550 -4.315284 0.429599 0.801963 -0.415090 0.984375 0.979980 1 0 1.0
0 32.735880 0.357231 -4.394889 0.429599 0.801963 -0.415090 0.984375 0.979980 1 0 1.0
Default
0 32.654096 0.465057 -4.271207 -0.886789 -0.188646 -0.421921 0.984375 0.979980 1 0 1.0
0 32.735880 0.357231 -4.394889 -0.886789 -0.188646 -0.421921 0.984375 0.979980 1 0 1.0
0 32.729037 0.078306 -4.255795 -0.886789 -0.188646 -0.421921 0.984375 0.979980 1 0 1.0
Default
0 32.595818 0.461882 -4.262322 0.892821 0.222704 -0.391502 0.984375 0.979980 1 0 1.0
0 32.525744 0.582989 -4.353228 0.892821 0.222704 -0.391502 0.984375 0.979980 1 0 1.0
0 32.554276 0.733775 -4.202376 0.892821 0.222704 -0.391502 0.984375 0.979980 1 0 1.0
Default
0 32.253794 0.646176 -4.223872 -0.262401 0.946348 -0.188601 0.984375 0.979980 1 0 1.0
0 32.554276 0.733775 -4.202376 -0.262401 0.946348 -0.188601 0.984375 0.979980 1 0 1.0
0 32.394309 0.663899 -4.330435 -0.262401 0.946348 -0.188601 0.984375 0.979980 1 0 1.0
Default
0 32.253794 0.646176 -4.223872 -0.414963 -0.633958 -0.652613 0.984375 0.979980 1 0 1.0
0 32.394309 0.663899 -4.330435 -0.414963 -0.633958 -0.652613 0.984375 0.979980 1 0 1.0
0 32.595818 0.461882 -4.262322 -0.414963 -0.633958 -0.652613 0.984375 0.979980 1 0 1.0
Default
0 32.222997 0.641941 -4.248101 0.880482 0.143812 -0.451741 0.984375 0.979980 1 0 1.0
0 32.164414 0.768537 -4.321977 0.880482 0.143812 -0.451741 0.984375 0.979980 1 0 1.0
0 32.197981 0.982797 -4.188336 0.880482 0.143812 -0.451741 0.984375 0.979980 1 0 1.0
Default
0 31.892465 0.831723 -4.192622 -0.402972 0.826080 -0.393962 0.984375 0.979980 1 0 1.0
0 32.197981 0.982797 -4.188336 -0.402972 0.826080 -0.393962 0.984375 0.979980 1 0 1.0
0 32.032980 0.849447 -4.299185 -0.402972 0.826080 -0.393962 0.984375 0.979980 1 0 1.0
Default
0 31.892465 0.831723 -4.192622 -0.446109 -0.576943 -0.684196 0.984375 0.979980 1 0 1.0
0 32.032980 0.849447 -4.299185 -0.446109 -0.576943 -0.684196 0.984375 0.979980 1 0 1.0
0 32.222997 0.641941 -4.248101 -0.446109 -0.576943 -0.684196 0.984375 0.979980 1 0 1.0
Default
0 31.798892 0.869419 -4.189507 0.861489 0.231876 -0.451742 0.984375 0.979980 1 0 1.0
0 31.727840 0.989462 -4.263384 0.861489 0.231876 -0.451742 0.984375 0.979980 1 0 1.0
0 31.739627 1.206015 -4.129742 0.861489 0.231876 -0.451742 0.984375 0.979980 1 0 1.0
Default
0 31.450905 1.024901 -4.134028 -0.484215 0.781238 -0.393956 0.984375 0.979980 1 0 1.0
0 31.739627 1.206015 -4.129742 -0.484215 0.781238 -0.393956 0.984375 0.979980 1 0 1.0
0 31.588916 1.056705 -4.240591 -0.484215 0.781238 -0.393956 0.984375 0.979980 1 0 1.0
Default
0 31.450905 1.024901 -4.134028 -0.385646 -0.618997 -0.684193 0.984375 0.979980 1 0 1.0
0 31.588916 1.056705 -4.240591 -0.385646 -0.618997 -0.684193 0.984375 0.979980 1 0 1.0
0 31.798892 0.869419 -4.189507 -0.385646 -0.618997 -0.684193 0.984375 0.979980 1 0 1.0
Default
0 31.287016 1.088795 -4.173882 0.861481 0.231907 -0.451741 0.984375 0.979980 1 0 1.0
0 31.215964 1.208838 -4.247758 0.861481 0.231907 -0.451741 0.984375 0.979980 1 0 1.0
0 31.227751 1.425391 -4.114117 0.861481 0.231907 -0.451741 0.984375 0.979980 1 0 1.0
Default
0 30.939029 1.244277 -4.118403 -0.484220 0.781234 -0.393960 0.984375 0.979980 1 0 1.0
0 31.227751 1.425391 -4.114117 -0.484220 0.781234 -0.393960 0.984375 0.979980 1 0 1.0
0 31.077041 1.276080 -4.224966 -0.484220 0.781234 -0.393960 0.984375 0.979980 1 0 1.0
Default
0 30.939029 1.244277 -4.118403 -0.385648 -0.618990 -0.684198 0.984375 0.979980 1 0 1.0
0 31.077041 1.276080 -4.224966 -0.385648 -0.618990 -0.684198 0.984375 0.979980 1 0 1.0
0 31.287016 1.088795 -4.173882 -0.385648 -0.618990 -0.684198 0.984375 0.979980 1 0 1.0
Default
0 30.735762 1.308171 -4.166069 0.861480 0.231908 -0.451742 0.984375 0.979980 1 0 1.0
0 30.664711 1.428213 -4.239945 0.861480 0.231908 -0.451742 0.984375 0.979980 1 0 1.0
0 30.676498 1.644766 -4.106304 0.861480 0.231908 -0.451742 0.984375 0.979980 1 0 1.0
Default
0 30.387776 1.463653 -4.110590 -0.484217 0.781237 -0.393959 0.984375 0.979980 1 0 1.0
0 30.676498 1.644766 -4.106304 -0.484217 0.781237 -0.393959 0.984375 0.979980 1 0 1.0
0 30.525787 1.495456 -4.217153 -0.484217 0.781237 -0.393959 0.984375 0.979980 1 0 1.0
Default
0 30.387776 1.463653 -4.110590 -0.385651 -0.618990 -0.684197 0.984375 0.979980 1 0 1.0
0 30.525787 1.495456 -4.217153 -0.385651 -0.618990 -0.684197 0.984375 0.979980 1 0 1.0
0 30.735762 1.308171 -4.166069 -0.385651 -0.618990 -0.684197 0.984375 0.979980 1 0 1.0
Default
0 30.228110 1.523500 -4.193413 0.837070 0.308628 -0.451732 0.984375 0.979980 1 0 1.0
0 30.146526 1.636647 -4.267289 0.837070 0.308628 -0.451732 0.984375 0.979980 1 0 1.0
0 30.138738 1.853381 -4.133648 0.837070 0.308628 -0.451732 0.984375 0.979980 1 0 1.0
Default
0 29.867522 1.646974 -4.137934 -0.552688 0.734390 -0.393962 0.984375 0.979980 1 0 1.0
0 30.138738 1.853381 -4.133648 -0.552688 0.734390 -0.393962 0.984375 0.979980 1 0 1.0
0 30.002104 1.691091 -4.244497 -0.552688 0.734390 -0.393962 0.984375 0.979980 1 0 1.0
Default
0 29.867522 1.646974 -4.137934 -0.328268 -0.651243 -0.684195 0.984375 0.979980 1 0 1.0
0 30.002104 1.691091 -4.244497 -0.328268 -0.651243 -0.684195 0.984375 0.979980 1 0 1.0
0 30.228110 1.523500 -4.193413 -0.328268 -0.651243 -0.684195 0.984375 0.979980 1 0 1.0
Default
0 29.422845 1.786678 -4.146538 0.827728 0.332865 -0.451738 0.984375 0.979980 1 0 1.0
0 29.338001 1.897403 -4.220415 0.827728 0.332865 -0.451738 0.984375 0.979980 1 0 1.0
0 29.323910 2.113819 -4.086773 0.827728 0.332865 -0.451738 0.984375 0.979980 1 0 1.0
Default
0 29.058816 1.899605 -4.091059 -0.573821 0.718006 -0.393951 0.984375 0.979980 1 0 1.0
0 29.323910 2.113819 -4.086773 -0.573821 0.718006 -0.393951 0.984375 0.979980 1 0 1.0
0 29.192056 1.947621 -4.197622 -0.573821 0.718006 -0.393951 0.984375 0.979980 1 0 1.0
Default
0 29.058816 1.899605 -4.091059 -0.309176 -0.660528 -0.684188 0.984375 0.979980 1 0 1.0
0 29.192056 1.947621 -4.197622 -0.309176 -0.660528 -0.684188 0.984375 0.979980 1 0 1.0
0 29.422845 1.786678 -4.146538 -0.309176 -0.660528 -0.684188 0.984375 0.979980 1 0 1.0
Default
0 28.759091 2.034179 -4.146538 0.827734 0.332844 -0.451742 0.984375 0.979980 1 0 1.0
0 28.674246 2.144904 -4.220415 0.827734 0.332844 -0.451742 0.984375 0.979980 1 0 1.0
0 28.660156 2.361320 -4.086773 0.827734 0.332844 -0.451742 0.984375 0.979980 1 0 1.0
Default
0 28.395061 2.147106 -4.091059 -0.573828 0.717998 -0.393955 0.984375 0.979980 1 0 1.0
0 28.660156 2.361320 -4.086773 -0.573828 0.717998 -0.393955 0.984375 0.979980 1 0 1.0
0 28.528301 2.195122 -4.197622 -0.573828 0.717998 -0.393955 0.984375 0.979980 1 0 1.0
Default
0 28.395061 2.147106 -4.091059 -0.309179 -0.660521 -0.684193 0.984375 0.979980 1 0 1.0
0 28.528301 2.195122 -4.197622 -0.309179 -0.660521 -0.684193 0.984375 0.979980 1 0 1.0
0 28.759091 2.034179 -4.146538 -0.309179 -0.660521 -0.684193 0.984375 0.979980 1 0 1.0
Default
0 25.667424 -2.010649 1.938139 0.207713 0.003581 0.978183 0.012405 0.178223 1 0 1.0
0 28.325401 -2.359868 1.375008 0.207713 0.003581 0.978183 0.012405 0.178223 1 0 1.0
0 28.839056 -0.000000 1.257295 0.223376 0.000000 0.974732 0.012405 0.178223 1 0 1.0
Default
0 28.325401 -2.359868 1.375008 0.207713 0.003581 0.978183 0.012405 0.178223 1 0 1.0
0 30.487819 -1.505081 0.879454 0.223376 0.000000 0.974732 0.012405 0.178223 1 0 1.0
0 28.839056 -0.000000 1.257295 0.223376 0.000000 0.974732 0.012405 0.178223 1 0 1.0
Default
0 30.487819 -1.505081 0.879454 0.223376 0.000000 0.974732 0.012405 0.178223 1 0 1.0
0 30.487819 -0.000000 0.879454 0.223376 0.000000 0.974732 0.012405 0.178223 1 0 1.0
0 28.839056 -0.000000 1.257295 0.223376 0.000000 0.974732 0.012405 0.178223 1 0 1.0
Default
0 28.839056 -0.000000 1.257295 0.223376 0.000000 0.974732 0.012405 0.178223 1 0 1.0
0 30.487819 -0.000000 0.879454 0.223376 0.000000 0.974732 0.012405 0.178223 1 0 1.0
0 30.487819 1.505081 0.879454 0.223376 0.000000 0.974732 0.012405 0.178223 1 0 1.0
Default
0 28.325401 2.359868 1.375008 0.223376 0.000000 0.974732 0.012405 0.178223 1 0 1.0
0 28.839056 -0.000000 1.257295 0.223376 0.000000 0.974732 0.012405 0.178223 1 0 1.0
0 30.487819 1.505081 0.879454 0.223376 0.000000 0.974732 0.012405 0.178223 1 0 1.0
Default
0 28.325401 2.359868 1.375008 0.223376 0.000000 0.974732 0.012405 0.178223 1 0 1.0
0 25.667424 2.010649 1.938139 0.207713 -0.003581 0.978183 0.012405 0.178223 1 0 1.0
0 28.839056 -0.000000 1.257295 0.223376 0.000000 0.974732 0.012405 0.178223 1 0 1.0
Default
0 25.667424 2.010649 1.938139 0.232249 0.037235 0.971943 0.012405 0.178223 1 0 1.0
0 24.973767 -0.000000 2.180919 0.232249 0.037235 0.971943 0.012405 0.178223 1 0 1.0
0 28.839056 -0.000000 1.257295 0.223376 0.000000 0.974732 0.012405 0.178223 1 0 1.0
Default
0 25.667424 2.010649 1.938139 0.232249 0.037235 0.971943 0.012405 0.178223 1 0 1.0
0 23.414904 1.664218 2.400226 0.193051 0.051710 0.979825 0.012405 0.178223 1 0 1.0
0 24.973767 -0.000000 2.180919 0.232249 0.037235 0.971943 0.012405 0.178223 1 0 1.0
Default
0 24.973767 -0.000000 2.180919 0.193051 -0.051710 0.979825 0.012405 0.178223 1 0 1.0
0 25.667424 -2.010649 1.938139 0.193051 -0.051710 0.979825 0.012405 0.178223 1 0 1.0
0 28.839056 -0.000000 1.257295 0.223376 0.000000 0.974732 0.012405 0.178223 1 0 1.0
Default
0 23.414904 -1.664218 2.400226 0.193051 -0.051710 0.979825 0.012405 0.178223 1 0 1.0
0 25.667424 -2.010649 1.938139 0.193051 -0.051710 0.979825 0.012405 0.178223 1 0 1.0
0 24.973767 -0.000000 2.180919 0.193051 -0.051710 0.979825 0.012405 0.178223 1 0 1.0
Default
0 31.617485 -0.879165 -2.201715 0.349053 0.000000 -0.937103 0.012405 0.178223 1 0 1.0
0 31.157412 -1.045800 -2.373084 0.349053 0.000000 -0.937103 0.012405 0.178223 1 0 1.0
0 31.157412 0.000000 -2.373084 0.349053 0.000000 -0.937103 0.012405 0.178223 1 0 1.0
Default
0 31.617485 0.000000 -2.201715 0.349053 0.000000 -0.937103 0.012405 0.178223 1 0 1.0
0 31.617485 -0.879165 -2.201715 0.349053 0.000000 -0.937103 0.012405 0.178223 1 0 1.0
0 31.157412 0.000000 -2.373084 0.349053 0.000000 -0.937103 0.012405 0.178223 1 0 1.0
Default
0 31.617485 0.879165 -2.201715 0.349053 0.000000 -0.937103 0.012405 0.178223 1 0 1.0
0 31.617485 0.000000 -2.201715 0.349053 0.000000 -0.937103 0.012405 0.178223 1 0 1.0
0 31.157412 0.000000 -2.373084 0.349053 0.000000 -0.937103 0.012405 0.178223 1 0 1.0
Default
0 31.157412 1.045800 -2.373084 0.349053 0.000000 -0.937103 0.012405 0.178223 1 0 1.0
0 31.617485 0.879165 -2.201715 0.349053 0.000000 -0.937103 0.012405 0.178223 1 0 1.0
0 31.157412 0.000000 -2.373084 0.349053 0.000000 -0.937103 0.012405 0.178223 1 0 1.0
Default
0 21.229959 -1.821419 3.236231 0.231876 -0.108359 0.966691 0.012405 0.178223 1 0 1.0
0 21.845907 -0.000000 3.292654 0.231876 -0.108359 0.966691 0.012405 0.178223 1 0 1.0
0 19.135113 -0.000000 3.942882 0.231876 -0.108359 0.966691 0.012405 0.178223 1 0 1.0
Default
0 19.664395 -2.445295 3.526950 0.225721 -0.115676 0.967300 0.012405 0.178223 1 0 1.0
0 21.229959 -1.821419 3.236231 0.231876 -0.108359 0.966691 0.012405 0.178223 1 0 1.0
0 19.135113 -0.000000 3.942882 0.231876 -0.108359 0.966691 0.012405 0.178223 1 0 1.0
Default
0 37.672083 -0.711941 -1.759764 0.102904 0.000000 -0.994691 0.012405 0.178223 1 0 1.0
0 34.727009 -1.054570 -2.064440 0.102904 0.000000 -0.994691 0.012405 0.178223 1 0 1.0
0 34.727009 0.000000 -2.064440 0.102904 0.000000 -0.994691 0.012405 0.178223 1 0 1.0
Default
0 37.672083 0.000000 -1.759764 0.092582 0.000000 -0.995705 0.012405 0.178223 1 0 1.0
0 37.672083 -0.711941 -1.759764 0.102904 0.000000 -0.994691 0.012405 0.178223 1 0 1.0
0 34.727009 0.000000 -2.064440 0.102904 0.000000 -0.994691 0.012405 0.178223 1 0 1.0
Default
0 40.825616 -0.335863 -1.466545 0.092582 0.000000 -0.995705 0.012405 0.178223 1 0 1.0
0 37.672083 -0.711941 -1.759764 0.102904 0.000000 -0.994691 0.012405 0.178223 1 0 1.0
0 37.672083 0.000000 -1.759764 0.092582 0.000000 -0.995705 0.012405 0.178223 1 0 1.0
Default
0 40.825616 0.000000 -1.466545 0.092582 0.000000 -0.995705 0.012405 0.178223 1 0 1.0
0 40.825616 -0.335863 -1.466545 0.092582 0.000000 -0.995705 0.012405 0.178223 1 0 1.0
0 37.672083 0.000000 -1.759764 0.092582 0.000000 -0.995705 0.012405 0.178223 1 0 1.0
Default
0 40.825616 0.335863 -1.466545 0.092582 0.000000 -0.995705 0.012405 0.178223 1 0 1.0
0 40.825616 0.000000 -1.466545 0.092582 0.000000 -0.995705 0.012405 0.178223 1 0 1.0
0 37.672083 0.000000 -1.759764 0.092582 0.000000 -0.995705 0.012405 0.178223 1 0 1.0
Default
0 37.672083 0.711941 -1.759764 0.102904 0.000000 -0.994691 0.012405 0.178223 1 0 1.0
0 40.825616 0.335863 -1.466545 0.092582 0.000000 -0.995705 0.012405 0.178223 1 0 1.0
0 37.672083 0.000000 -1.759764 0.092582 0.000000 -0.995705 0.012405 0.178223 1 0 1.0
Default
0 37.672083 0.711941 -1.759764 0.102904 0.000000 -0.994691 0.012405 0.178223 1 0 1.0
0 37.672083 0.000000 -1.759764 0.092582 0.000000 -0.995705 0.012405 0.178223 1 0 1.0
0 34.727009 0.000000 -2.064440 0.102904 0.000000 -0.994691 0.012405 0.178223 1 0 1.0
Default
0 34.727009 1.054570 -2.064440 0.102904 0.000000 -0.994691 0.012405 0.178223 1 0 1.0
0 37.672083 0.711941 -1.759764 0.102904 0.000000 -0.994691 0.012405 0.178223 1 0 1.0
0 34.727009 0.000000 -2.064440 0.102904 0.000000 -0.994691 0.012405 0.178223 1 0 1.0
Default
0 17.110403 -2.426304 3.886630 0.137135 -0.137182 0.981007 0.012405 0.178223 1 0 1.0
0 19.664395 -2.445295 3.526950 0.137135 -0.137182 0.981007 0.012405 0.178223 1 0 1.0
0 19.135113 -0.000000 3.942882 0.137135 -0.137182 0.981007 0.012405 0.178223 1 0 1.0
Default
0 16.326745 -0.000000 4.280460 0.118458 -0.121699 0.985473 0.012405 0.178223 1 0 1.0
0 17.110403 -2.426304 3.886630 0.137135 -0.137182 0.981007 0.012405 0.178223 1 0 1.0
0 19.135113 -0.000000 3.942882 0.137135 -0.137182 0.981007 0.012405 0.178223 1 0 1.0
Default
0 -35.093708 0.000000 -0.895711 -0.110456 -0.931018 -0.347858 0.012405 0.201416 1 0 1.0
0 -32.484071 0.000000 -1.724356 -0.110456 -0.931018 -0.347858 0.012405 0.201416 1 0 1.0
0 -32.378407 -0.574846 -0.219371 -0.110456 -0.931018 -0.347858 0.012405 0.201416 1 0 1.0
Default
0 -32.378407 -0.574846 -0.219371 -0.110456 -0.931018 -0.347858 0.012405 0.201416 1 0 1.0
0 -32.484071 0.000000 -1.724356 -0.110456 -0.931018 -0.347858 0.012405 0.201416 1 0 1.0
0 -28.521983 -0.862328 -0.994499 -0.138526 -0.928370 -0.344876 0.012405 0.201416 1 0 1.0
Default
0 11.866841 -2.654372 3.958223 -0.002109 -0.208296 0.978064 0.012405 0.178223 1 0 1.0
0 13.976839 -2.575806 3.979506 -0.002109 -0.208296 0.978064 0.012405 0.178223 1 0 1.0
0 11.995867 -0.699490 4.374827 -0.002109 -0.208296 0.978064 0.012405 0.178223 1 0 1.0
Default
0 11.866841 -2.654372 3.958223 -0.002109 -0.208296 0.978064 0.012405 0.178223 1 0 1.0
0 11.995867 -0.699490 4.374827 -0.002109 -0.208296 0.978064 0.012405 0.178223 1 0 1.0
0 9.095901 -1.230495 4.223119 -0.013160 -0.207580 0.978129 0.012405 0.178223 1 0 1.0
Default
0 -13.571356 0.000000 -1.656701 -0.949630 -0.011810 0.313151 0.012405 0.178223 1 0 1.0
0 -13.893510 0.000000 -2.633631 -0.949630 -0.011810 0.313151 0.012405 0.178223 1 0 1.0
0 -13.568451 -0.699077 -1.674243 -0.949630 -0.011810 0.313151 0.012405 0.178223 1 0 1.0
Default
0 -13.893510 0.000000 -2.633631 -0.949630 -0.011810 0.313151 0.012405 0.178223 1 0 1.0
0 -13.571356 0.000000 -1.656701 -0.949630 -0.011810 0.313151 0.012405 0.178223 1 0 1.0
0 -13.568451 0.699077 -1.674243 -0.949630 0.011810 0.313151 0.012405 0.178223 1 0 1.0
Default
0 7.353523 -0.703578 4.091549 -0.632559 0.000000 -0.774512 0.012405 0.178223 1 0 1.0
0 5.788355 -0.000000 5.369854 -0.632559 0.000000 -0.774512 0.012405 0.178223 1 0 1.0
0 7.353523 -0.000000 4.091549 -0.632559 0.000000 -0.774512 0.012405 0.178223 1 0 1.0
Default
0 5.788355 -0.000000 5.369854 -0.632559 0.000000 -0.774512 0.012405 0.178223 1 0 1.0
0 7.353523 0.703578 4.091549 -0.632559 0.000000 -0.774512 0.012405 0.178223 1 0 1.0
0 7.353523 -0.000000 4.091549 -0.632559 0.000000 -0.774512 0.012405 0.178223 1 0 1.0
Default
0 6.394396 -2.529358 3.639258 -0.174657 -0.149344 0.973238 0.012405 0.178223 1 0 1.0
0 7.353523 -0.703578 4.091549 -0.174657 -0.149344 0.973238 0.012405 0.178223 1 0 1.0
0 3.797243 -0.000000 3.561305 -0.174657 -0.149344 0.973238 0.012405 0.178223 1 0 1.0
Default
0 3.797243 -2.321459 3.252020 -0.147951 -0.130608 0.980333 0.012405 0.178223 1 0 1.0
0 6.394396 -2.529358 3.639258 -0.174657 -0.149344 0.973238 0.012405 0.178223 1 0 1.0
0 3.797243 -0.000000 3.561305 -0.174657 -0.149344 0.973238 0.012405 0.178223 1 0 1.0
Default
0 1.105029 -1.949870 2.895221 -0.147951 -0.130608 0.980333 0.012405 0.178223 1 0 1.0
0 3.797243 -2.321459 3.252020 -0.147951 -0.130608 0.980333 0.012405 0.178223 1 0 1.0
0 3.797243 -0.000000 3.561305 -0.174657 -0.149344 0.973238 0.012405 0.178223 1 0 1.0
Default
0 1.105029 -0.000000 3.204506 -0.129786 -0.155334 0.979299 0.012405 0.178223 1 0 1.0
0 1.105029 -1.949870 2.895221 -0.147951 -0.130608 0.980333 0.012405 0.178223 1 0 1.0
0 3.797243 -0.000000 3.561305 -0.174657 -0.149344 0.973238 0.012405 0.178223 1 0 1.0
Default
0 -2.835085 -1.390248 -2.979832 -0.264206 0.000000 -0.964466 0.012405 0.178223 1 0 1.0
0 -4.704378 0.000000 -2.467758 -0.264206 0.000000 -0.964466 0.012405 0.178223 1 0 1.0
0 -2.835085 -0.497778 -2.979832 -0.264206 0.000000 -0.964466 0.012405 0.178223 1 0 1.0
Default
0 -2.835085 0.000000 -2.979832 -0.264205 0.000000 -0.964466 0.012405 0.178223 1 0 1.0
0 -2.835085 -0.497778 -2.979832 -0.264206 0.000000 -0.964466 0.012405 0.178223 1 0 1.0
0 -4.704378 0.000000 -2.467758 -0.264206 0.000000 -0.964466 0.012405 0.178223 1 0 1.0
Default
0 -4.704378 0.000000 -2.467758 -0.264206 0.000000 -0.964466 0.012405 0.178223 1 0 1.0
0 -2.835085 0.497778 -2.979832 -0.264206 0.000000 -0.964466 0.012405 0.178223 1 0 1.0
0 -2.835085 0.000000 -2.979832 -0.264205 0.000000 -0.964466 0.012405 0.178223 1 0 1.0
Default
0 -4.704378 0.000000 -2.467758 -0.264206 0.000000 -0.964466 0.012405 0.178223 1 0 1.0
0 -2.835085 1.390248 -2.979832 -0.264206 0.000000 -0.964466 0.012405 0.178223 1 0 1.0
0 -2.835085 0.497778 -2.979832 -0.264206 0.000000 -0.964466 0.012405 0.178223 1 0 1.0
Default
0 -2.473686 0.000000 -5.903494 -0.123472 -0.975632 -0.181372 0.012405 0.201416 1 0 1.0
0 -0.060861 -0.744029 -3.543803 -0.123472 -0.975632 -0.181372 0.012405 0.201416 1 0 1.0
0 -2.835085 -0.497778 -2.979832 -0.123472 -0.975632 -0.181372 0.012405 0.201416 1 0 1.0
Default
0 -3.965703 0.000000 -4.545112 -0.169068 -0.967952 -0.185701 0.012405 0.201416 1 0 1.0
0 -2.473686 0.000000 -5.903494 -0.123472 -0.975632 -0.181372 0.012405 0.201416 1 0 1.0
0 -2.835085 -0.497778 -2.979832 -0.123472 -0.975632 -0.181372 0.012405 0.201416 1 0 1.0
Default
0 -4.081894 -1.007976 2.664116 -0.055053 -0.110139 0.992390 0.012405 0.178223 1 0 1.0
0 -1.619621 -1.612576 2.733610 -0.055053 -0.110139 0.992390 0.012405 0.178223 1 0 1.0
0 -1.619621 -0.000000 2.912579 -0.055053 -0.110139 0.992390 0.012405 0.178223 1 0 1.0
Default
0 -4.182090 -0.000000 2.815270 -0.037507 -0.151841 0.987693 0.012405 0.178223 1 0 1.0
0 -4.081894 -1.007976 2.664116 -0.055053 -0.110139 0.992390 0.012405 0.178223 1 0 1.0
0 -1.619621 -0.000000 2.912579 -0.055053 -0.110139 0.992390 0.012405 0.178223 1 0 1.0
Default
0 9.184960 -1.781260 -5.123882 -0.064060 0.005310 -0.997932 0.012405 0.178223 1 0 1.0
0 8.547737 0.000000 -5.073499 -0.064060 0.005310 -0.997932 0.012405 0.178223 1 0 1.0
0 10.652886 0.000000 -5.208633 -0.064060 0.005310 -0.997932 0.012405 0.178223 1 0 1.0
Default
0 10.652886 0.000000 -5.208633 -0.064060 0.005310 -0.997932 0.012405 0.178223 1 0 1.0
0 8.547737 0.000000 -5.073499 -0.064060 0.005310 -0.997932 0.012405 0.178223 1 0 1.0
0 9.184960 1.781260 -5.123882 -0.064060 -0.005310 -0.997932 0.012405 0.178223 1 0 1.0
Default
0 -7.750085 -0.485548 2.134108 -0.164399 0.000000 0.986394 0.012405 0.178223 1 0 1.0
0 -7.750084 0.000000 2.134108 -0.164399 0.000000 0.986394 0.012405 0.178223 1 0 1.0
0 -10.474734 0.000000 1.680000 -0.164399 0.000000 0.986394 0.012405 0.178223 1 0 1.0
Default
0 -10.474734 0.000000 1.680000 -0.164399 0.000000 0.986394 0.012405 0.178223 1 0 1.0
0 -7.750084 0.000000 2.134108 -0.164399 0.000000 0.986394 0.012405 0.178223 1 0 1.0
0 -7.750085 0.485548 2.134108 -0.164399 0.000000 0.986394 0.012405 0.178223 1 0 1.0
Default
0 -13.783239 -0.597616 1.459057 -0.040554 -0.141182 0.989153 0.012405 0.178223 1 0 1.0
0 -10.474735 -0.638946 1.588803 -0.040554 -0.141182 0.989153 0.012405 0.178223 1 0 1.0
0 -10.474734 0.000000 1.680000 -0.040554 -0.141182 0.989153 0.012405 0.178223 1 0 1.0
Default
0 -13.783239 0.000000 1.550255 -0.020206 -0.150824 0.988354 0.012405 0.178223 1 0 1.0
0 -13.783239 -0.597616 1.459057 -0.040554 -0.141182 0.989153 0.012405 0.178223 1 0 1.0
0 -10.474734 0.000000 1.680000 -0.040554 -0.141182 0.989153 0.012405 0.178223 1 0 1.0
Default
0 -13.783239 -0.597616 1.459057 -0.040554 -0.141182 0.989153 0.012405 0.178223 1 0 1.0
0 -13.783239 0.000000 1.550255 -0.020206 -0.150824 0.988354 0.012405 0.178223 1 0 1.0
0 -18.056399 0.000000 1.462893 -0.020206 -0.150824 0.988354 0.012405 0.178223 1 0 1.0
Default
0 -18.056399 -0.754381 1.371695 -0.015892 -0.120001 0.992647 0.012405 0.178223 1 0 1.0
0 -13.783239 -0.597616 1.459057 -0.040554 -0.141182 0.989153 0.012405 0.178223 1 0 1.0
0 -18.056399 0.000000 1.462893 -0.020206 -0.150824 0.988354 0.012405 0.178223 1 0 1.0
Default
0 -22.650506 -0.710308 1.739885 0.078173 -0.119649 0.989734 0.012405 0.178223 1 0 1.0
0 -18.056399 -0.754381 1.371695 0.078173 -0.119649 0.989734 0.012405 0.178223 1 0 1.0
0 -18.056399 0.000000 1.462893 0.078173 -0.119649 0.989734 0.012405 0.178223 1 0 1.0
Default
0 -22.650506 0.000000 1.847285 0.082449 -0.148993 0.985395 0.012405 0.178223 1 0 1.0
0 -22.650506 -0.710308 1.739885 0.078173 -0.119649 0.989734 0.012405 0.178223 1 0 1.0
0 -18.056399 0.000000 1.462893 0.078173 -0.119649 0.989734 0.012405 0.178223 1 0 1.0
Default
0 -29.600699 -0.384388 1.442552 -0.017316 -0.269057 0.962969 0.012405 0.178223 1 0 1.0
0 -29.600699 0.000000 1.549952 -0.017316 -0.269057 0.962969 0.012405 0.178223 1 0 1.0
0 -33.999626 0.000000 1.470850 -0.017316 -0.269057 0.962969 0.012405 0.178223 1 0 1.0
Default
0 -29.600699 0.000000 1.549952 -0.017316 -0.269057 0.962969 0.012405 0.178223 1 0 1.0
0 -29.600699 -0.384388 1.442552 -0.017316 -0.269057 0.962969 0.012405 0.178223 1 0 1.0
0 -22.650506 0.000000 1.847285 -0.041167 -0.268870 0.962296 0.012405 0.178223 1 0 1.0
Default
0 -38.054167 -0.304110 1.670544 0.072837 -0.360464 0.929925 0.012405 0.178223 1 0 1.0
0 -33.999626 -0.404457 1.314071 0.072837 -0.360464 0.929925 0.012405 0.178223 1 0 1.0
0 -33.999626 0.000000 1.470850 0.072837 -0.360464 0.929925 0.012405 0.178223 1 0 1.0
Default
0 -38.054167 0.000000 1.795213 0.073819 -0.378278 0.922744 0.012405 0.178223 1 0 1.0
0 -38.054167 -0.304110 1.670544 0.072837 -0.360464 0.929925 0.012405 0.178223 1 0 1.0
0 -33.999626 0.000000 1.470850 0.072837 -0.360464 0.929925 0.012405 0.178223 1 0 1.0
Default
0 24.576248 -1.095963 -5.316775 -0.056433 -0.146268 -0.987634 0.010849 0.173462 1 0 1.0
0 24.361938 0.000000 -5.466841 -0.056433 -0.146268 -0.987634 0.010849 0.173462 1 0 1.0
0 25.553422 0.000000 -5.534921 -0.056433 -0.146268 -0.987634 0.010849 0.173462 1 0 1.0
Default
0 25.582544 -0.981950 -5.401180 -0.067420 -0.136609 -0.988328 0.010849 0.173462 1 0 1.0
0 24.576248 -1.095963 -5.316775 -0.056433 -0.146268 -0.987634 0.010849 0.173462 1 0 1.0
0 25.553422 0.000000 -5.534921 -0.056433 -0.146268 -0.987634 0.010849 0.173462 1 0 1.0
Default
0 28.780206 -1.369483 -5.999680 0.197561 -0.726133 -0.658560 0.010849 0.204468 1 0 1.0
0 28.824539 -2.020645 -5.268397 0.197561 -0.726133 -0.658560 0.010849 0.204468 1 0 1.0
0 28.212492 -2.712231 -4.689449 0.197561 -0.726133 -0.658560 0.010849 0.204468 1 0 1.0
Default
0 30.477194 -1.167583 -5.655728 0.218921 -0.722090 -0.656247 0.010849 0.204468 1 0 1.0
0 28.824539 -2.020645 -5.268397 0.197561 -0.726133 -0.658560 0.010849 0.204468 1 0 1.0
0 28.780206 -1.369483 -5.999680 0.197561 -0.726133 -0.658560 0.010849 0.204468 1 0 1.0
Default
0 30.354200 -0.750211 -6.121380 0.231033 -0.693390 -0.682521 0.010849 0.204468 1 0 1.0
0 30.477194 -1.167583 -5.655728 0.218921 -0.722090 -0.656247 0.010849 0.204468 1 0 1.0
0 28.780206 -1.369483 -5.999680 0.197561 -0.726133 -0.658560 0.010849 0.204468 1 0 1.0
Default
0 30.354200 -0.750211 -6.121380 0.231033 -0.693390 -0.682521 0.010849 0.204468 1 0 1.0
0 30.997448 -0.500274 -6.157557 0.231033 -0.693390 -0.682521 0.010849 0.204468 1 0 1.0
0 30.477194 -1.167583 -5.655728 0.218921 -0.722090 -0.656247 0.010849 0.204468 1 0 1.0
Default
0 -10.066675 -1.929236 1.237526 -0.194526 -0.272967 0.942151 0.012405 0.178223 1 0 1.0
0 -7.583287 -1.715782 1.812114 -0.194526 -0.272967 0.942151 0.012405 0.178223 1 0 1.0
0 -7.750085 -0.485548 2.134108 -0.194526 -0.272967 0.942151 0.012405 0.178223 1 0 1.0
Default
0 -10.474735 -0.638946 1.588803 -0.169939 -0.308542 0.935907 0.012405 0.178223 1 0 1.0
0 -10.066675 -1.929236 1.237526 -0.194526 -0.272967 0.942151 0.012405 0.178223 1 0 1.0
0 -7.750085 -0.485548 2.134108 -0.194526 -0.272967 0.942151 0.012405 0.178223 1 0 1.0
Default
0 -17.962739 -2.234755 0.470965 -0.046189 -0.427101 0.903023 0.012405 0.178223 1 0 1.0
0 -13.619606 -1.945520 0.829913 -0.046189 -0.427101 0.903023 0.012405 0.178223 1 0 1.0
0 -13.783239 -0.597616 1.459057 -0.046189 -0.427101 0.903023 0.012405 0.178223 1 0 1.0
Default
0 -13.783239 -0.597616 1.459057 -0.046189 -0.427101 0.903023 0.012405 0.178223 1 0 1.0
0 -13.619606 -1.945520 0.829913 -0.046189 -0.427101 0.903023 0.012405 0.178223 1 0 1.0
0 -10.474735 -0.638946 1.588803 -0.040761 -0.426661 0.903493 0.012405 0.178223 1 0 1.0
Default
0 -22.571717 -1.014790 1.114702 -0.018563 -0.520560 0.853623 0.012405 0.178223 1 0 1.0
0 -17.962739 -2.234755 0.470965 -0.018563 -0.520560 0.853623 0.012405 0.178223 1 0 1.0
0 -18.056399 -0.754381 1.371695 -0.018563 -0.520560 0.853623 0.012405 0.178223 1 0 1.0
Default
0 -18.056399 -0.754381 1.371695 -0.018563 -0.520560 0.853623 0.012405 0.178223 1 0 1.0
0 -17.962739 -2.234755 0.470965 -0.018563 -0.520560 0.853623 0.012405 0.178223 1 0 1.0
0 -13.783239 -0.597616 1.459057 0.001600 -0.519718 0.854337 0.012405 0.178223 1 0 1.0
Default
0 23.106362 -2.677562 -3.897848 0.043156 -0.630813 -0.774734 0.012405 0.178223 1 0 1.0
0 20.791876 -2.983945 -3.777309 0.043156 -0.630813 -0.774734 0.012405 0.178223 1 0 1.0
0 21.605013 -1.484681 -4.952759 0.043156 -0.630813 -0.774734 0.012405 0.178223 1 0 1.0
Default
0 23.230581 -1.289430 -4.967295 0.066548 -0.612681 -0.787523 0.012405 0.178223 1 0 1.0
0 23.106362 -2.677562 -3.897848 0.043156 -0.630813 -0.774734 0.012405 0.178223 1 0 1.0
0 21.605013 -1.484681 -4.952759 0.043156 -0.630813 -0.774734 0.012405 0.178223 1 0 1.0
Default
0 39.741467 -0.938975 -0.692733 0.149465 -0.463260 0.873528 0.012405 0.178223 1 0 1.0
0 40.843688 -0.441491 -0.617496 0.149465 -0.463260 0.873528 0.012405 0.178223 1 0 1.0
0 38.996620 -0.612687 -0.392244 0.149465 -0.463260 0.873528 0.012405 0.178223 1 0 1.0
Default
0 38.423400 -1.134359 -0.610559 0.127383 -0.498753 0.857333 0.012405 0.178223 1 0 1.0
0 39.741467 -0.938975 -0.692733 0.149465 -0.463260 0.873528 0.012405 0.178223 1 0 1.0
0 38.996620 -0.612687 -0.392244 0.149465 -0.463260 0.873528 0.012405 0.178223 1 0 1.0
Default
0 -37.998168 -0.575259 1.243880 0.009095 -0.554809 0.831928 0.012405 0.178223 1 0 1.0
0 -33.817558 -0.886449 0.990643 0.009095 -0.554809 0.831928 0.012405 0.178223 1 0 1.0
0 -33.999626 -0.404457 1.314071 0.009095 -0.554809 0.831928 0.012405 0.178223 1 0 1.0
Default
0 -33.999626 -0.404457 1.314071 0.009095 -0.554809 0.831928 0.012405 0.178223 1 0 1.0
0 -33.817558 -0.886449 0.990643 0.009095 -0.554809 0.831928 0.012405 0.178223 1 0 1.0
0 -29.600699 -0.384388 1.442552 -0.021570 -0.562679 0.826394 0.012405 0.178223 1 0 1.0
Default
0 35.667516 -1.249225 -0.384360 0.191108 -0.424987 0.884796 0.012405 0.178223 1 0 1.0
0 35.893871 -0.626583 -0.134181 0.191108 -0.424987 0.884796 0.012405 0.178223 1 0 1.0
0 33.483674 -1.194543 0.113596 0.191108 -0.424987 0.884796 0.012405 0.178223 1 0 1.0
Default
0 33.407168 -2.059810 -0.246457 0.195243 -0.391456 0.899246 0.012405 0.178223 1 0 1.0
0 35.667516 -1.249225 -0.384360 0.191108 -0.424987 0.884796 0.012405 0.178223 1 0 1.0
0 33.483674 -1.194543 0.113596 0.191108 -0.424987 0.884796 0.012405 0.178223 1 0 1.0
Default
0 28.824539 -2.020645 -5.268397 0.721544 -0.074349 0.688365 0.010849 0.204468 1 0 1.0
0 28.860696 -1.723294 -5.274176 0.721544 -0.074349 0.688365 0.010849 0.204468 1 0 1.0
0 28.104721 -2.250162 -4.538675 0.721544 -0.074349 0.688365 0.010849 0.204468 1 0 1.0
Default
0 28.212492 -2.712231 -4.689449 0.719767 -0.057850 0.691801 0.010849 0.204468 1 0 1.0
0 28.824539 -2.020645 -5.268397 0.721544 -0.074349 0.688365 0.010849 0.204468 1 0 1.0
0 28.104721 -2.250162 -4.538675 0.721544 -0.074349 0.688365 0.010849 0.204468 1 0 1.0
Default
0 29.879285 -2.594754 0.552702 0.364255 -0.448211 0.816348 0.012405 0.178223 1 0 1.0
0 30.487819 -1.505081 0.879454 0.364255 -0.448211 0.816348 0.012405 0.178223 1 0 1.0
0 28.325401 -2.359868 1.375008 0.364255 -0.448211 0.816348 0.012405 0.178223 1 0 1.0
Default
0 27.962838 -3.414800 0.991888 0.371654 -0.427092 0.824297 0.012405 0.178223 1 0 1.0
0 29.879285 -2.594754 0.552702 0.364255 -0.448211 0.816348 0.012405 0.178223 1 0 1.0
0 28.325401 -2.359868 1.375008 0.364255 -0.448211 0.816348 0.012405 0.178223 1 0 1.0
Default
0 -28.450407 -1.214657 -0.742629 -0.202364 -0.627443 -0.751907 0.012405 0.178223 1 0 1.0
0 -32.382558 -1.082519 0.205384 -0.202364 -0.627443 -0.751907 0.012405 0.178223 1 0 1.0
0 -32.378407 -0.574846 -0.219371 -0.202364 -0.627443 -0.751907 0.012405 0.178223 1 0 1.0
Default
0 -28.521983 -0.862328 -0.994499 -0.200676 -0.596376 -0.777216 0.012405 0.178223 1 0 1.0
0 -28.450407 -1.214657 -0.742629 -0.202364 -0.627443 -0.751907 0.012405 0.178223 1 0 1.0
0 -32.378407 -0.574846 -0.219371 -0.202364 -0.627443 -0.751907 0.012405 0.178223 1 0 1.0
Default
0 20.860414 -3.012476 2.383023 0.373769 -0.613981 0.695214 0.012405 0.178223 1 0 1.0
0 21.229959 -1.821419 3.236231 0.373769 -0.613981 0.695214 0.012405 0.178223 1 0 1.0
0 19.664395 -2.445295 3.526950 0.373769 -0.613981 0.695214 0.012405 0.178223 1 0 1.0
Default
0 19.078109 -3.746592 2.796391 0.402947 -0.579320 0.708535 0.012405 0.178223 1 0 1.0
0 20.860414 -3.012476 2.383023 0.373769 -0.613981 0.695214 0.012405 0.178223 1 0 1.0
0 19.664395 -2.445295 3.526950 0.373769 -0.613981 0.695214 0.012405 0.178223 1 0 1.0
Default
0 37.392218 -1.380838 -1.396387 0.145786 -0.525454 -0.838239 0.012405 0.178223 1 0 1.0
0 34.298564 -1.890727 -1.614806 0.145786 -0.525454 -0.838239 0.012405 0.178223 1 0 1.0
0 34.727009 -1.054570 -2.064440 0.145786 -0.525454 -0.838239 0.012405 0.178223 1 0 1.0
Default
0 37.672083 -0.711941 -1.759764 0.140853 -0.517453 -0.844040 0.012405 0.178223 1 0 1.0
0 37.392218 -1.380838 -1.396387 0.145786 -0.525454 -0.838239 0.012405 0.178223 1 0 1.0
0 34.727009 -1.054570 -2.064440 0.145786 -0.525454 -0.838239 0.012405 0.178223 1 0 1.0
Default
0 40.086700 -0.927858 -1.224441 0.140853 -0.517453 -0.844040 0.012405 0.178223 1 0 1.0
0 37.392218 -1.380838 -1.396387 0.145786 -0.525454 -0.838239 0.012405 0.178223 1 0 1.0
0 37.672083 -0.711941 -1.759764 0.140853 -0.517453 -0.844040 0.012405 0.178223 1 0 1.0
Default
0 40.825616 -0.335863 -1.466545 0.140342 -0.519800 -0.842682 0.012405 0.178223 1 0 1.0
0 40.086700 -0.927858 -1.224441 0.140853 -0.517453 -0.844040 0.012405 0.178223 1 0 1.0
0 37.672083 -0.711941 -1.759764 0.140853 -0.517453 -0.844040 0.012405 0.178223 1 0 1.0
Default
0 16.697821 -4.070502 3.044705 0.048380 -0.464837 0.884074 0.012405 0.178223 1 0 1.0
0 17.110403 -2.426304 3.886630 0.048380 -0.464837 0.884074 0.012405 0.178223 1 0 1.0
0 13.976839 -2.575806 3.979506 0.048380 -0.464837 0.884074 0.012405 0.178223 1 0 1.0
Default
0 13.751823 -4.300060 3.163264 0.069981 -0.434265 0.898063 0.012405 0.178223 1 0 1.0
0 16.697821 -4.070502 3.044705 0.048380 -0.464837 0.884074 0.012405 0.178223 1 0 1.0
0 13.976839 -2.575806 3.979506 0.048380 -0.464837 0.884074 0.012405 0.178223 1 0 1.0
Default
0 40.825616 -0.335863 -1.466545 0.391169 -0.727704 -0.563412 0.012405 0.178223 1 0 1.0
0 41.474442 -0.295661 -1.068000 0.391169 -0.727704 -0.563412 0.012405 0.178223 1 0 1.0
0 40.930788 -0.638202 -1.003020 0.391169 -0.727704 -0.563412 0.012405 0.178223 1 0 1.0
Default
0 40.086700 -0.927858 -1.224441 0.396518 -0.725157 -0.562957 0.012405 0.178223 1 0 1.0
0 40.825616 -0.335863 -1.466545 0.391169 -0.727704 -0.563412 0.012405 0.178223 1 0 1.0
0 40.930788 -0.638202 -1.003020 0.391169 -0.727704 -0.563412 0.012405 0.178223 1 0 1.0
Default
0 13.751823 -4.300060 3.163264 0.006845 -0.428588 0.903474 0.012405 0.178223 1 0 1.0
0 13.976839 -2.575806 3.979506 0.006845 -0.428588 0.903474 0.012405 0.178223 1 0 1.0
0 11.866841 -2.654372 3.958223 0.006845 -0.428588 0.903474 0.012405 0.178223 1 0 1.0
Default
0 11.870655 -4.382682 3.177429 0.024935 -0.411530 0.911055 0.012405 0.178223 1 0 1.0
0 13.751823 -4.300060 3.163264 0.006845 -0.428588 0.903474 0.012405 0.178223 1 0 1.0
0 11.866841 -2.654372 3.958223 0.006845 -0.428588 0.903474 0.012405 0.178223 1 0 1.0
Default
0 -6.576553 -1.791520 -2.161835 -0.091058 -0.328216 -0.940203 0.012405 0.178223 1 0 1.0
0 -6.968439 -0.818298 -2.463624 -0.091058 -0.328216 -0.940203 0.012405 0.178223 1 0 1.0
0 -5.501753 -1.217534 -2.466302 -0.091058 -0.328216 -0.940203 0.012405 0.178223 1 0 1.0
Default
0 -4.732317 -3.430866 -1.817119 -0.100900 -0.312151 -0.944659 0.012405 0.178223 1 0 1.0
0 -6.576553 -1.791520 -2.161835 -0.091058 -0.328216 -0.940203 0.012405 0.178223 1 0 1.0
0 -5.501753 -1.217534 -2.466302 -0.091058 -0.328216 -0.940203 0.012405 0.178223 1 0 1.0
Default
0 -2.503864 -3.529932 -2.399447 -0.227079 -0.287537 -0.930461 0.012405 0.178223 1 0 1.0
0 -2.835085 -1.390248 -2.979832 -0.227079 -0.287537 -0.930461 0.012405 0.178223 1 0 1.0
0 -0.777374 -1.661658 -3.398143 -0.227079 -0.287537 -0.930461 0.012405 0.178223 1 0 1.0
Default
0 -2.503864 -3.529932 -2.399447 -0.227079 -0.287537 -0.930461 0.012405 0.178223 1 0 1.0
0 -4.732317 -3.430866 -1.817119 -0.254021 -0.289633 -0.922814 0.012405 0.178223 1 0 1.0
0 -2.835085 -1.390248 -2.979832 -0.227079 -0.287537 -0.930461 0.012405 0.178223 1 0 1.0
Default
0 -5.910700 -1.966917 2.266555 -0.008775 -0.368634 0.929533 0.012405 0.178223 1 0 1.0
0 -3.799203 -2.090049 2.237656 -0.008775 -0.368634 0.929533 0.012405 0.178223 1 0 1.0
0 -4.081894 -1.007976 2.664116 -0.008775 -0.368634 0.929533 0.012405 0.178223 1 0 1.0
Default
0 -6.030960 -1.159273 2.620653 0.010630 -0.400185 0.916373 0.012405 0.178223 1 0 1.0
0 -5.910700 -1.966917 2.266555 -0.008775 -0.368634 0.929533 0.012405 0.178223 1 0 1.0
0 -4.081894 -1.007976 2.664116 -0.008775 -0.368634 0.929533 0.012405 0.178223 1 0 1.0
Default
0 29.242696 -3.605128 -0.069335 0.272216 -0.879292 -0.390824 0.012405 0.178223 1 0 1.0
0 28.616543 -2.768996 -2.386633 0.272216 -0.879292 -0.390824 0.012405 0.178223 1 0 1.0
0 30.636851 -2.119849 -2.439932 0.272216 -0.879292 -0.390824 0.012405 0.178223 1 0 1.0
Default
0 30.636851 -2.119849 -2.439932 0.272216 -0.879292 -0.390824 0.012405 0.178223 1 0 1.0
0 31.448333 -2.711828 -0.527109 0.275355 -0.879169 -0.388899 0.012405 0.178223 1 0 1.0
0 29.242696 -3.605128 -0.069335 0.272216 -0.879292 -0.390824 0.012405 0.178223 1 0 1.0
Default
0 24.415267 -3.800324 0.430054 0.129185 -0.988848 -0.074100 0.012405 0.178223 1 0 1.0
0 24.623345 -3.629689 -1.484272 0.129185 -0.988848 -0.074100 0.012405 0.178223 1 0 1.0
0 27.222060 -3.203734 -2.637983 0.129185 -0.988848 -0.074100 0.012405 0.178223 1 0 1.0
Default
0 27.222060 -3.203734 -2.637983 0.129185 -0.988848 -0.074100 0.012405 0.178223 1 0 1.0
0 24.623345 -3.629689 -1.484272 0.129185 -0.988848 -0.074100 0.012405 0.178223 1 0 1.0
0 26.533510 -3.273417 -3.281941 0.142119 -0.988828 -0.044959 0.012405 0.178223 1 0 1.0
Default
0 -3.925072 -3.924644 0.638133 -0.144429 -0.978040 0.150260 0.012405 0.178223 1 0 1.0
0 -3.883462 -4.175109 -0.952152 -0.142991 -0.978633 0.147756 0.012405 0.178223 1 0 1.0
0 -1.178433 -4.330244 0.638133 -0.142991 -0.978633 0.147756 0.012405 0.178223 1 0 1.0
Default
0 -1.178433 -4.330244 0.638133 -0.142991 -0.978633 0.147756 0.012405 0.178223 1 0 1.0
0 -3.883462 -4.175109 -0.952152 -0.142991 -0.978633 0.147756 0.012405 0.178223 1 0 1.0
0 -1.998157 -4.480651 -1.151346 -0.142991 -0.978633 0.147756 0.012405 0.178223 1 0 1.0
Default
0 -1.998157 -4.480651 -1.151346 -0.142991 -0.978633 0.147756 0.012405 0.178223 1 0 1.0
0 1.360135 -5.107291 -1.650736 -0.158933 -0.975084 0.154760 0.012405 0.178223 1 0 1.0
0 -1.178433 -4.330244 0.638133 -0.142991 -0.978633 0.147756 0.012405 0.178223 1 0 1.0
Default
0 -5.548091 -3.834361 -0.925265 -0.125365 -0.559181 -0.819513 0.012405 0.178223 1 0 1.0
0 -8.128272 -3.252869 -0.927335 -0.125365 -0.559181 -0.819513 0.012405 0.178223 1 0 1.0
0 -6.576553 -1.791520 -2.161835 -0.125365 -0.559181 -0.819513 0.012405 0.178223 1 0 1.0
Default
0 -10.306805 -1.757111 -1.620306 -0.124069 -0.560158 -0.819042 0.012405 0.178223 1 0 1.0
0 -6.576553 -1.791520 -2.161835 -0.125365 -0.559181 -0.819513 0.012405 0.178223 1 0 1.0
0 -8.128272 -3.252869 -0.927335 -0.125365 -0.559181 -0.819513 0.012405 0.178223 1 0 1.0
Default
0 -5.548091 -3.834361 -0.925265 -0.177613 -0.825395 -0.535889 0.012405 0.178223 1 0 1.0
0 -4.732317 -3.430866 -1.817119 -0.177613 -0.825395 -0.535889 0.012405 0.178223 1 0 1.0
0 -3.883462 -4.175109 -0.952152 -0.189931 -0.816594 -0.545069 0.012405 0.178223 1 0 1.0
Default
0 -4.732317 -3.430866 -1.817119 -0.177613 -0.825395 -0.535889 0.012405 0.178223 1 0 1.0
0 -2.503864 -3.529932 -2.399447 -0.189931 -0.816594 -0.545069 0.012405 0.178223 1 0 1.0
0 -3.883462 -4.175109 -0.952152 -0.189931 -0.816594 -0.545069 0.012405 0.178223 1 0 1.0
Default
0 -3.883462 -4.175109 -0.952152 -0.189931 -0.816594 -0.545069 0.012405 0.178223 1 0 1.0
0 -2.503864 -3.529932 -2.399447 -0.189931 -0.816594 -0.545069 0.012405 0.178223 1 0 1.0
0 -1.998157 -4.480651 -1.151346 -0.189931 -0.816594 -0.545069 0.012405 0.178223 1 0 1.0
Default
0 -2.503864 -3.529932 -2.399447 -0.189931 -0.816594 -0.545069 0.012405 0.178223 1 0 1.0
0 0.044504 -3.857729 -2.704349 -0.171029 -0.815953 -0.552240 0.012405 0.178223 1 0 1.0
0 -1.998157 -4.480651 -1.151346 -0.189931 -0.816594 -0.545069 0.012405 0.178223 1 0 1.0
Default
0 -14.828418 -2.490772 -0.319030 0.055312 -0.907887 -0.415550 0.012405 0.178223 1 0 1.0
0 -13.563490 -2.023987 -1.170489 0.055312 -0.907887 -0.415550 0.012405 0.178223 1 0 1.0
0 -12.914091 -2.659864 0.305206 0.055312 -0.907887 -0.415550 0.012405 0.178223 1 0 1.0
Default
0 -13.563490 -2.023987 -1.170489 0.055312 -0.907887 -0.415550 0.012405 0.178223 1 0 1.0
0 -14.828418 -2.490772 -0.319030 0.055312 -0.907887 -0.415550 0.012405 0.178223 1 0 1.0
0 -15.818189 -1.944369 -1.705917 0.063966 -0.912081 -0.404990 0.012405 0.178223 1 0 1.0
Default
0 6.395639 -5.212620 1.095907 -0.055917 -0.990697 0.124071 0.012405 0.178223 1 0 1.0
0 5.521708 -5.547405 -1.971193 -0.055917 -0.990697 0.124071 0.012405 0.178223 1 0 1.0
0 7.519271 -5.646078 -1.858815 -0.055917 -0.990697 0.124071 0.012405 0.178223 1 0 1.0
Default
0 5.521708 -5.547405 -1.971193 -0.055917 -0.990697 0.124071 0.012405 0.178223 1 0 1.0
0 6.395639 -5.212620 1.095907 -0.055917 -0.990697 0.124071 0.012405 0.178223 1 0 1.0
0 3.815479 -5.209170 0.138744 -0.046377 -0.991515 0.121442 0.012405 0.178223 1 0 1.0
Default
0 14.714560 -3.856412 -5.170713 -0.067698 -0.649717 -0.757156 0.012405 0.178223 1 0 1.0
0 12.471543 -5.736352 -3.356982 -0.067698 -0.649717 -0.757156 0.012405 0.178223 1 0 1.0
0 11.748881 -4.200450 -4.610329 -0.067698 -0.649717 -0.757156 0.012405 0.178223 1 0 1.0
Default
0 12.471543 -5.736352 -3.356982 -0.067698 -0.649717 -0.757156 0.012405 0.178223 1 0 1.0
0 14.714560 -3.856412 -5.170713 -0.067698 -0.649717 -0.757156 0.012405 0.178223 1 0 1.0
0 15.051723 -5.496988 -3.731524 -0.046698 -0.664147 -0.746142 0.012405 0.178223 1 0 1.0
Default
0 -9.043820 -2.773245 0.471669 -0.218835 -0.958020 0.185229 0.012405 0.178223 1 0 1.0
0 -8.128272 -3.252869 -0.927335 -0.216326 -0.959229 0.181887 0.012405 0.178223 1 0 1.0
0 -6.172325 -3.405026 0.596516 -0.216326 -0.959229 0.181887 0.012405 0.178223 1 0 1.0
Default
0 -8.128272 -3.252869 -0.927335 -0.216326 -0.959229 0.181887 0.012405 0.178223 1 0 1.0
0 -5.548091 -3.834361 -0.925265 -0.216326 -0.959229 0.181887 0.012405 0.178223 1 0 1.0
0 -6.172325 -3.405026 0.596516 -0.216326 -0.959229 0.181887 0.012405 0.178223 1 0 1.0
Default
0 -5.548091 -3.834361 -0.925265 -0.216326 -0.959229 0.181887 0.012405 0.178223 1 0 1.0
0 -3.925072 -3.924644 0.638133 -0.224809 -0.957996 0.178060 0.012405 0.178223 1 0 1.0
0 -6.172325 -3.405026 0.596516 -0.216326 -0.959229 0.181887 0.012405 0.178223 1 0 1.0
Default
0 -3.883462 -4.175109 -0.952152 -0.196058 -0.969428 0.147552 0.012405 0.178223 1 0 1.0
0 -3.925072 -3.924644 0.638133 -0.224809 -0.957996 0.178060 0.012405 0.178223 1 0 1.0
0 -5.548091 -3.834361 -0.925265 -0.216326 -0.959229 0.181887 0.012405 0.178223 1 0 1.0
Default
0 -19.073229 -2.100019 0.180358 -0.207896 -0.930321 0.302128 0.012405 0.178223 1 0 1.0
0 -22.571717 -1.014790 1.114702 -0.207896 -0.930321 0.302128 0.012405 0.178223 1 0 1.0
0 -20.414168 -1.989574 -0.402262 -0.207896 -0.930321 0.302128 0.012405 0.178223 1 0 1.0
Default
0 -22.571717 -1.014790 1.114702 -0.207896 -0.930321 0.302128 0.012405 0.178223 1 0 1.0
0 -19.073229 -2.100019 0.180358 -0.207896 -0.930321 0.302128 0.012405 0.178223 1 0 1.0
0 -17.962739 -2.234755 0.470965 -0.198271 -0.923032 0.329698 0.012405 0.178223 1 0 1.0
Default
0 3.877792 -3.663214 2.711522 -0.129056 -0.808471 0.574212 0.012405 0.178223 1 0 1.0
0 6.395639 -5.212620 1.095907 -0.129056 -0.808471 0.574212 0.012405 0.178223 1 0 1.0
0 7.232977 -3.965275 3.040319 -0.129056 -0.808471 0.574212 0.012405 0.178223 1 0 1.0
Default
0 7.232977 -3.965275 3.040319 -0.129056 -0.808471 0.574212 0.012405 0.178223 1 0 1.0
0 6.395639 -5.212620 1.095907 -0.129056 -0.808471 0.574212 0.012405 0.178223 1 0 1.0
0 10.473987 -5.456053 1.470448 -0.087078 -0.805939 0.585559 0.012405 0.178223 1 0 1.0
Default
0 7.232977 -3.965275 3.040319 -0.129056 -0.808471 0.574212 0.012405 0.178223 1 0 1.0
0 10.473987 -5.456053 1.470448 -0.087078 -0.805939 0.585559 0.012405 0.178223 1 0 1.0
0 9.325470 -4.162344 3.080256 -0.087078 -0.805939 0.585559 0.012405 0.178223 1 0 1.0
Default
0 27.962838 -3.414800 0.991888 0.423369 -0.653218 0.627745 0.012405 0.178223 1 0 1.0
0 29.242696 -3.605128 -0.069335 0.423369 -0.653218 0.627745 0.012405 0.178223 1 0 1.0
0 29.879285 -2.594754 0.552702 0.423369 -0.653218 0.627745 0.012405 0.178223 1 0 1.0
Default
0 29.242696 -3.605128 -0.069335 0.423369 -0.653218 0.627745 0.012405 0.178223 1 0 1.0
0 31.448333 -2.711828 -0.527109 0.397574 -0.649513 0.648126 0.012405 0.178223 1 0 1.0
0 29.879285 -2.594754 0.552702 0.423369 -0.653218 0.627745 0.012405 0.178223 1 0 1.0
Default
0 18.256132 -5.179976 0.596516 0.291144 -0.942947 -0.161511 0.011627 0.175903 1 0 1.0
0 17.007659 -5.287458 -1.026498 0.291144 -0.942947 -0.161511 0.011627 0.175903 1 0 1.0
0 19.130711 -4.575232 -1.357601 0.291144 -0.942947 -0.161511 0.011627 0.175903 1 0 1.0
Default
0 19.120388 -4.730519 -0.469602 0.291144 -0.942947 -0.161511 0.011627 0.175903 1 0 1.0
0 18.256132 -5.179976 0.596516 0.291144 -0.942947 -0.161511 0.011627 0.175903 1 0 1.0
0 19.130711 -4.575232 -1.357601 0.291144 -0.942947 -0.161511 0.011627 0.175903 1 0 1.0
Default
0 22.141507 -3.572027 -2.282418 -0.974426 0.182395 0.131251 0.010849 0.419922 1 0 1.0
0 22.264045 -3.988150 -0.794463 -0.974426 0.182395 0.131251 0.010849 0.419922 1 0 1.0
0 22.317772 -3.695877 -0.801714 -0.974426 0.182395 0.131251 0.010849 0.419922 1 0 1.0
Default
0 22.151308 -3.165740 -2.674426 -0.980490 0.148217 0.129117 0.010849 0.419922 1 0 1.0
0 22.141507 -3.572027 -2.282418 -0.974426 0.182395 0.131251 0.010849 0.419922 1 0 1.0
0 22.317772 -3.695877 -0.801714 -0.974426 0.182395 0.131251 0.010849 0.419922 1 0 1.0
Default
0 12.471543 -5.736352 -3.356982 0.073845 -0.989567 -0.123706 0.012405 0.178223 1 0 1.0
0 15.051723 -5.496988 -3.731524 0.073845 -0.989567 -0.123706 0.012405 0.178223 1 0 1.0
0 13.428704 -5.893832 -1.525887 0.073845 -0.989567 -0.123706 0.012405 0.178223 1 0 1.0
Default
0 15.051723 -5.496988 -3.731524 0.073845 -0.989567 -0.123706 0.012405 0.178223 1 0 1.0
0 15.967271 -5.589339 -2.524666 0.068459 -0.989454 -0.127648 0.012405 0.178223 1 0 1.0
0 13.428704 -5.893832 -1.525887 0.073845 -0.989567 -0.123706 0.012405 0.178223 1 0 1.0
Default
0 13.428704 -5.893832 -1.525887 -0.031343 -0.998772 0.038375 0.012405 0.178223 1 0 1.0
0 13.678399 -5.837161 -0.485492 -0.024672 -0.997877 0.060276 0.012405 0.178223 1 0 1.0
0 11.556000 -5.762061 -0.110951 -0.044772 -0.995793 0.079945 0.012405 0.178223 1 0 1.0
Default
0 9.849752 -5.765530 -1.109729 -0.031343 -0.998772 0.038375 0.012405 0.178223 1 0 1.0
0 13.428704 -5.893832 -1.525887 -0.031343 -0.998772 0.038375 0.012405 0.178223 1 0 1.0
0 11.556000 -5.762061 -0.110951 -0.044772 -0.995793 0.079945 0.012405 0.178223 1 0 1.0
Default
0 8.268353 -5.577493 0.346823 -0.044772 -0.995793 0.079945 0.012405 0.178223 1 0 1.0
0 9.849752 -5.765530 -1.109729 -0.031343 -0.998772 0.038375 0.012405 0.178223 1 0 1.0
0 11.556000 -5.762061 -0.110951 -0.044772 -0.995793 0.079945 0.012405 0.178223 1 0 1.0
Default
0 9.849752 -5.765530 -1.109729 -0.031343 -0.998772 0.038375 0.012405 0.178223 1 0 1.0
0 10.182678 -5.832721 -2.586571 -0.031343 -0.998772 0.038375 0.012405 0.178223 1 0 1.0
0 13.428704 -5.893832 -1.525887 -0.031343 -0.998772 0.038375 0.012405 0.178223 1 0 1.0
Default
0 7.519271 -5.646078 -1.858815 -0.068494 -0.996176 0.054238 0.012405 0.178223 1 0 1.0
0 9.849752 -5.765530 -1.109729 -0.031343 -0.998772 0.038375 0.012405 0.178223 1 0 1.0
0 8.268353 -5.577493 0.346823 -0.044772 -0.995793 0.079945 0.012405 0.178223 1 0 1.0
Default
0 10.182678 -5.832721 -2.586571 -0.031343 -0.998772 0.038375 0.012405 0.178223 1 0 1.0
0 9.849752 -5.765530 -1.109729 -0.031343 -0.998772 0.038375 0.012405 0.178223 1 0 1.0
0 7.519271 -5.646078 -1.858815 -0.068494 -0.996176 0.054238 0.012405 0.178223 1 0 1.0
Default
0 -24.546856 -1.761466 0.060135 -0.105237 -0.969030 -0.223398 0.012405 0.178223 1 0 1.0
0 -24.869253 -1.447222 -1.151085 -0.105237 -0.969030 -0.223398 0.012405 0.178223 1 0 1.0
0 -22.292663 -1.971780 -0.089482 -0.105237 -0.969030 -0.223398 0.012405 0.178223 1 0 1.0
Default
0 -27.870338 -1.409566 0.551434 -0.134237 -0.967294 -0.215229 0.012405 0.178223 1 0 1.0
0 -24.869253 -1.447222 -1.151085 -0.105237 -0.969030 -0.223398 0.012405 0.178223 1 0 1.0
0 -24.546856 -1.761466 0.060135 -0.105237 -0.969030 -0.223398 0.012405 0.178223 1 0 1.0
Default
0 -29.777722 -1.199618 0.435832 -0.102658 -0.989370 -0.103000 0.012405 0.178223 1 0 1.0
0 -28.450407 -1.214657 -0.742629 -0.102658 -0.989370 -0.103000 0.012405 0.178223 1 0 1.0
0 -27.870338 -1.409566 0.551434 -0.102658 -0.989370 -0.103000 0.012405 0.178223 1 0 1.0
Default
0 -28.450407 -1.214657 -0.742629 -0.102658 -0.989370 -0.103000 0.012405 0.178223 1 0 1.0
0 -24.869253 -1.447222 -1.151085 -0.077377 -0.990407 -0.114488 0.012405 0.178223 1 0 1.0
0 -27.870338 -1.409566 0.551434 -0.102658 -0.989370 -0.103000 0.012405 0.178223 1 0 1.0
Default
0 10.012830 -0.314124 5.263536 0.110416 -0.792087 0.600339 0.012405 0.201416 1 0 1.0
0 6.874398 -0.000000 6.255220 0.110416 -0.792087 0.600339 0.012405 0.201416 1 0 1.0
0 9.095901 -1.230495 4.223119 0.110416 -0.792087 0.600339 0.012405 0.201416 1 0 1.0
Default
0 11.995867 -0.699490 4.374827 0.113946 -0.793199 0.598207 0.012405 0.201416 1 0 1.0
0 10.012830 -0.314124 5.263536 0.110416 -0.792087 0.600339 0.012405 0.201416 1 0 1.0
0 9.095901 -1.230495 4.223119 0.110416 -0.792087 0.600339 0.012405 0.201416 1 0 1.0
Default
0 -0.777374 -1.661658 -3.398143 -0.224633 0.020757 -0.974222 0.012405 0.178223 1 0 1.0
0 -2.835085 -1.390248 -2.979832 -0.199215 0.000000 -0.979956 0.012405 0.178223 1 0 1.0
0 -2.835085 -0.497778 -2.979832 -0.199215 0.000000 -0.979956 0.012405 0.178223 1 0 1.0
Default
0 -0.060861 -0.744029 -3.543803 -0.224633 0.020757 -0.974222 0.012405 0.178223 1 0 1.0
0 -0.777374 -1.661658 -3.398143 -0.224633 0.020757 -0.974222 0.012405 0.178223 1 0 1.0
0 -2.835085 -0.497778 -2.979832 -0.199215 0.000000 -0.979956 0.012405 0.178223 1 0 1.0
Default
0 2.419036 -1.700479 -4.135988 -0.224633 0.020757 -0.974222 0.012405 0.178223 1 0 1.0
0 -0.777374 -1.661658 -3.398143 -0.224633 0.020757 -0.974222 0.012405 0.178223 1 0 1.0
0 -0.060861 -0.744029 -3.543803 -0.224633 0.020757 -0.974222 0.012405 0.178223 1 0 1.0
Default
0 2.270446 -0.489501 -4.100505 -0.232264 0.000000 -0.972653 0.012405 0.178223 1 0 1.0
0 2.419036 -1.700479 -4.135988 -0.224633 0.020757 -0.974222 0.012405 0.178223 1 0 1.0
0 -0.060861 -0.744029 -3.543803 -0.224633 0.020757 -0.974222 0.012405 0.178223 1 0 1.0
Default
0 -2.835085 0.000000 -2.979832 -0.810645 0.000000 0.585537 0.012405 0.178223 1 0 1.0
0 -3.965703 0.000000 -4.545112 -0.810645 0.000000 0.585537 0.012405 0.178223 1 0 1.0
0 -2.835085 -0.497778 -2.979832 -0.810645 0.000000 0.585537 0.012405 0.178223 1 0 1.0
Default
0 -3.965703 0.000000 -4.545112 -0.810645 0.000000 0.585537 0.012405 0.178223 1 0 1.0
0 -2.835085 0.000000 -2.979832 -0.810645 0.000000 0.585537 0.012405 0.178223 1 0 1.0
0 -2.835085 0.497778 -2.979832 -0.810645 0.000000 0.585537 0.012405 0.178223 1 0 1.0
Default
0 -7.315423 0.000000 4.162434 0.033833 -0.785069 0.618484 0.012405 0.201416 1 0 1.0
0 -9.175906 0.000000 4.264211 0.033833 -0.785069 0.618484 0.012405 0.201416 1 0 1.0
0 -6.030960 -1.159273 2.620653 0.033833 -0.785069 0.618484 0.012405 0.201416 1 0 1.0
Default
0 -4.081894 -1.007976 2.664116 0.046567 -0.779382 0.624816 0.012405 0.201416 1 0 1.0
0 -7.315423 0.000000 4.162434 0.033833 -0.785069 0.618484 0.012405 0.201416 1 0 1.0
0 -6.030960 -1.159273 2.620653 0.033833 -0.785069 0.618484 0.012405 0.201416 1 0 1.0
Default
0 -7.750085 -0.485548 2.134108 -0.463809 0.000000 -0.885935 0.012405 0.201416 1 0 1.0
0 -9.735004 0.000000 3.173263 -0.463809 0.000000 -0.885935 0.012405 0.201416 1 0 1.0
0 -7.750084 0.000000 2.134108 -0.463809 0.000000 -0.885935 0.012405 0.201416 1 0 1.0
Default
0 -9.735004 0.000000 3.173263 -0.463809 0.000000 -0.885935 0.012405 0.201416 1 0 1.0
0 -7.750085 0.485548 2.134108 -0.463809 0.000000 -0.885935 0.012405 0.201416 1 0 1.0
0 -7.750084 0.000000 2.134108 -0.463809 0.000000 -0.885935 0.012405 0.201416 1 0 1.0
Default
0 30.997448 -0.500274 -6.157557 0.364396 -0.724285 -0.585343 0.010849 0.204468 1 0 1.0
0 31.251572 -0.739732 -5.703059 0.364396 -0.724285 -0.585343 0.010849 0.204468 1 0 1.0
0 30.477194 -1.167583 -5.655728 0.364396 -0.724285 -0.585343 0.010849 0.204468 1 0 1.0
Default
0 31.251572 -0.739732 -5.703059 0.364396 -0.724285 -0.585343 0.010849 0.204468 1 0 1.0
0 30.997448 -0.500274 -6.157557 0.364396 -0.724285 -0.585343 0.010849 0.204468 1 0 1.0
0 31.459625 -0.238829 -6.157993 0.396548 -0.701987 -0.591578 0.010849 0.204468 1 0 1.0
Default
0 30.477194 -1.167583 -5.655728 0.234202 -0.013829 0.972090 0.010849 0.204468 1 0 1.0
0 30.542640 -0.855078 -5.667050 0.234202 -0.013829 0.972090 0.010849 0.204468 1 0 1.0
0 28.860696 -1.723294 -5.274176 0.234202 -0.013829 0.972090 0.010849 0.204468 1 0 1.0
Default
0 28.824539 -2.020645 -5.268397 0.232775 -0.009405 0.972485 0.010849 0.204468 1 0 1.0
0 30.477194 -1.167583 -5.655728 0.234202 -0.013829 0.972090 0.010849 0.204468 1 0 1.0
0 28.860696 -1.723294 -5.274176 0.234202 -0.013829 0.972090 0.010849 0.204468 1 0 1.0
Default
0 30.542640 -0.855078 -5.667050 0.117225 0.254142 0.960037 0.017059 0.794922 1 0 1.0
0 30.578513 0.000000 -5.897786 0.117225 0.254142 0.960037 0.017059 0.794922 1 0 1.0
0 28.717242 0.000000 -5.670517 0.117225 0.254142 0.960037 0.017059 0.794922 1 0 1.0
Default
0 28.860696 -1.723294 -5.274176 0.106501 0.231276 0.967041 0.017059 0.794922 1 0 1.0
0 30.542640 -0.855078 -5.667050 0.117225 0.254142 0.960037 0.017059 0.794922 1 0 1.0
0 28.717242 0.000000 -5.670517 0.117225 0.254142 0.960037 0.017059 0.794922 1 0 1.0
Default
0 31.767799 0.000000 -5.717472 -0.000000 1.000000 0.000000 0.015503 0.175049 1 0 1.0
0 31.453381 0.000000 -6.167950 -0.000000 1.000000 0.000000 0.015503 0.175049 1 0 1.0
0 31.374915 0.000000 -5.702865 -0.000000 1.000000 0.000000 0.015503 0.175049 1 0 1.0
Default
0 30.712683 0.000000 -6.204411 -0.000000 1.000000 0.000000 0.015503 0.175049 1 0 1.0
0 31.374915 0.000000 -5.702865 -0.000000 1.000000 0.000000 0.015503 0.175049 1 0 1.0
0 31.453381 0.000000 -6.167950 -0.000000 1.000000 0.000000 0.015503 0.175049 1 0 1.0
Default
0 30.578513 0.000000 -5.897786 -0.000000 1.000000 0.000000 0.015503 0.175049 1 0 1.0
0 31.374915 0.000000 -5.702865 -0.000000 1.000000 0.000000 0.015503 0.175049 1 0 1.0
0 30.712683 0.000000 -6.204411 -0.000000 1.000000 0.000000 0.015503 0.175049 1 0 1.0
Default
0 30.578513 0.000000 -5.897786 -0.000000 1.000000 0.000000 0.015503 0.175049 1 0 1.0
0 30.712683 0.000000 -6.204411 -0.000000 1.000000 0.000000 0.015503 0.175049 1 0 1.0
0 28.896187 0.000000 -6.255220 -0.000000 1.000000 0.000000 0.015503 0.175049 1 0 1.0
Default
0 28.717242 0.000000 -5.670517 -0.000000 1.000000 0.000000 0.015503 0.175049 1 0 1.0
0 30.578513 0.000000 -5.897786 -0.000000 1.000000 0.000000 0.015503 0.175049 1 0 1.0
0 28.896187 0.000000 -6.255220 -0.000000 1.000000 0.000000 0.015503 0.175049 1 0 1.0
Default
0 28.717242 0.000000 -5.670517 -0.000000 1.000000 0.000000 0.015503 0.175049 1 0 1.0
0 28.896187 0.000000 -6.255220 -0.000000 1.000000 0.000000 0.015503 0.175049 1 0 1.0
0 25.553422 0.000000 -5.534921 -0.000000 1.000000 0.000000 0.015503 0.175049 1 0 1.0
Default
0 25.584979 0.000000 -4.128380 -0.000000 1.000000 0.000000 0.015503 0.175049 1 0 1.0
0 28.717242 0.000000 -5.670517 -0.000000 1.000000 0.000000 0.015503 0.175049 1 0 1.0
0 25.553422 0.000000 -5.534921 -0.000000 1.000000 0.000000 0.015503 0.175049 1 0 1.0
Default
0 -9.480512 0.000000 -4.278111 -0.002038 -0.912639 -0.408761 0.012405 0.201416 1 0 1.0
0 -6.968439 -0.818298 -2.463624 -0.002038 -0.912639 -0.408761 0.012405 0.201416 1 0 1.0
0 -10.263000 -0.989543 -2.064857 -0.002038 -0.912639 -0.408761 0.012405 0.201416 1 0 1.0
Default
0 -12.023714 0.000000 -4.285948 0.001257 -0.913075 -0.407791 0.012405 0.201416 1 0 1.0
0 -9.480512 0.000000 -4.278111 -0.002038 -0.912639 -0.408761 0.012405 0.201416 1 0 1.0
0 -10.263000 -0.989543 -2.064857 -0.002038 -0.912639 -0.408761 0.012405 0.201416 1 0 1.0
Default
0 30.903344 -0.881322 -2.326098 -0.119541 -0.018460 -0.992658 0.012405 0.178223 1 0 1.0
0 30.864842 0.000000 -2.337851 -0.119541 -0.018460 -0.992658 0.012405 0.178223 1 0 1.0
0 31.157412 0.000000 -2.373084 -0.119541 -0.018460 -0.992658 0.012405 0.178223 1 0 1.0
Default
0 30.864842 0.000000 -2.337851 -0.119541 -0.018460 -0.992658 0.012405 0.178223 1 0 1.0
0 30.903344 0.881322 -2.326098 -0.119541 0.018460 -0.992658 0.012405 0.178223 1 0 1.0
0 31.157412 0.000000 -2.373084 -0.119541 -0.018460 -0.992658 0.012405 0.178223 1 0 1.0
Default
0 30.659832 -1.345334 -2.227865 -0.232877 -0.082922 -0.968965 0.012405 0.178223 1 0 1.0
0 30.903344 -0.881322 -2.326098 -0.232877 -0.082922 -0.968965 0.012405 0.178223 1 0 1.0
0 31.157412 -1.045800 -2.373084 -0.232877 -0.082922 -0.968965 0.012405 0.178223 1 0 1.0
Default
0 30.925690 -1.607194 -2.280342 -0.247609 -0.057569 -0.967148 0.012405 0.178223 1 0 1.0
0 30.659832 -1.345334 -2.227865 -0.232877 -0.082922 -0.968965 0.012405 0.178223 1 0 1.0
0 31.157412 -1.045800 -2.373084 -0.232877 -0.082922 -0.968965 0.012405 0.178223 1 0 1.0
Default
0 31.787096 -1.242839 -4.161656 -0.091867 0.297578 -0.950267 0.011826 0.483887 1 0 1.0
0 29.914142 -1.967740 -4.207594 -0.091867 0.297578 -0.950267 0.011826 0.483887 1 0 1.0
0 29.816602 -1.619566 -4.089133 -0.091867 0.297578 -0.950267 0.011826 0.483887 1 0 1.0
Default
0 29.816602 -1.619566 -4.089133 -0.091867 0.297578 -0.950267 0.011826 0.483887 1 0 1.0
0 29.914142 -1.967740 -4.207594 -0.091867 0.297578 -0.950267 0.011826 0.483887 1 0 1.0
0 28.176691 -2.172000 -4.048902 -0.120739 0.289265 -0.949604 0.011826 0.483887 1 0 1.0
Default
0 31.787096 -1.242839 -4.161656 0.349676 -0.915949 0.196888 0.011826 0.483887 1 0 1.0
0 30.576725 -1.533435 -3.363910 0.349676 -0.915949 0.196888 0.011826 0.483887 1 0 1.0
0 29.914142 -1.967740 -4.207594 0.349676 -0.915949 0.196888 0.011826 0.483887 1 0 1.0
Default
0 30.576725 -1.533435 -3.363910 0.349676 -0.915949 0.196888 0.011826 0.483887 1 0 1.0
0 31.787096 -1.242839 -4.161656 0.349676 -0.915949 0.196888 0.011826 0.483887 1 0 1.0
0 31.561734 -1.145849 -3.339162 0.353956 -0.912609 0.204599 0.011826 0.483887 1 0 1.0
Default
0 32.656135 -0.705484 -4.222148 0.779193 -0.626764 -0.004997 0.011826 0.483887 1 0 1.0
0 33.004452 -0.271274 -4.370677 0.779193 -0.626764 -0.004997 0.011826 0.483887 1 0 1.0
0 32.976587 -0.309591 -3.909741 0.779193 -0.626764 -0.004997 0.011826 0.483887 1 0 1.0
Default
0 32.539354 -0.833586 -3.879074 0.768269 -0.639727 0.022641 0.011826 0.483887 1 0 1.0
0 32.656135 -0.705484 -4.222148 0.779193 -0.626764 -0.004997 0.011826 0.483887 1 0 1.0
0 32.976587 -0.309591 -3.909741 0.779193 -0.626764 -0.004997 0.011826 0.483887 1 0 1.0
Default
0 11.588088 -8.183445 -2.894101 -0.160802 0.667835 -0.726731 0.013237 0.179077 1 0 1.0
0 14.923437 -6.221643 -1.829295 -0.160802 0.667835 -0.726731 0.013237 0.179077 1 0 1.0
0 15.020233 -9.396061 -4.767867 -0.160802 0.667835 -0.726731 0.013237 0.179077 1 0 1.0
Default
0 12.185771 -10.625706 -5.154622 -0.178177 0.644566 -0.743497 0.013237 0.179077 1 0 1.0
0 11.588088 -8.183445 -2.894101 -0.160802 0.667835 -0.726731 0.013237 0.179077 1 0 1.0
0 15.020233 -9.396061 -4.767867 -0.160802 0.667835 -0.726731 0.013237 0.179077 1 0 1.0
Default
0 22.778901 -3.475253 -2.349808 0.098693 -0.921840 -0.374795 0.011627 0.175903 1 0 1.0
0 24.623345 -3.629689 -1.484272 0.098693 -0.921840 -0.374795 0.011627 0.175903 1 0 1.0
0 22.921805 -4.021149 -0.969502 0.098693 -0.921840 -0.374795 0.011627 0.175903 1 0 1.0
Default
0 22.778901 -3.475253 -2.349808 0.098693 -0.921840 -0.374795 0.011627 0.175903 1 0 1.0
0 22.921805 -4.021149 -0.969502 0.098693 -0.921840 -0.374795 0.011627 0.175903 1 0 1.0
0 22.141507 -3.572027 -2.282418 0.100296 -0.921632 -0.374880 0.011627 0.175903 1 0 1.0
Default
0 20.409366 -3.975727 -1.743400 0.182698 -0.906470 -0.380700 0.011627 0.175903 1 0 1.0
0 20.977800 -3.761188 -1.981436 0.182698 -0.906470 -0.380700 0.011627 0.175903 1 0 1.0
0 20.962633 -4.026720 -1.356470 0.182698 -0.906470 -0.380700 0.011627 0.175903 1 0 1.0
Default
0 20.410332 -4.132379 -1.363394 0.178697 -0.909484 -0.375376 0.011627 0.175903 1 0 1.0
0 20.409366 -3.975727 -1.743400 0.182698 -0.906470 -0.380700 0.011627 0.175903 1 0 1.0
0 20.962633 -4.026720 -1.356470 0.182698 -0.906470 -0.380700 0.011627 0.175903 1 0 1.0
Default
0 20.413829 -4.116870 0.011502 0.187761 -0.982158 0.010601 0.011627 0.175903 1 0 1.0
0 20.410332 -4.132379 -1.363394 0.187761 -0.982158 0.010601 0.011627 0.175903 1 0 1.0
0 20.962633 -4.026720 -1.356470 0.187761 -0.982158 0.010601 0.011627 0.175903 1 0 1.0
Default
0 20.912845 -4.023483 0.694939 0.176227 -0.984332 0.005831 0.011627 0.175903 1 0 1.0
0 20.413829 -4.116870 0.011502 0.187761 -0.982158 0.010601 0.011627 0.175903 1 0 1.0
0 20.962633 -4.026720 -1.356470 0.187761 -0.982158 0.010601 0.011627 0.175903 1 0 1.0
Default
0 20.913205 -4.163056 0.497954 -0.999201 0.031731 -0.024301 0.010849 0.424561 1 0 1.0
0 20.912845 -4.023483 0.694939 -0.999201 0.031731 -0.024301 0.010849 0.424561 1 0 1.0
0 20.962633 -4.026720 -1.356470 -0.999201 0.031731 -0.024301 0.010849 0.424561 1 0 1.0
Default
0 20.962992 -4.232653 -1.553456 -0.999725 0.015271 -0.017777 0.010849 0.424561 1 0 1.0
0 20.913205 -4.163056 0.497954 -0.999201 0.031731 -0.024301 0.010849 0.424561 1 0 1.0
0 20.962633 -4.026720 -1.356470 -0.999201 0.031731 -0.024301 0.010849 0.424561 1 0 1.0
Default
0 20.962992 -4.232653 -1.553456 -0.999725 0.015271 -0.017777 0.010849 0.424561 1 0 1.0
0 20.962633 -4.026720 -1.356470 -0.999201 0.031731 -0.024301 0.010849 0.424561 1 0 1.0
0 20.977800 -3.761188 -1.981436 -0.999725 0.015271 -0.017777 0.010849 0.424561 1 0 1.0
Default
0 20.978159 -3.967122 -2.178421 -0.998483 0.037137 -0.040641 0.010849 0.424561 1 0 1.0
0 20.962992 -4.232653 -1.553456 -0.999725 0.015271 -0.017777 0.010849 0.424561 1 0 1.0
0 20.977800 -3.761188 -1.981436 -0.999725 0.015271 -0.017777 0.010849 0.424561 1 0 1.0
Default
0 21.006717 -3.659112 -2.598615 -0.998483 0.037137 -0.040641 0.010849 0.424561 1 0 1.0
0 20.978159 -3.967122 -2.178421 -0.998483 0.037137 -0.040641 0.010849 0.424561 1 0 1.0
0 20.977800 -3.761188 -1.981436 -0.999725 0.015271 -0.017777 0.010849 0.424561 1 0 1.0
Default
0 20.013551 -4.639971 0.321916 -0.982611 -0.185638 0.003756 0.010849 0.426270 1 0 1.0
0 19.960991 -4.353805 0.715433 -0.982611 -0.185638 0.003756 0.010849 0.426270 1 0 1.0
0 19.942938 -4.302752 -1.484272 -0.982611 -0.185638 0.003756 0.010849 0.426270 1 0 1.0
Default
0 19.995499 -4.588918 -1.402824 -0.983788 -0.179265 0.004991 0.010849 0.426270 1 0 1.0
0 20.013551 -4.639971 0.321916 -0.982611 -0.185638 0.003756 0.010849 0.426270 1 0 1.0
0 19.942938 -4.302752 -1.484272 -0.982611 -0.185638 0.003756 0.010849 0.426270 1 0 1.0
Default
0 19.522639 -4.521329 -0.965805 0.791686 -0.603291 -0.096295 0.011627 0.175903 1 0 1.0
0 19.159041 -5.079773 -0.456448 0.791686 -0.603291 -0.096295 0.011627 0.175903 1 0 1.0
0 19.169365 -4.924486 -1.344447 0.791686 -0.603291 -0.096295 0.011627 0.175903 1 0 1.0
Default
0 19.525211 -4.442888 -1.419125 0.792836 -0.601250 -0.099540 0.011627 0.175903 1 0 1.0
0 19.522639 -4.521329 -0.965805 0.791686 -0.603291 -0.096295 0.011627 0.175903 1 0 1.0
0 19.169365 -4.924486 -1.344447 0.791686 -0.603291 -0.096295 0.011627 0.175903 1 0 1.0
Default
0 19.150975 -4.954561 -1.868740 -0.993260 -0.108392 0.041056 0.013954 0.427734 1 0 1.0
0 19.169365 -4.924486 -1.344447 -0.993260 -0.108392 0.041056 0.013954 0.427734 1 0 1.0
0 19.130711 -4.575232 -1.357601 -0.993260 -0.108392 0.041056 0.013954 0.427734 1 0 1.0
Default
0 19.112322 -4.707320 -2.159683 -0.993364 -0.107643 0.040502 0.013954 0.427734 1 0 1.0
0 19.150975 -4.954561 -1.868740 -0.993260 -0.108392 0.041056 0.013954 0.427734 1 0 1.0
0 19.130711 -4.575232 -1.357601 -0.993260 -0.108392 0.041056 0.013954 0.427734 1 0 1.0
Default
0 19.145960 -5.014740 0.315162 -0.990984 -0.133037 -0.015889 0.013954 0.427734 1 0 1.0
0 19.107306 -4.767498 0.655887 -0.990984 -0.133037 -0.015889 0.013954 0.427734 1 0 1.0
0 19.120388 -4.730519 -0.469602 -0.993326 -0.111099 -0.030977 0.013954 0.427734 1 0 1.0
Default
0 19.159041 -5.079773 -0.456448 -0.993326 -0.111099 -0.030977 0.013954 0.427734 1 0 1.0
0 19.145960 -5.014740 0.315162 -0.990984 -0.133037 -0.015889 0.013954 0.427734 1 0 1.0
0 19.120388 -4.730519 -0.469602 -0.993326 -0.111099 -0.030977 0.013954 0.427734 1 0 1.0
Default
0 19.169365 -4.924486 -1.344447 -0.993326 -0.111099 -0.030977 0.013954 0.427734 1 0 1.0
0 19.159041 -5.079773 -0.456448 -0.993326 -0.111099 -0.030977 0.013954 0.427734 1 0 1.0
0 19.120388 -4.730519 -0.469602 -0.993326 -0.111099 -0.030977 0.013954 0.427734 1 0 1.0
Default
0 19.130711 -4.575232 -1.357601 -0.993325 -0.111107 -0.030977 0.013954 0.427734 1 0 1.0
0 19.169365 -4.924486 -1.344447 -0.993326 -0.111099 -0.030977 0.013954 0.427734 1 0 1.0
0 19.120388 -4.730519 -0.469602 -0.993326 -0.111099 -0.030977 0.013954 0.427734 1 0 1.0
Default
0 30.267693 -1.198838 -5.622753 -0.042288 -0.882289 0.468804 0.984375 0.979980 1 0 1.0
0 30.263548 -1.139200 -5.510887 -0.042288 -0.882289 0.468804 0.984375 0.979980 1 0 1.0
0 30.151947 -1.123941 -5.492238 -0.042288 -0.882289 0.468804 0.984375 0.979980 1 0 1.0
Default
0 30.262466 -1.049601 -5.326017 -0.050142 -0.898874 0.435330 0.984375 0.979980 1 0 1.0
0 30.151947 -1.123941 -5.492238 -0.042288 -0.882289 0.468804 0.984375 0.979980 1 0 1.0
0 30.263548 -1.139200 -5.510887 -0.042288 -0.882289 0.468804 0.984375 0.979980 1 0 1.0
Default
0 29.439895 -1.629798 -5.421271 -0.059141 -0.927770 0.368436 0.984375 0.979980 1 0 1.0
0 29.437704 -1.590942 -5.323786 -0.059141 -0.927770 0.368436 0.984375 0.979980 1 0 1.0
0 29.349218 -1.578807 -5.307435 -0.059141 -0.927770 0.368436 0.984375 0.979980 1 0 1.0
Default
0 29.473637 -1.516383 -5.142787 -0.054118 -0.919432 0.389507 0.984375 0.979980 1 0 1.0
0 29.349218 -1.578807 -5.307435 -0.059141 -0.927770 0.368436 0.984375 0.979980 1 0 1.0
0 29.437704 -1.590942 -5.323786 -0.059141 -0.927770 0.368436 0.984375 0.979980 1 0 1.0
Default
0 29.439895 -1.629798 -5.421271 0.977308 -0.193062 0.087157 0.984375 0.979980 1 0 1.0
0 29.482807 -1.424816 -5.448478 0.977308 -0.193062 0.087157 0.984375 0.979980 1 0 1.0
0 29.454158 -1.518472 -5.334656 0.977308 -0.193062 0.087157 0.984375 0.979980 1 0 1.0
Default
0 29.437704 -1.590942 -5.323786 0.973178 -0.205339 0.103734 0.984375 0.979980 1 0 1.0
0 29.439895 -1.629798 -5.421271 0.977308 -0.193062 0.087157 0.984375 0.979980 1 0 1.0
0 29.454158 -1.518472 -5.334656 0.977308 -0.193062 0.087157 0.984375 0.979980 1 0 1.0
Default
0 29.054995 -1.824539 -5.359741 0.980174 -0.197521 -0.015619 0.984375 0.979980 1 0 1.0
0 29.091682 -1.640373 -5.386908 0.980174 -0.197521 -0.015619 0.984375 0.979980 1 0 1.0
0 29.075949 -1.727419 -5.273195 0.980174 -0.197521 -0.015619 0.984375 0.979980 1 0 1.0
Default
0 29.062237 -1.791029 -5.262635 0.977521 -0.210840 -0.000175 0.984375 0.979980 1 0 1.0
0 29.054995 -1.824539 -5.359741 0.980174 -0.197521 -0.015619 0.984375 0.979980 1 0 1.0
0 29.075949 -1.727419 -5.273195 0.980174 -0.197521 -0.015619 0.984375 0.979980 1 0 1.0
Default
0 28.900413 -1.871106 -4.984623 0.872996 -0.186245 -0.450768 0.984375 0.979980 1 0 1.0
0 28.813247 -1.948225 -5.121572 0.872996 -0.186245 -0.450768 0.984375 0.979980 1 0 1.0
0 28.818826 -1.884410 -5.137133 0.872996 -0.186245 -0.450768 0.984375 0.979980 1 0 1.0
Default
0 28.813247 -1.948225 -5.121572 0.872996 -0.186245 -0.450768 0.984375 0.979980 1 0 1.0
0 28.764589 -1.983276 -5.205291 0.876399 -0.170209 -0.450504 0.984375 0.979980 1 0 1.0
0 28.818826 -1.884410 -5.137133 0.872996 -0.186245 -0.450768 0.984375 0.979980 1 0 1.0
Default
0 28.764589 -1.983276 -5.205291 0.876399 -0.170209 -0.450504 0.984375 0.979980 1 0 1.0
0 28.779565 -1.798549 -5.245953 0.876399 -0.170209 -0.450504 0.984375 0.979980 1 0 1.0
0 28.818826 -1.884410 -5.137133 0.872996 -0.186245 -0.450768 0.984375 0.979980 1 0 1.0
Default
0 28.534602 -2.131658 -4.948312 0.414027 -0.851999 0.320435 0.984375 0.979980 1 0 1.0
0 28.564699 -2.084512 -4.861844 0.414027 -0.851999 0.320435 0.984375 0.979980 1 0 1.0
0 28.502481 -2.096568 -4.813510 0.414027 -0.851999 0.320435 0.984375 0.979980 1 0 1.0
Default
0 28.624253 -2.002516 -4.710485 0.405333 -0.861089 0.306971 0.984375 0.979980 1 0 1.0
0 28.502481 -2.096568 -4.813510 0.414027 -0.851999 0.320435 0.984375 0.979980 1 0 1.0
0 28.564699 -2.084512 -4.861844 0.414027 -0.851999 0.320435 0.984375 0.979980 1 0 1.0
Default
0 28.624253 -2.002516 -4.710485 0.903326 0.109495 -0.414744 0.984375 0.979980 1 0 1.0
0 28.564699 -2.084512 -4.861844 0.903326 0.109495 -0.414744 0.984375 0.979980 1 0 1.0
0 28.550191 -2.022002 -4.876939 0.903326 0.109495 -0.414744 0.984375 0.979980 1 0 1.0
Default
0 28.564699 -2.084512 -4.861844 0.903326 0.109495 -0.414744 0.984375 0.979980 1 0 1.0
0 28.534602 -2.131658 -4.948312 0.907508 0.130790 -0.399153 0.984375 0.979980 1 0 1.0
0 28.550191 -2.022002 -4.876939 0.903326 0.109495 -0.414744 0.984375 0.979980 1 0 1.0
Default
0 28.534602 -2.131658 -4.948312 0.907508 0.130790 -0.399153 0.984375 0.979980 1 0 1.0
0 28.491269 -1.951181 -4.987700 0.907508 0.130790 -0.399153 0.984375 0.979980 1 0 1.0
0 28.550191 -2.022002 -4.876939 0.903326 0.109495 -0.414744 0.984375 0.979980 1 0 1.0
Default
0 32.729037 -0.078306 -4.255795 -0.997640 0.009476 -0.068000 0.984375 0.979980 1 0 1.0
0 32.738893 -0.202921 -4.417681 -0.997640 0.009476 -0.068000 0.984375 0.979980 1 0 1.0
0 32.735880 -0.357231 -4.394889 -0.997640 0.009476 -0.068000 0.984375 0.979980 1 0 1.0
Default
0 32.744338 -0.294775 -4.670463 -0.999511 0.015486 -0.027163 0.984375 0.979980 1 0 1.0
0 32.735880 -0.357231 -4.394889 -0.997640 0.009476 -0.068000 0.984375 0.979980 1 0 1.0
0 32.738893 -0.202921 -4.417681 -0.997640 0.009476 -0.068000 0.984375 0.979980 1 0 1.0
Default
0 19.135113 -0.000000 3.942882 0.231876 0.108359 0.966691 0.012405 0.178223 1 0 1.0
0 21.845907 -0.000000 3.292654 0.231876 0.108359 0.966691 0.012405 0.178223 1 0 1.0
0 21.229959 1.821419 3.236231 0.231876 0.108359 0.966691 0.012405 0.178223 1 0 1.0
Default
0 19.664395 2.445295 3.526950 0.225721 0.115676 0.967300 0.012405 0.178223 1 0 1.0
0 19.135113 -0.000000 3.942882 0.231876 0.108359 0.966691 0.012405 0.178223 1 0 1.0
0 21.229959 1.821419 3.236231 0.231876 0.108359 0.966691 0.012405 0.178223 1 0 1.0
Default
0 -32.484071 0.000000 -1.724356 -0.138526 0.928370 -0.344876 0.012405 0.201416 1 0 1.0
0 -32.378407 0.574846 -0.219371 -0.138526 0.928370 -0.344876 0.012405 0.201416 1 0 1.0
0 -28.521983 0.862328 -0.994499 -0.138526 0.928370 -0.344876 0.012405 0.201416 1 0 1.0
Default
0 -32.484071 0.000000 -1.724356 -0.138526 0.928370 -0.344876 0.012405 0.201416 1 0 1.0
0 -35.093708 0.000000 -0.895711 -0.110456 0.931018 -0.347858 0.012405 0.201416 1 0 1.0
0 -32.378407 0.574846 -0.219371 -0.138526 0.928370 -0.344876 0.012405 0.201416 1 0 1.0
Default
0 17.110403 2.426304 3.886630 0.118458 0.121699 0.985473 0.012405 0.178223 1 0 1.0
0 16.326745 -0.000000 4.280460 0.118458 0.121699 0.985473 0.012405 0.178223 1 0 1.0
0 19.135113 -0.000000 3.942882 0.118458 0.121699 0.985473 0.012405 0.178223 1 0 1.0
Default
0 19.664395 2.445295 3.526950 0.137135 0.137182 0.981007 0.012405 0.178223 1 0 1.0
0 17.110403 2.426304 3.886630 0.118458 0.121699 0.985473 0.012405 0.178223 1 0 1.0
0 19.135113 -0.000000 3.942882 0.118458 0.121699 0.985473 0.012405 0.178223 1 0 1.0
Default
0 -5.501753 1.217534 -2.466302 0.024921 0.017517 -0.999536 0.012405 0.178223 1 0 1.0
0 -4.704378 0.000000 -2.467758 0.024921 0.017517 -0.999536 0.012405 0.178223 1 0 1.0
0 -6.553398 0.000000 -2.513860 0.024921 0.017517 -0.999536 0.012405 0.178223 1 0 1.0
Default
0 -4.704378 0.000000 -2.467758 0.024921 0.017517 -0.999536 0.012405 0.178223 1 0 1.0
0 -5.501753 -1.217534 -2.466302 0.024921 -0.017517 -0.999536 0.012405 0.178223 1 0 1.0
0 -6.553398 0.000000 -2.513860 0.024921 0.017517 -0.999536 0.012405 0.178223 1 0 1.0
Default
0 1.105029 1.949870 2.895221 -0.129786 0.155334 0.979299 0.012405 0.178223 1 0 1.0
0 1.105029 -0.000000 3.204506 -0.129786 0.155334 0.979299 0.012405 0.178223 1 0 1.0
0 3.797243 -0.000000 3.561305 -0.156416 0.130436 0.979041 0.012405 0.178223 1 0 1.0
Default
0 3.797243 2.321459 3.252020 -0.156416 0.130436 0.979041 0.012405 0.178223 1 0 1.0
0 1.105029 1.949870 2.895221 -0.129786 0.155334 0.979299 0.012405 0.178223 1 0 1.0
0 3.797243 -0.000000 3.561305 -0.156416 0.130436 0.979041 0.012405 0.178223 1 0 1.0
Default
0 3.797243 2.321459 3.252020 -0.156416 0.130436 0.979041 0.012405 0.178223 1 0 1.0
0 3.797243 -0.000000 3.561305 -0.156416 0.130436 0.979041 0.012405 0.178223 1 0 1.0
0 6.394396 2.529358 3.639258 -0.156416 0.130436 0.979041 0.012405 0.178223 1 0 1.0
Default
0 6.394396 2.529358 3.639258 -0.156416 0.130436 0.979041 0.012405 0.178223 1 0 1.0
0 3.797243 -0.000000 3.561305 -0.156416 0.130436 0.979041 0.012405 0.178223 1 0 1.0
0 7.353523 0.703578 4.091549 -0.174657 0.149343 0.973238 0.012405 0.178223 1 0 1.0
Default
0 -2.835085 0.497778 -2.979832 -0.123472 0.975632 -0.181372 0.012405 0.201416 1 0 1.0
0 -0.060861 0.744029 -3.543803 -0.123472 0.975632 -0.181372 0.012405 0.201416 1 0 1.0
0 -2.473686 0.000000 -5.903494 -0.123472 0.975632 -0.181372 0.012405 0.201416 1 0 1.0
Default
0 -3.965703 0.000000 -4.545112 -0.169068 0.967952 -0.185701 0.012405 0.201416 1 0 1.0
0 -2.835085 0.497778 -2.979832 -0.123472 0.975632 -0.181372 0.012405 0.201416 1 0 1.0
0 -2.473686 0.000000 -5.903494 -0.123472 0.975632 -0.181372 0.012405 0.201416 1 0 1.0
Default
0 -4.081894 1.007976 2.664116 -0.037507 0.151841 0.987693 0.012405 0.178223 1 0 1.0
0 -4.182090 -0.000000 2.815270 -0.037507 0.151841 0.987693 0.012405 0.178223 1 0 1.0
0 -1.619621 -0.000000 2.912579 -0.037507 0.151841 0.987693 0.012405 0.178223 1 0 1.0
Default
0 -1.619621 1.612576 2.733610 -0.055053 0.110139 0.992390 0.012405 0.178223 1 0 1.0
0 -4.081894 1.007976 2.664116 -0.037507 0.151841 0.987693 0.012405 0.178223 1 0 1.0
0 -1.619621 -0.000000 2.912579 -0.037507 0.151841 0.987693 0.012405 0.178223 1 0 1.0
Default
0 13.883814 1.756043 -5.624199 -0.125709 -0.003480 -0.992061 0.012405 0.178223 1 0 1.0
0 15.179768 0.000000 -5.782255 -0.125709 -0.003480 -0.992061 0.012405 0.178223 1 0 1.0
0 10.652886 0.000000 -5.208633 -0.125709 -0.003480 -0.992061 0.012405 0.178223 1 0 1.0
Default
0 15.179768 0.000000 -5.782255 -0.125709 -0.003480 -0.992061 0.012405 0.178223 1 0 1.0
0 13.883814 -1.756043 -5.624199 -0.125709 0.003480 -0.992061 0.012405 0.178223 1 0 1.0
0 10.652886 0.000000 -5.208633 -0.125709 -0.003480 -0.992061 0.012405 0.178223 1 0 1.0
Default
0 17.502767 1.697973 -5.840764 -0.032455 0.009963 -0.999424 0.012405 0.178223 1 0 1.0
0 16.867588 0.000000 -5.837064 -0.032455 0.009963 -0.999424 0.012405 0.178223 1 0 1.0
0 15.179768 0.000000 -5.782255 -0.032455 0.009963 -0.999424 0.012405 0.178223 1 0 1.0
Default
0 16.867588 0.000000 -5.837064 -0.032455 0.009963 -0.999424 0.012405 0.178223 1 0 1.0
0 17.502767 -1.697973 -5.840764 -0.032455 -0.009963 -0.999424 0.012405 0.178223 1 0 1.0
0 15.179768 0.000000 -5.782255 -0.032455 0.009963 -0.999424 0.012405 0.178223 1 0 1.0
Default
0 -22.650506 0.710308 1.739885 0.082449 0.148993 0.985395 0.012405 0.178223 1 0 1.0
0 -22.650506 0.000000 1.847285 0.082449 0.148993 0.985395 0.012405 0.178223 1 0 1.0
0 -18.056399 0.000000 1.462893 0.082449 0.148993 0.985395 0.012405 0.178223 1 0 1.0
Default
0 -18.056399 0.754381 1.371695 0.078173 0.119649 0.989734 0.012405 0.178223 1 0 1.0
0 -22.650506 0.710308 1.739885 0.082449 0.148993 0.985395 0.012405 0.178223 1 0 1.0
0 -18.056399 0.000000 1.462893 0.082449 0.148993 0.985395 0.012405 0.178223 1 0 1.0
Default
0 -29.600699 0.384388 1.442552 -0.041167 0.268870 0.962296 0.012405 0.178223 1 0 1.0
0 -29.600699 0.000000 1.549952 -0.041167 0.268870 0.962296 0.012405 0.178223 1 0 1.0
0 -22.650506 0.000000 1.847285 -0.041167 0.268870 0.962296 0.012405 0.178223 1 0 1.0
Default
0 -33.999626 0.000000 1.470850 -0.017316 0.269057 0.962969 0.012405 0.178223 1 0 1.0
0 -29.600699 0.000000 1.549952 -0.041167 0.268870 0.962296 0.012405 0.178223 1 0 1.0
0 -29.600699 0.384388 1.442552 -0.041167 0.268870 0.962296 0.012405 0.178223 1 0 1.0
Default
0 -38.054167 0.304110 1.670544 0.073819 0.378278 0.922744 0.012405 0.178223 1 0 1.0
0 -38.054167 0.000000 1.795213 0.073819 0.378278 0.922744 0.012405 0.178223 1 0 1.0
0 -33.999626 0.000000 1.470850 0.073819 0.378278 0.922744 0.012405 0.178223 1 0 1.0
Default
0 -33.999626 0.404457 1.314071 0.072837 0.360464 0.929925 0.012405 0.178223 1 0 1.0
0 -38.054167 0.304110 1.670544 0.073819 0.378278 0.922744 0.012405 0.178223 1 0 1.0
0 -33.999626 0.000000 1.470850 0.073819 0.378278 0.922744 0.012405 0.178223 1 0 1.0
Default
0 25.553422 0.000000 -5.534921 -0.056433 0.146268 -0.987634 0.010849 0.173462 1 0 1.0
0 24.361938 0.000000 -5.466841 -0.056433 0.146268 -0.987634 0.010849 0.173462 1 0 1.0
0 24.576248 1.095963 -5.316775 -0.056433 0.146268 -0.987634 0.010849 0.173462 1 0 1.0
Default
0 25.582544 0.981950 -5.401180 -0.067420 0.136609 -0.988328 0.010849 0.173462 1 0 1.0
0 25.553422 0.000000 -5.534921 -0.056433 0.146268 -0.987634 0.010849 0.173462 1 0 1.0
0 24.576248 1.095963 -5.316775 -0.056433 0.146268 -0.987634 0.010849 0.173462 1 0 1.0
Default
0 -10.066675 1.929236 1.237526 -0.169939 0.308542 0.935907 0.012405 0.178223 1 0 1.0
0 -10.474735 0.638946 1.588803 -0.169939 0.308542 0.935907 0.012405 0.178223 1 0 1.0
0 -7.750085 0.485548 2.134108 -0.169939 0.308542 0.935907 0.012405 0.178223 1 0 1.0
Default
0 -7.583287 1.715782 1.812114 -0.194526 0.272967 0.942151 0.012405 0.178223 1 0 1.0
0 -10.066675 1.929236 1.237526 -0.169939 0.308542 0.935907 0.012405 0.178223 1 0 1.0
0 -7.750085 0.485548 2.134108 -0.169939 0.308542 0.935907 0.012405 0.178223 1 0 1.0
Default
0 -13.619606 1.945520 0.829913 -0.040761 0.426661 0.903493 0.012405 0.178223 1 0 1.0
0 -13.783239 0.597616 1.459057 -0.040761 0.426661 0.903493 0.012405 0.178223 1 0 1.0
0 -10.474735 0.638946 1.588803 -0.040761 0.426661 0.903493 0.012405 0.178223 1 0 1.0
Default
0 -13.619606 1.945520 0.829913 -0.040761 0.426661 0.903493 0.012405 0.178223 1 0 1.0
0 -17.962739 2.234755 0.470965 -0.046189 0.427101 0.903023 0.012405 0.178223 1 0 1.0
0 -13.783239 0.597616 1.459057 -0.040761 0.426661 0.903493 0.012405 0.178223 1 0 1.0
Default
0 -17.962739 2.234755 0.470965 0.001600 0.519718 0.854337 0.012405 0.178223 1 0 1.0
0 -18.056399 0.754381 1.371695 0.001600 0.519718 0.854337 0.012405 0.178223 1 0 1.0
0 -13.783239 0.597616 1.459057 0.001600 0.519718 0.854337 0.012405 0.178223 1 0 1.0
Default
0 -17.962739 2.234755 0.470965 0.001600 0.519718 0.854337 0.012405 0.178223 1 0 1.0
0 -22.571717 1.014790 1.114702 -0.018563 0.520560 0.853623 0.012405 0.178223 1 0 1.0
0 -18.056399 0.754381 1.371695 0.001600 0.519718 0.854337 0.012405 0.178223 1 0 1.0
Default
0 23.106362 2.677562 -3.897848 0.066548 0.612681 -0.787523 0.012405 0.178223 1 0 1.0
0 23.230581 1.289430 -4.967295 0.066548 0.612681 -0.787523 0.012405 0.178223 1 0 1.0
0 21.605013 1.484681 -4.952759 0.066548 0.612681 -0.787523 0.012405 0.178223 1 0 1.0
Default
0 20.791876 2.983945 -3.777309 0.043156 0.630813 -0.774734 0.012405 0.178223 1 0 1.0
0 23.106362 2.677562 -3.897848 0.066548 0.612681 -0.787523 0.012405 0.178223 1 0 1.0
0 21.605013 1.484681 -4.952759 0.066548 0.612681 -0.787523 0.012405 0.178223 1 0 1.0
Default
0 -33.817558 0.886449 0.990643 -0.021570 0.562679 0.826394 0.012405 0.178223 1 0 1.0
0 -33.999626 0.404457 1.314071 -0.021570 0.562679 0.826394 0.012405 0.178223 1 0 1.0
0 -29.600699 0.384388 1.442552 -0.021570 0.562679 0.826394 0.012405 0.178223 1 0 1.0
Default
0 -33.817558 0.886449 0.990643 -0.021570 0.562679 0.826394 0.012405 0.178223 1 0 1.0
0 -37.998168 0.575259 1.243880 0.009095 0.554809 0.831928 0.012405 0.178223 1 0 1.0
0 -33.999626 0.404457 1.314071 -0.021570 0.562679 0.826394 0.012405 0.178223 1 0 1.0
Default
0 38.996620 0.612687 -0.392244 0.149465 0.463260 0.873528 0.012405 0.178223 1 0 1.0
0 40.843688 0.441491 -0.617496 0.149465 0.463260 0.873528 0.012405 0.178223 1 0 1.0
0 39.741467 0.938975 -0.692733 0.149465 0.463260 0.873528 0.012405 0.178223 1 0 1.0
Default
0 38.423400 1.134359 -0.610559 0.127382 0.498754 0.857332 0.012405 0.178223 1 0 1.0
0 38.996620 0.612687 -0.392244 0.149465 0.463260 0.873528 0.012405 0.178223 1 0 1.0
0 39.741467 0.938975 -0.692733 0.149465 0.463260 0.873528 0.012405 0.178223 1 0 1.0
Default
0 33.483674 1.194543 0.113596 0.191108 0.424987 0.884796 0.012405 0.178223 1 0 1.0
0 35.893871 0.626583 -0.134181 0.191108 0.424987 0.884796 0.012405 0.178223 1 0 1.0
0 35.667516 1.249225 -0.384360 0.191108 0.424987 0.884796 0.012405 0.178223 1 0 1.0
Default
0 33.407168 2.059810 -0.246457 0.195243 0.391456 0.899246 0.012405 0.178223 1 0 1.0
0 33.483674 1.194543 0.113596 0.191108 0.424987 0.884796 0.012405 0.178223 1 0 1.0
0 35.667516 1.249225 -0.384360 0.191108 0.424987 0.884796 0.012405 0.178223 1 0 1.0
Default
0 28.824539 2.020645 -5.268397 0.719767 0.057850 0.691801 0.010849 0.204468 1 0 1.0
0 28.212492 2.712231 -4.689449 0.719767 0.057850 0.691801 0.010849 0.204468 1 0 1.0
0 28.104721 2.250162 -4.538675 0.719767 0.057850 0.691801 0.010849 0.204468 1 0 1.0
Default
0 28.860696 1.723294 -5.274176 0.721544 0.074349 0.688365 0.010849 0.204468 1 0 1.0
0 28.824539 2.020645 -5.268397 0.719767 0.057850 0.691801 0.010849 0.204468 1 0 1.0
0 28.104721 2.250162 -4.538675 0.719767 0.057850 0.691801 0.010849 0.204468 1 0 1.0
Default
0 28.325401 2.359868 1.375008 0.364255 0.448211 0.816349 0.012405 0.178223 1 0 1.0
0 30.487819 1.505081 0.879454 0.364255 0.448211 0.816349 0.012405 0.178223 1 0 1.0
0 29.879285 2.594754 0.552702 0.364255 0.448211 0.816349 0.012405 0.178223 1 0 1.0
Default
0 27.962838 3.414800 0.991888 0.371654 0.427092 0.824297 0.012405 0.178223 1 0 1.0
0 28.325401 2.359868 1.375008 0.364255 0.448211 0.816349 0.012405 0.178223 1 0 1.0
0 29.879285 2.594754 0.552702 0.364255 0.448211 0.816349 0.012405 0.178223 1 0 1.0
Default
0 -28.450407 1.214657 -0.742629 -0.200676 0.596376 -0.777216 0.012405 0.178223 1 0 1.0
0 -28.521983 0.862328 -0.994499 -0.200676 0.596376 -0.777216 0.012405 0.178223 1 0 1.0
0 -32.378407 0.574846 -0.219371 -0.200676 0.596376 -0.777216 0.012405 0.178223 1 0 1.0
Default
0 -32.382558 1.082519 0.205384 -0.202364 0.627443 -0.751907 0.012405 0.178223 1 0 1.0
0 -28.450407 1.214657 -0.742629 -0.200676 0.596376 -0.777216 0.012405 0.178223 1 0 1.0
0 -32.378407 0.574846 -0.219371 -0.200676 0.596376 -0.777216 0.012405 0.178223 1 0 1.0
Default
0 19.664395 2.445295 3.526950 0.373769 0.613982 0.695214 0.012405 0.178223 1 0 1.0
0 21.229959 1.821419 3.236231 0.373769 0.613982 0.695214 0.012405 0.178223 1 0 1.0
0 20.860414 3.012476 2.383023 0.373769 0.613982 0.695214 0.012405 0.178223 1 0 1.0
Default
0 19.078109 3.746592 2.796391 0.402947 0.579320 0.708535 0.012405 0.178223 1 0 1.0
0 19.664395 2.445295 3.526950 0.373769 0.613982 0.695214 0.012405 0.178223 1 0 1.0
0 20.860414 3.012476 2.383023 0.373769 0.613982 0.695214 0.012405 0.178223 1 0 1.0
Default
0 40.086700 0.927858 -1.224441 0.140342 0.519800 -0.842682 0.012405 0.178223 1 0 1.0
0 40.825616 0.335863 -1.466545 0.140342 0.519800 -0.842682 0.012405 0.178223 1 0 1.0
0 37.672083 0.711941 -1.759764 0.147487 0.519073 -0.841909 0.012405 0.178223 1 0 1.0
Default
0 37.392218 1.380838 -1.396387 0.147487 0.519073 -0.841909 0.012405 0.178223 1 0 1.0
0 40.086700 0.927858 -1.224441 0.140342 0.519800 -0.842682 0.012405 0.178223 1 0 1.0
0 37.672083 0.711941 -1.759764 0.147487 0.519073 -0.841909 0.012405 0.178223 1 0 1.0
Default
0 37.392218 1.380838 -1.396387 0.147487 0.519073 -0.841909 0.012405 0.178223 1 0 1.0
0 37.672083 0.711941 -1.759764 0.147487 0.519073 -0.841909 0.012405 0.178223 1 0 1.0
0 34.727009 1.054570 -2.064440 0.147487 0.519073 -0.841909 0.012405 0.178223 1 0 1.0
Default
0 34.298564 1.890727 -1.614806 0.145786 0.525454 -0.838239 0.012405 0.178223 1 0 1.0
0 37.392218 1.380838 -1.396387 0.147487 0.519073 -0.841909 0.012405 0.178223 1 0 1.0
0 34.727009 1.054570 -2.064440 0.147487 0.519073 -0.841909 0.012405 0.178223 1 0 1.0
Default
0 13.976839 2.575806 3.979506 0.048380 0.464837 0.884074 0.012405 0.178223 1 0 1.0
0 17.110403 2.426304 3.886630 0.048380 0.464837 0.884074 0.012405 0.178223 1 0 1.0
0 16.697821 4.070502 3.044705 0.048380 0.464837 0.884074 0.012405 0.178223 1 0 1.0
Default
0 13.751823 4.300060 3.163264 0.069981 0.434265 0.898063 0.012405 0.178223 1 0 1.0
0 13.976839 2.575806 3.979506 0.048380 0.464837 0.884074 0.012405 0.178223 1 0 1.0
0 16.697821 4.070502 3.044705 0.048380 0.464837 0.884074 0.012405 0.178223 1 0 1.0
Default
0 40.930788 0.638202 -1.003020 0.391168 0.727706 -0.563411 0.012405 0.178223 1 0 1.0
0 41.474442 0.295661 -1.068000 0.391168 0.727706 -0.563411 0.012405 0.178223 1 0 1.0
0 40.825616 0.335863 -1.466545 0.391168 0.727706 -0.563411 0.012405 0.178223 1 0 1.0
Default
0 40.086700 0.927858 -1.224441 0.396518 0.725157 -0.562957 0.012405 0.178223 1 0 1.0
0 40.930788 0.638202 -1.003020 0.391168 0.727706 -0.563411 0.012405 0.178223 1 0 1.0
0 40.825616 0.335863 -1.466545 0.391168 0.727706 -0.563411 0.012405 0.178223 1 0 1.0
Default
0 11.866841 2.654372 3.958223 0.006845 0.428588 0.903474 0.012405 0.178223 1 0 1.0
0 13.976839 2.575806 3.979506 0.006845 0.428588 0.903474 0.012405 0.178223 1 0 1.0
0 13.751823 4.300060 3.163264 0.006845 0.428588 0.903474 0.012405 0.178223 1 0 1.0
Default
0 11.870655 4.382682 3.177429 0.024935 0.411530 0.911055 0.012405 0.178223 1 0 1.0
0 11.866841 2.654372 3.958223 0.006845 0.428588 0.903474 0.012405 0.178223 1 0 1.0
0 13.751823 4.300060 3.163264 0.006845 0.428588 0.903474 0.012405 0.178223 1 0 1.0
Default
0 9.325470 4.162344 3.080256 -0.064790 0.418297 0.905997 0.012405 0.178223 1 0 1.0
0 8.779933 2.635264 3.746292 -0.064790 0.418297 0.905997 0.012405 0.178223 1 0 1.0
0 11.866841 2.654372 3.958223 -0.064790 0.418297 0.905997 0.012405 0.178223 1 0 1.0
Default
0 9.325470 4.162344 3.080256 -0.064790 0.418297 0.905997 0.012405 0.178223 1 0 1.0
0 7.232977 3.965275 3.040319 -0.059124 0.413508 0.908579 0.012405 0.178223 1 0 1.0
0 8.779933 2.635264 3.746292 -0.064790 0.418297 0.905997 0.012405 0.178223 1 0 1.0
Default
0 7.232977 3.965275 3.040319 -0.059124 0.413508 0.908579 0.012405 0.178223 1 0 1.0
0 6.394396 2.529358 3.639258 -0.059124 0.413508 0.908579 0.012405 0.178223 1 0 1.0
0 8.779933 2.635264 3.746292 -0.064790 0.418297 0.905997 0.012405 0.178223 1 0 1.0
Default
0 -5.501753 1.217534 -2.466302 -0.091058 0.328216 -0.940203 0.012405 0.178223 1 0 1.0
0 -6.968439 0.818298 -2.463624 -0.091058 0.328216 -0.940203 0.012405 0.178223 1 0 1.0
0 -6.576553 1.791520 -2.161835 -0.091058 0.328216 -0.940203 0.012405 0.178223 1 0 1.0
Default
0 -4.732317 3.430866 -1.817119 -0.100900 0.312151 -0.944659 0.012405 0.178223 1 0 1.0
0 -5.501753 1.217534 -2.466302 -0.091058 0.328216 -0.940203 0.012405 0.178223 1 0 1.0
0 -6.576553 1.791520 -2.161835 -0.091058 0.328216 -0.940203 0.012405 0.178223 1 0 1.0
Default
0 3.877792 3.663214 2.711522 -0.166041 0.377025 0.911198 0.012405 0.178223 1 0 1.0
0 3.797243 2.321459 3.252020 -0.166041 0.377025 0.911198 0.012405 0.178223 1 0 1.0
0 6.394396 2.529358 3.639258 -0.166041 0.377025 0.911198 0.012405 0.178223 1 0 1.0
Default
0 1.105029 1.949870 2.895221 -0.172630 0.376941 0.910008 0.012405 0.178223 1 0 1.0
0 3.797243 2.321459 3.252020 -0.166041 0.377025 0.911198 0.012405 0.178223 1 0 1.0
0 3.877792 3.663214 2.711522 -0.166041 0.377025 0.911198 0.012405 0.178223 1 0 1.0
Default
0 0.818488 3.337671 2.294879 -0.163558 0.363043 0.917305 0.012405 0.178223 1 0 1.0
0 1.105029 1.949870 2.895221 -0.172630 0.376941 0.910008 0.012405 0.178223 1 0 1.0
0 3.877792 3.663214 2.711522 -0.166041 0.377025 0.911198 0.012405 0.178223 1 0 1.0
Default
0 -0.777374 1.661658 -3.398143 -0.227079 0.287537 -0.930461 0.012405 0.178223 1 0 1.0
0 -2.835085 1.390248 -2.979832 -0.227079 0.287537 -0.930461 0.012405 0.178223 1 0 1.0
0 -2.503864 3.529932 -2.399447 -0.227079 0.287537 -0.930461 0.012405 0.178223 1 0 1.0
Default
0 -2.503864 3.529932 -2.399447 -0.227079 0.287537 -0.930461 0.012405 0.178223 1 0 1.0
0 -2.835085 1.390248 -2.979832 -0.227079 0.287537 -0.930461 0.012405 0.178223 1 0 1.0
0 -4.732317 3.430866 -1.817119 -0.254021 0.289633 -0.922814 0.012405 0.178223 1 0 1.0
Default
0 -5.910700 1.966917 2.266555 0.010630 0.400185 0.916373 0.012405 0.178223 1 0 1.0
0 -6.030960 1.159273 2.620653 0.010630 0.400185 0.916373 0.012405 0.178223 1 0 1.0
0 -4.081894 1.007976 2.664116 0.010630 0.400185 0.916373 0.012405 0.178223 1 0 1.0
Default
0 -3.799203 2.090049 2.237656 -0.008775 0.368634 0.929533 0.012405 0.178223 1 0 1.0
0 -5.910700 1.966917 2.266555 0.010630 0.400185 0.916373 0.012405 0.178223 1 0 1.0
0 -4.081894 1.007976 2.664116 0.010630 0.400185 0.916373 0.012405 0.178223 1 0 1.0
Default
0 28.616543 2.768996 -2.386633 0.272216 0.879292 -0.390824 0.012405 0.178223 1 0 1.0
0 29.242696 3.605128 -0.069335 0.272216 0.879292 -0.390824 0.012405 0.178223 1 0 1.0
0 30.636851 2.119849 -2.439932 0.272216 0.879292 -0.390824 0.012405 0.178223 1 0 1.0
Default
0 31.448333 2.711828 -0.527109 0.275355 0.879169 -0.388899 0.012405 0.178223 1 0 1.0
0 30.636851 2.119849 -2.439932 0.272216 0.879292 -0.390824 0.012405 0.178223 1 0 1.0
0 29.242696 3.605128 -0.069335 0.272216 0.879292 -0.390824 0.012405 0.178223 1 0 1.0
Default
0 24.623345 3.629689 -1.484272 0.129185 0.988848 -0.074100 0.012405 0.178223 1 0 1.0
0 24.415267 3.800324 0.430054 0.129185 0.988848 -0.074100 0.012405 0.178223 1 0 1.0
0 27.222060 3.203734 -2.637983 0.129185 0.988848 -0.074100 0.012405 0.178223 1 0 1.0
Default
0 24.623345 3.629689 -1.484272 0.129185 0.988848 -0.074100 0.012405 0.178223 1 0 1.0
0 27.222060 3.203734 -2.637983 0.129185 0.988848 -0.074100 0.012405 0.178223 1 0 1.0
0 26.533510 3.273417 -3.281941 0.142119 0.988828 -0.044959 0.012405 0.178223 1 0 1.0
Default
0 -3.883462 4.175109 -0.952152 -0.142991 0.978633 0.147756 0.012405 0.178223 1 0 1.0
0 -3.925072 3.924644 0.638133 -0.144429 0.978040 0.150260 0.012405 0.178223 1 0 1.0
0 -1.178433 4.330244 0.638133 -0.142991 0.978633 0.147756 0.012405 0.178223 1 0 1.0
Default
0 -3.883462 4.175109 -0.952152 -0.142991 0.978633 0.147756 0.012405 0.178223 1 0 1.0
0 -1.178433 4.330244 0.638133 -0.142991 0.978633 0.147756 0.012405 0.178223 1 0 1.0
0 -1.998157 4.480651 -1.151346 -0.142991 0.978633 0.147756 0.012405 0.178223 1 0 1.0
Default
0 1.360135 5.107291 -1.650736 -0.158933 0.975084 0.154760 0.012405 0.178223 1 0 1.0
0 -1.998157 4.480651 -1.151346 -0.142991 0.978633 0.147756 0.012405 0.178223 1 0 1.0
0 -1.178433 4.330244 0.638133 -0.142991 0.978633 0.147756 0.012405 0.178223 1 0 1.0
Default
0 -8.128272 3.252869 -0.927335 -0.125365 0.559181 -0.819513 0.012405 0.178223 1 0 1.0
0 -5.548091 3.834361 -0.925265 -0.125365 0.559181 -0.819513 0.012405 0.178223 1 0 1.0
0 -6.576553 1.791520 -2.161835 -0.125365 0.559181 -0.819513 0.012405 0.178223 1 0 1.0
Default
0 -6.576553 1.791520 -2.161835 -0.125365 0.559181 -0.819513 0.012405 0.178223 1 0 1.0
0 -10.306805 1.757111 -1.620306 -0.124069 0.560158 -0.819042 0.012405 0.178223 1 0 1.0
0 -8.128272 3.252869 -0.927335 -0.125365 0.559181 -0.819513 0.012405 0.178223 1 0 1.0
Default
0 -4.732317 3.430866 -1.817119 -0.177613 0.825395 -0.535889 0.012405 0.178223 1 0 1.0
0 -5.548091 3.834361 -0.925265 -0.177613 0.825395 -0.535889 0.012405 0.178223 1 0 1.0
0 -3.883462 4.175109 -0.952152 -0.189931 0.816594 -0.545069 0.012405 0.178223 1 0 1.0
Default
0 -2.503864 3.529932 -2.399447 -0.189931 0.816594 -0.545069 0.012405 0.178223 1 0 1.0
0 -4.732317 3.430866 -1.817119 -0.177613 0.825395 -0.535889 0.012405 0.178223 1 0 1.0
0 -3.883462 4.175109 -0.952152 -0.189931 0.816594 -0.545069 0.012405 0.178223 1 0 1.0
Default
0 -2.503864 3.529932 -2.399447 -0.189931 0.816594 -0.545069 0.012405 0.178223 1 0 1.0
0 -3.883462 4.175109 -0.952152 -0.189931 0.816594 -0.545069 0.012405 0.178223 1 0 1.0
0 -1.998157 4.480651 -1.151346 -0.189931 0.816594 -0.545069 0.012405 0.178223 1 0 1.0
Default
0 0.044504 3.857729 -2.704349 -0.171029 0.815953 -0.552240 0.012405 0.178223 1 0 1.0
0 -2.503864 3.529932 -2.399447 -0.189931 0.816594 -0.545069 0.012405 0.178223 1 0 1.0
0 -1.998157 4.480651 -1.151346 -0.189931 0.816594 -0.545069 0.012405 0.178223 1 0 1.0
Default
0 -13.563490 2.023987 -1.170489 0.055312 0.907887 -0.415550 0.012405 0.178223 1 0 1.0
0 -14.828418 2.490772 -0.319030 0.055312 0.907887 -0.415550 0.012405 0.178223 1 0 1.0
0 -12.914091 2.659864 0.305206 0.055312 0.907887 -0.415550 0.012405 0.178223 1 0 1.0
Default
0 -14.828418 2.490772 -0.319030 0.055312 0.907887 -0.415550 0.012405 0.178223 1 0 1.0
0 -13.563490 2.023987 -1.170489 0.055312 0.907887 -0.415550 0.012405 0.178223 1 0 1.0
0 -15.818189 1.944369 -1.705917 0.063966 0.912081 -0.404990 0.012405 0.178223 1 0 1.0
Default
0 5.521708 5.547405 -1.971193 -0.055917 0.990697 0.124071 0.012405 0.178223 1 0 1.0
0 6.395639 5.212620 1.095907 -0.055917 0.990697 0.124071 0.012405 0.178223 1 0 1.0
0 7.519271 5.646078 -1.858815 -0.055917 0.990697 0.124071 0.012405 0.178223 1 0 1.0
Default
0 6.395639 5.212620 1.095907 -0.055917 0.990697 0.124071 0.012405 0.178223 1 0 1.0
0 5.521708 5.547405 -1.971193 -0.055917 0.990697 0.124071 0.012405 0.178223 1 0 1.0
0 3.815479 5.209170 0.138744 -0.046377 0.991515 0.121442 0.012405 0.178223 1 0 1.0
Default
0 12.471543 5.736352 -3.356982 -0.067698 0.649717 -0.757156 0.012405 0.178223 1 0 1.0
0 14.714560 3.856412 -5.170713 -0.067698 0.649717 -0.757156 0.012405 0.178223 1 0 1.0
0 11.748881 4.200450 -4.610329 -0.067698 0.649717 -0.757156 0.012405 0.178223 1 0 1.0
Default
0 14.714560 3.856412 -5.170713 -0.067698 0.649717 -0.757156 0.012405 0.178223 1 0 1.0
0 12.471543 5.736352 -3.356982 -0.067698 0.649717 -0.757156 0.012405 0.178223 1 0 1.0
0 15.051723 5.496988 -3.731524 -0.046698 0.664147 -0.746142 0.012405 0.178223 1 0 1.0
Default
0 -8.128272 3.252869 -0.927335 -0.216326 0.959229 0.181887 0.012405 0.178223 1 0 1.0
0 -9.043820 2.773245 0.471669 -0.218835 0.958020 0.185229 0.012405 0.178223 1 0 1.0
0 -6.172325 3.405026 0.596516 -0.216326 0.959229 0.181887 0.012405 0.178223 1 0 1.0
Default
0 -5.548091 3.834361 -0.925265 -0.216326 0.959229 0.181887 0.012405 0.178223 1 0 1.0
0 -8.128272 3.252869 -0.927335 -0.216326 0.959229 0.181887 0.012405 0.178223 1 0 1.0
0 -6.172325 3.405026 0.596516 -0.216326 0.959229 0.181887 0.012405 0.178223 1 0 1.0
Default
0 -3.925072 3.924644 0.638133 -0.224809 0.957996 0.178060 0.012405 0.178223 1 0 1.0
0 -5.548091 3.834361 -0.925265 -0.216326 0.959229 0.181887 0.012405 0.178223 1 0 1.0
0 -6.172325 3.405026 0.596516 -0.216326 0.959229 0.181887 0.012405 0.178223 1 0 1.0
Default
0 -3.925072 3.924644 0.638133 -0.224809 0.957996 0.178060 0.012405 0.178223 1 0 1.0
0 -3.883462 4.175109 -0.952152 -0.196058 0.969428 0.147552 0.012405 0.178223 1 0 1.0
0 -5.548091 3.834361 -0.925265 -0.216326 0.959229 0.181887 0.012405 0.178223 1 0 1.0
Default
0 -22.571717 1.014790 1.114702 -0.207896 0.930321 0.302128 0.012405 0.178223 1 0 1.0
0 -19.073229 2.100019 0.180358 -0.207896 0.930321 0.302128 0.012405 0.178223 1 0 1.0
0 -20.414168 1.989574 -0.402262 -0.207896 0.930321 0.302128 0.012405 0.178223 1 0 1.0
Default
0 -19.073229 2.100019 0.180358 -0.207896 0.930321 0.302128 0.012405 0.178223 1 0 1.0
0 -22.571717 1.014790 1.114702 -0.207896 0.930321 0.302128 0.012405 0.178223 1 0 1.0
0 -17.962739 2.234755 0.470965 -0.198271 0.923032 0.329698 0.012405 0.178223 1 0 1.0
Default
0 6.395639 5.212620 1.095907 -0.129056 0.808471 0.574212 0.012405 0.178223 1 0 1.0
0 3.877792 3.663214 2.711522 -0.129056 0.808471 0.574212 0.012405 0.178223 1 0 1.0
0 7.232977 3.965275 3.040319 -0.129056 0.808471 0.574212 0.012405 0.178223 1 0 1.0
Default
0 6.395639 5.212620 1.095907 -0.129056 0.808471 0.574212 0.012405 0.178223 1 0 1.0
0 7.232977 3.965275 3.040319 -0.129056 0.808471 0.574212 0.012405 0.178223 1 0 1.0
0 10.473987 5.456053 1.470448 -0.087078 0.805939 0.585559 0.012405 0.178223 1 0 1.0
Default
0 10.473987 5.456053 1.470448 -0.087078 0.805939 0.585559 0.012405 0.178223 1 0 1.0
0 7.232977 3.965275 3.040319 -0.129056 0.808471 0.574212 0.012405 0.178223 1 0 1.0
0 9.325470 4.162344 3.080256 -0.087078 0.805939 0.585559 0.012405 0.178223 1 0 1.0
Default
0 29.242696 3.605128 -0.069335 0.423369 0.653218 0.627745 0.012405 0.178223 1 0 1.0
0 27.962838 3.414800 0.991888 0.423369 0.653218 0.627745 0.012405 0.178223 1 0 1.0
0 29.879285 2.594754 0.552702 0.423369 0.653218 0.627745 0.012405 0.178223 1 0 1.0
Default
0 31.448333 2.711828 -0.527109 0.397574 0.649513 0.648126 0.012405 0.178223 1 0 1.0
0 29.242696 3.605128 -0.069335 0.423369 0.653218 0.627745 0.012405 0.178223 1 0 1.0
0 29.879285 2.594754 0.552702 0.423369 0.653218 0.627745 0.012405 0.178223 1 0 1.0
Default
0 19.130711 4.575232 -1.357601 0.291144 0.942947 -0.161511 0.011627 0.175903 1 0 1.0
0 17.007659 5.287458 -1.026498 0.291144 0.942947 -0.161511 0.011627 0.175903 1 0 1.0
0 18.256132 5.179976 0.596516 0.291144 0.942947 -0.161511 0.011627 0.175903 1 0 1.0
Default
0 19.120388 4.730519 -0.469602 0.291144 0.942947 -0.161511 0.011627 0.175903 1 0 1.0
0 19.130711 4.575232 -1.357601 0.291144 0.942947 -0.161511 0.011627 0.175903 1 0 1.0
0 18.256132 5.179976 0.596516 0.291144 0.942947 -0.161511 0.011627 0.175903 1 0 1.0
Default
0 22.141507 3.572027 -2.282418 -0.980490 -0.148217 0.129117 0.010849 0.419922 1 0 1.0
0 22.151308 3.165740 -2.674426 -0.980490 -0.148217 0.129117 0.010849 0.419922 1 0 1.0
0 22.317772 3.695877 -0.801714 -0.980490 -0.148217 0.129117 0.010849 0.419922 1 0 1.0
Default
0 22.264045 3.988150 -0.794463 -0.974426 -0.182395 0.131251 0.010849 0.419922 1 0 1.0
0 22.141507 3.572027 -2.282418 -0.980490 -0.148217 0.129117 0.010849 0.419922 1 0 1.0
0 22.317772 3.695877 -0.801714 -0.980490 -0.148217 0.129117 0.010849 0.419922 1 0 1.0
Default
0 15.051723 5.496988 -3.731524 0.073845 0.989567 -0.123706 0.012405 0.178223 1 0 1.0
0 12.471543 5.736352 -3.356982 0.073845 0.989567 -0.123706 0.012405 0.178223 1 0 1.0
0 13.428704 5.893832 -1.525887 0.073845 0.989567 -0.123706 0.012405 0.178223 1 0 1.0
Default
0 15.967271 5.589339 -2.524666 0.068459 0.989454 -0.127648 0.012405 0.178223 1 0 1.0
0 15.051723 5.496988 -3.731524 0.073845 0.989567 -0.123706 0.012405 0.178223 1 0 1.0
0 13.428704 5.893832 -1.525887 0.073845 0.989567 -0.123706 0.012405 0.178223 1 0 1.0
Default
0 13.678399 5.837161 -0.485492 -0.024672 0.997877 0.060276 0.012405 0.178223 1 0 1.0
0 13.428704 5.893832 -1.525887 -0.031343 0.998772 0.038375 0.012405 0.178223 1 0 1.0
0 11.556000 5.762061 -0.110951 -0.044772 0.995793 0.079945 0.012405 0.178223 1 0 1.0
Default
0 13.428704 5.893832 -1.525887 -0.031343 0.998772 0.038375 0.012405 0.178223 1 0 1.0
0 9.849752 5.765530 -1.109729 -0.031343 0.998772 0.038375 0.012405 0.178223 1 0 1.0
0 11.556000 5.762061 -0.110951 -0.044772 0.995793 0.079945 0.012405 0.178223 1 0 1.0
Default
0 9.849752 5.765530 -1.109729 -0.031343 0.998772 0.038375 0.012405 0.178223 1 0 1.0
0 8.268353 5.577493 0.346823 -0.044772 0.995793 0.079945 0.012405 0.178223 1 0 1.0
0 11.556000 5.762061 -0.110951 -0.044772 0.995793 0.079945 0.012405 0.178223 1 0 1.0
Default
0 10.182678 5.832721 -2.586571 -0.031343 0.998772 0.038375 0.012405 0.178223 1 0 1.0
0 9.849752 5.765530 -1.109729 -0.031343 0.998772 0.038375 0.012405 0.178223 1 0 1.0
0 13.428704 5.893832 -1.525887 -0.031343 0.998772 0.038375 0.012405 0.178223 1 0 1.0
Default
0 9.849752 5.765530 -1.109729 -0.031343 0.998772 0.038375 0.012405 0.178223 1 0 1.0
0 7.519271 5.646078 -1.858815 -0.068494 0.996176 0.054238 0.012405 0.178223 1 0 1.0
0 8.268353 5.577493 0.346823 -0.044772 0.995793 0.079945 0.012405 0.178223 1 0 1.0
Default
0 9.849752 5.765530 -1.109729 -0.031343 0.998772 0.038375 0.012405 0.178223 1 0 1.0
0 10.182678 5.832721 -2.586571 -0.031343 0.998772 0.038375 0.012405 0.178223 1 0 1.0
0 7.519271 5.646078 -1.858815 -0.068494 0.996176 0.054238 0.012405 0.178223 1 0 1.0
Default
0 -24.869253 1.447222 -1.151085 -0.105237 0.969030 -0.223398 0.012405 0.178223 1 0 1.0
0 -24.546856 1.761466 0.060135 -0.105237 0.969030 -0.223398 0.012405 0.178223 1 0 1.0
0 -22.292663 1.971780 -0.089482 -0.105237 0.969030 -0.223398 0.012405 0.178223 1 0 1.0
Default
0 -24.869253 1.447222 -1.151085 -0.105237 0.969030 -0.223398 0.012405 0.178223 1 0 1.0
0 -27.870338 1.409566 0.551434 -0.134237 0.967294 -0.215229 0.012405 0.178223 1 0 1.0
0 -24.546856 1.761466 0.060135 -0.105237 0.969030 -0.223398 0.012405 0.178223 1 0 1.0
Default
0 -28.450407 1.214657 -0.742629 -0.102658 0.989370 -0.103000 0.012405 0.178223 1 0 1.0
0 -29.777722 1.199618 0.435832 -0.102658 0.989370 -0.103000 0.012405 0.178223 1 0 1.0
0 -27.870338 1.409566 0.551434 -0.102658 0.989370 -0.103000 0.012405 0.178223 1 0 1.0
Default
0 -24.869253 1.447222 -1.151085 -0.077377 0.990407 -0.114488 0.012405 0.178223 1 0 1.0
0 -28.450407 1.214657 -0.742629 -0.102658 0.989370 -0.103000 0.012405 0.178223 1 0 1.0
0 -27.870338 1.409566 0.551434 -0.102658 0.989370 -0.103000 0.012405 0.178223 1 0 1.0
Default
0 9.095901 1.230495 4.223119 -0.013160 0.207580 0.978129 0.012405 0.178223 1 0 1.0
0 11.995867 0.699490 4.374827 -0.013160 0.207580 0.978129 0.012405 0.178223 1 0 1.0
0 11.866841 2.654372 3.958223 -0.013160 0.207580 0.978129 0.012405 0.178223 1 0 1.0
Default
0 11.866841 2.654372 3.958223 -0.013160 0.207580 0.978129 0.012405 0.178223 1 0 1.0
0 11.995867 0.699490 4.374827 -0.013160 0.207580 0.978129 0.012405 0.178223 1 0 1.0
0 13.976839 2.575806 3.979506 -0.002109 0.208296 0.978064 0.012405 0.178223 1 0 1.0
Default
0 10.012830 0.314124 5.263536 0.113946 0.793199 0.598207 0.012405 0.201416 1 0 1.0
0 11.995867 0.699490 4.374827 0.113946 0.793199 0.598207 0.012405 0.201416 1 0 1.0
0 9.095901 1.230495 4.223119 0.113946 0.793199 0.598207 0.012405 0.201416 1 0 1.0
Default
0 6.874398 -0.000000 6.255220 0.110416 0.792087 0.600339 0.012405 0.201416 1 0 1.0
0 10.012830 0.314124 5.263536 0.113946 0.793199 0.598207 0.012405 0.201416 1 0 1.0
0 9.095901 1.230495 4.223119 0.113946 0.793199 0.598207 0.012405 0.201416 1 0 1.0
Default
0 -7.315423 0.000000 4.162434 0.046567 0.779382 0.624816 0.012405 0.201416 1 0 1.0
0 -4.081894 1.007976 2.664116 0.046567 0.779382 0.624816 0.012405 0.201416 1 0 1.0
0 -6.030960 1.159273 2.620653 0.046567 0.779382 0.624816 0.012405 0.201416 1 0 1.0
Default
0 -9.175906 0.000000 4.264211 0.033833 0.785069 0.618484 0.012405 0.201416 1 0 1.0
0 -7.315423 0.000000 4.162434 0.046567 0.779382 0.624816 0.012405 0.201416 1 0 1.0
0 -6.030960 1.159273 2.620653 0.046567 0.779382 0.624816 0.012405 0.201416 1 0 1.0
Default
0 30.997448 0.500274 -6.157557 0.231033 0.693390 -0.682521 0.010849 0.204468 1 0 1.0
0 30.354200 0.750211 -6.121380 0.231033 0.693390 -0.682521 0.010849 0.204468 1 0 1.0
0 30.477194 1.167583 -5.655728 0.231033 0.693390 -0.682521 0.010849 0.204468 1 0 1.0
Default
0 30.354200 0.750211 -6.121380 0.231033 0.693390 -0.682521 0.010849 0.204468 1 0 1.0
0 28.780206 1.369483 -5.999680 0.218921 0.722090 -0.656247 0.010849 0.204468 1 0 1.0
0 30.477194 1.167583 -5.655728 0.231033 0.693390 -0.682521 0.010849 0.204468 1 0 1.0
Default
0 28.780206 1.369483 -5.999680 0.218921 0.722090 -0.656247 0.010849 0.204468 1 0 1.0
0 28.824539 2.020645 -5.268397 0.218921 0.722090 -0.656247 0.010849 0.204468 1 0 1.0
0 30.477194 1.167583 -5.655728 0.231033 0.693390 -0.682521 0.010849 0.204468 1 0 1.0
Default
0 28.824539 2.020645 -5.268397 0.218921 0.722090 -0.656247 0.010849 0.204468 1 0 1.0
0 28.780206 1.369483 -5.999680 0.218921 0.722090 -0.656247 0.010849 0.204468 1 0 1.0
0 28.212492 2.712231 -4.689449 0.197561 0.726133 -0.658560 0.010849 0.204468 1 0 1.0
Default
0 30.477194 1.167583 -5.655728 0.232775 0.009405 0.972485 0.010849 0.204468 1 0 1.0
0 28.824539 2.020645 -5.268397 0.232775 0.009405 0.972485 0.010849 0.204468 1 0 1.0
0 28.860696 1.723294 -5.274176 0.232775 0.009405 0.972485 0.010849 0.204468 1 0 1.0
Default
0 30.542640 0.855078 -5.667050 0.234202 0.013829 0.972090 0.010849 0.204468 1 0 1.0
0 30.477194 1.167583 -5.655728 0.232775 0.009405 0.972485 0.010849 0.204468 1 0 1.0
0 28.860696 1.723294 -5.274176 0.232775 0.009405 0.972485 0.010849 0.204468 1 0 1.0
Default
0 30.542640 0.855078 -5.667050 0.106501 -0.231276 0.967041 0.017059 0.794922 1 0 1.0
0 28.860696 1.723294 -5.274176 0.106501 -0.231276 0.967041 0.017059 0.794922 1 0 1.0
0 28.717242 0.000000 -5.670517 0.106501 -0.231276 0.967041 0.017059 0.794922 1 0 1.0
Default
0 30.578513 0.000000 -5.897786 0.117225 -0.254142 0.960037 0.017059 0.794922 1 0 1.0
0 30.542640 0.855078 -5.667050 0.106501 -0.231276 0.967041 0.017059 0.794922 1 0 1.0
0 28.717242 0.000000 -5.670517 0.106501 -0.231276 0.967041 0.017059 0.794922 1 0 1.0
Default
0 -10.263000 0.989543 -2.064857 -0.002038 0.912639 -0.408761 0.012405 0.201416 1 0 1.0
0 -6.968439 0.818298 -2.463624 -0.002038 0.912639 -0.408761 0.012405 0.201416 1 0 1.0
0 -9.480512 0.000000 -4.278111 -0.002038 0.912639 -0.408761 0.012405 0.201416 1 0 1.0
Default
0 -12.023714 0.000000 -4.285948 0.001257 0.913075 -0.407791 0.012405 0.201416 1 0 1.0
0 -10.263000 0.989543 -2.064857 -0.002038 0.912639 -0.408761 0.012405 0.201416 1 0 1.0
0 -9.480512 0.000000 -4.278111 -0.002038 0.912639 -0.408761 0.012405 0.201416 1 0 1.0
Default
0 30.264287 1.778318 -2.278865 -0.124210 -0.309158 -0.942864 0.012405 0.178223 1 0 1.0
0 30.636851 2.119849 -2.439932 -0.124210 -0.309158 -0.942864 0.012405 0.178223 1 0 1.0
0 30.925690 1.607194 -2.280342 -0.090626 -0.342203 -0.935246 0.012405 0.178223 1 0 1.0
Default
0 28.616543 2.768996 -2.386633 -0.124210 -0.309158 -0.942864 0.012405 0.178223 1 0 1.0
0 30.636851 2.119849 -2.439932 -0.124210 -0.309158 -0.942864 0.012405 0.178223 1 0 1.0
0 30.264287 1.778318 -2.278865 -0.124210 -0.309158 -0.942864 0.012405 0.178223 1 0 1.0
Default
0 28.397138 2.382883 -2.224694 -0.130650 -0.319404 -0.938569 0.012405 0.178223 1 0 1.0
0 28.616543 2.768996 -2.386633 -0.124210 -0.309158 -0.942864 0.012405 0.178223 1 0 1.0
0 30.264287 1.778318 -2.278865 -0.124210 -0.309158 -0.942864 0.012405 0.178223 1 0 1.0
Default
0 30.659832 1.345334 -2.227865 -0.247609 0.057569 -0.967148 0.012405 0.178223 1 0 1.0
0 30.925690 1.607194 -2.280342 -0.247609 0.057569 -0.967148 0.012405 0.178223 1 0 1.0
0 31.157412 1.045800 -2.373084 -0.247609 0.057569 -0.967148 0.012405 0.178223 1 0 1.0
Default
0 30.903344 0.881322 -2.326098 -0.232877 0.082922 -0.968965 0.012405 0.178223 1 0 1.0
0 30.659832 1.345334 -2.227865 -0.247609 0.057569 -0.967148 0.012405 0.178223 1 0 1.0
0 31.157412 1.045800 -2.373084 -0.247609 0.057569 -0.967148 0.012405 0.178223 1 0 1.0
Default
0 29.914142 1.967740 -4.207594 -0.120739 -0.289265 -0.949604 0.011826 0.483887 1 0 1.0
0 29.816602 1.619566 -4.089133 -0.120739 -0.289265 -0.949604 0.011826 0.483887 1 0 1.0
0 28.176691 2.172000 -4.048902 -0.120739 -0.289265 -0.949604 0.011826 0.483887 1 0 1.0
Default
0 29.914142 1.967740 -4.207594 -0.120739 -0.289265 -0.949604 0.011826 0.483887 1 0 1.0
0 31.787096 1.242839 -4.161656 -0.091867 -0.297578 -0.950267 0.011826 0.483887 1 0 1.0
0 29.816602 1.619566 -4.089133 -0.120739 -0.289265 -0.949604 0.011826 0.483887 1 0 1.0
Default
0 30.576725 1.533435 -3.363910 0.349676 0.915949 0.196888 0.011826 0.483887 1 0 1.0
0 31.787096 1.242839 -4.161656 0.349676 0.915949 0.196888 0.011826 0.483887 1 0 1.0
0 29.914142 1.967740 -4.207594 0.349676 0.915949 0.196888 0.011826 0.483887 1 0 1.0
Default
0 31.787096 1.242839 -4.161656 0.349676 0.915949 0.196888 0.011826 0.483887 1 0 1.0
0 30.576725 1.533435 -3.363910 0.349676 0.915949 0.196888 0.011826 0.483887 1 0 1.0
0 31.561734 1.145849 -3.339162 0.353956 0.912609 0.204599 0.011826 0.483887 1 0 1.0
Default
0 32.976587 0.309591 -3.909741 0.779192 0.626765 -0.004997 0.011826 0.483887 1 0 1.0
0 33.004452 0.271274 -4.370677 0.779192 0.626765 -0.004997 0.011826 0.483887 1 0 1.0
0 32.656135 0.705484 -4.222148 0.779192 0.626765 -0.004997 0.011826 0.483887 1 0 1.0
Default
0 32.539354 0.833586 -3.879074 0.768268 0.639728 0.022641 0.011826 0.483887 1 0 1.0
0 32.976587 0.309591 -3.909741 0.779192 0.626765 -0.004997 0.011826 0.483887 1 0 1.0
0 32.656135 0.705484 -4.222148 0.779192 0.626765 -0.004997 0.011826 0.483887 1 0 1.0
Default
0 15.020233 9.396061 -4.767867 -0.160802 -0.667836 -0.726731 0.013237 0.179077 1 0 1.0
0 14.923437 6.221643 -1.829295 -0.160802 -0.667836 -0.726731 0.013237 0.179077 1 0 1.0
0 11.588088 8.183445 -2.894101 -0.160802 -0.667836 -0.726731 0.013237 0.179077 1 0 1.0
Default
0 12.185771 10.625706 -5.154622 -0.178177 -0.644566 -0.743497 0.013237 0.179077 1 0 1.0
0 15.020233 9.396061 -4.767867 -0.160802 -0.667836 -0.726731 0.013237 0.179077 1 0 1.0
0 11.588088 8.183445 -2.894101 -0.160802 -0.667836 -0.726731 0.013237 0.179077 1 0 1.0
Default
0 24.623345 3.629689 -1.484272 0.098693 0.921840 -0.374795 0.011627 0.175903 1 0 1.0
0 22.778901 3.475253 -2.349808 0.098693 0.921840 -0.374795 0.011627 0.175903 1 0 1.0
0 22.921805 4.021149 -0.969502 0.098693 0.921840 -0.374795 0.011627 0.175903 1 0 1.0
Default
0 22.778901 3.475253 -2.349808 0.098693 0.921840 -0.374795 0.011627 0.175903 1 0 1.0
0 22.141507 3.572027 -2.282418 0.100296 0.921632 -0.374879 0.011627 0.175903 1 0 1.0
0 22.921805 4.021149 -0.969502 0.098693 0.921840 -0.374795 0.011627 0.175903 1 0 1.0
Default
0 20.962633 4.026720 -1.356470 0.182699 0.906470 -0.380702 0.011627 0.175903 1 0 1.0
0 20.977800 3.761188 -1.981436 0.182699 0.906470 -0.380702 0.011627 0.175903 1 0 1.0
0 20.409366 3.975727 -1.743400 0.182699 0.906470 -0.380702 0.011627 0.175903 1 0 1.0
Default
0 20.410332 4.132379 -1.363394 0.178696 0.909484 -0.375376 0.011627 0.175903 1 0 1.0
0 20.962633 4.026720 -1.356470 0.182699 0.906470 -0.380702 0.011627 0.175903 1 0 1.0
0 20.409366 3.975727 -1.743400 0.182699 0.906470 -0.380702 0.011627 0.175903 1 0 1.0
Default
0 20.413829 4.116870 0.011502 0.176227 0.984332 0.005831 0.011627 0.175903 1 0 1.0
0 20.912845 4.023483 0.694939 0.176227 0.984332 0.005831 0.011627 0.175903 1 0 1.0
0 20.962633 4.026720 -1.356470 0.176227 0.984332 0.005831 0.011627 0.175903 1 0 1.0
Default
0 20.410332 4.132379 -1.363394 0.187761 0.982158 0.010601 0.011627 0.175903 1 0 1.0
0 20.413829 4.116870 0.011502 0.176227 0.984332 0.005831 0.011627 0.175903 1 0 1.0
0 20.962633 4.026720 -1.356470 0.176227 0.984332 0.005831 0.011627 0.175903 1 0 1.0
Default
0 20.962633 4.026720 -1.356470 -0.999201 -0.031727 -0.024301 0.010849 0.424561 1 0 1.0
0 20.912845 4.023483 0.694939 -0.999201 -0.031727 -0.024301 0.010849 0.424561 1 0 1.0
0 20.913205 4.163056 0.497954 -0.999201 -0.031727 -0.024301 0.010849 0.424561 1 0 1.0
Default
0 20.962992 4.232653 -1.553456 -0.999725 -0.015264 -0.017777 0.010849 0.424561 1 0 1.0
0 20.962633 4.026720 -1.356470 -0.999201 -0.031727 -0.024301 0.010849 0.424561 1 0 1.0
0 20.913205 4.163056 0.497954 -0.999201 -0.031727 -0.024301 0.010849 0.424561 1 0 1.0
Default
0 20.977800 3.761188 -1.981436 -0.999725 -0.015264 -0.017777 0.010849 0.424561 1 0 1.0
0 20.962633 4.026720 -1.356470 -0.999201 -0.031727 -0.024301 0.010849 0.424561 1 0 1.0
0 20.962992 4.232653 -1.553456 -0.999725 -0.015264 -0.017777 0.010849 0.424561 1 0 1.0
Default
0 20.978159 3.967122 -2.178421 -0.999726 -0.015255 -0.017777 0.010849 0.424561 1 0 1.0
0 20.977800 3.761188 -1.981436 -0.999725 -0.015264 -0.017777 0.010849 0.424561 1 0 1.0
0 20.962992 4.232653 -1.553456 -0.999725 -0.015264 -0.017777 0.010849 0.424561 1 0 1.0
Default
0 20.978159 3.967122 -2.178421 -0.999726 -0.015255 -0.017777 0.010849 0.424561 1 0 1.0
0 21.006717 3.659112 -2.598615 -0.998483 -0.037137 -0.040641 0.010849 0.424561 1 0 1.0
0 20.977800 3.761188 -1.981436 -0.999725 -0.015264 -0.017777 0.010849 0.424561 1 0 1.0
Default
0 19.942938 4.302752 -1.484272 -0.982611 0.185640 0.003756 0.010849 0.426270 1 0 1.0
0 19.960991 4.353805 0.715433 -0.982611 0.185640 0.003756 0.010849 0.426270 1 0 1.0
0 20.013551 4.639971 0.321916 -0.982611 0.185640 0.003756 0.010849 0.426270 1 0 1.0
Default
0 19.995499 4.588918 -1.402824 -0.983788 0.179267 0.004991 0.010849 0.426270 1 0 1.0
0 19.942938 4.302752 -1.484272 -0.982611 0.185640 0.003756 0.010849 0.426270 1 0 1.0
0 20.013551 4.639971 0.321916 -0.982611 0.185640 0.003756 0.010849 0.426270 1 0 1.0
Default
0 19.169365 4.924486 -1.344447 0.791685 0.603293 -0.096295 0.011627 0.175903 1 0 1.0
0 19.159041 5.079773 -0.456448 0.791685 0.603293 -0.096295 0.011627 0.175903 1 0 1.0
0 19.522639 4.521329 -0.965805 0.791685 0.603293 -0.096295 0.011627 0.175903 1 0 1.0
Default
0 19.525211 4.442888 -1.419125 0.792837 0.601250 -0.099540 0.011627 0.175903 1 0 1.0
0 19.169365 4.924486 -1.344447 0.791685 0.603293 -0.096295 0.011627 0.175903 1 0 1.0
0 19.522639 4.521329 -0.965805 0.791685 0.603293 -0.096295 0.011627 0.175903 1 0 1.0
Default
0 19.169365 4.924486 -1.344447 -0.993325 0.111107 -0.030977 0.013954 0.427734 1 0 1.0
0 19.130711 4.575232 -1.357601 -0.993325 0.111107 -0.030977 0.013954 0.427734 1 0 1.0
0 19.120388 4.730519 -0.469602 -0.993325 0.111107 -0.030977 0.013954 0.427734 1 0 1.0
Default
0 19.159041 5.079773 -0.456448 -0.993326 0.111099 -0.030977 0.013954 0.427734 1 0 1.0
0 19.169365 4.924486 -1.344447 -0.993325 0.111107 -0.030977 0.013954 0.427734 1 0 1.0
0 19.120388 4.730519 -0.469602 -0.993325 0.111107 -0.030977 0.013954 0.427734 1 0 1.0
Default
0 19.159041 5.079773 -0.456448 -0.993326 0.111099 -0.030977 0.013954 0.427734 1 0 1.0
0 19.120388 4.730519 -0.469602 -0.993325 0.111107 -0.030977 0.013954 0.427734 1 0 1.0
0 19.145960 5.014740 0.315162 -0.990983 0.133044 -0.015889 0.013954 0.427734 1 0 1.0
Default
0 19.120388 4.730519 -0.469602 -0.993325 0.111107 -0.030977 0.013954 0.427734 1 0 1.0
0 19.107306 4.767498 0.655887 -0.990983 0.133044 -0.015889 0.013954 0.427734 1 0 1.0
0 19.145960 5.014740 0.315162 -0.990983 0.133044 -0.015889 0.013954 0.427734 1 0 1.0
Default
0 19.150975 4.954561 -1.868740 -0.993364 0.107643 0.040502 0.013954 0.427734 1 0 1.0
0 19.112322 4.707320 -2.159683 -0.993364 0.107643 0.040502 0.013954 0.427734 1 0 1.0
0 19.130711 4.575232 -1.357601 -0.993364 0.107643 0.040502 0.013954 0.427734 1 0 1.0
Default
0 19.169365 4.924486 -1.344447 -0.993260 0.108392 0.041056 0.013954 0.427734 1 0 1.0
0 19.150975 4.954561 -1.868740 -0.993364 0.107643 0.040502 0.013954 0.427734 1 0 1.0
0 19.130711 4.575232 -1.357601 -0.993364 0.107643 0.040502 0.013954 0.427734 1 0 1.0
Default
0 30.151947 1.123941 -5.492238 -0.042288 0.882287 0.468808 0.984375 0.979980 1 0 1.0
0 30.263548 1.139200 -5.510887 -0.042288 0.882287 0.468808 0.984375 0.979980 1 0 1.0
0 30.267693 1.198838 -5.622753 -0.042288 0.882287 0.468808 0.984375 0.979980 1 0 1.0
Default
0 30.151947 1.123941 -5.492238 -0.042288 0.882287 0.468808 0.984375 0.979980 1 0 1.0
0 30.262466 1.049601 -5.326017 -0.050142 0.898874 0.435330 0.984375 0.979980 1 0 1.0
0 30.263548 1.139200 -5.510887 -0.042288 0.882287 0.468808 0.984375 0.979980 1 0 1.0
Default
0 29.349218 1.578807 -5.307435 -0.059140 0.927766 0.368447 0.984375 0.979980 1 0 1.0
0 29.437704 1.590942 -5.323786 -0.059140 0.927766 0.368447 0.984375 0.979980 1 0 1.0
0 29.439895 1.629798 -5.421271 -0.059140 0.927766 0.368447 0.984375 0.979980 1 0 1.0
Default
0 29.349218 1.578807 -5.307435 -0.059140 0.927766 0.368447 0.984375 0.979980 1 0 1.0
0 29.473637 1.516383 -5.142787 -0.054118 0.919432 0.389507 0.984375 0.979980 1 0 1.0
0 29.437704 1.590942 -5.323786 -0.059140 0.927766 0.368447 0.984375 0.979980 1 0 1.0
Default
0 29.439895 1.629798 -5.421271 0.973178 0.205339 0.103734 0.984375 0.979980 1 0 1.0
0 29.437704 1.590942 -5.323786 0.973178 0.205339 0.103734 0.984375 0.979980 1 0 1.0
0 29.454158 1.518472 -5.334656 0.973178 0.205339 0.103734 0.984375 0.979980 1 0 1.0
Default
0 29.482807 1.424816 -5.448478 0.977308 0.193062 0.087157 0.984375 0.979980 1 0 1.0
0 29.439895 1.629798 -5.421271 0.973178 0.205339 0.103734 0.984375 0.979980 1 0 1.0
0 29.454158 1.518472 -5.334656 0.973178 0.205339 0.103734 0.984375 0.979980 1 0 1.0
Default
0 29.054995 1.824539 -5.359741 0.977521 0.210840 -0.000175 0.984375 0.979980 1 0 1.0
0 29.062237 1.791029 -5.262635 0.977521 0.210840 -0.000175 0.984375 0.979980 1 0 1.0
0 29.075949 1.727419 -5.273195 0.977521 0.210840 -0.000175 0.984375 0.979980 1 0 1.0
Default
0 29.091682 1.640373 -5.386908 0.980174 0.197521 -0.015619 0.984375 0.979980 1 0 1.0
0 29.054995 1.824539 -5.359741 0.977521 0.210840 -0.000175 0.984375 0.979980 1 0 1.0
0 29.075949 1.727419 -5.273195 0.977521 0.210840 -0.000175 0.984375 0.979980 1 0 1.0
Default
0 28.813247 1.948225 -5.121572 0.872996 0.186245 -0.450768 0.984375 0.979980 1 0 1.0
0 28.900413 1.871106 -4.984623 0.872996 0.186245 -0.450768 0.984375 0.979980 1 0 1.0
0 28.818826 1.884410 -5.137133 0.872996 0.186245 -0.450768 0.984375 0.979980 1 0 1.0
Default
0 28.764589 1.983276 -5.205291 0.881336 0.183229 -0.435516 0.984375 0.979980 1 0 1.0
0 28.813247 1.948225 -5.121572 0.872996 0.186245 -0.450768 0.984375 0.979980 1 0 1.0
0 28.818826 1.884410 -5.137133 0.872996 0.186245 -0.450768 0.984375 0.979980 1 0 1.0
Default
0 28.779565 1.798549 -5.245953 0.876399 0.170209 -0.450504 0.984375 0.979980 1 0 1.0
0 28.764589 1.983276 -5.205291 0.881336 0.183229 -0.435516 0.984375 0.979980 1 0 1.0
0 28.818826 1.884410 -5.137133 0.872996 0.186245 -0.450768 0.984375 0.979980 1 0 1.0
Default
0 28.502481 2.096568 -4.813510 0.414028 0.851999 0.320434 0.984375 0.979980 1 0 1.0
0 28.564699 2.084512 -4.861844 0.414028 0.851999 0.320434 0.984375 0.979980 1 0 1.0
0 28.534602 2.131658 -4.948312 0.414028 0.851999 0.320434 0.984375 0.979980 1 0 1.0
Default
0 28.502481 2.096568 -4.813510 0.414028 0.851999 0.320434 0.984375 0.979980 1 0 1.0
0 28.624253 2.002516 -4.710485 0.405333 0.861089 0.306971 0.984375 0.979980 1 0 1.0
0 28.564699 2.084512 -4.861844 0.414028 0.851999 0.320434 0.984375 0.979980 1 0 1.0
Default
0 28.564699 2.084512 -4.861844 0.903326 -0.109495 -0.414744 0.984375 0.979980 1 0 1.0
0 28.624253 2.002516 -4.710485 0.903326 -0.109495 -0.414744 0.984375 0.979980 1 0 1.0
0 28.550191 2.022002 -4.876939 0.903326 -0.109495 -0.414744 0.984375 0.979980 1 0 1.0
Default
0 28.534602 2.131658 -4.948312 0.915538 -0.119795 -0.383978 0.984375 0.979980 1 0 1.0
0 28.564699 2.084512 -4.861844 0.903326 -0.109495 -0.414744 0.984375 0.979980 1 0 1.0
0 28.550191 2.022002 -4.876939 0.903326 -0.109495 -0.414744 0.984375 0.979980 1 0 1.0
Default
0 28.491269 1.951181 -4.987700 0.907508 -0.130790 -0.399153 0.984375 0.979980 1 0 1.0
0 28.534602 2.131658 -4.948312 0.915538 -0.119795 -0.383978 0.984375 0.979980 1 0 1.0
0 28.550191 2.022002 -4.876939 0.903326 -0.109495 -0.414744 0.984375 0.979980 1 0 1.0
Default
0 32.735880 0.357231 -4.394889 -0.997640 -0.009461 -0.068000 0.984375 0.979980 1 0 1.0
0 32.738893 0.202921 -4.417681 -0.997640 -0.009461 -0.068000 0.984375 0.979980 1 0 1.0
0 32.729037 0.078306 -4.255795 -0.997640 -0.009461 -0.068000 0.984375 0.979980 1 0 1.0
Default
0 32.735880 0.357231 -4.394889 -0.997640 -0.009461 -0.068000 0.984375 0.979980 1 0 1.0
0 32.744338 0.294775 -4.670463 -0.999511 -0.015486 -0.027163 0.984375 0.979980 1 0 1.0
0 32.738893 0.202921 -4.417681 -0.997640 -0.009461 -0.068000 0.984375 0.979980 1 0 1.0
Default
0 30.487819 -1.505081 0.879454 0.274721 0.000000 0.961524 0.012405 0.178223 1 0 1.0
0 31.749232 -1.313124 0.519050 0.271405 -0.003443 0.962459 0.012405 0.178223 1 0 1.0
0 30.487819 -0.000000 0.879454 0.271405 -0.003443 0.962459 0.012405 0.178223 1 0 1.0
Default
0 31.749232 -1.313124 0.519050 0.271405 -0.003443 0.962459 0.012405 0.178223 1 0 1.0
0 31.846623 -0.000000 0.496283 0.271405 -0.003443 0.962459 0.012405 0.178223 1 0 1.0
0 30.487819 -0.000000 0.879454 0.271405 -0.003443 0.962459 0.012405 0.178223 1 0 1.0
Default
0 31.749232 -1.313124 0.519050 0.271405 -0.003443 0.962459 0.012405 0.178223 1 0 1.0
0 33.483674 -1.194543 0.113596 0.227629 0.000000 0.973748 0.012405 0.178223 1 0 1.0
0 31.846623 -0.000000 0.496283 0.271405 -0.003443 0.962459 0.012405 0.178223 1 0 1.0
Default
0 33.483674 -1.194543 0.113596 0.227629 0.000000 0.973748 0.012405 0.178223 1 0 1.0
0 33.483674 -0.000000 0.113596 0.227629 0.000000 0.973748 0.012405 0.178223 1 0 1.0
0 31.846623 -0.000000 0.496283 0.271405 -0.003443 0.962459 0.012405 0.178223 1 0 1.0
Default
0 31.846623 -0.000000 0.496283 0.271405 -0.003443 0.962459 0.012405 0.178223 1 0 1.0
0 33.483674 -0.000000 0.113596 0.227629 0.000000 0.973748 0.012405 0.178223 1 0 1.0
0 33.483674 1.194543 0.113596 0.227629 0.000000 0.973748 0.012405 0.178223 1 0 1.0
Default
0 31.749232 1.313124 0.519050 0.271405 0.003442 0.962459 0.012405 0.178223 1 0 1.0
0 31.846623 -0.000000 0.496283 0.271405 -0.003443 0.962459 0.012405 0.178223 1 0 1.0
0 33.483674 1.194543 0.113596 0.227629 0.000000 0.973748 0.012405 0.178223 1 0 1.0
Default
0 30.487819 -0.000000 0.879454 0.271405 -0.003443 0.962459 0.012405 0.178223 1 0 1.0
0 31.846623 -0.000000 0.496283 0.271405 -0.003443 0.962459 0.012405 0.178223 1 0 1.0
0 31.749232 1.313124 0.519050 0.271405 0.003442 0.962459 0.012405 0.178223 1 0 1.0
Default
0 30.487819 1.505081 0.879454 0.274721 0.000000 0.961524 0.012405 0.178223 1 0 1.0
0 30.487819 -0.000000 0.879454 0.271405 -0.003443 0.962459 0.012405 0.178223 1 0 1.0
0 31.749232 1.313124 0.519050 0.271405 0.003442 0.962459 0.012405 0.178223 1 0 1.0
Default
0 23.414904 -0.000000 2.726521 0.333778 -0.181368 0.925040 0.012405 0.178223 1 0 1.0
0 23.414904 -1.664218 2.400226 0.333778 -0.181368 0.925040 0.012405 0.178223 1 0 1.0
0 24.973767 -0.000000 2.180919 0.324835 -0.181968 0.928100 0.012405 0.178223 1 0 1.0
Default
0 23.414904 -1.664218 2.400226 0.333778 -0.181368 0.925040 0.012405 0.178223 1 0 1.0
0 23.414904 -0.000000 2.726521 0.333778 -0.181368 0.925040 0.012405 0.178223 1 0 1.0
0 21.845907 -0.000000 3.292654 0.333778 -0.181368 0.925040 0.012405 0.178223 1 0 1.0
Default
0 21.229959 -1.821419 3.236231 0.362717 -0.151145 0.919560 0.012405 0.178223 1 0 1.0
0 23.414904 -1.664218 2.400226 0.333778 -0.181368 0.925040 0.012405 0.178223 1 0 1.0
0 21.845907 -0.000000 3.292654 0.333778 -0.181368 0.925040 0.012405 0.178223 1 0 1.0
Default
0 34.727009 -1.054570 -2.064440 0.044104 0.000000 -0.999027 0.012405 0.178223 1 0 1.0
0 31.617485 -0.879165 -2.201715 0.044104 0.000000 -0.999027 0.012405 0.178223 1 0 1.0
0 34.727009 0.000000 -2.064440 0.044104 0.000000 -0.999027 0.012405 0.178223 1 0 1.0
Default
0 31.617485 -0.879165 -2.201715 0.044104 0.000000 -0.999027 0.012405 0.178223 1 0 1.0
0 31.617485 0.000000 -2.201715 0.044104 0.000000 -0.999027 0.012405 0.178223 1 0 1.0
0 34.727009 0.000000 -2.064440 0.044104 0.000000 -0.999027 0.012405 0.178223 1 0 1.0
Default
0 34.727009 0.000000 -2.064440 0.044104 0.000000 -0.999027 0.012405 0.178223 1 0 1.0
0 31.617485 0.000000 -2.201715 0.044104 0.000000 -0.999027 0.012405 0.178223 1 0 1.0
0 31.617485 0.879165 -2.201715 0.044104 0.000000 -0.999027 0.012405 0.178223 1 0 1.0
Default
0 34.727009 1.054570 -2.064440 0.044104 0.000000 -0.999027 0.012405 0.178223 1 0 1.0
0 34.727009 0.000000 -2.064440 0.044104 0.000000 -0.999027 0.012405 0.178223 1 0 1.0
0 31.617485 0.879165 -2.201715 0.044104 0.000000 -0.999027 0.012405 0.178223 1 0 1.0
Default
0 7.353523 -0.000000 4.091549 -0.147471 0.000000 0.989066 0.012405 0.178223 1 0 1.0
0 3.797243 -0.000000 3.561305 -0.147471 0.000000 0.989066 0.012405 0.178223 1 0 1.0
0 7.353523 -0.703578 4.091549 -0.147471 0.000000 0.989066 0.012405 0.178223 1 0 1.0
Default
0 7.353523 -0.000000 4.091549 -0.147471 0.000000 0.989066 0.012405 0.178223 1 0 1.0
0 7.353523 0.703578 4.091549 -0.147471 0.000000 0.989066 0.012405 0.178223 1 0 1.0
0 3.797243 -0.000000 3.561305 -0.147471 0.000000 0.989066 0.012405 0.178223 1 0 1.0
Default
0 33.483674 -1.194543 0.113596 0.102265 0.000000 0.994757 0.012405 0.178223 1 0 1.0
0 35.893871 -0.626583 -0.134181 0.102265 0.000000 0.994757 0.012405 0.178223 1 0 1.0
0 33.483674 -0.000000 0.113596 0.102265 0.000000 0.994757 0.012405 0.178223 1 0 1.0
Default
0 35.893871 -0.626583 -0.134181 0.102265 0.000000 0.994757 0.012405 0.178223 1 0 1.0
0 35.893871 -0.000000 -0.134181 0.082886 0.000000 0.996559 0.012405 0.178223 1 0 1.0
0 33.483674 -0.000000 0.113596 0.102265 0.000000 0.994757 0.012405 0.178223 1 0 1.0
Default
0 35.893871 -0.626583 -0.134181 0.102265 0.000000 0.994757 0.012405 0.178223 1 0 1.0
0 38.996620 -0.612687 -0.392244 0.082886 0.000000 0.996559 0.012405 0.178223 1 0 1.0
0 35.893871 -0.000000 -0.134181 0.082886 0.000000 0.996559 0.012405 0.178223 1 0 1.0
Default
0 33.483674 -0.000000 0.113596 0.102265 0.000000 0.994757 0.012405 0.178223 1 0 1.0
0 35.893871 -0.000000 -0.134181 0.082886 0.000000 0.996559 0.012405 0.178223 1 0 1.0
0 35.893871 0.626583 -0.134181 0.102265 0.000000 0.994757 0.012405 0.178223 1 0 1.0
Default
0 33.483674 1.194543 0.113596 0.102265 0.000000 0.994757 0.012405 0.178223 1 0 1.0
0 33.483674 -0.000000 0.113596 0.102265 0.000000 0.994757 0.012405 0.178223 1 0 1.0
0 35.893871 0.626583 -0.134181 0.102265 0.000000 0.994757 0.012405 0.178223 1 0 1.0
Default
0 35.893871 0.626583 -0.134181 0.102265 0.000000 0.994757 0.012405 0.178223 1 0 1.0
0 35.893871 -0.000000 -0.134181 0.082886 0.000000 0.996559 0.012405 0.178223 1 0 1.0
0 38.996620 0.612687 -0.392244 0.082886 0.000000 0.996559 0.012405 0.178223 1 0 1.0
Default
0 38.996620 -0.612687 -0.392244 0.082886 0.000000 0.996559 0.012405 0.178223 1 0 1.0
0 38.996620 -0.000000 -0.392244 0.082886 0.000000 0.996559 0.012405 0.178223 1 0 1.0
0 35.893871 -0.000000 -0.134181 0.082886 0.000000 0.996559 0.012405 0.178223 1 0 1.0
Default
0 35.893871 -0.000000 -0.134181 0.082886 0.000000 0.996559 0.012405 0.178223 1 0 1.0
0 38.996620 -0.000000 -0.392244 0.082886 0.000000 0.996559 0.012405 0.178223 1 0 1.0
0 38.996620 0.612687 -0.392244 0.082886 0.000000 0.996559 0.012405 0.178223 1 0 1.0
Default
0 38.996620 -0.612687 -0.392244 0.082886 0.000000 0.996559 0.012405 0.178223 1 0 1.0
0 40.843688 -0.441491 -0.617496 0.121054 0.000000 0.992646 0.012405 0.178223 1 0 1.0
0 38.996620 -0.000000 -0.392244 0.082886 0.000000 0.996559 0.012405 0.178223 1 0 1.0
Default
0 38.996620 0.612687 -0.392244 0.082886 0.000000 0.996559 0.012405 0.178223 1 0 1.0
0 38.996620 -0.000000 -0.392244 0.082886 0.000000 0.996559 0.012405 0.178223 1 0 1.0
0 40.843688 0.441491 -0.617496 0.121054 0.000000 0.992646 0.012405 0.178223 1 0 1.0
Default
0 40.843688 -0.441491 -0.617496 0.121054 0.000000 0.992646 0.012405 0.178223 1 0 1.0
0 40.843688 -0.000000 -0.617496 0.121054 0.000000 0.992646 0.012405 0.178223 1 0 1.0
0 38.996620 -0.000000 -0.392244 0.082886 0.000000 0.996559 0.012405 0.178223 1 0 1.0
Default
0 38.996620 -0.000000 -0.392244 0.082886 0.000000 0.996559 0.012405 0.178223 1 0 1.0
0 40.843688 -0.000000 -0.617496 0.121054 0.000000 0.992646 0.012405 0.178223 1 0 1.0
0 40.843688 0.441491 -0.617496 0.121054 0.000000 0.992646 0.012405 0.178223 1 0 1.0
Default
0 -17.354982 -1.889556 -1.562009 -0.084407 -0.093409 -0.992044 0.012405 0.178223 1 0 1.0
0 -21.172814 -1.208892 -1.301263 -0.084407 -0.093409 -0.992044 0.012405 0.178223 1 0 1.0
0 -17.382810 -1.154075 -1.628893 -0.084407 -0.093409 -0.992044 0.012405 0.178223 1 0 1.0
Default
0 -17.382810 -1.154075 -1.628893 -0.084407 -0.093409 -0.992044 0.012405 0.178223 1 0 1.0
0 -16.815786 -1.908787 -1.612500 -0.096137 -0.093752 -0.990943 0.012405 0.178223 1 0 1.0
0 -17.354982 -1.889556 -1.562009 -0.084407 -0.093409 -0.992044 0.012405 0.178223 1 0 1.0
Default
0 8.779933 -2.635264 3.746292 -0.056503 -0.416032 0.907593 0.012405 0.178223 1 0 1.0
0 9.325470 -4.162344 3.080256 -0.056503 -0.416032 0.907593 0.012405 0.178223 1 0 1.0
0 11.866841 -2.654372 3.958223 -0.064790 -0.418297 0.905997 0.012405 0.178223 1 0 1.0
Default
0 7.232977 -3.965275 3.040319 -0.056503 -0.416032 0.907593 0.012405 0.178223 1 0 1.0
0 9.325470 -4.162344 3.080256 -0.056503 -0.416032 0.907593 0.012405 0.178223 1 0 1.0
0 8.779933 -2.635264 3.746292 -0.056503 -0.416032 0.907593 0.012405 0.178223 1 0 1.0
Default
0 6.394396 -2.529358 3.639258 -0.059124 -0.413508 0.908579 0.012405 0.178223 1 0 1.0
0 7.232977 -3.965275 3.040319 -0.056503 -0.416032 0.907593 0.012405 0.178223 1 0 1.0
0 8.779933 -2.635264 3.746292 -0.056503 -0.416032 0.907593 0.012405 0.178223 1 0 1.0
Default
0 3.797243 -2.321459 3.252020 -0.172630 -0.376941 0.910008 0.012405 0.178223 1 0 1.0
0 3.877792 -3.663214 2.711522 -0.172630 -0.376941 0.910008 0.012405 0.178223 1 0 1.0
0 6.394396 -2.529358 3.639258 -0.166041 -0.377025 0.911198 0.012405 0.178223 1 0 1.0
Default
0 3.877792 -3.663214 2.711522 -0.172630 -0.376941 0.910008 0.012405 0.178223 1 0 1.0
0 3.797243 -2.321459 3.252020 -0.172630 -0.376941 0.910008 0.012405 0.178223 1 0 1.0
0 1.105029 -1.949870 2.895221 -0.172630 -0.376941 0.910008 0.012405 0.178223 1 0 1.0
Default
0 0.818488 -3.337671 2.294879 -0.163558 -0.363043 0.917305 0.012405 0.178223 1 0 1.0
0 3.877792 -3.663214 2.711522 -0.172630 -0.376941 0.910008 0.012405 0.178223 1 0 1.0
0 1.105029 -1.949870 2.895221 -0.172630 -0.376941 0.910008 0.012405 0.178223 1 0 1.0
Default
0 30.477194 -1.167583 -5.655728 0.046415 0.026458 0.998572 0.010849 0.204468 1 0 1.0
0 31.251572 -0.739732 -5.703059 0.046139 -0.021214 0.998710 0.010849 0.204468 1 0 1.0
0 30.542640 -0.855078 -5.667050 0.054016 -0.020318 0.998333 0.010849 0.204468 1 0 1.0
Default
0 30.542640 -0.855078 -5.667050 0.054016 -0.020318 0.998333 0.010849 0.204468 1 0 1.0
0 31.251572 -0.739732 -5.703059 0.046139 -0.021214 0.998710 0.010849 0.204468 1 0 1.0
0 31.217961 -0.441027 -5.695161 0.046139 -0.021214 0.998710 0.010849 0.204468 1 0 1.0
Default
0 31.767799 -0.295507 -5.717472 0.046139 -0.021214 0.998710 0.010849 0.204468 1 0 1.0
0 31.217961 -0.441027 -5.695161 0.046139 -0.021214 0.998710 0.010849 0.204468 1 0 1.0
0 31.251572 -0.739732 -5.703059 0.046139 -0.021214 0.998710 0.010849 0.204468 1 0 1.0
Default
0 31.217961 -0.441027 -5.695161 0.046139 -0.021214 0.998710 0.010849 0.204468 1 0 1.0
0 31.767799 -0.295507 -5.717472 0.046139 -0.021214 0.998710 0.010849 0.204468 1 0 1.0
0 31.374915 0.000000 -5.702865 0.037155 0.000000 0.999310 0.010849 0.204468 1 0 1.0
Default
0 31.767799 -0.295507 -5.717472 0.046139 -0.021214 0.998710 0.010849 0.204468 1 0 1.0
0 31.767799 0.000000 -5.717472 0.037155 0.000000 0.999310 0.010849 0.204468 1 0 1.0
0 31.374915 0.000000 -5.702865 0.037155 0.000000 0.999310 0.010849 0.204468 1 0 1.0
Default
0 31.767799 0.000000 -5.717472 0.037155 0.000000 0.999310 0.010849 0.204468 1 0 1.0
0 31.767799 0.295507 -5.717472 0.046138 0.021214 0.998710 0.010849 0.204468 1 0 1.0
0 31.374915 0.000000 -5.702865 0.037155 0.000000 0.999310 0.010849 0.204468 1 0 1.0
Default
0 31.767799 0.295507 -5.717472 0.046138 0.021214 0.998710 0.010849 0.204468 1 0 1.0
0 31.217961 0.441027 -5.695161 0.046138 0.021214 0.998710 0.010849 0.204468 1 0 1.0
0 31.374915 0.000000 -5.702865 0.037155 0.000000 0.999310 0.010849 0.204468 1 0 1.0
Default
0 31.767799 0.295507 -5.717472 0.046138 0.021214 0.998710 0.010849 0.204468 1 0 1.0
0 31.251572 0.739732 -5.703059 0.046138 0.021214 0.998710 0.010849 0.204468 1 0 1.0
0 31.217961 0.441027 -5.695161 0.046138 0.021214 0.998710 0.010849 0.204468 1 0 1.0
Default
0 31.217961 0.441027 -5.695161 0.046138 0.021214 0.998710 0.010849 0.204468 1 0 1.0
0 31.251572 0.739732 -5.703059 0.046138 0.021214 0.998710 0.010849 0.204468 1 0 1.0
0 30.542640 0.855078 -5.667050 0.046414 -0.026458 0.998572 0.010849 0.204468 1 0 1.0
Default
0 30.542640 0.855078 -5.667050 0.046414 -0.026458 0.998572 0.010849 0.204468 1 0 1.0
0 31.251572 0.739732 -5.703059 0.046138 0.021214 0.998710 0.010849 0.204468 1 0 1.0
0 30.477194 1.167583 -5.655728 0.046414 -0.026458 0.998572 0.010849 0.204468 1 0 1.0
Default
0 28.397138 -2.382883 -2.224694 -0.130650 0.319404 -0.938569 0.012405 0.178223 1 0 1.0
0 30.264287 -1.778318 -2.278865 -0.124210 0.309158 -0.942864 0.012405 0.178223 1 0 1.0
0 28.616543 -2.768996 -2.386633 -0.124210 0.309158 -0.942864 0.012405 0.178223 1 0 1.0
Default
0 30.264287 -1.778318 -2.278865 -0.124210 0.309158 -0.942864 0.012405 0.178223 1 0 1.0
0 30.636851 -2.119849 -2.439932 -0.124210 0.309158 -0.942864 0.012405 0.178223 1 0 1.0
0 28.616543 -2.768996 -2.386633 -0.124210 0.309158 -0.942864 0.012405 0.178223 1 0 1.0
Default
0 30.636851 -2.119849 -2.439932 -0.124210 0.309158 -0.942864 0.012405 0.178223 1 0 1.0
0 30.264287 -1.778318 -2.278865 -0.124210 0.309158 -0.942864 0.012405 0.178223 1 0 1.0
0 30.925690 -1.607194 -2.280342 -0.090626 0.342203 -0.935246 0.012405 0.178223 1 0 1.0
Default
0 32.976587 -0.309591 -3.909741 0.998145 0.004457 0.060712 0.011826 0.483887 1 0 1.0
0 33.004452 -0.271274 -4.370677 0.998214 0.006631 0.059369 0.011826 0.483887 1 0 1.0
0 32.976587 0.000000 -3.932473 0.998214 0.006631 0.059369 0.011826 0.483887 1 0 1.0
Default
0 33.004452 -0.271274 -4.370677 0.998214 0.006631 0.059369 0.011826 0.483887 1 0 1.0
0 33.004452 0.000000 -4.400987 0.998214 0.006631 0.059369 0.011826 0.483887 1 0 1.0
0 32.976587 0.000000 -3.932473 0.998214 0.006631 0.059369 0.011826 0.483887 1 0 1.0
Default
0 32.976587 0.000000 -3.932473 0.998214 0.006631 0.059369 0.011826 0.483887 1 0 1.0
0 33.004452 0.000000 -4.400987 0.998214 0.006631 0.059369 0.011826 0.483887 1 0 1.0
0 33.004452 0.271274 -4.370677 0.998214 -0.006638 0.059369 0.011826 0.483887 1 0 1.0
Default
0 32.976587 0.309591 -3.909741 0.998145 -0.004456 0.060712 0.011826 0.483887 1 0 1.0
0 32.976587 0.000000 -3.932473 0.998214 0.006631 0.059369 0.011826 0.483887 1 0 1.0
0 33.004452 0.271274 -4.370677 0.998214 -0.006638 0.059369 0.011826 0.483887 1 0 1.0
Default
0 -10.474735 0.638946 1.588803 -0.040554 0.141182 0.989153 0.012405 0.178223 1 0 1.0
0 -13.783239 0.597616 1.459057 -0.038738 0.150742 0.987814 0.012405 0.178223 1 0 1.0
0 -10.474734 0.000000 1.680000 -0.038738 0.150742 0.987814 0.012405 0.178223 1 0 1.0
Default
0 -13.783239 0.597616 1.459057 -0.038738 0.150742 0.987814 0.012405 0.178223 1 0 1.0
0 -13.783239 0.000000 1.550255 -0.038738 0.150742 0.987814 0.012405 0.178223 1 0 1.0
0 -10.474734 0.000000 1.680000 -0.038738 0.150742 0.987814 0.012405 0.178223 1 0 1.0
Default
0 -18.056399 0.000000 1.462893 -0.020206 0.150824 0.988354 0.012405 0.178223 1 0 1.0
0 -13.783239 0.000000 1.550255 -0.038738 0.150742 0.987814 0.012405 0.178223 1 0 1.0
0 -13.783239 0.597616 1.459057 -0.038738 0.150742 0.987814 0.012405 0.178223 1 0 1.0
Default
0 -18.056399 0.754381 1.371695 -0.015892 0.120001 0.992647 0.012405 0.178223 1 0 1.0
0 -18.056399 0.000000 1.462893 -0.020206 0.150824 0.988354 0.012405 0.178223 1 0 1.0
0 -13.783239 0.597616 1.459057 -0.038738 0.150742 0.987814 0.012405 0.178223 1 0 1.0
Default
0 -17.354982 1.889556 -1.562009 -0.084407 0.093409 -0.992044 0.012405 0.178223 1 0 1.0
0 -17.382810 1.154075 -1.628893 -0.084407 0.093409 -0.992044 0.012405 0.178223 1 0 1.0
0 -21.172814 1.208892 -1.301263 -0.084407 0.093409 -0.992044 0.012405 0.178223 1 0 1.0
Default
0 -17.354982 1.889556 -1.562009 -0.084407 0.093409 -0.992044 0.012405 0.178223 1 0 1.0
0 -16.815786 1.908787 -1.612500 -0.096137 0.093752 -0.990943 0.012405 0.178223 1 0 1.0
0 -17.382810 1.154075 -1.628893 -0.084407 0.093409 -0.992044 0.012405 0.178223 1 0 1.0
Default
0 31.251572 0.739732 -5.703059 0.364396 0.724285 -0.585343 0.010849 0.204468 1 0 1.0
0 30.997448 0.500274 -6.157557 0.364396 0.724285 -0.585343 0.010849 0.204468 1 0 1.0
0 30.477194 1.167583 -5.655728 0.364396 0.724285 -0.585343 0.010849 0.204468 1 0 1.0
Default
0 30.997448 0.500274 -6.157557 0.364396 0.724285 -0.585343 0.010849 0.204468 1 0 1.0
0 31.251572 0.739732 -5.703059 0.364396 0.724285 -0.585343 0.010849 0.204468 1 0 1.0
0 31.459625 0.238829 -6.157993 0.396548 0.701987 -0.591578 0.010849 0.204468 1 0 1.0
end
