mtllib AnglerfishDrip.mtl
g AnglerfishDrip
usemtl Default
v 0.289494962 -0.0338205025 0.069564268
v 0.283668518 -0.0320909619 0.0937029719
v 0.299265504 -0.0181948449 0.0952968299
v 0.327350467 2.19843251E-15 -0.125201762
v 0.323278606 2.08270325E-15 -0.142561719
v 0.321823806 -0.0278628208 -0.142853916
v 0.0689549968 -0.041510351 0.21355173
v 0.0578941815 -5.65050978E-15 0.229324102
v 0.11808607 -3.74921939E-15 0.218456179
v 0.336790651 2.46673867E-15 -0.0977132544
v 0.327350467 2.19843251E-15 -0.125201762
v 0.324110031 -0.0344300903 -0.120228924
v 0.0139164561 -0.0400922745 0.199029639
v 0.00266959216 -7.04241065E-15 0.218228325
v 0.0578941815 -5.65050978E-15 0.229324102
v 0.333334237 2.36850148E-15 -0.0685012043
v 0.336790651 2.46673867E-15 -0.0977132544
v 0.328211129 -0.0303647183 -0.0915005207
v -0.0765892193 -0.0377633423 -0.0826724246
v -0.0774240568 -8.50283013E-15 -0.0968988538
v -0.101226792 -7.7723379E-15 -0.0550989509
v -0.0477192588 -0.0495591611 0.189096242
v -0.0601523705 -8.3403294E-15 0.200912625
v 0.00266959216 -7.04241065E-15 0.218228325
v 0.301455855 -0.0475357622 -0.0784831718
v 0.321938723 -0.0314503349 -0.0806045681
v 0.295773596 -0.0676841289 -0.0837967023
v -0.0524602085 -8.24577765E-15 -0.126507133
v -0.0774240568 -8.50283013E-15 -0.0968988538
v -0.0765892193 -0.0377633423 -0.0826724246
v 0.272211939 -0.0771018714 -0.0940441862
v 0.301455855 -0.0475357622 -0.0784831718
v 0.295773596 -0.0676841289 -0.0837967023
v -0.02575472 -7.71806935E-15 -0.15785706
v -0.0524602085 -8.24577765E-15 -0.126507133
v -0.0502240881 -0.0537354574 -0.119381256
v -0.150610313 -0.0282993466 0.117558345
v -0.152523398 -0.0116237495 0.126483172
v -0.107809275 -0.00638055103 0.167509392
v 0.299313456 1.40157271E-15 0.0735127181
v 0.289494962 -0.0338205025 0.069564268
v 0.308055222 -0.0185722392 0.0718959346
v -0.184199437 -0.00900179986 0.0954064429
v -0.152523398 -0.0116237495 0.126483172
v -0.150610313 -0.0282993466 0.117558345
v 0.0564718433 -0.0643139631 -0.197986484
v 0.0491367877 -5.83475893E-15 -0.206043079
v 0.00675632013 -6.93640066E-15 -0.183401451
v -0.21134752 -0.00791621394 0.0593082309
v -0.214628398 -0.0278957784 0.0467750058
v -0.234832019 -7.10542736E-15 0.0472799242
v 0.152340814 -2.77564099E-15 -0.208126098
v 0.093580097 -4.44572103E-15 -0.215418622
v 0.100742199 -0.0558182374 -0.207606763
v 0.207028583 -1.22132114E-15 -0.199121445
v 0.152340814 -2.77564099E-15 -0.208126098
v 0.163004249 -0.0551756099 -0.204985291
v 0.259005815 2.55960651E-16 -0.189198002
v 0.207028583 -1.22132114E-15 -0.199121445
v 0.213800043 -0.0572816804 -0.19260174
v 0.163004249 -0.0551756099 -0.204985291
v 0.213800043 -0.0572816804 -0.19260174
v 0.181280926 -0.117822692 -0.196555614
v -0.222110301 -0.0105763897 -0.034367919
v -0.218982548 -7.10542693E-15 -0.0401593372
v -0.229142249 -7.10542736E-15 -0.0466755182
v 0.182447299 -1.91996323E-15 0.18461436
v 0.217878714 -9.12941851E-16 0.149032012
v 0.20730418 -0.0325487405 0.150137007
v 0.313630849 1.8084975E-15 -0.163837776
v 0.259005815 2.55960651E-16 -0.189198002
v 0.27673009 -0.0357806608 -0.179769188
v 0.313630849 1.8084975E-15 -0.163837776
v 0.313357741 -0.0284204222 -0.163278446
v 0.313357741 0.0284204222 -0.163278446
v 0.27673009 0.0357806608 -0.179769188
v 0.259005815 2.55960651E-16 -0.189198002
v -0.204468697 -7.10542736E-15 -0.0349988565
v -0.218982548 -7.10542693E-15 -0.0401593372
v -0.222110301 -0.0105763897 -0.034367919
v 0.11069832 -0.0421085954 0.208084196
v 0.166769028 -0.0289702825 0.183496982
v 0.106039859 -0.0697775409 0.182564244
v 0.0615025535 -0.159533575 -0.0122278845
v 0.0280626193 -0.159960493 -0.0757637694
v 0.0113426521 -0.147175446 -0.0481758416
v -0.195395395 -0.0371314436 -0.00650996529
v -0.217800453 -0.0256426223 0.0246479455
v -0.184058785 -0.0408825912 0.0234825592
v -0.184058785 -0.0408825912 0.0234825592
v -0.147497028 -0.0516336188 -0.0167059172
v -0.195395395 -0.0371314436 -0.00650996529
v 0.166769028 -0.0289702825 0.183496982
v 0.20730418 -0.0325487405 0.150137007
v 0.16927287 -0.0762786046 0.155730411
v 0.20730418 -0.0325487405 0.150137007
v 0.268150836 -0.0321332589 0.109318711
v 0.200271323 -0.0810470656 0.113537945
v 0.268150836 -0.0321332589 0.109318711
v 0.283668518 -0.0320909619 0.0937029719
v 0.237824529 -0.0914641395 0.091279611
v 0.200271323 -0.0810470656 0.113537945
v 0.268150836 -0.0321332589 0.109318711
v 0.237824529 -0.0914641395 0.091279611
v 0.283668518 -0.0320909619 0.0937029719
v 0.289494962 -0.0338205025 0.069564268
v 0.237824529 -0.0914641395 0.091279611
v 0.289494962 -0.0338205025 0.069564268
v 0.268236041 -0.0636390224 0.0541974455
v 0.237824529 -0.0914641395 0.091279611
v 0.268236041 -0.0636390224 0.0541974455
v 0.232591957 -0.0914351121 0.0302425418
v 0.237824529 -0.0914641395 0.091279611
v 0.166769028 -0.0289702825 0.183496982
v 0.16927287 -0.0762786046 0.155730411
v 0.106039859 -0.0697775409 0.182564244
v 0.0139164561 -0.0400922745 0.199029639
v 0.0689549968 -0.041510351 0.21355173
v 0.0552192144 -0.0543812402 0.200241596
v 0.0689549968 -0.041510351 0.21355173
v 0.11069832 -0.0421085954 0.208084196
v 0.106039859 -0.0697775409 0.182564244
v 0.0552192144 -0.0543812402 0.200241596
v 0.0689549968 -0.041510351 0.21355173
v 0.106039859 -0.0697775409 0.182564244
v -0.0477192588 -0.0495591611 0.189096242
v 0.0139164561 -0.0400922745 0.199029639
v -0.00267735287 -0.0690938458 0.167014718
v -0.182194442 -0.0272432249 0.0896807909
v -0.150610313 -0.0282993466 0.117558345
v -0.142334431 -0.0491453707 0.0889278874
v -0.150610313 -0.0282993466 0.117558345
v -0.0974578932 -0.0460014418 0.157354847
v -0.106352627 -0.0543820858 0.135160267
v -0.140809029 -0.0637867376 0.0479639843
v -0.184058785 -0.0408825912 0.0234825592
v -0.167560965 -0.0420875177 0.0755519196
v 0.232591957 -0.0914351121 0.0302425418
v 0.208789229 -0.112965815 0.0105036926
v 0.193038821 -0.132145479 0.0398844369
v 0.237824529 -0.0914641395 0.091279611
v 0.232591957 -0.0914351121 0.0302425418
v 0.189391866 -0.120577678 0.0748454928
v -0.0045413007 -0.142610446 -0.0849597454
v -0.0446692631 -0.107486568 -0.101679742
v -0.0296212509 -0.132109985 -0.0381438658
v -0.0446692631 -0.107486568 -0.101679742
v -0.0730931684 -0.0938505232 -0.0230958853
v -0.0296212509 -0.132109985 -0.0381438658
v -0.0296212509 -0.132109985 -0.0381438658
v 0.0113426521 -0.147175446 -0.0481758416
v -0.0045413007 -0.142610446 -0.0849597454
v -0.0379812345 -0.117212191 0.0103440601
v -0.0296212509 -0.132109985 -0.0381438658
v -0.0730931684 -0.0938505232 -0.0230958853
v -0.142334431 -0.0491453707 0.0889278874
v -0.0948291272 -0.0894103125 0.0613399446
v -0.140809029 -0.0637867376 0.0479639843
v 0.120544948 -0.172916934 -0.114896044
v 0.138542131 -0.166822359 -0.110832162
v 0.111337341 -0.166838124 -0.138022408
v 0.138542131 -0.166822359 -0.110832162
v 0.17163372 -0.158858821 -0.116057158
v 0.18172805 -0.156128451 -0.179623008
v 0.205305874 -0.141872227 -0.10523694
v 0.239865005 -0.114638835 -0.0953558162
v 0.209474266 -0.13835001 -0.116657034
v 0.239865005 -0.114638835 -0.0953558162
v 0.272329032 -0.0889797807 -0.0940441862
v 0.270517826 -0.0828701779 -0.126813859
v 0.209474266 -0.13835001 -0.116657034
v 0.239865005 -0.114638835 -0.0953558162
v 0.270517826 -0.0828701779 -0.126813859
v 0.17163372 -0.158858821 -0.116057158
v 0.205305874 -0.141872227 -0.10523694
v 0.209474266 -0.13835001 -0.116657034
v 0.295773596 -0.0676841289 -0.0837967023
v 0.321938723 -0.0314503349 -0.0806045681
v 0.322362214 -0.042357482 -0.116282292
v 0.321938723 -0.0314503349 -0.0806045681
v 0.328211129 -0.0303647183 -0.0915005207
v 0.322362214 -0.042357482 -0.116282292
v 0.272329032 -0.0889797807 -0.0940441862
v 0.295773596 -0.0676841289 -0.0837967023
v 0.270517826 -0.0828701779 -0.126813859
v 0.138542131 -0.166822359 -0.110832162
v 0.18172805 -0.156128451 -0.179623008
v 0.111337341 -0.166838124 -0.138022408
v 0.324110031 -0.0344300903 -0.120228924
v 0.321823806 -0.0278628208 -0.142853916
v 0.322362214 -0.042357482 -0.116282292
v 0.270517826 -0.0828701779 -0.126813859
v 0.31492722 -0.0677316561 -0.156854421
v 0.256709367 -0.11230088 -0.178376332
v 0.31492722 -0.0677316561 -0.156854421
v 0.261657923 -0.0978218243 -0.182978913
v 0.256709367 -0.11230088 -0.178376332
v 0.295773596 -0.0676841289 -0.0837967023
v 0.322362214 -0.042357482 -0.116282292
v 0.270517826 -0.0828701779 -0.126813859
v 0.270517826 -0.0828701779 -0.126813859
v 0.256709367 -0.11230088 -0.178376332
v 0.209474266 -0.13835001 -0.116657034
v 0.18172805 -0.156128451 -0.179623008
v 0.181280926 -0.117822692 -0.196555614
v 0.11249844 -0.117822692 -0.201999515
v 0.110675529 -0.172916934 -0.112573825
v 0.120544948 -0.172916934 -0.114896044
v 0.111337341 -0.166838124 -0.138022408
v 0.18172805 -0.156128451 -0.179623008
v 0.11249844 -0.117822692 -0.201999515
v 0.113334477 -0.156128451 -0.189622104
v 0.18172805 -0.156128451 -0.179623008
v 0.113334477 -0.156128451 -0.189622104
v 0.111337341 -0.166838124 -0.138022408
v 0.0685469508 -0.143880472 -0.153511584
v 0.0810869113 -0.117822692 -0.186951518
v -0.00119735708 -0.123019829 -0.1443156
v 0.110675529 -0.172916934 -0.112573825
v 0.111337341 -0.166838124 -0.138022408
v 0.054953903 -0.160924181 -0.116983138
v 0.111337341 -0.166838124 -0.138022408
v 0.0685469508 -0.143880472 -0.153511584
v 0.054953903 -0.160924181 -0.116983138
v 0.0685469508 -0.143880472 -0.153511584
v -0.00119735708 -0.123019829 -0.1443156
v 0.054953903 -0.160924181 -0.116983138
v 0.0815665126 -0.172458217 -0.0648958236
v 0.0615025535 -0.159533575 -0.0122278845
v 0.117514528 -0.16555275 -0.00470392965
v 0.117514528 -0.16555275 -0.00470392965
v 0.111662485 -0.155244097 0.0337519869
v 0.193038821 -0.132145479 0.0398844369
v 0.193038821 -0.132145479 0.0398844369
v 0.189391866 -0.120577678 0.0748454928
v 0.232591957 -0.0914351121 0.0302425418
v 0.200271323 -0.0810470656 0.113537945
v 0.174362332 -0.101645298 0.105223924
v 0.16927287 -0.0762786046 0.155730411
v 0.117514528 -0.16555275 -0.00470392965
v 0.193038821 -0.132145479 0.0398844369
v 0.173375398 -0.139677733 -0.0191045757
v 0.173375398 -0.139677733 -0.0191045757
v 0.193038821 -0.132145479 0.0398844369
v 0.208789229 -0.112965815 0.0105036926
v 0.0815665126 -0.172458217 -0.0648958236
v 0.117514528 -0.16555275 -0.00470392965
v 0.146089345 -0.164905265 -0.0463906303
v 0.120544948 -0.172841534 -0.0794822276
v 0.10603109 -0.172916934 -0.103865512
v 0.0815665126 -0.172458217 -0.0648958236
v 0.146089345 -0.164905265 -0.0463906303
v 0.120544948 -0.172841534 -0.0794822276
v 0.0815665126 -0.172458217 -0.0648958236
v 0.16927287 -0.0762786046 0.155730411
v 0.110316455 -0.0896467566 0.156806409
v 0.106039859 -0.0697775409 0.182564244
v 0.0552192144 -0.0543812402 0.200241596
v 0.060722746 -0.0738699362 0.176362991
v 0.0139164561 -0.0400922745 0.199029639
v 0.060722746 -0.0738699362 0.176362991
v -0.00267735287 -0.0690938458 0.167014718
v 0.0139164561 -0.0400922745 0.199029639
v 0.200271323 -0.0810470656 0.113537945
v 0.16927287 -0.0762786046 0.155730411
v 0.20730418 -0.0325487405 0.150137007
v 0.173375398 -0.139677733 -0.0191045757
v 0.146089345 -0.164905265 -0.0463906303
v 0.117514528 -0.16555275 -0.00470392965
v -0.142334431 -0.0491453707 0.0889278874
v -0.140809029 -0.0637867376 0.0479639843
v -0.167560965 -0.0420875177 0.0755519196
v -0.106352627 -0.0543820858 0.135160267
v -0.142334431 -0.0491453707 0.0889278874
v -0.150610313 -0.0282993466 0.117558345
v -0.059717223 -0.107589819 0.0554879382
v -0.069749184 -0.0826974586 0.108991802
v -0.0250232592 -0.0926764533 0.106385052
v -0.0650939047 -0.067894876 0.138881564
v -0.00267735287 -0.0690938458 0.167014718
v -0.0477192588 -0.0495591611 0.189096242
v 0.128466859 -0.143647298 0.0672798231
v 0.0450055115 -0.146929577 0.0362695307
v 0.0890905112 -0.121962257 0.0922601148
v 0.0890905112 -0.121962257 0.0922601148
v 0.132562459 -0.11686337 0.0951919779
v 0.128466859 -0.143647298 0.0672798231
v -0.0650939047 -0.067894876 0.138881564
v -0.0250232592 -0.0926764533 0.106385052
v -0.069749184 -0.0826974586 0.108991802
v -0.167560965 -0.0420875177 0.0755519196
v -0.184058785 -0.0408825912 0.0234825592
v -0.214628398 -0.0278957784 0.0467750058
v -0.237431258 -0.0137862545 -0.0298381522
v -0.237366766 -0.0195045173 0.00527870283
v -0.222110301 -0.0105763897 -0.034367919
v -0.204468697 -0.0169130266 -0.0349988565
v -0.237366766 -0.0195045173 0.00527870283
v -0.195395395 -0.0371314436 -0.00650996529
v -0.195395395 -0.0371314436 -0.00650996529
v -0.147497028 -0.0516336188 -0.0167059172
v -0.17205441 -0.0241362508 -0.0360981449
v -0.147497028 -0.0516336188 -0.0167059172
v -0.0730931684 -0.0938505232 -0.0230958853
v -0.144011125 -0.032493446 -0.0400497764
v -0.144011125 -0.032493446 -0.0400497764
v -0.0730931684 -0.0938505232 -0.0230958853
v -0.0990167856 -0.0362971202 -0.0525849983
v -0.237366766 -0.0195045173 0.00527870283
v -0.204468697 -0.0169130266 -0.0349988565
v -0.222110301 -0.0105763897 -0.034367919
v -0.144011125 -0.032493446 -0.0400497764
v -0.17205441 -0.0241362508 -0.0360981449
v -0.147497028 -0.0516336188 -0.0167059172
v -0.17205441 -0.0241362508 -0.0360981449
v -0.204468697 -0.0169130266 -0.0349988565
v -0.195395395 -0.0371314436 -0.00650996529
v 0.0113426521 -0.147175446 -0.0481758416
v -0.0296212509 -0.132109985 -0.0381438658
v 0.0450055115 -0.146929577 0.0362695307
v -0.0296212509 -0.132109985 -0.0381438658
v -0.0379812345 -0.117212191 0.0103440601
v 0.0450055115 -0.146929577 0.0362695307
v -0.0948291272 -0.0894103125 0.0613399446
v -0.142334431 -0.0491453707 0.0889278874
v -0.069749184 -0.0826974586 0.108991802
v -0.142334431 -0.0491453707 0.0889278874
v -0.106352627 -0.0543820858 0.135160267
v -0.069749184 -0.0826974586 0.108991802
v -0.069749184 -0.0826974586 0.108991802
v -0.059717223 -0.107589819 0.0554879382
v -0.0948291272 -0.0894103125 0.0613399446
v -0.059717223 -0.107589819 0.0554879382
v 0.0136881135 -0.132276639 0.0648598969
v -0.0379812345 -0.117212191 0.0103440601
v 0.0136881135 -0.132276639 0.0648598969
v 0.0450055115 -0.146929577 0.0362695307
v -0.0379812345 -0.117212191 0.0103440601
v 0.0113426521 -0.147175446 -0.0481758416
v 0.0450055115 -0.146929577 0.0362695307
v 0.0615025535 -0.159533575 -0.0122278845
v 0.0450055115 -0.146929577 0.0362695307
v 0.128466859 -0.143647298 0.0672798231
v 0.111662485 -0.155244097 0.0337519869
v 0.0615025535 -0.159533575 -0.0122278845
v 0.0450055115 -0.146929577 0.0362695307
v 0.111662485 -0.155244097 0.0337519869
v 0.132562459 -0.11686337 0.0951919779
v 0.0890905112 -0.121962257 0.0922601148
v 0.110316455 -0.0896467566 0.156806409
v -0.00267735287 -0.0690938458 0.167014718
v 0.060722746 -0.0738699362 0.176362991
v 0.0297274869 -0.0996348336 0.136306971
v 0.0297274869 -0.0996348336 0.136306971
v 0.060722746 -0.0738699362 0.176362991
v 0.110316455 -0.0896467566 0.156806409
v 0.174362332 -0.101645298 0.105223924
v 0.200271323 -0.0810470656 0.113537945
v 0.189391866 -0.120577678 0.0748454928
v 0.200271323 -0.0810470656 0.113537945
v 0.237824529 -0.0914641395 0.091279611
v 0.189391866 -0.120577678 0.0748454928
v 0.128466859 -0.143647298 0.0672798231
v 0.132562459 -0.11686337 0.0951919779
v 0.189391866 -0.120577678 0.0748454928
v 0.193038821 -0.132145479 0.0398844369
v 0.128466859 -0.143647298 0.0672798231
v 0.193038821 -0.132145479 0.0398844369
v 0.111662485 -0.155244097 0.0337519869
v 0.128466859 -0.143647298 0.0672798231
v 0.132562459 -0.11686337 0.0951919779
v 0.174362332 -0.101645298 0.105223924
v 0.189391866 -0.120577678 0.0748454928
v 0.111662485 -0.155244097 0.0337519869
v 0.117514528 -0.16555275 -0.00470392965
v 0.0615025535 -0.159533575 -0.0122278845
v 0.0615025535 -0.159533575 -0.0122278845
v 0.0815665126 -0.172458217 -0.0648958236
v 0.0280626193 -0.159960493 -0.0757637694
v 0.0280626193 -0.159960493 -0.0757637694
v 0.054953903 -0.160924181 -0.116983138
v -0.0045413007 -0.142610446 -0.0849597454
v 0.054953903 -0.160924181 -0.116983138
v -0.00119735708 -0.123019829 -0.1443156
v -0.0045413007 -0.142610446 -0.0849597454
v 0.0810869113 -0.117822692 -0.186951518
v 0.0685469508 -0.143880472 -0.153511584
v 0.113334477 -0.156128451 -0.189622104
v 0.0685469508 -0.143880472 -0.153511584
v 0.111337341 -0.166838124 -0.138022408
v 0.113334477 -0.156128451 -0.189622104
v 0.0810869113 -0.117822692 -0.186951518
v 0.113334477 -0.156128451 -0.189622104
v 0.11249844 -0.117822692 -0.201999515
v 0.31492722 -0.0677316561 -0.156854421
v 0.270517826 -0.0828701779 -0.126813859
v 0.322362214 -0.042357482 -0.116282292
v 0.31492722 -0.0677316561 -0.156854421
v 0.322362214 -0.042357482 -0.116282292
v 0.321823806 -0.0278628208 -0.142853916
v 0.327350467 2.19843251E-15 -0.125201762
v 0.324110031 -0.0344300903 -0.120228924
v 0.261657923 -0.0978218243 -0.182978913
v 0.31492722 -0.0677316561 -0.156854421
v 0.27673009 -0.0357806608 -0.179769188
v 0.27673009 -0.0357806608 -0.179769188
v 0.31492722 -0.0677316561 -0.156854421
v 0.313357741 -0.0284204222 -0.163278446
v 0.100742199 -0.0558182374 -0.207606763
v 0.0564718433 -0.0643139631 -0.197986484
v 0.0810869113 -0.117822692 -0.186951518
v 0.11249844 -0.117822692 -0.201999515
v 0.100742199 -0.0558182374 -0.207606763
v 0.0810869113 -0.117822692 -0.186951518
v 0.0564718433 -0.0643139631 -0.197986484
v 0.00355501473 -0.0613482594 -0.167669654
v 0.0810869113 -0.117822692 -0.186951518
v 0.00355501473 -0.0613482594 -0.167669654
v -0.0157859679 -0.0609473363 -0.152360082
v -0.00119735708 -0.123019829 -0.1443156
v 0.0810869113 -0.117822692 -0.186951518
v 0.00355501473 -0.0613482594 -0.167669654
v -0.00119735708 -0.123019829 -0.1443156
v -0.0157859679 -0.0609473363 -0.152360082
v -0.0502240881 -0.0537354574 -0.119381256
v -0.00119735708 -0.123019829 -0.1443156
v -0.0502240881 -0.0537354574 -0.119381256
v -0.0765892193 -0.0377633423 -0.0826724246
v -0.0446692631 -0.107486568 -0.101679742
v -0.0502240881 -0.0537354574 -0.119381256
v -0.0446692631 -0.107486568 -0.101679742
v -0.00119735708 -0.123019829 -0.1443156
v -0.0765892193 -0.0377633423 -0.0826724246
v -0.0990167856 -0.0362971202 -0.0525849983
v -0.0730931684 -0.0938505232 -0.0230958853
v -0.0446692631 -0.107486568 -0.101679742
v -0.0765892193 -0.0377633423 -0.0826724246
v -0.0730931684 -0.0938505232 -0.0230958853
v -0.0446692631 -0.107486568 -0.101679742
v -0.0045413007 -0.142610446 -0.0849597454
v -0.00119735708 -0.123019829 -0.1443156
v -0.0045413007 -0.142610446 -0.0849597454
v 0.0113426521 -0.147175446 -0.0481758416
v 0.0280626193 -0.159960493 -0.0757637694
v -0.184058785 -0.0408825912 0.0234825592
v -0.140809029 -0.0637867376 0.0479639843
v -0.147497028 -0.0516336188 -0.0167059172
v -0.237431258 -0.0137862545 -0.0298381522
v -0.229142249 -7.10542736E-15 -0.0466755182
v -0.252752155 -7.10542736E-15 -0.0551980324
v 0.0668749064 -0.154651597 -0.102946095
v 0.0245786384 -0.124390274 -0.101209424
v 0.051200524 -0.113031395 -0.139859885
v 0.0878361911 -0.154651597 -0.142248437
v 0.051200524 -0.113031395 -0.139859885
v 0.120387234 -0.0858858824 -0.142491326
v 0.139679238 -0.0841745585 -0.138135061
v 0.169542089 -0.0781832412 -0.137659252
v 0.169542089 -0.142056599 -0.150266454
v 0.211618483 -0.0724115446 -0.124831453
v 0.246284127 -0.0575293303 -0.104485914
v 0.246284142 -0.103866048 -0.116989546
v 0.246284127 -0.0575293303 -0.104485914
v 0.27492094 -0.0437987559 -0.117572762
v 0.275282353 -0.0764049068 -0.107963331
v 0.27492094 -0.0437987559 -0.117572762
v 0.306183219 -0.0461498536 -0.0918760598
v 0.275282353 -0.0764049068 -0.107963331
v 0.253444493 -0.0421578698 0.0836796612
v 0.201235816 -0.0493658856 0.0730282441
v 0.212743402 -0.077327989 0.0581043549
v 0.212743402 -0.077327989 0.0581043549
v 0.201235816 -0.0493658856 0.0730282441
v 0.142951921 -0.078919746 0.0493237115
v 0.100572191 -0.0988030806 0.0154292677
v 0.0658397824 -0.110267788 -0.0145272091
v 0.120418891 -0.142022535 -0.0238125212
v 0.0658397824 -0.110267788 -0.0145272091
v 0.0418409146 -0.118259788 -0.058178477
v 0.0922810137 -0.154583231 -0.0602638498
v 0.306183219 -0.0461498536 -0.0918760598
v 0.322634876 0.000760720111 -0.0948865712
v 0.320040047 1.99065787E-15 -0.0763562024
v 0.253444493 9.7898374E-17 0.0836796612
v 0.253444493 -0.0421578698 0.0836796612
v 0.274964958 -0.0362522528 0.0576322973
v 0.274964958 0.0362522528 0.0576322973
v 0.253444493 0.0421578698 0.0836796612
v 0.17163372 -0.142056599 -0.116057158
v 0.169542089 -0.142056599 -0.150266454
v 0.211618483 -0.123043865 -0.133696944
v 0.212743402 -0.077327989 0.0581043549
v 0.186958492 -0.109669931 0.0367217362
v 0.208789229 -0.0957369953 0.0105036926
v 0.186958492 -0.109669931 0.0367217362
v 0.150325954 -0.122889981 0.00609454699
v 0.173375398 -0.11945799 -0.0191045757
v 0.150325954 -0.122889981 0.00609454699
v 0.120418891 -0.142022535 -0.0238125212
v 0.146089345 -0.142022535 -0.0463906303
v -0.0213184915 -7.65954954E-15 -0.0551840067
v -0.0331059061 -7.91623779E-15 -0.0978662446
v 0.0245786384 -0.124390274 -0.101209424
v 0.0360339731 -6.08128024E-15 0.0192920137
v 0.00612690812 -6.95599296E-15 -0.0106150638
v 0.0658397824 -0.110267788 -0.0145272091
v 0.180506393 -1.9751271E-15 0.0905819237
v 0.0997850299 -4.26936623E-15 0.0652906448
v 0.142951921 -0.078919746 0.0493237115
v 0.246284127 -1.05611456E-16 -0.102782629
v 0.274559498 6.98022911E-16 -0.107470222
v 0.27492094 -0.0437987559 -0.117572762
v 0.211618483 -1.09086832E-15 -0.118483216
v 0.246284127 -1.05611456E-16 -0.102782629
v 0.246284127 -0.0575293303 -0.104485914
v 0.171556279 -2.22950464E-15 -0.130608708
v 0.211618483 -1.09086832E-15 -0.118483216
v 0.211618483 -0.0724115446 -0.124831453
v 0.139679238 -0.0841745585 -0.138135061
v 0.122246474 -3.63097359E-15 -0.134728447
v 0.171556279 -2.22950464E-15 -0.130608708
v 0.120387234 -0.0858858824 -0.142491326
v 0.0579929017 -5.59297803E-15 -0.141037583
v 0.122246474 -3.63097359E-15 -0.134728447
v 0.051200524 -0.113031395 -0.139859885
v -0.00488769123 -7.23651756E-15 -0.138566375
v 0.0579929017 -5.59297803E-15 -0.141037583
v 0.0245786384 -0.124390274 -0.101209424
v -0.0331059061 -7.91623779E-15 -0.0978662446
v -0.00488769123 -7.23651756E-15 -0.138566375
v 0.165530905 -0.0801426917 0.109345809
v 0.16107586 -0.0869993493 0.136086956
v 0.176036835 -0.0932447761 0.11371804
v 0.176036835 -0.0932447761 0.11371804
v 0.203396663 -0.0767595917 0.108371407
v 0.165530905 -0.0801426917 0.109345809
v 0.165530905 -0.0801426917 0.109345809
v 0.168706536 -0.0572757497 0.154394895
v 0.16107586 -0.0869993493 0.136086956
v 0.165530905 -0.0801426917 0.109345809
v 0.188502148 -0.0231597908 0.149244353
v 0.168706536 -0.0572757497 0.154394895
v 0.165530905 -0.0801426917 0.109345809
v 0.203396663 -0.0767595917 0.108371407
v 0.188502148 -0.0231597908 0.149244353
v 0.176036835 -0.0932447761 0.11371804
v 0.20060575 -0.0785276145 0.131465584
v 0.203396663 -0.0767595917 0.108371407
v 0.16107586 -0.0869993493 0.136086956
v 0.188892797 -0.0890588984 0.137450904
v 0.176036835 -0.0932447761 0.11371804
v 0.168706536 -0.0572757497 0.154394895
v 0.182142645 -0.0838340893 0.149515793
v 0.16107586 -0.0869993493 0.136086956
v 0.188502148 -0.0231597908 0.149244353
v 0.196103767 -0.0711066127 0.153249666
v 0.168706536 -0.0572757497 0.154394895
v 0.203396663 -0.0767595917 0.108371407
v 0.204829156 -0.0660781488 0.133481756
v 0.188502148 -0.0231597908 0.149244353
v 0.176036835 -0.0932447761 0.11371804
v 0.188892797 -0.0890588984 0.137450904
v 0.20060575 -0.0785276145 0.131465584
v 0.16107586 -0.0869993493 0.136086956
v 0.182142645 -0.0838340893 0.149515793
v 0.188892797 -0.0890588984 0.137450904
v 0.168706536 -0.0572757497 0.154394895
v 0.196103767 -0.0711066127 0.153249666
v 0.182142645 -0.0838340893 0.149515793
v 0.188502148 -0.0231597908 0.149244353
v 0.204829156 -0.0660781488 0.133481756
v 0.196103767 -0.0711066127 0.153249666
v 0.203396663 -0.0767595917 0.108371407
v 0.20060575 -0.0785276145 0.131465584
v 0.204829156 -0.0660781488 0.133481756
v 0.188892797 -0.0890588984 0.137450904
v 0.195226714 -0.0790717676 0.144170344
v 0.20060575 -0.0785276145 0.131465584
v 0.182142645 -0.0838340893 0.149515793
v 0.195226714 -0.0790717676 0.144170344
v 0.188892797 -0.0890588984 0.137450904
v 0.196103767 -0.0711066127 0.153249666
v 0.195226714 -0.0790717676 0.144170344
v 0.182142645 -0.0838340893 0.149515793
v 0.204829156 -0.0660781488 0.133481756
v 0.195226714 -0.0790717676 0.144170344
v 0.196103767 -0.0711066127 0.153249666
v 0.20060575 -0.0785276145 0.131465584
v 0.195226714 -0.0790717676 0.144170344
v 0.204829156 -0.0660781488 0.133481756
v 0.0327138342 -0.13630192 0.0640225187
v 0.0506689027 -0.135134503 0.0580885746
v 0.0676596165 -0.123293065 0.0835926235
v 0.0327138342 -0.13630192 0.0640225187
v 0.0405627824 -0.140120178 0.0761340708
v 0.0506689027 -0.135134503 0.0580885746
v 0.0361671075 -0.124587566 0.105328567
v 0.0312935784 -0.133897483 0.0982646942
v 0.0149770938 -0.132971466 0.10688787
v 0.0676596165 -0.123293065 0.0835926235
v 0.0497123897 -0.134175137 0.0904249325
v 0.0548564605 -0.121914588 0.0986073092
v 0.0178405419 -0.138316631 0.0785513744
v 0.0243841708 -0.139073566 0.0881692618
v 0.0405627824 -0.140120178 0.0761340708
v 0.0361671075 -0.124587566 0.105328567
v 0.0178405419 -0.138316631 0.0785513744
v 0.0327138342 -0.13630192 0.0640225187
v -0.000467144535 -0.143826485 0.0831600949
v 0.0178405419 -0.138316631 0.0785513744
v 0.0361671075 -0.124587566 0.105328567
v 0.0178405419 -0.138316631 0.0785513744
v -0.000467144535 -0.143826485 0.0831600949
v 0.00931479502 -0.137862876 0.0977089256
v 0.0361671075 -0.124587566 0.105328567
v 0.0548564605 -0.121914588 0.0986073092
v 0.0497123897 -0.134175137 0.0904249325
v 0.0405627824 -0.140120178 0.0761340708
v 0.0243841708 -0.139073566 0.0881692618
v 0.0312935784 -0.133897483 0.0982646942
v 0.0179581381 -0.108731866 0.163252622
v -0.00745208142 -0.136931837 0.121639982
v -0.020454159 -0.128452554 0.149537906
v -0.000467144535 -0.143826485 0.0831600949
v -0.0313214064 -0.149484649 0.0860619694
v -0.0146506159 -0.14194876 0.110834569
v -0.0896718949 -0.141903713 0.0967990831
v -0.108960465 -0.122201562 0.12639159
v -0.0688200742 -0.127998456 0.134837955
v -0.0313214064 -0.149484649 0.0860619694
v -0.0896718949 -0.141903713 0.0967990831
v -0.047146976 -0.137276337 0.122424364
v -0.00745208142 -0.136931837 0.121639982
v -0.0146506159 -0.14194876 0.110834569
v -0.047146976 -0.137276337 0.122424364
v -0.0552115068 -0.118210398 0.162365139
v -0.0688200742 -0.127998456 0.134837955
v -0.108960465 -0.122201562 0.12639159
v -0.00507949432 -0.101454288 0.20259954
v -0.0527622625 -0.0837123543 0.209499538
v -0.108960465 -0.122201562 0.12639159
v -0.00507949432 -0.101454288 0.20259954
v -0.020454159 -0.128452554 0.149537906
v -0.0552115068 -0.118210398 0.162365139
v -0.152523398 -0.0116237495 0.126483172
v -0.182550386 -8.10388523E-15 0.155965313
v -0.12659812 -8.38988421E-15 0.175212502
v -0.214628398 -7.37336336E-15 0.0584961772
v -0.23849538 -7.72760694E-15 0.0862982199
v -0.21134752 -0.00791621394 0.0593082309
v -0.184199437 -0.00900179986 0.0954064429
v -0.225560158 -7.93503091E-15 0.131182507
v -0.182550386 -8.10388523E-15 0.155965313
v -0.184199437 -0.00900179986 0.0954064429
v -0.21134752 -0.00791621394 0.0593082309
v -0.23849538 -7.72760694E-15 0.0862982199
v -0.107809275 -0.00638055103 0.167509392
v -0.12659812 -8.38988421E-15 0.175212502
v -0.109476268 -8.42782197E-15 0.169144675
v -0.268034965 -7.10542736E-15 0.0732323825
v -0.265045434 -0.0205786303 0.0553392768
v -0.297481805 -0.010792315 0.0385668054
v -0.307812512 -7.10542736E-15 0.0827978253
v -0.297481805 -0.010792315 0.0385668054
v -0.322357029 -7.10542736E-15 0.0499093682
v -0.290193766 -0.0122508705 -0.0438391119
v -0.306521744 -7.10542736E-15 -0.0717882663
v -0.314427853 -7.10542736E-15 -0.0514605045
v -0.292959869 -0.0143971518 -0.0128644397
v -0.269370586 -0.021224767 0.00574965775
v -0.269435078 -0.015506506 -0.0293671973
v -0.297481805 -0.010792315 0.0385668054
v -0.292959869 -0.0143971518 -0.0128644397
v -0.320676565 -7.10542736E-15 -0.0053962674
v -0.292959869 -0.0143971518 -0.0128644397
v -0.290193766 -0.0122508705 -0.0438391119
v -0.314427853 -7.10542736E-15 -0.0514605045
v 0.323726505 -0.00731204264 -0.0583725534
v 0.327949286 -0.00731204264 -0.0583725534
v 0.317630678 -0.0337573253 -0.0680554435
v 0.323726505 -0.00731204264 -0.0747690201
v 0.313682497 -0.0322594605 -0.0815161094
v 0.317630678 -0.0337573253 -0.0815161094
v 0.191193432 -0.142437086 -0.0928155705
v 0.159527764 -0.155045703 -0.103447631
v 0.159068123 -0.150847986 -0.103447631
v 0.191193432 -0.142437086 -0.111910716
v 0.189192563 -0.138718411 -0.111910716
v 0.159068123 -0.150847986 -0.117042735
v 0.276153594 -0.0528164431 0.0591647997
v 0.249101371 -0.0757188797 0.0469554663
v 0.247100502 -0.0720002204 0.0469554663
v 0.276153594 -0.0528164431 0.0353553295
v 0.273359776 -0.0496500209 0.0353553295
v 0.247100502 -0.0720002204 0.0267123953
v 0.191193432 -0.123146966 0.000330768526
v 0.159527764 -0.146458864 -0.0292579047
v 0.159068123 -0.142261147 -0.0292579047
v 0.191193432 -0.123146966 -0.0103089819
v 0.189192563 -0.119428292 -0.0103089819
v 0.159068123 -0.142261147 -0.0490613617
v 0.21326527 -1.04406382E-15 -0.152927369
v 0.191473454 -0.0455941036 -0.150378898
v 0.262789935 3.63511813E-16 -0.131364062
v 0.29336068 -0.0477554314 -0.100633204
v 0.309868664 1.70156976E-15 -0.100626245
v 0.262789935 3.63511813E-16 -0.131364062
v 0.29336068 -0.0477554314 -0.100633204
v 0.31472683 -0.0295515582 -0.0699059069
v 0.309868664 1.70156976E-15 -0.100626245
v 0.172028989 -0.100005895 -0.132983372
v 0.199332893 -0.0961807445 -0.100672916
v 0.238552153 -0.0715514794 -0.119641155
v 0.0970409214 -4.34735849E-15 -0.152976885
v 0.0259267092 -0.0572582781 -0.148406357
v 0.123158082 -0.0966223627 -0.150408104
v 0.29336068 -0.0477554314 -0.100633204
v 0.270650238 -0.0806877464 -0.0816578716
v 0.31472683 -0.0295515582 -0.0699059069
v 0.172028989 -0.100005895 -0.132983372
v 0.128511697 -0.105721645 -0.133912697
v 0.199332893 -0.0961807445 -0.100672916
v 0.0970409214 -4.34735849E-15 -0.152976885
v 0.0263540074 -6.3564012E-15 -0.146793544
v 0.0259267092 -0.0572582781 -0.148406357
v 0.23830092 -0.0808766484 -0.0718858689
v 0.207192332 -0.0455941036 -0.0509669371
v 0.275507718 -0.0455942415 -0.050937701
v 0.0513432473 -0.0685528219 -0.123163201
v 0.0807505399 -0.0295514483 -0.0945600718
v 0.161628187 -0.0973424688 -0.0873850435
v 0.0214599799 -6.49549799E-15 -0.126306862
v 0.0807505399 -0.0295514483 -0.0945600718
v 0.0513432473 -0.0685528219 -0.123163201
v 0.0807505399 -0.0295514483 -0.0945600718
v 0.185400516 -1.83602777E-15 -0.0484184623
v 0.207192332 -0.0455941036 -0.0509669371
v 0.0807505399 -0.0295514483 -0.0945600718
v 0.207192332 -0.0455941036 -0.0509669371
v 0.161628187 -0.0973424688 -0.0873850435
v 0.161628187 -0.0973424688 -0.0873850435
v 0.207192332 -0.0455941036 -0.0509669371
v 0.23830092 -0.0808766484 -0.0718858689
v 0.207192332 -0.0455941036 -0.0509669371
v 0.185400516 -1.83602777E-15 -0.0484184623
v 0.251269311 3.60759803E-17 -0.039215032
v 0.207192332 -0.0455941036 -0.0509669371
v 0.251269311 3.60759803E-17 -0.039215032
v 0.275507718 -0.0455942415 -0.050937701
v 0.275507718 -0.0455942415 -0.050937701
v 0.251269311 3.60759803E-17 -0.039215032
v 0.301624924 1.46726859E-15 -0.0483689271
v 0.0259267092 -0.0572582781 -0.148406357
v 0.0214599799 -6.49549799E-15 -0.126306862
v 0.0513432473 -0.0685528219 -0.123163201
v 0.128511697 -0.105721645 -0.133912697
v 0.0513432473 -0.0685528219 -0.123163201
v 0.161628187 -0.0973424688 -0.0873850435
v 0.128511697 -0.105721645 -0.133912697
v 0.161628187 -0.0973424688 -0.0873850435
v 0.199332893 -0.0961807445 -0.100672916
v 0.270650238 -0.0806877464 -0.0816578716
v 0.23830092 -0.0808766484 -0.0718858689
v 0.275507718 -0.0455942415 -0.050937701
v 0.270650238 -0.0806877464 -0.0816578716
v 0.275507718 -0.0455942415 -0.050937701
v 0.31472683 -0.0295515582 -0.0699059069
v 0.31472683 -0.0295515582 -0.0699059069
v 0.275507718 -0.0455942415 -0.050937701
v 0.301624924 1.46726859E-15 -0.0483689271
v 0.0259267092 -0.0572582781 -0.148406357
v 0.0513432473 -0.0685528219 -0.123163201
v 0.128511697 -0.105721645 -0.133912697
v 0.0259267092 -0.0572582781 -0.148406357
v 0.128511697 -0.105721645 -0.133912697
v 0.123158082 -0.0966223627 -0.150408104
v 0.123158082 -0.0966223627 -0.150408104
v 0.128511697 -0.105721645 -0.133912697
v 0.172028989 -0.100005895 -0.132983372
v 0.199332893 -0.0961807445 -0.100672916
v 0.270650238 -0.0806877464 -0.0816578716
v 0.238552153 -0.0715514794 -0.119641155
v 0.238552153 -0.0715514794 -0.119641155
v 0.270650238 -0.0806877464 -0.0816578716
v 0.29336068 -0.0477554314 -0.100633204
v 0.147396535 -2.91616588E-15 -0.162130773
v 0.0970409214 -4.34735849E-15 -0.152976885
v 0.123158082 -0.0966223627 -0.150408104
v 0.191473454 -0.0455941036 -0.150378898
v 0.123158082 -0.0966223627 -0.150408104
v 0.172028989 -0.100005895 -0.132983372
v 0.191473454 -0.0455941036 -0.150378898
v 0.172028989 -0.100005895 -0.132983372
v 0.238552153 -0.0715514794 -0.119641155
v 0.299265504 -0.0181948449 0.0952968299
v 0.298266143 1.37180628E-15 0.0987740755
v 0.312797695 1.78481785E-15 0.0723688155
v 0.283668518 -0.0320909619 0.0937029719
v 0.268150836 -0.0321332589 0.109318711
v 0.291223168 -0.0144760897 0.103771709
v 0.169081375 -0.0637610927 0.149217814
v 0.137171462 -0.0914870277 0.151858166
v 0.161838084 -0.0827124864 0.155168355
v 0.161838084 -0.0827124864 0.155168355
v 0.192155838 -0.0508915 0.161381319
v 0.169081375 -0.0637610927 0.149217814
v 0.169081375 -0.0637610927 0.149217814
v 0.154893011 -0.052145727 0.156430975
v 0.137171462 -0.0914870277 0.151858166
v 0.169081375 -0.0637610927 0.149217814
v 0.191879869 -0.0297507923 0.160055995
v 0.154893011 -0.052145727 0.156430975
v 0.169081375 -0.0637610927 0.149217814
v 0.192155838 -0.0508915 0.161381319
v 0.191879869 -0.0297507923 0.160055995
v 0.161838084 -0.0827124864 0.155168355
v 0.174753264 -0.0688811764 0.168488383
v 0.192155838 -0.0508915 0.161381319
v 0.137171462 -0.0914870277 0.151858166
v 0.143388793 -0.0902001411 0.16290246
v 0.161838084 -0.0827124864 0.155168355
v 0.154893011 -0.052145727 0.156430975
v 0.140248537 -0.0746119469 0.164328262
v 0.137171462 -0.0914870277 0.151858166
v 0.191879869 -0.0297507923 0.160055995
v 0.174059883 -0.0364571735 0.169394761
v 0.154893011 -0.052145727 0.156430975
v 0.192155838 -0.0508915 0.161381319
v 0.190960363 -0.0383852124 0.170018777
v 0.191879869 -0.0297507923 0.160055995
v 0.161838084 -0.0827124864 0.155168355
v 0.143388793 -0.0902001411 0.16290246
v 0.174753264 -0.0688811764 0.168488383
v 0.137171462 -0.0914870277 0.151858166
v 0.140248537 -0.0746119469 0.164328262
v 0.143388793 -0.0902001411 0.16290246
v 0.154893011 -0.052145727 0.156430975
v 0.174059883 -0.0364571735 0.169394761
v 0.140248537 -0.0746119469 0.164328262
v 0.191879869 -0.0297507923 0.160055995
v 0.190960363 -0.0383852124 0.170018777
v 0.174059883 -0.0364571735 0.169394761
v 0.192155838 -0.0508915 0.161381319
v 0.174753264 -0.0688811764 0.168488383
v 0.190960363 -0.0383852124 0.170018777
v 0.143388793 -0.0902001411 0.16290246
v 0.166986212 -0.0600383952 0.172404483
v 0.174753264 -0.0688811764 0.168488383
v 0.140248537 -0.0746119469 0.164328262
v 0.166986212 -0.0600383952 0.172404483
v 0.143388793 -0.0902001411 0.16290246
v 0.174059883 -0.0364571735 0.169394761
v 0.166986212 -0.0600383952 0.172404483
v 0.140248537 -0.0746119469 0.164328262
v 0.190960363 -0.0383852124 0.170018777
v 0.166986212 -0.0600383952 0.172404483
v 0.174059883 -0.0364571735 0.169394761
v 0.174753264 -0.0688811764 0.168488383
v 0.166986212 -0.0600383952 0.172404483
v 0.190960363 -0.0383852124 0.170018777
v 0.217878714 -9.12941851E-16 0.149032012
v 0.20730418 0.0325487405 0.150137007
v 0.268150836 0.0321332589 0.109318711
v 0.299265504 0.0181948449 0.0952968299
v 0.283668518 0.0320909619 0.0937029719
v 0.289494962 0.0338205025 0.069564268
v 0.327350467 2.19843251E-15 -0.125201762
v 0.324110031 0.0344300903 -0.120228924
v 0.321823806 0.0278628208 -0.142853916
v 0.31492722 0.0677316561 -0.156854421
v 0.322362214 0.042357482 -0.116282292
v 0.11808607 -3.74921939E-15 0.218456179
v 0.0578941815 -5.65050978E-15 0.229324102
v 0.0689549968 0.041510351 0.21355173
v -0.101226792 -7.7723379E-15 -0.0550989509
v -0.0990167856 0.0362971202 -0.0525849983
v -0.144011125 0.032493446 -0.0400497764
v 0.0578941815 -5.65050978E-15 0.229324102
v 0.00266959216 -7.04241065E-15 0.218228325
v 0.0139164561 0.0400922745 0.199029639
v 0.333334237 2.36850148E-15 -0.0685012043
v 0.321938723 0.0314503349 -0.0806045681
v 0.328211129 0.0303647183 -0.0915005207
v -0.101226792 -7.7723379E-15 -0.0550989509
v -0.0774240568 -8.50283013E-15 -0.0968988538
v -0.0765892193 0.0377633423 -0.0826724246
v 0.00266959216 -7.04241065E-15 0.218228325
v -0.0601523705 -8.3403294E-15 0.200912625
v -0.0477192588 0.0495591611 0.189096242
v 0.321938723 0.0314503349 -0.0806045681
v 0.301455855 0.0475357622 -0.0784831718
v 0.295773596 0.0676841289 -0.0837967023
v -0.0524602085 -8.24577765E-15 -0.126507133
v -0.0502240881 0.0537354574 -0.119381256
v -0.0765892193 0.0377633423 -0.0826724246
v 0.272211939 0.0771018714 -0.0940441862
v 0.272329032 0.0889797807 -0.0940441862
v 0.295773596 0.0676841289 -0.0837967023
v -0.02575472 -7.71806935E-15 -0.15785706
v -0.0157859679 0.0609473363 -0.152360082
v -0.0502240881 0.0537354574 -0.119381256
v -0.107809275 0.00638055103 0.167509392
v -0.152523398 0.0116237495 0.126483172
v -0.150610313 0.0282993466 0.117558345
v 0.308055222 0.0185722392 0.0718959346
v 0.289494962 0.0338205025 0.069564268
v 0.299313456 1.40157271E-15 0.0735127181
v -0.184199437 0.00900179986 0.0954064429
v -0.182194442 0.0272432249 0.0896807909
v -0.150610313 0.0282993466 0.117558345
v 0.00675632013 -6.93640066E-15 -0.183401451
v 0.0491367877 -5.83475893E-15 -0.206043079
v 0.0564718433 0.0643139631 -0.197986484
v -0.214628398 0.0278957784 0.0467750058
v -0.21134752 0.00791621394 0.0593082309
v -0.234832019 -7.10542736E-15 0.0472799242
v 0.259005815 2.55960651E-16 -0.189198002
v 0.27673009 0.0357806608 -0.179769188
v 0.213800043 0.0572816804 -0.19260174
v -0.229142249 -7.10542736E-15 -0.0466755182
v -0.218982548 -7.10542693E-15 -0.0401593372
v -0.222110301 0.0105763897 -0.034367919
v 0.182447299 -1.91996323E-15 0.18461436
v 0.166769028 0.0289702825 0.183496982
v 0.20730418 0.0325487405 0.150137007
v 0.11069832 0.0421085954 0.208084196
v 0.106039859 0.0697775409 0.182564244
v 0.166769028 0.0289702825 0.183496982
v 0.0615025535 0.159533575 -0.0122278845
v 0.0113426521 0.147175446 -0.0481758416
v 0.0280626193 0.159960493 -0.0757637694
v -0.195395395 0.0371314436 -0.00650996529
v -0.184058785 0.0408825912 0.0234825592
v -0.217800453 0.0256426223 0.0246479455
v -0.184058785 0.0408825912 0.0234825592
v -0.195395395 0.0371314436 -0.00650996529
v -0.147497028 0.0516336188 -0.0167059172
v 0.166769028 0.0289702825 0.183496982
v 0.16927287 0.0762786046 0.155730411
v 0.20730418 0.0325487405 0.150137007
v 0.20730418 0.0325487405 0.150137007
v 0.200271323 0.0810470656 0.113537945
v 0.268150836 0.0321332589 0.109318711
v 0.268150836 0.0321332589 0.109318711
v 0.237824529 0.0914641395 0.091279611
v 0.283668518 0.0320909619 0.0937029719
v 0.200271323 0.0810470656 0.113537945
v 0.237824529 0.0914641395 0.091279611
v 0.268150836 0.0321332589 0.109318711
v 0.283668518 0.0320909619 0.0937029719
v 0.237824529 0.0914641395 0.091279611
v 0.289494962 0.0338205025 0.069564268
v 0.289494962 0.0338205025 0.069564268
v 0.237824529 0.0914641395 0.091279611
v 0.268236041 0.0636390224 0.0541974455
v 0.268236041 0.0636390224 0.0541974455
v 0.237824529 0.0914641395 0.091279611
v 0.232591957 0.0914351121 0.0302425418
v 0.166769028 0.0289702825 0.183496982
v 0.106039859 0.0697775409 0.182564244
v 0.16927287 0.0762786046 0.155730411
v 0.0139164561 0.0400922745 0.199029639
v 0.0552192144 0.0543812402 0.200241596
v 0.0689549968 0.041510351 0.21355173
v 0.0689549968 0.041510351 0.21355173
v 0.106039859 0.0697775409 0.182564244
v 0.11069832 0.0421085954 0.208084196
v 0.0552192144 0.0543812402 0.200241596
v 0.106039859 0.0697775409 0.182564244
v 0.0689549968 0.041510351 0.21355173
v -0.0477192588 0.0495591611 0.189096242
v -0.00267735287 0.0690938458 0.167014718
v 0.0139164561 0.0400922745 0.199029639
v -0.182194442 0.0272432249 0.0896807909
v -0.142334431 0.0491453707 0.0889278874
v -0.150610313 0.0282993466 0.117558345
v -0.150610313 0.0282993466 0.117558345
v -0.106352627 0.0543820858 0.135160267
v -0.0974578932 0.0460014418 0.157354847
v -0.140809029 0.0637867376 0.0479639843
v -0.167560965 0.0420875177 0.0755519196
v -0.184058785 0.0408825912 0.0234825592
v 0.232591957 0.0914351121 0.0302425418
v 0.193038821 0.132145479 0.0398844369
v 0.208789229 0.112965815 0.0105036926
v 0.237824529 0.0914641395 0.091279611
v 0.189391866 0.120577678 0.0748454928
v 0.232591957 0.0914351121 0.0302425418
v -0.0045413007 0.142610446 -0.0849597454
v -0.0296212509 0.132109985 -0.0381438658
v -0.0446692631 0.107486568 -0.101679742
v -0.0446692631 0.107486568 -0.101679742
v -0.0296212509 0.132109985 -0.0381438658
v -0.0730931684 0.0938505232 -0.0230958853
v -0.0296212509 0.132109985 -0.0381438658
v -0.0045413007 0.142610446 -0.0849597454
v 0.0113426521 0.147175446 -0.0481758416
v -0.0379812345 0.117212191 0.0103440601
v -0.0730931684 0.0938505232 -0.0230958853
v -0.0296212509 0.132109985 -0.0381438658
v -0.142334431 0.0491453707 0.0889278874
v -0.140809029 0.0637867376 0.0479639843
v -0.0948291272 0.0894103125 0.0613399446
v 0.120544948 0.172916934 -0.114896044
v 0.111337341 0.166838124 -0.138022408
v 0.138542131 0.166822359 -0.110832162
v 0.138542131 0.166822359 -0.110832162
v 0.18172805 0.156128451 -0.179623008
v 0.17163372 0.158858821 -0.116057158
v 0.205305874 0.141872227 -0.10523694
v 0.209474266 0.13835001 -0.116657034
v 0.239865005 0.114638835 -0.0953558162
v 0.239865005 0.114638835 -0.0953558162
v 0.270517826 0.0828701779 -0.126813859
v 0.272329032 0.0889797807 -0.0940441862
v 0.209474266 0.13835001 -0.116657034
v 0.270517826 0.0828701779 -0.126813859
v 0.239865005 0.114638835 -0.0953558162
v 0.17163372 0.158858821 -0.116057158
v 0.209474266 0.13835001 -0.116657034
v 0.205305874 0.141872227 -0.10523694
v 0.295773596 0.0676841289 -0.0837967023
v 0.322362214 0.042357482 -0.116282292
v 0.321938723 0.0314503349 -0.0806045681
v 0.321938723 0.0314503349 -0.0806045681
v 0.322362214 0.042357482 -0.116282292
v 0.328211129 0.0303647183 -0.0915005207
v 0.272329032 0.0889797807 -0.0940441862
v 0.270517826 0.0828701779 -0.126813859
v 0.295773596 0.0676841289 -0.0837967023
v 0.138542131 0.166822359 -0.110832162
v 0.111337341 0.166838124 -0.138022408
v 0.18172805 0.156128451 -0.179623008
v 0.324110031 0.0344300903 -0.120228924
v 0.322362214 0.042357482 -0.116282292
v 0.321823806 0.0278628208 -0.142853916
v 0.270517826 0.0828701779 -0.126813859
v 0.256709367 0.11230088 -0.178376332
v 0.31492722 0.0677316561 -0.156854421
v 0.31492722 0.0677316561 -0.156854421
v 0.256709367 0.11230088 -0.178376332
v 0.261657923 0.0978218243 -0.182978913
v 0.295773596 0.0676841289 -0.0837967023
v 0.270517826 0.0828701779 -0.126813859
v 0.322362214 0.042357482 -0.116282292
v 0.270517826 0.0828701779 -0.126813859
v 0.209474266 0.13835001 -0.116657034
v 0.256709367 0.11230088 -0.178376332
v 0.18172805 0.156128451 -0.179623008
v 0.11249844 0.117822692 -0.201999515
v 0.181280926 0.117822692 -0.196555614
v 0.110675529 0.172916934 -0.112573825
v 0.111337341 0.166838124 -0.138022408
v 0.120544948 0.172916934 -0.114896044
v 0.18172805 0.156128451 -0.179623008
v 0.113334477 0.156128451 -0.189622104
v 0.11249844 0.117822692 -0.201999515
v 0.18172805 0.156128451 -0.179623008
v 0.111337341 0.166838124 -0.138022408
v 0.113334477 0.156128451 -0.189622104
v 0.0685469508 0.143880472 -0.153511584
v -0.00119735708 0.123019829 -0.1443156
v 0.0810869113 0.117822692 -0.186951518
v 0.110675529 0.172916934 -0.112573825
v 0.054953903 0.160924181 -0.116983138
v 0.111337341 0.166838124 -0.138022408
v 0.111337341 0.166838124 -0.138022408
v 0.054953903 0.160924181 -0.116983138
v 0.0685469508 0.143880472 -0.153511584
v 0.0685469508 0.143880472 -0.153511584
v 0.054953903 0.160924181 -0.116983138
v -0.00119735708 0.123019829 -0.1443156
v 0.0815665126 0.172458217 -0.0648958236
v 0.117514528 0.16555275 -0.00470392965
v 0.0615025535 0.159533575 -0.0122278845
v 0.117514528 0.16555275 -0.00470392965
v 0.193038821 0.132145479 0.0398844369
v 0.111662485 0.155244097 0.0337519869
v 0.193038821 0.132145479 0.0398844369
v 0.232591957 0.0914351121 0.0302425418
v 0.189391866 0.120577678 0.0748454928
v 0.200271323 0.0810470656 0.113537945
v 0.16927287 0.0762786046 0.155730411
v 0.174362332 0.101645298 0.105223924
v 0.117514528 0.16555275 -0.00470392965
v 0.173375398 0.139677733 -0.0191045757
v 0.193038821 0.132145479 0.0398844369
v 0.173375398 0.139677733 -0.0191045757
v 0.208789229 0.112965815 0.0105036926
v 0.193038821 0.132145479 0.0398844369
v 0.0815665126 0.172458217 -0.0648958236
v 0.146089345 0.164905265 -0.0463906303
v 0.117514528 0.16555275 -0.00470392965
v 0.120544948 0.172841534 -0.0794822276
v 0.0815665126 0.172458217 -0.0648958236
v 0.10603109 0.172916934 -0.103865512
v 0.146089345 0.164905265 -0.0463906303
v 0.0815665126 0.172458217 -0.0648958236
v 0.120544948 0.172841534 -0.0794822276
v 0.16927287 0.0762786046 0.155730411
v 0.106039859 0.0697775409 0.182564244
v 0.110316455 0.0896467566 0.156806409
v 0.0552192144 0.0543812402 0.200241596
v 0.0139164561 0.0400922745 0.199029639
v 0.060722746 0.0738699362 0.176362991
v 0.060722746 0.0738699362 0.176362991
v 0.0139164561 0.0400922745 0.199029639
v -0.00267735287 0.0690938458 0.167014718
v 0.200271323 0.0810470656 0.113537945
v 0.20730418 0.0325487405 0.150137007
v 0.16927287 0.0762786046 0.155730411
v 0.173375398 0.139677733 -0.0191045757
v 0.117514528 0.16555275 -0.00470392965
v 0.146089345 0.164905265 -0.0463906303
v -0.142334431 0.0491453707 0.0889278874
v -0.167560965 0.0420875177 0.0755519196
v -0.140809029 0.0637867376 0.0479639843
v -0.106352627 0.0543820858 0.135160267
v -0.150610313 0.0282993466 0.117558345
v -0.142334431 0.0491453707 0.0889278874
v -0.059717223 0.107589819 0.0554879382
v -0.0250232592 0.0926764533 0.106385052
v -0.069749184 0.0826974586 0.108991802
v -0.00267735287 0.0690938458 0.167014718
v -0.0650939047 0.067894876 0.138881564
v -0.0477192588 0.0495591611 0.189096242
v 0.128466859 0.143647298 0.0672798231
v 0.0890905112 0.121962257 0.0922601148
v 0.0450055115 0.146929577 0.0362695307
v 0.0890905112 0.121962257 0.0922601148
v 0.128466859 0.143647298 0.0672798231
v 0.132562459 0.11686337 0.0951919779
v -0.0650939047 0.067894876 0.138881564
v -0.069749184 0.0826974586 0.108991802
v -0.0250232592 0.0926764533 0.106385052
v -0.167560965 0.0420875177 0.0755519196
v -0.214628398 0.0278957784 0.0467750058
v -0.184058785 0.0408825912 0.0234825592
v -0.237431258 0.0137862545 -0.0298381522
v -0.222110301 0.0105763897 -0.034367919
v -0.237366766 0.0195045173 0.00527870283
v -0.204468697 0.0169130266 -0.0349988565
v -0.195395395 0.0371314436 -0.00650996529
v -0.237366766 0.0195045173 0.00527870283
v -0.195395395 0.0371314436 -0.00650996529
v -0.17205441 0.0241362508 -0.0360981449
v -0.147497028 0.0516336188 -0.0167059172
v -0.147497028 0.0516336188 -0.0167059172
v -0.144011125 0.032493446 -0.0400497764
v -0.0730931684 0.0938505232 -0.0230958853
v -0.144011125 0.032493446 -0.0400497764
v -0.0990167856 0.0362971202 -0.0525849983
v -0.0730931684 0.0938505232 -0.0230958853
v -0.237366766 0.0195045173 0.00527870283
v -0.222110301 0.0105763897 -0.034367919
v -0.204468697 0.0169130266 -0.0349988565
v -0.144011125 0.032493446 -0.0400497764
v -0.147497028 0.0516336188 -0.0167059172
v -0.17205441 0.0241362508 -0.0360981449
v -0.17205441 0.0241362508 -0.0360981449
v -0.195395395 0.0371314436 -0.00650996529
v -0.204468697 0.0169130266 -0.0349988565
v 0.0113426521 0.147175446 -0.0481758416
v 0.0450055115 0.146929577 0.0362695307
v -0.0296212509 0.132109985 -0.0381438658
v -0.0296212509 0.132109985 -0.0381438658
v 0.0450055115 0.146929577 0.0362695307
v -0.0379812345 0.117212191 0.0103440601
v -0.0948291272 0.0894103125 0.0613399446
v -0.069749184 0.0826974586 0.108991802
v -0.142334431 0.0491453707 0.0889278874
v -0.142334431 0.0491453707 0.0889278874
v -0.069749184 0.0826974586 0.108991802
v -0.106352627 0.0543820858 0.135160267
v -0.069749184 0.0826974586 0.108991802
v -0.0948291272 0.0894103125 0.0613399446
v -0.059717223 0.107589819 0.0554879382
v -0.059717223 0.107589819 0.0554879382
v -0.0379812345 0.117212191 0.0103440601
v 0.0136881135 0.132276639 0.0648598969
v 0.0136881135 0.132276639 0.0648598969
v -0.0379812345 0.117212191 0.0103440601
v 0.0450055115 0.146929577 0.0362695307
v 0.0113426521 0.147175446 -0.0481758416
v 0.0615025535 0.159533575 -0.0122278845
v 0.0450055115 0.146929577 0.0362695307
v 0.0450055115 0.146929577 0.0362695307
v 0.111662485 0.155244097 0.0337519869
v 0.128466859 0.143647298 0.0672798231
v 0.0615025535 0.159533575 -0.0122278845
v 0.111662485 0.155244097 0.0337519869
v 0.0450055115 0.146929577 0.0362695307
v 0.132562459 0.11686337 0.0951919779
v 0.110316455 0.0896467566 0.156806409
v 0.0890905112 0.121962257 0.0922601148
v -0.00267735287 0.0690938458 0.167014718
v 0.0297274869 0.0996348336 0.136306971
v 0.060722746 0.0738699362 0.176362991
v 0.0297274869 0.0996348336 0.136306971
v 0.110316455 0.0896467566 0.156806409
v 0.060722746 0.0738699362 0.176362991
v 0.174362332 0.101645298 0.105223924
v 0.189391866 0.120577678 0.0748454928
v 0.200271323 0.0810470656 0.113537945
v 0.200271323 0.0810470656 0.113537945
v 0.189391866 0.120577678 0.0748454928
v 0.237824529 0.0914641395 0.091279611
v 0.128466859 0.143647298 0.0672798231
v 0.132562459 0.11686337 0.0951919779
v 0.189391866 0.120577678 0.0748454928
v 0.128466859 0.143647298 0.0672798231
v 0.193038821 0.132145479 0.0398844369
v 0.193038821 0.132145479 0.0398844369
v 0.128466859 0.143647298 0.0672798231
v 0.111662485 0.155244097 0.0337519869
v 0.132562459 0.11686337 0.0951919779
v 0.189391866 0.120577678 0.0748454928
v 0.174362332 0.101645298 0.105223924
v 0.111662485 0.155244097 0.0337519869
v 0.0615025535 0.159533575 -0.0122278845
v 0.117514528 0.16555275 -0.00470392965
v 0.0615025535 0.159533575 -0.0122278845
v 0.0280626193 0.159960493 -0.0757637694
v 0.0815665126 0.172458217 -0.0648958236
v 0.0280626193 0.159960493 -0.0757637694
v -0.0045413007 0.142610446 -0.0849597454
v 0.054953903 0.160924181 -0.116983138
v 0.054953903 0.160924181 -0.116983138
v -0.0045413007 0.142610446 -0.0849597454
v -0.00119735708 0.123019829 -0.1443156
v 0.0810869113 0.117822692 -0.186951518
v 0.113334477 0.156128451 -0.189622104
v 0.0685469508 0.143880472 -0.153511584
v 0.0685469508 0.143880472 -0.153511584
v 0.113334477 0.156128451 -0.189622104
v 0.111337341 0.166838124 -0.138022408
v 0.0810869113 0.117822692 -0.186951518
v 0.11249844 0.117822692 -0.201999515
v 0.113334477 0.156128451 -0.189622104
v 0.31492722 0.0677316561 -0.156854421
v 0.322362214 0.042357482 -0.116282292
v 0.270517826 0.0828701779 -0.126813859
v 0.261657923 0.0978218243 -0.182978913
v 0.27673009 0.0357806608 -0.179769188
v 0.31492722 0.0677316561 -0.156854421
v 0.27673009 0.0357806608 -0.179769188
v 0.313357741 0.0284204222 -0.163278446
v 0.31492722 0.0677316561 -0.156854421
v 0.100742199 0.0558182374 -0.207606763
v 0.0810869113 0.117822692 -0.186951518
v 0.0564718433 0.0643139631 -0.197986484
v 0.11249844 0.117822692 -0.201999515
v 0.0810869113 0.117822692 -0.186951518
v 0.100742199 0.0558182374 -0.207606763
v 0.0564718433 0.0643139631 -0.197986484
v 0.0810869113 0.117822692 -0.186951518
v 0.00355501473 0.0613482594 -0.167669654
v 0.00355501473 0.0613482594 -0.167669654
v -0.00119735708 0.123019829 -0.1443156
v -0.0157859679 0.0609473363 -0.152360082
v 0.0810869113 0.117822692 -0.186951518
v -0.00119735708 0.123019829 -0.1443156
v 0.00355501473 0.0613482594 -0.167669654
v -0.0157859679 0.0609473363 -0.152360082
v -0.00119735708 0.123019829 -0.1443156
v -0.0502240881 0.0537354574 -0.119381256
v -0.0502240881 0.0537354574 -0.119381256
v -0.0446692631 0.107486568 -0.101679742
v -0.0765892193 0.0377633423 -0.0826724246
v -0.0502240881 0.0537354574 -0.119381256
v -0.00119735708 0.123019829 -0.1443156
v -0.0446692631 0.107486568 -0.101679742
v -0.0765892193 0.0377633423 -0.0826724246
v -0.0730931684 0.0938505232 -0.0230958853
v -0.0990167856 0.0362971202 -0.0525849983
v -0.0446692631 0.107486568 -0.101679742
v -0.0730931684 0.0938505232 -0.0230958853
v -0.0765892193 0.0377633423 -0.0826724246
v 0.11249844 0.117822692 -0.201999515
v 0.163004249 0.0551756099 -0.204985291
v 0.181280926 0.117822692 -0.196555614
v 0.163004249 0.0551756099 -0.204985291
v 0.100742199 0.0558182374 -0.207606763
v 0.152340814 -2.77564099E-15 -0.208126098
v -0.0446692631 0.107486568 -0.101679742
v -0.00119735708 0.123019829 -0.1443156
v -0.0045413007 0.142610446 -0.0849597454
v -0.0045413007 0.142610446 -0.0849597454
v 0.0280626193 0.159960493 -0.0757637694
v 0.0113426521 0.147175446 -0.0481758416
v -0.184058785 0.0408825912 0.0234825592
v -0.147497028 0.0516336188 -0.0167059172
v -0.140809029 0.0637867376 0.0479639843
v -0.252752155 -7.10542736E-15 -0.0551980324
v -0.229142249 -7.10542736E-15 -0.0466755182
v -0.237431258 0.0137862545 -0.0298381522
v 0.051200524 0.113031395 -0.139859885
v 0.0245786384 0.124390274 -0.101209424
v 0.0668749064 0.154651597 -0.102946095
v 0.120387234 0.0858858824 -0.142491326
v 0.051200524 0.113031395 -0.139859885
v 0.0878361911 0.154651597 -0.142248437
v 0.120387234 0.0858858824 -0.142491326
v 0.120387234 0.154651597 -0.149907529
v 0.139679238 0.151853308 -0.145551264
v 0.139679238 0.0841745585 -0.138135061
v 0.139679238 0.151853308 -0.145551264
v 0.169542089 0.142056599 -0.150266454
v 0.211618483 0.0724115446 -0.124831453
v 0.211618483 0.123043865 -0.133696944
v 0.246284142 0.103866048 -0.116989546
v 0.246284127 0.0575293303 -0.104485914
v 0.246284142 0.103866048 -0.116989546
v 0.275282353 0.0764049068 -0.107963331
v 0.306183219 0.0461498536 -0.0918760598
v 0.27492094 0.0437987559 -0.117572762
v 0.275282353 0.0764049068 -0.107963331
v 0.201235816 0.0493658856 0.0730282441
v 0.253444493 0.0421578698 0.0836796612
v 0.212743402 0.077327989 0.0581043549
v 0.142951921 0.078919746 0.0493237115
v 0.201235816 0.0493658856 0.0730282441
v 0.212743402 0.077327989 0.0581043549
v 0.142951921 0.078919746 0.0493237115
v 0.186958492 0.109669931 0.0367217362
v 0.150325954 0.122889981 0.00609454699
v 0.0658397824 0.110267788 -0.0145272091
v 0.120418891 0.142022535 -0.0238125212
v 0.0922810137 0.154583231 -0.0602638498
v 0.306183219 0.0461498536 -0.0918760598
v 0.301455855 0.0475357622 -0.0784831718
v 0.320040047 1.99065787E-15 -0.0763562024
v 0.253444493 9.7898374E-17 0.0836796612
v 0.287167251 1.05635681E-15 0.0638611093
v 0.274964958 0.0362522528 0.0576322973
v 0.211618483 0.123043865 -0.133696944
v 0.169542089 0.142056599 -0.150266454
v 0.17163372 0.142056599 -0.116057158
v 0.246284142 0.103866048 -0.116989546
v 0.23986502 0.103868134 -0.0953558236
v 0.272211939 0.0771018714 -0.0940441862
v 0.253444493 0.0421578698 0.0836796612
v 0.274964958 0.0362522528 0.0576322973
v 0.232591957 0.0751706138 0.0302425418
v 0.186958492 0.109669931 0.0367217362
v 0.208789229 0.0957369953 0.0105036926
v 0.173375398 0.11945799 -0.0191045757
v 0.150325954 0.122889981 0.00609454699
v 0.173375398 0.11945799 -0.0191045757
v 0.146089345 0.142022535 -0.0463906303
v -0.0213184915 -7.65954954E-15 -0.0551840067
v 0.0418409146 0.118259788 -0.058178477
v 0.0245786384 0.124390274 -0.101209424
v 0.0997850299 -4.26936623E-15 0.0652906448
v 0.142951921 0.078919746 0.0493237115
v 0.100572191 0.0988030806 0.0154292677
v 0.180506393 -1.9751271E-15 0.0905819237
v 0.201235816 0.0493658856 0.0730282441
v 0.142951921 0.078919746 0.0493237115
v 0.246284127 -1.05611456E-16 -0.102782629
v 0.246284127 0.0575293303 -0.104485914
v 0.27492094 0.0437987559 -0.117572762
v 0.211618483 -1.09086832E-15 -0.118483216
v 0.211618483 0.0724115446 -0.124831453
v 0.246284127 0.0575293303 -0.104485914
v 0.171556279 -2.22950464E-15 -0.130608708
v 0.169542089 0.0781832412 -0.137659252
v 0.211618483 0.0724115446 -0.124831453
v 0.171556279 -2.22950464E-15 -0.130608708
v 0.122246474 -3.63097359E-15 -0.134728447
v 0.139679238 0.0841745585 -0.138135061
v 0.122246474 -3.63097359E-15 -0.134728447
v 0.0579929017 -5.59297803E-15 -0.141037583
v 0.120387234 0.0858858824 -0.142491326
v 0.0579929017 -5.59297803E-15 -0.141037583
v -0.00488769123 -7.23651756E-15 -0.138566375
v 0.051200524 0.113031395 -0.139859885
v -0.00488769123 -7.23651756E-15 -0.138566375
v -0.0331059061 -7.91623779E-15 -0.0978662446
v 0.0245786384 0.124390274 -0.101209424
v 0.165530905 0.0801426917 0.109345809
v 0.176036835 0.0932447761 0.11371804
v 0.16107586 0.0869993493 0.136086956
v 0.176036835 0.0932447761 0.11371804
v 0.165530905 0.0801426917 0.109345809
v 0.203396663 0.0767595917 0.108371407
v 0.165530905 0.0801426917 0.109345809
v 0.16107586 0.0869993493 0.136086956
v 0.168706536 0.0572757497 0.154394895
v 0.165530905 0.0801426917 0.109345809
v 0.168706536 0.0572757497 0.154394895
v 0.188502148 0.0231597908 0.149244353
v 0.165530905 0.0801426917 0.109345809
v 0.188502148 0.0231597908 0.149244353
v 0.203396663 0.0767595917 0.108371407
v 0.176036835 0.0932447761 0.11371804
v 0.203396663 0.0767595917 0.108371407
v 0.20060575 0.0785276145 0.131465584
v 0.16107586 0.0869993493 0.136086956
v 0.176036835 0.0932447761 0.11371804
v 0.188892797 0.0890588984 0.137450904
v 0.168706536 0.0572757497 0.154394895
v 0.16107586 0.0869993493 0.136086956
v 0.182142645 0.0838340893 0.149515793
v 0.188502148 0.0231597908 0.149244353
v 0.168706536 0.0572757497 0.154394895
v 0.196103767 0.0711066127 0.153249666
v 0.203396663 0.0767595917 0.108371407
v 0.188502148 0.0231597908 0.149244353
v 0.204829156 0.0660781488 0.133481756
v 0.176036835 0.0932447761 0.11371804
v 0.20060575 0.0785276145 0.131465584
v 0.188892797 0.0890588984 0.137450904
v 0.16107586 0.0869993493 0.136086956
v 0.188892797 0.0890588984 0.137450904
v 0.182142645 0.0838340893 0.149515793
v 0.168706536 0.0572757497 0.154394895
v 0.182142645 0.0838340893 0.149515793
v 0.196103767 0.0711066127 0.153249666
v 0.188502148 0.0231597908 0.149244353
v 0.196103767 0.0711066127 0.153249666
v 0.204829156 0.0660781488 0.133481756
v 0.203396663 0.0767595917 0.108371407
v 0.204829156 0.0660781488 0.133481756
v 0.20060575 0.0785276145 0.131465584
v 0.188892797 0.0890588984 0.137450904
v 0.20060575 0.0785276145 0.131465584
v 0.195226714 0.0790717676 0.144170344
v 0.182142645 0.0838340893 0.149515793
v 0.188892797 0.0890588984 0.137450904
v 0.195226714 0.0790717676 0.144170344
v 0.196103767 0.0711066127 0.153249666
v 0.182142645 0.0838340893 0.149515793
v 0.195226714 0.0790717676 0.144170344
v 0.204829156 0.0660781488 0.133481756
v 0.196103767 0.0711066127 0.153249666
v 0.195226714 0.0790717676 0.144170344
v 0.20060575 0.0785276145 0.131465584
v 0.204829156 0.0660781488 0.133481756
v 0.195226714 0.0790717676 0.144170344
v 0.0287584178 0.114390045 0.138406366
v -0.000467144535 0.143826485 0.0831600949
v -0.0313214064 0.149484649 0.0860619694
v 0.0327138342 0.13630192 0.0640225187
v 0.0506689027 0.135134503 0.0580885746
v 0.0405627824 0.140120178 0.0761340708
v 0.0361671075 0.124587566 0.105328567
v 0.0287584178 0.114390045 0.138406366
v 0.0149770938 0.132971466 0.10688787
v 0.0676596165 0.123293065 0.0835926235
v 0.0548564605 0.121914588 0.0986073092
v 0.0497123897 0.134175137 0.0904249325
v 0.0178405419 0.138316631 0.0785513744
v 0.0327138342 0.13630192 0.0640225187
v 0.0405627824 0.140120178 0.0761340708
v 0.0327138342 0.13630192 0.0640225187
v 0.0178405419 0.138316631 0.0785513744
v 0.0361671075 0.124587566 0.105328567
v -0.000467144535 0.143826485 0.0831600949
v 0.0287584178 0.114390045 0.138406366
v 0.0361671075 0.124587566 0.105328567
v 0.00931479502 0.137862876 0.0977089256
v -0.000467144535 0.143826485 0.0831600949
v 0.0178405419 0.138316631 0.0785513744
v 0.0497123897 0.134175137 0.0904249325
v 0.0548564605 0.121914588 0.0986073092
v 0.0361671075 0.124587566 0.105328567
v 0.0405627824 0.140120178 0.0761340708
v 0.0497123897 0.134175137 0.0904249325
v 0.0312935784 0.133897483 0.0982646942
v -0.020454159 0.128452554 0.149537906
v -0.00745208142 0.136931837 0.121639982
v 0.0179581381 0.108731866 0.163252622
v 0.00931479502 0.137862876 0.0977089256
v 0.0149770938 0.132971466 0.10688787
v -0.00745208142 0.136931837 0.121639982
v -0.0313214064 0.149484649 0.0860619694
v -0.0146506159 0.14194876 0.110834569
v -0.047146976 0.137276337 0.122424364
v -0.047146976 0.137276337 0.122424364
v -0.0146506159 0.14194876 0.110834569
v -0.00745208142 0.136931837 0.121639982
v -0.108960465 0.122201562 0.12639159
v -0.0688200742 0.127998456 0.134837955
v -0.0552115068 0.118210398 0.162365139
v -0.00507949432 0.101454288 0.20259954
v -0.0896718949 0.141903713 0.0967990831
v -0.108960465 0.122201562 0.12639159
v -0.047146976 0.137276337 0.122424364
v -0.020454159 0.128452554 0.149537906
v -0.0552115068 0.118210398 0.162365139
v -0.0552115068 0.118210398 0.162365139
v -0.020454159 0.128452554 0.149537906
v -0.00507949432 0.101454288 0.20259954
v -0.152523398 0.0116237495 0.126483172
v -0.107809275 0.00638055103 0.167509392
v -0.12659812 -8.38988421E-15 0.175212502
v -0.214628398 -7.37336336E-15 0.0584961772
v -0.21134752 0.00791621394 0.0593082309
v -0.23849538 -7.72760694E-15 0.0862982199
v -0.184199437 0.00900179986 0.0954064429
v -0.152523398 0.0116237495 0.126483172
v -0.182550386 -8.10388523E-15 0.155965313
v -0.23849538 -7.72760694E-15 0.0862982199
v -0.21134752 0.00791621394 0.0593082309
v -0.184199437 0.00900179986 0.0954064429
v -0.107809275 0.00638055103 0.167509392
v -0.109476268 -8.42782197E-15 0.169144675
v -0.12659812 -8.38988421E-15 0.175212502
v -0.268034965 -7.10542736E-15 0.0732323825
v -0.307812512 -7.10542736E-15 0.0827978253
v -0.297481805 0.010792315 0.0385668054
v -0.307812512 -7.10542736E-15 0.0827978253
v -0.322357029 -7.10542736E-15 0.0499093682
v -0.297481805 0.010792315 0.0385668054
v -0.290193766 0.0122508705 -0.0438391119
v -0.314427853 -7.10542736E-15 -0.0514605045
v -0.306521744 -7.10542736E-15 -0.0717882663
v -0.269435078 0.015506506 -0.0293671973
v -0.269370586 0.021224767 0.00574965775
v -0.292959869 0.0143971518 -0.0128644397
v -0.297481805 0.010792315 0.0385668054
v -0.322357029 -7.10542736E-15 0.0499093682
v -0.320676565 -7.10542736E-15 -0.0053962674
v -0.292959869 0.0143971518 -0.0128644397
v -0.320676565 -7.10542736E-15 -0.0053962674
v -0.314427853 -7.10542736E-15 -0.0514605045
v 0.317630678 0.0337573253 -0.0680554435
v 0.327949286 0.00731204264 -0.0583725534
v 0.323726505 0.00731204264 -0.0583725534
v 0.323726505 0.00731204264 -0.0747690201
v 0.327949286 0.00731204264 -0.0747690201
v 0.317630678 0.0337573253 -0.0815161094
v 0.191193432 0.142437086 -0.0928155705
v 0.189192563 0.138718411 -0.0928155705
v 0.159068123 0.150847986 -0.103447631
v 0.159068123 0.150847986 -0.117042735
v 0.189192563 0.138718411 -0.111910716
v 0.191193432 0.142437086 -0.111910716
v 0.294719458 1.27100343E-15 0.0677103102
v 0.290771276 1.15878935E-15 0.0677103102
v 0.283085883 0.0276726484 0.063532725
v 0.276153594 0.0528164431 0.0591647997
v 0.273359776 0.0496500209 0.0591647997
v 0.247100502 0.0720002204 0.0469554663
v 0.247100502 0.0720002204 0.0267123953
v 0.273359776 0.0496500209 0.0353553295
v 0.276153594 0.0528164431 0.0353553295
v 0.191193432 0.123146966 0.000330768526
v 0.189192563 0.119428292 0.000330768526
v 0.159068123 0.142261147 -0.0292579047
v 0.159068123 0.142261147 -0.0490613617
v 0.189192563 0.119428292 -0.0103089819
v 0.191193432 0.123146966 -0.0103089819
v 0.21326527 -1.04406382E-15 -0.152927369
v 0.262789935 3.63511813E-16 -0.131364062
v 0.191473454 0.0455941036 -0.150378898
v 0.29336068 0.0477554314 -0.100633204
v 0.262789935 3.63511813E-16 -0.131364062
v 0.309868664 1.70156976E-15 -0.100626245
v 0.29336068 0.0477554314 -0.100633204
v 0.309868664 1.70156976E-15 -0.100626245
v 0.31472683 0.0295515582 -0.0699059069
v 0.172028989 0.100005895 -0.132983372
v 0.238552153 0.0715514794 -0.119641155
v 0.199332893 0.0961807445 -0.100672916
v 0.0970409214 -4.34735849E-15 -0.152976885
v 0.123158082 0.0966223627 -0.150408104
v 0.0259267092 0.0572582781 -0.148406357
v 0.29336068 0.0477554314 -0.100633204
v 0.31472683 0.0295515582 -0.0699059069
v 0.270650238 0.0806877464 -0.0816578716
v 0.172028989 0.100005895 -0.132983372
v 0.199332893 0.0961807445 -0.100672916
v 0.128511697 0.105721645 -0.133912697
v 0.0970409214 -4.34735849E-15 -0.152976885
v 0.0259267092 0.0572582781 -0.148406357
v 0.0263540074 -6.3564012E-15 -0.146793544
v 0.23830092 0.0808766484 -0.0718858689
v 0.275507718 0.0455942415 -0.050937701
v 0.207192332 0.0455941036 -0.0509669371
v 0.0513432473 0.0685528219 -0.123163201
v 0.161628187 0.0973424688 -0.0873850435
v 0.0807505399 0.0295514483 -0.0945600718
v 0.0214599799 -6.49549799E-15 -0.126306862
v 0.0513432473 0.0685528219 -0.123163201
v 0.0807505399 0.0295514483 -0.0945600718
v 0.0807505399 0.0295514483 -0.0945600718
v 0.207192332 0.0455941036 -0.0509669371
v 0.185400516 -1.83602777E-15 -0.0484184623
v 0.0807505399 0.0295514483 -0.0945600718
v 0.161628187 0.0973424688 -0.0873850435
v 0.207192332 0.0455941036 -0.0509669371
v 0.161628187 0.0973424688 -0.0873850435
v 0.23830092 0.0808766484 -0.0718858689
v 0.207192332 0.0455941036 -0.0509669371
v 0.207192332 0.0455941036 -0.0509669371
v 0.251269311 3.60759803E-17 -0.039215032
v 0.185400516 -1.83602777E-15 -0.0484184623
v 0.207192332 0.0455941036 -0.0509669371
v 0.275507718 0.0455942415 -0.050937701
v 0.251269311 3.60759803E-17 -0.039215032
v 0.275507718 0.0455942415 -0.050937701
v 0.301624924 1.46726859E-15 -0.0483689271
v 0.251269311 3.60759803E-17 -0.039215032
v 0.0259267092 0.0572582781 -0.148406357
v 0.0513432473 0.0685528219 -0.123163201
v 0.0214599799 -6.49549799E-15 -0.126306862
v 0.128511697 0.105721645 -0.133912697
v 0.161628187 0.0973424688 -0.0873850435
v 0.0513432473 0.0685528219 -0.123163201
v 0.128511697 0.105721645 -0.133912697
v 0.199332893 0.0961807445 -0.100672916
v 0.161628187 0.0973424688 -0.0873850435
v 0.270650238 0.0806877464 -0.0816578716
v 0.275507718 0.0455942415 -0.050937701
v 0.23830092 0.0808766484 -0.0718858689
v 0.270650238 0.0806877464 -0.0816578716
v 0.31472683 0.0295515582 -0.0699059069
v 0.275507718 0.0455942415 -0.050937701
v 0.31472683 0.0295515582 -0.0699059069
v 0.301624924 1.46726859E-15 -0.0483689271
v 0.275507718 0.0455942415 -0.050937701
v 0.0259267092 0.0572582781 -0.148406357
v 0.128511697 0.105721645 -0.133912697
v 0.0513432473 0.0685528219 -0.123163201
v 0.0259267092 0.0572582781 -0.148406357
v 0.123158082 0.0966223627 -0.150408104
v 0.128511697 0.105721645 -0.133912697
v 0.123158082 0.0966223627 -0.150408104
v 0.172028989 0.100005895 -0.132983372
v 0.128511697 0.105721645 -0.133912697
v 0.199332893 0.0961807445 -0.100672916
v 0.238552153 0.0715514794 -0.119641155
v 0.270650238 0.0806877464 -0.0816578716
v 0.238552153 0.0715514794 -0.119641155
v 0.29336068 0.0477554314 -0.100633204
v 0.270650238 0.0806877464 -0.0816578716
v 0.147396535 -2.91616588E-15 -0.162130773
v 0.123158082 0.0966223627 -0.150408104
v 0.0970409214 -4.34735849E-15 -0.152976885
v 0.191473454 0.0455941036 -0.150378898
v 0.172028989 0.100005895 -0.132983372
v 0.123158082 0.0966223627 -0.150408104
v 0.191473454 0.0455941036 -0.150378898
v 0.238552153 0.0715514794 -0.119641155
v 0.172028989 0.100005895 -0.132983372
v 0.312797695 1.78481785E-15 0.0723688155
v 0.298266143 1.37180628E-15 0.0987740755
v 0.299265504 0.0181948449 0.0952968299
v 0.291223168 0.0144760897 0.103771709
v 0.268150836 0.0321332589 0.109318711
v 0.283668518 0.0320909619 0.0937029719
v 0.169081375 0.0637610927 0.149217814
v 0.161838084 0.0827124864 0.155168355
v 0.137171462 0.0914870277 0.151858166
v 0.161838084 0.0827124864 0.155168355
v 0.169081375 0.0637610927 0.149217814
v 0.192155838 0.0508915 0.161381319
v 0.169081375 0.0637610927 0.149217814
v 0.137171462 0.0914870277 0.151858166
v 0.154893011 0.052145727 0.156430975
v 0.169081375 0.0637610927 0.149217814
v 0.154893011 0.052145727 0.156430975
v 0.191879869 0.0297507923 0.160055995
v 0.169081375 0.0637610927 0.149217814
v 0.191879869 0.0297507923 0.160055995
v 0.192155838 0.0508915 0.161381319
v 0.161838084 0.0827124864 0.155168355
v 0.192155838 0.0508915 0.161381319
v 0.174753264 0.0688811764 0.168488383
v 0.137171462 0.0914870277 0.151858166
v 0.161838084 0.0827124864 0.155168355
v 0.143388793 0.0902001411 0.16290246
v 0.154893011 0.052145727 0.156430975
v 0.137171462 0.0914870277 0.151858166
v 0.140248537 0.0746119469 0.164328262
v 0.191879869 0.0297507923 0.160055995
v 0.154893011 0.052145727 0.156430975
v 0.174059883 0.0364571735 0.169394761
v 0.192155838 0.0508915 0.161381319
v 0.191879869 0.0297507923 0.160055995
v 0.190960363 0.0383852124 0.170018777
v 0.161838084 0.0827124864 0.155168355
v 0.174753264 0.0688811764 0.168488383
v 0.143388793 0.0902001411 0.16290246
v 0.137171462 0.0914870277 0.151858166
v 0.143388793 0.0902001411 0.16290246
v 0.140248537 0.0746119469 0.164328262
v 0.154893011 0.052145727 0.156430975
v 0.140248537 0.0746119469 0.164328262
v 0.174059883 0.0364571735 0.169394761
v 0.191879869 0.0297507923 0.160055995
v 0.174059883 0.0364571735 0.169394761
v 0.190960363 0.0383852124 0.170018777
v 0.192155838 0.0508915 0.161381319
v 0.190960363 0.0383852124 0.170018777
v 0.174753264 0.0688811764 0.168488383
v 0.143388793 0.0902001411 0.16290246
v 0.174753264 0.0688811764 0.168488383
v 0.166986212 0.0600383952 0.172404483
v 0.140248537 0.0746119469 0.164328262
v 0.143388793 0.0902001411 0.16290246
v 0.166986212 0.0600383952 0.172404483
v 0.174059883 0.0364571735 0.169394761
v 0.140248537 0.0746119469 0.164328262
v 0.166986212 0.0600383952 0.172404483
v 0.190960363 0.0383852124 0.170018777
v 0.174059883 0.0364571735 0.169394761
v 0.166986212 0.0600383952 0.172404483
v 0.174753264 0.0688811764 0.168488383
v 0.190960363 0.0383852124 0.170018777
v 0.166986212 0.0600383952 0.172404483
v 0.217878714 -9.12941851E-16 0.149032012
v 0.268150836 -0.0321332589 0.109318711
v 0.20730418 -0.0325487405 0.150137007
v 0.289494962 -0.0338205025 0.069564268
v 0.299265504 -0.0181948449 0.0952968299
v 0.308055222 -0.0185722392 0.0718959346
v 0.0689549968 -0.041510351 0.21355173
v 0.11808607 -3.74921939E-15 0.218456179
v 0.11069832 -0.0421085954 0.208084196
v -0.101226792 -7.7723379E-15 -0.0550989509
v -0.144011125 -0.032493446 -0.0400497764
v -0.0990167856 -0.0362971202 -0.0525849983
v 0.0139164561 -0.0400922745 0.199029639
v 0.0578941815 -5.65050978E-15 0.229324102
v 0.0689549968 -0.041510351 0.21355173
v 0.333334237 2.36850148E-15 -0.0685012043
v 0.328211129 -0.0303647183 -0.0915005207
v 0.321938723 -0.0314503349 -0.0806045681
v -0.0765892193 -0.0377633423 -0.0826724246
v -0.101226792 -7.7723379E-15 -0.0550989509
v -0.0990167856 -0.0362971202 -0.0525849983
v -0.0477192588 -0.0495591611 0.189096242
v 0.00266959216 -7.04241065E-15 0.218228325
v 0.0139164561 -0.0400922745 0.199029639
v 0.333334237 2.36850148E-15 -0.0685012043
v 0.321938723 -0.0314503349 -0.0806045681
v 0.320040047 1.99065787E-15 -0.0763562024
v 0.320040047 1.99065787E-15 -0.0763562024
v 0.321938723 -0.0314503349 -0.0806045681
v 0.301455855 -0.0475357622 -0.0784831718
v -0.0524602085 -8.24577765E-15 -0.126507133
v -0.0765892193 -0.0377633423 -0.0826724246
v -0.0502240881 -0.0537354574 -0.119381256
v 0.272211939 -0.0771018714 -0.0940441862
v 0.295773596 -0.0676841289 -0.0837967023
v 0.272329032 -0.0889797807 -0.0940441862
v -0.02575472 -7.71806935E-15 -0.15785706
v -0.0502240881 -0.0537354574 -0.119381256
v -0.0157859679 -0.0609473363 -0.152360082
v -0.150610313 -0.0282993466 0.117558345
v -0.107809275 -0.00638055103 0.167509392
v -0.0974578932 -0.0460014418 0.157354847
v 0.299313456 1.40157271E-15 0.0735127181
v 0.308055222 -0.0185722392 0.0718959346
v 0.312797695 1.78481785E-15 0.0723688155
v -0.184199437 -0.00900179986 0.0954064429
v -0.150610313 -0.0282993466 0.117558345
v -0.182194442 -0.0272432249 0.0896807909
v 0.0564718433 -0.0643139631 -0.197986484
v 0.00675632013 -6.93640066E-15 -0.183401451
v 0.00355501473 -0.0613482594 -0.167669654
v -0.214628398 -7.37336336E-15 0.0584961772
v -0.21134752 -0.00791621394 0.0593082309
v -0.234832019 -7.10542736E-15 0.0472799242
v -0.234832019 -7.10542736E-15 0.0472799242
v -0.214628398 -0.0278957784 0.0467750058
v -0.232741833 -0.0188583732 0.0311855152
v 0.259005815 2.55960651E-16 -0.189198002
v 0.213800043 -0.0572816804 -0.19260174
v 0.27673009 -0.0357806608 -0.179769188
v -0.222110301 -0.0105763897 -0.034367919
v -0.229142249 -7.10542736E-15 -0.0466755182
v -0.237431258 -0.0137862545 -0.0298381522
v 0.182447299 -1.91996323E-15 0.18461436
v 0.20730418 -0.0325487405 0.150137007
v 0.166769028 -0.0289702825 0.183496982
v -0.237431258 -0.0137862545 -0.0298381522
v -0.252752155 -7.10542736E-15 -0.0551980324
v -0.269435078 -0.015506506 -0.0293671973
v 0.0668749064 -0.154651597 -0.102946095
v 0.051200524 -0.113031395 -0.139859885
v 0.0878361911 -0.154651597 -0.142248437
v 0.0878361911 -0.154651597 -0.142248437
v 0.120387234 -0.0858858824 -0.142491326
v 0.120387234 -0.154651597 -0.149907529
v 0.120387234 -0.0858858824 -0.142491326
v 0.139679238 -0.151853308 -0.145551264
v 0.120387234 -0.154651597 -0.149907529
v 0.139679238 -0.0841745585 -0.138135061
v 0.169542089 -0.142056599 -0.150266454
v 0.139679238 -0.151853308 -0.145551264
v 0.211618483 -0.0724115446 -0.124831453
v 0.246284142 -0.103866048 -0.116989546
v 0.211618483 -0.123043865 -0.133696944
v 0.246284127 -0.0575293303 -0.104485914
v 0.275282353 -0.0764049068 -0.107963331
v 0.246284142 -0.103866048 -0.116989546
v 0.322634876 0.000760720111 -0.0948865712
v 0.306183219 -0.0461498536 -0.0918760598
v 0.274559498 6.98022911E-16 -0.107470222
v 0.274559498 6.98022911E-16 -0.107470222
v 0.306183219 -0.0461498536 -0.0918760598
v 0.27492094 -0.0437987559 -0.117572762
v 0.180506393 -1.9751271E-15 0.0905819237
v 0.201235816 -0.0493658856 0.0730282441
v 0.253444493 9.7898374E-17 0.0836796612
v 0.253444493 9.7898374E-17 0.0836796612
v 0.201235816 -0.0493658856 0.0730282441
v 0.253444493 -0.0421578698 0.0836796612
v 0.212743402 -0.077327989 0.0581043549
v 0.142951921 -0.078919746 0.0493237115
v 0.186958492 -0.109669931 0.0367217362
v 0.142951921 -0.078919746 0.0493237115
v 0.150325954 -0.122889981 0.00609454699
v 0.186958492 -0.109669931 0.0367217362
v 0.0658397824 -0.110267788 -0.0145272091
v 0.0922810137 -0.154583231 -0.0602638498
v 0.120418891 -0.142022535 -0.0238125212
v 0.306183219 -0.0461498536 -0.0918760598
v 0.320040047 1.99065787E-15 -0.0763562024
v 0.301455855 -0.0475357622 -0.0784831718
v 0.253444493 9.7898374E-17 0.0836796612
v 0.274964958 -0.0362522528 0.0576322973
v 0.287167251 1.05635681E-15 0.0638611093
v 0.246284142 -0.103866048 -0.116989546
v 0.272211939 -0.0771018714 -0.0940441862
v 0.23986502 -0.103868134 -0.0953558236
v 0.253444493 -0.0421578698 0.0836796612
v 0.232591957 -0.0751706138 0.0302425418
v 0.274964958 -0.0362522528 0.0576322973
v 0.186958492 -0.109669931 0.0367217362
v 0.173375398 -0.11945799 -0.0191045757
v 0.208789229 -0.0957369953 0.0105036926
v 0.150325954 -0.122889981 0.00609454699
v 0.146089345 -0.142022535 -0.0463906303
v 0.173375398 -0.11945799 -0.0191045757
v -0.0213184915 -7.65954954E-15 -0.0551840067
v 0.0245786384 -0.124390274 -0.101209424
v 0.0418409146 -0.118259788 -0.058178477
v 0.0997850299 -4.26936623E-15 0.0652906448
v 0.100572191 -0.0988030806 0.0154292677
v 0.142951921 -0.078919746 0.0493237115
v 0.180506393 -1.9751271E-15 0.0905819237
v 0.142951921 -0.078919746 0.0493237115
v 0.201235816 -0.0493658856 0.0730282441
v 0.246284127 -1.05611456E-16 -0.102782629
v 0.27492094 -0.0437987559 -0.117572762
v 0.246284127 -0.0575293303 -0.104485914
v 0.211618483 -1.09086832E-15 -0.118483216
v 0.246284127 -0.0575293303 -0.104485914
v 0.211618483 -0.0724115446 -0.124831453
v 0.171556279 -2.22950464E-15 -0.130608708
v 0.211618483 -0.0724115446 -0.124831453
v 0.169542089 -0.0781832412 -0.137659252
v 0.139679238 -0.0841745585 -0.138135061
v 0.171556279 -2.22950464E-15 -0.130608708
v 0.169542089 -0.0781832412 -0.137659252
v 0.051200524 -0.113031395 -0.139859885
v 0.0579929017 -5.59297803E-15 -0.141037583
v 0.120387234 -0.0858858824 -0.142491326
v 0.051200524 0.113031395 -0.139859885
v 0.120387234 0.0858858824 -0.142491326
v 0.0245786384 -0.124390274 -0.101209424
v -0.00488769123 -7.23651756E-15 -0.138566375
v 0.051200524 -0.113031395 -0.139859885
v 0.0287584178 -0.114390045 0.138406366
v -0.0313214064 -0.149484649 0.0860619694
v -0.000467144535 -0.143826485 0.0831600949
v 0.0361671075 -0.124587566 0.105328567
v 0.0149770938 -0.132971466 0.10688787
v 0.0287584178 -0.114390045 0.138406366
v 0.0178405419 -0.138316631 0.0785513744
v 0.0405627824 -0.140120178 0.0761340708
v 0.0327138342 -0.13630192 0.0640225187
v -0.000467144535 -0.143826485 0.0831600949
v 0.0361671075 -0.124587566 0.105328567
v 0.0287584178 -0.114390045 0.138406366
v 0.0178405419 -0.138316631 0.0785513744
v 0.00931479502 -0.137862876 0.0977089256
v 0.0243841708 -0.139073566 0.0881692618
v 0.0361671075 -0.124587566 0.105328567
v 0.0497123897 -0.134175137 0.0904249325
v 0.0312935784 -0.133897483 0.0982646942
v 0.0405627824 -0.140120178 0.0761340708
v 0.0312935784 -0.133897483 0.0982646942
v 0.0497123897 -0.134175137 0.0904249325
v 0.0179581381 -0.108731866 0.163252622
v -0.020454159 -0.128452554 0.149537906
v -0.00507949432 -0.101454288 0.20259954
v 0.00931479502 -0.137862876 0.0977089256
v -0.00745208142 -0.136931837 0.121639982
v 0.0149770938 -0.132971466 0.10688787
v -0.0313214064 -0.149484649 0.0860619694
v -0.047146976 -0.137276337 0.122424364
v -0.0146506159 -0.14194876 0.110834569
v -0.0313214064 -0.149484649 0.0860619694
v -0.00507949432 -0.101454288 0.20259954
v -0.0896718949 -0.141903713 0.0967990831
v -0.00745208142 -0.136931837 0.121639982
v -0.047146976 -0.137276337 0.122424364
v -0.020454159 -0.128452554 0.149537906
v -0.0552115068 -0.118210398 0.162365139
v -0.108960465 -0.122201562 0.12639159
v -0.0527622625 -0.0837123543 0.209499538
v -0.00507949432 -0.101454288 0.20259954
v -0.108960465 -0.122201562 0.12639159
v -0.0896718949 -0.141903713 0.0967990831
v -0.047146976 -0.137276337 0.122424364
v -0.0552115068 -0.118210398 0.162365139
v -0.020454159 -0.128452554 0.149537906
v -0.00507949432 -0.101454288 0.20259954
v -0.0552115068 -0.118210398 0.162365139
v -0.0527622625 -0.0837123543 0.209499538
v -0.152523398 -0.0116237495 0.126483172
v -0.12659812 -8.38988421E-15 0.175212502
v -0.107809275 -0.00638055103 0.167509392
v -0.184199437 -0.00900179986 0.0954064429
v -0.182550386 -8.10388523E-15 0.155965313
v -0.152523398 -0.0116237495 0.126483172
v -0.184199437 -0.00900179986 0.0954064429
v -0.23849538 -7.72760694E-15 0.0862982199
v -0.225560158 -7.93503091E-15 0.131182507
v -0.268034965 -7.10542736E-15 0.0732323825
v -0.297481805 -0.010792315 0.0385668054
v -0.307812512 -7.10542736E-15 0.0827978253
v -0.292959869 -0.0143971518 -0.0128644397
v -0.269435078 -0.015506506 -0.0293671973
v -0.290193766 -0.0122508705 -0.0438391119
v -0.297481805 -0.010792315 0.0385668054
v -0.320676565 -7.10542736E-15 -0.0053962674
v -0.322357029 -7.10542736E-15 0.0499093682
v -0.292959869 -0.0143971518 -0.0128644397
v -0.314427853 -7.10542736E-15 -0.0514605045
v -0.320676565 -7.10542736E-15 -0.0053962674
v 0.323726505 -0.00731204264 -0.0583725534
v 0.317630678 -0.0337573253 -0.0680554435
v 0.313682497 -0.0322594605 -0.0680554435
v 0.323726505 -0.00731204264 -0.0747690201
v 0.317630678 -0.0337573253 -0.0815161094
v 0.327949286 -0.00731204264 -0.0747690201
v 0.191193432 -0.142437086 -0.0928155705
v 0.159068123 -0.150847986 -0.103447631
v 0.189192563 -0.138718411 -0.0928155705
v 0.191193432 -0.142437086 -0.111910716
v 0.159068123 -0.150847986 -0.117042735
v 0.159527764 -0.155045703 -0.117042735
v 0.294719458 1.27100343E-15 0.0677103102
v 0.283085883 -0.0276726484 0.063532725
v 0.290771276 1.15878935E-15 0.0677103102
v 0.276153594 -0.0528164431 0.0591647997
v 0.247100502 -0.0720002204 0.0469554663
v 0.273359776 -0.0496500209 0.0591647997
v 0.276153594 -0.0528164431 0.0353553295
v 0.247100502 -0.0720002204 0.0267123953
v 0.249101371 -0.0757188797 0.0267123953
v 0.191193432 -0.123146966 0.000330768526
v 0.159068123 -0.142261147 -0.0292579047
v 0.189192563 -0.119428292 0.000330768526
v 0.191193432 -0.123146966 -0.0103089819
v 0.159068123 -0.142261147 -0.0490613617
v 0.159527764 -0.146458864 -0.0490613617
v 0.291223168 -0.0144760897 0.103771709
v 0.298266143 1.37180628E-15 0.0987740755
v 0.299265504 -0.0181948449 0.0952968299
v 0.299265504 -0.0181948449 0.0952968299
v 0.312797695 1.78481785E-15 0.0723688155
v 0.308055222 -0.0185722392 0.0718959346
v 0.283668518 -0.0320909619 0.0937029719
v 0.291223168 -0.0144760897 0.103771709
v 0.299265504 -0.0181948449 0.0952968299
v 0.299265504 0.0181948449 0.0952968299
v 0.289494962 0.0338205025 0.069564268
v 0.308055222 0.0185722392 0.0718959346
v 0.327350467 2.19843251E-15 -0.125201762
v 0.321823806 0.0278628208 -0.142853916
v 0.323278606 2.08270325E-15 -0.142561719
v 0.11808607 -3.74921939E-15 0.218456179
v 0.0689549968 0.041510351 0.21355173
v 0.11069832 0.0421085954 0.208084196
v 0.336790651 2.46673867E-15 -0.0977132544
v 0.324110031 0.0344300903 -0.120228924
v 0.327350467 2.19843251E-15 -0.125201762
v 0.0578941815 -5.65050978E-15 0.229324102
v 0.0139164561 0.0400922745 0.199029639
v 0.0689549968 0.041510351 0.21355173
v 0.333334237 2.36850148E-15 -0.0685012043
v 0.328211129 0.0303647183 -0.0915005207
v 0.336790651 2.46673867E-15 -0.0977132544
v -0.101226792 -7.7723379E-15 -0.0550989509
v -0.0765892193 0.0377633423 -0.0826724246
v -0.0990167856 0.0362971202 -0.0525849983
v 0.00266959216 -7.04241065E-15 0.218228325
v -0.0477192588 0.0495591611 0.189096242
v 0.0139164561 0.0400922745 0.199029639
v 0.301455855 0.0475357622 -0.0784831718
v 0.321938723 0.0314503349 -0.0806045681
v 0.320040047 1.99065787E-15 -0.0763562024
v 0.320040047 1.99065787E-15 -0.0763562024
v 0.321938723 0.0314503349 -0.0806045681
v 0.333334237 2.36850148E-15 -0.0685012043
v -0.0524602085 -8.24577765E-15 -0.126507133
v -0.0765892193 0.0377633423 -0.0826724246
v -0.0774240568 -8.50283013E-15 -0.0968988538
v 0.272211939 0.0771018714 -0.0940441862
v 0.295773596 0.0676841289 -0.0837967023
v 0.301455855 0.0475357622 -0.0784831718
v -0.02575472 -7.71806935E-15 -0.15785706
v -0.0502240881 0.0537354574 -0.119381256
v -0.0524602085 -8.24577765E-15 -0.126507133
v -0.107809275 0.00638055103 0.167509392
v -0.150610313 0.0282993466 0.117558345
v -0.0974578932 0.0460014418 0.157354847
v 0.308055222 0.0185722392 0.0718959346
v 0.299313456 1.40157271E-15 0.0735127181
v 0.312797695 1.78481785E-15 0.0723688155
v -0.184199437 0.00900179986 0.0954064429
v -0.150610313 0.0282993466 0.117558345
v -0.152523398 0.0116237495 0.126483172
v 0.00675632013 -6.93640066E-15 -0.183401451
v 0.0564718433 0.0643139631 -0.197986484
v 0.00355501473 0.0613482594 -0.167669654
v -0.232741833 0.0188583732 0.0311855152
v -0.214628398 0.0278957784 0.0467750058
v -0.234832019 -7.10542736E-15 0.0472799242
v -0.234832019 -7.10542736E-15 0.0472799242
v -0.21134752 0.00791621394 0.0593082309
v -0.214628398 -7.37336336E-15 0.0584961772
v 0.152340814 -2.77564099E-15 -0.208126098
v 0.100742199 0.0558182374 -0.207606763
v 0.093580097 -4.44572103E-15 -0.215418622
v 0.207028583 -1.22132114E-15 -0.199121445
v 0.163004249 0.0551756099 -0.204985291
v 0.152340814 -2.77564099E-15 -0.208126098
v -0.229142249 -7.10542736E-15 -0.0466755182
v -0.222110301 0.0105763897 -0.034367919
v -0.237431258 0.0137862545 -0.0298381522
v 0.182447299 -1.91996323E-15 0.18461436
v 0.20730418 0.0325487405 0.150137007
v 0.217878714 -9.12941851E-16 0.149032012
v -0.204468697 -7.10542736E-15 -0.0349988565
v -0.222110301 0.0105763897 -0.034367919
v -0.218982548 -7.10542693E-15 -0.0401593372
v -0.252752155 -7.10542736E-15 -0.0551980324
v -0.237431258 0.0137862545 -0.0298381522
v -0.269435078 0.015506506 -0.0293671973
v 0.051200524 0.113031395 -0.139859885
v 0.0668749064 0.154651597 -0.102946095
v 0.0878361911 0.154651597 -0.142248437
v 0.120387234 0.0858858824 -0.142491326
v 0.0878361911 0.154651597 -0.142248437
v 0.120387234 0.154651597 -0.149907529
v 0.139679238 0.0841745585 -0.138135061
v 0.169542089 0.142056599 -0.150266454
v 0.169542089 0.0781832412 -0.137659252
v 0.211618483 0.0724115446 -0.124831453
v 0.246284142 0.103866048 -0.116989546
v 0.246284127 0.0575293303 -0.104485914
v 0.246284127 0.0575293303 -0.104485914
v 0.275282353 0.0764049068 -0.107963331
v 0.27492094 0.0437987559 -0.117572762
v 0.27492094 0.0437987559 -0.117572762
v 0.306183219 0.0461498536 -0.0918760598
v 0.274559498 6.98022911E-16 -0.107470222
v 0.274559498 6.98022911E-16 -0.107470222
v 0.306183219 0.0461498536 -0.0918760598
v 0.322634876 -0.000760720111 -0.0948865712
v 0.253444493 0.0421578698 0.0836796612
v 0.201235816 0.0493658856 0.0730282441
v 0.253444493 9.7898374E-17 0.0836796612
v 0.253444493 9.7898374E-17 0.0836796612
v 0.201235816 0.0493658856 0.0730282441
v 0.180506393 -1.9751271E-15 0.0905819237
v 0.142951921 0.078919746 0.0493237115
v 0.212743402 0.077327989 0.0581043549
v 0.186958492 0.109669931 0.0367217362
v 0.100572191 0.0988030806 0.0154292677
v 0.120418891 0.142022535 -0.0238125212
v 0.0658397824 0.110267788 -0.0145272091
v 0.0658397824 0.110267788 -0.0145272091
v 0.0922810137 0.154583231 -0.0602638498
v 0.0418409146 0.118259788 -0.058178477
v 0.306183219 0.0461498536 -0.0918760598
v 0.320040047 1.99065787E-15 -0.0763562024
v 0.322634876 -0.000760720111 -0.0948865712
v 0.212743402 0.077327989 0.0581043549
v 0.208789229 0.0957369953 0.0105036926
v 0.186958492 0.109669931 0.0367217362
v 0.186958492 0.109669931 0.0367217362
v 0.173375398 0.11945799 -0.0191045757
v 0.150325954 0.122889981 0.00609454699
v 0.150325954 0.122889981 0.00609454699
v 0.146089345 0.142022535 -0.0463906303
v 0.120418891 0.142022535 -0.0238125212
v -0.0213184915 -7.65954954E-15 -0.0551840067
v 0.0245786384 0.124390274 -0.101209424
v -0.0331059061 -7.91623779E-15 -0.0978662446
v 0.0360339731 -6.08128024E-15 0.0192920137
v 0.0658397824 0.110267788 -0.0145272091
v 0.00612690812 -6.95599296E-15 -0.0106150638
v 0.180506393 -1.9751271E-15 0.0905819237
v 0.142951921 0.078919746 0.0493237115
v 0.0997850299 -4.26936623E-15 0.0652906448
v 0.246284127 -1.05611456E-16 -0.102782629
v 0.27492094 0.0437987559 -0.117572762
v 0.274559498 6.98022911E-16 -0.107470222
v 0.211618483 -1.09086832E-15 -0.118483216
v 0.246284127 0.0575293303 -0.104485914
v 0.246284127 -1.05611456E-16 -0.102782629
v 0.171556279 -2.22950464E-15 -0.130608708
v 0.211618483 0.0724115446 -0.124831453
v 0.211618483 -1.09086832E-15 -0.118483216
v 0.171556279 -2.22950464E-15 -0.130608708
v 0.139679238 0.0841745585 -0.138135061
v 0.169542089 0.0781832412 -0.137659252
v -0.00488769123 -7.23651756E-15 -0.138566375
v 0.0245786384 0.124390274 -0.101209424
v 0.051200524 0.113031395 -0.139859885
v 0.0327138342 0.13630192 0.0640225187
v 0.0676596165 0.123293065 0.0835926235
v 0.0506689027 0.135134503 0.0580885746
v 0.0361671075 0.124587566 0.105328567
v 0.0149770938 0.132971466 0.10688787
v 0.0312935784 0.133897483 0.0982646942
v 0.0178405419 0.138316631 0.0785513744
v 0.0405627824 0.140120178 0.0761340708
v 0.0243841708 0.139073566 0.0881692618
v -0.000467144535 0.143826485 0.0831600949
v 0.0361671075 0.124587566 0.105328567
v 0.0178405419 0.138316631 0.0785513744
v 0.00931479502 0.137862876 0.0977089256
v 0.0178405419 0.138316631 0.0785513744
v 0.0243841708 0.139073566 0.0881692618
v 0.0497123897 0.134175137 0.0904249325
v 0.0361671075 0.124587566 0.105328567
v 0.0312935784 0.133897483 0.0982646942
v 0.0405627824 0.140120178 0.0761340708
v 0.0312935784 0.133897483 0.0982646942
v 0.0243841708 0.139073566 0.0881692618
v -0.020454159 0.128452554 0.149537906
v 0.0179581381 0.108731866 0.163252622
v -0.00507949432 0.101454288 0.20259954
v -0.000467144535 0.143826485 0.0831600949
v -0.0146506159 0.14194876 0.110834569
v -0.0313214064 0.149484649 0.0860619694
v -0.0896718949 0.141903713 0.0967990831
v -0.0688200742 0.127998456 0.134837955
v -0.108960465 0.122201562 0.12639159
v -0.0313214064 0.149484649 0.0860619694
v -0.047146976 0.137276337 0.122424364
v -0.0896718949 0.141903713 0.0967990831
v -0.00507949432 0.101454288 0.20259954
v -0.0313214064 0.149484649 0.0860619694
v -0.0896718949 0.141903713 0.0967990831
v -0.047146976 0.137276337 0.122424364
v -0.00745208142 0.136931837 0.121639982
v -0.020454159 0.128452554 0.149537906
v -0.108960465 0.122201562 0.12639159
v -0.0552115068 0.118210398 0.162365139
v -0.0527622625 0.0837123543 0.209499538
v -0.00507949432 0.101454288 0.20259954
v -0.108960465 0.122201562 0.12639159
v -0.0527622625 0.0837123543 0.209499538
v -0.0552115068 0.118210398 0.162365139
v -0.00507949432 0.101454288 0.20259954
v -0.0527622625 0.0837123543 0.209499538
v -0.152523398 0.0116237495 0.126483172
v -0.12659812 -8.38988421E-15 0.175212502
v -0.182550386 -8.10388523E-15 0.155965313
v -0.184199437 0.00900179986 0.0954064429
v -0.182550386 -8.10388523E-15 0.155965313
v -0.225560158 -7.93503091E-15 0.131182507
v -0.23849538 -7.72760694E-15 0.0862982199
v -0.184199437 0.00900179986 0.0954064429
v -0.225560158 -7.93503091E-15 0.131182507
v -0.268034965 -7.10542736E-15 0.0732323825
v -0.297481805 0.010792315 0.0385668054
v -0.265045434 0.0205786303 0.0553392768
v -0.269435078 0.015506506 -0.0293671973
v -0.292959869 0.0143971518 -0.0128644397
v -0.290193766 0.0122508705 -0.0438391119
v -0.297481805 0.010792315 0.0385668054
v -0.320676565 -7.10542736E-15 -0.0053962674
v -0.292959869 0.0143971518 -0.0128644397
v -0.292959869 0.0143971518 -0.0128644397
v -0.314427853 -7.10542736E-15 -0.0514605045
v -0.290193766 0.0122508705 -0.0438391119
v 0.317630678 0.0337573253 -0.0680554435
v 0.323726505 0.00731204264 -0.0583725534
v 0.313682497 0.0322594605 -0.0680554435
v 0.323726505 0.00731204264 -0.0747690201
v 0.317630678 0.0337573253 -0.0815161094
v 0.313682497 0.0322594605 -0.0815161094
v 0.191193432 0.142437086 -0.0928155705
v 0.159068123 0.150847986 -0.103447631
v 0.159527764 0.155045703 -0.103447631
v 0.159068123 0.150847986 -0.117042735
v 0.191193432 0.142437086 -0.111910716
v 0.159527764 0.155045703 -0.117042735
v 0.276153594 0.0528164431 0.0591647997
v 0.247100502 0.0720002204 0.0469554663
v 0.249101371 0.0757188797 0.0469554663
v 0.247100502 0.0720002204 0.0267123953
v 0.276153594 0.0528164431 0.0353553295
v 0.249101371 0.0757188797 0.0267123953
v 0.191193432 0.123146966 0.000330768526
v 0.159068123 0.142261147 -0.0292579047
v 0.159527764 0.146458864 -0.0292579047
v 0.159068123 0.142261147 -0.0490613617
v 0.191193432 0.123146966 -0.0103089819
v 0.159527764 0.146458864 -0.0490613617
v 0.298266143 1.37180628E-15 0.0987740755
v 0.291223168 0.0144760897 0.103771709
v 0.299265504 0.0181948449 0.0952968299
v 0.312797695 1.78481785E-15 0.0723688155
v 0.299265504 0.0181948449 0.0952968299
v 0.308055222 0.0185722392 0.0718959346
v 0.291223168 0.0144760897 0.103771709
v 0.283668518 0.0320909619 0.0937029719
v 0.299265504 0.0181948449 0.0952968299
v 0.120544948 -0.172841534 -0.0794822276
v 0.120544948 -0.154583231 -0.0794822276
v 0.10603109 -0.154651597 -0.103865512
v 0.10603109 -0.172916934 -0.103865512
v 0.217878714 -9.12941851E-16 0.149032012
v 0.268264443 5.19106683E-16 0.109243296
v 0.268150836 -0.0321332589 0.109318711
v 0.268150836 0.0321332589 0.109318711
v 0.321823806 -0.0278628208 -0.142853916
v 0.323278606 2.08270325E-15 -0.142561719
v 0.313630849 1.8084975E-15 -0.163837776
v 0.313357741 -0.0284204222 -0.163278446
v 0.31492722 -0.0677316561 -0.156854421
v 0.146089345 -0.164905265 -0.0463906303
v 0.146089345 -0.142022535 -0.0463906303
v 0.120544948 -0.154583231 -0.0794822276
v 0.120544948 -0.172841534 -0.0794822276
v -0.14302668 -7.39634929E-15 -0.0466421954
v -0.17205441 -7.10542736E-15 -0.0360981449
v -0.17205441 -0.0241362508 -0.0360981449
v -0.17205441 0.0241362508 -0.0360981449
v 0.173375398 -0.139677733 -0.0191045757
v 0.173375398 -0.11945799 -0.0191045757
v 0.146089345 -0.142022535 -0.0463906303
v 0.146089345 -0.164905265 -0.0463906303
v -0.101226792 -7.7723379E-15 -0.0550989509
v -0.14302668 -7.39634929E-15 -0.0466421954
v -0.144011125 -0.032493446 -0.0400497764
v -0.17205441 -0.0241362508 -0.0360981449
v 0.232591957 -0.0914351121 0.0302425418
v 0.232591957 -0.0751706138 0.0302425418
v 0.208789229 -0.0957369953 0.0105036926
v 0.208789229 -0.112965815 0.0105036926
v 0.173375398 -0.11945799 -0.0191045757
v 0.173375398 -0.139677733 -0.0191045757
v 0.268236041 -0.0636390224 0.0541974455
v 0.274964958 -0.0362522528 0.0576322973
v 0.232591957 -0.0751706138 0.0302425418
v 0.232591957 -0.0914351121 0.0302425418
v -0.0974578932 -0.0460014418 0.157354847
v -0.0601523705 -8.3403294E-15 0.200912625
v -0.0477192588 -0.0495591611 0.189096242
v -0.107809275 -0.00638055103 0.167509392
v -0.109476268 -8.42782197E-15 0.169144675
v 0.23986502 -0.103868134 -0.0953558236
v 0.272211939 -0.0771018714 -0.0940441862
v 0.272329032 -0.0889797807 -0.0940441862
v 0.239865005 -0.114638835 -0.0953558162
v 0.00355501473 -0.0613482594 -0.167669654
v 0.00675632013 -6.93640066E-15 -0.183401451
v -0.02575472 -7.71806935E-15 -0.15785706
v -0.0157859679 -0.0609473363 -0.152360082
v 0.205305874 -0.123043865 -0.10523694
v 0.23986502 -0.103868134 -0.0953558236
v 0.239865005 -0.114638835 -0.0953558162
v 0.205305874 -0.141872227 -0.10523694
v 0.17163372 -0.142056599 -0.116057158
v 0.17163372 -0.158858821 -0.116057158
v -0.21134752 -0.00791621394 0.0593082309
v -0.184199437 -0.00900179986 0.0954064429
v -0.182194442 -0.0272432249 0.0896807909
v -0.214628398 -0.0278957784 0.0467750058
v 0.100742199 -0.0558182374 -0.207606763
v 0.093580097 -4.44572103E-15 -0.215418622
v 0.0491367877 -5.83475893E-15 -0.206043079
v 0.0564718433 -0.0643139631 -0.197986484
v 0.138542131 -0.151853308 -0.11083217
v 0.17163372 -0.142056599 -0.116057158
v 0.17163372 -0.158858821 -0.116057158
v 0.138542131 -0.166822359 -0.110832162
v 0.120544948 -0.154651597 -0.114896044
v 0.138542131 -0.151853308 -0.11083217
v 0.138542131 -0.166822359 -0.110832162
v 0.120544948 -0.172916934 -0.114896044
v 0.110675529 -0.172916934 -0.112573825
v 0.110675529 -0.154651597 -0.112573825
v 0.120544948 -0.154651597 -0.114896044
v 0.120544948 -0.172916934 -0.114896044
v 0.11808607 -3.74921939E-15 0.218456179
v 0.182447299 -1.91996323E-15 0.18461436
v 0.166769028 -0.0289702825 0.183496982
v 0.11069832 -0.0421085954 0.208084196
v 0.10603109 -0.172916934 -0.103865512
v 0.10603109 -0.154651597 -0.103865512
v 0.110675529 -0.154651597 -0.112573825
v 0.110675529 -0.172916934 -0.112573825
v -0.232741833 -0.0188583732 0.0311855152
v -0.214628398 -0.0278957784 0.0467750058
v -0.217800453 -0.0256426223 0.0246479455
v -0.184058785 -0.0408825912 0.0234825592
v -0.0974578932 -0.0460014418 0.157354847
v -0.0477192588 -0.0495591611 0.189096242
v -0.0650939047 -0.067894876 0.138881564
v -0.106352627 -0.0543820858 0.135160267
v -0.069749184 -0.0826974586 0.108991802
v -0.182194442 -0.0272432249 0.0896807909
v -0.142334431 -0.0491453707 0.0889278874
v -0.167560965 -0.0420875177 0.0755519196
v -0.214628398 -0.0278957784 0.0467750058
v -0.0948291272 -0.0894103125 0.0613399446
v -0.10736911 -0.0781506822 0.00867203623
v -0.140809029 -0.0637867376 0.0479639843
v -0.059717223 -0.107589819 0.0554879382
v -0.0379812345 -0.117212191 0.0103440601
v -0.0730931684 -0.0938505232 -0.0230958853
v -0.147497028 -0.0516336188 -0.0167059172
v -0.140809029 -0.0637867376 0.0479639843
v 0.328211129 -0.0303647183 -0.0915005207
v 0.324110031 -0.0344300903 -0.120228924
v 0.322362214 -0.042357482 -0.116282292
v 0.336790651 2.46673867E-15 -0.0977132544
v 0.17163372 -0.158858821 -0.116057158
v 0.209474266 -0.13835001 -0.116657034
v 0.18172805 -0.156128451 -0.179623008
v 0.256709367 -0.11230088 -0.178376332
v 0.10603109 -0.172916934 -0.103865512
v 0.110675529 -0.172916934 -0.112573825
v 0.054953903 -0.160924181 -0.116983138
v 0.0815665126 -0.172458217 -0.0648958236
v 0.0280626193 -0.159960493 -0.0757637694
v 0.0136881135 -0.132276639 0.0648598969
v -0.059717223 -0.107589819 0.0554879382
v -0.0250232592 -0.0926764533 0.106385052
v 0.0297274869 -0.0996348336 0.136306971
v -0.00267735287 -0.0690938458 0.167014718
v 0.0450055115 -0.146929577 0.0362695307
v 0.0136881135 -0.132276639 0.0648598969
v 0.0890905112 -0.121962257 0.0922601148
v 0.0297274869 -0.0996348336 0.136306971
v 0.110316455 -0.0896467566 0.156806409
v -0.217800453 -0.0256426223 0.0246479455
v -0.237366766 -0.0195045173 0.00527870283
v -0.232741833 -0.0188583732 0.0311855152
v -0.195395395 -0.0371314436 -0.00650996529
v 0.060722746 -0.0738699362 0.176362991
v 0.0552192144 -0.0543812402 0.200241596
v 0.106039859 -0.0697775409 0.182564244
v 0.110316455 -0.0896467566 0.156806409
v 0.110316455 -0.0896467566 0.156806409
v 0.16927287 -0.0762786046 0.155730411
v 0.132562459 -0.11686337 0.0951919779
v 0.174362332 -0.101645298 0.105223924
v 0.181280926 -0.117822692 -0.196555614
v 0.18172805 -0.156128451 -0.179623008
v 0.256709367 -0.11230088 -0.178376332
v 0.261657923 -0.0978218243 -0.182978913
v 0.181280926 -0.117822692 -0.196555614
v 0.261657923 -0.0978218243 -0.182978913
v 0.213800043 -0.0572816804 -0.19260174
v 0.27673009 -0.0357806608 -0.179769188
v 0.11249844 -0.117822692 -0.201999515
v 0.181280926 -0.117822692 -0.196555614
v 0.163004249 -0.0551756099 -0.204985291
v 0.100742199 -0.0558182374 -0.207606763
v 0.152340814 -2.77564099E-15 -0.208126098
v -0.232741833 -0.0188583732 0.0311855152
v -0.237366766 -0.0195045173 0.00527870283
v -0.269370586 -0.021224767 0.00574965775
v -0.265045434 -0.0205786303 0.0553392768
v -0.234832019 -7.10542736E-15 0.0472799242
v -0.232741833 -0.0188583732 0.0311855152
v -0.265045434 -0.0205786303 0.0553392768
v -0.268034965 -7.10542736E-15 0.0732323825
v -0.237366766 -0.0195045173 0.00527870283
v -0.237431258 -0.0137862545 -0.0298381522
v -0.269435078 -0.015506506 -0.0293671973
v -0.269370586 -0.021224767 0.00574965775
v 0.120387234 -0.0858858824 -0.142491326
v 0.139679238 -0.0841745585 -0.138135061
v 0.139679238 -0.151853308 -0.145551264
v 0.122246474 -3.63097359E-15 -0.134728447
v 0.169542089 -0.0781832412 -0.137659252
v 0.211618483 -0.0724115446 -0.124831453
v 0.211618483 -0.123043865 -0.133696944
v 0.169542089 -0.142056599 -0.150266454
v 0.142951921 -0.078919746 0.0493237115
v 0.100572191 -0.0988030806 0.0154292677
v 0.150325954 -0.122889981 0.00609454699
v 0.120418891 -0.142022535 -0.0238125212
v 0.0418409146 -0.118259788 -0.058178477
v 0.0245786384 -0.124390274 -0.101209424
v 0.0668749064 -0.154651597 -0.102946095
v 0.0922810137 -0.154583231 -0.0602638498
v 0.120544948 -0.154651597 -0.114896044
v 0.120387234 -0.154651597 -0.149907529
v 0.139679238 -0.151853308 -0.145551264
v 0.138542131 -0.151853308 -0.11083217
v 0.139679238 -0.151853308 -0.145551264
v 0.169542089 -0.142056599 -0.150266454
v 0.17163372 -0.142056599 -0.116057158
v 0.138542131 -0.151853308 -0.11083217
v 0.246284142 -0.103866048 -0.116989546
v 0.275282353 -0.0764049068 -0.107963331
v 0.272211939 -0.0771018714 -0.0940441862
v 0.306183219 -0.0461498536 -0.0918760598
v 0.301455855 -0.0475357622 -0.0784831718
v 0.253444493 -0.0421578698 0.0836796612
v 0.212743402 -0.077327989 0.0581043549
v 0.232591957 -0.0751706138 0.0302425418
v 0.208789229 -0.0957369953 0.0105036926
v 0.146089345 -0.142022535 -0.0463906303
v 0.120418891 -0.142022535 -0.0238125212
v 0.0922810137 -0.154583231 -0.0602638498
v 0.120544948 -0.154583231 -0.0794822276
v 0.00612690812 -6.95599296E-15 -0.0106150638
v -0.0213184915 -7.65954954E-15 -0.0551840067
v 0.0418409146 -0.118259788 -0.058178477
v 0.0658397824 -0.110267788 -0.0145272091
v 0.0997850299 -4.26936623E-15 0.0652906448
v 0.0360339731 -6.08128024E-15 0.0192920137
v 0.100572191 -0.0988030806 0.0154292677
v 0.0658397824 -0.110267788 -0.0145272091
v 0.0287584178 -0.114390045 0.138406366
v 0.0179581381 -0.108731866 0.163252622
v -0.0313214064 -0.149484649 0.0860619694
v -0.00507949432 -0.101454288 0.20259954
v 0.0243841708 -0.139073566 0.0881692618
v 0.00931479502 -0.137862876 0.0977089256
v 0.0149770938 -0.132971466 0.10688787
v 0.0312935784 -0.133897483 0.0982646942
v 0.0506689027 -0.135134503 0.0580885746
v 0.0405627824 -0.140120178 0.0761340708
v 0.0497123897 -0.134175137 0.0904249325
v 0.0676596165 -0.123293065 0.0835926235
v 0.00931479502 -0.137862876 0.0977089256
v -0.0146506159 -0.14194876 0.110834569
v -0.00745208142 -0.136931837 0.121639982
v -0.000467144535 -0.143826485 0.0831600949
v 0.0287584178 -0.114390045 0.138406366
v 0.0149770938 -0.132971466 0.10688787
v -0.00745208142 -0.136931837 0.121639982
v 0.0179581381 -0.108731866 0.163252622
v -0.047146976 -0.137276337 0.122424364
v -0.0688200742 -0.127998456 0.134837955
v -0.0552115068 -0.118210398 0.162365139
v -0.0896718949 -0.141903713 0.0967990831
v -0.297481805 -0.010792315 0.0385668054
v -0.265045434 -0.0205786303 0.0553392768
v -0.269370586 -0.021224767 0.00574965775
v -0.292959869 -0.0143971518 -0.0128644397
v -0.290193766 -0.0122508705 -0.0438391119
v -0.269435078 -0.015506506 -0.0293671973
v -0.252752155 -7.10542736E-15 -0.0551980324
v -0.306521744 -7.10542736E-15 -0.0717882663
v 0.313682497 -0.0322594605 -0.0815161094
v 0.295579076 -0.057011839 -0.0831636265
v 0.298372895 -0.060178265 -0.0831636265
v 0.317630678 -0.0337573253 -0.0815161094
v 0.317630678 -0.0337573253 -0.0680554435
v 0.317630678 -0.0337573253 -0.0815161094
v 0.298372895 -0.060178265 -0.0831636265
v 0.298372895 -0.060178265 -0.0663946122
v 0.298372895 -0.060178265 -0.0663946122
v 0.276153594 -0.0821556374 -0.0812446177
v 0.273359776 -0.0789892077 -0.0812446177
v 0.295579076 -0.057011839 -0.0663946122
v 0.313682497 -0.0322594605 -0.0680554435
v 0.317630678 -0.0337573253 -0.0680554435
v 0.298372895 -0.060178265 -0.0663946122
v 0.295579076 -0.057011839 -0.0663946122
v 0.327949286 -0.00731204264 -0.0747690201
v 0.317630678 -0.0337573253 -0.0815161094
v 0.317630678 -0.0337573253 -0.0680554435
v 0.327949286 -0.00731204264 -0.0583725534
v 0.323726505 -0.00731204264 -0.0747690201
v 0.323726505 -0.00731204264 -0.0583725534
v 0.313682497 -0.0322594605 -0.0680554435
v 0.313682497 -0.0322594605 -0.0815161094
v 0.323726505 -0.00731204264 -0.0583725534
v 0.323726505 -0.00731204264 -0.0747690201
v 0.323726505 2.0954333E-15 -0.0747690201
v 0.323726505 2.0954333E-15 -0.0583725534
v 0.323726505 0.00731204264 -0.0583725534
v 0.323726505 0.00731204264 -0.0747690201
v 0.313682497 -0.0322594605 -0.0680554435
v 0.295579076 -0.057011839 -0.0663946122
v 0.295579076 -0.057011839 -0.0831636265
v 0.313682497 -0.0322594605 -0.0815161094
v 0.273359776 -0.0789892077 -0.0812446177
v 0.247100502 -0.1013394 -0.078103058
v 0.247100502 -0.1013394 -0.0948397219
v 0.273359776 -0.0789892077 -0.0948397219
v 0.298372895 -0.060178265 -0.0831636265
v 0.295579076 -0.057011839 -0.0831636265
v 0.273359776 -0.0789892077 -0.0948397219
v 0.276153594 -0.0821556374 -0.0948397219
v 0.295579076 -0.057011839 -0.0831636265
v 0.295579076 -0.057011839 -0.0663946122
v 0.273359776 -0.0789892077 -0.0812446177
v 0.273359776 -0.0789892077 -0.0948397219
v 0.298372895 -0.060178265 -0.0831636265
v 0.276153594 -0.0821556374 -0.0948397219
v 0.276153594 -0.0821556374 -0.0812446177
v 0.298372895 -0.060178265 -0.0663946122
v 0.249101371 -0.105058067 -0.078103058
v 0.220956266 -0.124185316 -0.0883228332
v 0.218955398 -0.12046665 -0.0883228332
v 0.247100502 -0.1013394 -0.078103058
v 0.276153594 -0.0821556374 -0.0812446177
v 0.276153594 -0.0821556374 -0.0948397219
v 0.249101371 -0.105058067 -0.0948397219
v 0.249101371 -0.105058067 -0.078103058
v 0.276153594 -0.0821556374 -0.0812446177
v 0.249101371 -0.105058067 -0.078103058
v 0.247100502 -0.1013394 -0.078103058
v 0.273359776 -0.0789892077 -0.0812446177
v 0.276153594 -0.0821556374 -0.0948397219
v 0.273359776 -0.0789892077 -0.0948397219
v 0.247100502 -0.1013394 -0.0948397219
v 0.249101371 -0.105058067 -0.0948397219
v 0.249101371 -0.105058067 -0.0948397219
v 0.247100502 -0.1013394 -0.0948397219
v 0.218955398 -0.12046665 -0.101917937
v 0.220956266 -0.124185316 -0.101917937
v 0.247100502 -0.1013394 -0.0948397219
v 0.247100502 -0.1013394 -0.078103058
v 0.218955398 -0.12046665 -0.0883228332
v 0.218955398 -0.12046665 -0.101917937
v 0.189192563 -0.138718411 -0.0928155705
v 0.189192563 -0.138718411 -0.111910716
v 0.220956266 -0.124185316 -0.101917937
v 0.191193432 -0.142437086 -0.111910716
v 0.191193432 -0.142437086 -0.0928155705
v 0.220956266 -0.124185316 -0.0883228332
v 0.249101371 -0.105058067 -0.0948397219
v 0.249101371 -0.105058067 -0.078103058
v 0.220956266 -0.124185316 -0.0883228332
v 0.191193432 -0.142437086 -0.0928155705
v 0.189192563 -0.138718411 -0.0928155705
v 0.218955398 -0.12046665 -0.0883228332
v 0.220956266 -0.124185316 -0.101917937
v 0.218955398 -0.12046665 -0.101917937
v 0.189192563 -0.138718411 -0.111910716
v 0.191193432 -0.142437086 -0.111910716
v 0.159068123 -0.150847986 -0.103447631
v 0.137161106 -0.160846502 -0.0942787454
v 0.137161106 -0.160846502 -0.112999611
v 0.159068123 -0.150847986 -0.117042735
v 0.189192563 -0.138718411 -0.111910716
v 0.189192563 -0.138718411 -0.0928155705
v 0.191193432 -0.142437086 -0.111910716
v 0.159527764 -0.155045703 -0.117042735
v 0.159527764 -0.155045703 -0.103447631
v 0.191193432 -0.142437086 -0.0928155705
v 0.137161106 -0.160846502 -0.0942787454
v 0.137620747 -0.165044218 -0.0942787454
v 0.107644565 -0.168326542 -0.109187022
v 0.107184924 -0.164128825 -0.109187022
v 0.159527764 -0.155045703 -0.103447631
v 0.159527764 -0.155045703 -0.117042735
v 0.137620747 -0.165044218 -0.112999611
v 0.137620747 -0.165044218 -0.0942787454
v 0.159527764 -0.155045703 -0.103447631
v 0.137620747 -0.165044218 -0.0942787454
v 0.137161106 -0.160846502 -0.0942787454
v 0.159068123 -0.150847986 -0.103447631
v 0.159527764 -0.155045703 -0.117042735
v 0.159068123 -0.150847986 -0.117042735
v 0.137161106 -0.160846502 -0.112999611
v 0.137620747 -0.165044218 -0.112999611
v 0.107644565 -0.168326542 -0.109187022
v 0.107644565 -0.168326542 -0.122782126
v 0.107184924 -0.164128825 -0.122782126
v 0.107184924 -0.164128825 -0.109187022
v 0.137161106 -0.160846502 -0.112999611
v 0.107184924 -0.164128825 -0.122782126
v 0.107644565 -0.168326542 -0.122782126
v 0.137620747 -0.165044218 -0.112999611
v 0.137161106 -0.160846502 -0.112999611
v 0.137161106 -0.160846502 -0.0942787454
v 0.107184924 -0.164128825 -0.109187022
v 0.107184924 -0.164128825 -0.122782126
v 0.137620747 -0.165044218 -0.112999611
v 0.107644565 -0.168326542 -0.122782126
v 0.107644565 -0.168326542 -0.109187022
v 0.137620747 -0.165044218 -0.0942787454
v 0.294719458 1.27100343E-15 0.0356668979
v 0.285879701 -0.0308390707 0.0354613364
v 0.285879701 -0.0308390707 0.063532725
v 0.294719458 1.27100343E-15 0.0677103102
v 0.285879701 -0.0308390707 0.063532725
v 0.276153594 -0.0528164431 0.0591647997
v 0.273359776 -0.0496500209 0.0591647997
v 0.283085883 -0.0276726484 0.063532725
v 0.294719458 1.27100343E-15 0.0677103102
v 0.290771276 1.15878935E-15 0.0356668979
v 0.290771276 1.15878935E-15 0.0677103102
v 0.283085883 -0.0276726484 0.063532725
v 0.283085883 -0.0276726484 0.0354613364
v 0.273359776 -0.0496500209 0.0353553295
v 0.273359776 -0.0496500209 0.0591647997
v 0.247100502 -0.0720002204 0.0469554663
v 0.247100502 -0.0720002204 0.0267123953
v 0.283085883 -0.0276726484 0.0354613364
v 0.283085883 -0.0276726484 0.063532725
v 0.273359776 -0.0496500209 0.0591647997
v 0.273359776 -0.0496500209 0.0353553295
v 0.285879701 -0.0308390707 0.0354613364
v 0.276153594 -0.0528164431 0.0353553295
v 0.276153594 -0.0528164431 0.0591647997
v 0.285879701 -0.0308390707 0.063532725
v 0.249101371 -0.0757188797 0.0469554663
v 0.220956266 -0.0974021032 0.0232037455
v 0.218955398 -0.093683444 0.0232037455
v 0.247100502 -0.0720002204 0.0469554663
v 0.218955398 -0.093683444 0.00460465904
v 0.218955398 -0.093683444 0.0232037455
v 0.189192563 -0.119428292 0.000330768526
v 0.189192563 -0.119428292 -0.0103089819
v 0.249101371 -0.0757188797 0.0267123953
v 0.247100502 -0.0720002204 0.0267123953
v 0.218955398 -0.093683444 0.00460465904
v 0.220956266 -0.0974021032 0.00460465904
v 0.247100502 -0.0720002204 0.0267123953
v 0.247100502 -0.0720002204 0.0469554663
v 0.218955398 -0.093683444 0.0232037455
v 0.218955398 -0.093683444 0.00460465904
v 0.249101371 -0.0757188797 0.0267123953
v 0.220956266 -0.0974021032 0.00460465904
v 0.220956266 -0.0974021032 0.0232037455
v 0.249101371 -0.0757188797 0.0469554663
v 0.276153594 -0.0528164431 0.0353553295
v 0.276153594 -0.0528164431 0.0591647997
v 0.220956266 -0.0974021032 0.00460465904
v 0.191193432 -0.123146966 -0.0103089819
v 0.191193432 -0.123146966 0.000330768526
v 0.220956266 -0.0974021032 0.0232037455
v 0.220956266 -0.0974021032 0.0232037455
v 0.191193432 -0.123146966 0.000330768526
v 0.189192563 -0.119428292 0.000330768526
v 0.218955398 -0.093683444 0.0232037455
v 0.220956266 -0.0974021032 0.00460465904
v 0.218955398 -0.093683444 0.00460465904
v 0.189192563 -0.119428292 -0.0103089819
v 0.191193432 -0.123146966 -0.0103089819
v 0.159068123 -0.142261147 -0.0490613617
v 0.159068123 -0.142261147 -0.0292579047
v 0.137161106 -0.160846502 -0.057893835
v 0.137161106 -0.160846502 -0.0700105205
v 0.189192563 -0.119428292 -0.0103089819
v 0.189192563 -0.119428292 0.000330768526
v 0.159068123 -0.142261147 -0.0292579047
v 0.159068123 -0.142261147 -0.0490613617
v 0.191193432 -0.123146966 -0.0103089819
v 0.159527764 -0.146458864 -0.0490613617
v 0.159527764 -0.146458864 -0.0292579047
v 0.191193432 -0.123146966 0.000330768526
v 0.137161106 -0.160846502 -0.057893835
v 0.137620747 -0.165044218 -0.057893835
v 0.107644565 -0.168326542 -0.0834149793
v 0.107184924 -0.164128825 -0.0834149793
v 0.159527764 -0.146458864 -0.0490613617
v 0.137620747 -0.165044218 -0.0700105205
v 0.137620747 -0.165044218 -0.057893835
v 0.159527764 -0.146458864 -0.0292579047
v 0.159527764 -0.146458864 -0.0292579047
v 0.137620747 -0.165044218 -0.057893835
v 0.137161106 -0.160846502 -0.057893835
v 0.159068123 -0.142261147 -0.0292579047
v 0.159527764 -0.146458864 -0.0490613617
v 0.159068123 -0.142261147 -0.0490613617
v 0.137161106 -0.160846502 -0.0700105205
v 0.137620747 -0.165044218 -0.0700105205
v 0.107644565 -0.168326542 -0.0970100835
v 0.107184924 -0.164128825 -0.0970100835
v 0.107644565 -0.168326542 -0.0834149793
v 0.107644565 -0.168326542 -0.0970100835
v 0.107184924 -0.164128825 -0.0970100835
v 0.107184924 -0.164128825 -0.0834149793
v 0.137161106 -0.160846502 -0.0700105205
v 0.137161106 -0.160846502 -0.057893835
v 0.107184924 -0.164128825 -0.0834149793
v 0.107184924 -0.164128825 -0.0970100835
v 0.137620747 -0.165044218 -0.0700105205
v 0.107644565 -0.168326542 -0.0970100835
v 0.107644565 -0.168326542 -0.0834149793
v 0.137620747 -0.165044218 -0.057893835
v 0.21326527 -1.04406382E-15 -0.152927369
v 0.147396535 -2.91616588E-15 -0.162130773
v 0.191473454 -0.0455941036 -0.150378898
v 0.123158082 -0.0966223627 -0.150408104
v 0.0807505399 -4.81035898E-15 -0.0945600718
v 0.185400516 -1.83602777E-15 -0.0484184623
v 0.0807505399 -0.0295514483 -0.0945600718
v 0.0807505399 0.0295514483 -0.0945600718
v 0.0807505399 -4.81035898E-15 -0.0945600718
v 0.0807505399 -0.0295514483 -0.0945600718
v 0.0214599799 -6.49549799E-15 -0.126306862
v 0.0807505399 0.0295514483 -0.0945600718
v 0.0263540074 -6.3564012E-15 -0.146793544
v 0.0214599799 -6.49549799E-15 -0.126306862
v 0.0259267092 -0.0572582781 -0.148406357
v 0.0259267092 0.0572582781 -0.148406357
v 0.199332893 -0.0961807445 -0.100672916
v 0.161628187 -0.0973424688 -0.0873850435
v 0.23830092 -0.0808766484 -0.0718858689
v 0.270650238 -0.0806877464 -0.0816578716
v 0.31472683 -0.0295515582 -0.0699059069
v 0.301624924 1.46726859E-15 -0.0483689271
v 0.31472683 1.83964714E-15 -0.0699059069
v 0.31472683 0.0295515582 -0.0699059069
v 0.31472683 -0.0295515582 -0.0699059069
v 0.31472683 1.83964714E-15 -0.0699059069
v 0.309868664 1.70156976E-15 -0.100626245
v 0.31472683 0.0295515582 -0.0699059069
v 0.191473454 -0.0455941036 -0.150378898
v 0.238552153 -0.0715514794 -0.119641155
v 0.262789935 3.63511813E-16 -0.131364062
v 0.29336068 -0.0477554314 -0.100633204
v 0.291223168 -0.0144760897 0.103771709
v 0.291271627 1.17301019E-15 0.103739567
v 0.298266143 1.37180628E-15 0.0987740755
v 0.291223168 0.0144760897 0.103771709
v 0.10603109 0.154651597 -0.103865512
v 0.120544948 0.154583231 -0.0794822276
v 0.120544948 0.172841534 -0.0794822276
v 0.10603109 0.172916934 -0.103865512
v 0.313630849 1.8084975E-15 -0.163837776
v 0.323278606 2.08270325E-15 -0.142561719
v 0.321823806 0.0278628208 -0.142853916
v 0.313357741 0.0284204222 -0.163278446
v 0.31492722 0.0677316561 -0.156854421
v -0.17205441 -7.10542736E-15 -0.0360981449
v -0.17205441 0.0241362508 -0.0360981449
v -0.204468697 0.0169130266 -0.0349988565
v -0.204468697 -7.10542736E-15 -0.0349988565
v -0.222110301 0.0105763897 -0.034367919
v -0.204468697 -0.0169130266 -0.0349988565
v -0.17205441 -0.0241362508 -0.0360981449
v -0.222110301 -0.0105763897 -0.034367919
v 0.120544948 0.154583231 -0.0794822276
v 0.146089345 0.142022535 -0.0463906303
v 0.146089345 0.164905265 -0.0463906303
v 0.120544948 0.172841534 -0.0794822276
v -0.14302668 -7.39634929E-15 -0.0466421954
v -0.144011125 0.032493446 -0.0400497764
v -0.17205441 0.0241362508 -0.0360981449
v -0.101226792 -7.7723379E-15 -0.0550989509
v 0.146089345 0.142022535 -0.0463906303
v 0.173375398 0.11945799 -0.0191045757
v 0.173375398 0.139677733 -0.0191045757
v 0.146089345 0.164905265 -0.0463906303
v 0.336790651 2.46673867E-15 -0.0977132544
v 0.328211129 0.0303647183 -0.0915005207
v 0.324110031 0.0344300903 -0.120228924
v 0.322362214 0.042357482 -0.116282292
v 0.208789229 0.0957369953 0.0105036926
v 0.232591957 0.0751706138 0.0302425418
v 0.232591957 0.0914351121 0.0302425418
v 0.208789229 0.112965815 0.0105036926
v 0.173375398 0.11945799 -0.0191045757
v 0.173375398 0.139677733 -0.0191045757
v 0.232591957 0.0751706138 0.0302425418
v 0.274964958 0.0362522528 0.0576322973
v 0.268236041 0.0636390224 0.0541974455
v 0.232591957 0.0914351121 0.0302425418
v 0.274964958 0.0362522528 0.0576322973
v 0.289494962 0.0338205025 0.069564268
v 0.268236041 0.0636390224 0.0541974455
v 0.287167251 1.05635681E-15 0.0638611093
v 0.299313456 1.40157271E-15 0.0735127181
v 0.23986502 0.103868134 -0.0953558236
v 0.239865005 0.114638835 -0.0953558162
v 0.272329032 0.0889797807 -0.0940441862
v 0.272211939 0.0771018714 -0.0940441862
v -0.02575472 -7.71806935E-15 -0.15785706
v 0.00675632013 -6.93640066E-15 -0.183401451
v 0.00355501473 0.0613482594 -0.167669654
v -0.0157859679 0.0609473363 -0.152360082
v -0.21134752 0.00791621394 0.0593082309
v -0.214628398 0.0278957784 0.0467750058
v -0.182194442 0.0272432249 0.0896807909
v -0.184199437 0.00900179986 0.0954064429
v 0.17163372 0.142056599 -0.116057158
v 0.17163372 0.158858821 -0.116057158
v 0.205305874 0.141872227 -0.10523694
v 0.205305874 0.123043865 -0.10523694
v 0.239865005 0.114638835 -0.0953558162
v 0.23986502 0.103868134 -0.0953558236
v 0.0491367877 -5.83475893E-15 -0.206043079
v 0.093580097 -4.44572103E-15 -0.215418622
v 0.100742199 0.0558182374 -0.207606763
v 0.0564718433 0.0643139631 -0.197986484
v 0.138542131 0.151853308 -0.11083217
v 0.138542131 0.166822359 -0.110832162
v 0.17163372 0.158858821 -0.116057158
v 0.17163372 0.142056599 -0.116057158
v 0.120544948 0.154651597 -0.114896044
v 0.120544948 0.172916934 -0.114896044
v 0.138542131 0.166822359 -0.110832162
v 0.138542131 0.151853308 -0.11083217
v 0.120544948 0.154651597 -0.114896044
v 0.110675529 0.154651597 -0.112573825
v 0.110675529 0.172916934 -0.112573825
v 0.120544948 0.172916934 -0.114896044
v 0.11808607 -3.74921939E-15 0.218456179
v 0.11069832 0.0421085954 0.208084196
v 0.166769028 0.0289702825 0.183496982
v 0.182447299 -1.91996323E-15 0.18461436
v 0.110675529 0.154651597 -0.112573825
v 0.10603109 0.154651597 -0.103865512
v 0.10603109 0.172916934 -0.103865512
v 0.110675529 0.172916934 -0.112573825
v -0.232741833 0.0188583732 0.0311855152
v -0.217800453 0.0256426223 0.0246479455
v -0.214628398 0.0278957784 0.0467750058
v -0.184058785 0.0408825912 0.0234825592
v -0.0974578932 0.0460014418 0.157354847
v -0.0650939047 0.067894876 0.138881564
v -0.0477192588 0.0495591611 0.189096242
v -0.106352627 0.0543820858 0.135160267
v -0.069749184 0.0826974586 0.108991802
v -0.182194442 0.0272432249 0.0896807909
v -0.167560965 0.0420875177 0.0755519196
v -0.142334431 0.0491453707 0.0889278874
v -0.214628398 0.0278957784 0.0467750058
v -0.0948291272 0.0894103125 0.0613399446
v -0.140809029 0.0637867376 0.0479639843
v -0.10736911 0.0781506822 0.00867203623
v -0.059717223 0.107589819 0.0554879382
v -0.0379812345 0.117212191 0.0103440601
v -0.0730931684 0.0938505232 -0.0230958853
v -0.147497028 0.0516336188 -0.0167059172
v -0.140809029 0.0637867376 0.0479639843
v 0.17163372 0.158858821 -0.116057158
v 0.18172805 0.156128451 -0.179623008
v 0.209474266 0.13835001 -0.116657034
v 0.256709367 0.11230088 -0.178376332
v 0.10603109 0.172916934 -0.103865512
v 0.054953903 0.160924181 -0.116983138
v 0.110675529 0.172916934 -0.112573825
v 0.0815665126 0.172458217 -0.0648958236
v 0.0280626193 0.159960493 -0.0757637694
v 0.0136881135 0.132276639 0.0648598969
v -0.0250232592 0.0926764533 0.106385052
v -0.059717223 0.107589819 0.0554879382
v 0.0297274869 0.0996348336 0.136306971
v -0.00267735287 0.0690938458 0.167014718
v 0.0450055115 0.146929577 0.0362695307
v 0.0890905112 0.121962257 0.0922601148
v 0.0136881135 0.132276639 0.0648598969
v 0.0297274869 0.0996348336 0.136306971
v 0.110316455 0.0896467566 0.156806409
v -0.217800453 0.0256426223 0.0246479455
v -0.232741833 0.0188583732 0.0311855152
v -0.237366766 0.0195045173 0.00527870283
v -0.195395395 0.0371314436 -0.00650996529
v 0.060722746 0.0738699362 0.176362991
v 0.106039859 0.0697775409 0.182564244
v 0.0552192144 0.0543812402 0.200241596
v 0.110316455 0.0896467566 0.156806409
v 0.110316455 0.0896467566 0.156806409
v 0.132562459 0.11686337 0.0951919779
v 0.16927287 0.0762786046 0.155730411
v 0.174362332 0.101645298 0.105223924
v 0.181280926 0.117822692 -0.196555614
v 0.256709367 0.11230088 -0.178376332
v 0.18172805 0.156128451 -0.179623008
v 0.261657923 0.0978218243 -0.182978913
v 0.181280926 0.117822692 -0.196555614
v 0.213800043 0.0572816804 -0.19260174
v 0.261657923 0.0978218243 -0.182978913
v 0.27673009 0.0357806608 -0.179769188
v 0.213800043 0.0572816804 -0.19260174
v 0.181280926 0.117822692 -0.196555614
v 0.163004249 0.0551756099 -0.204985291
v 0.207028583 -1.22132114E-15 -0.199121445
v 0.259005815 2.55960651E-16 -0.189198002
v -0.269370586 0.021224767 0.00574965775
v -0.237366766 0.0195045173 0.00527870283
v -0.232741833 0.0188583732 0.0311855152
v -0.265045434 0.0205786303 0.0553392768
v -0.265045434 0.0205786303 0.0553392768
v -0.232741833 0.0188583732 0.0311855152
v -0.234832019 -7.10542736E-15 0.0472799242
v -0.268034965 -7.10542736E-15 0.0732323825
v -0.269435078 0.015506506 -0.0293671973
v -0.237431258 0.0137862545 -0.0298381522
v -0.237366766 0.0195045173 0.00527870283
v -0.269370586 0.021224767 0.00574965775
v 0.169542089 0.0781832412 -0.137659252
v 0.169542089 0.142056599 -0.150266454
v 0.211618483 0.123043865 -0.133696944
v 0.211618483 0.0724115446 -0.124831453
v 0.100572191 0.0988030806 0.0154292677
v 0.150325954 0.122889981 0.00609454699
v 0.120418891 0.142022535 -0.0238125212
v 0.142951921 0.078919746 0.0493237115
v 0.0418409146 0.118259788 -0.058178477
v 0.0922810137 0.154583231 -0.0602638498
v 0.0668749064 0.154651597 -0.102946095
v 0.0245786384 0.124390274 -0.101209424
v 0.139679238 0.151853308 -0.145551264
v 0.120387234 0.154651597 -0.149907529
v 0.120544948 0.154651597 -0.114896044
v 0.138542131 0.151853308 -0.11083217
v 0.139679238 0.151853308 -0.145551264
v 0.138542131 0.151853308 -0.11083217
v 0.17163372 0.142056599 -0.116057158
v 0.169542089 0.142056599 -0.150266454
v 0.212743402 0.077327989 0.0581043549
v 0.232591957 0.0751706138 0.0302425418
v 0.208789229 0.0957369953 0.0105036926
v 0.253444493 0.0421578698 0.0836796612
v 0.0922810137 0.154583231 -0.0602638498
v 0.120418891 0.142022535 -0.0238125212
v 0.146089345 0.142022535 -0.0463906303
v 0.120544948 0.154583231 -0.0794822276
v 0.0922810137 0.154583231 -0.0602638498
v 0.120544948 0.154583231 -0.0794822276
v 0.10603109 0.154651597 -0.103865512
v 0.0668749064 0.154651597 -0.102946095
v 0.0878361911 0.154651597 -0.142248437
v 0.110675529 0.154651597 -0.112573825
v 0.120387234 0.154651597 -0.149907529
v 0.120544948 0.154651597 -0.114896044
v 0.00612690812 -6.95599296E-15 -0.0106150638
v 0.0658397824 0.110267788 -0.0145272091
v 0.0418409146 0.118259788 -0.058178477
v -0.0213184915 -7.65954954E-15 -0.0551840067
v 0.0360339731 -6.08128024E-15 0.0192920137
v 0.100572191 0.0988030806 0.0154292677
v 0.0658397824 0.110267788 -0.0145272091
v 0.0997850299 -4.26936623E-15 0.0652906448
v 0.0327138342 0.13630192 0.0640225187
v 0.0548564605 0.121914588 0.0986073092
v 0.0676596165 0.123293065 0.0835926235
v 0.0361671075 0.124587566 0.105328567
v 0.0243841708 0.139073566 0.0881692618
v 0.0312935784 0.133897483 0.0982646942
v 0.0149770938 0.132971466 0.10688787
v 0.00931479502 0.137862876 0.0977089256
v 0.0506689027 0.135134503 0.0580885746
v 0.0676596165 0.123293065 0.0835926235
v 0.0497123897 0.134175137 0.0904249325
v 0.0405627824 0.140120178 0.0761340708
v -0.00745208142 0.136931837 0.121639982
v 0.0149770938 0.132971466 0.10688787
v 0.0287584178 0.114390045 0.138406366
v 0.0179581381 0.108731866 0.163252622
v -0.000467144535 0.143826485 0.0831600949
v 0.00931479502 0.137862876 0.0977089256
v -0.0146506159 0.14194876 0.110834569
v -0.00745208142 0.136931837 0.121639982
v -0.0896718949 0.141903713 0.0967990831
v -0.047146976 0.137276337 0.122424364
v -0.0688200742 0.127998456 0.134837955
v -0.0552115068 0.118210398 0.162365139
v -0.00507949432 0.101454288 0.20259954
v 0.0179581381 0.108731866 0.163252622
v -0.0313214064 0.149484649 0.0860619694
v 0.0287584178 0.114390045 0.138406366
v -0.269370586 0.021224767 0.00574965775
v -0.265045434 0.0205786303 0.0553392768
v -0.297481805 0.010792315 0.0385668054
v -0.292959869 0.0143971518 -0.0128644397
v -0.252752155 -7.10542736E-15 -0.0551980324
v -0.269435078 0.015506506 -0.0293671973
v -0.290193766 0.0122508705 -0.0438391119
v -0.306521744 -7.10542736E-15 -0.0717882663
v 0.313682497 0.0322594605 -0.0815161094
v 0.317630678 0.0337573253 -0.0815161094
v 0.298372895 0.060178265 -0.0831636265
v 0.295579076 0.057011839 -0.0831636265
v 0.298372895 0.060178265 -0.0831636265
v 0.317630678 0.0337573253 -0.0815161094
v 0.317630678 0.0337573253 -0.0680554435
v 0.298372895 0.060178265 -0.0663946122
v 0.298372895 0.060178265 -0.0663946122
v 0.295579076 0.057011839 -0.0663946122
v 0.273359776 0.0789892077 -0.0812446177
v 0.276153594 0.0821556374 -0.0812446177
v 0.298372895 0.060178265 -0.0663946122
v 0.317630678 0.0337573253 -0.0680554435
v 0.313682497 0.0322594605 -0.0680554435
v 0.295579076 0.057011839 -0.0663946122
v 0.327949286 0.00731204264 -0.0747690201
v 0.327949286 0.00731204264 -0.0583725534
v 0.317630678 0.0337573253 -0.0680554435
v 0.317630678 0.0337573253 -0.0815161094
v 0.313682497 0.0322594605 -0.0680554435
v 0.323726505 0.00731204264 -0.0583725534
v 0.323726505 0.00731204264 -0.0747690201
v 0.313682497 0.0322594605 -0.0815161094
v 0.313682497 0.0322594605 -0.0680554435
v 0.313682497 0.0322594605 -0.0815161094
v 0.295579076 0.057011839 -0.0831636265
v 0.295579076 0.057011839 -0.0663946122
v 0.273359776 0.0789892077 -0.0812446177
v 0.273359776 0.0789892077 -0.0948397219
v 0.247100502 0.1013394 -0.0948397219
v 0.247100502 0.1013394 -0.078103058
v 0.273359776 0.0789892077 -0.0948397219
v 0.295579076 0.057011839 -0.0831636265
v 0.298372895 0.060178265 -0.0831636265
v 0.276153594 0.0821556374 -0.0948397219
v 0.273359776 0.0789892077 -0.0812446177
v 0.295579076 0.057011839 -0.0663946122
v 0.295579076 0.057011839 -0.0831636265
v 0.273359776 0.0789892077 -0.0948397219
v 0.298372895 0.060178265 -0.0831636265
v 0.298372895 0.060178265 -0.0663946122
v 0.276153594 0.0821556374 -0.0812446177
v 0.276153594 0.0821556374 -0.0948397219
v 0.249101371 0.105058067 -0.078103058
v 0.247100502 0.1013394 -0.078103058
v 0.218955398 0.12046665 -0.0883228332
v 0.220956266 0.124185316 -0.0883228332
v 0.249101371 0.105058067 -0.0948397219
v 0.276153594 0.0821556374 -0.0948397219
v 0.276153594 0.0821556374 -0.0812446177
v 0.249101371 0.105058067 -0.078103058
v 0.276153594 0.0821556374 -0.0812446177
v 0.273359776 0.0789892077 -0.0812446177
v 0.247100502 0.1013394 -0.078103058
v 0.249101371 0.105058067 -0.078103058
v 0.247100502 0.1013394 -0.0948397219
v 0.273359776 0.0789892077 -0.0948397219
v 0.276153594 0.0821556374 -0.0948397219
v 0.249101371 0.105058067 -0.0948397219
v 0.218955398 0.12046665 -0.101917937
v 0.247100502 0.1013394 -0.0948397219
v 0.249101371 0.105058067 -0.0948397219
v 0.220956266 0.124185316 -0.101917937
v 0.218955398 0.12046665 -0.0883228332
v 0.247100502 0.1013394 -0.078103058
v 0.247100502 0.1013394 -0.0948397219
v 0.218955398 0.12046665 -0.101917937
v 0.189192563 0.138718411 -0.0928155705
v 0.189192563 0.138718411 -0.111910716
v 0.249101371 0.105058067 -0.0948397219
v 0.249101371 0.105058067 -0.078103058
v 0.220956266 0.124185316 -0.0883228332
v 0.220956266 0.124185316 -0.101917937
v 0.191193432 0.142437086 -0.0928155705
v 0.191193432 0.142437086 -0.111910716
v 0.220956266 0.124185316 -0.0883228332
v 0.218955398 0.12046665 -0.0883228332
v 0.189192563 0.138718411 -0.0928155705
v 0.191193432 0.142437086 -0.0928155705
v 0.189192563 0.138718411 -0.111910716
v 0.218955398 0.12046665 -0.101917937
v 0.220956266 0.124185316 -0.101917937
v 0.191193432 0.142437086 -0.111910716
v 0.159068123 0.150847986 -0.103447631
v 0.189192563 0.138718411 -0.0928155705
v 0.189192563 0.138718411 -0.111910716
v 0.159068123 0.150847986 -0.117042735
v 0.137161106 0.160846502 -0.112999611
v 0.137161106 0.160846502 -0.0942787454
v 0.191193432 0.142437086 -0.111910716
v 0.191193432 0.142437086 -0.0928155705
v 0.159527764 0.155045703 -0.103447631
v 0.159527764 0.155045703 -0.117042735
v 0.107644565 0.168326542 -0.109187022
v 0.137620747 0.165044218 -0.0942787454
v 0.137161106 0.160846502 -0.0942787454
v 0.107184924 0.164128825 -0.109187022
v 0.137620747 0.165044218 -0.112999611
v 0.159527764 0.155045703 -0.117042735
v 0.159527764 0.155045703 -0.103447631
v 0.137620747 0.165044218 -0.0942787454
v 0.159527764 0.155045703 -0.103447631
v 0.159068123 0.150847986 -0.103447631
v 0.137161106 0.160846502 -0.0942787454
v 0.137620747 0.165044218 -0.0942787454
v 0.137161106 0.160846502 -0.112999611
v 0.159068123 0.150847986 -0.117042735
v 0.159527764 0.155045703 -0.117042735
v 0.137620747 0.165044218 -0.112999611
v 0.107184924 0.164128825 -0.122782126
v 0.107644565 0.168326542 -0.122782126
v 0.107644565 0.168326542 -0.109187022
v 0.107184924 0.164128825 -0.109187022
v 0.137161106 0.160846502 -0.112999611
v 0.137620747 0.165044218 -0.112999611
v 0.107644565 0.168326542 -0.122782126
v 0.107184924 0.164128825 -0.122782126
v 0.107184924 0.164128825 -0.109187022
v 0.137161106 0.160846502 -0.0942787454
v 0.137161106 0.160846502 -0.112999611
v 0.107184924 0.164128825 -0.122782126
v 0.137620747 0.165044218 -0.112999611
v 0.137620747 0.165044218 -0.0942787454
v 0.107644565 0.168326542 -0.109187022
v 0.107644565 0.168326542 -0.122782126
v 0.294719458 1.27100343E-15 0.0356668979
v 0.294719458 1.27100343E-15 0.0677103102
v 0.285879701 0.0308390707 0.063532725
v 0.285879701 0.0308390707 0.0354613364
v 0.283085883 0.0276726484 0.063532725
v 0.290771276 1.15878935E-15 0.0677103102
v 0.290771276 1.15878935E-15 0.0356668979
v 0.283085883 0.0276726484 0.0354613364
v 0.247100502 0.0720002204 0.0469554663
v 0.273359776 0.0496500209 0.0591647997
v 0.273359776 0.0496500209 0.0353553295
v 0.247100502 0.0720002204 0.0267123953
v 0.273359776 0.0496500209 0.0591647997
v 0.283085883 0.0276726484 0.063532725
v 0.283085883 0.0276726484 0.0354613364
v 0.273359776 0.0496500209 0.0353553295
v 0.285879701 0.0308390707 0.0354613364
v 0.285879701 0.0308390707 0.063532725
v 0.276153594 0.0528164431 0.0591647997
v 0.276153594 0.0528164431 0.0353553295
v 0.249101371 0.0757188797 0.0469554663
v 0.247100502 0.0720002204 0.0469554663
v 0.218955398 0.093683444 0.0232037455
v 0.220956266 0.0974021032 0.0232037455
v 0.276153594 0.0528164431 0.0353553295
v 0.276153594 0.0528164431 0.0591647997
v 0.249101371 0.0757188797 0.0469554663
v 0.249101371 0.0757188797 0.0267123953
v 0.220956266 0.0974021032 0.0232037455
v 0.220956266 0.0974021032 0.00460465904
v 0.189192563 0.119428292 0.000330768526
v 0.218955398 0.093683444 0.0232037455
v 0.218955398 0.093683444 0.00460465904
v 0.189192563 0.119428292 -0.0103089819
v 0.218955398 0.093683444 0.00460465904
v 0.247100502 0.0720002204 0.0267123953
v 0.249101371 0.0757188797 0.0267123953
v 0.220956266 0.0974021032 0.00460465904
v 0.218955398 0.093683444 0.0232037455
v 0.247100502 0.0720002204 0.0469554663
v 0.247100502 0.0720002204 0.0267123953
v 0.218955398 0.093683444 0.00460465904
v 0.220956266 0.0974021032 0.00460465904
v 0.220956266 0.0974021032 0.0232037455
v 0.191193432 0.123146966 0.000330768526
v 0.191193432 0.123146966 -0.0103089819
v 0.220956266 0.0974021032 0.0232037455
v 0.218955398 0.093683444 0.0232037455
v 0.189192563 0.119428292 0.000330768526
v 0.191193432 0.123146966 0.000330768526
v 0.189192563 0.119428292 -0.0103089819
v 0.218955398 0.093683444 0.00460465904
v 0.220956266 0.0974021032 0.00460465904
v 0.191193432 0.123146966 -0.0103089819
v 0.137161106 0.160846502 -0.057893835
v 0.159068123 0.142261147 -0.0292579047
v 0.159068123 0.142261147 -0.0490613617
v 0.137161106 0.160846502 -0.0700105205
v 0.159068123 0.142261147 -0.0292579047
v 0.189192563 0.119428292 0.000330768526
v 0.189192563 0.119428292 -0.0103089819
v 0.159068123 0.142261147 -0.0490613617
v 0.191193432 0.123146966 -0.0103089819
v 0.191193432 0.123146966 0.000330768526
v 0.159527764 0.146458864 -0.0292579047
v 0.159527764 0.146458864 -0.0490613617
v 0.107644565 0.168326542 -0.0834149793
v 0.137620747 0.165044218 -0.057893835
v 0.137161106 0.160846502 -0.057893835
v 0.107184924 0.164128825 -0.0834149793
v 0.159527764 0.146458864 -0.0490613617
v 0.159527764 0.146458864 -0.0292579047
v 0.137620747 0.165044218 -0.057893835
v 0.137620747 0.165044218 -0.0700105205
v 0.159527764 0.146458864 -0.0292579047
v 0.159068123 0.142261147 -0.0292579047
v 0.137161106 0.160846502 -0.057893835
v 0.137620747 0.165044218 -0.057893835
v 0.137161106 0.160846502 -0.0700105205
v 0.159068123 0.142261147 -0.0490613617
v 0.159527764 0.146458864 -0.0490613617
v 0.137620747 0.165044218 -0.0700105205
v 0.107644565 0.168326542 -0.0970100835
v 0.107184924 0.164128825 -0.0970100835
v 0.107184924 0.164128825 -0.0970100835
v 0.107644565 0.168326542 -0.0970100835
v 0.107644565 0.168326542 -0.0834149793
v 0.107184924 0.164128825 -0.0834149793
v 0.107184924 0.164128825 -0.0834149793
v 0.137161106 0.160846502 -0.057893835
v 0.137161106 0.160846502 -0.0700105205
v 0.107184924 0.164128825 -0.0970100835
v 0.137620747 0.165044218 -0.0700105205
v 0.137620747 0.165044218 -0.057893835
v 0.107644565 0.168326542 -0.0834149793
v 0.107644565 0.168326542 -0.0970100835
v 0.21326527 -1.04406382E-15 -0.152927369
v 0.191473454 0.0455941036 -0.150378898
v 0.147396535 -2.91616588E-15 -0.162130773
v 0.123158082 0.0966223627 -0.150408104
v 0.199332893 0.0961807445 -0.100672916
v 0.23830092 0.0808766484 -0.0718858689
v 0.161628187 0.0973424688 -0.0873850435
v 0.270650238 0.0806877464 -0.0816578716
v 0.191473454 0.0455941036 -0.150378898
v 0.262789935 3.63511813E-16 -0.131364062
v 0.238552153 0.0715514794 -0.119641155
v 0.29336068 0.0477554314 -0.100633204
v 0.268264443 5.19106683E-16 0.109243296
v 0.268150836 0.0321332589 0.109318711
v 0.291223168 0.0144760897 0.103771709
v 0.291271627 1.17301019E-15 0.103739567
v 0.291223168 -0.0144760897 0.103771709
v 0.268150836 -0.0321332589 0.109318711
v 0.287167251 1.05635681E-15 0.0638611093
v 0.289494962 -0.0338205025 0.069564268
v 0.299313456 1.40157271E-15 0.0735127181
v 0.274964958 -0.0362522528 0.0576322973
v 0.268236041 -0.0636390224 0.0541974455
v 0.110675529 -0.154651597 -0.112573825
v 0.120387234 -0.154651597 -0.149907529
v 0.120544948 -0.154651597 -0.114896044
v 0.0878361911 -0.154651597 -0.142248437
v 0.10603109 -0.154651597 -0.103865512
v 0.0668749064 -0.154651597 -0.102946095
v 0.0922810137 -0.154583231 -0.0602638498
v 0.120544948 -0.154583231 -0.0794822276
v 0.17163372 -0.142056599 -0.116057158
v 0.211618483 -0.123043865 -0.133696944
v 0.205305874 -0.123043865 -0.10523694
v 0.246284142 -0.103866048 -0.116989546
v 0.23986502 -0.103868134 -0.0953558236
v 0.0327138342 -0.13630192 0.0640225187
v 0.0676596165 -0.123293065 0.0835926235
v 0.0548564605 -0.121914588 0.0986073092
v 0.0361671075 -0.124587566 0.105328567
v 0.327949286 2.21545194E-15 -0.0747690201
v 0.323726505 -0.00731204264 -0.0747690201
v 0.327949286 -0.00731204264 -0.0747690201
v 0.323726505 2.0954333E-15 -0.0747690201
v 0.323726505 0.00731204264 -0.0747690201
v 0.327949286 0.00731204264 -0.0747690201
v 0.323726505 2.0954333E-15 -0.0583725534
v 0.327949286 -0.00731204264 -0.0583725534
v 0.323726505 -0.00731204264 -0.0583725534
v 0.327949286 2.21545194E-15 -0.0583725534
v 0.327949286 0.00731204264 -0.0583725534
v 0.323726505 0.00731204264 -0.0583725534
v 0.327949286 2.21545194E-15 -0.0583725534
v 0.327949286 -0.00731204264 -0.0747690201
v 0.327949286 -0.00731204264 -0.0583725534
v 0.327949286 2.21545194E-15 -0.0747690201
v 0.327949286 0.00731204264 -0.0747690201
v 0.327949286 0.00731204264 -0.0583725534
v 0.285879701 -0.0308390707 0.0354613364
v 0.273359776 -0.0496500209 0.0353553295
v 0.276153594 -0.0528164431 0.0353553295
v 0.283085883 -0.0276726484 0.0354613364
v 0.294719458 1.27100343E-15 0.0356668979
v 0.290771276 1.15878935E-15 0.0356668979
v 0.283085883 0.0276726484 0.0354613364
v 0.285879701 0.0308390707 0.0354613364
v 0.273359776 0.0496500209 0.0353553295
v 0.276153594 0.0528164431 0.0353553295
v -0.107809275 0.00638055103 0.167509392
v -0.0601523705 -8.3403294E-15 0.200912625
v -0.109476268 -8.42782197E-15 0.169144675
v -0.0974578932 0.0460014418 0.157354847
v -0.0477192588 0.0495591611 0.189096242
v 0.120387234 0.0858858824 -0.142491326
v 0.139679238 0.151853308 -0.145551264
v 0.139679238 0.0841745585 -0.138135061
v 0.122246474 -3.63097359E-15 -0.134728447
v 0.211618483 0.123043865 -0.133696944
v 0.17163372 0.142056599 -0.116057158
v 0.205305874 0.123043865 -0.10523694
v 0.246284142 0.103866048 -0.116989546
v 0.23986502 0.103868134 -0.0953558236
v 0.246284142 0.103866048 -0.116989546
v 0.272211939 0.0771018714 -0.0940441862
v 0.275282353 0.0764049068 -0.107963331
v 0.306183219 0.0461498536 -0.0918760598
v 0.301455855 0.0475357622 -0.0784831718
v 0.285879701 0.0308390707 0.063532725
v 0.273359776 0.0496500209 0.0591647997
v 0.276153594 0.0528164431 0.0591647997
v 0.283085883 0.0276726484 0.063532725
v 0.294719458 1.27100343E-15 0.0677103102
vt 0.0780029297 0.448730469
vt 0.0780029297 0.448730469
vt 0.0780029297 0.448730469
vt 0.0780029297 0.448730469
vt 0.0780029297 0.448730469
vt 0.0780029297 0.448730469
vt 0.0764160156 0.0720214844
vt 0.0764160156 0.0720214844
vt 0.0764160156 0.0720214844
vt 0.0780029297 0.448730469
vt 0.0780029297 0.448730469
vt 0.0780029297 0.448730469
vt 0.0731201172 0.0747070312
vt 0.0731201172 0.0747070312
vt 0.0731201172 0.0747070312
vt 0.0780029297 0.448730469
vt 0.0780029297 0.448730469
vt 0.0780029297 0.448730469
vt 0.0731201172 0.0747070312
vt 0.0731201172 0.0747070312
vt 0.0731201172 0.0747070312
vt 0.0731201172 0.0747070312
vt 0.0731201172 0.0747070312
vt 0.0731201172 0.0747070312
vt 0.0780029297 0.448730469
vt 0.0780029297 0.448730469
vt 0.0780029297 0.448730469
vt 0.0731201172 0.0747070312
vt 0.0731201172 0.0747070312
vt 0.0731201172 0.0747070312
vt 0.0780029297 0.448730469
vt 0.0780029297 0.448730469
vt 0.0780029297 0.448730469
vt 0.0731201172 0.0747070312
vt 0.0731201172 0.0747070312
vt 0.0731201172 0.0747070312
vt 0.0731201172 0.0747070312
vt 0.0731201172 0.0747070312
vt 0.0731201172 0.0747070312
vt 0.0780029297 0.448730469
vt 0.0780029297 0.448730469
vt 0.0780029297 0.448730469
vt 0.0731201172 0.0747070312
vt 0.0731201172 0.0747070312
vt 0.0731201172 0.0747070312
vt 0.0764160156 0.0720214844
vt 0.0764160156 0.0720214844
vt 0.0764160156 0.0720214844
vt 0.0731201172 0.0747070312
vt 0.0731201172 0.0747070312
vt 0.0731201172 0.0747070312
vt 0.0780029297 0.448730469
vt 0.0780029297 0.448730469
vt 0.0780029297 0.448730469
vt 0.0780029297 0.448730469
vt 0.0780029297 0.448730469
vt 0.0780029297 0.448730469
vt 0.0780029297 0.448730469
vt 0.0780029297 0.448730469
vt 0.0780029297 0.448730469
vt 0.0780029297 0.448730469
vt 0.0780029297 0.448730469
vt 0.0780029297 0.448730469
vt 0.0811157227 0.113891602
vt 0.0811157227 0.113891602
vt 0.0811157227 0.113891602
vt 0.0780029297 0.448730469
vt 0.0780029297 0.448730469
vt 0.0780029297 0.448730469
vt 0.0780029297 0.448730469
vt 0.0780029297 0.448730469
vt 0.0780029297 0.448730469
vt 0.0780029297 0.448730469
vt 0.0780029297 0.448730469
vt 0.0780029297 0.448730469
vt 0.0780029297 0.448730469
vt 0.0780029297 0.448730469
vt 0.0731201172 0.0747070312
vt 0.0731201172 0.0747070312
vt 0.0731201172 0.0747070312
vt 0.0780029297 0.448730469
vt 0.0780029297 0.448730469
vt 0.0780029297 0.448730469
vt 0.0764160156 0.0720214844
vt 0.0764160156 0.0720214844
vt 0.0764160156 0.0720214844
vt 0.0731201172 0.0747070312
vt 0.0731201172 0.0747070312
vt 0.0731201172 0.0747070312
vt 0.0731201172 0.0747070312
vt 0.0731201172 0.0747070312
vt 0.0731201172 0.0747070312
vt 0.0780029297 0.448730469
vt 0.0780029297 0.448730469
vt 0.0780029297 0.448730469
vt 0.0780029297 0.448730469
vt 0.0780029297 0.448730469
vt 0.0780029297 0.448730469
vt 0.0780029297 0.448730469
vt 0.0780029297 0.448730469
vt 0.0780029297 0.448730469
vt 0.0780029297 0.448730469
vt 0.0780029297 0.448730469
vt 0.0780029297 0.448730469
vt 0.0780029297 0.448730469
vt 0.0780029297 0.448730469
vt 0.0780029297 0.448730469
vt 0.0780029297 0.448730469
vt 0.0780029297 0.448730469
vt 0.0780029297 0.448730469
vt 0.0780029297 0.448730469
vt 0.0780029297 0.448730469
vt 0.0780029297 0.448730469
vt 0.0780029297 0.448730469
vt 0.0780029297 0.448730469
vt 0.0780029297 0.448730469
vt 0.0731201172 0.0747070312
vt 0.0731201172 0.0747070312
vt 0.0731201172 0.0747070312
vt 0.0764160156 0.0720214844
vt 0.0764160156 0.0720214844
vt 0.0764160156 0.0720214844
vt 0.0764160156 0.0720214844
vt 0.0764160156 0.0720214844
vt 0.0764160156 0.0720214844
vt 0.0731201172 0.0747070312
vt 0.0731201172 0.0747070312
vt 0.0731201172 0.0747070312
vt 0.0731201172 0.0747070312
vt 0.0731201172 0.0747070312
vt 0.0731201172 0.0747070312
vt 0.0731201172 0.0747070312
vt 0.0731201172 0.0747070312
vt 0.0731201172 0.0747070312
vt 0.0731201172 0.0747070312
vt 0.0731201172 0.0747070312
vt 0.0731201172 0.0747070312
vt 0.0780029297 0.448730469
vt 0.0780029297 0.448730469
vt 0.0780029297 0.448730469
vt 0.0780029297 0.448730469
vt 0.0780029297 0.448730469
vt 0.0780029297 0.448730469
vt 0.0731201172 0.0747070312
vt 0.0731201172 0.0747070312
vt 0.0731201172 0.0747070312
vt 0.0731201172 0.0747070312
vt 0.0731201172 0.0747070312
vt 0.0731201172 0.0747070312
vt 0.0731201172 0.0747070312
vt 0.0731201172 0.0747070312
vt 0.0731201172 0.0747070312
vt 0.0731201172 0.0747070312
vt 0.0731201172 0.0747070312
vt 0.0731201172 0.0747070312
vt 0.0731201172 0.0747070312
vt 0.0731201172 0.0747070312
vt 0.0731201172 0.0747070312
vt 0.0780029297 0.448730469
vt 0.0780029297 0.448730469
vt 0.0780029297 0.448730469
vt 0.0780029297 0.448730469
vt 0.0780029297 0.448730469
vt 0.0780029297 0.448730469
vt 0.0780029297 0.448730469
vt 0.0780029297 0.448730469
vt 0.0780029297 0.448730469
vt 0.0780029297 0.448730469
vt 0.0780029297 0.448730469
vt 0.0780029297 0.448730469
vt 0.0780029297 0.448730469
vt 0.0780029297 0.448730469
vt 0.0780029297 0.448730469
vt 0.0780029297 0.448730469
vt 0.0780029297 0.448730469
vt 0.0780029297 0.448730469
vt 0.0780029297 0.448730469
vt 0.0780029297 0.448730469
vt 0.0780029297 0.448730469
vt 0.0780029297 0.448730469
vt 0.0780029297 0.448730469
vt 0.0780029297 0.448730469
vt 0.0780029297 0.448730469
vt 0.0780029297 0.448730469
vt 0.0780029297 0.448730469
vt 0.0780029297 0.448730469
vt 0.0780029297 0.448730469
vt 0.0780029297 0.448730469
vt 0.0780029297 0.448730469
vt 0.0780029297 0.448730469
vt 0.0780029297 0.448730469
vt 0.0780029297 0.448730469
vt 0.0780029297 0.448730469
vt 0.0780029297 0.448730469
vt 0.0780029297 0.448730469
vt 0.0780029297 0.448730469
vt 0.0780029297 0.448730469
vt 0.0780029297 0.448730469
vt 0.0780029297 0.448730469
vt 0.0780029297 0.448730469
vt 0.0780029297 0.448730469
vt 0.0780029297 0.448730469
vt 0.0780029297 0.448730469
vt 0.0780029297 0.448730469
vt 0.0780029297 0.448730469
vt 0.0780029297 0.448730469
vt 0.0780029297 0.448730469
vt 0.0780029297 0.448730469
vt 0.0780029297 0.448730469
vt 0.0780029297 0.448730469
vt 0.0780029297 0.448730469
vt 0.0780029297 0.448730469
vt 0.0780029297 0.448730469
vt 0.0780029297 0.448730469
vt 0.0780029297 0.448730469
vt 0.0764160156 0.0720214844
vt 0.0764160156 0.0720214844
vt 0.0764160156 0.0720214844
vt 0.0780029297 0.448730469
vt 0.0780029297 0.448730469
vt 0.0780029297 0.448730469
vt 0.0780029297 0.448730469
vt 0.0780029297 0.448730469
vt 0.0780029297 0.448730469
vt 0.0764160156 0.0720214844
vt 0.0764160156 0.0720214844
vt 0.0764160156 0.0720214844
vt 0.0780029297 0.448730469
vt 0.0780029297 0.448730469
vt 0.0780029297 0.448730469
vt 0.0780029297 0.448730469
vt 0.0780029297 0.448730469
vt 0.0780029297 0.448730469
vt 0.0780029297 0.448730469
vt 0.0780029297 0.448730469
vt 0.0780029297 0.448730469
vt 0.0780029297 0.448730469
vt 0.0780029297 0.448730469
vt 0.0780029297 0.448730469
vt 0.0780029297 0.448730469
vt 0.0780029297 0.448730469
vt 0.0780029297 0.448730469
vt 0.0780029297 0.448730469
vt 0.0780029297 0.448730469
vt 0.0780029297 0.448730469
vt 0.0780029297 0.448730469
vt 0.0780029297 0.448730469
vt 0.0780029297 0.448730469
vt 0.0780029297 0.448730469
vt 0.0780029297 0.448730469
vt 0.0780029297 0.448730469
vt 0.0780029297 0.448730469
vt 0.0780029297 0.448730469
vt 0.0780029297 0.448730469
vt 0.0780029297 0.448730469
vt 0.0780029297 0.448730469
vt 0.0780029297 0.448730469
vt 0.0731201172 0.0747070312
vt 0.0731201172 0.0747070312
vt 0.0731201172 0.0747070312
vt 0.0731201172 0.0747070312
vt 0.0731201172 0.0747070312
vt 0.0731201172 0.0747070312
vt 0.0780029297 0.448730469
vt 0.0780029297 0.448730469
vt 0.0780029297 0.448730469
vt 0.0780029297 0.448730469
vt 0.0780029297 0.448730469
vt 0.0780029297 0.448730469
vt 0.0731201172 0.0747070312
vt 0.0731201172 0.0747070312
vt 0.0731201172 0.0747070312
vt 0.0731201172 0.0747070312
vt 0.0731201172 0.0747070312
vt 0.0731201172 0.0747070312
vt 0.0731201172 0.0747070312
vt 0.0731201172 0.0747070312
vt 0.0731201172 0.0747070312
vt 0.0731201172 0.0747070312
vt 0.0731201172 0.0747070312
vt 0.0731201172 0.0747070312
vt 0.0764160156 0.0720214844
vt 0.0764160156 0.0720214844
vt 0.0764160156 0.0720214844
vt 0.0764160156 0.0720214844
vt 0.0764160156 0.0720214844
vt 0.0764160156 0.0720214844
vt 0.0731201172 0.0747070312
vt 0.0731201172 0.0747070312
vt 0.0731201172 0.0747070312
vt 0.0731201172 0.0747070312
vt 0.0731201172 0.0747070312
vt 0.0731201172 0.0747070312
vt 0.0811157227 0.113891602
vt 0.0811157227 0.113891602
vt 0.0811157227 0.113891602
vt 0.0731201172 0.0747070312
vt 0.0731201172 0.0747070312
vt 0.0731201172 0.0747070312
vt 0.0731201172 0.0747070312
vt 0.0731201172 0.0747070312
vt 0.0731201172 0.0747070312
vt 0.0731201172 0.0747070312
vt 0.0731201172 0.0747070312
vt 0.0731201172 0.0747070312
vt 0.0731201172 0.0747070312
vt 0.0731201172 0.0747070312
vt 0.0731201172 0.0747070312
vt 0.0731201172 0.0747070312
vt 0.0731201172 0.0747070312
vt 0.0731201172 0.0747070312
vt 0.0731201172 0.0747070312
vt 0.0731201172 0.0747070312
vt 0.0731201172 0.0747070312
vt 0.0731201172 0.0747070312
vt 0.0731201172 0.0747070312
vt 0.0731201172 0.0747070312
vt 0.0731201172 0.0747070312
vt 0.0731201172 0.0747070312
vt 0.0731201172 0.0747070312
vt 0.0731201172 0.0747070312
vt 0.0731201172 0.0747070312
vt 0.0731201172 0.0747070312
vt 0.0731201172 0.0747070312
vt 0.0731201172 0.0747070312
vt 0.0731201172 0.0747070312
vt 0.0731201172 0.0747070312
vt 0.0731201172 0.0747070312
vt 0.0731201172 0.0747070312
vt 0.0731201172 0.0747070312
vt 0.0731201172 0.0747070312
vt 0.0731201172 0.0747070312
vt 0.0731201172 0.0747070312
vt 0.0731201172 0.0747070312
vt 0.0731201172 0.0747070312
vt 0.0731201172 0.0747070312
vt 0.0731201172 0.0747070312
vt 0.0731201172 0.0747070312
vt 0.0764160156 0.0720214844
vt 0.0764160156 0.0720214844
vt 0.0764160156 0.0720214844
vt 0.0764160156 0.0720214844
vt 0.0764160156 0.0720214844
vt 0.0764160156 0.0720214844
vt 0.0764160156 0.0720214844
vt 0.0764160156 0.0720214844
vt 0.0764160156 0.0720214844
vt 0.0764160156 0.0720214844
vt 0.0764160156 0.0720214844
vt 0.0764160156 0.0720214844
vt 0.0731201172 0.0747070312
vt 0.0731201172 0.0747070312
vt 0.0731201172 0.0747070312
vt 0.0764160156 0.0720214844
vt 0.0764160156 0.0720214844
vt 0.0764160156 0.0720214844
vt 0.0780029297 0.448730469
vt 0.0780029297 0.448730469
vt 0.0780029297 0.448730469
vt 0.0780029297 0.448730469
vt 0.0780029297 0.448730469
vt 0.0780029297 0.448730469
vt 0.0780029297 0.448730469
vt 0.0780029297 0.448730469
vt 0.0780029297 0.448730469
vt 0.0780029297 0.448730469
vt 0.0780029297 0.448730469
vt 0.0780029297 0.448730469
vt 0.0780029297 0.448730469
vt 0.0780029297 0.448730469
vt 0.0780029297 0.448730469
vt 0.0780029297 0.448730469
vt 0.0780029297 0.448730469
vt 0.0780029297 0.448730469
vt 0.0780029297 0.448730469
vt 0.0780029297 0.448730469
vt 0.0780029297 0.448730469
vt 0.0780029297 0.448730469
vt 0.0780029297 0.448730469
vt 0.0764160156 0.0720214844
vt 0.0764160156 0.0720214844
vt 0.0764160156 0.0720214844
vt 0.0764160156 0.0720214844
vt 0.0764160156 0.0720214844
vt 0.0764160156 0.0720214844
vt 0.0780029297 0.448730469
vt 0.0780029297 0.448730469
vt 0.0780029297 0.448730469
vt 0.0780029297 0.448730469
vt 0.0780029297 0.448730469
vt 0.0780029297 0.448730469
vt 0.0780029297 0.448730469
vt 0.0780029297 0.448730469
vt 0.0780029297 0.448730469
vt 0.0780029297 0.448730469
vt 0.0780029297 0.448730469
vt 0.0780029297 0.448730469
vt 0.0780029297 0.448730469
vt 0.0780029297 0.448730469
vt 0.0780029297 0.448730469
vt 0.0780029297 0.448730469
vt 0.0780029297 0.448730469
vt 0.0780029297 0.448730469
vt 0.0780029297 0.448730469
vt 0.0780029297 0.448730469
vt 0.0780029297 0.448730469
vt 0.0780029297 0.448730469
vt 0.0780029297 0.448730469
vt 0.0764160156 0.0720214844
vt 0.0764160156 0.0720214844
vt 0.0764160156 0.0720214844
vt 0.0780029297 0.448730469
vt 0.0780029297 0.448730469
vt 0.0780029297 0.448730469
vt 0.0764160156 0.0720214844
vt 0.0764160156 0.0720214844
vt 0.0764160156 0.0720214844
vt 0.0764160156 0.0720214844
vt 0.0764160156 0.0720214844
vt 0.0764160156 0.0720214844
vt 0.0764160156 0.0720214844
vt 0.0764160156 0.0720214844
vt 0.0764160156 0.0720214844
vt 0.0731201172 0.0747070312
vt 0.0731201172 0.0747070312
vt 0.0731201172 0.0747070312
vt 0.0731201172 0.0747070312
vt 0.0731201172 0.0747070312
vt 0.0731201172 0.0747070312
vt 0.0731201172 0.0747070312
vt 0.0731201172 0.0747070312
vt 0.0731201172 0.0747070312
vt 0.0731201172 0.0747070312
vt 0.0731201172 0.0747070312
vt 0.0731201172 0.0747070312
vt 0.0731201172 0.0747070312
vt 0.0731201172 0.0747070312
vt 0.0731201172 0.0747070312
vt 0.0731201172 0.0747070312
vt 0.0731201172 0.0747070312
vt 0.0731201172 0.0747070312
vt 0.0764160156 0.0720214844
vt 0.0764160156 0.0720214844
vt 0.0764160156 0.0720214844
vt 0.0731201172 0.0747070312
vt 0.0731201172 0.0747070312
vt 0.0731201172 0.0747070312
vt 0.0811157227 0.113891602
vt 0.0811157227 0.113891602
vt 0.0811157227 0.113891602
vt 0.017578125 0.85546875
vt 0.017578125 0.85546875
vt 0.017578125 0.85546875
vt 0.017578125 0.85546875
vt 0.017578125 0.85546875
vt 0.017578125 0.85546875
vt 0.017578125 0.85546875
vt 0.017578125 0.85546875
vt 0.017578125 0.85546875
vt 0.017578125 0.85546875
vt 0.017578125 0.85546875
vt 0.017578125 0.85546875
vt 0.017578125 0.85546875
vt 0.017578125 0.85546875
vt 0.017578125 0.85546875
vt 0.017578125 0.85546875
vt 0.017578125 0.85546875
vt 0.017578125 0.85546875
vt 0.017578125 0.85546875
vt 0.017578125 0.85546875
vt 0.017578125 0.85546875
vt 0.017578125 0.85546875
vt 0.017578125 0.85546875
vt 0.017578125 0.85546875
vt 0.017578125 0.85546875
vt 0.017578125 0.85546875
vt 0.017578125 0.85546875
vt 0.017578125 0.85546875
vt 0.017578125 0.85546875
vt 0.017578125 0.85546875
vt 0.0780029297 0.448730469
vt 0.0780029297 0.448730469
vt 0.0780029297 0.448730469
vt 0.0780029297 0.448730469
vt 0.0780029297 0.448730469
vt 0.0780029297 0.448730469
vt 0.0780029297 0.448730469
vt 0.0780029297 0.448730469
vt 0.0780029297 0.448730469
vt 0.0780029297 0.448730469
vt 0.0780029297 0.448730469
vt 0.0780029297 0.448730469
vt 0.0780029297 0.448730469
vt 0.0780029297 0.448730469
vt 0.0780029297 0.448730469
vt 0.0780029297 0.448730469
vt 0.0780029297 0.448730469
vt 0.0780029297 0.448730469
vt 0.0780029297 0.448730469
vt 0.0780029297 0.448730469
vt 0.017578125 0.85546875
vt 0.017578125 0.85546875
vt 0.017578125 0.85546875
vt 0.017578125 0.85546875
vt 0.017578125 0.85546875
vt 0.017578125 0.85546875
vt 0.017578125 0.85546875
vt 0.017578125 0.85546875
vt 0.017578125 0.85546875
vt 0.017578125 0.85546875
vt 0.017578125 0.85546875
vt 0.017578125 0.85546875
vt 0.017578125 0.85546875
vt 0.017578125 0.85546875
vt 0.017578125 0.85546875
vt 0.017578125 0.85546875
vt 0.017578125 0.85546875
vt 0.017578125 0.85546875
vt 0.017578125 0.85546875
vt 0.017578125 0.85546875
vt 0.017578125 0.85546875
vt 0.017578125 0.85546875
vt 0.017578125 0.85546875
vt 0.017578125 0.85546875
vt 0.017578125 0.85546875
vt 0.017578125 0.85546875
vt 0.017578125 0.85546875
vt 0.017578125 0.85546875
vt 0.017578125 0.85546875
vt 0.017578125 0.85546875
vt 0.984375 0.985839844
vt 0.984375 0.985839844
vt 0.984375 0.985839844
vt 0.984375 0.985839844
vt 0.984375 0.985839844
vt 0.984375 0.985839844
vt 0.984375 0.985839844
vt 0.984375 0.985839844
vt 0.984375 0.985839844
vt 0.984375 0.985839844
vt 0.984375 0.985839844
vt 0.984375 0.985839844
vt 0.984375 0.985839844
vt 0.984375 0.985839844
vt 0.984375 0.985839844
vt 0.984375 0.985839844
vt 0.984375 0.985839844
vt 0.984375 0.985839844
vt 0.984375 0.985839844
vt 0.984375 0.985839844
vt 0.984375 0.985839844
vt 0.984375 0.985839844
vt 0.984375 0.985839844
vt 0.984375 0.985839844
vt 0.984375 0.985839844
vt 0.984375 0.985839844
vt 0.984375 0.985839844
vt 0.984375 0.985839844
vt 0.984375 0.985839844
vt 0.984375 0.985839844
vt 0.984375 0.985839844
vt 0.984375 0.985839844
vt 0.984375 0.985839844
vt 0.984375 0.985839844
vt 0.984375 0.985839844
vt 0.984375 0.985839844
vt 0.984375 0.985839844
vt 0.984375 0.985839844
vt 0.984375 0.985839844
vt 0.984375 0.985839844
vt 0.984375 0.985839844
vt 0.984375 0.985839844
vt 0.984375 0.985839844
vt 0.984375 0.985839844
vt 0.984375 0.985839844
vt 0.606933594 0.981445312
vt 0.606933594 0.981445312
vt 0.606933594 0.981445312
vt 0.608398438 0.980957031
vt 0.608398438 0.980957031
vt 0.608398438 0.980957031
vt 0.608398438 0.980957031
vt 0.608398438 0.980957031
vt 0.608398438 0.980957031
vt 0.608398438 0.980957031
vt 0.608398438 0.980957031
vt 0.608398438 0.980957031
vt 0.608398438 0.980957031
vt 0.608398438 0.980957031
vt 0.608398438 0.980957031
vt 0.0742797852 0.0794677734
vt 0.0742797852 0.0794677734
vt 0.0742797852 0.0794677734
vt 0.0742797852 0.0794677734
vt 0.0742797852 0.0794677734
vt 0.0742797852 0.0794677734
vt 0.071472168 0.0795288086
vt 0.071472168 0.0795288086
vt 0.0736694336 0.110839844
vt 0.0742797852 0.0794677734
vt 0.0742797852 0.0794677734
vt 0.0742797852 0.0794677734
vt 0.0742797852 0.0794677734
vt 0.0742797852 0.0794677734
vt 0.0742797852 0.0794677734
vt 0.0742797852 0.0794677734
vt 0.0742797852 0.0794677734
vt 0.0742797852 0.0794677734
vt 0.0751953125 0.0798339844
vt 0.0761108398 0.106079102
vt 0.0761108398 0.106079102
vt 0.071472168 0.0795288086
vt 0.0736694336 0.110839844
vt 0.0736694336 0.110839844
vt 0.0742797852 0.0794677734
vt 0.0742797852 0.0794677734
vt 0.0742797852 0.0794677734
vt 0.0742797852 0.0794677734
vt 0.0742797852 0.0794677734
vt 0.0742797852 0.0794677734
vt 0.0750732422 0.112243652
vt 0.0750732422 0.112243652
vt 0.0750732422 0.112243652
vt 0.0750732422 0.112243652
vt 0.0750732422 0.112243652
vt 0.0750732422 0.112243652
vt 0.0750732422 0.112243652
vt 0.0750732422 0.112243652
vt 0.0750732422 0.112243652
vt 0.0750732422 0.112243652
vt 0.0750732422 0.112243652
vt 0.0750732422 0.112243652
vt 0.0750732422 0.112243652
vt 0.0750732422 0.112243652
vt 0.0750732422 0.112243652
vt 0.0750732422 0.112243652
vt 0.0750732422 0.112243652
vt 0.0750732422 0.112243652
vt 0.0750732422 0.112243652
vt 0.0750732422 0.112243652
vt 0.0750732422 0.112243652
vt 0.0750732422 0.112243652
vt 0.0750732422 0.112243652
vt 0.0750732422 0.112243652
vt 0.0811157227 0.112670898
vt 0.0811157227 0.112670898
vt 0.0811157227 0.112670898
vt 0.0811157227 0.112670898
vt 0.0811157227 0.112670898
vt 0.0811157227 0.112670898
vt 0.0811157227 0.112670898
vt 0.0811157227 0.112670898
vt 0.0811157227 0.112670898
vt 0.0811157227 0.112670898
vt 0.0811157227 0.112670898
vt 0.0811157227 0.112670898
vt 0.0811157227 0.112670898
vt 0.0811157227 0.112670898
vt 0.0811157227 0.112670898
vt 0.0811157227 0.113891602
vt 0.0811157227 0.113891602
vt 0.0811157227 0.113891602
vt 0.0811157227 0.113891602
vt 0.0811157227 0.113891602
vt 0.0811157227 0.113891602
vt 0.0811157227 0.113891602
vt 0.0811157227 0.113891602
vt 0.0811157227 0.113891602
vt 0.0811157227 0.113891602
vt 0.0811157227 0.113891602
vt 0.0811157227 0.113891602
vt 0.0811157227 0.113891602
vt 0.0811157227 0.113891602
vt 0.0811157227 0.113891602
vt 0.0811157227 0.113891602
vt 0.0811157227 0.113891602
vt 0.0811157227 0.113891602
vt 0.977539062 0.984863281
vt 0.977539062 0.984863281
vt 0.977539062 0.984863281
vt 0.977539062 0.984863281
vt 0.977539062 0.984863281
vt 0.977539062 0.984863281
vt 0.977539062 0.984863281
vt 0.977539062 0.984863281
vt 0.977539062 0.984863281
vt 0.977539062 0.984863281
vt 0.977539062 0.984863281
vt 0.977539062 0.984863281
vt 0.977539062 0.984863281
vt 0.977539062 0.984863281
vt 0.977539062 0.984863281
vt 0.977539062 0.984863281
vt 0.977539062 0.984863281
vt 0.977539062 0.984863281
vt 0.977539062 0.984863281
vt 0.977539062 0.984863281
vt 0.977539062 0.984863281
vt 0.977539062 0.984863281
vt 0.977539062 0.984863281
vt 0.977539062 0.984863281
vt 0.0178833008 0.699707031
vt 0.0178833008 0.699707031
vt 0.0178833008 0.699707031
vt 0.0178833008 0.699707031
vt 0.0178833008 0.699707031
vt 0.0178833008 0.699707031
vt 0.0178833008 0.699707031
vt 0.0178833008 0.699707031
vt 0.0178833008 0.699707031
vt 0.0178833008 0.699707031
vt 0.0178833008 0.699707031
vt 0.0178833008 0.699707031
vt 0.0178833008 0.699707031
vt 0.0178833008 0.699707031
vt 0.0178833008 0.699707031
vt 0.0178833008 0.699707031
vt 0.0178833008 0.699707031
vt 0.0178833008 0.699707031
vt 0.0178833008 0.699707031
vt 0.0178833008 0.699707031
vt 0.0178833008 0.699707031
vt 0.0178833008 0.699707031
vt 0.0178833008 0.699707031
vt 0.0178833008 0.699707031
vt 0.0178833008 0.699707031
vt 0.0178833008 0.699707031
vt 0.0178833008 0.699707031
vt 0.0178833008 0.699707031
vt 0.0178833008 0.699707031
vt 0.0178833008 0.699707031
vt 0.0178833008 0.699707031
vt 0.0178833008 0.699707031
vt 0.0178833008 0.699707031
vt 0.0178833008 0.699707031
vt 0.0178833008 0.699707031
vt 0.0178833008 0.699707031
vt 0.0178833008 0.699707031
vt 0.0178833008 0.699707031
vt 0.0178833008 0.699707031
vt 0.0178833008 0.699707031
vt 0.0178833008 0.699707031
vt 0.0178833008 0.699707031
vt 0.0178833008 0.699707031
vt 0.0178833008 0.699707031
vt 0.0178833008 0.699707031
vt 0.0178833008 0.699707031
vt 0.0178833008 0.699707031
vt 0.0178833008 0.699707031
vt 0.0178833008 0.699707031
vt 0.0178833008 0.699707031
vt 0.0178833008 0.699707031
vt 0.0178833008 0.699707031
vt 0.0178833008 0.699707031
vt 0.0178833008 0.699707031
vt 0.0178833008 0.699707031
vt 0.0178833008 0.699707031
vt 0.0178833008 0.699707031
vt 0.0178833008 0.699707031
vt 0.0178833008 0.699707031
vt 0.0178833008 0.699707031
vt 0.0178833008 0.699707031
vt 0.0178833008 0.699707031
vt 0.0178833008 0.699707031
vt 0.0178833008 0.699707031
vt 0.0178833008 0.699707031
vt 0.0178833008 0.699707031
vt 0.0178833008 0.699707031
vt 0.0178833008 0.699707031
vt 0.0178833008 0.699707031
vt 0.0178833008 0.699707031
vt 0.0178833008 0.699707031
vt 0.0178833008 0.699707031
vt 0.0178833008 0.699707031
vt 0.0178833008 0.699707031
vt 0.0178833008 0.699707031
vt 0.0178833008 0.699707031
vt 0.0178833008 0.699707031
vt 0.0178833008 0.699707031
vt 0.0178833008 0.699707031
vt 0.0178833008 0.699707031
vt 0.0178833008 0.699707031
vt 0.0178833008 0.699707031
vt 0.0178833008 0.699707031
vt 0.0178833008 0.699707031
vt 0.0178833008 0.699707031
vt 0.0178833008 0.699707031
vt 0.0178833008 0.699707031
vt 0.0178833008 0.699707031
vt 0.0178833008 0.699707031
vt 0.0178833008 0.699707031
vt 0.0178833008 0.699707031
vt 0.0178833008 0.699707031
vt 0.0178833008 0.699707031
vt 0.0780029297 0.448730469
vt 0.0780029297 0.448730469
vt 0.0780029297 0.448730469
vt 0.0780029297 0.448730469
vt 0.0780029297 0.448730469
vt 0.0780029297 0.448730469
vt 0.0764770508 0.0715332031
vt 0.0764770508 0.0715332031
vt 0.0764770508 0.0715332031
vt 0.0764770508 0.0715332031
vt 0.0764770508 0.0715332031
vt 0.0764770508 0.0715332031
vt 0.0764770508 0.0715332031
vt 0.0764770508 0.0715332031
vt 0.0764770508 0.0715332031
vt 0.0764770508 0.0715332031
vt 0.0764770508 0.0715332031
vt 0.0764770508 0.0715332031
vt 0.0764770508 0.0715332031
vt 0.0764770508 0.0715332031
vt 0.0764770508 0.0715332031
vt 0.0764770508 0.0715332031
vt 0.0764770508 0.0715332031
vt 0.0764770508 0.0715332031
vt 0.0764770508 0.0715332031
vt 0.0764770508 0.0715332031
vt 0.0764770508 0.0715332031
vt 0.0764770508 0.0715332031
vt 0.0764770508 0.0715332031
vt 0.0764770508 0.0715332031
vt 0.0764770508 0.0715332031
vt 0.0764770508 0.0715332031
vt 0.0764770508 0.0715332031
vt 0.0764770508 0.0715332031
vt 0.0764770508 0.0715332031
vt 0.0764770508 0.0715332031
vt 0.0764770508 0.0715332031
vt 0.0764770508 0.0715332031
vt 0.0764770508 0.0715332031
vt 0.0764770508 0.0715332031
vt 0.0764770508 0.0715332031
vt 0.0764770508 0.0715332031
vt 0.0764770508 0.0715332031
vt 0.0764770508 0.0715332031
vt 0.0764770508 0.0715332031
vt 0.0764770508 0.0715332031
vt 0.0764770508 0.0715332031
vt 0.0764770508 0.0715332031
vt 0.0764770508 0.0715332031
vt 0.0764770508 0.0715332031
vt 0.0764770508 0.0715332031
vt 0.0764770508 0.0715332031
vt 0.0764770508 0.0715332031
vt 0.0764770508 0.0715332031
vt 0.0764770508 0.0715332031
vt 0.0764770508 0.0715332031
vt 0.0764770508 0.0715332031
vt 0.0764770508 0.0715332031
vt 0.0764770508 0.0715332031
vt 0.0764770508 0.0715332031
vt 0.0764770508 0.0715332031
vt 0.0764770508 0.0715332031
vt 0.0764770508 0.0715332031
vt 0.0764770508 0.0715332031
vt 0.0764770508 0.0715332031
vt 0.0764770508 0.0715332031
vt 0.0780029297 0.448730469
vt 0.0780029297 0.448730469
vt 0.0780029297 0.448730469
vt 0.0780029297 0.448730469
vt 0.0780029297 0.448730469
vt 0.0780029297 0.448730469
vt 0.0780029297 0.448730469
vt 0.0780029297 0.448730469
vt 0.0780029297 0.448730469
vt 0.0780029297 0.448730469
vt 0.0780029297 0.448730469
vt 0.0764160156 0.0720214844
vt 0.0764160156 0.0720214844
vt 0.0764160156 0.0720214844
vt 0.0731201172 0.0747070312
vt 0.0731201172 0.0747070312
vt 0.0731201172 0.0747070312
vt 0.0731201172 0.0747070312
vt 0.0731201172 0.0747070312
vt 0.0731201172 0.0747070312
vt 0.0780029297 0.448730469
vt 0.0780029297 0.448730469
vt 0.0780029297 0.448730469
vt 0.0731201172 0.0747070312
vt 0.0731201172 0.0747070312
vt 0.0731201172 0.0747070312
vt 0.0731201172 0.0747070312
vt 0.0731201172 0.0747070312
vt 0.0731201172 0.0747070312
vt 0.0780029297 0.448730469
vt 0.0780029297 0.448730469
vt 0.0780029297 0.448730469
vt 0.0731201172 0.0747070312
vt 0.0731201172 0.0747070312
vt 0.0731201172 0.0747070312
vt 0.0780029297 0.448730469
vt 0.0780029297 0.448730469
vt 0.0780029297 0.448730469
vt 0.0731201172 0.0747070312
vt 0.0731201172 0.0747070312
vt 0.0731201172 0.0747070312
vt 0.0731201172 0.0747070312
vt 0.0731201172 0.0747070312
vt 0.0731201172 0.0747070312
vt 0.0780029297 0.448730469
vt 0.0780029297 0.448730469
vt 0.0780029297 0.448730469
vt 0.0731201172 0.0747070312
vt 0.0731201172 0.0747070312
vt 0.0731201172 0.0747070312
vt 0.0764160156 0.0720214844
vt 0.0764160156 0.0720214844
vt 0.0764160156 0.0720214844
vt 0.0731201172 0.0747070312
vt 0.0731201172 0.0747070312
vt 0.0731201172 0.0747070312
vt 0.0780029297 0.448730469
vt 0.0780029297 0.448730469
vt 0.0780029297 0.448730469
vt 0.0811157227 0.113891602
vt 0.0811157227 0.113891602
vt 0.0811157227 0.113891602
vt 0.0780029297 0.448730469
vt 0.0780029297 0.448730469
vt 0.0780029297 0.448730469
vt 0.0780029297 0.448730469
vt 0.0780029297 0.448730469
vt 0.0780029297 0.448730469
vt 0.0764160156 0.0720214844
vt 0.0764160156 0.0720214844
vt 0.0764160156 0.0720214844
vt 0.0731201172 0.0747070312
vt 0.0731201172 0.0747070312
vt 0.0731201172 0.0747070312
vt 0.0731201172 0.0747070312
vt 0.0731201172 0.0747070312
vt 0.0731201172 0.0747070312
vt 0.0780029297 0.448730469
vt 0.0780029297 0.448730469
vt 0.0780029297 0.448730469
vt 0.0780029297 0.448730469
vt 0.0780029297 0.448730469
vt 0.0780029297 0.448730469
vt 0.0780029297 0.448730469
vt 0.0780029297 0.448730469
vt 0.0780029297 0.448730469
vt 0.0780029297 0.448730469
vt 0.0780029297 0.448730469
vt 0.0780029297 0.448730469
vt 0.0780029297 0.448730469
vt 0.0780029297 0.448730469
vt 0.0780029297 0.448730469
vt 0.0780029297 0.448730469
vt 0.0780029297 0.448730469
vt 0.0780029297 0.448730469
vt 0.0780029297 0.448730469
vt 0.0780029297 0.448730469
vt 0.0780029297 0.448730469
vt 0.0780029297 0.448730469
vt 0.0780029297 0.448730469
vt 0.0780029297 0.448730469
vt 0.0731201172 0.0747070312
vt 0.0731201172 0.0747070312
vt 0.0731201172 0.0747070312
vt 0.0764160156 0.0720214844
vt 0.0764160156 0.0720214844
vt 0.0764160156 0.0720214844
vt 0.0764160156 0.0720214844
vt 0.0764160156 0.0720214844
vt 0.0764160156 0.0720214844
vt 0.0731201172 0.0747070312
vt 0.0731201172 0.0747070312
vt 0.0731201172 0.0747070312
vt 0.0731201172 0.0747070312
vt 0.0731201172 0.0747070312
vt 0.0731201172 0.0747070312
vt 0.0731201172 0.0747070312
vt 0.0731201172 0.0747070312
vt 0.0731201172 0.0747070312
vt 0.0731201172 0.0747070312
vt 0.0731201172 0.0747070312
vt 0.0731201172 0.0747070312
vt 0.0780029297 0.448730469
vt 0.0780029297 0.448730469
vt 0.0780029297 0.448730469
vt 0.0780029297 0.448730469
vt 0.0780029297 0.448730469
vt 0.0780029297 0.448730469
vt 0.0731201172 0.0747070312
vt 0.0731201172 0.0747070312
vt 0.0731201172 0.0747070312
vt 0.0731201172 0.0747070312
vt 0.0731201172 0.0747070312
vt 0.0731201172 0.0747070312
vt 0.0731201172 0.0747070312
vt 0.0731201172 0.0747070312
vt 0.0731201172 0.0747070312
vt 0.0731201172 0.0747070312
vt 0.0731201172 0.0747070312
vt 0.0731201172 0.0747070312
vt 0.0731201172 0.0747070312
vt 0.0731201172 0.0747070312
vt 0.0731201172 0.0747070312
vt 0.0780029297 0.448730469
vt 0.0780029297 0.448730469
vt 0.0780029297 0.448730469
vt 0.0780029297 0.448730469
vt 0.0780029297 0.448730469
vt 0.0780029297 0.448730469
vt 0.0780029297 0.448730469
vt 0.0780029297 0.448730469
vt 0.0780029297 0.448730469
vt 0.0780029297 0.448730469
vt 0.0780029297 0.448730469
vt 0.0780029297 0.448730469
vt 0.0780029297 0.448730469
vt 0.0780029297 0.448730469
vt 0.0780029297 0.448730469
vt 0.0780029297 0.448730469
vt 0.0780029297 0.448730469
vt 0.0780029297 0.448730469
vt 0.0780029297 0.448730469
vt 0.0780029297 0.448730469
vt 0.0780029297 0.448730469
vt 0.0780029297 0.448730469
vt 0.0780029297 0.448730469
vt 0.0780029297 0.448730469
vt 0.0780029297 0.448730469
vt 0.0780029297 0.448730469
vt 0.0780029297 0.448730469
vt 0.0780029297 0.448730469
vt 0.0780029297 0.448730469
vt 0.0780029297 0.448730469
vt 0.0780029297 0.448730469
vt 0.0780029297 0.448730469
vt 0.0780029297 0.448730469
vt 0.0780029297 0.448730469
vt 0.0780029297 0.448730469
vt 0.0780029297 0.448730469
vt 0.0780029297 0.448730469
vt 0.0780029297 0.448730469
vt 0.0780029297 0.448730469
vt 0.0780029297 0.448730469
vt 0.0780029297 0.448730469
vt 0.0780029297 0.448730469
vt 0.0780029297 0.448730469
vt 0.0780029297 0.448730469
vt 0.0780029297 0.448730469
vt 0.0780029297 0.448730469
vt 0.0780029297 0.448730469
vt 0.0780029297 0.448730469
vt 0.0780029297 0.448730469
vt 0.0780029297 0.448730469
vt 0.0780029297 0.448730469
vt 0.0780029297 0.448730469
vt 0.0780029297 0.448730469
vt 0.0780029297 0.448730469
vt 0.0780029297 0.448730469
vt 0.0780029297 0.448730469
vt 0.0780029297 0.448730469
vt 0.0764160156 0.0720214844
vt 0.0764160156 0.0720214844
vt 0.0764160156 0.0720214844
vt 0.0780029297 0.448730469
vt 0.0780029297 0.448730469
vt 0.0780029297 0.448730469
vt 0.0780029297 0.448730469
vt 0.0780029297 0.448730469
vt 0.0780029297 0.448730469
vt 0.0764160156 0.0720214844
vt 0.0764160156 0.0720214844
vt 0.0764160156 0.0720214844
vt 0.0780029297 0.448730469
vt 0.0780029297 0.448730469
vt 0.0780029297 0.448730469
vt 0.0780029297 0.448730469
vt 0.0780029297 0.448730469
vt 0.0780029297 0.448730469
vt 0.0780029297 0.448730469
vt 0.0780029297 0.448730469
vt 0.0780029297 0.448730469
vt 0.0780029297 0.448730469
vt 0.0780029297 0.448730469
vt 0.0780029297 0.448730469
vt 0.0780029297 0.448730469
vt 0.0780029297 0.448730469
vt 0.0780029297 0.448730469
vt 0.0780029297 0.448730469
vt 0.0780029297 0.448730469
vt 0.0780029297 0.448730469
vt 0.0780029297 0.448730469
vt 0.0780029297 0.448730469
vt 0.0780029297 0.448730469
vt 0.0780029297 0.448730469
vt 0.0780029297 0.448730469
vt 0.0780029297 0.448730469
vt 0.0780029297 0.448730469
vt 0.0780029297 0.448730469
vt 0.0780029297 0.448730469
vt 0.0780029297 0.448730469
vt 0.0780029297 0.448730469
vt 0.0780029297 0.448730469
vt 0.0731201172 0.0747070312
vt 0.0731201172 0.0747070312
vt 0.0731201172 0.0747070312
vt 0.0731201172 0.0747070312
vt 0.0731201172 0.0747070312
vt 0.0731201172 0.0747070312
vt 0.0780029297 0.448730469
vt 0.0780029297 0.448730469
vt 0.0780029297 0.448730469
vt 0.0780029297 0.448730469
vt 0.0780029297 0.448730469
vt 0.0780029297 0.448730469
vt 0.0731201172 0.0747070312
vt 0.0731201172 0.0747070312
vt 0.0731201172 0.0747070312
vt 0.0731201172 0.0747070312
vt 0.0731201172 0.0747070312
vt 0.0731201172 0.0747070312
vt 0.0731201172 0.0747070312
vt 0.0731201172 0.0747070312
vt 0.0731201172 0.0747070312
vt 0.0731201172 0.0747070312
vt 0.0731201172 0.0747070312
vt 0.0731201172 0.0747070312
vt 0.0764160156 0.0720214844
vt 0.0764160156 0.0720214844
vt 0.0764160156 0.0720214844
vt 0.0764160156 0.0720214844
vt 0.0764160156 0.0720214844
vt 0.0764160156 0.0720214844
vt 0.0731201172 0.0747070312
vt 0.0731201172 0.0747070312
vt 0.0731201172 0.0747070312
vt 0.0731201172 0.0747070312
vt 0.0731201172 0.0747070312
vt 0.0731201172 0.0747070312
vt 0.0811157227 0.113891602
vt 0.0811157227 0.113891602
vt 0.0811157227 0.113891602
vt 0.0731201172 0.0747070312
vt 0.0731201172 0.0747070312
vt 0.0731201172 0.0747070312
vt 0.0731201172 0.0747070312
vt 0.0731201172 0.0747070312
vt 0.0731201172 0.0747070312
vt 0.0731201172 0.0747070312
vt 0.0731201172 0.0747070312
vt 0.0731201172 0.0747070312
vt 0.0731201172 0.0747070312
vt 0.0731201172 0.0747070312
vt 0.0731201172 0.0747070312
vt 0.0731201172 0.0747070312
vt 0.0731201172 0.0747070312
vt 0.0731201172 0.0747070312
vt 0.0731201172 0.0747070312
vt 0.0731201172 0.0747070312
vt 0.0731201172 0.0747070312
vt 0.0731201172 0.0747070312
vt 0.0731201172 0.0747070312
vt 0.0731201172 0.0747070312
vt 0.0731201172 0.0747070312
vt 0.0731201172 0.0747070312
vt 0.0731201172 0.0747070312
vt 0.0731201172 0.0747070312
vt 0.0731201172 0.0747070312
vt 0.0731201172 0.0747070312
vt 0.0731201172 0.0747070312
vt 0.0731201172 0.0747070312
vt 0.0731201172 0.0747070312
vt 0.0731201172 0.0747070312
vt 0.0731201172 0.0747070312
vt 0.0731201172 0.0747070312
vt 0.0731201172 0.0747070312
vt 0.0731201172 0.0747070312
vt 0.0731201172 0.0747070312
vt 0.0731201172 0.0747070312
vt 0.0731201172 0.0747070312
vt 0.0731201172 0.0747070312
vt 0.0731201172 0.0747070312
vt 0.0731201172 0.0747070312
vt 0.0731201172 0.0747070312
vt 0.0764160156 0.0720214844
vt 0.0764160156 0.0720214844
vt 0.0764160156 0.0720214844
vt 0.0764160156 0.0720214844
vt 0.0764160156 0.0720214844
vt 0.0764160156 0.0720214844
vt 0.0764160156 0.0720214844
vt 0.0764160156 0.0720214844
vt 0.0764160156 0.0720214844
vt 0.0764160156 0.0720214844
vt 0.0764160156 0.0720214844
vt 0.0764160156 0.0720214844
vt 0.0731201172 0.0747070312
vt 0.0731201172 0.0747070312
vt 0.0731201172 0.0747070312
vt 0.0764160156 0.0720214844
vt 0.0764160156 0.0720214844
vt 0.0764160156 0.0720214844
vt 0.0780029297 0.448730469
vt 0.0780029297 0.448730469
vt 0.0780029297 0.448730469
vt 0.0780029297 0.448730469
vt 0.0780029297 0.448730469
vt 0.0780029297 0.448730469
vt 0.0780029297 0.448730469
vt 0.0780029297 0.448730469
vt 0.0780029297 0.448730469
vt 0.0780029297 0.448730469
vt 0.0780029297 0.448730469
vt 0.0780029297 0.448730469
vt 0.0780029297 0.448730469
vt 0.0780029297 0.448730469
vt 0.0780029297 0.448730469
vt 0.0780029297 0.448730469
vt 0.0780029297 0.448730469
vt 0.0780029297 0.448730469
vt 0.0780029297 0.448730469
vt 0.0780029297 0.448730469
vt 0.0780029297 0.448730469
vt 0.0780029297 0.448730469
vt 0.0780029297 0.448730469
vt 0.0764160156 0.0720214844
vt 0.0764160156 0.0720214844
vt 0.0764160156 0.0720214844
vt 0.0764160156 0.0720214844
vt 0.0764160156 0.0720214844
vt 0.0764160156 0.0720214844
vt 0.0780029297 0.448730469
vt 0.0780029297 0.448730469
vt 0.0780029297 0.448730469
vt 0.0780029297 0.448730469
vt 0.0780029297 0.448730469
vt 0.0780029297 0.448730469
vt 0.0780029297 0.448730469
vt 0.0780029297 0.448730469
vt 0.0780029297 0.448730469
vt 0.0780029297 0.448730469
vt 0.0780029297 0.448730469
vt 0.0780029297 0.448730469
vt 0.0780029297 0.448730469
vt 0.0780029297 0.448730469
vt 0.0780029297 0.448730469
vt 0.0780029297 0.448730469
vt 0.0780029297 0.448730469
vt 0.0780029297 0.448730469
vt 0.0764160156 0.0720214844
vt 0.0764160156 0.0720214844
vt 0.0764160156 0.0720214844
vt 0.0780029297 0.448730469
vt 0.0780029297 0.448730469
vt 0.0780029297 0.448730469
vt 0.0764160156 0.0720214844
vt 0.0764160156 0.0720214844
vt 0.0764160156 0.0720214844
vt 0.0764160156 0.0720214844
vt 0.0764160156 0.0720214844
vt 0.0764160156 0.0720214844
vt 0.0764160156 0.0720214844
vt 0.0764160156 0.0720214844
vt 0.0764160156 0.0720214844
vt 0.0731201172 0.0747070312
vt 0.0731201172 0.0747070312
vt 0.0731201172 0.0747070312
vt 0.0731201172 0.0747070312
vt 0.0731201172 0.0747070312
vt 0.0731201172 0.0747070312
vt 0.0731201172 0.0747070312
vt 0.0731201172 0.0747070312
vt 0.0731201172 0.0747070312
vt 0.0731201172 0.0747070312
vt 0.0731201172 0.0747070312
vt 0.0731201172 0.0747070312
vt 0.0731201172 0.0747070312
vt 0.0731201172 0.0747070312
vt 0.0731201172 0.0747070312
vt 0.0780029297 0.448730469
vt 0.0780029297 0.448730469
vt 0.0780029297 0.448730469
vt 0.0780029297 0.448730469
vt 0.0780029297 0.448730469
vt 0.0780029297 0.448730469
vt 0.0731201172 0.0747070312
vt 0.0731201172 0.0747070312
vt 0.0731201172 0.0747070312
vt 0.0764160156 0.0720214844
vt 0.0764160156 0.0720214844
vt 0.0764160156 0.0720214844
vt 0.0731201172 0.0747070312
vt 0.0731201172 0.0747070312
vt 0.0731201172 0.0747070312
vt 0.0811157227 0.113891602
vt 0.0811157227 0.113891602
vt 0.0811157227 0.113891602
vt 0.017578125 0.85546875
vt 0.017578125 0.85546875
vt 0.017578125 0.85546875
vt 0.017578125 0.85546875
vt 0.017578125 0.85546875
vt 0.017578125 0.85546875
vt 0.017578125 0.85546875
vt 0.017578125 0.85546875
vt 0.017578125 0.85546875
vt 0.017578125 0.85546875
vt 0.017578125 0.85546875
vt 0.017578125 0.85546875
vt 0.017578125 0.85546875
vt 0.017578125 0.85546875
vt 0.017578125 0.85546875
vt 0.017578125 0.85546875
vt 0.017578125 0.85546875
vt 0.017578125 0.85546875
vt 0.017578125 0.85546875
vt 0.017578125 0.85546875
vt 0.017578125 0.85546875
vt 0.017578125 0.85546875
vt 0.017578125 0.85546875
vt 0.017578125 0.85546875
vt 0.017578125 0.85546875
vt 0.017578125 0.85546875
vt 0.017578125 0.85546875
vt 0.017578125 0.85546875
vt 0.017578125 0.85546875
vt 0.017578125 0.85546875
vt 0.017578125 0.85546875
vt 0.017578125 0.85546875
vt 0.017578125 0.85546875
vt 0.0780029297 0.448730469
vt 0.0780029297 0.448730469
vt 0.0780029297 0.448730469
vt 0.0780029297 0.448730469
vt 0.0780029297 0.448730469
vt 0.0780029297 0.448730469
vt 0.0780029297 0.448730469
vt 0.0780029297 0.448730469
vt 0.0780029297 0.448730469
vt 0.0780029297 0.448730469
vt 0.0780029297 0.448730469
vt 0.0780029297 0.448730469
vt 0.0780029297 0.448730469
vt 0.0780029297 0.448730469
vt 0.0780029297 0.448730469
vt 0.0780029297 0.448730469
vt 0.0780029297 0.448730469
vt 0.0780029297 0.448730469
vt 0.0780029297 0.448730469
vt 0.0780029297 0.448730469
vt 0.0780029297 0.448730469
vt 0.017578125 0.85546875
vt 0.017578125 0.85546875
vt 0.017578125 0.85546875
vt 0.017578125 0.85546875
vt 0.017578125 0.85546875
vt 0.017578125 0.85546875
vt 0.017578125 0.85546875
vt 0.017578125 0.85546875
vt 0.017578125 0.85546875
vt 0.017578125 0.85546875
vt 0.017578125 0.85546875
vt 0.017578125 0.85546875
vt 0.017578125 0.85546875
vt 0.017578125 0.85546875
vt 0.017578125 0.85546875
vt 0.017578125 0.85546875
vt 0.017578125 0.85546875
vt 0.017578125 0.85546875
vt 0.017578125 0.85546875
vt 0.017578125 0.85546875
vt 0.017578125 0.85546875
vt 0.017578125 0.85546875
vt 0.017578125 0.85546875
vt 0.017578125 0.85546875
vt 0.017578125 0.85546875
vt 0.017578125 0.85546875
vt 0.017578125 0.85546875
vt 0.017578125 0.85546875
vt 0.017578125 0.85546875
vt 0.017578125 0.85546875
vt 0.984375 0.985839844
vt 0.984375 0.985839844
vt 0.984375 0.985839844
vt 0.984375 0.985839844
vt 0.984375 0.985839844
vt 0.984375 0.985839844
vt 0.984375 0.985839844
vt 0.984375 0.985839844
vt 0.984375 0.985839844
vt 0.984375 0.985839844
vt 0.984375 0.985839844
vt 0.984375 0.985839844
vt 0.984375 0.985839844
vt 0.984375 0.985839844
vt 0.984375 0.985839844
vt 0.984375 0.985839844
vt 0.984375 0.985839844
vt 0.984375 0.985839844
vt 0.984375 0.985839844
vt 0.984375 0.985839844
vt 0.984375 0.985839844
vt 0.984375 0.985839844
vt 0.984375 0.985839844
vt 0.984375 0.985839844
vt 0.984375 0.985839844
vt 0.984375 0.985839844
vt 0.984375 0.985839844
vt 0.984375 0.985839844
vt 0.984375 0.985839844
vt 0.984375 0.985839844
vt 0.984375 0.985839844
vt 0.984375 0.985839844
vt 0.984375 0.985839844
vt 0.984375 0.985839844
vt 0.984375 0.985839844
vt 0.984375 0.985839844
vt 0.984375 0.985839844
vt 0.984375 0.985839844
vt 0.984375 0.985839844
vt 0.984375 0.985839844
vt 0.984375 0.985839844
vt 0.984375 0.985839844
vt 0.984375 0.985839844
vt 0.984375 0.985839844
vt 0.984375 0.985839844
vt 0.606933594 0.981445312
vt 0.606933594 0.981445312
vt 0.606933594 0.981445312
vt 0.608398438 0.980957031
vt 0.608398438 0.980957031
vt 0.608398438 0.980957031
vt 0.608398438 0.980957031
vt 0.608398438 0.980957031
vt 0.608398438 0.980957031
vt 0.608398438 0.980957031
vt 0.608398438 0.980957031
vt 0.608398438 0.980957031
vt 0.608398438 0.980957031
vt 0.608398438 0.980957031
vt 0.608398438 0.980957031
vt 0.0750732422 0.112243652
vt 0.0750732422 0.112243652
vt 0.0750732422 0.112243652
vt 0.0742797852 0.0794677734
vt 0.0742797852 0.0794677734
vt 0.0742797852 0.0794677734
vt 0.071472168 0.0795288086
vt 0.0736694336 0.110839844
vt 0.0736694336 0.110839844
vt 0.0742797852 0.0794677734
vt 0.0742797852 0.0794677734
vt 0.0742797852 0.0794677734
vt 0.0742797852 0.0794677734
vt 0.0742797852 0.0794677734
vt 0.0742797852 0.0794677734
vt 0.0742797852 0.0794677734
vt 0.0742797852 0.0794677734
vt 0.0742797852 0.0794677734
vt 0.0751953125 0.0798339844
vt 0.0751953125 0.0798339844
vt 0.0761108398 0.106079102
vt 0.0736694336 0.110839844
vt 0.0736694336 0.110839844
vt 0.071472168 0.0795288086
vt 0.0742797852 0.0794677734
vt 0.0742797852 0.0794677734
vt 0.0742797852 0.0794677734
vt 0.0742797852 0.0794677734
vt 0.0742797852 0.0794677734
vt 0.0742797852 0.0794677734
vt 0.0750732422 0.112243652
vt 0.0750732422 0.112243652
vt 0.0750732422 0.112243652
vt 0.0750732422 0.112243652
vt 0.0750732422 0.112243652
vt 0.0750732422 0.112243652
vt 0.0750732422 0.112243652
vt 0.0750732422 0.112243652
vt 0.0750732422 0.112243652
vt 0.0750732422 0.112243652
vt 0.0750732422 0.112243652
vt 0.0750732422 0.112243652
vt 0.0750732422 0.112243652
vt 0.0750732422 0.112243652
vt 0.0750732422 0.112243652
vt 0.0750732422 0.112243652
vt 0.0750732422 0.112243652
vt 0.0750732422 0.112243652
vt 0.0750732422 0.112243652
vt 0.0750732422 0.112243652
vt 0.0750732422 0.112243652
vt 0.0750732422 0.112243652
vt 0.0750732422 0.112243652
vt 0.0750732422 0.112243652
vt 0.0811157227 0.112670898
vt 0.0811157227 0.112670898
vt 0.0811157227 0.112670898
vt 0.0811157227 0.112670898
vt 0.0811157227 0.112670898
vt 0.0811157227 0.112670898
vt 0.0811157227 0.112670898
vt 0.0811157227 0.112670898
vt 0.0811157227 0.112670898
vt 0.0811157227 0.112670898
vt 0.0811157227 0.112670898
vt 0.0811157227 0.112670898
vt 0.0811157227 0.112670898
vt 0.0811157227 0.112670898
vt 0.0811157227 0.112670898
vt 0.0811157227 0.113891602
vt 0.0811157227 0.113891602
vt 0.0811157227 0.113891602
vt 0.0811157227 0.113891602
vt 0.0811157227 0.113891602
vt 0.0811157227 0.113891602
vt 0.0811157227 0.113891602
vt 0.0811157227 0.113891602
vt 0.0811157227 0.113891602
vt 0.0811157227 0.113891602
vt 0.0811157227 0.113891602
vt 0.0811157227 0.113891602
vt 0.0811157227 0.113891602
vt 0.0811157227 0.113891602
vt 0.0811157227 0.113891602
vt 0.0811157227 0.113891602
vt 0.0811157227 0.113891602
vt 0.0811157227 0.113891602
vt 0.977539062 0.984863281
vt 0.977539062 0.984863281
vt 0.977539062 0.984863281
vt 0.977539062 0.984863281
vt 0.977539062 0.984863281
vt 0.977539062 0.984863281
vt 0.977539062 0.984863281
vt 0.977539062 0.984863281
vt 0.977539062 0.984863281
vt 0.977539062 0.984863281
vt 0.977539062 0.984863281
vt 0.977539062 0.984863281
vt 0.977539062 0.984863281
vt 0.977539062 0.984863281
vt 0.977539062 0.984863281
vt 0.977539062 0.984863281
vt 0.977539062 0.984863281
vt 0.977539062 0.984863281
vt 0.977539062 0.984863281
vt 0.977539062 0.984863281
vt 0.977539062 0.984863281
vt 0.977539062 0.984863281
vt 0.977539062 0.984863281
vt 0.977539062 0.984863281
vt 0.977539062 0.984863281
vt 0.977539062 0.984863281
vt 0.977539062 0.984863281
vt 0.0178833008 0.699707031
vt 0.0178833008 0.699707031
vt 0.0178833008 0.699707031
vt 0.0178833008 0.699707031
vt 0.0178833008 0.699707031
vt 0.0178833008 0.699707031
vt 0.0178833008 0.699707031
vt 0.0178833008 0.699707031
vt 0.0178833008 0.699707031
vt 0.0178833008 0.699707031
vt 0.0178833008 0.699707031
vt 0.0178833008 0.699707031
vt 0.0178833008 0.699707031
vt 0.0178833008 0.699707031
vt 0.0178833008 0.699707031
vt 0.0178833008 0.699707031
vt 0.0178833008 0.699707031
vt 0.0178833008 0.699707031
vt 0.0178833008 0.699707031
vt 0.0178833008 0.699707031
vt 0.0178833008 0.699707031
vt 0.0178833008 0.699707031
vt 0.0178833008 0.699707031
vt 0.0178833008 0.699707031
vt 0.0178833008 0.699707031
vt 0.0178833008 0.699707031
vt 0.0178833008 0.699707031
vt 0.0178833008 0.699707031
vt 0.0178833008 0.699707031
vt 0.0178833008 0.699707031
vt 0.0178833008 0.699707031
vt 0.0178833008 0.699707031
vt 0.0178833008 0.699707031
vt 0.0178833008 0.699707031
vt 0.0178833008 0.699707031
vt 0.0178833008 0.699707031
vt 0.0178833008 0.699707031
vt 0.0178833008 0.699707031
vt 0.0178833008 0.699707031
vt 0.0178833008 0.699707031
vt 0.0178833008 0.699707031
vt 0.0178833008 0.699707031
vt 0.0178833008 0.699707031
vt 0.0178833008 0.699707031
vt 0.0178833008 0.699707031
vt 0.0178833008 0.699707031
vt 0.0178833008 0.699707031
vt 0.0178833008 0.699707031
vt 0.0178833008 0.699707031
vt 0.0178833008 0.699707031
vt 0.0178833008 0.699707031
vt 0.0178833008 0.699707031
vt 0.0178833008 0.699707031
vt 0.0178833008 0.699707031
vt 0.0178833008 0.699707031
vt 0.0178833008 0.699707031
vt 0.0178833008 0.699707031
vt 0.0178833008 0.699707031
vt 0.0178833008 0.699707031
vt 0.0178833008 0.699707031
vt 0.0178833008 0.699707031
vt 0.0178833008 0.699707031
vt 0.0178833008 0.699707031
vt 0.0178833008 0.699707031
vt 0.0178833008 0.699707031
vt 0.0178833008 0.699707031
vt 0.0178833008 0.699707031
vt 0.0178833008 0.699707031
vt 0.0178833008 0.699707031
vt 0.0178833008 0.699707031
vt 0.0178833008 0.699707031
vt 0.0178833008 0.699707031
vt 0.0178833008 0.699707031
vt 0.0178833008 0.699707031
vt 0.0178833008 0.699707031
vt 0.0178833008 0.699707031
vt 0.0178833008 0.699707031
vt 0.0178833008 0.699707031
vt 0.0178833008 0.699707031
vt 0.0178833008 0.699707031
vt 0.0178833008 0.699707031
vt 0.0178833008 0.699707031
vt 0.0178833008 0.699707031
vt 0.0178833008 0.699707031
vt 0.0178833008 0.699707031
vt 0.0178833008 0.699707031
vt 0.0178833008 0.699707031
vt 0.0178833008 0.699707031
vt 0.0178833008 0.699707031
vt 0.0178833008 0.699707031
vt 0.0178833008 0.699707031
vt 0.0178833008 0.699707031
vt 0.0178833008 0.699707031
vt 0.0780029297 0.448730469
vt 0.0780029297 0.448730469
vt 0.0780029297 0.448730469
vt 0.0780029297 0.448730469
vt 0.0780029297 0.448730469
vt 0.0780029297 0.448730469
vt 0.0764770508 0.0715332031
vt 0.0764770508 0.0715332031
vt 0.0764770508 0.0715332031
vt 0.0764770508 0.0715332031
vt 0.0764770508 0.0715332031
vt 0.0764770508 0.0715332031
vt 0.0764770508 0.0715332031
vt 0.0764770508 0.0715332031
vt 0.0764770508 0.0715332031
vt 0.0764770508 0.0715332031
vt 0.0764770508 0.0715332031
vt 0.0764770508 0.0715332031
vt 0.0764770508 0.0715332031
vt 0.0764770508 0.0715332031
vt 0.0764770508 0.0715332031
vt 0.0764770508 0.0715332031
vt 0.0764770508 0.0715332031
vt 0.0764770508 0.0715332031
vt 0.0764770508 0.0715332031
vt 0.0764770508 0.0715332031
vt 0.0764770508 0.0715332031
vt 0.0764770508 0.0715332031
vt 0.0764770508 0.0715332031
vt 0.0764770508 0.0715332031
vt 0.0764770508 0.0715332031
vt 0.0764770508 0.0715332031
vt 0.0764770508 0.0715332031
vt 0.0764770508 0.0715332031
vt 0.0764770508 0.0715332031
vt 0.0764770508 0.0715332031
vt 0.0764770508 0.0715332031
vt 0.0764770508 0.0715332031
vt 0.0764770508 0.0715332031
vt 0.0764770508 0.0715332031
vt 0.0764770508 0.0715332031
vt 0.0764770508 0.0715332031
vt 0.0764770508 0.0715332031
vt 0.0764770508 0.0715332031
vt 0.0764770508 0.0715332031
vt 0.0764770508 0.0715332031
vt 0.0764770508 0.0715332031
vt 0.0764770508 0.0715332031
vt 0.0764770508 0.0715332031
vt 0.0764770508 0.0715332031
vt 0.0764770508 0.0715332031
vt 0.0764770508 0.0715332031
vt 0.0764770508 0.0715332031
vt 0.0764770508 0.0715332031
vt 0.0764770508 0.0715332031
vt 0.0764770508 0.0715332031
vt 0.0764770508 0.0715332031
vt 0.0764770508 0.0715332031
vt 0.0764770508 0.0715332031
vt 0.0764770508 0.0715332031
vt 0.0764770508 0.0715332031
vt 0.0764770508 0.0715332031
vt 0.0764770508 0.0715332031
vt 0.0764770508 0.0715332031
vt 0.0764770508 0.0715332031
vt 0.0764770508 0.0715332031
vt 0.0780029297 0.448730469
vt 0.0780029297 0.448730469
vt 0.0780029297 0.448730469
vt 0.0780029297 0.448730469
vt 0.0780029297 0.448730469
vt 0.0780029297 0.448730469
vt 0.0764160156 0.0720214844
vt 0.0764160156 0.0720214844
vt 0.0764160156 0.0720214844
vt 0.0731201172 0.0747070312
vt 0.0731201172 0.0747070312
vt 0.0731201172 0.0747070312
vt 0.0731201172 0.0747070312
vt 0.0731201172 0.0747070312
vt 0.0731201172 0.0747070312
vt 0.0780029297 0.448730469
vt 0.0780029297 0.448730469
vt 0.0780029297 0.448730469
vt 0.0731201172 0.0747070312
vt 0.0731201172 0.0747070312
vt 0.0731201172 0.0747070312
vt 0.0731201172 0.0747070312
vt 0.0731201172 0.0747070312
vt 0.0731201172 0.0747070312
vt 0.0780029297 0.448730469
vt 0.0780029297 0.448730469
vt 0.0780029297 0.448730469
vt 0.0780029297 0.448730469
vt 0.0780029297 0.448730469
vt 0.0780029297 0.448730469
vt 0.0731201172 0.0747070312
vt 0.0731201172 0.0747070312
vt 0.0731201172 0.0747070312
vt 0.0780029297 0.448730469
vt 0.0780029297 0.448730469
vt 0.0780029297 0.448730469
vt 0.0731201172 0.0747070312
vt 0.0731201172 0.0747070312
vt 0.0731201172 0.0747070312
vt 0.0731201172 0.0747070312
vt 0.0731201172 0.0747070312
vt 0.0731201172 0.0747070312
vt 0.0780029297 0.448730469
vt 0.0780029297 0.448730469
vt 0.0780029297 0.448730469
vt 0.0731201172 0.0747070312
vt 0.0731201172 0.0747070312
vt 0.0731201172 0.0747070312
vt 0.0764160156 0.0720214844
vt 0.0764160156 0.0720214844
vt 0.0764160156 0.0720214844
vt 0.0731201172 0.0747070312
vt 0.0731201172 0.0747070312
vt 0.0731201172 0.0747070312
vt 0.0731201172 0.0747070312
vt 0.0731201172 0.0747070312
vt 0.0731201172 0.0747070312
vt 0.0780029297 0.448730469
vt 0.0780029297 0.448730469
vt 0.0780029297 0.448730469
vt 0.0811157227 0.113891602
vt 0.0811157227 0.113891602
vt 0.0811157227 0.113891602
vt 0.0780029297 0.448730469
vt 0.0780029297 0.448730469
vt 0.0780029297 0.448730469
vt 0.0811157227 0.113891602
vt 0.0811157227 0.113891602
vt 0.0811157227 0.113891602
vt 0.017578125 0.85546875
vt 0.017578125 0.85546875
vt 0.017578125 0.85546875
vt 0.017578125 0.85546875
vt 0.017578125 0.85546875
vt 0.017578125 0.85546875
vt 0.017578125 0.85546875
vt 0.017578125 0.85546875
vt 0.017578125 0.85546875
vt 0.017578125 0.85546875
vt 0.017578125 0.85546875
vt 0.017578125 0.85546875
vt 0.017578125 0.85546875
vt 0.017578125 0.85546875
vt 0.017578125 0.85546875
vt 0.017578125 0.85546875
vt 0.017578125 0.85546875
vt 0.017578125 0.85546875
vt 0.017578125 0.85546875
vt 0.017578125 0.85546875
vt 0.017578125 0.85546875
vt 0.017578125 0.85546875
vt 0.017578125 0.85546875
vt 0.017578125 0.85546875
vt 0.017578125 0.85546875
vt 0.017578125 0.85546875
vt 0.017578125 0.85546875
vt 0.017578125 0.85546875
vt 0.017578125 0.85546875
vt 0.017578125 0.85546875
vt 0.017578125 0.85546875
vt 0.017578125 0.85546875
vt 0.017578125 0.85546875
vt 0.017578125 0.85546875
vt 0.017578125 0.85546875
vt 0.017578125 0.85546875
vt 0.017578125 0.85546875
vt 0.017578125 0.85546875
vt 0.017578125 0.85546875
vt 0.0780029297 0.448730469
vt 0.0780029297 0.448730469
vt 0.0780029297 0.448730469
vt 0.0780029297 0.448730469
vt 0.0780029297 0.448730469
vt 0.0780029297 0.448730469
vt 0.0780029297 0.448730469
vt 0.0780029297 0.448730469
vt 0.0780029297 0.448730469
vt 0.0780029297 0.448730469
vt 0.0780029297 0.448730469
vt 0.0780029297 0.448730469
vt 0.0780029297 0.448730469
vt 0.0780029297 0.448730469
vt 0.0780029297 0.448730469
vt 0.0780029297 0.448730469
vt 0.0780029297 0.448730469
vt 0.0780029297 0.448730469
vt 0.017578125 0.85546875
vt 0.017578125 0.85546875
vt 0.017578125 0.85546875
vt 0.017578125 0.85546875
vt 0.017578125 0.85546875
vt 0.017578125 0.85546875
vt 0.017578125 0.85546875
vt 0.017578125 0.85546875
vt 0.017578125 0.85546875
vt 0.017578125 0.85546875
vt 0.017578125 0.85546875
vt 0.017578125 0.85546875
vt 0.017578125 0.85546875
vt 0.017578125 0.85546875
vt 0.017578125 0.85546875
vt 0.017578125 0.85546875
vt 0.017578125 0.85546875
vt 0.017578125 0.85546875
vt 0.017578125 0.85546875
vt 0.017578125 0.85546875
vt 0.017578125 0.85546875
vt 0.017578125 0.85546875
vt 0.017578125 0.85546875
vt 0.017578125 0.85546875
vt 0.017578125 0.85546875
vt 0.017578125 0.85546875
vt 0.017578125 0.85546875
vt 0.017578125 0.85546875
vt 0.017578125 0.85546875
vt 0.0750732422 0.112243652
vt 0.0750732422 0.112243652
vt 0.0750732422 0.112243652
vt 0.071472168 0.0795288086
vt 0.0736694336 0.110839844
vt 0.0736694336 0.110839844
vt 0.0742797852 0.0794677734
vt 0.0742797852 0.0794677734
vt 0.0742797852 0.0794677734
vt 0.0751953125 0.0798339844
vt 0.0761108398 0.106079102
vt 0.0751953125 0.0798339844
vt 0.071472168 0.0795288086
vt 0.0736694336 0.110839844
vt 0.071472168 0.0795288086
vt 0.0742797852 0.0794677734
vt 0.0742797852 0.0794677734
vt 0.0742797852 0.0794677734
vt 0.0742797852 0.0794677734
vt 0.0742797852 0.0794677734
vt 0.0742797852 0.0794677734
vt 0.0750732422 0.112243652
vt 0.0750732422 0.112243652
vt 0.0750732422 0.112243652
vt 0.0750732422 0.112243652
vt 0.0750732422 0.112243652
vt 0.0750732422 0.112243652
vt 0.0750732422 0.112243652
vt 0.0750732422 0.112243652
vt 0.0750732422 0.112243652
vt 0.0750732422 0.112243652
vt 0.0750732422 0.112243652
vt 0.0750732422 0.112243652
vt 0.0750732422 0.112243652
vt 0.0750732422 0.112243652
vt 0.0750732422 0.112243652
vt 0.0750732422 0.112243652
vt 0.0750732422 0.112243652
vt 0.0750732422 0.112243652
vt 0.0750732422 0.112243652
vt 0.0750732422 0.112243652
vt 0.0750732422 0.112243652
vt 0.0750732422 0.112243652
vt 0.0750732422 0.112243652
vt 0.0750732422 0.112243652
vt 0.0750732422 0.112243652
vt 0.0750732422 0.112243652
vt 0.0750732422 0.112243652
vt 0.0811157227 0.112670898
vt 0.0811157227 0.112670898
vt 0.0811157227 0.112670898
vt 0.0811157227 0.112670898
vt 0.0811157227 0.112670898
vt 0.0811157227 0.112670898
vt 0.0811157227 0.112670898
vt 0.0811157227 0.112670898
vt 0.0811157227 0.112670898
vt 0.0811157227 0.113891602
vt 0.0811157227 0.113891602
vt 0.0811157227 0.113891602
vt 0.0811157227 0.113891602
vt 0.0811157227 0.113891602
vt 0.0811157227 0.113891602
vt 0.0811157227 0.113891602
vt 0.0811157227 0.113891602
vt 0.0811157227 0.113891602
vt 0.0811157227 0.113891602
vt 0.0811157227 0.113891602
vt 0.0811157227 0.113891602
vt 0.977539062 0.984863281
vt 0.977539062 0.984863281
vt 0.977539062 0.984863281
vt 0.977539062 0.984863281
vt 0.977539062 0.984863281
vt 0.977539062 0.984863281
vt 0.977539062 0.984863281
vt 0.977539062 0.984863281
vt 0.977539062 0.984863281
vt 0.977539062 0.984863281
vt 0.977539062 0.984863281
vt 0.977539062 0.984863281
vt 0.977539062 0.984863281
vt 0.977539062 0.984863281
vt 0.977539062 0.984863281
vt 0.977539062 0.984863281
vt 0.977539062 0.984863281
vt 0.977539062 0.984863281
vt 0.977539062 0.984863281
vt 0.977539062 0.984863281
vt 0.977539062 0.984863281
vt 0.977539062 0.984863281
vt 0.977539062 0.984863281
vt 0.977539062 0.984863281
vt 0.977539062 0.984863281
vt 0.977539062 0.984863281
vt 0.977539062 0.984863281
vt 0.0780029297 0.448730469
vt 0.0780029297 0.448730469
vt 0.0780029297 0.448730469
vt 0.0780029297 0.448730469
vt 0.0780029297 0.448730469
vt 0.0780029297 0.448730469
vt 0.0780029297 0.448730469
vt 0.0780029297 0.448730469
vt 0.0780029297 0.448730469
vt 0.0780029297 0.448730469
vt 0.0780029297 0.448730469
vt 0.0780029297 0.448730469
vt 0.0780029297 0.448730469
vt 0.0780029297 0.448730469
vt 0.0780029297 0.448730469
vt 0.0764160156 0.0720214844
vt 0.0764160156 0.0720214844
vt 0.0764160156 0.0720214844
vt 0.0780029297 0.448730469
vt 0.0780029297 0.448730469
vt 0.0780029297 0.448730469
vt 0.0731201172 0.0747070312
vt 0.0731201172 0.0747070312
vt 0.0731201172 0.0747070312
vt 0.0780029297 0.448730469
vt 0.0780029297 0.448730469
vt 0.0780029297 0.448730469
vt 0.0731201172 0.0747070312
vt 0.0731201172 0.0747070312
vt 0.0731201172 0.0747070312
vt 0.0731201172 0.0747070312
vt 0.0731201172 0.0747070312
vt 0.0731201172 0.0747070312
vt 0.0780029297 0.448730469
vt 0.0780029297 0.448730469
vt 0.0780029297 0.448730469
vt 0.0780029297 0.448730469
vt 0.0780029297 0.448730469
vt 0.0780029297 0.448730469
vt 0.0731201172 0.0747070312
vt 0.0731201172 0.0747070312
vt 0.0731201172 0.0747070312
vt 0.0780029297 0.448730469
vt 0.0780029297 0.448730469
vt 0.0780029297 0.448730469
vt 0.0731201172 0.0747070312
vt 0.0731201172 0.0747070312
vt 0.0731201172 0.0747070312
vt 0.0731201172 0.0747070312
vt 0.0731201172 0.0747070312
vt 0.0731201172 0.0747070312
vt 0.0780029297 0.448730469
vt 0.0780029297 0.448730469
vt 0.0780029297 0.448730469
vt 0.0731201172 0.0747070312
vt 0.0731201172 0.0747070312
vt 0.0731201172 0.0747070312
vt 0.0764160156 0.0720214844
vt 0.0764160156 0.0720214844
vt 0.0764160156 0.0720214844
vt 0.0731201172 0.0747070312
vt 0.0731201172 0.0747070312
vt 0.0731201172 0.0747070312
vt 0.0731201172 0.0747070312
vt 0.0731201172 0.0747070312
vt 0.0731201172 0.0747070312
vt 0.0780029297 0.448730469
vt 0.0780029297 0.448730469
vt 0.0780029297 0.448730469
vt 0.0780029297 0.448730469
vt 0.0780029297 0.448730469
vt 0.0780029297 0.448730469
vt 0.0811157227 0.113891602
vt 0.0811157227 0.113891602
vt 0.0811157227 0.113891602
vt 0.0780029297 0.448730469
vt 0.0780029297 0.448730469
vt 0.0780029297 0.448730469
vt 0.0731201172 0.0747070312
vt 0.0731201172 0.0747070312
vt 0.0731201172 0.0747070312
vt 0.0811157227 0.113891602
vt 0.0811157227 0.113891602
vt 0.0811157227 0.113891602
vt 0.017578125 0.85546875
vt 0.017578125 0.85546875
vt 0.017578125 0.85546875
vt 0.017578125 0.85546875
vt 0.017578125 0.85546875
vt 0.017578125 0.85546875
vt 0.017578125 0.85546875
vt 0.017578125 0.85546875
vt 0.017578125 0.85546875
vt 0.017578125 0.85546875
vt 0.017578125 0.85546875
vt 0.017578125 0.85546875
vt 0.017578125 0.85546875
vt 0.017578125 0.85546875
vt 0.017578125 0.85546875
vt 0.017578125 0.85546875
vt 0.017578125 0.85546875
vt 0.017578125 0.85546875
vt 0.017578125 0.85546875
vt 0.017578125 0.85546875
vt 0.017578125 0.85546875
vt 0.017578125 0.85546875
vt 0.017578125 0.85546875
vt 0.017578125 0.85546875
vt 0.017578125 0.85546875
vt 0.017578125 0.85546875
vt 0.017578125 0.85546875
vt 0.017578125 0.85546875
vt 0.017578125 0.85546875
vt 0.017578125 0.85546875
vt 0.017578125 0.85546875
vt 0.017578125 0.85546875
vt 0.017578125 0.85546875
vt 0.017578125 0.85546875
vt 0.017578125 0.85546875
vt 0.017578125 0.85546875
vt 0.0780029297 0.448730469
vt 0.0780029297 0.448730469
vt 0.0780029297 0.448730469
vt 0.0780029297 0.448730469
vt 0.0780029297 0.448730469
vt 0.0780029297 0.448730469
vt 0.0780029297 0.448730469
vt 0.0780029297 0.448730469
vt 0.0780029297 0.448730469
vt 0.0780029297 0.448730469
vt 0.0780029297 0.448730469
vt 0.0780029297 0.448730469
vt 0.017578125 0.85546875
vt 0.017578125 0.85546875
vt 0.017578125 0.85546875
vt 0.017578125 0.85546875
vt 0.017578125 0.85546875
vt 0.017578125 0.85546875
vt 0.017578125 0.85546875
vt 0.017578125 0.85546875
vt 0.017578125 0.85546875
vt 0.017578125 0.85546875
vt 0.017578125 0.85546875
vt 0.017578125 0.85546875
vt 0.017578125 0.85546875
vt 0.017578125 0.85546875
vt 0.017578125 0.85546875
vt 0.017578125 0.85546875
vt 0.017578125 0.85546875
vt 0.017578125 0.85546875
vt 0.017578125 0.85546875
vt 0.017578125 0.85546875
vt 0.017578125 0.85546875
vt 0.017578125 0.85546875
vt 0.017578125 0.85546875
vt 0.017578125 0.85546875
vt 0.0742797852 0.0794677734
vt 0.0742797852 0.0794677734
vt 0.0742797852 0.0794677734
vt 0.071472168 0.0795288086
vt 0.0736694336 0.110839844
vt 0.071472168 0.0795288086
vt 0.0742797852 0.0794677734
vt 0.0742797852 0.0794677734
vt 0.0742797852 0.0794677734
vt 0.0751953125 0.0798339844
vt 0.0761108398 0.106079102
vt 0.0761108398 0.106079102
vt 0.0736694336 0.110839844
vt 0.071472168 0.0795288086
vt 0.071472168 0.0795288086
vt 0.0742797852 0.0794677734
vt 0.0742797852 0.0794677734
vt 0.0742797852 0.0794677734
vt 0.0742797852 0.0794677734
vt 0.0742797852 0.0794677734
vt 0.0742797852 0.0794677734
vt 0.0750732422 0.112243652
vt 0.0750732422 0.112243652
vt 0.0750732422 0.112243652
vt 0.0750732422 0.112243652
vt 0.0750732422 0.112243652
vt 0.0750732422 0.112243652
vt 0.0750732422 0.112243652
vt 0.0750732422 0.112243652
vt 0.0750732422 0.112243652
vt 0.0750732422 0.112243652
vt 0.0750732422 0.112243652
vt 0.0750732422 0.112243652
vt 0.0750732422 0.112243652
vt 0.0750732422 0.112243652
vt 0.0750732422 0.112243652
vt 0.0750732422 0.112243652
vt 0.0750732422 0.112243652
vt 0.0750732422 0.112243652
vt 0.0750732422 0.112243652
vt 0.0750732422 0.112243652
vt 0.0750732422 0.112243652
vt 0.0750732422 0.112243652
vt 0.0750732422 0.112243652
vt 0.0750732422 0.112243652
vt 0.0750732422 0.112243652
vt 0.0750732422 0.112243652
vt 0.0750732422 0.112243652
vt 0.0811157227 0.112670898
vt 0.0811157227 0.112670898
vt 0.0811157227 0.112670898
vt 0.0811157227 0.112670898
vt 0.0811157227 0.112670898
vt 0.0811157227 0.112670898
vt 0.0811157227 0.112670898
vt 0.0811157227 0.112670898
vt 0.0811157227 0.112670898
vt 0.0811157227 0.113891602
vt 0.0811157227 0.113891602
vt 0.0811157227 0.113891602
vt 0.0811157227 0.113891602
vt 0.0811157227 0.113891602
vt 0.0811157227 0.113891602
vt 0.0811157227 0.113891602
vt 0.0811157227 0.113891602
vt 0.0811157227 0.113891602
vt 0.0811157227 0.113891602
vt 0.0811157227 0.113891602
vt 0.0811157227 0.113891602
vt 0.977539062 0.984863281
vt 0.977539062 0.984863281
vt 0.977539062 0.984863281
vt 0.977539062 0.984863281
vt 0.977539062 0.984863281
vt 0.977539062 0.984863281
vt 0.977539062 0.984863281
vt 0.977539062 0.984863281
vt 0.977539062 0.984863281
vt 0.977539062 0.984863281
vt 0.977539062 0.984863281
vt 0.977539062 0.984863281
vt 0.977539062 0.984863281
vt 0.977539062 0.984863281
vt 0.977539062 0.984863281
vt 0.977539062 0.984863281
vt 0.977539062 0.984863281
vt 0.977539062 0.984863281
vt 0.977539062 0.984863281
vt 0.977539062 0.984863281
vt 0.977539062 0.984863281
vt 0.977539062 0.984863281
vt 0.977539062 0.984863281
vt 0.977539062 0.984863281
vt 0.0780029297 0.448730469
vt 0.0780029297 0.448730469
vt 0.0780029297 0.448730469
vt 0.0780029297 0.448730469
vt 0.0780029297 0.448730469
vt 0.0780029297 0.448730469
vt 0.0780029297 0.448730469
vt 0.0780029297 0.448730469
vt 0.0780029297 0.448730469
vt 0.0780029297 0.448730469
vt 0.0780029297 0.448730469
vt 0.0780029297 0.448730469
vt 0.0780029297 0.448730469
vt 0.0780029297 0.448730469
vt 0.0780029297 0.448730469
vt 0.0780029297 0.448730469
vt 0.0780029297 0.448730469
vt 0.0780029297 0.448730469
vt 0.0780029297 0.448730469
vt 0.0780029297 0.448730469
vt 0.0780029297 0.448730469
vt 0.0780029297 0.448730469
vt 0.0780029297 0.448730469
vt 0.0780029297 0.448730469
vt 0.0780029297 0.448730469
vt 0.0780029297 0.448730469
vt 0.0731201172 0.0747070312
vt 0.0731201172 0.0747070312
vt 0.0731201172 0.0747070312
vt 0.0731201172 0.0747070312
vt 0.0780029297 0.448730469
vt 0.0780029297 0.448730469
vt 0.0780029297 0.448730469
vt 0.0780029297 0.448730469
vt 0.0731201172 0.0747070312
vt 0.0731201172 0.0747070312
vt 0.0731201172 0.0747070312
vt 0.0731201172 0.0747070312
vt 0.0780029297 0.448730469
vt 0.0780029297 0.448730469
vt 0.0780029297 0.448730469
vt 0.0780029297 0.448730469
vt 0.0780029297 0.448730469
vt 0.0780029297 0.448730469
vt 0.0780029297 0.448730469
vt 0.0780029297 0.448730469
vt 0.0780029297 0.448730469
vt 0.0780029297 0.448730469
vt 0.0731201172 0.0747070312
vt 0.0731201172 0.0747070312
vt 0.0731201172 0.0747070312
vt 0.0731201172 0.0747070312
vt 0.0731201172 0.0747070312
vt 0.0780029297 0.448730469
vt 0.0780029297 0.448730469
vt 0.0780029297 0.448730469
vt 0.0780029297 0.448730469
vt 0.0764160156 0.0720214844
vt 0.0764160156 0.0720214844
vt 0.0764160156 0.0720214844
vt 0.0764160156 0.0720214844
vt 0.0780029297 0.448730469
vt 0.0780029297 0.448730469
vt 0.0780029297 0.448730469
vt 0.0780029297 0.448730469
vt 0.0780029297 0.448730469
vt 0.0780029297 0.448730469
vt 0.0731201172 0.0747070312
vt 0.0731201172 0.0747070312
vt 0.0731201172 0.0747070312
vt 0.0731201172 0.0747070312
vt 0.0764160156 0.0720214844
vt 0.0764160156 0.0720214844
vt 0.0764160156 0.0720214844
vt 0.0764160156 0.0720214844
vt 0.0780029297 0.448730469
vt 0.0780029297 0.448730469
vt 0.0780029297 0.448730469
vt 0.0780029297 0.448730469
vt 0.0780029297 0.448730469
vt 0.0780029297 0.448730469
vt 0.0780029297 0.448730469
vt 0.0780029297 0.448730469
vt 0.0780029297 0.448730469
vt 0.0780029297 0.448730469
vt 0.0780029297 0.448730469
vt 0.0780029297 0.448730469
vt 0.0780029297 0.448730469
vt 0.0780029297 0.448730469
vt 0.0780029297 0.448730469
vt 0.0780029297 0.448730469
vt 0.0780029297 0.448730469
vt 0.0780029297 0.448730469
vt 0.0780029297 0.448730469
vt 0.0780029297 0.448730469
vt 0.0731201172 0.0747070312
vt 0.0731201172 0.0747070312
vt 0.0731201172 0.0747070312
vt 0.0731201172 0.0747070312
vt 0.0731201172 0.0747070312
vt 0.0731201172 0.0747070312
vt 0.0731201172 0.0747070312
vt 0.0731201172 0.0747070312
vt 0.0731201172 0.0747070312
vt 0.0731201172 0.0747070312
vt 0.0731201172 0.0747070312
vt 0.0731201172 0.0747070312
vt 0.0731201172 0.0747070312
vt 0.0731201172 0.0747070312
vt 0.0731201172 0.0747070312
vt 0.0731201172 0.0747070312
vt 0.0731201172 0.0747070312
vt 0.0731201172 0.0747070312
vt 0.0731201172 0.0747070312
vt 0.0731201172 0.0747070312
vt 0.0731201172 0.0747070312
vt 0.0780029297 0.448730469
vt 0.0780029297 0.448730469
vt 0.0780029297 0.448730469
vt 0.0780029297 0.448730469
vt 0.0780029297 0.448730469
vt 0.0780029297 0.448730469
vt 0.0780029297 0.448730469
vt 0.0780029297 0.448730469
vt 0.0780029297 0.448730469
vt 0.0780029297 0.448730469
vt 0.0780029297 0.448730469
vt 0.0780029297 0.448730469
vt 0.0780029297 0.448730469
vt 0.0731201172 0.0747070312
vt 0.0731201172 0.0747070312
vt 0.0731201172 0.0747070312
vt 0.0731201172 0.0747070312
vt 0.0731201172 0.0747070312
vt 0.0764160156 0.0720214844
vt 0.0764160156 0.0720214844
vt 0.0764160156 0.0720214844
vt 0.0764160156 0.0720214844
vt 0.0764160156 0.0720214844
vt 0.0731201172 0.0747070312
vt 0.0731201172 0.0747070312
vt 0.0731201172 0.0747070312
vt 0.0731201172 0.0747070312
vt 0.0764160156 0.0720214844
vt 0.0764160156 0.0720214844
vt 0.0764160156 0.0720214844
vt 0.0764160156 0.0720214844
vt 0.0780029297 0.448730469
vt 0.0780029297 0.448730469
vt 0.0780029297 0.448730469
vt 0.0780029297 0.448730469
vt 0.0780029297 0.448730469
vt 0.0780029297 0.448730469
vt 0.0780029297 0.448730469
vt 0.0780029297 0.448730469
vt 0.0780029297 0.448730469
vt 0.0780029297 0.448730469
vt 0.0780029297 0.448730469
vt 0.0780029297 0.448730469
vt 0.0780029297 0.448730469
vt 0.0780029297 0.448730469
vt 0.0780029297 0.448730469
vt 0.0780029297 0.448730469
vt 0.0780029297 0.448730469
vt 0.0811157227 0.113891602
vt 0.0811157227 0.113891602
vt 0.0811157227 0.113891602
vt 0.0811157227 0.113891602
vt 0.0811157227 0.113891602
vt 0.0811157227 0.113891602
vt 0.0811157227 0.113891602
vt 0.0811157227 0.113891602
vt 0.0811157227 0.113891602
vt 0.0811157227 0.113891602
vt 0.0811157227 0.113891602
vt 0.0811157227 0.113891602
vt 0.017578125 0.85546875
vt 0.017578125 0.85546875
vt 0.017578125 0.85546875
vt 0.017578125 0.85546875
vt 0.017578125 0.85546875
vt 0.017578125 0.85546875
vt 0.017578125 0.85546875
vt 0.017578125 0.85546875
vt 0.017578125 0.85546875
vt 0.017578125 0.85546875
vt 0.017578125 0.85546875
vt 0.017578125 0.85546875
vt 0.017578125 0.85546875
vt 0.017578125 0.85546875
vt 0.017578125 0.85546875
vt 0.017578125 0.85546875
vt 0.0780029297 0.448730469
vt 0.0780029297 0.448730469
vt 0.0780029297 0.448730469
vt 0.0780029297 0.448730469
vt 0.0780029297 0.448730469
vt 0.0780029297 0.448730469
vt 0.0780029297 0.448730469
vt 0.0780029297 0.448730469
vt 0.0780029297 0.448730469
vt 0.0780029297 0.448730469
vt 0.0780029297 0.448730469
vt 0.0780029297 0.448730469
vt 0.0780029297 0.448730469
vt 0.0780029297 0.448730469
vt 0.0780029297 0.448730469
vt 0.0780029297 0.448730469
vt 0.0780029297 0.448730469
vt 0.0780029297 0.448730469
vt 0.0780029297 0.448730469
vt 0.0780029297 0.448730469
vt 0.0780029297 0.448730469
vt 0.017578125 0.85546875
vt 0.017578125 0.85546875
vt 0.017578125 0.85546875
vt 0.017578125 0.85546875
vt 0.017578125 0.85546875
vt 0.017578125 0.85546875
vt 0.017578125 0.85546875
vt 0.017578125 0.85546875
vt 0.0750732422 0.112243652
vt 0.0750732422 0.112243652
vt 0.0750732422 0.112243652
vt 0.0750732422 0.112243652
vt 0.071472168 0.0795288086
vt 0.0736694336 0.110839844
vt 0.0736694336 0.110839844
vt 0.071472168 0.0795288086
vt 0.0742797852 0.0794677734
vt 0.0742797852 0.0794677734
vt 0.0742797852 0.0794677734
vt 0.0742797852 0.0794677734
vt 0.0750732422 0.112243652
vt 0.0750732422 0.112243652
vt 0.0750732422 0.112243652
vt 0.0750732422 0.112243652
vt 0.0750732422 0.112243652
vt 0.0750732422 0.112243652
vt 0.0750732422 0.112243652
vt 0.0750732422 0.112243652
vt 0.0750732422 0.112243652
vt 0.0750732422 0.112243652
vt 0.0750732422 0.112243652
vt 0.0750732422 0.112243652
vt 0.0811157227 0.113891602
vt 0.0811157227 0.113891602
vt 0.0811157227 0.113891602
vt 0.0811157227 0.113891602
vt 0.0811157227 0.113891602
vt 0.0811157227 0.113891602
vt 0.0811157227 0.113891602
vt 0.0811157227 0.113891602
vt 0.977539062 0.984863281
vt 0.977539062 0.984863281
vt 0.977539062 0.984863281
vt 0.977539062 0.984863281
vt 0.977539062 0.984863281
vt 0.977539062 0.984863281
vt 0.977539062 0.984863281
vt 0.977539062 0.984863281
vt 0.977539062 0.984863281
vt 0.977539062 0.984863281
vt 0.977539062 0.984863281
vt 0.977539062 0.984863281
vt 0.977539062 0.984863281
vt 0.977539062 0.984863281
vt 0.977539062 0.984863281
vt 0.977539062 0.984863281
vt 0.977539062 0.984863281
vt 0.977539062 0.984863281
vt 0.977539062 0.984863281
vt 0.977539062 0.984863281
vt 0.977539062 0.984863281
vt 0.977539062 0.984863281
vt 0.977539062 0.984863281
vt 0.977539062 0.984863281
vt 0.977539062 0.984863281
vt 0.977539062 0.984863281
vt 0.977539062 0.984863281
vt 0.977539062 0.984863281
vt 0.977539062 0.984863281
vt 0.977539062 0.984863281
vt 0.977539062 0.984863281
vt 0.977539062 0.984863281
vt 0.977539062 0.984863281
vt 0.977539062 0.984863281
vt 0.977539062 0.984863281
vt 0.977539062 0.984863281
vt 0.977539062 0.984863281
vt 0.977539062 0.984863281
vt 0.977539062 0.984863281
vt 0.977539062 0.984863281
vt 0.977539062 0.984863281
vt 0.977539062 0.984863281
vt 0.977539062 0.984863281
vt 0.977539062 0.984863281
vt 0.977539062 0.984863281
vt 0.977539062 0.984863281
vt 0.977539062 0.984863281
vt 0.977539062 0.984863281
vt 0.977539062 0.984863281
vt 0.977539062 0.984863281
vt 0.977539062 0.984863281
vt 0.977539062 0.984863281
vt 0.977539062 0.984863281
vt 0.977539062 0.984863281
vt 0.977539062 0.984863281
vt 0.977539062 0.984863281
vt 0.977539062 0.984863281
vt 0.977539062 0.984863281
vt 0.977539062 0.984863281
vt 0.977539062 0.984863281
vt 0.977539062 0.984863281
vt 0.977539062 0.984863281
vt 0.977539062 0.984863281
vt 0.977539062 0.984863281
vt 0.977539062 0.984863281
vt 0.977539062 0.984863281
vt 0.977539062 0.984863281
vt 0.977539062 0.984863281
vt 0.977539062 0.984863281
vt 0.977539062 0.984863281
vt 0.977539062 0.984863281
vt 0.977539062 0.984863281
vt 0.977539062 0.984863281
vt 0.977539062 0.984863281
vt 0.977539062 0.984863281
vt 0.977539062 0.984863281
vt 0.977539062 0.984863281
vt 0.977539062 0.984863281
vt 0.977539062 0.984863281
vt 0.977539062 0.984863281
vt 0.977539062 0.984863281
vt 0.977539062 0.984863281
vt 0.977539062 0.984863281
vt 0.977539062 0.984863281
vt 0.977539062 0.984863281
vt 0.977539062 0.984863281
vt 0.977539062 0.984863281
vt 0.977539062 0.984863281
vt 0.977539062 0.984863281
vt 0.977539062 0.984863281
vt 0.977539062 0.984863281
vt 0.977539062 0.984863281
vt 0.977539062 0.984863281
vt 0.977539062 0.984863281
vt 0.977539062 0.984863281
vt 0.977539062 0.984863281
vt 0.977539062 0.984863281
vt 0.977539062 0.984863281
vt 0.977539062 0.984863281
vt 0.977539062 0.984863281
vt 0.977539062 0.984863281
vt 0.977539062 0.984863281
vt 0.977539062 0.984863281
vt 0.977539062 0.984863281
vt 0.977539062 0.984863281
vt 0.977539062 0.984863281
vt 0.977539062 0.984863281
vt 0.977539062 0.984863281
vt 0.977539062 0.984863281
vt 0.977539062 0.984863281
vt 0.977539062 0.984863281
vt 0.977539062 0.984863281
vt 0.977539062 0.984863281
vt 0.977539062 0.984863281
vt 0.977539062 0.984863281
vt 0.977539062 0.984863281
vt 0.977539062 0.984863281
vt 0.977539062 0.984863281
vt 0.977539062 0.984863281
vt 0.977539062 0.984863281
vt 0.977539062 0.984863281
vt 0.977539062 0.984863281
vt 0.977539062 0.984863281
vt 0.977539062 0.984863281
vt 0.977539062 0.984863281
vt 0.977539062 0.984863281
vt 0.977539062 0.984863281
vt 0.977539062 0.984863281
vt 0.977539062 0.984863281
vt 0.977539062 0.984863281
vt 0.977539062 0.984863281
vt 0.977539062 0.984863281
vt 0.977539062 0.984863281
vt 0.977539062 0.984863281
vt 0.977539062 0.984863281
vt 0.977539062 0.984863281
vt 0.977539062 0.984863281
vt 0.977539062 0.984863281
vt 0.977539062 0.984863281
vt 0.977539062 0.984863281
vt 0.977539062 0.984863281
vt 0.977539062 0.984863281
vt 0.977539062 0.984863281
vt 0.977539062 0.984863281
vt 0.977539062 0.984863281
vt 0.977539062 0.984863281
vt 0.977539062 0.984863281
vt 0.977539062 0.984863281
vt 0.977539062 0.984863281
vt 0.977539062 0.984863281
vt 0.977539062 0.984863281
vt 0.977539062 0.984863281
vt 0.977539062 0.984863281
vt 0.977539062 0.984863281
vt 0.977539062 0.984863281
vt 0.977539062 0.984863281
vt 0.977539062 0.984863281
vt 0.977539062 0.984863281
vt 0.977539062 0.984863281
vt 0.977539062 0.984863281
vt 0.977539062 0.984863281
vt 0.977539062 0.984863281
vt 0.977539062 0.984863281
vt 0.977539062 0.984863281
vt 0.977539062 0.984863281
vt 0.977539062 0.984863281
vt 0.977539062 0.984863281
vt 0.977539062 0.984863281
vt 0.977539062 0.984863281
vt 0.977539062 0.984863281
vt 0.977539062 0.984863281
vt 0.977539062 0.984863281
vt 0.977539062 0.984863281
vt 0.977539062 0.984863281
vt 0.977539062 0.984863281
vt 0.977539062 0.984863281
vt 0.977539062 0.984863281
vt 0.977539062 0.984863281
vt 0.977539062 0.984863281
vt 0.977539062 0.984863281
vt 0.977539062 0.984863281
vt 0.977539062 0.984863281
vt 0.977539062 0.984863281
vt 0.977539062 0.984863281
vt 0.977539062 0.984863281
vt 0.977539062 0.984863281
vt 0.977539062 0.984863281
vt 0.977539062 0.984863281
vt 0.977539062 0.984863281
vt 0.977539062 0.984863281
vt 0.977539062 0.984863281
vt 0.977539062 0.984863281
vt 0.977539062 0.984863281
vt 0.977539062 0.984863281
vt 0.977539062 0.984863281
vt 0.977539062 0.984863281
vt 0.977539062 0.984863281
vt 0.977539062 0.984863281
vt 0.977539062 0.984863281
vt 0.977539062 0.984863281
vt 0.977539062 0.984863281
vt 0.977539062 0.984863281
vt 0.977539062 0.984863281
vt 0.977539062 0.984863281
vt 0.977539062 0.984863281
vt 0.977539062 0.984863281
vt 0.977539062 0.984863281
vt 0.977539062 0.984863281
vt 0.977539062 0.984863281
vt 0.977539062 0.984863281
vt 0.977539062 0.984863281
vt 0.977539062 0.984863281
vt 0.977539062 0.984863281
vt 0.977539062 0.984863281
vt 0.977539062 0.984863281
vt 0.977539062 0.984863281
vt 0.977539062 0.984863281
vt 0.977539062 0.984863281
vt 0.977539062 0.984863281
vt 0.977539062 0.984863281
vt 0.977539062 0.984863281
vt 0.977539062 0.984863281
vt 0.977539062 0.984863281
vt 0.977539062 0.984863281
vt 0.977539062 0.984863281
vt 0.977539062 0.984863281
vt 0.977539062 0.984863281
vt 0.977539062 0.984863281
vt 0.977539062 0.984863281
vt 0.977539062 0.984863281
vt 0.977539062 0.984863281
vt 0.977539062 0.984863281
vt 0.977539062 0.984863281
vt 0.0178833008 0.699707031
vt 0.0178833008 0.699707031
vt 0.0178833008 0.699707031
vt 0.0178833008 0.699707031
vt 0.0178833008 0.699707031
vt 0.0178833008 0.699707031
vt 0.0178833008 0.699707031
vt 0.0178833008 0.699707031
vt 0.0178833008 0.699707031
vt 0.0178833008 0.699707031
vt 0.0178833008 0.699707031
vt 0.0178833008 0.699707031
vt 0.0178833008 0.699707031
vt 0.0178833008 0.699707031
vt 0.0178833008 0.699707031
vt 0.0178833008 0.699707031
vt 0.0178833008 0.699707031
vt 0.0178833008 0.699707031
vt 0.0178833008 0.699707031
vt 0.0178833008 0.699707031
vt 0.0178833008 0.699707031
vt 0.0178833008 0.699707031
vt 0.0178833008 0.699707031
vt 0.0178833008 0.699707031
vt 0.0178833008 0.699707031
vt 0.0178833008 0.699707031
vt 0.0178833008 0.699707031
vt 0.0178833008 0.699707031
vt 0.0178833008 0.699707031
vt 0.0178833008 0.699707031
vt 0.0178833008 0.699707031
vt 0.0178833008 0.699707031
vt 0.0780029297 0.448730469
vt 0.0780029297 0.448730469
vt 0.0780029297 0.448730469
vt 0.0780029297 0.448730469
vt 0.0780029297 0.448730469
vt 0.0780029297 0.448730469
vt 0.0780029297 0.448730469
vt 0.0780029297 0.448730469
vt 0.0780029297 0.448730469
vt 0.0780029297 0.448730469
vt 0.0780029297 0.448730469
vt 0.0780029297 0.448730469
vt 0.0780029297 0.448730469
vt 0.0731201172 0.0747070312
vt 0.0731201172 0.0747070312
vt 0.0731201172 0.0747070312
vt 0.0731201172 0.0747070312
vt 0.0731201172 0.0747070312
vt 0.0731201172 0.0747070312
vt 0.0731201172 0.0747070312
vt 0.0731201172 0.0747070312
vt 0.0780029297 0.448730469
vt 0.0780029297 0.448730469
vt 0.0780029297 0.448730469
vt 0.0780029297 0.448730469
vt 0.0731201172 0.0747070312
vt 0.0731201172 0.0747070312
vt 0.0731201172 0.0747070312
vt 0.0731201172 0.0747070312
vt 0.0780029297 0.448730469
vt 0.0780029297 0.448730469
vt 0.0780029297 0.448730469
vt 0.0780029297 0.448730469
vt 0.0780029297 0.448730469
vt 0.0780029297 0.448730469
vt 0.0780029297 0.448730469
vt 0.0780029297 0.448730469
vt 0.0780029297 0.448730469
vt 0.0780029297 0.448730469
vt 0.0780029297 0.448730469
vt 0.0780029297 0.448730469
vt 0.0780029297 0.448730469
vt 0.0780029297 0.448730469
vt 0.0780029297 0.448730469
vt 0.0780029297 0.448730469
vt 0.0780029297 0.448730469
vt 0.0780029297 0.448730469
vt 0.0780029297 0.448730469
vt 0.0780029297 0.448730469
vt 0.0780029297 0.448730469
vt 0.0780029297 0.448730469
vt 0.0780029297 0.448730469
vt 0.0780029297 0.448730469
vt 0.0780029297 0.448730469
vt 0.0780029297 0.448730469
vt 0.0780029297 0.448730469
vt 0.0764160156 0.0720214844
vt 0.0764160156 0.0720214844
vt 0.0764160156 0.0720214844
vt 0.0764160156 0.0720214844
vt 0.0731201172 0.0747070312
vt 0.0731201172 0.0747070312
vt 0.0731201172 0.0747070312
vt 0.0731201172 0.0747070312
vt 0.0780029297 0.448730469
vt 0.0780029297 0.448730469
vt 0.0780029297 0.448730469
vt 0.0780029297 0.448730469
vt 0.0780029297 0.448730469
vt 0.0780029297 0.448730469
vt 0.0764160156 0.0720214844
vt 0.0764160156 0.0720214844
vt 0.0764160156 0.0720214844
vt 0.0764160156 0.0720214844
vt 0.0780029297 0.448730469
vt 0.0780029297 0.448730469
vt 0.0780029297 0.448730469
vt 0.0780029297 0.448730469
vt 0.0780029297 0.448730469
vt 0.0780029297 0.448730469
vt 0.0780029297 0.448730469
vt 0.0780029297 0.448730469
vt 0.0780029297 0.448730469
vt 0.0780029297 0.448730469
vt 0.0780029297 0.448730469
vt 0.0780029297 0.448730469
vt 0.0780029297 0.448730469
vt 0.0780029297 0.448730469
vt 0.0780029297 0.448730469
vt 0.0780029297 0.448730469
vt 0.0780029297 0.448730469
vt 0.0780029297 0.448730469
vt 0.0780029297 0.448730469
vt 0.0780029297 0.448730469
vt 0.0731201172 0.0747070312
vt 0.0731201172 0.0747070312
vt 0.0731201172 0.0747070312
vt 0.0731201172 0.0747070312
vt 0.0731201172 0.0747070312
vt 0.0731201172 0.0747070312
vt 0.0731201172 0.0747070312
vt 0.0731201172 0.0747070312
vt 0.0731201172 0.0747070312
vt 0.0731201172 0.0747070312
vt 0.0731201172 0.0747070312
vt 0.0731201172 0.0747070312
vt 0.0731201172 0.0747070312
vt 0.0731201172 0.0747070312
vt 0.0731201172 0.0747070312
vt 0.0731201172 0.0747070312
vt 0.0731201172 0.0747070312
vt 0.0731201172 0.0747070312
vt 0.0731201172 0.0747070312
vt 0.0731201172 0.0747070312
vt 0.0731201172 0.0747070312
vt 0.0780029297 0.448730469
vt 0.0780029297 0.448730469
vt 0.0780029297 0.448730469
vt 0.0780029297 0.448730469
vt 0.0780029297 0.448730469
vt 0.0780029297 0.448730469
vt 0.0780029297 0.448730469
vt 0.0780029297 0.448730469
vt 0.0780029297 0.448730469
vt 0.0731201172 0.0747070312
vt 0.0731201172 0.0747070312
vt 0.0731201172 0.0747070312
vt 0.0731201172 0.0747070312
vt 0.0731201172 0.0747070312
vt 0.0764160156 0.0720214844
vt 0.0764160156 0.0720214844
vt 0.0764160156 0.0720214844
vt 0.0764160156 0.0720214844
vt 0.0764160156 0.0720214844
vt 0.0731201172 0.0747070312
vt 0.0731201172 0.0747070312
vt 0.0731201172 0.0747070312
vt 0.0731201172 0.0747070312
vt 0.0764160156 0.0720214844
vt 0.0764160156 0.0720214844
vt 0.0764160156 0.0720214844
vt 0.0764160156 0.0720214844
vt 0.0780029297 0.448730469
vt 0.0780029297 0.448730469
vt 0.0780029297 0.448730469
vt 0.0780029297 0.448730469
vt 0.0780029297 0.448730469
vt 0.0780029297 0.448730469
vt 0.0780029297 0.448730469
vt 0.0780029297 0.448730469
vt 0.0780029297 0.448730469
vt 0.0780029297 0.448730469
vt 0.0780029297 0.448730469
vt 0.0780029297 0.448730469
vt 0.0780029297 0.448730469
vt 0.0780029297 0.448730469
vt 0.0780029297 0.448730469
vt 0.0780029297 0.448730469
vt 0.0780029297 0.448730469
vt 0.0811157227 0.113891602
vt 0.0811157227 0.113891602
vt 0.0811157227 0.113891602
vt 0.0811157227 0.113891602
vt 0.0811157227 0.113891602
vt 0.0811157227 0.113891602
vt 0.0811157227 0.113891602
vt 0.0811157227 0.113891602
vt 0.0811157227 0.113891602
vt 0.0811157227 0.113891602
vt 0.0811157227 0.113891602
vt 0.0811157227 0.113891602
vt 0.017578125 0.85546875
vt 0.017578125 0.85546875
vt 0.017578125 0.85546875
vt 0.017578125 0.85546875
vt 0.017578125 0.85546875
vt 0.017578125 0.85546875
vt 0.017578125 0.85546875
vt 0.017578125 0.85546875
vt 0.017578125 0.85546875
vt 0.017578125 0.85546875
vt 0.017578125 0.85546875
vt 0.017578125 0.85546875
vt 0.0780029297 0.448730469
vt 0.0780029297 0.448730469
vt 0.0780029297 0.448730469
vt 0.0780029297 0.448730469
vt 0.0780029297 0.448730469
vt 0.0780029297 0.448730469
vt 0.0780029297 0.448730469
vt 0.0780029297 0.448730469
vt 0.0780029297 0.448730469
vt 0.0780029297 0.448730469
vt 0.0780029297 0.448730469
vt 0.0780029297 0.448730469
vt 0.0780029297 0.448730469
vt 0.0780029297 0.448730469
vt 0.0780029297 0.448730469
vt 0.0780029297 0.448730469
vt 0.0780029297 0.448730469
vt 0.0780029297 0.448730469
vt 0.0780029297 0.448730469
vt 0.0780029297 0.448730469
vt 0.0780029297 0.448730469
vt 0.0780029297 0.448730469
vt 0.0780029297 0.448730469
vt 0.0780029297 0.448730469
vt 0.017578125 0.85546875
vt 0.017578125 0.85546875
vt 0.017578125 0.85546875
vt 0.017578125 0.85546875
vt 0.017578125 0.85546875
vt 0.017578125 0.85546875
vt 0.017578125 0.85546875
vt 0.017578125 0.85546875
vt 0.0742797852 0.0794677734
vt 0.0742797852 0.0794677734
vt 0.0742797852 0.0794677734
vt 0.0742797852 0.0794677734
vt 0.071472168 0.0795288086
vt 0.071472168 0.0795288086
vt 0.0736694336 0.110839844
vt 0.0736694336 0.110839844
vt 0.0742797852 0.0794677734
vt 0.0742797852 0.0794677734
vt 0.0742797852 0.0794677734
vt 0.0742797852 0.0794677734
vt 0.0750732422 0.112243652
vt 0.0750732422 0.112243652
vt 0.0750732422 0.112243652
vt 0.0750732422 0.112243652
vt 0.0750732422 0.112243652
vt 0.0750732422 0.112243652
vt 0.0750732422 0.112243652
vt 0.0750732422 0.112243652
vt 0.0750732422 0.112243652
vt 0.0750732422 0.112243652
vt 0.0750732422 0.112243652
vt 0.0750732422 0.112243652
vt 0.0750732422 0.112243652
vt 0.0750732422 0.112243652
vt 0.0750732422 0.112243652
vt 0.0750732422 0.112243652
vt 0.0811157227 0.113891602
vt 0.0811157227 0.113891602
vt 0.0811157227 0.113891602
vt 0.0811157227 0.113891602
vt 0.0811157227 0.113891602
vt 0.0811157227 0.113891602
vt 0.0811157227 0.113891602
vt 0.0811157227 0.113891602
vt 0.977539062 0.984863281
vt 0.977539062 0.984863281
vt 0.977539062 0.984863281
vt 0.977539062 0.984863281
vt 0.977539062 0.984863281
vt 0.977539062 0.984863281
vt 0.977539062 0.984863281
vt 0.977539062 0.984863281
vt 0.977539062 0.984863281
vt 0.977539062 0.984863281
vt 0.977539062 0.984863281
vt 0.977539062 0.984863281
vt 0.977539062 0.984863281
vt 0.977539062 0.984863281
vt 0.977539062 0.984863281
vt 0.977539062 0.984863281
vt 0.977539062 0.984863281
vt 0.977539062 0.984863281
vt 0.977539062 0.984863281
vt 0.977539062 0.984863281
vt 0.977539062 0.984863281
vt 0.977539062 0.984863281
vt 0.977539062 0.984863281
vt 0.977539062 0.984863281
vt 0.977539062 0.984863281
vt 0.977539062 0.984863281
vt 0.977539062 0.984863281
vt 0.977539062 0.984863281
vt 0.977539062 0.984863281
vt 0.977539062 0.984863281
vt 0.977539062 0.984863281
vt 0.977539062 0.984863281
vt 0.977539062 0.984863281
vt 0.977539062 0.984863281
vt 0.977539062 0.984863281
vt 0.977539062 0.984863281
vt 0.977539062 0.984863281
vt 0.977539062 0.984863281
vt 0.977539062 0.984863281
vt 0.977539062 0.984863281
vt 0.977539062 0.984863281
vt 0.977539062 0.984863281
vt 0.977539062 0.984863281
vt 0.977539062 0.984863281
vt 0.977539062 0.984863281
vt 0.977539062 0.984863281
vt 0.977539062 0.984863281
vt 0.977539062 0.984863281
vt 0.977539062 0.984863281
vt 0.977539062 0.984863281
vt 0.977539062 0.984863281
vt 0.977539062 0.984863281
vt 0.977539062 0.984863281
vt 0.977539062 0.984863281
vt 0.977539062 0.984863281
vt 0.977539062 0.984863281
vt 0.977539062 0.984863281
vt 0.977539062 0.984863281
vt 0.977539062 0.984863281
vt 0.977539062 0.984863281
vt 0.977539062 0.984863281
vt 0.977539062 0.984863281
vt 0.977539062 0.984863281
vt 0.977539062 0.984863281
vt 0.977539062 0.984863281
vt 0.977539062 0.984863281
vt 0.977539062 0.984863281
vt 0.977539062 0.984863281
vt 0.977539062 0.984863281
vt 0.977539062 0.984863281
vt 0.977539062 0.984863281
vt 0.977539062 0.984863281
vt 0.977539062 0.984863281
vt 0.977539062 0.984863281
vt 0.977539062 0.984863281
vt 0.977539062 0.984863281
vt 0.977539062 0.984863281
vt 0.977539062 0.984863281
vt 0.977539062 0.984863281
vt 0.977539062 0.984863281
vt 0.977539062 0.984863281
vt 0.977539062 0.984863281
vt 0.977539062 0.984863281
vt 0.977539062 0.984863281
vt 0.977539062 0.984863281
vt 0.977539062 0.984863281
vt 0.977539062 0.984863281
vt 0.977539062 0.984863281
vt 0.977539062 0.984863281
vt 0.977539062 0.984863281
vt 0.977539062 0.984863281
vt 0.977539062 0.984863281
vt 0.977539062 0.984863281
vt 0.977539062 0.984863281
vt 0.977539062 0.984863281
vt 0.977539062 0.984863281
vt 0.977539062 0.984863281
vt 0.977539062 0.984863281
vt 0.977539062 0.984863281
vt 0.977539062 0.984863281
vt 0.977539062 0.984863281
vt 0.977539062 0.984863281
vt 0.977539062 0.984863281
vt 0.977539062 0.984863281
vt 0.977539062 0.984863281
vt 0.977539062 0.984863281
vt 0.977539062 0.984863281
vt 0.977539062 0.984863281
vt 0.977539062 0.984863281
vt 0.977539062 0.984863281
vt 0.977539062 0.984863281
vt 0.977539062 0.984863281
vt 0.977539062 0.984863281
vt 0.977539062 0.984863281
vt 0.977539062 0.984863281
vt 0.977539062 0.984863281
vt 0.977539062 0.984863281
vt 0.977539062 0.984863281
vt 0.977539062 0.984863281
vt 0.977539062 0.984863281
vt 0.977539062 0.984863281
vt 0.977539062 0.984863281
vt 0.977539062 0.984863281
vt 0.977539062 0.984863281
vt 0.977539062 0.984863281
vt 0.977539062 0.984863281
vt 0.977539062 0.984863281
vt 0.977539062 0.984863281
vt 0.977539062 0.984863281
vt 0.977539062 0.984863281
vt 0.977539062 0.984863281
vt 0.977539062 0.984863281
vt 0.977539062 0.984863281
vt 0.977539062 0.984863281
vt 0.977539062 0.984863281
vt 0.977539062 0.984863281
vt 0.977539062 0.984863281
vt 0.977539062 0.984863281
vt 0.977539062 0.984863281
vt 0.977539062 0.984863281
vt 0.977539062 0.984863281
vt 0.977539062 0.984863281
vt 0.977539062 0.984863281
vt 0.977539062 0.984863281
vt 0.977539062 0.984863281
vt 0.977539062 0.984863281
vt 0.977539062 0.984863281
vt 0.977539062 0.984863281
vt 0.977539062 0.984863281
vt 0.977539062 0.984863281
vt 0.977539062 0.984863281
vt 0.977539062 0.984863281
vt 0.977539062 0.984863281
vt 0.977539062 0.984863281
vt 0.977539062 0.984863281
vt 0.977539062 0.984863281
vt 0.977539062 0.984863281
vt 0.977539062 0.984863281
vt 0.977539062 0.984863281
vt 0.977539062 0.984863281
vt 0.977539062 0.984863281
vt 0.977539062 0.984863281
vt 0.977539062 0.984863281
vt 0.977539062 0.984863281
vt 0.977539062 0.984863281
vt 0.977539062 0.984863281
vt 0.977539062 0.984863281
vt 0.977539062 0.984863281
vt 0.977539062 0.984863281
vt 0.977539062 0.984863281
vt 0.977539062 0.984863281
vt 0.977539062 0.984863281
vt 0.977539062 0.984863281
vt 0.977539062 0.984863281
vt 0.977539062 0.984863281
vt 0.977539062 0.984863281
vt 0.977539062 0.984863281
vt 0.977539062 0.984863281
vt 0.977539062 0.984863281
vt 0.977539062 0.984863281
vt 0.977539062 0.984863281
vt 0.977539062 0.984863281
vt 0.977539062 0.984863281
vt 0.977539062 0.984863281
vt 0.977539062 0.984863281
vt 0.977539062 0.984863281
vt 0.977539062 0.984863281
vt 0.977539062 0.984863281
vt 0.977539062 0.984863281
vt 0.977539062 0.984863281
vt 0.977539062 0.984863281
vt 0.977539062 0.984863281
vt 0.977539062 0.984863281
vt 0.977539062 0.984863281
vt 0.977539062 0.984863281
vt 0.977539062 0.984863281
vt 0.977539062 0.984863281
vt 0.977539062 0.984863281
vt 0.977539062 0.984863281
vt 0.977539062 0.984863281
vt 0.977539062 0.984863281
vt 0.977539062 0.984863281
vt 0.977539062 0.984863281
vt 0.977539062 0.984863281
vt 0.977539062 0.984863281
vt 0.977539062 0.984863281
vt 0.977539062 0.984863281
vt 0.977539062 0.984863281
vt 0.977539062 0.984863281
vt 0.977539062 0.984863281
vt 0.977539062 0.984863281
vt 0.977539062 0.984863281
vt 0.977539062 0.984863281
vt 0.977539062 0.984863281
vt 0.977539062 0.984863281
vt 0.977539062 0.984863281
vt 0.977539062 0.984863281
vt 0.977539062 0.984863281
vt 0.977539062 0.984863281
vt 0.977539062 0.984863281
vt 0.977539062 0.984863281
vt 0.977539062 0.984863281
vt 0.0178833008 0.699707031
vt 0.0178833008 0.699707031
vt 0.0178833008 0.699707031
vt 0.0178833008 0.699707031
vt 0.0178833008 0.699707031
vt 0.0178833008 0.699707031
vt 0.0178833008 0.699707031
vt 0.0178833008 0.699707031
vt 0.0178833008 0.699707031
vt 0.0178833008 0.699707031
vt 0.0178833008 0.699707031
vt 0.0178833008 0.699707031
vt 0.0780029297 0.448730469
vt 0.0780029297 0.448730469
vt 0.0780029297 0.448730469
vt 0.0780029297 0.448730469
vt 0.0780029297 0.448730469
vt 0.0780029297 0.448730469
vt 0.0780029297 0.448730469
vt 0.0780029297 0.448730469
vt 0.0780029297 0.448730469
vt 0.0780029297 0.448730469
vt 0.0780029297 0.448730469
vt 0.0780029297 0.448730469
vt 0.0780029297 0.448730469
vt 0.0780029297 0.448730469
vt 0.0780029297 0.448730469
vt 0.0780029297 0.448730469
vt 0.0780029297 0.448730469
vt 0.0780029297 0.448730469
vt 0.0780029297 0.448730469
vt 0.0780029297 0.448730469
vt 0.0780029297 0.448730469
vt 0.0780029297 0.448730469
vt 0.0780029297 0.448730469
vt 0.0780029297 0.448730469
vt 0.0742797852 0.0794677734
vt 0.0742797852 0.0794677734
vt 0.0742797852 0.0794677734
vt 0.0742797852 0.0794677734
vt 0.977539062 0.984863281
vt 0.977539062 0.984863281
vt 0.977539062 0.984863281
vt 0.977539062 0.984863281
vt 0.977539062 0.984863281
vt 0.977539062 0.984863281
vt 0.977539062 0.984863281
vt 0.977539062 0.984863281
vt 0.977539062 0.984863281
vt 0.977539062 0.984863281
vt 0.977539062 0.984863281
vt 0.977539062 0.984863281
vt 0.977539062 0.984863281
vt 0.977539062 0.984863281
vt 0.977539062 0.984863281
vt 0.977539062 0.984863281
vt 0.977539062 0.984863281
vt 0.977539062 0.984863281
vt 0.977539062 0.984863281
vt 0.977539062 0.984863281
vt 0.977539062 0.984863281
vt 0.977539062 0.984863281
vt 0.977539062 0.984863281
vt 0.977539062 0.984863281
vt 0.977539062 0.984863281
vt 0.977539062 0.984863281
vt 0.977539062 0.984863281
vt 0.977539062 0.984863281
vt 0.0731201172 0.0747070312
vt 0.0731201172 0.0747070312
vt 0.0731201172 0.0747070312
vt 0.0731201172 0.0747070312
vt 0.0731201172 0.0747070312
vt 0.017578125 0.85546875
vt 0.017578125 0.85546875
vt 0.017578125 0.85546875
vt 0.017578125 0.85546875
vt 0.0780029297 0.448730469
vt 0.0780029297 0.448730469
vt 0.0780029297 0.448730469
vt 0.0780029297 0.448730469
vt 0.0780029297 0.448730469
vt 0.0780029297 0.448730469
vt 0.0780029297 0.448730469
vt 0.0780029297 0.448730469
vt 0.0780029297 0.448730469
vt 0.0780029297 0.448730469
vt 0.977539062 0.984863281
vt 0.977539062 0.984863281
vt 0.977539062 0.984863281
vt 0.977539062 0.984863281
vt 0.977539062 0.984863281
vn 0.638879299 -0.74085331 0.207290858
vn 0.638879299 -0.74085331 0.207290858
vn 0.638879299 -0.74085331 0.207290858
vn 0.972437441 -0.0483797304 -0.22808972
vn 0.972437441 -0.0483797304 -0.22808972
vn 0.972437441 -0.0483797304 -0.22808972
vn 0.168902904 -0.310437024 0.935468197
vn 0.168902904 -0.310437024 0.935468197
vn 0.168902904 -0.310437024 0.935468197
vn 0.93716383 -0.134687439 -0.321843535
vn 0.93716383 -0.134687439 -0.321843535
vn 0.93716383 -0.134687439 -0.321843535
vn -0.174428403 -0.464652628 0.86814326
vn -0.174428403 -0.464652628 0.86814326
vn -0.174428403 -0.464652628 0.86814326
vn 0.961921215 -0.248502493 0.113815956
vn 0.961921215 -0.248502493 0.113815956
vn 0.961921215 -0.248502493 0.113815956
vn -0.851175785 -0.201415434 -0.484697491
vn -0.851175785 -0.201415434 -0.484697491
vn -0.851175785 -0.201415434 -0.484697491
vn -0.25475806 -0.28428641 0.924272418
vn -0.25475806 -0.28428641 0.924272418
vn -0.25475806 -0.28428641 0.924272418
vn 0.349880904 -0.329899102 0.876783788
vn 0.349880904 -0.329899102 0.876783788
vn 0.349880904 -0.329899102 0.876783788
vn -0.739968836 -0.251396686 -0.623895586
vn -0.739968836 -0.251396686 -0.623895586
vn -0.739968836 -0.251396686 -0.623895586
vn -0.344338536 -0.147411272 0.927200556
vn -0.344338536 -0.147411272 0.927200556
vn -0.344338536 -0.147411272 0.927200556
vn -0.756026983 -0.116865106 -0.644023001
vn -0.756026983 -0.116865106 -0.644023001
vn -0.756026983 -0.116865106 -0.644023001
vn -0.580532551 -0.434985727 0.688309073
vn -0.580532551 -0.434985727 0.688309073
vn -0.580532551 -0.434985727 0.688309073
vn 0.0387751907 0.104759857 -0.993741333
vn 0.0387751907 0.104759857 -0.993741333
vn 0.0387751907 0.104759857 -0.993741333
vn -0.654812098 -0.413659692 0.632539928
vn -0.654812098 -0.413659692 0.632539928
vn -0.654812098 -0.413659692 0.632539928
vn -0.464985818 -0.162061647 -0.870358646
vn -0.464985818 -0.162061647 -0.870358646
vn -0.464985818 -0.162061647 -0.870358646
vn -0.520548701 -0.390750468 0.759172678
vn -0.520548701 -0.390750468 0.759172678
vn -0.520548701 -0.390750468 0.759172678
vn 0.122237898 -0.122161552 -0.984954
vn 0.122237898 -0.122161552 -0.984954
vn 0.122237898 -0.122161552 -0.984954
vn 0.162418574 -0.0247607362 -0.986411273
vn 0.162418574 -0.0247607362 -0.986411273
vn 0.162418574 -0.0247607362 -0.986411273
vn 0.1867823 -0.0892724916 -0.978336811
vn 0.1867823 -0.0892724916 -0.978336811
vn 0.1867823 -0.0892724916 -0.978336811
vn 0.233954534 -0.0623008162 -0.970249474
vn 0.233954534 -0.0623008162 -0.970249474
vn 0.233954534 -0.0623008162 -0.970249474
vn 0.458721846 -0.527295828 -0.715215683
vn 0.458721846 -0.527295828 -0.715215683
vn 0.458721846 -0.527295828 -0.715215683
vn 0.693999529 -0.202007622 0.691055417
vn 0.693999529 -0.202007622 0.691055417
vn 0.693999529 -0.202007622 0.691055417
vn 0.420897692 -0.0304089431 -0.90659827
vn 0.420897692 -0.0304089431 -0.90659827
vn 0.420897692 -0.0304089431 -0.90659827
vn 0.41409111 0.0218875594 -0.90997231
vn 0.41409111 -0.0218875594 -0.90997231
vn 0.41409111 0.0218875594 -0.90997231
vn 0.41409111 0.0218875594 -0.90997231
vn 0.420897692 0.0304089431 -0.90659827
vn 0.285361469 -0.523865521 -0.802579463
vn 0.285361469 -0.523865521 -0.802579463
vn 0.285361469 -0.523865521 -0.802579463
vn 0.427618474 -0.650720894 0.62745899
vn 0.427618474 -0.650720894 0.62745899
vn 0.427618474 -0.650720894 0.62745899
vn -0.366559565 -0.908856392 0.199032962
vn -0.366559565 -0.908856392 0.199032962
vn -0.366559565 -0.908856392 0.199032962
vn -0.410101891 -0.91111517 0.0410579592
vn -0.410101891 -0.91111517 0.0410579592
vn -0.410101891 -0.91111517 0.0410579592
vn -0.291600198 -0.956493974 -0.00940860063
vn -0.291600198 -0.956493974 -0.00940860063
vn -0.291600198 -0.956493974 -0.00940860063
vn 0.562341273 -0.396226257 0.725794077
vn 0.562341273 -0.396226257 0.725794077
vn 0.562341273 -0.396226257 0.725794077
vn 0.457759082 -0.576896012 0.676496506
vn 0.457759082 -0.576896012 0.676496506
vn 0.457759082 -0.576896012 0.676496506
vn 0.615057826 -0.499797076 0.609841526
vn 0.615057826 -0.499797076 0.609841526
vn 0.615057826 -0.499797076 0.609841526
vn 0.365881592 -0.436864287 0.821754336
vn 0.365881592 -0.436864287 0.821754336
vn 0.365881592 -0.436864287 0.821754336
vn 0.76614517 -0.600871742 0.227979556
vn 0.76614517 -0.600871742 0.227979556
vn 0.76614517 -0.600871742 0.227979556
vn 0.764070988 -0.625707924 0.157114998
vn 0.764070988 -0.625707924 0.157114998
vn 0.764070988 -0.625707924 0.157114998
vn 0.636719584 -0.769134998 -0.0549503639
vn 0.636719584 -0.769134998 -0.0549503639
vn 0.636719584 -0.769134998 -0.0549503639
vn 0.303321302 -0.470343739 0.828717709
vn 0.303321302 -0.470343739 0.828717709
vn 0.303321302 -0.470343739 0.828717709
vn -0.222378775 -0.576081395 0.786560774
vn -0.222378775 -0.576081395 0.786560774
vn -0.222378775 -0.576081395 0.786560774
vn 0.0851963013 -0.683232129 0.725214124
vn 0.0851963013 -0.683232129 0.725214124
vn 0.0851963013 -0.683232129 0.725214124
vn 0.0178935844 -0.727918148 0.685430527
vn 0.0178935844 -0.727918148 0.685430527
vn 0.0178935844 -0.727918148 0.685430527
vn 0.00615947694 -0.742696881 0.669599533
vn 0.00615947694 -0.742696881 0.669599533
vn 0.00615947694 -0.742696881 0.669599533
vn -0.423502237 -0.786207676 0.450025916
vn -0.423502237 -0.786207676 0.450025916
vn -0.423502237 -0.786207676 0.450025916
vn -0.579189956 -0.65836972 0.480716437
vn -0.579189956 -0.65836972 0.480716437
vn -0.579189956 -0.65836972 0.480716437
vn -0.52681613 -0.837074995 0.147547498
vn -0.52681613 -0.837074995 0.147547498
vn -0.52681613 -0.837074995 0.147547498
vn 0.70505929 -0.704406977 -0.0818674564
vn 0.70505929 -0.704406977 -0.0818674564
vn 0.70505929 -0.704406977 -0.0818674564
vn 0.525958538 -0.849292636 -0.0454931632
vn 0.525958538 -0.849292636 -0.0454931632
vn 0.525958538 -0.849292636 -0.0454931632
vn -0.613358855 -0.774470091 -0.154877245
vn -0.613358855 -0.774470091 -0.154877245
vn -0.613358855 -0.774470091 -0.154877245
vn -0.678967357 -0.724311709 -0.11989937
vn -0.678967357 -0.724311709 -0.11989937
vn -0.678967357 -0.724311709 -0.11989937
vn -0.338644266 -0.940451264 0.0295194443
vn -0.338644266 -0.940451264 0.0295194443
vn -0.338644266 -0.940451264 0.0295194443
vn -0.630276203 -0.76596725 0.126673296
vn -0.630276203 -0.76596725 0.126673296
vn -0.630276203 -0.76596725 0.126673296
vn -0.527338088 -0.806119859 0.268487275
vn -0.527338088 -0.806119859 0.268487275
vn -0.527338088 -0.806119859 0.268487275
vn 0.371969432 -0.850586414 -0.371674061
vn 0.371969432 -0.850586414 -0.371674061
vn 0.371969432 -0.850586414 -0.371674061
vn 0.233263865 -0.972402036 -0.00472505111
vn 0.233263865 -0.972402036 -0.00472505111
vn 0.233263865 -0.972402036 -0.00472505111
vn 0.621473551 -0.783296406 -0.0147463195
vn 0.621473551 -0.783296406 -0.0147463195
vn 0.621473551 -0.783296406 -0.0147463195
vn 0.614661992 -0.768612266 -0.177273676
vn 0.614661992 -0.768612266 -0.177273676
vn 0.614661992 -0.768612266 -0.177273676
vn 0.658336699 -0.744577229 -0.110442601
vn 0.658336699 -0.744577229 -0.110442601
vn 0.658336699 -0.744577229 -0.110442601
vn 0.473035842 -0.875641882 -0.0974086896
vn 0.473035842 -0.875641882 -0.0974086896
vn 0.473035842 -0.875641882 -0.0974086896
vn 0.788239658 -0.585804403 0.18844454
vn 0.788239658 -0.585804403 0.18844454
vn 0.788239658 -0.585804403 0.18844454
vn 0.565630615 -0.786727726 0.247227862
vn 0.565630615 -0.786727726 0.247227862
vn 0.565630615 -0.786727726 0.247227862
vn 0.702019155 -0.69209826 -0.167836398
vn 0.702019155 -0.69209826 -0.167836398
vn 0.702019155 -0.69209826 -0.167836398
vn 0.0949626714 -0.990991116 -0.0944388062
vn 0.0949626714 -0.990991116 -0.0944388062
vn 0.0949626714 -0.990991116 -0.0944388062
vn 0.937650144 -0.296797663 -0.180896401
vn 0.937650144 -0.296797663 -0.180896401
vn 0.937650144 -0.296797663 -0.180896401
vn 0.495392472 -0.804877341 0.32673943
vn 0.495392472 -0.804877341 0.32673943
vn 0.495392472 -0.804877341 0.32673943
vn 0.579698384 -0.420072764 -0.698203862
vn 0.579698384 -0.420072764 -0.698203862
vn 0.579698384 -0.420072764 -0.698203862
vn 0.624730825 -0.775270641 -0.0930962712
vn 0.624730825 -0.775270641 -0.0930962712
vn 0.624730825 -0.775270641 -0.0930962712
vn 0.675866365 -0.703290522 0.220425278
vn 0.675866365 -0.703290522 0.220425278
vn 0.675866365 -0.703290522 0.220425278
vn 0.0722253919 -0.402538419 -0.912549317
vn 0.0722253919 -0.402538419 -0.912549317
vn 0.0722253919 -0.402538419 -0.912549317
vn -0.0549016632 -0.970846534 -0.233329922
vn -0.0549016632 -0.970846534 -0.233329922
vn -0.0549016632 -0.970846534 -0.233329922
vn 0.137915716 -0.301803887 -0.943341732
vn 0.137915716 -0.301803887 -0.943341732
vn 0.137915716 -0.301803887 -0.943341732
vn 0.0295376666 -0.978932321 -0.202037379
vn 0.0295376666 -0.978932321 -0.202037379
vn 0.0295376666 -0.978932321 -0.202037379
vn -0.294677079 -0.697048604 -0.653673232
vn -0.294677079 -0.697048604 -0.653673232
vn -0.294677079 -0.697048604 -0.653673232
vn -0.186981842 -0.954372942 -0.232830554
vn -0.186981842 -0.954372942 -0.232830554
vn -0.186981842 -0.954372942 -0.232830554
vn -0.269078165 -0.830538988 -0.487649351
vn -0.269078165 -0.830538988 -0.487649351
vn -0.269078165 -0.830538988 -0.487649351
vn -0.308294058 -0.812948465 -0.494034022
vn -0.308294058 -0.812948465 -0.494034022
vn -0.308294058 -0.812948465 -0.494034022
vn -0.130019307 -0.97327143 0.189308152
vn -0.130019307 -0.97327143 0.189308152
vn -0.130019307 -0.97327143 0.189308152
vn 0.241740897 -0.92742157 0.285395265
vn 0.241740897 -0.92742157 0.285395265
vn 0.241740897 -0.92742157 0.285395265
vn 0.720396161 -0.632550895 0.284444541
vn 0.720396161 -0.632550895 0.284444541
vn 0.720396161 -0.632550895 0.284444541
vn 0.471579313 -0.768044472 0.433267415
vn 0.471579313 -0.768044472 0.433267415
vn 0.471579313 -0.768044472 0.433267415
vn 0.41544494 -0.909343183 -0.0223707855
vn 0.41544494 -0.909343183 -0.0223707855
vn 0.41544494 -0.909343183 -0.0223707855
vn 0.662644267 -0.738150895 -0.126632422
vn 0.662644267 -0.738150895 -0.126632422
vn 0.662644267 -0.738150895 -0.126632422
vn 0.100883938 -0.993446767 0.053722363
vn 0.100883938 -0.993446767 0.053722363
vn 0.100883938 -0.993446767 0.053722363
vn -0.0070958701 -0.999948144 0.00731555326
vn -0.0070958701 -0.999948144 0.00731555326
vn -0.0070958701 -0.999948144 0.00731555326
vn 0.0607783347 -0.98025322 0.188174531
vn 0.0607783347 -0.98025322 0.188174531
vn 0.0607783347 -0.98025322 0.188174531
vn 0.184353337 -0.763188303 0.619320095
vn 0.184353337 -0.763188303 0.619320095
vn 0.184353337 -0.763188303 0.619320095
vn -0.284314424 -0.773810983 0.566022813
vn -0.284314424 -0.773810983 0.566022813
vn -0.284314424 -0.773810983 0.566022813
vn -0.156162903 -0.690406919 0.70636487
vn -0.156162903 -0.690406919 0.70636487
vn -0.156162903 -0.690406919 0.70636487
vn 0.665348113 -0.508764684 0.546324372
vn 0.665348113 -0.508764684 0.546324372
vn 0.665348113 -0.508764684 0.546324372
vn 0.463894904 -0.831706882 0.305065751
vn 0.463894904 -0.831706882 0.305065751
vn 0.463894904 -0.831706882 0.305065751
vn -0.399414569 -0.867898047 0.295331746
vn -0.399414569 -0.867898047 0.295331746
vn -0.399414569 -0.867898047 0.295331746
vn -0.576202333 -0.730950415 0.365653306
vn -0.576202333 -0.730950415 0.365653306
vn -0.576202333 -0.730950415 0.365653306
vn -0.179223821 -0.904420614 0.387171954
vn -0.179223821 -0.904420614 0.387171954
vn -0.179223821 -0.904420614 0.387171954
vn -0.195433304 -0.897502542 0.395341486
vn -0.195433304 -0.897502542 0.395341486
vn -0.195433304 -0.897502542 0.395341486
vn -0.152264386 -0.852511823 0.500039101
vn -0.152264386 -0.852511823 0.500039101
vn -0.152264386 -0.852511823 0.500039101
vn 0.0384347029 -0.723816752 0.688920915
vn 0.0384347029 -0.723816752 0.688920915
vn 0.0384347029 -0.723816752 0.688920915
vn -0.168003961 -0.872733593 0.458378464
vn -0.168003961 -0.872733593 0.458378464
vn -0.168003961 -0.872733593 0.458378464
vn -0.334533632 -0.938607991 0.0842745677
vn -0.334533632 -0.938607991 0.0842745677
vn -0.334533632 -0.938607991 0.0842745677
vn 0.157194167 -0.974683762 -0.159001693
vn 0.157194167 -0.974683762 -0.159001693
vn 0.157194167 -0.974683762 -0.159001693
vn -0.449039131 -0.789924443 -0.417592287
vn -0.449039131 -0.789924443 -0.417592287
vn -0.449039131 -0.789924443 -0.417592287
vn -0.346330732 -0.727233708 -0.592609584
vn -0.346330732 -0.727233708 -0.592609584
vn -0.346330732 -0.727233708 -0.592609584
vn -0.430044293 -0.665594876 -0.609955192
vn -0.430044293 -0.665594876 -0.609955192
vn -0.430044293 -0.665594876 -0.609955192
vn -0.268651277 -0.53233254 -0.802775562
vn -0.268651277 -0.53233254 -0.802775562
vn -0.268651277 -0.53233254 -0.802775562
vn -0.329845369 -0.885810912 -0.326406211
vn -0.329845369 -0.885810912 -0.326406211
vn -0.329845369 -0.885810912 -0.326406211
vn -0.301882625 -0.714623213 -0.631015539
vn -0.301882625 -0.714623213 -0.631015539
vn -0.301882625 -0.714623213 -0.631015539
vn -0.202231824 -0.827899754 -0.523148417
vn -0.202231824 -0.827899754 -0.523148417
vn -0.202231824 -0.827899754 -0.523148417
vn -0.314536065 -0.94055903 0.128123775
vn -0.314536065 -0.94055903 0.128123775
vn -0.314536065 -0.94055903 0.128123775
vn -0.386949509 -0.898054361 0.209209383
vn -0.386949509 -0.898054361 0.209209383
vn -0.386949509 -0.898054361 0.209209383
vn -0.471690923 -0.804230869 0.361552805
vn -0.471690923 -0.804230869 0.361552805
vn -0.471690923 -0.804230869 0.361552805
vn -0.464020044 -0.845128596 0.26541087
vn -0.464020044 -0.845128596 0.26541087
vn -0.464020044 -0.845128596 0.26541087
vn -0.390967011 -0.860367656 0.326974571
vn -0.390967011 -0.860367656 0.326974571
vn -0.390967011 -0.860367656 0.326974571
vn -0.323658884 -0.945074201 0.0456050001
vn -0.323658884 -0.945074201 0.0456050001
vn -0.323658884 -0.945074201 0.0456050001
vn -0.358924598 -0.929642558 0.0832938328
vn -0.358924598 -0.929642558 0.0832938328
vn -0.358924598 -0.929642558 0.0832938328
vn -0.325628579 -0.936162949 0.132532582
vn -0.325628579 -0.936162949 0.132532582
vn -0.325628579 -0.936162949 0.132532582
vn -0.101207785 -0.923448622 0.37013483
vn -0.101207785 -0.923448622 0.37013483
vn -0.101207785 -0.923448622 0.37013483
vn -0.112962313 -0.970334291 0.213753939
vn -0.112962313 -0.970334291 0.213753939
vn -0.112962313 -0.970334291 0.213753939
vn 0.0770015195 -0.901444316 0.425991595
vn 0.0770015195 -0.901444316 0.425991595
vn 0.0770015195 -0.901444316 0.425991595
vn -0.14891541 -0.77522999 0.613875151
vn -0.14891541 -0.77522999 0.613875151
vn -0.14891541 -0.77522999 0.613875151
vn -0.0407901593 -0.825681984 0.562659204
vn -0.0407901593 -0.825681984 0.562659204
vn -0.0407901593 -0.825681984 0.562659204
vn 0.360121608 -0.70129168 0.615225494
vn 0.360121608 -0.70129168 0.615225494
vn 0.360121608 -0.70129168 0.615225494
vn 0.200528592 -0.712912202 0.671970665
vn 0.200528592 -0.712912202 0.671970665
vn 0.200528592 -0.712912202 0.671970665
vn 0.19086349 -0.722115338 0.664921463
vn 0.19086349 -0.722115338 0.664921463
vn 0.298696637 -0.896312058 0.327726811
vn 0.298696637 -0.896312058 0.327726811
vn 0.298696637 -0.896312058 0.327726811
vn 0.253534764 -0.94636941 0.200262636
vn 0.253534764 -0.94636941 0.200262636
vn 0.253534764 -0.94636941 0.200262636
vn 0.153883949 -0.802599907 0.576327264
vn 0.153883949 -0.802599907 0.576327264
vn 0.153883949 -0.802599907 0.576327264
vn -0.135250866 -0.961977482 0.237290189
vn -0.135250866 -0.961977482 0.237290189
vn -0.135250866 -0.961977482 0.237290189
vn -0.251947135 -0.957700849 0.13903892
vn -0.251947135 -0.957700849 0.13903892
vn -0.251947135 -0.957700849 0.13903892
vn -0.401893377 -0.883254886 -0.241542041
vn -0.401893377 -0.883254886 -0.241542041
vn -0.401893377 -0.883254886 -0.241542041
vn -0.426337659 -0.851564467 -0.305080771
vn -0.426337659 -0.851564467 -0.305080771
vn -0.426337659 -0.851564467 -0.305080771
vn -0.625634491 -0.48403576 -0.61179316
vn -0.625634491 -0.48403576 -0.61179316
vn -0.625634491 -0.48403576 -0.61179316
vn -0.405720145 -0.891673446 -0.200772583
vn -0.405720145 -0.891673446 -0.200772583
vn -0.405720145 -0.891673446 -0.200772583
vn -0.413725019 -0.288083822 -0.863619804
vn -0.413725019 -0.288083822 -0.863619804
vn -0.413725019 -0.288083822 -0.863619804
vn 0.519340158 -0.7640872 0.382696331
vn 0.519340158 -0.7640872 0.382696331
vn 0.519340158 -0.7640872 0.382696331
vn 0.985984564 -0.13725245 -0.0948477164
vn 0.985984564 -0.13725245 -0.0948477164
vn 0.985984564 -0.13725245 -0.0948477164
vn 0.984933972 -0.111757927 -0.131966054
vn 0.984933972 -0.111757927 -0.131966054
vn 0.470311791 -0.0687384978 -0.879819214
vn 0.470311791 -0.0687384978 -0.879819214
vn 0.470311791 -0.0687384978 -0.879819214
vn 0.428547144 -0.12902531 -0.894259334
vn 0.428547144 -0.12902531 -0.894259334
vn 0.428547144 -0.12902531 -0.894259334
vn -0.155301988 -0.267553121 -0.950945079
vn -0.155301988 -0.267553121 -0.950945079
vn -0.155301988 -0.267553121 -0.950945079
vn -0.426382333 -0.161332205 -0.890039384
vn -0.426382333 -0.161332205 -0.890039384
vn -0.426382333 -0.161332205 -0.890039384
vn -0.475416392 -0.382123679 -0.792439759
vn -0.475416392 -0.382123679 -0.792439759
vn -0.475416392 -0.382123679 -0.792439759
vn -0.605478227 -0.240618214 -0.758616447
vn -0.605478227 -0.240618214 -0.758616447
vn -0.605478227 -0.240618214 -0.758616447
vn -0.425478935 -0.29162848 -0.856691658
vn -0.425478935 -0.29162848 -0.856691658
vn -0.425478935 -0.29162848 -0.856691658
vn -0.696415186 -0.250814736 -0.672382236
vn -0.696415186 -0.250814736 -0.672382236
vn -0.696415186 -0.250814736 -0.672382236
vn -0.834740341 -0.248147413 -0.491560102
vn -0.834740341 -0.248147413 -0.491560102
vn -0.834740341 -0.248147413 -0.491560102
vn -0.721228957 -0.282781333 -0.632347643
vn -0.721228957 -0.282781333 -0.632347643
vn -0.721228957 -0.282781333 -0.632347643
vn -0.680778205 -0.552848935 -0.480519593
vn -0.680778205 -0.552848935 -0.480519593
vn -0.680778205 -0.552848935 -0.480519593
vn -0.901691556 -0.33997494 -0.267150193
vn -0.901691556 -0.33997494 -0.267150193
vn -0.901691556 -0.33997494 -0.267150193
vn -0.559993207 -0.77684778 -0.287949979
vn -0.559993207 -0.77684778 -0.287949979
vn -0.559993207 -0.77684778 -0.287949979
vn -0.489952624 -0.865504146 0.104158752
vn -0.489952624 -0.865504146 0.104158752
vn -0.489952624 -0.865504146 0.104158752
vn -0.406629831 -0.904589832 -0.127942756
vn -0.406629831 -0.904589832 -0.127942756
vn -0.406629831 -0.904589832 -0.127942756
vn 0.20181632 -0.80416894 -0.559090793
vn 0.20181632 -0.80416894 -0.559090793
vn 0.20181632 -0.80416894 -0.559090793
vn 0.502951503 0.671764672 0.543849289
vn 0.502951503 0.671764672 0.543849289
vn 0.502951503 0.671764672 0.543849289
vn 0.0449545197 -0.0177516583 0.998831332
vn 0.0449545197 -0.0177516583 0.998831332
vn 0.0449545197 -0.0177516583 0.998831332
vn 0.0232126135 -0.19359009 0.980807841
vn 0.0232126135 -0.19359009 0.980807841
vn 0.0232126135 -0.19359009 0.980807841
vn -0.413991451 -0.237150505 0.878846288
vn -0.413991451 -0.237150505 0.878846288
vn -0.413991451 -0.237150505 0.878846288
vn 0.288159549 0.27363798 0.917652667
vn 0.288159549 0.27363798 0.917652667
vn 0.288159549 0.27363798 0.917652667
vn -0.609919667 0.217793524 0.761947453
vn -0.609919667 0.217793524 0.761947453
vn -0.609919667 0.217793524 0.761947453
vn 0.105872504 0.501767397 -0.85849905
vn 0.105872504 0.501767397 -0.85849905
vn 0.105872504 0.501767397 -0.85849905
vn 0.0969271958 0.499388635 -0.860939085
vn 0.0969271958 0.499388635 -0.860939085
vn 0.0969271958 0.499388635 -0.860939085
vn 0.307788372 0.713175416 -0.629799247
vn 0.307788372 0.713175416 -0.629799247
vn 0.307788372 0.713175416 -0.629799247
vn 0.518453538 0.744130254 -0.421279073
vn 0.518453538 0.744130254 -0.421279073
vn 0.518453538 0.744130254 -0.421279073
vn -0.939368963 0.321845144 -0.118328281
vn -0.939368963 0.321845144 -0.118328281
vn -0.939368963 0.321845144 -0.118328281
vn -0.770917118 0 -0.636935472
vn -0.770917118 0 -0.636935472
vn -0.770917118 0 -0.636935472
vn -0.770917118 0 -0.636935472
vn -0.770917118 0 -0.636935472
vn -0.420020193 0.907151341 0.0256814677
vn -0.420020193 0.907151341 0.0256814677
vn -0.420020193 0.907151341 0.0256814677
vn -0.692327201 0.690493226 -0.20952864
vn -0.692327201 0.690493226 -0.20952864
vn -0.692327201 0.690493226 -0.20952864
vn -0.258333117 0.960276723 -0.105510436
vn -0.258333117 0.960276723 -0.105510436
vn -0.258333117 0.960276723 -0.105510436
vn -0.272661805 0.910797417 -0.310006082
vn -0.272661805 0.910797417 -0.310006082
vn -0.272661805 0.910797417 -0.310006082
vn 0.877645373 0.41351217 -0.242376506
vn 0.877645373 0.41351217 -0.242376506
vn 0.877645373 0.41351217 -0.242376506
vn 0.654709816 0.377770513 -0.654709578
vn 0.654709816 0.377770513 -0.654709578
vn 0.654709816 0.377770513 -0.654709578
vn 0.281614333 0.335882843 -0.898819208
vn 0.281614333 0.335882843 -0.898819208
vn 0.281614333 0.335882843 -0.898819208
vn 0.159521252 -0.220628574 0.962224543
vn 0.159521252 -0.220628574 0.962224543
vn 0.159521252 -0.220628574 0.962224543
vn -0.412421912 -0.0269602183 0.910593927
vn -0.412421912 -0.0269602183 0.910593927
vn -0.412421912 -0.0269602183 0.910593927
vn -0.288674444 -0.0836159289 0.953769088
vn -0.288674444 -0.0836159289 0.953769088
vn -0.288674444 -0.0836159289 0.953769088
vn -0.0831205249 -0.0574780926 0.994880557
vn -0.0831205249 -0.0574780926 0.994880557
vn -0.0831205249 -0.0574780926 0.994880557
vn -0.0973464474 -0.0875009969 0.991396606
vn -0.0973464474 -0.0875009969 0.991396606
vn -0.0973464474 -0.0875009969 0.991396606
vn 0.0392681696 0.00805108808 0.999196231
vn 0.0392681696 0.00805108808 0.999196231
vn 0.0392681696 0.00805108808 0.999196231
vn 0.771790087 0.343527079 0.53509742
vn 0.771790087 0.343527079 0.53509742
vn 0.771790087 0.343527079 0.53509742
vn -0.699297488 -0.655718684 -0.284633428
vn -0.699297488 -0.655718684 -0.284633428
vn -0.699297488 -0.655718684 -0.284633428
vn 0.00361557514 -0.313932419 -0.949438453
vn 0.00361557514 -0.313932419 -0.949438453
vn 0.00361557514 -0.313932419 -0.949438453
vn -0.951786995 0.295364588 -0.0828328505
vn -0.951786995 0.295364588 -0.0828328505
vn -0.951786995 0.295364588 -0.0828328505
vn -0.862416565 0.473318815 -0.17946282
vn -0.862416565 0.473318815 -0.17946282
vn -0.862416565 0.473318815 -0.17946282
vn -0.0735261291 0.591730773 -0.802775562
vn -0.0735261291 0.591730773 -0.802775562
vn -0.0735261291 0.591730773 -0.802775562
vn 0.515616 -0.85681355 -0.00328313978
vn 0.515616 -0.85681355 -0.00328313978
vn 0.515616 -0.85681355 -0.00328313978
vn -0.0826345012 -0.972814202 0.21634236
vn -0.0826345012 -0.972814202 0.21634236
vn -0.0826345012 -0.972814202 0.21634236
vn -0.456331223 -0.378781497 0.80516237
vn -0.456331223 -0.378781497 0.80516237
vn -0.456331223 -0.378781497 0.80516237
vn 0.0904692933 0.0971407965 0.991150379
vn 0.0904692933 0.0971407965 0.991150379
vn 0.0904692933 0.0971407965 0.991150379
vn 0.879236579 0.418242604 -0.228070468
vn 0.879236579 0.418242604 -0.228070468
vn 0.879236579 0.418242604 -0.228070468
vn 0.601438046 -0.776270628 -0.188881174
vn 0.601438046 -0.776270628 -0.188881174
vn 0.601438046 -0.776270628 -0.188881174
vn -0.0863245353 -0.930929244 0.354850262
vn -0.0863245353 -0.930929244 0.354850262
vn -0.0863245353 -0.930929244 0.354850262
vn -0.0666915998 -0.212825164 0.974811614
vn -0.0666915998 -0.212825164 0.974811614
vn -0.0666915998 -0.212825164 0.974811614
vn 0.883158088 0.176328644 0.434672296
vn 0.883158088 0.176328644 0.434672296
vn 0.883158088 0.176328644 0.434672296
vn 0.938896477 -0.332763135 0.0879893899
vn 0.938896477 -0.332763135 0.0879893899
vn 0.938896477 -0.332763135 0.0879893899
vn 0.716784775 -0.640324235 0.276051462
vn 0.716784775 -0.640324235 0.276051462
vn 0.716784775 -0.640324235 0.276051462
vn 0.475676179 -0.678396046 0.559920549
vn 0.475676179 -0.678396046 0.559920549
vn 0.475676179 -0.678396046 0.559920549
vn 0.475142211 -0.683693767 0.553897738
vn 0.475142211 -0.683693767 0.553897738
vn 0.475142211 -0.683693767 0.553897738
vn 0.867535353 -0.41242215 0.278011411
vn 0.867535353 -0.41242215 0.278011411
vn 0.867535353 -0.41242215 0.278011411
vn 0.867469847 -0.351327598 0.352228642
vn 0.867469847 -0.351327598 0.352228642
vn 0.867469847 -0.351327598 0.352228642
vn -0.166879341 0.932061434 -0.321578354
vn -0.166879341 0.932061434 -0.321578354
vn -0.166879341 0.932061434 -0.321578354
vn -0.030933341 -0.958846211 -0.28223595
vn -0.030933341 -0.958846211 -0.28223595
vn -0.030933341 -0.958846211 -0.28223595
vn 0.315455407 -0.672848642 0.669150591
vn 0.315455407 -0.672848642 0.669150591
vn 0.315455407 -0.672848642 0.669150591
vn 0.57634145 -0.606983364 0.547176123
vn 0.57634145 -0.606983364 0.547176123
vn 0.57634145 -0.606983364 0.547176123
vn -0.0815298185 -0.996406615 -0.0229501482
vn -0.0815298185 -0.996406615 -0.0229501482
vn -0.0815298185 -0.996406615 -0.0229501482
vn -0.346852511 0.909546971 -0.228949249
vn -0.346852511 0.909546971 -0.228949249
vn -0.346852511 0.909546971 -0.228949249
vn -0.334444135 0.911722362 -0.2385571
vn -0.334444135 0.911722362 -0.2385571
vn -0.334444135 0.911722362 -0.2385571
vn 0.32217738 -0.932108343 0.165456504
vn 0.32217738 -0.932108343 0.165456504
vn 0.32217738 -0.932108343 0.165456504
vn 0.343005508 -0.616746545 0.708499014
vn 0.343005508 -0.616746545 0.708499014
vn 0.343005508 -0.616746545 0.708499014
vn 0.193175539 -0.920470834 0.339730203
vn 0.193175539 -0.920470834 0.339730203
vn 0.193175539 -0.920470834 0.339730203
vn 0.300155282 -0.864714026 0.402711302
vn 0.300155282 -0.864714026 0.402711302
vn 0.300155282 -0.864714026 0.402711302
vn 0.192864075 -0.967341661 0.164479494
vn 0.192864075 -0.967341661 0.164479494
vn 0.192864075 -0.967341661 0.164479494
vn -0.218154609 -0.871939778 0.438326031
vn -0.218154609 -0.871939778 0.438326031
vn -0.218154609 -0.871939778 0.438326031
vn -0.0707030669 -0.954504251 0.289694011
vn -0.0707030669 -0.954504251 0.289694011
vn -0.0707030669 -0.954504251 0.289694011
vn 0.0160519145 -0.910930634 0.412247151
vn 0.0160519145 -0.910930634 0.412247151
vn 0.0160519145 -0.910930634 0.412247151
vn -0.215691477 -0.88148725 0.420068473
vn -0.215691477 -0.88148725 0.420068473
vn -0.215691477 -0.88148725 0.420068473
vn 0.226804912 0.816211641 -0.53137368
vn 0.226804912 0.816211641 -0.53137368
vn 0.226804912 0.816211641 -0.53137368
vn -0.0847823992 -0.877912462 0.471255422
vn -0.0847823992 -0.877912462 0.471255422
vn -0.0847823992 -0.877912462 0.471255422
vn -0.0959659889 -0.955490768 0.278976381
vn -0.0959659889 -0.955490768 0.278976381
vn -0.0959659889 -0.955490768 0.278976381
vn -0.708974779 -0.356268615 -0.608627439
vn -0.708974779 -0.356268615 -0.608627439
vn -0.708974779 -0.356268615 -0.608627439
vn -0.0857245103 -0.985148787 0.148772269
vn -0.0857245103 -0.985148787 0.148772269
vn -0.0857245103 -0.985148787 0.148772269
vn -0.17990157 -0.97796905 0.105886482
vn -0.17990157 -0.97796905 0.105886482
vn -0.17990157 -0.97796905 0.105886482
vn 0.330127567 -0.152495667 0.931536913
vn 0.330127567 -0.152495667 0.931536913
vn 0.330127567 -0.152495667 0.931536913
vn -0.501647532 -0.60796994 0.615404189
vn -0.501647532 -0.60796994 0.615404189
vn -0.501647532 -0.60796994 0.615404189
vn -0.335829645 -0.930140436 0.148516566
vn -0.335829645 -0.930140436 0.148516566
vn -0.335829645 -0.930140436 0.148516566
vn -0.405548066 -0.900362134 -0.15773046
vn -0.405548066 -0.900362134 -0.15773046
vn -0.405548066 -0.900362134 -0.15773046
vn -0.15711534 -0.974787712 -0.158441365
vn -0.15711534 -0.974787712 -0.158441365
vn -0.15711534 -0.974787712 -0.158441365
vn -0.456119269 -0.889640391 0.0222524442
vn -0.456119269 -0.889640391 0.0222524442
vn -0.456119269 -0.889640391 0.0222524442
vn -0.423600972 -0.90028888 -0.100210831
vn -0.423600972 -0.90028888 -0.100210831
vn -0.423600972 -0.90028888 -0.100210831
vn -0 -0.343822449 0.9390347
vn -0 -0.343822449 0.9390347
vn -0 -0.343822449 0.9390347
vn 0.0863323584 0.227564365 -0.969928384
vn 0.0863323584 0.227564365 -0.969928384
vn 0.0863323584 0.227564365 -0.969928384
vn -0.306098521 -0.0335136503 0.951409817
vn -0.306098521 -0.0335136503 0.951409817
vn -0.306098521 -0.0335136503 0.951409817
vn 0.138286546 0.0744070858 -0.987593234
vn 0.138286546 0.0744070858 -0.987593234
vn 0.138286546 0.0744070858 -0.987593234
vn -0.292475432 -0.157371476 0.94323504
vn -0.292475432 -0.157371476 0.94323504
vn -0.292475432 -0.157371476 0.94323504
vn 0.18233183 0.160876915 -0.969986498
vn 0.18233183 0.160876915 -0.969986498
vn 0.18233183 0.160876915 -0.969986498
vn -0.652411461 -0.0714324489 0.754491031
vn -0.652411461 -0.0714324489 0.754491031
vn -0.652411461 -0.0714324489 0.754491031
vn 0.634086072 0.341175079 -0.693926752
vn 0.634086072 0.341175079 -0.693926752
vn 0.634086072 0.341175079 -0.693926752
vn 0.388002068 -0.235255703 -0.891127944
vn 0.388002068 -0.235255703 -0.891127944
vn 0.388002068 -0.235255703 -0.891127944
vn 0.537199259 -0.185578004 -0.82278651
vn 0.537199259 -0.185578004 -0.82278651
vn 0.537199259 -0.185578004 -0.82278651
vn 0.857451618 -0.296340853 -0.420664757
vn 0.857451618 -0.296340853 -0.420664757
vn 0.857451618 -0.296340853 -0.420664757
vn 0.423024088 -0.86963737 -0.254522145
vn 0.423024088 -0.86963737 -0.254522145
vn 0.423024088 -0.86963737 -0.254522145
vn -0.0351581872 -0.0360554047 -0.998731196
vn -0.0351581872 -0.0360554047 -0.998731196
vn -0.0351581872 -0.0360554047 -0.998731196
vn 0.76553154 -0.622229874 -0.163680911
vn 0.76553154 -0.622229874 -0.163680911
vn 0.76553154 -0.622229874 -0.163680911
vn 0.130065665 -0.991477191 0.00746699562
vn 0.130065665 -0.991477191 0.00746699562
vn 0.130065665 -0.991477191 0.00746699562
vn -0.0871064812 0.0286986567 -0.995785534
vn -0.0871064812 0.0286986567 -0.995785534
vn -0.0871064812 0.0286986567 -0.995785534
vn -0.00036916454 -0.510236979 0.86003381
vn -0.00036916454 -0.510236979 0.86003381
vn -0.00036916454 -0.510236979 0.86003381
vn -0.370615631 -0.351154 0.859845877
vn -0.370615631 -0.351154 0.859845877
vn -0.370615631 -0.351154 0.859845877
vn -0.537163615 -0.196543232 0.82025975
vn -0.537163615 -0.196543232 0.82025975
vn -0.537163615 -0.196543232 0.82025975
vn -0.342582256 -0.21485889 0.914589047
vn -0.342582256 -0.21485889 0.914589047
vn -0.342582256 -0.21485889 0.914589047
vn -0.344831765 -0.317922533 0.883185327
vn -0.344831765 -0.317922533 0.883185327
vn -0.344831765 -0.317922533 0.883185327
vn -0.0527109578 -0.543266416 0.837903976
vn -0.0527109578 -0.543266416 0.837903976
vn -0.0527109578 -0.543266416 0.837903976
vn -0.13736932 -0.120608896 0.983149588
vn -0.13736932 -0.120608896 0.983149588
vn -0.13736932 -0.120608896 0.983149588
vn -0.000414948707 -0.24921681 0.968447626
vn -0.000414948707 -0.24921681 0.968447626
vn -0.000414948707 -0.24921681 0.968447626
vn 0.176665664 -0.155950516 0.971837759
vn 0.176665664 -0.155950516 0.971837759
vn 0.176665664 -0.155950516 0.971837759
vn -0.736151814 -0.292920232 0.610146165
vn -0.736151814 -0.292920232 0.610146165
vn -0.736151814 -0.292920232 0.610146165
vn -0.35120666 -0.845492363 0.40223965
vn -0.35120666 -0.845492363 0.40223965
vn -0.35120666 -0.845492363 0.40223965
vn 0.0745685622 -0.989338517 0.125095382
vn 0.0745685622 -0.989338517 0.125095382
vn 0.0745685622 -0.989338517 0.125095382
vn 0.220891535 -0.659527779 0.718491554
vn 0.220891535 -0.659527779 0.718491554
vn 0.220891535 -0.659527779 0.718491554
vn 0.533802152 -0.597601235 0.598270774
vn 0.533802152 -0.597601235 0.598270774
vn 0.533802152 -0.597601235 0.598270774
vn 0.518721938 -0.341296583 0.783864915
vn 0.518721938 -0.341296583 0.783864915
vn 0.518721938 -0.341296583 0.783864915
vn -0.430392832 -0.902152956 0.0296986066
vn -0.430392832 -0.902152956 0.0296986066
vn -0.430392832 -0.902152956 0.0296986066
vn -0.356470823 -0.862199128 -0.359918326
vn -0.356470823 -0.862199128 -0.359918326
vn -0.356470823 -0.862199128 -0.359918326
vn 0.122736834 -0.851609647 -0.509604454
vn 0.122736834 -0.851609647 -0.509604454
vn 0.122736834 -0.851609647 -0.509604454
vn 0.303556532 -0.83576256 -0.457552671
vn 0.303556532 -0.83576256 -0.457552671
vn 0.303556532 -0.83576256 -0.457552671
vn 0.485484779 -0.663084507 -0.569757283
vn 0.485484779 -0.663084507 -0.569757283
vn 0.485484779 -0.663084507 -0.569757283
vn -0.178358898 -0.0742955953 -0.981156707
vn -0.178358898 -0.0742955953 -0.981156707
vn -0.178358898 -0.0742955953 -0.981156707
vn 0.286562443 -0.383139879 -0.878114879
vn 0.286562443 -0.383139879 -0.878114879
vn 0.286562443 -0.383139879 -0.878114879
vn 0.339939117 -0.394421935 -0.853740454
vn 0.339939117 -0.394421935 -0.853740454
vn 0.339939117 -0.394421935 -0.853740454
vn 0.875246704 -0.0439805239 0.481672883
vn 0.875246704 -0.0439805239 0.481672883
vn 0.875246704 -0.0439805239 0.481672883
vn 0.579979599 -0.577285171 0.574774325
vn 0.579979599 -0.577285171 0.574774325
vn 0.579979599 -0.577285171 0.574774325
vn 0.253554046 -0.376665801 -0.89097321
vn 0.253554046 -0.376665801 -0.89097321
vn 0.253554046 -0.376665801 -0.89097321
vn 0.598245084 -0.439115077 -0.670284033
vn 0.598245084 -0.439115077 -0.670284033
vn 0.598245084 -0.439115077 -0.670284033
vn -0.280940831 0.234717041 -0.930580616
vn -0.280940831 0.234717041 -0.930580616
vn -0.280940831 0.234717041 -0.930580616
vn -0.145467237 0.387595266 -0.910279691
vn -0.145467237 0.387595266 -0.910279691
vn -0.145467237 0.387595266 -0.910279691
vn 0.486732841 -0.0483255535 -0.872213185
vn 0.486732841 -0.0483255535 -0.872213185
vn 0.486732841 -0.0483255535 -0.872213185
vn 0.722141385 -0.691514671 0.017867323
vn 0.722141385 -0.691514671 0.017867323
vn 0.722141385 -0.691514671 0.017867323
vn 0.344019115 -0.93513459 -0.0847008452
vn 0.344019115 -0.93513459 -0.0847008452
vn 0.344019115 -0.93513459 -0.0847008452
vn -0.834531605 0.417683631 -0.359301329
vn -0.834531605 0.417683631 -0.359301329
vn -0.834531605 0.417683631 -0.359301329
vn -0.47124356 0.827638865 -0.304866165
vn -0.47124356 0.827638865 -0.304866165
vn -0.47124356 0.827638865 -0.304866165
vn 0.993856966 0.0198002309 0.108886875
vn 0.993856966 0.0198002309 0.108886875
vn 0.993856966 0.0198002309 0.108886875
vn 0.477622986 -0.79862088 0.366170734
vn 0.477622986 -0.79862088 0.366170734
vn 0.477622986 -0.79862088 0.366170734
vn -0.840157926 -0.214800611 0.497991294
vn -0.840157926 -0.214800611 0.497991294
vn -0.840157926 -0.214800611 0.497991294
vn -0.723643422 0.594776213 0.350116163
vn -0.723643422 0.594776213 0.350116163
vn -0.723643422 0.594776213 0.350116163
vn 0.0614697635 0.751444459 0.656926751
vn 0.0614697635 0.751444459 0.656926751
vn 0.0614697635 0.751444459 0.656926751
vn 0.660013795 -0.383191973 0.646177769
vn 0.660013795 -0.383191973 0.646177769
vn 0.660013795 -0.383191973 0.646177769
vn 0.0718740299 -0.35042274 0.933829784
vn 0.0718740299 -0.35042274 0.933829784
vn 0.0718740299 -0.35042274 0.933829784
vn -0.219639003 -0.132650644 0.966520786
vn -0.219639003 -0.132650644 0.966520786
vn -0.219639003 -0.132650644 0.966520786
vn -0.394925594 0.23192507 0.888956964
vn -0.394925594 0.23192507 0.888956964
vn -0.394925594 0.23192507 0.888956964
vn -0.0214248095 0.132897526 0.990898192
vn -0.0214248095 0.132897526 0.990898192
vn -0.0214248095 0.132897526 0.990898192
vn 0.26355499 -0.187553018 0.946236074
vn 0.26355499 -0.187553018 0.946236074
vn 0.26355499 -0.187553018 0.946236074
vn 0.551396191 0.151287809 0.820410967
vn 0.551396191 0.151287809 0.820410967
vn 0.551396191 0.151287809 0.820410967
vn 0.638879716 0.740853012 0.207290962
vn 0.638879716 0.740853012 0.207290962
vn 0.638879716 0.740853012 0.207290962
vn 0.984933972 0.111757927 -0.131966054
vn 0.984933972 0.111757927 -0.131966054
vn 0.984933972 0.111757927 -0.131966054
vn 0.985984564 0.13725245 -0.0948477164
vn 0.985984564 0.13725245 -0.0948477164
vn 0.168902904 0.310437053 0.935468197
vn 0.168902904 0.310437053 0.935468197
vn 0.168902904 0.310437053 0.935468197
vn -0.273956627 0.0830420405 -0.958150208
vn -0.273956627 0.0830420405 -0.958150208
vn -0.273956627 0.0830420405 -0.958150208
vn -0.174428403 0.464652628 0.86814326
vn -0.174428403 0.464652628 0.86814326
vn -0.174428403 0.464652628 0.86814326
vn 0.793995321 0.446475834 0.412590325
vn 0.793995321 0.446475834 0.412590325
vn 0.793995321 0.446475834 0.412590325
vn -0.851175785 0.201415315 -0.484697491
vn -0.851175785 0.201415315 -0.484697491
vn -0.851175785 0.201415315 -0.484697491
vn -0.25475806 0.28428641 0.924272418
vn -0.25475806 0.28428641 0.924272418
vn -0.25475806 0.28428641 0.924272418
vn 0.349880964 0.329899162 0.876783788
vn 0.349880964 0.329899162 0.876783788
vn 0.349880964 0.329899162 0.876783788
vn -0.829059184 0.107273079 -0.54877454
vn -0.829059184 0.107273079 -0.54877454
vn -0.829059184 0.107273079 -0.54877454
vn -0.3975133 0.00391751109 0.917587996
vn -0.3975133 0.00391751109 0.917587996
vn -0.3975133 0.00391751109 0.917587996
vn -0.699804068 0.17688334 -0.692088604
vn -0.699804068 0.17688334 -0.692088604
vn -0.699804068 0.17688334 -0.692088604
vn -0.580532491 0.434985846 0.688308954
vn -0.580532491 0.434985846 0.688308954
vn -0.580532491 0.434985846 0.688308954
vn 0.038774699 -0.10475985 -0.993741333
vn 0.038774699 -0.10475985 -0.993741333
vn 0.038774699 -0.10475985 -0.993741333
vn -0.638088048 0.293557554 0.71180588
vn -0.638088048 0.293557554 0.71180588
vn -0.638088048 0.293557554 0.71180588
vn -0.464985818 0.162061647 -0.870358646
vn -0.464985818 0.162061647 -0.870358646
vn -0.464985818 0.162061647 -0.870358646
vn -0.520548761 0.390750557 0.759172559
vn -0.520548761 0.390750557 0.759172559
vn -0.520548761 0.390750557 0.759172559
vn 0.241631687 0.133580029 -0.961129785
vn 0.241631687 0.133580029 -0.961129785
vn 0.241631687 0.133580029 -0.961129785
vn 0.458721846 0.527295828 -0.715215683
vn 0.458721846 0.527295828 -0.715215683
vn 0.458721846 0.527295828 -0.715215683
vn 0.578987956 0.341889113 0.740192354
vn 0.578987956 0.341889113 0.740192354
vn 0.578987956 0.341889113 0.740192354
vn 0.427618474 0.650720894 0.62745899
vn 0.427618474 0.650720894 0.62745899
vn 0.427618474 0.650720894 0.62745899
vn -0.366559565 0.908856392 0.199032962
vn -0.366559565 0.908856392 0.199032962
vn -0.366559565 0.908856392 0.199032962
vn -0.410101891 0.91111517 0.0410579592
vn -0.410101891 0.91111517 0.0410579592
vn -0.410101891 0.91111517 0.0410579592
vn -0.291600198 0.956493974 -0.00940860063
vn -0.291600198 0.956493974 -0.00940860063
vn -0.291600198 0.956493974 -0.00940860063
vn 0.562341273 0.396226257 0.725794077
vn 0.562341273 0.396226257 0.725794077
vn 0.562341273 0.396226257 0.725794077
vn 0.457759082 0.576896012 0.676496506
vn 0.457759082 0.576896012 0.676496506
vn 0.457759082 0.576896012 0.676496506
vn 0.615057826 0.499797076 0.609841526
vn 0.615057826 0.499797076 0.609841526
vn 0.615057826 0.499797076 0.609841526
vn 0.365881592 0.436864287 0.821754336
vn 0.365881592 0.436864287 0.821754336
vn 0.365881592 0.436864287 0.821754336
vn 0.76614517 0.600871742 0.227979556
vn 0.76614517 0.600871742 0.227979556
vn 0.76614517 0.600871742 0.227979556
vn 0.764070988 0.625707924 0.157114998
vn 0.764070988 0.625707924 0.157114998
vn 0.764070988 0.625707924 0.157114998
vn 0.636719584 0.769134998 -0.0549503639
vn 0.636719584 0.769134998 -0.0549503639
vn 0.636719584 0.769134998 -0.0549503639
vn 0.303321302 0.470343739 0.828717709
vn 0.303321302 0.470343739 0.828717709
vn 0.303321302 0.470343739 0.828717709
vn -0.222378775 0.576081395 0.786560774
vn -0.222378775 0.576081395 0.786560774
vn -0.222378775 0.576081395 0.786560774
vn 0.0851963013 0.683232129 0.725214124
vn 0.0851963013 0.683232129 0.725214124
vn 0.0851963013 0.683232129 0.725214124
vn 0.0178935844 0.727918148 0.685430527
vn 0.0178935844 0.727918148 0.685430527
vn 0.0178935844 0.727918148 0.685430527
vn 0.00615947694 0.742696881 0.669599533
vn 0.00615947694 0.742696881 0.669599533
vn 0.00615947694 0.742696881 0.669599533
vn -0.423502237 0.786207676 0.450025916
vn -0.423502237 0.786207676 0.450025916
vn -0.423502237 0.786207676 0.450025916
vn -0.579189956 0.65836972 0.480716437
vn -0.579189956 0.65836972 0.480716437
vn -0.579189956 0.65836972 0.480716437
vn -0.52681613 0.837074995 0.147547498
vn -0.52681613 0.837074995 0.147547498
vn -0.52681613 0.837074995 0.147547498
vn 0.70505929 0.704406977 -0.0818674564
vn 0.70505929 0.704406977 -0.0818674564
vn 0.70505929 0.704406977 -0.0818674564
vn 0.525958538 0.849292636 -0.0454931632
vn 0.525958538 0.849292636 -0.0454931632
vn 0.525958538 0.849292636 -0.0454931632
vn -0.613358855 0.774470091 -0.154877245
vn -0.613358855 0.774470091 -0.154877245
vn -0.613358855 0.774470091 -0.154877245
vn -0.678967357 0.724311709 -0.11989937
vn -0.678967357 0.724311709 -0.11989937
vn -0.678967357 0.724311709 -0.11989937
vn -0.338644266 0.940451264 0.0295194443
vn -0.338644266 0.940451264 0.0295194443
vn -0.338644266 0.940451264 0.0295194443
vn -0.630276203 0.76596725 0.126673296
vn -0.630276203 0.76596725 0.126673296
vn -0.630276203 0.76596725 0.126673296
vn -0.527338088 0.806119859 0.268487275
vn -0.527338088 0.806119859 0.268487275
vn -0.527338088 0.806119859 0.268487275
vn 0.371969432 0.850586414 -0.371674061
vn 0.371969432 0.850586414 -0.371674061
vn 0.371969432 0.850586414 -0.371674061
vn 0.233263865 0.972402036 -0.00472505111
vn 0.233263865 0.972402036 -0.00472505111
vn 0.233263865 0.972402036 -0.00472505111
vn 0.621473551 0.783296406 -0.0147463195
vn 0.621473551 0.783296406 -0.0147463195
vn 0.621473551 0.783296406 -0.0147463195
vn 0.614661992 0.768612266 -0.177273676
vn 0.614661992 0.768612266 -0.177273676
vn 0.614661992 0.768612266 -0.177273676
vn 0.658336699 0.744577229 -0.110442601
vn 0.658336699 0.744577229 -0.110442601
vn 0.658336699 0.744577229 -0.110442601
vn 0.473035842 0.875641882 -0.0974086896
vn 0.473035842 0.875641882 -0.0974086896
vn 0.473035842 0.875641882 -0.0974086896
vn 0.788239658 0.585804403 0.18844454
vn 0.788239658 0.585804403 0.18844454
vn 0.788239658 0.585804403 0.18844454
vn 0.565630615 0.786727726 0.247227862
vn 0.565630615 0.786727726 0.247227862
vn 0.565630615 0.786727726 0.247227862
vn 0.702019155 0.69209826 -0.167836398
vn 0.702019155 0.69209826 -0.167836398
vn 0.702019155 0.69209826 -0.167836398
vn 0.0949626714 0.990991116 -0.0944388062
vn 0.0949626714 0.990991116 -0.0944388062
vn 0.0949626714 0.990991116 -0.0944388062
vn 0.937650144 0.296797663 -0.180896401
vn 0.937650144 0.296797663 -0.180896401
vn 0.937650144 0.296797663 -0.180896401
vn 0.495392472 0.804877341 0.32673943
vn 0.495392472 0.804877341 0.32673943
vn 0.495392472 0.804877341 0.32673943
vn 0.579698384 0.420072764 -0.698203862
vn 0.579698384 0.420072764 -0.698203862
vn 0.579698384 0.420072764 -0.698203862
vn 0.624730825 0.775270641 -0.0930962712
vn 0.624730825 0.775270641 -0.0930962712
vn 0.624730825 0.775270641 -0.0930962712
vn 0.675866365 0.703290522 0.220425278
vn 0.675866365 0.703290522 0.220425278
vn 0.675866365 0.703290522 0.220425278
vn 0.0722253919 0.402538419 -0.912549317
vn 0.0722253919 0.402538419 -0.912549317
vn 0.0722253919 0.402538419 -0.912549317
vn -0.0549016632 0.970846534 -0.233329922
vn -0.0549016632 0.970846534 -0.233329922
vn -0.0549016632 0.970846534 -0.233329922
vn 0.137915716 0.301803887 -0.943341732
vn 0.137915716 0.301803887 -0.943341732
vn 0.137915716 0.301803887 -0.943341732
vn 0.0295376666 0.978932321 -0.202037379
vn 0.0295376666 0.978932321 -0.202037379
vn 0.0295376666 0.978932321 -0.202037379
vn -0.294677079 0.697048604 -0.653673232
vn -0.294677079 0.697048604 -0.653673232
vn -0.294677079 0.697048604 -0.653673232
vn -0.186981842 0.954372942 -0.232830554
vn -0.186981842 0.954372942 -0.232830554
vn -0.186981842 0.954372942 -0.232830554
vn -0.269078165 0.830538988 -0.487649351
vn -0.269078165 0.830538988 -0.487649351
vn -0.269078165 0.830538988 -0.487649351
vn -0.308294058 0.812948465 -0.494034022
vn -0.308294058 0.812948465 -0.494034022
vn -0.308294058 0.812948465 -0.494034022
vn -0.130019307 0.97327143 0.189308152
vn -0.130019307 0.97327143 0.189308152
vn -0.130019307 0.97327143 0.189308152
vn 0.241740897 0.92742157 0.285395265
vn 0.241740897 0.92742157 0.285395265
vn 0.241740897 0.92742157 0.285395265
vn 0.720396161 0.632550895 0.284444541
vn 0.720396161 0.632550895 0.284444541
vn 0.720396161 0.632550895 0.284444541
vn 0.471579313 0.768044472 0.433267415
vn 0.471579313 0.768044472 0.433267415
vn 0.471579313 0.768044472 0.433267415
vn 0.41544494 0.909343183 -0.0223707855
vn 0.41544494 0.909343183 -0.0223707855
vn 0.41544494 0.909343183 -0.0223707855
vn 0.662644267 0.738150895 -0.126632422
vn 0.662644267 0.738150895 -0.126632422
vn 0.662644267 0.738150895 -0.126632422
vn 0.100883938 0.993446767 0.053722363
vn 0.100883938 0.993446767 0.053722363
vn 0.100883938 0.993446767 0.053722363
vn -0.0070958701 0.999948144 0.00731555326
vn -0.0070958701 0.999948144 0.00731555326
vn -0.0070958701 0.999948144 0.00731555326
vn 0.0607783347 0.98025322 0.188174531
vn 0.0607783347 0.98025322 0.188174531
vn 0.0607783347 0.98025322 0.188174531
vn 0.184353337 0.763188303 0.619320095
vn 0.184353337 0.763188303 0.619320095
vn 0.184353337 0.763188303 0.619320095
vn -0.284314424 0.773810983 0.566022813
vn -0.284314424 0.773810983 0.566022813
vn -0.284314424 0.773810983 0.566022813
vn -0.156162903 0.690406919 0.70636487
vn -0.156162903 0.690406919 0.70636487
vn -0.156162903 0.690406919 0.70636487
vn 0.665348113 0.508764684 0.546324372
vn 0.665348113 0.508764684 0.546324372
vn 0.665348113 0.508764684 0.546324372
vn 0.463894904 0.831706882 0.305065751
vn 0.463894904 0.831706882 0.305065751
vn 0.463894904 0.831706882 0.305065751
vn -0.399414569 0.867898047 0.295331746
vn -0.399414569 0.867898047 0.295331746
vn -0.399414569 0.867898047 0.295331746
vn -0.576202333 0.730950415 0.365653306
vn -0.576202333 0.730950415 0.365653306
vn -0.576202333 0.730950415 0.365653306
vn -0.179223821 0.904420614 0.387171954
vn -0.179223821 0.904420614 0.387171954
vn -0.179223821 0.904420614 0.387171954
vn -0.195433304 0.897502542 0.395341486
vn -0.195433304 0.897502542 0.395341486
vn -0.195433304 0.897502542 0.395341486
vn -0.152264386 0.852511823 0.500039101
vn -0.152264386 0.852511823 0.500039101
vn -0.152264386 0.852511823 0.500039101
vn 0.0384347029 0.723816752 0.688920915
vn 0.0384347029 0.723816752 0.688920915
vn 0.0384347029 0.723816752 0.688920915
vn -0.168003961 0.872733593 0.458378464
vn -0.168003961 0.872733593 0.458378464
vn -0.168003961 0.872733593 0.458378464
vn -0.334533632 0.938607991 0.0842745677
vn -0.334533632 0.938607991 0.0842745677
vn -0.334533632 0.938607991 0.0842745677
vn 0.157194167 0.974683762 -0.159001693
vn 0.157194167 0.974683762 -0.159001693
vn 0.157194167 0.974683762 -0.159001693
vn -0.449039131 0.789924443 -0.417592287
vn -0.449039131 0.789924443 -0.417592287
vn -0.449039131 0.789924443 -0.417592287
vn -0.346330732 0.727233708 -0.592609584
vn -0.346330732 0.727233708 -0.592609584
vn -0.346330732 0.727233708 -0.592609584
vn -0.430044293 0.665594876 -0.609955192
vn -0.430044293 0.665594876 -0.609955192
vn -0.430044293 0.665594876 -0.609955192
vn -0.268651277 0.53233254 -0.802775562
vn -0.268651277 0.53233254 -0.802775562
vn -0.268651277 0.53233254 -0.802775562
vn -0.329845369 0.885810912 -0.326406211
vn -0.329845369 0.885810912 -0.326406211
vn -0.329845369 0.885810912 -0.326406211
vn -0.301882625 0.714623213 -0.631015539
vn -0.301882625 0.714623213 -0.631015539
vn -0.301882625 0.714623213 -0.631015539
vn -0.202231824 0.827899754 -0.523148417
vn -0.202231824 0.827899754 -0.523148417
vn -0.202231824 0.827899754 -0.523148417
vn -0.314536065 0.94055903 0.128123775
vn -0.314536065 0.94055903 0.128123775
vn -0.314536065 0.94055903 0.128123775
vn -0.386949509 0.898054361 0.209209383
vn -0.386949509 0.898054361 0.209209383
vn -0.386949509 0.898054361 0.209209383
vn -0.471690923 0.804230869 0.361552805
vn -0.471690923 0.804230869 0.361552805
vn -0.471690923 0.804230869 0.361552805
vn -0.464020044 0.845128596 0.26541087
vn -0.464020044 0.845128596 0.26541087
vn -0.464020044 0.845128596 0.26541087
vn -0.390967011 0.860367656 0.326974571
vn -0.390967011 0.860367656 0.326974571
vn -0.390967011 0.860367656 0.326974571
vn -0.323658884 0.945074201 0.0456050001
vn -0.323658884 0.945074201 0.0456050001
vn -0.323658884 0.945074201 0.0456050001
vn -0.358924598 0.929642558 0.0832938328
vn -0.358924598 0.929642558 0.0832938328
vn -0.358924598 0.929642558 0.0832938328
vn -0.325628579 0.936162949 0.132532582
vn -0.325628579 0.936162949 0.132532582
vn -0.325628579 0.936162949 0.132532582
vn -0.101207785 0.923448622 0.37013483
vn -0.101207785 0.923448622 0.37013483
vn -0.101207785 0.923448622 0.37013483
vn -0.112962313 0.970334291 0.213753939
vn -0.112962313 0.970334291 0.213753939
vn -0.112962313 0.970334291 0.213753939
vn 0.0770015195 0.901444316 0.425991595
vn 0.0770015195 0.901444316 0.425991595
vn 0.0770015195 0.901444316 0.425991595
vn -0.14891541 0.77522999 0.613875151
vn -0.14891541 0.77522999 0.613875151
vn -0.14891541 0.77522999 0.613875151
vn -0.0407901593 0.825681984 0.562659204
vn -0.0407901593 0.825681984 0.562659204
vn -0.0407901593 0.825681984 0.562659204
vn 0.360121608 0.70129168 0.615225494
vn 0.360121608 0.70129168 0.615225494
vn 0.360121608 0.70129168 0.615225494
vn 0.200528592 0.712912202 0.671970665
vn 0.200528592 0.712912202 0.671970665
vn 0.200528592 0.712912202 0.671970665
vn 0.19086349 0.722115338 0.664921463
vn 0.19086349 0.722115338 0.664921463
vn 0.298696637 0.896312058 0.327726811
vn 0.298696637 0.896312058 0.327726811
vn 0.298696637 0.896312058 0.327726811
vn 0.253534764 0.94636941 0.200262636
vn 0.253534764 0.94636941 0.200262636
vn 0.253534764 0.94636941 0.200262636
vn 0.153883949 0.802599907 0.576327264
vn 0.153883949 0.802599907 0.576327264
vn 0.153883949 0.802599907 0.576327264
vn -0.135250866 0.961977482 0.237290189
vn -0.135250866 0.961977482 0.237290189
vn -0.135250866 0.961977482 0.237290189
vn -0.251947135 0.957700849 0.13903892
vn -0.251947135 0.957700849 0.13903892
vn -0.251947135 0.957700849 0.13903892
vn -0.401893377 0.883254886 -0.241542041
vn -0.401893377 0.883254886 -0.241542041
vn -0.401893377 0.883254886 -0.241542041
vn -0.426337659 0.851564467 -0.305080771
vn -0.426337659 0.851564467 -0.305080771
vn -0.426337659 0.851564467 -0.305080771
vn -0.625634491 0.48403576 -0.61179316
vn -0.625634491 0.48403576 -0.61179316
vn -0.625634491 0.48403576 -0.61179316
vn -0.405720145 0.891673446 -0.200772583
vn -0.405720145 0.891673446 -0.200772583
vn -0.405720145 0.891673446 -0.200772583
vn -0.413725019 0.288083822 -0.863619804
vn -0.413725019 0.288083822 -0.863619804
vn -0.413725019 0.288083822 -0.863619804
vn 0.519340158 0.7640872 0.382696331
vn 0.519340158 0.7640872 0.382696331
vn 0.519340158 0.7640872 0.382696331
vn 0.470311791 0.0687384978 -0.879819214
vn 0.470311791 0.0687384978 -0.879819214
vn 0.470311791 0.0687384978 -0.879819214
vn 0.428547144 0.12902531 -0.894259334
vn 0.428547144 0.12902531 -0.894259334
vn 0.428547144 0.12902531 -0.894259334
vn -0.155301988 0.267553121 -0.950945079
vn -0.155301988 0.267553121 -0.950945079
vn -0.155301988 0.267553121 -0.950945079
vn -0.426382333 0.161332205 -0.890039384
vn -0.426382333 0.161332205 -0.890039384
vn -0.426382333 0.161332205 -0.890039384
vn -0.475416392 0.382123679 -0.792439759
vn -0.475416392 0.382123679 -0.792439759
vn -0.475416392 0.382123679 -0.792439759
vn -0.605478227 0.240618214 -0.758616447
vn -0.605478227 0.240618214 -0.758616447
vn -0.605478227 0.240618214 -0.758616447
vn -0.425478935 0.29162848 -0.856691658
vn -0.425478935 0.29162848 -0.856691658
vn -0.425478935 0.29162848 -0.856691658
vn -0.696415186 0.250814736 -0.672382236
vn -0.696415186 0.250814736 -0.672382236
vn -0.696415186 0.250814736 -0.672382236
vn -0.834740341 0.248147413 -0.491560102
vn -0.834740341 0.248147413 -0.491560102
vn -0.834740341 0.248147413 -0.491560102
vn -0.721228957 0.282781333 -0.632347643
vn -0.721228957 0.282781333 -0.632347643
vn -0.721228957 0.282781333 -0.632347643
vn -0.680778205 0.552848935 -0.480519593
vn -0.680778205 0.552848935 -0.480519593
vn -0.680778205 0.552848935 -0.480519593
vn -0.901691556 0.33997494 -0.267150193
vn -0.901691556 0.33997494 -0.267150193
vn -0.901691556 0.33997494 -0.267150193
vn 0.0427697338 0.0819366425 -0.995719492
vn 0.0784172714 0.110440657 -0.990784287
vn 0.0784172714 0.110440657 -0.990784287
vn 0.0425175577 0.0485879891 -0.997913539
vn 0.0425175577 0.0485879891 -0.997913539
vn 0.0425175577 0.0485879891 -0.997913539
vn -0.559993207 0.77684778 -0.287949979
vn -0.559993207 0.77684778 -0.287949979
vn -0.559993207 0.77684778 -0.287949979
vn -0.489952624 0.865504146 0.104158752
vn -0.489952624 0.865504146 0.104158752
vn -0.489952624 0.865504146 0.104158752
vn -0.406629831 0.904589832 -0.127942756
vn -0.406629831 0.904589832 -0.127942756
vn -0.406629831 0.904589832 -0.127942756
vn 0.20181632 0.80416894 -0.559090793
vn 0.20181632 0.80416894 -0.559090793
vn 0.20181632 0.80416894 -0.559090793
vn 0.502951503 -0.671764731 0.54384923
vn 0.502951503 -0.671764731 0.54384923
vn 0.502951503 -0.671764731 0.54384923
vn 0.0449545309 0.0177516621 0.998831332
vn 0.0449545309 0.0177516621 0.998831332
vn 0.0449545309 0.0177516621 0.998831332
vn -0.204534426 0.104958862 0.973215997
vn -0.204534426 0.104958862 0.973215997
vn -0.204534426 0.104958862 0.973215997
vn 0.189208448 0.106959857 0.976094186
vn 0.189208448 0.106959857 0.976094186
vn 0.189208448 0.106959857 0.976094186
vn -0.354663104 0.161259726 0.920982838
vn -0.354663104 0.161259726 0.920982838
vn -0.354663104 0.161259726 0.920982838
vn -0.0537257977 0.260148376 0.964072764
vn -0.0537257977 0.260148376 0.964072764
vn -0.0537257977 0.260148376 0.964072764
vn -0.609919667 -0.217793837 0.761947393
vn -0.609919667 -0.217793837 0.761947393
vn -0.609919667 -0.217793837 0.761947393
vn 0.105872624 -0.501767337 -0.85849905
vn 0.105872624 -0.501767337 -0.85849905
vn 0.105872624 -0.501767337 -0.85849905
vn 0.0969271958 -0.499388635 -0.860939085
vn 0.0969271958 -0.499388635 -0.860939085
vn 0.0969271958 -0.499388635 -0.860939085
vn 0.297425151 -0.694244206 -0.655410767
vn 0.297425151 -0.694244206 -0.655410767
vn 0.297425151 -0.694244206 -0.655410767
vn 0.35405606 -0.765599728 -0.537123322
vn 0.35405606 -0.765599728 -0.537123322
vn 0.35405606 -0.765599728 -0.537123322
vn -0.890626669 -0.360588878 -0.277055264
vn -0.890626669 -0.360588878 -0.277055264
vn -0.890626669 -0.360588878 -0.277055264
vn -0.482751399 -0.303629279 -0.821438015
vn -0.482751399 -0.303629279 -0.821438015
vn -0.482751399 -0.303629279 -0.821438015
vn -0.420020282 -0.907151222 0.0256813969
vn -0.420020282 -0.907151222 0.0256813969
vn -0.420020282 -0.907151222 0.0256813969
vn -0.622117102 -0.760869682 -0.184519798
vn -0.622117102 -0.760869682 -0.184519798
vn -0.622117102 -0.760869682 -0.184519798
vn -0.548461199 -0.789999425 -0.274027884
vn -0.548461199 -0.789999425 -0.274027884
vn -0.548461199 -0.789999425 -0.274027884
vn -0.548963606 -0.835745752 -0.01296358
vn -0.548963606 -0.835745752 -0.01296358
vn -0.548963606 -0.835745752 -0.01296358
vn -0.431670874 -0.85813266 -0.277972311
vn -0.431670874 -0.85813266 -0.277972311
vn -0.431670874 -0.85813266 -0.277972311
vn 0.809046388 -0.44190231 -0.387513041
vn 0.809046388 -0.44190231 -0.387513041
vn 0.809046388 -0.44190231 -0.387513041
vn 0.447112888 -0.40582931 -0.797115147
vn 0.447112888 -0.40582931 -0.797115147
vn 0.447112888 -0.40582931 -0.797115147
vn 0.168774217 -0.392383754 -0.904184818
vn 0.168774217 -0.392383754 -0.904184818
vn 0.168774217 -0.392383754 -0.904184818
vn 0.426089913 0.0267733559 0.904284537
vn 0.426089913 0.0267733559 0.904284537
vn 0.426089913 0.0267733559 0.904284537
vn -0.480012774 0.0766144097 0.873909533
vn -0.480012774 0.0766144097 0.873909533
vn -0.480012774 0.0766144097 0.873909533
vn -0.28077212 0.0790248439 0.956515551
vn -0.28077212 0.0790248439 0.956515551
vn -0.28077212 0.0790248439 0.956515551
vn -0.0831205249 0.0574780926 0.994880557
vn -0.0831205249 0.0574780926 0.994880557
vn -0.0831205249 0.0574780926 0.994880557
vn -0.0973464474 0.0875009894 0.991396606
vn -0.0973464474 0.0875009894 0.991396606
vn -0.0973464474 0.0875009894 0.991396606
vn 0.0392681696 -0.00805108808 0.999196231
vn 0.0392681696 -0.00805108808 0.999196231
vn 0.0392681696 -0.00805108808 0.999196231
vn 0.771790087 -0.343527079 0.53509742
vn 0.771790087 -0.343527079 0.53509742
vn 0.771790087 -0.343527079 0.53509742
vn -0.699297488 0.655718684 -0.284633428
vn -0.699297488 0.655718684 -0.284633428
vn -0.699297488 0.655718684 -0.284633428
vn 0.00361557514 0.313932419 -0.949438453
vn 0.00361557514 0.313932419 -0.949438453
vn 0.00361557514 0.313932419 -0.949438453
vn -0.951786995 -0.295364588 -0.0828328505
vn -0.951786995 -0.295364588 -0.0828328505
vn -0.951786995 -0.295364588 -0.0828328505
vn -0.862416565 -0.473318815 -0.17946282
vn -0.862416565 -0.473318815 -0.17946282
vn -0.862416565 -0.473318815 -0.17946282
vn -0.0735261291 -0.591730773 -0.802775562
vn -0.0735261291 -0.591730773 -0.802775562
vn -0.0735261291 -0.591730773 -0.802775562
vn 0.515616 0.85681355 -0.00328313978
vn 0.515616 0.85681355 -0.00328313978
vn 0.515616 0.85681355 -0.00328313978
vn -0.0826345012 0.972814202 0.21634236
vn -0.0826345012 0.972814202 0.21634236
vn -0.0826345012 0.972814202 0.21634236
vn -0.456331223 0.378781497 0.80516237
vn -0.456331223 0.378781497 0.80516237
vn -0.456331223 0.378781497 0.80516237
vn 0.0904692933 -0.0971407965 0.991150379
vn 0.0904692933 -0.0971407965 0.991150379
vn 0.0904692933 -0.0971407965 0.991150379
vn 0.879236579 -0.418242604 -0.228070468
vn 0.879236579 -0.418242604 -0.228070468
vn 0.879236579 -0.418242604 -0.228070468
vn 0.601438046 0.776270628 -0.188881174
vn 0.601438046 0.776270628 -0.188881174
vn 0.601438046 0.776270628 -0.188881174
vn -0.0863245353 0.930929244 0.354850262
vn -0.0863245353 0.930929244 0.354850262
vn -0.0863245353 0.930929244 0.354850262
vn -0.0666915998 0.212825164 0.974811614
vn -0.0666915998 0.212825164 0.974811614
vn -0.0666915998 0.212825164 0.974811614
vn 0.883158088 -0.176328644 0.434672296
vn 0.883158088 -0.176328644 0.434672296
vn 0.883158088 -0.176328644 0.434672296
vn 0.938896477 0.332763135 0.0879893899
vn 0.938896477 0.332763135 0.0879893899
vn 0.938896477 0.332763135 0.0879893899
vn 0.716784775 0.640324235 0.276051462
vn 0.716784775 0.640324235 0.276051462
vn 0.716784775 0.640324235 0.276051462
vn 0.475676179 0.678396046 0.559920549
vn 0.475676179 0.678396046 0.559920549
vn 0.475676179 0.678396046 0.559920549
vn 0.475142211 0.683693767 0.553897738
vn 0.475142211 0.683693767 0.553897738
vn 0.475142211 0.683693767 0.553897738
vn 0.867535353 0.41242215 0.278011411
vn 0.867535353 0.41242215 0.278011411
vn 0.867535353 0.41242215 0.278011411
vn 0.867469847 0.351327598 0.352228642
vn 0.867469847 0.351327598 0.352228642
vn 0.867469847 0.351327598 0.352228642
vn -0.201227322 -0.904679775 -0.375582367
vn -0.201227322 -0.904679775 -0.375582367
vn -0.201227322 -0.904679775 -0.375582367
vn -0.030933341 0.958846211 -0.28223595
vn -0.030933341 0.958846211 -0.28223595
vn -0.030933341 0.958846211 -0.28223595
vn 0.366929352 0.862651944 0.348130107
vn 0.366929352 0.862651944 0.348130107
vn 0.366929352 0.862651944 0.348130107
vn 0.57634145 0.606983364 0.547176123
vn 0.57634145 0.606983364 0.547176123
vn 0.57634145 0.606983364 0.547176123
vn -0.102017395 0.965803027 -0.238362655
vn -0.102017395 0.965803027 -0.238362655
vn -0.102017395 0.965803027 -0.238362655
vn -0.346852571 -0.909546852 -0.228949279
vn -0.346852571 -0.909546852 -0.228949279
vn -0.346852571 -0.909546852 -0.228949279
vn -0.268914193 -0.901815772 -0.338250637
vn -0.268914193 -0.901815772 -0.338250637
vn -0.268914193 -0.901815772 -0.338250637
vn 0.322177172 0.932108283 0.165457189
vn 0.322177172 0.932108283 0.165457189
vn 0.322177172 0.932108283 0.165457189
vn 0.343005538 0.616746902 0.708498657
vn 0.343005538 0.616746902 0.708498657
vn 0.343005538 0.616746902 0.708498657
vn 0.119856142 0.94151473 0.314935863
vn 0.119856142 0.94151473 0.314935863
vn 0.119856142 0.94151473 0.314935863
vn 0.300155401 0.864714026 0.402711481
vn 0.300155401 0.864714026 0.402711481
vn 0.300155401 0.864714026 0.402711481
vn 0.33786127 0.901104212 0.271773875
vn 0.33786127 0.901104212 0.271773875
vn 0.33786127 0.901104212 0.271773875
vn -0.0270685889 0.951144755 0.307556182
vn -0.0270685889 0.951144755 0.307556182
vn -0.0270685889 0.951144755 0.307556182
vn 0.016051909 0.910930336 0.412247956
vn 0.016051909 0.910930336 0.412247956
vn 0.016051909 0.910930336 0.412247956
vn -0.215691432 0.881487131 0.420068592
vn -0.215691432 0.881487131 0.420068592
vn -0.215691432 0.881487131 0.420068592
vn 0.169476241 -0.867728651 -0.467252344
vn 0.169476241 -0.867728651 -0.467252344
vn 0.169476241 -0.867728651 -0.467252344
vn -0.115918905 0.905264854 0.408727795
vn -0.115918905 0.905264854 0.408727795
vn -0.115918905 0.905264854 0.408727795
vn -0.0847823098 0.877912521 0.471255362
vn -0.0847823098 0.877912521 0.471255362
vn -0.0847823098 0.877912521 0.471255362
vn -0.1844742 0.929343522 0.319827735
vn -0.1844742 0.929343522 0.319827735
vn -0.1844742 0.929343522 0.319827735
vn -0.708974779 0.356268615 -0.608627439
vn -0.708974779 0.356268615 -0.608627439
vn -0.708974779 0.356268615 -0.608627439
vn -0.226098076 0.962603807 0.149243444
vn -0.226098076 0.962603807 0.149243444
vn -0.226098076 0.962603807 0.149243444
vn -0.179901481 0.97796905 0.10588643
vn -0.179901481 0.97796905 0.10588643
vn -0.179901481 0.97796905 0.10588643
vn 0.330127567 0.152495667 0.931536913
vn 0.330127567 0.152495667 0.931536913
vn 0.330127567 0.152495667 0.931536913
vn 0.0600794181 0.966421902 0.249838069
vn 0.0600794181 0.966421902 0.249838069
vn 0.0600794181 0.966421902 0.249838069
vn -0.335829645 0.930140436 0.148516566
vn -0.335829645 0.930140436 0.148516566
vn -0.335829645 0.930140436 0.148516566
vn -0.405548066 0.900362134 -0.15773046
vn -0.405548066 0.900362134 -0.15773046
vn -0.405548066 0.900362134 -0.15773046
vn -0.157115191 0.974787712 -0.158441171
vn -0.157115191 0.974787712 -0.158441171
vn -0.157115191 0.974787712 -0.158441171
vn -0.402672708 0.915262222 -0.0122352149
vn -0.402672708 0.915262222 -0.0122352149
vn -0.402672708 0.915262222 -0.0122352149
vn -0.473586679 0.878401041 -0.064243041
vn -0.473586679 0.878401041 -0.064243041
vn -0.473586679 0.878401041 -0.064243041
vn -0 0.34382242 0.9390347
vn -0 0.34382242 0.9390347
vn -0 0.34382242 0.9390347
vn -0 -0.247211069 -0.968961656
vn -0 -0.247211069 -0.968961656
vn -0 -0.247211069 -0.968961656
vn -0.275524706 0.148250505 0.949793637
vn -0.275524706 0.148250505 0.949793637
vn -0.275524706 0.148250505 0.949793637
vn 0.138286889 -0.0744070485 -0.987593234
vn 0.138286889 -0.0744070485 -0.987593234
vn 0.138286889 -0.0744070485 -0.987593234
vn -0 0.149271771 0.988796234
vn -0 0.149271771 0.988796234
vn -0 0.149271771 0.988796234
vn -0.250307322 0.220855579 0.942639351
vn -0.250307322 0.220855579 0.942639351
vn -0.250307322 0.220855579 0.942639351
vn 0.182331532 -0.160876915 -0.969986498
vn 0.182331532 -0.160876915 -0.969986498
vn 0.182331532 -0.160876915 -0.969986498
vn -0.546858907 0.294243664 0.783815026
vn -0.546858907 0.294243664 0.783815026
vn -0.546858907 0.294243664 0.783815026
vn 0.634085357 -0.341174692 -0.693927765
vn 0.634085357 -0.341174692 -0.693927765
vn 0.634085357 -0.341174692 -0.693927765
vn 0.388002068 0.235255703 -0.891127944
vn 0.388002068 0.235255703 -0.891127944
vn 0.388002068 0.235255703 -0.891127944
vn 0.537199259 0.185578004 -0.82278651
vn 0.537199259 0.185578004 -0.82278651
vn 0.537199259 0.185578004 -0.82278651
vn 0.857451618 0.296340853 -0.420664757
vn 0.857451618 0.296340853 -0.420664757
vn 0.857451618 0.296340853 -0.420664757
vn 0.423024088 0.86963737 -0.254522145
vn 0.423024088 0.86963737 -0.254522145
vn 0.423024088 0.86963737 -0.254522145
vn -0.0351581872 0.0360554047 -0.998731196
vn -0.0351581872 0.0360554047 -0.998731196
vn -0.0351581872 0.0360554047 -0.998731196
vn 0.76553154 0.622229874 -0.163680911
vn 0.76553154 0.622229874 -0.163680911
vn 0.76553154 0.622229874 -0.163680911
vn 0.130065665 0.991477191 0.00746699562
vn 0.130065665 0.991477191 0.00746699562
vn 0.130065665 0.991477191 0.00746699562
vn -0.0871064812 -0.0286986567 -0.995785534
vn -0.0871064812 -0.0286986567 -0.995785534
vn -0.0871064812 -0.0286986567 -0.995785534
vn -0.00036916454 0.510236979 0.86003381
vn -0.00036916454 0.510236979 0.86003381
vn -0.00036916454 0.510236979 0.86003381
vn -0.370615631 0.351154 0.859845877
vn -0.370615631 0.351154 0.859845877
vn -0.370615631 0.351154 0.859845877
vn -0.537163615 0.196543232 0.82025975
vn -0.537163615 0.196543232 0.82025975
vn -0.537163615 0.196543232 0.82025975
vn -0.342582256 0.21485889 0.914589047
vn -0.342582256 0.21485889 0.914589047
vn -0.342582256 0.21485889 0.914589047
vn -0.344831765 0.317922533 0.883185327
vn -0.344831765 0.317922533 0.883185327
vn -0.344831765 0.317922533 0.883185327
vn -0.0527109578 0.543266416 0.837903976
vn -0.0527109578 0.543266416 0.837903976
vn -0.0527109578 0.543266416 0.837903976
vn -0.13736932 0.120608896 0.983149588
vn -0.13736932 0.120608896 0.983149588
vn -0.13736932 0.120608896 0.983149588
vn -0.000414948707 0.24921681 0.968447626
vn -0.000414948707 0.24921681 0.968447626
vn -0.000414948707 0.24921681 0.968447626
vn 0.176665664 0.155950516 0.971837759
vn 0.176665664 0.155950516 0.971837759
vn 0.176665664 0.155950516 0.971837759
vn -0.736151814 0.292920232 0.610146165
vn -0.736151814 0.292920232 0.610146165
vn -0.736151814 0.292920232 0.610146165
vn -0.35120666 0.845492363 0.40223965
vn -0.35120666 0.845492363 0.40223965
vn -0.35120666 0.845492363 0.40223965
vn 0.0745685622 0.989338517 0.125095382
vn 0.0745685622 0.989338517 0.125095382
vn 0.0745685622 0.989338517 0.125095382
vn 0.220891535 0.659527779 0.718491554
vn 0.220891535 0.659527779 0.718491554
vn 0.220891535 0.659527779 0.718491554
vn 0.533802152 0.597601235 0.598270774
vn 0.533802152 0.597601235 0.598270774
vn 0.533802152 0.597601235 0.598270774
vn 0.518721938 0.341296583 0.783864915
vn 0.518721938 0.341296583 0.783864915
vn 0.518721938 0.341296583 0.783864915
vn -0.430392832 0.902152956 0.0296986066
vn -0.430392832 0.902152956 0.0296986066
vn -0.430392832 0.902152956 0.0296986066
vn -0.356470823 0.862199128 -0.359918326
vn -0.356470823 0.862199128 -0.359918326
vn -0.356470823 0.862199128 -0.359918326
vn 0.122736834 0.851609647 -0.509604454
vn 0.122736834 0.851609647 -0.509604454
vn 0.122736834 0.851609647 -0.509604454
vn 0.303556532 0.83576256 -0.457552671
vn 0.303556532 0.83576256 -0.457552671
vn 0.303556532 0.83576256 -0.457552671
vn 0.485484779 0.663084507 -0.569757283
vn 0.485484779 0.663084507 -0.569757283
vn 0.485484779 0.663084507 -0.569757283
vn -0.178358898 0.0742955953 -0.981156707
vn -0.178358898 0.0742955953 -0.981156707
vn -0.178358898 0.0742955953 -0.981156707
vn 0.286562443 0.383139879 -0.878114879
vn 0.286562443 0.383139879 -0.878114879
vn 0.286562443 0.383139879 -0.878114879
vn 0.339939117 0.394421935 -0.853740454
vn 0.339939117 0.394421935 -0.853740454
vn 0.339939117 0.394421935 -0.853740454
vn 0.875246704 0.0439813733 0.481672883
vn 0.875246704 0.0439813733 0.481672883
vn 0.875246704 0.0439813733 0.481672883
vn 0.579979837 0.577284813 0.574774444
vn 0.579979837 0.577284813 0.574774444
vn 0.579979837 0.577284813 0.574774444
vn 0.253554046 0.376665801 -0.89097321
vn 0.253554046 0.376665801 -0.89097321
vn 0.253554046 0.376665801 -0.89097321
vn 0.598245084 0.439115077 -0.670284033
vn 0.598245084 0.439115077 -0.670284033
vn 0.598245084 0.439115077 -0.670284033
vn -0.280940831 -0.234717041 -0.930580616
vn -0.280940831 -0.234717041 -0.930580616
vn -0.280940831 -0.234717041 -0.930580616
vn -0.145467237 -0.387595266 -0.910279691
vn -0.145467237 -0.387595266 -0.910279691
vn -0.145467237 -0.387595266 -0.910279691
vn 0.486732841 0.0483255535 -0.872213185
vn 0.486732841 0.0483255535 -0.872213185
vn 0.486732841 0.0483255535 -0.872213185
vn 0.722141385 0.691514671 0.017867323
vn 0.722141385 0.691514671 0.017867323
vn 0.722141385 0.691514671 0.017867323
vn 0.344019115 0.93513459 -0.0847008452
vn 0.344019115 0.93513459 -0.0847008452
vn 0.344019115 0.93513459 -0.0847008452
vn -0.834531605 -0.417683631 -0.359301329
vn -0.834531605 -0.417683631 -0.359301329
vn -0.834531605 -0.417683631 -0.359301329
vn -0.47124356 -0.827638865 -0.304866165
vn -0.47124356 -0.827638865 -0.304866165
vn -0.47124356 -0.827638865 -0.304866165
vn 0.993856966 -0.0198002309 0.108886875
vn 0.993856966 -0.0198002309 0.108886875
vn 0.993856966 -0.0198002309 0.108886875
vn 0.477622986 0.79862088 0.366170734
vn 0.477622986 0.79862088 0.366170734
vn 0.477622986 0.79862088 0.366170734
vn -0.840157926 0.214800611 0.497991294
vn -0.840157926 0.214800611 0.497991294
vn -0.840157926 0.214800611 0.497991294
vn -0.723643422 -0.594776213 0.350116163
vn -0.723643422 -0.594776213 0.350116163
vn -0.723643422 -0.594776213 0.350116163
vn 0.0614697635 -0.751444459 0.656926751
vn 0.0614697635 -0.751444459 0.656926751
vn 0.0614697635 -0.751444459 0.656926751
vn 0.660013795 0.383191973 0.646177769
vn 0.660013795 0.383191973 0.646177769
vn 0.660013795 0.383191973 0.646177769
vn 0.0718740299 0.35042274 0.933829784
vn 0.0718740299 0.35042274 0.933829784
vn 0.0718740299 0.35042274 0.933829784
vn -0.219639003 0.132650644 0.966520786
vn -0.219639003 0.132650644 0.966520786
vn -0.219639003 0.132650644 0.966520786
vn -0.394925594 -0.23192507 0.888956964
vn -0.394925594 -0.23192507 0.888956964
vn -0.394925594 -0.23192507 0.888956964
vn -0.0214248095 -0.132897526 0.990898192
vn -0.0214248095 -0.132897526 0.990898192
vn -0.0214248095 -0.132897526 0.990898192
vn 0.26355499 0.187553018 0.946236074
vn 0.26355499 0.187553018 0.946236074
vn 0.26355499 0.187553018 0.946236074
vn 0.551396191 -0.151287809 0.820410967
vn 0.551396191 -0.151287809 0.820410967
vn 0.551396191 -0.151287809 0.820410967
vn 0.598712921 -0.765028119 0.237223178
vn 0.598712921 -0.765028119 0.237223178
vn 0.598712921 -0.765028119 0.237223178
vn 0.121863008 -0.257489383 0.95856595
vn 0.121863008 -0.257489383 0.95856595
vn 0.121863008 -0.257489383 0.95856595
vn -0.273956627 -0.0830420405 -0.958150208
vn -0.273956627 -0.0830420405 -0.958150208
vn -0.273956627 -0.0830420405 -0.958150208
vn -0.243400455 -0.400505453 0.883375108
vn -0.243400455 -0.400505453 0.883375108
vn -0.243400455 -0.400505453 0.883375108
vn 0.793995321 -0.446475834 0.412590325
vn 0.793995321 -0.446475834 0.412590325
vn 0.793995321 -0.446475834 0.412590325
vn -0.800615489 -0.0897771716 -0.592414379
vn -0.800615489 -0.0897771716 -0.592414379
vn -0.800615489 -0.0897771716 -0.592414379
vn -0.0748426989 -0.44768703 0.891052723
vn -0.0748426989 -0.44768703 0.891052723
vn -0.0748426989 -0.44768703 0.891052723
vn -0.50328809 -0.145444572 0.851790369
vn -0.50328809 -0.145444572 0.851790369
vn -0.50328809 -0.145444572 0.851790369
vn 0.194856659 -0.119737573 0.973495662
vn 0.194856659 -0.119737573 0.973495662
vn 0.194856659 -0.119737573 0.973495662
vn -0.829059184 -0.107273079 -0.54877454
vn -0.829059184 -0.107273079 -0.54877454
vn -0.829059184 -0.107273079 -0.54877454
vn -0.3975133 -0.00391751109 0.917587996
vn -0.3975133 -0.00391751109 0.917587996
vn -0.3975133 -0.00391751109 0.917587996
vn -0.699804068 -0.17688334 -0.692088604
vn -0.699804068 -0.17688334 -0.692088604
vn -0.699804068 -0.17688334 -0.692088604
vn -0.63350749 -0.343233645 0.693439901
vn -0.63350749 -0.343233645 0.693439901
vn -0.63350749 -0.343233645 0.693439901
vn -0.0844360441 0.0469036177 -0.995324373
vn -0.0844360441 0.0469036177 -0.995324373
vn -0.0844360441 0.0469036177 -0.995324373
vn -0.638088048 -0.293557554 0.71180588
vn -0.638088048 -0.293557554 0.71180588
vn -0.638088048 -0.293557554 0.71180588
vn -0.495978832 -0.191317454 -0.846996307
vn -0.495978832 -0.191317454 -0.846996307
vn -0.495978832 -0.191317454 -0.846996307
vn -0.48239097 -0.110789545 0.868921578
vn -0.48239097 -0.110789545 0.868921578
vn -0.48239097 -0.110789545 0.868921578
vn -0.692838371 -0.510999918 0.508776963
vn -0.692838371 -0.510999918 0.508776963
vn -0.692838371 -0.510999918 0.508776963
vn 0.241631687 -0.133580029 -0.961129785
vn 0.241631687 -0.133580029 -0.961129785
vn 0.241631687 -0.133580029 -0.961129785
vn -0.0292132646 -0.76629895 -0.641819596
vn -0.0292132646 -0.76629895 -0.641819596
vn -0.0292132646 -0.76629895 -0.641819596
vn 0.578987956 -0.341889113 0.740192354
vn 0.578987956 -0.341889113 0.740192354
vn 0.578987956 -0.341889113 0.740192354
vn 0.0393499471 -0.86772275 -0.495488554
vn 0.0393499471 -0.86772275 -0.495488554
vn 0.0393499471 -0.86772275 -0.495488554
vn 0.705992699 0.599832892 0.376529843
vn 0.705992699 0.599832892 0.376529843
vn 0.705992699 0.599832892 0.376529843
vn 0.227789193 -0.1044067 0.968096793
vn 0.227789193 -0.1044067 0.968096793
vn 0.227789193 -0.1044067 0.968096793
vn -0.204534426 -0.104958862 0.973215997
vn -0.204534426 -0.104958862 0.973215997
vn -0.204534426 -0.104958862 0.973215997
vn 0.189208448 -0.106959857 0.976094186
vn 0.189208448 -0.106959857 0.976094186
vn 0.189208448 -0.106959857 0.976094186
vn -0.354663104 -0.161259726 0.920982838
vn -0.354663104 -0.161259726 0.920982838
vn -0.354663104 -0.161259726 0.920982838
vn -0.0537257977 -0.260148376 0.964072764
vn -0.0537257977 -0.260148376 0.964072764
vn -0.0537257977 -0.260148376 0.964072764
vn -0.252575129 0.149923533 0.95589155
vn -0.252575129 0.149923533 0.95589155
vn -0.252575129 0.149923533 0.95589155
vn -0.632733226 -0.178998858 0.753397703
vn -0.632733226 -0.178998858 0.753397703
vn -0.632733226 -0.178998858 0.753397703
vn -0.0898722783 0.299961627 -0.949708402
vn -0.0898722783 0.299961627 -0.949708402
vn -0.0898722783 0.299961627 -0.949708402
vn 0.199898392 0 -0.979816616
vn 0.199898392 0 -0.979816616
vn 0.199898392 0 -0.979816616
vn 0.0974667221 0.493643165 -0.864185512
vn 0.0974667221 0.493643165 -0.864185512
vn 0.0974667221 0.493643165 -0.864185512
vn 0.297425151 0.694244206 -0.655410767
vn 0.297425151 0.694244206 -0.655410767
vn 0.297425151 0.694244206 -0.655410767
vn 0.35405606 0.765599728 -0.537123322
vn 0.35405606 0.765599728 -0.537123322
vn 0.35405606 0.765599728 -0.537123322
vn -0.890626669 0.360588878 -0.277055264
vn -0.890626669 0.360588878 -0.277055264
vn -0.890626669 0.360588878 -0.277055264
vn -0.482751399 0.303629279 -0.821438015
vn -0.482751399 0.303629279 -0.821438015
vn -0.482751399 0.303629279 -0.821438015
vn -0.622117102 0.760869682 -0.184519798
vn -0.622117102 0.760869682 -0.184519798
vn -0.622117102 0.760869682 -0.184519798
vn -0.548461199 0.789999425 -0.274027884
vn -0.548461199 0.789999425 -0.274027884
vn -0.548461199 0.789999425 -0.274027884
vn -0.548963606 0.835745752 -0.01296358
vn -0.548963606 0.835745752 -0.01296358
vn -0.548963606 0.835745752 -0.01296358
vn -0.431670874 0.85813266 -0.277972311
vn -0.431670874 0.85813266 -0.277972311
vn -0.431670874 0.85813266 -0.277972311
vn 0.809046388 0.44190231 -0.387513041
vn 0.809046388 0.44190231 -0.387513041
vn 0.809046388 0.44190231 -0.387513041
vn 0.447112888 0.40582931 -0.797115147
vn 0.447112888 0.40582931 -0.797115147
vn 0.447112888 0.40582931 -0.797115147
vn 0.168774217 0.392383754 -0.904184818
vn 0.168774217 0.392383754 -0.904184818
vn 0.168774217 0.392383754 -0.904184818
vn 0.426089913 -0.0267733559 0.904284537
vn 0.426089913 -0.0267733559 0.904284537
vn 0.426089913 -0.0267733559 0.904284537
vn -0.480012774 -0.0766144097 0.873909533
vn -0.480012774 -0.0766144097 0.873909533
vn -0.480012774 -0.0766144097 0.873909533
vn -0.28077212 -0.0790248439 0.956515551
vn -0.28077212 -0.0790248439 0.956515551
vn -0.28077212 -0.0790248439 0.956515551
vn 0.0021620309 -0.0898703411 0.995951056
vn 0.0021620309 -0.0898703411 0.995951056
vn 0.0021620309 -0.0898703411 0.995951056
vn 0.0347436294 0.008324733 0.999361575
vn 0.0347436294 0.008324733 0.999361575
vn 0.0347436294 0.008324733 0.999361575
vn 0.0347435102 -0.008324733 0.999361575
vn 0.0347435102 -0.008324733 0.999361575
vn 0.720039427 0.35044241 0.598943412
vn 0.720039427 0.35044241 0.598943412
vn 0.720039427 0.35044241 0.598943412
vn -0.201227322 0.904679775 -0.375582367
vn -0.201227322 0.904679775 -0.375582367
vn -0.201227322 0.904679775 -0.375582367
vn 0.366929352 -0.862651944 0.348130107
vn 0.366929352 -0.862651944 0.348130107
vn 0.366929352 -0.862651944 0.348130107
vn -0.102017395 -0.965803027 -0.238362655
vn -0.102017395 -0.965803027 -0.238362655
vn -0.102017395 -0.965803027 -0.238362655
vn -0.268914193 0.901815772 -0.338250637
vn -0.268914193 0.901815772 -0.338250637
vn -0.268914193 0.901815772 -0.338250637
vn -0.0905911997 -0.995747626 -0.0167306568
vn -0.0905911997 -0.995747626 -0.0167306568
vn -0.0905911997 -0.995747626 -0.0167306568
vn 0.282426298 -0.669284225 0.687236547
vn 0.282426298 -0.669284225 0.687236547
vn 0.282426298 -0.669284225 0.687236547
vn 0.119856142 -0.94151473 0.314935863
vn 0.119856142 -0.94151473 0.314935863
vn 0.119856142 -0.94151473 0.314935863
vn 0.324745506 -0.877669752 0.352471352
vn 0.324745506 -0.877669752 0.352471352
vn 0.324745506 -0.877669752 0.352471352
vn 0.33786127 -0.901104212 0.271773875
vn 0.33786127 -0.901104212 0.271773875
vn 0.33786127 -0.901104212 0.271773875
vn -0.0270685889 -0.951144755 0.307556182
vn -0.0270685889 -0.951144755 0.307556182
vn -0.0270685889 -0.951144755 0.307556182
vn 0.0477580391 0.91966486 -0.389789313
vn 0.0477580391 0.91966486 -0.389789313
vn 0.0477580391 0.91966486 -0.389789313
vn 0.0141520863 -0.954832554 0.29680723
vn 0.0141520863 -0.954832554 0.29680723
vn 0.0141520863 -0.954832554 0.29680723
vn -0.325082541 -0.754993677 0.569478571
vn -0.325082541 -0.754993677 0.569478571
vn -0.325082541 -0.754993677 0.569478571
vn 0.169476241 0.867728651 -0.467252344
vn 0.169476241 0.867728651 -0.467252344
vn 0.169476241 0.867728651 -0.467252344
vn -0.115918905 -0.905264854 0.408727795
vn -0.115918905 -0.905264854 0.408727795
vn -0.115918905 -0.905264854 0.408727795
vn -0.207194284 -0.784279585 0.58478719
vn -0.207194284 -0.784279585 0.58478719
vn -0.207194284 -0.784279585 0.58478719
vn -0.1844742 -0.929343522 0.319827735
vn -0.1844742 -0.929343522 0.319827735
vn -0.1844742 -0.929343522 0.319827735
vn -0.226098076 -0.962603807 0.149243444
vn -0.226098076 -0.962603807 0.149243444
vn -0.226098076 -0.962603807 0.149243444
vn -0.17141901 -0.983958781 0.0494013168
vn -0.17141901 -0.983958781 0.0494013168
vn -0.17141901 -0.983958781 0.0494013168
vn 0.0600794181 -0.966421902 0.249838069
vn 0.0600794181 -0.966421902 0.249838069
vn 0.0600794181 -0.966421902 0.249838069
vn -0.101328567 -0.991808355 -0.0777728409
vn -0.101328567 -0.991808355 -0.0777728409
vn -0.101328567 -0.991808355 -0.0777728409
vn -0.402672708 -0.915262222 -0.0122352149
vn -0.402672708 -0.915262222 -0.0122352149
vn -0.402672708 -0.915262222 -0.0122352149
vn -0.473586679 -0.878401041 -0.064243041
vn -0.473586679 -0.878401041 -0.064243041
vn -0.473586679 -0.878401041 -0.064243041
vn -0.120182522 -0.316791713 0.940850317
vn -0.120182522 -0.316791713 0.940850317
vn -0.120182522 -0.316791713 0.940850317
vn -0 0.247211069 -0.968961656
vn -0 0.247211069 -0.968961656
vn -0 0.247211069 -0.968961656
vn -0.275524706 -0.148250505 0.949793637
vn -0.275524706 -0.148250505 0.949793637
vn -0.275524706 -0.148250505 0.949793637
vn 0.153435796 0.0168004129 -0.988015831
vn 0.153435796 0.0168004129 -0.988015831
vn 0.153435796 0.0168004129 -0.988015831
vn -0 -0.149271771 0.988796234
vn -0 -0.149271771 0.988796234
vn -0 -0.149271771 0.988796234
vn -0.250307322 -0.220855579 0.942639351
vn -0.250307322 -0.220855579 0.942639351
vn -0.250307322 -0.220855579 0.942639351
vn 0.21298556 0.114598587 -0.970311522
vn 0.21298556 0.114598587 -0.970311522
vn 0.21298556 0.114598587 -0.970311522
vn -0.546858907 -0.294243664 0.783815026
vn -0.546858907 -0.294243664 0.783815026
vn -0.546858907 -0.294243664 0.783815026
vn 0.747086048 0.0818013549 -0.659674823
vn 0.747086048 0.0818013549 -0.659674823
vn 0.747086048 0.0818013549 -0.659674823
vn 0.700453997 -0.0966679677 0.707120538
vn 0.700453997 -0.0966679677 0.707120538
vn 0.700453997 -0.0966679677 0.707120538
vn 0.90738529 -0.240479186 0.344705552
vn 0.90738529 -0.240479186 0.344705552
vn 0.90738529 -0.240479186 0.344705552
vn 0.44789508 -0.580692232 0.679843009
vn 0.44789508 -0.580692232 0.679843009
vn 0.44789508 -0.580692232 0.679843009
vn 0.598712623 0.765028298 0.237223044
vn 0.598712623 0.765028298 0.237223044
vn 0.598712623 0.765028298 0.237223044
vn 0.972437441 0.0483797304 -0.22808972
vn 0.972437441 0.0483797304 -0.22808972
vn 0.972437441 0.0483797304 -0.22808972
vn 0.121863037 0.257489383 0.95856595
vn 0.121863037 0.257489383 0.95856595
vn 0.121863037 0.257489383 0.95856595
vn 0.93716383 0.134687439 -0.321843535
vn 0.93716383 0.134687439 -0.321843535
vn 0.93716383 0.134687439 -0.321843535
vn -0.24340038 0.400505453 0.883375108
vn -0.24340038 0.400505453 0.883375108
vn -0.24340038 0.400505453 0.883375108
vn 0.961921215 0.248502493 0.113815956
vn 0.961921215 0.248502493 0.113815956
vn 0.961921215 0.248502493 0.113815956
vn -0.800615489 0.0897770599 -0.592414498
vn -0.800615489 0.0897770599 -0.592414498
vn -0.800615489 0.0897770599 -0.592414498
vn -0.0748429373 0.44768703 0.891052723
vn -0.0748429373 0.44768703 0.891052723
vn -0.0748429373 0.44768703 0.891052723
vn 0.194856346 0.119737588 0.973495722
vn 0.194856346 0.119737588 0.973495722
vn 0.194856346 0.119737588 0.973495722
vn -0.50328809 0.145444572 0.851790369
vn -0.50328809 0.145444572 0.851790369
vn -0.50328809 0.145444572 0.851790369
vn -0.739968836 0.251396686 -0.623895586
vn -0.739968836 0.251396686 -0.623895586
vn -0.739968836 0.251396686 -0.623895586
vn -0.344338536 0.147411272 0.927200556
vn -0.344338536 0.147411272 0.927200556
vn -0.344338536 0.147411272 0.927200556
vn -0.756026983 0.116865106 -0.644023001
vn -0.756026983 0.116865106 -0.644023001
vn -0.756026983 0.116865106 -0.644023001
vn -0.633507371 0.343233615 0.69343996
vn -0.633507371 0.343233615 0.69343996
vn -0.633507371 0.343233615 0.69343996
vn -0.0844360441 -0.0469036177 -0.995324373
vn -0.0844360441 -0.0469036177 -0.995324373
vn -0.0844360441 -0.0469036177 -0.995324373
vn -0.654812098 0.413659692 0.632539928
vn -0.654812098 0.413659692 0.632539928
vn -0.654812098 0.413659692 0.632539928
vn -0.495978922 0.191317439 -0.846996188
vn -0.495978922 0.191317439 -0.846996188
vn -0.495978922 0.191317439 -0.846996188
vn -0.692838371 0.511000037 0.508776844
vn -0.692838371 0.511000037 0.508776844
vn -0.692838371 0.511000037 0.508776844
vn -0.482390851 0.110790789 0.868921399
vn -0.482390851 0.110790789 0.868921399
vn -0.482390851 0.110790789 0.868921399
vn 0.122237898 0.122161552 -0.984954
vn 0.122237898 0.122161552 -0.984954
vn 0.122237898 0.122161552 -0.984954
vn 0.162418574 0.0247607362 -0.986411273
vn 0.162418574 0.0247607362 -0.986411273
vn 0.162418574 0.0247607362 -0.986411273
vn -0.0292133465 0.766299307 -0.641819239
vn -0.0292133465 0.766299307 -0.641819239
vn -0.0292133465 0.766299307 -0.641819239
vn 0.693999529 0.202007622 0.691055417
vn 0.693999529 0.202007622 0.691055417
vn 0.693999529 0.202007622 0.691055417
vn 0.285361469 0.523865521 -0.802579463
vn 0.285361469 0.523865521 -0.802579463
vn 0.285361469 0.523865521 -0.802579463
vn 0.0393498912 0.867722631 -0.495488524
vn 0.0393498912 0.867722631 -0.495488524
vn 0.0393498912 0.867722631 -0.495488524
vn 0.705992758 -0.599832833 0.376530051
vn 0.705992758 -0.599832833 0.376530051
vn 0.705992758 -0.599832833 0.376530051
vn 0.227789193 0.1044067 0.968096793
vn 0.227789193 0.1044067 0.968096793
vn 0.227789193 0.1044067 0.968096793
vn 0.0232126135 0.19359009 0.980807841
vn 0.0232126135 0.19359009 0.980807841
vn 0.0232126135 0.19359009 0.980807841
vn -0.413991451 0.237150505 0.878846288
vn -0.413991451 0.237150505 0.878846288
vn -0.413991451 0.237150505 0.878846288
vn 0.288159549 -0.27363798 0.917652667
vn 0.288159549 -0.27363798 0.917652667
vn 0.288159549 -0.27363798 0.917652667
vn -0.632733405 0.178998843 0.753397584
vn -0.632733405 0.178998843 0.753397584
vn -0.632733405 0.178998843 0.753397584
vn -0.252575129 -0.149923757 0.95589155
vn -0.252575129 -0.149923757 0.95589155
vn -0.252575129 -0.149923757 0.95589155
vn 0.199898258 0 -0.979816616
vn 0.199898258 0 -0.979816616
vn 0.199898258 0 -0.979816616
vn -0.0898722783 -0.299961567 -0.949708402
vn -0.0898722783 -0.299961567 -0.949708402
vn -0.0898722783 -0.299961567 -0.949708402
vn 0.0974667221 -0.493643165 -0.864185512
vn 0.0974667221 -0.493643165 -0.864185512
vn 0.0974667221 -0.493643165 -0.864185512
vn 0.307788372 -0.713175416 -0.629799247
vn 0.307788372 -0.713175416 -0.629799247
vn 0.307788372 -0.713175416 -0.629799247
vn 0.518453538 -0.744130254 -0.421279073
vn 0.518453538 -0.744130254 -0.421279073
vn 0.518453538 -0.744130254 -0.421279073
vn -0.939368963 -0.321845144 -0.118328281
vn -0.939368963 -0.321845144 -0.118328281
vn -0.939368963 -0.321845144 -0.118328281
vn -0.692327201 -0.690493226 -0.20952864
vn -0.692327201 -0.690493226 -0.20952864
vn -0.692327201 -0.690493226 -0.20952864
vn -0.258333117 -0.960276723 -0.105510436
vn -0.258333117 -0.960276723 -0.105510436
vn -0.258333117 -0.960276723 -0.105510436
vn -0.272661805 -0.910797417 -0.310006082
vn -0.272661805 -0.910797417 -0.310006082
vn -0.272661805 -0.910797417 -0.310006082
vn 0.877645373 -0.41351217 -0.242376506
vn 0.877645373 -0.41351217 -0.242376506
vn 0.877645373 -0.41351217 -0.242376506
vn 0.654709816 -0.377770513 -0.654709578
vn 0.654709816 -0.377770513 -0.654709578
vn 0.654709816 -0.377770513 -0.654709578
vn 0.281614333 -0.335882843 -0.898819208
vn 0.281614333 -0.335882843 -0.898819208
vn 0.281614333 -0.335882843 -0.898819208
vn 0.159521252 0.220628574 0.962224543
vn 0.159521252 0.220628574 0.962224543
vn 0.159521252 0.220628574 0.962224543
vn -0.412421912 0.0269602183 0.910593927
vn -0.412421912 0.0269602183 0.910593927
vn -0.412421912 0.0269602183 0.910593927
vn -0.288674444 0.0836159289 0.953769088
vn -0.288674444 0.0836159289 0.953769088
vn -0.288674444 0.0836159289 0.953769088
vn 0.00216213078 0.0898703188 0.995951056
vn 0.00216213078 0.0898703188 0.995951056
vn 0.00216213078 0.0898703188 0.995951056
vn 0.720039546 -0.35044238 0.598943472
vn 0.720039546 -0.35044238 0.598943472
vn 0.720039546 -0.35044238 0.598943472
vn -0.166879341 -0.932061434 -0.321578354
vn -0.166879341 -0.932061434 -0.321578354
vn -0.166879341 -0.932061434 -0.321578354
vn 0.315455407 0.672848642 0.669150591
vn 0.315455407 0.672848642 0.669150591
vn 0.315455407 0.672848642 0.669150591
vn -0.0815298185 0.996406615 -0.0229501482
vn -0.0815298185 0.996406615 -0.0229501482
vn -0.0815298185 0.996406615 -0.0229501482
vn -0.334444135 -0.911722362 -0.2385571
vn -0.334444135 -0.911722362 -0.2385571
vn -0.334444135 -0.911722362 -0.2385571
vn -0.0905912668 0.995747626 -0.0167317744
vn -0.0905912668 0.995747626 -0.0167317744
vn -0.0905912668 0.995747626 -0.0167317744
vn 0.28242597 0.669283748 0.687237024
vn 0.28242597 0.669283748 0.687237024
vn 0.28242597 0.669283748 0.687237024
vn 0.193175539 0.920470834 0.339730203
vn 0.193175539 0.920470834 0.339730203
vn 0.193175539 0.920470834 0.339730203
vn 0.324745446 0.877669871 0.352471292
vn 0.324745446 0.877669871 0.352471292
vn 0.324745446 0.877669871 0.352471292
vn 0.192864075 0.967341661 0.164479494
vn 0.192864075 0.967341661 0.164479494
vn 0.192864075 0.967341661 0.164479494
vn -0.218154609 0.871939778 0.438326031
vn -0.218154609 0.871939778 0.438326031
vn -0.218154609 0.871939778 0.438326031
vn -0.0707030669 0.954504251 0.289694011
vn -0.0707030669 0.954504251 0.289694011
vn -0.0707030669 0.954504251 0.289694011
vn 0.0477580242 -0.91966486 -0.389789313
vn 0.0477580242 -0.91966486 -0.389789313
vn 0.0477580242 -0.91966486 -0.389789313
vn 0.0141518824 0.954832435 0.296807379
vn 0.0141518824 0.954832435 0.296807379
vn 0.0141518824 0.954832435 0.296807379
vn -0.325082511 0.754993737 0.569478452
vn -0.325082511 0.754993737 0.569478452
vn -0.325082511 0.754993737 0.569478452
vn 0.226804912 -0.816211641 -0.53137368
vn 0.226804912 -0.816211641 -0.53137368
vn 0.226804912 -0.816211641 -0.53137368
vn -0.207194448 0.784279585 0.58478713
vn -0.207194448 0.784279585 0.58478713
vn -0.207194448 0.784279585 0.58478713
vn -0.0959659889 0.955490768 0.278976381
vn -0.0959659889 0.955490768 0.278976381
vn -0.0959659889 0.955490768 0.278976381
vn -0.0857245103 0.985148787 0.148772269
vn -0.0857245103 0.985148787 0.148772269
vn -0.0857245103 0.985148787 0.148772269
vn -0.17141895 0.9839589 0.0494013019
vn -0.17141895 0.9839589 0.0494013019
vn -0.17141895 0.9839589 0.0494013019
vn -0.501647532 0.60796994 0.615404189
vn -0.501647532 0.60796994 0.615404189
vn -0.501647532 0.60796994 0.615404189
vn -0.101328701 0.991808355 -0.0777729452
vn -0.101328701 0.991808355 -0.0777729452
vn -0.101328701 0.991808355 -0.0777729452
vn -0.456119269 0.889640391 0.0222524442
vn -0.456119269 0.889640391 0.0222524442
vn -0.456119269 0.889640391 0.0222524442
vn -0.423600972 0.90028888 -0.100210831
vn -0.423600972 0.90028888 -0.100210831
vn -0.423600972 0.90028888 -0.100210831
vn -0.120181687 0.316791743 0.940850377
vn -0.120181687 0.316791743 0.940850377
vn -0.120181687 0.316791743 0.940850377
vn 0.0863323584 -0.227564365 -0.969928384
vn 0.0863323584 -0.227564365 -0.969928384
vn 0.0863323584 -0.227564365 -0.969928384
vn -0.306098521 0.0335136503 0.951409817
vn -0.306098521 0.0335136503 0.951409817
vn -0.306098521 0.0335136503 0.951409817
vn 0.153435364 -0.0168003626 -0.98801595
vn 0.153435364 -0.0168003626 -0.98801595
vn 0.153435364 -0.0168003626 -0.98801595
vn -0.292475432 0.157371476 0.94323504
vn -0.292475432 0.157371476 0.94323504
vn -0.292475432 0.157371476 0.94323504
vn 0.212985858 -0.114598647 -0.970311403
vn 0.212985858 -0.114598647 -0.970311403
vn 0.212985858 -0.114598647 -0.970311403
vn -0.652411461 0.0714324489 0.754491031
vn -0.652411461 0.0714324489 0.754491031
vn -0.652411461 0.0714324489 0.754491031
vn 0.747085392 -0.0818013027 -0.659675598
vn 0.747085392 -0.0818013027 -0.659675598
vn 0.747085392 -0.0818013027 -0.659675598
vn 0.700454175 0.096666798 0.707120478
vn 0.700454175 0.096666798 0.707120478
vn 0.700454175 0.096666798 0.707120478
vn 0.90738529 0.24047859 0.344705552
vn 0.90738529 0.24047859 0.344705552
vn 0.90738529 0.24047859 0.344705552
vn 0.447895169 0.58069247 0.67984277
vn 0.447895169 0.58069247 0.67984277
vn 0.447895169 0.58069247 0.67984277
vn 0.859292746 0 -0.511484087
vn 0.859292746 0 -0.511484087
vn 0.859292746 0 -0.511484087
vn 0.859293044 0 -0.51148361
vn 0.619745255 -0.00034906948 0.784803033
vn 0.619745255 -0.00034906948 0.784803033
vn 0.619745255 -0.00034906948 0.784803033
vn 0.619745255 0.00034906948 0.784803033
vn 0.909890413 -0.0431826487 -0.412595212
vn 0.909890413 -0.0431826487 -0.412595212
vn 0.909890413 -0.0431826487 -0.412595212
vn 0.923728943 -0.0255752355 -0.382192075
vn 0.923728943 -0.0255752355 -0.382192075
vn 0.791589975 0 -0.611052692
vn 0.791589975 0 -0.611052692
vn 0.791589975 0 -0.611052692
vn 0.791590512 0 -0.611052036
vn -0.341414422 0 -0.939912796
vn -0.341414422 0 -0.939912796
vn -0.341414422 0 -0.939912796
vn -0.341414422 0 -0.939912796
vn 0.707106829 0 -0.70710665
vn 0.707106829 0 -0.70710665
vn 0.707106829 0 -0.70710665
vn 0.707106173 0 -0.707107365
vn -0.194709823 -0.189358965 -0.962409079
vn -0.194709823 -0.189358965 -0.962409079
vn -0.194709823 -0.189358965 -0.962409079
vn -0.192165211 -0.189532757 -0.962886214
vn 0.638335645 0 -0.769758105
vn 0.638335645 0 -0.769758105
vn 0.641420245 0 -0.767189682
vn 0.641420245 0 -0.767189682
vn 0.641420245 0 -0.767189682
vn 0.641420484 0 -0.767189562
vn 0.565338194 -0.0355450623 -0.824092984
vn 0.565338194 -0.0355450623 -0.824092984
vn 0.565338194 -0.0355450623 -0.824092984
vn 0.557794511 0 -0.829979002
vn -0.525848448 -0.319841057 0.788152993
vn -0.525848448 -0.319841057 0.788152993
vn -0.525848448 -0.319841057 0.788152993
vn -0.509965718 -0.336163551 0.791788578
vn -0.509965718 -0.336163551 0.791788578
vn -0.0401882604 -0.000396098767 0.999192059
vn -0.0401882604 -0.000396098767 0.999192059
vn -0.0401882604 -0.000396098767 0.999192059
vn -0.0403711125 0 0.999184787
vn -0.609143555 -0.167019993 -0.775273144
vn -0.609143555 -0.167019993 -0.775273144
vn -0.609143555 -0.167019993 -0.775273144
vn -0.613789201 -0.169928446 -0.77096504
vn -0.274902374 0 0.961472154
vn -0.274902374 0 0.961472154
vn -0.274902374 0 0.961472154
vn -0.305933833 0 0.952052712
vn -0.305933833 0 0.952052712
vn -0.305932015 0 0.952053368
vn -0.774363637 -0.265404284 0.574387908
vn -0.774363637 -0.265404284 0.574387908
vn -0.774363637 -0.265404284 0.574387908
vn -0.772296846 -0.241707578 0.587481976
vn -0.203709453 -0.161283344 -0.965655327
vn -0.203709453 -0.161283344 -0.965655327
vn -0.203709453 -0.161283344 -0.965655327
vn -0.183929786 -0.142803431 -0.972510695
vn 0.15596278 0 0.987762868
vn 0.15596278 0 0.987762868
vn 0.15596278 0 0.987762868
vn 0.155962661 0 0.987762988
vn -0.220260888 0 0.975440979
vn -0.220260888 0 0.975440979
vn -0.220260888 0 0.975440979
vn -0.220261499 0 0.97544086
vn 0.229037508 0 0.97341758
vn 0.229037508 0 0.97341758
vn 0.229037508 0 0.97341758
vn 0.229042009 0 0.973416567
vn 0.447455496 -0.274977893 0.850982249
vn 0.447455496 -0.274977893 0.850982249
vn 0.447455496 -0.274977893 0.850982249
vn 0.440289795 -0.286814928 0.850812614
vn 0.88235265 0 0.470588773
vn 0.88235265 0 0.470588773
vn 0.88235265 0 0.470588773
vn 0.882352948 0 0.470588207
vn -0.424547523 -0.904865205 -0.0312791616
vn -0.424547523 -0.904865205 -0.0312791616
vn -0.424547523 -0.904865205 -0.0312791616
vn -0.412358135 -0.910402298 -0.0335903019
vn -0.329962403 -0.844203591 0.422427505
vn -0.329962403 -0.844203591 0.422427505
vn -0.329962403 -0.844203591 0.422427505
vn -0.313543409 -0.830613732 0.460186213
vn -0.313543409 -0.830613732 0.460186213
vn -0.436292887 -0.807650924 0.396671921
vn -0.436292887 -0.807650924 0.396671921
vn -0.436292887 -0.807650924 0.396671921
vn -0.465947419 -0.806251645 0.364487708
vn -0.468239248 -0.880266309 -0.0767022073
vn -0.486545473 -0.868387282 -0.0957964137
vn -0.468239248 -0.880266309 -0.0767022073
vn -0.489033341 -0.870839894 -0.0498426855
vn -0.486545473 -0.868387282 -0.0957964137
vn -0.486545473 -0.868387282 -0.0957964137
vn -0.497649163 -0.860136032 -0.11185471
vn -0.498602688 -0.859820664 -0.110017918
vn 0.960012794 -0.261469692 -0.100044921
vn 0.960012794 -0.261469692 -0.100044921
vn 0.960012794 -0.261469692 -0.100044921
vn 0.95269388 -0.288652092 -0.0951537564
vn 0.476617575 -0.878290772 0.0379620828
vn 0.476617575 -0.878290772 0.0379620828
vn 0.476617575 -0.878290772 0.0379620828
vn 0.504246593 -0.863290727 0.0215517059
vn -0.201076955 -0.973687708 -0.10723938
vn -0.201076955 -0.973687708 -0.10723938
vn -0.201076955 -0.973687708 -0.10723938
vn -0.204667866 -0.97254169 -0.110786803
vn -0.204667866 -0.97254169 -0.110786803
vn -0.334808856 -0.817918301 0.467881024
vn -0.334808856 -0.817918301 0.467881024
vn -0.334808856 -0.817918301 0.467881024
vn -0.35176599 -0.819078565 0.453178763
vn -0.349775285 -0.822348356 0.448776543
vn -0.031947948 -0.90324676 0.427930713
vn -0.031947948 -0.90324676 0.427930713
vn -0.031947948 -0.90324676 0.427930713
vn -0.0288559496 -0.906726241 0.420731336
vn -0.00332931569 -0.893748462 0.448555946
vn -0.378613502 -0.921113372 0.0905643106
vn -0.378613502 -0.921113372 0.0905643106
vn -0.378613502 -0.921113372 0.0905643106
vn -0.367465556 -0.926802397 0.0775012374
vn -0.0160910562 -0.776438713 0.629987299
vn -0.0160910562 -0.776438713 0.629987299
vn -0.0160910562 -0.776438713 0.629987299
vn -0.0118215159 -0.792691529 0.609508395
vn 0.204673171 -0.865917325 0.456394643
vn 0.204673171 -0.865917325 0.456394643
vn 0.204673171 -0.865917325 0.456394643
vn 0.205916092 -0.865992963 0.455691546
vn 0.242640764 -0.389847577 -0.888338029
vn 0.242640764 -0.389847577 -0.888338029
vn 0.242640764 -0.389847577 -0.888338029
vn 0.243228063 -0.368360609 -0.897301793
vn 0.173468232 -0.028885819 -0.98441571
vn 0.173468232 -0.028885819 -0.98441571
vn 0.173468232 -0.028885819 -0.98441571
vn 0.199035794 0.00234685815 -0.97998935
vn 0.0427697338 -0.0819366425 -0.995719492
vn 0.0784172714 -0.110440657 -0.990784287
vn 0.0427697338 -0.0819366425 -0.995719492
vn 0.0427697338 -0.0819366425 -0.995719492
vn 0.0425175577 -0.0485879891 -0.997913539
vn 0.0538918637 -0.998429835 0.0152810449
vn 0.0538918637 -0.998429835 0.0152810449
vn 0.0538918637 -0.998429835 0.0152810449
vn 0.0590335838 -0.998225033 0.0078577539
vn 0.530578911 -0.515462756 0.672892451
vn 0.530578911 -0.515462756 0.672892451
vn 0.530578911 -0.515462756 0.672892451
vn 0.529095292 -0.511711538 0.676911712
vn 0.0506205224 -0.985720217 -0.160602972
vn 0.0506205224 -0.985720217 -0.160602972
vn 0.0506205224 -0.985720217 -0.160602972
vn 0.0506204106 -0.985720217 -0.160602778
vn -0.210010201 -0.106498338 0.971881568
vn -0.210010201 -0.106498338 0.971881568
vn -0.210010201 -0.106498338 0.971881568
vn -0.212449178 -0.0834013447 0.973606467
vn -0.266627699 -0.166228145 0.949356616
vn -0.266627699 -0.166228145 0.949356616
vn -0.266627699 -0.166228145 0.949356616
vn -0.286330521 -0.185534492 0.939995706
vn 0.212972805 0.702917159 -0.678638339
vn 0.212972805 0.702917159 -0.678638339
vn 0.212972805 0.702917159 -0.678638339
vn 0.217354313 0.708971441 -0.670907319
vn 0.540882349 0.774778247 -0.32736069
vn 0.540882349 0.774778247 -0.32736069
vn 0.540882349 0.774778247 -0.32736069
vn 0.54378432 0.773773372 -0.324920535
vn -0.143690109 0.989622593 0.000646761269
vn -0.143690109 0.989622593 0.000646761269
vn -0.143690109 0.989622593 0.000646761269
vn -0.152535394 0.988285422 -0.0049954555
vn -0.308962405 0.950886667 0.0188906007
vn -0.308962405 0.950886667 0.0188906007
vn -0.308962405 0.950886667 0.0188906007
vn -0.285212904 0.958418608 -0.00934167299
vn -0.665222704 0.738533258 -0.109760426
vn -0.665222704 0.738533258 -0.109760426
vn -0.665222704 0.738533258 -0.109760426
vn -0.665578783 0.738198102 -0.109856628
vn -0.659678161 0.73501116 -0.156790674
vn -0.508787155 0.806939304 -0.299974114
vn -0.508787155 0.806939304 -0.299974114
vn -0.508787155 0.806939304 -0.299974114
vn -0.483768284 0.829048991 -0.280438691
vn -0.174129844 0.964615643 -0.197978511
vn -0.174129844 0.964615643 -0.197978511
vn -0.174129844 0.964615643 -0.197978511
vn -0.162072375 0.957558811 -0.23835595
vn 0.771209717 0.423907757 -0.474908143
vn 0.771209717 0.423907757 -0.474908143
vn 0.771209717 0.423907757 -0.474908143
vn 0.756897449 0.427419811 -0.494387031
vn 0.540642858 0.382442236 -0.749295235
vn 0.540642858 0.382442236 -0.749295235
vn 0.540642858 0.382442236 -0.749295235
vn 0.530734479 0.376364678 -0.759388328
vn -0.255362153 0.912752509 -0.318861902
vn -0.255362153 0.912752509 -0.318861902
vn -0.255362153 0.912752509 -0.318861902
vn -0.25578472 0.912732661 -0.31858024
vn 0.168052912 -0.909233451 0.380857974
vn 0.168052912 -0.909233451 0.380857974
vn 0.168052912 -0.909233451 0.380857974
vn 0.144280195 -0.917157054 0.371491969
vn 0.49921599 -0.865533173 0.0404446051
vn 0.49921599 -0.865533173 0.0404446051
vn 0.49921599 -0.865533173 0.0404446051
vn 0.529353857 -0.8474195 0.0408004969
vn 0.288606375 -0.927322447 0.238284498
vn 0.288606375 -0.927322447 0.238284498
vn 0.288606375 -0.927322447 0.238284498
vn 0.27158311 -0.940757871 0.20302029
vn 0.37715444 -0.860529721 0.342407793
vn 0.37715444 -0.860529721 0.342407793
vn 0.37715444 -0.860529721 0.342407793
vn 0.369459093 -0.858323812 0.356062144
vn -0.157957047 -0.903143108 0.399226993
vn -0.157957047 -0.903143108 0.399226993
vn -0.157957047 -0.903143108 0.399226993
vn -0.149692908 -0.89934516 0.41081658
vn -0.307139575 -0.950857759 0.0391776934
vn -0.307139575 -0.950857759 0.0391776934
vn -0.307139575 -0.950857759 0.0391776934
vn -0.306586713 -0.9510144 0.0397012495
vn 0.160322785 -0.888548255 -0.429858804
vn 0.160322785 -0.888548255 -0.429858804
vn 0.160322785 -0.888548255 -0.429858804
vn 0.143972382 -0.872661352 -0.466619909
vn 0.0411811844 0.0363377444 -0.998490691
vn 0.0411811844 0.0363377444 -0.998490691
vn 0.0411811844 0.0363377444 -0.998490691
vn 0.0185088478 0.0487821661 -0.998637974
vn 0.808116198 -0.589023054 0
vn 0.808116198 -0.589023054 0
vn 0.808116198 -0.589023054 0
vn 0.808116555 -0.589022636 0
vn -0.322245568 -0.284327537 0.90294826
vn -0.322245568 -0.284327537 0.90294826
vn -0.322245568 -0.284327537 0.90294826
vn -0.322246611 -0.284321725 0.90294981
vn 0.018655112 0.049174834 0.99861598
vn 0.018655112 0.049174834 0.99861598
vn 0.018655112 0.049174834 0.99861598
vn 0.0415163077 0.0366309434 0.998466134
vn 0.931595325 -0.363496959 0
vn 0.931595325 -0.363496959 0
vn 0.931595325 -0.363496959 0
vn 0.931594908 -0.363498181 0
vn -0.927639842 0.373476118 0
vn -0.927639842 0.373476118 0
vn -0.927639842 0.373476118 0
vn -0.927641153 0.37347272 0
vn -1 0 0
vn -1 0 0
vn -1 0 0
vn -1 0 0
vn -1 0 0
vn -1 0 0
vn -0.807154953 0.590339661 0
vn -0.807154953 0.590339661 0
vn -0.807154953 0.590339661 0
vn -0.807155728 0.590338528 0
vn -0.648150384 0.761512458 0
vn -0.648150384 0.761512458 0
vn -0.648150384 0.761512458 0
vn -0.648149431 0.761513054 0
vn 0.26280719 0.231877789 -0.936570883
vn 0.26280719 0.231877789 -0.936570883
vn 0.26280719 0.231877789 -0.936570883
vn 0.262806386 0.231884062 -0.936569631
vn -0.703225851 0.710966468 0
vn -0.703225851 0.710966468 0
vn -0.703225851 0.710966468 0
vn -0.70322603 0.710966408 0
vn 0.703225136 -0.710967183 0
vn 0.703225136 -0.710967183 0
vn 0.703225136 -0.710967183 0
vn 0.703225255 -0.710967183 0
vn -0.254536867 -0.136957511 0.957315803
vn -0.254536867 -0.136957511 0.957315803
vn -0.254536867 -0.136957511 0.957315803
vn -0.25453648 -0.136953756 0.957316458
vn 0.646141231 -0.763217986 0
vn 0.646141231 -0.763217986 0
vn 0.646141231 -0.763217986 0
vn 0.646141231 -0.763217986 0
vn 0.0794607401 0.0427543372 0.995920658
vn 0.0794607401 0.0427543372 0.995920658
vn 0.0794607401 0.0427543372 0.995920658
vn 0.0680428445 0.0600367785 0.995874345
vn -0 0 -1
vn -0 0 -1
vn -0 0 -1
vn -0 0 -1
vn 0.180252701 0.0969872698 -0.978827119
vn 0.180252701 0.0969872698 -0.978827119
vn 0.180252701 0.0969872698 -0.978827119
vn 0.180253983 0.0969877467 -0.978826761
vn -0.562081218 0.827082098 0
vn -0.562081218 0.827082098 0
vn -0.522771001 0.852473199 0
vn -0.522771001 0.852473199 0
vn -0.522771001 0.852473199 0
vn -0.522771001 0.852473199 0
vn 0.562080264 -0.827082634 0
vn 0.522770703 -0.852473378 0
vn 0.522770703 -0.852473378 0
vn 0.562080264 -0.827082634 0
vn 0.562080264 -0.827082634 0
vn 0.562080801 -0.827082336 0
vn -0.112569198 -0.0605687201 0.991796136
vn -0.112569198 -0.0605687201 0.991796136
vn -0.112569198 -0.0605687201 0.991796136
vn -0.112568617 -0.0605694614 0.991796136
vn 0.24267529 0.130573317 -0.961280107
vn 0.24267529 0.130573317 -0.961280107
vn 0.24267529 0.130573317 -0.961280107
vn 0.242673516 0.130574778 -0.961280227
vn -0.415205836 0.909727454 0
vn -0.415205836 0.909727454 0
vn -0.415205836 0.909727454 0
vn -0.415205687 0.909727573 0
vn -0.373508513 0.927626789 0
vn -0.373508513 0.927626789 0
vn 0.369931996 -0.92905885 0
vn 0.369931996 -0.92905885 0
vn 0.369931996 -0.92905885 0
vn 0.369932145 -0.929058731 0
vn -0.440548748 -0.048239015 0.896431684
vn -0.440548748 -0.048239015 0.896431684
vn -0.440548748 -0.048239015 0.896431684
vn -0.440546662 -0.0482388288 0.896432757
vn 0.415206105 -0.909727395 0
vn 0.415206105 -0.909727395 0
vn 0.415206105 -0.909727395 0
vn 0.415206224 -0.909727275 0
vn 0.36997807 0.0405147001 0.928156734
vn 0.36997807 0.0405147001 0.928156734
vn 0.36997807 0.0405147001 0.928156734
vn 0.36997655 0.040507935 0.928157508
vn -0.173089251 -0.0189511515 -0.984723806
vn -0.173089251 -0.0189511515 -0.984723806
vn -0.173089251 -0.0189511515 -0.984723806
vn -0.173088431 -0.018954752 -0.984723926
vn -0.994058371 -0.108848616 0
vn -0.994058371 -0.108848616 0
vn -0.994058371 -0.108848616 0
vn -0.994058847 -0.108844511 0
vn 0.306739479 0.0335871726 -0.951200724
vn 0.306739479 0.0335871726 -0.951200724
vn 0.306739479 0.0335871726 -0.951200724
vn 0.306741267 0.0335873216 -0.951200128
vn -0.108847141 0.99405849 0
vn -0.108847141 0.99405849 0
vn -0.108847141 0.99405849 0
vn -0.108847082 0.99405849 0
vn 0.108847082 -0.99405849 0
vn 0.108847082 -0.99405849 0
vn 0.108847082 -0.99405849 0
vn 0.108847141 -0.99405849 0
vn 0.961287796 -0.275546134 0
vn 0.961287796 -0.275546134 0
vn 0.961287796 -0.275546134 0
vn 0.961288512 -0.275543988 0
vn -0.147098571 -0.129786327 0.980570018
vn -0.147098571 -0.129786327 0.980570018
vn -0.147098571 -0.129786327 0.980570018
vn -0.114525206 -0.101048745 0.98826772
vn -0.114525206 -0.101048745 0.98826772
vn -0.963531375 0.26759544 0
vn -0.963531375 0.26759544 0
vn -0.963531375 0.26759544 0
vn -0.9635306 0.267598301 0
vn -0.648149669 0.761512995 0
vn -0.648149669 0.761512995 0
vn -0.648149669 0.761512995 0
vn -0.64815104 0.761511862 0
vn -0.914452672 0.404692888 0
vn -0.914452672 0.404692888 0
vn -0.914452672 0.404692888 0
vn -0.91445303 0.404691935 0
vn 0.91445303 -0.404691935 0
vn 0.91445303 -0.404691935 0
vn 0.91445303 -0.404691935 0
vn 0.914453328 -0.404691428 0
vn -0.493921667 -0.265757561 0.827897429
vn -0.493921667 -0.265757561 0.827897429
vn -0.493921667 -0.265757561 0.827897429
vn -0.493920118 -0.265761435 0.827897191
vn -0.654210448 0.756312549 0
vn -0.654210448 0.756312549 0
vn -0.654210448 0.756312549 0
vn -0.65421021 0.756312728 0
vn 0.469712615 0.25273636 -0.845869005
vn 0.469712615 0.25273636 -0.845869005
vn 0.469712615 0.25273636 -0.845869005
vn 0.469714791 0.252732277 -0.845869005
vn -0.61029613 0.792173326 0
vn -0.61029613 0.792173326 0
vn -0.61029613 0.792173326 0
vn -0.610296011 0.792173445 0
vn 0.646140754 -0.763218224 0
vn 0.610296667 -0.792172909 0
vn 0.610296667 -0.792172909 0
vn 0.646140754 -0.763218224 0
vn 0.646140754 -0.763218224 0
vn 0.646141171 -0.763217866 0
vn 0.654210448 -0.756312609 0
vn 0.654210448 -0.756312609 0
vn 0.654210448 -0.756312609 0
vn 0.654210627 -0.756312311 0
vn -0.450581372 -0.24243629 0.859186292
vn -0.450581372 -0.24243629 0.859186292
vn -0.450581372 -0.24243629 0.859186292
vn -0.450579435 -0.242441192 0.859185874
vn 0.318750441 0.171509013 -0.932192445
vn 0.318750441 0.171509013 -0.932192445
vn 0.318750441 0.171509013 -0.932192445
vn 0.318751633 0.171506271 -0.932192564
vn -0.646928966 0.762550235 0
vn -0.646928966 0.762550235 0
vn -0.646928966 0.762550235 0
vn -0.64692843 0.762550652 0
vn -0.604047716 0.796948195 0
vn -0.604047716 0.796948195 0
vn -0.604047716 0.796948195 0
vn -0.604047537 0.796948254 0
vn 0.592857778 -0.805307269 0
vn 0.592857778 -0.805307269 0
vn 0.592857778 -0.805307269 0
vn 0.592857242 -0.805307567 0
vn -0.642180204 -0.0703168362 0.763321877
vn -0.642180204 -0.0703168362 0.763321877
vn -0.642180204 -0.0703168362 0.763321877
vn -0.642178416 -0.0703166127 0.763323247
vn 0.646928132 -0.76255095 0
vn 0.646928132 -0.76255095 0
vn 0.646928132 -0.76255095 0
vn 0.646928966 -0.762550235 0
vn -0.764488816 -0.0837166533 0.639177859
vn -0.764488816 -0.0837166533 0.639177859
vn -0.764488816 -0.0837166533 0.639177859
vn -0.764488816 -0.0837048665 0.639179528
vn 0.656795442 0.07191322 -0.750631809
vn 0.656795442 0.07191322 -0.750631809
vn 0.656795442 0.07191322 -0.750631809
vn 0.656796455 0.0719236135 -0.750630021
vn 0.663084388 0.0726076663 -0.745014906
vn 0.663084388 0.0726076663 -0.745014906
vn -0.994058371 -0.108848512 0
vn -0.994058371 -0.108848512 0
vn -0.994058371 -0.108848512 0
vn -0.994058728 -0.108844608 0
vn -0.108847179 0.99405849 0
vn -0.108847179 0.99405849 0
vn -0.108847179 0.99405849 0
vn -0.108847149 0.99405849 0
vn 0.108847149 -0.99405849 0
vn 0.108847149 -0.99405849 0
vn 0.108847149 -0.99405849 0
vn 0.108847037 -0.99405849 0
vn 0.137368545 -0.120608874 -0.983149707
vn 0.137368545 -0.120608874 -0.983149707
vn 0.137368545 -0.120608874 -0.983149707
vn 0.110140987 -0.146892056 -0.983001351
vn -0.403438866 0 0.915006518
vn -0.403438866 0 0.915006518
vn -0.403438866 0 0.915006518
vn -0.403438866 0 0.915006518
vn -0.472036451 0 0.881579041
vn -0.472036451 0 0.881579041
vn -0.472036451 0 0.881579041
vn -0.472036451 0 0.881579041
vn -0.972539485 0.0138018504 -0.232328191
vn -0.972539485 0.0138018504 -0.232328191
vn -0.972539485 0.0138018504 -0.232328191
vn -0.972539485 -0.0138018504 -0.232328191
vn 0.138836309 -0.939958274 0.311773717
vn 0.138836309 -0.939958274 0.311773717
vn 0.138836309 -0.939958274 0.311773717
vn 0.110053822 -0.931640863 0.346314013
vn 0.854331732 0 0.519728065
vn 0.854331732 0 0.519728065
vn 0.854331732 0 0.519728065
vn 0.854331732 0 0.519728065
vn 0.987725317 0 -0.156200573
vn 0.987725317 0 -0.156200573
vn 0.987725317 0 -0.156200573
vn 0.987725317 0 -0.156200573
vn 0.411044836 -0.28130877 -0.867125988
vn 0.411044836 -0.28130877 -0.867125988
vn 0.411044836 -0.28130877 -0.867125988
vn 0.42190364 -0.283986002 -0.861016393
vn 0.578874171 -0.000125627805 0.815416932
vn 0.578874171 -0.000125627805 0.815416932
vn 0.578874171 -0.000125627805 0.815416932
vn 0.578874171 0.000126081912 0.815416932
vn 0.859292805 0 -0.511484027
vn 0.859292805 0 -0.511484027
vn 0.859292805 0 -0.511484027
vn 0.859292984 0 -0.511483669
vn 0.909890413 0.0431826487 -0.412595212
vn 0.909890413 0.0431826487 -0.412595212
vn 0.909890413 0.0431826487 -0.412595212
vn 0.923728943 0.0255752355 -0.382192075
vn 0.923728943 0.0255752355 -0.382192075
vn -0.0338943005 0 -0.999425411
vn -0.0338941105 0 -0.999425411
vn -0.0338941105 0 -0.999425411
vn -0.0338943005 0 -0.999425411
vn -0.0357412435 0 -0.999361098
vn -0.0338943005 0 -0.999425411
vn -0.0338941105 0 -0.999425411
vn -0.0357412435 0 -0.999361098
vn 0.791589916 0 -0.611052692
vn 0.791589916 0 -0.611052692
vn 0.791589916 0 -0.611052692
vn 0.791590512 0 -0.611052036
vn -0.192165211 0.189532757 -0.962886214
vn -0.192165211 0.189532757 -0.962886214
vn -0.192165211 0.189532757 -0.962886214
vn -0.194709823 0.189358965 -0.962409079
vn 0.707106829 0 -0.707106709
vn 0.707106829 0 -0.707106709
vn 0.707106829 0 -0.707106709
vn 0.707106054 0 -0.707107425
vn 0.95269388 0.288652092 -0.0951537564
vn 0.95269388 0.288652092 -0.0951537564
vn 0.95269388 0.288652092 -0.0951537564
vn 0.960012794 0.261469692 -0.100044921
vn 0.641420245 0 -0.767189682
vn 0.638335764 0 -0.769758105
vn 0.638335764 0 -0.769758105
vn 0.641420245 0 -0.767189682
vn 0.641420245 0 -0.767189682
vn 0.641420364 0 -0.767189562
vn 0.565338373 0.0355447344 -0.824092865
vn 0.565338373 0.0355447344 -0.824092865
vn 0.565338373 0.0355447344 -0.824092865
vn 0.557794631 0 -0.829978943
vn 0.639528573 0.0610149503 -0.766342223
vn 0.639528573 0.0610149503 -0.766342223
vn 0.639528573 0.0610149503 -0.766342223
vn 0.619661987 0.0888547599 -0.779822886
vn 0.619661987 0.0888547599 -0.779822886
vn -0.0403711125 0 0.999184787
vn -0.0403711125 0 0.999184787
vn -0.0403711125 0 0.999184787
vn -0.0401882604 0.000396098767 0.999192059
vn -0.609143555 0.167019993 -0.775273144
vn -0.609143555 0.167019993 -0.775273144
vn -0.609143555 0.167019993 -0.775273144
vn -0.613788843 0.169928491 -0.770965278
vn -0.772296846 0.241707578 0.587481976
vn -0.772296846 0.241707578 0.587481976
vn -0.772296846 0.241707578 0.587481976
vn -0.774363637 0.265404284 0.574387908
vn -0.305932015 0 0.952053368
vn -0.305932015 0 0.952053368
vn -0.274903774 0 0.961471736
vn -0.274903774 0 0.961471736
vn -0.274903774 0 0.961471736
vn -0.274902374 0 0.961472154
vn -0.203709453 0.161283344 -0.965655327
vn -0.203709453 0.161283344 -0.965655327
vn -0.203709453 0.161283344 -0.965655327
vn -0.183929548 0.142803431 -0.972510695
vn 0.155962661 0 0.987762988
vn 0.155962661 0 0.987762988
vn 0.155962661 0 0.987762988
vn 0.15596278 0 0.987762868
vn -0.220261499 0 0.97544086
vn -0.220261499 0 0.97544086
vn -0.220261499 0 0.97544086
vn -0.220260888 0 0.975440979
vn 0.229037508 0 0.97341758
vn 0.229037508 0 0.97341758
vn 0.229037508 0 0.97341758
vn 0.229042009 0 0.973416567
vn 0.440289795 0.286814928 0.850812614
vn 0.440289795 0.286814928 0.850812614
vn 0.440289795 0.286814928 0.850812614
vn 0.447455496 0.274977893 0.850982249
vn 0.88235265 0 0.470588773
vn 0.88235265 0 0.470588773
vn 0.88235265 0 0.470588773
vn 0.882352948 0 0.470588207
vn -0.424547523 0.904865205 -0.0312791616
vn -0.424547523 0.904865205 -0.0312791616
vn -0.424547523 0.904865205 -0.0312791616
vn -0.412358135 0.910402298 -0.0335903019
vn -0.329962403 0.844203591 0.422427505
vn -0.329962403 0.844203591 0.422427505
vn -0.329962403 0.844203591 0.422427505
vn -0.313543409 0.830613732 0.460186213
vn -0.313543409 0.830613732 0.460186213
vn -0.436292887 0.807650924 0.396671921
vn -0.436292887 0.807650924 0.396671921
vn -0.436292887 0.807650924 0.396671921
vn -0.465947419 0.806251645 0.364487708
vn -0.468239248 0.880266309 -0.0767022073
vn -0.468239248 0.880266309 -0.0767022073
vn -0.486545473 0.868387282 -0.0957964137
vn -0.489033341 0.870839894 -0.0498426855
vn -0.486545473 0.868387282 -0.0957964137
vn -0.486545473 0.868387282 -0.0957964137
vn -0.497649163 0.860136032 -0.11185471
vn -0.498602688 0.859820664 -0.110017918
vn 0.476617575 0.878290772 0.0379620828
vn 0.476617575 0.878290772 0.0379620828
vn 0.476617575 0.878290772 0.0379620828
vn 0.504246593 0.863290727 0.0215517059
vn -0.201076955 0.973687708 -0.10723938
vn -0.201076955 0.973687708 -0.10723938
vn -0.201076955 0.973687708 -0.10723938
vn -0.204667866 0.97254169 -0.110786803
vn -0.204667866 0.97254169 -0.110786803
vn -0.334808856 0.817918301 0.467881024
vn -0.334808856 0.817918301 0.467881024
vn -0.334808856 0.817918301 0.467881024
vn -0.35176599 0.819078565 0.453178763
vn -0.349775285 0.822348356 0.448776543
vn -0.031947948 0.90324676 0.427930713
vn -0.031947948 0.90324676 0.427930713
vn -0.031947948 0.90324676 0.427930713
vn -0.0288559496 0.906726241 0.420731336
vn -0.00332931569 0.893748462 0.448555946
vn -0.378613502 0.921113372 0.0905643106
vn -0.378613502 0.921113372 0.0905643106
vn -0.378613502 0.921113372 0.0905643106
vn -0.367465556 0.926802397 0.0775012374
vn -0.0160910562 0.776438713 0.629987299
vn -0.0160910562 0.776438713 0.629987299
vn -0.0160910562 0.776438713 0.629987299
vn -0.0118215159 0.792691529 0.609508395
vn 0.204673171 0.865917325 0.456394643
vn 0.204673171 0.865917325 0.456394643
vn 0.204673171 0.865917325 0.456394643
vn 0.205916092 0.865992963 0.455691546
vn 0.242640764 0.389847577 -0.888338029
vn 0.242640764 0.389847577 -0.888338029
vn 0.242640764 0.389847577 -0.888338029
vn 0.243228063 0.368360609 -0.897301793
vn 0.173468232 0.028885819 -0.98441571
vn 0.173468232 0.028885819 -0.98441571
vn 0.173468232 0.028885819 -0.98441571
vn 0.199035794 -0.00234685815 -0.97998935
vn 0.232800558 0.0827694684 -0.968995869
vn 0.233954534 0.0623008162 -0.970249474
vn 0.232800558 0.0827694684 -0.968995869
vn 0.232800558 0.0827694684 -0.968995869
vn 0.1867823 0.0892724916 -0.978336811
vn 0.0538918674 0.998429835 0.0152810449
vn 0.0538918674 0.998429835 0.0152810449
vn 0.0538918674 0.998429835 0.0152810449
vn 0.0590335838 0.998225033 0.00785774551
vn 0.530578613 0.515463412 0.672892034
vn 0.530578613 0.515463412 0.672892034
vn 0.530578613 0.515463412 0.672892034
vn 0.529095292 0.511711538 0.676911712
vn 0.0506205298 0.985720217 -0.160603046
vn 0.0506205298 0.985720217 -0.160603046
vn 0.0506205298 0.985720217 -0.160603046
vn 0.0506204516 0.985720217 -0.160602972
vn -0.286330521 0.185534492 0.939995706
vn -0.286330521 0.185534492 0.939995706
vn -0.286330521 0.185534492 0.939995706
vn -0.266627699 0.166228145 0.949356616
vn 0.217354313 -0.708971441 -0.670907319
vn 0.217354313 -0.708971441 -0.670907319
vn 0.217354313 -0.708971441 -0.670907319
vn 0.212972805 -0.702917159 -0.678638339
vn 0.54378432 -0.773773372 -0.324920535
vn 0.54378432 -0.773773372 -0.324920535
vn 0.54378432 -0.773773372 -0.324920535
vn 0.540882349 -0.774778247 -0.32736069
vn -0.143690109 -0.989622593 0.000646953355
vn -0.143690109 -0.989622593 0.000646953355
vn -0.143690109 -0.989622593 0.000646953355
vn -0.152535394 -0.988285422 -0.0049956385
vn -0.285212904 -0.958418608 -0.00934167299
vn -0.285212904 -0.958418608 -0.00934167299
vn -0.285212904 -0.958418608 -0.00934167299
vn -0.308962405 -0.950886667 0.0188906007
vn -0.483768284 -0.829048991 -0.280438691
vn -0.483768284 -0.829048991 -0.280438691
vn -0.483768284 -0.829048991 -0.280438691
vn -0.508787155 -0.806939304 -0.299974114
vn -0.174129844 -0.964615643 -0.197978809
vn -0.174129844 -0.964615643 -0.197978809
vn -0.174129844 -0.964615643 -0.197978809
vn -0.162072375 -0.957558811 -0.23835595
vn -0.00135718309 -0.999997139 -0.00199568435
vn -0.00135718309 -0.999997139 -0.00199568435
vn -0 -1 0
vn -0 -1 0
vn -0 -1 0
vn -0 -1 0
vn -0 -1 0
vn -0 -1 0
vn 0.756897449 -0.427419811 -0.494387031
vn 0.756897449 -0.427419811 -0.494387031
vn 0.756897449 -0.427419811 -0.494387031
vn 0.771209717 -0.423907757 -0.474908143
vn 0.530734479 -0.376364678 -0.759388328
vn 0.530734479 -0.376364678 -0.759388328
vn 0.530734479 -0.376364678 -0.759388328
vn 0.540642858 -0.382442236 -0.749295235
vn -0.204833373 -0.943283617 -0.261264861
vn -0.204833373 -0.943283617 -0.261264861
vn -0.204833373 -0.943283617 -0.261264861
vn -0.22414577 -0.942339182 -0.248506874
vn 0.144280195 0.917157054 0.371491969
vn 0.144280195 0.917157054 0.371491969
vn 0.144280195 0.917157054 0.371491969
vn 0.168052912 0.909233451 0.380857974
vn 0.529353857 0.8474195 0.0408004969
vn 0.529353857 0.8474195 0.0408004969
vn 0.529353857 0.8474195 0.0408004969
vn 0.49921599 0.865533173 0.0404446051
vn 0.37715441 0.86052978 0.342407584
vn 0.37715441 0.86052978 0.342407584
vn 0.37715441 0.86052978 0.342407584
vn 0.369458884 0.858323872 0.356062144
vn 0.27158311 0.940757871 0.20302029
vn 0.27158311 0.940757871 0.20302029
vn 0.27158311 0.940757871 0.20302029
vn 0.288606375 0.927322447 0.238284498
vn -0.149692908 0.89934516 0.41081658
vn -0.149692908 0.89934516 0.41081658
vn -0.149692908 0.89934516 0.41081658
vn -0.157957047 0.903143108 0.399226993
vn -0.255784631 -0.912732661 -0.31858024
vn -0.255784631 -0.912732661 -0.31858024
vn -0.255784631 -0.912732661 -0.31858024
vn -0.255362153 -0.912752509 -0.318861902
vn -0.307139575 0.950857759 0.0391777046
vn -0.307139575 0.950857759 0.0391777046
vn -0.307139575 0.950857759 0.0391777046
vn -0.306586891 0.95101428 0.0397012644
vn 0.16032283 0.888548255 -0.429858804
vn 0.16032283 0.888548255 -0.429858804
vn 0.16032283 0.888548255 -0.429858804
vn 0.143972382 0.872661352 -0.466619909
vn 0.0185088478 -0.0487821661 -0.998637974
vn 0.0185088478 -0.0487821661 -0.998637974
vn 0.0185088478 -0.0487821661 -0.998637974
vn 0.0411811844 -0.0363377444 -0.998490691
vn 0.808116496 0.589022756 0
vn 0.808116496 0.589022756 0
vn 0.808116496 0.589022756 0
vn 0.808116853 0.589022219 0
vn -0.322246611 0.284321725 0.90294981
vn -0.322246611 0.284321725 0.90294981
vn -0.322246611 0.284321725 0.90294981
vn -0.322245568 0.284327537 0.90294826
vn 0.0186558682 -0.0491748117 0.99861598
vn 0.0186558682 -0.0491748117 0.99861598
vn 0.0186558682 -0.0491748117 0.99861598
vn 0.0415165201 -0.0366309248 0.998466134
vn 0.931594908 0.363498181 0
vn 0.931594908 0.363498181 0
vn 0.931594908 0.363498181 0
vn 0.931595325 0.363496959 0
vn -0.92764014 -0.373475224 0
vn -0.92764014 -0.373475224 0
vn -0.92764014 -0.373475224 0
vn -0.927640676 -0.373473823 0
vn -0.807155728 -0.590338528 0
vn -0.807155728 -0.590338528 0
vn -0.807155728 -0.590338528 0
vn -0.807154953 -0.590339661 0
vn -0.648149431 -0.761513054 0
vn -0.648149431 -0.761513054 0
vn -0.648149431 -0.761513054 0
vn -0.648150384 -0.761512458 0
vn 0.26280731 -0.231877893 -0.936570823
vn 0.26280731 -0.231877893 -0.936570823
vn 0.26280731 -0.231877893 -0.936570823
vn 0.262806803 -0.231884062 -0.936569452
vn -0.703225851 -0.710966468 0
vn -0.703225851 -0.710966468 0
vn -0.703225851 -0.710966468 0
vn -0.70322603 -0.710966408 0
vn 0.703225255 0.710967183 0
vn 0.703225255 0.710967183 0
vn 0.703225255 0.710967183 0
vn 0.703225136 0.710967183 0
vn -0.25453648 0.136953756 0.957316458
vn -0.25453648 0.136953756 0.957316458
vn -0.25453648 0.136953756 0.957316458
vn -0.254536867 0.136957511 0.957315803
vn 0.646141231 0.763217986 0
vn 0.646141231 0.763217986 0
vn 0.646141231 0.763217986 0
vn 0.646141052 0.763217986 0
vn 0.0680428445 -0.0600367785 0.995874345
vn 0.0680428445 -0.0600367785 0.995874345
vn 0.0680428445 -0.0600367785 0.995874345
vn 0.0794607401 -0.0427543372 0.995920658
vn -0 0 -1
vn -0 0 -1
vn -0 0 -1
vn -0 0 -1
vn 0.180252835 -0.0969873443 -0.978827119
vn 0.180252835 -0.0969873443 -0.978827119
vn 0.180252835 -0.0969873443 -0.978827119
vn 0.180253819 -0.0969878808 -0.97882688
vn -0.52277112 -0.85247308 0
vn -0.562081218 -0.827082098 0
vn -0.562081218 -0.827082098 0
vn -0.52277112 -0.85247308 0
vn -0.52277112 -0.85247308 0
vn -0.522770822 -0.852473259 0
vn 0.562080801 0.827082336 0
vn 0.562080801 0.827082336 0
vn 0.562080801 0.827082336 0
vn 0.52277112 0.85247308 0
vn 0.52277112 0.85247308 0
vn 0.522770703 0.852473378 0
vn -0.112568617 0.0605694614 0.991796136
vn -0.112568617 0.0605694614 0.991796136
vn -0.112568617 0.0605694614 0.991796136
vn -0.112569198 0.0605687201 0.991796136
vn 0.242675215 -0.130573452 -0.961280107
vn 0.242675215 -0.130573452 -0.961280107
vn 0.242675215 -0.130573452 -0.961280107
vn 0.242673814 -0.130574718 -0.961280227
vn -0.415205687 -0.909727573 0
vn -0.373508364 -0.927626789 0
vn -0.373508364 -0.927626789 0
vn -0.415205687 -0.909727573 0
vn -0.415205687 -0.909727573 0
vn -0.415205836 -0.909727454 0
vn 0.369932145 0.929058731 0
vn 0.369932145 0.929058731 0
vn 0.369932145 0.929058731 0
vn 0.369931996 0.92905885 0
vn -0.440548241 0.0482389554 0.896431983
vn -0.440548241 0.0482389554 0.896431983
vn -0.440548241 0.0482389554 0.896431983
vn -0.440545827 0.0482387356 0.896433115
vn 0.415206194 0.909727275 0
vn 0.415206194 0.909727275 0
vn 0.415206194 0.909727275 0
vn 0.415206045 0.909727395 0
vn 0.36997655 -0.040507935 0.928157508
vn 0.36997655 -0.040507935 0.928157508
vn 0.36997655 -0.040507935 0.928157508
vn 0.36997807 -0.0405147001 0.928156734
vn -0.173089325 0.018951159 -0.984723806
vn -0.173089325 0.018951159 -0.984723806
vn -0.173089325 0.018951159 -0.984723806
vn -0.173089221 0.018954711 -0.984723687
vn -0.994058371 0.108848616 0
vn -0.994058371 0.108848616 0
vn -0.994058371 0.108848616 0
vn -0.994058847 0.108844511 0
vn 0.306741267 -0.0335873216 -0.951200128
vn 0.306741267 -0.0335873216 -0.951200128
vn 0.306741267 -0.0335873216 -0.951200128
vn 0.306739479 -0.0335871726 -0.951200724
vn -0.108847186 -0.99405849 0
vn -0.108847186 -0.99405849 0
vn -0.108847186 -0.99405849 0
vn -0.108847082 -0.99405849 0
vn 0.108847141 0.99405849 0
vn 0.108847141 0.99405849 0
vn 0.108847141 0.99405849 0
vn 0.108847082 0.99405849 0
vn 0.961288512 0.275543988 0
vn 0.961288512 0.275543988 0
vn 0.961288512 0.275543988 0
vn 0.961287796 0.275546134 0
vn -0.963531554 -0.267594695 0
vn -0.963531554 -0.267594695 0
vn -0.963531554 -0.267594695 0
vn -0.96353066 -0.267598033 0
vn -0.648149371 -0.761513233 0
vn -0.648149371 -0.761513233 0
vn -0.648149371 -0.761513233 0
vn -0.648150623 -0.761512101 0
vn -0.914452374 -0.404693395 0
vn -0.914452374 -0.404693395 0
vn -0.914452374 -0.404693395 0
vn -0.914453149 -0.404691786 0
vn 0.914453328 0.404691428 0
vn 0.914453328 0.404691428 0
vn 0.914453328 0.404691428 0
vn 0.91445303 0.404691935 0
vn -0.493920118 0.265761435 0.827897191
vn -0.493920118 0.265761435 0.827897191
vn -0.493920118 0.265761435 0.827897191
vn -0.493921667 0.265757561 0.827897429
vn 0.646141171 0.763217866 0
vn 0.646141171 0.763217866 0
vn 0.646141171 0.763217866 0
vn 0.61029613 0.792173326 0
vn 0.61029613 0.792173326 0
vn 0.610296667 0.792172909 0
vn -0.654210746 -0.756312251 0
vn -0.654210746 -0.756312251 0
vn -0.654210746 -0.756312251 0
vn -0.65421021 -0.756312728 0
vn 0.469712645 -0.252736509 -0.845868886
vn 0.469712645 -0.252736509 -0.845868886
vn 0.469712645 -0.252736509 -0.845868886
vn 0.469714373 -0.252731979 -0.845869422
vn -0.61029613 -0.792173326 0
vn -0.61029613 -0.792173326 0
vn -0.61029613 -0.792173326 0
vn -0.610296667 -0.792172909 0
vn 0.654210627 0.756312311 0
vn 0.654210627 0.756312311 0
vn 0.654210627 0.756312311 0
vn 0.654210448 0.756312609 0
vn -0.450579435 0.242441192 0.859185874
vn -0.450579435 0.242441192 0.859185874
vn -0.450579435 0.242441192 0.859185874
vn -0.450581372 0.24243629 0.859186292
vn 0.318750888 -0.171509251 -0.932192385
vn 0.318750888 -0.171509251 -0.932192385
vn 0.318750888 -0.171509251 -0.932192385
vn 0.318751663 -0.17150633 -0.932192445
vn -0.646928549 -0.762550592 0
vn -0.646928549 -0.762550592 0
vn -0.646928549 -0.762550592 0
vn -0.64692843 -0.762550652 0
vn -0.604047716 -0.796948195 0
vn -0.604047716 -0.796948195 0
vn -0.604047716 -0.796948195 0
vn -0.604047775 -0.796948016 0
vn 0.592857242 0.805307567 0
vn 0.592857242 0.805307567 0
vn 0.592857242 0.805307567 0
vn 0.592857778 0.805307269 0
vn -0.642179668 0.0703167543 0.763322234
vn -0.642179668 0.0703167543 0.763322234
vn -0.642179668 0.0703167543 0.763322234
vn -0.642177641 0.0703165233 0.763324022
vn 0.646928966 0.762550235 0
vn 0.646928966 0.762550235 0
vn 0.646928966 0.762550235 0
vn 0.646928132 0.76255095 0
vn -0.764488816 0.0837048665 0.639179528
vn -0.764488816 0.0837048665 0.639179528
vn -0.764488816 0.0837048665 0.639179528
vn -0.764488816 0.0837166533 0.639177859
vn 0.656796634 -0.0719132721 -0.750630915
vn 0.656796634 -0.0719132721 -0.750630915
vn 0.656796634 -0.0719132721 -0.750630915
vn 0.663086176 -0.0726051778 -0.745013535
vn 0.663086176 -0.0726051778 -0.745013535
vn 0.663084388 -0.0726076663 -0.745014906
vn -0.994058371 0.108848512 0
vn -0.994058371 0.108848512 0
vn -0.994058371 0.108848512 0
vn -0.994058728 0.108844608 0
vn -0.108847179 -0.99405849 0
vn -0.108847179 -0.99405849 0
vn -0.108847179 -0.99405849 0
vn -0.108847149 -0.99405849 0
vn 0.108847037 0.99405849 0
vn 0.108847037 0.99405849 0
vn 0.108847037 0.99405849 0
vn 0.108847149 0.99405849 0
vn 0.137368545 0.120608874 -0.983149707
vn 0.137368545 0.120608874 -0.983149707
vn 0.137368545 0.120608874 -0.983149707
vn 0.110140987 0.146892056 -0.983001351
vn 0.138836309 0.939958274 0.311773717
vn 0.138836309 0.939958274 0.311773717
vn 0.138836309 0.939958274 0.311773717
vn 0.110053822 0.931640863 0.346314013
vn 0.411044836 0.28130877 -0.867125988
vn 0.411044836 0.28130877 -0.867125988
vn 0.411044836 0.28130877 -0.867125988
vn 0.42190364 0.283986002 -0.861016393
vn 0.232653633 0.00137966976 0.972558737
vn 0.232700706 -0.00145991123 0.972547352
vn 0.232700706 -0.00145991123 0.972547352
vn 0.232653633 0.00137966976 0.972558737
vn 0.232653633 0.00137966976 0.972558737
vn 0.232700706 0.00145991123 0.972547352
vn 0.640773654 -0.0845731944 -0.763057292
vn 0.640773654 -0.0845731944 -0.763057292
vn 0.619662046 -0.0888543278 -0.779823005
vn 0.640773654 -0.0845731944 -0.763057292
vn 0.639528632 -0.0610156506 -0.766342163
vn -0 1 0
vn -0 1 0
vn -0 1 0
vn -0 1 0
vn -0 1 0
vn -0 1 0
vn -3.70917769E-05 0.999998808 -0.00158001797
vn -0.00135718309 0.999997139 -0.00199568435
vn -0.463798255 0.879947782 -0.102873705
vn -0.444884568 0.89013505 -0.0986778438
vn -0.444884568 0.89013505 -0.0986778438
vn -0.444884568 0.89013505 -0.0986778438
vn -0.45129016 0.882286251 -0.133821309
vn -0.204833373 0.943283617 -0.261264861
vn -0.204833373 0.943283617 -0.261264861
vn -0.204833373 0.943283617 -0.261264861
vn -0.22414583 0.942339063 -0.248506889
vn -0 0 -1
vn -0 0 -1
vn -0 0 -1
vn -0 0 -1
vn -0 0 -1
vn -0 0 -1
vn -0 0 1
vn -0 0 1
vn -0 0 1
vn -0 0 1
vn -0 0 1
vn -0 0 1
vn 1 0 0
vn 1 0 0
vn 1 0 0
vn 1 0 0
vn 1 0 0
vn 1 0 0
vn 0.00364023494 0.00321227359 -0.999988198
vn 0.00364023494 0.00321227359 -0.999988198
vn 0.00364070595 0.00321219279 -0.999988198
vn -0 0.00742808031 -0.999972463
vn -0 0.00742808031 -0.999972463
vn -0 0.00742808031 -0.999972463
vn -0 -0.00742808031 -0.999972463
vn 0.00364055019 -0.00321227335 -0.999988198
vn 0.00364055019 -0.00321227335 -0.999988198
vn 0.00364023261 -0.00321219279 -0.999988198
vn -0.509965658 0.336163461 0.791788578
vn -0.509965658 0.336163461 0.791788578
vn -0.509965718 0.336163342 0.791788578
vn -0.509965658 0.336163461 0.791788578
vn -0.525848448 0.319841087 0.788152993
vn -0.210010201 0.106498338 0.971881568
vn -0.210010201 0.106498338 0.971881568
vn -0.210010201 0.106498338 0.971881568
vn -0.212448835 0.0834013447 0.973606467
vn -0.444884539 -0.89013499 -0.0986780301
vn -0.463798255 -0.879947782 -0.102873899
vn -0.444884539 -0.89013499 -0.0986780301
vn -0.444884539 -0.89013499 -0.0986780301
vn -0.451290071 -0.88228631 -0.133820981
vn -0.665222704 -0.738533258 -0.109760426
vn -0.665577948 -0.738198876 -0.109856658
vn -0.665577948 -0.738198876 -0.109856658
vn -0.665577948 -0.738198876 -0.109856658
vn -0.659678459 -0.735010862 -0.156790644
vn -0.147093162 0.129788965 0.980570495
vn -0.147093162 0.129788965 0.980570495
vn -0.147098571 0.129786327 0.980570018
vn -0.147093162 0.129788965 0.980570495
vn -0.114525206 0.101048745 0.98826772
g AnglerfishDrip_0
f 3/3/3 2/2/2 1/1/1
f 6/6/6 5/5/5 4/4/4
f 9/9/9 8/8/8 7/7/7
f 12/12/12 11/11/11 10/10/10
f 15/15/15 14/14/14 13/13/13
f 18/18/18 17/17/17 16/16/16
f 21/21/21 20/20/20 19/19/19
f 24/24/24 23/23/23 22/22/22
f 27/27/27 26/26/26 25/25/25
f 30/30/30 29/29/29 28/28/28
f 33/33/33 32/32/32 31/31/31
f 36/36/36 35/35/35 34/34/34
f 39/39/39 38/38/38 37/37/37
f 42/42/42 41/41/41 40/40/40
f 45/45/45 44/44/44 43/43/43
f 48/48/48 47/47/47 46/46/46
f 51/51/51 50/50/50 49/49/49
f 54/54/54 53/53/53 52/52/52
f 57/57/57 56/56/56 55/55/55
f 60/60/60 59/59/59 58/58/58
f 62/62/62 61/61/61 59/59/59
f 63/63/63 61/61/61 62/62/62
f 66/66/66 65/65/65 64/64/64
f 69/69/69 68/68/68 67/67/67
f 72/72/72 71/71/71 70/70/70
f 74/74/74 72/72/72 73/73/73
f 76/76/76 75/75/75 73/73/73
f 77/77/77 76/76/76 73/73/73
f 80/80/80 79/79/79 78/78/78
f 83/83/83 82/82/82 81/81/81
f 86/86/86 85/85/85 84/84/84
f 89/89/89 88/88/88 87/87/87
f 92/92/92 91/91/91 90/90/90
f 95/95/95 94/94/94 93/93/93
f 98/98/98 97/97/97 96/96/96
f 101/101/101 100/100/100 99/99/99
f 104/104/104 103/103/103 102/102/102
f 107/107/107 106/106/106 105/105/105
f 110/110/110 109/109/109 108/108/108
f 113/113/113 112/112/112 111/111/111
f 116/116/116 115/115/115 114/114/114
f 119/119/119 118/118/118 117/117/117
f 122/122/122 121/121/121 120/120/120
f 125/125/125 124/124/124 123/123/123
f 128/128/128 127/127/127 126/126/126
f 131/131/131 130/130/130 129/129/129
f 134/134/134 133/133/133 132/132/132
f 137/137/137 136/136/136 135/135/135
f 140/140/140 139/139/139 138/138/138
f 143/143/143 142/142/142 141/141/141
f 146/146/146 145/145/145 144/144/144
f 149/149/149 148/148/148 147/147/147
f 152/152/152 151/151/151 150/150/150
f 155/155/155 154/154/154 153/153/153
f 158/158/158 157/157/157 156/156/156
f 161/161/161 160/160/160 159/159/159
f 164/164/164 163/163/163 162/162/162
f 167/167/167 166/166/166 165/165/165
f 170/170/170 169/169/169 168/168/168
f 173/173/173 172/172/172 171/171/171
f 176/176/176 175/175/175 174/174/174
f 179/179/179 178/178/178 177/177/177
f 182/182/182 181/181/181 180/180/180
f 185/185/185 184/184/184 183/183/183
f 188/188/188 187/187/187 186/186/186
f 191/191/191 190/190/190 189/189/189
f 194/194/194 193/193/193 192/192/192
f 197/197/197 196/196/196 195/195/195
f 200/200/200 199/199/199 198/198/198
f 203/203/203 202/202/202 201/201/201
f 206/206/206 205/205/205 204/204/204
f 209/209/209 208/208/208 207/207/207
f 212/212/212 211/211/211 210/210/210
f 215/215/215 214/214/214 213/213/213
f 218/218/218 217/217/217 216/216/216
f 221/221/221 220/220/220 219/219/219
f 224/224/224 223/223/223 222/222/222
f 227/227/227 226/226/226 225/225/225
f 230/230/230 229/229/229 228/228/228
f 233/233/233 232/232/232 231/231/231
f 236/236/236 235/235/235 234/234/234
f 239/239/239 238/238/238 237/237/237
f 242/242/242 241/241/241 240/240/240
f 245/245/245 244/244/244 243/243/243
f 248/248/248 247/247/247 246/246/246
f 251/251/251 250/250/250 249/249/249
f 254/254/254 253/253/253 252/252/252
f 257/257/257 256/256/256 255/255/255
f 260/260/260 259/259/259 258/258/258
f 263/263/263 262/262/262 261/261/261
f 266/266/266 265/265/265 264/264/264
f 269/269/269 268/268/268 267/267/267
f 272/272/272 271/271/271 270/270/270
f 275/275/275 274/274/274 273/273/273
f 278/278/278 277/277/277 276/276/276
f 280/280/280 279/279/279 278/278/278
f 279/279/279 280/280/280 281/281/281
f 284/284/284 283/283/283 282/282/282
f 287/287/287 286/286/286 285/285/285
f 290/290/290 289/289/289 288/288/288
f 293/293/293 292/292/292 291/291/291
f 296/296/296 295/295/295 294/294/294
f 299/299/299 298/298/298 297/297/297
f 302/302/302 301/301/301 300/300/300
f 305/305/305 304/304/304 303/303/303
f 308/308/308 307/307/307 306/306/306
f 311/311/311 310/310/310 309/309/309
f 314/314/314 313/313/313 312/312/312
f 317/317/317 316/316/316 315/315/315
f 320/320/320 319/319/319 318/318/318
f 323/323/323 322/322/322 321/321/321
f 326/326/326 325/325/325 324/324/324
f 329/329/329 328/328/328 327/327/327
f 332/332/332 331/331/331 330/330/330
f 335/335/335 334/334/334 333/333/333
f 338/338/338 337/337/337 336/336/336
f 341/341/341 340/340/340 339/339/339
f 344/344/344 343/343/343 342/342/342
f 347/347/347 346/346/346 345/345/345
f 350/350/350 349/349/349 348/348/348
f 353/353/353 352/352/352 351/351/351
f 356/356/356 355/355/355 354/354/354
f 359/359/359 358/358/358 357/357/357
f 362/362/362 361/361/361 360/360/360
f 362/362/362 364/364/364 363/363/363
f 367/367/367 366/366/366 365/365/365
f 370/370/370 369/369/369 368/368/368
f 373/373/373 372/372/372 371/371/371
f 376/376/376 375/375/375 374/374/374
f 379/379/379 378/378/378 377/377/377
f 382/382/382 381/381/381 380/380/380
f 385/385/385 384/384/384 383/383/383
f 388/388/388 387/387/387 386/386/386
f 391/391/391 390/390/390 389/389/389
f 394/394/394 393/393/393 392/392/392
f 397/397/397 396/396/396 395/395/395
f 400/400/400 399/399/399 398/398/398
f 402/402/402 400/400/400 401/401/401
f 405/405/405 404/404/404 403/403/403
f 408/408/408 407/407/407 406/406/406
f 411/411/411 410/410/410 409/409/409
f 414/414/414 413/413/413 412/412/412
f 417/417/417 416/416/416 415/415/415
f 420/420/420 419/419/419 418/418/418
f 423/423/423 422/422/422 421/421/421
f 426/426/426 425/425/425 424/424/424
f 429/429/429 428/428/428 427/427/427
f 432/432/432 431/431/431 430/430/430
f 435/435/435 434/434/434 433/433/433
f 438/438/438 437/437/437 436/436/436
f 441/441/441 440/440/440 439/439/439
f 444/444/444 443/443/443 442/442/442
f 447/447/447 446/446/446 445/445/445
f 450/450/450 449/449/449 448/448/448
f 453/453/453 452/452/452 451/451/451
f 456/456/456 455/455/455 454/454/454
f 459/459/459 458/458/458 457/457/457
f 462/462/462 461/461/461 460/460/460
f 465/465/465 464/464/464 463/463/463
f 468/468/468 467/467/467 466/466/466
f 471/471/471 470/470/470 469/469/469
f 474/474/474 473/473/473 472/472/472
f 477/477/477 476/476/476 475/475/475
f 480/480/480 479/479/479 478/478/478
f 483/483/483 482/482/482 481/481/481
f 486/486/486 485/485/485 484/484/484
f 488/488/488 487/487/487 484/484/484
f 491/491/491 490/490/490 489/489/489
f 494/494/494 493/493/493 492/492/492
f 497/497/497 496/496/496 495/495/495
f 500/500/500 499/499/499 498/498/498
f 503/503/503 502/502/502 501/501/501
f 506/506/506 505/505/505 504/504/504
f 509/509/509 508/508/508 507/507/507
f 512/512/512 511/511/511 510/510/510
f 515/515/515 514/514/514 513/513/513
f 518/518/518 517/517/517 516/516/516
f 521/521/521 520/520/520 519/519/519
f 524/524/524 523/523/523 522/522/522
f 527/527/527 526/526/526 525/525/525
f 530/530/530 529/529/529 528/528/528
f 533/533/533 532/532/532 531/531/531
f 536/536/536 535/535/535 534/534/534
f 539/539/539 538/538/538 537/537/537
f 542/542/542 541/541/541 540/540/540
f 545/545/545 544/544/544 543/543/543
f 548/548/548 547/547/547 546/546/546
f 551/551/551 550/550/550 549/549/549
f 554/554/554 553/553/553 552/552/552
f 557/557/557 556/556/556 555/555/555
f 560/560/560 559/559/559 558/558/558
f 563/563/563 562/562/562 561/561/561
f 566/566/566 565/565/565 564/564/564
f 569/569/569 568/568/568 567/567/567
f 572/572/572 571/571/571 570/570/570
f 575/575/575 574/574/574 573/573/573
f 578/578/578 577/577/577 576/576/576
f 581/581/581 580/580/580 579/579/579
f 584/584/584 583/583/583 582/582/582
f 587/587/587 586/586/586 585/585/585
f 590/590/590 589/589/589 588/588/588
f 593/593/593 592/592/592 591/591/591
f 596/596/596 595/595/595 594/594/594
f 599/599/599 598/598/598 597/597/597
f 602/602/602 601/601/601 600/600/600
f 605/605/605 604/604/604 603/603/603
f 608/608/608 607/607/607 606/606/606
f 611/611/611 610/610/610 609/609/609
f 614/614/614 613/613/613 612/612/612
f 617/617/617 616/616/616 615/615/615
f 620/620/620 619/619/619 618/618/618
f 623/623/623 622/622/622 621/621/621
f 626/626/626 625/625/625 624/624/624
f 629/629/629 628/628/628 627/627/627
f 632/632/632 631/631/631 630/630/630
f 635/635/635 634/634/634 633/633/633
f 638/638/638 637/637/637 636/636/636
f 641/641/641 640/640/640 639/639/639
f 644/644/644 643/643/643 642/642/642
f 647/647/647 646/646/646 645/645/645
f 650/650/650 649/649/649 648/648/648
f 653/653/653 652/652/652 651/651/651
f 656/656/656 655/655/655 654/654/654
f 659/659/659 658/658/658 657/657/657
f 662/662/662 661/661/661 660/660/660
f 665/665/665 664/664/664 663/663/663
f 668/668/668 667/667/667 666/666/666
f 671/671/671 670/670/670 669/669/669
f 674/674/674 673/673/673 672/672/672
f 677/677/677 676/676/676 675/675/675
f 680/680/680 679/679/679 678/678/678
f 683/683/683 682/682/682 681/681/681
f 686/686/686 685/685/685 684/684/684
f 689/689/689 688/688/688 687/687/687
f 692/692/692 691/691/691 690/690/690
f 695/695/695 694/694/694 693/693/693
f 698/698/698 697/697/697 696/696/696
f 701/701/701 700/700/700 699/699/699
f 704/704/704 703/703/703 702/702/702
f 707/707/707 706/706/706 705/705/705
f 710/710/710 709/709/709 708/708/708
f 713/713/713 712/712/712 711/711/711
f 716/716/716 715/715/715 714/714/714
f 719/719/719 718/718/718 717/717/717
f 722/722/722 721/721/721 720/720/720
f 725/725/725 724/724/724 723/723/723
f 728/728/728 727/727/727 726/726/726
f 731/731/731 730/730/730 729/729/729
f 734/734/734 733/733/733 732/732/732
f 737/737/737 736/736/736 735/735/735
f 740/740/740 739/739/739 738/738/738
f 743/743/743 742/742/742 741/741/741
f 746/746/746 745/745/745 744/744/744
f 749/749/749 748/748/748 747/747/747
f 752/752/752 751/751/751 750/750/750
f 755/755/755 754/754/754 753/753/753
f 758/758/758 757/757/757 756/756/756
f 761/761/761 760/760/760 759/759/759
f 764/764/764 763/763/763 762/762/762
f 767/767/767 766/766/766 765/765/765
f 770/770/770 769/769/769 768/768/768
f 773/773/773 772/772/772 771/771/771
f 776/776/776 775/775/775 774/774/774
f 779/779/779 778/778/778 777/777/777
f 782/782/782 781/781/781 780/780/780
f 785/785/785 784/784/784 783/783/783
f 788/788/788 787/787/787 786/786/786
f 791/791/791 790/790/790 789/789/789
f 794/794/794 793/793/793 792/792/792
f 797/797/797 796/796/796 795/795/795
f 800/800/800 799/799/799 798/798/798
f 803/803/803 802/802/802 801/801/801
f 806/806/806 805/805/805 804/804/804
f 809/809/809 808/808/808 807/807/807
f 812/812/812 811/811/811 810/810/810
f 815/815/815 814/814/814 813/813/813
f 818/818/818 817/817/817 816/816/816
f 821/821/821 820/820/820 819/819/819
f 824/824/824 823/823/823 822/822/822
f 827/827/827 826/826/826 825/825/825
f 830/830/830 829/829/829 828/828/828
f 833/833/833 832/832/832 831/831/831
f 836/836/836 835/835/835 834/834/834
f 839/839/839 838/838/838 837/837/837
f 842/842/842 841/841/841 840/840/840
f 845/845/845 844/844/844 843/843/843
f 848/848/848 847/847/847 846/846/846
f 851/851/851 850/850/850 849/849/849
f 854/854/854 853/853/853 852/852/852
f 857/857/857 856/856/856 855/855/855
f 860/860/860 859/859/859 858/858/858
f 863/863/863 862/862/862 861/861/861
f 866/866/866 865/865/865 864/864/864
f 869/869/869 868/868/868 867/867/867
f 871/871/871 869/869/869 870/870/870
f 874/874/874 873/873/873 872/872/872
f 877/877/877 876/876/876 875/875/875
f 880/880/880 879/879/879 878/878/878
f 883/883/883 882/882/882 881/881/881
f 886/886/886 885/885/885 884/884/884
f 889/889/889 888/888/888 887/887/887
f 892/892/892 891/891/891 890/890/890
f 895/895/895 894/894/894 893/893/893
f 898/898/898 897/897/897 896/896/896
f 901/901/901 900/900/900 899/899/899
f 904/904/904 903/903/903 902/902/902
f 907/907/907 906/906/906 905/905/905
f 910/910/910 909/909/909 908/908/908
f 913/913/913 912/912/912 911/911/911
f 916/916/916 915/915/915 914/914/914
f 919/919/919 918/918/918 917/917/917
f 922/922/922 921/921/921 920/920/920
f 925/925/925 924/924/924 923/923/923
f 928/928/928 927/927/927 926/926/926
f 931/931/931 930/930/930 929/929/929
f 934/934/934 933/933/933 932/932/932
f 937/937/937 936/936/936 935/935/935
f 940/940/940 939/939/939 938/938/938
f 943/943/943 942/942/942 941/941/941
f 946/946/946 945/945/945 944/944/944
f 949/949/949 948/948/948 947/947/947
f 952/952/952 951/951/951 950/950/950
f 955/955/955 954/954/954 953/953/953
f 958/958/958 957/957/957 956/956/956
f 961/961/961 960/960/960 959/959/959
f 964/964/964 963/963/963 962/962/962
f 967/967/967 966/966/966 965/965/965
f 970/970/970 969/969/969 968/968/968
f 973/973/973 972/972/972 971/971/971
f 976/976/976 975/975/975 974/974/974
f 979/979/979 978/978/978 977/977/977
f 982/982/982 981/981/981 980/980/980
f 985/985/985 984/984/984 983/983/983
f 988/988/988 987/987/987 986/986/986
f 991/991/991 990/990/990 989/989/989
f 994/994/994 993/993/993 992/992/992
f 997/997/997 996/996/996 995/995/995
f 1000/1000/1000 999/999/999 998/998/998
f 1003/1003/1003 1002/1002/1002 1001/1001/1001
f 1006/1006/1006 1005/1005/1005 1004/1004/1004
f 1009/1009/1009 1008/1008/1008 1007/1007/1007
f 1012/1012/1012 1011/1011/1011 1010/1010/1010
f 1015/1015/1015 1014/1014/1014 1013/1013/1013
f 1018/1018/1018 1017/1017/1017 1016/1016/1016
f 1021/1021/1021 1020/1020/1020 1019/1019/1019
f 1024/1024/1024 1023/1023/1023 1022/1022/1022
f 1027/1027/1027 1026/1026/1026 1025/1025/1025
f 1030/1030/1030 1029/1029/1029 1028/1028/1028
f 1033/1033/1033 1032/1032/1032 1031/1031/1031
f 1036/1036/1036 1035/1035/1035 1034/1034/1034
f 1039/1039/1039 1038/1038/1038 1037/1037/1037
f 1042/1042/1042 1041/1041/1041 1040/1040/1040
f 1045/1045/1045 1044/1044/1044 1043/1043/1043
f 1048/1048/1048 1047/1047/1047 1046/1046/1046
f 1051/1051/1051 1050/1050/1050 1049/1049/1049
f 1054/1054/1054 1053/1053/1053 1052/1052/1052
f 1057/1057/1057 1056/1056/1056 1055/1055/1055
f 1060/1060/1060 1059/1059/1059 1058/1058/1058
f 1063/1063/1063 1062/1062/1062 1061/1061/1061
f 1066/1066/1066 1065/1065/1065 1064/1064/1064
f 1069/1069/1069 1068/1068/1068 1067/1067/1067
f 1072/1072/1072 1071/1071/1071 1070/1070/1070
f 1075/1075/1075 1074/1074/1074 1073/1073/1073
f 1078/1078/1078 1077/1077/1077 1076/1076/1076
f 1081/1081/1081 1080/1080/1080 1079/1079/1079
f 1084/1084/1084 1083/1083/1083 1082/1082/1082
f 1087/1087/1087 1086/1086/1086 1085/1085/1085
f 1090/1090/1090 1089/1089/1089 1088/1088/1088
f 1093/1093/1093 1092/1092/1092 1091/1091/1091
f 1096/1096/1096 1095/1095/1095 1094/1094/1094
f 1099/1099/1099 1098/1098/1098 1097/1097/1097
f 1102/1102/1102 1101/1101/1101 1100/1100/1100
f 1105/1105/1105 1104/1104/1104 1103/1103/1103
f 1108/1108/1108 1107/1107/1107 1106/1106/1106
f 1111/1111/1111 1110/1110/1110 1109/1109/1109
f 1114/1114/1114 1113/1113/1113 1112/1112/1112
f 1117/1117/1117 1116/1116/1116 1115/1115/1115
f 1120/1120/1120 1119/1119/1119 1118/1118/1118
f 1123/1123/1123 1122/1122/1122 1121/1121/1121
f 1125/1125/1125 1124/1124/1124 1122/1122/1122
f 1124/1124/1124 1125/1125/1125 1126/1126/1126
f 1129/1129/1129 1128/1128/1128 1127/1127/1127
f 1132/1132/1132 1131/1131/1131 1130/1130/1130
f 1135/1135/1135 1134/1134/1134 1133/1133/1133
f 1138/1138/1138 1137/1137/1137 1136/1136/1136
f 1141/1141/1141 1140/1140/1140 1139/1139/1139
f 1144/1144/1144 1143/1143/1143 1142/1142/1142
f 1147/1147/1147 1146/1146/1146 1145/1145/1145
f 1150/1150/1150 1149/1149/1149 1148/1148/1148
f 1153/1153/1153 1152/1152/1152 1151/1151/1151
f 1156/1156/1156 1155/1155/1155 1154/1154/1154
f 1159/1159/1159 1158/1158/1158 1157/1157/1157
f 1162/1162/1162 1161/1161/1161 1160/1160/1160
f 1165/1165/1165 1164/1164/1164 1163/1163/1163
f 1168/1168/1168 1167/1167/1167 1166/1166/1166
f 1171/1171/1171 1170/1170/1170 1169/1169/1169
f 1174/1174/1174 1173/1173/1173 1172/1172/1172
f 1177/1177/1177 1176/1176/1176 1175/1175/1175
f 1180/1180/1180 1179/1179/1179 1178/1178/1178
f 1183/1183/1183 1182/1182/1182 1181/1181/1181
f 1186/1186/1186 1185/1185/1185 1184/1184/1184
f 1189/1189/1189 1188/1188/1188 1187/1187/1187
f 1192/1192/1192 1191/1191/1191 1190/1190/1190
f 1195/1195/1195 1194/1194/1194 1193/1193/1193
f 1198/1198/1198 1197/1197/1197 1196/1196/1196
f 1201/1201/1201 1200/1200/1200 1199/1199/1199
f 1204/1204/1204 1203/1203/1203 1202/1202/1202
f 1207/1207/1207 1206/1206/1206 1205/1205/1205
f 1209/1209/1209 1206/1206/1206 1208/1208/1208
f 1212/1212/1212 1211/1211/1211 1210/1210/1210
f 1215/1215/1215 1214/1214/1214 1213/1213/1213
f 1218/1218/1218 1217/1217/1217 1216/1216/1216
f 1221/1221/1221 1220/1220/1220 1219/1219/1219
f 1224/1224/1224 1223/1223/1223 1222/1222/1222
f 1227/1227/1227 1226/1226/1226 1225/1225/1225
f 1230/1230/1230 1229/1229/1229 1228/1228/1228
f 1233/1233/1233 1232/1232/1232 1231/1231/1231
f 1236/1236/1236 1235/1235/1235 1234/1234/1234
f 1239/1239/1239 1238/1238/1238 1237/1237/1237
f 1242/1242/1242 1241/1241/1241 1240/1240/1240
f 1245/1245/1245 1244/1244/1244 1243/1243/1243
f 1248/1248/1248 1247/1247/1247 1246/1246/1246
f 1251/1251/1251 1250/1250/1250 1249/1249/1249
f 1254/1254/1254 1253/1253/1253 1252/1252/1252
f 1257/1257/1257 1256/1256/1256 1255/1255/1255
f 1260/1260/1260 1259/1259/1259 1258/1258/1258
f 1263/1263/1263 1262/1262/1262 1261/1261/1261
f 1266/1266/1266 1265/1265/1265 1264/1264/1264
f 1269/1269/1269 1268/1268/1268 1267/1267/1267
f 1272/1272/1272 1271/1271/1271 1270/1270/1270
f 1275/1275/1275 1274/1274/1274 1273/1273/1273
f 1278/1278/1278 1277/1277/1277 1276/1276/1276
f 1281/1281/1281 1280/1280/1280 1279/1279/1279
f 1283/1283/1283 1279/1279/1279 1282/1282/1282
f 1283/1283/1283 1282/1282/1282 1284/1284/1284
f 1287/1287/1287 1286/1286/1286 1285/1285/1285
f 1290/1290/1290 1289/1289/1289 1288/1288/1288
f 1293/1293/1293 1292/1292/1292 1291/1291/1291
f 1296/1296/1296 1295/1295/1295 1294/1294/1294
f 1299/1299/1299 1298/1298/1298 1297/1297/1297
f 1302/1302/1302 1301/1301/1301 1300/1300/1300
f 1305/1305/1305 1304/1304/1304 1303/1303/1303
f 1308/1308/1308 1307/1307/1307 1306/1306/1306
f 1311/1311/1311 1310/1310/1310 1309/1309/1309
f 1314/1314/1314 1313/1313/1313 1312/1312/1312
f 1317/1317/1317 1316/1316/1316 1315/1315/1315
f 1320/1320/1320 1319/1319/1319 1318/1318/1318
f 1323/1323/1323 1322/1322/1322 1321/1321/1321
f 1326/1326/1326 1325/1325/1325 1324/1324/1324
f 1329/1329/1329 1328/1328/1328 1327/1327/1327
f 1332/1332/1332 1331/1331/1331 1330/1330/1330
f 1335/1335/1335 1334/1334/1334 1333/1333/1333
f 1338/1338/1338 1337/1337/1337 1336/1336/1336
f 1341/1341/1341 1340/1340/1340 1339/1339/1339
f 1344/1344/1344 1343/1343/1343 1342/1342/1342
f 1347/1347/1347 1346/1346/1346 1345/1345/1345
f 1350/1350/1350 1349/1349/1349 1348/1348/1348
f 1353/1353/1353 1352/1352/1352 1351/1351/1351
f 1356/1356/1356 1355/1355/1355 1354/1354/1354
f 1359/1359/1359 1358/1358/1358 1357/1357/1357
f 1362/1362/1362 1361/1361/1361 1360/1360/1360
f 1365/1365/1365 1364/1364/1364 1363/1363/1363
f 1368/1368/1368 1367/1367/1367 1366/1366/1366
f 1371/1371/1371 1370/1370/1370 1369/1369/1369
f 1374/1374/1374 1373/1373/1373 1372/1372/1372
f 1377/1377/1377 1376/1376/1376 1375/1375/1375
f 1380/1380/1380 1379/1379/1379 1378/1378/1378
f 1383/1383/1383 1382/1382/1382 1381/1381/1381
f 1386/1386/1386 1385/1385/1385 1384/1384/1384
f 1389/1389/1389 1388/1388/1388 1387/1387/1387
f 1392/1392/1392 1391/1391/1391 1390/1390/1390
f 1395/1395/1395 1394/1394/1394 1393/1393/1393
f 1398/1398/1398 1397/1397/1397 1396/1396/1396
f 1401/1401/1401 1400/1400/1400 1399/1399/1399
f 1404/1404/1404 1403/1403/1403 1402/1402/1402
f 1407/1407/1407 1406/1406/1406 1405/1405/1405
f 1410/1410/1410 1409/1409/1409 1408/1408/1408
f 1413/1413/1413 1412/1412/1412 1411/1411/1411
f 1416/1416/1416 1415/1415/1415 1414/1414/1414
f 1419/1419/1419 1418/1418/1418 1417/1417/1417
f 1422/1422/1422 1421/1421/1421 1420/1420/1420
f 1425/1425/1425 1424/1424/1424 1423/1423/1423
f 1428/1428/1428 1427/1427/1427 1426/1426/1426
f 1431/1431/1431 1430/1430/1430 1429/1429/1429
f 1434/1434/1434 1433/1433/1433 1432/1432/1432
f 1437/1437/1437 1436/1436/1436 1435/1435/1435
f 1440/1440/1440 1439/1439/1439 1438/1438/1438
f 1443/1443/1443 1442/1442/1442 1441/1441/1441
f 1446/1446/1446 1445/1445/1445 1444/1444/1444
f 1449/1449/1449 1448/1448/1448 1447/1447/1447
f 1452/1452/1452 1451/1451/1451 1450/1450/1450
f 1455/1455/1455 1454/1454/1454 1453/1453/1453
f 1458/1458/1458 1457/1457/1457 1456/1456/1456
f 1461/1461/1461 1460/1460/1460 1459/1459/1459
f 1464/1464/1464 1463/1463/1463 1462/1462/1462
f 1467/1467/1467 1466/1466/1466 1465/1465/1465
f 1470/1470/1470 1469/1469/1469 1468/1468/1468
f 1473/1473/1473 1472/1472/1472 1471/1471/1471
f 1476/1476/1476 1475/1475/1475 1474/1474/1474
f 1479/1479/1479 1478/1478/1478 1477/1477/1477
f 1482/1482/1482 1481/1481/1481 1480/1480/1480
f 1485/1485/1485 1484/1484/1484 1483/1483/1483
f 1488/1488/1488 1487/1487/1487 1486/1486/1486
f 1491/1491/1491 1490/1490/1490 1489/1489/1489
f 1494/1494/1494 1493/1493/1493 1492/1492/1492
f 1497/1497/1497 1496/1496/1496 1495/1495/1495
f 1500/1500/1500 1499/1499/1499 1498/1498/1498
f 1503/1503/1503 1502/1502/1502 1501/1501/1501
f 1506/1506/1506 1505/1505/1505 1504/1504/1504
f 1509/1509/1509 1508/1508/1508 1507/1507/1507
f 1512/1512/1512 1511/1511/1511 1510/1510/1510
f 1515/1515/1515 1514/1514/1514 1513/1513/1513
f 1518/1518/1518 1517/1517/1517 1516/1516/1516
f 1521/1521/1521 1520/1520/1520 1519/1519/1519
f 1524/1524/1524 1523/1523/1523 1522/1522/1522
f 1527/1527/1527 1526/1526/1526 1525/1525/1525
f 1530/1530/1530 1529/1529/1529 1528/1528/1528
f 1533/1533/1533 1532/1532/1532 1531/1531/1531
f 1536/1536/1536 1535/1535/1535 1534/1534/1534
f 1539/1539/1539 1538/1538/1538 1537/1537/1537
f 1542/1542/1542 1541/1541/1541 1540/1540/1540
f 1545/1545/1545 1544/1544/1544 1543/1543/1543
f 1548/1548/1548 1547/1547/1547 1546/1546/1546
f 1551/1551/1551 1550/1550/1550 1549/1549/1549
f 1554/1554/1554 1553/1553/1553 1552/1552/1552
f 1557/1557/1557 1556/1556/1556 1555/1555/1555
f 1560/1560/1560 1559/1559/1559 1558/1558/1558
f 1563/1563/1563 1562/1562/1562 1561/1561/1561
f 1566/1566/1566 1565/1565/1565 1564/1564/1564
f 1569/1569/1569 1568/1568/1568 1567/1567/1567
f 1572/1572/1572 1571/1571/1571 1570/1570/1570
f 1575/1575/1575 1574/1574/1574 1573/1573/1573
f 1578/1578/1578 1577/1577/1577 1576/1576/1576
f 1581/1581/1581 1580/1580/1580 1579/1579/1579
f 1584/1584/1584 1583/1583/1583 1582/1582/1582
f 1587/1587/1587 1586/1586/1586 1585/1585/1585
f 1590/1590/1590 1589/1589/1589 1588/1588/1588
f 1593/1593/1593 1592/1592/1592 1591/1591/1591
f 1596/1596/1596 1595/1595/1595 1594/1594/1594
f 1599/1599/1599 1598/1598/1598 1597/1597/1597
f 1602/1602/1602 1601/1601/1601 1600/1600/1600
f 1605/1605/1605 1604/1604/1604 1603/1603/1603
f 1608/1608/1608 1607/1607/1607 1606/1606/1606
f 1611/1611/1611 1610/1610/1610 1609/1609/1609
f 1614/1614/1614 1613/1613/1613 1612/1612/1612
f 1617/1617/1617 1616/1616/1616 1615/1615/1615
f 1620/1620/1620 1619/1619/1619 1618/1618/1618
f 1623/1623/1623 1622/1622/1622 1621/1621/1621
f 1626/1626/1626 1625/1625/1625 1624/1624/1624
f 1629/1629/1629 1628/1628/1628 1627/1627/1627
f 1632/1632/1632 1631/1631/1631 1630/1630/1630
f 1635/1635/1635 1634/1634/1634 1633/1633/1633
f 1638/1638/1638 1637/1637/1637 1636/1636/1636
f 1641/1641/1641 1640/1640/1640 1639/1639/1639
f 1644/1644/1644 1643/1643/1643 1642/1642/1642
f 1647/1647/1647 1646/1646/1646 1645/1645/1645
f 1650/1650/1650 1649/1649/1649 1648/1648/1648
f 1653/1653/1653 1652/1652/1652 1651/1651/1651
f 1656/1656/1656 1655/1655/1655 1654/1654/1654
f 1659/1659/1659 1658/1658/1658 1657/1657/1657
f 1662/1662/1662 1661/1661/1661 1660/1660/1660
f 1665/1665/1665 1664/1664/1664 1663/1663/1663
f 1668/1668/1668 1667/1667/1667 1666/1666/1666
f 1671/1671/1671 1670/1670/1670 1669/1669/1669
f 1674/1674/1674 1673/1673/1673 1672/1672/1672
f 1677/1677/1677 1676/1676/1676 1675/1675/1675
f 1680/1680/1680 1679/1679/1679 1678/1678/1678
f 1683/1683/1683 1682/1682/1682 1681/1681/1681
f 1686/1686/1686 1685/1685/1685 1684/1684/1684
f 1689/1689/1689 1688/1688/1688 1687/1687/1687
f 1692/1692/1692 1691/1691/1691 1690/1690/1690
f 1695/1695/1695 1694/1694/1694 1693/1693/1693
f 1698/1698/1698 1697/1697/1697 1696/1696/1696
f 1701/1701/1701 1700/1700/1700 1699/1699/1699
f 1704/1704/1704 1703/1703/1703 1702/1702/1702
f 1707/1707/1707 1706/1706/1706 1705/1705/1705
f 1710/1710/1710 1709/1709/1709 1708/1708/1708
f 1713/1713/1713 1712/1712/1712 1711/1711/1711
f 1716/1716/1716 1715/1715/1715 1714/1714/1714
f 1719/1719/1719 1718/1718/1718 1717/1717/1717
f 1722/1722/1722 1721/1721/1721 1720/1720/1720
f 1725/1725/1725 1724/1724/1724 1723/1723/1723
f 1728/1728/1728 1727/1727/1727 1726/1726/1726
f 1731/1731/1731 1730/1730/1730 1729/1729/1729
f 1734/1734/1734 1733/1733/1733 1732/1732/1732
f 1737/1737/1737 1736/1736/1736 1735/1735/1735
f 1740/1740/1740 1739/1739/1739 1738/1738/1738
f 1743/1743/1743 1742/1742/1742 1741/1741/1741
f 1746/1746/1746 1745/1745/1745 1744/1744/1744
f 1749/1749/1749 1748/1748/1748 1747/1747/1747
f 1752/1752/1752 1751/1751/1751 1750/1750/1750
f 1755/1755/1755 1754/1754/1754 1753/1753/1753
f 1758/1758/1758 1757/1757/1757 1756/1756/1756
f 1761/1761/1761 1760/1760/1760 1759/1759/1759
f 1764/1764/1764 1763/1763/1763 1762/1762/1762
f 1767/1767/1767 1766/1766/1766 1765/1765/1765
f 1770/1770/1770 1769/1769/1769 1768/1768/1768
f 1773/1773/1773 1772/1772/1772 1771/1771/1771
f 1776/1776/1776 1775/1775/1775 1774/1774/1774
f 1779/1779/1779 1778/1778/1778 1777/1777/1777
f 1782/1782/1782 1781/1781/1781 1780/1780/1780
f 1785/1785/1785 1784/1784/1784 1783/1783/1783
f 1788/1788/1788 1787/1787/1787 1786/1786/1786
f 1791/1791/1791 1790/1790/1790 1789/1789/1789
f 1794/1794/1794 1793/1793/1793 1792/1792/1792
f 1797/1797/1797 1796/1796/1796 1795/1795/1795
f 1800/1800/1800 1799/1799/1799 1798/1798/1798
f 1803/1803/1803 1802/1802/1802 1801/1801/1801
f 1806/1806/1806 1805/1805/1805 1804/1804/1804
f 1809/1809/1809 1808/1808/1808 1807/1807/1807
f 1812/1812/1812 1811/1811/1811 1810/1810/1810
f 1815/1815/1815 1814/1814/1814 1813/1813/1813
f 1818/1818/1818 1817/1817/1817 1816/1816/1816
f 1821/1821/1821 1820/1820/1820 1819/1819/1819
f 1824/1824/1824 1823/1823/1823 1822/1822/1822
f 1827/1827/1827 1826/1826/1826 1825/1825/1825
f 1830/1830/1830 1829/1829/1829 1828/1828/1828
f 1833/1833/1833 1832/1832/1832 1831/1831/1831
f 1836/1836/1836 1835/1835/1835 1834/1834/1834
f 1839/1839/1839 1838/1838/1838 1837/1837/1837
f 1842/1842/1842 1841/1841/1841 1840/1840/1840
f 1845/1845/1845 1844/1844/1844 1843/1843/1843
f 1848/1848/1848 1847/1847/1847 1846/1846/1846
f 1851/1851/1851 1850/1850/1850 1849/1849/1849
f 1854/1854/1854 1853/1853/1853 1852/1852/1852
f 1857/1857/1857 1856/1856/1856 1855/1855/1855
f 1860/1860/1860 1859/1859/1859 1858/1858/1858
f 1863/1863/1863 1862/1862/1862 1861/1861/1861
f 1865/1865/1865 1864/1864/1864 1862/1862/1862
f 1868/1868/1868 1867/1867/1867 1866/1866/1866
f 1871/1871/1871 1870/1870/1870 1869/1869/1869
f 1874/1874/1874 1873/1873/1873 1872/1872/1872
f 1877/1877/1877 1876/1876/1876 1875/1875/1875
f 1880/1880/1880 1879/1879/1879 1878/1878/1878
f 1883/1883/1883 1882/1882/1882 1881/1881/1881
f 1886/1886/1886 1885/1885/1885 1884/1884/1884
f 1889/1889/1889 1888/1888/1888 1887/1887/1887
f 1892/1892/1892 1891/1891/1891 1890/1890/1890
f 1895/1895/1895 1894/1894/1894 1893/1893/1893
f 1898/1898/1898 1897/1897/1897 1896/1896/1896
f 1901/1901/1901 1900/1900/1900 1899/1899/1899
f 1904/1904/1904 1903/1903/1903 1902/1902/1902
f 1907/1907/1907 1906/1906/1906 1905/1905/1905
f 1910/1910/1910 1909/1909/1909 1908/1908/1908
f 1913/1913/1913 1912/1912/1912 1911/1911/1911
f 1916/1916/1916 1915/1915/1915 1914/1914/1914
f 1919/1919/1919 1918/1918/1918 1917/1917/1917
f 1922/1922/1922 1921/1921/1921 1920/1920/1920
f 1925/1925/1925 1924/1924/1924 1923/1923/1923
f 1928/1928/1928 1927/1927/1927 1926/1926/1926
f 1931/1931/1931 1930/1930/1930 1929/1929/1929
f 1934/1934/1934 1933/1933/1933 1932/1932/1932
f 1937/1937/1937 1936/1936/1936 1935/1935/1935
f 1940/1940/1940 1939/1939/1939 1938/1938/1938
f 1943/1943/1943 1942/1942/1942 1941/1941/1941
f 1946/1946/1946 1945/1945/1945 1944/1944/1944
f 1949/1949/1949 1948/1948/1948 1947/1947/1947
f 1952/1952/1952 1951/1951/1951 1950/1950/1950
f 1955/1955/1955 1954/1954/1954 1953/1953/1953
f 1958/1958/1958 1957/1957/1957 1956/1956/1956
f 1961/1961/1961 1960/1960/1960 1959/1959/1959
f 1964/1964/1964 1963/1963/1963 1962/1962/1962
f 1967/1967/1967 1966/1966/1966 1965/1965/1965
f 1970/1970/1970 1969/1969/1969 1968/1968/1968
f 1973/1973/1973 1972/1972/1972 1971/1971/1971
f 1976/1976/1976 1975/1975/1975 1974/1974/1974
f 1979/1979/1979 1978/1978/1978 1977/1977/1977
f 1982/1982/1982 1981/1981/1981 1980/1980/1980
f 1985/1985/1985 1984/1984/1984 1983/1983/1983
f 1988/1988/1988 1987/1987/1987 1986/1986/1986
f 1991/1991/1991 1990/1990/1990 1989/1989/1989
f 1994/1994/1994 1993/1993/1993 1992/1992/1992
f 1997/1997/1997 1996/1996/1996 1995/1995/1995
f 2000/2000/2000 1999/1999/1999 1998/1998/1998
f 2003/2003/2003 2002/2002/2002 2001/2001/2001
f 2006/2006/2006 2005/2005/2005 2004/2004/2004
f 2009/2009/2009 2008/2008/2008 2007/2007/2007
f 2012/2012/2012 2011/2011/2011 2010/2010/2010
f 2015/2015/2015 2014/2014/2014 2013/2013/2013
f 2018/2018/2018 2017/2017/2017 2016/2016/2016
f 2021/2021/2021 2020/2020/2020 2019/2019/2019
f 2024/2024/2024 2023/2023/2023 2022/2022/2022
f 2027/2027/2027 2026/2026/2026 2025/2025/2025
f 2030/2030/2030 2029/2029/2029 2028/2028/2028
f 2033/2033/2033 2032/2032/2032 2031/2031/2031
f 2036/2036/2036 2035/2035/2035 2034/2034/2034
f 2039/2039/2039 2038/2038/2038 2037/2037/2037
f 2042/2042/2042 2041/2041/2041 2040/2040/2040
f 2045/2045/2045 2044/2044/2044 2043/2043/2043
f 2048/2048/2048 2047/2047/2047 2046/2046/2046
f 2051/2051/2051 2050/2050/2050 2049/2049/2049
f 2054/2054/2054 2053/2053/2053 2052/2052/2052
f 2057/2057/2057 2056/2056/2056 2055/2055/2055
f 2060/2060/2060 2059/2059/2059 2058/2058/2058
f 2063/2063/2063 2062/2062/2062 2061/2061/2061
f 2066/2066/2066 2065/2065/2065 2064/2064/2064
f 2069/2069/2069 2068/2068/2068 2067/2067/2067
f 2072/2072/2072 2071/2071/2071 2070/2070/2070
f 2075/2075/2075 2074/2074/2074 2073/2073/2073
f 2078/2078/2078 2077/2077/2077 2076/2076/2076
f 2081/2081/2081 2080/2080/2080 2079/2079/2079
f 2084/2084/2084 2083/2083/2083 2082/2082/2082
f 2087/2087/2087 2086/2086/2086 2085/2085/2085
f 2090/2090/2090 2089/2089/2089 2088/2088/2088
f 2093/2093/2093 2092/2092/2092 2091/2091/2091
f 2096/2096/2096 2095/2095/2095 2094/2094/2094
f 2099/2099/2099 2098/2098/2098 2097/2097/2097
f 2102/2102/2102 2101/2101/2101 2100/2100/2100
f 2105/2105/2105 2104/2104/2104 2103/2103/2103
f 2108/2108/2108 2107/2107/2107 2106/2106/2106
f 2111/2111/2111 2110/2110/2110 2109/2109/2109
f 2114/2114/2114 2113/2113/2113 2112/2112/2112
f 2117/2117/2117 2116/2116/2116 2115/2115/2115
f 2120/2120/2120 2119/2119/2119 2118/2118/2118
f 2123/2123/2123 2122/2122/2122 2121/2121/2121
f 2126/2126/2126 2125/2125/2125 2124/2124/2124
f 2129/2129/2129 2128/2128/2128 2127/2127/2127
f 2132/2132/2132 2131/2131/2131 2130/2130/2130
f 2135/2135/2135 2134/2134/2134 2133/2133/2133
f 2138/2138/2138 2137/2137/2137 2136/2136/2136
f 2141/2141/2141 2140/2140/2140 2139/2139/2139
f 2144/2144/2144 2143/2143/2143 2142/2142/2142
f 2147/2147/2147 2146/2146/2146 2145/2145/2145
f 2150/2150/2150 2149/2149/2149 2148/2148/2148
f 2153/2153/2153 2152/2152/2152 2151/2151/2151
f 2156/2156/2156 2155/2155/2155 2154/2154/2154
f 2159/2159/2159 2158/2158/2158 2157/2157/2157
f 2162/2162/2162 2161/2161/2161 2160/2160/2160
f 2165/2165/2165 2164/2164/2164 2163/2163/2163
f 2168/2168/2168 2167/2167/2167 2166/2166/2166
f 2171/2171/2171 2170/2170/2170 2169/2169/2169
f 2174/2174/2174 2173/2173/2173 2172/2172/2172
f 2177/2177/2177 2176/2176/2176 2175/2175/2175
f 2180/2180/2180 2179/2179/2179 2178/2178/2178
f 2183/2183/2183 2182/2182/2182 2181/2181/2181
f 2186/2186/2186 2185/2185/2185 2184/2184/2184
f 2189/2189/2189 2188/2188/2188 2187/2187/2187
f 2192/2192/2192 2191/2191/2191 2190/2190/2190
f 2195/2195/2195 2194/2194/2194 2193/2193/2193
f 2198/2198/2198 2197/2197/2197 2196/2196/2196
f 2201/2201/2201 2200/2200/2200 2199/2199/2199
f 2204/2204/2204 2203/2203/2203 2202/2202/2202
f 2207/2207/2207 2206/2206/2206 2205/2205/2205
f 2210/2210/2210 2209/2209/2209 2208/2208/2208
f 2213/2213/2213 2212/2212/2212 2211/2211/2211
f 2216/2216/2216 2215/2215/2215 2214/2214/2214
f 2219/2219/2219 2218/2218/2218 2217/2217/2217
f 2222/2222/2222 2221/2221/2221 2220/2220/2220
f 2225/2225/2225 2224/2224/2224 2223/2223/2223
f 2226/2226/2226 2225/2225/2225 2223/2223/2223
f 2229/2229/2229 2228/2228/2228 2227/2227/2227
f 2228/2228/2228 2230/2230/2230 2227/2227/2227
f 2233/2233/2233 2232/2232/2232 2231/2231/2231
f 2234/2234/2234 2233/2233/2233 2231/2231/2231
f 2234/2234/2234 2231/2231/2231 2235/2235/2235
f 2238/2238/2238 2237/2237/2237 2236/2236/2236
f 2239/2239/2239 2238/2238/2238 2236/2236/2236
f 2242/2242/2242 2241/2241/2241 2240/2240/2240
f 2241/2241/2241 2243/2243/2243 2240/2240/2240
f 2246/2246/2246 2245/2245/2245 2244/2244/2244
f 2247/2247/2247 2246/2246/2246 2244/2244/2244
f 2250/2250/2250 2249/2249/2249 2248/2248/2248
f 2250/2250/2250 2251/2251/2251 2249/2249/2249
f 2254/2254/2254 2253/2253/2253 2252/2252/2252
f 2255/2255/2255 2254/2254/2254 2252/2252/2252
f 2256/2256/2256 2254/2254/2254 2255/2255/2255
f 2257/2257/2257 2256/2256/2256 2255/2255/2255
f 2260/2260/2260 2259/2259/2259 2258/2258/2258
f 2261/2261/2261 2260/2260/2260 2258/2258/2258
f 2264/2264/2264 2263/2263/2263 2262/2262/2262
f 2262/2262/2262 2263/2263/2263 2265/2265/2265
f 2266/2266/2266 2265/2265/2265 2263/2263/2263
f 2269/2269/2269 2268/2268/2268 2267/2267/2267
f 2270/2270/2270 2269/2269/2269 2267/2267/2267
f 2273/2273/2273 2272/2272/2272 2271/2271/2271
f 2274/2274/2274 2273/2273/2273 2271/2271/2271
f 2277/2277/2277 2276/2276/2276 2275/2275/2275
f 2278/2278/2278 2277/2277/2277 2275/2275/2275
f 2278/2278/2278 2275/2275/2275 2279/2279/2279
f 2280/2280/2280 2278/2278/2278 2279/2279/2279
f 2283/2283/2283 2282/2282/2282 2281/2281/2281
f 2284/2284/2284 2283/2283/2283 2281/2281/2281
f 2287/2287/2287 2286/2286/2286 2285/2285/2285
f 2288/2288/2288 2287/2287/2287 2285/2285/2285
f 2291/2291/2291 2290/2290/2290 2289/2289/2289
f 2292/2292/2292 2291/2291/2291 2289/2289/2289
f 2295/2295/2295 2294/2294/2294 2293/2293/2293
f 2296/2296/2296 2295/2295/2295 2293/2293/2293
f 2299/2299/2299 2298/2298/2298 2297/2297/2297
f 2300/2300/2300 2299/2299/2299 2297/2297/2297
f 2303/2303/2303 2302/2302/2302 2301/2301/2301
f 2304/2304/2304 2303/2303/2303 2301/2301/2301
f 2307/2307/2307 2306/2306/2306 2305/2305/2305
f 2308/2308/2308 2307/2307/2307 2305/2305/2305
f 2311/2311/2311 2310/2310/2310 2309/2309/2309
f 2310/2310/2310 2311/2311/2311 2312/2312/2312
f 2315/2315/2315 2314/2314/2314 2313/2313/2313
f 2315/2315/2315 2313/2313/2313 2316/2316/2316
f 2315/2315/2315 2316/2316/2316 2317/2317/2317
f 2320/2320/2320 2319/2319/2319 2318/2318/2318
f 2320/2320/2320 2318/2318/2318 2321/2321/2321
f 2324/2324/2324 2323/2323/2323 2322/2322/2322
f 2325/2325/2325 2322/2322/2322 2323/2323/2323
f 2325/2325/2325 2323/2323/2323 2326/2326/2326
f 2327/2327/2327 2326/2326/2326 2323/2323/2323
f 2328/2328/2328 2327/2327/2327 2323/2323/2323
f 2329/2329/2329 2328/2328/2328 2323/2323/2323
f 2332/2332/2332 2331/2331/2331 2330/2330/2330
f 2330/2330/2330 2331/2331/2331 2333/2333/2333
f 2336/2336/2336 2335/2335/2335 2334/2334/2334
f 2337/2337/2337 2335/2335/2335 2336/2336/2336
f 2340/2340/2340 2339/2339/2339 2338/2338/2338
f 2338/2338/2338 2341/2341/2341 2340/2340/2340
f 2341/2341/2341 2342/2342/2342 2340/2340/2340
f 2345/2345/2345 2344/2344/2344 2343/2343/2343
f 2343/2343/2343 2346/2346/2346 2345/2345/2345
f 2347/2347/2347 2345/2345/2345 2346/2346/2346
f 2350/2350/2350 2349/2349/2349 2348/2348/2348
f 2349/2349/2349 2350/2350/2350 2351/2351/2351
f 2352/2352/2352 2351/2351/2351 2350/2350/2350
f 2355/2355/2355 2354/2354/2354 2353/2353/2353
f 2354/2354/2354 2356/2356/2356 2353/2353/2353
f 2359/2359/2359 2358/2358/2358 2357/2357/2357
f 2360/2360/2360 2359/2359/2359 2357/2357/2357
f 2363/2363/2363 2362/2362/2362 2361/2361/2361
f 2363/2363/2363 2364/2364/2364 2362/2362/2362
f 2367/2367/2367 2366/2366/2366 2365/2365/2365
f 2365/2365/2365 2368/2368/2368 2367/2367/2367
f 2371/2371/2371 2370/2370/2370 2369/2369/2369
f 2370/2370/2370 2371/2371/2371 2372/2372/2372
f 2375/2375/2375 2374/2374/2374 2373/2373/2373
f 2373/2373/2373 2376/2376/2376 2375/2375/2375
f 2375/2375/2375 2376/2376/2376 2377/2377/2377
f 2380/2380/2380 2379/2379/2379 2378/2378/2378
f 2381/2381/2381 2380/2380/2380 2378/2378/2378
f 2384/2384/2384 2383/2383/2383 2382/2382/2382
f 2385/2385/2385 2384/2384/2384 2382/2382/2382
f 2388/2388/2388 2387/2387/2387 2386/2386/2386
f 2389/2389/2389 2388/2388/2388 2386/2386/2386
f 2392/2392/2392 2391/2391/2391 2390/2390/2390
f 2391/2391/2391 2393/2393/2393 2390/2390/2390
f 2396/2396/2396 2395/2395/2395 2394/2394/2394
f 2397/2397/2397 2396/2396/2396 2394/2394/2394
f 2400/2400/2400 2399/2399/2399 2398/2398/2398
f 2400/2400/2400 2401/2401/2401 2399/2399/2399
f 2404/2404/2404 2403/2403/2403 2402/2402/2402
f 2405/2405/2405 2404/2404/2404 2402/2402/2402
f 2408/2408/2408 2407/2407/2407 2406/2406/2406
f 2409/2409/2409 2408/2408/2408 2406/2406/2406
f 2412/2412/2412 2411/2411/2411 2410/2410/2410
f 2413/2413/2413 2412/2412/2412 2410/2410/2410
f 2416/2416/2416 2415/2415/2415 2414/2414/2414
f 2417/2417/2417 2415/2415/2415 2416/2416/2416
f 2418/2418/2418 2417/2417/2417 2416/2416/2416
f 2421/2421/2421 2420/2420/2420 2419/2419/2419
f 2421/2421/2421 2422/2422/2422 2420/2420/2420
f 2425/2425/2425 2424/2424/2424 2423/2423/2423
f 2426/2426/2426 2425/2425/2425 2423/2423/2423
f 2429/2429/2429 2428/2428/2428 2427/2427/2427
f 2430/2430/2430 2429/2429/2429 2427/2427/2427
f 2433/2433/2433 2432/2432/2432 2431/2431/2431
f 2433/2433/2433 2434/2434/2434 2432/2432/2432
f 2437/2437/2437 2436/2436/2436 2435/2435/2435
f 2438/2438/2438 2436/2436/2436 2437/2437/2437
f 2441/2441/2441 2440/2440/2440 2439/2439/2439
f 2442/2442/2442 2441/2441/2441 2439/2439/2439
f 2445/2445/2445 2444/2444/2444 2443/2443/2443
f 2446/2446/2446 2445/2445/2445 2443/2443/2443
f 2449/2449/2449 2448/2448/2448 2447/2447/2447
f 2447/2447/2447 2448/2448/2448 2450/2450/2450
f 2453/2453/2453 2452/2452/2452 2451/2451/2451
f 2454/2454/2454 2453/2453/2453 2451/2451/2451
f 2457/2457/2457 2456/2456/2456 2455/2455/2455
f 2455/2455/2455 2456/2456/2456 2458/2458/2458
f 2461/2461/2461 2460/2460/2460 2459/2459/2459
f 2462/2462/2462 2461/2461/2461 2459/2459/2459
f 2465/2465/2465 2464/2464/2464 2463/2463/2463
f 2466/2466/2466 2465/2465/2465 2463/2463/2463
f 2469/2469/2469 2468/2468/2468 2467/2467/2467
f 2470/2470/2470 2469/2469/2469 2467/2467/2467
f 2473/2473/2473 2472/2472/2472 2471/2471/2471
f 2474/2474/2474 2473/2473/2473 2471/2471/2471
f 2477/2477/2477 2476/2476/2476 2475/2475/2475
f 2478/2478/2478 2477/2477/2477 2475/2475/2475
f 2481/2481/2481 2480/2480/2480 2479/2479/2479
f 2482/2482/2482 2481/2481/2481 2479/2479/2479
f 2485/2485/2485 2484/2484/2484 2483/2483/2483
f 2486/2486/2486 2485/2485/2485 2483/2483/2483
f 2489/2489/2489 2488/2488/2488 2487/2487/2487
f 2490/2490/2490 2489/2489/2489 2487/2487/2487
f 2493/2493/2493 2492/2492/2492 2491/2491/2491
f 2494/2494/2494 2493/2493/2493 2491/2491/2491
f 2494/2494/2494 2495/2495/2495 2493/2493/2493
f 2495/2495/2495 2496/2496/2496 2493/2493/2493
f 2499/2499/2499 2498/2498/2498 2497/2497/2497
f 2500/2500/2500 2499/2499/2499 2497/2497/2497
f 2503/2503/2503 2502/2502/2502 2501/2501/2501
f 2504/2504/2504 2503/2503/2503 2501/2501/2501
f 2507/2507/2507 2506/2506/2506 2505/2505/2505
f 2508/2508/2508 2507/2507/2507 2505/2505/2505
f 2511/2511/2511 2510/2510/2510 2509/2509/2509
f 2512/2512/2512 2511/2511/2511 2509/2509/2509
f 2515/2515/2515 2514/2514/2514 2513/2513/2513
f 2516/2516/2516 2515/2515/2515 2513/2513/2513
f 2519/2519/2519 2518/2518/2518 2517/2517/2517
f 2520/2520/2520 2519/2519/2519 2517/2517/2517
f 2523/2523/2523 2522/2522/2522 2521/2521/2521
f 2524/2524/2524 2523/2523/2523 2521/2521/2521
f 2527/2527/2527 2526/2526/2526 2525/2525/2525
f 2528/2528/2528 2527/2527/2527 2525/2525/2525
f 2531/2531/2531 2530/2530/2530 2529/2529/2529
f 2532/2532/2532 2531/2531/2531 2529/2529/2529
f 2535/2535/2535 2534/2534/2534 2533/2533/2533
f 2536/2536/2536 2535/2535/2535 2533/2533/2533
f 2539/2539/2539 2538/2538/2538 2537/2537/2537
f 2540/2540/2540 2539/2539/2539 2537/2537/2537
f 2541/2541/2541 2539/2539/2539 2540/2540/2540
f 2542/2542/2542 2541/2541/2541 2540/2540/2540
f 2545/2545/2545 2544/2544/2544 2543/2543/2543
f 2546/2546/2546 2545/2545/2545 2543/2543/2543
f 2546/2546/2546 2543/2543/2543 2547/2547/2547
f 2548/2548/2548 2546/2546/2546 2547/2547/2547
f 2551/2551/2551 2550/2550/2550 2549/2549/2549
f 2552/2552/2552 2551/2551/2551 2549/2549/2549
f 2555/2555/2555 2554/2554/2554 2553/2553/2553
f 2556/2556/2556 2555/2555/2555 2553/2553/2553
f 2559/2559/2559 2558/2558/2558 2557/2557/2557
f 2560/2560/2560 2559/2559/2559 2557/2557/2557
f 2560/2560/2560 2557/2557/2557 2561/2561/2561
f 2557/2557/2557 2562/2562/2562 2561/2561/2561
f 2565/2565/2565 2564/2564/2564 2563/2563/2563
f 2566/2566/2566 2565/2565/2565 2563/2563/2563
f 2569/2569/2569 2568/2568/2568 2567/2567/2567
f 2570/2570/2570 2569/2569/2569 2567/2567/2567
f 2573/2573/2573 2572/2572/2572 2571/2571/2571
f 2574/2574/2574 2573/2573/2573 2571/2571/2571
f 2577/2577/2577 2576/2576/2576 2575/2575/2575
f 2578/2578/2578 2577/2577/2577 2575/2575/2575
f 2581/2581/2581 2580/2580/2580 2579/2579/2579
f 2582/2582/2582 2581/2581/2581 2579/2579/2579
f 2585/2585/2585 2584/2584/2584 2583/2583/2583
f 2586/2586/2586 2585/2585/2585 2583/2583/2583
f 2589/2589/2589 2588/2588/2588 2587/2587/2587
f 2590/2590/2590 2589/2589/2589 2587/2587/2587
f 2593/2593/2593 2592/2592/2592 2591/2591/2591
f 2594/2594/2594 2593/2593/2593 2591/2591/2591
f 2597/2597/2597 2596/2596/2596 2595/2595/2595
f 2598/2598/2598 2597/2597/2597 2595/2595/2595
f 2601/2601/2601 2600/2600/2600 2599/2599/2599
f 2602/2602/2602 2601/2601/2601 2599/2599/2599
f 2605/2605/2605 2604/2604/2604 2603/2603/2603
f 2606/2606/2606 2605/2605/2605 2603/2603/2603
f 2606/2606/2606 2603/2603/2603 2607/2607/2607
f 2610/2610/2610 2609/2609/2609 2608/2608/2608
f 2611/2611/2611 2610/2610/2610 2608/2608/2608
f 2614/2614/2614 2613/2613/2613 2612/2612/2612
f 2615/2615/2615 2614/2614/2614 2612/2612/2612
f 2618/2618/2618 2617/2617/2617 2616/2616/2616
f 2619/2619/2619 2618/2618/2618 2616/2616/2616
f 2622/2622/2622 2621/2621/2621 2620/2620/2620
f 2623/2623/2623 2622/2622/2622 2620/2620/2620
f 2626/2626/2626 2625/2625/2625 2624/2624/2624
f 2627/2627/2627 2626/2626/2626 2624/2624/2624
f 2630/2630/2630 2629/2629/2629 2628/2628/2628
f 2631/2631/2631 2630/2630/2630 2628/2628/2628
f 2634/2634/2634 2633/2633/2633 2632/2632/2632
f 2635/2635/2635 2634/2634/2634 2632/2632/2632
f 2638/2638/2638 2637/2637/2637 2636/2636/2636
f 2639/2639/2639 2638/2638/2638 2636/2636/2636
f 2642/2642/2642 2641/2641/2641 2640/2640/2640
f 2643/2643/2643 2642/2642/2642 2640/2640/2640
f 2643/2643/2643 2640/2640/2640 2644/2644/2644
f 2645/2645/2645 2643/2643/2643 2644/2644/2644
f 2648/2648/2648 2647/2647/2647 2646/2646/2646
f 2649/2649/2649 2648/2648/2648 2646/2646/2646
f 2652/2652/2652 2651/2651/2651 2650/2650/2650
f 2653/2653/2653 2652/2652/2652 2650/2650/2650
f 2656/2656/2656 2655/2655/2655 2654/2654/2654
f 2657/2657/2657 2656/2656/2656 2654/2654/2654
f 2660/2660/2660 2659/2659/2659 2658/2658/2658
f 2661/2661/2661 2660/2660/2660 2658/2658/2658
f 2664/2664/2664 2663/2663/2663 2662/2662/2662
f 2665/2665/2665 2664/2664/2664 2662/2662/2662
f 2668/2668/2668 2667/2667/2667 2666/2666/2666
f 2669/2669/2669 2668/2668/2668 2666/2666/2666
f 2672/2672/2672 2671/2671/2671 2670/2670/2670
f 2673/2673/2673 2672/2672/2672 2670/2670/2670
f 2676/2676/2676 2675/2675/2675 2674/2674/2674
f 2677/2677/2677 2676/2676/2676 2674/2674/2674
f 2680/2680/2680 2679/2679/2679 2678/2678/2678
f 2681/2681/2681 2680/2680/2680 2678/2678/2678
f 2684/2684/2684 2683/2683/2683 2682/2682/2682
f 2685/2685/2685 2684/2684/2684 2682/2682/2682
f 2685/2685/2685 2686/2686/2686 2684/2684/2684
f 2686/2686/2686 2687/2687/2687 2684/2684/2684
f 2690/2690/2690 2689/2689/2689 2688/2688/2688
f 2691/2691/2691 2690/2690/2690 2688/2688/2688
f 2694/2694/2694 2693/2693/2693 2692/2692/2692
f 2695/2695/2695 2694/2694/2694 2692/2692/2692
f 2698/2698/2698 2697/2697/2697 2696/2696/2696
f 2699/2699/2699 2698/2698/2698 2696/2696/2696
f 2702/2702/2702 2701/2701/2701 2700/2700/2700
f 2702/2702/2702 2703/2703/2703 2701/2701/2701
f 2706/2706/2706 2705/2705/2705 2704/2704/2704
f 2705/2705/2705 2707/2707/2707 2704/2704/2704
f 2710/2710/2710 2709/2709/2709 2708/2708/2708
f 2711/2711/2711 2710/2710/2710 2708/2708/2708
f 2714/2714/2714 2713/2713/2713 2712/2712/2712
f 2713/2713/2713 2715/2715/2715 2712/2712/2712
f 2718/2718/2718 2717/2717/2717 2716/2716/2716
f 2719/2719/2719 2718/2718/2718 2716/2716/2716
f 2722/2722/2722 2721/2721/2721 2720/2720/2720
f 2721/2721/2721 2722/2722/2722 2723/2723/2723
f 2726/2726/2726 2725/2725/2725 2724/2724/2724
f 2725/2725/2725 2726/2726/2726 2727/2727/2727
f 2730/2730/2730 2729/2729/2729 2728/2728/2728
f 2731/2731/2731 2729/2729/2729 2730/2730/2730
f 2734/2734/2734 2733/2733/2733 2732/2732/2732
f 2735/2735/2735 2733/2733/2733 2734/2734/2734
f 2738/2738/2738 2737/2737/2737 2736/2736/2736
f 2739/2739/2739 2738/2738/2738 2736/2736/2736
f 2742/2742/2742 2741/2741/2741 2740/2740/2740
f 2743/2743/2743 2742/2742/2742 2740/2740/2740
f 2742/2742/2742 2743/2743/2743 2744/2744/2744
f 2747/2747/2747 2746/2746/2746 2745/2745/2745
f 2748/2748/2748 2747/2747/2747 2745/2745/2745
f 2749/2749/2749 2747/2747/2747 2748/2748/2748
f 2750/2750/2750 2748/2748/2748 2745/2745/2745
f 2751/2751/2751 2750/2750/2750 2745/2745/2745
f 2750/2750/2750 2752/2752/2752 2748/2748/2748
f 2755/2755/2755 2754/2754/2754 2753/2753/2753
f 2756/2756/2756 2755/2755/2755 2753/2753/2753
f 2759/2759/2759 2758/2758/2758 2757/2757/2757
f 2757/2757/2757 2758/2758/2758 2760/2760/2760
f 2763/2763/2763 2762/2762/2762 2761/2761/2761
f 2764/2764/2764 2763/2763/2763 2761/2761/2761
f 2767/2767/2767 2766/2766/2766 2765/2765/2765
f 2767/2767/2767 2768/2768/2768 2766/2766/2766
f 2771/2771/2771 2770/2770/2770 2769/2769/2769
f 2772/2772/2772 2771/2771/2771 2769/2769/2769
f 2772/2772/2772 2769/2769/2769 2773/2773/2773
f 2774/2774/2774 2772/2772/2772 2773/2773/2773
f 2777/2777/2777 2776/2776/2776 2775/2775/2775
f 2778/2778/2778 2777/2777/2777 2775/2775/2775
f 2781/2781/2781 2780/2780/2780 2779/2779/2779
f 2779/2779/2779 2780/2780/2780 2782/2782/2782
f 2783/2783/2783 2782/2782/2782 2780/2780/2780
f 2786/2786/2786 2785/2785/2785 2784/2784/2784
f 2787/2787/2787 2786/2786/2786 2784/2784/2784
f 2790/2790/2790 2789/2789/2789 2788/2788/2788
f 2791/2791/2791 2790/2790/2790 2788/2788/2788
f 2794/2794/2794 2793/2793/2793 2792/2792/2792
f 2795/2795/2795 2794/2794/2794 2792/2792/2792
f 2798/2798/2798 2797/2797/2797 2796/2796/2796
f 2799/2799/2799 2798/2798/2798 2796/2796/2796
f 2800/2800/2800 2798/2798/2798 2799/2799/2799
f 2801/2801/2801 2800/2800/2800 2799/2799/2799
f 2804/2804/2804 2803/2803/2803 2802/2802/2802
f 2805/2805/2805 2804/2804/2804 2802/2802/2802
f 2808/2808/2808 2807/2807/2807 2806/2806/2806
f 2809/2809/2809 2808/2808/2808 2806/2806/2806
f 2812/2812/2812 2811/2811/2811 2810/2810/2810
f 2813/2813/2813 2812/2812/2812 2810/2810/2810
f 2816/2816/2816 2815/2815/2815 2814/2814/2814
f 2817/2817/2817 2816/2816/2816 2814/2814/2814
f 2820/2820/2820 2819/2819/2819 2818/2818/2818
f 2821/2821/2821 2820/2820/2820 2818/2818/2818
f 2824/2824/2824 2823/2823/2823 2822/2822/2822
f 2825/2825/2825 2824/2824/2824 2822/2822/2822
f 2828/2828/2828 2827/2827/2827 2826/2826/2826
f 2827/2827/2827 2828/2828/2828 2829/2829/2829
f 2832/2832/2832 2831/2831/2831 2830/2830/2830
f 2830/2830/2830 2831/2831/2831 2833/2833/2833
f 2833/2833/2833 2831/2831/2831 2834/2834/2834
f 2837/2837/2837 2836/2836/2836 2835/2835/2835
f 2835/2835/2835 2836/2836/2836 2838/2838/2838
f 2841/2841/2841 2840/2840/2840 2839/2839/2839
f 2839/2839/2839 2842/2842/2842 2841/2841/2841
f 2841/2841/2841 2842/2842/2842 2843/2843/2843
f 2843/2843/2843 2844/2844/2844 2841/2841/2841
f 2844/2844/2844 2845/2845/2845 2841/2841/2841
f 2845/2845/2845 2846/2846/2846 2841/2841/2841
f 2849/2849/2849 2848/2848/2848 2847/2847/2847
f 2849/2849/2849 2850/2850/2850 2848/2848/2848
f 2853/2853/2853 2852/2852/2852 2851/2851/2851
f 2854/2854/2854 2851/2851/2851 2852/2852/2852
f 2855/2855/2855 2854/2854/2854 2852/2852/2852
f 2858/2858/2858 2857/2857/2857 2856/2856/2856
f 2859/2859/2859 2856/2856/2856 2857/2857/2857
f 2857/2857/2857 2860/2860/2860 2859/2859/2859
f 2863/2863/2863 2862/2862/2862 2861/2861/2861
f 2862/2862/2862 2863/2863/2863 2864/2864/2864
f 2864/2864/2864 2865/2865/2865 2862/2862/2862
f 2868/2868/2868 2867/2867/2867 2866/2866/2866
f 2869/2869/2869 2868/2868/2868 2866/2866/2866
f 2872/2872/2872 2871/2871/2871 2870/2870/2870
f 2871/2871/2871 2873/2873/2873 2870/2870/2870
f 2876/2876/2876 2875/2875/2875 2874/2874/2874
f 2877/2877/2877 2875/2875/2875 2876/2876/2876
f 2880/2880/2880 2879/2879/2879 2878/2878/2878
f 2881/2881/2881 2878/2878/2878 2879/2879/2879
f 2884/2884/2884 2883/2883/2883 2882/2882/2882
f 2883/2883/2883 2884/2884/2884 2885/2885/2885
f 2888/2888/2888 2887/2887/2887 2886/2886/2886
f 2888/2888/2888 2886/2886/2886 2889/2889/2889
f 2889/2889/2889 2886/2886/2886 2890/2890/2890
f 2893/2893/2893 2892/2892/2892 2891/2891/2891
f 2894/2894/2894 2893/2893/2893 2891/2891/2891
f 2897/2897/2897 2896/2896/2896 2895/2895/2895
f 2898/2898/2898 2897/2897/2897 2895/2895/2895
f 2901/2901/2901 2900/2900/2900 2899/2899/2899
f 2902/2902/2902 2901/2901/2901 2899/2899/2899
f 2905/2905/2905 2904/2904/2904 2903/2903/2903
f 2906/2906/2906 2905/2905/2905 2903/2903/2903
f 2909/2909/2909 2908/2908/2908 2907/2907/2907
f 2907/2907/2907 2908/2908/2908 2910/2910/2910
f 2913/2913/2913 2912/2912/2912 2911/2911/2911
f 2914/2914/2914 2913/2913/2913 2911/2911/2911
f 2917/2917/2917 2916/2916/2916 2915/2915/2915
f 2918/2918/2918 2917/2917/2917 2915/2915/2915
f 2921/2921/2921 2920/2920/2920 2919/2919/2919
f 2922/2922/2922 2921/2921/2921 2919/2919/2919
f 2925/2925/2925 2924/2924/2924 2923/2923/2923
f 2923/2923/2923 2924/2924/2924 2926/2926/2926
f 2929/2929/2929 2928/2928/2928 2927/2927/2927
f 2930/2930/2930 2929/2929/2929 2927/2927/2927
f 2933/2933/2933 2932/2932/2932 2931/2931/2931
f 2934/2934/2934 2933/2933/2933 2931/2931/2931
f 2933/2933/2933 2934/2934/2934 2935/2935/2935
f 2936/2936/2936 2933/2933/2933 2935/2935/2935
f 2936/2936/2936 2935/2935/2935 2937/2937/2937
f 2938/2938/2938 2936/2936/2936 2937/2937/2937
f 2941/2941/2941 2940/2940/2940 2939/2939/2939
f 2942/2942/2942 2941/2941/2941 2939/2939/2939
f 2945/2945/2945 2944/2944/2944 2943/2943/2943
f 2943/2943/2943 2944/2944/2944 2946/2946/2946
f 2949/2949/2949 2948/2948/2948 2947/2947/2947
f 2948/2948/2948 2950/2950/2950 2947/2947/2947
f 2953/2953/2953 2952/2952/2952 2951/2951/2951
f 2954/2954/2954 2953/2953/2953 2951/2951/2951
f 2957/2957/2957 2956/2956/2956 2955/2955/2955
f 2958/2958/2958 2957/2957/2957 2955/2955/2955
f 2961/2961/2961 2960/2960/2960 2959/2959/2959
f 2962/2962/2962 2961/2961/2961 2959/2959/2959
f 2965/2965/2965 2964/2964/2964 2963/2963/2963
f 2965/2965/2965 2966/2966/2966 2964/2964/2964
f 2969/2969/2969 2968/2968/2968 2967/2967/2967
f 2969/2969/2969 2970/2970/2970 2968/2968/2968
f 2973/2973/2973 2972/2972/2972 2971/2971/2971
f 2972/2972/2972 2973/2973/2973 2974/2974/2974
f 2977/2977/2977 2976/2976/2976 2975/2975/2975
f 2978/2978/2978 2977/2977/2977 2975/2975/2975
f 2981/2981/2981 2980/2980/2980 2979/2979/2979
f 2982/2982/2982 2981/2981/2981 2979/2979/2979
f 2985/2985/2985 2984/2984/2984 2983/2983/2983
f 2986/2986/2986 2985/2985/2985 2983/2983/2983
f 2989/2989/2989 2988/2988/2988 2987/2987/2987
f 2990/2990/2990 2989/2989/2989 2987/2987/2987
f 2993/2993/2993 2992/2992/2992 2991/2991/2991
f 2994/2994/2994 2993/2993/2993 2991/2991/2991
f 2997/2997/2997 2996/2996/2996 2995/2995/2995
f 2998/2998/2998 2997/2997/2997 2995/2995/2995
f 3001/3001/3001 3000/3000/3000 2999/2999/2999
f 3002/3002/3002 3001/3001/3001 2999/2999/2999
f 3005/3005/3005 3004/3004/3004 3003/3003/3003
f 3006/3006/3006 3005/3005/3005 3003/3003/3003
f 3009/3009/3009 3008/3008/3008 3007/3007/3007
f 3010/3010/3010 3009/3009/3009 3007/3007/3007
f 3013/3013/3013 3012/3012/3012 3011/3011/3011
f 3014/3014/3014 3013/3013/3013 3011/3011/3011
f 3017/3017/3017 3016/3016/3016 3015/3015/3015
f 3018/3018/3018 3017/3017/3017 3015/3015/3015
f 3021/3021/3021 3020/3020/3020 3019/3019/3019
f 3022/3022/3022 3021/3021/3021 3019/3019/3019
f 3025/3025/3025 3024/3024/3024 3023/3023/3023
f 3026/3026/3026 3025/3025/3025 3023/3023/3023
f 3029/3029/3029 3028/3028/3028 3027/3027/3027
f 3030/3030/3030 3029/3029/3029 3027/3027/3027
f 3033/3033/3033 3032/3032/3032 3031/3031/3031
f 3034/3034/3034 3033/3033/3033 3031/3031/3031
f 3037/3037/3037 3036/3036/3036 3035/3035/3035
f 3038/3038/3038 3037/3037/3037 3035/3035/3035
f 3041/3041/3041 3040/3040/3040 3039/3039/3039
f 3042/3042/3042 3041/3041/3041 3039/3039/3039
f 3045/3045/3045 3044/3044/3044 3043/3043/3043
f 3046/3046/3046 3045/3045/3045 3043/3043/3043
f 3049/3049/3049 3048/3048/3048 3047/3047/3047
f 3050/3050/3050 3049/3049/3049 3047/3047/3047
f 3050/3050/3050 3047/3047/3047 3051/3051/3051
f 3052/3052/3052 3050/3050/3050 3051/3051/3051
f 3055/3055/3055 3054/3054/3054 3053/3053/3053
f 3056/3056/3056 3055/3055/3055 3053/3053/3053
f 3057/3057/3057 3055/3055/3055 3056/3056/3056
f 3058/3058/3058 3057/3057/3057 3056/3056/3056
f 3061/3061/3061 3060/3060/3060 3059/3059/3059
f 3062/3062/3062 3061/3061/3061 3059/3059/3059
f 3065/3065/3065 3064/3064/3064 3063/3063/3063
f 3066/3066/3066 3065/3065/3065 3063/3063/3063
f 3069/3069/3069 3068/3068/3068 3067/3067/3067
f 3070/3070/3070 3069/3069/3069 3067/3067/3067
f 3071/3071/3071 3070/3070/3070 3067/3067/3067
f 3072/3072/3072 3071/3071/3071 3067/3067/3067
f 3075/3075/3075 3074/3074/3074 3073/3073/3073
f 3076/3076/3076 3075/3075/3075 3073/3073/3073
f 3079/3079/3079 3078/3078/3078 3077/3077/3077
f 3080/3080/3080 3079/3079/3079 3077/3077/3077
f 3083/3083/3083 3082/3082/3082 3081/3081/3081
f 3084/3084/3084 3083/3083/3083 3081/3081/3081
f 3087/3087/3087 3086/3086/3086 3085/3085/3085
f 3088/3088/3088 3087/3087/3087 3085/3085/3085
f 3091/3091/3091 3090/3090/3090 3089/3089/3089
f 3092/3092/3092 3091/3091/3091 3089/3089/3089
f 3095/3095/3095 3094/3094/3094 3093/3093/3093
f 3096/3096/3096 3095/3095/3095 3093/3093/3093
f 3099/3099/3099 3098/3098/3098 3097/3097/3097
f 3100/3100/3100 3099/3099/3099 3097/3097/3097
f 3103/3103/3103 3102/3102/3102 3101/3101/3101
f 3104/3104/3104 3103/3103/3103 3101/3101/3101
f 3107/3107/3107 3106/3106/3106 3105/3105/3105
f 3108/3108/3108 3107/3107/3107 3105/3105/3105
f 3111/3111/3111 3110/3110/3110 3109/3109/3109
f 3112/3112/3112 3111/3111/3111 3109/3109/3109
f 3115/3115/3115 3114/3114/3114 3113/3113/3113
f 3116/3116/3116 3115/3115/3115 3113/3113/3113
f 3119/3119/3119 3118/3118/3118 3117/3117/3117
f 3120/3120/3120 3119/3119/3119 3117/3117/3117
f 3123/3123/3123 3122/3122/3122 3121/3121/3121
f 3124/3124/3124 3123/3123/3123 3121/3121/3121
f 3127/3127/3127 3126/3126/3126 3125/3125/3125
f 3128/3128/3128 3127/3127/3127 3125/3125/3125
f 3131/3131/3131 3130/3130/3130 3129/3129/3129
f 3132/3132/3132 3131/3131/3131 3129/3129/3129
f 3135/3135/3135 3134/3134/3134 3133/3133/3133
f 3136/3136/3136 3135/3135/3135 3133/3133/3133
f 3137/3137/3137 3135/3135/3135 3136/3136/3136
f 3138/3138/3138 3137/3137/3137 3136/3136/3136
f 3141/3141/3141 3140/3140/3140 3139/3139/3139
f 3142/3142/3142 3141/3141/3141 3139/3139/3139
f 3145/3145/3145 3144/3144/3144 3143/3143/3143
f 3146/3146/3146 3145/3145/3145 3143/3143/3143
f 3149/3149/3149 3148/3148/3148 3147/3147/3147
f 3150/3150/3150 3149/3149/3149 3147/3147/3147
f 3153/3153/3153 3152/3152/3152 3151/3151/3151
f 3154/3154/3154 3153/3153/3153 3151/3151/3151
f 3157/3157/3157 3156/3156/3156 3155/3155/3155
f 3158/3158/3158 3157/3157/3157 3155/3155/3155
f 3161/3161/3161 3160/3160/3160 3159/3159/3159
f 3162/3162/3162 3161/3161/3161 3159/3159/3159
f 3165/3165/3165 3164/3164/3164 3163/3163/3163
f 3166/3166/3166 3165/3165/3165 3163/3163/3163
f 3169/3169/3169 3168/3168/3168 3167/3167/3167
f 3170/3170/3170 3169/3169/3169 3167/3167/3167
f 3173/3173/3173 3172/3172/3172 3171/3171/3171
f 3174/3174/3174 3173/3173/3173 3171/3171/3171
f 3177/3177/3177 3176/3176/3176 3175/3175/3175
f 3178/3178/3178 3177/3177/3177 3175/3175/3175
f 3181/3181/3181 3180/3180/3180 3179/3179/3179
f 3182/3182/3182 3181/3181/3181 3179/3179/3179
f 3185/3185/3185 3184/3184/3184 3183/3183/3183
f 3186/3186/3186 3185/3185/3185 3183/3183/3183
f 3189/3189/3189 3188/3188/3188 3187/3187/3187
f 3190/3190/3190 3189/3189/3189 3187/3187/3187
f 3191/3191/3191 3190/3190/3190 3187/3187/3187
f 3192/3192/3192 3191/3191/3191 3187/3187/3187
f 3195/3195/3195 3194/3194/3194 3193/3193/3193
f 3196/3196/3196 3195/3195/3195 3193/3193/3193
f 3199/3199/3199 3198/3198/3198 3197/3197/3197
f 3200/3200/3200 3199/3199/3199 3197/3197/3197
f 3203/3203/3203 3202/3202/3202 3201/3201/3201
f 3204/3204/3204 3203/3203/3203 3201/3201/3201
f 3207/3207/3207 3206/3206/3206 3205/3205/3205
f 3208/3208/3208 3206/3206/3206 3207/3207/3207
f 3211/3211/3211 3210/3210/3210 3209/3209/3209
f 3210/3210/3210 3212/3212/3212 3209/3209/3209
f 3215/3215/3215 3214/3214/3214 3213/3213/3213
f 3215/3215/3215 3216/3216/3216 3214/3214/3214
f 3219/3219/3219 3218/3218/3218 3217/3217/3217
f 3220/3220/3220 3219/3219/3219 3217/3217/3217
f 3221/3221/3221 3220/3220/3220 3217/3217/3217
f 3222/3222/3222 3221/3221/3221 3217/3217/3217
f 3225/3225/3225 3224/3224/3224 3223/3223/3223
f 3226/3226/3226 3223/3223/3223 3224/3224/3224
f 3227/3227/3227 3226/3226/3226 3224/3224/3224
f 3230/3230/3230 3229/3229/3229 3228/3228/3228
f 3229/3229/3229 3231/3231/3231 3228/3228/3228
f 3228/3228/3228 3231/3231/3231 3232/3232/3232
f 3231/3231/3231 3233/3233/3233 3232/3232/3232
f 3232/3232/3232 3233/3233/3233 3234/3234/3234
f 3235/3235/3235 3232/3232/3232 3234/3234/3234
f 3238/3238/3238 3237/3237/3237 3236/3236/3236
f 3239/3239/3239 3237/3237/3237 3238/3238/3238
f 3240/3240/3240 3239/3239/3239 3238/3238/3238
f 3243/3243/3243 3242/3242/3242 3241/3241/3241
f 3243/3243/3243 3241/3241/3241 3244/3244/3244
f 3247/3247/3247 3246/3246/3246 3245/3245/3245
f 3246/3246/3246 3248/3248/3248 3245/3245/3245
f 3245/3245/3245 3248/3248/3248 3249/3249/3249
f 3250/3250/3250 3245/3245/3245 3249/3249/3249
f 3253/3253/3253 3252/3252/3252 3251/3251/3251
f 3252/3252/3252 3254/3254/3254 3251/3251/3251
f 3251/3251/3251 3254/3254/3254 3255/3255/3255
f 3256/3256/3256 3251/3251/3251 3255/3255/3255
f 3259/3259/3259 3258/3258/3258 3257/3257/3257
f 3258/3258/3258 3260/3260/3260 3257/3257/3257
f 3257/3257/3257 3260/3260/3260 3261/3261/3261
f 3262/3262/3262 3257/3257/3257 3261/3261/3261
f 3265/3265/3265 3264/3264/3264 3263/3263/3263
f 3264/3264/3264 3266/3266/3266 3263/3263/3263
f 3263/3263/3263 3266/3266/3266 3267/3267/3267
f 3266/3266/3266 3268/3268/3268 3267/3267/3267
f 3267/3267/3267 3268/3268/3268 3269/3269/3269
f 3270/3270/3270 3267/3267/3267 3269/3269/3269
f 3270/3270/3270 3269/3269/3269 3271/3271/3271
f 3272/3272/3272 3270/3270/3270 3271/3271/3271
f 3275/3275/3275 3274/3274/3274 3273/3273/3273
f 3276/3276/3276 3273/3273/3273 3274/3274/3274
f 3277/3277/3277 3276/3276/3276 3274/3274/3274
f 3280/3280/3280 3279/3279/3279 3278/3278/3278
f 3280/3280/3280 3278/3278/3278 3281/3281/3281
f 3284/3284/3284 3283/3283/3283 3282/3282/3282
f 3284/3284/3284 3282/3282/3282 3285/3285/3285
f 3286/3286/3286 3284/3284/3284 3285/3285/3285
f 3289/3289/3289 3288/3288/3288 3287/3287/3287
f 3288/3288/3288 3289/3289/3289 3290/3290/3290
f 3291/3291/3291 3288/3288/3288 3290/3290/3290
f 3294/3294/3294 3293/3293/3293 3292/3292/3292
f 3293/3293/3293 3295/3295/3295 3292/3292/3292
f 3292/3292/3292 3295/3295/3295 3296/3296/3296