version 1
nodes
0 "v_weapon.knife_Parent" -1
1 "v_weapon.Knife_Handle" 0
2 "v_weapon" -1
3 "v_weapon.Hands_parent" 2
4 "v_weapon.Root34" 3
5 "v_weapon.Left_Arm" 4
6 "v_weapon.eff16" 5
7 "v_weapon.Root16" 6
8 "v_weapon.Left_Hand" 7
9 "v_weapon.eff2" 8
10 "v_weapon.Root17" 9
11 "v_weapon.Left_Thumb01" 10
12 "v_weapon.Left_Thumb_02" 11
13 "v_weapon.Left_Thumb03" 12
14 "v_weapon.Root18" 9
15 "v_weapon.Left_Pinky01" 14
16 "v_weapon.Left_Pinky02" 15
17 "v_weapon.Left_Pinky03" 16
18 "v_weapon.Root19" 9
19 "v_weapon.Left_Ring01" 18
20 "v_weapon.Left_Ring02" 19
21 "v_weapon.Left_Ring03" 20
22 "v_weapon.Root20" 9
23 "v_weapon.Left_Middle01" 22
24 "v_weapon.Left_Middle02" 23
25 "v_weapon.Left_Middle03" 24
26 "v_weapon.Root21" 9
27 "v_weapon.Left_Index01" 26
28 "v_weapon.Left_Index02" 27
29 "v_weapon.Left_Index03" 28
30 "v_weapon.Root99" 5
31 "v_weapon.L_wrist_helper" 30
32 "v_weapon.Root36" 3
33 "v_weapon.Right_Arm" 32
34 "v_weapon.eff18" 33
35 "v_weapon.Root23" 34
36 "v_weapon.Right_Hand" 35
37 "v_weapon.eff9" 36
38 "v_weapon.Root24" 37
39 "v_weapon.Right_Thumb01" 38
40 "v_weapon.Right_Thumb02" 39
41 "v_weapon.Right_Thumb03" 40
42 "v_weapon.Root25" 37
43 "v_weapon.Right_Index01" 42
44 "v_weapon.Right_Index02" 43
45 "v_weapon.Right_Index03" 44
46 "v_weapon.Root26" 37
47 "v_weapon.Right_Middle01" 46
48 "v_weapon.Right_Middle02" 47
49 "v_weapon.Right_Middle03" 48
50 "v_weapon.Root27" 37
51 "v_weapon.Right_Ring01" 50
52 "v_weapon.Right_Ring02" 51
53 "v_weapon.Right_Ring03" 52
54 "v_weapon.Root28" 37
55 "v_weapon.Right_Pinky01" 54
56 "v_weapon.Right_Pinky02" 55
57 "v_weapon.Right_Pinky03" 56
58 "v_weapon.Root98" 33
59 "v_weapon.R_wrist_helper" 58
60 "cast_root" 36
61 "cast_handle" 60
62 "cast_reel" 61
63 "cast_rod_lower" 61
64 "cast_rod_mid" 63
65 "cast_rod_upper" 64
66 "cast_rod_tip" 65
end
skeleton
time 0
0 -4.770313 -17.804712 -8.518756 1.570796 -0.000000 0.000000
1 4.771459 -5.564794 3.605348 -0.000128 0.087794 -1.384492
2 0.000000 -0.000002 -0.000000 1.570796 -0.000000 0.000000
3 -0.056707 0.000001 -3.094907 -0.000000 -0.000000 0.000000
4 6.833632 1.302324 6.671466 -0.825666 2.576106 -0.000002
5 1.140234 -6.856876 -7.975102 -1.067623 0.074176 1.211842
6 -0.000001 8.563282 0.000001 -2.463579 0.000002 1.570793
7 0.000002 -0.000000 -0.000001 -2.704896 -0.442717 1.336377
8 -0.000000 0.000000 0.000001 -1.450930 1.240775 -1.854171
9 -0.000001 3.026593 0.000001 -2.054581 -0.000004 1.570799
10 -2.657338 -0.365571 -0.324762 -3.073150 0.182981 -0.062497
11 0.000002 0.000001 -0.000000 0.276356 0.485162 -0.714810
12 0.000003 1.887215 0.000026 0.194352 0.472349 -0.227124
13 -0.000010 1.001873 0.000003 0.295812 2.955646 -0.559958
14 -0.451693 1.213947 -0.058021 -1.434995 0.151216 0.018951
15 -0.000000 -0.000000 -0.000000 0.059385 0.467012 -1.153234
16 0.000000 0.963854 -0.000001 0.013348 0.044450 -0.005489
17 -0.000001 0.632002 -0.000001 0.553895 2.241784 -0.331889
18 -0.126647 0.620189 -0.039312 -1.649072 0.166160 -0.011484
19 -0.000001 -0.000001 -0.000000 0.028769 0.491640 -1.321781
20 0.000000 1.208233 0.000000 -0.121338 -0.236384 0.243805
21 -0.000000 0.763068 0.000001 0.447465 2.949254 -0.533165
22 -0.000000 0.000000 0.000001 -1.691855 0.160586 -0.074781
23 -0.000002 0.000000 0.000001 0.113639 0.954374 -1.417464
24 0.000001 1.250581 -0.000001 -0.503006 -0.675705 0.620051
25 0.000000 0.932634 0.000000 0.432193 3.087004 -0.596076
26 -0.093758 -0.657727 0.062875 -1.705938 0.157701 -0.095658
27 0.000001 -0.000001 -0.000001 0.555325 0.055548 -1.477625
28 0.000002 1.280975 0.000001 -0.015696 -0.035748 0.294238
29 -0.000001 0.749374 -0.000001 0.493861 -3.025271 -0.462269
30 -0.000001 8.563282 0.000001 0.081751 -0.413067 -0.090180
31 0.000001 -0.000000 0.000000 -0.000000 0.000004 -0.000000
32 -4.654183 -1.415280 6.902198 -0.825666 2.576106 -0.000002
33 -0.000001 0.000000 -0.000000 -0.975737 0.664540 -0.350106
34 0.000001 8.543637 0.000000 2.181800 0.000001 1.570796
35 -0.000001 0.000000 -0.000000 -1.092887 0.038490 -0.050735
36 0.000000 -0.000000 0.000001 -0.209702 2.388638 -1.928755
37 0.000001 3.013527 -0.000001 -2.404103 -0.000002 1.570796
38 -2.659014 0.316090 -0.314420 -3.083485 0.263058 -0.047499
39 -0.000000 -0.000000 -0.000001 -1.103799 -2.198188 -1.053109
40 0.000008 1.978484 0.000006 0.856489 -0.393697 -0.603068
41 -0.000004 0.982430 -0.000004 0.141910 -0.491003 0.033567
42 -0.089257 0.659884 0.067214 1.657580 0.268134 -0.033754
43 0.498185 -0.076230 0.714166 0.611757 -0.006689 -1.616449
44 0.000000 1.292970 -0.000001 -0.003040 0.004522 -0.355976
45 -0.000000 0.752466 0.000000 -0.200927 0.245474 -0.490082
46 0.000000 0.000000 -0.000001 1.671850 0.269475 -0.049573
47 0.156321 0.062374 0.322259 0.028257 -0.311786 -1.946861
48 -0.000000 1.261224 -0.000000 -0.073257 0.115192 -0.226980
49 0.000000 0.943233 0.000000 -0.037750 -0.046925 -0.441089
50 -0.108525 -0.607961 -0.044203 1.694999 0.265808 -0.017787
51 0.006729 -0.037598 0.006615 0.086030 -0.461219 -1.908696
52 -0.000000 1.208373 0.000000 -0.072983 0.086798 -0.143695
53 -0.000002 0.741942 -0.000000 -0.115488 0.117750 -0.144179
54 -0.479802 -1.191699 -0.061835 1.597265 0.268013 0.032301
55 -0.000000 0.000000 0.000000 0.122750 -0.630962 -2.010609
56 0.000000 0.996223 0.000000 -0.147432 0.172378 -0.138183
57 -0.000000 0.614691 0.000001 -0.070240 0.335468 0.056969
58 0.000001 8.543637 0.000000 0.114853 -0.476246 -0.111333
59 0.000000 0.000001 0.000000 0.000000 -0.000003 -0.000000
60 -0.420038 -2.829726 3.162476 0.061667 2.068782 -0.580355
61 -0.000000 0.216537 0.000000 -0.383972 0.069813 0.139626
62 0.122706 11.211333 -3.790611 0.000694 -0.000000 -3.141593
63 0.000001 16.673229 -0.000002 0.024995 3.141593 -0.000000
64 -0.000001 15.595428 0.000002 -0.018841 0.000000 0.000000
65 0.000000 14.075068 0.000003 -0.009380 0.000000 0.000000
66 0.000000 13.425265 0.000000 -0.011867 -0.000000 -0.000000
time 1
0 -4.770313 -17.804712 -8.518756 1.570796 -0.000000 0.000000
1 4.771459 -5.564794 3.605348 -0.000128 0.087794 -1.384492
2 0.000000 -0.000002 -0.000000 1.570796 -0.000000 0.000000
3 -0.056707 0.000001 -3.094907 -0.000000 -0.000000 0.000000
4 6.833632 1.302324 6.671466 -0.825666 2.576106 -0.000002
5 1.140234 -6.856876 -7.975102 -1.067623 0.074176 1.211842
6 -0.000001 8.563282 0.000001 -2.463579 0.000002 1.570793
7 0.000002 -0.000000 -0.000001 -2.704896 -0.442717 1.336377
8 -0.000000 0.000000 0.000001 -1.450930 1.240775 -1.854171
9 -0.000001 3.026593 0.000001 -2.054581 -0.000004 1.570799
10 -2.657338 -0.365571 -0.324762 -3.073150 0.182981 -0.062497
11 0.000002 0.000001 -0.000000 0.276356 0.485162 -0.714810
12 0.000003 1.887215 0.000026 0.194352 0.472349 -0.227124
13 -0.000010 1.001873 0.000003 0.295812 2.955646 -0.559958
14 -0.451693 1.213947 -0.058021 -1.434995 0.151216 0.018951
15 -0.000000 -0.000000 -0.000000 0.059385 0.467012 -1.153234
16 0.000000 0.963854 -0.000001 0.013348 0.044450 -0.005489
17 -0.000001 0.632002 -0.000001 0.553895 2.241784 -0.331889
18 -0.126647 0.620189 -0.039312 -1.649072 0.166160 -0.011484
19 -0.000001 -0.000001 -0.000000 0.028769 0.491640 -1.321781
20 0.000000 1.208233 0.000000 -0.121338 -0.236384 0.243805
21 -0.000000 0.763068 0.000001 0.447465 2.949254 -0.533165
22 -0.000000 0.000000 0.000001 -1.691855 0.160586 -0.074781
23 -0.000002 0.000000 0.000001 0.113639 0.954374 -1.417464
24 0.000001 1.250581 -0.000001 -0.503006 -0.675705 0.620051
25 0.000000 0.932634 0.000000 0.432193 3.087004 -0.596076
26 -0.093758 -0.657727 0.062875 -1.705938 0.157701 -0.095658
27 0.000001 -0.000001 -0.000001 0.555325 0.055548 -1.477625
28 0.000002 1.280975 0.000001 -0.015696 -0.035748 0.294238
29 -0.000001 0.749374 -0.000001 0.493861 -3.025271 -0.462269
30 -0.000001 8.563282 0.000001 0.081751 -0.413067 -0.090180
31 0.000001 -0.000000 0.000000 -0.000000 0.000004 -0.000000
32 -4.654183 -1.415280 6.902198 -0.825666 2.576106 -0.000002
33 -0.000001 0.000000 -0.000000 -0.981192 0.663838 -0.352680
34 0.000001 8.543639 0.000001 2.181800 0.000001 1.570796
35 0.000000 0.000000 0.000000 -1.092887 0.038490 -0.050735
36 -0.000001 -0.000000 0.000000 -0.208424 2.388035 -1.931415
37 -0.000000 3.013526 -0.000001 -2.404103 -0.000002 1.570796
38 -2.659015 0.316090 -0.314420 -3.083485 0.263057 -0.047499
39 0.000000 -0.000000 0.000000 -1.103799 -2.198188 -1.053109
40 0.000008 1.978485 0.000006 0.856489 -0.393698 -0.603068
41 -0.000004 0.982430 -0.000005 0.141910 -0.491003 0.033567
42 -0.089258 0.659884 0.067213 1.657580 0.268134 -0.033754
43 0.498185 -0.076230 0.714166 0.611757 -0.006689 -1.616449
44 0.000001 1.292972 -0.000001 -0.003040 0.004522 -0.355977
45 0.000000 0.752467 0.000000 -0.200927 0.245474 -0.490082
46 0.000001 -0.000000 -0.000000 1.671850 0.269475 -0.049573
47 0.156322 0.062374 0.322259 0.028257 -0.311786 -1.946862
48 -0.000002 1.261224 0.000000 -0.073257 0.115192 -0.226981
49 0.000001 0.943234 -0.000001 -0.037750 -0.046925 -0.441089
50 -0.108525 -0.607962 -0.044203 1.694999 0.265808 -0.017787
51 0.006729 -0.037598 0.006616 0.086030 -0.461219 -1.908696
52 -0.000001 1.208373 0.000000 -0.072983 0.086798 -0.143695
53 0.000000 0.741943 -0.000000 -0.115488 0.117750 -0.144179
54 -0.479803 -1.191700 -0.061834 1.597265 0.268012 0.032300
55 -0.000000 -0.000000 0.000000 0.122750 -0.630962 -2.010609
56 -0.000001 0.996223 0.000001 -0.147432 0.172378 -0.138182
57 -0.000000 0.614691 0.000000 -0.070240 0.335468 0.056970
58 0.000001 8.543639 0.000001 0.114853 -0.476246 -0.111333
59 0.000000 0.000000 -0.000000 -0.000000 -0.000003 0.000000
60 -0.409030 -2.814372 3.153997 0.073298 2.065377 -0.574608
61 -0.000000 0.216537 0.000000 -0.391780 0.070590 0.140774
62 0.122706 11.211333 -3.790611 0.000694 -0.000000 -3.141593
63 0.000000 16.673227 -0.000002 0.026279 3.141593 0.000000
64 -0.000001 15.595427 0.000003 -0.016382 0.000000 -0.000000
65 0.000001 14.075071 0.000002 -0.005638 -0.000000 0.000000
66 0.000001 13.425265 0.000003 -0.006899 0.000000 0.000000
time 2
0 -4.770313 -17.804712 -8.518756 1.570796 -0.000000 0.000000
1 4.771459 -5.564794 3.605348 -0.000128 0.087794 -1.384492
2 0.000000 -0.000002 -0.000000 1.570796 -0.000000 0.000000
3 -0.056707 0.000001 -3.094907 -0.000000 -0.000000 0.000000
4 6.833632 1.302324 6.671466 -0.825666 2.576106 -0.000002
5 1.140234 -6.856876 -7.975102 -1.067623 0.074176 1.211842
6 -0.000001 8.563282 0.000001 -2.463579 0.000002 1.570793
7 0.000002 -0.000000 -0.000001 -2.704896 -0.442717 1.336377
8 -0.000000 0.000000 0.000001 -1.450930 1.240775 -1.854171
9 -0.000001 3.026593 0.000001 -2.054581 -0.000004 1.570799
10 -2.657338 -0.365571 -0.324762 -3.073150 0.182981 -0.062497
11 0.000002 0.000001 -0.000000 0.276356 0.485162 -0.714810
12 0.000003 1.887215 0.000026 0.194352 0.472349 -0.227124
13 -0.000010 1.001873 0.000003 0.295812 2.955646 -0.559958
14 -0.451693 1.213947 -0.058021 -1.434995 0.151216 0.018951
15 -0.000000 -0.000000 -0.000000 0.059385 0.467012 -1.153234
16 0.000000 0.963854 -0.000001 0.013348 0.044450 -0.005489
17 -0.000001 0.632002 -0.000001 0.553895 2.241784 -0.331889
18 -0.126647 0.620189 -0.039312 -1.649072 0.166160 -0.011484
19 -0.000001 -0.000001 -0.000000 0.028769 0.491640 -1.321781
20 0.000000 1.208233 0.000000 -0.121338 -0.236384 0.243805
21 -0.000000 0.763068 0.000001 0.447465 2.949254 -0.533165
22 -0.000000 0.000000 0.000001 -1.691855 0.160586 -0.074781
23 -0.000002 0.000000 0.000001 0.113639 0.954374 -1.417464
24 0.000001 1.250581 -0.000001 -0.503006 -0.675705 0.620051
25 0.000000 0.932634 0.000000 0.432193 3.087004 -0.596076
26 -0.093758 -0.657727 0.062875 -1.705938 0.157701 -0.095658
27 0.000001 -0.000001 -0.000001 0.555325 0.055548 -1.477625
28 0.000002 1.280975 0.000001 -0.015696 -0.035748 0.294238
29 -0.000001 0.749374 -0.000001 0.493861 -3.025271 -0.462269
30 -0.000001 8.563282 0.000001 0.081751 -0.413067 -0.090180
31 0.000001 -0.000000 0.000000 -0.000000 0.000004 -0.000000
32 -4.654183 -1.415280 6.902198 -0.825666 2.576106 -0.000002
33 -0.000001 0.000000 -0.000000 -0.996685 0.661784 -0.360023
34 0.000000 8.543637 0.000001 2.181800 0.000001 1.570796
35 0.000001 0.000000 -0.000000 -1.092887 0.038490 -0.050735
36 -0.000002 -0.000000 -0.000000 -0.204766 2.386408 -1.939009
37 -0.000000 3.013525 -0.000001 -2.404103 -0.000001 1.570796
38 -2.659014 0.316090 -0.314419 -3.083485 0.263057 -0.047499
39 0.000000 0.000000 0.000001 -1.103799 -2.198188 -1.053109
40 0.000009 1.978483 0.000006 0.856489 -0.393698 -0.603067
41 -0.000003 0.982428 -0.000004 0.141910 -0.491004 0.033567
42 -0.089257 0.659884 0.067215 1.657580 0.268134 -0.033754
43 0.498183 -0.076229 0.714165 0.611757 -0.006689 -1.616449
44 -0.000001 1.292969 0.000001 -0.003040 0.004522 -0.355976
45 -0.000000 0.752464 0.000000 -0.200927 0.245474 -0.490082
46 0.000001 -0.000000 0.000001 1.671850 0.269475 -0.049573
47 0.156322 0.062373 0.322259 0.028257 -0.311786 -1.946861
48 -0.000001 1.261225 0.000000 -0.073257 0.115192 -0.226980
49 -0.000001 0.943235 -0.000000 -0.037750 -0.046925 -0.441089
50 -0.108525 -0.607962 -0.044202 1.694999 0.265808 -0.017787
51 0.006728 -0.037598 0.006617 0.086030 -0.461219 -1.908696
52 0.000001 1.208373 0.000000 -0.072983 0.086798 -0.143695
53 0.000000 0.741942 -0.000000 -0.115488 0.117750 -0.144179
54 -0.479802 -1.191700 -0.061833 1.597265 0.268013 0.032301
55 0.000000 -0.000000 -0.000000 0.122750 -0.630962 -2.010609
56 -0.000001 0.996222 -0.000000 -0.147432 0.172378 -0.138182
57 0.000001 0.614691 0.000001 -0.070240 0.335468 0.056969
58 0.000000 8.543637 0.000001 0.114853 -0.476246 -0.111333
59 0.000001 -0.000002 -0.000000 -0.000000 -0.000003 0.000000
60 -0.377987 -2.771811 3.129671 0.106914 2.055719 -0.557705
61 -0.000000 0.216537 0.000000 -0.413983 0.072817 0.144016
62 0.122706 11.211333 -3.790611 0.000694 -0.000000 -3.141593
63 0.000001 16.673231 -0.000002 0.029907 3.141593 -0.000000
64 -0.000000 15.595425 0.000002 -0.009412 0.000000 0.000000
65 -0.000000 14.075072 0.000002 0.004957 0.000000 -0.000000
66 -0.000002 13.425275 0.000003 0.007181 0.000000 0.000000
time 3
0 -4.770313 -17.804712 -8.518756 1.570796 -0.000000 0.000000
1 4.771459 -5.564794 3.605348 -0.000128 0.087794 -1.384492
2 0.000000 -0.000002 -0.000000 1.570796 -0.000000 0.000000
3 -0.056707 0.000001 -3.094907 -0.000000 -0.000000 0.000000
4 6.833632 1.302324 6.671466 -0.825666 2.576106 -0.000002
5 1.140234 -6.856876 -7.975102 -1.067623 0.074176 1.211842
6 -0.000001 8.563282 0.000001 -2.463579 0.000002 1.570793
7 0.000002 -0.000000 -0.000001 -2.704896 -0.442717 1.336377
8 -0.000000 0.000000 0.000001 -1.450930 1.240775 -1.854171
9 -0.000001 3.026593 0.000001 -2.054581 -0.000004 1.570799
10 -2.657338 -0.365571 -0.324762 -3.073150 0.182981 -0.062497
11 0.000002 0.000001 -0.000000 0.276356 0.485162 -0.714810
12 0.000003 1.887215 0.000026 0.194352 0.472349 -0.227124
13 -0.000010 1.001873 0.000003 0.295812 2.955646 -0.559958
14 -0.451693 1.213947 -0.058021 -1.434995 0.151216 0.018951
15 -0.000000 -0.000000 -0.000000 0.059385 0.467012 -1.153234
16 0.000000 0.963854 -0.000001 0.013348 0.044450 -0.005489
17 -0.000001 0.632002 -0.000001 0.553895 2.241784 -0.331889
18 -0.126647 0.620189 -0.039312 -1.649072 0.166160 -0.011484
19 -0.000001 -0.000001 -0.000000 0.028769 0.491640 -1.321781
20 0.000000 1.208233 0.000000 -0.121338 -0.236384 0.243805
21 -0.000000 0.763068 0.000001 0.447465 2.949254 -0.533165
22 -0.000000 0.000000 0.000001 -1.691855 0.160586 -0.074781
23 -0.000002 0.000000 0.000001 0.113639 0.954374 -1.417464
24 0.000001 1.250581 -0.000001 -0.503006 -0.675705 0.620051
25 0.000000 0.932634 0.000000 0.432193 3.087004 -0.596076
26 -0.093758 -0.657727 0.062875 -1.705938 0.157701 -0.095658
27 0.000001 -0.000001 -0.000001 0.555325 0.055548 -1.477625
28 0.000002 1.280975 0.000001 -0.015696 -0.035748 0.294238
29 -0.000001 0.749374 -0.000001 0.493861 -3.025271 -0.462269
30 -0.000001 8.563282 0.000001 0.081751 -0.413067 -0.090180
31 0.000001 -0.000000 0.000000 -0.000000 0.000004 -0.000000
32 -4.654183 -1.415280 6.902198 -0.825666 2.576106 -0.000002
33 -0.000001 0.000000 -0.000000 -1.020880 0.658391 -0.371530
34 0.000001 8.543636 0.000000 2.181800 0.000001 1.570796
35 0.000000 -0.000001 -0.000000 -1.092888 0.038490 -0.050735
36 0.000001 0.000000 0.000000 -0.199008 2.384015 -1.950959
37 0.000000 3.013525 -0.000001 -2.404103 -0.000002 1.570796
38 -2.659012 0.316090 -0.314420 -3.083485 0.263057 -0.047499
39 0.000000 -0.000000 0.000000 -1.103800 -2.198187 -1.053108
40 0.000008 1.978484 0.000006 0.856489 -0.393698 -0.603068
41 -0.000003 0.982429 -0.000004 0.141910 -0.491004 0.033567
42 -0.089257 0.659884 0.067214 1.657580 0.268134 -0.033754
43 0.498183 -0.076230 0.714166 0.611757 -0.006689 -1.616449
44 0.000000 1.292969 -0.000000 -0.003040 0.004522 -0.355976
45 -0.000002 0.752467 -0.000000 -0.200927 0.245474 -0.490082
46 0.000001 0.000001 -0.000000 1.671850 0.269475 -0.049573
47 0.156321 0.062374 0.322260 0.028256 -0.311786 -1.946862
48 -0.000001 1.261223 0.000000 -0.073257 0.115192 -0.226980
49 0.000001 0.943233 0.000000 -0.037750 -0.046925 -0.441089
50 -0.108524 -0.607961 -0.044203 1.694999 0.265808 -0.017787
51 0.006729 -0.037597 0.006616 0.086030 -0.461219 -1.908696
52 0.000001 1.208371 0.000000 -0.072983 0.086798 -0.143695
53 0.000001 0.741943 0.000001 -0.115488 0.117750 -0.144179
54 -0.479802 -1.191699 -0.061834 1.597265 0.268012 0.032300
55 -0.000001 0.000000 0.000000 0.122750 -0.630962 -2.010609
56 0.000000 0.996221 0.000000 -0.147432 0.172378 -0.138182
57 0.000001 0.614692 -0.000000 -0.070240 0.335468 0.056969
58 0.000001 8.543636 0.000000 0.114853 -0.476246 -0.111333
59 0.000000 -0.000001 -0.000000 0.000000 -0.000003 -0.000000
60 -0.329683 -2.708557 3.090754 0.161391 2.040828 -0.529304
61 -0.000000 0.216537 0.000000 -0.448776 0.076393 0.149016
62 0.122706 11.211333 -3.790611 0.000694 -0.000000 -3.141593
63 0.000001 16.673229 -0.000002 0.035540 3.141593 -0.000000
64 -0.000000 15.595423 0.000002 0.001462 0.000000 -0.000000
65 -0.000001 14.075073 0.000002 0.021469 -0.000000 -0.000000
66 -0.000001 13.425268 0.000002 0.029141 0.000000 0.000000
time 4
0 -4.770313 -17.804712 -8.518756 1.570796 -0.000000 0.000000
1 4.771459 -5.564794 3.605348 -0.000128 0.087794 -1.384492
2 0.000000 -0.000002 -0.000000 1.570796 -0.000000 0.000000
3 -0.056707 0.000001 -3.094907 -0.000000 -0.000000 0.000000
4 6.833632 1.302324 6.671466 -0.825666 2.576106 -0.000002
5 1.140234 -6.856876 -7.975102 -1.067623 0.074176 1.211842
6 -0.000001 8.563282 0.000001 -2.463579 0.000002 1.570793
7 0.000002 -0.000000 -0.000001 -2.704896 -0.442717 1.336377
8 -0.000000 0.000000 0.000001 -1.450930 1.240775 -1.854171
9 -0.000001 3.026593 0.000001 -2.054581 -0.000004 1.570799
10 -2.657338 -0.365571 -0.324762 -3.073150 0.182981 -0.062497
11 0.000002 0.000001 -0.000000 0.276356 0.485162 -0.714810
12 0.000003 1.887215 0.000026 0.194352 0.472349 -0.227124
13 -0.000010 1.001873 0.000003 0.295812 2.955646 -0.559958
14 -0.451693 1.213947 -0.058021 -1.434995 0.151216 0.018951
15 -0.000000 -0.000000 -0.000000 0.059385 0.467012 -1.153234
16 0.000000 0.963854 -0.000001 0.013348 0.044450 -0.005489
17 -0.000001 0.632002 -0.000001 0.553895 2.241784 -0.331889
18 -0.126647 0.620189 -0.039312 -1.649072 0.166160 -0.011484
19 -0.000001 -0.000001 -0.000000 0.028769 0.491640 -1.321781
20 0.000000 1.208233 0.000000 -0.121338 -0.236384 0.243805
21 -0.000000 0.763068 0.000001 0.447465 2.949254 -0.533165
22 -0.000000 0.000000 0.000001 -1.691855 0.160586 -0.074781
23 -0.000002 0.000000 0.000001 0.113639 0.954374 -1.417464
24 0.000001 1.250581 -0.000001 -0.503006 -0.675705 0.620051
25 0.000000 0.932634 0.000000 0.432193 3.087004 -0.596076
26 -0.093758 -0.657727 0.062875 -1.705938 0.157701 -0.095658
27 0.000001 -0.000001 -0.000001 0.555325 0.055548 -1.477625
28 0.000002 1.280975 0.000001 -0.015696 -0.035748 0.294238
29 -0.000001 0.749374 -0.000001 0.493861 -3.025271 -0.462269
30 -0.000001 8.563282 0.000001 0.081751 -0.413067 -0.090180
31 0.000001 -0.000000 0.000000 -0.000000 0.000004 -0.000000
32 -4.654183 -1.415280 6.902198 -0.825666 2.576106 -0.000002
33 -0.000001 0.000000 -0.000000 -1.052408 0.653623 -0.386558
34 0.000001 8.543636 -0.000000 2.181800 0.000001 1.570796
35 -0.000000 -0.000001 -0.000000 -1.092887 0.038490 -0.050734
36 0.000001 0.000000 -0.000001 -0.191425 2.381102 -1.966687
37 0.000000 3.013527 -0.000000 -2.404103 -0.000002 1.570796
38 -2.659016 0.316089 -0.314419 -3.083485 0.263057 -0.047498
39 0.000000 -0.000000 0.000000 -1.103800 -2.198187 -1.053107
40 0.000008 1.978484 0.000006 0.856489 -0.393698 -0.603067
41 -0.000003 0.982430 -0.000004 0.141910 -0.491004 0.033567
42 -0.089259 0.659883 0.067214 1.657580 0.268134 -0.033754
43 0.498186 -0.076230 0.714164 0.611757 -0.006689 -1.616449
44 0.000000 1.292969 0.000000 -0.003040 0.004522 -0.355976
45 0.000000 0.752466 0.000000 -0.200927 0.245474 -0.490082
46 -0.000001 -0.000000 -0.000000 1.671850 0.269475 -0.049573
47 0.156321 0.062372 0.322259 0.028257 -0.311786 -1.946861
48 -0.000001 1.261223 -0.000000 -0.073257 0.115192 -0.226981
49 -0.000000 0.943234 0.000000 -0.037750 -0.046925 -0.441089
50 -0.108527 -0.607962 -0.044203 1.694999 0.265808 -0.017787
51 0.006729 -0.037597 0.006616 0.086030 -0.461219 -1.908695
52 0.000000 1.208372 0.000000 -0.072983 0.086798 -0.143695
53 0.000000 0.741941 0.000000 -0.115488 0.117750 -0.144179
54 -0.479803 -1.191700 -0.061834 1.597265 0.268013 0.032301
55 0.000001 -0.000000 0.000000 0.122750 -0.630962 -2.010609
56 0.000001 0.996222 0.000000 -0.147432 0.172378 -0.138182
57 -0.000001 0.614692 -0.000000 -0.070240 0.335468 0.056969
58 0.000001 8.543636 -0.000000 0.114853 -0.476246 -0.111333
59 -0.000000 -0.000001 0.000000 0.000000 -0.000003 0.000000
60 -0.266808 -2.632124 3.038407 0.236449 2.021962 -0.488191
61 -0.000000 0.216537 0.000000 -0.494361 0.081253 0.155409
62 0.122706 11.211333 -3.790611 0.000694 -0.000000 -3.141593
63 0.000001 16.673233 -0.000002 0.042842 3.141593 -0.000000
64 -0.000001 15.595427 0.000002 0.015634 0.000000 0.000000
65 -0.000001 14.075071 -0.000001 0.042960 -0.000000 0.000000
66 -0.000001 13.425280 0.000001 0.057754 0.000000 -0.000000
time 5
0 -4.770313 -17.804712 -8.518756 1.570796 -0.000000 0.000000
1 4.771459 -5.564794 3.605348 -0.000128 0.087794 -1.384492
2 0.000000 -0.000002 -0.000000 1.570796 -0.000000 0.000000
3 -0.056707 0.000001 -3.094907 -0.000000 -0.000000 0.000000
4 6.833632 1.302324 6.671466 -0.825666 2.576106 -0.000002
5 1.140234 -6.856876 -7.975102 -1.067623 0.074176 1.211842
6 -0.000001 8.563282 0.000001 -2.463579 0.000002 1.570793
7 0.000002 -0.000000 -0.000001 -2.704896 -0.442717 1.336377
8 -0.000000 0.000000 0.000001 -1.450930 1.240775 -1.854171
9 -0.000001 3.026593 0.000001 -2.054581 -0.000004 1.570799
10 -2.657338 -0.365571 -0.324762 -3.073150 0.182981 -0.062497
11 0.000002 0.000001 -0.000000 0.276356 0.485162 -0.714810
12 0.000003 1.887215 0.000026 0.194352 0.472349 -0.227124
13 -0.000010 1.001873 0.000003 0.295812 2.955646 -0.559958
14 -0.451693 1.213947 -0.058021 -1.434995 0.151216 0.018951
15 -0.000000 -0.000000 -0.000000 0.059385 0.467012 -1.153234
16 0.000000 0.963854 -0.000001 0.013348 0.044450 -0.005489
17 -0.000001 0.632002 -0.000001 0.553895 2.241784 -0.331889
18 -0.126647 0.620189 -0.039312 -1.649072 0.166160 -0.011484
19 -0.000001 -0.000001 -0.000000 0.028769 0.491640 -1.321781
20 0.000000 1.208233 0.000000 -0.121338 -0.236384 0.243805
21 -0.000000 0.763068 0.000001 0.447465 2.949254 -0.533165
22 -0.000000 0.000000 0.000001 -1.691855 0.160586 -0.074781
23 -0.000002 0.000000 0.000001 0.113639 0.954374 -1.417464
24 0.000001 1.250581 -0.000001 -0.503006 -0.675705 0.620051
25 0.000000 0.932634 0.000000 0.432193 3.087004 -0.596076
26 -0.093758 -0.657727 0.062875 -1.705938 0.157701 -0.095658
27 0.000001 -0.000001 -0.000001 0.555325 0.055548 -1.477625
28 0.000002 1.280975 0.000001 -0.015696 -0.035748 0.294238
29 -0.000001 0.749374 -0.000001 0.493861 -3.025271 -0.462269
30 -0.000001 8.563282 0.000001 0.081751 -0.413067 -0.090180
31 0.000001 -0.000000 0.000000 -0.000000 0.000004 -0.000000
32 -4.654183 -1.415280 6.902198 -0.825666 2.576106 -0.000002
33 -0.000001 0.000000 -0.000000 -1.089877 0.647432 -0.404436
34 0.000001 8.543639 0.000001 2.181800 0.000001 1.570796
35 0.000000 0.000001 0.000000 -1.092887 0.038490 -0.050735
36 -0.000000 0.000000 0.000000 -0.182291 2.377912 -1.985614
37 0.000000 3.013527 -0.000000 -2.404103 -0.000002 1.570796
38 -2.659014 0.316089 -0.314420 -3.083485 0.263057 -0.047498
39 -0.000000 -0.000000 -0.000000 -1.103800 -2.198187 -1.053107
40 0.000008 1.978484 0.000005 0.856489 -0.393698 -0.603068
41 -0.000005 0.982427 -0.000004 0.141910 -0.491004 0.033567
42 -0.089259 0.659884 0.067214 1.657580 0.268134 -0.033754
43 0.498185 -0.076230 0.714166 0.611757 -0.006689 -1.616449
44 0.000000 1.292970 -0.000001 -0.003040 0.004522 -0.355976
45 0.000001 0.752465 0.000001 -0.200927 0.245474 -0.490082
46 -0.000000 -0.000000 -0.000001 1.671850 0.269475 -0.049573
47 0.156321 0.062374 0.322259 0.028257 -0.311786 -1.946862
48 -0.000001 1.261223 -0.000000 -0.073257 0.115192 -0.226980
49 0.000002 0.943231 -0.000000 -0.037750 -0.046925 -0.441089
50 -0.108526 -0.607961 -0.044204 1.694999 0.265808 -0.017787
51 0.006730 -0.037598 0.006616 0.086030 -0.461219 -1.908696
52 0.000001 1.208373 -0.000000 -0.072983 0.086798 -0.143695
53 -0.000001 0.741943 0.000000 -0.115488 0.117750 -0.144179
54 -0.479802 -1.191699 -0.061835 1.597265 0.268013 0.032301
55 0.000000 -0.000001 -0.000000 0.122750 -0.630962 -2.010609
56 -0.000000 0.996222 0.000000 -0.147432 0.172378 -0.138183
57 -0.000001 0.614692 0.000000 -0.070240 0.335468 0.056969
58 0.000001 8.543639 0.000001 0.114853 -0.476246 -0.111333
59 0.000000 -0.000001 0.000000 -0.000000 -0.000003 0.000000
60 -0.192172 -2.550286 2.974205 0.332367 2.000614 -0.432591
61 -0.000000 0.216537 0.000000 -0.548920 0.087327 0.162811
62 0.122706 11.211333 -3.790611 0.000694 -0.000000 -3.141593
63 0.000001 16.673229 -0.000003 0.051475 3.141593 0.000000
64 -0.000002 15.595429 0.000001 0.032494 0.000000 0.000000
65 -0.000001 14.075079 0.000004 0.068486 -0.000000 0.000000
66 -0.000002 13.425273 0.000002 0.091773 -0.000000 0.000000
time 6
0 -4.770313 -17.804712 -8.518756 1.570796 -0.000000 0.000000
1 4.771459 -5.564794 3.605348 -0.000128 0.087794 -1.384492
2 0.000000 -0.000002 -0.000000 1.570796 -0.000000 0.000000
3 -0.056707 0.000001 -3.094907 -0.000000 -0.000000 0.000000
4 6.833632 1.302324 6.671466 -0.825666 2.576106 -0.000002
5 1.140234 -6.856876 -7.975102 -1.067623 0.074176 1.211842
6 -0.000001 8.563282 0.000001 -2.463579 0.000002 1.570793
7 0.000002 -0.000000 -0.000001 -2.704896 -0.442717 1.336377
8 -0.000000 0.000000 0.000001 -1.450930 1.240775 -1.854171
9 -0.000001 3.026593 0.000001 -2.054581 -0.000004 1.570799
10 -2.657338 -0.365571 -0.324762 -3.073150 0.182981 -0.062497
11 0.000002 0.000001 -0.000000 0.276356 0.485162 -0.714810
12 0.000003 1.887215 0.000026 0.194352 0.472349 -0.227124
13 -0.000010 1.001873 0.000003 0.295812 2.955646 -0.559958
14 -0.451693 1.213947 -0.058021 -1.434995 0.151216 0.018951
15 -0.000000 -0.000000 -0.000000 0.059385 0.467012 -1.153234
16 0.000000 0.963854 -0.000001 0.013348 0.044450 -0.005489
17 -0.000001 0.632002 -0.000001 0.553895 2.241784 -0.331889
18 -0.126647 0.620189 -0.039312 -1.649072 0.166160 -0.011484
19 -0.000001 -0.000001 -0.000000 0.028769 0.491640 -1.321781
20 0.000000 1.208233 0.000000 -0.121338 -0.236384 0.243805
21 -0.000000 0.763068 0.000001 0.447465 2.949254 -0.533165
22 -0.000000 0.000000 0.000001 -1.691855 0.160586 -0.074781
23 -0.000002 0.000000 0.000001 0.113639 0.954374 -1.417464
24 0.000001 1.250581 -0.000001 -0.503006 -0.675705 0.620051
25 0.000000 0.932634 0.000000 0.432193 3.087004 -0.596076
26 -0.093758 -0.657727 0.062875 -1.705938 0.157701 -0.095658
27 0.000001 -0.000001 -0.000001 0.555325 0.055548 -1.477625
28 0.000002 1.280975 0.000001 -0.015696 -0.035748 0.294238
29 -0.000001 0.749374 -0.000001 0.493861 -3.025271 -0.462269
30 -0.000001 8.563282 0.000001 0.081751 -0.413067 -0.090180
31 0.000001 -0.000000 0.000000 -0.000000 0.000004 -0.000000
32 -4.654183 -1.415280 6.902198 -0.825666 2.576106 -0.000002
33 -0.000001 0.000000 -0.000000 -1.131879 0.639797 -0.424483
34 0.000002 8.543637 0.000001 2.181800 0.000001 1.570796
35 -0.000000 -0.000000 0.000000 -1.092888 0.038490 -0.050735
36 0.000000 -0.000000 -0.000001 -0.171871 2.374691 -2.007160
37 -0.000000 3.013526 -0.000001 -2.404103 -0.000002 1.570796
38 -2.659014 0.316089 -0.314421 -3.083485 0.263056 -0.047497
39 -0.000001 0.000000 0.000001 -1.103801 -2.198187 -1.053106
40 0.000009 1.978482 0.000006 0.856489 -0.393698 -0.603067
41 -0.000003 0.982430 -0.000004 0.141910 -0.491004 0.033567
42 -0.089259 0.659884 0.067213 1.657580 0.268134 -0.033754
43 0.498184 -0.076230 0.714166 0.611757 -0.006689 -1.616449
44 -0.000001 1.292970 -0.000001 -0.003040 0.004522 -0.355976
45 -0.000001 0.752465 0.000000 -0.200927 0.245474 -0.490082
46 -0.000001 0.000001 -0.000000 1.671850 0.269475 -0.049572
47 0.156323 0.062374 0.322260 0.028257 -0.311786 -1.946861
48 -0.000001 1.261222 0.000000 -0.073257 0.115192 -0.226980
49 -0.000001 0.943234 -0.000001 -0.037750 -0.046925 -0.441089
50 -0.108526 -0.607960 -0.044204 1.694999 0.265808 -0.017786
51 0.006729 -0.037598 0.006617 0.086030 -0.461219 -1.908696
52 0.000001 1.208372 -0.000000 -0.072983 0.086798 -0.143695
53 0.000001 0.741941 -0.000000 -0.115488 0.117750 -0.144179
54 -0.479802 -1.191699 -0.061835 1.597265 0.268013 0.032301
55 0.000000 0.000000 -0.000000 0.122751 -0.630962 -2.010609
56 0.000000 0.996221 -0.000000 -0.147432 0.172378 -0.138183
57 -0.000001 0.614691 -0.000000 -0.070240 0.335468 0.056969
58 0.000002 8.543637 0.000001 0.114853 -0.476246 -0.111333
59 0.000000 0.000000 -0.000000 -0.000000 -0.000003 0.000000
60 -0.108839 -2.470394 2.900479 0.449607 1.978513 -0.360581
61 -0.000000 0.216537 0.000000 -0.610599 0.094516 0.170838
62 0.122706 11.211333 -3.790611 0.000694 -0.000000 -3.141593
63 0.000002 16.673229 -0.000003 0.061100 3.141593 0.000000
64 -0.000002 15.595432 0.000003 0.051431 0.000000 0.000000
65 -0.000000 14.075068 0.000004 0.097093 -0.000000 0.000000
66 0.000000 13.425280 0.000004 0.129934 -0.000000 -0.000000
time 7
0 -4.770313 -17.804712 -8.518756 1.570796 -0.000000 0.000000
1 4.771459 -5.564794 3.605348 -0.000128 0.087794 -1.384492
2 0.000000 -0.000002 -0.000000 1.570796 -0.000000 0.000000
3 -0.056707 0.000001 -3.094907 -0.000000 -0.000000 0.000000
4 6.833632 1.302324 6.671466 -0.825666 2.576106 -0.000002
5 1.140234 -6.856876 -7.975102 -1.067623 0.074176 1.211842
6 -0.000001 8.563282 0.000001 -2.463579 0.000002 1.570793
7 0.000002 -0.000000 -0.000001 -2.704896 -0.442717 1.336377
8 -0.000000 0.000000 0.000001 -1.450930 1.240775 -1.854171
9 -0.000001 3.026593 0.000001 -2.054581 -0.000004 1.570799
10 -2.657338 -0.365571 -0.324762 -3.073150 0.182981 -0.062497
11 0.000002 0.000001 -0.000000 0.276356 0.485162 -0.714810
12 0.000003 1.887215 0.000026 0.194352 0.472349 -0.227124
13 -0.000010 1.001873 0.000003 0.295812 2.955646 -0.559958
14 -0.451693 1.213947 -0.058021 -1.434995 0.151216 0.018951
15 -0.000000 -0.000000 -0.000000 0.059385 0.467012 -1.153234
16 0.000000 0.963854 -0.000001 0.013348 0.044450 -0.005489
17 -0.000001 0.632002 -0.000001 0.553895 2.241784 -0.331889
18 -0.126647 0.620189 -0.039312 -1.649072 0.166160 -0.011484
19 -0.000001 -0.000001 -0.000000 0.028769 0.491640 -1.321781
20 0.000000 1.208233 0.000000 -0.121338 -0.236384 0.243805
21 -0.000000 0.763068 0.000001 0.447465 2.949254 -0.533165
22 -0.000000 0.000000 0.000001 -1.691855 0.160586 -0.074781
23 -0.000002 0.000000 0.000001 0.113639 0.954374 -1.417464
24 0.000001 1.250581 -0.000001 -0.503006 -0.675705 0.620051
25 0.000000 0.932634 0.000000 0.432193 3.087004 -0.596076
26 -0.093758 -0.657727 0.062875 -1.705938 0.157701 -0.095658
27 0.000001 -0.000001 -0.000001 0.555325 0.055548 -1.477625
28 0.000002 1.280975 0.000001 -0.015696 -0.035748 0.294238
29 -0.000001 0.749374 -0.000001 0.493861 -3.025271 -0.462269
30 -0.000001 8.563282 0.000001 0.081751 -0.413067 -0.090180
31 0.000001 -0.000000 0.000000 -0.000000 0.000004 -0.000000
32 -4.654183 -1.415280 6.902198 -0.825666 2.576106 -0.000002
33 -0.000001 0.000000 -0.000000 -1.177015 0.630749 -0.446029
34 0.000000 8.543635 0.000001 2.181800 0.000001 1.570796
35 -0.000000 -0.000001 0.000000 -1.092887 0.038490 -0.050735
36 -0.000001 -0.000000 0.000000 -0.160417 2.371692 -2.030736
37 0.000000 3.013527 -0.000001 -2.404103 -0.000001 1.570796
38 -2.659013 0.316089 -0.314419 -3.083485 0.263056 -0.047497
39 0.000000 0.000000 -0.000000 -1.103801 -2.198186 -1.053105
40 0.000008 1.978483 0.000006 0.856489 -0.393698 -0.603067
41 -0.000003 0.982428 -0.000005 0.141910 -0.491004 0.033567
42 -0.089256 0.659884 0.067214 1.657580 0.268134 -0.033754
43 0.498183 -0.076230 0.714166 0.611757 -0.006689 -1.616449
44 -0.000001 1.292969 -0.000000 -0.003040 0.004522 -0.355976
45 -0.000000 0.752466 -0.000000 -0.200927 0.245474 -0.490082
46 0.000000 -0.000000 0.000000 1.671850 0.269475 -0.049573
47 0.156322 0.062374 0.322258 0.028257 -0.311786 -1.946861
48 -0.000001 1.261223 0.000000 -0.073257 0.115192 -0.226980
49 -0.000000 0.943235 0.000000 -0.037750 -0.046925 -0.441089
50 -0.108524 -0.607961 -0.044203 1.694999 0.265808 -0.017787
51 0.006729 -0.037598 0.006616 0.086030 -0.461219 -1.908696
52 -0.000001 1.208373 -0.000001 -0.072983 0.086798 -0.143695
53 0.000000 0.741942 -0.000001 -0.115488 0.117750 -0.144179
54 -0.479802 -1.191700 -0.061834 1.597265 0.268013 0.032300
55 -0.000002 -0.000000 0.000000 0.122750 -0.630962 -2.010609
56 0.000000 0.996221 0.000000 -0.147432 0.172378 -0.138182
57 -0.000001 0.614690 0.000000 -0.070240 0.335468 0.056969
58 0.000000 8.543635 0.000001 0.114853 -0.476246 -0.111333
59 -0.000000 -0.000002 0.000000 0.000000 -0.000003 0.000000
60 -0.020168 -2.398732 2.820471 0.588188 1.957571 -0.270741
61 -0.000000 0.216537 0.000000 -0.677515 0.102665 0.179126
62 0.122706 11.211333 -3.790611 0.000694 -0.000000 -3.141593
63 0.000001 16.673233 -0.000002 0.071379 3.141593 -0.000000
64 -0.000001 15.595431 0.000000 0.071831 0.000000 0.000000
65 -0.000001 14.075075 0.000000 0.127818 -0.000000 -0.000000
66 -0.000000 13.425272 0.000005 0.170946 0.000000 -0.000000
time 8
0 -4.770313 -17.804712 -8.518756 1.570796 -0.000000 0.000000
1 4.771459 -5.564794 3.605348 -0.000128 0.087794 -1.384492
2 0.000000 -0.000002 -0.000000 1.570796 -0.000000 0.000000
3 -0.056707 0.000001 -3.094907 -0.000000 -0.000000 0.000000
4 6.833632 1.302324 6.671466 -0.825666 2.576106 -0.000002
5 1.140234 -6.856876 -7.975102 -1.067623 0.074176 1.211842
6 -0.000001 8.563282 0.000001 -2.463579 0.000002 1.570793
7 0.000002 -0.000000 -0.000001 -2.704896 -0.442717 1.336377
8 -0.000000 0.000000 0.000001 -1.450930 1.240775 -1.854171
9 -0.000001 3.026593 0.000001 -2.054581 -0.000004 1.570799
10 -2.657338 -0.365571 -0.324762 -3.073150 0.182981 -0.062497
11 0.000002 0.000001 -0.000000 0.276356 0.485162 -0.714810
12 0.000003 1.887215 0.000026 0.194352 0.472349 -0.227124
13 -0.000010 1.001873 0.000003 0.295812 2.955646 -0.559958
14 -0.451693 1.213947 -0.058021 -1.434995 0.151216 0.018951
15 -0.000000 -0.000000 -0.000000 0.059385 0.467012 -1.153234
16 0.000000 0.963854 -0.000001 0.013348 0.044450 -0.005489
17 -0.000001 0.632002 -0.000001 0.553895 2.241784 -0.331889
18 -0.126647 0.620189 -0.039312 -1.649072 0.166160 -0.011484
19 -0.000001 -0.000001 -0.000000 0.028769 0.491640 -1.321781
20 0.000000 1.208233 0.000000 -0.121338 -0.236384 0.243805
21 -0.000000 0.763068 0.000001 0.447465 2.949254 -0.533165
22 -0.000000 0.000000 0.000001 -1.691855 0.160586 -0.074781
23 -0.000002 0.000000 0.000001 0.113639 0.954374 -1.417464
24 0.000001 1.250581 -0.000001 -0.503006 -0.675705 0.620051
25 0.000000 0.932634 0.000000 0.432193 3.087004 -0.596076
26 -0.093758 -0.657727 0.062875 -1.705938 0.157701 -0.095658
27 0.000001 -0.000001 -0.000001 0.555325 0.055548 -1.477625
28 0.000002 1.280975 0.000001 -0.015696 -0.035748 0.294238
29 -0.000001 0.749374 -0.000001 0.493861 -3.025271 -0.462269
30 -0.000001 8.563282 0.000001 0.081751 -0.413067 -0.090180
31 0.000001 -0.000000 0.000000 -0.000000 0.000004 -0.000000
32 -4.654183 -1.415280 6.902198 -0.825666 2.576106 -0.000002
33 -0.000001 0.000000 -0.000000 -1.223909 0.620386 -0.468439
34 -0.000000 8.543638 0.000001 2.181800 0.000001 1.570796
35 0.000000 0.000000 -0.000000 -1.092887 0.038490 -0.050735
36 -0.000000 -0.000000 -0.000000 -0.148161 2.369183 -2.055751
37 0.000000 3.013525 -0.000001 -2.404103 -0.000002 1.570796
38 -2.659013 0.316090 -0.314420 -3.083485 0.263056 -0.047497
39 -0.000000 0.000000 0.000000 -1.103802 -2.198186 -1.053104
40 0.000006 1.978482 0.000005 0.856489 -0.393698 -0.603067
41 -0.000003 0.982428 -0.000004 0.141910 -0.491004 0.033567
42 -0.089257 0.659884 0.067214 1.657581 0.268133 -0.033754
43 0.498184 -0.076229 0.714165 0.611757 -0.006689 -1.616449
44 -0.000000 1.292970 -0.000001 -0.003040 0.004522 -0.355976
45 -0.000000 0.752466 -0.000001 -0.200927 0.245474 -0.490082
46 0.000001 0.000001 0.000000 1.671850 0.269475 -0.049573
47 0.156320 0.062374 0.322259 0.028257 -0.311786 -1.946862
48 -0.000002 1.261223 -0.000000 -0.073257 0.115192 -0.226980
49 0.000000 0.943235 -0.000001 -0.037750 -0.046925 -0.441089
50 -0.108524 -0.607960 -0.044203 1.694999 0.265808 -0.017787
51 0.006729 -0.037597 0.006616 0.086030 -0.461219 -1.908696
52 -0.000002 1.208372 -0.000001 -0.072983 0.086798 -0.143695
53 -0.000001 0.741941 0.000000 -0.115488 0.117750 -0.144179
54 -0.479802 -1.191699 -0.061834 1.597265 0.268012 0.032301
55 -0.000002 -0.000000 0.000000 0.122750 -0.630962 -2.010609
56 0.000001 0.996222 0.000000 -0.147432 0.172378 -0.138182
57 0.000000 0.614691 -0.000000 -0.070240 0.335468 0.056969
58 -0.000000 8.543638 0.000001 0.114853 -0.476246 -0.111333
59 -0.000000 -0.000000 -0.000000 0.000000 -0.000003 -0.000000
60 0.070261 -2.340016 2.738274 0.746766 1.939751 -0.163081
61 -0.000000 0.216537 0.000000 -0.747766 0.111555 0.187351
62 0.122706 11.211333 -3.790611 0.000694 -0.000000 -3.141593
63 0.000002 16.673233 -0.000003 0.081974 3.141593 -0.000000
64 -0.000002 15.595429 0.000005 0.093075 0.000000 0.000000
65 0.000000 14.075071 -0.000001 0.159689 0.000000 -0.000000
66 -0.000003 13.425264 0.000003 0.213498 0.000000 -0.000000
time 9
0 -4.770313 -17.804712 -8.518756 1.570796 -0.000000 0.000000
1 4.771459 -5.564794 3.605348 -0.000128 0.087794 -1.384492
2 0.000000 -0.000002 -0.000000 1.570796 -0.000000 0.000000
3 -0.056707 0.000001 -3.094907 -0.000000 -0.000000 0.000000
4 6.833632 1.302324 6.671466 -0.825666 2.576106 -0.000002
5 1.140234 -6.856876 -7.975102 -1.067623 0.074176 1.211842
6 -0.000001 8.563282 0.000001 -2.463579 0.000002 1.570793
7 0.000002 -0.000000 -0.000001 -2.704896 -0.442717 1.336377
8 -0.000000 0.000000 0.000001 -1.450930 1.240775 -1.854171
9 -0.000001 3.026593 0.000001 -2.054581 -0.000004 1.570799
10 -2.657338 -0.365571 -0.324762 -3.073150 0.182981 -0.062497
11 0.000002 0.000001 -0.000000 0.276356 0.485162 -0.714810
12 0.000003 1.887215 0.000026 0.194352 0.472349 -0.227124
13 -0.000010 1.001873 0.000003 0.295812 2.955646 -0.559958
14 -0.451693 1.213947 -0.058021 -1.434995 0.151216 0.018951
15 -0.000000 -0.000000 -0.000000 0.059385 0.467012 -1.153234
16 0.000000 0.963854 -0.000001 0.013348 0.044450 -0.005489
17 -0.000001 0.632002 -0.000001 0.553895 2.241784 -0.331889
18 -0.126647 0.620189 -0.039312 -1.649072 0.166160 -0.011484
19 -0.000001 -0.000001 -0.000000 0.028769 0.491640 -1.321781
20 0.000000 1.208233 0.000000 -0.121338 -0.236384 0.243805
21 -0.000000 0.763068 0.000001 0.447465 2.949254 -0.533165
22 -0.000000 0.000000 0.000001 -1.691855 0.160586 -0.074781
23 -0.000002 0.000000 0.000001 0.113639 0.954374 -1.417464
24 0.000001 1.250581 -0.000001 -0.503006 -0.675705 0.620051
25 0.000000 0.932634 0.000000 0.432193 3.087004 -0.596076
26 -0.093758 -0.657727 0.062875 -1.705938 0.157701 -0.095658
27 0.000001 -0.000001 -0.000001 0.555325 0.055548 -1.477625
28 0.000002 1.280975 0.000001 -0.015696 -0.035748 0.294238
29 -0.000001 0.749374 -0.000001 0.493861 -3.025271 -0.462269
30 -0.000001 8.563282 0.000001 0.081751 -0.413067 -0.090180
31 0.000001 -0.000000 0.000000 -0.000000 0.000004 -0.000000
32 -4.654183 -1.415280 6.902198 -0.825666 2.576106 -0.000002
33 -0.000001 0.000000 -0.000000 -1.271238 0.608887 -0.491136
34 0.000000 8.543639 0.000001 2.181800 0.000001 1.570796
35 -0.000000 -0.000000 0.000000 -1.092888 0.038490 -0.050735
36 -0.000000 0.000000 -0.000000 -0.135321 2.367445 -2.081608
37 0.000001 3.013527 -0.000000 -2.404103 -0.000002 1.570796
38 -2.659015 0.316088 -0.314420 -3.083486 0.263055 -0.047497
39 0.000001 -0.000000 0.000000 -1.103802 -2.198186 -1.053104
40 0.000007 1.978484 0.000006 0.856489 -0.393698 -0.603067
41 -0.000003 0.982430 -0.000005 0.141910 -0.491004 0.033567
42 -0.089259 0.659883 0.067214 1.657580 0.268133 -0.033754
43 0.498183 -0.076230 0.714165 0.611757 -0.006689 -1.616449
44 0.000000 1.292970 0.000001 -0.003040 0.004522 -0.355976
45 0.000000 0.752466 0.000001 -0.200927 0.245474 -0.490082
46 -0.000001 -0.000001 0.000000 1.671850 0.269475 -0.049573
47 0.156323 0.062374 0.322259 0.028257 -0.311786 -1.946862
48 0.000000 1.261223 -0.000000 -0.073257 0.115192 -0.226980
49 0.000000 0.943233 -0.000000 -0.037750 -0.046925 -0.441089
50 -0.108525 -0.607962 -0.044203 1.694999 0.265808 -0.017787
51 0.006728 -0.037598 0.006615 0.086030 -0.461219 -1.908696
52 -0.000001 1.208371 0.000000 -0.072982 0.086798 -0.143695
53 -0.000000 0.741943 0.000000 -0.115488 0.117750 -0.144179
54 -0.479803 -1.191701 -0.061834 1.597265 0.268012 0.032300
55 0.000001 0.000001 -0.000000 0.122750 -0.630962 -2.010609
56 -0.000000 0.996223 -0.000001 -0.147432 0.172378 -0.138182
57 0.000000 0.614691 0.000000 -0.070240 0.335468 0.056969
58 0.000000 8.543639 0.000001 0.114853 -0.476246 -0.111333
59 -0.000000 0.000001 -0.000000 0.000000 -0.000003 0.000000
60 0.158772 -2.296996 2.658576 0.921636 1.926802 -0.040052
61 -0.000000 0.216537 0.000000 -0.819466 0.120906 0.195251
62 0.122706 11.211333 -3.790611 0.000694 -0.000000 -3.141593
63 0.000001 16.673235 -0.000002 0.092545 3.141593 0.000000
64 -0.000001 15.595431 0.000003 0.114546 0.000000 -0.000000
65 0.000000 14.075071 -0.000001 0.191730 0.000000 -0.000000
66 -0.000001 13.425279 0.000007 0.256269 -0.000000 -0.000000
time 10
0 -4.770313 -17.804712 -8.518756 1.570796 -0.000000 0.000000
1 4.771459 -5.564794 3.605348 -0.000128 0.087794 -1.384492
2 0.000000 -0.000002 -0.000000 1.570796 -0.000000 0.000000
3 -0.056707 0.000001 -3.094907 -0.000000 -0.000000 0.000000
4 6.833632 1.302324 6.671466 -0.825666 2.576106 -0.000002
5 1.140234 -6.856876 -7.975102 -1.067623 0.074176 1.211842
6 -0.000001 8.563282 0.000001 -2.463579 0.000002 1.570793
7 0.000002 -0.000000 -0.000001 -2.704896 -0.442717 1.336377
8 -0.000000 0.000000 0.000001 -1.450930 1.240775 -1.854171
9 -0.000001 3.026593 0.000001 -2.054581 -0.000004 1.570799
10 -2.657338 -0.365571 -0.324762 -3.073150 0.182981 -0.062497
11 0.000002 0.000001 -0.000000 0.276356 0.485162 -0.714810
12 0.000003 1.887215 0.000026 0.194352 0.472349 -0.227124
13 -0.000010 1.001873 0.000003 0.295812 2.955646 -0.559958
14 -0.451693 1.213947 -0.058021 -1.434995 0.151216 0.018951
15 -0.000000 -0.000000 -0.000000 0.059385 0.467012 -1.153234
16 0.000000 0.963854 -0.000001 0.013348 0.044450 -0.005489
17 -0.000001 0.632002 -0.000001 0.553895 2.241784 -0.331889
18 -0.126647 0.620189 -0.039312 -1.649072 0.166160 -0.011484
19 -0.000001 -0.000001 -0.000000 0.028769 0.491640 -1.321781
20 0.000000 1.208233 0.000000 -0.121338 -0.236384 0.243805
21 -0.000000 0.763068 0.000001 0.447465 2.949254 -0.533165
22 -0.000000 0.000000 0.000001 -1.691855 0.160586 -0.074781
23 -0.000002 0.000000 0.000001 0.113639 0.954374 -1.417464
24 0.000001 1.250581 -0.000001 -0.503006 -0.675705 0.620051
25 0.000000 0.932634 0.000000 0.432193 3.087004 -0.596076
26 -0.093758 -0.657727 0.062875 -1.705938 0.157701 -0.095658
27 0.000001 -0.000001 -0.000001 0.555325 0.055548 -1.477625
28 0.000002 1.280975 0.000001 -0.015696 -0.035748 0.294238
29 -0.000001 0.749374 -0.000001 0.493861 -3.025271 -0.462269
30 -0.000001 8.563282 0.000001 0.081751 -0.413067 -0.090180
31 0.000001 -0.000000 0.000000 -0.000000 0.000004 -0.000000
32 -4.654183 -1.415280 6.902198 -0.825666 2.576106 -0.000002
33 -0.000001 0.000000 -0.000000 -1.317750 0.596511 -0.513622
34 -0.000000 8.543637 0.000001 2.181800 0.000001 1.570796
35 0.000001 -0.000000 -0.000000 -1.092888 0.038490 -0.050735
36 0.000000 0.000000 -0.000000 -0.122091 2.366777 -2.107712
37 0.000000 3.013524 -0.000001 -2.404103 -0.000001 1.570796
38 -2.659012 0.316089 -0.314419 -3.083486 0.263055 -0.047497
39 0.000000 -0.000000 -0.000000 -1.103803 -2.198186 -1.053103
40 0.000006 1.978483 0.000007 0.856489 -0.393698 -0.603067
41 -0.000002 0.982429 -0.000005 0.141910 -0.491004 0.033567
42 -0.089257 0.659884 0.067214 1.657580 0.268134 -0.033754
43 0.498183 -0.076229 0.714166 0.611757 -0.006689 -1.616449
44 0.000000 1.292969 0.000001 -0.003040 0.004522 -0.355976
45 -0.000001 0.752466 0.000001 -0.200927 0.245474 -0.490082
46 0.000000 0.000000 0.000000 1.671850 0.269475 -0.049573
47 0.156322 0.062373 0.322258 0.028257 -0.311786 -1.946862
48 0.000000 1.261225 -0.000001 -0.073257 0.115192 -0.226980
49 0.000000 0.943233 -0.000001 -0.037750 -0.046925 -0.441089
50 -0.108526 -0.607961 -0.044203 1.694999 0.265808 -0.017787
51 0.006730 -0.037598 0.006617 0.086030 -0.461219 -1.908696
52 -0.000000 1.208372 -0.000001 -0.072983 0.086798 -0.143695
53 0.000001 0.741942 0.000001 -0.115488 0.117750 -0.144179
54 -0.479802 -1.191699 -0.061834 1.597265 0.268013 0.032300
55 -0.000001 0.000000 -0.000001 0.122750 -0.630962 -2.010609
56 0.000001 0.996222 0.000000 -0.147432 0.172378 -0.138182
57 0.000000 0.614689 0.000000 -0.070240 0.335468 0.056969
58 -0.000000 8.543637 0.000001 0.114853 -0.476246 -0.111333
59 0.000000 0.000000 -0.000000 -0.000000 -0.000003 -0.000000
60 0.241751 -2.270301 2.586290 1.106287 1.919887 0.093016
61 -0.000000 0.216537 0.000000 -0.890775 0.130385 0.202645
62 0.122706 11.211333 -3.790611 0.000694 -0.000000 -3.141593
63 0.000002 16.673231 -0.000003 0.102754 3.141593 -0.000000
64 -0.000002 15.595429 0.000001 0.135624 0.000000 0.000000
65 -0.000001 14.075076 -0.000000 0.222964 -0.000000 -0.000000
66 -0.000001 13.425273 0.000003 0.297938 0.000000 -0.000000
time 11
0 -4.770313 -17.804712 -8.518756 1.570796 -0.000000 0.000000
1 4.771459 -5.564794 3.605348 -0.000128 0.087794 -1.384492
2 0.000000 -0.000002 -0.000000 1.570796 -0.000000 0.000000
3 -0.056707 0.000001 -3.094907 -0.000000 -0.000000 0.000000
4 6.833632 1.302324 6.671466 -0.825666 2.576106 -0.000002
5 1.140234 -6.856876 -7.975102 -1.067623 0.074176 1.211842
6 -0.000001 8.563282 0.000001 -2.463579 0.000002 1.570793
7 0.000002 -0.000000 -0.000001 -2.704896 -0.442717 1.336377
8 -0.000000 0.000000 0.000001 -1.450930 1.240775 -1.854171
9 -0.000001 3.026593 0.000001 -2.054581 -0.000004 1.570799
10 -2.657338 -0.365571 -0.324762 -3.073150 0.182981 -0.062497
11 0.000002 0.000001 -0.000000 0.276356 0.485162 -0.714810
12 0.000003 1.887215 0.000026 0.194352 0.472349 -0.227124
13 -0.000010 1.001873 0.000003 0.295812 2.955646 -0.559958
14 -0.451693 1.213947 -0.058021 -1.434995 0.151216 0.018951
15 -0.000000 -0.000000 -0.000000 0.059385 0.467012 -1.153234
16 0.000000 0.963854 -0.000001 0.013348 0.044450 -0.005489
17 -0.000001 0.632002 -0.000001 0.553895 2.241784 -0.331889
18 -0.126647 0.620189 -0.039312 -1.649072 0.166160 -0.011484
19 -0.000001 -0.000001 -0.000000 0.028769 0.491640 -1.321781
20 0.000000 1.208233 0.000000 -0.121338 -0.236384 0.243805
21 -0.000000 0.763068 0.000001 0.447465 2.949254 -0.533165
22 -0.000000 0.000000 0.000001 -1.691855 0.160586 -0.074781
23 -0.000002 0.000000 0.000001 0.113639 0.954374 -1.417464
24 0.000001 1.250581 -0.000001 -0.503006 -0.675705 0.620051
25 0.000000 0.932634 0.000000 0.432193 3.087004 -0.596076
26 -0.093758 -0.657727 0.062875 -1.705938 0.157701 -0.095658
27 0.000001 -0.000001 -0.000001 0.555325 0.055548 -1.477625
28 0.000002 1.280975 0.000001 -0.015696 -0.035748 0.294238
29 -0.000001 0.749374 -0.000001 0.493861 -3.025271 -0.462269
30 -0.000001 8.563282 0.000001 0.081751 -0.413067 -0.090180
31 0.000001 -0.000000 0.000000 -0.000000 0.000004 -0.000000
32 -4.654183 -1.415280 6.902198 -0.825666 2.576106 -0.000002
33 -0.000001 0.000000 -0.000000 -1.362278 0.583587 -0.535496
34 0.000001 8.543637 0.000001 2.181800 0.000001 1.570796
35 -0.000001 -0.000001 -0.000000 -1.092888 0.038490 -0.050735
36 0.000001 -0.000000 -0.000000 -0.108647 2.367495 -2.133467
37 -0.000000 3.013528 -0.000001 -2.404103 -0.000002 1.570796
38 -2.659013 0.316090 -0.314420 -3.083486 0.263055 -0.047496
39 0.000000 -0.000001 -0.000001 -1.103803 -2.198186 -1.053102
40 0.000007 1.978483 0.000007 0.856489 -0.393698 -0.603067
41 -0.000002 0.982429 -0.000005 0.141910 -0.491004 0.033567
42 -0.089257 0.659885 0.067215 1.657580 0.268134 -0.033754
43 0.498186 -0.076230 0.714165 0.611757 -0.006689 -1.616449
44 -0.000001 1.292969 0.000001 -0.003040 0.004522 -0.355976
45 0.000000 0.752466 0.000001 -0.200927 0.245474 -0.490082
46 0.000000 0.000001 0.000000 1.671850 0.269475 -0.049573
47 0.156322 0.062374 0.322260 0.028257 -0.311786 -1.946862
48 -0.000000 1.261224 0.000000 -0.073257 0.115192 -0.226980
49 0.000000 0.943234 -0.000000 -0.037750 -0.046925 -0.441089
50 -0.108524 -0.607960 -0.044203 1.694999 0.265808 -0.017787
51 0.006729 -0.037598 0.006616 0.086030 -0.461219 -1.908696
52 0.000000 1.208372 0.000001 -0.072983 0.086798 -0.143695
53 -0.000000 0.741942 0.000000 -0.115488 0.117750 -0.144179
54 -0.479802 -1.191699 -0.061834 1.597265 0.268013 0.032300
55 -0.000001 -0.000000 0.000000 0.122750 -0.630962 -2.010609
56 0.000001 0.996222 0.000001 -0.147432 0.172378 -0.138182
57 -0.000001 0.614692 0.000000 -0.070240 0.335468 0.056969
58 0.000001 8.543637 0.000001 0.114853 -0.476246 -0.111333
59 -0.000000 0.000001 -0.000000 -0.000000 -0.000003 -0.000000
60 0.315814 -2.258454 2.526114 1.292256 1.919237 0.228776
61 -0.000000 0.216537 0.000000 -0.959931 0.139626 0.209440
62 0.122706 11.211333 -3.790611 0.000694 -0.000000 -3.141593
63 0.000003 16.673235 -0.000002 0.112261 3.141593 -0.000000
64 -0.000000 15.595431 0.000002 0.155692 0.000000 0.000000
65 -0.000002 14.075082 0.000005 0.252420 -0.000000 -0.000000
66 -0.000003 13.425274 0.000001 0.337198 0.000000 -0.000000
time 12
0 -4.770313 -17.804712 -8.518756 1.570796 -0.000000 0.000000
1 4.771459 -5.564794 3.605348 -0.000128 0.087794 -1.384492
2 0.000000 -0.000002 -0.000000 1.570796 -0.000000 0.000000
3 -0.056707 0.000001 -3.094907 -0.000000 -0.000000 0.000000
4 6.833632 1.302324 6.671466 -0.825666 2.576106 -0.000002
5 1.140234 -6.856876 -7.975102 -1.069477 0.074135 1.213734
6 -0.000001 8.563284 -0.000001 -2.463579 0.000002 1.570793
7 -0.000000 0.000000 0.000000 -2.704896 -0.442717 1.336377
8 0.000000 0.000001 -0.000001 -1.452505 1.241053 -1.857520
9 0.000000 3.026591 0.000000 -2.054582 -0.000004 1.570799
10 -2.657337 -0.365570 -0.324763 -3.073150 0.182981 -0.062497
11 0.000000 -0.000000 0.000000 0.276356 0.485162 -0.714810
12 0.000002 1.887215 0.000026 0.194352 0.472349 -0.227124
13 -0.000008 1.001873 0.000005 0.295812 2.955646 -0.559958
14 -0.451691 1.213948 -0.058021 -1.434995 0.151216 0.018951
15 -0.000002 -0.000001 0.000000 0.059386 0.467012 -1.153234
16 -0.000001 0.963850 -0.000001 0.013348 0.044450 -0.005489
17 0.000001 0.632002 0.000000 0.553895 2.241784 -0.331889
18 -0.126648 0.620190 -0.039312 -1.649072 0.166160 -0.011484
19 -0.000002 -0.000000 0.000000 0.028769 0.491640 -1.321781
20 -0.000001 1.208235 0.000001 -0.121338 -0.236384 0.243805
21 -0.000000 0.763065 0.000001 0.447465 2.949254 -0.533165
22 0.000001 0.000001 -0.000000 -1.691855 0.160586 -0.074781
23 -0.000002 0.000000 -0.000000 0.113639 0.954374 -1.417464
24 -0.000000 1.250578 0.000000 -0.503006 -0.675704 0.620051
25 0.000000 0.932634 0.000001 0.432193 3.087004 -0.596076
26 -0.093757 -0.657727 0.062873 -1.705938 0.157701 -0.095658
27 -0.000000 0.000001 -0.000001 0.555325 0.055548 -1.477625
28 -0.000001 1.280976 -0.000001 -0.015696 -0.035748 0.294238
29 0.000000 0.749375 -0.000000 0.493861 -3.025271 -0.462269
30 -0.000001 8.563284 -0.000001 0.081751 -0.413067 -0.090180
31 -0.000001 -0.000000 0.000000 -0.000000 0.000004 0.000000
32 -4.654183 -1.415280 6.902198 -0.825666 2.576106 -0.000002
33 -0.000001 0.000000 -0.000000 -1.403924 0.570457 -0.556483
34 -0.000000 8.543638 0.000001 2.181800 0.000001 1.570796
35 0.000000 0.000000 -0.000001 -1.092888 0.038490 -0.050735
36 0.000000 0.000000 -0.000000 -0.095587 2.368945 -2.158809
37 0.000000 3.013526 -0.000001 -2.404103 -0.000001 1.570796
38 -2.659012 0.316090 -0.314420 -3.083486 0.263055 -0.047496
39 0.000000 0.000000 -0.000000 -1.103804 -2.198186 -1.053102
40 0.000008 1.978482 0.000007 0.856489 -0.393698 -0.603067
41 -0.000002 0.982428 -0.000004 0.141910 -0.491004 0.033567
42 -0.089258 0.659885 0.067214 1.657580 0.268134 -0.033754
43 0.498184 -0.076229 0.714165 0.611757 -0.006689 -1.616449
44 -0.000001 1.292970 0.000001 -0.003040 0.004522 -0.355976
45 0.000001 0.752466 0.000001 -0.200927 0.245474 -0.490082
46 0.000001 0.000000 -0.000000 1.671850 0.269475 -0.049573
47 0.156322 0.062374 0.322259 0.028257 -0.311786 -1.946862
48 -0.000001 1.261223 0.000002 -0.073257 0.115192 -0.226980
49 0.000000 0.943234 -0.000001 -0.037750 -0.046925 -0.441089
50 -0.108525 -0.607961 -0.044204 1.694999 0.265808 -0.017787
51 0.006730 -0.037598 0.006615 0.086030 -0.461219 -1.908696
52 -0.000000 1.208372 0.000000 -0.072983 0.086798 -0.143695
53 0.000000 0.741942 0.000001 -0.115488 0.117750 -0.144179
54 -0.479803 -1.191699 -0.061834 1.597265 0.268013 0.032301
55 0.000001 0.000000 -0.000001 0.122750 -0.630962 -2.010609
56 0.000001 0.996223 -0.000000 -0.147432 0.172378 -0.138183
57 -0.000003 0.614692 0.000001 -0.070240 0.335468 0.056970
58 -0.000000 8.543638 0.000001 0.114853 -0.476246 -0.111333
59 0.000000 0.000000 0.000000 0.000000 -0.000003 -0.000000
60 0.380277 -2.258793 2.480818 1.470354 1.924998 0.358780
61 -0.000000 0.216537 0.000000 -1.025547 0.148309 0.215634
62 0.122706 11.211333 -3.790611 0.000694 -0.000000 -3.141593
63 0.000002 16.673235 -0.000002 0.120796 3.141593 -0.000000
64 -0.000002 15.595437 0.000004 0.174246 0.000000 -0.000000
65 -0.000000 14.075066 0.000000 0.279317 0.000000 0.000000
66 -0.000003 13.425275 -0.000005 0.373004 -0.000000 0.000000
time 13
0 -4.770313 -17.804712 -8.518756 1.570796 -0.000000 0.000000
1 4.771459 -5.564794 3.605348 -0.000128 0.087794 -1.384492
2 0.000000 -0.000002 -0.000000 1.570796 -0.000000 0.000000
3 -0.056707 0.000001 -3.094907 -0.000000 -0.000000 0.000000
4 6.833632 1.302324 6.671466 -0.825666 2.576106 -0.000002
5 1.140234 -6.856876 -7.975102 -1.074721 0.074038 1.219086
6 -0.000000 8.563283 -0.000000 -2.463579 0.000002 1.570792
7 0.000002 -0.000000 -0.000001 -2.704896 -0.442717 1.336377
8 0.000000 0.000001 0.000001 -1.456979 1.241827 -1.867011
9 -0.000001 3.026594 -0.000000 -2.054582 -0.000004 1.570799
10 -2.657339 -0.365571 -0.324763 -3.073150 0.182981 -0.062497
11 -0.000001 -0.000000 -0.000001 0.276356 0.485163 -0.714810
12 0.000005 1.887215 0.000027 0.194352 0.472349 -0.227124
13 -0.000010 1.001874 0.000003 0.295812 2.955646 -0.559959
14 -0.451693 1.213947 -0.058021 -1.434995 0.151216 0.018951
15 -0.000001 -0.000002 -0.000000 0.059386 0.467012 -1.153234
16 -0.000000 0.963852 -0.000000 0.013348 0.044450 -0.005489
17 0.000000 0.632002 -0.000001 0.553895 2.241784 -0.331889
18 -0.126650 0.620187 -0.039311 -1.649072 0.166160 -0.011484
19 -0.000001 0.000002 -0.000000 0.028769 0.491640 -1.321781
20 -0.000000 1.208229 -0.000000 -0.121338 -0.236384 0.243805
21 -0.000000 0.763067 0.000001 0.447465 2.949254 -0.533165
22 -0.000001 -0.000001 0.000000 -1.691855 0.160586 -0.074781
23 -0.000002 0.000000 0.000000 0.113638 0.954374 -1.417464
24 -0.000001 1.250577 0.000002 -0.503006 -0.675705 0.620051
25 -0.000000 0.932636 -0.000001 0.432193 3.087004 -0.596076
26 -0.093760 -0.657729 0.062876 -1.705938 0.157701 -0.095658
27 -0.000001 0.000000 0.000000 0.555325 0.055548 -1.477625
28 0.000001 1.280978 -0.000000 -0.015696 -0.035747 0.294238
29 0.000000 0.749372 -0.000000 0.493861 -3.025271 -0.462269
30 -0.000000 8.563283 -0.000000 0.081751 -0.413067 -0.090180
31 -0.000001 0.000001 -0.000000 0.000000 0.000004 -0.000000
32 -4.654183 -1.415280 6.902198 -0.825666 2.576106 -0.000002
33 -0.000001 0.000000 -0.000000 -1.442560 0.557292 -0.576497
34 0.000000 8.543637 0.000000 2.181800 0.000001 1.570796
35 -0.000002 0.000000 0.000000 -1.092887 0.038490 -0.050735
36 0.000000 -0.000000 0.000000 -0.083380 2.370275 -2.183933
37 0.000000 3.013526 -0.000000 -2.404103 -0.000001 1.570796
38 -2.659014 0.316091 -0.314419 -3.083486 0.263055 -0.047496
39 0.000000 0.000000 0.000001 -1.103804 -2.198186 -1.053101
40 0.000007 1.978480 0.000007 0.856490 -0.393698 -0.603067
41 -0.000003 0.982429 -0.000004 0.141910 -0.491004 0.033567
42 -0.089258 0.659885 0.067214 1.657580 0.268134 -0.033754
43 0.498184 -0.076230 0.714166 0.611757 -0.006689 -1.616449
44 -0.000001 1.292969 0.000001 -0.003040 0.004522 -0.355977
45 0.000002 0.752465 -0.000000 -0.200927 0.245474 -0.490081
46 0.000000 0.000001 -0.000000 1.671850 0.269475 -0.049573
47 0.156321 0.062374 0.322258 0.028257 -0.311786 -1.946862
48 -0.000001 1.261223 -0.000001 -0.073257 0.115192 -0.226980
49 0.000000 0.943234 -0.000001 -0.037750 -0.046925 -0.441089
50 -0.108525 -0.607960 -0.044203 1.694999 0.265808 -0.017787
51 0.006728 -0.037597 0.006616 0.086030 -0.461219 -1.908696
52 -0.000000 1.208373 0.000001 -0.072983 0.086798 -0.143695
53 -0.000000 0.741941 0.000001 -0.115488 0.117750 -0.144179
54 -0.479804 -1.191698 -0.061834 1.597265 0.268013 0.032300
55 0.000000 0.000001 0.000001 0.122750 -0.630962 -2.010609
56 -0.000001 0.996223 0.000000 -0.147432 0.172378 -0.138183
57 -0.000002 0.614691 0.000000 -0.070240 0.335468 0.056970
58 0.000000 8.543637 0.000000 0.114853 -0.476246 -0.111333
59 -0.000000 -0.000001 0.000000 0.000000 -0.000003 0.000000
60 0.436609 -2.268585 2.449819 1.634208 1.936848 0.476742
61 -0.000000 0.216537 0.000000 -1.087402 0.156375 0.221297
62 0.122706 11.211333 -3.790611 0.000694 -0.000000 -3.141593
63 0.000002 16.673235 -0.000003 0.128351 3.141593 -0.000000
64 -0.000001 15.595431 0.000003 0.191226 0.000000 0.000000
65 -0.000003 14.075076 0.000001 0.303599 -0.000000 -0.000000
66 -0.000001 13.425269 -0.000006 0.405289 -0.000000 0.000000
time 14
0 -4.770313 -17.804712 -8.518756 1.570796 -0.000000 0.000000
1 4.771459 -5.564794 3.605348 -0.000128 0.087794 -1.384492
2 0.000000 -0.000002 -0.000000 1.570796 -0.000000 0.000000
3 -0.056707 0.000001 -3.094907 -0.000000 -0.000000 0.000000
4 6.833632 1.302324 6.671466 -0.825666 2.576106 -0.000002
5 1.140234 -6.856876 -7.975102 -1.082875 0.073943 1.227406
6 -0.000000 8.563282 -0.000001 -2.463579 0.000002 1.570793
7 0.000001 0.000000 0.000000 -2.704896 -0.442717 1.336377
8 -0.000000 0.000000 -0.000000 -1.463999 1.243004 -1.881825
9 -0.000002 3.026590 0.000000 -2.054582 -0.000004 1.570799
10 -2.657339 -0.365570 -0.324764 -3.073150 0.182981 -0.062497
11 -0.000002 0.000000 -0.000000 0.276356 0.485162 -0.714810
12 0.000004 1.887216 0.000027 0.194352 0.472349 -0.227124
13 -0.000009 1.001874 0.000004 0.295812 2.955645 -0.559959
14 -0.451691 1.213947 -0.058023 -1.434995 0.151216 0.018951
15 -0.000003 0.000000 -0.000000 0.059386 0.467012 -1.153234
16 0.000000 0.963855 -0.000000 0.013348 0.044450 -0.005489
17 -0.000000 0.632003 -0.000000 0.553895 2.241784 -0.331889
18 -0.126650 0.620188 -0.039312 -1.649072 0.166160 -0.011484
19 0.000001 0.000000 -0.000001 0.028769 0.491640 -1.321781
20 0.000000 1.208234 0.000000 -0.121338 -0.236384 0.243806
21 -0.000001 0.763066 0.000002 0.447465 2.949254 -0.533165
22 -0.000001 -0.000000 0.000000 -1.691855 0.160586 -0.074781
23 -0.000000 0.000000 -0.000000 0.113639 0.954374 -1.417464
24 -0.000001 1.250580 -0.000001 -0.503006 -0.675704 0.620051
25 -0.000001 0.932633 0.000000 0.432193 3.087004 -0.596076
26 -0.093761 -0.657728 0.062873 -1.705938 0.157701 -0.095658
27 -0.000001 -0.000001 -0.000000 0.555325 0.055548 -1.477625
28 -0.000001 1.280974 -0.000000 -0.015696 -0.035747 0.294238
29 -0.000001 0.749375 -0.000000 0.493861 -3.025271 -0.462269
30 -0.000000 8.563282 -0.000001 0.081751 -0.413067 -0.090180
31 0.000000 -0.000000 0.000000 0.000000 0.000004 -0.000000
32 -4.654183 -1.415280 6.902198 -0.825666 2.576106 -0.000002
33 -0.000001 0.000000 -0.000000 -1.478245 0.544216 -0.595493
34 -0.000000 8.543638 0.000001 2.181800 0.000001 1.570796
35 0.000001 -0.000000 0.000000 -1.092887 0.038490 -0.050734
36 -0.000000 -0.000000 -0.000001 -0.072003 2.371515 -2.208634
37 -0.000000 3.013525 -0.000001 -2.404103 -0.000002 1.570796
38 -2.659012 0.316089 -0.314420 -3.083486 0.263055 -0.047496
39 -0.000000 -0.000001 0.000001 -1.103804 -2.198186 -1.053101
40 0.000005 1.978482 0.000008 0.856490 -0.393698 -0.603067
41 -0.000002 0.982428 -0.000005 0.141910 -0.491004 0.033566
42 -0.089257 0.659884 0.067214 1.657580 0.268133 -0.033754
43 0.498185 -0.076230 0.714167 0.611757 -0.006689 -1.616449
44 -0.000000 1.292970 -0.000002 -0.003040 0.004522 -0.355976
45 -0.000000 0.752467 0.000000 -0.200927 0.245474 -0.490082
46 0.000001 0.000000 0.000000 1.671850 0.269475 -0.049573
47 0.156321 0.062373 0.322261 0.028257 -0.311786 -1.946862
48 0.000000 1.261223 -0.000002 -0.073257 0.115192 -0.226980
49 -0.000001 0.943234 -0.000001 -0.037750 -0.046925 -0.441089
50 -0.108524 -0.607961 -0.044204 1.694999 0.265808 -0.017787
51 0.006729 -0.037598 0.006616 0.086030 -0.461219 -1.908696
52 0.000001 1.208371 0.000000 -0.072983 0.086798 -0.143695
53 0.000000 0.741941 0.000001 -0.115488 0.117750 -0.144179
54 -0.479802 -1.191700 -0.061834 1.597265 0.268012 0.032301
55 0.000001 0.000001 0.000000 0.122750 -0.630962 -2.010610
56 0.000001 0.996221 -0.000000 -0.147432 0.172378 -0.138182
57 0.000001 0.614691 0.000000 -0.070240 0.335468 0.056969
58 -0.000000 8.543638 0.000001 0.114853 -0.476246 -0.111333
59 0.000000 0.000000 0.000000 -0.000000 -0.000003 0.000000
60 0.484987 -2.285052 2.432110 1.781177 1.953382 0.580113
61 -0.000000 0.216537 0.000000 -1.145537 0.163834 0.226496
62 0.122706 11.211333 -3.790611 0.000694 -0.000000 -3.141593
63 0.000003 16.673237 -0.000000 0.134985 3.141593 -0.000000
64 -0.000003 15.595435 -0.000002 0.206686 0.000000 0.000000
65 -0.000001 14.075077 0.000000 0.325394 0.000000 -0.000000
66 -0.000003 13.425276 -0.000003 0.434239 -0.000000 0.000000
time 15
0 -4.770313 -17.804712 -8.518756 1.570796 -0.000000 0.000000
1 4.771459 -5.564794 3.605348 -0.000128 0.087794 -1.384492
2 0.000000 -0.000002 -0.000000 1.570796 -0.000000 0.000000
3 -0.056707 0.000001 -3.094907 -0.000000 -0.000000 0.000000
4 6.833632 1.302324 6.671466 -0.825666 2.576106 -0.000002
5 1.140234 -6.856876 -7.975102 -1.093459 0.073921 1.238206
6 -0.000000 8.563283 0.000000 -2.463579 0.000002 1.570792
7 0.000000 -0.000000 -0.000000 -2.704896 -0.442717 1.336377
8 0.000000 -0.000000 0.000001 -1.473221 1.244480 -1.901159
9 0.000001 3.026591 0.000000 -2.054582 -0.000004 1.570799
10 -2.657336 -0.365571 -0.324766 -3.073150 0.182981 -0.062497
11 0.000002 -0.000000 0.000000 0.276356 0.485162 -0.714810
12 0.000006 1.887215 0.000026 0.194352 0.472350 -0.227124
13 -0.000008 1.001875 0.000005 0.295812 2.955646 -0.559958
14 -0.451689 1.213947 -0.058023 -1.434995 0.151216 0.018951
15 0.000001 0.000001 0.000001 0.059385 0.467012 -1.153234
16 -0.000001 0.963853 0.000001 0.013348 0.044450 -0.005489
17 0.000001 0.632000 0.000000 0.553895 2.241784 -0.331889
18 -0.126646 0.620188 -0.039314 -1.649072 0.166160 -0.011484
19 -0.000003 0.000000 -0.000001 0.028769 0.491640 -1.321781
20 -0.000001 1.208235 0.000001 -0.121337 -0.236384 0.243805
21 -0.000000 0.763064 -0.000000 0.447465 2.949253 -0.533165
22 0.000002 -0.000000 -0.000001 -1.691855 0.160586 -0.074781
23 -0.000001 0.000000 0.000001 0.113638 0.954374 -1.417464
24 0.000001 1.250580 0.000000 -0.503006 -0.675705 0.620051
25 -0.000001 0.932633 0.000000 0.432193 3.087004 -0.596076
26 -0.093758 -0.657728 0.062873 -1.705938 0.157701 -0.095658
27 0.000001 0.000001 0.000001 0.555325 0.055548 -1.477625
28 -0.000002 1.280977 -0.000001 -0.015696 -0.035747 0.294238
29 0.000001 0.749373 -0.000000 0.493861 -3.025271 -0.462269
30 -0.000000 8.563283 0.000000 0.081751 -0.413067 -0.090180
31 -0.000000 -0.000000 0.000000 0.000000 0.000004 0.000000
32 -4.654183 -1.415280 6.902198 -0.825666 2.576106 -0.000002
33 -0.000001 0.000000 -0.000000 -1.511038 0.531357 -0.613431
34 -0.000001 8.543637 0.000001 2.181800 0.000001 1.570796
35 -0.000000 -0.000000 0.000001 -1.092887 0.038490 -0.050735
36 0.000001 0.000000 0.000000 -0.061429 2.372699 -2.232706
37 -0.000000 3.013526 -0.000001 -2.404103 -0.000001 1.570796
38 -2.659013 0.316090 -0.314419 -3.083486 0.263055 -0.047495
39 0.000000 0.000001 0.000000 -1.103804 -2.198186 -1.053100
40 0.000004 1.978482 0.000009 0.856490 -0.393698 -0.603067
41 -0.000002 0.982429 -0.000004 0.141910 -0.491004 0.033567
42 -0.089258 0.659884 0.067215 1.657580 0.268134 -0.033754
43 0.498185 -0.076229 0.714168 0.611757 -0.006690 -1.616449
44 0.000001 1.292970 0.000000 -0.003040 0.004522 -0.355976
45 -0.000000 0.752467 -0.000001 -0.200927 0.245474 -0.490082
46 -0.000000 0.000000 0.000001 1.671850 0.269475 -0.049573
47 0.156322 0.062374 0.322260 0.028257 -0.311786 -1.946862
48 0.000000 1.261223 0.000000 -0.073257 0.115192 -0.226980
49 -0.000001 0.943234 0.000000 -0.037750 -0.046925 -0.441089
50 -0.108525 -0.607961 -0.044203 1.694999 0.265808 -0.017787
51 0.006730 -0.037597 0.006616 0.086030 -0.461219 -1.908696
52 0.000000 1.208372 0.000001 -0.072983 0.086798 -0.143695
53 0.000001 0.741942 -0.000000 -0.115488 0.117750 -0.144179
54 -0.479803 -1.191699 -0.061833 1.597265 0.268013 0.032301
55 -0.000000 -0.000000 0.000000 0.122750 -0.630962 -2.010609
56 -0.000001 0.996224 -0.000000 -0.147432 0.172378 -0.138183
57 0.000000 0.614692 -0.000000 -0.070240 0.335467 0.056969
58 -0.000001 8.543637 0.000001 0.114853 -0.476246 -0.111333
59 0.000000 -0.000001 -0.000000 -0.000000 -0.000003 -0.000000
60 0.525728 -2.305749 2.426408 1.910753 1.973200 0.668488
61 -0.000000 0.216537 0.000000 -1.199961 0.170697 0.231284
62 0.122706 11.211333 -3.790611 0.000694 -0.000000 -3.141593
63 0.000003 16.673237 -0.000002 0.140759 3.141593 0.000000
64 -0.000001 15.595430 0.000003 0.220683 0.000000 -0.000000
65 -0.000002 14.075071 -0.000003 0.344838 -0.000000 0.000000
66 0.000001 13.425275 -0.000004 0.460052 0.000000 -0.000000
time 16
0 -4.770313 -17.804712 -8.518756 1.570796 -0.000000 0.000000
1 4.771459 -5.564794 3.605348 -0.000128 0.087794 -1.384492
2 0.000000 -0.000002 -0.000000 1.570796 -0.000000 0.000000
3 -0.056707 0.000001 -3.094907 -0.000000 -0.000000 0.000000
4 6.833632 1.302324 6.671466 -0.825666 2.576106 -0.000002
5 1.140234 -6.856876 -7.975102 -1.105990 0.074042 1.250992
6 -0.000000 8.563281 -0.000001 -2.463579 0.000002 1.570793
7 -0.000001 -0.000000 0.000001 -2.704896 -0.442717 1.336377
8 -0.000000 -0.000000 -0.000002 -1.484303 1.246152 -1.924204
9 -0.000000 3.026593 0.000000 -2.054582 -0.000004 1.570799
10 -2.657337 -0.365571 -0.324763 -3.073150 0.182981 -0.062497
11 0.000003 0.000000 0.000000 0.276356 0.485162 -0.714810
12 0.000005 1.887214 0.000024 0.194352 0.472349 -0.227124
13 -0.000009 1.001873 0.000006 0.295812 2.955646 -0.559959
14 -0.451689 1.213947 -0.058023 -1.434995 0.151216 0.018951
15 -0.000000 -0.000001 0.000000 0.059386 0.467012 -1.153234
16 -0.000002 0.963854 -0.000000 0.013349 0.044450 -0.005489
17 -0.000001 0.632001 0.000000 0.553895 2.241784 -0.331889
18 -0.126645 0.620188 -0.039313 -1.649072 0.166160 -0.011484
19 -0.000001 0.000000 -0.000001 0.028769 0.491640 -1.321781
20 0.000000 1.208234 0.000001 -0.121337 -0.236385 0.243805
21 -0.000001 0.763067 -0.000000 0.447465 2.949254 -0.533165
22 0.000003 0.000000 -0.000000 -1.691855 0.160586 -0.074781
23 -0.000002 -0.000002 -0.000000 0.113639 0.954374 -1.417464
24 -0.000000 1.250579 0.000000 -0.503006 -0.675705 0.620051
25 -0.000000 0.932633 -0.000001 0.432194 3.087004 -0.596076
26 -0.093758 -0.657728 0.062875 -1.705938 0.157701 -0.095658
27 0.000001 0.000001 0.000000 0.555325 0.055548 -1.477625
28 0.000001 1.280975 -0.000000 -0.015696 -0.035747 0.294238
29 -0.000001 0.749374 -0.000000 0.493861 -3.025271 -0.462269
30 -0.000000 8.563281 -0.000001 0.081751 -0.413067 -0.090180
31 0.000001 -0.000001 0.000000 0.000000 0.000004 -0.000000
32 -4.654183 -1.415280 6.902198 -0.825666 2.576106 -0.000002
33 -0.000001 0.000000 -0.000000 -1.540997 0.518843 -0.630272
34 0.000001 8.543636 0.000000 2.181800 0.000001 1.570796
35 0.000000 0.000000 0.000000 -1.092888 0.038490 -0.050735
36 0.000001 -0.000000 0.000001 -0.051637 2.373863 -2.255939
37 0.000000 3.013525 -0.000000 -2.404103 -0.000001 1.570796
38 -2.659011 0.316090 -0.314420 -3.083486 0.263055 -0.047495
39 0.000000 -0.000000 0.000000 -1.103804 -2.198186 -1.053100
40 0.000006 1.978483 0.000008 0.856490 -0.393698 -0.603067
41 -0.000003 0.982429 -0.000005 0.141910 -0.491004 0.033567
42 -0.089256 0.659883 0.067214 1.657580 0.268134 -0.033754
43 0.498185 -0.076230 0.714165 0.611758 -0.006689 -1.616449
44 -0.000000 1.292970 -0.000001 -0.003040 0.004522 -0.355976
45 0.000000 0.752466 -0.000001 -0.200927 0.245474 -0.490082
46 0.000001 -0.000000 -0.000001 1.671850 0.269475 -0.049573
47 0.156322 0.062373 0.322260 0.028257 -0.311786 -1.946862
48 -0.000001 1.261222 0.000001 -0.073257 0.115192 -0.226980
49 0.000000 0.943233 0.000001 -0.037750 -0.046925 -0.441089
50 -0.108523 -0.607962 -0.044204 1.694999 0.265808 -0.017787
51 0.006729 -0.037598 0.006616 0.086030 -0.461219 -1.908696
52 0.000000 1.208372 0.000000 -0.072983 0.086798 -0.143695
53 -0.000001 0.741943 0.000001 -0.115488 0.117750 -0.144179
54 -0.479802 -1.191700 -0.061835 1.597265 0.268013 0.032300
55 0.000001 0.000001 -0.000001 0.122750 -0.630962 -2.010609
56 0.000000 0.996223 -0.000001 -0.147432 0.172378 -0.138182
57 0.000002 0.614692 0.000001 -0.070240 0.335468 0.056969
58 0.000001 8.543636 0.000000 0.114853 -0.476246 -0.111333
59 0.000000 -0.000001 0.000000 -0.000000 -0.000003 -0.000000
60 0.559269 -2.328583 2.431203 -1.117789 1.146554 -2.398745
61 -0.000000 0.216537 0.000000 -1.250660 0.176976 0.235703
62 0.122706 11.211333 -3.790611 0.000694 -0.000000 -3.141593
63 0.000002 16.673233 -0.000000 0.145732 3.141593 0.000000
64 -0.000001 15.595430 -0.000002 0.233272 0.000000 -0.000000
65 -0.000002 14.075068 -0.000002 0.362068 -0.000000 0.000000
66 0.000000 13.425276 -0.000001 0.482932 -0.000000 0.000000
time 17
0 -4.770313 -17.804712 -8.518756 1.570796 -0.000000 0.000000
1 4.771459 -5.564794 3.605348 -0.000128 0.087794 -1.384492
2 0.000000 -0.000002 -0.000000 1.570796 -0.000000 0.000000
3 -0.056707 0.000001 -3.094907 -0.000000 -0.000000 0.000000
4 6.833632 1.302324 6.671466 -0.825666 2.576106 -0.000002
5 1.140234 -6.856876 -7.975102 -1.119982 0.074366 1.265270
6 -0.000000 8.563281 -0.000002 -2.463579 0.000002 1.570793
7 0.000001 0.000000 -0.000001 -2.704896 -0.442717 1.336377
8 -0.000001 -0.000000 -0.000000 -1.496876 1.247922 -1.950133
9 0.000001 3.026593 -0.000000 -2.054582 -0.000004 1.570799
10 -2.657338 -0.365570 -0.324762 -3.073150 0.182981 -0.062497
11 0.000000 0.000000 -0.000000 0.276356 0.485162 -0.714809
12 0.000004 1.887214 0.000024 0.194352 0.472350 -0.227124
13 -0.000010 1.001873 0.000004 0.295812 2.955646 -0.559958
14 -0.451692 1.213948 -0.058021 -1.434995 0.151216 0.018950
15 0.000000 0.000000 -0.000001 0.059386 0.467012 -1.153234
16 0.000000 0.963853 0.000000 0.013348 0.044450 -0.005489
17 -0.000000 0.632002 0.000000 0.553895 2.241784 -0.331889
18 -0.126648 0.620189 -0.039312 -1.649072 0.166160 -0.011484
19 -0.000001 -0.000001 0.000001 0.028769 0.491640 -1.321781
20 -0.000001 1.208234 -0.000000 -0.121338 -0.236384 0.243805
21 -0.000000 0.763066 -0.000000 0.447465 2.949253 -0.533165
22 0.000001 0.000001 0.000001 -1.691855 0.160586 -0.074781
23 0.000002 0.000000 0.000001 0.113639 0.954374 -1.417464
24 0.000001 1.250580 0.000001 -0.503006 -0.675705 0.620051
25 -0.000000 0.932633 -0.000000 0.432193 3.087004 -0.596076
26 -0.093759 -0.657727 0.062875 -1.705938 0.157701 -0.095658
27 0.000001 -0.000000 -0.000000 0.555325 0.055547 -1.477625
28 0.000001 1.280973 -0.000000 -0.015696 -0.035747 0.294238
29 0.000002 0.749375 0.000000 0.493861 -3.025271 -0.462269
30 -0.000000 8.563281 -0.000002 0.081751 -0.413067 -0.090180
31 -0.000001 0.000002 -0.000000 -0.000000 0.000004 0.000000
32 -4.654183 -1.415280 6.902198 -0.825666 2.576106 -0.000002
33 -0.000001 0.000000 -0.000000 -1.568178 0.506800 -0.645978
34 -0.000000 8.543636 0.000001 2.181800 0.000001 1.570796
35 0.000000 -0.000000 -0.000001 -1.092888 0.038490 -0.050735
36 0.000001 0.000001 -0.000001 -0.042603 2.375040 -2.278123
37 0.000000 3.013527 -0.000002 -2.404103 -0.000001 1.570796
38 -2.659014 0.316088 -0.314421 -3.083486 0.263055 -0.047495
39 0.000000 -0.000001 0.000000 -1.103804 -2.198186 -1.053100
40 0.000005 1.978482 0.000008 0.856490 -0.393698 -0.603067
41 0.000000 0.982429 -0.000004 0.141910 -0.491004 0.033566
42 -0.089258 0.659884 0.067213 1.657580 0.268133 -0.033754
43 0.498185 -0.076230 0.714166 0.611757 -0.006690 -1.616449
44 0.000001 1.292970 0.000001 -0.003040 0.004522 -0.355976
45 0.000000 0.752466 -0.000000 -0.200927 0.245474 -0.490082
46 -0.000001 -0.000001 -0.000001 1.671850 0.269475 -0.049573
47 0.156322 0.062375 0.322260 0.028256 -0.311786 -1.946862
48 -0.000001 1.261223 0.000000 -0.073257 0.115192 -0.226980
49 -0.000000 0.943233 0.000000 -0.037750 -0.046925 -0.441089
50 -0.108526 -0.607962 -0.044204 1.694999 0.265808 -0.017787
51 0.006729 -0.037598 0.006616 0.086030 -0.461219 -1.908696
52 0.000000 1.208371 -0.000001 -0.072983 0.086798 -0.143695
53 -0.000001 0.741942 0.000000 -0.115488 0.117750 -0.144179
54 -0.479803 -1.191701 -0.061835 1.597265 0.268012 0.032300
55 -0.000000 -0.000000 0.000000 0.122750 -0.630962 -2.010610
56 -0.000002 0.996223 0.000001 -0.147432 0.172378 -0.138182
57 0.000000 0.614692 0.000001 -0.070240 0.335468 0.056970
58 -0.000000 8.543636 0.000001 0.114853 -0.476246 -0.111333
59 0.000000 -0.000001 0.000001 0.000000 -0.000003 0.000000
60 0.586146 -2.351820 2.444828 -1.019735 1.123773 -2.336753
61 -0.000000 0.216537 0.000000 -1.297593 0.182682 0.239783
62 0.122706 11.211333 -3.790611 0.000694 -0.000000 -3.141593
63 0.000002 16.673231 -0.000002 0.149964 3.141593 -0.000000
64 -0.000002 15.595428 0.000001 0.244513 0.000000 -0.000000
65 -0.000002 14.075077 0.000001 0.377221 -0.000000 0.000000
66 0.000000 13.425271 0.000002 0.503088 0.000000 -0.000000
time 18
0 -4.770313 -17.804712 -8.518756 1.570796 -0.000000 0.000000
1 4.771459 -5.564794 3.605348 -0.000128 0.087794 -1.384492
2 0.000000 -0.000002 -0.000000 1.570796 -0.000000 0.000000
3 -0.056707 0.000001 -3.094907 -0.000000 -0.000000 0.000000
4 6.833632 1.302324 6.671466 -0.825666 2.576106 -0.000002
5 1.140234 -6.856876 -7.975102 -1.134946 0.074933 1.280540
6 -0.000000 8.563282 -0.000002 -2.463579 0.000002 1.570792
7 0.000000 0.000000 0.000000 -2.704896 -0.442717 1.336377
8 -0.000000 -0.000002 -0.000000 1.631038 1.891893 1.163501
9 -0.000000 3.026590 0.000000 -2.054582 -0.000004 1.570799
10 -2.657338 -0.365570 -0.324766 -3.073151 0.182981 -0.062497
11 0.000001 -0.000001 -0.000000 0.276356 0.485162 -0.714809
12 0.000006 1.887213 0.000027 0.194352 0.472349 -0.227124
13 -0.000009 1.001873 0.000004 0.295812 2.955646 -0.559958
14 -0.451691 1.213947 -0.058023 -1.434995 0.151216 0.018951
15 -0.000002 -0.000001 -0.000000 0.059386 0.467012 -1.153234
16 0.000000 0.963852 -0.000001 0.013348 0.044450 -0.005489
17 -0.000000 0.632003 0.000000 0.553895 2.241784 -0.331889
18 -0.126649 0.620189 -0.039314 -1.649072 0.166160 -0.011484
19 0.000001 -0.000002 -0.000000 0.028769 0.491640 -1.321781
20 -0.000001 1.208232 0.000000 -0.121338 -0.236384 0.243805
21 -0.000001 0.763069 -0.000002 0.447465 2.949254 -0.533165
22 0.000000 -0.000000 -0.000001 -1.691855 0.160586 -0.074781
23 0.000001 0.000001 0.000001 0.113639 0.954374 -1.417464
24 0.000000 1.250581 0.000001 -0.503006 -0.675704 0.620051
25 -0.000002 0.932631 0.000001 0.432193 3.087004 -0.596076
26 -0.093759 -0.657727 0.062873 -1.705938 0.157701 -0.095658
27 -0.000001 0.000001 0.000001 0.555325 0.055547 -1.477626
28 -0.000002 1.280975 -0.000000 -0.015696 -0.035747 0.294238
29 0.000000 0.749373 -0.000000 0.493861 -3.025271 -0.462269
30 -0.000000 8.563282 -0.000002 0.081751 -0.413067 -0.090180
31 -0.000001 -0.000001 0.000000 -0.000000 0.000004 -0.000000
32 -4.654183 -1.415280 6.902198 -0.825666 2.576106 -0.000002
33 -0.000001 0.000000 -0.000000 -1.592636 0.495356 -0.660507
34 0.000001 8.543636 0.000000 2.181800 0.000001 1.570796
35 -0.000000 0.000000 0.000000 -1.092887 0.038490 -0.050735
36 0.000000 0.000000 -0.000000 -0.034308 2.376268 -2.299046
37 -0.000001 3.013525 -0.000001 -2.404103 -0.000002 1.570796
38 -2.659011 0.316089 -0.314419 -3.083486 0.263055 -0.047495
39 0.000000 0.000000 -0.000001 -1.103805 -2.198186 -1.053100
40 0.000005 1.978482 0.000008 0.856490 -0.393698 -0.603066
41 0.000000 0.982429 -0.000003 0.141910 -0.491004 0.033566
42 -0.089257 0.659883 0.067214 1.657580 0.268134 -0.033754
43 0.498184 -0.076231 0.714164 0.611757 -0.006690 -1.616449
44 -0.000001 1.292970 -0.000001 -0.003040 0.004522 -0.355976
45 0.000000 0.752466 0.000000 -0.200927 0.245474 -0.490082
46 0.000000 0.000000 0.000000 1.671850 0.269475 -0.049572
47 0.156322 0.062374 0.322259 0.028257 -0.311786 -1.946862
48 -0.000000 1.261224 0.000001 -0.073257 0.115192 -0.226980
49 -0.000001 0.943234 0.000000 -0.037750 -0.046925 -0.441089
50 -0.108524 -0.607961 -0.044203 1.694999 0.265808 -0.017787
51 0.006729 -0.037597 0.006616 0.086030 -0.461219 -1.908696
52 -0.000000 1.208371 0.000001 -0.072983 0.086798 -0.143695
53 0.000000 0.741943 -0.000000 -0.115488 0.117750 -0.144179
54 -0.479802 -1.191700 -0.061833 1.597265 0.268013 0.032300
55 -0.000000 0.000000 0.000000 0.122750 -0.630962 -2.010609
56 -0.000000 0.996223 0.000001 -0.147432 0.172378 -0.138182
57 0.000000 0.614691 0.000000 -0.070240 0.335468 0.056970
58 0.000001 8.543636 0.000000 0.114853 -0.476246 -0.111333
59 -0.000001 -0.000001 0.000000 -0.000000 -0.000003 -0.000000
60 0.606964 -2.374075 2.465509 -0.934990 1.100943 -2.285316
61 -0.000000 0.216537 0.000000 -1.340696 0.187823 0.243544
62 0.122706 11.211333 -3.790611 0.000694 -0.000000 -3.141593
63 0.000003 16.673235 -0.000000 0.153514 3.141593 -0.000000
64 -0.000002 15.595430 0.000005 0.254462 0.000000 -0.000000
65 -0.000004 14.075073 -0.000000 0.390437 -0.000000 0.000000
66 0.000001 13.425270 -0.000001 0.520727 0.000000 -0.000000
time 19
0 -4.770313 -17.804712 -8.518756 1.570796 -0.000000 0.000000
1 4.771459 -5.564794 3.605348 -0.000128 0.087794 -1.384492
2 0.000000 -0.000002 -0.000000 1.570796 -0.000000 0.000000
3 -0.056707 0.000001 -3.094907 -0.000000 -0.000000 0.000000
4 6.833632 1.302324 6.671466 -0.825666 2.576106 -0.000002
5 1.140234 -6.856876 -7.975102 -1.150389 0.075758 1.296299
6 0.000001 8.563283 -0.000001 -2.463579 0.000002 1.570793
7 -0.000002 -0.000000 0.000002 -2.704896 -0.442717 1.336377
8 -0.000000 -0.000001 -0.000001 1.616680 1.890186 1.134402
9 0.000001 3.026593 -0.000000 -2.054581 -0.000004 1.570799
10 -2.657336 -0.365572 -0.324763 -3.073151 0.182981 -0.062498
11 0.000002 -0.000001 -0.000001 0.276356 0.485162 -0.714809
12 0.000002 1.887212 0.000025 0.194352 0.472349 -0.227125
13 -0.000009 1.001874 0.000004 0.295812 2.955646 -0.559958
14 -0.451689 1.213946 -0.058021 -1.434995 0.151216 0.018951
15 -0.000001 -0.000000 0.000000 0.059385 0.467012 -1.153234
16 0.000000 0.963854 0.000002 0.013348 0.044450 -0.005489
17 -0.000001 0.632000 0.000000 0.553895 2.241783 -0.331889
18 -0.126645 0.620188 -0.039312 -1.649072 0.166160 -0.011484
19 0.000001 0.000003 -0.000001 0.028769 0.491640 -1.321781
20 -0.000000 1.208234 0.000001 -0.121337 -0.236384 0.243805
21 0.000001 0.763067 -0.000001 0.447465 2.949253 -0.533165
22 0.000003 -0.000001 0.000001 -1.691855 0.160586 -0.074781
23 -0.000000 -0.000001 -0.000000 0.113638 0.954374 -1.417464
24 0.000001 1.250581 -0.000000 -0.503006 -0.675705 0.620051
25 0.000001 0.932633 -0.000001 0.432194 3.087004 -0.596076
26 -0.093757 -0.657729 0.062875 -1.705938 0.157701 -0.095658
27 -0.000000 0.000001 -0.000000 0.555325 0.055548 -1.477626
28 0.000000 1.280976 -0.000000 -0.015696 -0.035747 0.294238
29 -0.000000 0.749373 0.000000 0.493861 -3.025271 -0.462269
30 0.000001 8.563283 -0.000001 0.081751 -0.413067 -0.090180
31 -0.000001 -0.000000 -0.000000 -0.000000 0.000004 0.000000
32 -4.654183 -1.415280 6.902198 -0.825666 2.576106 -0.000002
33 -0.000001 0.000000 -0.000000 -1.614417 0.484636 -0.673816
34 0.000000 8.543638 0.000001 2.181800 0.000001 1.570796
35 -0.000001 -0.000000 -0.000000 -1.092888 0.038490 -0.050735
36 -0.000001 0.000000 0.000000 3.114865 0.764011 0.823099
37 -0.000001 3.013526 -0.000000 -2.404103 -0.000001 1.570796
38 -2.659013 0.316090 -0.314420 -3.083487 0.263055 -0.047495
39 0.000000 0.000001 0.000000 -1.103805 -2.198186 -1.053100
40 0.000004 1.978482 0.000009 0.856490 -0.393698 -0.603066
41 -0.000002 0.982430 -0.000006 0.141910 -0.491004 0.033567
42 -0.089257 0.659884 0.067213 1.657580 0.268134 -0.033754
43 0.498185 -0.076229 0.714167 0.611757 -0.006690 -1.616449
44 -0.000000 1.292969 -0.000001 -0.003040 0.004522 -0.355976
45 -0.000000 0.752466 -0.000001 -0.200927 0.245474 -0.490082
46 0.000000 0.000000 0.000000 1.671850 0.269475 -0.049573
47 0.156321 0.062373 0.322258 0.028257 -0.311786 -1.946862
48 -0.000000 1.261222 0.000001 -0.073257 0.115192 -0.226980
49 0.000000 0.943234 0.000001 -0.037750 -0.046925 -0.441089
50 -0.108525 -0.607962 -0.044203 1.694999 0.265808 -0.017787
51 0.006730 -0.037597 0.006617 0.086030 -0.461219 -1.908696
52 -0.000000 1.208373 -0.000001 -0.072983 0.086798 -0.143695
53 0.000001 0.741941 -0.000000 -0.115488 0.117750 -0.144179
54 -0.479802 -1.191701 -0.061834 1.597265 0.268012 0.032300
55 -0.000000 -0.000000 0.000000 0.122750 -0.630962 -2.010609
56 0.000000 0.996223 0.000001 -0.147432 0.172378 -0.138182
57 0.000000 0.614691 -0.000000 -0.070240 0.335468 0.056969
58 0.000000 8.543638 0.000001 0.114853 -0.476246 -0.111333
59 0.000000 0.000000 -0.000000 0.000000 -0.000003 -0.000000
60 0.622375 -2.394303 2.491425 -0.861969 1.078798 -2.242713
61 -0.000000 0.216537 0.000000 -1.379880 0.192407 0.246997
62 0.122706 11.211333 -3.790611 0.000694 -0.000000 -3.141593
63 0.000002 16.673235 -0.000001 0.156443 3.141593 -0.000000
64 -0.000002 15.595428 -0.000001 0.263178 0.000000 -0.000000
65 -0.000002 14.075075 0.000000 0.401854 -0.000000 0.000000
66 -0.000001 13.425277 -0.000005 0.536055 -0.000000 0.000000
time 20
0 -4.770313 -17.804712 -8.518756 1.570796 -0.000000 0.000000
1 4.771459 -5.564794 3.605348 -0.000128 0.087794 -1.384492
2 0.000000 -0.000002 -0.000000 1.570796 -0.000000 0.000000
3 -0.056707 0.000001 -3.094907 -0.000000 -0.000000 0.000000
4 6.833632 1.302324 6.671466 -0.825666 2.576106 -0.000002
5 1.140234 -6.856876 -7.975102 -1.165818 0.076825 1.312044
6 0.000001 8.563285 -0.000001 -2.463579 0.000002 1.570792
7 0.000001 0.000000 0.000000 -2.704896 -0.442717 1.336377
8 0.000000 -0.000000 -0.000000 1.602098 1.888612 1.105082
9 0.000000 3.026593 0.000000 -2.054582 -0.000004 1.570799
10 -2.657341 -0.365570 -0.324763 -3.073151 0.182981 -0.062498
11 0.000003 -0.000001 -0.000001 0.276356 0.485162 -0.714809
12 0.000004 1.887212 0.000025 0.194352 0.472349 -0.227125
13 -0.000009 1.001873 0.000003 0.295812 2.955646 -0.559958
14 -0.451694 1.213948 -0.058021 -1.434995 0.151216 0.018951
15 0.000001 -0.000002 0.000001 0.059385 0.467012 -1.153234
16 -0.000000 0.963852 -0.000001 0.013348 0.044450 -0.005489
17 0.000000 0.632002 0.000000 0.553895 2.241784 -0.331889
18 -0.126649 0.620189 -0.039313 -1.649072 0.166160 -0.011484
19 0.000001 -0.000000 -0.000002 0.028769 0.491640 -1.321781
20 0.000000 1.208235 -0.000000 -0.121337 -0.236384 0.243805
21 -0.000000 0.763065 -0.000000 0.447465 2.949254 -0.533165
22 -0.000001 0.000000 -0.000000 -1.691855 0.160586 -0.074781
23 0.000001 -0.000000 0.000000 0.113639 0.954374 -1.417464
24 0.000002 1.250578 -0.000000 -0.503006 -0.675705 0.620051
25 0.000000 0.932635 -0.000002 0.432193 3.087004 -0.596076
26 -0.093760 -0.657727 0.062874 -1.705938 0.157701 -0.095658
27 -0.000000 -0.000000 -0.000001 0.555325 0.055548 -1.477625
28 -0.000001 1.280977 0.000000 -0.015696 -0.035747 0.294238
29 0.000000 0.749372 -0.000000 0.493861 -3.025271 -0.462269
30 0.000001 8.563285 -0.000001 0.081751 -0.413067 -0.090180
31 -0.000001 0.000001 -0.000000 -0.000000 0.000004 0.000000
32 -4.654183 -1.415280 6.902198 -0.825666 2.576106 -0.000002
33 -0.000001 0.000000 -0.000000 -1.633565 0.474765 -0.685853
34 -0.000000 8.543638 0.000000 2.181800 0.000001 1.570796
35 0.000001 -0.000000 0.000000 -1.092887 0.038490 -0.050735
36 -0.000002 -0.000000 -0.000000 3.121748 0.762574 0.805341
37 -0.000001 3.013527 -0.000001 -2.404103 -0.000001 1.570796
38 -2.659013 0.316089 -0.314420 -3.083487 0.263055 -0.047495
39 0.000000 0.000001 -0.000000 -1.103805 -2.198186 -1.053099
40 0.000005 1.978482 0.000008 0.856490 -0.393698 -0.603066
41 -0.000002 0.982429 -0.000005 0.141910 -0.491004 0.033566
42 -0.089257 0.659883 0.067214 1.657580 0.268134 -0.033754
43 0.498184 -0.076230 0.714166 0.611758 -0.006690 -1.616449
44 0.000001 1.292970 -0.000002 -0.003040 0.004522 -0.355976
45 0.000000 0.752466 0.000000 -0.200927 0.245474 -0.490082
46 0.000001 -0.000001 0.000000 1.671850 0.269475 -0.049572
47 0.156321 0.062375 0.322260 0.028257 -0.311786 -1.946862
48 0.000002 1.261224 -0.000000 -0.073257 0.115192 -0.226980
49 -0.000000 0.943233 -0.000000 -0.037750 -0.046925 -0.441089
50 -0.108525 -0.607962 -0.044203 1.694999 0.265808 -0.017787
51 0.006729 -0.037598 0.006615 0.086030 -0.461219 -1.908696
52 -0.000000 1.208372 -0.000000 -0.072983 0.086798 -0.143695
53 0.000000 0.741941 -0.000001 -0.115488 0.117750 -0.144179
54 -0.479803 -1.191701 -0.061834 1.597265 0.268012 0.032300
55 0.000000 0.000000 -0.000000 0.122750 -0.630962 -2.010609
56 -0.000000 0.996222 0.000000 -0.147432 0.172378 -0.138182
57 0.000000 0.614691 -0.000001 -0.070240 0.335468 0.056969
58 -0.000000 8.543638 0.000000 0.114853 -0.476246 -0.111333
59 0.000000 0.000001 0.000000 0.000000 -0.000003 -0.000000
60 0.633049 -2.411781 2.520738 -0.799308 1.057947 -2.207439
61 -0.000000 0.216537 0.000000 -1.415038 0.196440 0.250141
62 0.122706 11.211333 -3.790611 0.000694 -0.000000 -3.141593
63 0.000003 16.673233 0.000001 0.158810 3.141593 0.000000
64 -0.000003 15.595428 -0.000002 0.270718 0.000000 -0.000000
65 -0.000002 14.075069 -0.000000 0.411608 -0.000000 0.000000
66 0.000000 13.425268 -0.000000 0.549275 0.000000 -0.000000
time 21
0 -4.770313 -17.804712 -8.518756 1.570796 -0.000000 0.000000
1 4.771459 -5.564794 3.605348 -0.000128 0.087794 -1.384492
2 0.000000 -0.000002 -0.000000 1.570796 -0.000000 0.000000
3 -0.056707 0.000001 -3.094907 -0.000000 -0.000000 0.000000
4 6.833632 1.302324 6.671466 -0.825666 2.576106 -0.000002
5 1.140234 -6.856876 -7.975102 -1.180742 0.078089 1.327275
6 -0.000001 8.563283 -0.000000 -2.463579 0.000002 1.570792
7 -0.000001 -0.000000 -0.000000 -2.704896 -0.442717 1.336377
8 0.000001 -0.000000 -0.000001 1.587776 1.887216 1.076491
9 0.000000 3.026592 -0.000000 -2.054582 -0.000004 1.570799
10 -2.657341 -0.365570 -0.324763 -3.073151 0.182981 -0.062498
11 -0.000000 0.000000 0.000000 0.276356 0.485161 -0.714808
12 0.000005 1.887213 0.000026 0.194352 0.472349 -0.227125
13 -0.000009 1.001873 0.000004 0.295812 2.955647 -0.559958
14 -0.451695 1.213947 -0.058022 -1.434995 0.151216 0.018951
15 0.000000 0.000001 -0.000000 0.059386 0.467012 -1.153234
16 -0.000000 0.963852 0.000002 0.013348 0.044450 -0.005489
17 -0.000002 0.632002 0.000001 0.553895 2.241784 -0.331889
18 -0.126652 0.620189 -0.039312 -1.649072 0.166160 -0.011484
19 0.000000 -0.000000 -0.000000 0.028769 0.491640 -1.321781
20 0.000000 1.208231 -0.000001 -0.121338 -0.236384 0.243805
21 0.000001 0.763063 -0.000000 0.447465 2.949254 -0.533165
22 -0.000003 0.000000 0.000000 -1.691855 0.160586 -0.074781
23 -0.000001 0.000001 -0.000001 0.113639 0.954374 -1.417464
24 -0.000000 1.250581 -0.000000 -0.503006 -0.675705 0.620051
25 0.000000 0.932633 0.000001 0.432194 3.087004 -0.596076
26 -0.093760 -0.657727 0.062875 -1.705938 0.157701 -0.095658
27 -0.000000 -0.000002 -0.000001 0.555325 0.055548 -1.477625
28 0.000000 1.280973 -0.000001 -0.015696 -0.035747 0.294238
29 0.000000 0.749376 -0.000001 0.493861 -3.025271 -0.462269
30 -0.000001 8.563283 -0.000000 0.081751 -0.413066 -0.090180
31 -0.000002 -0.000000 -0.000000 -0.000000 0.000004 -0.000000
32 -4.654183 -1.415280 6.902198 -0.825666 2.576106 -0.000002
33 -0.000001 0.000000 -0.000000 -1.650117 0.465863 -0.696564
34 0.000000 8.543636 0.000001 2.181800 0.000001 1.570796
35 -0.000000 0.000000 -0.000000 -1.092887 0.038490 -0.050735
36 0.000000 -0.000000 0.000001 3.127954 0.760981 0.789488
37 -0.000001 3.013527 -0.000003 -2.404103 -0.000001 1.570796
38 -2.659012 0.316090 -0.314420 -3.083487 0.263055 -0.047494
39 0.000000 0.000001 -0.000001 -1.103805 -2.198186 -1.053099
40 0.000004 1.978482 0.000009 0.856490 -0.393699 -0.603065
41 -0.000001 0.982430 -0.000005 0.141910 -0.491004 0.033566
42 -0.089257 0.659885 0.067213 1.657580 0.268134 -0.033754
43 0.498185 -0.076229 0.714165 0.611757 -0.006690 -1.616449
44 0.000000 1.292969 0.000000 -0.003040 0.004522 -0.355976
45 0.000001 0.752466 0.000000 -0.200927 0.245474 -0.490082
46 0.000001 0.000000 -0.000000 1.671850 0.269475 -0.049573
47 0.156322 0.062375 0.322259 0.028256 -0.311785 -1.946862
48 -0.000000 1.261223 -0.000000 -0.073257 0.115192 -0.226980
49 0.000000 0.943234 0.000002 -0.037750 -0.046925 -0.441089
50 -0.108524 -0.607961 -0.044204 1.694999 0.265808 -0.017787
51 0.006729 -0.037597 0.006616 0.086030 -0.461219 -1.908696
52 0.000000 1.208372 0.000000 -0.072983 0.086798 -0.143695
53 0.000001 0.741942 -0.000001 -0.115488 0.117750 -0.144179
54 -0.479802 -1.191699 -0.061834 1.597265 0.268013 0.032300
55 -0.000000 0.000000 0.000001 0.122750 -0.630962 -2.010609
56 0.000001 0.996222 -0.000000 -0.147432 0.172378 -0.138182
57 0.000001 0.614691 -0.000002 -0.070240 0.335468 0.056969
58 0.000000 8.543636 0.000001 0.114853 -0.476246 -0.111333
59 0.000000 0.000000 -0.000000 0.000000 -0.000003 0.000000
60 0.639668 -2.426070 2.551649 -0.745891 1.038896 -2.178234
61 -0.000000 0.216537 0.000000 -1.446043 0.199924 0.252970
62 0.122706 11.211333 -3.790611 0.000694 -0.000000 -3.141593
63 0.000002 16.673237 -0.000001 0.160674 3.141593 -0.000000
64 -0.000001 15.595433 0.000003 0.277141 -0.000000 0.000000
65 0.000000 14.075073 -0.000003 0.419835 0.000000 0.000000
66 -0.000000 13.425269 -0.000007 0.560585 -0.000000 -0.000000
time 22
0 -4.770313 -17.804712 -8.518756 1.570796 -0.000000 0.000000
1 4.771459 -5.564794 3.605348 -0.000128 0.087794 -1.384492
2 0.000000 -0.000002 -0.000000 1.570796 -0.000000 0.000000
3 -0.056707 0.000001 -3.094907 -0.000000 -0.000000 0.000000
4 6.833632 1.302324 6.671466 -0.825666 2.576106 -0.000002
5 1.140234 -6.856876 -7.975102 -1.194674 0.079475 1.341494
6 -0.000001 8.563282 -0.000000 -2.463579 0.000002 1.570793
7 0.000001 0.000000 0.000001 -2.704896 -0.442717 1.336377
8 0.000000 0.000001 -0.000001 1.574221 1.886027 1.049599
9 -0.000001 3.026592 -0.000001 -2.054581 -0.000004 1.570799
10 -2.657339 -0.365571 -0.324763 -3.073151 0.182981 -0.062498
11 -0.000001 0.000000 0.000000 0.276356 0.485161 -0.714808
12 0.000004 1.887213 0.000025 0.194352 0.472349 -0.227125
13 -0.000009 1.001873 0.000003 0.295812 2.955647 -0.559958
14 -0.451693 1.213946 -0.058021 -1.434995 0.151216 0.018951
15 -0.000000 -0.000001 0.000001 0.059385 0.467012 -1.153234
16 0.000002 0.963855 -0.000000 0.013348 0.044450 -0.005489
17 0.000001 0.632001 0.000000 0.553895 2.241784 -0.331889
18 -0.126650 0.620188 -0.039312 -1.649072 0.166160 -0.011484
19 -0.000001 0.000000 -0.000000 0.028769 0.491640 -1.321781
20 -0.000001 1.208232 -0.000001 -0.121338 -0.236384 0.243805
21 0.000001 0.763064 -0.000001 0.447465 2.949254 -0.533165
22 -0.000000 -0.000000 0.000000 -1.691855 0.160586 -0.074781
23 0.000000 0.000000 0.000001 0.113638 0.954374 -1.417464
24 -0.000000 1.250580 -0.000000 -0.503006 -0.675705 0.620051
25 0.000000 0.932634 -0.000000 0.432193 3.087004 -0.596076
26 -0.093759 -0.657728 0.062874 -1.705938 0.157701 -0.095658
27 -0.000001 -0.000000 0.000001 0.555325 0.055548 -1.477625
28 0.000001 1.280975 0.000000 -0.015696 -0.035748 0.294238
29 0.000001 0.749371 0.000000 0.493861 -3.025271 -0.462269
30 -0.000001 8.563282 -0.000000 0.081751 -0.413066 -0.090180
31 -0.000000 -0.000001 0.000000 0.000000 0.000004 -0.000000
32 -4.654183 -1.415280 6.902198 -0.825666 2.576106 -0.000002
33 -0.000001 0.000000 -0.000000 -1.664103 0.458049 -0.705882
34 -0.000001 8.543639 0.000001 2.181800 0.000001 1.570796
35 0.000001 -0.000000 0.000001 -1.092887 0.038490 -0.050735
36 0.000000 0.000000 0.000000 3.133501 0.759198 0.775756
37 -0.000001 3.013527 -0.000000 -2.404103 -0.000001 1.570796
38 -2.659013 0.316090 -0.314420 -3.083487 0.263055 -0.047495
39 0.000001 -0.000000 -0.000000 -1.103805 -2.198186 -1.053099
40 0.000004 1.978482 0.000008 0.856490 -0.393699 -0.603065
41 -0.000002 0.982430 -0.000005 0.141910 -0.491004 0.033566
42 -0.089258 0.659884 0.067214 1.657580 0.268134 -0.033754
43 0.498183 -0.076230 0.714166 0.611757 -0.006690 -1.616449
44 0.000000 1.292970 0.000000 -0.003040 0.004522 -0.355976
45 -0.000001 0.752466 -0.000000 -0.200927 0.245474 -0.490082
46 -0.000000 -0.000000 -0.000000 1.671850 0.269475 -0.049573
47 0.156322 0.062374 0.322260 0.028257 -0.311786 -1.946862
48 0.000001 1.261224 -0.000000 -0.073257 0.115192 -0.226980
49 -0.000002 0.943234 0.000001 -0.037750 -0.046925 -0.441089
50 -0.108525 -0.607960 -0.044204 1.694999 0.265808 -0.017787
51 0.006729 -0.037598 0.006616 0.086030 -0.461219 -1.908696
52 0.000000 1.208373 0.000000 -0.072982 0.086798 -0.143695
53 -0.000001 0.741943 0.000001 -0.115488 0.117750 -0.144179
54 -0.479802 -1.191699 -0.061834 1.597265 0.268013 0.032300
55 -0.000001 0.000000 0.000001 0.122750 -0.630962 -2.010609
56 0.000001 0.996222 -0.000000 -0.147432 0.172378 -0.138182
57 -0.000000 0.614691 -0.000000 -0.070240 0.335468 0.056969
58 -0.000001 8.543639 0.000001 0.114853 -0.476246 -0.111333
59 -0.000000 0.000000 -0.000000 0.000000 -0.000003 0.000000
60 0.642885 -2.436988 2.582432 -0.700843 1.022077 -2.154067
61 -0.000000 0.216537 0.000000 -1.472748 0.202862 0.255467
62 0.122706 11.211333 -3.790611 0.000694 -0.000000 -3.141593
63 0.000003 16.673233 -0.000001 0.162094 3.141593 0.000000
64 -0.000004 15.595432 -0.000000 0.282502 -0.000000 0.000000
65 -0.000001 14.075070 -0.000001 0.426666 0.000000 0.000000
66 0.000000 13.425280 -0.000003 0.570180 0.000000 -0.000000
time 23
0 -4.770313 -17.804712 -8.518756 1.570796 -0.000000 0.000000
1 4.771459 -5.564794 3.605348 -0.000128 0.087794 -1.384492
2 0.000000 -0.000002 -0.000000 1.570796 -0.000000 0.000000
3 -0.056707 0.000001 -3.094907 -0.000000 -0.000000 0.000000
4 6.833632 1.302324 6.671466 -0.825666 2.576106 -0.000002
5 1.140234 -6.856876 -7.975102 -1.207131 0.080884 1.354209
6 -0.000000 8.563281 -0.000001 -2.463579 0.000003 1.570792
7 -0.000002 -0.000000 0.000001 -2.704896 -0.442717 1.336377
8 -0.000000 0.000001 -0.000001 1.561958 1.885059 1.025391
9 0.000001 3.026594 -0.000001 -2.054582 -0.000004 1.570799
10 -2.657338 -0.365571 -0.324762 -3.073151 0.182981 -0.062498
11 -0.000001 -0.000000 -0.000001 0.276356 0.485161 -0.714808
12 0.000004 1.887212 0.000027 0.194352 0.472349 -0.227125
13 -0.000008 1.001873 0.000003 0.295812 2.955646 -0.559958
14 -0.451691 1.213948 -0.058021 -1.434995 0.151216 0.018951
15 0.000000 -0.000001 -0.000001 0.059386 0.467012 -1.153234
16 -0.000001 0.963853 0.000000 0.013348 0.044450 -0.005489
17 0.000001 0.632000 0.000000 0.553895 2.241784 -0.331889
18 -0.126647 0.620189 -0.039313 -1.649072 0.166160 -0.011484
19 0.000000 -0.000000 0.000000 0.028769 0.491640 -1.321781
20 0.000001 1.208232 0.000000 -0.121338 -0.236384 0.243805
21 -0.000001 0.763064 -0.000000 0.447465 2.949254 -0.533165
22 0.000002 0.000000 0.000001 -1.691855 0.160586 -0.074781
23 -0.000001 -0.000001 -0.000000 0.113638 0.954374 -1.417464
24 0.000000 1.250580 -0.000000 -0.503006 -0.675705 0.620051
25 -0.000000 0.932635 0.000000 0.432194 3.087004 -0.596076
26 -0.093759 -0.657728 0.062876 -1.705938 0.157701 -0.095658
27 -0.000000 -0.000000 -0.000000 0.555325 0.055548 -1.477625
28 0.000000 1.280972 0.000000 -0.015696 -0.035747 0.294238
29 -0.000001 0.749372 -0.000000 0.493861 -3.025271 -0.462269
30 -0.000000 8.563281 -0.000001 0.081751 -0.413067 -0.090179
31 -0.000000 0.000001 0.000000 0.000000 0.000004 -0.000000
32 -4.654183 -1.415280 6.902198 -0.825666 2.576106 -0.000002
33 -0.000001 0.000000 -0.000000 -1.675545 0.451434 -0.713733
34 0.000000 8.543636 0.000001 2.181800 0.000001 1.570796
35 -0.000001 -0.000000 -0.000001 -1.092888 0.038490 -0.050735
36 0.000002 -0.000000 -0.000000 3.138403 0.757192 0.764362
37 -0.000000 3.013526 0.000000 -2.404103 -0.000002 1.570796
38 -2.659013 0.316089 -0.314419 -3.083487 0.263055 -0.047494
39 0.000000 0.000000 -0.000000 -1.103805 -2.198186 -1.053099
40 0.000004 1.978482 0.000009 0.856491 -0.393699 -0.603065
41 -0.000002 0.982430 -0.000005 0.141910 -0.491004 0.033566
42 -0.089257 0.659884 0.067215 1.657580 0.268134 -0.033754
43 0.498185 -0.076230 0.714168 0.611757 -0.006689 -1.616449
44 0.000001 1.292970 0.000001 -0.003040 0.004522 -0.355976
45 -0.000001 0.752466 -0.000001 -0.200927 0.245473 -0.490082
46 0.000001 0.000000 0.000001 1.671850 0.269475 -0.049572
47 0.156322 0.062374 0.322260 0.028257 -0.311786 -1.946862
48 -0.000000 1.261224 -0.000001 -0.073257 0.115192 -0.226981
49 0.000000 0.943234 0.000001 -0.037750 -0.046925 -0.441089
50 -0.108524 -0.607961 -0.044203 1.694999 0.265808 -0.017787
51 0.006730 -0.037598 0.006616 0.086030 -0.461219 -1.908696
52 -0.000000 1.208373 -0.000000 -0.072982 0.086798 -0.143695
53 -0.000001 0.741942 0.000000 -0.115488 0.117750 -0.144179
54 -0.479802 -1.191699 -0.061834 1.597265 0.268013 0.032300
55 0.000000 -0.000001 0.000001 0.122750 -0.630962 -2.010609
56 -0.000001 0.996223 0.000000 -0.147432 0.172378 -0.138182
57 0.000000 0.614691 0.000000 -0.070240 0.335468 0.056969
58 0.000000 8.543636 0.000001 0.114853 -0.476246 -0.111333
59 -0.000001 0.000001 -0.000000 -0.000000 -0.000003 -0.000000
60 0.643329 -2.444572 2.611443 -0.663505 1.007857 -2.134125
61 -0.000000 0.216537 0.000000 -1.494996 0.205254 0.257607
62 0.122706 11.211333 -3.790611 0.000694 -0.000000 -3.141593
63 0.000004 16.673239 -0.000000 0.163131 3.141593 -0.000000
64 -0.000003 15.595434 0.000000 0.286858 -0.000000 0.000000
65 -0.000001 14.075078 -0.000006 0.432233 0.000000 0.000000
66 -0.000001 13.425278 -0.000006 0.578253 -0.000000 -0.000000
time 24
0 -4.770313 -17.804712 -8.518756 1.570796 -0.000000 0.000000
1 4.771459 -5.564794 3.605348 -0.000128 0.087794 -1.384492
2 0.000000 -0.000002 -0.000000 1.570796 -0.000000 0.000000
3 -0.056707 0.000001 -3.094907 -0.000000 -0.000000 0.000000
4 6.833632 1.302324 6.671466 -0.825666 2.576106 -0.000002
5 1.140234 -6.856876 -7.975102 -1.217639 0.082196 1.364935
6 0.000001 8.563283 -0.000001 -2.463579 0.000002 1.570792
7 -0.000001 0.000000 0.000000 -2.704896 -0.442717 1.336377
8 0.000000 0.000001 -0.000002 1.551512 1.884314 1.004856
9 0.000000 3.026594 -0.000000 -2.054582 -0.000004 1.570799
10 -2.657340 -0.365571 -0.324763 -3.073152 0.182981 -0.062499
11 -0.000002 0.000001 0.000000 0.276356 0.485161 -0.714808
12 0.000005 1.887213 0.000027 0.194352 0.472349 -0.227125
13 -0.000008 1.001874 0.000005 0.295812 2.955647 -0.559958
14 -0.451693 1.213948 -0.058022 -1.434995 0.151216 0.018951
15 0.000000 -0.000001 0.000000 0.059385 0.467012 -1.153234
16 -0.000001 0.963852 -0.000001 0.013348 0.044450 -0.005489
17 -0.000001 0.632001 -0.000001 0.553894 2.241784 -0.331889
18 -0.126650 0.620188 -0.039313 -1.649072 0.166160 -0.011484
19 0.000000 0.000000 -0.000001 0.028769 0.491640 -1.321781
20 -0.000000 1.208236 -0.000000 -0.121338 -0.236384 0.243805
21 0.000000 0.763065 0.000001 0.447465 2.949253 -0.533165
22 -0.000000 0.000000 -0.000001 -1.691855 0.160586 -0.074781
23 0.000000 -0.000001 0.000000 0.113639 0.954374 -1.417464
24 -0.000001 1.250578 0.000000 -0.503006 -0.675705 0.620051
25 0.000000 0.932634 0.000002 0.432194 3.087004 -0.596076
26 -0.093759 -0.657727 0.062874 -1.705938 0.157701 -0.095658
27 -0.000002 0.000001 -0.000001 0.555325 0.055548 -1.477625
28 0.000001 1.280974 -0.000000 -0.015696 -0.035747 0.294238
29 -0.000000 0.749370 -0.000000 0.493861 -3.025271 -0.462269
30 0.000001 8.563283 -0.000001 0.081751 -0.413067 -0.090180
31 -0.000001 0.000000 0.000000 0.000000 0.000004 0.000000
32 -4.654183 -1.415280 6.902198 -0.825666 2.576106 -0.000002
33 -0.000001 0.000000 -0.000000 -1.684456 0.446128 -0.720031
34 -0.000001 8.543636 0.000001 2.181800 0.000001 1.570796
35 0.000000 0.000000 -0.000000 -1.092888 0.038490 -0.050735
36 -0.000001 0.000000 -0.000001 -3.140512 0.754933 0.755519
37 0.000000 3.013526 -0.000001 -2.404103 -0.000002 1.570796
38 -2.659014 0.316088 -0.314419 -3.083487 0.263055 -0.047494
39 0.000000 -0.000000 0.000000 -1.103805 -2.198186 -1.053099
40 0.000005 1.978481 0.000009 0.856491 -0.393699 -0.603065
41 -0.000002 0.982430 -0.000005 0.141910 -0.491004 0.033566
42 -0.089258 0.659884 0.067214 1.657580 0.268134 -0.033754
43 0.498184 -0.076230 0.714166 0.611757 -0.006690 -1.616449
44 0.000000 1.292970 0.000001 -0.003040 0.004522 -0.355976
45 0.000000 0.752466 0.000000 -0.200927 0.245474 -0.490082
46 -0.000000 -0.000001 0.000000 1.671850 0.269475 -0.049573
47 0.156321 0.062374 0.322260 0.028256 -0.311786 -1.946862
48 -0.000000 1.261223 0.000000 -0.073257 0.115192 -0.226980
49 -0.000000 0.943234 0.000001 -0.037750 -0.046925 -0.441089
50 -0.108526 -0.607963 -0.044203 1.694999 0.265808 -0.017787
51 0.006729 -0.037598 0.006616 0.086030 -0.461219 -1.908696
52 -0.000001 1.208373 0.000001 -0.072982 0.086798 -0.143695
53 -0.000001 0.741942 0.000001 -0.115488 0.117750 -0.144179
54 -0.479804 -1.191700 -0.061834 1.597265 0.268013 0.032300
55 -0.000001 -0.000000 0.000001 0.122750 -0.630962 -2.010609
56 -0.000001 0.996223 0.000001 -0.147432 0.172378 -0.138183
57 0.000000 0.614691 -0.000001 -0.070240 0.335468 0.056969
58 -0.000001 8.543636 0.000001 0.114853 -0.476246 -0.111333
59 0.000000 -0.000001 0.000000 0.000000 -0.000003 0.000000
60 0.641578 -2.449031 2.637166 -0.633411 0.996558 -2.117780
61 -0.000000 0.216537 0.000000 -1.512615 0.207102 0.259356
62 0.122706 11.211333 -3.790611 0.000694 -0.000000 -3.141593
63 0.000004 16.673237 0.000001 0.163842 3.141593 0.000000
64 -0.000003 15.595428 0.000001 0.290264 -0.000000 0.000000
65 0.000000 14.075079 -0.000003 0.436665 0.000000 -0.000000
66 0.000001 13.425268 0.000001 0.584988 -0.000000 -0.000000
time 25
0 -4.770313 -17.804712 -8.518756 1.570796 -0.000000 0.000000
1 4.771459 -5.564794 3.605348 -0.000128 0.087794 -1.384492
2 0.000000 -0.000002 -0.000000 1.570796 -0.000000 0.000000
3 -0.056707 0.000001 -3.094907 -0.000000 -0.000000 0.000000
4 6.833632 1.302324 6.671466 -0.825666 2.576106 -0.000002
5 1.140234 -6.856876 -7.975102 -1.225726 0.083284 1.373190
6 0.000001 8.563282 -0.000000 -2.463579 0.000002 1.570792
7 -0.000000 -0.000000 -0.000001 -2.704896 -0.442717 1.336377
8 -0.000000 0.000000 -0.000000 1.543414 1.883784 0.988981
9 0.000001 3.026593 -0.000000 -2.054582 -0.000004 1.570799
10 -2.657335 -0.365570 -0.324764 -3.073152 0.182981 -0.062499
11 0.000002 -0.000000 0.000001 0.276357 0.485161 -0.714808
12 0.000005 1.887213 0.000026 0.194352 0.472349 -0.227125
13 -0.000009 1.001873 0.000005 0.295812 2.955647 -0.559958
14 -0.451690 1.213947 -0.058022 -1.434995 0.151216 0.018951
15 -0.000001 -0.000000 -0.000001 0.059385 0.467012 -1.153234
16 -0.000002 0.963853 0.000000 0.013348 0.044450 -0.005489
17 -0.000000 0.632000 -0.000001 0.553895 2.241784 -0.331889
18 -0.126647 0.620188 -0.039311 -1.649072 0.166160 -0.011484
19 0.000001 0.000000 -0.000000 0.028769 0.491640 -1.321781
20 0.000000 1.208233 0.000001 -0.121338 -0.236385 0.243805
21 -0.000001 0.763066 -0.000001 0.447465 2.949254 -0.533165
22 0.000002 -0.000000 0.000000 -1.691855 0.160586 -0.074781
23 -0.000000 0.000000 -0.000000 0.113638 0.954374 -1.417464
24 -0.000001 1.250578 0.000000 -0.503006 -0.675705 0.620051
25 0.000001 0.932633 -0.000001 0.432194 3.087004 -0.596076
26 -0.093758 -0.657728 0.062875 -1.705938 0.157701 -0.095658
27 -0.000001 0.000001 -0.000000 0.555325 0.055548 -1.477626
28 0.000001 1.280975 -0.000000 -0.015696 -0.035747 0.294238
29 -0.000002 0.749373 -0.000000 0.493861 -3.025271 -0.462269
30 0.000001 8.563282 -0.000000 0.081751 -0.413066 -0.090180
31 -0.000001 0.000002 -0.000000 -0.000000 0.000004 -0.000000
32 -4.654183 -1.415280 6.902198 -0.825666 2.576106 -0.000002
33 -0.000001 0.000000 -0.000000 -1.690839 0.442231 -0.724677
34 -0.000000 8.543637 0.000001 2.181800 0.000001 1.570796
35 0.000001 -0.000001 0.000000 -1.092888 0.038490 -0.050734
36 0.000001 0.000000 -0.000001 -3.136864 0.752395 0.749442
37 -0.000001 3.013526 -0.000001 -2.404103 -0.000001 1.570796
38 -2.659014 0.316089 -0.314420 -3.083487 0.263055 -0.047494
39 0.000000 -0.000000 0.000000 -1.103805 -2.198186 -1.053099
40 0.000004 1.978481 0.000009 0.856491 -0.393699 -0.603065
41 -0.000001 0.982430 -0.000005 0.141910 -0.491004 0.033566
42 -0.089258 0.659884 0.067214 1.657580 0.268134 -0.033754
43 0.498184 -0.076230 0.714167 0.611757 -0.006690 -1.616449
44 -0.000001 1.292970 0.000000 -0.003040 0.004522 -0.355976
45 -0.000000 0.752467 0.000000 -0.200927 0.245474 -0.490082
46 -0.000000 -0.000000 -0.000000 1.671850 0.269475 -0.049573
47 0.156321 0.062374 0.322260 0.028257 -0.311786 -1.946862
48 0.000000 1.261223 -0.000000 -0.073257 0.115192 -0.226980
49 0.000000 0.943234 -0.000000 -0.037750 -0.046925 -0.441089
50 -0.108525 -0.607961 -0.044204 1.694999 0.265808 -0.017787
51 0.006728 -0.037597 0.006617 0.086030 -0.461219 -1.908696
52 0.000000 1.208372 -0.000001 -0.072983 0.086798 -0.143695
53 -0.000001 0.741942 -0.000001 -0.115488 0.117750 -0.144179
54 -0.479803 -1.191700 -0.061834 1.597265 0.268013 0.032300
55 -0.000001 0.000000 0.000000 0.122750 -0.630962 -2.010609
56 -0.000000 0.996223 0.000000 -0.147432 0.172378 -0.138182
57 -0.000000 0.614691 -0.000001 -0.070240 0.335468 0.056969
58 -0.000000 8.543637 0.000001 0.114853 -0.476246 -0.111333
59 -0.000000 0.000000 0.000000 0.000000 -0.000003 0.000000
60 0.638159 -2.450714 2.658218 -0.610266 0.988457 -2.104575
61 -0.000000 0.216537 0.000000 -1.525425 0.208410 0.260673
62 0.122706 11.211333 -3.790611 0.000694 -0.000000 -3.141593
63 0.000002 16.673231 -0.000003 0.164289 3.141593 0.000000
64 -0.000002 15.595434 -0.000001 0.292774 -0.000000 0.000000
65 -0.000000 14.075067 -0.000004 0.440087 -0.000000 -0.000000
66 -0.000001 13.425269 -0.000003 0.590571 0.000000 -0.000000
time 26
0 -4.770313 -17.804712 -8.518756 1.570796 -0.000000 0.000000
1 4.771459 -5.564794 3.605348 -0.000128 0.087794 -1.384492
2 0.000000 -0.000002 -0.000000 1.570796 -0.000000 0.000000
3 -0.056707 0.000001 -3.094907 -0.000000 -0.000000 0.000000
4 6.833632 1.302324 6.671466 -0.825666 2.576106 -0.000002
5 1.140234 -6.856876 -7.975102 -1.230923 0.084018 1.378495
6 0.000001 8.563281 -0.000000 -2.463579 0.000002 1.570793
7 -0.000000 -0.000000 0.000001 -2.704896 -0.442717 1.336377
8 -0.000000 0.000001 0.000001 1.538182 1.883465 0.978747
9 -0.000000 3.026593 0.000000 -2.054582 -0.000004 1.570799
10 -2.657339 -0.365571 -0.324766 -3.073152 0.182981 -0.062499
11 0.000001 0.000000 -0.000000 0.276357 0.485161 -0.714808
12 0.000005 1.887212 0.000026 0.194353 0.472349 -0.227125
13 -0.000006 1.001874 0.000005 0.295812 2.955647 -0.559958
14 -0.451692 1.213946 -0.058023 -1.434995 0.151216 0.018951
15 -0.000000 -0.000000 -0.000001 0.059385 0.467012 -1.153234
16 0.000001 0.963853 0.000000 0.013349 0.044450 -0.005489
17 0.000000 0.632003 -0.000002 0.553895 2.241784 -0.331889
18 -0.126648 0.620188 -0.039315 -1.649072 0.166160 -0.011484
19 -0.000000 0.000000 -0.000001 0.028769 0.491640 -1.321781
20 0.000000 1.208233 -0.000000 -0.121338 -0.236384 0.243805
21 0.000000 0.763066 -0.000000 0.447465 2.949254 -0.533165
22 0.000001 -0.000000 -0.000002 -1.691855 0.160586 -0.074781
23 -0.000000 0.000001 0.000000 0.113639 0.954374 -1.417464
24 0.000000 1.250579 0.000000 -0.503006 -0.675705 0.620051
25 0.000001 0.932634 -0.000000 0.432193 3.087004 -0.596076
26 -0.093757 -0.657727 0.062871 -1.705938 0.157701 -0.095658
27 -0.000001 0.000001 0.000001 0.555325 0.055548 -1.477625
28 0.000001 1.280976 -0.000000 -0.015696 -0.035747 0.294238
29 0.000000 0.749374 0.000000 0.493861 -3.025271 -0.462269
30 0.000001 8.563281 -0.000000 0.081751 -0.413066 -0.090180
31 0.000000 -0.000002 0.000000 0.000000 0.000004 -0.000000
32 -4.654183 -1.415280 6.902198 -0.825666 2.576106 -0.000002
33 -0.000001 0.000000 -0.000000 -1.694685 0.439835 -0.727559
34 0.000000 8.543637 0.000000 2.181800 0.000001 1.570796
35 -0.000000 0.000000 0.000000 -1.092887 0.038490 -0.050735
36 -0.000001 -0.000001 0.000000 -3.133836 0.749550 0.746343
37 -0.000000 3.013527 0.000000 -2.404103 -0.000002 1.570796
38 -2.659014 0.316090 -0.314420 -3.083487 0.263055 -0.047494
39 0.000000 0.000001 -0.000000 -1.103806 -2.198186 -1.053098
40 0.000004 1.978482 0.000010 0.856491 -0.393699 -0.603065
41 -0.000000 0.982430 -0.000005 0.141910 -0.491005 0.033566
42 -0.089259 0.659884 0.067214 1.657580 0.268134 -0.033754
43 0.498184 -0.076230 0.714165 0.611757 -0.006690 -1.616449
44 0.000001 1.292969 0.000001 -0.003040 0.004522 -0.355976
45 0.000001 0.752466 0.000001 -0.200927 0.245474 -0.490082
46 -0.000001 0.000000 0.000000 1.671850 0.269475 -0.049573
47 0.156321 0.062374 0.322260 0.028256 -0.311785 -1.946862
48 0.000000 1.261223 -0.000001 -0.073257 0.115192 -0.226980
49 -0.000000 0.943233 0.000001 -0.037750 -0.046925 -0.441089
50 -0.108525 -0.607961 -0.044203 1.694999 0.265808 -0.017787
51 0.006729 -0.037598 0.006615 0.086030 -0.461219 -1.908696
52 0.000000 1.208372 -0.000000 -0.072983 0.086798 -0.143695
53 0.000000 0.741942 -0.000001 -0.115488 0.117750 -0.144179
54 -0.479804 -1.191699 -0.061834 1.597265 0.268013 0.032300
55 0.000000 0.000001 0.000000 0.122750 -0.630961 -2.010609
56 -0.000001 0.996222 -0.000000 -0.147432 0.172378 -0.138182
57 -0.000000 0.614691 -0.000001 -0.070240 0.335468 0.056969
58 0.000000 8.543637 0.000000 0.114853 -0.476246 -0.111333
59 -0.000001 0.000000 0.000000 0.000000 -0.000003 0.000000
60 0.633543 -2.450055 2.673354 -0.593938 0.983794 -2.094211
61 -0.000000 0.216537 0.000000 -1.533244 0.209185 0.261507
62 0.122706 11.211333 -3.790611 0.000694 -0.000000 -3.141593
63 0.000002 16.673233 -0.000002 0.164528 3.141593 0.000000
64 -0.000002 15.595432 0.000002 0.294441 -0.000000 0.000000
65 -0.000000 14.075072 -0.000001 0.442627 0.000000 0.000000
66 -0.000000 13.425277 -0.000006 0.595181 0.000000 -0.000000
time 27
0 -4.770313 -17.804712 -8.518756 1.570796 -0.000000 0.000000
1 4.771459 -5.564794 3.605348 -0.000128 0.087794 -1.384492
2 0.000000 -0.000002 -0.000000 1.570796 -0.000000 0.000000
3 -0.056707 0.000001 -3.094907 -0.000000 -0.000000 0.000000
4 6.833632 1.302324 6.671466 -0.825666 2.576106 -0.000002
5 1.140234 -6.856876 -7.975102 -1.232761 0.084285 1.380371
6 0.000000 8.563284 0.000000 -2.463579 0.000002 1.570792
7 0.000001 0.000000 0.000000 -2.704896 -0.442717 1.336377
8 -0.000000 0.000001 -0.000001 1.536328 1.883355 0.975123
9 -0.000001 3.026592 0.000001 -2.054581 -0.000004 1.570799
10 -2.657340 -0.365571 -0.324762 -3.073152 0.182981 -0.062499
11 0.000001 -0.000000 -0.000000 0.276357 0.485161 -0.714807
12 0.000005 1.887212 0.000028 0.194352 0.472349 -0.227125
13 -0.000008 1.001874 0.000004 0.295812 2.955647 -0.559958
14 -0.451693 1.213948 -0.058021 -1.434995 0.151216 0.018951
15 0.000001 -0.000001 -0.000001 0.059386 0.467012 -1.153234
16 0.000000 0.963853 -0.000000 0.013348 0.044450 -0.005489
17 -0.000001 0.632003 -0.000000 0.553895 2.241784 -0.331889
18 -0.126652 0.620188 -0.039311 -1.649072 0.166160 -0.011484
19 -0.000002 -0.000000 -0.000001 0.028769 0.491640 -1.321781
20 0.000001 1.208233 0.000000 -0.121338 -0.236384 0.243805
21 -0.000001 0.763066 0.000002 0.447465 2.949253 -0.533165
22 -0.000002 -0.000000 0.000001 -1.691855 0.160586 -0.074781
23 0.000000 0.000000 0.000001 0.113638 0.954374 -1.417464
24 -0.000001 1.250579 0.000000 -0.503006 -0.675705 0.620051
25 0.000000 0.932633 0.000000 0.432193 3.087004 -0.596076
26 -0.093761 -0.657728 0.062875 -1.705938 0.157701 -0.095658
27 0.000001 -0.000001 0.000000 0.555325 0.055548 -1.477625
28 -0.000000 1.280976 0.000000 -0.015696 -0.035747 0.294238
29 0.000001 0.749374 -0.000000 0.493861 -3.025271 -0.462269
30 0.000000 8.563284 0.000000 0.081751 -0.413067 -0.090180
31 0.000000 -0.000000 0.000000 -0.000000 0.000004 -0.000000
32 -4.654183 -1.415280 6.902198 -0.825666 2.576106 -0.000002
33 -0.000001 0.000000 -0.000000 -1.695974 0.439020 -0.728551
34 -0.000001 8.543640 0.000001 2.181800 0.000001 1.570796
35 -0.000002 0.000000 0.000001 -1.092887 0.038490 -0.050735
36 0.000001 -0.000000 0.000000 -3.131425 0.746378 0.746435
37 0.000001 3.013527 -0.000002 -2.404103 -0.000002 1.570796
38 -2.659012 0.316089 -0.314420 -3.083487 0.263055 -0.047494
39 0.000000 -0.000000 -0.000000 -1.103805 -2.198186 -1.053099
40 0.000004 1.978484 0.000010 0.856491 -0.393699 -0.603065
41 -0.000001 0.982429 -0.000005 0.141910 -0.491004 0.033566
42 -0.089256 0.659883 0.067214 1.657580 0.268134 -0.033754
43 0.498185 -0.076230 0.714166 0.611757 -0.006690 -1.616449
44 -0.000000 1.292970 0.000000 -0.003040 0.004522 -0.355976
45 0.000000 0.752466 -0.000001 -0.200927 0.245474 -0.490082
46 0.000001 -0.000000 -0.000000 1.671850 0.269475 -0.049573
47 0.156322 0.062374 0.322259 0.028257 -0.311786 -1.946862
48 -0.000000 1.261222 0.000001 -0.073257 0.115192 -0.226980
49 -0.000001 0.943233 0.000000 -0.037750 -0.046925 -0.441089
50 -0.108524 -0.607961 -0.044203 1.694999 0.265808 -0.017787
51 0.006730 -0.037597 0.006617 0.086030 -0.461219 -1.908696
52 -0.000000 1.208373 0.000001 -0.072983 0.086798 -0.143695
53 0.000001 0.741943 0.000000 -0.115488 0.117750 -0.144179
54 -0.479801 -1.191700 -0.061834 1.597265 0.268013 0.032300
55 0.000000 0.000001 -0.000000 0.122750 -0.630962 -2.010609
56 -0.000001 0.996222 -0.000001 -0.147432 0.172378 -0.138183
57 -0.000000 0.614692 -0.000001 -0.070240 0.335468 0.056969
58 -0.000001 8.543640 0.000001 0.114853 -0.476246 -0.111333
59 0.000000 -0.000001 0.000000 0.000000 -0.000003 0.000000
60 0.628130 -2.447547 2.681490 -0.584446 0.982770 -2.086539
61 -0.000000 0.216537 0.000000 -1.535890 0.209440 0.261799
62 0.122706 11.211333 -3.790611 0.000694 -0.000000 -3.141593
63 0.000003 16.673237 -0.000004 0.164621 3.141593 0.000000
64 -0.000004 15.595432 -0.000002 0.295318 -0.000000 0.000000
65 0.000000 14.075068 -0.000004 0.444406 0.000000 -0.000000
66 -0.000000 13.425276 -0.000004 0.598998 0.000000 -0.000000
time 28
0 -4.770313 -17.804712 -8.518756 1.570796 -0.000000 0.000000
1 4.771459 -5.564794 3.605348 -0.000128 0.087794 -1.384492
2 0.000000 -0.000002 -0.000000 1.570796 -0.000000 0.000000
3 -0.056707 0.000001 -3.094907 -0.000000 -0.000000 0.000000
4 6.833632 1.302324 6.671466 -0.825666 2.576106 -0.000002
5 1.140234 -6.856876 -7.975102 -1.221482 0.080804 1.369060
6 0.000001 8.563281 -0.000000 -2.463579 0.000002 1.570792
7 -0.000002 -0.000001 0.000001 -2.704896 -0.442717 1.336377
8 0.000000 0.000000 0.000000 1.546166 1.884503 0.997245
9 -0.000001 3.026590 0.000001 -2.054581 -0.000004 1.570799
10 -2.657339 -0.365572 -0.324764 -3.073152 0.182981 -0.062498
11 0.000003 0.000000 -0.000001 0.261424 0.485161 -0.714807
12 0.000005 1.887212 0.000026 0.194353 0.472349 -0.227125
13 -0.000008 1.001873 0.000004 0.295812 2.955647 -0.559958
14 -0.451693 1.213946 -0.058021 -1.434995 0.151216 0.018951
15 0.000001 -0.000000 0.000000 0.059385 0.467012 -1.153234
16 0.000001 0.963852 -0.000000 0.013349 0.044450 -0.005489
17 -0.000000 0.632001 -0.000001 0.553895 2.241784 -0.331889
18 -0.126649 0.620187 -0.039313 -1.649072 0.166160 -0.011484
19 0.000001 -0.000000 0.000000 0.028769 0.491640 -1.321781
20 0.000001 1.208234 -0.000001 -0.121338 -0.236384 0.243805
21 -0.000001 0.763066 -0.000002 0.447465 2.949254 -0.533165
22 -0.000001 -0.000001 -0.000000 -1.691855 0.160586 -0.074781
23 0.000001 0.000001 0.000000 0.113638 0.954374 -1.417464
24 -0.000000 1.250580 -0.000001 -0.503006 -0.675705 0.620051
25 -0.000001 0.932634 0.000001 0.432194 3.087004 -0.596076
26 -0.093760 -0.657728 0.062873 -1.705938 0.157701 -0.095658
27 0.000001 -0.000001 -0.000001 0.522428 0.055548 -1.477625
28 -0.000000 1.280975 0.000000 -0.015696 -0.035747 0.294238
29 0.000001 0.749373 -0.000001 0.493861 -3.025271 -0.462269
30 0.000001 8.563281 -0.000000 0.081751 -0.413067 -0.090180
31 -0.000000 -0.000001 0.000000 0.000000 0.000004 0.000000
32 -4.654183 -1.415280 6.902198 -0.825666 2.576106 -0.000002
33 -0.000001 0.000000 -0.000000 -1.660019 0.459038 -0.715332
34 0.000000 8.543637 0.000001 2.181800 0.000001 1.570796
35 -0.000000 0.000000 -0.000000 -1.092888 0.038490 -0.050735
36 0.000000 0.000000 0.000000 3.133135 0.733540 0.776540
37 0.000000 3.013527 -0.000003 -2.404103 -0.000001 1.570796
38 -2.659012 0.316090 -0.314419 -3.083487 0.263055 -0.047494
39 0.000000 -0.000001 0.000000 -1.103805 -2.198186 -1.053099
40 0.000005 1.978482 0.000009 0.856490 -0.393698 -0.603065
41 -0.000002 0.982430 -0.000005 0.141910 -0.491004 0.033567
42 -0.089257 0.659885 0.067214 1.657580 0.268134 -0.033754
43 0.498184 -0.076230 0.714165 0.611757 -0.006690 -1.616449
44 -0.000001 1.292970 -0.000001 -0.003040 0.004522 -0.355976
45 0.000001 0.752466 0.000000 -0.200927 0.245474 -0.490082
46 0.000000 0.000001 0.000000 1.671850 0.269475 -0.049573
47 0.156322 0.062374 0.322258 0.028257 -0.311785 -1.946862
48 0.000000 1.261223 -0.000000 -0.073257 0.115192 -0.226980
49 0.000001 0.943234 0.000002 -0.037750 -0.046925 -0.441089
50 -0.108525 -0.607961 -0.044203 1.694999 0.265808 -0.017787
51 0.006728 -0.037599 0.006615 0.086030 -0.461219 -1.908696
52 -0.000002 1.208372 0.000001 -0.072983 0.086798 -0.143695
53 0.000000 0.741942 0.000001 -0.115488 0.117750 -0.144179
54 -0.479802 -1.191699 -0.061833 1.597265 0.268013 0.032300
55 0.000000 -0.000001 0.000001 0.122750 -0.630961 -2.010609
56 -0.000000 0.996222 -0.000000 -0.147432 0.172378 -0.138182
57 0.000000 0.614692 0.000000 -0.070239 0.335468 0.056969
58 0.000000 8.543637 0.000001 0.114853 -0.476246 -0.111333
59 0.000001 -0.000000 0.000000 -0.000000 -0.000003 -0.000000
60 0.557102 -2.391992 2.640236 -0.650428 1.042769 -2.101465
61 -0.000000 0.216537 0.000000 -1.469018 0.196091 0.264261
62 0.122706 11.211333 -3.790611 0.000694 -0.000000 -3.141593
63 0.000002 16.673233 -0.000004 0.147500 3.141593 0.000000
64 -0.000003 15.595432 0.000002 0.261971 -0.000000 0.000000
65 -0.000000 14.075074 -0.000002 0.399576 0.000000 -0.000000
66 0.000001 13.425270 0.000005 0.543905 0.000000 -0.000000
time 29
0 -4.770313 -17.804712 -8.518756 1.570796 -0.000000 0.000000
1 4.771459 -5.564794 3.605348 -0.000128 0.087794 -1.384492
2 0.000000 -0.000002 -0.000000 1.570796 -0.000000 0.000000
3 -0.056707 0.000001 -3.094907 -0.000000 -0.000000 0.000000
4 6.833632 1.302324 6.671466 -0.825666 2.576106 -0.000002
5 1.140234 -6.856876 -7.975102 -1.191501 0.072218 1.338993
6 0.000001 8.563284 -0.000000 -2.463579 0.000002 1.570793
7 -0.000000 -0.000000 -0.000000 -2.704896 -0.442717 1.336377
8 -0.000001 0.000001 0.000000 1.571550 1.887850 1.055077
9 -0.000000 3.026592 0.000001 -2.054581 -0.000004 1.570799
10 -2.657340 -0.365570 -0.324763 -3.073151 0.182981 -0.062498
11 -0.000001 0.000000 -0.000002 0.221975 0.485161 -0.714807
12 0.000004 1.887211 0.000028 0.194353 0.472348 -0.227125
13 -0.000008 1.001872 0.000005 0.295813 2.955647 -0.559958
14 -0.451694 1.213948 -0.058021 -1.434995 0.151216 0.018951
15 0.000000 -0.000000 0.000001 0.059386 0.467012 -1.153234
16 -0.000001 0.963852 -0.000001 0.013348 0.044450 -0.005489
17 0.000001 0.632001 0.000001 0.553895 2.241784 -0.331889
18 -0.126650 0.620190 -0.039313 -1.649072 0.166160 -0.011484
19 0.000001 -0.000001 -0.000001 0.028769 0.491640 -1.321781
20 -0.000000 1.208231 0.000000 -0.121338 -0.236384 0.243805
21 -0.000001 0.763067 -0.000001 0.447465 2.949254 -0.533165
22 -0.000001 0.000001 -0.000001 -1.691855 0.160586 -0.074781
23 0.000000 0.000000 -0.000001 0.113638 0.954374 -1.417464
24 0.000001 1.250581 0.000000 -0.503006 -0.675705 0.620051
25 -0.000001 0.932635 -0.000001 0.432193 3.087004 -0.596076
26 -0.093761 -0.657726 0.062873 -1.705938 0.157701 -0.095658
27 -0.000003 -0.000000 -0.000000 0.434714 0.055548 -1.477625
28 -0.000000 1.280974 -0.000000 -0.015696 -0.035747 0.294238
29 -0.000002 0.749371 -0.000000 0.493861 -3.025271 -0.462269
30 0.000001 8.563284 -0.000000 0.081751 -0.413067 -0.090180
31 -0.000001 0.000001 0.000000 0.000000 0.000004 0.000000
32 -4.654183 -1.415280 6.902198 -0.825666 2.576106 -0.000002
33 -0.000001 0.000000 -0.000000 -1.560417 0.510364 -0.675266
34 -0.000000 8.543636 0.000001 2.181800 0.000001 1.570796
35 0.000001 -0.000000 -0.000001 -1.092887 0.038490 -0.050734
36 -0.000001 -0.000001 0.000000 3.078263 0.706766 0.854857
37 -0.000000 3.013526 -0.000002 -2.404103 -0.000001 1.570796
38 -2.659014 0.316090 -0.314419 -3.083486 0.263055 -0.047495
39 0.000001 -0.000001 0.000000 -1.103804 -2.198186 -1.053100
40 0.000005 1.978483 0.000008 0.856490 -0.393698 -0.603066
41 -0.000001 0.982429 -0.000005 0.141910 -0.491004 0.033567
42 -0.089258 0.659885 0.067214 1.657580 0.268134 -0.033754
43 0.498185 -0.076229 0.714165 0.611757 -0.006689 -1.616449
44 0.000001 1.292970 -0.000000 -0.003040 0.004522 -0.355976
45 0.000000 0.752466 0.000001 -0.200927 0.245474 -0.490082
46 -0.000001 0.000001 0.000000 1.671850 0.269475 -0.049573
47 0.156321 0.062373 0.322260 0.028257 -0.311786 -1.946862
48 -0.000001 1.261223 -0.000001 -0.073257 0.115192 -0.226980
49 0.000001 0.943233 0.000000 -0.037750 -0.046925 -0.441089
50 -0.108526 -0.607961 -0.044203 1.694999 0.265808 -0.017787
51 0.006730 -0.037598 0.006616 0.086030 -0.461219 -1.908696
52 0.000001 1.208372 0.000000 -0.072983 0.086798 -0.143695
53 0.000000 0.741942 0.000001 -0.115488 0.117750 -0.144179
54 -0.479803 -1.191700 -0.061834 1.597265 0.268013 0.032300
55 -0.000001 0.000000 0.000000 0.122750 -0.630962 -2.010609
56 0.000000 0.996222 0.000001 -0.147432 0.172378 -0.138183
57 -0.000000 0.614691 0.000001 -0.070240 0.335468 0.056969
58 -0.000000 8.543636 0.000001 0.114853 -0.476246 -0.111333
59 0.000000 0.000001 0.000000 0.000000 -0.000003 0.000000
60 0.346578 -2.290886 2.573785 -0.896523 1.195312 -2.210909
61 -0.000000 0.216537 0.000000 -1.284078 0.158495 0.266262
62 0.122706 11.211333 -3.790611 0.000694 -0.000000 -3.141593
63 0.000002 16.673233 -0.000003 0.102167 3.141593 -0.000000
64 -0.000002 15.595430 -0.000002 0.172182 0.000000 0.000000
65 -0.000001 14.075072 0.000001 0.276230 0.000000 -0.000000
66 -0.000004 13.425264 -0.000002 0.386973 -0.000000 0.000000
time 30
0 -4.770313 -17.804712 -8.518756 1.570796 -0.000000 0.000000
1 4.771459 -5.564794 3.605348 -0.000128 0.087794 -1.384492
2 0.000000 -0.000002 -0.000000 1.570796 -0.000000 0.000000
3 -0.056707 0.000001 -3.094907 -0.000000 -0.000000 0.000000
4 6.833632 1.302324 6.671466 -0.825666 2.576106 -0.000002
5 1.140234 -6.856876 -7.975102 -1.148577 0.061595 1.295948
6 0.000000 8.563284 -0.000001 -2.463579 0.000002 1.570792
7 0.000002 -0.000000 -0.000000 -2.704896 -0.442717 1.336377
8 0.000000 -0.000000 -0.000000 1.605895 1.893351 1.135437
9 0.000001 3.026590 -0.000000 -2.054581 -0.000004 1.570799
10 -2.657338 -0.365570 -0.324763 -3.073151 0.182981 -0.062497
11 -0.000000 0.000000 0.000000 0.166051 0.485162 -0.714806
12 0.000003 1.887209 0.000028 0.194353 0.472347 -0.227125
13 -0.000008 1.001871 0.000004 0.295814 2.955647 -0.559958
14 -0.451693 1.213947 -0.058020 -1.434995 0.151216 0.018951
15 -0.000001 0.000001 0.000001 0.059386 0.467012 -1.153234
16 -0.000001 0.963852 -0.000001 0.013348 0.044450 -0.005489
17 0.000000 0.632002 -0.000001 0.553895 2.241784 -0.331889
18 -0.126649 0.620189 -0.039310 -1.649072 0.166160 -0.011484
19 -0.000000 -0.000001 -0.000000 0.028769 0.491640 -1.321781
20 -0.000000 1.208233 0.000000 -0.121338 -0.236384 0.243805
21 0.000000 0.763065 0.000000 0.447465 2.949254 -0.533165
22 0.000001 0.000001 0.000001 -1.691855 0.160586 -0.074781
23 -0.000001 -0.000000 0.000001 0.113638 0.954374 -1.417464
24 0.000001 1.250578 -0.000000 -0.503006 -0.675705 0.620051
25 -0.000001 0.932634 0.000000 0.432194 3.087004 -0.596076
26 -0.093758 -0.657727 0.062875 -1.705938 0.157701 -0.095658
27 0.000002 -0.000000 -0.000000 0.308794 0.055548 -1.477625
28 0.000001 1.280972 -0.000000 -0.015696 -0.035747 0.294238
29 -0.000001 0.749375 0.000000 0.493861 -3.025272 -0.462269
30 0.000000 8.563284 -0.000001 0.081751 -0.413067 -0.090180
31 -0.000000 0.000001 0.000000 -0.000000 0.000004 -0.000000
32 -4.654183 -1.415280 6.902198 -0.825666 2.576106 -0.000002
33 -0.000001 0.000000 -0.000000 -1.407127 0.577450 -0.604973
34 0.000001 8.543637 0.000001 2.181800 0.000001 1.570796
35 0.000001 0.000000 0.000000 -1.092887 0.038490 -0.050735
36 -0.000001 0.000000 0.000000 2.994951 0.675329 0.968655
37 0.000000 3.013525 -0.000000 -2.404103 -0.000001 1.570796
38 -2.659014 0.316089 -0.314419 -3.083485 0.263055 -0.047496
39 0.000000 -0.000001 -0.000000 -1.103803 -2.198187 -1.053102
40 0.000007 1.978482 0.000008 0.856489 -0.393698 -0.603066
41 -0.000003 0.982430 -0.000005 0.141910 -0.491004 0.033567
42 -0.089258 0.659884 0.067214 1.657580 0.268134 -0.033754
43 0.498185 -0.076229 0.714167 0.611757 -0.006689 -1.616449
44 -0.000000 1.292971 -0.000002 -0.003040 0.004522 -0.355977
45 -0.000000 0.752466 0.000000 -0.200927 0.245474 -0.490082
46 -0.000001 0.000000 0.000000 1.671850 0.269475 -0.049573
47 0.156321 0.062374 0.322258 0.028257 -0.311786 -1.946861
48 -0.000001 1.261223 -0.000001 -0.073257 0.115192 -0.226980
49 -0.000000 0.943236 -0.000001 -0.037750 -0.046925 -0.441089
50 -0.108525 -0.607961 -0.044203 1.694999 0.265808 -0.017787
51 0.006729 -0.037597 0.006617 0.086030 -0.461219 -1.908696
52 -0.000000 1.208372 -0.000001 -0.072983 0.086798 -0.143695
53 0.000000 0.741943 0.000000 -0.115488 0.117750 -0.144179
54 -0.479803 -1.191699 -0.061834 1.597265 0.268013 0.032300
55 -0.000000 0.000000 -0.000000 0.122750 -0.630962 -2.010609
56 0.000000 0.996223 0.000000 -0.147432 0.172378 -0.138183
57 0.000000 0.614692 -0.000001 -0.070240 0.335468 0.056969
58 0.000001 8.543637 0.000001 0.114853 -0.476246 -0.111333
59 0.000000 -0.000001 -0.000000 0.000000 -0.000003 0.000000
60 -0.017822 -2.296563 2.572392 1.490133 1.779938 0.376769
61 -0.000000 0.216537 0.000000 -1.004151 0.102230 0.255883
62 0.122706 11.211333 -3.790611 0.000694 -0.000000 -3.141593
63 0.000001 16.673233 -0.000003 0.037827 3.141593 -0.000000
64 -0.000003 15.595432 0.000004 0.043144 0.000000 0.000000
65 0.000000 14.075081 0.000003 0.096115 -0.000000 -0.000000
66 -0.000001 13.425272 0.000001 0.152319 0.000000 0.000000
time 31
0 -4.770313 -17.804712 -8.518756 1.570796 -0.000000 0.000000
1 4.771459 -5.564794 3.605348 -0.000128 0.087794 -1.384492
2 0.000000 -0.000002 -0.000000 1.570796 -0.000000 0.000000
3 -0.056707 0.000001 -3.094907 -0.000000 -0.000000 0.000000
4 6.833632 1.302324 6.671466 -0.825666 2.576106 -0.000002
5 1.140234 -6.856876 -7.975102 -1.098770 0.051688 1.246004
6 0.000000 8.563282 0.000001 -2.463579 0.000002 1.570792
7 0.000000 -0.000000 0.000001 -2.704896 -0.442717 1.336377
8 0.000000 -0.000000 0.000000 -1.498854 1.240896 -1.916422
9 0.000000 3.026592 -0.000000 -2.054581 -0.000004 1.570799
10 -2.657338 -0.365572 -0.324764 -3.073150 0.182981 -0.062497
11 0.000000 -0.000001 -0.000000 0.101823 0.485163 -0.714806
12 0.000004 1.887205 0.000027 0.194353 0.472346 -0.227125
13 -0.000007 1.001871 0.000006 0.295814 2.955647 -0.559958
14 -0.451691 1.213947 -0.058024 -1.434995 0.151216 0.018951
15 0.000001 -0.000001 -0.000001 0.059385 0.467012 -1.153234
16 -0.000000 0.963852 0.000000 0.013349 0.044450 -0.005489
17 -0.000001 0.632002 0.000000 0.553895 2.241783 -0.331889
18 -0.126647 0.620188 -0.039315 -1.649072 0.166160 -0.011484
19 0.000002 0.000001 -0.000001 0.028769 0.491640 -1.321781
20 0.000000 1.208232 -0.000000 -0.121338 -0.236384 0.243805
21 0.000000 0.763067 0.000000 0.447465 2.949254 -0.533165
22 0.000001 -0.000001 -0.000001 -1.691855 0.160586 -0.074781
23 -0.000001 -0.000001 0.000000 0.113639 0.954374 -1.417464
24 0.000001 1.250577 -0.000000 -0.503006 -0.675705 0.620051
25 0.000000 0.932632 0.000000 0.432193 3.087004 -0.596076
26 -0.093758 -0.657728 0.062872 -1.705938 0.157701 -0.095658
27 -0.000001 0.000000 0.000000 0.162863 0.055547 -1.477625
28 0.000001 1.280976 0.000000 -0.015696 -0.035747 0.294238
29 -0.000001 0.749374 0.000001 0.493861 -3.025271 -0.462269
30 0.000000 8.563282 0.000001 0.081751 -0.413067 -0.090180
31 -0.000002 0.000001 0.000000 -0.000000 0.000004 0.000000
32 -4.654183 -1.415280 6.902198 -0.825666 2.576106 -0.000002
33 -0.000001 0.000000 -0.000000 -1.213375 0.642309 -0.504341
34 0.000000 8.543637 0.000001 2.181800 0.000001 1.570796
35 -0.000001 -0.000000 -0.000000 -1.092888 0.038490 -0.050735
36 -0.000001 0.000000 0.000001 2.894202 0.648893 1.102330
37 -0.000000 3.013525 -0.000001 -2.404103 -0.000002 1.570796
38 -2.659012 0.316089 -0.314420 -3.083484 0.263056 -0.047497
39 0.000001 -0.000000 -0.000000 -1.103801 -2.198187 -1.053106
40 0.000008 1.978481 0.000006 0.856489 -0.393697 -0.603066
41 -0.000004 0.982429 -0.000004 0.141910 -0.491003 0.033568
42 -0.089257 0.659883 0.067213 1.657580 0.268134 -0.033754
43 0.498186 -0.076230 0.714166 0.611757 -0.006689 -1.616449
44 0.000000 1.292969 0.000000 -0.003040 0.004522 -0.355976
45 -0.000000 0.752466 -0.000001 -0.200927 0.245474 -0.490082
46 -0.000000 -0.000000 -0.000000 1.671850 0.269475 -0.049573
47 0.156323 0.062373 0.322259 0.028257 -0.311785 -1.946862
48 0.000001 1.261222 0.000000 -0.073257 0.115192 -0.226980
49 -0.000001 0.943235 0.000000 -0.037750 -0.046925 -0.441089
50 -0.108525 -0.607962 -0.044203 1.694999 0.265808 -0.017787
51 0.006729 -0.037597 0.006616 0.086030 -0.461219 -1.908696
52 -0.000000 1.208373 -0.000000 -0.072983 0.086798 -0.143695
53 0.000000 0.741942 -0.000000 -0.115488 0.117750 -0.144179
54 -0.479803 -1.191700 -0.061834 1.597265 0.268013 0.032301
55 -0.000000 0.000000 -0.000000 0.122750 -0.630962 -2.010609
56 0.000000 0.996223 -0.000000 -0.147432 0.172378 -0.138182
57 -0.000001 0.614691 -0.000001 -0.070240 0.335468 0.056969
58 0.000000 8.543637 0.000001 0.114853 -0.476246 -0.111333
59 0.000000 0.000000 -0.000000 0.000000 -0.000003 -0.000000
60 -0.487809 -2.591208 2.615258 0.163529 1.842230 -0.704492
61 -0.000000 0.216537 0.000000 -0.666215 0.041378 0.223256
62 0.122706 11.211333 -3.790611 0.000694 -0.000000 -3.141593
63 0.000001 16.673233 -0.000001 -0.036109 3.141593 0.000000
64 -0.000000 15.595428 0.000001 -0.106250 0.000000 0.000000
65 -0.000001 14.075075 0.000001 -0.114449 0.000000 -0.000000
66 -0.000002 13.425270 0.000003 -0.126020 -0.000000 0.000000
time 32
0 -4.770313 -17.804712 -8.518756 1.570796 -0.000000 0.000000
1 4.771459 -5.564794 3.605348 -0.000128 0.087794 -1.384492
2 0.000000 -0.000002 -0.000000 1.570796 -0.000000 0.000000
3 -0.056707 0.000001 -3.094907 -0.000000 -0.000000 0.000000
4 6.833632 1.302324 6.671466 -0.825666 2.576106 -0.000002
5 1.140234 -6.856876 -7.975102 -1.048552 0.044287 1.195650
6 0.000000 8.563279 0.000000 -2.463579 0.000002 1.570793
7 -0.000002 0.000000 0.000000 -2.704896 -0.442717 1.336377
8 -0.000000 0.000000 0.000001 -1.464992 1.232540 -1.829591
9 -0.000001 3.026592 0.000000 -2.054582 -0.000004 1.570799
10 -2.657340 -0.365570 -0.324763 -3.073150 0.182981 -0.062497
11 -0.000001 -0.000000 -0.000000 0.037596 0.485163 -0.714805
12 0.000003 1.887202 0.000027 0.194353 0.472345 -0.227125
13 -0.000008 1.001870 0.000006 0.295815 2.955647 -0.559959
14 -0.451692 1.213947 -0.058021 -1.434995 0.151216 0.018951
15 -0.000002 -0.000000 0.000000 0.059385 0.467012 -1.153234
16 -0.000000 0.963853 -0.000001 0.013348 0.044450 -0.005489
17 0.000000 0.632002 0.000001 0.553895 2.241784 -0.331889
18 -0.126649 0.620188 -0.039311 -1.649072 0.166160 -0.011484
19 -0.000000 -0.000000 -0.000001 0.028769 0.491640 -1.321781
20 -0.000000 1.208232 0.000000 -0.121338 -0.236384 0.243805
21 0.000000 0.763065 0.000000 0.447465 2.949253 -0.533165
22 -0.000001 -0.000000 0.000000 -1.691855 0.160586 -0.074781
23 -0.000000 0.000000 -0.000000 0.113638 0.954374 -1.417464
24 0.000001 1.250581 0.000000 -0.503006 -0.675705 0.620051
25 0.000001 0.932633 0.000001 0.432193 3.087004 -0.596076
26 -0.093760 -0.657728 0.062876 -1.705938 0.157701 -0.095658
27 0.000000 0.000000 -0.000000 0.016776 0.055548 -1.477625
28 -0.000000 1.280979 0.000000 -0.015696 -0.035747 0.294238
29 -0.000000 0.749374 0.000000 0.493861 -3.025271 -0.462269
30 0.000000 8.563279 0.000000 0.081751 -0.413066 -0.090179
31 0.000002 0.000001 0.000000 0.000000 0.000004 -0.000000
32 -4.654183 -1.415280 6.902198 -0.825666 2.576106 -0.000002
33 -0.000001 0.000000 -0.000000 -1.003172 0.689403 -0.384698
34 0.000000 8.543638 0.000001 2.181800 0.000001 1.570796
35 -0.000000 0.000000 0.000000 -1.092888 0.038490 -0.050735
36 -0.000000 -0.000000 -0.000000 2.791195 0.633777 1.236658
37 0.000001 3.013527 -0.000000 -2.404103 -0.000002 1.570796
38 -2.659015 0.316090 -0.314421 -3.083493 0.263052 -0.047498
39 -0.000000 -0.000000 0.000001 -1.103813 -2.198177 -1.053094
40 0.000007 1.978482 0.000006 0.856489 -0.393697 -0.603067
41 -0.000004 0.982429 -0.000005 0.141910 -0.491003 0.033568
42 -0.089259 0.659884 0.067213 1.657580 0.268134 -0.033754
43 0.498186 -0.076229 0.714166 0.611757 -0.006689 -1.616449
44 -0.000001 1.292969 -0.000001 -0.003040 0.004522 -0.355977
45 -0.000000 0.752464 -0.000000 -0.200927 0.245474 -0.490082
46 -0.000001 0.000000 -0.000001 1.671850 0.269475 -0.049572
47 0.156323 0.062374 0.322259 0.028257 -0.311786 -1.946861
48 0.000000 1.261224 -0.000000 -0.073257 0.115192 -0.226980
49 0.000001 0.943233 -0.000000 -0.037750 -0.046925 -0.441089
50 -0.108525 -0.607961 -0.044204 1.694999 0.265808 -0.017787
51 0.006728 -0.037598 0.006616 0.086030 -0.461219 -1.908696
52 -0.000001 1.208371 -0.000000 -0.072983 0.086798 -0.143695
53 0.000002 0.741942 0.000000 -0.115488 0.117750 -0.144179
54 -0.479804 -1.191699 -0.061834 1.597265 0.268013 0.032301
55 0.000000 -0.000001 -0.000000 0.122750 -0.630962 -2.010609
56 0.000000 0.996222 0.000000 -0.147432 0.172378 -0.138182
57 0.000000 0.614690 -0.000000 -0.070240 0.335468 0.056969
58 0.000000 8.543638 0.000001 0.114853 -0.476246 -0.111333
59 -0.000000 -0.000001 -0.000000 -0.000000 -0.000003 0.000000
60 -0.928430 -3.218565 2.567524 -0.380625 2.058725 -0.983622
61 -0.000000 0.216537 0.000000 -0.326570 -0.005065 0.172249
62 0.122706 11.211333 -3.790611 0.000694 -0.000000 -3.141593
63 0.000001 16.673231 -0.000002 -0.110032 3.141593 -0.000000
64 -0.000001 15.595435 0.000001 -0.255510 0.000000 0.000000
65 -0.000000 14.075068 0.000002 -0.324636 -0.000000 -0.000000
66 -0.000003 13.425271 0.000006 -0.403446 -0.000000 0.000000
time 33
0 -4.770313 -17.804712 -8.518756 1.570796 -0.000000 0.000000
1 4.771459 -5.564794 3.605348 -0.000128 0.087794 -1.384492
2 0.000000 -0.000002 -0.000000 1.570796 -0.000000 0.000000
3 -0.056707 0.000001 -3.094907 -0.000000 -0.000000 0.000000
4 6.833632 1.302324 6.671466 -0.825666 2.576106 -0.000002
5 1.140234 -6.856876 -7.975102 -1.004604 0.039915 1.151585
6 -0.000000 8.563281 0.000000 -2.463579 0.000002 1.570792
7 -0.000001 0.000000 0.000000 -2.704896 -0.442717 1.336377
8 0.000001 0.000001 -0.000001 -1.438056 1.224518 -1.756441
9 0.000000 3.026592 0.000000 -2.054582 -0.000004 1.570799
10 -2.657338 -0.365570 -0.324765 -3.073149 0.182981 -0.062496
11 0.000002 0.000001 0.000000 -0.018329 0.485164 -0.714805
12 0.000001 1.887199 0.000025 0.194353 0.472345 -0.227125
13 -0.000008 1.001867 0.000007 0.295815 2.955647 -0.559959
14 -0.451692 1.213948 -0.058022 -1.434995 0.151217 0.018951
15 0.000000 -0.000000 0.000000 0.059385 0.467012 -1.153234
16 0.000000 0.963853 -0.000001 0.013348 0.044450 -0.005489
17 0.000000 0.632001 0.000000 0.553895 2.241784 -0.331889
18 -0.126649 0.620189 -0.039313 -1.649072 0.166160 -0.011484
19 -0.000000 0.000000 0.000001 0.028769 0.491640 -1.321781
20 0.000001 1.208232 -0.000001 -0.121338 -0.236384 0.243805
21 0.000001 0.763066 -0.000000 0.447465 2.949253 -0.533165
22 -0.000000 0.000000 -0.000000 -1.691855 0.160586 -0.074781
23 -0.000002 -0.000002 0.000000 0.113639 0.954374 -1.417464
24 0.000000 1.250580 0.000000 -0.503006 -0.675705 0.620051
25 -0.000001 0.932632 -0.000001 0.432193 3.087004 -0.596076
26 -0.093760 -0.657727 0.062873 -1.705938 0.157701 -0.095658
27 -0.000000 0.000000 -0.000001 -0.109479 0.055548 -1.477625
28 -0.000001 1.280974 0.000000 -0.015696 -0.035747 0.294238
29 -0.000001 0.749373 0.000001 0.493861 -3.025271 -0.462269
30 -0.000000 8.563281 0.000000 0.081751 -0.413066 -0.090180
31 -0.000001 0.000001 -0.000000 -0.000000 0.000004 0.000000
32 -4.654183 -1.415280 6.902198 -0.825666 2.576106 -0.000002
33 -0.000001 0.000000 -0.000000 -0.811892 0.712987 -0.269960
34 0.000000 8.543636 0.000001 2.181800 0.000001 1.570796
35 -0.000000 0.000000 -0.000000 -1.092888 0.038490 -0.050735
36 -0.000000 -0.000000 0.000000 2.702326 0.630039 1.351771
37 -0.000000 3.013527 -0.000001 -2.404103 -0.000001 1.570796
38 -2.659015 0.316089 -0.314420 -3.083492 0.263053 -0.047498
39 0.000000 -0.000000 0.000000 -1.103810 -2.198178 -1.053097
40 0.000009 1.978484 0.000005 0.856489 -0.393697 -0.603067
41 -0.000003 0.982431 -0.000005 0.141909 -0.491002 0.033568
42 -0.089259 0.659883 0.067213 1.657580 0.268134 -0.033754
43 0.498185 -0.076229 0.714165 0.611757 -0.006690 -1.616449
44 -0.000000 1.292972 0.000000 -0.003040 0.004522 -0.355976
45 -0.000000 0.752467 0.000001 -0.200927 0.245474 -0.490082
46 -0.000002 -0.000000 -0.000000 1.671850 0.269475 -0.049573
47 0.156321 0.062374 0.322259 0.028257 -0.311786 -1.946861
48 0.000001 1.261222 0.000000 -0.073257 0.115192 -0.226980
49 0.000001 0.943233 -0.000000 -0.037750 -0.046925 -0.441089
50 -0.108525 -0.607962 -0.044204 1.694999 0.265808 -0.017787
51 0.006729 -0.037597 0.006616 0.086030 -0.461219 -1.908696
52 0.000001 1.208373 -0.000000 -0.072983 0.086798 -0.143695
53 -0.000000 0.741942 0.000000 -0.115488 0.117750 -0.144179
54 -0.479804 -1.191700 -0.061833 1.597265 0.268013 0.032301
55 -0.000000 -0.000001 0.000000 0.122751 -0.630962 -2.010609
56 -0.000001 0.996225 0.000000 -0.147432 0.172378 -0.138183
57 0.000000 0.614691 0.000000 -0.070240 0.335468 0.056969
58 0.000000 8.543636 0.000001 0.114853 -0.476246 -0.111333
59 -0.000001 -0.000001 0.000000 0.000000 -0.000003 -0.000000
60 -1.210440 -3.987674 2.348586 -0.649784 2.250830 -1.003684
61 -0.000000 0.216537 0.000000 -0.043781 -0.028492 0.120173
62 0.122706 11.211333 -3.790611 0.000694 -0.000000 -3.141593
63 0.000001 16.673227 -0.000000 -0.174347 3.141593 0.000000
64 -0.000001 15.595428 0.000001 -0.384271 0.000000 -0.000000
65 -0.000001 14.075070 0.000003 -0.503983 -0.000000 -0.000000
66 -0.000001 13.425272 -0.000005 -0.636311 0.000000 0.000000
time 34
0 -4.770313 -17.804712 -8.518756 1.570796 -0.000000 0.000000
1 4.771459 -5.564794 3.605348 -0.000128 0.087794 -1.384492
2 0.000000 -0.000002 -0.000000 1.570796 -0.000000 0.000000
3 -0.056707 0.000001 -3.094907 -0.000000 -0.000000 0.000000
4 6.833632 1.302324 6.671466 -0.825666 2.576106 -0.000002
5 1.140234 -6.856876 -7.975102 -0.973538 0.037999 1.120435
6 -0.000001 8.563282 -0.000002 -2.463579 0.000002 1.570793
7 0.000001 -0.000000 0.000001 -2.704896 -0.442717 1.336377
8 -0.000001 -0.000000 0.000001 -1.420560 1.218485 -1.706282
9 -0.000002 3.026592 -0.000001 -2.054582 -0.000005 1.570799
10 -2.657336 -0.365570 -0.324763 -3.073149 0.182981 -0.062496
11 0.000002 0.000000 0.000000 -0.057777 0.485165 -0.714804
12 0.000003 1.887198 0.000023 0.194353 0.472344 -0.227126
13 -0.000008 1.001867 0.000007 0.295815 2.955647 -0.559959
14 -0.451691 1.213947 -0.058021 -1.434995 0.151216 0.018951
15 -0.000000 -0.000001 -0.000000 0.059385 0.467012 -1.153234
16 0.000001 0.963852 0.000000 0.013348 0.044450 -0.005489
17 -0.000002 0.632001 -0.000000 0.553895 2.241784 -0.331889
18 -0.126648 0.620189 -0.039312 -1.649073 0.166160 -0.011484
19 -0.000001 0.000001 -0.000000 0.028769 0.491640 -1.321781
20 -0.000002 1.208234 -0.000000 -0.121338 -0.236384 0.243805
21 0.000001 0.763066 -0.000001 0.447465 2.949254 -0.533165
22 0.000001 0.000001 0.000000 -1.691856 0.160586 -0.074781
23 0.000001 0.000000 0.000000 0.113639 0.954374 -1.417464
24 0.000000 1.250578 0.000001 -0.503006 -0.675705 0.620051
25 -0.000001 0.932634 -0.000001 0.432194 3.087004 -0.596076
26 -0.093757 -0.657727 0.062876 -1.705938 0.157701 -0.095658
27 0.000000 -0.000000 0.000000 -0.197395 0.055548 -1.477625
28 -0.000001 1.280976 0.000000 -0.015696 -0.035747 0.294238
29 -0.000000 0.749372 0.000000 0.493861 -3.025271 -0.462269
30 -0.000001 8.563282 -0.000002 0.081751 -0.413067 -0.090180
31 -0.000001 0.000000 -0.000000 -0.000000 0.000004 0.000000
32 -4.654183 -1.415280 6.902198 -0.825666 2.576106 -0.000002
33 -0.000001 0.000000 -0.000000 -0.676250 0.719206 -0.186692
34 0.000000 8.543641 -0.000000 2.181800 0.000001 1.570796
35 0.000000 -0.000001 0.000001 -1.092888 0.038490 -0.050735
36 0.000000 0.000000 0.000000 2.641456 0.632463 1.430757
37 -0.000000 3.013525 -0.000001 -2.404103 -0.000002 1.570796
38 -2.659015 0.316090 -0.314420 -3.083491 0.263054 -0.047498
39 0.000001 -0.000000 0.000000 -1.103808 -2.198178 -1.053099
40 0.000009 1.978484 0.000005 0.856489 -0.393697 -0.603067
41 -0.000003 0.982431 -0.000004 0.141909 -0.491002 0.033568
42 -0.089258 0.659884 0.067214 1.657580 0.268134 -0.033754
43 0.498185 -0.076229 0.714166 0.611757 -0.006689 -1.616449
44 0.000000 1.292971 -0.000000 -0.003040 0.004522 -0.355976
45 0.000001 0.752465 0.000000 -0.200927 0.245474 -0.490082
46 -0.000000 -0.000000 0.000000 1.671850 0.269475 -0.049573
47 0.156322 0.062374 0.322259 0.028257 -0.311786 -1.946861
48 0.000000 1.261222 0.000000 -0.073257 0.115192 -0.226980
49 0.000001 0.943233 -0.000001 -0.037750 -0.046925 -0.441089
50 -0.108526 -0.607961 -0.044204 1.694999 0.265808 -0.017787
51 0.006730 -0.037597 0.006617 0.086030 -0.461219 -1.908696
52 0.000000 1.208373 0.000000 -0.072983 0.086798 -0.143695
53 -0.000000 0.741943 0.000000 -0.115488 0.117750 -0.144179
54 -0.479804 -1.191699 -0.061834 1.597265 0.268013 0.032301
55 -0.000001 0.000000 -0.000001 0.122751 -0.630962 -2.010609
56 0.000001 0.996222 -0.000000 -0.147432 0.172378 -0.138182
57 -0.000001 0.614691 -0.000000 -0.070240 0.335468 0.056969
58 0.000000 8.543641 -0.000000 0.114853 -0.476246 -0.111333
59 0.000000 -0.000001 0.000000 0.000000 -0.000003 0.000000
60 -1.319372 -4.604201 2.062633 -0.807099 2.375138 -0.974971
61 -0.000000 0.216537 0.000000 0.142498 -0.035076 0.083254
62 0.122706 11.211333 -3.790611 0.000694 -0.000000 -3.141593
63 0.000000 16.673229 0.000002 -0.219665 3.141593 0.000000
64 -0.000001 15.595429 -0.000002 -0.473922 0.000000 0.000000
65 -0.000001 14.075072 0.000003 -0.626988 0.000000 0.000000
66 -0.000000 13.425274 -0.000004 -0.792563 -0.000000 0.000000
time 35
0 -4.770313 -17.804712 -8.518756 1.570796 -0.000000 0.000000
1 4.771459 -5.564794 3.605348 -0.000128 0.087794 -1.384492
2 0.000000 -0.000002 -0.000000 1.570796 -0.000000 0.000000
3 -0.056707 0.000001 -3.094907 -0.000000 -0.000000 0.000000
4 6.833632 1.302324 6.671466 -0.825666 2.576106 -0.000002
5 1.140234 -6.856876 -7.975102 -0.961773 0.037526 1.108639
6 -0.000001 8.563283 -0.000000 -2.463579 0.000002 1.570793
7 -0.000001 0.000000 0.000001 -2.704896 -0.442717 1.336377
8 -0.000001 -0.000001 -0.000000 -1.414418 1.216148 -1.687754
9 0.000001 3.026592 0.000000 -2.054582 -0.000005 1.570799
10 -2.657338 -0.365572 -0.324764 -3.073149 0.182981 -0.062496
11 0.000001 0.000000 0.000001 -0.072710 0.485165 -0.714804
12 0.000003 1.887197 0.000024 0.194354 0.472344 -0.227125
13 -0.000008 1.001868 0.000006 0.295815 2.955647 -0.559959
14 -0.451692 1.213946 -0.058023 -1.434995 0.151216 0.018951
15 0.000000 -0.000000 -0.000000 0.059385 0.467012 -1.153234
16 -0.000001 0.963855 0.000001 0.013348 0.044450 -0.005489
17 0.000000 0.632001 -0.000000 0.553895 2.241784 -0.331889
18 -0.126649 0.620188 -0.039313 -1.649072 0.166160 -0.011484
19 -0.000001 -0.000001 0.000000 0.028769 0.491640 -1.321781
20 0.000001 1.208233 0.000001 -0.121338 -0.236384 0.243805
21 0.000000 0.763067 -0.000001 0.447465 2.949254 -0.533165
22 0.000001 -0.000000 -0.000000 -1.691855 0.160586 -0.074781
23 0.000001 0.000001 -0.000001 0.113639 0.954374 -1.417464
24 -0.000001 1.250576 -0.000000 -0.503006 -0.675704 0.620051
25 0.000001 0.932636 0.000000 0.432193 3.087003 -0.596076
26 -0.093759 -0.657728 0.062874 -1.705938 0.157701 -0.095658
27 0.000000 0.000000 0.000000 -0.230074 0.055548 -1.477625
28 -0.000000 1.280975 0.000000 -0.015696 -0.035747 0.294238
29 -0.000001 0.749372 0.000000 0.493861 -3.025271 -0.462269
30 -0.000001 8.563283 -0.000000 0.081751 -0.413067 -0.090180
31 0.000001 0.000002 0.000001 0.000000 0.000004 0.000000
32 -4.654183 -1.415280 6.902198 -0.825666 2.576106 -0.000002
33 -0.000001 0.000000 -0.000000 -0.625824 0.719320 -0.155053
34 0.000001 8.543636 -0.000000 2.181800 0.000001 1.570796
35 0.000001 -0.000001 0.000000 -1.092887 0.038490 -0.050735
36 0.000001 -0.000000 0.000000 -0.522198 2.507060 -1.681672
37 -0.000000 3.013527 0.000000 -2.404103 -0.000002 1.570796
38 -2.659014 0.316090 -0.314419 -3.083491 0.263054 -0.047498
39 0.000001 -0.000000 0.000001 -1.103808 -2.198179 -1.053099
40 0.000011 1.978485 0.000004 0.856489 -0.393697 -0.603067
41 -0.000005 0.982432 -0.000004 0.141909 -0.491002 0.033568
42 -0.089257 0.659884 0.067214 1.657580 0.268134 -0.033754
43 0.498184 -0.076230 0.714166 0.611757 -0.006690 -1.616449
44 0.000000 1.292969 -0.000000 -0.003040 0.004522 -0.355976
45 -0.000001 0.752468 0.000000 -0.200927 0.245474 -0.490082
46 -0.000001 0.000000 0.000001 1.671850 0.269476 -0.049572
47 0.156321 0.062373 0.322259 0.028257 -0.311786 -1.946861
48 0.000000 1.261223 -0.000000 -0.073257 0.115192 -0.226980
49 0.000000 0.943234 0.000001 -0.037750 -0.046925 -0.441089
50 -0.108525 -0.607961 -0.044202 1.694999 0.265808 -0.017787
51 0.006730 -0.037598 0.006616 0.086030 -0.461219 -1.908696
52 0.000001 1.208372 0.000000 -0.072983 0.086798 -0.143695
53 -0.000000 0.741943 0.000000 -0.115488 0.117750 -0.144179
54 -0.479803 -1.191699 -0.061833 1.597265 0.268013 0.032301
55 -0.000001 -0.000000 0.000001 0.122751 -0.630962 -2.010609
56 -0.000000 0.996224 -0.000000 -0.147432 0.172378 -0.138183
57 -0.000000 0.614692 0.000000 -0.070240 0.335468 0.056969
58 0.000001 8.543636 -0.000000 0.114853 -0.476246 -0.111333
59 0.000001 -0.000000 0.000000 0.000000 -0.000003 -0.000000
60 -1.336320 -4.840162 1.925274 -0.862206 2.418227 -0.958038
61 -0.000000 0.216537 0.000000 0.209440 -0.034907 0.069813
62 0.122706 11.211333 -3.790611 0.000694 -0.000000 -3.141593
63 0.000000 16.673227 0.000001 -0.236804 3.141593 0.000000
64 0.000000 15.595427 0.000001 -0.507533 0.000000 -0.000000
65 -0.000000 14.075073 0.000000 -0.672605 0.000000 0.000000
66 -0.000000 13.425266 -0.000002 -0.849625 -0.000000 -0.000000
time 36
0 -4.770313 -17.804712 -8.518756 1.570796 -0.000000 0.000000
1 4.771459 -5.564794 3.605348 -0.000128 0.087794 -1.384492
2 0.000000 -0.000002 -0.000000 1.570796 -0.000000 0.000000
3 -0.056707 0.000001 -3.094907 -0.000000 -0.000000 0.000000
4 6.833632 1.302324 6.671466 -0.825666 2.576106 -0.000002
5 1.140234 -6.856876 -7.975102 -0.966388 0.038873 1.113143
6 0.000001 8.563284 0.000000 -2.463579 0.000002 1.570792
7 -0.000000 0.000000 0.000001 -2.704896 -0.442717 1.336377
8 -0.000000 -0.000001 -0.000000 -1.415906 1.217273 -1.694819
9 0.000000 3.026592 0.000001 -2.054581 -0.000005 1.570799
10 -2.657340 -0.365571 -0.324762 -3.073149 0.182981 -0.062496
11 -0.000001 -0.000001 0.000000 -0.072710 0.485165 -0.714805
12 0.000001 1.887198 0.000022 0.194353 0.472344 -0.227125
13 -0.000007 1.001864 0.000006 0.295815 2.955647 -0.559959
14 -0.451693 1.213947 -0.058020 -1.434995 0.151216 0.018951
15 0.000000 0.000001 -0.000000 0.059386 0.467012 -1.153234
16 0.000000 0.963852 0.000000 0.013348 0.044450 -0.005489
17 -0.000001 0.632002 -0.000000 0.553895 2.241784 -0.331889
18 -0.126649 0.620189 -0.039311 -1.649073 0.166160 -0.011484
19 -0.000002 -0.000001 -0.000001 0.028769 0.491640 -1.321781
20 -0.000001 1.208232 0.000000 -0.121338 -0.236384 0.243805
21 -0.000001 0.763064 -0.000001 0.447465 2.949253 -0.533165
22 -0.000001 0.000000 0.000001 -1.691855 0.160586 -0.074781
23 0.000001 0.000001 -0.000000 0.113638 0.954374 -1.417464
24 -0.000000 1.250580 0.000001 -0.503006 -0.675705 0.620051
25 -0.000000 0.932635 -0.000000 0.432193 3.087004 -0.596076
26 -0.093759 -0.657728 0.062875 -1.705938 0.157701 -0.095658
27 -0.000000 -0.000000 0.000001 -0.229497 0.055548 -1.477625
28 0.000000 1.280975 0.000001 -0.015696 -0.035747 0.294238
29 -0.000000 0.749373 -0.000001 0.493861 -3.025271 -0.462269
30 0.000001 8.563284 0.000000 0.081751 -0.413066 -0.090180
31 -0.000001 -0.000001 0.000000 -0.000000 0.000004 0.000000
32 -4.654183 -1.415280 6.902198 -0.825666 2.576106 -0.000002
33 -0.000001 0.000000 -0.000000 -0.630229 0.718652 -0.156174
34 0.000000 8.543634 0.000000 2.181800 0.000001 1.570796
35 -0.000001 -0.000000 -0.000000 -1.092888 0.038490 -0.050735
36 0.000001 0.000000 -0.000000 -0.518729 2.506074 -1.682430
37 -0.000001 3.013526 0.000000 -2.404103 -0.000001 1.570796
38 -2.659014 0.316090 -0.314419 -3.083491 0.263054 -0.047498
39 -0.000002 -0.000000 -0.000000 -1.103808 -2.198179 -1.053099
40 0.000010 1.978484 0.000006 0.856489 -0.393697 -0.603067
41 -0.000004 0.982431 -0.000004 0.141909 -0.491002 0.033568
42 -0.089258 0.659883 0.067214 1.657580 0.268134 -0.033754
43 0.498183 -0.076230 0.714166 0.611757 -0.006690 -1.616449
44 -0.000001 1.292970 0.000000 -0.003040 0.004522 -0.355976
45 0.000000 0.752466 0.000001 -0.200927 0.245474 -0.490082
46 -0.000001 -0.000000 0.000000 1.671850 0.269476 -0.049573
47 0.156321 0.062373 0.322259 0.028257 -0.311786 -1.946861
48 0.000000 1.261223 0.000000 -0.073257 0.115192 -0.226980
49 0.000000 0.943234 0.000001 -0.037750 -0.046925 -0.441089
50 -0.108525 -0.607962 -0.044203 1.694999 0.265808 -0.017787
51 0.006729 -0.037597 0.006616 0.086030 -0.461219 -1.908696
52 -0.000001 1.208374 0.000000 -0.072983 0.086798 -0.143695
53 -0.000000 0.741942 0.000001 -0.115488 0.117750 -0.144179
54 -0.479803 -1.191699 -0.061834 1.597265 0.268013 0.032301
55 -0.000001 0.000001 0.000001 0.122751 -0.630962 -2.010609
56 -0.000000 0.996222 0.000001 -0.147432 0.172378 -0.138182
57 0.000001 0.614693 -0.000000 -0.070240 0.335468 0.056969
58 0.000000 8.543634 0.000000 0.114853 -0.476246 -0.111333
59 -0.000000 -0.000002 0.000000 -0.000000 -0.000003 0.000000
60 -1.321164 -4.815232 1.938361 -0.854457 2.414053 -0.955216
61 -0.000000 0.216537 0.000000 0.199722 -0.033195 0.070948
62 0.122706 11.211333 -3.790611 0.000694 -0.000000 -3.141593
63 0.000000 16.673233 -0.000002 -0.218205 3.141593 -0.000000
64 0.000000 15.595429 0.000003 -0.473968 0.000000 -0.000000
65 -0.000000 14.075070 0.000001 -0.629721 0.000000 0.000000
66 0.000000 13.425276 -0.000006 -0.798624 -0.000000 0.000000
time 37
0 -4.770313 -17.804712 -8.518756 1.570796 -0.000000 0.000000
1 4.771459 -5.564794 3.605348 -0.000128 0.087794 -1.384492
2 0.000000 -0.000002 -0.000000 1.570796 -0.000000 0.000000
3 -0.056707 0.000001 -3.094907 -0.000000 -0.000000 0.000000
4 6.833632 1.302324 6.671466 -0.825666 2.576106 -0.000002
5 1.140234 -6.856876 -7.975102 -0.978531 0.042525 1.124991
6 0.000000 8.563280 -0.000001 -2.463579 0.000002 1.570793
7 0.000000 0.000000 0.000001 -2.704896 -0.442717 1.336377
8 0.000000 0.000001 -0.000002 -1.419486 1.220162 -1.713126
9 -0.000000 3.026593 0.000000 -2.054581 -0.000005 1.570799
10 -2.657340 -0.365571 -0.324765 -3.073149 0.182981 -0.062496
11 -0.000003 -0.000000 0.000001 -0.072710 0.485165 -0.714804
12 0.000002 1.887197 0.000024 0.194354 0.472344 -0.227125
13 -0.000007 1.001867 0.000005 0.295815 2.955647 -0.559959
14 -0.451693 1.213947 -0.058023 -1.434995 0.151216 0.018951
15 -0.000003 0.000001 -0.000000 0.059385 0.467012 -1.153234
16 -0.000000 0.963851 0.000001 0.013348 0.044450 -0.005489
17 -0.000000 0.632001 0.000000 0.553895 2.241783 -0.331889
18 -0.126650 0.620188 -0.039314 -1.649073 0.166160 -0.011484
19 0.000000 0.000000 -0.000000 0.028769 0.491640 -1.321781
20 0.000001 1.208233 -0.000000 -0.121338 -0.236384 0.243805
21 0.000001 0.763064 0.000001 0.447465 2.949253 -0.533165
22 -0.000001 0.000000 -0.000001 -1.691856 0.160586 -0.074781
23 -0.000002 0.000000 -0.000000 0.113638 0.954374 -1.417464
24 0.000000 1.250582 -0.000001 -0.503006 -0.675705 0.620051
25 -0.000000 0.932632 -0.000000 0.432193 3.087004 -0.596076
26 -0.093760 -0.657727 0.062874 -1.705938 0.157700 -0.095658
27 -0.000002 0.000001 0.000000 -0.228018 0.055547 -1.477625
28 -0.000001 1.280974 0.000001 -0.015696 -0.035747 0.294238
29 -0.000001 0.749373 0.000000 0.493861 -3.025271 -0.462269
30 0.000000 8.563280 -0.000001 0.081751 -0.413067 -0.090180
31 -0.000001 0.000001 0.000001 0.000000 0.000004 -0.000000
32 -4.654183 -1.415280 6.902198 -0.825666 2.576106 -0.000002
33 -0.000001 0.000000 -0.000000 -0.641325 0.716847 -0.160278
34 0.000000 8.543638 0.000000 2.181800 0.000001 1.570796
35 0.000001 0.000000 -0.000000 -1.092888 0.038490 -0.050735
36 -0.000001 0.000000 -0.000001 -0.510205 2.503715 -1.684621
37 -0.000001 3.013527 0.000001 -2.404103 -0.000002 1.570796
38 -2.659013 0.316090 -0.314419 -3.083491 0.263054 -0.047498
39 -0.000000 -0.000000 0.000001 -1.103808 -2.198179 -1.053099
40 0.000010 1.978485 0.000006 0.856489 -0.393697 -0.603067
41 -0.000004 0.982432 -0.000004 0.141909 -0.491002 0.033568
42 -0.089256 0.659883 0.067213 1.657580 0.268134 -0.033754
43 0.498183 -0.076228 0.714166 0.611757 -0.006690 -1.616449
44 -0.000000 1.292971 0.000000 -0.003040 0.004522 -0.355976
45 0.000001 0.752466 -0.000000 -0.200927 0.245474 -0.490082
46 0.000002 -0.000000 0.000000 1.671850 0.269476 -0.049572
47 0.156322 0.062374 0.322259 0.028257 -0.311786 -1.946861
48 -0.000001 1.261222 -0.000000 -0.073257 0.115192 -0.226980
49 0.000000 0.943232 0.000001 -0.037750 -0.046925 -0.441089
50 -0.108523 -0.607961 -0.044203 1.694999 0.265808 -0.017787
51 0.006728 -0.037597 0.006616 0.086030 -0.461219 -1.908696
52 0.000000 1.208372 0.000000 -0.072983 0.086798 -0.143695
53 0.000001 0.741943 0.000000 -0.115488 0.117750 -0.144179
54 -0.479801 -1.191699 -0.061834 1.597265 0.268013 0.032301
55 0.000001 0.000000 0.000000 0.122751 -0.630962 -2.010609
56 -0.000000 0.996224 -0.000001 -0.147432 0.172378 -0.138183
57 -0.000000 0.614691 -0.000001 -0.070240 0.335468 0.056969
58 0.000000 8.543638 0.000000 0.114853 -0.476246 -0.111333
59 0.000000 0.000001 -0.000000 -0.000000 -0.000003 -0.000000
60 -1.284136 -4.757612 1.973072 -0.836057 2.404311 -0.949622
61 -0.000000 0.216537 0.000000 0.173225 -0.030732 0.073909
62 0.122706 11.211333 -3.790611 0.000694 -0.000000 -3.141593
63 0.000000 16.673227 0.000000 -0.168994 3.141593 0.000000
64 -0.000000 15.595431 -0.000002 -0.384400 0.000000 -0.000000
65 0.000000 14.075069 0.000001 -0.514280 0.000000 0.000000
66 -0.000000 13.425271 0.000004 -0.660016 0.000000 0.000000
time 38
0 -4.770313 -17.804712 -8.518756 1.570796 -0.000000 0.000000
1 4.771459 -5.564794 3.605348 -0.000128 0.087794 -1.384492
2 0.000000 -0.000002 -0.000000 1.570796 -0.000000 0.000000
3 -0.056707 0.000001 -3.094907 -0.000000 -0.000000 0.000000
4 6.833632 1.302324 6.671466 -0.825666 2.576106 -0.000002
5 1.140234 -6.856876 -7.975102 -0.995637 0.047934 1.141677
6 -0.000000 8.563283 -0.000001 -2.463579 0.000002 1.570792
7 -0.000001 -0.000000 0.000000 -2.704896 -0.442717 1.336377
8 -0.000000 -0.000001 0.000000 -1.424727 1.224193 -1.739192
9 0.000001 3.026592 -0.000000 -2.054582 -0.000004 1.570799
10 -2.657335 -0.365570 -0.324763 -3.073149 0.182981 -0.062496
11 0.000001 0.000001 -0.000002 -0.072710 0.485165 -0.714804
12 0.000003 1.887196 0.000023 0.194354 0.472344 -0.227126
13 -0.000007 1.001866 0.000005 0.295815 2.955647 -0.559959
14 -0.451689 1.213948 -0.058021 -1.434995 0.151216 0.018951
15 0.000001 0.000000 -0.000000 0.059385 0.467012 -1.153234
16 -0.000001 0.963850 0.000000 0.013348 0.044450 -0.005489
17 -0.000001 0.632002 0.000000 0.553895 2.241784 -0.331889
18 -0.126646 0.620189 -0.039311 -1.649072 0.166160 -0.011484
19 -0.000003 -0.000000 -0.000000 0.028769 0.491640 -1.321781
20 0.000000 1.208234 -0.000000 -0.121338 -0.236384 0.243805
21 -0.000002 0.763063 -0.000001 0.447465 2.949254 -0.533165
22 0.000003 0.000000 0.000000 -1.691855 0.160586 -0.074781
23 -0.000000 0.000000 0.000001 0.113639 0.954374 -1.417464
24 -0.000001 1.250579 -0.000001 -0.503006 -0.675705 0.620051
25 0.000000 0.932633 0.000000 0.432194 3.087004 -0.596076
26 -0.093757 -0.657727 0.062875 -1.705938 0.157701 -0.095658
27 -0.000000 0.000001 0.000000 -0.224619 0.055548 -1.477625
28 -0.000001 1.280974 -0.000001 -0.015696 -0.035748 0.294238
29 0.000001 0.749372 -0.000000 0.493861 -3.025271 -0.462269
30 -0.000000 8.563283 -0.000001 0.081751 -0.413067 -0.090180
31 0.000001 -0.000001 0.000000 -0.000000 0.000004 -0.000000
32 -4.654183 -1.415280 6.902198 -0.825666 2.576106 -0.000002
33 -0.000001 0.000000 -0.000000 -0.658055 0.714104 -0.167035
34 0.000000 8.543640 0.000001 2.181800 0.000001 1.570796
35 -0.000000 -0.000000 -0.000000 -1.092888 0.038490 -0.050735
36 -0.000001 -0.000000 -0.000000 -0.497235 2.500109 -1.688497
37 -0.000001 3.013529 -0.000000 -2.404103 -0.000001 1.570796
38 -2.659014 0.316090 -0.314419 -3.083491 0.263054 -0.047498
39 0.000000 -0.000000 0.000000 -1.103808 -2.198179 -1.053099
40 0.000010 1.978484 0.000006 0.856489 -0.393697 -0.603067
41 -0.000004 0.982430 -0.000004 0.141909 -0.491002 0.033568
42 -0.089259 0.659884 0.067215 1.657580 0.268134 -0.033754
43 0.498184 -0.076229 0.714167 0.611757 -0.006690 -1.616449
44 -0.000001 1.292970 -0.000000 -0.003040 0.004522 -0.355976
45 -0.000000 0.752465 -0.000000 -0.200927 0.245474 -0.490082
46 -0.000002 0.000000 0.000001 1.671850 0.269476 -0.049573
47 0.156321 0.062373 0.322259 0.028257 -0.311786 -1.946861
48 0.000000 1.261225 0.000001 -0.073257 0.115192 -0.226980
49 -0.000001 0.943233 0.000000 -0.037750 -0.046925 -0.441089
50 -0.108526 -0.607960 -0.044202 1.694999 0.265808 -0.017787
51 0.006729 -0.037597 0.006616 0.086030 -0.461219 -1.908696
52 0.000001 1.208374 0.000000 -0.072983 0.086798 -0.143695
53 0.000001 0.741941 0.000000 -0.115488 0.117750 -0.144179
54 -0.479803 -1.191699 -0.061833 1.597265 0.268013 0.032301
55 0.000001 0.000000 -0.000000 0.122751 -0.630962 -2.010609
56 0.000000 0.996224 -0.000000 -0.147432 0.172378 -0.138183
57 -0.000000 0.614692 0.000000 -0.070240 0.335468 0.056969
58 0.000000 8.543640 0.000001 0.114853 -0.476246 -0.111333
59 -0.000000 -0.000000 0.000000 0.000000 -0.000003 -0.000000
60 -1.229694 -4.671764 2.026430 -0.807968 2.389665 -0.941420
61 -0.000000 0.216537 0.000000 0.133447 -0.027477 0.078245
62 0.122706 11.211333 -3.790611 0.000694 -0.000000 -3.141593
63 0.000001 16.673231 -0.000001 -0.099084 3.141593 0.000000
64 -0.000001 15.595429 -0.000002 -0.255668 0.000000 0.000000
65 -0.000001 14.075074 0.000003 -0.346332 -0.000000 0.000000
66 -0.000000 13.425263 -0.000001 -0.455632 0.000000 0.000000
time 39
0 -4.770313 -17.804712 -8.518756 1.570796 -0.000000 0.000000
1 4.771459 -5.564794 3.605348 -0.000128 0.087794 -1.384492
2 0.000000 -0.000002 -0.000000 1.570796 -0.000000 0.000000
3 -0.056707 0.000001 -3.094907 -0.000000 -0.000000 0.000000
4 6.833632 1.302324 6.671466 -0.825666 2.576106 -0.000002
5 1.140234 -6.856876 -7.975102 -1.015144 0.054487 1.160700
6 0.000001 8.563283 -0.000000 -2.463579 0.000002 1.570792
7 -0.000001 0.000000 -0.000000 -2.704896 -0.442717 1.336377
8 -0.000000 -0.000000 -0.000000 -1.431126 1.228747 -1.769456
9 0.000000 3.026593 -0.000000 -2.054582 -0.000004 1.570799
10 -2.657338 -0.365570 -0.324763 -3.073149 0.182981 -0.062496
11 -0.000000 0.000000 0.000000 -0.072709 0.485165 -0.714804
12 0.000003 1.887198 0.000023 0.194354 0.472344 -0.227126
13 -0.000009 1.001866 0.000006 0.295815 2.955648 -0.559959
14 -0.451691 1.213948 -0.058021 -1.434995 0.151216 0.018951
15 -0.000002 0.000001 0.000000 0.059385 0.467012 -1.153234
16 0.000000 0.963856 -0.000001 0.013348 0.044450 -0.005489
17 -0.000000 0.631999 0.000000 0.553895 2.241783 -0.331889
18 -0.126647 0.620189 -0.039312 -1.649072 0.166160 -0.011484
19 0.000000 -0.000000 0.000001 0.028769 0.491640 -1.321781
20 -0.000001 1.208235 0.000000 -0.121338 -0.236385 0.243805
21 0.000000 0.763066 -0.000001 0.447465 2.949254 -0.533165
22 0.000001 0.000001 0.000000 -1.691855 0.160586 -0.074781
23 0.000000 0.000000 0.000001 0.113639 0.954374 -1.417463
24 0.000000 1.250578 -0.000001 -0.503006 -0.675705 0.620051
25 -0.000001 0.932634 -0.000000 0.432193 3.087004 -0.596076
26 -0.093759 -0.657727 0.062875 -1.705938 0.157701 -0.095658
27 0.000001 0.000001 0.000001 -0.218279 0.055547 -1.477625
28 -0.000002 1.280976 -0.000000 -0.015696 -0.035747 0.294238
29 0.000001 0.749374 0.000001 0.493861 -3.025271 -0.462269
30 0.000001 8.563283 -0.000000 0.081751 -0.413067 -0.090180
31 -0.000000 0.000000 0.000000 -0.000000 0.000004 0.000000
32 -4.654183 -1.415280 6.902198 -0.825666 2.576106 -0.000002
33 -0.000001 0.000000 -0.000000 -0.679376 0.710601 -0.176115
34 0.000001 8.543638 0.000000 2.181800 0.000001 1.570796
35 0.000000 0.000001 -0.000000 -1.092888 0.038490 -0.050735
36 0.000001 0.000000 -0.000000 -0.480411 2.495361 -1.694306
37 -0.000000 3.013527 -0.000001 -2.404103 -0.000002 1.570796
38 -2.659013 0.316090 -0.314418 -3.083491 0.263054 -0.047498
39 0.000002 -0.000000 0.000000 -1.103808 -2.198178 -1.053098
40 0.000010 1.978484 0.000005 0.856489 -0.393697 -0.603067
41 -0.000003 0.982431 -0.000004 0.141909 -0.491002 0.033568
42 -0.089256 0.659883 0.067215 1.657580 0.268134 -0.033754
43 0.498185 -0.076229 0.714166 0.611757 -0.006690 -1.616449
44 -0.000000 1.292970 -0.000001 -0.003040 0.004522 -0.355976
45 -0.000001 0.752467 -0.000000 -0.200927 0.245474 -0.490082
46 0.000002 -0.000001 0.000001 1.671850 0.269476 -0.049572
47 0.156320 0.062373 0.322259 0.028257 -0.311786 -1.946861
48 -0.000000 1.261224 -0.000001 -0.073257 0.115192 -0.226980
49 0.000001 0.943233 0.000001 -0.037750 -0.046925 -0.441089
50 -0.108523 -0.607961 -0.044202 1.694999 0.265808 -0.017787
51 0.006731 -0.037598 0.006616 0.086030 -0.461219 -1.908695
52 -0.000001 1.208372 0.000000 -0.072983 0.086798 -0.143695
53 0.000000 0.741944 0.000000 -0.115488 0.117750 -0.144179
54 -0.479801 -1.191699 -0.061833 1.597265 0.268013 0.032301
55 -0.000001 -0.000000 -0.000000 0.122751 -0.630962 -2.010609
56 -0.000001 0.996222 -0.000000 -0.147432 0.172378 -0.138183
57 -0.000001 0.614690 0.000001 -0.070240 0.335468 0.056969
58 0.000001 8.543638 0.000000 0.114853 -0.476246 -0.111333
59 0.000000 0.000000 0.000000 -0.000000 -0.000003 0.000000
60 -1.161993 -4.562125 2.095013 -0.771007 2.370767 -0.930617
61 -0.000000 0.216537 0.000000 0.083901 -0.023387 0.083492
62 0.122706 11.211333 -3.790611 0.000694 -0.000000 -3.141593
63 0.000000 16.673231 -0.000000 -0.018670 3.141593 -0.000000
64 -0.000000 15.595428 0.000000 -0.106333 0.000000 0.000000
65 -0.000000 14.075068 0.000001 -0.149713 -0.000000 -0.000000
66 0.000000 13.425275 -0.000003 -0.213935 0.000000 0.000000
time 40
0 -4.770313 -17.804712 -8.518756 1.570796 -0.000000 0.000000
1 4.771459 -5.564794 3.605348 -0.000128 0.087794 -1.384492
2 0.000000 -0.000002 -0.000000 1.570796 -0.000000 0.000000
3 -0.056707 0.000001 -3.094907 -0.000000 -0.000000 0.000000
4 6.833632 1.302324 6.671466 -0.825666 2.576106 -0.000002
5 1.140234 -6.856876 -7.975102 -1.034531 0.061408 1.179599
6 0.000000 8.563282 -0.000000 -2.463579 0.000002 1.570793
7 0.000002 0.000000 -0.000001 -2.704896 -0.442717 1.336377
8 -0.000000 -0.000001 0.000001 -1.437982 1.233230 -1.800165
9 -0.000000 3.026592 -0.000000 -2.054582 -0.000004 1.570799
10 -2.657339 -0.365570 -0.324764 -3.073149 0.182981 -0.062496
11 -0.000000 -0.000000 0.000000 -0.072709 0.485164 -0.714804
12 0.000003 1.887197 0.000023 0.194354 0.472344 -0.227125
13 -0.000007 1.001867 0.000005 0.295815 2.955648 -0.559959
14 -0.451692 1.213947 -0.058022 -1.434995 0.151217 0.018951
15 0.000003 -0.000000 0.000000 0.059386 0.467012 -1.153234
16 0.000000 0.963850 0.000001 0.013348 0.044450 -0.005489
17 -0.000000 0.632002 0.000001 0.553895 2.241784 -0.331889
18 -0.126648 0.620188 -0.039313 -1.649072 0.166160 -0.011484
19 -0.000003 -0.000001 0.000001 0.028769 0.491640 -1.321781
20 -0.000001 1.208234 0.000000 -0.121338 -0.236384 0.243805
21 0.000001 0.763065 -0.000000 0.447465 2.949253 -0.533165
22 -0.000000 -0.000000 -0.000001 -1.691855 0.160586 -0.074781
23 0.000002 0.000000 -0.000001 0.113638 0.954374 -1.417464
24 0.000002 1.250580 -0.000001 -0.503006 -0.675704 0.620051
25 -0.000001 0.932634 -0.000001 0.432193 3.087004 -0.596076
26 -0.093759 -0.657728 0.062874 -1.705938 0.157701 -0.095658
27 0.000001 -0.000001 -0.000001 -0.207972 0.055548 -1.477625
28 -0.000000 1.280975 0.000000 -0.015696 -0.035748 0.294238
29 0.000000 0.749373 0.000000 0.493861 -3.025272 -0.462269
30 0.000000 8.563282 -0.000000 0.081751 -0.413066 -0.090180
31 0.000000 0.000001 -0.000000 -0.000000 0.000004 0.000000
32 -4.654183 -1.415280 6.902198 -0.825666 2.576106 -0.000002
33 -0.000001 0.000000 -0.000000 -0.704252 0.706512 -0.187196
34 0.000001 8.543637 0.000000 2.181800 0.000001 1.570796
35 0.000000 0.000001 -0.000000 -1.092887 0.038490 -0.050735
36 0.000001 0.000000 -0.000000 -0.460323 2.489552 -1.702304
37 -0.000001 3.013526 0.000001 -2.404103 -0.000001 1.570796
38 -2.659013 0.316090 -0.314419 -3.083491 0.263053 -0.047499
39 -0.000001 0.000000 -0.000000 -1.103809 -2.198178 -1.053098
40 0.000010 1.978484 0.000004 0.856489 -0.393697 -0.603067
41 -0.000004 0.982429 -0.000004 0.141909 -0.491002 0.033568
42 -0.089256 0.659884 0.067214 1.657580 0.268134 -0.033754
43 0.498186 -0.076229 0.714167 0.611757 -0.006690 -1.616449
44 0.000001 1.292971 -0.000000 -0.003040 0.004522 -0.355976
45 0.000001 0.752466 0.000000 -0.200927 0.245474 -0.490082
46 0.000001 0.000000 0.000000 1.671850 0.269475 -0.049573
47 0.156320 0.062374 0.322259 0.028257 -0.311786 -1.946861
48 0.000001 1.261223 -0.000001 -0.073257 0.115192 -0.226980
49 -0.000001 0.943235 0.000001 -0.037750 -0.046925 -0.441089
50 -0.108524 -0.607960 -0.044202 1.694999 0.265808 -0.017787
51 0.006730 -0.037598 0.006616 0.086030 -0.461219 -1.908696
52 0.000000 1.208371 -0.000000 -0.072983 0.086798 -0.143695
53 0.000001 0.741940 -0.000000 -0.115488 0.117750 -0.144179
54 -0.479800 -1.191699 -0.061833 1.597265 0.268013 0.032301
55 0.000001 0.000000 -0.000000 0.122750 -0.630962 -2.010609
56 0.000001 0.996222 -0.000000 -0.147432 0.172378 -0.138182
57 0.000000 0.614691 -0.000001 -0.070240 0.335468 0.056969
58 0.000001 8.543637 0.000000 0.114853 -0.476246 -0.111333
59 -0.000000 0.000000 -0.000000 -0.000000 -0.000003 0.000000
60 -1.085041 -4.433153 2.175429 -0.725895 2.348268 -0.917118
61 -0.000000 0.216537 0.000000 0.028168 -0.018468 0.089183
62 0.122706 11.211333 -3.790611 0.000694 -0.000000 -3.141593
63 0.000001 16.673225 -0.000000 0.061776 3.141593 0.000000
64 -0.000001 15.595426 0.000000 0.043213 0.000000 -0.000000
65 -0.000000 14.075075 0.000001 0.047472 -0.000000 0.000000
66 -0.000001 13.425272 -0.000002 0.028725 -0.000000 0.000000
time 41
0 -4.770313 -17.804712 -8.518756 1.570796 -0.000000 0.000000
1 4.771459 -5.564794 3.605348 -0.000128 0.087794 -1.384492
2 0.000000 -0.000002 -0.000000 1.570796 -0.000000 0.000000
3 -0.056707 0.000001 -3.094907 -0.000000 -0.000000 0.000000
4 6.833632 1.302324 6.671466 -0.825666 2.576106 -0.000002
5 1.140234 -6.856876 -7.975102 -1.051335 0.067740 1.195974
6 0.000000 8.563283 0.000000 -2.463579 0.000002 1.570793
7 0.000001 -0.000000 0.000001 -2.704896 -0.442717 1.336377
8 -0.000001 0.000001 0.000000 -1.444355 1.237079 -1.827329
9 -0.000000 3.026589 0.000000 -2.054582 -0.000004 1.570799
10 -2.657338 -0.365570 -0.324765 -3.073150 0.182981 -0.062497
11 0.000000 -0.000000 -0.000001 -0.072709 0.485164 -0.714803
12 0.000004 1.887196 0.000024 0.194354 0.472344 -0.227125
13 -0.000007 1.001864 0.000006 0.295815 2.955648 -0.559959
14 -0.451691 1.213947 -0.058022 -1.434995 0.151216 0.018951
15 0.000001 -0.000000 0.000000 0.059385 0.467012 -1.153234
16 -0.000001 0.963854 0.000000 0.013348 0.044450 -0.005489
17 0.000001 0.632002 0.000000 0.553895 2.241784 -0.331889
18 -0.126647 0.620189 -0.039313 -1.649072 0.166160 -0.011484
19 -0.000002 0.000000 0.000000 0.028769 0.491640 -1.321781
20 -0.000001 1.208233 -0.000000 -0.121338 -0.236385 0.243805
21 0.000000 0.763065 0.000001 0.447465 2.949254 -0.533165
22 0.000001 0.000000 -0.000001 -1.691855 0.160586 -0.074781
23 0.000000 0.000002 -0.000000 0.113639 0.954374 -1.417464
24 0.000001 1.250580 -0.000000 -0.503006 -0.675705 0.620051
25 -0.000002 0.932633 0.000000 0.432193 3.087004 -0.596076
26 -0.093759 -0.657727 0.062874 -1.705938 0.157701 -0.095658
27 0.000001 -0.000001 -0.000000 -0.192661 0.055547 -1.477625
28 0.000002 1.280975 0.000000 -0.015696 -0.035747 0.294238
29 0.000000 0.749372 -0.000001 0.493861 -3.025271 -0.462269
30 0.000000 8.563283 0.000000 0.081751 -0.413067 -0.090180
31 0.000000 0.000000 -0.000000 -0.000000 0.000004 -0.000000
32 -4.654183 -1.415280 6.902198 -0.825666 2.576106 -0.000002
33 -0.000001 0.000000 -0.000000 -0.731650 0.702019 -0.199972
34 0.000001 8.543639 0.000001 2.181800 0.000001 1.570796
35 0.000001 0.000000 0.000001 -1.092888 0.038490 -0.050735
36 -0.000000 -0.000000 0.000000 -0.437572 2.482747 -1.712755
37 -0.000001 3.013528 -0.000001 -2.404103 -0.000001 1.570796
38 -2.659015 0.316090 -0.314419 -3.083491 0.263053 -0.047499
39 -0.000001 0.000000 0.000000 -1.103809 -2.198178 -1.053098
40 0.000011 1.978484 0.000005 0.856489 -0.393697 -0.603067
41 -0.000003 0.982431 -0.000004 0.141909 -0.491002 0.033568
42 -0.089259 0.659883 0.067214 1.657580 0.268134 -0.033754
43 0.498184 -0.076230 0.714166 0.611757 -0.006689 -1.616449
44 -0.000000 1.292970 -0.000000 -0.003040 0.004522 -0.355976
45 -0.000001 0.752464 0.000000 -0.200927 0.245474 -0.490082
46 -0.000001 -0.000000 0.000001 1.671850 0.269475 -0.049572
47 0.156321 0.062374 0.322260 0.028257 -0.311786 -1.946862
48 0.000000 1.261225 0.000000 -0.073257 0.115192 -0.226981
49 -0.000000 0.943232 -0.000001 -0.037750 -0.046925 -0.441089
50 -0.108526 -0.607962 -0.044202 1.694999 0.265808 -0.017787
51 0.006730 -0.037597 0.006616 0.086030 -0.461219 -1.908696
52 -0.000001 1.208373 -0.000000 -0.072983 0.086798 -0.143695
53 -0.000001 0.741943 -0.000000 -0.115488 0.117750 -0.144179
54 -0.479804 -1.191700 -0.061833 1.597265 0.268013 0.032301
55 0.000000 -0.000001 0.000000 0.122751 -0.630962 -2.010609
56 0.000000 0.996221 -0.000001 -0.147432 0.172378 -0.138182
57 -0.000001 0.614691 -0.000001 -0.070240 0.335468 0.056969
58 0.000001 8.543639 0.000001 0.114853 -0.476246 -0.111333
59 -0.000001 0.000001 0.000000 0.000000 -0.000003 -0.000000
60 -1.002813 -4.289301 2.264696 -0.673294 2.322834 -0.900761
61 -0.000000 0.216537 0.000000 -0.030108 -0.012803 0.094873
62 0.122706 11.211333 -3.790611 0.000694 -0.000000 -3.141593
63 0.000001 16.673227 -0.000001 0.131751 3.141593 0.000000
64 -0.000001 15.595428 0.000000 0.172385 0.000000 0.000000
65 -0.000000 14.075070 0.000001 0.216597 -0.000000 -0.000000
66 0.000000 13.425267 -0.000001 0.235106 0.000000 0.000000
time 42
0 -4.770313 -17.804712 -8.518756 1.570796 -0.000000 0.000000
1 4.771459 -5.564794 3.605348 -0.000128 0.087794 -1.384492
2 0.000000 -0.000002 -0.000000 1.570796 -0.000000 0.000000
3 -0.056707 0.000001 -3.094907 -0.000000 -0.000000 0.000000
4 6.833632 1.302324 6.671466 -0.825666 2.576106 -0.000002
5 1.140234 -6.856876 -7.975102 -1.063154 0.072381 1.207489
6 0.000000 8.563282 -0.000000 -2.463579 0.000002 1.570793
7 0.000001 0.000000 -0.000001 -2.704896 -0.442717 1.336377
8 0.000001 0.000001 -0.000001 -1.449087 1.239765 -1.846757
9 -0.000001 3.026593 0.000000 -2.054582 -0.000004 1.570799
10 -2.657337 -0.365570 -0.324764 -3.073150 0.182981 -0.062497
11 0.000002 0.000000 0.000000 -0.072709 0.485164 -0.714803
12 0.000003 1.887196 0.000025 0.194354 0.472344 -0.227125
13 -0.000006 1.001865 0.000004 0.295815 2.955648 -0.559959
14 -0.451690 1.213947 -0.058023 -1.434995 0.151217 0.018951
15 0.000000 -0.000000 -0.000001 0.059386 0.467012 -1.153234
16 -0.000000 0.963850 0.000000 0.013348 0.044450 -0.005489
17 -0.000000 0.632002 -0.000000 0.553895 2.241783 -0.331889
18 -0.126647 0.620188 -0.039313 -1.649072 0.166160 -0.011484
19 -0.000000 -0.000000 -0.000000 0.028769 0.491640 -1.321781
20 -0.000002 1.208233 -0.000000 -0.121338 -0.236384 0.243805
21 0.000000 0.763066 -0.000000 0.447465 2.949254 -0.533165
22 0.000002 -0.000000 -0.000001 -1.691855 0.160586 -0.074781
23 -0.000003 -0.000000 0.000000 0.113639 0.954374 -1.417464
24 0.000001 1.250578 0.000000 -0.503006 -0.675704 0.620051
25 -0.000001 0.932633 0.000000 0.432193 3.087004 -0.596076
26 -0.093757 -0.657728 0.062873 -1.705938 0.157701 -0.095658
27 -0.000003 0.000000 0.000000 -0.171294 0.055547 -1.477625
28 -0.000000 1.280975 0.000000 -0.015696 -0.035747 0.294238
29 0.000001 0.749372 -0.000000 0.493861 -3.025271 -0.462269
30 0.000000 8.563282 -0.000000 0.081751 -0.413067 -0.090180
31 -0.000001 0.000002 0.000000 -0.000000 0.000004 0.000000
32 -4.654183 -1.415280 6.902198 -0.825666 2.576106 -0.000002
33 -0.000001 0.000000 -0.000000 -0.760550 0.697328 -0.214161
34 -0.000000 8.543638 0.000000 2.181800 0.000001 1.570796
35 -0.000000 -0.000000 0.000000 -1.092888 0.038490 -0.050735
36 0.000001 -0.000000 -0.000000 -0.412789 2.474999 -1.725935
37 -0.000000 3.013528 -0.000000 -2.404103 -0.000001 1.570796
38 -2.659014 0.316090 -0.314419 -3.083492 0.263053 -0.047499
39 -0.000000 -0.000000 -0.000000 -1.103809 -2.198178 -1.053098
40 0.000009 1.978486 0.000005 0.856489 -0.393697 -0.603067
41 -0.000004 0.982430 -0.000004 0.141909 -0.491002 0.033568
42 -0.089260 0.659883 0.067213 1.657580 0.268134 -0.033754
43 0.498184 -0.076231 0.714166 0.611757 -0.006689 -1.616449
44 -0.000000 1.292971 -0.000001 -0.003040 0.004522 -0.355976
45 -0.000001 0.752466 -0.000000 -0.200927 0.245474 -0.490082
46 -0.000002 0.000000 -0.000001 1.671850 0.269476 -0.049573
47 0.156320 0.062374 0.322259 0.028257 -0.311786 -1.946862
48 -0.000001 1.261224 0.000000 -0.073257 0.115192 -0.226981
49 0.000000 0.943233 -0.000001 -0.037750 -0.046925 -0.441089
50 -0.108526 -0.607961 -0.044205 1.694999 0.265808 -0.017787
51 0.006730 -0.037598 0.006616 0.086030 -0.461219 -1.908696
52 0.000000 1.208373 -0.000000 -0.072983 0.086798 -0.143695
53 -0.000002 0.741942 -0.000001 -0.115488 0.117750 -0.144179
54 -0.479805 -1.191699 -0.061834 1.597265 0.268013 0.032301
55 0.000001 0.000000 0.000001 0.122751 -0.630962 -2.010609
56 -0.000000 0.996224 0.000001 -0.147432 0.172378 -0.138183
57 0.000000 0.614690 -0.000000 -0.070240 0.335468 0.056969
58 -0.000000 8.543638 0.000000 0.114853 -0.476246 -0.111333
59 0.000000 0.000000 0.000000 -0.000000 -0.000003 0.000000
60 -0.919331 -4.134931 2.360570 -0.613853 2.295153 -0.881362
61 -0.000000 0.216537 0.000000 -0.087255 -0.006564 0.100163
62 0.122706 11.211333 -3.790611 0.000694 -0.000000 -3.141593
63 0.000001 16.673233 -0.000002 0.180994 3.141593 -0.000000
64 -0.000000 15.595426 0.000001 0.262172 0.000000 0.000000
65 -0.000000 14.075070 0.000001 0.332658 -0.000000 -0.000000
66 -0.000001 13.425274 -0.000003 0.374817 0.000000 -0.000000
time 43
0 -4.770313 -17.804712 -8.518756 1.570796 -0.000000 0.000000
1 4.771459 -5.564794 3.605348 -0.000128 0.087794 -1.384492
2 0.000000 -0.000002 -0.000000 1.570796 -0.000000 0.000000
3 -0.056707 0.000001 -3.094907 -0.000000 -0.000000 0.000000
4 6.833632 1.302324 6.671466 -0.825666 2.576106 -0.000002
5 1.140234 -6.856876 -7.975102 -1.067623 0.074176 1.211842
6 -0.000001 8.563282 0.000001 -2.463579 0.000002 1.570793
7 0.000002 -0.000000 -0.000001 -2.704896 -0.442717 1.336377
8 -0.000000 0.000000 0.000001 -1.450930 1.240775 -1.854171
9 -0.000001 3.026593 0.000001 -2.054581 -0.000004 1.570799
10 -2.657338 -0.365571 -0.324762 -3.073150 0.182981 -0.062497
11 0.000002 0.000001 -0.000000 -0.072709 0.485164 -0.714803
12 0.000003 1.887195 0.000023 0.194354 0.472344 -0.227125
13 -0.000007 1.001866 0.000004 0.295815 2.955648 -0.559959
14 -0.451693 1.213947 -0.058021 -1.434995 0.151216 0.018951
15 -0.000000 -0.000000 -0.000000 0.059385 0.467012 -1.153234
16 0.000000 0.963854 -0.000001 0.013348 0.044450 -0.005489
17 -0.000001 0.632002 -0.000001 0.553895 2.241784 -0.331889
18 -0.126647 0.620189 -0.039312 -1.649072 0.166160 -0.011484
19 -0.000001 -0.000001 -0.000000 0.028769 0.491640 -1.321781
20 0.000000 1.208233 0.000000 -0.121338 -0.236384 0.243805
21 -0.000000 0.763068 0.000001 0.447465 2.949254 -0.533165
22 -0.000000 0.000000 0.000001 -1.691855 0.160586 -0.074781
23 -0.000002 0.000000 0.000001 0.113639 0.954374 -1.417464
24 0.000001 1.250581 -0.000001 -0.503006 -0.675705 0.620051
25 0.000000 0.932634 0.000000 0.432193 3.087004 -0.596076
26 -0.093758 -0.657727 0.062875 -1.705938 0.157701 -0.095658
27 0.000001 -0.000001 -0.000001 -0.142807 0.055548 -1.477625
28 0.000000 1.280975 -0.000000 -0.015696 -0.035747 0.294238
29 -0.000001 0.749373 -0.000001 0.493861 -3.025272 -0.462269
30 -0.000001 8.563282 0.000001 0.081751 -0.413067 -0.090180
31 0.000001 -0.000000 0.000000 -0.000000 0.000004 -0.000000
32 -4.654183 -1.415280 6.902198 -0.825666 2.576106 -0.000002
33 -0.000001 0.000000 -0.000000 -0.789937 0.692672 -0.229509
34 0.000000 8.543636 0.000001 2.181800 0.000001 1.570796
35 -0.000001 -0.000001 -0.000000 -1.092888 0.038490 -0.050735
36 0.000001 0.000000 -0.000001 -0.386636 2.466354 -1.742131
37 0.000000 3.013527 -0.000000 -2.404103 -0.000001 1.570796
38 -2.659012 0.316090 -0.314419 -3.083492 0.263053 -0.047499
39 -0.000000 0.000000 0.000000 -1.103810 -2.198178 -1.053097
40 0.000009 1.978483 0.000008 0.856489 -0.393697 -0.603068
41 -0.000004 0.982429 -0.000005 0.141910 -0.491003 0.033568
42 -0.089256 0.659884 0.067213 1.657580 0.268134 -0.033754
43 0.498185 -0.076229 0.714166 0.611757 -0.006689 -1.616449
44 -0.000001 1.292973 -0.000001 -0.003040 0.004522 -0.355976
45 -0.000000 0.752466 0.000000 -0.200927 0.245474 -0.490082
46 0.000001 0.000000 -0.000001 1.671850 0.269475 -0.049572
47 0.156321 0.062374 0.322259 0.028257 -0.311786 -1.946862
48 0.000000 1.261223 -0.000000 -0.073257 0.115192 -0.226981
49 -0.000000 0.943234 0.000001 -0.037750 -0.046925 -0.441089
50 -0.108525 -0.607961 -0.044204 1.694999 0.265808 -0.017787
51 0.006728 -0.037599 0.006616 0.086030 -0.461219 -1.908696
52 -0.000000 1.208372 0.000000 -0.072983 0.086798 -0.143695
53 0.000000 0.741943 0.000001 -0.115488 0.117750 -0.144179
54 -0.479803 -1.191699 -0.061834 1.597265 0.268013 0.032301
55 -0.000001 0.000000 0.000000 0.122751 -0.630962 -2.010609
56 -0.000001 0.996225 0.000000 -0.147432 0.172378 -0.138182
57 0.000000 0.614692 -0.000000 -0.070240 0.335468 0.056969
58 0.000000 8.543636 0.000001 0.114853 -0.476246 -0.111333
59 0.000001 0.000000 -0.000000 -0.000000 -0.000003 -0.000000
60 -0.838721 -3.974133 2.461757 -0.548246 2.265936 -0.858768
61 -0.000000 0.216537 0.000000 -0.139626 -0.000000 0.104720
62 0.122706 11.211333 -3.790611 0.000694 -0.000000 -3.141593
63 0.000001 16.673227 -0.000001 0.199528 3.141593 0.000000
64 -0.000001 15.595425 0.000001 0.295318 0.000000 0.000000
65 -0.000000 14.075069 0.000000 0.374593 -0.000000 -0.000000
66 -0.000000 13.425279 0.000004 0.424465 0.000000 -0.000000
time 44
0 -4.770313 -17.804712 -8.518756 1.570796 -0.000000 0.000000
1 4.771459 -5.564794 3.605348 -0.000128 0.087794 -1.384492
2 0.000000 -0.000002 -0.000000 1.570796 -0.000000 0.000000
3 -0.056707 0.000001 -3.094907 -0.000000 -0.000000 0.000000
4 6.833632 1.302324 6.671466 -0.825666 2.576106 -0.000002
5 1.140234 -6.856876 -7.975102 -1.067623 0.074176 1.211842
6 -0.000001 8.563282 0.000001 -2.463579 0.000002 1.570793
7 0.000002 -0.000000 -0.000001 -2.704896 -0.442717 1.336377
8 -0.000000 0.000000 0.000001 -1.450930 1.240775 -1.854171
9 -0.000001 3.026593 0.000001 -2.054581 -0.000004 1.570799
10 -2.657338 -0.365571 -0.324762 -3.073150 0.182981 -0.062497
11 0.000002 0.000001 -0.000000 -0.072709 0.485164 -0.714803
12 0.000003 1.887195 0.000023 0.194354 0.472344 -0.227125
13 -0.000007 1.001866 0.000004 0.295815 2.955648 -0.559959
14 -0.451693 1.213947 -0.058021 -1.434995 0.151216 0.018951
15 -0.000000 -0.000000 -0.000000 0.059385 0.467012 -1.153234
16 0.000000 0.963854 -0.000001 0.013348 0.044450 -0.005489
17 -0.000001 0.632002 -0.000001 0.553895 2.241784 -0.331889
18 -0.126647 0.620189 -0.039312 -1.649072 0.166160 -0.011484
19 -0.000001 -0.000001 -0.000000 0.028769 0.491640 -1.321781
20 0.000000 1.208233 0.000000 -0.121338 -0.236384 0.243805
21 -0.000000 0.763068 0.000001 0.447465 2.949254 -0.533165
22 -0.000000 0.000000 0.000001 -1.691855 0.160586 -0.074781
23 -0.000002 0.000000 0.000001 0.113639 0.954374 -1.417464
24 0.000001 1.250581 -0.000001 -0.503006 -0.675705 0.620051
25 0.000000 0.932634 0.000000 0.432193 3.087004 -0.596076
26 -0.093758 -0.657727 0.062875 -1.705938 0.157701 -0.095658
27 0.000001 -0.000001 -0.000001 -0.097285 0.055548 -1.477625
28 0.000001 1.280973 0.000001 -0.015696 -0.035747 0.294238
29 0.000000 0.749371 0.000000 0.493861 -3.025271 -0.462269
30 -0.000001 8.563282 0.000001 0.081751 -0.413067 -0.090180
31 0.000001 -0.000000 0.000000 -0.000000 0.000004 -0.000000
32 -4.654183 -1.415280 6.902198 -0.825666 2.576106 -0.000002
33 -0.000001 0.000000 -0.000000 -0.818893 0.688262 -0.245740
34 0.000000 8.543636 0.000001 2.181800 0.000001 1.570796
35 -0.000001 -0.000000 -0.000000 -1.092888 0.038490 -0.050735
36 0.000002 0.000000 -0.000000 -0.360051 2.456979 -1.761763
37 -0.000000 3.013526 0.000000 -2.404103 -0.000001 1.570796
38 -2.659014 0.316090 -0.314420 -3.083492 0.263052 -0.047499
39 -0.000001 -0.000000 0.000001 -1.103811 -2.198177 -1.053097
40 0.000009 1.978484 0.000005 0.856489 -0.393697 -0.603068
41 -0.000004 0.982431 -0.000004 0.141910 -0.491003 0.033568
42 -0.089257 0.659884 0.067214 1.657580 0.268134 -0.033754
43 0.498184 -0.076231 0.714166 0.611757 -0.006689 -1.616449
44 -0.000000 1.292970 0.000000 -0.003040 0.004522 -0.355976
45 0.000000 0.752465 0.000001 -0.200927 0.245474 -0.490082
46 0.000001 -0.000000 -0.000000 1.671850 0.269475 -0.049573
47 0.156320 0.062373 0.322259 0.028257 -0.311786 -1.946861
48 -0.000002 1.261224 0.000001 -0.073257 0.115192 -0.226980
49 0.000001 0.943234 -0.000000 -0.037750 -0.046925 -0.441089
50 -0.108525 -0.607962 -0.044204 1.694999 0.265808 -0.017787
51 0.006728 -0.037598 0.006616 0.086030 -0.461219 -1.908696
52 -0.000001 1.208372 0.000000 -0.072983 0.086798 -0.143695
53 -0.000001 0.741942 -0.000000 -0.115488 0.117750 -0.144179
54 -0.479802 -1.191699 -0.061833 1.597265 0.268013 0.032301
55 -0.000001 -0.000000 -0.000000 0.122750 -0.630962 -2.010609
56 -0.000000 0.996223 -0.000000 -0.147432 0.172378 -0.138183
57 0.000001 0.614691 -0.000000 -0.070240 0.335468 0.056969
58 0.000000 8.543636 0.000001 0.114853 -0.476246 -0.111333
59 0.000000 0.000000 -0.000000 0.000000 -0.000003 0.000000
60 -0.765347 -3.810421 2.566978 -0.477300 2.235964 -0.833133
61 -0.000000 0.216537 0.000000 -0.184428 0.006619 0.108387
62 0.122706 11.211333 -3.790611 0.000694 -0.000000 -3.141593
63 0.000000 16.673225 -0.000001 0.193091 3.141593 0.000000
64 -0.000000 15.595429 0.000001 0.283535 0.000000 0.000000
65 0.000000 14.075068 0.000006 0.359590 0.000000 -0.000000
66 -0.000001 13.425270 -0.000002 0.406397 -0.000000 -0.000000
time 45
0 -4.770313 -17.804712 -8.518756 1.570796 -0.000000 0.000000
1 4.771459 -5.564794 3.605348 -0.000128 0.087794 -1.384492
2 0.000000 -0.000002 -0.000000 1.570796 -0.000000 0.000000
3 -0.056707 0.000001 -3.094907 -0.000000 -0.000000 0.000000
4 6.833632 1.302324 6.671466 -0.825666 2.576106 -0.000002
5 1.140234 -6.856876 -7.975102 -1.067623 0.074176 1.211842
6 -0.000001 8.563282 0.000001 -2.463579 0.000002 1.570793
7 0.000002 -0.000000 -0.000001 -2.704896 -0.442717 1.336377
8 -0.000000 0.000000 0.000001 -1.450930 1.240775 -1.854171
9 -0.000001 3.026593 0.000001 -2.054581 -0.000004 1.570799
10 -2.657338 -0.365571 -0.324762 -3.073150 0.182981 -0.062497
11 0.000002 0.000001 -0.000000 -0.072709 0.485164 -0.714803
12 0.000003 1.887195 0.000023 0.194354 0.472344 -0.227125
13 -0.000007 1.001866 0.000004 0.295815 2.955648 -0.559959
14 -0.451693 1.213947 -0.058021 -1.434995 0.151216 0.018951
15 -0.000000 -0.000000 -0.000000 0.059385 0.467012 -1.153234
16 0.000000 0.963854 -0.000001 0.013348 0.044450 -0.005489
17 -0.000001 0.632002 -0.000001 0.553895 2.241784 -0.331889
18 -0.126647 0.620189 -0.039312 -1.649072 0.166160 -0.011484
19 -0.000001 -0.000001 -0.000000 0.028769 0.491640 -1.321781
20 0.000000 1.208233 0.000000 -0.121338 -0.236384 0.243805
21 -0.000000 0.763068 0.000001 0.447465 2.949254 -0.533165
22 -0.000000 0.000000 0.000001 -1.691855 0.160586 -0.074781
23 -0.000002 0.000000 0.000001 0.113639 0.954374 -1.417464
24 0.000001 1.250581 -0.000001 -0.503006 -0.675705 0.620051
25 0.000000 0.932634 0.000000 0.432193 3.087004 -0.596076
26 -0.093758 -0.657727 0.062875 -1.705938 0.157701 -0.095658
27 0.000001 -0.000001 -0.000001 -0.029393 0.055548 -1.477625
28 0.000001 1.280973 0.000001 -0.015696 -0.035747 0.294238
29 -0.000000 0.749371 0.000001 0.493861 -3.025272 -0.462269
30 -0.000001 8.563282 0.000001 0.081751 -0.413067 -0.090180
31 0.000001 -0.000000 0.000000 -0.000000 0.000004 -0.000000
32 -4.654183 -1.415280 6.902198 -0.825666 2.576106 -0.000002
33 -0.000001 0.000000 -0.000000 -0.846830 0.684110 -0.262386
34 0.000000 8.543636 0.000001 2.181800 0.000001 1.570796
35 -0.000001 0.000001 0.000000 -1.092888 0.038490 -0.050735
36 -0.000000 0.000000 0.000000 -0.333914 2.447113 -1.784286
37 0.000000 3.013527 0.000000 -2.404103 -0.000001 1.570796
38 -2.659013 0.316090 -0.314419 -3.083492 0.263052 -0.047499
39 0.000000 -0.000000 0.000000 -1.103811 -2.198177 -1.053096
40 0.000009 1.978485 0.000007 0.856489 -0.393697 -0.603068
41 -0.000003 0.982430 -0.000004 0.141910 -0.491003 0.033568
42 -0.089257 0.659884 0.067215 1.657580 0.268134 -0.033754
43 0.498184 -0.076230 0.714166 0.611757 -0.006689 -1.616449
44 -0.000000 1.292971 -0.000000 -0.003040 0.004522 -0.355976
45 0.000001 0.752465 0.000000 -0.200927 0.245474 -0.490082
46 0.000002 0.000000 0.000001 1.671850 0.269475 -0.049573
47 0.156322 0.062373 0.322259 0.028257 -0.311786 -1.946861
48 -0.000002 1.261226 0.000000 -0.073257 0.115192 -0.226980
49 -0.000001 0.943234 -0.000000 -0.037750 -0.046925 -0.441089
50 -0.108524 -0.607961 -0.044203 1.694999 0.265808 -0.017787
51 0.006729 -0.037598 0.006616 0.086030 -0.461219 -1.908696
52 0.000000 1.208372 0.000000 -0.072983 0.086798 -0.143695
53 -0.000001 0.741943 0.000000 -0.115488 0.117750 -0.144179
54 -0.479801 -1.191699 -0.061833 1.597265 0.268013 0.032301
55 0.000001 0.000000 -0.000000 0.122751 -0.630962 -2.010609
56 -0.000001 0.996223 0.000000 -0.147432 0.172378 -0.138182
57 0.000000 0.614691 0.000001 -0.070240 0.335468 0.056969
58 0.000000 8.543636 0.000001 0.114853 -0.476246 -0.111333
59 -0.000000 0.000001 0.000000 -0.000000 -0.000003 0.000000
60 -0.699637 -3.647303 2.672107 -0.402159 2.206160 -0.804398
61 -0.000000 0.216537 0.000000 -0.221836 0.013137 0.111292
62 0.122706 11.211333 -3.790611 0.000694 -0.000000 -3.141593
63 0.000000 16.673227 -0.000001 0.175833 3.141593 -0.000000
64 -0.000001 15.595428 0.000001 0.252906 0.000000 -0.000000
65 0.000000 14.075067 0.000004 0.322079 -0.000000 -0.000000
66 0.000001 13.425263 0.000010 0.362115 0.000000 -0.000000
time 46
0 -4.770313 -17.804712 -8.518756 1.570796 -0.000000 0.000000
1 4.771459 -5.564794 3.605348 -0.000128 0.087794 -1.384492
2 0.000000 -0.000002 -0.000000 1.570796 -0.000000 0.000000
3 -0.056707 0.000001 -3.094907 -0.000000 -0.000000 0.000000
4 6.833632 1.302324 6.671466 -0.825666 2.576106 -0.000002
5 1.140234 -6.856876 -7.975102 -1.067623 0.074176 1.211842
6 -0.000001 8.563282 0.000001 -2.463579 0.000002 1.570793
7 0.000002 -0.000000 -0.000001 -2.704896 -0.442717 1.336377
8 -0.000000 0.000000 0.000001 -1.450930 1.240775 -1.854171
9 -0.000001 3.026593 0.000001 -2.054581 -0.000004 1.570799
10 -2.657338 -0.365571 -0.324762 -3.073150 0.182981 -0.062497
11 0.000002 0.000001 -0.000000 -0.072709 0.485164 -0.714803
12 0.000003 1.887195 0.000023 0.194354 0.472344 -0.227125
13 -0.000007 1.001866 0.000004 0.295815 2.955648 -0.559959
14 -0.451693 1.213947 -0.058021 -1.434995 0.151216 0.018951
15 -0.000000 -0.000000 -0.000000 0.059385 0.467012 -1.153234
16 0.000000 0.963854 -0.000001 0.013348 0.044450 -0.005489
17 -0.000001 0.632002 -0.000001 0.553895 2.241784 -0.331889
18 -0.126647 0.620189 -0.039312 -1.649072 0.166160 -0.011484
19 -0.000001 -0.000001 -0.000000 0.028769 0.491640 -1.321781
20 0.000000 1.208233 0.000000 -0.121338 -0.236384 0.243805
21 -0.000000 0.763068 0.000001 0.447465 2.949254 -0.533165
22 -0.000000 0.000000 0.000001 -1.691855 0.160586 -0.074781
23 -0.000002 0.000000 0.000001 0.113639 0.954374 -1.417464
24 0.000001 1.250581 -0.000001 -0.503006 -0.675705 0.620051
25 0.000000 0.932634 0.000000 0.432193 3.087004 -0.596076
26 -0.093758 -0.657727 0.062875 -1.705938 0.157701 -0.095658
27 0.000001 -0.000001 -0.000001 0.054930 0.055548 -1.477626
28 0.000000 1.280974 -0.000000 -0.015696 -0.035747 0.294238
29 0.000001 0.749374 0.000000 0.493861 -3.025271 -0.462269
30 -0.000001 8.563282 0.000001 0.081751 -0.413067 -0.090180
31 0.000001 -0.000000 0.000000 -0.000000 0.000004 -0.000000
32 -4.654183 -1.415280 6.902198 -0.825666 2.576106 -0.000002
33 -0.000001 0.000000 -0.000000 -0.873250 0.680205 -0.278932
34 0.000001 8.543637 0.000000 2.181800 0.000001 1.570796
35 -0.000000 0.000000 -0.000000 -1.092888 0.038490 -0.050735
36 -0.000001 0.000000 -0.000000 -0.308838 2.436963 -1.808543
37 0.000000 3.013526 -0.000000 -2.404103 -0.000001 1.570796
38 -2.659012 0.316090 -0.314419 -3.083493 0.263052 -0.047499
39 -0.000001 -0.000000 -0.000000 -1.103812 -2.198177 -1.053095
40 0.000009 1.978484 0.000006 0.856489 -0.393697 -0.603067
41 -0.000004 0.982428 -0.000004 0.141910 -0.491003 0.033568
42 -0.089256 0.659884 0.067214 1.657580 0.268134 -0.033754
43 0.498185 -0.076229 0.714166 0.611757 -0.006689 -1.616449
44 -0.000000 1.292971 -0.000001 -0.003040 0.004522 -0.355976
45 0.000000 0.752466 0.000000 -0.200927 0.245474 -0.490082
46 0.000002 0.000000 0.000000 1.671850 0.269475 -0.049573
47 0.156322 0.062374 0.322260 0.028257 -0.311786 -1.946862
48 0.000000 1.261223 -0.000000 -0.073257 0.115192 -0.226980
49 -0.000001 0.943232 -0.000000 -0.037750 -0.046925 -0.441089
50 -0.108523 -0.607961 -0.044202 1.694999 0.265808 -0.017787
51 0.006729 -0.037598 0.006616 0.086030 -0.461219 -1.908696
52 0.000000 1.208370 0.000000 -0.072983 0.086798 -0.143695
53 -0.000002 0.741943 0.000000 -0.115488 0.117750 -0.144179
54 -0.479801 -1.191700 -0.061834 1.597265 0.268013 0.032301
55 0.000001 -0.000001 0.000000 0.122750 -0.630962 -2.010609
56 0.000000 0.996224 0.000000 -0.147432 0.172378 -0.138183
57 -0.000000 0.614691 0.000000 -0.070239 0.335468 0.056970
58 0.000001 8.543637 0.000000 0.114853 -0.476246 -0.111333
59 0.000000 -0.000001 0.000000 -0.000000 -0.000003 0.000000
60 -0.640415 -3.488571 2.773059 -0.324300 2.177470 -0.772474
61 -0.000000 0.216537 0.000000 -0.252686 0.019453 0.113582
62 0.122706 11.211333 -3.790611 0.000694 -0.000000 -3.141593
63 0.000001 16.673231 -0.000002 0.150440 3.141593 -0.000000
64 -0.000000 15.595428 -0.000000 0.208051 0.000000 0.000000
65 -0.000001 14.075074 0.000002 0.267540 -0.000000 -0.000000
66 -0.000000 13.425275 0.000000 0.297930 0.000000 -0.000000
time 47
0 -4.770313 -17.804712 -8.518756 1.570796 -0.000000 0.000000
1 4.771459 -5.564794 3.605348 -0.000128 0.087794 -1.384492
2 0.000000 -0.000002 -0.000000 1.570796 -0.000000 0.000000
3 -0.056707 0.000001 -3.094907 -0.000000 -0.000000 0.000000
4 6.833632 1.302324 6.671466 -0.825666 2.576106 -0.000002
5 1.140234 -6.856876 -7.975102 -1.067623 0.074176 1.211842
6 -0.000001 8.563282 0.000001 -2.463579 0.000002 1.570793
7 0.000002 -0.000000 -0.000001 -2.704896 -0.442717 1.336377
8 -0.000000 0.000000 0.000001 -1.450930 1.240775 -1.854171
9 -0.000001 3.026593 0.000001 -2.054581 -0.000004 1.570799
10 -2.657338 -0.365571 -0.324762 -3.073150 0.182981 -0.062497
11 0.000002 0.000001 -0.000000 -0.072709 0.485164 -0.714803
12 0.000003 1.887195 0.000023 0.194354 0.472344 -0.227125
13 -0.000007 1.001866 0.000004 0.295815 2.955648 -0.559959
14 -0.451693 1.213947 -0.058021 -1.434995 0.151216 0.018951
15 -0.000000 -0.000000 -0.000000 0.059385 0.467012 -1.153234
16 0.000000 0.963854 -0.000001 0.013348 0.044450 -0.005489
17 -0.000001 0.632002 -0.000001 0.553895 2.241784 -0.331889
18 -0.126647 0.620189 -0.039312 -1.649072 0.166160 -0.011484
19 -0.000001 -0.000001 -0.000000 0.028769 0.491640 -1.321781
20 0.000000 1.208233 0.000000 -0.121338 -0.236384 0.243805
21 -0.000000 0.763068 0.000001 0.447465 2.949254 -0.533165
22 -0.000000 0.000000 0.000001 -1.691855 0.160586 -0.074781
23 -0.000002 0.000000 0.000001 0.113639 0.954374 -1.417464
24 0.000001 1.250581 -0.000001 -0.503006 -0.675705 0.620051
25 0.000000 0.932634 0.000000 0.432193 3.087004 -0.596076
26 -0.093758 -0.657727 0.062875 -1.705938 0.157701 -0.095658
27 0.000001 -0.000001 -0.000001 0.149388 0.055548 -1.477625
28 0.000001 1.280974 -0.000000 -0.015696 -0.035747 0.294238
29 -0.000000 0.749373 0.000001 0.493861 -3.025271 -0.462269
30 -0.000001 8.563282 0.000001 0.081751 -0.413067 -0.090180
31 0.000001 -0.000000 0.000000 -0.000000 0.000004 -0.000000
32 -4.654183 -1.415280 6.902198 -0.825666 2.576106 -0.000002
33 -0.000001 0.000000 -0.000000 -0.897663 0.676569 -0.294870
34 0.000001 8.543636 0.000001 2.181800 0.000001 1.570796
35 0.000000 -0.000000 -0.000000 -1.092888 0.038490 -0.050735
36 -0.000001 0.000000 0.000000 -0.285421 2.426817 -1.833372
37 -0.000001 3.013526 -0.000001 -2.404103 -0.000001 1.570796
38 -2.659014 0.316090 -0.314419 -3.083493 0.263051 -0.047499
39 0.000001 -0.000000 -0.000001 -1.103813 -2.198176 -1.053094
40 0.000009 1.978484 0.000006 0.856489 -0.393698 -0.603068
41 -0.000004 0.982429 -0.000004 0.141910 -0.491003 0.033568
42 -0.089258 0.659884 0.067215 1.657580 0.268134 -0.033754
43 0.498186 -0.076230 0.714165 0.611757 -0.006689 -1.616449
44 -0.000000 1.292969 -0.000000 -0.003040 0.004522 -0.355976
45 0.000000 0.752466 0.000000 -0.200927 0.245474 -0.490082
46 -0.000000 0.000000 -0.000000 1.671850 0.269476 -0.049573
47 0.156323 0.062373 0.322259 0.028257 -0.311786 -1.946861
48 -0.000000 1.261221 -0.000000 -0.073257 0.115192 -0.226980
49 -0.000000 0.943233 -0.000000 -0.037750 -0.046925 -0.441089
50 -0.108526 -0.607961 -0.044203 1.694999 0.265808 -0.017787
51 0.006729 -0.037598 0.006616 0.086030 -0.461219 -1.908696
52 0.000000 1.208372 0.000000 -0.072983 0.086798 -0.143695
53 -0.000000 0.741942 -0.000000 -0.115488 0.117750 -0.144179
54 -0.479803 -1.191699 -0.061834 1.597265 0.268013 0.032301
55 0.000001 -0.000000 0.000000 0.122750 -0.630962 -2.010609
56 -0.000000 0.996223 0.000000 -0.147432 0.172378 -0.138183
57 0.000000 0.614692 0.000000 -0.070240 0.335468 0.056969
58 0.000001 8.543636 0.000001 0.114853 -0.476246 -0.111333
59 -0.000000 -0.000000 -0.000000 0.000000 -0.000003 0.000000
60 -0.587157 -3.338091 2.866593 -0.245660 2.150817 -0.737826
61 -0.000000 0.216537 0.000000 -0.277778 0.025487 0.115393
62 0.122706 11.211333 -3.790611 0.000694 -0.000000 -3.141593
63 0.000001 16.673231 -0.000002 0.119603 3.141593 0.000000
64 -0.000000 15.595426 0.000001 0.153598 0.000000 0.000000
65 -0.000001 14.075074 0.000000 0.201443 0.000000 -0.000000
66 -0.000001 13.425270 0.000006 0.220141 0.000000 0.000000
time 48
0 -4.770313 -17.804712 -8.518756 1.570796 -0.000000 0.000000
1 4.771459 -5.564794 3.605348 -0.000128 0.087794 -1.384492
2 0.000000 -0.000002 -0.000000 1.570796 -0.000000 0.000000
3 -0.056707 0.000001 -3.094907 -0.000000 -0.000000 0.000000
4 6.833632 1.302324 6.671466 -0.825666 2.576106 -0.000002
5 1.140234 -6.856876 -7.975102 -1.067623 0.074176 1.211842
6 -0.000001 8.563282 0.000001 -2.463579 0.000002 1.570793
7 0.000002 -0.000000 -0.000001 -2.704896 -0.442717 1.336377
8 -0.000000 0.000000 0.000001 -1.450930 1.240775 -1.854171
9 -0.000001 3.026593 0.000001 -2.054581 -0.000004 1.570799
10 -2.657338 -0.365571 -0.324762 -3.073150 0.182981 -0.062497
11 0.000002 0.000001 -0.000000 -0.072709 0.485164 -0.714803
12 0.000003 1.887195 0.000023 0.194354 0.472344 -0.227125
13 -0.000007 1.001866 0.000004 0.295815 2.955648 -0.559959
14 -0.451693 1.213947 -0.058021 -1.434995 0.151216 0.018951
15 -0.000000 -0.000000 -0.000000 0.059385 0.467012 -1.153234
16 0.000000 0.963854 -0.000001 0.013348 0.044450 -0.005489
17 -0.000001 0.632002 -0.000001 0.553895 2.241784 -0.331889
18 -0.126647 0.620189 -0.039312 -1.649072 0.166160 -0.011484
19 -0.000001 -0.000001 -0.000000 0.028769 0.491640 -1.321781
20 0.000000 1.208233 0.000000 -0.121338 -0.236384 0.243805
21 -0.000000 0.763068 0.000001 0.447465 2.949254 -0.533165
22 -0.000000 0.000000 0.000001 -1.691855 0.160586 -0.074781
23 -0.000002 0.000000 0.000001 0.113639 0.954374 -1.417464
24 0.000001 1.250581 -0.000001 -0.503006 -0.675705 0.620051
25 0.000000 0.932634 0.000000 0.432193 3.087004 -0.596076
26 -0.093758 -0.657727 0.062875 -1.705938 0.157701 -0.095658
27 0.000001 -0.000001 -0.000001 0.247309 0.055548 -1.477625
28 0.000002 1.280976 0.000000 -0.015696 -0.035747 0.294238
29 -0.000000 0.749374 -0.000000 0.493861 -3.025272 -0.462269
30 -0.000001 8.563282 0.000001 0.081751 -0.413067 -0.090180
31 0.000001 -0.000000 0.000000 -0.000000 0.000004 -0.000000
32 -4.654183 -1.415280 6.902198 -0.825666 2.576106 -0.000002
33 -0.000001 0.000000 -0.000000 -0.919590 0.673257 -0.309700
34 0.000000 8.543638 0.000000 2.181800 0.000001 1.570796
35 -0.000000 0.000000 -0.000000 -1.092888 0.038490 -0.050735
36 0.000000 -0.000000 0.000000 -0.264241 2.417027 -1.857605
37 0.000000 3.013525 -0.000001 -2.404103 -0.000001 1.570796
38 -2.659015 0.316090 -0.314420 -3.083493 0.263051 -0.047499
39 -0.000000 -0.000000 -0.000000 -1.103814 -2.198176 -1.053093
40 0.000009 1.978484 0.000005 0.856489 -0.393697 -0.603068
41 -0.000003 0.982429 -0.000004 0.141910 -0.491003 0.033568
42 -0.089258 0.659884 0.067213 1.657580 0.268134 -0.033754
43 0.498185 -0.076231 0.714165 0.611757 -0.006689 -1.616449
44 -0.000000 1.292969 0.000000 -0.003040 0.004522 -0.355977
45 -0.000001 0.752465 -0.000002 -0.200927 0.245474 -0.490082
46 0.000000 -0.000000 -0.000000 1.671850 0.269475 -0.049573
47 0.156322 0.062374 0.322259 0.028257 -0.311786 -1.946861
48 0.000000 1.261223 0.000000 -0.073257 0.115192 -0.226981
49 -0.000000 0.943235 0.000000 -0.037750 -0.046925 -0.441089
50 -0.108525 -0.607961 -0.044204 1.694999 0.265808 -0.017787
51 0.006728 -0.037597 0.006616 0.086030 -0.461219 -1.908696
52 -0.000001 1.208371 0.000000 -0.072983 0.086798 -0.143695
53 0.000000 0.741942 0.000000 -0.115488 0.117750 -0.144179
54 -0.479803 -1.191700 -0.061835 1.597265 0.268013 0.032300
55 -0.000000 -0.000001 0.000000 0.122750 -0.630962 -2.010610
56 -0.000000 0.996221 0.000000 -0.147432 0.172378 -0.138182
57 0.000000 0.614690 0.000001 -0.070240 0.335468 0.056969
58 0.000000 8.543638 0.000000 0.114853 -0.476246 -0.111333
59 -0.000000 -0.000000 0.000000 0.000000 -0.000003 0.000000
60 -0.539911 -3.199782 2.950222 -0.168767 2.127029 -0.701595
61 -0.000000 0.216537 0.000000 -0.297880 0.031170 0.116847
62 0.122706 11.211333 -3.790611 0.000694 -0.000000 -3.141593
63 0.000000 16.673229 -0.000001 0.086032 3.141593 -0.000000
64 -0.000001 15.595427 0.000002 0.094271 0.000000 -0.000000
65 -0.000000 14.075074 0.000002 0.129418 -0.000000 -0.000000
66 -0.000000 13.425271 0.000003 0.135317 -0.000000 -0.000000
time 49
0 -4.770313 -17.804712 -8.518756 1.570796 -0.000000 0.000000
1 4.771459 -5.564794 3.605348 -0.000128 0.087794 -1.384492
2 0.000000 -0.000002 -0.000000 1.570796 -0.000000 0.000000
3 -0.056707 0.000001 -3.094907 -0.000000 -0.000000 0.000000
4 6.833632 1.302324 6.671466 -0.825666 2.576106 -0.000002
5 1.140234 -6.856876 -7.975102 -1.067623 0.074176 1.211842
6 -0.000001 8.563282 0.000001 -2.463579 0.000002 1.570793
7 0.000002 -0.000000 -0.000001 -2.704896 -0.442717 1.336377
8 -0.000000 0.000000 0.000001 -1.450930 1.240775 -1.854171
9 -0.000001 3.026593 0.000001 -2.054581 -0.000004 1.570799
10 -2.657338 -0.365571 -0.324762 -3.073150 0.182981 -0.062497
11 0.000002 0.000001 -0.000000 -0.072709 0.485164 -0.714803
12 0.000003 1.887195 0.000023 0.194354 0.472344 -0.227125
13 -0.000007 1.001866 0.000004 0.295815 2.955648 -0.559959
14 -0.451693 1.213947 -0.058021 -1.434995 0.151216 0.018951
15 -0.000000 -0.000000 -0.000000 0.059385 0.467012 -1.153234
16 0.000000 0.963854 -0.000001 0.013348 0.044450 -0.005489
17 -0.000001 0.632002 -0.000001 0.553895 2.241784 -0.331889
18 -0.126647 0.620189 -0.039312 -1.649072 0.166160 -0.011484
19 -0.000001 -0.000001 -0.000000 0.028769 0.491640 -1.321781
20 0.000000 1.208233 0.000000 -0.121338 -0.236384 0.243805
21 -0.000000 0.763068 0.000001 0.447465 2.949254 -0.533165
22 -0.000000 0.000000 0.000001 -1.691855 0.160586 -0.074781
23 -0.000002 0.000000 0.000001 0.113639 0.954374 -1.417464
24 0.000001 1.250581 -0.000001 -0.503006 -0.675705 0.620051
25 0.000000 0.932634 0.000000 0.432193 3.087004 -0.596076
26 -0.093758 -0.657727 0.062875 -1.705938 0.157701 -0.095658
27 0.000001 -0.000001 -0.000001 0.341837 0.055548 -1.477626
28 0.000000 1.280973 -0.000000 -0.015696 -0.035747 0.294238
29 -0.000000 0.749373 -0.000001 0.493861 -3.025271 -0.462269
30 -0.000001 8.563282 0.000001 0.081751 -0.413067 -0.090180
31 0.000001 -0.000000 0.000000 -0.000000 0.000004 -0.000000
32 -4.654183 -1.415280 6.902198 -0.825666 2.576106 -0.000002
33 -0.000001 0.000000 -0.000000 -0.938565 0.670343 -0.322930
34 0.000000 8.543636 0.000001 2.181800 0.000001 1.570796
35 -0.000001 0.000000 -0.000000 -1.092887 0.038490 -0.050735
36 -0.000001 0.000000 -0.000001 -0.245837 2.408002 -1.880069
37 -0.000001 3.013527 -0.000001 -2.404103 -0.000002 1.570796
38 -2.659015 0.316090 -0.314420 -3.083493 0.263050 -0.047499
39 -0.000001 -0.000000 0.000000 -1.103815 -2.198176 -1.053092
40 0.000010 1.978483 0.000006 0.856489 -0.393697 -0.603067
41 -0.000004 0.982428 -0.000005 0.141910 -0.491003 0.033567
42 -0.089258 0.659884 0.067213 1.657580 0.268134 -0.033754
43 0.498183 -0.076229 0.714165 0.611757 -0.006689 -1.616449
44 0.000000 1.292969 -0.000001 -0.003040 0.004522 -0.355977
45 -0.000000 0.752466 -0.000001 -0.200927 0.245474 -0.490082
46 -0.000001 0.000000 -0.000000 1.671850 0.269475 -0.049573
47 0.156321 0.062374 0.322259 0.028257 -0.311786 -1.946861
48 -0.000001 1.261223 0.000000 -0.073257 0.115192 -0.226980
49 0.000000 0.943232 -0.000000 -0.037750 -0.046925 -0.441089
50 -0.108526 -0.607961 -0.044204 1.694999 0.265808 -0.017787
51 0.006727 -0.037598 0.006616 0.086030 -0.461219 -1.908696
52 -0.000000 1.208370 0.000000 -0.072983 0.086798 -0.143695
53 0.000000 0.741943 -0.000000 -0.115488 0.117750 -0.144179
54 -0.479804 -1.191699 -0.061834 1.597265 0.268013 0.032301
55 -0.000000 0.000000 0.000000 0.122750 -0.630962 -2.010609
56 -0.000001 0.996222 -0.000000 -0.147432 0.172378 -0.138182
57 0.000001 0.614691 -0.000000 -0.070240 0.335468 0.056969
58 0.000000 8.543636 0.000001 0.114853 -0.476246 -0.111333
59 0.000000 0.000000 -0.000000 0.000000 -0.000003 -0.000000
60 -0.499190 -3.077585 3.022060 -0.096803 2.106781 -0.665658
61 -0.000000 0.216537 0.000000 -0.313738 0.036445 0.118053
62 0.122706 11.211333 -3.790611 0.000694 -0.000000 -3.141593
63 0.000001 16.673235 -0.000002 0.052452 3.141593 0.000000
64 -0.000001 15.595433 0.000002 0.034895 0.000000 0.000000
65 0.000000 14.075070 0.000002 0.057288 -0.000000 -0.000000
66 -0.000001 13.425266 -0.000001 0.050326 0.000000 0.000000
time 50
0 -4.770313 -17.804712 -8.518756 1.570796 -0.000000 0.000000
1 4.771459 -5.564794 3.605348 -0.000128 0.087794 -1.384492
2 0.000000 -0.000002 -0.000000 1.570796 -0.000000 0.000000
3 -0.056707 0.000001 -3.094907 -0.000000 -0.000000 0.000000
4 6.833632 1.302324 6.671466 -0.825666 2.576106 -0.000002
5 1.140234 -6.856876 -7.975102 -1.067623 0.074176 1.211842
6 -0.000001 8.563282 0.000001 -2.463579 0.000002 1.570793
7 0.000002 -0.000000 -0.000001 -2.704896 -0.442717 1.336377
8 -0.000000 0.000000 0.000001 -1.450930 1.240775 -1.854171
9 -0.000001 3.026593 0.000001 -2.054581 -0.000004 1.570799
10 -2.657338 -0.365571 -0.324762 -3.073150 0.182981 -0.062497
11 0.000002 0.000001 -0.000000 -0.072709 0.485164 -0.714803
12 0.000003 1.887195 0.000023 0.194354 0.472344 -0.227125
13 -0.000007 1.001866 0.000004 0.295815 2.955648 -0.559959
14 -0.451693 1.213947 -0.058021 -1.434995 0.151216 0.018951
15 -0.000000 -0.000000 -0.000000 0.059385 0.467012 -1.153234
16 0.000000 0.963854 -0.000001 0.013348 0.044450 -0.005489
17 -0.000001 0.632002 -0.000001 0.553895 2.241784 -0.331889
18 -0.126647 0.620189 -0.039312 -1.649072 0.166160 -0.011484
19 -0.000001 -0.000001 -0.000000 0.028769 0.491640 -1.321781
20 0.000000 1.208233 0.000000 -0.121338 -0.236384 0.243805
21 -0.000000 0.763068 0.000001 0.447465 2.949254 -0.533165
22 -0.000000 0.000000 0.000001 -1.691855 0.160586 -0.074781
23 -0.000002 0.000000 0.000001 0.113639 0.954374 -1.417464
24 0.000001 1.250581 -0.000001 -0.503006 -0.675705 0.620051
25 0.000000 0.932634 0.000000 0.432193 3.087004 -0.596076
26 -0.093758 -0.657727 0.062875 -1.705938 0.157701 -0.095658
27 0.000001 -0.000001 -0.000001 0.426204 0.055548 -1.477626
28 -0.000002 1.280974 0.000000 -0.015696 -0.035747 0.294238
29 -0.000000 0.749370 0.000000 0.493861 -3.025271 -0.462269
30 -0.000001 8.563282 0.000001 0.081751 -0.413067 -0.090180
31 0.000001 -0.000000 0.000000 -0.000000 0.000004 -0.000000
32 -4.654183 -1.415280 6.902198 -0.825666 2.576106 -0.000002
33 -0.000001 0.000000 -0.000000 -0.954125 0.667921 -0.334072
34 0.000001 8.543635 0.000001 2.181800 0.000001 1.570796
35 0.000001 0.000000 0.000000 -1.092888 0.038490 -0.050735
36 -0.000001 -0.000000 0.000000 -0.230716 2.400190 -1.899592
37 0.000000 3.013526 -0.000001 -2.404103 -0.000002 1.570796
38 -2.659014 0.316090 -0.314419 -3.083485 0.263058 -0.047499
39 -0.000000 -0.000001 0.000000 -1.103798 -2.198188 -1.053110
40 0.000009 1.978483 0.000006 0.856489 -0.393697 -0.603068
41 -0.000003 0.982427 -0.000005 0.141910 -0.491003 0.033567
42 -0.089257 0.659884 0.067215 1.657580 0.268134 -0.033754
43 0.498184 -0.076229 0.714166 0.611757 -0.006689 -1.616449
44 -0.000001 1.292972 -0.000002 -0.003040 0.004522 -0.355976
45 -0.000000 0.752467 0.000000 -0.200927 0.245474 -0.490082
46 0.000001 -0.000000 0.000001 1.671850 0.269475 -0.049573
47 0.156321 0.062374 0.322259 0.028257 -0.311786 -1.946861
48 -0.000001 1.261222 0.000000 -0.073257 0.115192 -0.226980
49 -0.000002 0.943236 -0.000000 -0.037750 -0.046925 -0.441089
50 -0.108524 -0.607961 -0.044203 1.694999 0.265808 -0.017787
51 0.006729 -0.037597 0.006616 0.086030 -0.461219 -1.908696
52 0.000000 1.208373 0.000000 -0.072983 0.086798 -0.143695
53 0.000001 0.741942 -0.000000 -0.115488 0.117750 -0.144179
54 -0.479802 -1.191699 -0.061833 1.597265 0.268013 0.032301
55 0.000001 -0.000001 0.000000 0.122750 -0.630962 -2.010609
56 0.000001 0.996222 0.000000 -0.147432 0.172378 -0.138182
57 -0.000000 0.614691 0.000000 -0.070240 0.335468 0.056970
58 0.000001 8.543635 0.000001 0.114853 -0.476246 -0.111333
59 0.000000 0.000001 0.000000 0.000000 -0.000003 -0.000000
60 -0.465838 -2.975451 3.080633 -0.033557 2.090557 -0.632558
61 -0.000000 0.216537 0.000000 -0.326075 0.041254 0.119109
62 0.122706 11.211333 -3.790611 0.000694 -0.000000 -3.141593
63 -0.000000 16.673233 -0.000002 0.021598 3.141593 0.000000
64 0.000000 15.595428 0.000001 -0.019658 0.000000 0.000000
65 -0.000001 14.075068 0.000001 -0.009012 -0.000000 0.000000
66 0.000000 13.425272 0.000002 -0.027793 0.000000 -0.000000
time 51
0 -4.770313 -17.804712 -8.518756 1.570796 -0.000000 0.000000
1 4.771459 -5.564794 3.605348 -0.000128 0.087794 -1.384492
2 0.000000 -0.000002 -0.000000 1.570796 -0.000000 0.000000
3 -0.056707 0.000001 -3.094907 -0.000000 -0.000000 0.000000
4 6.833632 1.302324 6.671466 -0.825666 2.576106 -0.000002
5 1.140234 -6.856876 -7.975102 -1.067623 0.074176 1.211842
6 -0.000001 8.563282 0.000001 -2.463579 0.000002 1.570793
7 0.000002 -0.000000 -0.000001 -2.704896 -0.442717 1.336377
8 -0.000000 0.000000 0.000001 -1.450930 1.240775 -1.854171
9 -0.000001 3.026593 0.000001 -2.054581 -0.000004 1.570799
10 -2.657338 -0.365571 -0.324762 -3.073150 0.182981 -0.062497
11 0.000002 0.000001 -0.000000 -0.072709 0.485164 -0.714803
12 0.000003 1.887195 0.000023 0.194354 0.472344 -0.227125
13 -0.000007 1.001866 0.000004 0.295815 2.955648 -0.559959
14 -0.451693 1.213947 -0.058021 -1.434995 0.151216 0.018951
15 -0.000000 -0.000000 -0.000000 0.059385 0.467012 -1.153234
16 0.000000 0.963854 -0.000001 0.013348 0.044450 -0.005489
17 -0.000001 0.632002 -0.000001 0.553895 2.241784 -0.331889
18 -0.126647 0.620189 -0.039312 -1.649072 0.166160 -0.011484
19 -0.000001 -0.000001 -0.000000 0.028769 0.491640 -1.321781
20 0.000000 1.208233 0.000000 -0.121338 -0.236384 0.243805
21 -0.000000 0.763068 0.000001 0.447465 2.949254 -0.533165
22 -0.000000 0.000000 0.000001 -1.691855 0.160586 -0.074781
23 -0.000002 0.000000 0.000001 0.113639 0.954374 -1.417464
24 0.000001 1.250581 -0.000001 -0.503006 -0.675705 0.620051
25 0.000000 0.932634 0.000000 0.432193 3.087004 -0.596076
26 -0.093758 -0.657727 0.062875 -1.705938 0.157701 -0.095658
27 0.000001 -0.000001 -0.000001 0.493956 0.055548 -1.477626
28 0.000002 1.280975 -0.000001 -0.015696 -0.035747 0.294238
29 0.000001 0.749376 -0.000000 0.493861 -3.025271 -0.462268
30 -0.000001 8.563282 0.000001 0.081751 -0.413067 -0.090180
31 0.000001 -0.000000 0.000000 -0.000000 0.000004 -0.000000
32 -4.654183 -1.415280 6.902198 -0.825666 2.576106 -0.000002
33 -0.000001 0.000000 -0.000000 -0.965816 0.666087 -0.342644
34 0.000001 8.543637 0.000001 2.181800 0.000001 1.570796
35 0.000001 -0.000001 -0.000000 -1.092887 0.038490 -0.050735
36 -0.000000 0.000000 0.000000 -0.219351 2.394056 -1.915001
37 0.000000 3.013527 -0.000001 -2.404103 -0.000001 1.570796
38 -2.659014 0.316090 -0.314420 -3.083485 0.263057 -0.047499
39 -0.000001 -0.000000 -0.000000 -1.103799 -2.198188 -1.053110
40 0.000008 1.978485 0.000005 0.856489 -0.393697 -0.603068
41 -0.000003 0.982430 -0.000004 0.141910 -0.491003 0.033567
42 -0.089257 0.659884 0.067213 1.657580 0.268134 -0.033754
43 0.498185 -0.076229 0.714166 0.611757 -0.006689 -1.616449
44 0.000000 1.292970 0.000002 -0.003040 0.004522 -0.355976
45 -0.000000 0.752467 0.000002 -0.200927 0.245474 -0.490082
46 0.000000 0.000000 -0.000000 1.671850 0.269475 -0.049573
47 0.156322 0.062374 0.322259 0.028257 -0.311786 -1.946862
48 -0.000001 1.261223 0.000000 -0.073257 0.115192 -0.226981
49 0.000000 0.943232 0.000000 -0.037750 -0.046925 -0.441089
50 -0.108525 -0.607961 -0.044204 1.694999 0.265808 -0.017787
51 0.006730 -0.037598 0.006616 0.086030 -0.461219 -1.908696
52 0.000000 1.208374 0.000000 -0.072983 0.086798 -0.143695
53 -0.000000 0.741943 0.000001 -0.115488 0.117750 -0.144179
54 -0.479802 -1.191700 -0.061834 1.597265 0.268013 0.032301
55 0.000000 0.000000 -0.000000 0.122751 -0.630962 -2.010609
56 0.000000 0.996224 0.000000 -0.147432 0.172378 -0.138183
57 -0.000000 0.614692 0.000000 -0.070240 0.335468 0.056969
58 0.000001 8.543637 0.000001 0.114853 -0.476246 -0.111333
59 -0.000000 -0.000001 -0.000000 -0.000000 -0.000003 0.000000
60 -0.440880 -2.897356 3.124627 0.016764 2.078666 -0.605292
61 -0.000000 0.216537 0.000000 -0.335605 0.045546 0.120098
62 0.122706 11.211333 -3.790611 0.000694 -0.000000 -3.141593
63 0.000001 16.673231 -0.000002 -0.003800 3.141593 -0.000000
64 -0.000001 15.595428 0.000001 -0.064532 0.000000 0.000000
65 -0.000001 14.075077 0.000001 -0.063558 0.000000 0.000000
66 -0.000000 13.425268 -0.000001 -0.092027 -0.000000 -0.000000
time 52
0 -4.770313 -17.804712 -8.518756 1.570796 -0.000000 0.000000
1 4.771459 -5.564794 3.605348 -0.000128 0.087794 -1.384492
2 0.000000 -0.000002 -0.000000 1.570796 -0.000000 0.000000
3 -0.056707 0.000001 -3.094907 -0.000000 -0.000000 0.000000
4 6.833632 1.302324 6.671466 -0.825666 2.576106 -0.000002
5 1.140234 -6.856876 -7.975102 -1.067623 0.074176 1.211842
6 -0.000001 8.563282 0.000001 -2.463579 0.000002 1.570793
7 0.000002 -0.000000 -0.000001 -2.704896 -0.442717 1.336377
8 -0.000000 0.000000 0.000001 -1.450930 1.240775 -1.854171
9 -0.000001 3.026593 0.000001 -2.054581 -0.000004 1.570799
10 -2.657338 -0.365571 -0.324762 -3.073150 0.182981 -0.062497
11 0.000002 0.000001 -0.000000 -0.072709 0.485164 -0.714803
12 0.000003 1.887195 0.000023 0.194354 0.472344 -0.227125
13 -0.000007 1.001866 0.000004 0.295815 2.955648 -0.559959
14 -0.451693 1.213947 -0.058021 -1.434995 0.151216 0.018951
15 -0.000000 -0.000000 -0.000000 0.059385 0.467012 -1.153234
16 0.000000 0.963854 -0.000001 0.013348 0.044450 -0.005489
17 -0.000001 0.632002 -0.000001 0.553895 2.241784 -0.331889
18 -0.126647 0.620189 -0.039312 -1.649072 0.166160 -0.011484
19 -0.000001 -0.000001 -0.000000 0.028769 0.491640 -1.321781
20 0.000000 1.208233 0.000000 -0.121338 -0.236384 0.243805
21 -0.000000 0.763068 0.000001 0.447465 2.949254 -0.533165
22 -0.000000 0.000000 0.000001 -1.691855 0.160586 -0.074781
23 -0.000002 0.000000 0.000001 0.113639 0.954374 -1.417464
24 0.000001 1.250581 -0.000001 -0.503006 -0.675705 0.620051
25 0.000000 0.932634 0.000000 0.432193 3.087004 -0.596076
26 -0.093758 -0.657727 0.062875 -1.705938 0.157701 -0.095658
27 0.000001 -0.000001 -0.000001 0.538978 0.055548 -1.477625
28 0.000001 1.280976 -0.000001 -0.015696 -0.035747 0.294238
29 -0.000000 0.749372 -0.000000 0.493861 -3.025271 -0.462269
30 -0.000001 8.563282 0.000001 0.081751 -0.413067 -0.090180
31 0.000001 -0.000000 0.000000 -0.000000 0.000004 -0.000000
32 -4.654183 -1.415280 6.902198 -0.825666 2.576106 -0.000002
33 -0.000001 0.000000 -0.000000 -0.973176 0.664936 -0.348155
34 0.000001 8.543638 0.000000 2.181800 0.000001 1.570796
35 0.000000 -0.000000 -0.000000 -1.092888 0.038490 -0.050735
36 0.000000 0.000000 -0.000000 -0.212194 2.390060 -1.925117
37 0.000001 3.013525 -0.000001 -2.404103 -0.000002 1.570796
38 -2.659016 0.316090 -0.314420 -3.083485 0.263057 -0.047499
39 -0.000001 -0.000000 0.000000 -1.103799 -2.198188 -1.053109
40 0.000009 1.978485 0.000006 0.856489 -0.393698 -0.603068
41 -0.000002 0.982428 -0.000005 0.141910 -0.491003 0.033567
42 -0.089259 0.659883 0.067214 1.657580 0.268134 -0.033754
43 0.498184 -0.076229 0.714166 0.611757 -0.006689 -1.616449
44 -0.000000 1.292971 -0.000000 -0.003040 0.004522 -0.355976
45 -0.000001 0.752466 -0.000001 -0.200927 0.245474 -0.490082
46 -0.000002 -0.000000 0.000000 1.671850 0.269475 -0.049573
47 0.156322 0.062373 0.322259 0.028257 -0.311786 -1.946861
48 -0.000001 1.261223 -0.000000 -0.073257 0.115192 -0.226980
49 -0.000002 0.943235 -0.000000 -0.037750 -0.046925 -0.441089
50 -0.108527 -0.607962 -0.044203 1.694999 0.265808 -0.017787
51 0.006728 -0.037597 0.006616 0.086030 -0.461219 -1.908696
52 0.000000 1.208373 0.000000 -0.072983 0.086798 -0.143695
53 -0.000002 0.741942 -0.000000 -0.115488 0.117750 -0.144179
54 -0.479805 -1.191700 -0.061834 1.597265 0.268013 0.032301
55 0.000001 -0.000000 -0.000000 0.122750 -0.630962 -2.010609
56 0.000001 0.996224 0.000000 -0.147432 0.172378 -0.138183
57 0.000001 0.614691 0.000000 -0.070240 0.335468 0.056969
58 0.000001 8.543638 0.000000 0.114853 -0.476246 -0.111333
59 -0.000000 -0.000001 0.000000 0.000000 -0.000003 -0.000000
60 -0.425338 -2.847369 3.152572 0.049848 2.071321 -0.586964
61 -0.000000 0.216537 0.000000 -0.343034 0.049265 0.121098
62 0.122706 11.211333 -3.790611 0.000694 -0.000000 -3.141593
63 0.000001 16.673231 -0.000002 -0.021024 3.141593 -0.000000
64 -0.000001 15.595427 0.000001 -0.094930 0.000000 -0.000000
65 -0.000001 14.075069 0.000002 -0.100510 -0.000000 0.000000
66 -0.000001 13.425270 -0.000001 -0.135509 -0.000000 -0.000000
time 53
0 -4.770313 -17.804712 -8.518756 1.570796 -0.000000 0.000000
1 4.771459 -5.564794 3.605348 -0.000128 0.087794 -1.384492
2 0.000000 -0.000002 -0.000000 1.570796 -0.000000 0.000000
3 -0.056707 0.000001 -3.094907 -0.000000 -0.000000 0.000000
4 6.833632 1.302324 6.671466 -0.825666 2.576106 -0.000002
5 1.140234 -6.856876 -7.975102 -1.067623 0.074176 1.211842
6 -0.000001 8.563282 0.000001 -2.463579 0.000002 1.570793
7 0.000002 -0.000000 -0.000001 -2.704896 -0.442717 1.336377
8 -0.000000 0.000000 0.000001 -1.450930 1.240775 -1.854171
9 -0.000001 3.026593 0.000001 -2.054581 -0.000004 1.570799
10 -2.657338 -0.365571 -0.324762 -3.073150 0.182981 -0.062497
11 0.000002 0.000001 -0.000000 -0.072709 0.485164 -0.714803
12 0.000003 1.887195 0.000023 0.194354 0.472344 -0.227125
13 -0.000007 1.001866 0.000004 0.295815 2.955648 -0.559959
14 -0.451693 1.213947 -0.058021 -1.434995 0.151216 0.018951
15 -0.000000 -0.000000 -0.000000 0.059385 0.467012 -1.153234
16 0.000000 0.963854 -0.000001 0.013348 0.044450 -0.005489
17 -0.000001 0.632002 -0.000001 0.553895 2.241784 -0.331889
18 -0.126647 0.620189 -0.039312 -1.649072 0.166160 -0.011484
19 -0.000001 -0.000001 -0.000000 0.028769 0.491640 -1.321781
20 0.000000 1.208233 0.000000 -0.121338 -0.236384 0.243805
21 -0.000000 0.763068 0.000001 0.447465 2.949254 -0.533165
22 -0.000000 0.000000 0.000001 -1.691855 0.160586 -0.074781
23 -0.000002 0.000000 0.000001 0.113639 0.954374 -1.417464
24 0.000001 1.250581 -0.000001 -0.503006 -0.675705 0.620051
25 0.000000 0.932634 0.000000 0.432193 3.087004 -0.596076
26 -0.093758 -0.657727 0.062875 -1.705938 0.157701 -0.095658
27 0.000001 -0.000001 -0.000001 0.555325 0.055548 -1.477625
28 0.000002 1.280975 0.000001 -0.015696 -0.035748 0.294238
29 -0.000001 0.749374 -0.000001 0.493861 -3.025271 -0.462269
30 -0.000001 8.563282 0.000001 0.081751 -0.413067 -0.090180
31 0.000001 -0.000000 0.000000 -0.000000 0.000004 -0.000000
32 -4.654183 -1.415280 6.902198 -0.825666 2.576106 -0.000002
33 -0.000001 0.000000 -0.000000 -0.975737 0.664540 -0.350106
34 0.000001 8.543637 0.000000 2.181800 0.000001 1.570796
35 -0.000001 0.000000 -0.000000 -1.092887 0.038490 -0.050735
36 0.000000 -0.000000 0.000001 -0.209702 2.388638 -1.928755
37 0.000001 3.013527 -0.000001 -2.404103 -0.000002 1.570796
38 -2.659014 0.316090 -0.314420 -3.083485 0.263058 -0.047499
39 -0.000000 -0.000000 -0.000001 -1.103799 -2.198188 -1.053109
40 0.000008 1.978484 0.000006 0.856489 -0.393697 -0.603068
41 -0.000004 0.982430 -0.000004 0.141910 -0.491003 0.033567
42 -0.089257 0.659884 0.067214 1.657580 0.268134 -0.033754
43 0.498185 -0.076230 0.714166 0.611757 -0.006689 -1.616449
44 0.000000 1.292970 -0.000001 -0.003040 0.004522 -0.355976
45 -0.000000 0.752466 0.000000 -0.200927 0.245474 -0.490082
46 0.000000 0.000000 -0.000001 1.671850 0.269475 -0.049573
47 0.156321 0.062374 0.322259 0.028257 -0.311786 -1.946861
48 -0.000000 1.261224 -0.000000 -0.073257 0.115192 -0.226980
49 0.000000 0.943233 0.000000 -0.037750 -0.046925 -0.441089
50 -0.108525 -0.607961 -0.044203 1.694999 0.265808 -0.017787
51 0.006729 -0.037598 0.006615 0.086030 -0.461219 -1.908696
52 -0.000000 1.208373 0.000000 -0.072983 0.086798 -0.143695
53 -0.000002 0.741942 -0.000000 -0.115488 0.117750 -0.144179
54 -0.479802 -1.191699 -0.061835 1.597265 0.268013 0.032301
55 -0.000000 0.000000 0.000000 0.122750 -0.630962 -2.010609
56 0.000000 0.996223 0.000000 -0.147432 0.172378 -0.138183
57 -0.000000 0.614691 0.000001 -0.070240 0.335468 0.056969
58 0.000001 8.543637 0.000000 0.114853 -0.476246 -0.111333
59 0.000000 0.000001 0.000000 0.000000 -0.000003 -0.000000
60 -0.420038 -2.829726 3.162476 0.061667 2.068782 -0.580355
61 -0.000000 0.216537 0.000000 -0.349066 0.052360 0.122173
62 0.122706 11.211333 -3.790611 0.000694 -0.000000 -3.141593
63 0.000001 16.673227 -0.000002 -0.027365 3.141593 0.000000
64 -0.000001 15.595429 0.000002 -0.106107 0.000000 -0.000000
65 0.000000 14.075066 0.000000 -0.114099 -0.000000 -0.000000
66 -0.000002 13.425272 0.000002 -0.151494 -0.000000 0.000000
time 54
0 -4.770313 -17.804712 -8.518756 1.570796 -0.000000 0.000000
1 4.771459 -5.564794 3.605348 -0.000128 0.087794 -1.384492
2 0.000000 -0.000002 -0.000000 1.570796 -0.000000 0.000000
3 -0.056707 0.000001 -3.094907 -0.000000 -0.000000 0.000000
4 6.833632 1.302324 6.671466 -0.825666 2.576106 -0.000002
5 1.140234 -6.856876 -7.975102 -1.067623 0.074176 1.211842
6 -0.000001 8.563282 0.000001 -2.463579 0.000002 1.570793
7 0.000002 -0.000000 -0.000001 -2.704896 -0.442717 1.336377
8 -0.000000 0.000000 0.000001 -1.450930 1.240775 -1.854171
9 -0.000001 3.026593 0.000001 -2.054581 -0.000004 1.570799
10 -2.657338 -0.365571 -0.324762 -3.073150 0.182981 -0.062497
11 0.000002 0.000001 -0.000000 -0.072709 0.485164 -0.714803
12 0.000003 1.887195 0.000023 0.194354 0.472344 -0.227125
13 -0.000007 1.001866 0.000004 0.295815 2.955648 -0.559959
14 -0.451693 1.213947 -0.058021 -1.434995 0.151216 0.018951
15 -0.000000 -0.000000 -0.000000 0.059385 0.467012 -1.153234
16 0.000000 0.963854 -0.000001 0.013348 0.044450 -0.005489
17 -0.000001 0.632002 -0.000001 0.553895 2.241784 -0.331889
18 -0.126647 0.620189 -0.039312 -1.649072 0.166160 -0.011484
19 -0.000001 -0.000001 -0.000000 0.028769 0.491640 -1.321781
20 0.000000 1.208233 0.000000 -0.121338 -0.236384 0.243805
21 -0.000000 0.763068 0.000001 0.447465 2.949254 -0.533165
22 -0.000000 0.000000 0.000001 -1.691855 0.160586 -0.074781
23 -0.000002 0.000000 0.000001 0.113639 0.954374 -1.417464
24 0.000001 1.250581 -0.000001 -0.503006 -0.675705 0.620051
25 0.000000 0.932634 0.000000 0.432193 3.087004 -0.596076
26 -0.093758 -0.657727 0.062875 -1.705938 0.157701 -0.095658
27 0.000001 -0.000001 -0.000001 0.555325 0.055548 -1.477625
28 0.000002 1.280975 0.000001 -0.015696 -0.035748 0.294238
29 -0.000001 0.749374 -0.000001 0.493861 -3.025271 -0.462269
30 -0.000001 8.563282 0.000001 0.081751 -0.413067 -0.090180
31 0.000001 -0.000000 0.000000 -0.000000 0.000004 -0.000000
32 -4.654183 -1.415280 6.902198 -0.825666 2.576106 -0.000002
33 -0.000001 0.000000 -0.000000 -0.975737 0.664540 -0.350106
34 0.000001 8.543637 0.000000 2.181800 0.000001 1.570796
35 -0.000001 0.000000 -0.000000 -1.092887 0.038490 -0.050735
36 0.000000 -0.000000 0.000001 -0.209702 2.388638 -1.928755
37 0.000001 3.013527 -0.000001 -2.404103 -0.000002 1.570796
38 -2.659014 0.316090 -0.314420 -3.083485 0.263058 -0.047499
39 -0.000000 -0.000000 -0.000001 -1.103799 -2.198188 -1.053109
40 0.000008 1.978484 0.000006 0.856489 -0.393697 -0.603068
41 -0.000004 0.982430 -0.000004 0.141910 -0.491003 0.033567
42 -0.089257 0.659884 0.067214 1.657580 0.268134 -0.033754
43 0.498185 -0.076230 0.714166 0.611757 -0.006689 -1.616449
44 0.000000 1.292970 -0.000001 -0.003040 0.004522 -0.355976
45 -0.000000 0.752466 0.000000 -0.200927 0.245474 -0.490082
46 0.000000 0.000000 -0.000001 1.671850 0.269475 -0.049573
47 0.156321 0.062374 0.322259 0.028257 -0.311786 -1.946861
48 -0.000000 1.261224 -0.000000 -0.073257 0.115192 -0.226980
49 0.000000 0.943233 0.000000 -0.037750 -0.046925 -0.441089
50 -0.108525 -0.607961 -0.044203 1.694999 0.265808 -0.017787
51 0.006729 -0.037598 0.006615 0.086030 -0.461219 -1.908696
52 -0.000000 1.208373 0.000000 -0.072983 0.086798 -0.143695
53 -0.000002 0.741942 -0.000000 -0.115488 0.117750 -0.144179
54 -0.479802 -1.191699 -0.061835 1.597265 0.268013 0.032301
55 -0.000000 0.000000 0.000000 0.122750 -0.630962 -2.010609
56 0.000000 0.996223 0.000000 -0.147432 0.172378 -0.138183
57 -0.000000 0.614691 0.000001 -0.070240 0.335468 0.056969
58 0.000001 8.543637 0.000000 0.114853 -0.476246 -0.111333
59 0.000000 0.000001 0.000000 0.000000 -0.000003 -0.000000
60 -0.420038 -2.829726 3.162476 0.061667 2.068782 -0.580355
61 -0.000000 0.216537 0.000000 -0.354353 0.054985 0.123362
62 0.122706 11.211333 -3.790611 0.000694 -0.000000 -3.141593
63 0.000001 16.673227 -0.000002 -0.026774 3.141593 0.000000
64 -0.000001 15.595422 0.000001 -0.105114 0.000000 -0.000000
65 -0.000001 14.075072 0.000002 -0.112913 -0.000000 -0.000000
66 -0.000001 13.425280 0.000003 -0.149916 0.000000 0.000000
time 55
0 -4.770313 -17.804712 -8.518756 1.570796 -0.000000 0.000000
1 4.771459 -5.564794 3.605348 -0.000128 0.087794 -1.384492
2 0.000000 -0.000002 -0.000000 1.570796 -0.000000 0.000000
3 -0.056707 0.000001 -3.094907 -0.000000 -0.000000 0.000000
4 6.833632 1.302324 6.671466 -0.825666 2.576106 -0.000002
5 1.140234 -6.856876 -7.975102 -1.067623 0.074176 1.211842
6 -0.000001 8.563282 0.000001 -2.463579 0.000002 1.570793
7 0.000002 -0.000000 -0.000001 -2.704896 -0.442717 1.336377
8 -0.000000 0.000000 0.000001 -1.450930 1.240775 -1.854171
9 -0.000001 3.026593 0.000001 -2.054581 -0.000004 1.570799
10 -2.657338 -0.365571 -0.324762 -3.073150 0.182981 -0.062497
11 0.000002 0.000001 -0.000000 -0.072709 0.485164 -0.714803
12 0.000003 1.887195 0.000023 0.194354 0.472344 -0.227125
13 -0.000007 1.001866 0.000004 0.295815 2.955648 -0.559959
14 -0.451693 1.213947 -0.058021 -1.434995 0.151216 0.018951
15 -0.000000 -0.000000 -0.000000 0.059385 0.467012 -1.153234
16 0.000000 0.963854 -0.000001 0.013348 0.044450 -0.005489
17 -0.000001 0.632002 -0.000001 0.553895 2.241784 -0.331889
18 -0.126647 0.620189 -0.039312 -1.649072 0.166160 -0.011484
19 -0.000001 -0.000001 -0.000000 0.028769 0.491640 -1.321781
20 0.000000 1.208233 0.000000 -0.121338 -0.236384 0.243805
21 -0.000000 0.763068 0.000001 0.447465 2.949254 -0.533165
22 -0.000000 0.000000 0.000001 -1.691855 0.160586 -0.074781
23 -0.000002 0.000000 0.000001 0.113639 0.954374 -1.417464
24 0.000001 1.250581 -0.000001 -0.503006 -0.675705 0.620051
25 0.000000 0.932634 0.000000 0.432193 3.087004 -0.596076
26 -0.093758 -0.657727 0.062875 -1.705938 0.157701 -0.095658
27 0.000001 -0.000001 -0.000001 0.555325 0.055548 -1.477625
28 0.000002 1.280975 0.000001 -0.015696 -0.035748 0.294238
29 -0.000001 0.749374 -0.000001 0.493861 -3.025271 -0.462269
30 -0.000001 8.563282 0.000001 0.081751 -0.413067 -0.090180
31 0.000001 -0.000000 0.000000 -0.000000 0.000004 -0.000000
32 -4.654183 -1.415280 6.902198 -0.825666 2.576106 -0.000002
33 -0.000001 0.000000 -0.000000 -0.975737 0.664540 -0.350106
34 0.000001 8.543637 0.000000 2.181800 0.000001 1.570796
35 -0.000001 0.000000 -0.000000 -1.092887 0.038490 -0.050735
36 0.000000 -0.000000 0.000001 -0.209702 2.388638 -1.928755
37 0.000001 3.013527 -0.000001 -2.404103 -0.000002 1.570796
38 -2.659014 0.316090 -0.314420 -3.083485 0.263058 -0.047499
39 -0.000000 -0.000000 -0.000001 -1.103799 -2.198188 -1.053109
40 0.000008 1.978484 0.000006 0.856489 -0.393697 -0.603068
41 -0.000004 0.982430 -0.000004 0.141910 -0.491003 0.033567
42 -0.089257 0.659884 0.067214 1.657580 0.268134 -0.033754
43 0.498185 -0.076230 0.714166 0.611757 -0.006689 -1.616449
44 0.000000 1.292970 -0.000001 -0.003040 0.004522 -0.355976
45 -0.000000 0.752466 0.000000 -0.200927 0.245474 -0.490082
46 0.000000 0.000000 -0.000001 1.671850 0.269475 -0.049573
47 0.156321 0.062374 0.322259 0.028257 -0.311786 -1.946861
48 -0.000000 1.261224 -0.000000 -0.073257 0.115192 -0.226980
49 0.000000 0.943233 0.000000 -0.037750 -0.046925 -0.441089
50 -0.108525 -0.607961 -0.044203 1.694999 0.265808 -0.017787
51 0.006729 -0.037598 0.006615 0.086030 -0.461219 -1.908696
52 -0.000000 1.208373 0.000000 -0.072983 0.086798 -0.143695
53 -0.000002 0.741942 -0.000000 -0.115488 0.117750 -0.144179
54 -0.479802 -1.191699 -0.061835 1.597265 0.268013 0.032301
55 -0.000000 0.000000 0.000000 0.122750 -0.630962 -2.010609
56 0.000000 0.996223 0.000000 -0.147432 0.172378 -0.138183
57 -0.000000 0.614691 0.000001 -0.070240 0.335468 0.056969
58 0.000001 8.543637 0.000000 0.114853 -0.476246 -0.111333
59 0.000000 0.000001 0.000000 0.000000 -0.000003 -0.000000
60 -0.420038 -2.829726 3.162476 0.061667 2.068782 -0.580355
61 -0.000000 0.216537 0.000000 -0.359096 0.057343 0.124647
62 0.122706 11.211333 -3.790611 0.000694 -0.000000 -3.141593
63 0.000001 16.673229 -0.000001 -0.025111 3.141593 -0.000000
64 -0.000001 15.595431 0.000002 -0.102336 0.000000 -0.000000
65 -0.000002 14.075078 0.000000 -0.109583 0.000000 0.000000
66 -0.000001 13.425278 0.000000 -0.145481 -0.000000 0.000000
time 56
0 -4.770313 -17.804712 -8.518756 1.570796 -0.000000 0.000000
1 4.771459 -5.564794 3.605348 -0.000128 0.087794 -1.384492
2 0.000000 -0.000002 -0.000000 1.570796 -0.000000 0.000000
3 -0.056707 0.000001 -3.094907 -0.000000 -0.000000 0.000000
4 6.833632 1.302324 6.671466 -0.825666 2.576106 -0.000002
5 1.140234 -6.856876 -7.975102 -1.067623 0.074176 1.211842
6 -0.000001 8.563282 0.000001 -2.463579 0.000002 1.570793
7 0.000002 -0.000000 -0.000001 -2.704896 -0.442717 1.336377
8 -0.000000 0.000000 0.000001 -1.450930 1.240775 -1.854171
9 -0.000001 3.026593 0.000001 -2.054581 -0.000004 1.570799
10 -2.657338 -0.365571 -0.324762 -3.073150 0.182981 -0.062497
11 0.000002 0.000001 -0.000000 -0.072709 0.485164 -0.714803
12 0.000003 1.887195 0.000023 0.194354 0.472344 -0.227125
13 -0.000007 1.001866 0.000004 0.295815 2.955648 -0.559959
14 -0.451693 1.213947 -0.058021 -1.434995 0.151216 0.018951
15 -0.000000 -0.000000 -0.000000 0.059385 0.467012 -1.153234
16 0.000000 0.963854 -0.000001 0.013348 0.044450 -0.005489
17 -0.000001 0.632002 -0.000001 0.553895 2.241784 -0.331889
18 -0.126647 0.620189 -0.039312 -1.649072 0.166160 -0.011484
19 -0.000001 -0.000001 -0.000000 0.028769 0.491640 -1.321781
20 0.000000 1.208233 0.000000 -0.121338 -0.236384 0.243805
21 -0.000000 0.763068 0.000001 0.447465 2.949254 -0.533165
22 -0.000000 0.000000 0.000001 -1.691855 0.160586 -0.074781
23 -0.000002 0.000000 0.000001 0.113639 0.954374 -1.417464
24 0.000001 1.250581 -0.000001 -0.503006 -0.675705 0.620051
25 0.000000 0.932634 0.000000 0.432193 3.087004 -0.596076
26 -0.093758 -0.657727 0.062875 -1.705938 0.157701 -0.095658
27 0.000001 -0.000001 -0.000001 0.555325 0.055548 -1.477625
28 0.000002 1.280975 0.000001 -0.015696 -0.035748 0.294238
29 -0.000001 0.749374 -0.000001 0.493861 -3.025271 -0.462269
30 -0.000001 8.563282 0.000001 0.081751 -0.413067 -0.090180
31 0.000001 -0.000000 0.000000 -0.000000 0.000004 -0.000000
32 -4.654183 -1.415280 6.902198 -0.825666 2.576106 -0.000002
33 -0.000001 0.000000 -0.000000 -0.975737 0.664540 -0.350106
34 0.000001 8.543637 0.000000 2.181800 0.000001 1.570796
35 -0.000001 0.000000 -0.000000 -1.092887 0.038490 -0.050735
36 0.000000 -0.000000 0.000001 -0.209702 2.388638 -1.928755
37 0.000001 3.013527 -0.000001 -2.404103 -0.000002 1.570796
38 -2.659014 0.316090 -0.314420 -3.083485 0.263058 -0.047499
39 -0.000000 -0.000000 -0.000001 -1.103799 -2.198188 -1.053109
40 0.000008 1.978484 0.000006 0.856489 -0.393697 -0.603068
41 -0.000004 0.982430 -0.000004 0.141910 -0.491003 0.033567
42 -0.089257 0.659884 0.067214 1.657580 0.268134 -0.033754
43 0.498185 -0.076230 0.714166 0.611757 -0.006689 -1.616449
44 0.000000 1.292970 -0.000001 -0.003040 0.004522 -0.355976
45 -0.000000 0.752466 0.000000 -0.200927 0.245474 -0.490082
46 0.000000 0.000000 -0.000001 1.671850 0.269475 -0.049573
47 0.156321 0.062374 0.322259 0.028257 -0.311786 -1.946861
48 -0.000000 1.261224 -0.000000 -0.073257 0.115192 -0.226980
49 0.000000 0.943233 0.000000 -0.037750 -0.046925 -0.441089
50 -0.108525 -0.607961 -0.044203 1.694999 0.265808 -0.017787
51 0.006729 -0.037598 0.006615 0.086030 -0.461219 -1.908696
52 -0.000000 1.208373 0.000000 -0.072983 0.086798 -0.143695
53 -0.000002 0.741942 -0.000000 -0.115488 0.117750 -0.144179
54 -0.479802 -1.191699 -0.061835 1.597265 0.268013 0.032301
55 -0.000000 0.000000 0.000000 0.122750 -0.630962 -2.010609
56 0.000000 0.996223 0.000000 -0.147432 0.172378 -0.138183
57 -0.000000 0.614691 0.000001 -0.070240 0.335468 0.056969
58 0.000001 8.543637 0.000000 0.114853 -0.476246 -0.111333
59 0.000000 0.000001 0.000000 0.000000 -0.000003 -0.000000
60 -0.420038 -2.829726 3.162476 0.061667 2.068782 -0.580355
61 -0.000000 0.216537 0.000000 -0.363322 0.059446 0.126008
62 0.122706 11.211333 -3.790611 0.000694 -0.000000 -3.141593
63 0.000000 16.673229 -0.000002 -0.022527 3.141593 0.000000
64 0.000000 15.595427 0.000001 -0.098028 0.000000 0.000000
65 -0.000001 14.075066 0.000002 -0.104416 0.000000 -0.000000
66 -0.000001 13.425280 0.000000 -0.138594 -0.000000 -0.000000
time 57
0 -4.770313 -17.804712 -8.518756 1.570796 -0.000000 0.000000
1 4.771459 -5.564794 3.605348 -0.000128 0.087794 -1.384492
2 0.000000 -0.000002 -0.000000 1.570796 -0.000000 0.000000
3 -0.056707 0.000001 -3.094907 -0.000000 -0.000000 0.000000
4 6.833632 1.302324 6.671466 -0.825666 2.576106 -0.000002
5 1.140234 -6.856876 -7.975102 -1.067623 0.074176 1.211842
6 -0.000001 8.563282 0.000001 -2.463579 0.000002 1.570793
7 0.000002 -0.000000 -0.000001 -2.704896 -0.442717 1.336377
8 -0.000000 0.000000 0.000001 -1.450930 1.240775 -1.854171
9 -0.000001 3.026593 0.000001 -2.054581 -0.000004 1.570799
10 -2.657338 -0.365571 -0.324762 -3.073150 0.182981 -0.062497
11 0.000002 0.000001 -0.000000 -0.072709 0.485164 -0.714803
12 0.000003 1.887195 0.000023 0.194354 0.472344 -0.227125
13 -0.000007 1.001866 0.000004 0.295815 2.955648 -0.559959
14 -0.451693 1.213947 -0.058021 -1.434995 0.151216 0.018951
15 -0.000000 -0.000000 -0.000000 0.059385 0.467012 -1.153234
16 0.000000 0.963854 -0.000001 0.013348 0.044450 -0.005489
17 -0.000001 0.632002 -0.000001 0.553895 2.241784 -0.331889
18 -0.126647 0.620189 -0.039312 -1.649072 0.166160 -0.011484
19 -0.000001 -0.000001 -0.000000 0.028769 0.491640 -1.321781
20 0.000000 1.208233 0.000000 -0.121338 -0.236384 0.243805
21 -0.000000 0.763068 0.000001 0.447465 2.949254 -0.533165
22 -0.000000 0.000000 0.000001 -1.691855 0.160586 -0.074781
23 -0.000002 0.000000 0.000001 0.113639 0.954374 -1.417464
24 0.000001 1.250581 -0.000001 -0.503006 -0.675705 0.620051
25 0.000000 0.932634 0.000000 0.432193 3.087004 -0.596076
26 -0.093758 -0.657727 0.062875 -1.705938 0.157701 -0.095658
27 0.000001 -0.000001 -0.000001 0.555325 0.055548 -1.477625
28 0.000002 1.280975 0.000001 -0.015696 -0.035748 0.294238
29 -0.000001 0.749374 -0.000001 0.493861 -3.025271 -0.462269
30 -0.000001 8.563282 0.000001 0.081751 -0.413067 -0.090180
31 0.000001 -0.000000 0.000000 -0.000000 0.000004 -0.000000
32 -4.654183 -1.415280 6.902198 -0.825666 2.576106 -0.000002
33 -0.000001 0.000000 -0.000000 -0.975737 0.664540 -0.350106
34 0.000001 8.543637 0.000000 2.181800 0.000001 1.570796
35 -0.000001 0.000000 -0.000000 -1.092887 0.038490 -0.050735
36 0.000000 -0.000000 0.000001 -0.209702 2.388638 -1.928755
37 0.000001 3.013527 -0.000001 -2.404103 -0.000002 1.570796
38 -2.659014 0.316090 -0.314420 -3.083485 0.263058 -0.047499
39 -0.000000 -0.000000 -0.000001 -1.103799 -2.198188 -1.053109
40 0.000008 1.978484 0.000006 0.856489 -0.393697 -0.603068
41 -0.000004 0.982430 -0.000004 0.141910 -0.491003 0.033567
42 -0.089257 0.659884 0.067214 1.657580 0.268134 -0.033754
43 0.498185 -0.076230 0.714166 0.611757 -0.006689 -1.616449
44 0.000000 1.292970 -0.000001 -0.003040 0.004522 -0.355976
45 -0.000000 0.752466 0.000000 -0.200927 0.245474 -0.490082
46 0.000000 0.000000 -0.000001 1.671850 0.269475 -0.049573
47 0.156321 0.062374 0.322259 0.028257 -0.311786 -1.946861
48 -0.000000 1.261224 -0.000000 -0.073257 0.115192 -0.226980
49 0.000000 0.943233 0.000000 -0.037750 -0.046925 -0.441089
50 -0.108525 -0.607961 -0.044203 1.694999 0.265808 -0.017787
51 0.006729 -0.037598 0.006615 0.086030 -0.461219 -1.908696
52 -0.000000 1.208373 0.000000 -0.072983 0.086798 -0.143695
53 -0.000002 0.741942 -0.000000 -0.115488 0.117750 -0.144179
54 -0.479802 -1.191699 -0.061835 1.597265 0.268013 0.032301
55 -0.000000 0.000000 0.000000 0.122750 -0.630962 -2.010609
56 0.000000 0.996223 0.000000 -0.147432 0.172378 -0.138183
57 -0.000000 0.614691 0.000001 -0.070240 0.335468 0.056969
58 0.000001 8.543637 0.000000 0.114853 -0.476246 -0.111333
59 0.000000 0.000001 0.000000 0.000000 -0.000003 -0.000000
60 -0.420038 -2.829726 3.162476 0.061667 2.068782 -0.580355
61 -0.000000 0.216537 0.000000 -0.367058 0.061309 0.127420
62 0.122706 11.211333 -3.790611 0.000694 -0.000000 -3.141593
63 0.000001 16.673231 -0.000002 -0.019178 3.141593 -0.000000
64 -0.000002 15.595432 0.000002 -0.092445 0.000000 0.000000
65 0.000000 14.075068 -0.000001 -0.097717 -0.000000 -0.000000
66 -0.000000 13.425264 0.000001 -0.129664 -0.000000 0.000000
time 58
0 -4.770313 -17.804712 -8.518756 1.570796 -0.000000 0.000000
1 4.771459 -5.564794 3.605348 -0.000128 0.087794 -1.384492
2 0.000000 -0.000002 -0.000000 1.570796 -0.000000 0.000000
3 -0.056707 0.000001 -3.094907 -0.000000 -0.000000 0.000000
4 6.833632 1.302324 6.671466 -0.825666 2.576106 -0.000002
5 1.140234 -6.856876 -7.975102 -1.067623 0.074176 1.211842
6 -0.000001 8.563282 0.000001 -2.463579 0.000002 1.570793
7 0.000002 -0.000000 -0.000001 -2.704896 -0.442717 1.336377
8 -0.000000 0.000000 0.000001 -1.450930 1.240775 -1.854171
9 -0.000001 3.026593 0.000001 -2.054581 -0.000004 1.570799
10 -2.657338 -0.365571 -0.324762 -3.073150 0.182981 -0.062497
11 0.000002 0.000001 -0.000000 -0.072709 0.485164 -0.714803
12 0.000003 1.887195 0.000023 0.194354 0.472344 -0.227125
13 -0.000007 1.001866 0.000004 0.295815 2.955648 -0.559959
14 -0.451693 1.213947 -0.058021 -1.434995 0.151216 0.018951
15 -0.000000 -0.000000 -0.000000 0.059385 0.467012 -1.153234
16 0.000000 0.963854 -0.000001 0.013348 0.044450 -0.005489
17 -0.000001 0.632002 -0.000001 0.553895 2.241784 -0.331889
18 -0.126647 0.620189 -0.039312 -1.649072 0.166160 -0.011484
19 -0.000001 -0.000001 -0.000000 0.028769 0.491640 -1.321781
20 0.000000 1.208233 0.000000 -0.121338 -0.236384 0.243805
21 -0.000000 0.763068 0.000001 0.447465 2.949254 -0.533165
22 -0.000000 0.000000 0.000001 -1.691855 0.160586 -0.074781
23 -0.000002 0.000000 0.000001 0.113639 0.954374 -1.417464
24 0.000001 1.250581 -0.000001 -0.503006 -0.675705 0.620051
25 0.000000 0.932634 0.000000 0.432193 3.087004 -0.596076
26 -0.093758 -0.657727 0.062875 -1.705938 0.157701 -0.095658
27 0.000001 -0.000001 -0.000001 0.555325 0.055548 -1.477625
28 0.000002 1.280975 0.000001 -0.015696 -0.035748 0.294238
29 -0.000001 0.749374 -0.000001 0.493861 -3.025271 -0.462269
30 -0.000001 8.563282 0.000001 0.081751 -0.413067 -0.090180
31 0.000001 -0.000000 0.000000 -0.000000 0.000004 -0.000000
32 -4.654183 -1.415280 6.902198 -0.825666 2.576106 -0.000002
33 -0.000001 0.000000 -0.000000 -0.975737 0.664540 -0.350106
34 0.000001 8.543637 0.000000 2.181800 0.000001 1.570796
35 -0.000001 0.000000 -0.000000 -1.092887 0.038490 -0.050735
36 0.000000 -0.000000 0.000001 -0.209702 2.388638 -1.928755
37 0.000001 3.013527 -0.000001 -2.404103 -0.000002 1.570796
38 -2.659014 0.316090 -0.314420 -3.083485 0.263058 -0.047499
39 -0.000000 -0.000000 -0.000001 -1.103799 -2.198188 -1.053109
40 0.000008 1.978484 0.000006 0.856489 -0.393697 -0.603068
41 -0.000004 0.982430 -0.000004 0.141910 -0.491003 0.033567
42 -0.089257 0.659884 0.067214 1.657580 0.268134 -0.033754
43 0.498185 -0.076230 0.714166 0.611757 -0.006689 -1.616449
44 0.000000 1.292970 -0.000001 -0.003040 0.004522 -0.355976
45 -0.000000 0.752466 0.000000 -0.200927 0.245474 -0.490082
46 0.000000 0.000000 -0.000001 1.671850 0.269475 -0.049573
47 0.156321 0.062374 0.322259 0.028257 -0.311786 -1.946861
48 -0.000000 1.261224 -0.000000 -0.073257 0.115192 -0.226980
49 0.000000 0.943233 0.000000 -0.037750 -0.046925 -0.441089
50 -0.108525 -0.607961 -0.044203 1.694999 0.265808 -0.017787
51 0.006729 -0.037598 0.006615 0.086030 -0.461219 -1.908696
52 -0.000000 1.208373 0.000000 -0.072983 0.086798 -0.143695
53 -0.000002 0.741942 -0.000000 -0.115488 0.117750 -0.144179
54 -0.479802 -1.191699 -0.061835 1.597265 0.268013 0.032301
55 -0.000000 0.000000 0.000000 0.122750 -0.630962 -2.010609
56 0.000000 0.996223 0.000000 -0.147432 0.172378 -0.138183
57 -0.000000 0.614691 0.000001 -0.070240 0.335468 0.056969
58 0.000001 8.543637 0.000000 0.114853 -0.476246 -0.111333
59 0.000000 0.000001 0.000000 0.000000 -0.000003 -0.000000
60 -0.420038 -2.829726 3.162476 0.061667 2.068782 -0.580355
61 -0.000000 0.216537 0.000000 -0.370332 0.062945 0.128861
62 0.122706 11.211333 -3.790611 0.000694 -0.000000 -3.141593
63 0.000000 16.673225 -0.000002 -0.015216 3.141593 -0.000000
64 -0.000001 15.595434 0.000001 -0.085842 0.000000 -0.000000
65 -0.000001 14.075068 0.000004 -0.089793 -0.000000 -0.000000
66 0.000001 13.425261 -0.000001 -0.119098 -0.000000 0.000000
time 59
0 -4.770313 -17.804712 -8.518756 1.570796 -0.000000 0.000000
1 4.771459 -5.564794 3.605348 -0.000128 0.087794 -1.384492
2 0.000000 -0.000002 -0.000000 1.570796 -0.000000 0.000000
3 -0.056707 0.000001 -3.094907 -0.000000 -0.000000 0.000000
4 6.833632 1.302324 6.671466 -0.825666 2.576106 -0.000002
5 1.140234 -6.856876 -7.975102 -1.067623 0.074176 1.211842
6 -0.000001 8.563282 0.000001 -2.463579 0.000002 1.570793
7 0.000002 -0.000000 -0.000001 -2.704896 -0.442717 1.336377
8 -0.000000 0.000000 0.000001 -1.450930 1.240775 -1.854171
9 -0.000001 3.026593 0.000001 -2.054581 -0.000004 1.570799
10 -2.657338 -0.365571 -0.324762 -3.073150 0.182981 -0.062497
11 0.000002 0.000001 -0.000000 -0.072709 0.485164 -0.714803
12 0.000003 1.887195 0.000023 0.194354 0.472344 -0.227125
13 -0.000007 1.001866 0.000004 0.295815 2.955648 -0.559959
14 -0.451693 1.213947 -0.058021 -1.434995 0.151216 0.018951
15 -0.000000 -0.000000 -0.000000 0.059385 0.467012 -1.153234
16 0.000000 0.963854 -0.000001 0.013348 0.044450 -0.005489
17 -0.000001 0.632002 -0.000001 0.553895 2.241784 -0.331889
18 -0.126647 0.620189 -0.039312 -1.649072 0.166160 -0.011484
19 -0.000001 -0.000001 -0.000000 0.028769 0.491640 -1.321781
20 0.000000 1.208233 0.000000 -0.121338 -0.236384 0.243805
21 -0.000000 0.763068 0.000001 0.447465 2.949254 -0.533165
22 -0.000000 0.000000 0.000001 -1.691855 0.160586 -0.074781
23 -0.000002 0.000000 0.000001 0.113639 0.954374 -1.417464
24 0.000001 1.250581 -0.000001 -0.503006 -0.675705 0.620051
25 0.000000 0.932634 0.000000 0.432193 3.087004 -0.596076
26 -0.093758 -0.657727 0.062875 -1.705938 0.157701 -0.095658
27 0.000001 -0.000001 -0.000001 0.555325 0.055548 -1.477625
28 0.000002 1.280975 0.000001 -0.015696 -0.035748 0.294238
29 -0.000001 0.749374 -0.000001 0.493861 -3.025271 -0.462269
30 -0.000001 8.563282 0.000001 0.081751 -0.413067 -0.090180
31 0.000001 -0.000000 0.000000 -0.000000 0.000004 -0.000000
32 -4.654183 -1.415280 6.902198 -0.825666 2.576106 -0.000002
33 -0.000001 0.000000 -0.000000 -0.975737 0.664540 -0.350106
34 0.000001 8.543637 0.000000 2.181800 0.000001 1.570796
35 -0.000001 0.000000 -0.000000 -1.092887 0.038490 -0.050735
36 0.000000 -0.000000 0.000001 -0.209702 2.388638 -1.928755
37 0.000001 3.013527 -0.000001 -2.404103 -0.000002 1.570796
38 -2.659014 0.316090 -0.314420 -3.083485 0.263058 -0.047499
39 -0.000000 -0.000000 -0.000001 -1.103799 -2.198188 -1.053109
40 0.000008 1.978484 0.000006 0.856489 -0.393697 -0.603068
41 -0.000004 0.982430 -0.000004 0.141910 -0.491003 0.033567
42 -0.089257 0.659884 0.067214 1.657580 0.268134 -0.033754
43 0.498185 -0.076230 0.714166 0.611757 -0.006689 -1.616449
44 0.000000 1.292970 -0.000001 -0.003040 0.004522 -0.355976
45 -0.000000 0.752466 0.000000 -0.200927 0.245474 -0.490082
46 0.000000 0.000000 -0.000001 1.671850 0.269475 -0.049573
47 0.156321 0.062374 0.322259 0.028257 -0.311786 -1.946861
48 -0.000000 1.261224 -0.000000 -0.073257 0.115192 -0.226980
49 0.000000 0.943233 0.000000 -0.037750 -0.046925 -0.441089
50 -0.108525 -0.607961 -0.044203 1.694999 0.265808 -0.017787
51 0.006729 -0.037598 0.006615 0.086030 -0.461219 -1.908696
52 -0.000000 1.208373 0.000000 -0.072983 0.086798 -0.143695
53 -0.000002 0.741942 -0.000000 -0.115488 0.117750 -0.144179
54 -0.479802 -1.191699 -0.061835 1.597265 0.268013 0.032301
55 -0.000000 0.000000 0.000000 0.122750 -0.630962 -2.010609
56 0.000000 0.996223 0.000000 -0.147432 0.172378 -0.138183
57 -0.000000 0.614691 0.000001 -0.070240 0.335468 0.056969
58 0.000001 8.543637 0.000000 0.114853 -0.476246 -0.111333
59 0.000000 0.000001 0.000000 0.000000 -0.000003 -0.000000
60 -0.420038 -2.829726 3.162476 0.061667 2.068782 -0.580355
61 -0.000000 0.216537 0.000000 -0.373173 0.064367 0.130307
62 0.122706 11.211333 -3.790611 0.000694 -0.000000 -3.141593
63 0.000000 16.673229 -0.000002 -0.010793 3.141593 0.000000
64 0.000000 15.595426 -0.000000 -0.078473 0.000000 -0.000000
65 -0.000000 14.075066 0.000002 -0.080949 0.000000 -0.000000
66 -0.000000 13.425266 0.000001 -0.107304 -0.000000 0.000000
time 60
0 -4.770313 -17.804712 -8.518756 1.570796 -0.000000 0.000000
1 4.771459 -5.564794 3.605348 -0.000128 0.087794 -1.384492
2 0.000000 -0.000002 -0.000000 1.570796 -0.000000 0.000000
3 -0.056707 0.000001 -3.094907 -0.000000 -0.000000 0.000000
4 6.833632 1.302324 6.671466 -0.825666 2.576106 -0.000002
5 1.140234 -6.856876 -7.975102 -1.067623 0.074176 1.211842
6 -0.000001 8.563282 0.000001 -2.463579 0.000002 1.570793
7 0.000002 -0.000000 -0.000001 -2.704896 -0.442717 1.336377
8 -0.000000 0.000000 0.000001 -1.450930 1.240775 -1.854171
9 -0.000001 3.026593 0.000001 -2.054581 -0.000004 1.570799
10 -2.657338 -0.365571 -0.324762 -3.073150 0.182981 -0.062497
11 0.000002 0.000001 -0.000000 -0.072709 0.485164 -0.714803
12 0.000003 1.887195 0.000023 0.194354 0.472344 -0.227125
13 -0.000007 1.001866 0.000004 0.295815 2.955648 -0.559959
14 -0.451693 1.213947 -0.058021 -1.434995 0.151216 0.018951
15 -0.000000 -0.000000 -0.000000 0.059385 0.467012 -1.153234
16 0.000000 0.963854 -0.000001 0.013348 0.044450 -0.005489
17 -0.000001 0.632002 -0.000001 0.553895 2.241784 -0.331889
18 -0.126647 0.620189 -0.039312 -1.649072 0.166160 -0.011484
19 -0.000001 -0.000001 -0.000000 0.028769 0.491640 -1.321781
20 0.000000 1.208233 0.000000 -0.121338 -0.236384 0.243805
21 -0.000000 0.763068 0.000001 0.447465 2.949254 -0.533165
22 -0.000000 0.000000 0.000001 -1.691855 0.160586 -0.074781
23 -0.000002 0.000000 0.000001 0.113639 0.954374 -1.417464
24 0.000001 1.250581 -0.000001 -0.503006 -0.675705 0.620051
25 0.000000 0.932634 0.000000 0.432193 3.087004 -0.596076
26 -0.093758 -0.657727 0.062875 -1.705938 0.157701 -0.095658
27 0.000001 -0.000001 -0.000001 0.555325 0.055548 -1.477625
28 0.000002 1.280975 0.000001 -0.015696 -0.035748 0.294238
29 -0.000001 0.749374 -0.000001 0.493861 -3.025271 -0.462269
30 -0.000001 8.563282 0.000001 0.081751 -0.413067 -0.090180
31 0.000001 -0.000000 0.000000 -0.000000 0.000004 -0.000000
32 -4.654183 -1.415280 6.902198 -0.825666 2.576106 -0.000002
33 -0.000001 0.000000 -0.000000 -0.975737 0.664540 -0.350106
34 0.000001 8.543637 0.000000 2.181800 0.000001 1.570796
35 -0.000001 0.000000 -0.000000 -1.092887 0.038490 -0.050735
36 0.000000 -0.000000 0.000001 -0.209702 2.388638 -1.928755
37 0.000001 3.013527 -0.000001 -2.404103 -0.000002 1.570796
38 -2.659014 0.316090 -0.314420 -3.083485 0.263058 -0.047499
39 -0.000000 -0.000000 -0.000001 -1.103799 -2.198188 -1.053109
40 0.000008 1.978484 0.000006 0.856489 -0.393697 -0.603068
41 -0.000004 0.982430 -0.000004 0.141910 -0.491003 0.033567
42 -0.089257 0.659884 0.067214 1.657580 0.268134 -0.033754
43 0.498185 -0.076230 0.714166 0.611757 -0.006689 -1.616449
44 0.000000 1.292970 -0.000001 -0.003040 0.004522 -0.355976
45 -0.000000 0.752466 0.000000 -0.200927 0.245474 -0.490082
46 0.000000 0.000000 -0.000001 1.671850 0.269475 -0.049573
47 0.156321 0.062374 0.322259 0.028257 -0.311786 -1.946861
48 -0.000000 1.261224 -0.000000 -0.073257 0.115192 -0.226980
49 0.000000 0.943233 0.000000 -0.037750 -0.046925 -0.441089
50 -0.108525 -0.607961 -0.044203 1.694999 0.265808 -0.017787
51 0.006729 -0.037598 0.006615 0.086030 -0.461219 -1.908696
52 -0.000000 1.208373 0.000000 -0.072983 0.086798 -0.143695
53 -0.000002 0.741942 -0.000000 -0.115488 0.117750 -0.144179
54 -0.479802 -1.191699 -0.061835 1.597265 0.268013 0.032301
55 -0.000000 0.000000 0.000000 0.122750 -0.630962 -2.010609
56 0.000000 0.996223 0.000000 -0.147432 0.172378 -0.138183
57 -0.000000 0.614691 0.000001 -0.070240 0.335468 0.056969
58 0.000001 8.543637 0.000000 0.114853 -0.476246 -0.111333
59 0.000000 0.000001 0.000000 0.000000 -0.000003 -0.000000
60 -0.420038 -2.829726 3.162476 0.061667 2.068782 -0.580355
61 -0.000000 0.216537 0.000000 -0.375609 0.065589 0.131735
62 0.122706 11.211333 -3.790611 0.000694 -0.000000 -3.141593
63 0.000001 16.673231 -0.000002 -0.006064 3.141593 -0.000000
64 0.000000 15.595427 0.000002 -0.070594 0.000000 0.000000
65 -0.000001 14.075069 0.000002 -0.071491 -0.000000 -0.000000
66 0.000000 13.425270 -0.000000 -0.094691 -0.000000 -0.000000
time 61
0 -4.770313 -17.804712 -8.518756 1.570796 -0.000000 0.000000
1 4.771459 -5.564794 3.605348 -0.000128 0.087794 -1.384492
2 0.000000 -0.000002 -0.000000 1.570796 -0.000000 0.000000
3 -0.056707 0.000001 -3.094907 -0.000000 -0.000000 0.000000
4 6.833632 1.302324 6.671466 -0.825666 2.576106 -0.000002
5 1.140234 -6.856876 -7.975102 -1.067623 0.074176 1.211842
6 -0.000001 8.563282 0.000001 -2.463579 0.000002 1.570793
7 0.000002 -0.000000 -0.000001 -2.704896 -0.442717 1.336377
8 -0.000000 0.000000 0.000001 -1.450930 1.240775 -1.854171
9 -0.000001 3.026593 0.000001 -2.054581 -0.000004 1.570799
10 -2.657338 -0.365571 -0.324762 -3.073150 0.182981 -0.062497
11 0.000002 0.000001 -0.000000 -0.072709 0.485164 -0.714803
12 0.000003 1.887195 0.000023 0.194354 0.472344 -0.227125
13 -0.000007 1.001866 0.000004 0.295815 2.955648 -0.559959
14 -0.451693 1.213947 -0.058021 -1.434995 0.151216 0.018951
15 -0.000000 -0.000000 -0.000000 0.059385 0.467012 -1.153234
16 0.000000 0.963854 -0.000001 0.013348 0.044450 -0.005489
17 -0.000001 0.632002 -0.000001 0.553895 2.241784 -0.331889
18 -0.126647 0.620189 -0.039312 -1.649072 0.166160 -0.011484
19 -0.000001 -0.000001 -0.000000 0.028769 0.491640 -1.321781
20 0.000000 1.208233 0.000000 -0.121338 -0.236384 0.243805
21 -0.000000 0.763068 0.000001 0.447465 2.949254 -0.533165
22 -0.000000 0.000000 0.000001 -1.691855 0.160586 -0.074781
23 -0.000002 0.000000 0.000001 0.113639 0.954374 -1.417464
24 0.000001 1.250581 -0.000001 -0.503006 -0.675705 0.620051
25 0.000000 0.932634 0.000000 0.432193 3.087004 -0.596076
26 -0.093758 -0.657727 0.062875 -1.705938 0.157701 -0.095658
27 0.000001 -0.000001 -0.000001 0.555325 0.055548 -1.477625
28 0.000002 1.280975 0.000001 -0.015696 -0.035748 0.294238
29 -0.000001 0.749374 -0.000001 0.493861 -3.025271 -0.462269
30 -0.000001 8.563282 0.000001 0.081751 -0.413067 -0.090180
31 0.000001 -0.000000 0.000000 -0.000000 0.000004 -0.000000
32 -4.654183 -1.415280 6.902198 -0.825666 2.576106 -0.000002
33 -0.000001 0.000000 -0.000000 -0.975737 0.664540 -0.350106
34 0.000001 8.543637 0.000000 2.181800 0.000001 1.570796
35 -0.000001 0.000000 -0.000000 -1.092887 0.038490 -0.050735
36 0.000000 -0.000000 0.000001 -0.209702 2.388638 -1.928755
37 0.000001 3.013527 -0.000001 -2.404103 -0.000002 1.570796
38 -2.659014 0.316090 -0.314420 -3.083485 0.263058 -0.047499
39 -0.000000 -0.000000 -0.000001 -1.103799 -2.198188 -1.053109
40 0.000008 1.978484 0.000006 0.856489 -0.393697 -0.603068
41 -0.000004 0.982430 -0.000004 0.141910 -0.491003 0.033567
42 -0.089257 0.659884 0.067214 1.657580 0.268134 -0.033754
43 0.498185 -0.076230 0.714166 0.611757 -0.006689 -1.616449
44 0.000000 1.292970 -0.000001 -0.003040 0.004522 -0.355976
45 -0.000000 0.752466 0.000000 -0.200927 0.245474 -0.490082
46 0.000000 0.000000 -0.000001 1.671850 0.269475 -0.049573
47 0.156321 0.062374 0.322259 0.028257 -0.311786 -1.946861
48 -0.000000 1.261224 -0.000000 -0.073257 0.115192 -0.226980
49 0.000000 0.943233 0.000000 -0.037750 -0.046925 -0.441089
50 -0.108525 -0.607961 -0.044203 1.694999 0.265808 -0.017787
51 0.006729 -0.037598 0.006615 0.086030 -0.461219 -1.908696
52 -0.000000 1.208373 0.000000 -0.072983 0.086798 -0.143695
53 -0.000002 0.741942 -0.000000 -0.115488 0.117750 -0.144179
54 -0.479802 -1.191699 -0.061835 1.597265 0.268013 0.032301
55 -0.000000 0.000000 0.000000 0.122750 -0.630962 -2.010609
56 0.000000 0.996223 0.000000 -0.147432 0.172378 -0.138183
57 -0.000000 0.614691 0.000001 -0.070240 0.335468 0.056969
58 0.000001 8.543637 0.000000 0.114853 -0.476246 -0.111333
59 0.000000 0.000001 0.000000 0.000000 -0.000003 -0.000000
60 -0.420038 -2.829726 3.162476 0.061667 2.068782 -0.580355
61 -0.000000 0.216537 0.000000 -0.377667 0.066624 0.133119
62 0.122706 11.211333 -3.790611 0.000694 -0.000000 -3.141593
63 0.000001 16.673233 -0.000003 -0.001182 3.141593 0.000000
64 -0.000000 15.595429 0.000001 -0.062459 0.000000 -0.000000
65 -0.000000 14.075069 0.000003 -0.061727 -0.000000 -0.000000
66 -0.000000 13.425276 0.000000 -0.081668 -0.000000 -0.000000
time 62
0 -4.770313 -17.804712 -8.518756 1.570796 -0.000000 0.000000
1 4.771459 -5.564794 3.605348 -0.000128 0.087794 -1.384492
2 0.000000 -0.000002 -0.000000 1.570796 -0.000000 0.000000
3 -0.056707 0.000001 -3.094907 -0.000000 -0.000000 0.000000
4 6.833632 1.302324 6.671466 -0.825666 2.576106 -0.000002
5 1.140234 -6.856876 -7.975102 -1.067623 0.074176 1.211842
6 -0.000001 8.563282 0.000001 -2.463579 0.000002 1.570793
7 0.000002 -0.000000 -0.000001 -2.704896 -0.442717 1.336377
8 -0.000000 0.000000 0.000001 -1.450930 1.240775 -1.854171
9 -0.000001 3.026593 0.000001 -2.054581 -0.000004 1.570799
10 -2.657338 -0.365571 -0.324762 -3.073150 0.182981 -0.062497
11 0.000002 0.000001 -0.000000 -0.072709 0.485164 -0.714803
12 0.000003 1.887195 0.000023 0.194354 0.472344 -0.227125
13 -0.000007 1.001866 0.000004 0.295815 2.955648 -0.559959
14 -0.451693 1.213947 -0.058021 -1.434995 0.151216 0.018951
15 -0.000000 -0.000000 -0.000000 0.059385 0.467012 -1.153234
16 0.000000 0.963854 -0.000001 0.013348 0.044450 -0.005489
17 -0.000001 0.632002 -0.000001 0.553895 2.241784 -0.331889
18 -0.126647 0.620189 -0.039312 -1.649072 0.166160 -0.011484
19 -0.000001 -0.000001 -0.000000 0.028769 0.491640 -1.321781
20 0.000000 1.208233 0.000000 -0.121338 -0.236384 0.243805
21 -0.000000 0.763068 0.000001 0.447465 2.949254 -0.533165
22 -0.000000 0.000000 0.000001 -1.691855 0.160586 -0.074781
23 -0.000002 0.000000 0.000001 0.113639 0.954374 -1.417464
24 0.000001 1.250581 -0.000001 -0.503006 -0.675705 0.620051
25 0.000000 0.932634 0.000000 0.432193 3.087004 -0.596076
26 -0.093758 -0.657727 0.062875 -1.705938 0.157701 -0.095658
27 0.000001 -0.000001 -0.000001 0.555325 0.055548 -1.477625
28 0.000002 1.280975 0.000001 -0.015696 -0.035748 0.294238
29 -0.000001 0.749374 -0.000001 0.493861 -3.025271 -0.462269
30 -0.000001 8.563282 0.000001 0.081751 -0.413067 -0.090180
31 0.000001 -0.000000 0.000000 -0.000000 0.000004 -0.000000
32 -4.654183 -1.415280 6.902198 -0.825666 2.576106 -0.000002
33 -0.000001 0.000000 -0.000000 -0.975737 0.664540 -0.350106
34 0.000001 8.543637 0.000000 2.181800 0.000001 1.570796
35 -0.000001 0.000000 -0.000000 -1.092887 0.038490 -0.050735
36 0.000000 -0.000000 0.000001 -0.209702 2.388638 -1.928755
37 0.000001 3.013527 -0.000001 -2.404103 -0.000002 1.570796
38 -2.659014 0.316090 -0.314420 -3.083485 0.263058 -0.047499
39 -0.000000 -0.000000 -0.000001 -1.103799 -2.198188 -1.053109
40 0.000008 1.978484 0.000006 0.856489 -0.393697 -0.603068
41 -0.000004 0.982430 -0.000004 0.141910 -0.491003 0.033567
42 -0.089257 0.659884 0.067214 1.657580 0.268134 -0.033754
43 0.498185 -0.076230 0.714166 0.611757 -0.006689 -1.616449
44 0.000000 1.292970 -0.000001 -0.003040 0.004522 -0.355976
45 -0.000000 0.752466 0.000000 -0.200927 0.245474 -0.490082
46 0.000000 0.000000 -0.000001 1.671850 0.269475 -0.049573
47 0.156321 0.062374 0.322259 0.028257 -0.311786 -1.946861
48 -0.000000 1.261224 -0.000000 -0.073257 0.115192 -0.226980
49 0.000000 0.943233 0.000000 -0.037750 -0.046925 -0.441089
50 -0.108525 -0.607961 -0.044203 1.694999 0.265808 -0.017787
51 0.006729 -0.037598 0.006615 0.086030 -0.461219 -1.908696
52 -0.000000 1.208373 0.000000 -0.072983 0.086798 -0.143695
53 -0.000002 0.741942 -0.000000 -0.115488 0.117750 -0.144179
54 -0.479802 -1.191699 -0.061835 1.597265 0.268013 0.032301
55 -0.000000 0.000000 0.000000 0.122750 -0.630962 -2.010609
56 0.000000 0.996223 0.000000 -0.147432 0.172378 -0.138183
57 -0.000000 0.614691 0.000001 -0.070240 0.335468 0.056969
58 0.000001 8.543637 0.000000 0.114853 -0.476246 -0.111333
59 0.000000 0.000001 0.000000 0.000000 -0.000003 -0.000000
60 -0.420038 -2.829726 3.162476 0.061667 2.068782 -0.580355
61 -0.000000 0.216537 0.000000 -0.379377 0.067486 0.134436
62 0.122706 11.211333 -3.790611 0.000694 -0.000000 -3.141593
63 0.000001 16.673233 -0.000002 0.003701 3.141593 0.000000
64 -0.000001 15.595434 0.000002 -0.054323 0.000000 0.000000
65 -0.000001 14.075075 0.000002 -0.051962 -0.000000 -0.000000
66 -0.000001 13.425273 0.000002 -0.068645 0.000000 0.000000
time 63
0 -4.770313 -17.804712 -8.518756 1.570796 -0.000000 0.000000
1 4.771459 -5.564794 3.605348 -0.000128 0.087794 -1.384492
2 0.000000 -0.000002 -0.000000 1.570796 -0.000000 0.000000
3 -0.056707 0.000001 -3.094907 -0.000000 -0.000000 0.000000
4 6.833632 1.302324 6.671466 -0.825666 2.576106 -0.000002
5 1.140234 -6.856876 -7.975102 -1.067623 0.074176 1.211842
6 -0.000001 8.563282 0.000001 -2.463579 0.000002 1.570793
7 0.000002 -0.000000 -0.000001 -2.704896 -0.442717 1.336377
8 -0.000000 0.000000 0.000001 -1.450930 1.240775 -1.854171
9 -0.000001 3.026593 0.000001 -2.054581 -0.000004 1.570799
10 -2.657338 -0.365571 -0.324762 -3.073150 0.182981 -0.062497
11 0.000002 0.000001 -0.000000 -0.072709 0.485164 -0.714803
12 0.000003 1.887195 0.000023 0.194354 0.472344 -0.227125
13 -0.000007 1.001866 0.000004 0.295815 2.955648 -0.559959
14 -0.451693 1.213947 -0.058021 -1.434995 0.151216 0.018951
15 -0.000000 -0.000000 -0.000000 0.059385 0.467012 -1.153234
16 0.000000 0.963854 -0.000001 0.013348 0.044450 -0.005489
17 -0.000001 0.632002 -0.000001 0.553895 2.241784 -0.331889
18 -0.126647 0.620189 -0.039312 -1.649072 0.166160 -0.011484
19 -0.000001 -0.000001 -0.000000 0.028769 0.491640 -1.321781
20 0.000000 1.208233 0.000000 -0.121338 -0.236384 0.243805
21 -0.000000 0.763068 0.000001 0.447465 2.949254 -0.533165
22 -0.000000 0.000000 0.000001 -1.691855 0.160586 -0.074781
23 -0.000002 0.000000 0.000001 0.113639 0.954374 -1.417464
24 0.000001 1.250581 -0.000001 -0.503006 -0.675705 0.620051
25 0.000000 0.932634 0.000000 0.432193 3.087004 -0.596076
26 -0.093758 -0.657727 0.062875 -1.705938 0.157701 -0.095658
27 0.000001 -0.000001 -0.000001 0.555325 0.055548 -1.477625
28 0.000002 1.280975 0.000001 -0.015696 -0.035748 0.294238
29 -0.000001 0.749374 -0.000001 0.493861 -3.025271 -0.462269
30 -0.000001 8.563282 0.000001 0.081751 -0.413067 -0.090180
31 0.000001 -0.000000 0.000000 -0.000000 0.000004 -0.000000
32 -4.654183 -1.415280 6.902198 -0.825666 2.576106 -0.000002
33 -0.000001 0.000000 -0.000000 -0.975737 0.664540 -0.350106
34 0.000001 8.543637 0.000000 2.181800 0.000001 1.570796
35 -0.000001 0.000000 -0.000000 -1.092887 0.038490 -0.050735
36 0.000000 -0.000000 0.000001 -0.209702 2.388638 -1.928755
37 0.000001 3.013527 -0.000001 -2.404103 -0.000002 1.570796
38 -2.659014 0.316090 -0.314420 -3.083485 0.263058 -0.047499
39 -0.000000 -0.000000 -0.000001 -1.103799 -2.198188 -1.053109
40 0.000008 1.978484 0.000006 0.856489 -0.393697 -0.603068
41 -0.000004 0.982430 -0.000004 0.141910 -0.491003 0.033567
42 -0.089257 0.659884 0.067214 1.657580 0.268134 -0.033754
43 0.498185 -0.076230 0.714166 0.611757 -0.006689 -1.616449
44 0.000000 1.292970 -0.000001 -0.003040 0.004522 -0.355976
45 -0.000000 0.752466 0.000000 -0.200927 0.245474 -0.490082
46 0.000000 0.000000 -0.000001 1.671850 0.269475 -0.049573
47 0.156321 0.062374 0.322259 0.028257 -0.311786 -1.946861
48 -0.000000 1.261224 -0.000000 -0.073257 0.115192 -0.226980
49 0.000000 0.943233 0.000000 -0.037750 -0.046925 -0.441089
50 -0.108525 -0.607961 -0.044203 1.694999 0.265808 -0.017787
51 0.006729 -0.037598 0.006615 0.086030 -0.461219 -1.908696
52 -0.000000 1.208373 0.000000 -0.072983 0.086798 -0.143695
53 -0.000002 0.741942 -0.000000 -0.115488 0.117750 -0.144179
54 -0.479802 -1.191699 -0.061835 1.597265 0.268013 0.032301
55 -0.000000 0.000000 0.000000 0.122750 -0.630962 -2.010609
56 0.000000 0.996223 0.000000 -0.147432 0.172378 -0.138183
57 -0.000000 0.614691 0.000001 -0.070240 0.335468 0.056969
58 0.000001 8.543637 0.000000 0.114853 -0.476246 -0.111333
59 0.000000 0.000001 0.000000 0.000000 -0.000003 -0.000000
60 -0.420038 -2.829726 3.162476 0.061667 2.068782 -0.580355
61 -0.000000 0.216537 0.000000 -0.380766 0.068188 0.135659
62 0.122706 11.211333 -3.790611 0.000694 -0.000000 -3.141593
63 0.000001 16.673229 -0.000002 0.008430 3.141593 -0.000000
64 0.000000 15.595428 0.000002 -0.046444 0.000000 -0.000000
65 -0.000001 14.075074 0.000002 -0.042504 -0.000000 0.000000
66 -0.000001 13.425274 0.000001 -0.056032 0.000000 -0.000000
time 64
0 -4.770313 -17.804712 -8.518756 1.570796 -0.000000 0.000000
1 4.771459 -5.564794 3.605348 -0.000128 0.087794 -1.384492
2 0.000000 -0.000002 -0.000000 1.570796 -0.000000 0.000000
3 -0.056707 0.000001 -3.094907 -0.000000 -0.000000 0.000000
4 6.833632 1.302324 6.671466 -0.825666 2.576106 -0.000002
5 1.140234 -6.856876 -7.975102 -1.067623 0.074176 1.211842
6 -0.000001 8.563282 0.000001 -2.463579 0.000002 1.570793
7 0.000002 -0.000000 -0.000001 -2.704896 -0.442717 1.336377
8 -0.000000 0.000000 0.000001 -1.450930 1.240775 -1.854171
9 -0.000001 3.026593 0.000001 -2.054581 -0.000004 1.570799
10 -2.657338 -0.365571 -0.324762 -3.073150 0.182981 -0.062497
11 0.000002 0.000001 -0.000000 -0.072709 0.485164 -0.714803
12 0.000003 1.887195 0.000023 0.194354 0.472344 -0.227125
13 -0.000007 1.001866 0.000004 0.295815 2.955648 -0.559959
14 -0.451693 1.213947 -0.058021 -1.434995 0.151216 0.018951
15 -0.000000 -0.000000 -0.000000 0.059385 0.467012 -1.153234
16 0.000000 0.963854 -0.000001 0.013348 0.044450 -0.005489
17 -0.000001 0.632002 -0.000001 0.553895 2.241784 -0.331889
18 -0.126647 0.620189 -0.039312 -1.649072 0.166160 -0.011484
19 -0.000001 -0.000001 -0.000000 0.028769 0.491640 -1.321781
20 0.000000 1.208233 0.000000 -0.121338 -0.236384 0.243805
21 -0.000000 0.763068 0.000001 0.447465 2.949254 -0.533165
22 -0.000000 0.000000 0.000001 -1.691855 0.160586 -0.074781
23 -0.000002 0.000000 0.000001 0.113639 0.954374 -1.417464
24 0.000001 1.250581 -0.000001 -0.503006 -0.675705 0.620051
25 0.000000 0.932634 0.000000 0.432193 3.087004 -0.596076
26 -0.093758 -0.657727 0.062875 -1.705938 0.157701 -0.095658
27 0.000001 -0.000001 -0.000001 0.555325 0.055548 -1.477625
28 0.000002 1.280975 0.000001 -0.015696 -0.035748 0.294238
29 -0.000001 0.749374 -0.000001 0.493861 -3.025271 -0.462269
30 -0.000001 8.563282 0.000001 0.081751 -0.413067 -0.090180
31 0.000001 -0.000000 0.000000 -0.000000 0.000004 -0.000000
32 -4.654183 -1.415280 6.902198 -0.825666 2.576106 -0.000002
33 -0.000001 0.000000 -0.000000 -0.975737 0.664540 -0.350106
34 0.000001 8.543637 0.000000 2.181800 0.000001 1.570796
35 -0.000001 0.000000 -0.000000 -1.092887 0.038490 -0.050735
36 0.000000 -0.000000 0.000001 -0.209702 2.388638 -1.928755
37 0.000001 3.013527 -0.000001 -2.404103 -0.000002 1.570796
38 -2.659014 0.316090 -0.314420 -3.083485 0.263058 -0.047499
39 -0.000000 -0.000000 -0.000001 -1.103799 -2.198188 -1.053109
40 0.000008 1.978484 0.000006 0.856489 -0.393697 -0.603068
41 -0.000004 0.982430 -0.000004 0.141910 -0.491003 0.033567
42 -0.089257 0.659884 0.067214 1.657580 0.268134 -0.033754
43 0.498185 -0.076230 0.714166 0.611757 -0.006689 -1.616449
44 0.000000 1.292970 -0.000001 -0.003040 0.004522 -0.355976
45 -0.000000 0.752466 0.000000 -0.200927 0.245474 -0.490082
46 0.000000 0.000000 -0.000001 1.671850 0.269475 -0.049573
47 0.156321 0.062374 0.322259 0.028257 -0.311786 -1.946861
48 -0.000000 1.261224 -0.000000 -0.073257 0.115192 -0.226980
49 0.000000 0.943233 0.000000 -0.037750 -0.046925 -0.441089
50 -0.108525 -0.607961 -0.044203 1.694999 0.265808 -0.017787
51 0.006729 -0.037598 0.006615 0.086030 -0.461219 -1.908696
52 -0.000000 1.208373 0.000000 -0.072983 0.086798 -0.143695
53 -0.000002 0.741942 -0.000000 -0.115488 0.117750 -0.144179
54 -0.479802 -1.191699 -0.061835 1.597265 0.268013 0.032301
55 -0.000000 0.000000 0.000000 0.122750 -0.630962 -2.010609
56 0.000000 0.996223 0.000000 -0.147432 0.172378 -0.138183
57 -0.000000 0.614691 0.000001 -0.070240 0.335468 0.056969
58 0.000001 8.543637 0.000000 0.114853 -0.476246 -0.111333
59 0.000000 0.000001 0.000000 0.000000 -0.000003 -0.000000
60 -0.420038 -2.829726 3.162476 0.061667 2.068782 -0.580355
61 -0.000000 0.216537 0.000000 -0.381864 0.068743 0.136764
62 0.122706 11.211333 -3.790611 0.000694 -0.000000 -3.141593
63 0.000001 16.673231 -0.000002 0.012852 3.141593 -0.000000
64 -0.000000 15.595427 0.000002 -0.039074 0.000000 -0.000000
65 -0.000001 14.075071 0.000001 -0.033660 -0.000000 0.000000
66 0.000000 13.425273 0.000000 -0.044238 -0.000000 -0.000000
time 65
0 -4.770313 -17.804712 -8.518756 1.570796 -0.000000 0.000000
1 4.771459 -5.564794 3.605348 -0.000128 0.087794 -1.384492
2 0.000000 -0.000002 -0.000000 1.570796 -0.000000 0.000000
3 -0.056707 0.000001 -3.094907 -0.000000 -0.000000 0.000000
4 6.833632 1.302324 6.671466 -0.825666 2.576106 -0.000002
5 1.140234 -6.856876 -7.975102 -1.067623 0.074176 1.211842
6 -0.000001 8.563282 0.000001 -2.463579 0.000002 1.570793
7 0.000002 -0.000000 -0.000001 -2.704896 -0.442717 1.336377
8 -0.000000 0.000000 0.000001 -1.450930 1.240775 -1.854171
9 -0.000001 3.026593 0.000001 -2.054581 -0.000004 1.570799
10 -2.657338 -0.365571 -0.324762 -3.073150 0.182981 -0.062497
11 0.000002 0.000001 -0.000000 -0.072709 0.485164 -0.714803
12 0.000003 1.887195 0.000023 0.194354 0.472344 -0.227125
13 -0.000007 1.001866 0.000004 0.295815 2.955648 -0.559959
14 -0.451693 1.213947 -0.058021 -1.434995 0.151216 0.018951
15 -0.000000 -0.000000 -0.000000 0.059385 0.467012 -1.153234
16 0.000000 0.963854 -0.000001 0.013348 0.044450 -0.005489
17 -0.000001 0.632002 -0.000001 0.553895 2.241784 -0.331889
18 -0.126647 0.620189 -0.039312 -1.649072 0.166160 -0.011484
19 -0.000001 -0.000001 -0.000000 0.028769 0.491640 -1.321781
20 0.000000 1.208233 0.000000 -0.121338 -0.236384 0.243805
21 -0.000000 0.763068 0.000001 0.447465 2.949254 -0.533165
22 -0.000000 0.000000 0.000001 -1.691855 0.160586 -0.074781
23 -0.000002 0.000000 0.000001 0.113639 0.954374 -1.417464
24 0.000001 1.250581 -0.000001 -0.503006 -0.675705 0.620051
25 0.000000 0.932634 0.000000 0.432193 3.087004 -0.596076
26 -0.093758 -0.657727 0.062875 -1.705938 0.157701 -0.095658
27 0.000001 -0.000001 -0.000001 0.555325 0.055548 -1.477625
28 0.000002 1.280975 0.000001 -0.015696 -0.035748 0.294238
29 -0.000001 0.749374 -0.000001 0.493861 -3.025271 -0.462269
30 -0.000001 8.563282 0.000001 0.081751 -0.413067 -0.090180
31 0.000001 -0.000000 0.000000 -0.000000 0.000004 -0.000000
32 -4.654183 -1.415280 6.902198 -0.825666 2.576106 -0.000002
33 -0.000001 0.000000 -0.000000 -0.975737 0.664540 -0.350106
34 0.000001 8.543637 0.000000 2.181800 0.000001 1.570796
35 -0.000001 0.000000 -0.000000 -1.092887 0.038490 -0.050735
36 0.000000 -0.000000 0.000001 -0.209702 2.388638 -1.928755
37 0.000001 3.013527 -0.000001 -2.404103 -0.000002 1.570796
38 -2.659014 0.316090 -0.314420 -3.083485 0.263058 -0.047499
39 -0.000000 -0.000000 -0.000001 -1.103799 -2.198188 -1.053109
40 0.000008 1.978484 0.000006 0.856489 -0.393697 -0.603068
41 -0.000004 0.982430 -0.000004 0.141910 -0.491003 0.033567
42 -0.089257 0.659884 0.067214 1.657580 0.268134 -0.033754
43 0.498185 -0.076230 0.714166 0.611757 -0.006689 -1.616449
44 0.000000 1.292970 -0.000001 -0.003040 0.004522 -0.355976
45 -0.000000 0.752466 0.000000 -0.200927 0.245474 -0.490082
46 0.000000 0.000000 -0.000001 1.671850 0.269475 -0.049573
47 0.156321 0.062374 0.322259 0.028257 -0.311786 -1.946861
48 -0.000000 1.261224 -0.000000 -0.073257 0.115192 -0.226980
49 0.000000 0.943233 0.000000 -0.037750 -0.046925 -0.441089
50 -0.108525 -0.607961 -0.044203 1.694999 0.265808 -0.017787
51 0.006729 -0.037598 0.006615 0.086030 -0.461219 -1.908696
52 -0.000000 1.208373 0.000000 -0.072983 0.086798 -0.143695
53 -0.000002 0.741942 -0.000000 -0.115488 0.117750 -0.144179
54 -0.479802 -1.191699 -0.061835 1.597265 0.268013 0.032301
55 -0.000000 0.000000 0.000000 0.122750 -0.630962 -2.010609
56 0.000000 0.996223 0.000000 -0.147432 0.172378 -0.138183
57 -0.000000 0.614691 0.000001 -0.070240 0.335468 0.056969
58 0.000001 8.543637 0.000000 0.114853 -0.476246 -0.111333
59 0.000000 0.000001 0.000000 0.000000 -0.000003 -0.000000
60 -0.420038 -2.829726 3.162476 0.061667 2.068782 -0.580355
61 -0.000000 0.216537 0.000000 -0.382698 0.069166 0.137726
62 0.122706 11.211333 -3.790611 0.000694 -0.000000 -3.141593
63 0.000000 16.673229 -0.000001 0.016815 3.141593 0.000000
64 -0.000001 15.595428 0.000002 -0.032472 0.000000 0.000000
65 -0.000002 14.075074 0.000001 -0.025736 0.000000 0.000000
66 -0.000000 13.425272 0.000001 -0.033672 -0.000000 -0.000000
time 66
0 -4.770313 -17.804712 -8.518756 1.570796 -0.000000 0.000000
1 4.771459 -5.564794 3.605348 -0.000128 0.087794 -1.384492
2 0.000000 -0.000002 -0.000000 1.570796 -0.000000 0.000000
3 -0.056707 0.000001 -3.094907 -0.000000 -0.000000 0.000000
4 6.833632 1.302324 6.671466 -0.825666 2.576106 -0.000002
5 1.140234 -6.856876 -7.975102 -1.067623 0.074176 1.211842
6 -0.000001 8.563282 0.000001 -2.463579 0.000002 1.570793
7 0.000002 -0.000000 -0.000001 -2.704896 -0.442717 1.336377
8 -0.000000 0.000000 0.000001 -1.450930 1.240775 -1.854171
9 -0.000001 3.026593 0.000001 -2.054581 -0.000004 1.570799
10 -2.657338 -0.365571 -0.324762 -3.073150 0.182981 -0.062497
11 0.000002 0.000001 -0.000000 -0.072709 0.485164 -0.714803
12 0.000003 1.887195 0.000023 0.194354 0.472344 -0.227125
13 -0.000007 1.001866 0.000004 0.295815 2.955648 -0.559959
14 -0.451693 1.213947 -0.058021 -1.434995 0.151216 0.018951
15 -0.000000 -0.000000 -0.000000 0.059385 0.467012 -1.153234
16 0.000000 0.963854 -0.000001 0.013348 0.044450 -0.005489
17 -0.000001 0.632002 -0.000001 0.553895 2.241784 -0.331889
18 -0.126647 0.620189 -0.039312 -1.649072 0.166160 -0.011484
19 -0.000001 -0.000001 -0.000000 0.028769 0.491640 -1.321781
20 0.000000 1.208233 0.000000 -0.121338 -0.236384 0.243805
21 -0.000000 0.763068 0.000001 0.447465 2.949254 -0.533165
22 -0.000000 0.000000 0.000001 -1.691855 0.160586 -0.074781
23 -0.000002 0.000000 0.000001 0.113639 0.954374 -1.417464
24 0.000001 1.250581 -0.000001 -0.503006 -0.675705 0.620051
25 0.000000 0.932634 0.000000 0.432193 3.087004 -0.596076
26 -0.093758 -0.657727 0.062875 -1.705938 0.157701 -0.095658
27 0.000001 -0.000001 -0.000001 0.555325 0.055548 -1.477625
28 0.000002 1.280975 0.000001 -0.015696 -0.035748 0.294238
29 -0.000001 0.749374 -0.000001 0.493861 -3.025271 -0.462269
30 -0.000001 8.563282 0.000001 0.081751 -0.413067 -0.090180
31 0.000001 -0.000000 0.000000 -0.000000 0.000004 -0.000000
32 -4.654183 -1.415280 6.902198 -0.825666 2.576106 -0.000002
33 -0.000001 0.000000 -0.000000 -0.975737 0.664540 -0.350106
34 0.000001 8.543637 0.000000 2.181800 0.000001 1.570796
35 -0.000001 0.000000 -0.000000 -1.092887 0.038490 -0.050735
36 0.000000 -0.000000 0.000001 -0.209702 2.388638 -1.928755
37 0.000001 3.013527 -0.000001 -2.404103 -0.000002 1.570796
38 -2.659014 0.316090 -0.314420 -3.083485 0.263058 -0.047499
39 -0.000000 -0.000000 -0.000001 -1.103799 -2.198188 -1.053109
40 0.000008 1.978484 0.000006 0.856489 -0.393697 -0.603068
41 -0.000004 0.982430 -0.000004 0.141910 -0.491003 0.033567
42 -0.089257 0.659884 0.067214 1.657580 0.268134 -0.033754
43 0.498185 -0.076230 0.714166 0.611757 -0.006689 -1.616449
44 0.000000 1.292970 -0.000001 -0.003040 0.004522 -0.355976
45 -0.000000 0.752466 0.000000 -0.200927 0.245474 -0.490082
46 0.000000 0.000000 -0.000001 1.671850 0.269475 -0.049573
47 0.156321 0.062374 0.322259 0.028257 -0.311786 -1.946861
48 -0.000000 1.261224 -0.000000 -0.073257 0.115192 -0.226980
49 0.000000 0.943233 0.000000 -0.037750 -0.046925 -0.441089
50 -0.108525 -0.607961 -0.044203 1.694999 0.265808 -0.017787
51 0.006729 -0.037598 0.006615 0.086030 -0.461219 -1.908696
52 -0.000000 1.208373 0.000000 -0.072983 0.086798 -0.143695
53 -0.000002 0.741942 -0.000000 -0.115488 0.117750 -0.144179
54 -0.479802 -1.191699 -0.061835 1.597265 0.268013 0.032301
55 -0.000000 0.000000 0.000000 0.122750 -0.630962 -2.010609
56 0.000000 0.996223 0.000000 -0.147432 0.172378 -0.138183
57 -0.000000 0.614691 0.000001 -0.070240 0.335468 0.056969
58 0.000001 8.543637 0.000000 0.114853 -0.476246 -0.111333
59 0.000000 0.000001 0.000000 0.000000 -0.000003 -0.000000
60 -0.420038 -2.829726 3.162476 0.061667 2.068782 -0.580355
61 -0.000000 0.216537 0.000000 -0.383298 0.069471 0.138519
62 0.122706 11.211333 -3.790611 0.000694 -0.000000 -3.141593
63 0.000000 16.673229 -0.000002 0.020163 3.141593 0.000000
64 -0.000001 15.595428 0.000001 -0.026892 0.000000 0.000000
65 -0.000000 14.075071 0.000002 -0.019040 -0.000000 0.000000
66 -0.000000 13.425260 0.000001 -0.024745 -0.000000 -0.000000
time 67
0 -4.770313 -17.804712 -8.518756 1.570796 -0.000000 0.000000
1 4.771459 -5.564794 3.605348 -0.000128 0.087794 -1.384492
2 0.000000 -0.000002 -0.000000 1.570796 -0.000000 0.000000
3 -0.056707 0.000001 -3.094907 -0.000000 -0.000000 0.000000
4 6.833632 1.302324 6.671466 -0.825666 2.576106 -0.000002
5 1.140234 -6.856876 -7.975102 -1.067623 0.074176 1.211842
6 -0.000001 8.563282 0.000001 -2.463579 0.000002 1.570793
7 0.000002 -0.000000 -0.000001 -2.704896 -0.442717 1.336377
8 -0.000000 0.000000 0.000001 -1.450930 1.240775 -1.854171
9 -0.000001 3.026593 0.000001 -2.054581 -0.000004 1.570799
10 -2.657338 -0.365571 -0.324762 -3.073150 0.182981 -0.062497
11 0.000002 0.000001 -0.000000 -0.072709 0.485164 -0.714803
12 0.000003 1.887195 0.000023 0.194354 0.472344 -0.227125
13 -0.000007 1.001866 0.000004 0.295815 2.955648 -0.559959
14 -0.451693 1.213947 -0.058021 -1.434995 0.151216 0.018951
15 -0.000000 -0.000000 -0.000000 0.059385 0.467012 -1.153234
16 0.000000 0.963854 -0.000001 0.013348 0.044450 -0.005489
17 -0.000001 0.632002 -0.000001 0.553895 2.241784 -0.331889
18 -0.126647 0.620189 -0.039312 -1.649072 0.166160 -0.011484
19 -0.000001 -0.000001 -0.000000 0.028769 0.491640 -1.321781
20 0.000000 1.208233 0.000000 -0.121338 -0.236384 0.243805
21 -0.000000 0.763068 0.000001 0.447465 2.949254 -0.533165
22 -0.000000 0.000000 0.000001 -1.691855 0.160586 -0.074781
23 -0.000002 0.000000 0.000001 0.113639 0.954374 -1.417464
24 0.000001 1.250581 -0.000001 -0.503006 -0.675705 0.620051
25 0.000000 0.932634 0.000000 0.432193 3.087004 -0.596076
26 -0.093758 -0.657727 0.062875 -1.705938 0.157701 -0.095658
27 0.000001 -0.000001 -0.000001 0.555325 0.055548 -1.477625
28 0.000002 1.280975 0.000001 -0.015696 -0.035748 0.294238
29 -0.000001 0.749374 -0.000001 0.493861 -3.025271 -0.462269
30 -0.000001 8.563282 0.000001 0.081751 -0.413067 -0.090180
31 0.000001 -0.000000 0.000000 -0.000000 0.000004 -0.000000
32 -4.654183 -1.415280 6.902198 -0.825666 2.576106 -0.000002
33 -0.000001 0.000000 -0.000000 -0.975737 0.664540 -0.350106
34 0.000001 8.543637 0.000000 2.181800 0.000001 1.570796
35 -0.000001 0.000000 -0.000000 -1.092887 0.038490 -0.050735
36 0.000000 -0.000000 0.000001 -0.209702 2.388638 -1.928755
37 0.000001 3.013527 -0.000001 -2.404103 -0.000002 1.570796
38 -2.659014 0.316090 -0.314420 -3.083485 0.263058 -0.047499
39 -0.000000 -0.000000 -0.000001 -1.103799 -2.198188 -1.053109
40 0.000008 1.978484 0.000006 0.856489 -0.393697 -0.603068
41 -0.000004 0.982430 -0.000004 0.141910 -0.491003 0.033567
42 -0.089257 0.659884 0.067214 1.657580 0.268134 -0.033754
43 0.498185 -0.076230 0.714166 0.611757 -0.006689 -1.616449
44 0.000000 1.292970 -0.000001 -0.003040 0.004522 -0.355976
45 -0.000000 0.752466 0.000000 -0.200927 0.245474 -0.490082
46 0.000000 0.000000 -0.000001 1.671850 0.269475 -0.049573
47 0.156321 0.062374 0.322259 0.028257 -0.311786 -1.946861
48 -0.000000 1.261224 -0.000000 -0.073257 0.115192 -0.226980
49 0.000000 0.943233 0.000000 -0.037750 -0.046925 -0.441089
50 -0.108525 -0.607961 -0.044203 1.694999 0.265808 -0.017787
51 0.006729 -0.037598 0.006615 0.086030 -0.461219 -1.908696
52 -0.000000 1.208373 0.000000 -0.072983 0.086798 -0.143695
53 -0.000002 0.741942 -0.000000 -0.115488 0.117750 -0.144179
54 -0.479802 -1.191699 -0.061835 1.597265 0.268013 0.032301
55 -0.000000 0.000000 0.000000 0.122750 -0.630962 -2.010609
56 0.000000 0.996223 0.000000 -0.147432 0.172378 -0.138183
57 -0.000000 0.614691 0.000001 -0.070240 0.335468 0.056969
58 0.000001 8.543637 0.000000 0.114853 -0.476246 -0.111333
59 0.000000 0.000001 0.000000 0.000000 -0.000003 -0.000000
60 -0.420038 -2.829726 3.162476 0.061667 2.068782 -0.580355
61 -0.000000 0.216537 0.000000 -0.383692 0.069670 0.139117
62 0.122706 11.211333 -3.790611 0.000694 -0.000000 -3.141593
63 0.000000 16.673227 -0.000002 0.022745 3.141593 0.000000
64 -0.000001 15.595428 0.000001 -0.022590 0.000000 0.000000
65 -0.000000 14.075061 0.000001 -0.013877 -0.000000 0.000000
66 0.000001 13.425266 0.000001 -0.017863 -0.000000 0.000000
time 68
0 -4.770313 -17.804712 -8.518756 1.570796 -0.000000 0.000000
1 4.771459 -5.564794 3.605348 -0.000128 0.087794 -1.384492
2 0.000000 -0.000002 -0.000000 1.570796 -0.000000 0.000000
3 -0.056707 0.000001 -3.094907 -0.000000 -0.000000 0.000000
4 6.833632 1.302324 6.671466 -0.825666 2.576106 -0.000002
5 1.140234 -6.856876 -7.975102 -1.067623 0.074176 1.211842
6 -0.000001 8.563282 0.000001 -2.463579 0.000002 1.570793
7 0.000002 -0.000000 -0.000001 -2.704896 -0.442717 1.336377
8 -0.000000 0.000000 0.000001 -1.450930 1.240775 -1.854171
9 -0.000001 3.026593 0.000001 -2.054581 -0.000004 1.570799
10 -2.657338 -0.365571 -0.324762 -3.073150 0.182981 -0.062497
11 0.000002 0.000001 -0.000000 -0.072709 0.485164 -0.714803
12 0.000003 1.887195 0.000023 0.194354 0.472344 -0.227125
13 -0.000007 1.001866 0.000004 0.295815 2.955648 -0.559959
14 -0.451693 1.213947 -0.058021 -1.434995 0.151216 0.018951
15 -0.000000 -0.000000 -0.000000 0.059385 0.467012 -1.153234
16 0.000000 0.963854 -0.000001 0.013348 0.044450 -0.005489
17 -0.000001 0.632002 -0.000001 0.553895 2.241784 -0.331889
18 -0.126647 0.620189 -0.039312 -1.649072 0.166160 -0.011484
19 -0.000001 -0.000001 -0.000000 0.028769 0.491640 -1.321781
20 0.000000 1.208233 0.000000 -0.121338 -0.236384 0.243805
21 -0.000000 0.763068 0.000001 0.447465 2.949254 -0.533165
22 -0.000000 0.000000 0.000001 -1.691855 0.160586 -0.074781
23 -0.000002 0.000000 0.000001 0.113639 0.954374 -1.417464
24 0.000001 1.250581 -0.000001 -0.503006 -0.675705 0.620051
25 0.000000 0.932634 0.000000 0.432193 3.087004 -0.596076
26 -0.093758 -0.657727 0.062875 -1.705938 0.157701 -0.095658
27 0.000001 -0.000001 -0.000001 0.555325 0.055548 -1.477625
28 0.000002 1.280975 0.000001 -0.015696 -0.035748 0.294238
29 -0.000001 0.749374 -0.000001 0.493861 -3.025271 -0.462269
30 -0.000001 8.563282 0.000001 0.081751 -0.413067 -0.090180
31 0.000001 -0.000000 0.000000 -0.000000 0.000004 -0.000000
32 -4.654183 -1.415280 6.902198 -0.825666 2.576106 -0.000002
33 -0.000001 0.000000 -0.000000 -0.975737 0.664540 -0.350106
34 0.000001 8.543637 0.000000 2.181800 0.000001 1.570796
35 -0.000001 0.000000 -0.000000 -1.092887 0.038490 -0.050735
36 0.000000 -0.000000 0.000001 -0.209702 2.388638 -1.928755
37 0.000001 3.013527 -0.000001 -2.404103 -0.000002 1.570796
38 -2.659014 0.316090 -0.314420 -3.083485 0.263058 -0.047499
39 -0.000000 -0.000000 -0.000001 -1.103799 -2.198188 -1.053109
40 0.000008 1.978484 0.000006 0.856489 -0.393697 -0.603068
41 -0.000004 0.982430 -0.000004 0.141910 -0.491003 0.033567
42 -0.089257 0.659884 0.067214 1.657580 0.268134 -0.033754
43 0.498185 -0.076230 0.714166 0.611757 -0.006689 -1.616449
44 0.000000 1.292970 -0.000001 -0.003040 0.004522 -0.355976
45 -0.000000 0.752466 0.000000 -0.200927 0.245474 -0.490082
46 0.000000 0.000000 -0.000001 1.671850 0.269475 -0.049573
47 0.156321 0.062374 0.322259 0.028257 -0.311786 -1.946861
48 -0.000000 1.261224 -0.000000 -0.073257 0.115192 -0.226980
49 0.000000 0.943233 0.000000 -0.037750 -0.046925 -0.441089
50 -0.108525 -0.607961 -0.044203 1.694999 0.265808 -0.017787
51 0.006729 -0.037598 0.006615 0.086030 -0.461219 -1.908696
52 -0.000000 1.208373 0.000000 -0.072983 0.086798 -0.143695
53 -0.000002 0.741942 -0.000000 -0.115488 0.117750 -0.144179
54 -0.479802 -1.191699 -0.061835 1.597265 0.268013 0.032301
55 -0.000000 0.000000 0.000000 0.122750 -0.630962 -2.010609
56 0.000000 0.996223 0.000000 -0.147432 0.172378 -0.138183
57 -0.000000 0.614691 0.000001 -0.070240 0.335468 0.056969
58 0.000001 8.543637 0.000000 0.114853 -0.476246 -0.111333
59 0.000000 0.000001 0.000000 0.000000 -0.000003 -0.000000
60 -0.420038 -2.829726 3.162476 0.061667 2.068782 -0.580355
61 -0.000000 0.216537 0.000000 -0.383907 0.069780 0.139495
62 0.122706 11.211333 -3.790611 0.000694 -0.000000 -3.141593
63 0.000001 16.673231 -0.000002 0.024407 3.141593 0.000000
64 -0.000000 15.595427 0.000002 -0.019821 0.000000 0.000000
65 -0.000001 14.075066 0.000003 -0.010555 0.000000 -0.000000
66 -0.000001 13.425262 0.000001 -0.013434 0.000000 0.000000
time 69
0 -4.770313 -17.804712 -8.518756 1.570796 -0.000000 0.000000
1 4.771459 -5.564794 3.605348 -0.000128 0.087794 -1.384492
2 0.000000 -0.000002 -0.000000 1.570796 -0.000000 0.000000
3 -0.056707 0.000001 -3.094907 -0.000000 -0.000000 0.000000
4 6.833632 1.302324 6.671466 -0.825666 2.576106 -0.000002
5 1.140234 -6.856876 -7.975102 -1.067623 0.074176 1.211842
6 -0.000001 8.563282 0.000001 -2.463579 0.000002 1.570793
7 0.000002 -0.000000 -0.000001 -2.704896 -0.442717 1.336377
8 -0.000000 0.000000 0.000001 -1.450930 1.240775 -1.854171
9 -0.000001 3.026593 0.000001 -2.054581 -0.000004 1.570799
10 -2.657338 -0.365571 -0.324762 -3.073150 0.182981 -0.062497
11 0.000002 0.000001 -0.000000 -0.072709 0.485164 -0.714803
12 0.000003 1.887195 0.000023 0.194354 0.472344 -0.227125
13 -0.000007 1.001866 0.000004 0.295815 2.955648 -0.559959
14 -0.451693 1.213947 -0.058021 -1.434995 0.151216 0.018951
15 -0.000000 -0.000000 -0.000000 0.059385 0.467012 -1.153234
16 0.000000 0.963854 -0.000001 0.013348 0.044450 -0.005489
17 -0.000001 0.632002 -0.000001 0.553895 2.241784 -0.331889
18 -0.126647 0.620189 -0.039312 -1.649072 0.166160 -0.011484
19 -0.000001 -0.000001 -0.000000 0.028769 0.491640 -1.321781
20 0.000000 1.208233 0.000000 -0.121338 -0.236384 0.243805
21 -0.000000 0.763068 0.000001 0.447465 2.949254 -0.533165
22 -0.000000 0.000000 0.000001 -1.691855 0.160586 -0.074781
23 -0.000002 0.000000 0.000001 0.113639 0.954374 -1.417464
24 0.000001 1.250581 -0.000001 -0.503006 -0.675705 0.620051
25 0.000000 0.932634 0.000000 0.432193 3.087004 -0.596076
26 -0.093758 -0.657727 0.062875 -1.705938 0.157701 -0.095658
27 0.000001 -0.000001 -0.000001 0.555325 0.055548 -1.477625
28 0.000002 1.280975 0.000001 -0.015696 -0.035748 0.294238
29 -0.000001 0.749374 -0.000001 0.493861 -3.025271 -0.462269
30 -0.000001 8.563282 0.000001 0.081751 -0.413067 -0.090180
31 0.000001 -0.000000 0.000000 -0.000000 0.000004 -0.000000
32 -4.654183 -1.415280 6.902198 -0.825666 2.576106 -0.000002
33 -0.000001 0.000000 -0.000000 -0.975737 0.664540 -0.350106
34 0.000001 8.543637 0.000000 2.181800 0.000001 1.570796
35 -0.000001 0.000000 -0.000000 -1.092887 0.038490 -0.050735
36 0.000000 -0.000000 0.000001 -0.209702 2.388638 -1.928755
37 0.000001 3.013527 -0.000001 -2.404103 -0.000002 1.570796
38 -2.659014 0.316090 -0.314420 -3.083485 0.263058 -0.047499
39 -0.000000 -0.000000 -0.000001 -1.103799 -2.198188 -1.053109
40 0.000008 1.978484 0.000006 0.856489 -0.393697 -0.603068
41 -0.000004 0.982430 -0.000004 0.141910 -0.491003 0.033567
42 -0.089257 0.659884 0.067214 1.657580 0.268134 -0.033754
43 0.498185 -0.076230 0.714166 0.611757 -0.006689 -1.616449
44 0.000000 1.292970 -0.000001 -0.003040 0.004522 -0.355976
45 -0.000000 0.752466 0.000000 -0.200927 0.245474 -0.490082
46 0.000000 0.000000 -0.000001 1.671850 0.269475 -0.049573
47 0.156321 0.062374 0.322259 0.028257 -0.311786 -1.946861
48 -0.000000 1.261224 -0.000000 -0.073257 0.115192 -0.226980
49 0.000000 0.943233 0.000000 -0.037750 -0.046925 -0.441089
50 -0.108525 -0.607961 -0.044203 1.694999 0.265808 -0.017787
51 0.006729 -0.037598 0.006615 0.086030 -0.461219 -1.908696
52 -0.000000 1.208373 0.000000 -0.072983 0.086798 -0.143695
53 -0.000002 0.741942 -0.000000 -0.115488 0.117750 -0.144179
54 -0.479802 -1.191699 -0.061835 1.597265 0.268013 0.032301
55 -0.000000 0.000000 0.000000 0.122750 -0.630962 -2.010609
56 0.000000 0.996223 0.000000 -0.147432 0.172378 -0.138183
57 -0.000000 0.614691 0.000001 -0.070240 0.335468 0.056969
58 0.000001 8.543637 0.000000 0.114853 -0.476246 -0.111333
59 0.000000 0.000001 0.000000 0.000000 -0.000003 -0.000000
60 -0.420038 -2.829726 3.162476 0.061667 2.068782 -0.580355
61 -0.000000 0.216537 0.000000 -0.383972 0.069813 0.139626
62 0.122706 11.211333 -3.790611 0.000694 -0.000000 -3.141593
63 0.000001 16.673229 -0.000002 0.024995 3.141593 -0.000000
64 -0.000001 15.595428 0.000002 -0.018841 0.000000 0.000000
65 0.000000 14.075068 0.000003 -0.009380 0.000000 0.000000
66 0.000000 13.425265 0.000000 -0.011867 -0.000000 -0.000000
end
