mtllib Oarfish.mtl
g Oarfish
usemtl Default
v -0.791276693 1.40558977E-15 -0.000428550382
v -0.723487854 1.2851727E-15 0.0373783298
v -0.720896125 -0.00183080416 0.02388357
v 0.54204005 -0.0212071873 0.107919089
v 0.54204005 -0.00623659045 0.107919089
v 0.54204005 0 0.107919089
v 0.54204005 0.00623659045 0.107919089
v 0.54204005 0.0212071873 0.107919089
v 0.787665069 -0.0119938459 -0.0495939776
v 0.787665069 -0.0454933234 -0.0365123264
v 0.803664505 -0.0198907424 -0.0142264441
v 0.73971504 -0.040058855 0.0320643969
v 0.734679461 -0.0441732109 0.0359933265
v 0.74196291 -0.0403089821 0.0418273658
v 0.74196291 -0.0403089821 0.0418273658
v 0.741149783 -0.0357262902 0.0410885699
v 0.73971504 -0.040058855 0.0320643969
v 0.73971504 -0.040058855 0.0320643969
v 0.729364872 -0.0419787206 0.0316488333
v 0.734679461 -0.0441732109 0.0359933265
v 0.73971504 -0.040058855 0.0320643969
v 0.733363628 -0.0367581919 0.0347979516
v 0.729364872 -0.0419787206 0.0316488333
v 0.73971504 -0.040058855 0.0320643969
v 0.741149783 -0.0357262902 0.0410885699
v 0.733363628 -0.0367581919 0.0347979516
v 0.74196291 -0.0403089821 0.0418273658
v 0.737001061 -0.0371629149 0.0505948141
v 0.741149783 -0.0357262902 0.0410885699
v 0.734679461 -0.0441732109 0.0359933265
v 0.733002126 -0.042383451 0.0474456809
v 0.74196291 -0.0403089821 0.0418273658
v 0.729364872 -0.0419787206 0.0316488333
v 0.725216031 -0.0434153564 0.0411550514
v 0.734679461 -0.0441732109 0.0359933265
v 0.733363628 -0.0367581919 0.0347979516
v 0.724402964 -0.0388326645 0.0404162407
v 0.729364872 -0.0419787206 0.0316488333
v 0.741149783 -0.0357262902 0.0410885699
v 0.731686294 -0.034968432 0.0462503098
v 0.733363628 -0.0367581919 0.0347979516
v 0.74196291 -0.0403089821 0.0418273658
v 0.733002126 -0.042383451 0.0474456809
v 0.737001061 -0.0371629149 0.0505948141
v 0.734679461 -0.0441732109 0.0359933265
v 0.725216031 -0.0434153564 0.0411550514
v 0.733002126 -0.042383451 0.0474456809
v 0.729364872 -0.0419787206 0.0316488333
v 0.724402964 -0.0388326645 0.0404162407
v 0.725216031 -0.0434153564 0.0411550514
v 0.733363628 -0.0367581919 0.0347979516
v 0.731686294 -0.034968432 0.0462503098
v 0.724402964 -0.0388326645 0.0404162407
v 0.741149783 -0.0357262902 0.0410885699
v 0.737001061 -0.0371629149 0.0505948141
v 0.731686294 -0.034968432 0.0462503098
v 0.733002126 -0.042383451 0.0474456809
v 0.726650894 -0.0390827954 0.0501792096
v 0.737001061 -0.0371629149 0.0505948141
v 0.725216031 -0.0434153564 0.0411550514
v 0.726650894 -0.0390827954 0.0501792096
v 0.733002126 -0.042383451 0.0474456809
v 0.724402964 -0.0388326645 0.0404162407
v 0.726650894 -0.0390827954 0.0501792096
v 0.725216031 -0.0434153564 0.0411550514
v 0.731686294 -0.034968432 0.0462503098
v 0.726650894 -0.0390827954 0.0501792096
v 0.724402964 -0.0388326645 0.0404162407
v 0.737001061 -0.0371629149 0.0505948141
v 0.726650894 -0.0390827954 0.0501792096
v 0.731686294 -0.034968432 0.0462503098
v 0.803664505 -0.0198907424 -0.0142264441
v 0.787665069 -0.0454933234 -0.0365123264
v 0.768288314 -0.0364530906 0.0264087562
v 0.803664505 -0.0198907424 -0.0142264441
v 0.768288314 -0.0364530906 0.0264087562
v 0.755899191 -0.0246594865 0.0762353763
v 0.08602117 4.34514138E-16 -0.0685828701
v 0.0720417649 4.44089183E-16 -0.0681607053
v -0.146628186 -0.0260056648 -0.0645770133
v 0.640791774 0 0.159352586
v 0.723557115 0 0.107696302
v 0.54204005 -0.00623659045 0.107919089
v 0.803664505 -0.0198907424 -0.0142264441
v 0.805951655 -0.00615736051 -0.00485019153
v 0.787665069 -0.0119938459 -0.0495939776
v -0.791276693 1.40558977E-15 -0.000428550382
v -0.720896125 0.00183080416 0.02388357
v -0.723487854 1.2851727E-15 0.0373783298
v 0.787665069 0.0119938459 -0.0495939776
v 0.803664505 0.0198907424 -0.0142264441
v 0.787665069 0.0454933234 -0.0365123264
v 0.73971504 0.040058855 0.0320643969
v 0.74196291 0.0403089821 0.0418273658
v 0.734679461 0.0441732109 0.0359933265
v 0.74196291 0.0403089821 0.0418273658
v 0.73971504 0.040058855 0.0320643969
v 0.741149783 0.0357262902 0.0410885699
v 0.73971504 0.040058855 0.0320643969
v 0.734679461 0.0441732109 0.0359933265
v 0.729364872 0.0419787206 0.0316488333
v 0.73971504 0.040058855 0.0320643969
v 0.729364872 0.0419787206 0.0316488333
v 0.733363628 0.0367581919 0.0347979516
v 0.73971504 0.040058855 0.0320643969
v 0.733363628 0.0367581919 0.0347979516
v 0.741149783 0.0357262902 0.0410885699
v 0.74196291 0.0403089821 0.0418273658
v 0.741149783 0.0357262902 0.0410885699
v 0.737001061 0.0371629149 0.0505948141
v 0.734679461 0.0441732109 0.0359933265
v 0.74196291 0.0403089821 0.0418273658
v 0.733002126 0.042383451 0.0474456809
v 0.729364872 0.0419787206 0.0316488333
v 0.734679461 0.0441732109 0.0359933265
v 0.725216031 0.0434153564 0.0411550514
v 0.733363628 0.0367581919 0.0347979516
v 0.729364872 0.0419787206 0.0316488333
v 0.724402964 0.0388326645 0.0404162407
v 0.741149783 0.0357262902 0.0410885699
v 0.733363628 0.0367581919 0.0347979516
v 0.731686294 0.034968432 0.0462503098
v 0.74196291 0.0403089821 0.0418273658
v 0.737001061 0.0371629149 0.0505948141
v 0.733002126 0.042383451 0.0474456809
v 0.734679461 0.0441732109 0.0359933265
v 0.733002126 0.042383451 0.0474456809
v 0.725216031 0.0434153564 0.0411550514
v 0.729364872 0.0419787206 0.0316488333
v 0.725216031 0.0434153564 0.0411550514
v 0.724402964 0.0388326645 0.0404162407
v 0.733363628 0.0367581919 0.0347979516
v 0.724402964 0.0388326645 0.0404162407
v 0.731686294 0.034968432 0.0462503098
v 0.741149783 0.0357262902 0.0410885699
v 0.731686294 0.034968432 0.0462503098
v 0.737001061 0.0371629149 0.0505948141
v 0.733002126 0.042383451 0.0474456809
v 0.737001061 0.0371629149 0.0505948141
v 0.726650894 0.0390827954 0.0501792096
v 0.725216031 0.0434153564 0.0411550514
v 0.733002126 0.042383451 0.0474456809
v 0.726650894 0.0390827954 0.0501792096
v 0.724402964 0.0388326645 0.0404162407
v 0.725216031 0.0434153564 0.0411550514
v 0.726650894 0.0390827954 0.0501792096
v 0.731686294 0.034968432 0.0462503098
v 0.724402964 0.0388326645 0.0404162407
v 0.726650894 0.0390827954 0.0501792096
v 0.737001061 0.0371629149 0.0505948141
v 0.731686294 0.034968432 0.0462503098
v 0.726650894 0.0390827954 0.0501792096
v 0.803664505 0.0198907424 -0.0142264441
v 0.768288314 0.0364530906 0.0264087562
v 0.787665069 0.0454933234 -0.0365123264
v 0.803664505 0.0198907424 -0.0142264441
v 0.755899191 0.0246594865 0.0762353763
v 0.768288314 0.0364530906 0.0264087562
v -0.146628186 0.0260056648 -0.0645770133
v 0.0720417649 4.44089183E-16 -0.0681607053
v 0.08602117 4.34514138E-16 -0.0685828701
v 0.640791774 0 0.159352586
v 0.54204005 0.00623659045 0.107919089
v 0.723557115 0 0.107696302
v 0.803664505 0.0198907424 -0.0142264441
v 0.787665069 0.0119938459 -0.0495939776
v 0.805951655 0.00615736051 -0.00485019153
v -0.792804122 -0.00327495555 -0.0190471373
v -0.791276693 1.40558977E-15 -0.000428550382
v -0.791276693 -0.00328596006 -0.000428550382
v -0.792804122 1.40830302E-15 -0.0190471373
v -0.792804122 0.00327495555 -0.0190471373
v -0.791276693 0.00328596006 -0.000428550382
v 0.769448757 0 0.0726214573
v 0.769448757 -0.0119938515 0.0726214573
v 0.723557115 -0.0132674975 0.107696302
v 0.723557115 0 0.107696302
v 0.723557115 0.0132674975 0.107696302
v 0.769448757 0.0119938515 0.0726214573
v 0.805951655 -0.00615736051 -0.00485019153
v 0.790722013 -0.00739524839 -0.0126224058
v 0.790722013 0 -0.0126224058
v 0.805951655 0 -0.00485019153
v 0.805951655 0.00615736051 -0.00485019153
v 0.790722013 0.00739524839 -0.0126224058
v 0.768288314 -0.0364530906 0.0264087562
v 0.695780575 -0.0434797294 0.0220680907
v 0.714464545 -0.0326581188 0.0688912198
v 0.755899191 -0.0246594865 0.0762353763
v 0.535074353 -0.0475877821 0.00258498522
v 0.31903258 -0.05177515 -0.00529881241
v 0.31763944 -0.0409535468 0.0720385015
v 0.54204005 -0.0367661789 0.0846919864
v 0.695780575 -0.0434797294 0.0220680907
v 0.714464545 -0.0326581188 0.0688912198
v 0.31903258 -0.05177515 -0.00529881241
v 0.0860211998 -0.0521562472 -0.0162968077
v 0.0848602206 -0.0521562472 0.0544738993
v 0.31763944 -0.0409535468 0.0720385015
v 0.0860211998 -0.0521562472 -0.0162968077
v -0.148950085 -0.0523034856 0.0447190478
v 0.0848602206 -0.0521562472 0.0544738993
v -0.146628186 -0.0523034856 -0.017584607
v -0.379277527 -0.0525512695 0.0348000191
v -0.379277527 -0.0525512695 -0.0213022083
v -0.583090663 -0.0459511317 0.0246448666
v -0.583090663 -0.0459511317 -0.0225514807
v -0.664330602 -0.0417064205 0.0166052021
v -0.664330602 -0.0417064205 -0.0230041631
v -0.720896125 -0.0231130924 -0.0439577289
v -0.784434795 -0.0107802823 -0.0277473181
v -0.784533024 -0.00944776461 -0.019757282
v -0.720896125 -0.0287461188 -0.0208969526
v -0.379277527 -0.0413738936 -0.0465563126
v -0.583090663 -0.0459511317 -0.0225514807
v -0.379277527 -0.0525512695 -0.0213022083
v -0.583090663 -0.0347737558 -0.0451743491
v -0.664330602 -0.0417064205 -0.0230041631
v -0.664330602 -0.0305290427 -0.0470972694
v -0.146628186 -0.0411261097 -0.0481430888
v -0.379277527 -0.0413738936 -0.0465563126
v -0.379277527 -0.0525512695 -0.0213022083
v -0.146628186 -0.0523034856 -0.017584607
v 0.0860211998 -0.0409788713 -0.0539456084
v -0.146628186 -0.0411261097 -0.0481430888
v -0.146628186 -0.0523034856 -0.017584607
v 0.0860211998 -0.0521562472 -0.0162968077
v 0.31903258 -0.0405977741 -0.052724082
v 0.0860211998 -0.0409788713 -0.0539456084
v 0.0860211998 -0.0521562472 -0.0162968077
v 0.31903258 -0.05177515 -0.00529881241
v 0.536746144 -0.0364104025 -0.0596238263
v 0.31903258 -0.0405977741 -0.052724082
v 0.31903258 -0.05177515 -0.00529881241
v 0.535074353 -0.0475877821 0.00258498522
v 0.715313375 -0.0525199585 -0.0421362631
v 0.536746144 -0.0364104025 -0.0596238263
v 0.535074353 -0.0475877821 0.00258498522
v 0.695780575 -0.0434797294 0.0220680907
v 0.805622935 -0.00670556212 0.00207850919
v 0.79023087 -0.00821420923 -0.00123828591
v 0.791372061 -0.0120608378 -0.0108044343
v 0.803664505 -0.0198907424 -0.0142264441
v 0.723557115 -0.0132674975 0.107696302
v 0.54204005 -0.0212071873 0.107919089
v 0.54204005 0 0.107919089
v 0.723557115 0 0.107696302
v 0.54204005 0.0212071873 0.107919089
v 0.723557115 0.0132674975 0.107696302
v 0.31763944 -0.0260331966 0.0970734209
v 0.54204005 -0.00623659045 0.107919089
v 0.54204005 -0.0212071873 0.107919089
v 0.31763944 -0.00620905682 0.0970734209
v 0.0848602504 -0.0344187617 0.0788308606
v 0.0848602504 -0.00778441317 0.0785068572
v -0.148950085 -0.0462232754 0.0670359135
v -0.148950085 -0.0100498591 0.0666471124
v -0.379277527 -0.0462416261 0.0536776744
v -0.379277527 -0.00742491614 0.0532888733
v -0.664330602 -0.0417064205 -0.0230041631
v -0.720896125 -0.0287461188 -0.0208969526
v -0.720896125 -0.0342904702 0.00832216255
v -0.664330602 -0.0417064205 0.0166052021
v -0.664330602 -0.0305290427 -0.0470972694
v -0.720896125 -0.0231130924 -0.0439577289
v -0.720896125 -0.0287461188 -0.0208969526
v -0.664330602 -0.0417064205 -0.0230041631
v 0.31903258 6.19130833E-18 -0.0663165376
v 0.31903258 -0.0260331947 -0.0663165376
v 0.536746144 -0.0212071799 -0.0748520792
v 0.536746144 0 -0.0748520792
v 0.536746144 0.0212071799 -0.0748520792
v 0.31903258 0.0260331947 -0.0663165376
v 0.536746144 0 -0.0748520792
v 0.536746144 -0.0212071799 -0.0748520792
v 0.73728174 -0.0132674919 -0.0569276698
v 0.73728174 0.00281145866 -0.0569276698
v 0.73728174 -0.00281145866 -0.0569276698
v 0.73728174 0.0132674919 -0.0569276698
v 0.536746144 0.0212071799 -0.0748520792
v 0.787665069 0 -0.0495939776
v 0.787665069 -0.0119938459 -0.0495939776
v 0.805951655 -0.00615736051 -0.00485019153
v 0.805951655 0 -0.00485019153
v 0.805951655 0.00615736051 -0.00485019153
v 0.787665069 0.0119938459 -0.0495939776
v -0.720896125 -0.0287461188 -0.0208969526
v -0.784533024 -0.00944776461 -0.019757282
v -0.7845186 -0.00944776461 -0.00875896774
v -0.720896125 -0.0342904702 0.00832216255
v 0.787665069 -0.0454933234 -0.0365123264
v 0.715313375 -0.0525199585 -0.0421362631
v 0.695780575 -0.0434797294 0.0220680907
v 0.768288314 -0.0364530906 0.0264087562
v -0.784533024 -0.00944776461 -0.019757282
v -0.791276693 -0.00328596006 -0.000428550382
v -0.7845186 -0.00944776461 -0.00875896774
v -0.792804122 -0.00327495555 -0.0190471373
v -0.784434795 -0.0107802823 -0.0277473181
v -0.792521238 -0.00328596192 -0.0361000188
v -0.720896125 -0.0124662807 0.0227048174
v -0.720896125 -0.0342904702 0.00832216255
v -0.7845186 -0.00944776461 -0.00875896774
v -0.791276693 -0.00328596006 -0.000428550382
v -0.792521238 -0.00328596192 -0.0361000188
v -0.784434795 -0.0107802823 -0.0277473181
v -0.720896125 -0.0231130924 -0.0439577289
v -0.720896125 -0.0124662807 -0.0597611777
v -0.664330602 -0.0195179936 -0.063324064
v -0.664330602 -0.0305290427 -0.0470972694
v -0.583090663 -0.0347737558 -0.0451743491
v -0.583090663 -0.0205942914 -0.0600643568
v -0.583090663 -0.0205942914 -0.0600643568
v -0.583090663 -0.0347737558 -0.0451743491
v -0.379277527 -0.0413738936 -0.0465563126
v -0.379277527 -0.0260240138 -0.064508453
v -0.146628186 -0.0411261097 -0.0481430888
v -0.146628186 -0.0260056648 -0.0645770133
v 0.0860211998 -0.0409788713 -0.0539456084
v 0.0860211998 -0.0259947609 -0.0685828701
v 0.0860211998 -0.0259947609 -0.0685828701
v 0.0860211998 -0.0409788713 -0.0539456084
v 0.31903258 -0.0405977741 -0.052724082
v 0.31903258 -0.0260331947 -0.0663165376
v 0.536746144 -0.0364104025 -0.0596238263
v 0.536746144 -0.0212071799 -0.0748520792
v 0.536746144 -0.0212071799 -0.0748520792
v 0.536746144 -0.0364104025 -0.0596238263
v 0.715313375 -0.0525199585 -0.0421362631
v 0.73728174 -0.0132674919 -0.0569276698
v 0.769448757 -0.0119938515 0.0726214573
v 0.755899191 -0.0246594865 0.0762353763
v 0.714464545 -0.0326581188 0.0688912198
v 0.723557115 -0.0132674975 0.107696302
v 0.723557115 -0.0132674975 0.107696302
v 0.714464545 -0.0326581188 0.0688912198
v 0.54204005 -0.0367661789 0.0846919864
v 0.54204005 -0.0212071873 0.107919089
v 0.54204005 -0.0212071873 0.107919089
v 0.54204005 -0.0367661789 0.0846919864
v 0.31763944 -0.0409535468 0.0720385015
v 0.31763944 -0.0260331966 0.0970734209
v 0.0848602206 -0.0521562472 0.0544738993
v 0.0848602504 -0.0344187617 0.0788308606
v 0.0848602504 -0.0344187617 0.0788308606
v 0.0848602206 -0.0521562472 0.0544738993
v -0.148950085 -0.0523034856 0.0447190478
v -0.148950085 -0.0462232754 0.0670359135
v -0.148950085 -0.0462232754 0.0670359135
v -0.148950085 -0.0523034856 0.0447190478
v -0.379277527 -0.0525512695 0.0348000191
v -0.379277527 -0.0462416261 0.0536776744
v -0.379277527 -0.0462416261 0.0536776744
v -0.379277527 -0.0525512695 0.0348000191
v -0.583090663 -0.0459511317 0.0246448666
v -0.583090663 -0.0205942914 0.0452253483
v -0.664330602 -0.0195179936 0.0357536674
v -0.664330602 -0.0417064205 0.0166052021
v -0.720896125 -0.0342904702 0.00832216255
v -0.720896125 -0.0124662807 0.0227048174
v -0.720896125 -0.0124662807 -0.0597611777
v -0.720896125 -0.0231130924 -0.0439577289
v -0.664330602 -0.0305290427 -0.0470972694
v -0.664330602 -0.0195179936 -0.063324064
v -0.583090663 -0.0205942914 0.0452253483
v -0.583090663 -0.0459511317 0.0246448666
v -0.664330602 -0.0417064205 0.0166052021
v -0.664330602 -0.0195179936 0.0357536674
v -0.792521238 -0.00328596192 -0.0361000188
v -0.792804122 1.40830302E-15 -0.0190471373
v -0.792804122 -0.00327495555 -0.0190471373
v -0.792521238 1.40780063E-15 -0.0361000188
v -0.792521238 0.00328596192 -0.0361000188
v -0.792804122 0.00327495555 -0.0190471373
v 0.805622935 -0.00670556212 0.00207850919
v 0.803664505 -0.0198907424 -0.0142264441
v 0.755899191 -0.0246594865 0.0762353763
v 0.769448757 -0.0119938515 0.0726214573
v 0.73728174 -0.0132674919 -0.0569276698
v 0.715313375 -0.0525199585 -0.0421362631
v 0.787665069 -0.0454933234 -0.0365123264
v 0.787665069 -0.0119938459 -0.0495939776
v 0.73728174 0.00281145866 -0.0569276698
v 0.73728174 -0.0132674919 -0.0569276698
v 0.787665069 -0.0119938459 -0.0495939776
v 0.787665069 0 -0.0495939776
v 0.73728174 -0.00281145866 -0.0569276698
v 0.787665069 0.0119938459 -0.0495939776
v 0.73728174 0.0132674919 -0.0569276698
v 0.805622935 0 0.00207850919
v 0.805622935 -0.00670556212 0.00207850919
v 0.769448757 -0.0119938515 0.0726214573
v 0.769448757 0 0.0726214573
v 0.769448757 0.0119938515 0.0726214573
v 0.805622935 0.00670556212 0.00207850919
v -0.792521238 1.40780063E-15 -0.0361000188
v -0.792521238 -0.00328596192 -0.0361000188
v -0.720896125 -0.0124662807 -0.0597611777
v -0.720896125 1.28056887E-15 -0.0606409498
v -0.379277527 -0.00742491614 0.0532888733
v -0.379277527 -0.0462416261 0.0536776744
v -0.583090663 -0.0205942914 0.0452253483
v -0.583090663 -0.00656482205 0.0452253483
v -0.720896125 -0.00183080416 0.02388357
v -0.720896125 -0.0124662807 0.0227048174
v -0.791276693 -0.00328596006 -0.000428550382
v -0.791276693 1.40558977E-15 -0.000428550382
v -0.664330602 -0.00497527514 0.0357536674
v -0.664330602 -0.0195179936 0.0357536674
v -0.720896125 -0.0124662807 0.0227048174
v -0.720896125 -0.00183080416 0.02388357
v -0.720896125 1.28056887E-15 -0.0606409498
v -0.720896125 -0.0124662807 -0.0597611777
v -0.664330602 -0.0195179936 -0.063324064
v -0.664330602 1.18008831E-15 -0.063324064
v -0.664330602 1.18008831E-15 -0.063324064
v -0.664330602 -0.0195179936 -0.063324064
v -0.583090663 -0.0205942914 -0.0600643568
v -0.583090663 1.03577719E-15 -0.0600643568
v -0.583090663 0.0205942914 -0.0600643568
v -0.664330602 0.0195179936 -0.063324064
v -0.583090663 -0.00656482205 0.0452253483
v -0.583090663 -0.0205942914 0.0452253483
v -0.664330602 -0.0195179936 0.0357536674
v -0.664330602 -0.00497527514 0.0357536674
v -0.583090663 1.03577719E-15 -0.0600643568
v -0.583090663 -0.0205942914 -0.0600643568
v -0.379277527 -0.0260240138 -0.064508453
v -0.379277527 6.7373223E-16 -0.064508453
v -0.146628186 -0.0260056648 -0.0645770133
v -0.379277527 0.0260240138 -0.064508453
v -0.583090663 0.0205942914 -0.0600643568
v -0.146628186 0.0260056648 -0.0645770133
v -0.146628216 4.43633506E-16 -0.0645770133
v 0.0720417649 4.44089183E-16 -0.0681607053
v 0.0860211998 -0.0259947609 -0.0685828701
v 0.08602117 4.34514138E-16 -0.0685828701
v 0.0860211998 0.0259947609 -0.0685828701
v 0.31903258 -0.0260331947 -0.0663165376
v 0.31903258 0.0260331947 -0.0663165376
v 0.31903258 6.19130833E-18 -0.0663165376
v 0.0889334828 4.2253148E-16 0.120041087
v 0.0848602504 -0.00778441317 0.0785068572
v -0.148950085 -0.0100498591 0.0666471124
v -0.14683865 4.34303041E-16 0.111301944
v -0.379277527 -0.00742491614 0.0532888733
v -0.378577232 6.57736224E-16 0.0901903659
v -0.583090663 -0.00656482205 0.0452253483
v -0.583809614 1.0370542E-15 0.0746977553
v -0.664330602 -0.00497527514 0.0357536674
v -0.665211678 1.18165342E-15 0.0585950576
v -0.665211678 1.18165342E-15 0.0585950576
v -0.664330602 -0.00497527514 0.0357536674
v -0.720896125 -0.00183080416 0.02388357
v -0.723487854 1.2851727E-15 0.0373783298
v 0.0889334828 4.2253148E-16 0.120041087
v 0.31763944 -0.00620905682 0.0970734209
v 0.0848602504 -0.00778441317 0.0785068572
v 0.327293724 0 0.148935392
v 0.640791774 0 0.159352586
v 0.54204005 -0.00623659045 0.107919089
v 0.700857997 -0.0472432263 -0.0192216244
v 0.703779221 -0.0459247306 -0.0108216684
v 0.655041575 -0.0668766052 0.0203089975
v 0.645176172 -0.0668766052 -0.0164293572
v 0.645176172 -0.0668766052 -0.0164293572
v 0.655041575 -0.0668766052 0.0203089975
v 0.64304769 -0.0668766052 0.0147408554
v 0.640031338 -0.0668766052 -0.0045970981
v 0.700805664 -0.0465096235 -0.0192215126
v 0.645038903 -0.0649509057 -0.0164290238
v 0.654904246 -0.0649509057 0.0203092769
v 0.703726947 -0.0465096235 -0.0108215548
v 0.645038903 -0.0649509057 -0.0164290238
v 0.639894187 -0.0649509057 -0.00459683826
v 0.64291048 -0.0649509057 0.0147410976
v 0.654904246 -0.0649509057 0.0203092769
v 0.640031338 -0.0668766052 -0.0045970981
v 0.639894187 -0.0649509057 -0.00459683826
v 0.645038903 -0.0649509057 -0.0164290238
v 0.645176172 -0.0668766052 -0.0164293572
v 0.703779221 -0.0459247306 -0.0108216684
v 0.703726947 -0.0465096235 -0.0108215548
v 0.654904246 -0.0649509057 0.0203092769
v 0.655041575 -0.0668766052 0.0203089975
v 0.655041575 -0.0668766052 0.0203089975
v 0.654904246 -0.0649509057 0.0203092769
v 0.64291048 -0.0649509057 0.0147410976
v 0.64304769 -0.0668766052 0.0147408554
v 0.64304769 -0.0668766052 0.0147408554
v 0.64291048 -0.0649509057 0.0147410976
v 0.639894187 -0.0649509057 -0.00459683826
v 0.640031338 -0.0668766052 -0.0045970981
v 0.700857997 -0.0472432263 -0.0192216244
v 0.700805664 -0.0465096235 -0.0192215126
v 0.703726947 -0.0465096235 -0.0108215548
v 0.703779221 -0.0459247306 -0.0108216684
v 0.645176172 -0.0668766052 -0.0164293572
v 0.645038903 -0.0649509057 -0.0164290238
v 0.700805664 -0.0465096235 -0.0192215126
v 0.700857997 -0.0472432263 -0.0192216244
v 0.790722013 0 -0.0126224058
v 0.790722013 -0.00739524839 -0.0126224058
v 0.791372061 -0.0120608378 -0.0108044343
v 0.791372061 0 -0.0108044343
v 0.791372061 0.0120608378 -0.0108044343
v 0.790722013 0.00739524839 -0.0126224058
v 0.791372061 0 -0.0108044343
v 0.791372061 -0.0120608378 -0.0108044343
v 0.79023087 -0.00821420923 -0.00123828591
v 0.79023087 0 -0.00123828591
v 0.79023087 0.00821420923 -0.00123828591
v 0.791372061 0.0120608378 -0.0108044343
v 0.805622935 0 0.00207850919
v 0.79023087 -0.00821420923 -0.00123828591
v 0.805622935 -0.00670556212 0.00207850919
v 0.79023087 0 -0.00123828591
v 0.79023087 0.00821420923 -0.00123828591
v 0.805622935 0.00670556212 0.00207850919
v 0.803664505 -0.0198907424 -0.0142264441
v 0.791372061 -0.0120608378 -0.0108044343
v 0.790722013 -0.00739524839 -0.0126224058
v 0.805951655 -0.00615736051 -0.00485019153
v 0.700942099 -0.00191757316 0.105110727
v 0.701864004 0 0.119806752
v 0.701864004 -0.00191756734 0.119806752
v 0.700942099 0 0.105110727
v 0.700942099 0.00191757316 0.105110727
v 0.701864004 0.00191756734 0.119806752
v 0.711863279 -0.00191757048 0.151316792
v 0.661143184 -0.00191757409 0.21291174
v 0.661143184 0 0.21291174
v 0.711863279 0 0.151316792
v 0.711863279 0.00191757048 0.151316792
v 0.661143184 0.00191757409 0.21291174
v 0.718067169 0 0.103949584
v 0.718067169 -0.00191757316 0.103949584
v 0.719380021 -0.00191756734 0.119461052
v 0.719380021 0 0.119461052
v 0.719380021 0.00191756734 0.119461052
v 0.718067169 0.00191757316 0.103949584
v 0.718067169 -0.00191757316 0.103949584
v 0.700942099 -0.00191757316 0.105110727
v 0.701864004 -0.00191756734 0.119806752
v 0.719380021 -0.00191756734 0.119461052
v 0.711863279 -0.00191757048 0.151316792
v 0.69439292 -0.00191756978 0.14809455
v 0.661143184 -0.00191757409 0.21291174
v 0.652367949 -0.00191757421 0.215603471
v 0.700942099 0 0.105110727
v 0.700942099 -0.00191757316 0.105110727
v 0.718067169 -0.00191757316 0.103949584
v 0.718067169 0 0.103949584
v 0.718067169 0.00191757316 0.103949584
v 0.700942099 0.00191757316 0.105110727
v 0.719380021 -0.00191756734 0.119461052
v 0.711863279 -0.00191757048 0.151316792
v 0.711863279 0 0.151316792
v 0.719380021 0 0.119461052
v 0.719380021 0.00191756734 0.119461052
v 0.711863279 0.00191757048 0.151316792
v 0.701864004 0 0.119806752
v 0.69439292 -0.00191756978 0.14809455
v 0.701864004 -0.00191756734 0.119806752
v 0.69439292 0 0.14809455
v 0.69439292 0.00191756978 0.14809455
v 0.701864004 0.00191756734 0.119806752
v 0.661143184 0 0.21291174
v 0.661143184 -0.00191757409 0.21291174
v 0.652367949 -0.00191757421 0.215603471
v 0.652367949 0 0.215603471
v 0.652367949 0.00191757421 0.215603471
v 0.661143184 0.00191757409 0.21291174
v 0.69439292 0 0.14809455
v 0.652367949 -0.00191757421 0.215603471
v 0.69439292 -0.00191756978 0.14809455
v 0.652367949 0 0.215603471
v 0.652367949 0.00191757421 0.215603471
v 0.69439292 0.00191756978 0.14809455
v 0.724600375 -0.00191757327 0.104810797
v 0.725669205 0 0.119860575
v 0.725669205 -0.00191756757 0.119860575
v 0.724600375 0 0.104810797
v 0.724600375 0.00191757327 0.104810797
v 0.725669205 0.00191756757 0.119860575
v 0.73316437 -0.00191756932 0.142702028
v 0.69970727 -0.00191757211 0.197055802
v 0.69970727 0 0.197055802
v 0.73316437 0 0.142702028
v 0.73316437 0.00191756932 0.142702028
v 0.69970727 0.00191757211 0.197055802
v 0.738081515 0 0.0955319107
v 0.738081515 -0.00191757199 0.0955319107
v 0.739599586 -0.00191756629 0.111366533
v 0.739599586 0 0.111366533
v 0.739599586 0.00191756629 0.111366533
v 0.738081515 0.00191757199 0.0955319107
v 0.738081515 -0.00191757199 0.0955319107
v 0.724600375 -0.00191757327 0.104810797
v 0.725669205 -0.00191756757 0.119860575
v 0.739599586 -0.00191756629 0.111366533
v 0.73316437 -0.00191756932 0.142702028
v 0.719020069 -0.00191756978 0.147634253
v 0.69970727 -0.00191757211 0.197055802
v 0.69155544 -0.00191757258 0.202632561
v 0.724600375 0 0.104810797
v 0.724600375 -0.00191757327 0.104810797
v 0.738081515 -0.00191757199 0.0955319107
v 0.738081515 0 0.0955319107
v 0.738081515 0.00191757199 0.0955319107
v 0.724600375 0.00191757327 0.104810797
v 0.739599586 -0.00191756629 0.111366533
v 0.73316437 -0.00191756932 0.142702028
v 0.73316437 0 0.142702028
v 0.739599586 0 0.111366533
v 0.739599586 0.00191756629 0.111366533
v 0.73316437 0.00191756932 0.142702028
v 0.725669205 0 0.119860575
v 0.719020069 -0.00191756978 0.147634253
v 0.725669205 -0.00191756757 0.119860575
v 0.719020069 0 0.147634253
v 0.719020069 0.00191756978 0.147634253
v 0.725669205 0.00191756757 0.119860575
v 0.69970727 0 0.197055802
v 0.69970727 -0.00191757211 0.197055802
v 0.69155544 -0.00191757258 0.202632561
v 0.69155544 0 0.202632561
v 0.69155544 0.00191757258 0.202632561
v 0.69970727 0.00191757211 0.197055802
v 0.719020069 0 0.147634253
v 0.69155544 -0.00191757258 0.202632561
v 0.719020069 -0.00191756978 0.147634253
v 0.69155544 0 0.202632561
v 0.69155544 0.00191757258 0.202632561
v 0.719020069 0.00191756978 0.147634253
v 0.740594685 -0.00191757164 0.0932421833
v 0.741989017 0 0.110896125
v 0.741989017 -0.00191756629 0.110896125
v 0.740594685 0 0.0932421833
v 0.740594685 0.00191757164 0.0932421833
v 0.741989017 0.00191756629 0.110896125
v 0.748941958 -0.00191756804 0.133766726
v 0.726701081 -0.00191756943 0.177500382
v 0.726701081 0 0.177500382
v 0.748941958 0 0.133766726
v 0.748941958 0.00191756804 0.133766726
v 0.726701081 0.00191756943 0.177500382
v 0.751914859 0 0.0838014483
v 0.751914859 -0.00191757036 0.0838014483
v 0.75375843 -0.00191756501 0.102240235
v 0.75375843 0 0.102240235
v 0.75375843 0.00191756501 0.102240235
v 0.751914859 0.00191757036 0.0838014483
v 0.751914859 -0.00191757036 0.0838014483
v 0.740594685 -0.00191757164 0.0932421833
v 0.741989017 -0.00191756629 0.110896125
v 0.75375843 -0.00191756501 0.102240235
v 0.748941958 -0.00191756804 0.133766726
v 0.737408638 -0.00191756827 0.137060791
v 0.726701081 -0.00191756943 0.177500382
v 0.719245493 -0.00191756978 0.182664782
v 0.740594685 0 0.0932421833
v 0.740594685 -0.00191757164 0.0932421833
v 0.751914859 -0.00191757036 0.0838014483
v 0.751914859 0 0.0838014483
v 0.751914859 0.00191757036 0.0838014483
v 0.740594685 0.00191757164 0.0932421833
v 0.75375843 -0.00191756501 0.102240235
v 0.748941958 -0.00191756804 0.133766726
v 0.748941958 0 0.133766726
v 0.75375843 0 0.102240235
v 0.75375843 0.00191756501 0.102240235
v 0.748941958 0.00191756804 0.133766726
v 0.741989017 0 0.110896125
v 0.737408638 -0.00191756827 0.137060791
v 0.741989017 -0.00191756629 0.110896125
v 0.737408638 0 0.137060791
v 0.737408638 0.00191756827 0.137060791
v 0.741989017 0.00191756629 0.110896125
v 0.726701081 0 0.177500382
v 0.726701081 -0.00191756943 0.177500382
v 0.719245493 -0.00191756978 0.182664782
v 0.719245493 0 0.182664782
v 0.719245493 0.00191756978 0.182664782
v 0.726701081 0.00191756943 0.177500382
v 0.737408638 0 0.137060791
v 0.719245493 -0.00191756978 0.182664782
v 0.737408638 -0.00191756827 0.137060791
v 0.719245493 0 0.182664782
v 0.719245493 0.00191756978 0.182664782
v 0.737408638 0.00191756827 0.137060791
v 0.755297542 -0.00191757013 0.0822533295
v 0.75793916 0 0.0988544896
v 0.75793916 -0.00191756466 0.0988544896
v 0.755297542 0 0.0822533295
v 0.755297542 0.00191757013 0.0822533295
v 0.75793916 0.00191756466 0.0988544896
v 0.764619291 -0.00191756734 0.127846986
v 0.745076597 -0.00191756722 0.161771089
v 0.745076597 0 0.161771089
v 0.764619291 0 0.127846986
v 0.764619291 0.00191756734 0.127846986
v 0.745076597 0.00191756722 0.161771089
v 0.764101326 0 0.0751302242
v 0.764101326 -0.0019175692 0.0751302242
v 0.768041849 -0.00191756373 0.0926452428
v 0.768041849 0 0.0926452428
v 0.768041849 0.00191756373 0.0926452428
v 0.764101326 0.0019175692 0.0751302242
v 0.764101326 -0.0019175692 0.0751302242
v 0.755297542 -0.00191757013 0.0822533295
v 0.75793916 -0.00191756466 0.0988544896
v 0.768041849 -0.00191756373 0.0926452428
v 0.764619291 -0.00191756734 0.127846986
v 0.755131364 -0.00191756734 0.129440591
v 0.745076597 -0.00191756722 0.161771089
v 0.734550655 -0.00191756804 0.169650435
v 0.755297542 0 0.0822533295
v 0.755297542 -0.00191757013 0.0822533295
v 0.764101326 -0.0019175692 0.0751302242
v 0.764101326 0 0.0751302242
v 0.764101326 0.0019175692 0.0751302242
v 0.755297542 0.00191757013 0.0822533295
v 0.768041849 -0.00191756373 0.0926452428
v 0.764619291 -0.00191756734 0.127846986
v 0.764619291 0 0.127846986
v 0.768041849 0 0.0926452428
v 0.768041849 0.00191756373 0.0926452428
v 0.764619291 0.00191756734 0.127846986
v 0.75793916 0 0.0988544896
v 0.755131364 -0.00191756734 0.129440591
v 0.75793916 -0.00191756466 0.0988544896
v 0.755131364 0 0.129440591
v 0.755131364 0.00191756734 0.129440591
v 0.75793916 0.00191756466 0.0988544896
v 0.745076597 0 0.161771089
v 0.745076597 -0.00191756722 0.161771089
v 0.734550655 -0.00191756804 0.169650435
v 0.734550655 0 0.169650435
v 0.734550655 0.00191756804 0.169650435
v 0.745076597 0.00191756722 0.161771089
v 0.755131364 0 0.129440591
v 0.734550655 -0.00191756804 0.169650435
v 0.755131364 -0.00191756734 0.129440591
v 0.734550655 0 0.169650435
v 0.734550655 0.00191756804 0.169650435
v 0.755131364 0.00191756734 0.129440591
v 0.728423774 -0.0169193335 -0.0530386046
v 0.727041245 -0.0188385379 -0.0513164289
v 0.695422709 -0.0408046059 -0.0800793171
v 0.701815784 -0.0352717303 -0.0883631855
v 0.701815784 -0.0352717303 -0.0883631855
v 0.695422709 -0.0408046059 -0.0800793171
v 0.685813725 -0.040553648 -0.0977544636
v 0.687150419 -0.0383724906 -0.0995051712
v 0.728318393 -0.0161954239 -0.0529626794
v 0.701841414 -0.0331758372 -0.0881014466
v 0.695448399 -0.0387086943 -0.0798176304
v 0.727095068 -0.0194040537 -0.0514652021
v 0.701841414 -0.0331758372 -0.0881014466
v 0.687176228 -0.0362766013 -0.0992434174
v 0.685839474 -0.038457755 -0.0974927098
v 0.695448399 -0.0387086943 -0.0798176304
v 0.687150419 -0.0383724906 -0.0995051712
v 0.687176228 -0.0362766013 -0.0992434174
v 0.701841414 -0.0331758372 -0.0881014466
v 0.701815784 -0.0352717303 -0.0883631855
v 0.727041245 -0.0188385379 -0.0513164289
v 0.727095068 -0.0194040537 -0.0514652021
v 0.695448399 -0.0387086943 -0.0798176304
v 0.695422709 -0.0408046059 -0.0800793171
v 0.695422709 -0.0408046059 -0.0800793171
v 0.695448399 -0.0387086943 -0.0798176304
v 0.685839474 -0.038457755 -0.0974927098
v 0.685813725 -0.040553648 -0.0977544636
v 0.685813725 -0.040553648 -0.0977544636
v 0.685839474 -0.038457755 -0.0974927098
v 0.687176228 -0.0362766013 -0.0992434174
v 0.687150419 -0.0383724906 -0.0995051712
v 0.728423774 -0.0169193335 -0.0530386046
v 0.728318393 -0.0161954239 -0.0529626794
v 0.727095068 -0.0194040537 -0.0514652021
v 0.727041245 -0.0188385379 -0.0513164289
v 0.701815784 -0.0352717303 -0.0883631855
v 0.701841414 -0.0331758372 -0.0881014466
v 0.728318393 -0.0161954239 -0.0529626794
v 0.728423774 -0.0169193335 -0.0530386046
v 0.768288314 0.0364530906 0.0264087562
v 0.755899191 0.0246594865 0.0762353763
v 0.714464545 0.0326581188 0.0688912198
v 0.695780575 0.0434797294 0.0220680907
v 0.535074353 0.0475877821 0.00258498522
v 0.31763944 0.0409535468 0.0720385015
v 0.31903258 0.05177515 -0.00529881241
v 0.54204005 0.0367661789 0.0846919864
v 0.695780575 0.0434797294 0.0220680907
v 0.714464545 0.0326581188 0.0688912198
v 0.31903258 0.05177515 -0.00529881241
v 0.31763944 0.0409535468 0.0720385015
v 0.0848602206 0.0521562472 0.0544738993
v 0.0860211998 0.0521562472 -0.0162968077
v 0.0860211998 0.0521562472 -0.0162968077
v 0.0848602206 0.0521562472 0.0544738993
v -0.148950085 0.0523034856 0.0447190478
v -0.146628186 0.0523034856 -0.017584607
v -0.379277527 0.0525512695 0.0348000191
v -0.379277527 0.0525512695 -0.0213022083
v -0.583090663 0.0459511317 0.0246448666
v -0.583090663 0.0459511317 -0.0225514807
v -0.664330602 0.0417064205 0.0166052021
v -0.664330602 0.0417064205 -0.0230041631
v -0.720896125 0.0231130924 -0.0439577289
v -0.720896125 0.0287461188 -0.0208969526
v -0.784533024 0.00944776461 -0.019757282
v -0.784434795 0.0107802823 -0.0277473181
v -0.379277527 0.0413738936 -0.0465563126
v -0.379277527 0.0525512695 -0.0213022083
v -0.583090663 0.0459511317 -0.0225514807
v -0.583090663 0.0347737558 -0.0451743491
v -0.664330602 0.0417064205 -0.0230041631
v -0.664330602 0.0305290427 -0.0470972694
v -0.146628186 0.0411261097 -0.0481430888
v -0.146628186 0.0523034856 -0.017584607
v -0.379277527 0.0525512695 -0.0213022083
v -0.379277527 0.0413738936 -0.0465563126
v 0.0860211998 0.0409788713 -0.0539456084
v 0.0860211998 0.0521562472 -0.0162968077
v -0.146628186 0.0523034856 -0.017584607
v -0.146628186 0.0411261097 -0.0481430888
v 0.31903258 0.0405977741 -0.052724082
v 0.31903258 0.05177515 -0.00529881241
v 0.0860211998 0.0521562472 -0.0162968077
v 0.0860211998 0.0409788713 -0.0539456084
v 0.536746144 0.0364104025 -0.0596238263
v 0.535074353 0.0475877821 0.00258498522
v 0.31903258 0.05177515 -0.00529881241
v 0.31903258 0.0405977741 -0.052724082
v 0.715313375 0.0525199585 -0.0421362631
v 0.695780575 0.0434797294 0.0220680907
v 0.535074353 0.0475877821 0.00258498522
v 0.536746144 0.0364104025 -0.0596238263
v 0.805622935 0.00670556212 0.00207850919
v 0.803664505 0.0198907424 -0.0142264441
v 0.791372061 0.0120608378 -0.0108044343
v 0.79023087 0.00821420923 -0.00123828591
v 0.31763944 0.0260331966 0.0970734209
v 0.54204005 0.0212071873 0.107919089
v 0.54204005 0.00623659045 0.107919089
v 0.31763944 0.00620905682 0.0970734209
v 0.0848602504 0.0344187617 0.0788308606
v 0.0848602504 0.00778441317 0.0785068572
v -0.148950085 0.0462232754 0.0670359135
v -0.148950085 0.0100498591 0.0666471124
v -0.379277527 0.0462416261 0.0536776744
v -0.379277527 0.00742491614 0.0532888733
v -0.664330602 0.0417064205 -0.0230041631
v -0.664330602 0.0417064205 0.0166052021
v -0.720896125 0.0342904702 0.00832216255
v -0.720896125 0.0287461188 -0.0208969526
v -0.664330602 0.0305290427 -0.0470972694
v -0.664330602 0.0417064205 -0.0230041631
v -0.720896125 0.0287461188 -0.0208969526
v -0.720896125 0.0231130924 -0.0439577289
v -0.720896125 0.0287461188 -0.0208969526
v -0.720896125 0.0342904702 0.00832216255
v -0.7845186 0.00944776461 -0.00875896774
v -0.784533024 0.00944776461 -0.019757282
v 0.787665069 0.0454933234 -0.0365123264
v 0.768288314 0.0364530906 0.0264087562
v 0.695780575 0.0434797294 0.0220680907
v 0.715313375 0.0525199585 -0.0421362631
v -0.784533024 0.00944776461 -0.019757282
v -0.7845186 0.00944776461 -0.00875896774
v -0.791276693 0.00328596006 -0.000428550382
v -0.792804122 0.00327495555 -0.0190471373
v -0.784434795 0.0107802823 -0.0277473181
v -0.792521238 0.00328596192 -0.0361000188
v -0.720896125 0.0124662807 0.0227048174
v -0.791276693 0.00328596006 -0.000428550382
v -0.7845186 0.00944776461 -0.00875896774
v -0.720896125 0.0342904702 0.00832216255
v -0.792521238 0.00328596192 -0.0361000188
v -0.720896125 0.0124662807 -0.0597611777
v -0.720896125 0.0231130924 -0.0439577289
v -0.784434795 0.0107802823 -0.0277473181
v -0.664330602 0.0195179936 -0.063324064
v -0.583090663 0.0205942914 -0.0600643568
v -0.583090663 0.0347737558 -0.0451743491
v -0.664330602 0.0305290427 -0.0470972694
v -0.583090663 0.0205942914 -0.0600643568
v -0.379277527 0.0413738936 -0.0465563126
v -0.583090663 0.0347737558 -0.0451743491
v -0.379277527 0.0260240138 -0.064508453
v -0.146628186 0.0411261097 -0.0481430888
v -0.146628186 0.0260056648 -0.0645770133
v 0.0860211998 0.0409788713 -0.0539456084
v 0.0860211998 0.0259947609 -0.0685828701
v 0.0860211998 0.0259947609 -0.0685828701
v 0.31903258 0.0405977741 -0.052724082
v 0.0860211998 0.0409788713 -0.0539456084
v 0.31903258 0.0260331947 -0.0663165376
v 0.536746144 0.0364104025 -0.0596238263
v 0.536746144 0.0212071799 -0.0748520792
v 0.536746144 0.0212071799 -0.0748520792
v 0.73728174 0.0132674919 -0.0569276698
v 0.715313375 0.0525199585 -0.0421362631
v 0.536746144 0.0364104025 -0.0596238263
v 0.769448757 0.0119938515 0.0726214573
v 0.723557115 0.0132674975 0.107696302
v 0.714464545 0.0326581188 0.0688912198
v 0.755899191 0.0246594865 0.0762353763
v 0.723557115 0.0132674975 0.107696302
v 0.54204005 0.0212071873 0.107919089
v 0.54204005 0.0367661789 0.0846919864
v 0.714464545 0.0326581188 0.0688912198
v 0.54204005 0.0212071873 0.107919089
v 0.31763944 0.0409535468 0.0720385015
v 0.54204005 0.0367661789 0.0846919864
v 0.31763944 0.0260331966 0.0970734209
v 0.0848602206 0.0521562472 0.0544738993
v 0.0848602504 0.0344187617 0.0788308606
v 0.0848602504 0.0344187617 0.0788308606
v -0.148950085 0.0462232754 0.0670359135
v -0.148950085 0.0523034856 0.0447190478
v 0.0848602206 0.0521562472 0.0544738993
v -0.148950085 0.0462232754 0.0670359135
v -0.379277527 0.0462416261 0.0536776744
v -0.379277527 0.0525512695 0.0348000191
v -0.148950085 0.0523034856 0.0447190478
v -0.379277527 0.0462416261 0.0536776744
v -0.583090663 0.0205942914 0.0452253483
v -0.583090663 0.0459511317 0.0246448666
v -0.379277527 0.0525512695 0.0348000191
v -0.664330602 0.0195179936 0.0357536674
v -0.720896125 0.0124662807 0.0227048174
v -0.720896125 0.0342904702 0.00832216255
v -0.664330602 0.0417064205 0.0166052021
v -0.720896125 0.0124662807 -0.0597611777
v -0.664330602 0.0195179936 -0.063324064
v -0.664330602 0.0305290427 -0.0470972694
v -0.720896125 0.0231130924 -0.0439577289
v -0.583090663 0.0205942914 0.0452253483
v -0.664330602 0.0195179936 0.0357536674
v -0.664330602 0.0417064205 0.0166052021
v -0.583090663 0.0459511317 0.0246448666
v 0.805622935 0.00670556212 0.00207850919
v 0.769448757 0.0119938515 0.0726214573
v 0.755899191 0.0246594865 0.0762353763
v 0.803664505 0.0198907424 -0.0142264441
v 0.73728174 0.0132674919 -0.0569276698
v 0.787665069 0.0119938459 -0.0495939776
v 0.787665069 0.0454933234 -0.0365123264
v 0.715313375 0.0525199585 -0.0421362631
v -0.792521238 1.40780063E-15 -0.0361000188
v -0.720896125 1.28056887E-15 -0.0606409498
v -0.720896125 0.0124662807 -0.0597611777
v -0.792521238 0.00328596192 -0.0361000188
v -0.379277527 0.00742491614 0.0532888733
v -0.583090663 0.00656482205 0.0452253483
v -0.583090663 0.0205942914 0.0452253483
v -0.379277527 0.0462416261 0.0536776744
v -0.720896125 0.00183080416 0.02388357
v -0.791276693 1.40558977E-15 -0.000428550382
v -0.791276693 0.00328596006 -0.000428550382
v -0.720896125 0.0124662807 0.0227048174
v -0.664330602 0.00497527514 0.0357536674
v -0.720896125 0.00183080416 0.02388357
v -0.720896125 0.0124662807 0.0227048174
v -0.664330602 0.0195179936 0.0357536674
v -0.720896125 1.28056887E-15 -0.0606409498
v -0.664330602 1.18008831E-15 -0.063324064
v -0.664330602 0.0195179936 -0.063324064
v -0.720896125 0.0124662807 -0.0597611777
v -0.583090663 0.00656482205 0.0452253483
v -0.664330602 0.00497527514 0.0357536674
v -0.664330602 0.0195179936 0.0357536674
v -0.583090663 0.0205942914 0.0452253483
v 0.0889334828 4.2253148E-16 0.120041087
v -0.148950085 0.0100498591 0.0666471124
v 0.0848602504 0.00778441317 0.0785068572
v -0.14683865 4.34303041E-16 0.111301944
v -0.379277527 0.00742491614 0.0532888733
v -0.378577232 6.57736224E-16 0.0901903659
v -0.583090663 0.00656482205 0.0452253483
v -0.583809614 1.0370542E-15 0.0746977553
v -0.664330602 0.00497527514 0.0357536674
v -0.665211678 1.18165342E-15 0.0585950576
v -0.665211678 1.18165342E-15 0.0585950576
v -0.723487854 1.2851727E-15 0.0373783298
v -0.720896125 0.00183080416 0.02388357
v -0.664330602 0.00497527514 0.0357536674
v 0.0889334828 4.2253148E-16 0.120041087
v 0.0848602504 0.00778441317 0.0785068572
v 0.31763944 0.00620905682 0.0970734209
v 0.327293724 0 0.148935392
v 0.640791774 0 0.159352586
v 0.54204005 0.00623659045 0.107919089
v 0.700857997 0.0472432263 -0.0192216244
v 0.645176172 0.0668766052 -0.0164293572
v 0.655041575 0.0668766052 0.0203089975
v 0.703779221 0.0459247306 -0.0108216684
v 0.645176172 0.0668766052 -0.0164293572
v 0.640031338 0.0668766052 -0.0045970981
v 0.64304769 0.0668766052 0.0147408554
v 0.655041575 0.0668766052 0.0203089975
v 0.700805664 0.0465096235 -0.0192215126
v 0.703726947 0.0465096235 -0.0108215548
v 0.654904246 0.0649509057 0.0203092769
v 0.645038903 0.0649509057 -0.0164290238
v 0.645038903 0.0649509057 -0.0164290238
v 0.654904246 0.0649509057 0.0203092769
v 0.64291048 0.0649509057 0.0147410976
v 0.639894187 0.0649509057 -0.00459683826
v 0.640031338 0.0668766052 -0.0045970981
v 0.645176172 0.0668766052 -0.0164293572
v 0.645038903 0.0649509057 -0.0164290238
v 0.639894187 0.0649509057 -0.00459683826
v 0.703779221 0.0459247306 -0.0108216684
v 0.655041575 0.0668766052 0.0203089975
v 0.654904246 0.0649509057 0.0203092769
v 0.703726947 0.0465096235 -0.0108215548
v 0.655041575 0.0668766052 0.0203089975
v 0.64304769 0.0668766052 0.0147408554
v 0.64291048 0.0649509057 0.0147410976
v 0.654904246 0.0649509057 0.0203092769
v 0.64304769 0.0668766052 0.0147408554
v 0.640031338 0.0668766052 -0.0045970981
v 0.639894187 0.0649509057 -0.00459683826
v 0.64291048 0.0649509057 0.0147410976
v 0.700857997 0.0472432263 -0.0192216244
v 0.703779221 0.0459247306 -0.0108216684
v 0.703726947 0.0465096235 -0.0108215548
v 0.700805664 0.0465096235 -0.0192215126
v 0.645176172 0.0668766052 -0.0164293572
v 0.700857997 0.0472432263 -0.0192216244
v 0.700805664 0.0465096235 -0.0192215126
v 0.645038903 0.0649509057 -0.0164290238
v 0.803664505 0.0198907424 -0.0142264441
v 0.805951655 0.00615736051 -0.00485019153
v 0.790722013 0.00739524839 -0.0126224058
v 0.791372061 0.0120608378 -0.0108044343
v 0.718067169 0.00191757316 0.103949584
v 0.701864004 0.00191756734 0.119806752
v 0.700942099 0.00191757316 0.105110727
v 0.719380021 0.00191756734 0.119461052
v 0.711863279 0.00191757048 0.151316792
v 0.69439292 0.00191756978 0.14809455
v 0.661143184 0.00191757409 0.21291174
v 0.652367949 0.00191757421 0.215603471
v 0.738081515 0.00191757199 0.0955319107
v 0.725669205 0.00191756757 0.119860575
v 0.724600375 0.00191757327 0.104810797
v 0.739599586 0.00191756629 0.111366533
v 0.73316437 0.00191756932 0.142702028
v 0.719020069 0.00191756978 0.147634253
v 0.69970727 0.00191757211 0.197055802
v 0.69155544 0.00191757258 0.202632561
v 0.751914859 0.00191757036 0.0838014483
v 0.741989017 0.00191756629 0.110896125
v 0.740594685 0.00191757164 0.0932421833
v 0.75375843 0.00191756501 0.102240235
v 0.748941958 0.00191756804 0.133766726
v 0.737408638 0.00191756827 0.137060791
v 0.726701081 0.00191756943 0.177500382
v 0.719245493 0.00191756978 0.182664782
v 0.764101326 0.0019175692 0.0751302242
v 0.75793916 0.00191756466 0.0988544896
v 0.755297542 0.00191757013 0.0822533295
v 0.768041849 0.00191756373 0.0926452428
v 0.764619291 0.00191756734 0.127846986
v 0.755131364 0.00191756734 0.129440591
v 0.745076597 0.00191756722 0.161771089
v 0.734550655 0.00191756804 0.169650435
v 0.728423774 0.0169193335 -0.0530386046
v 0.701815784 0.0352717303 -0.0883631855
v 0.695422709 0.0408046059 -0.0800793171
v 0.727041245 0.0188385379 -0.0513164289
v 0.701815784 0.0352717303 -0.0883631855
v 0.687150419 0.0383724906 -0.0995051712
v 0.685813725 0.040553648 -0.0977544636
v 0.695422709 0.0408046059 -0.0800793171
v 0.728318393 0.0161954239 -0.0529626794
v 0.727095068 0.0194040537 -0.0514652021
v 0.695448399 0.0387086943 -0.0798176304
v 0.701841414 0.0331758372 -0.0881014466
v 0.701841414 0.0331758372 -0.0881014466
v 0.695448399 0.0387086943 -0.0798176304
v 0.685839474 0.038457755 -0.0974927098
v 0.687176228 0.0362766013 -0.0992434174
v 0.687150419 0.0383724906 -0.0995051712
v 0.701815784 0.0352717303 -0.0883631855
v 0.701841414 0.0331758372 -0.0881014466
v 0.687176228 0.0362766013 -0.0992434174
v 0.727041245 0.0188385379 -0.0513164289
v 0.695422709 0.0408046059 -0.0800793171
v 0.695448399 0.0387086943 -0.0798176304
v 0.727095068 0.0194040537 -0.0514652021
v 0.695422709 0.0408046059 -0.0800793171
v 0.685813725 0.040553648 -0.0977544636
v 0.685839474 0.038457755 -0.0974927098
v 0.695448399 0.0387086943 -0.0798176304
v 0.685813725 0.040553648 -0.0977544636
v 0.687150419 0.0383724906 -0.0995051712
v 0.687176228 0.0362766013 -0.0992434174
v 0.685839474 0.038457755 -0.0974927098
v 0.728423774 0.0169193335 -0.0530386046
v 0.727041245 0.0188385379 -0.0513164289
v 0.727095068 0.0194040537 -0.0514652021
v 0.728318393 0.0161954239 -0.0529626794
v 0.701815784 0.0352717303 -0.0883631855
v 0.728423774 0.0169193335 -0.0530386046
v 0.728318393 0.0161954239 -0.0529626794
v 0.701841414 0.0331758372 -0.0881014466
vt 0.0151748657 0.453125
vt 0.0151748657 0.453125
vt 0.0151748657 0.453125
vt 0.582519531 0.164306641
vt 0.582519531 0.164306641
vt 0.582519531 0.164306641
vt 0.582519531 0.164306641
vt 0.582519531 0.164306641
vt 0.57421875 0.176025391
vt 0.57421875 0.176025391
vt 0.57421875 0.176025391
vt 0.985839844 0.516113281
vt 0.985839844 0.516113281
vt 0.985839844 0.516113281
vt 0.985839844 0.516113281
vt 0.985839844 0.516113281
vt 0.985839844 0.516113281
vt 0.985839844 0.516113281
vt 0.985839844 0.516113281
vt 0.985839844 0.516113281
vt 0.985839844 0.516113281
vt 0.985839844 0.516113281
vt 0.985839844 0.516113281
vt 0.985839844 0.516113281
vt 0.985839844 0.516113281
vt 0.985839844 0.516113281
vt 0.985839844 0.516113281
vt 0.985839844 0.516113281
vt 0.985839844 0.516113281
vt 0.985839844 0.516113281
vt 0.985839844 0.516113281
vt 0.985839844 0.516113281
vt 0.985839844 0.516113281
vt 0.985839844 0.516113281
vt 0.985839844 0.516113281
vt 0.985839844 0.516113281
vt 0.985839844 0.516113281
vt 0.985839844 0.516113281
vt 0.985839844 0.516113281
vt 0.985839844 0.516113281
vt 0.985839844 0.516113281
vt 0.985839844 0.516113281
vt 0.985839844 0.516113281
vt 0.985839844 0.516113281
vt 0.985839844 0.516113281
vt 0.985839844 0.516113281
vt 0.985839844 0.516113281
vt 0.985839844 0.516113281
vt 0.985839844 0.516113281
vt 0.985839844 0.516113281
vt 0.985839844 0.516113281
vt 0.985839844 0.516113281
vt 0.985839844 0.516113281
vt 0.985839844 0.516113281
vt 0.985839844 0.516113281
vt 0.985839844 0.516113281
vt 0.985839844 0.516113281
vt 0.985839844 0.516113281
vt 0.985839844 0.516113281
vt 0.985839844 0.516113281
vt 0.985839844 0.516113281
vt 0.985839844 0.516113281
vt 0.985839844 0.516113281
vt 0.985839844 0.516113281
vt 0.985839844 0.516113281
vt 0.985839844 0.516113281
vt 0.985839844 0.516113281
vt 0.985839844 0.516113281
vt 0.985839844 0.516113281
vt 0.985839844 0.516113281
vt 0.985839844 0.516113281
vt 0.57421875 0.176025391
vt 0.57421875 0.176025391
vt 0.57421875 0.176025391
vt 0.57421875 0.176025391
vt 0.57421875 0.176025391
vt 0.57421875 0.176025391
vt 0.582519531 0.164306641
vt 0.582519531 0.164306641
vt 0.582519531 0.164306641
vt 0.0151748657 0.453125
vt 0.0151748657 0.453125
vt 0.0151748657 0.453125
vt 0.57421875 0.176025391
vt 0.57421875 0.176025391
vt 0.57421875 0.176025391
vt 0.0151748657 0.453125
vt 0.0151748657 0.453125
vt 0.0151748657 0.453125
vt 0.57421875 0.176025391
vt 0.57421875 0.176025391
vt 0.57421875 0.176025391
vt 0.985839844 0.516113281
vt 0.985839844 0.516113281
vt 0.985839844 0.516113281
vt 0.985839844 0.516113281
vt 0.985839844 0.516113281
vt 0.985839844 0.516113281
vt 0.985839844 0.516113281
vt 0.985839844 0.516113281
vt 0.985839844 0.516113281
vt 0.985839844 0.516113281
vt 0.985839844 0.516113281
vt 0.985839844 0.516113281
vt 0.985839844 0.516113281
vt 0.985839844 0.516113281
vt 0.985839844 0.516113281
vt 0.985839844 0.516113281
vt 0.985839844 0.516113281
vt 0.985839844 0.516113281
vt 0.985839844 0.516113281
vt 0.985839844 0.516113281
vt 0.985839844 0.516113281
vt 0.985839844 0.516113281
vt 0.985839844 0.516113281
vt 0.985839844 0.516113281
vt 0.985839844 0.516113281
vt 0.985839844 0.516113281
vt 0.985839844 0.516113281
vt 0.985839844 0.516113281
vt 0.985839844 0.516113281
vt 0.985839844 0.516113281
vt 0.985839844 0.516113281
vt 0.985839844 0.516113281
vt 0.985839844 0.516113281
vt 0.985839844 0.516113281
vt 0.985839844 0.516113281
vt 0.985839844 0.516113281
vt 0.985839844 0.516113281
vt 0.985839844 0.516113281
vt 0.985839844 0.516113281
vt 0.985839844 0.516113281
vt 0.985839844 0.516113281
vt 0.985839844 0.516113281
vt 0.985839844 0.516113281
vt 0.985839844 0.516113281
vt 0.985839844 0.516113281
vt 0.985839844 0.516113281
vt 0.985839844 0.516113281
vt 0.985839844 0.516113281
vt 0.985839844 0.516113281
vt 0.985839844 0.516113281
vt 0.985839844 0.516113281
vt 0.985839844 0.516113281
vt 0.985839844 0.516113281
vt 0.985839844 0.516113281
vt 0.985839844 0.516113281
vt 0.985839844 0.516113281
vt 0.985839844 0.516113281
vt 0.985839844 0.516113281
vt 0.985839844 0.516113281
vt 0.985839844 0.516113281
vt 0.57421875 0.176025391
vt 0.57421875 0.176025391
vt 0.57421875 0.176025391
vt 0.57421875 0.176025391
vt 0.57421875 0.176025391
vt 0.57421875 0.176025391
vt 0.582519531 0.164306641
vt 0.582519531 0.164306641
vt 0.582519531 0.164306641
vt 0.0151748657 0.453125
vt 0.0151748657 0.453125
vt 0.0151748657 0.453125
vt 0.57421875 0.176025391
vt 0.57421875 0.176025391
vt 0.57421875 0.176025391
vt 0.582519531 0.164306641
vt 0.582519531 0.164306641
vt 0.582519531 0.164306641
vt 0.582519531 0.164306641
vt 0.582519531 0.164306641
vt 0.582519531 0.164306641
vt 0.581542969 0.168701172
vt 0.581542969 0.168701172
vt 0.581542969 0.168701172
vt 0.581542969 0.168701172
vt 0.581542969 0.168701172
vt 0.581542969 0.168701172
vt 0.57421875 0.176025391
vt 0.57421875 0.176025391
vt 0.57421875 0.176025391
vt 0.57421875 0.176025391
vt 0.57421875 0.176025391
vt 0.57421875 0.176025391
vt 0.57421875 0.176025391
vt 0.57421875 0.176025391
vt 0.57421875 0.176025391
vt 0.57421875 0.176025391
vt 0.582519531 0.164306641
vt 0.582519531 0.164306641
vt 0.582519531 0.164306641
vt 0.582519531 0.164306641
vt 0.582519531 0.164306641
vt 0.582519531 0.164306641
vt 0.582519531 0.164306641
vt 0.582519531 0.164306641
vt 0.582519531 0.164306641
vt 0.582519531 0.164306641
vt 0.582519531 0.164306641
vt 0.582519531 0.164306641
vt 0.582519531 0.164306641
vt 0.582519531 0.164306641
vt 0.582519531 0.164306641
vt 0.582519531 0.164306641
vt 0.582519531 0.164306641
vt 0.582519531 0.164306641
vt 0.582519531 0.164306641
vt 0.582519531 0.164306641
vt 0.582519531 0.164306641
vt 0.582519531 0.164306641
vt 0.582519531 0.164306641
vt 0.582519531 0.164306641
vt 0.582519531 0.164306641
vt 0.582519531 0.164306641
vt 0.582519531 0.164306641
vt 0.582519531 0.164306641
vt 0.582519531 0.164306641
vt 0.582519531 0.164306641
vt 0.582519531 0.164306641
vt 0.582519531 0.164306641
vt 0.582519531 0.164306641
vt 0.582519531 0.164306641
vt 0.582519531 0.164306641
vt 0.582519531 0.164306641
vt 0.582519531 0.164306641
vt 0.582519531 0.164306641
vt 0.582519531 0.164306641
vt 0.582519531 0.164306641
vt 0.582519531 0.164306641
vt 0.582519531 0.164306641
vt 0.582519531 0.164306641
vt 0.582519531 0.164306641
vt 0.582519531 0.164306641
vt 0.582519531 0.164306641
vt 0.582519531 0.164306641
vt 0.582519531 0.164306641
vt 0.582519531 0.164306641
vt 0.582519531 0.164306641
vt 0.57421875 0.176025391
vt 0.57421875 0.176025391
vt 0.57421875 0.176025391
vt 0.57421875 0.176025391
vt 0.582519531 0.164306641
vt 0.582519531 0.164306641
vt 0.582519531 0.164306641
vt 0.582519531 0.164306641
vt 0.582519531 0.164306641
vt 0.582519531 0.164306641
vt 0.582519531 0.164306641
vt 0.582519531 0.164306641
vt 0.582519531 0.164306641
vt 0.582519531 0.164306641
vt 0.582519531 0.164306641
vt 0.582519531 0.164306641
vt 0.582519531 0.164306641
vt 0.582519531 0.164306641
vt 0.582519531 0.164306641
vt 0.582519531 0.164306641
vt 0.582519531 0.164306641
vt 0.582519531 0.164306641
vt 0.582519531 0.164306641
vt 0.582519531 0.164306641
vt 0.582519531 0.164306641
vt 0.582519531 0.164306641
vt 0.582519531 0.164306641
vt 0.582519531 0.164306641
vt 0.582519531 0.164306641
vt 0.582519531 0.164306641
vt 0.582519531 0.164306641
vt 0.582519531 0.164306641
vt 0.582519531 0.164306641
vt 0.582519531 0.164306641
vt 0.582519531 0.164306641
vt 0.582519531 0.164306641
vt 0.582519531 0.164306641
vt 0.582519531 0.164306641
vt 0.582519531 0.164306641
vt 0.582519531 0.164306641
vt 0.582519531 0.164306641
vt 0.57421875 0.176025391
vt 0.57421875 0.176025391
vt 0.57421875 0.176025391
vt 0.57421875 0.176025391
vt 0.57421875 0.176025391
vt 0.57421875 0.176025391
vt 0.582519531 0.164306641
vt 0.582519531 0.164306641
vt 0.582519531 0.164306641
vt 0.582519531 0.164306641
vt 0.57421875 0.176025391
vt 0.57421875 0.176025391
vt 0.57421875 0.176025391
vt 0.57421875 0.176025391
vt 0.582519531 0.164306641
vt 0.582519531 0.164306641
vt 0.582519531 0.164306641
vt 0.582519531 0.164306641
vt 0.582519531 0.164306641
vt 0.582519531 0.164306641
vt 0.582519531 0.164306641
vt 0.582519531 0.164306641
vt 0.582519531 0.164306641
vt 0.582519531 0.164306641
vt 0.582519531 0.164306641
vt 0.582519531 0.164306641
vt 0.582519531 0.164306641
vt 0.582519531 0.164306641
vt 0.582519531 0.164306641
vt 0.582519531 0.164306641
vt 0.582519531 0.164306641
vt 0.582519531 0.164306641
vt 0.582519531 0.164306641
vt 0.582519531 0.164306641
vt 0.582519531 0.164306641
vt 0.582519531 0.164306641
vt 0.582519531 0.164306641
vt 0.582519531 0.164306641
vt 0.582519531 0.164306641
vt 0.582519531 0.164306641
vt 0.582519531 0.164306641
vt 0.582519531 0.164306641
vt 0.582519531 0.164306641
vt 0.582519531 0.164306641
vt 0.582519531 0.164306641
vt 0.582519531 0.164306641
vt 0.582519531 0.164306641
vt 0.582519531 0.164306641
vt 0.582519531 0.164306641
vt 0.582519531 0.164306641
vt 0.581542969 0.168701172
vt 0.581542969 0.168701172
vt 0.581542969 0.168701172
vt 0.581542969 0.168701172
vt 0.581542969 0.168212891
vt 0.581542969 0.168212891
vt 0.581542969 0.168212891
vt 0.581542969 0.168212891
vt 0.582519531 0.164306641
vt 0.582519531 0.164306641
vt 0.582519531 0.164306641
vt 0.582519531 0.164306641
vt 0.582519531 0.164306641
vt 0.582519531 0.164306641
vt 0.582519531 0.164306641
vt 0.582519531 0.164306641
vt 0.582519531 0.164306641
vt 0.582519531 0.164306641
vt 0.582519531 0.164306641
vt 0.582519531 0.164306641
vt 0.582519531 0.164306641
vt 0.582519531 0.164306641
vt 0.582519531 0.164306641
vt 0.582519531 0.164306641
vt 0.582519531 0.164306641
vt 0.582519531 0.164306641
vt 0.582519531 0.164306641
vt 0.582519531 0.164306641
vt 0.582519531 0.164306641
vt 0.582519531 0.164306641
vt 0.582519531 0.164306641
vt 0.582519531 0.164306641
vt 0.582519531 0.164306641
vt 0.582519531 0.164306641
vt 0.582519531 0.164306641
vt 0.582519531 0.164306641
vt 0.582519531 0.164306641
vt 0.582519531 0.164306641
vt 0.582519531 0.164306641
vt 0.582519531 0.164306641
vt 0.582519531 0.164306641
vt 0.582519531 0.164306641
vt 0.582519531 0.164306641
vt 0.582519531 0.164306641
vt 0.57421875 0.176025391
vt 0.57421875 0.176025391
vt 0.57421875 0.176025391
vt 0.57421875 0.176025391
vt 0.57421875 0.176025391
vt 0.57421875 0.176025391
vt 0.57421875 0.176025391
vt 0.57421875 0.176025391
vt 0.57421875 0.176025391
vt 0.57421875 0.176025391
vt 0.57421875 0.176025391
vt 0.57421875 0.176025391
vt 0.57421875 0.176025391
vt 0.57421875 0.176025391
vt 0.57421875 0.176025391
vt 0.57421875 0.176025391
vt 0.57421875 0.176025391
vt 0.57421875 0.176025391
vt 0.57421875 0.176025391
vt 0.57421875 0.176025391
vt 0.57421875 0.176025391
vt 0.582519531 0.164306641
vt 0.582519531 0.164306641
vt 0.582519531 0.164306641
vt 0.582519531 0.164306641
vt 0.582519531 0.133544922
vt 0.582519531 0.133544922
vt 0.582519531 0.133544922
vt 0.582519531 0.133544922
vt 0.581054688 0.164428711
vt 0.581054688 0.164428711
vt 0.581054688 0.164428711
vt 0.581054688 0.164428711
vt 0.582519531 0.164306641
vt 0.582519531 0.164306641
vt 0.582519531 0.164306641
vt 0.582519531 0.164306641
vt 0.582519531 0.164306641
vt 0.582519531 0.164306641
vt 0.582519531 0.164306641
vt 0.582519531 0.164306641
vt 0.582519531 0.164306641
vt 0.582519531 0.164306641
vt 0.582519531 0.164306641
vt 0.582519531 0.164306641
vt 0.582519531 0.164306641
vt 0.582519531 0.164306641
vt 0.582519531 0.164306641
vt 0.582519531 0.164306641
vt 0.582519531 0.164306641
vt 0.582519531 0.164306641
vt 0.582519531 0.164306641
vt 0.582519531 0.164306641
vt 0.582519531 0.164306641
vt 0.582519531 0.164306641
vt 0.582519531 0.164306641
vt 0.582519531 0.164306641
vt 0.582519531 0.164306641
vt 0.582519531 0.164306641
vt 0.582519531 0.164306641
vt 0.582519531 0.164306641
vt 0.582519531 0.164306641
vt 0.582519531 0.164306641
vt 0.582519531 0.164306641
vt 0.582519531 0.164306641
vt 0.582519531 0.164306641
vt 0.582519531 0.164306641
vt 0.0164794922 0.422119141
vt 0.0164794922 0.422119141
vt 0.0164794922 0.422119141
vt 0.0164794922 0.422119141
vt 0.0164794922 0.422119141
vt 0.0164794922 0.422119141
vt 0.0164794922 0.422119141
vt 0.0164794922 0.422119141
vt 0.0164794922 0.422119141
vt 0.0164794922 0.422119141
vt 0.0164794922 0.422119141
vt 0.0164794922 0.422119141
vt 0.0164794922 0.422119141
vt 0.0164794922 0.422119141
vt 0.0151748657 0.453125
vt 0.0151748657 0.453125
vt 0.0151748657 0.453125
vt 0.0151748657 0.453125
vt 0.0151748657 0.453125
vt 0.0151748657 0.453125
vt 0.0152587891 0.450683594
vt 0.0152587891 0.450683594
vt 0.0152587891 0.450683594
vt 0.0152587891 0.450683594
vt 0.0152587891 0.450683594
vt 0.0152587891 0.450683594
vt 0.0152587891 0.450683594
vt 0.0152587891 0.450683594
vt 0.0152587891 0.450683594
vt 0.0152587891 0.450683594
vt 0.0152587891 0.450683594
vt 0.0152587891 0.450683594
vt 0.0152587891 0.450683594
vt 0.0152587891 0.450683594
vt 0.0152587891 0.450683594
vt 0.0152587891 0.450683594
vt 0.0152587891 0.450683594
vt 0.0152587891 0.450683594
vt 0.0152587891 0.450683594
vt 0.0152587891 0.450683594
vt 0.0152587891 0.450683594
vt 0.0152587891 0.450683594
vt 0.0152587891 0.450683594
vt 0.0152587891 0.450683594
vt 0.0152587891 0.450683594
vt 0.0152587891 0.450683594
vt 0.0152587891 0.450683594
vt 0.0152587891 0.450683594
vt 0.0152587891 0.450683594
vt 0.0152587891 0.450683594
vt 0.0152587891 0.450683594
vt 0.0152587891 0.450683594
vt 0.0152587891 0.450683594
vt 0.0152587891 0.450683594
vt 0.0152587891 0.450683594
vt 0.0152587891 0.450683594
vt 0.0152587891 0.450683594
vt 0.0152587891 0.450683594
vt 0.0152587891 0.450683594
vt 0.0152587891 0.450683594
vt 0.582519531 0.164306641
vt 0.582519531 0.164306641
vt 0.582519531 0.164306641
vt 0.582519531 0.164306641
vt 0.582519531 0.164306641
vt 0.582519531 0.164306641
vt 0.582519531 0.164306641
vt 0.582519531 0.164306641
vt 0.582519531 0.164306641
vt 0.582519531 0.164306641
vt 0.582519531 0.164306641
vt 0.582519531 0.164306641
vt 0.57421875 0.176025391
vt 0.57421875 0.176025391
vt 0.57421875 0.176025391
vt 0.57421875 0.176025391
vt 0.57421875 0.176025391
vt 0.57421875 0.176025391
vt 0.57421875 0.176025391
vt 0.57421875 0.176025391
vt 0.57421875 0.176025391
vt 0.57421875 0.176025391
vt 0.017578125 0.453125
vt 0.017578125 0.453125
vt 0.017578125 0.453125
vt 0.017578125 0.453125
vt 0.017578125 0.453125
vt 0.017578125 0.453125
vt 0.017578125 0.453125
vt 0.017578125 0.453125
vt 0.017578125 0.453125
vt 0.017578125 0.453125
vt 0.017578125 0.453125
vt 0.017578125 0.453125
vt 0.017578125 0.453125
vt 0.017578125 0.453125
vt 0.017578125 0.453125
vt 0.017578125 0.453125
vt 0.017578125 0.453125
vt 0.017578125 0.453125
vt 0.017578125 0.453125
vt 0.017578125 0.453125
vt 0.017578125 0.453125
vt 0.017578125 0.453125
vt 0.017578125 0.453125
vt 0.017578125 0.453125
vt 0.017578125 0.453125
vt 0.017578125 0.453125
vt 0.017578125 0.453125
vt 0.017578125 0.453125
vt 0.017578125 0.453125
vt 0.017578125 0.453125
vt 0.017578125 0.453125
vt 0.017578125 0.453125
vt 0.017578125 0.453125
vt 0.017578125 0.453125
vt 0.017578125 0.453125
vt 0.017578125 0.453125
vt 0.017578125 0.453125
vt 0.017578125 0.453125
vt 0.017578125 0.453125
vt 0.017578125 0.453125
vt 0.017578125 0.453125
vt 0.017578125 0.453125
vt 0.017578125 0.453125
vt 0.017578125 0.453125
vt 0.017578125 0.453125
vt 0.017578125 0.453125
vt 0.017578125 0.453125
vt 0.017578125 0.453125
vt 0.017578125 0.453125
vt 0.017578125 0.453125
vt 0.017578125 0.453125
vt 0.017578125 0.453125
vt 0.017578125 0.453125
vt 0.017578125 0.453125
vt 0.017578125 0.453125
vt 0.017578125 0.453125
vt 0.017578125 0.453125
vt 0.017578125 0.453125
vt 0.017578125 0.453125
vt 0.017578125 0.453125
vt 0.017578125 0.453125
vt 0.017578125 0.453125
vt 0.017578125 0.453125
vt 0.017578125 0.453125
vt 0.017578125 0.453125
vt 0.017578125 0.453125
vt 0.017578125 0.453125
vt 0.017578125 0.453125
vt 0.017578125 0.453125
vt 0.017578125 0.453125
vt 0.017578125 0.453125
vt 0.017578125 0.453125
vt 0.017578125 0.453125
vt 0.017578125 0.453125
vt 0.017578125 0.453125
vt 0.017578125 0.453125
vt 0.017578125 0.453125
vt 0.017578125 0.453125
vt 0.017578125 0.453125
vt 0.017578125 0.453125
vt 0.017578125 0.453125
vt 0.017578125 0.453125
vt 0.017578125 0.453125
vt 0.017578125 0.453125
vt 0.017578125 0.453125
vt 0.017578125 0.453125
vt 0.017578125 0.453125
vt 0.017578125 0.453125
vt 0.017578125 0.453125
vt 0.017578125 0.453125
vt 0.017578125 0.453125
vt 0.017578125 0.453125
vt 0.017578125 0.453125
vt 0.017578125 0.453125
vt 0.017578125 0.453125
vt 0.017578125 0.453125
vt 0.017578125 0.453125
vt 0.017578125 0.453125
vt 0.017578125 0.453125
vt 0.017578125 0.453125
vt 0.017578125 0.453125
vt 0.017578125 0.453125
vt 0.017578125 0.453125
vt 0.017578125 0.453125
vt 0.017578125 0.453125
vt 0.017578125 0.453125
vt 0.017578125 0.453125
vt 0.017578125 0.453125
vt 0.017578125 0.453125
vt 0.017578125 0.453125
vt 0.017578125 0.453125
vt 0.017578125 0.453125
vt 0.017578125 0.453125
vt 0.017578125 0.453125
vt 0.017578125 0.453125
vt 0.017578125 0.453125
vt 0.017578125 0.453125
vt 0.017578125 0.453125
vt 0.017578125 0.453125
vt 0.017578125 0.453125
vt 0.017578125 0.453125
vt 0.017578125 0.453125
vt 0.017578125 0.453125
vt 0.017578125 0.453125
vt 0.017578125 0.453125
vt 0.017578125 0.453125
vt 0.017578125 0.453125
vt 0.017578125 0.453125
vt 0.017578125 0.453125
vt 0.017578125 0.453125
vt 0.017578125 0.453125
vt 0.017578125 0.453125
vt 0.017578125 0.453125
vt 0.017578125 0.453125
vt 0.017578125 0.453125
vt 0.017578125 0.453125
vt 0.017578125 0.453125
vt 0.017578125 0.453125
vt 0.017578125 0.453125
vt 0.017578125 0.453125
vt 0.017578125 0.453125
vt 0.017578125 0.453125
vt 0.017578125 0.453125
vt 0.017578125 0.453125
vt 0.017578125 0.453125
vt 0.017578125 0.453125
vt 0.017578125 0.453125
vt 0.017578125 0.453125
vt 0.017578125 0.453125
vt 0.017578125 0.453125
vt 0.017578125 0.453125
vt 0.017578125 0.453125
vt 0.017578125 0.453125
vt 0.017578125 0.453125
vt 0.017578125 0.453125
vt 0.017578125 0.453125
vt 0.017578125 0.453125
vt 0.017578125 0.453125
vt 0.017578125 0.453125
vt 0.017578125 0.453125
vt 0.017578125 0.453125
vt 0.017578125 0.453125
vt 0.017578125 0.453125
vt 0.017578125 0.453125
vt 0.017578125 0.453125
vt 0.017578125 0.453125
vt 0.017578125 0.453125
vt 0.017578125 0.453125
vt 0.017578125 0.453125
vt 0.017578125 0.453125
vt 0.017578125 0.453125
vt 0.017578125 0.453125
vt 0.017578125 0.453125
vt 0.017578125 0.453125
vt 0.017578125 0.453125
vt 0.017578125 0.453125
vt 0.017578125 0.453125
vt 0.017578125 0.453125
vt 0.017578125 0.453125
vt 0.017578125 0.453125
vt 0.017578125 0.453125
vt 0.017578125 0.453125
vt 0.017578125 0.453125
vt 0.017578125 0.453125
vt 0.017578125 0.453125
vt 0.017578125 0.453125
vt 0.017578125 0.453125
vt 0.017578125 0.453125
vt 0.017578125 0.453125
vt 0.017578125 0.453125
vt 0.017578125 0.453125
vt 0.017578125 0.453125
vt 0.017578125 0.453125
vt 0.017578125 0.453125
vt 0.017578125 0.453125
vt 0.017578125 0.453125
vt 0.017578125 0.453125
vt 0.017578125 0.453125
vt 0.017578125 0.453125
vt 0.017578125 0.453125
vt 0.017578125 0.453125
vt 0.017578125 0.453125
vt 0.017578125 0.453125
vt 0.017578125 0.453125
vt 0.017578125 0.453125
vt 0.017578125 0.453125
vt 0.017578125 0.453125
vt 0.017578125 0.453125
vt 0.017578125 0.453125
vt 0.017578125 0.453125
vt 0.017578125 0.453125
vt 0.017578125 0.453125
vt 0.017578125 0.453125
vt 0.017578125 0.453125
vt 0.017578125 0.453125
vt 0.017578125 0.453125
vt 0.017578125 0.453125
vt 0.017578125 0.453125
vt 0.017578125 0.453125
vt 0.017578125 0.453125
vt 0.017578125 0.453125
vt 0.017578125 0.453125
vt 0.017578125 0.453125
vt 0.017578125 0.453125
vt 0.0152587891 0.450683594
vt 0.0152587891 0.450683594
vt 0.0152587891 0.450683594
vt 0.0152587891 0.450683594
vt 0.0152587891 0.450683594
vt 0.0152587891 0.450683594
vt 0.0152587891 0.450683594
vt 0.0152587891 0.450683594
vt 0.0152587891 0.450683594
vt 0.0152587891 0.450683594
vt 0.0152587891 0.450683594
vt 0.0152587891 0.450683594
vt 0.0152587891 0.450683594
vt 0.0152587891 0.450683594
vt 0.0152587891 0.450683594
vt 0.0152587891 0.450683594
vt 0.0152587891 0.450683594
vt 0.0152587891 0.450683594
vt 0.0152587891 0.450683594
vt 0.0152587891 0.450683594
vt 0.0152587891 0.450683594
vt 0.0152587891 0.450683594
vt 0.0152587891 0.450683594
vt 0.0152587891 0.450683594
vt 0.0152587891 0.450683594
vt 0.0152587891 0.450683594
vt 0.0152587891 0.450683594
vt 0.0152587891 0.450683594
vt 0.0152587891 0.450683594
vt 0.0152587891 0.450683594
vt 0.0152587891 0.450683594
vt 0.0152587891 0.450683594
vt 0.0152587891 0.450683594
vt 0.0152587891 0.450683594
vt 0.0152587891 0.450683594
vt 0.0152587891 0.450683594
vt 0.0152587891 0.450683594
vt 0.0152587891 0.450683594
vt 0.0152587891 0.450683594
vt 0.0152587891 0.450683594
vt 0.57421875 0.176025391
vt 0.57421875 0.176025391
vt 0.57421875 0.176025391
vt 0.57421875 0.176025391
vt 0.582519531 0.164306641
vt 0.582519531 0.164306641
vt 0.582519531 0.164306641
vt 0.582519531 0.164306641
vt 0.582519531 0.164306641
vt 0.582519531 0.164306641
vt 0.582519531 0.164306641
vt 0.582519531 0.164306641
vt 0.582519531 0.164306641
vt 0.582519531 0.164306641
vt 0.582519531 0.164306641
vt 0.582519531 0.164306641
vt 0.582519531 0.164306641
vt 0.582519531 0.164306641
vt 0.582519531 0.164306641
vt 0.582519531 0.164306641
vt 0.582519531 0.164306641
vt 0.582519531 0.164306641
vt 0.582519531 0.164306641
vt 0.582519531 0.164306641
vt 0.582519531 0.164306641
vt 0.582519531 0.164306641
vt 0.582519531 0.164306641
vt 0.582519531 0.164306641
vt 0.582519531 0.164306641
vt 0.582519531 0.164306641
vt 0.582519531 0.164306641
vt 0.582519531 0.164306641
vt 0.582519531 0.164306641
vt 0.582519531 0.164306641
vt 0.582519531 0.164306641
vt 0.582519531 0.164306641
vt 0.582519531 0.164306641
vt 0.582519531 0.164306641
vt 0.582519531 0.164306641
vt 0.582519531 0.164306641
vt 0.582519531 0.164306641
vt 0.582519531 0.164306641
vt 0.582519531 0.164306641
vt 0.582519531 0.164306641
vt 0.582519531 0.164306641
vt 0.582519531 0.164306641
vt 0.582519531 0.164306641
vt 0.582519531 0.164306641
vt 0.582519531 0.164306641
vt 0.582519531 0.164306641
vt 0.582519531 0.164306641
vt 0.582519531 0.164306641
vt 0.582519531 0.164306641
vt 0.582519531 0.164306641
vt 0.57421875 0.176025391
vt 0.57421875 0.176025391
vt 0.57421875 0.176025391
vt 0.57421875 0.176025391
vt 0.582519531 0.164306641
vt 0.582519531 0.164306641
vt 0.582519531 0.164306641
vt 0.582519531 0.164306641
vt 0.582519531 0.164306641
vt 0.582519531 0.164306641
vt 0.582519531 0.164306641
vt 0.582519531 0.164306641
vt 0.582519531 0.164306641
vt 0.582519531 0.164306641
vt 0.582519531 0.164306641
vt 0.582519531 0.164306641
vt 0.582519531 0.164306641
vt 0.582519531 0.164306641
vt 0.582519531 0.164306641
vt 0.582519531 0.164306641
vt 0.582519531 0.164306641
vt 0.582519531 0.164306641
vt 0.582519531 0.164306641
vt 0.582519531 0.164306641
vt 0.582519531 0.164306641
vt 0.582519531 0.164306641
vt 0.57421875 0.176025391
vt 0.57421875 0.176025391
vt 0.57421875 0.176025391
vt 0.57421875 0.176025391
vt 0.582519531 0.164306641
vt 0.582519531 0.164306641
vt 0.582519531 0.164306641
vt 0.582519531 0.164306641
vt 0.582519531 0.164306641
vt 0.582519531 0.164306641
vt 0.582519531 0.164306641
vt 0.582519531 0.164306641
vt 0.582519531 0.164306641
vt 0.582519531 0.164306641
vt 0.582519531 0.164306641
vt 0.582519531 0.164306641
vt 0.582519531 0.164306641
vt 0.582519531 0.164306641
vt 0.582519531 0.164306641
vt 0.582519531 0.164306641
vt 0.582519531 0.164306641
vt 0.582519531 0.164306641
vt 0.582519531 0.164306641
vt 0.582519531 0.164306641
vt 0.582519531 0.164306641
vt 0.582519531 0.164306641
vt 0.582519531 0.164306641
vt 0.582519531 0.164306641
vt 0.582519531 0.164306641
vt 0.582519531 0.164306641
vt 0.582519531 0.164306641
vt 0.582519531 0.164306641
vt 0.582519531 0.164306641
vt 0.582519531 0.164306641
vt 0.582519531 0.164306641
vt 0.582519531 0.164306641
vt 0.582519531 0.164306641
vt 0.582519531 0.164306641
vt 0.582519531 0.164306641
vt 0.582519531 0.164306641
vt 0.581542969 0.168701172
vt 0.581542969 0.168701172
vt 0.581542969 0.168701172
vt 0.581542969 0.168701172
vt 0.581542969 0.168212891
vt 0.581542969 0.168212891
vt 0.581542969 0.168212891
vt 0.581542969 0.168212891
vt 0.582519531 0.164306641
vt 0.582519531 0.164306641
vt 0.582519531 0.164306641
vt 0.582519531 0.164306641
vt 0.582519531 0.164306641
vt 0.582519531 0.164306641
vt 0.582519531 0.164306641
vt 0.582519531 0.164306641
vt 0.582519531 0.164306641
vt 0.582519531 0.164306641
vt 0.582519531 0.164306641
vt 0.582519531 0.164306641
vt 0.582519531 0.164306641
vt 0.582519531 0.164306641
vt 0.582519531 0.164306641
vt 0.582519531 0.164306641
vt 0.582519531 0.164306641
vt 0.582519531 0.164306641
vt 0.582519531 0.164306641
vt 0.582519531 0.164306641
vt 0.582519531 0.164306641
vt 0.582519531 0.164306641
vt 0.582519531 0.164306641
vt 0.582519531 0.164306641
vt 0.582519531 0.164306641
vt 0.582519531 0.164306641
vt 0.582519531 0.164306641
vt 0.582519531 0.164306641
vt 0.582519531 0.164306641
vt 0.582519531 0.164306641
vt 0.57421875 0.176025391
vt 0.57421875 0.176025391
vt 0.57421875 0.176025391
vt 0.57421875 0.176025391
vt 0.57421875 0.176025391
vt 0.57421875 0.176025391
vt 0.57421875 0.176025391
vt 0.57421875 0.176025391
vt 0.582519531 0.164306641
vt 0.582519531 0.164306641
vt 0.582519531 0.164306641
vt 0.582519531 0.164306641
vt 0.582519531 0.133544922
vt 0.582519531 0.133544922
vt 0.582519531 0.133544922
vt 0.582519531 0.133544922
vt 0.581054688 0.164428711
vt 0.581054688 0.164428711
vt 0.581054688 0.164428711
vt 0.581054688 0.164428711
vt 0.582519531 0.164306641
vt 0.582519531 0.164306641
vt 0.582519531 0.164306641
vt 0.582519531 0.164306641
vt 0.582519531 0.164306641
vt 0.582519531 0.164306641
vt 0.582519531 0.164306641
vt 0.582519531 0.164306641
vt 0.582519531 0.164306641
vt 0.582519531 0.164306641
vt 0.582519531 0.164306641
vt 0.582519531 0.164306641
vt 0.0164794922 0.422119141
vt 0.0164794922 0.422119141
vt 0.0164794922 0.422119141
vt 0.0164794922 0.422119141
vt 0.0164794922 0.422119141
vt 0.0164794922 0.422119141
vt 0.0164794922 0.422119141
vt 0.0164794922 0.422119141
vt 0.0164794922 0.422119141
vt 0.0164794922 0.422119141
vt 0.0164794922 0.422119141
vt 0.0164794922 0.422119141
vt 0.0164794922 0.422119141
vt 0.0164794922 0.422119141
vt 0.0151748657 0.453125
vt 0.0151748657 0.453125
vt 0.0151748657 0.453125
vt 0.0151748657 0.453125
vt 0.0151748657 0.453125
vt 0.0151748657 0.453125
vt 0.0152587891 0.450683594
vt 0.0152587891 0.450683594
vt 0.0152587891 0.450683594
vt 0.0152587891 0.450683594
vt 0.0152587891 0.450683594
vt 0.0152587891 0.450683594
vt 0.0152587891 0.450683594
vt 0.0152587891 0.450683594
vt 0.0152587891 0.450683594
vt 0.0152587891 0.450683594
vt 0.0152587891 0.450683594
vt 0.0152587891 0.450683594
vt 0.0152587891 0.450683594
vt 0.0152587891 0.450683594
vt 0.0152587891 0.450683594
vt 0.0152587891 0.450683594
vt 0.0152587891 0.450683594
vt 0.0152587891 0.450683594
vt 0.0152587891 0.450683594
vt 0.0152587891 0.450683594
vt 0.0152587891 0.450683594
vt 0.0152587891 0.450683594
vt 0.0152587891 0.450683594
vt 0.0152587891 0.450683594
vt 0.0152587891 0.450683594
vt 0.0152587891 0.450683594
vt 0.0152587891 0.450683594
vt 0.0152587891 0.450683594
vt 0.0152587891 0.450683594
vt 0.0152587891 0.450683594
vt 0.0152587891 0.450683594
vt 0.0152587891 0.450683594
vt 0.0152587891 0.450683594
vt 0.0152587891 0.450683594
vt 0.0152587891 0.450683594
vt 0.0152587891 0.450683594
vt 0.0152587891 0.450683594
vt 0.0152587891 0.450683594
vt 0.0152587891 0.450683594
vt 0.0152587891 0.450683594
vt 0.57421875 0.176025391
vt 0.57421875 0.176025391
vt 0.57421875 0.176025391
vt 0.57421875 0.176025391
vt 0.017578125 0.453125
vt 0.017578125 0.453125
vt 0.017578125 0.453125
vt 0.017578125 0.453125
vt 0.017578125 0.453125
vt 0.017578125 0.453125
vt 0.017578125 0.453125
vt 0.017578125 0.453125
vt 0.017578125 0.453125
vt 0.017578125 0.453125
vt 0.017578125 0.453125
vt 0.017578125 0.453125
vt 0.017578125 0.453125
vt 0.017578125 0.453125
vt 0.017578125 0.453125
vt 0.017578125 0.453125
vt 0.017578125 0.453125
vt 0.017578125 0.453125
vt 0.017578125 0.453125
vt 0.017578125 0.453125
vt 0.017578125 0.453125
vt 0.017578125 0.453125
vt 0.017578125 0.453125
vt 0.017578125 0.453125
vt 0.017578125 0.453125
vt 0.017578125 0.453125
vt 0.017578125 0.453125
vt 0.017578125 0.453125
vt 0.017578125 0.453125
vt 0.017578125 0.453125
vt 0.017578125 0.453125
vt 0.017578125 0.453125
vt 0.0152587891 0.450683594
vt 0.0152587891 0.450683594
vt 0.0152587891 0.450683594
vt 0.0152587891 0.450683594
vt 0.0152587891 0.450683594
vt 0.0152587891 0.450683594
vt 0.0152587891 0.450683594
vt 0.0152587891 0.450683594
vt 0.0152587891 0.450683594
vt 0.0152587891 0.450683594
vt 0.0152587891 0.450683594
vt 0.0152587891 0.450683594
vt 0.0152587891 0.450683594
vt 0.0152587891 0.450683594
vt 0.0152587891 0.450683594
vt 0.0152587891 0.450683594
vt 0.0152587891 0.450683594
vt 0.0152587891 0.450683594
vt 0.0152587891 0.450683594
vt 0.0152587891 0.450683594
vt 0.0152587891 0.450683594
vt 0.0152587891 0.450683594
vt 0.0152587891 0.450683594
vt 0.0152587891 0.450683594
vt 0.0152587891 0.450683594
vt 0.0152587891 0.450683594
vt 0.0152587891 0.450683594
vt 0.0152587891 0.450683594
vt 0.0152587891 0.450683594
vt 0.0152587891 0.450683594
vt 0.0152587891 0.450683594
vt 0.0152587891 0.450683594
vt 0.0152587891 0.450683594
vt 0.0152587891 0.450683594
vt 0.0152587891 0.450683594
vt 0.0152587891 0.450683594
vt 0.0152587891 0.450683594
vt 0.0152587891 0.450683594
vt 0.0152587891 0.450683594
vt 0.0152587891 0.450683594
vn -0.0676806346 -0.990299225 0.121353343
vn -0.0676806346 -0.990299225 0.121353343
vn -0.0676806346 -0.990299225 0.121353343
vn -0 1 0
vn -0 1 0
vn -0 1 0
vn -0 1 0
vn -0 1 0
vn 0.882828772 -0.170852542 -0.437519014
vn 0.882828772 -0.170852542 -0.437519014
vn 0.882828772 -0.170852542 -0.437519014
vn 0.553657472 -0.819402277 -0.148469657
vn 0.553657472 -0.819402277 -0.148469657
vn 0.553657472 -0.819402277 -0.148469657
vn 0.966187954 0.136133492 -0.218971729
vn 0.966187954 0.136133492 -0.218971729
vn 0.966187954 0.136133492 -0.218971729
vn 0.169007108 -0.780991435 -0.601239562
vn 0.169007108 -0.780991435 -0.601239562
vn 0.169007108 -0.780991435 -0.601239562
vn -0.0693909898 0.553709865 -0.829813421
vn -0.0693909898 0.553709865 -0.829813421
vn -0.0693909898 0.553709865 -0.829813421
vn 0.250941306 0.856470942 -0.45109424
vn 0.250941306 0.856470942 -0.45109424
vn 0.250941306 0.856470942 -0.45109424
vn 0.880470216 0.223621264 0.418049991
vn 0.880470216 0.223621264 0.418049991
vn 0.880470216 0.223621264 0.418049991
vn 0.33463189 -0.922341287 0.193153203
vn 0.33463189 -0.922341287 0.193153203
vn 0.33463189 -0.922341287 0.193153203
vn -0.202886283 -0.951247454 -0.232304722
vn -0.202886283 -0.951247454 -0.232304722
vn -0.202886283 -0.951247454 -0.232304722
vn -0.49094975 0.693844318 -0.526828587
vn -0.49094975 0.693844318 -0.526828587
vn -0.49094975 0.693844318 -0.526828587
vn -0.00553773623 0.987868488 -0.15519388
vn -0.00553773623 0.987868488 -0.15519388
vn -0.00553773623 0.987868488 -0.15519388
vn 0.490943134 -0.693853199 0.526823103
vn 0.490943134 -0.693853199 0.526823103
vn 0.490943134 -0.693853199 0.526823103
vn 0.00553797046 -0.987868488 0.155193985
vn 0.00553797046 -0.987868488 0.155193985
vn 0.00553797046 -0.987868488 0.155193985
vn -0.880467653 -0.223612234 -0.418060035
vn -0.880467653 -0.223612234 -0.418060035
vn -0.880467653 -0.223612234 -0.418060035
vn -0.334635973 0.922339737 -0.193153486
vn -0.334635973 0.922339737 -0.193153486
vn -0.334635973 0.922339737 -0.193153486
vn 0.202882946 0.95124948 0.232299224
vn 0.202882946 0.95124948 0.232299224
vn 0.202882946 0.95124948 0.232299224
vn 0.0693888366 -0.553711653 0.829812467
vn 0.0693888366 -0.553711653 0.829812467
vn 0.0693888366 -0.553711653 0.829812467
vn -0.250946343 -0.856467903 0.45109728
vn -0.250946343 -0.856467903 0.45109728
vn -0.250946343 -0.856467903 0.45109728
vn -0.966188371 -0.136119261 0.218978047
vn -0.966188371 -0.136119261 0.218978047
vn -0.966188371 -0.136119261 0.218978047
vn -0.553667963 0.819394231 0.148475587
vn -0.553667963 0.819394231 0.148475587
vn -0.553667963 0.819394231 0.148475587
vn -0.169009954 0.780986786 0.601244807
vn -0.169009954 0.780986786 0.601244807
vn -0.169009954 0.780986786 0.601244807
vn 0.673807442 -0.668881416 0.313976437
vn 0.666917205 -0.680666327 0.303174615
vn 0.673807442 -0.668881416 0.313976437
vn 0.673807442 -0.668881416 0.313976437
vn 0.673807442 -0.668881416 0.313976437
vn 0.680493414 -0.656893849 0.3246831
vn -0.0299839787 0.115298942 -0.992878139
vn -0.0299839787 0.115298942 -0.992878139
vn -0.0299839787 0.115298942 -0.992878139
vn 0.0343533047 -0.997892916 0.0550419651
vn 0.0343533047 -0.997892916 0.0550419651
vn 0.0343533047 -0.997892916 0.0550419651
vn 0.914507985 0.112931438 -0.388486385
vn 0.914507985 0.112931438 -0.388486385
vn 0.914507985 0.112931438 -0.388486385
vn -0.0676806346 0.990299225 0.121353343
vn -0.0676806346 0.990299225 0.121353343
vn -0.0676806346 0.990299225 0.121353343
vn 0.882828772 0.170852542 -0.437519014
vn 0.882828772 0.170852542 -0.437519014
vn 0.882828772 0.170852542 -0.437519014
vn 0.553657472 0.819402277 -0.148469672
vn 0.553657472 0.819402277 -0.148469672
vn 0.553657472 0.819402277 -0.148469672
vn 0.966187954 -0.136133492 -0.218971729
vn 0.966187954 -0.136133492 -0.218971729
vn 0.966187954 -0.136133492 -0.218971729
vn 0.169007108 0.780991435 -0.601239562
vn 0.169007108 0.780991435 -0.601239562
vn 0.169007108 0.780991435 -0.601239562
vn -0.0693909675 -0.553709805 -0.829813421
vn -0.0693909675 -0.553709805 -0.829813421
vn -0.0693909675 -0.553709805 -0.829813421
vn 0.250941306 -0.856470942 -0.45109424
vn 0.250941306 -0.856470942 -0.45109424
vn 0.250941306 -0.856470942 -0.45109424
vn 0.880470216 -0.223621264 0.418049991
vn 0.880470216 -0.223621264 0.418049991
vn 0.880470216 -0.223621264 0.418049991
vn 0.33463189 0.922341287 0.193153188
vn 0.33463189 0.922341287 0.193153188
vn 0.33463189 0.922341287 0.193153188
vn -0.202886283 0.951247454 -0.232304722
vn -0.202886283 0.951247454 -0.232304722
vn -0.202886283 0.951247454 -0.232304722
vn -0.49094975 -0.693844318 -0.526828587
vn -0.49094975 -0.693844318 -0.526828587
vn -0.49094975 -0.693844318 -0.526828587
vn -0.00553773623 -0.987868488 -0.15519388
vn -0.00553773623 -0.987868488 -0.15519388
vn -0.00553773623 -0.987868488 -0.15519388
vn 0.490943104 0.693853199 0.526823103
vn 0.490943104 0.693853199 0.526823103
vn 0.490943104 0.693853199 0.526823103
vn 0.00553796114 0.987868488 0.155193985
vn 0.00553796114 0.987868488 0.155193985
vn 0.00553796114 0.987868488 0.155193985
vn -0.880467653 0.223612234 -0.418060035
vn -0.880467653 0.223612234 -0.418060035
vn -0.880467653 0.223612234 -0.418060035
vn -0.334635973 -0.922339737 -0.193153486
vn -0.334635973 -0.922339737 -0.193153486
vn -0.334635973 -0.922339737 -0.193153486
vn 0.202882946 -0.95124948 0.232299253
vn 0.202882946 -0.95124948 0.232299253
vn 0.202882946 -0.95124948 0.232299253
vn 0.0693888515 0.553711653 0.829812467
vn 0.0693888515 0.553711653 0.829812467
vn 0.0693888515 0.553711653 0.829812467
vn -0.250946343 0.856467903 0.45109728
vn -0.250946343 0.856467903 0.45109728
vn -0.250946343 0.856467903 0.45109728
vn -0.966188371 0.136119261 0.218978047
vn -0.966188371 0.136119261 0.218978047
vn -0.966188371 0.136119261 0.218978047
vn -0.553667963 -0.819394231 0.148475587
vn -0.553667963 -0.819394231 0.148475587
vn -0.553667963 -0.819394231 0.148475587
vn -0.169009954 -0.780986786 0.601244807
vn -0.169009954 -0.780986786 0.601244807
vn -0.169009954 -0.780986786 0.601244807
vn 0.673807442 0.668881416 0.313976407
vn 0.673807442 0.668881416 0.313976407
vn 0.666917205 0.680666268 0.303174555
vn 0.673807442 0.668881416 0.313976407
vn 0.680493414 0.656893849 0.32468307
vn 0.673807442 0.668881416 0.313976407
vn -0.0299839973 -0.115298942 -0.992878139
vn -0.0299839973 -0.115298942 -0.992878139
vn -0.0299839973 -0.115298942 -0.992878139
vn 0.0343533047 0.997892916 0.0550419651
vn 0.0343533047 0.997892916 0.0550419651
vn 0.0343533047 0.997892916 0.0550419651
vn 0.914507985 -0.112931438 -0.388486385
vn 0.914507985 -0.112931438 -0.388486385
vn 0.914507985 -0.112931438 -0.388486385
vn -0.996651828 0 0.0817631632
vn -0.996651828 0 0.0817631632
vn -0.996651828 0 0.0817631632
vn -0.996651828 0 0.0817631632
vn -0.996651828 0 0.0817631632
vn -0.996651828 0 0.0817631632
vn 0.607245147 0 0.794514596
vn 0.607245147 0 0.794514596
vn 0.607245147 0 0.794514596
vn 0.607245147 0 0.794514596
vn 0.607245088 0 0.794514477
vn 0.607245088 0 0.794514477
vn -0.454562634 0 0.890714765
vn -0.454562634 0 0.890714765
vn -0.454562634 0 0.890714765
vn -0.454562634 0 0.890714765
vn -0.454562634 0 0.890714765
vn -0.454562634 0 0.890714765
vn 0.105315365 -0.9697842 0.220061988
vn 0.105315365 -0.9697842 0.220061988
vn 0.105315365 -0.9697842 0.220061988
vn 0.105315365 -0.9697842 0.220061988
vn 0.0175735261 -0.988887966 0.147620201
vn 0.0125899054 -0.990892529 0.134065196
vn 0.0125899054 -0.990892529 0.134065196
vn 0.0175735261 -0.988887966 0.147620201
vn 0.0225534085 -0.986673236 0.161143839
vn 0.0225534085 -0.986673236 0.161143839
vn 0.0203082841 -0.997110188 0.0732046664
vn 0.0203082841 -0.997110188 0.0732046664
vn 0.0203082841 -0.997110188 0.0732046664
vn 0.0203082841 -0.997110188 0.0732046664
vn 0.000630910683 -0.999999881 1.65124638E-05
vn 0.000850343495 -0.999999642 1.87451733E-05
vn 0.000630910683 -0.999999881 1.65124638E-05
vn 0.000850343495 -0.999999642 1.87451733E-05
vn -0.0156504568 -0.999877572 1.04904093E-05
vn -0.0156504568 -0.999877572 1.04904093E-05
vn -0.0422741808 -0.99910599 0
vn -0.0422741808 -0.99910599 0
vn -0.0521778986 -0.998637736 0
vn -0.0521778986 -0.998637736 0
vn -0.256310731 -0.957344651 -0.133402184
vn -0.256310731 -0.957344651 -0.133402184
vn -0.256310731 -0.957344651 -0.133402184
vn -0.256310731 -0.957344651 -0.133402184
vn -0.0294672456 -0.905701399 -0.422890812
vn -0.0351274684 -0.903520823 -0.427102089
vn -0.0294672456 -0.905701399 -0.422890812
vn -0.0351274684 -0.903520823 -0.427102089
vn -0.0407857746 -0.901290953 -0.43129012
vn -0.0407857746 -0.901290953 -0.43129012
vn 0.00269141095 -0.928302765 -0.371815383
vn 0.00269141095 -0.928302765 -0.371815383
vn 0.00269141095 -0.928302765 -0.371815383
vn 0.00269141095 -0.928302765 -0.371815383
vn -0.00242050923 -0.950260937 -0.311445385
vn -0.00242050923 -0.950260937 -0.311445385
vn -0.00242050923 -0.950260937 -0.311445385
vn -0.00242050923 -0.950260937 -0.311445385
vn 0.00824534055 -0.967134356 -0.254132062
vn 0.00824534055 -0.967134356 -0.254132062
vn 0.00824534055 -0.967134356 -0.254132062
vn 0.00824534055 -0.967134356 -0.254132062
vn 0.0193683505 -0.979712248 -0.199471235
vn 0.0193683505 -0.979712248 -0.199471235
vn 0.0193683505 -0.979712248 -0.199471235
vn 0.0193683505 -0.979712248 -0.199471235
vn -0.0329038538 -0.999207199 -0.0224119741
vn -0.0329038538 -0.999207199 -0.0224119741
vn -0.0329038538 -0.999207199 -0.0224119741
vn -0.0329038538 -0.999207199 -0.0224119741
vn 0.184747413 0.818180382 -0.544471502
vn 0.184747413 0.818180382 -0.544471502
vn 0.184747413 0.818180382 -0.544471502
vn 0.184747413 0.818180382 -0.544471502
vn 0.00122736162 0 0.999999285
vn 0.00122736162 0 0.999999285
vn 0.00122736162 0 0.999999285
vn 0.00122736162 0 0.999999285
vn 0.00122736162 0 0.999999285
vn 0.00122736173 0 0.999999285
vn -0.0636277869 0.00347646931 0.997967541
vn -0.0482753776 0 0.998834074
vn -0.0482753776 0 0.998834074
vn -0.0636277869 0.00347646931 0.997967541
vn -0.0649175495 0.00914375018 0.997848749
vn -0.0649175495 0.00914375018 0.997848749
vn -0.0543480702 0.0108425915 0.998463154
vn -0.0543480702 0.0108425915 0.998463154
vn -0.0489237718 0.00885166507 0.998763323
vn -0.0489237718 0.00885166507 0.998763323
vn -0.17252101 -0.98182559 -0.0790891424
vn -0.17252101 -0.98182559 -0.0790891424
vn -0.17252101 -0.98182559 -0.0790891424
vn -0.17252101 -0.98182559 -0.0790891424
vn -0.182129055 -0.926179111 -0.330183774
vn -0.182129055 -0.926179111 -0.330183774
vn -0.182129055 -0.926179111 -0.330183774
vn -0.182129055 -0.926179111 -0.330183774
vn -0.039175272 0 -0.999232292
vn -0.039175272 0 -0.999232292
vn -0.039175272 0 -0.999232292
vn -0.039175272 0 -0.999232292
vn -0.039175272 0 -0.999232292
vn -0.039175272 0 -0.999232292
vn 0.089027755 0 -0.996029139
vn 0.089027755 0 -0.996029139
vn 0.089027755 0 -0.996029139
vn 0.089027755 0 -0.996029139
vn 0.0890277624 0 -0.996029139
vn 0.0890277624 0 -0.996029139
vn 0.0890277624 0 -0.996029139
vn 0.925675154 0 -0.378319293
vn 0.925675154 0 -0.378319293
vn 0.925675154 0 -0.378319293
vn 0.925675154 0 -0.378319293
vn 0.925675154 0 -0.378319293
vn 0.925675154 0 -0.378319293
vn -0.310394049 -0.941716611 -0.129713207
vn -0.310394049 -0.941716611 -0.129713207
vn -0.310394049 -0.941716611 -0.129713207
vn -0.310394049 -0.941716611 -0.129713207
vn 0.0839478821 -0.982638717 0.16545026
vn 0.0839478821 -0.982638717 0.16545026
vn 0.0839478821 -0.982638717 0.16545026
vn 0.0839478821 -0.982638717 0.16545026
vn -0.635994077 -0.771050513 0.0315047838
vn -0.622466683 -0.781987131 0.032115005
vn -0.622466683 -0.781987131 0.032115005
vn -0.635994077 -0.771050513 0.0315047838
vn -0.649328828 -0.759880364 0.0308850165
vn -0.649328828 -0.759880364 0.0308850165
vn -0.365396053 -0.638196886 0.677635968
vn -0.365396053 -0.638196886 0.677635968
vn -0.365396053 -0.638196886 0.677635968
vn -0.365396053 -0.638196886 0.677635968
vn -0.280731112 -0.81023246 -0.514503121
vn -0.280731112 -0.81023246 -0.514503121
vn -0.280731112 -0.81023246 -0.514503121
vn -0.280731112 -0.81023246 -0.514503121
vn -0.00538351992 -0.777224839 -0.629199982
vn -0.00538351992 -0.777224839 -0.629199982
vn -0.00538351992 -0.777224839 -0.629199982
vn -0.00538351992 -0.777224839 -0.629199982
vn -0.0314861313 -0.743247271 -0.668275535
vn -0.0314861313 -0.743247271 -0.668275535
vn -0.0167106614 -0.745927215 -0.665817797
vn -0.0167106614 -0.745927215 -0.665817797
vn -0.00193132902 -0.748434484 -0.663205862
vn -0.00193132902 -0.748434484 -0.663205862
vn -0.00425263448 -0.704611897 -0.709580123
vn -0.00425263448 -0.704611897 -0.709580123
vn -0.00425263448 -0.704611897 -0.709580123
vn -0.00425263448 -0.704611897 -0.709580123
vn -0.00257461797 -0.693186641 -0.720753491
vn -0.00257461797 -0.693186641 -0.720753491
vn -0.0110684559 -0.695542812 -0.718399465
vn -0.0110684559 -0.695542812 -0.718399465
vn 0.0696308836 -0.502996027 -0.861479282
vn 0.0696308836 -0.502996027 -0.861479282
vn 0.0696308836 -0.502996027 -0.861479282
vn 0.0696308836 -0.502996027 -0.861479282
vn 0.259805053 -0.791229725 0.553585529
vn 0.259805053 -0.791229725 0.553585529
vn 0.259805053 -0.791229725 0.553585529
vn 0.259805053 -0.791229725 0.553585529
vn 0.0516577475 -0.873292089 0.484450519
vn 0.0516577475 -0.873292089 0.484450519
vn 0.0516577475 -0.873292089 0.484450519
vn 0.0516577475 -0.873292089 0.484450519
vn -0.0109773912 -0.845453203 0.53393656
vn -0.0109773912 -0.845453203 0.53393656
vn -0.00915082544 -0.839837551 0.54276067
vn -0.00915082544 -0.839837551 0.54276067
vn -0.00732322782 -0.834127188 0.551523566
vn -0.00732322782 -0.834127188 0.551523566
vn 0.00181884633 -0.890725493 0.454537988
vn 0.00181884633 -0.890725493 0.454537988
vn 0.00181884633 -0.890725493 0.454537988
vn 0.00181884633 -0.890725493 0.454537988
vn -0.0139992405 -0.957530618 0.287991345
vn -0.0139992405 -0.957530618 0.287991345
vn -0.0139992405 -0.957530618 0.287991345
vn -0.0139992405 -0.957530618 0.287991345
vn -0.0899042264 -0.776745677 0.623364508
vn -0.0899042264 -0.776745677 0.623364508
vn -0.0899042264 -0.776745677 0.623364508
vn -0.0899042264 -0.776745677 0.623364508
vn -0.221822187 -0.590919316 0.775634766
vn -0.221822187 -0.590919316 0.775634766
vn -0.221822187 -0.590919316 0.775634766
vn -0.221822187 -0.590919316 0.775634766
vn -0.137797207 -0.820496798 -0.55479455
vn -0.137797207 -0.820496798 -0.55479455
vn -0.137797207 -0.820496798 -0.55479455
vn -0.137797207 -0.820496798 -0.55479455
vn -0.103148751 -0.637791216 0.763271093
vn -0.103148751 -0.637791216 0.763271093
vn -0.103148751 -0.637791216 0.763271093
vn -0.103148751 -0.637791216 0.763271093
vn -0.999862432 0 -0.0165863298
vn -0.999862432 0 -0.0165863298
vn -0.999862432 0 -0.0165863298
vn -0.999862432 0 -0.0165863298
vn -0.999862432 0 -0.0165863298
vn -0.999862432 0 -0.0165863298
vn 0.723583758 -0.600854099 0.339707017
vn 0.723583758 -0.600854099 0.339707017
vn 0.723583758 -0.600854099 0.339707017
vn 0.723583758 -0.600854099 0.339707017
vn 0.122657783 -0.387146235 -0.913823307
vn 0.122657783 -0.387146235 -0.913823307
vn 0.122657783 -0.387146235 -0.913823307
vn 0.122657783 -0.387146235 -0.913823307
vn 0.144040003 0 -0.989571929
vn 0.144040003 0 -0.989571929
vn 0.144040003 0 -0.989571929
vn 0.144040003 0 -0.989571929
vn 0.144040033 0 -0.989571929
vn 0.144040033 0 -0.989571929
vn 0.144040033 0 -0.989571929
vn 0.889826119 0 0.456299752
vn 0.889826119 0 0.456299752
vn 0.889826119 0 0.456299752
vn 0.889826119 0 0.456299752
vn 0.889826119 0 0.456299782
vn 0.889826119 0 0.456299782
vn -0.321511269 -0.052802898 -0.945432425
vn -0.321511269 -0.052802898 -0.945432425
vn -0.321511269 -0.052802898 -0.945432425
vn -0.321511269 -0.052802898 -0.945432425
vn -0.0489237718 0.00885166507 0.998763323
vn -0.0489237718 0.00885166507 0.998763323
vn -0.0400055721 0.00735112047 0.999172449
vn -0.0400055721 0.00735112047 0.999172449
vn -0.323989749 -0.0798190609 0.942687452
vn -0.323989749 -0.0798190609 0.942687452
vn -0.323989749 -0.0798190609 0.942687452
vn -0.323989749 -0.0798190609 0.942687452
vn -0.218806341 -0.0456320085 0.974700749
vn -0.218806341 -0.0456320085 0.974700749
vn -0.218806341 -0.0456320085 0.974700749
vn -0.218806341 -0.0456320085 0.974700749
vn -0.0568114184 -0.0274515785 -0.998007476
vn -0.0568114184 -0.0274515785 -0.998007476
vn -0.0568114184 -0.0274515785 -0.998007476
vn -0.0568114184 -0.0274515785 -0.998007476
vn 0.0400921814 0 -0.999195993
vn 0.0400921814 0 -0.999195993
vn 0.0400921814 0 -0.999195993
vn 0.0400921814 0 -0.999195993
vn 0.0400921814 0 -0.999195993
vn 0.0400921814 0 -0.999195993
vn -0.115804553 0 0.993272007
vn -0.115804553 0 0.993272007
vn -0.115804553 0 0.993272007
vn -0.115804553 0 0.993272007
vn -0.0217995774 0 -0.999762356
vn -0.0217995774 0 -0.999762356
vn -0.0110477731 0 -0.999938965
vn -0.0110477731 0 -0.999938965
vn -0.0172158778 0 -0.999851823
vn -0.011047774 0 -0.999938965
vn -0.0217995793 0 -0.999762356
vn -0.0172158778 0 -0.999851823
vn -0.00834080949 0 -0.999965191
vn -0.0163863879 0 -0.99986577
vn -0.00374537171 0 -0.999992967
vn -0.00374537171 0 -0.999992967
vn -0.00374537171 0 -0.999992967
vn 0.00972581375 0 -0.999952674
vn 0.00972581375 0 -0.999952674
vn 0.00972581375 0 -0.999952674
vn -0.00417710934 -0.979187727 0.202913612
vn -0.00417710934 -0.979187727 0.202913612
vn -0.0127044832 -0.978354156 0.206547514
vn -0.0127044832 -0.978354156 0.206547514
vn -0.017581977 -0.97792995 0.208191857
vn -0.017581977 -0.97792995 0.208191857
vn -0.0285600033 -0.97726053 0.210109636
vn -0.0285600033 -0.97726053 0.210109636
vn -0.0431805402 -0.975888848 0.2139543
vn -0.0431805402 -0.975888848 0.2139543
vn -0.0776821002 -0.981253326 0.17637293
vn -0.0776821002 -0.981253326 0.17637293
vn -0.0776821002 -0.981253326 0.17637293
vn -0.0776821002 -0.981253326 0.17637293
vn -0.0117905894 -0.98863703 0.149859607
vn -0.00838750228 -0.990490198 0.137327805
vn -0.0117905894 -0.98863703 0.149859607
vn -0.00838750228 -0.990490198 0.137327805
vn -0.00498297252 -0.992172956 0.124772348
vn -0.00498297252 -0.992172956 0.124772348
vn -0.341724426 0.937232316 0.0694258213
vn -0.341724426 0.937232316 0.0694258213
vn -0.341724426 0.937232316 0.0694258213
vn -0.341724426 0.937232316 0.0694258213
vn -0 1 0
vn -0 1 0
vn -0 1 0
vn -0 1 0
vn 0.306177616 -0.948015094 -0.0867330506
vn 0.306177616 -0.948015094 -0.0867330506
vn 0.306177616 -0.948015094 -0.0867330506
vn 0.306177616 -0.948015094 -0.0867330506
vn -0 -1 0
vn -0 -1 0
vn -0 -1 0
vn -0 -1 0
vn 0.915112853 0.0651423559 0.39790076
vn 0.915112853 0.0651423559 0.39790076
vn 0.915112853 0.0651423559 0.39790076
vn 0.915112853 0.0651423559 0.39790076
vn -0.515536368 -0.0726501346 -0.853782356
vn -0.515536368 -0.0726501346 -0.853782356
vn -0.515536368 -0.0726501346 -0.853782356
vn -0.515536368 -0.0726501346 -0.853782356
vn 0.420895159 0.0301254336 -0.90660888
vn 0.420895159 0.0301254336 -0.90660888
vn 0.420895159 0.0301254336 -0.90660888
vn 0.420895159 0.0301254336 -0.90660888
vn 0.985612929 0.0702316612 -0.153735414
vn 0.985612929 0.0702316612 -0.153735414
vn 0.985612929 0.0702316612 -0.153735414
vn 0.985612929 0.0702316612 -0.153735414
vn -0.776597857 -0.546749115 0.312987536
vn -0.776597857 -0.546749115 0.312987536
vn -0.776597857 -0.546749115 0.312987536
vn -0.776597857 -0.546749115 0.312987536
vn 0.0489159673 0.0033205389 0.998797417
vn 0.0489159673 0.0033205389 0.998797417
vn 0.0489159673 0.0033205389 0.998797417
vn 0.0489159673 0.0033205389 0.998797417
vn 0.941615105 0 -0.33669132
vn 0.941615105 0 -0.33669135
vn 0.941615105 0 -0.33669135
vn 0.941615105 0 -0.33669132
vn 0.941615105 0 -0.33669132
vn 0.941615105 0 -0.33669132
vn 0.992959499 0 0.118454769
vn 0.992959499 0 0.118454754
vn 0.992959499 0 0.118454754
vn 0.992959499 0 0.118454769
vn 0.992959499 0 0.118454784
vn 0.992959499 0 0.118454784
vn 0.210652024 0 -0.977561057
vn 0.210652038 0 -0.977561057
vn 0.210652038 0 -0.977561057
vn 0.210652024 0 -0.977561057
vn 0.210652024 0 -0.977561057
vn 0.210652024 0 -0.977561057
vn -0.227904826 -0.352566928 0.907609999
vn -0.227904826 -0.352566928 0.907609999
vn -0.227904826 -0.352566928 0.907609999
vn -0.227904826 -0.352566928 0.907609999
vn -0.998038232 0 0.0626085326
vn -0.998038232 0 0.0626085326
vn -0.998038232 0 0.0626085326
vn -0.998038232 0 0.0626085326
vn -0.998038232 0 0.0626085326
vn -0.998038232 0 0.0626085326
vn 0.771961987 0 0.635668874
vn 0.771961987 0 0.635668874
vn 0.771961987 0 0.635668814
vn 0.771961987 0 0.635668814
vn 0.771961987 0 0.635668814
vn 0.771961987 0 0.635668814
vn 0.99643743 0 -0.0843359753
vn 0.99643743 0 -0.0843359753
vn 0.99643743 0 -0.0843359753
vn 0.99643743 0 -0.0843359753
vn 0.99643743 0 -0.0843359753
vn 0.99643743 0 -0.0843359753
vn -0 -1 0
vn -0 -1 0
vn -0 -1 0
vn -0 -1 0
vn -0 -1 0
vn -0 -1 0
vn -0 -1 0
vn -0 -1 0
vn -0.0676483884 0 -0.997709274
vn -0.0676483884 0 -0.997709274
vn -0.0676483884 0 -0.997709274
vn -0.0676483884 0 -0.997709274
vn -0.0676483884 0 -0.997709274
vn -0.0676483884 0 -0.997709274
vn 0.973272085 0 0.229655161
vn 0.973272085 0 0.229655161
vn 0.973272085 0 0.229655161
vn 0.973272085 0 0.229655161
vn 0.973272085 0 0.229655161
vn 0.973272085 0 0.229655161
vn -0.966847658 0 -0.255353957
vn -0.966847658 0 -0.255353928
vn -0.966847658 0 -0.255353928
vn -0.966847658 0 -0.255353957
vn -0.966847658 0 -0.255353957
vn -0.966847658 0 -0.255353957
vn 0.293255568 0 0.956034064
vn 0.293255597 0 0.956034064
vn 0.293255597 0 0.956034064
vn 0.293255568 0 0.956034064
vn 0.293255597 0 0.956034064
vn 0.293255597 0 0.956034064
vn -0.848947048 0 -0.528477907
vn -0.848947048 0 -0.528477907
vn -0.848947048 0 -0.528477907
vn -0.848947048 0 -0.528477907
vn -0.848947048 0 -0.528477907
vn -0.848947048 0 -0.528477907
vn -0.997487664 0 0.0708412603
vn -0.997487664 0 0.0708412603
vn -0.997487664 0 0.0708412603
vn -0.997487664 0 0.0708412603
vn -0.997487664 0 0.0708412603
vn -0.997487664 0 0.0708412603
vn 0.851597965 0 0.524195492
vn 0.851597965 0 0.524195492
vn 0.851597965 0 0.524195373
vn 0.851597965 0 0.524195373
vn 0.851597965 0 0.524195373
vn 0.851597965 0 0.524195373
vn 0.995435894 0 -0.0954327807
vn 0.995435894 0 -0.0954327807
vn 0.995435894 0 -0.0954327807
vn 0.995435894 0 -0.0954327807
vn 0.995435894 0 -0.0954327807
vn 0.995435894 0 -0.0954327807
vn -0 -1 0
vn -0 -1 0
vn -0 -1 0
vn -0 -1 0
vn -0 -1 0
vn -0 -1 0
vn -0 -1 0
vn -0 -1 0
vn -0.566968679 0 -0.82373935
vn -0.566968679 0 -0.82373935
vn -0.566968679 0 -0.82373935
vn -0.566968679 0 -0.82373935
vn -0.566968679 0 -0.82373935
vn -0.566968679 0 -0.82373935
vn 0.979557037 0 0.201166794
vn 0.979557037 0 0.201166794
vn 0.979557037 0 0.201166794
vn 0.979557037 0 0.201166794
vn 0.979557037 0 0.201166794
vn 0.979557037 0 0.201166794
vn -0.972518623 0 -0.232825071
vn -0.972518623 0 -0.232825071
vn -0.972518623 0 -0.232825071
vn -0.972518623 0 -0.232825071
vn -0.972518623 0 -0.232825071
vn -0.972518623 0 -0.232825071
vn 0.564628184 0 0.825345457
vn 0.564628184 0 0.825345457
vn 0.564628184 0 0.825345457
vn 0.564628184 0 0.825345457
vn 0.564628184 0 0.825345457
vn 0.564628184 0 0.825345457
vn -0.894651711 0 -0.446764201
vn -0.894651711 0 -0.446764201
vn -0.894651711 0 -0.446764201
vn -0.894651711 0 -0.446764201
vn -0.894651711 0 -0.446764201
vn -0.894651711 0 -0.446764201
vn -0.996895432 0 0.0787361041
vn -0.996895432 0 0.0787360966
vn -0.996895432 0 0.0787361041
vn -0.996895432 0 0.0787360966
vn -0.996895432 0 0.0787361041
vn -0.996895432 0 0.0787361041
vn 0.891356885 0 0.453302145
vn 0.891356885 0 0.453302145
vn 0.891356885 0 0.453302145
vn 0.891356885 0 0.453302145
vn 0.891356885 0 0.453302145
vn 0.891356885 0 0.453302145
vn 0.995038807 0 -0.0994873196
vn 0.995038807 0 -0.0994873196
vn 0.995038807 0 -0.0994873196
vn 0.995038807 0 -0.0994873196
vn 0.995038807 0 -0.0994873196
vn 0.995038807 0 -0.0994873196
vn -0 -1 0
vn -0 -1 0
vn -0 -1 0
vn -0 -1 0
vn -0 -1 0
vn -0 -1 0
vn -0 -1 0
vn -0 -1 0
vn -0.640474916 0 -0.767979085
vn -0.640474916 0 -0.767979085
vn -0.640474916 0 -0.767979085
vn -0.640474916 0 -0.767979085
vn -0.640474916 0 -0.767979085
vn -0.640474916 0 -0.767979085
vn 0.988530219 0 0.151023105
vn 0.988530219 0 0.151023105
vn 0.988530219 0 0.151023105
vn 0.988530219 0 0.151023105
vn 0.988530219 0 0.151023105
vn 0.988530219 0 0.151023105
vn -0.985020518 0 -0.1724374
vn -0.985020518 0 -0.1724374
vn -0.985020518 0 -0.1724374
vn -0.985020518 0 -0.1724374
vn -0.985020518 0 -0.1724374
vn -0.985020518 0 -0.1724374
vn 0.569421649 0 0.822045624
vn 0.569421649 0 0.822045624
vn 0.569421649 0 0.822045624
vn 0.569421649 0 0.822045624
vn 0.569421649 0 0.822045624
vn 0.569421649 0 0.822045624
vn -0.929026723 0 -0.370012522
vn -0.929026723 0 -0.370012492
vn -0.929026723 0 -0.370012492
vn -0.929026723 0 -0.370012522
vn -0.929026723 0 -0.370012522
vn -0.929026723 0 -0.370012522
vn -0.987575412 0 0.1571455
vn -0.987575412 0 0.157145485
vn -0.987575412 0 0.1571455
vn -0.987575412 0 0.157145485
vn -0.987575412 0 0.157145485
vn -0.987575412 0 0.157145485
vn 0.866504967 0 0.499168456
vn 0.866504967 0 0.499168456
vn 0.866504967 0 0.499168456
vn 0.866504967 0 0.499168456
vn 0.866504967 0 0.499168396
vn 0.866504967 0 0.499168396
vn 0.975613952 0 -0.219493285
vn 0.975613952 0 -0.219493285
vn 0.975613952 0 -0.219493285
vn 0.975613952 0 -0.219493285
vn 0.975613952 0 -0.219493285
vn 0.975613952 0 -0.219493285
vn -0 -1 0
vn -0 -1 0
vn -0 -1 0
vn -0 -1 0
vn -0 -1 0
vn -0 -1 0
vn -0 -1 0
vn -0 -1 0
vn -0.628997207 0 -0.777407527
vn -0.628997207 0 -0.777407587
vn -0.628997207 0 -0.777407587
vn -0.628997207 0 -0.777407527
vn -0.628997207 0 -0.777407587
vn -0.628997207 0 -0.777407587
vn 0.995306671 0 0.0967706367
vn 0.995306671 0 0.0967706367
vn 0.995306671 0 0.0967706367
vn 0.995306671 0 0.0967706367
vn 0.995306671 0 0.0967706367
vn 0.995306671 0 0.0967706367
vn -0.995812833 0 -0.0914153606
vn -0.995812833 0 -0.0914153606
vn -0.995812833 0 -0.0914153606
vn -0.995812833 0 -0.0914153606
vn -0.995812833 0 -0.0914153606
vn -0.995812833 0 -0.0914153606
vn 0.599264205 0 0.800551295
vn 0.599264264 0 0.800551295
vn 0.599264264 0 0.800551295
vn 0.599264205 0 0.800551295
vn 0.599264145 0 0.800551355
vn 0.599264145 0 0.800551355
vn -0.89017427 0 -0.455620199
vn -0.89017427 0 -0.455620199
vn -0.89017427 0 -0.455620199
vn -0.89017427 0 -0.455620199
vn -0.89017427 0 -0.455620199
vn -0.89017427 0 -0.455620199
vn -0.629438877 0.772273481 0.0860255584
vn -0.629438877 0.772273481 0.0860255584
vn -0.629438877 0.772273481 0.0860255584
vn -0.629438877 0.772273481 0.0860255584
vn -0.452288747 0.840665281 0.297853589
vn -0.452288747 0.840665281 0.297853589
vn -0.452288747 0.840665281 0.297853589
vn -0.452288747 0.840665281 0.297853589
vn 0.645260155 -0.746080399 -0.164326772
vn 0.645260155 -0.746080399 -0.164326772
vn 0.645260155 -0.746080399 -0.164326772
vn 0.645260155 -0.746080399 -0.164326772
vn 0.452290535 -0.840665102 -0.297851503
vn 0.452290535 -0.840665102 -0.297851503
vn 0.452290535 -0.840665102 -0.297851503
vn 0.452290535 -0.840665102 -0.297851503
vn -0.589805782 -0.0929427147 0.802178681
vn -0.589805782 -0.0929427147 0.802178681
vn -0.589805782 -0.0929427147 0.802178681
vn -0.589805782 -0.0929427147 0.802178681
vn 0.662442386 0.0208322071 -0.748823106
vn 0.662442386 0.0208322071 -0.748823106
vn 0.662442386 0.0208322071 -0.748823106
vn 0.662442386 0.0208322071 -0.748823106
vn 0.877810001 0.0487328097 -0.476523459
vn 0.877810001 0.0487328097 -0.476523459
vn 0.877810001 0.0487328097 -0.476523459
vn 0.877810001 0.0487328097 -0.476523459
vn 0.836859047 -0.0779628009 0.541838229
vn 0.836859047 -0.0779628009 0.541838229
vn 0.836859047 -0.0779628009 0.541838229
vn 0.836859047 -0.0779628009 0.541838229
vn -0.175569803 -0.457952678 -0.871466994
vn -0.175569803 -0.457952678 -0.871466994
vn -0.175569803 -0.457952678 -0.871466994
vn -0.175569803 -0.457952678 -0.871466994
vn -0.77089721 -0.0971847922 0.629501879
vn -0.77089721 -0.0971847922 0.629501879
vn -0.77089721 -0.0971847922 0.629501879
vn -0.77089721 -0.0971847922 0.629501879
vn 0.105315372 0.9697842 0.220061973
vn 0.105315372 0.9697842 0.220061973
vn 0.105315372 0.9697842 0.220061973
vn 0.105315372 0.9697842 0.220061973
vn 0.0175735261 0.988887966 0.147620171
vn 0.0125899054 0.990892529 0.134065196
vn 0.0125899054 0.990892529 0.134065196
vn 0.0175735261 0.988887966 0.147620171
vn 0.0225534122 0.986673236 0.16114381
vn 0.0225534122 0.986673236 0.16114381
vn 0.0203082804 0.997110188 0.0732046887
vn 0.0203082804 0.997110188 0.0732046887
vn 0.0203082804 0.997110188 0.0732046887
vn 0.0203082804 0.997110188 0.0732046887
vn 0.000630910683 0.999999881 1.65124202E-05
vn 0.000630910683 0.999999881 1.65124202E-05
vn 0.000850343436 0.999999642 1.87452151E-05
vn 0.000850343436 0.999999642 1.87452151E-05
vn -0.0156504568 0.999877572 1.0490473E-05
vn -0.0156504568 0.999877572 1.0490473E-05
vn -0.0422741808 0.99910599 0
vn -0.0422741808 0.99910599 0
vn -0.0521778986 0.998637736 0
vn -0.0521778986 0.998637736 0
vn -0.256310731 0.957344651 -0.133402154
vn -0.256310731 0.957344651 -0.133402154
vn -0.256310731 0.957344651 -0.133402154
vn -0.256310731 0.957344651 -0.133402154
vn -0.0294672456 0.905701399 -0.422890812
vn -0.0294672456 0.905701399 -0.422890812
vn -0.0351274684 0.903520823 -0.427102089
vn -0.0351274684 0.903520823 -0.427102089
vn -0.0407857709 0.901290953 -0.43129006
vn -0.0407857709 0.901290953 -0.43129006
vn 0.00269141165 0.928302765 -0.371815383
vn 0.00269141165 0.928302765 -0.371815383
vn 0.00269141165 0.928302765 -0.371815383
vn 0.00269141165 0.928302765 -0.371815383
vn -0.00242050504 0.950260937 -0.311445385
vn -0.00242050504 0.950260937 -0.311445385
vn -0.00242050504 0.950260937 -0.311445385
vn -0.00242050504 0.950260937 -0.311445385
vn 0.00824534055 0.967134356 -0.254132062
vn 0.00824534055 0.967134356 -0.254132062
vn 0.00824534055 0.967134356 -0.254132062
vn 0.00824534055 0.967134356 -0.254132062
vn 0.019368358 0.979712248 -0.19947125
vn 0.019368358 0.979712248 -0.19947125
vn 0.019368358 0.979712248 -0.19947125
vn 0.019368358 0.979712248 -0.19947125
vn -0.0329038501 0.999207199 -0.0224119741
vn -0.0329038501 0.999207199 -0.0224119741
vn -0.0329038501 0.999207199 -0.0224119741
vn -0.0329038501 0.999207199 -0.0224119741
vn 0.184747458 -0.818180442 -0.544471383
vn 0.184747458 -0.818180442 -0.544471383
vn 0.184747458 -0.818180442 -0.544471383
vn 0.184747458 -0.818180442 -0.544471383
vn -0.0636277869 -0.00347646978 0.997967541
vn -0.0482753776 0 0.998834074
vn -0.0482753776 0 0.998834074
vn -0.0636277869 -0.00347646978 0.997967541
vn -0.0649175495 -0.00914375111 0.997848749
vn -0.0649175495 -0.00914375111 0.997848749
vn -0.0543480702 -0.0108425925 0.998463154
vn -0.0543480702 -0.0108425925 0.998463154
vn -0.0489237718 -0.00885166507 0.998763323
vn -0.0489237718 -0.00885166507 0.998763323
vn -0.172521025 0.98182559 -0.0790891498
vn -0.172521025 0.98182559 -0.0790891498
vn -0.172521025 0.98182559 -0.0790891498
vn -0.172521025 0.98182559 -0.0790891498
vn -0.182129055 0.926179111 -0.330183744
vn -0.182129055 0.926179111 -0.330183744
vn -0.182129055 0.926179111 -0.330183744
vn -0.182129055 0.926179111 -0.330183744
vn -0.310394049 0.941716611 -0.129713207
vn -0.310394049 0.941716611 -0.129713207
vn -0.310394049 0.941716611 -0.129713207
vn -0.310394049 0.941716611 -0.129713207
vn 0.0839478895 0.982638717 0.165450275
vn 0.0839478895 0.982638717 0.165450275
vn 0.0839478895 0.982638717 0.165450275
vn 0.0839478895 0.982638717 0.165450275
vn -0.635994077 0.771050513 0.0315047614
vn -0.622466683 0.781987131 0.0321149863
vn -0.622466683 0.781987131 0.0321149863
vn -0.635994077 0.771050513 0.0315047614
vn -0.649328828 0.759880364 0.0308849998
vn -0.649328828 0.759880364 0.0308849998
vn -0.365396053 0.638196945 0.677635849
vn -0.365396053 0.638196945 0.677635849
vn -0.365396053 0.638196945 0.677635849
vn -0.365396053 0.638196945 0.677635849
vn -0.280731142 0.810232401 -0.514503241
vn -0.280731142 0.810232401 -0.514503241
vn -0.280731142 0.810232401 -0.514503241
vn -0.280731142 0.810232401 -0.514503241
vn -0.00538351201 0.777224839 -0.629199982
vn -0.00538351201 0.777224839 -0.629199982
vn -0.00538351201 0.777224839 -0.629199982
vn -0.00538351201 0.777224839 -0.629199982
vn -0.0314861313 0.743247271 -0.668275595
vn -0.0167106614 0.745927215 -0.665817797
vn -0.0314861313 0.743247271 -0.668275595
vn -0.0167106614 0.745927215 -0.665817797
vn -0.00193132926 0.748434484 -0.663205862
vn -0.00193132926 0.748434484 -0.663205862
vn -0.00425263355 0.704611838 -0.709580123
vn -0.00425263355 0.704611838 -0.709580123
vn -0.00425263355 0.704611838 -0.709580123
vn -0.00257461588 0.693186641 -0.720753491
vn -0.00425263355 0.704611838 -0.709580123
vn -0.00257461588 0.693186641 -0.720753491
vn -0.0110684512 0.695542812 -0.718399465
vn -0.0110684512 0.695542812 -0.718399465
vn 0.0696308836 0.502996027 -0.861479282
vn 0.0696308836 0.502996027 -0.861479282
vn 0.0696308836 0.502996027 -0.861479282
vn 0.0696308836 0.502996027 -0.861479282
vn 0.259805024 0.791229665 0.553585529
vn 0.259805024 0.791229665 0.553585529
vn 0.259805024 0.791229665 0.553585529
vn 0.259805024 0.791229665 0.553585529
vn 0.0516577587 0.873292208 0.48445043
vn 0.0516577587 0.873292208 0.48445043
vn 0.0516577587 0.873292208 0.48445043
vn 0.0516577587 0.873292208 0.48445043
vn -0.0109773958 0.845453322 0.53393656
vn -0.0091508273 0.839837551 0.54276067
vn -0.0109773958 0.845453322 0.53393656
vn -0.0091508273 0.839837551 0.54276067
vn -0.00732322782 0.834127188 0.551523566
vn -0.00732322782 0.834127188 0.551523566
vn 0.00181884237 0.890725493 0.454537988
vn 0.00181884237 0.890725493 0.454537988
vn 0.00181884237 0.890725493 0.454537988
vn 0.00181884237 0.890725493 0.454537988
vn -0.0139992423 0.957530618 0.287991315
vn -0.0139992423 0.957530618 0.287991315
vn -0.0139992423 0.957530618 0.287991315
vn -0.0139992423 0.957530618 0.287991315
vn -0.0899042264 0.776745617 0.623364568
vn -0.0899042264 0.776745617 0.623364568
vn -0.0899042264 0.776745617 0.623364568
vn -0.0899042264 0.776745617 0.623364568
vn -0.221822187 0.590919316 0.775634766
vn -0.221822187 0.590919316 0.775634766
vn -0.221822187 0.590919316 0.775634766
vn -0.221822187 0.590919316 0.775634766
vn -0.137797207 0.820496798 -0.55479455
vn -0.137797207 0.820496798 -0.55479455
vn -0.137797207 0.820496798 -0.55479455
vn -0.137797207 0.820496798 -0.55479455
vn -0.103148758 0.637791336 0.763271034
vn -0.103148758 0.637791336 0.763271034
vn -0.103148758 0.637791336 0.763271034
vn -0.103148758 0.637791336 0.763271034
vn 0.723583817 0.600854039 0.339706987
vn 0.723583817 0.600854039 0.339706987
vn 0.723583817 0.600854039 0.339706987
vn 0.723583817 0.600854039 0.339706987
vn 0.122657783 0.387146235 -0.913823307
vn 0.122657783 0.387146235 -0.913823307
vn 0.122657783 0.387146235 -0.913823307
vn 0.122657783 0.387146235 -0.913823307
vn -0.321511239 0.052802898 -0.945432425
vn -0.321511239 0.052802898 -0.945432425
vn -0.321511239 0.052802898 -0.945432425
vn -0.321511239 0.052802898 -0.945432425
vn -0.0489237718 -0.00885166507 0.998763323
vn -0.0400055721 -0.00735112047 0.999172449
vn -0.0400055721 -0.00735112047 0.999172449
vn -0.0489237718 -0.00885166507 0.998763323
vn -0.323989719 0.0798190758 0.942687452
vn -0.323989719 0.0798190758 0.942687452
vn -0.323989719 0.0798190758 0.942687452
vn -0.323989719 0.0798190758 0.942687452
vn -0.218806341 0.0456320085 0.974700749
vn -0.218806341 0.0456320085 0.974700749
vn -0.218806341 0.0456320085 0.974700749
vn -0.218806341 0.0456320085 0.974700749
vn -0.0568114258 0.0274515785 -0.998007476
vn -0.0568114258 0.0274515785 -0.998007476
vn -0.0568114258 0.0274515785 -0.998007476
vn -0.0568114258 0.0274515785 -0.998007476
vn -0.11580456 0 0.993272007
vn -0.11580456 0 0.993272007
vn -0.11580456 0 0.993272007
vn -0.11580456 0 0.993272007
vn -0.00417710934 0.979187727 0.202913612
vn -0.0127044842 0.978354156 0.206547514
vn -0.00417710934 0.979187727 0.202913612
vn -0.0127044842 0.978354156 0.206547514
vn -0.0175819788 0.97792995 0.208191872
vn -0.0175819788 0.97792995 0.208191872
vn -0.0285600051 0.97726053 0.210109666
vn -0.0285600051 0.97726053 0.210109666
vn -0.0431805365 0.975888729 0.2139543
vn -0.0431805365 0.975888729 0.2139543
vn -0.0776821002 0.981253326 0.17637293
vn -0.0776821002 0.981253326 0.17637293
vn -0.0776821002 0.981253326 0.17637293
vn -0.0776821002 0.981253326 0.17637293
vn -0.0117905885 0.98863703 0.149859607
vn -0.0117905885 0.98863703 0.149859607
vn -0.00838750228 0.990490198 0.13732779
vn -0.00838750228 0.990490198 0.13732779
vn -0.00498297252 0.992172956 0.124772348
vn -0.00498297252 0.992172956 0.124772348
vn -0.341724366 -0.937232316 0.069425866
vn -0.341724366 -0.937232316 0.069425866
vn -0.341724366 -0.937232316 0.069425866
vn -0.341724366 -0.937232316 0.069425866
vn -0 -1 0
vn -0 -1 0
vn -0 -1 0
vn -0 -1 0
vn 0.306177616 0.948015094 -0.0867330879
vn 0.306177616 0.948015094 -0.0867330879
vn 0.306177616 0.948015094 -0.0867330879
vn 0.306177616 0.948015094 -0.0867330879
vn -0 1 0
vn -0 1 0
vn -0 1 0
vn -0 1 0
vn 0.915112853 -0.0651423708 0.39790076
vn 0.915112853 -0.0651423708 0.39790076
vn 0.915112853 -0.0651423708 0.39790076
vn 0.915112853 -0.0651423708 0.39790076
vn -0.515535355 0.072650142 -0.853782892
vn -0.515535355 0.072650142 -0.853782892
vn -0.515535355 0.072650142 -0.853782892
vn -0.515535355 0.072650142 -0.853782892
vn 0.420895249 -0.0301254615 -0.90660888
vn 0.420895249 -0.0301254615 -0.90660888
vn 0.420895249 -0.0301254615 -0.90660888
vn 0.420895249 -0.0301254615 -0.90660888
vn 0.985612929 -0.0702316612 -0.153735414
vn 0.985612929 -0.0702316612 -0.153735414
vn 0.985612929 -0.0702316612 -0.153735414
vn 0.985612929 -0.0702316612 -0.153735414
vn -0.776597619 0.546749353 0.312987685
vn -0.776597619 0.546749353 0.312987685
vn -0.776597619 0.546749353 0.312987685
vn -0.776597619 0.546749353 0.312987685
vn 0.0489159338 -0.00332053518 0.998797417
vn 0.0489159338 -0.00332053518 0.998797417
vn 0.0489159338 -0.00332053518 0.998797417
vn 0.0489159338 -0.00332053518 0.998797417
vn -0.227904826 0.352566928 0.907609999
vn -0.227904826 0.352566928 0.907609999
vn -0.227904826 0.352566928 0.907609999
vn -0.227904826 0.352566928 0.907609999
vn -0 1 0
vn -0 1 0
vn -0 1 0
vn -0 1 0
vn -0 1 0
vn -0 1 0
vn -0 1 0
vn -0 1 0
vn -0 1 0
vn -0 1 0
vn -0 1 0
vn -0 1 0
vn -0 1 0
vn -0 1 0
vn -0 1 0
vn -0 1 0
vn -0 1 0
vn -0 1 0
vn -0 1 0
vn -0 1 0
vn -0 1 0
vn -0 1 0
vn -0 1 0
vn -0 1 0
vn -0 1 0
vn -0 1 0
vn -0 1 0
vn -0 1 0
vn -0 1 0
vn -0 1 0
vn -0 1 0
vn -0 1 0
vn -0.629438937 -0.772273481 0.0860255808
vn -0.629438937 -0.772273481 0.0860255808
vn -0.629438937 -0.772273481 0.0860255808
vn -0.629438937 -0.772273481 0.0860255808
vn -0.452288747 -0.8406654 0.297853589
vn -0.452288747 -0.8406654 0.297853589
vn -0.452288747 -0.8406654 0.297853589
vn -0.452288747 -0.8406654 0.297853589
vn 0.645260274 0.746080339 -0.164326906
vn 0.645260274 0.746080339 -0.164326906
vn 0.645260274 0.746080339 -0.164326906
vn 0.645260274 0.746080339 -0.164326906
vn 0.452290565 0.840665042 -0.297851562
vn 0.452290565 0.840665042 -0.297851562
vn 0.452290565 0.840665042 -0.297851562
vn 0.452290565 0.840665042 -0.297851562
vn -0.589805782 0.092942737 0.802178741
vn -0.589805782 0.092942737 0.802178741
vn -0.589805782 0.092942737 0.802178741
vn -0.589805782 0.092942737 0.802178741
vn 0.662442267 -0.0208321083 -0.748823285
vn 0.662442267 -0.0208321083 -0.748823285
vn 0.662442267 -0.0208321083 -0.748823285
vn 0.662442267 -0.0208321083 -0.748823285
vn 0.877810001 -0.0487329066 -0.476523399
vn 0.877810001 -0.0487329066 -0.476523399
vn 0.877810001 -0.0487329066 -0.476523399
vn 0.877810001 -0.0487329066 -0.476523399
vn 0.836859047 0.0779628232 0.541838229
vn 0.836859047 0.0779628232 0.541838229
vn 0.836859047 0.0779628232 0.541838229
vn 0.836859047 0.0779628232 0.541838229
vn -0.175571337 0.45795238 -0.871466815
vn -0.175571337 0.45795238 -0.871466815
vn -0.175571337 0.45795238 -0.871466815
vn -0.175571337 0.45795238 -0.871466815
vn -0.770897329 0.0971849039 0.62950176
vn -0.770897329 0.0971849039 0.62950176
vn -0.770897329 0.0971849039 0.62950176
vn -0.770897329 0.0971849039 0.62950176
g Oarfish_0
f 3/3/3 2/2/2 1/1/1
f 6/6/6 5/5/5 4/4/4
f 8/8/8 7/7/7 6/6/6
f 11/11/11 10/10/10 9/9/9
f 14/14/14 13/13/13 12/12/12
f 17/17/17 16/16/16 15/15/15
f 20/20/20 19/19/19 18/18/18
f 23/23/23 22/22/22 21/21/21
f 26/26/26 25/25/25 24/24/24
f 29/29/29 28/28/28 27/27/27
f 32/32/32 31/31/31 30/30/30
f 35/35/35 34/34/34 33/33/33
f 38/38/38 37/37/37 36/36/36
f 41/41/41 40/40/40 39/39/39
f 44/44/44 43/43/43 42/42/42
f 47/47/47 46/46/46 45/45/45
f 50/50/50 49/49/49 48/48/48
f 53/53/53 52/52/52 51/51/51
f 56/56/56 55/55/55 54/54/54
f 59/59/59 58/58/58 57/57/57
f 62/62/62 61/61/61 60/60/60
f 65/65/65 64/64/64 63/63/63
f 68/68/68 67/67/67 66/66/66
f 71/71/71 70/70/70 69/69/69
f 74/74/74 73/73/73 72/72/72
f 77/77/77 76/76/76 75/75/75
f 80/80/80 79/79/79 78/78/78
f 83/83/83 82/82/82 81/81/81
f 86/86/86 85/85/85 84/84/84
f 89/89/89 88/88/88 87/87/87
f 92/92/92 91/91/91 90/90/90
f 95/95/95 94/94/94 93/93/93
f 98/98/98 97/97/97 96/96/96
f 101/101/101 100/100/100 99/99/99
f 104/104/104 103/103/103 102/102/102
f 107/107/107 106/106/106 105/105/105
f 110/110/110 109/109/109 108/108/108
f 113/113/113 112/112/112 111/111/111
f 116/116/116 115/115/115 114/114/114
f 119/119/119 118/118/118 117/117/117
f 122/122/122 121/121/121 120/120/120
f 125/125/125 124/124/124 123/123/123
f 128/128/128 127/127/127 126/126/126
f 131/131/131 130/130/130 129/129/129
f 134/134/134 133/133/133 132/132/132
f 137/137/137 136/136/136 135/135/135
f 140/140/140 139/139/139 138/138/138
f 143/143/143 142/142/142 141/141/141
f 146/146/146 145/145/145 144/144/144
f 149/149/149 148/148/148 147/147/147
f 152/152/152 151/151/151 150/150/150
f 155/155/155 154/154/154 153/153/153
f 158/158/158 157/157/157 156/156/156
f 161/161/161 160/160/160 159/159/159
f 164/164/164 163/163/163 162/162/162
f 167/167/167 166/166/166 165/165/165
f 170/170/170 169/169/169 168/168/168
f 169/169/169 171/171/171 168/168/168
f 171/171/171 169/169/169 172/172/172
f 169/169/169 173/173/173 172/172/172
f 176/176/176 175/175/175 174/174/174
f 177/177/177 176/176/176 174/174/174
f 178/178/178 177/177/177 174/174/174
f 179/179/179 178/178/178 174/174/174
f 182/182/182 181/181/181 180/180/180
f 183/183/183 182/182/182 180/180/180
f 182/182/182 183/183/183 184/184/184
f 185/185/185 182/182/182 184/184/184
f 188/188/188 187/187/187 186/186/186
f 189/189/189 188/188/188 186/186/186
f 192/192/192 191/191/191 190/190/190
f 193/193/193 192/192/192 190/190/190
f 193/193/193 190/190/190 194/194/194
f 195/195/195 193/193/193 194/194/194
f 198/198/198 197/197/197 196/196/196
f 199/199/199 198/198/198 196/196/196
f 202/202/202 201/201/201 200/200/200
f 201/201/201 203/203/203 200/200/200
f 201/201/201 204/204/204 203/203/203
f 204/204/204 205/205/205 203/203/203
f 204/204/204 206/206/206 205/205/205
f 206/206/206 207/207/207 205/205/205
f 206/206/206 208/208/208 207/207/207
f 208/208/208 209/209/209 207/207/207
f 212/212/212 211/211/211 210/210/210
f 213/213/213 212/212/212 210/210/210
f 216/216/216 215/215/215 214/214/214
f 215/215/215 217/217/217 214/214/214
f 215/215/215 218/218/218 217/217/217
f 218/218/218 219/219/219 217/217/217
f 222/222/222 221/221/221 220/220/220
f 223/223/223 222/222/222 220/220/220
f 226/226/226 225/225/225 224/224/224
f 227/227/227 226/226/226 224/224/224
f 230/230/230 229/229/229 228/228/228
f 231/231/231 230/230/230 228/228/228
f 234/234/234 233/233/233 232/232/232
f 235/235/235 234/234/234 232/232/232
f 238/238/238 237/237/237 236/236/236
f 239/239/239 238/238/238 236/236/236
f 242/242/242 241/241/241 240/240/240
f 243/243/243 242/242/242 240/240/240
f 246/246/246 245/245/245 244/244/244
f 244/244/244 247/247/247 246/246/246
f 248/248/248 246/246/246 247/247/247
f 247/247/247 249/249/249 248/248/248
f 252/252/252 251/251/251 250/250/250
f 251/251/251 253/253/253 250/250/250
f 250/250/250 253/253/253 254/254/254
f 253/253/253 255/255/255 254/254/254
f 256/256/256 254/254/254 255/255/255
f 257/257/257 256/256/256 255/255/255
f 258/258/258 256/256/256 257/257/257
f 259/259/259 258/258/258 257/257/257
f 262/262/262 261/261/261 260/260/260
f 263/263/263 262/262/262 260/260/260
f 266/266/266 265/265/265 264/264/264
f 267/267/267 266/266/266 264/264/264
f 270/270/270 269/269/269 268/268/268
f 271/271/271 270/270/270 268/268/268
f 272/272/272 271/271/271 268/268/268
f 273/273/273 272/272/272 268/268/268
f 276/276/276 275/275/275 274/274/274
f 277/277/277 276/276/276 274/274/274
f 279/279/279 278/278/278 274/274/274
f 280/280/280 279/279/279 274/274/274
f 283/283/283 282/282/282 281/281/281
f 284/284/284 283/283/283 281/281/281
f 285/285/285 284/284/284 281/281/281
f 286/286/286 285/285/285 281/281/281
f 289/289/289 288/288/288 287/287/287
f 290/290/290 289/289/289 287/287/287
f 293/293/293 292/292/292 291/291/291
f 294/294/294 293/293/293 291/291/291
f 297/297/297 296/296/296 295/295/295
f 296/296/296 298/298/298 295/295/295
f 295/295/295 298/298/298 299/299/299
f 298/298/298 300/300/300 299/299/299
f 303/303/303 302/302/302 301/301/301
f 304/304/304 303/303/303 301/301/301
f 307/307/307 306/306/306 305/305/305
f 308/308/308 307/307/307 305/305/305
f 311/311/311 310/310/310 309/309/309
f 312/312/312 311/311/311 309/309/309
f 315/315/315 314/314/314 313/313/313
f 316/316/316 315/315/315 313/313/313
f 317/317/317 315/315/315 316/316/316
f 318/318/318 317/317/317 316/316/316
f 319/319/319 317/317/317 318/318/318
f 320/320/320 319/319/319 318/318/318
f 323/323/323 322/322/322 321/321/321
f 324/324/324 323/323/323 321/321/321
f 325/325/325 323/323/323 324/324/324
f 326/326/326 325/325/325 324/324/324
f 329/329/329 328/328/328 327/327/327
f 330/330/330 329/329/329 327/327/327
f 333/333/333 332/332/332 331/331/331
f 334/334/334 333/333/333 331/331/331
f 337/337/337 336/336/336 335/335/335
f 338/338/338 337/337/337 335/335/335
f 341/341/341 340/340/340 339/339/339
f 342/342/342 341/341/341 339/339/339
f 343/343/343 341/341/341 342/342/342
f 344/344/344 343/343/343 342/342/342
f 347/347/347 346/346/346 345/345/345
f 348/348/348 347/347/347 345/345/345
f 351/351/351 350/350/350 349/349/349
f 352/352/352 351/351/351 349/349/349
f 355/355/355 354/354/354 353/353/353
f 356/356/356 355/355/355 353/353/353
f 359/359/359 358/358/358 357/357/357
f 360/360/360 359/359/359 357/357/357
f 363/363/363 362/362/362 361/361/361
f 364/364/364 363/363/363 361/361/361
f 367/367/367 366/366/366 365/365/365
f 368/368/368 367/367/367 365/365/365
f 371/371/371 370/370/370 369/369/369
f 370/370/370 372/372/372 369/369/369
f 372/372/372 370/370/370 373/373/373
f 370/370/370 374/374/374 373/373/373
f 377/377/377 376/376/376 375/375/375
f 378/378/378 377/377/377 375/375/375
f 381/381/381 380/380/380 379/379/379
f 382/382/382 381/381/381 379/379/379
f 385/385/385 384/384/384 383/383/383
f 386/386/386 385/385/385 383/383/383
f 388/388/388 386/386/386 387/387/387
f 389/389/389 388/388/388 387/387/387
f 392/392/392 391/391/391 390/390/390
f 393/393/393 392/392/392 390/390/390
f 394/394/394 393/393/393 390/390/390
f 395/395/395 394/394/394 390/390/390
f 398/398/398 397/397/397 396/396/396
f 399/399/399 398/398/398 396/396/396
f 402/402/402 401/401/401 400/400/400
f 403/403/403 402/402/402 400/400/400
f 406/406/406 405/405/405 404/404/404
f 407/407/407 406/406/406 404/404/404
f 410/410/410 409/409/409 408/408/408
f 411/411/411 410/410/410 408/408/408
f 414/414/414 413/413/413 412/412/412
f 415/415/415 414/414/414 412/412/412
f 418/418/418 417/417/417 416/416/416
f 419/419/419 418/418/418 416/416/416
f 420/420/420 419/419/419 416/416/416
f 421/421/421 420/420/420 416/416/416
f 424/424/424 423/423/423 422/422/422
f 425/425/425 424/424/424 422/422/422
f 428/428/428 427/427/427 426/426/426
f 429/429/429 428/428/428 426/426/426
f 430/430/430 428/428/428 429/429/429
f 431/431/431 429/429/429 426/426/426
f 432/432/432 431/431/431 426/426/426
f 431/431/431 433/433/433 429/429/429
f 434/434/434 430/430/430 429/429/429
f 433/433/433 434/434/434 429/429/429
f 430/430/430 434/434/434 435/435/435
f 435/435/435 434/434/434 433/433/433
f 437/437/437 436/436/436 430/430/430
f 433/433/433 438/438/438 437/437/437
f 439/439/439 436/436/436 437/437/437
f 438/438/438 440/440/440 437/437/437
f 441/441/441 439/439/439 437/437/437
f 440/440/440 441/441/441 437/437/437
f 444/444/444 443/443/443 442/442/442
f 445/445/445 444/444/444 442/442/442
f 446/446/446 444/444/444 445/445/445
f 447/447/447 446/446/446 445/445/445
f 448/448/448 446/446/446 447/447/447
f 449/449/449 448/448/448 447/447/447
f 450/450/450 448/448/448 449/449/449
f 451/451/451 450/450/450 449/449/449
f 454/454/454 453/453/453 452/452/452
f 455/455/455 454/454/454 452/452/452
f 458/458/458 457/457/457 456/456/456
f 457/457/457 459/459/459 456/456/456
f 459/459/459 457/457/457 460/460/460
f 457/457/457 461/461/461 460/460/460
f 464/464/464 463/463/463 462/462/462
f 465/465/465 464/464/464 462/462/462
f 468/468/468 467/467/467 466/466/466
f 469/469/469 468/468/468 466/466/466
f 472/472/472 471/471/471 470/470/470
f 473/473/473 472/472/472 470/470/470
f 476/476/476 475/475/475 474/474/474
f 477/477/477 476/476/476 474/474/474
f 480/480/480 479/479/479 478/478/478
f 481/481/481 480/480/480 478/478/478
f 484/484/484 483/483/483 482/482/482
f 485/485/485 484/484/484 482/482/482
f 488/488/488 487/487/487 486/486/486
f 489/489/489 488/488/488 486/486/486
f 492/492/492 491/491/491 490/490/490
f 493/493/493 492/492/492 490/490/490
f 496/496/496 495/495/495 494/494/494
f 497/497/497 496/496/496 494/494/494
f 500/500/500 499/499/499 498/498/498
f 501/501/501 500/500/500 498/498/498
f 504/504/504 503/503/503 502/502/502
f 505/505/505 504/504/504 502/502/502
f 506/506/506 505/505/505 502/502/502
f 507/507/507 506/506/506 502/502/502
f 510/510/510 509/509/509 508/508/508
f 511/511/511 510/510/510 508/508/508
f 512/512/512 511/511/511 508/508/508
f 513/513/513 512/512/512 508/508/508
f 516/516/516 515/515/515 514/514/514
f 515/515/515 517/517/517 514/514/514
f 517/517/517 518/518/518 514/514/514
f 518/518/518 519/519/519 514/514/514
f 522/522/522 521/521/521 520/520/520
f 523/523/523 522/522/522 520/520/520
f 526/526/526 525/525/525 524/524/524
f 525/525/525 527/527/527 524/524/524
f 527/527/527 525/525/525 528/528/528
f 525/525/525 529/529/529 528/528/528
f 532/532/532 531/531/531 530/530/530
f 533/533/533 532/532/532 530/530/530
f 532/532/532 533/533/533 534/534/534
f 535/535/535 532/532/532 534/534/534
f 538/538/538 537/537/537 536/536/536
f 539/539/539 538/538/538 536/536/536
f 540/540/540 539/539/539 536/536/536
f 541/541/541 540/540/540 536/536/536
f 544/544/544 543/543/543 542/542/542
f 545/545/545 544/544/544 542/542/542
f 545/545/545 546/546/546 544/544/544
f 546/546/546 547/547/547 544/544/544
f 546/546/546 548/548/548 547/547/547
f 548/548/548 549/549/549 547/547/547
f 552/552/552 551/551/551 550/550/550
f 553/553/553 552/552/552 550/550/550
f 554/554/554 553/553/553 550/550/550
f 555/555/555 554/554/554 550/550/550
f 558/558/558 557/557/557 556/556/556
f 559/559/559 558/558/558 556/556/556
f 558/558/558 559/559/559 560/560/560
f 561/561/561 558/558/558 560/560/560
f 564/564/564 563/563/563 562/562/562
f 563/563/563 565/565/565 562/562/562
f 565/565/565 566/566/566 562/562/562
f 566/566/566 567/567/567 562/562/562
f 570/570/570 569/569/569 568/568/568
f 571/571/571 570/570/570 568/568/568
f 572/572/572 571/571/571 568/568/568
f 573/573/573 572/572/572 568/568/568
f 576/576/576 575/575/575 574/574/574
f 575/575/575 577/577/577 574/574/574
f 577/577/577 578/578/578 574/574/574
f 578/578/578 579/579/579 574/574/574
f 582/582/582 581/581/581 580/580/580
f 581/581/581 583/583/583 580/580/580
f 583/583/583 581/581/581 584/584/584
f 581/581/581 585/585/585 584/584/584
f 588/588/588 587/587/587 586/586/586
f 589/589/589 588/588/588 586/586/586
f 588/588/588 589/589/589 590/590/590
f 591/591/591 588/588/588 590/590/590
f 594/594/594 593/593/593 592/592/592
f 595/595/595 594/594/594 592/592/592
f 596/596/596 595/595/595 592/592/592
f 597/597/597 596/596/596 592/592/592
f 600/600/600 599/599/599 598/598/598
f 601/601/601 600/600/600 598/598/598
f 601/601/601 602/602/602 600/600/600
f 602/602/602 603/603/603 600/600/600
f 602/602/602 604/604/604 603/603/603
f 604/604/604 605/605/605 603/603/603
f 608/608/608 607/607/607 606/606/606
f 609/609/609 608/608/608 606/606/606
f 610/610/610 609/609/609 606/606/606
f 611/611/611 610/610/610 606/606/606
f 614/614/614 613/613/613 612/612/612
f 615/615/615 614/614/614 612/612/612
f 614/614/614 615/615/615 616/616/616
f 617/617/617 614/614/614 616/616/616
f 620/620/620 619/619/619 618/618/618
f 619/619/619 621/621/621 618/618/618
f 621/621/621 622/622/622 618/618/618
f 622/622/622 623/623/623 618/618/618
f 626/626/626 625/625/625 624/624/624
f 627/627/627 626/626/626 624/624/624
f 628/628/628 627/627/627 624/624/624
f 629/629/629 628/628/628 624/624/624
f 632/632/632 631/631/631 630/630/630
f 631/631/631 633/633/633 630/630/630
f 633/633/633 634/634/634 630/630/630
f 634/634/634 635/635/635 630/630/630
f 638/638/638 637/637/637 636/636/636
f 637/637/637 639/639/639 636/636/636
f 639/639/639 637/637/637 640/640/640
f 637/637/637 641/641/641 640/640/640
f 644/644/644 643/643/643 642/642/642
f 645/645/645 644/644/644 642/642/642
f 644/644/644 645/645/645 646/646/646
f 647/647/647 644/644/644 646/646/646
f 650/650/650 649/649/649 648/648/648
f 651/651/651 650/650/650 648/648/648
f 652/652/652 651/651/651 648/648/648
f 653/653/653 652/652/652 648/648/648
f 656/656/656 655/655/655 654/654/654
f 657/657/657 656/656/656 654/654/654
f 657/657/657 658/658/658 656/656/656
f 658/658/658 659/659/659 656/656/656
f 658/658/658 660/660/660 659/659/659
f 660/660/660 661/661/661 659/659/659
f 664/664/664 663/663/663 662/662/662
f 665/665/665 664/664/664 662/662/662
f 666/666/666 665/665/665 662/662/662
f 667/667/667 666/666/666 662/662/662
f 670/670/670 669/669/669 668/668/668
f 671/671/671 670/670/670 668/668/668
f 670/670/670 671/671/671 672/672/672
f 673/673/673 670/670/670 672/672/672
f 676/676/676 675/675/675 674/674/674
f 675/675/675 677/677/677 674/674/674
f 677/677/677 678/678/678 674/674/674
f 678/678/678 679/679/679 674/674/674
f 682/682/682 681/681/681 680/680/680
f 683/683/683 682/682/682 680/680/680
f 684/684/684 683/683/683 680/680/680
f 685/685/685 684/684/684 680/680/680
f 688/688/688 687/687/687 686/686/686
f 687/687/687 689/689/689 686/686/686
f 689/689/689 690/690/690 686/686/686
f 690/690/690 691/691/691 686/686/686
f 694/694/694 693/693/693 692/692/692
f 693/693/693 695/695/695 692/692/692
f 695/695/695 693/693/693 696/696/696
f 693/693/693 697/697/697 696/696/696
f 700/700/700 699/699/699 698/698/698
f 701/701/701 700/700/700 698/698/698
f 700/700/700 701/701/701 702/702/702
f 703/703/703 700/700/700 702/702/702
f 706/706/706 705/705/705 704/704/704
f 707/707/707 706/706/706 704/704/704
f 708/708/708 707/707/707 704/704/704
f 709/709/709 708/708/708 704/704/704
f 712/712/712 711/711/711 710/710/710
f 713/713/713 712/712/712 710/710/710
f 713/713/713 714/714/714 712/712/712
f 714/714/714 715/715/715 712/712/712
f 714/714/714 716/716/716 715/715/715
f 716/716/716 717/717/717 715/715/715
f 720/720/720 719/719/719 718/718/718
f 721/721/721 720/720/720 718/718/718
f 722/722/722 721/721/721 718/718/718
f 723/723/723 722/722/722 718/718/718
f 726/726/726 725/725/725 724/724/724
f 727/727/727 726/726/726 724/724/724
f 726/726/726 727/727/727 728/728/728
f 729/729/729 726/726/726 728/728/728
f 732/732/732 731/731/731 730/730/730
f 731/731/731 733/733/733 730/730/730
f 733/733/733 734/734/734 730/730/730
f 734/734/734 735/735/735 730/730/730
f 738/738/738 737/737/737 736/736/736
f 739/739/739 738/738/738 736/736/736
f 740/740/740 739/739/739 736/736/736
f 741/741/741 740/740/740 736/736/736
f 744/744/744 743/743/743 742/742/742
f 743/743/743 745/745/745 742/742/742
f 745/745/745 746/746/746 742/742/742
f 746/746/746 747/747/747 742/742/742
f 750/750/750 749/749/749 748/748/748
f 751/751/751 750/750/750 748/748/748
f 754/754/754 753/753/753 752/752/752
f 755/755/755 754/754/754 752/752/752
f 758/758/758 757/757/757 756/756/756
f 759/759/759 758/758/758 756/756/756
f 762/762/762 761/761/761 760/760/760
f 763/763/763 762/762/762 760/760/760
f 766/766/766 765/765/765 764/764/764
f 767/767/767 766/766/766 764/764/764
f 770/770/770 769/769/769 768/768/768
f 771/771/771 770/770/770 768/768/768
f 774/774/774 773/773/773 772/772/772
f 775/775/775 774/774/774 772/772/772
f 778/778/778 777/777/777 776/776/776
f 779/779/779 778/778/778 776/776/776
f 782/782/782 781/781/781 780/780/780
f 783/783/783 782/782/782 780/780/780
f 786/786/786 785/785/785 784/784/784
f 787/787/787 786/786/786 784/784/784
f 790/790/790 789/789/789 788/788/788
f 791/791/791 790/790/790 788/788/788
f 794/794/794 793/793/793 792/792/792
f 793/793/793 795/795/795 792/792/792
f 792/792/792 795/795/795 796/796/796
f 795/795/795 797/797/797 796/796/796
f 800/800/800 799/799/799 798/798/798
f 801/801/801 800/800/800 798/798/798
f 804/804/804 803/803/803 802/802/802
f 805/805/805 804/804/804 802/802/802
f 806/806/806 804/804/804 805/805/805
f 807/807/807 806/806/806 805/805/805
f 808/808/808 806/806/806 807/807/807
f 809/809/809 808/808/808 807/807/807
f 810/810/810 808/808/808 809/809/809
f 811/811/811 810/810/810 809/809/809
f 814/814/814 813/813/813 812/812/812
f 815/815/815 814/814/814 812/812/812
f 818/818/818 817/817/817 816/816/816
f 819/819/819 818/818/818 816/816/816
f 820/820/820 818/818/818 819/819/819
f 821/821/821 820/820/820 819/819/819
f 824/824/824 823/823/823 822/822/822
f 825/825/825 824/824/824 822/822/822
f 828/828/828 827/827/827 826/826/826
f 829/829/829 828/828/828 826/826/826
f 832/832/832 831/831/831 830/830/830
f 833/833/833 832/832/832 830/830/830
f 836/836/836 835/835/835 834/834/834
f 837/837/837 836/836/836 834/834/834
f 840/840/840 839/839/839 838/838/838
f 841/841/841 840/840/840 838/838/838
f 844/844/844 843/843/843 842/842/842
f 845/845/845 844/844/844 842/842/842
f 848/848/848 847/847/847 846/846/846
f 849/849/849 848/848/848 846/846/846
f 849/849/849 846/846/846 850/850/850
f 851/851/851 849/849/849 850/850/850
f 850/850/850 852/852/852 851/851/851
f 852/852/852 853/853/853 851/851/851
f 852/852/852 854/854/854 853/853/853
f 854/854/854 855/855/855 853/853/853
f 858/858/858 857/857/857 856/856/856
f 859/859/859 858/858/858 856/856/856
f 862/862/862 861/861/861 860/860/860
f 863/863/863 862/862/862 860/860/860
f 866/866/866 865/865/865 864/864/864
f 867/867/867 866/866/866 864/864/864
f 870/870/870 869/869/869 868/868/868
f 871/871/871 870/870/870 868/868/868
f 874/874/874 873/873/873 872/872/872
f 875/875/875 874/874/874 872/872/872
f 875/875/875 872/872/872 876/876/876
f 877/877/877 875/875/875 876/876/876
f 880/880/880 879/879/879 878/878/878
f 881/881/881 880/880/880 878/878/878
f 884/884/884 883/883/883 882/882/882
f 885/885/885 884/884/884 882/882/882
f 888/888/888 887/887/887 886/886/886
f 889/889/889 888/888/888 886/886/886
f 892/892/892 891/891/891 890/890/890
f 891/891/891 893/893/893 890/890/890
f 891/891/891 894/894/894 893/893/893
f 894/894/894 895/895/895 893/893/893
f 894/894/894 896/896/896 895/895/895
f 896/896/896 897/897/897 895/895/895
f 900/900/900 899/899/899 898/898/898
f 899/899/899 901/901/901 898/898/898
f 899/899/899 902/902/902 901/901/901
f 902/902/902 903/903/903 901/901/901
f 906/906/906 905/905/905 904/904/904
f 907/907/907 906/906/906 904/904/904
f 910/910/910 909/909/909 908/908/908
f 911/911/911 910/910/910 908/908/908
f 914/914/914 913/913/913 912/912/912
f 915/915/915 914/914/914 912/912/912
f 918/918/918 917/917/917 916/916/916
f 917/917/917 919/919/919 916/916/916
f 917/917/917 920/920/920 919/919/919
f 920/920/920 921/921/921 919/919/919
f 924/924/924 923/923/923 922/922/922
f 925/925/925 924/924/924 922/922/922
f 928/928/928 927/927/927 926/926/926
f 929/929/929 928/928/928 926/926/926
f 932/932/932 931/931/931 930/930/930
f 933/933/933 932/932/932 930/930/930
f 936/936/936 935/935/935 934/934/934
f 937/937/937 936/936/936 934/934/934
f 940/940/940 939/939/939 938/938/938
f 941/941/941 940/940/940 938/938/938
f 944/944/944 943/943/943 942/942/942
f 945/945/945 944/944/944 942/942/942
f 948/948/948 947/947/947 946/946/946
f 949/949/949 948/948/948 946/946/946
f 952/952/952 951/951/951 950/950/950
f 953/953/953 952/952/952 950/950/950
f 956/956/956 955/955/955 954/954/954
f 957/957/957 956/956/956 954/954/954
f 960/960/960 959/959/959 958/958/958
f 961/961/961 960/960/960 958/958/958
f 964/964/964 963/963/963 962/962/962
f 965/965/965 964/964/964 962/962/962
f 968/968/968 967/967/967 966/966/966
f 969/969/969 968/968/968 966/966/966
f 972/972/972 971/971/971 970/970/970
f 973/973/973 972/972/972 970/970/970
f 976/976/976 975/975/975 974/974/974
f 977/977/977 976/976/976 974/974/974
f 980/980/980 979/979/979 978/978/978
f 979/979/979 981/981/981 978/978/978
f 979/979/979 982/982/982 981/981/981
f 982/982/982 983/983/983 981/981/981
f 982/982/982 984/984/984 983/983/983
f 984/984/984 985/985/985 983/983/983
f 984/984/984 986/986/986 985/985/985
f 986/986/986 987/987/987 985/985/985
f 990/990/990 989/989/989 988/988/988
f 991/991/991 990/990/990 988/988/988
f 994/994/994 993/993/993 992/992/992
f 995/995/995 994/994/994 992/992/992
f 994/994/994 995/995/995 996/996/996
f 997/997/997 994/994/994 996/996/996
f 1000/1000/1000 999/999/999 998/998/998
f 1001/1001/1001 1000/1000/1000 998/998/998
f 1004/1004/1004 1003/1003/1003 1002/1002/1002
f 1005/1005/1005 1004/1004/1004 1002/1002/1002
f 1008/1008/1008 1007/1007/1007 1006/1006/1006
f 1009/1009/1009 1008/1008/1008 1006/1006/1006
f 1012/1012/1012 1011/1011/1011 1010/1010/1010
f 1013/1013/1013 1012/1012/1012 1010/1010/1010
f 1016/1016/1016 1015/1015/1015 1014/1014/1014
f 1017/1017/1017 1016/1016/1016 1014/1014/1014
f 1020/1020/1020 1019/1019/1019 1018/1018/1018
f 1021/1021/1021 1020/1020/1020 1018/1018/1018
f 1024/1024/1024 1023/1023/1023 1022/1022/1022
f 1025/1025/1025 1024/1024/1024 1022/1022/1022
f 1028/1028/1028 1027/1027/1027 1026/1026/1026
f 1029/1029/1029 1028/1028/1028 1026/1026/1026
f 1032/1032/1032 1031/1031/1031 1030/1030/1030
f 1033/1033/1033 1032/1032/1032 1030/1030/1030
f 1036/1036/1036 1035/1035/1035 1034/1034/1034
f 1037/1037/1037 1036/1036/1036 1034/1034/1034
f 1040/1040/1040 1039/1039/1039 1038/1038/1038
f 1041/1041/1041 1040/1040/1040 1038/1038/1038
f 1044/1044/1044 1043/1043/1043 1042/1042/1042
f 1043/1043/1043 1045/1045/1045 1042/1042/1042
f 1046/1046/1046 1045/1045/1045 1043/1043/1043
f 1047/1047/1047 1046/1046/1046 1043/1043/1043
f 1048/1048/1048 1046/1046/1046 1047/1047/1047
f 1049/1049/1049 1048/1048/1048 1047/1047/1047
f 1052/1052/1052 1051/1051/1051 1050/1050/1050
f 1051/1051/1051 1053/1053/1053 1050/1050/1050
f 1054/1054/1054 1053/1053/1053 1051/1051/1051
f 1055/1055/1055 1054/1054/1054 1051/1051/1051
f 1056/1056/1056 1054/1054/1054 1055/1055/1055
f 1057/1057/1057 1056/1056/1056 1055/1055/1055
f 1060/1060/1060 1059/1059/1059 1058/1058/1058
f 1059/1059/1059 1061/1061/1061 1058/1058/1058
f 1062/1062/1062 1061/1061/1061 1059/1059/1059
f 1063/1063/1063 1062/1062/1062 1059/1059/1059
f 1064/1064/1064 1062/1062/1062 1063/1063/1063
f 1065/1065/1065 1064/1064/1064 1063/1063/1063
f 1068/1068/1068 1067/1067/1067 1066/1066/1066
f 1067/1067/1067 1069/1069/1069 1066/1066/1066
f 1070/1070/1070 1069/1069/1069 1067/1067/1067
f 1071/1071/1071 1070/1070/1070 1067/1067/1067
f 1072/1072/1072 1070/1070/1070 1071/1071/1071
f 1073/1073/1073 1072/1072/1072 1071/1071/1071
f 1076/1076/1076 1075/1075/1075 1074/1074/1074
f 1077/1077/1077 1076/1076/1076 1074/1074/1074
f 1080/1080/1080 1079/1079/1079 1078/1078/1078
f 1081/1081/1081 1080/1080/1080 1078/1078/1078
f 1084/1084/1084 1083/1083/1083 1082/1082/1082
f 1085/1085/1085 1084/1084/1084 1082/1082/1082
f 1088/1088/1088 1087/1087/1087 1086/1086/1086
f 1089/1089/1089 1088/1088/1088 1086/1086/1086
f 1092/1092/1092 1091/1091/1091 1090/1090/1090
f 1093/1093/1093 1092/1092/1092 1090/1090/1090
f 1096/1096/1096 1095/1095/1095 1094/1094/1094
f 1097/1097/1097 1096/1096/1096 1094/1094/1094
f 1100/1100/1100 1099/1099/1099 1098/1098/1098
f 1101/1101/1101 1100/1100/1100 1098/1098/1098
f 1104/1104/1104 1103/1103/1103 1102/1102/1102
f 1105/1105/1105 1104/1104/1104 1102/1102/1102
f 1108/1108/1108 1107/1107/1107 1106/1106/1106
f 1109/1109/1109 1108/1108/1108 1106/1106/1106
f 1112/1112/1112 1111/1111/1111 1110/1110/1110
f 1113/1113/1113 1112/1112/1112 1110/1110/1110